origin_date,target,target_end_date,horizon,location,output_type,output_type_id,value
2026-08-26,ILI incidence,2026-08-23,1,BE,median,,67.3422643249382
2026-08-26,ILI incidence,2026-08-23,1,BE,quantile,0.01,0
2026-08-26,ILI incidence,2026-08-23,1,BE,quantile,0.025,0
2026-08-26,ILI incidence,2026-08-23,1,BE,quantile,0.05,0
2026-08-26,ILI incidence,2026-08-23,1,BE,quantile,0.1,0
2026-08-26,ILI incidence,2026-08-23,1,BE,quantile,0.15,0
2026-08-26,ILI incidence,2026-08-23,1,BE,quantile,0.2,0
2026-08-26,ILI incidence,2026-08-23,1,BE,quantile,0.25,5.22869592491378
2026-08-26,ILI incidence,2026-08-23,1,BE,quantile,0.3,19.8702888484336
2026-08-26,ILI incidence,2026-08-23,1,BE,quantile,0.35,31.5978747013728
2026-08-26,ILI incidence,2026-08-23,1,BE,quantile,0.4,44.6428866836716
2026-08-26,ILI incidence,2026-08-23,1,BE,quantile,0.45,55.8217720000417
2026-08-26,ILI incidence,2026-08-23,1,BE,quantile,0.5,67.5099012436774
2026-08-26,ILI incidence,2026-08-23,1,BE,quantile,0.55,79.2009783590041
2026-08-26,ILI incidence,2026-08-23,1,BE,quantile,0.6,91.655345626919
2026-08-26,ILI incidence,2026-08-23,1,BE,quantile,0.65,104.945981320723
2026-08-26,ILI incidence,2026-08-23,1,BE,quantile,0.7,117.770997630899
2026-08-26,ILI incidence,2026-08-23,1,BE,quantile,0.75,132.880068022064
2026-08-26,ILI incidence,2026-08-23,1,BE,quantile,0.8,149.042879029367
2026-08-26,ILI incidence,2026-08-23,1,BE,quantile,0.85,166.585264795443
2026-08-26,ILI incidence,2026-08-23,1,BE,quantile,0.9,188.750304917159
2026-08-26,ILI incidence,2026-08-23,1,BE,quantile,0.95,222.12333418107
2026-08-26,ILI incidence,2026-08-23,1,BE,quantile,0.975,250.346532290545
2026-08-26,ILI incidence,2026-08-23,1,BE,quantile,0.99,284.824996136568
2026-08-26,ILI incidence,2026-08-30,2,BE,median,,92.0016646359596
2026-08-26,ILI incidence,2026-08-30,2,BE,quantile,0.01,0
2026-08-26,ILI incidence,2026-08-30,2,BE,quantile,0.025,0
2026-08-26,ILI incidence,2026-08-30,2,BE,quantile,0.05,0
2026-08-26,ILI incidence,2026-08-30,2,BE,quantile,0.1,0
2026-08-26,ILI incidence,2026-08-30,2,BE,quantile,0.15,0
2026-08-26,ILI incidence,2026-08-30,2,BE,quantile,0.2,0
2026-08-26,ILI incidence,2026-08-30,2,BE,quantile,0.25,0
2026-08-26,ILI incidence,2026-08-30,2,BE,quantile,0.3,19.2149093296075
2026-08-26,ILI incidence,2026-08-30,2,BE,quantile,0.35,38.0894557512925
2026-08-26,ILI incidence,2026-08-30,2,BE,quantile,0.4,56.3694194100952
2026-08-26,ILI incidence,2026-08-30,2,BE,quantile,0.45,74.898581982873
2026-08-26,ILI incidence,2026-08-30,2,BE,quantile,0.5,93.4772432270552
2026-08-26,ILI incidence,2026-08-30,2,BE,quantile,0.55,112.335883651753
2026-08-26,ILI incidence,2026-08-30,2,BE,quantile,0.6,130.837168432652
2026-08-26,ILI incidence,2026-08-30,2,BE,quantile,0.65,147.657700702978
2026-08-26,ILI incidence,2026-08-30,2,BE,quantile,0.7,167.255922158017
2026-08-26,ILI incidence,2026-08-30,2,BE,quantile,0.75,188.183479579987
2026-08-26,ILI incidence,2026-08-30,2,BE,quantile,0.8,211.15449401064
2026-08-26,ILI incidence,2026-08-30,2,BE,quantile,0.85,236.907149694482
2026-08-26,ILI incidence,2026-08-30,2,BE,quantile,0.9,271.142215265594
2026-08-26,ILI incidence,2026-08-30,2,BE,quantile,0.95,320.66436472758
2026-08-26,ILI incidence,2026-08-30,2,BE,quantile,0.975,363.107633767797
2026-08-26,ILI incidence,2026-08-30,2,BE,quantile,0.99,406.270080061836
2026-08-26,ILI incidence,2026-09-06,3,BE,median,,114.167658084289
2026-08-26,ILI incidence,2026-09-06,3,BE,quantile,0.01,0
2026-08-26,ILI incidence,2026-09-06,3,BE,quantile,0.025,0
2026-08-26,ILI incidence,2026-09-06,3,BE,quantile,0.05,0
2026-08-26,ILI incidence,2026-09-06,3,BE,quantile,0.1,0
2026-08-26,ILI incidence,2026-09-06,3,BE,quantile,0.15,0
2026-08-26,ILI incidence,2026-09-06,3,BE,quantile,0.2,0
2026-08-26,ILI incidence,2026-09-06,3,BE,quantile,0.25,0
2026-08-26,ILI incidence,2026-09-06,3,BE,quantile,0.3,25.5929524467759
2026-08-26,ILI incidence,2026-09-06,3,BE,quantile,0.35,48.2717979881875
2026-08-26,ILI incidence,2026-09-06,3,BE,quantile,0.4,71.7896726659525
2026-08-26,ILI incidence,2026-09-06,3,BE,quantile,0.45,93.2568836254753
2026-08-26,ILI incidence,2026-09-06,3,BE,quantile,0.5,114.759743913152
2026-08-26,ILI incidence,2026-09-06,3,BE,quantile,0.55,136.406041550298
2026-08-26,ILI incidence,2026-09-06,3,BE,quantile,0.6,160.149695867546
2026-08-26,ILI incidence,2026-09-06,3,BE,quantile,0.65,183.450869512447
2026-08-26,ILI incidence,2026-09-06,3,BE,quantile,0.7,208.592429784853
2026-08-26,ILI incidence,2026-09-06,3,BE,quantile,0.75,235.099647526215
2026-08-26,ILI incidence,2026-09-06,3,BE,quantile,0.8,262.856586317354
2026-08-26,ILI incidence,2026-09-06,3,BE,quantile,0.85,296.620500608542
2026-08-26,ILI incidence,2026-09-06,3,BE,quantile,0.9,338.880024078165
2026-08-26,ILI incidence,2026-09-06,3,BE,quantile,0.95,400.642305615709
2026-08-26,ILI incidence,2026-09-06,3,BE,quantile,0.975,449.758749516841
2026-08-26,ILI incidence,2026-09-06,3,BE,quantile,0.99,512.874480397513
2026-08-26,ILI incidence,2026-09-13,4,BE,median,,133.405796291565
2026-08-26,ILI incidence,2026-09-13,4,BE,quantile,0.01,0
2026-08-26,ILI incidence,2026-09-13,4,BE,quantile,0.025,0
2026-08-26,ILI incidence,2026-09-13,4,BE,quantile,0.05,0
2026-08-26,ILI incidence,2026-09-13,4,BE,quantile,0.1,0
2026-08-26,ILI incidence,2026-09-13,4,BE,quantile,0.15,0
2026-08-26,ILI incidence,2026-09-13,4,BE,quantile,0.2,0
2026-08-26,ILI incidence,2026-09-13,4,BE,quantile,0.25,1.69056109148033
2026-08-26,ILI incidence,2026-09-13,4,BE,quantile,0.3,30.2763120477286
2026-08-26,ILI incidence,2026-09-13,4,BE,quantile,0.35,58.5299049985732
2026-08-26,ILI incidence,2026-09-13,4,BE,quantile,0.4,84.6440792907789
2026-08-26,ILI incidence,2026-09-13,4,BE,quantile,0.45,110.552867717351
2026-08-26,ILI incidence,2026-09-13,4,BE,quantile,0.5,136.994857667409
2026-08-26,ILI incidence,2026-09-13,4,BE,quantile,0.55,160.42851507464
2026-08-26,ILI incidence,2026-09-13,4,BE,quantile,0.6,184.776569855018
2026-08-26,ILI incidence,2026-09-13,4,BE,quantile,0.65,211.643888160177
2026-08-26,ILI incidence,2026-09-13,4,BE,quantile,0.7,240.858324241317
2026-08-26,ILI incidence,2026-09-13,4,BE,quantile,0.75,269.391958421436
2026-08-26,ILI incidence,2026-09-13,4,BE,quantile,0.8,302.043267646053
2026-08-26,ILI incidence,2026-09-13,4,BE,quantile,0.85,341.034061182441
2026-08-26,ILI incidence,2026-09-13,4,BE,quantile,0.9,387.662413722757
2026-08-26,ILI incidence,2026-09-13,4,BE,quantile,0.95,463.302469621188
2026-08-26,ILI incidence,2026-09-13,4,BE,quantile,0.975,517.507467906971
2026-08-26,ILI incidence,2026-09-13,4,BE,quantile,0.99,581.68622765312
2026-08-26,ILI incidence,2026-08-23,1,CH,median,,8.50840650303458
2026-08-26,ILI incidence,2026-08-23,1,CH,quantile,0.01,0
2026-08-26,ILI incidence,2026-08-23,1,CH,quantile,0.025,0
2026-08-26,ILI incidence,2026-08-23,1,CH,quantile,0.05,0
2026-08-26,ILI incidence,2026-08-23,1,CH,quantile,0.1,0
2026-08-26,ILI incidence,2026-08-23,1,CH,quantile,0.15,0
2026-08-26,ILI incidence,2026-08-23,1,CH,quantile,0.2,0
2026-08-26,ILI incidence,2026-08-23,1,CH,quantile,0.25,0
2026-08-26,ILI incidence,2026-08-23,1,CH,quantile,0.3,0
2026-08-26,ILI incidence,2026-08-23,1,CH,quantile,0.35,0.0159078393542016
2026-08-26,ILI incidence,2026-08-23,1,CH,quantile,0.4,2.8797570583737
2026-08-26,ILI incidence,2026-08-23,1,CH,quantile,0.45,5.68051455010758
2026-08-26,ILI incidence,2026-08-23,1,CH,quantile,0.5,8.20133222822377
2026-08-26,ILI incidence,2026-08-23,1,CH,quantile,0.55,10.9009108457579
2026-08-26,ILI incidence,2026-08-23,1,CH,quantile,0.6,13.7608178978372
2026-08-26,ILI incidence,2026-08-23,1,CH,quantile,0.65,16.598400687243
2026-08-26,ILI incidence,2026-08-23,1,CH,quantile,0.7,19.61466012095
2026-08-26,ILI incidence,2026-08-23,1,CH,quantile,0.75,22.7993451284635
2026-08-26,ILI incidence,2026-08-23,1,CH,quantile,0.8,26.3558388884776
2026-08-26,ILI incidence,2026-08-23,1,CH,quantile,0.85,30.7152613324403
2026-08-26,ILI incidence,2026-08-23,1,CH,quantile,0.9,35.8946490271642
2026-08-26,ILI incidence,2026-08-23,1,CH,quantile,0.95,43.8532562827693
2026-08-26,ILI incidence,2026-08-23,1,CH,quantile,0.975,50.8192094055952
2026-08-26,ILI incidence,2026-08-23,1,CH,quantile,0.99,58.0705149237648
2026-08-26,ILI incidence,2026-08-30,2,CH,median,,8.62271157727249
2026-08-26,ILI incidence,2026-08-30,2,CH,quantile,0.01,0
2026-08-26,ILI incidence,2026-08-30,2,CH,quantile,0.025,0
2026-08-26,ILI incidence,2026-08-30,2,CH,quantile,0.05,0
2026-08-26,ILI incidence,2026-08-30,2,CH,quantile,0.1,0
2026-08-26,ILI incidence,2026-08-30,2,CH,quantile,0.15,0
2026-08-26,ILI incidence,2026-08-30,2,CH,quantile,0.2,0
2026-08-26,ILI incidence,2026-08-30,2,CH,quantile,0.25,0
2026-08-26,ILI incidence,2026-08-30,2,CH,quantile,0.3,0
2026-08-26,ILI incidence,2026-08-30,2,CH,quantile,0.35,0
2026-08-26,ILI incidence,2026-08-30,2,CH,quantile,0.4,0
2026-08-26,ILI incidence,2026-08-30,2,CH,quantile,0.45,4.09979787114291
2026-08-26,ILI incidence,2026-08-30,2,CH,quantile,0.5,7.89171737449365
2026-08-26,ILI incidence,2026-08-30,2,CH,quantile,0.55,12.2691447994122
2026-08-26,ILI incidence,2026-08-30,2,CH,quantile,0.6,16.7072449627087
2026-08-26,ILI incidence,2026-08-30,2,CH,quantile,0.65,20.9943233747695
2026-08-26,ILI incidence,2026-08-30,2,CH,quantile,0.7,25.5837139395967
2026-08-26,ILI incidence,2026-08-30,2,CH,quantile,0.75,30.468488862914
2026-08-26,ILI incidence,2026-08-30,2,CH,quantile,0.8,35.9562324549702
2026-08-26,ILI incidence,2026-08-30,2,CH,quantile,0.85,41.8635885562757
2026-08-26,ILI incidence,2026-08-30,2,CH,quantile,0.9,49.0470644399172
2026-08-26,ILI incidence,2026-08-30,2,CH,quantile,0.95,60.0008866798643
2026-08-26,ILI incidence,2026-08-30,2,CH,quantile,0.975,69.615923039564
2026-08-26,ILI incidence,2026-08-30,2,CH,quantile,0.99,81.7126988373855
2026-08-26,ILI incidence,2026-09-06,3,CH,median,,8.64421283019161
2026-08-26,ILI incidence,2026-09-06,3,CH,quantile,0.01,0
2026-08-26,ILI incidence,2026-09-06,3,CH,quantile,0.025,0
2026-08-26,ILI incidence,2026-09-06,3,CH,quantile,0.05,0
2026-08-26,ILI incidence,2026-09-06,3,CH,quantile,0.1,0
2026-08-26,ILI incidence,2026-09-06,3,CH,quantile,0.15,0
2026-08-26,ILI incidence,2026-09-06,3,CH,quantile,0.2,0
2026-08-26,ILI incidence,2026-09-06,3,CH,quantile,0.25,0
2026-08-26,ILI incidence,2026-09-06,3,CH,quantile,0.3,0
2026-08-26,ILI incidence,2026-09-06,3,CH,quantile,0.35,0
2026-08-26,ILI incidence,2026-09-06,3,CH,quantile,0.4,0
2026-08-26,ILI incidence,2026-09-06,3,CH,quantile,0.45,3.47183579021234
2026-08-26,ILI incidence,2026-09-06,3,CH,quantile,0.5,8.90591654322733
2026-08-26,ILI incidence,2026-09-06,3,CH,quantile,0.55,14.1932823696548
2026-08-26,ILI incidence,2026-09-06,3,CH,quantile,0.6,19.2787074603199
2026-08-26,ILI incidence,2026-09-06,3,CH,quantile,0.65,24.4042417664916
2026-08-26,ILI incidence,2026-09-06,3,CH,quantile,0.7,30.2848885023906
2026-08-26,ILI incidence,2026-09-06,3,CH,quantile,0.75,36.483748152822
2026-08-26,ILI incidence,2026-09-06,3,CH,quantile,0.8,43.3036143683261
2026-08-26,ILI incidence,2026-09-06,3,CH,quantile,0.85,51.4777449362588
2026-08-26,ILI incidence,2026-09-06,3,CH,quantile,0.9,61.1801760744679
2026-08-26,ILI incidence,2026-09-06,3,CH,quantile,0.95,76.1739584317125
2026-08-26,ILI incidence,2026-09-06,3,CH,quantile,0.975,89.5364687640196
2026-08-26,ILI incidence,2026-09-06,3,CH,quantile,0.99,104.06220595313
2026-08-26,ILI incidence,2026-09-13,4,CH,median,,8.65841677702032
2026-08-26,ILI incidence,2026-09-13,4,CH,quantile,0.01,0
2026-08-26,ILI incidence,2026-09-13,4,CH,quantile,0.025,0
2026-08-26,ILI incidence,2026-09-13,4,CH,quantile,0.05,0
2026-08-26,ILI incidence,2026-09-13,4,CH,quantile,0.1,0
2026-08-26,ILI incidence,2026-09-13,4,CH,quantile,0.15,0
2026-08-26,ILI incidence,2026-09-13,4,CH,quantile,0.2,0
2026-08-26,ILI incidence,2026-09-13,4,CH,quantile,0.25,0
2026-08-26,ILI incidence,2026-09-13,4,CH,quantile,0.3,0
2026-08-26,ILI incidence,2026-09-13,4,CH,quantile,0.35,0
2026-08-26,ILI incidence,2026-09-13,4,CH,quantile,0.4,0
2026-08-26,ILI incidence,2026-09-13,4,CH,quantile,0.45,2.36783027644111
2026-08-26,ILI incidence,2026-09-13,4,CH,quantile,0.5,8.45949561437762
2026-08-26,ILI incidence,2026-09-13,4,CH,quantile,0.55,15.2853044430271
2026-08-26,ILI incidence,2026-09-13,4,CH,quantile,0.6,21.7882461932117
2026-08-26,ILI incidence,2026-09-13,4,CH,quantile,0.65,27.7854875727302
2026-08-26,ILI incidence,2026-09-13,4,CH,quantile,0.7,34.7739737152981
2026-08-26,ILI incidence,2026-09-13,4,CH,quantile,0.75,42.0658978913708
2026-08-26,ILI incidence,2026-09-13,4,CH,quantile,0.8,50.1521983176767
2026-08-26,ILI incidence,2026-09-13,4,CH,quantile,0.85,59.4051633917857
2026-08-26,ILI incidence,2026-09-13,4,CH,quantile,0.9,70.4230756478679
2026-08-26,ILI incidence,2026-09-13,4,CH,quantile,0.95,88.6973593058772
2026-08-26,ILI incidence,2026-09-13,4,CH,quantile,0.975,104.471318002606
2026-08-26,ILI incidence,2026-09-13,4,CH,quantile,0.99,124.609899133961
2026-08-26,ILI incidence,2026-08-23,1,DK,median,,63.3737445268496
2026-08-26,ILI incidence,2026-08-23,1,DK,quantile,0.01,0.766362271278246
2026-08-26,ILI incidence,2026-08-23,1,DK,quantile,0.025,10.4547343487701
2026-08-26,ILI incidence,2026-08-23,1,DK,quantile,0.05,20.0593087822791
2026-08-26,ILI incidence,2026-08-23,1,DK,quantile,0.1,29.9348939482913
2026-08-26,ILI incidence,2026-08-23,1,DK,quantile,0.15,36.3667545325335
2026-08-26,ILI incidence,2026-08-23,1,DK,quantile,0.2,41.1423724907004
2026-08-26,ILI incidence,2026-08-23,1,DK,quantile,0.25,45.5188514367632
2026-08-26,ILI incidence,2026-08-23,1,DK,quantile,0.3,49.4981861233837
2026-08-26,ILI incidence,2026-08-23,1,DK,quantile,0.35,53.1772913961823
2026-08-26,ILI incidence,2026-08-23,1,DK,quantile,0.4,56.6515759420426
2026-08-26,ILI incidence,2026-08-23,1,DK,quantile,0.45,59.7762375589964
2026-08-26,ILI incidence,2026-08-23,1,DK,quantile,0.5,63.177038231925
2026-08-26,ILI incidence,2026-08-23,1,DK,quantile,0.55,66.5090681206787
2026-08-26,ILI incidence,2026-08-23,1,DK,quantile,0.6,69.7779112534878
2026-08-26,ILI incidence,2026-08-23,1,DK,quantile,0.65,73.1902287679614
2026-08-26,ILI incidence,2026-08-23,1,DK,quantile,0.7,76.7798134453174
2026-08-26,ILI incidence,2026-08-23,1,DK,quantile,0.75,80.7858221239609
2026-08-26,ILI incidence,2026-08-23,1,DK,quantile,0.8,85.1290251083246
2026-08-26,ILI incidence,2026-08-23,1,DK,quantile,0.85,90.1529278034736
2026-08-26,ILI incidence,2026-08-23,1,DK,quantile,0.9,96.3535071222034
2026-08-26,ILI incidence,2026-08-23,1,DK,quantile,0.95,106.723278921791
2026-08-26,ILI incidence,2026-08-23,1,DK,quantile,0.975,114.07480232428
2026-08-26,ILI incidence,2026-08-23,1,DK,quantile,0.99,122.805509756332
2026-08-26,ILI incidence,2026-08-30,2,DK,median,,67.3302531471188
2026-08-26,ILI incidence,2026-08-30,2,DK,quantile,0.01,0
2026-08-26,ILI incidence,2026-08-30,2,DK,quantile,0.025,5.49380694098835
2026-08-26,ILI incidence,2026-08-30,2,DK,quantile,0.05,15.6870170387281
2026-08-26,ILI incidence,2026-08-30,2,DK,quantile,0.1,27.4604653568465
2026-08-26,ILI incidence,2026-08-30,2,DK,quantile,0.15,35.2361556620343
2026-08-26,ILI incidence,2026-08-30,2,DK,quantile,0.2,41.4821260645519
2026-08-26,ILI incidence,2026-08-30,2,DK,quantile,0.25,46.6185175523812
2026-08-26,ILI incidence,2026-08-30,2,DK,quantile,0.3,51.3523506255858
2026-08-26,ILI incidence,2026-08-30,2,DK,quantile,0.35,55.7224991194128
2026-08-26,ILI incidence,2026-08-30,2,DK,quantile,0.4,59.9124143007717
2026-08-26,ILI incidence,2026-08-30,2,DK,quantile,0.45,63.6777842329782
2026-08-26,ILI incidence,2026-08-30,2,DK,quantile,0.5,67.6635469230949
2026-08-26,ILI incidence,2026-08-30,2,DK,quantile,0.55,71.475484644421
2026-08-26,ILI incidence,2026-08-30,2,DK,quantile,0.6,75.330202961737
2026-08-26,ILI incidence,2026-08-30,2,DK,quantile,0.65,79.4868045218619
2026-08-26,ILI incidence,2026-08-30,2,DK,quantile,0.7,83.7962596173121
2026-08-26,ILI incidence,2026-08-30,2,DK,quantile,0.75,88.4295254086594
2026-08-26,ILI incidence,2026-08-30,2,DK,quantile,0.8,93.6643073657962
2026-08-26,ILI incidence,2026-08-30,2,DK,quantile,0.85,99.2416716752043
2026-08-26,ILI incidence,2026-08-30,2,DK,quantile,0.9,107.307795773623
2026-08-26,ILI incidence,2026-08-30,2,DK,quantile,0.95,118.376440468685
2026-08-26,ILI incidence,2026-08-30,2,DK,quantile,0.975,129.425857288189
2026-08-26,ILI incidence,2026-08-30,2,DK,quantile,0.99,140.090622704485
2026-08-26,ILI incidence,2026-09-06,3,DK,median,,73.1432988324743
2026-08-26,ILI incidence,2026-09-06,3,DK,quantile,0.01,0
2026-08-26,ILI incidence,2026-09-06,3,DK,quantile,0.025,5.03518874396465
2026-08-26,ILI incidence,2026-09-06,3,DK,quantile,0.05,15.9921564967467
2026-08-26,ILI incidence,2026-09-06,3,DK,quantile,0.1,28.6683125745889
2026-08-26,ILI incidence,2026-09-06,3,DK,quantile,0.15,36.9006837531645
2026-08-26,ILI incidence,2026-09-06,3,DK,quantile,0.2,43.7169656671267
2026-08-26,ILI incidence,2026-09-06,3,DK,quantile,0.25,49.5899975790204
2026-08-26,ILI incidence,2026-09-06,3,DK,quantile,0.3,54.4303485602673
2026-08-26,ILI incidence,2026-09-06,3,DK,quantile,0.35,59.3066049338294
2026-08-26,ILI incidence,2026-09-06,3,DK,quantile,0.4,63.8686007813485
2026-08-26,ILI incidence,2026-09-06,3,DK,quantile,0.45,68.2611672338957
2026-08-26,ILI incidence,2026-09-06,3,DK,quantile,0.5,73.0014729810936
2026-08-26,ILI incidence,2026-09-06,3,DK,quantile,0.55,77.8131667729553
2026-08-26,ILI incidence,2026-09-06,3,DK,quantile,0.6,82.5176955047557
2026-08-26,ILI incidence,2026-09-06,3,DK,quantile,0.65,87.1764295923223
2026-08-26,ILI incidence,2026-09-06,3,DK,quantile,0.7,91.9942603637614
2026-08-26,ILI incidence,2026-09-06,3,DK,quantile,0.75,97.6032000161899
2026-08-26,ILI incidence,2026-09-06,3,DK,quantile,0.8,103.285313089718
2026-08-26,ILI incidence,2026-09-06,3,DK,quantile,0.85,110.209656924921
2026-08-26,ILI incidence,2026-09-06,3,DK,quantile,0.9,118.309590757796
2026-08-26,ILI incidence,2026-09-06,3,DK,quantile,0.95,130.430777253393
2026-08-26,ILI incidence,2026-09-06,3,DK,quantile,0.975,142.042072020482
2026-08-26,ILI incidence,2026-09-06,3,DK,quantile,0.99,154.590915343765
2026-08-26,ILI incidence,2026-09-13,4,DK,median,,77.7942357224792
2026-08-26,ILI incidence,2026-09-13,4,DK,quantile,0.01,0
2026-08-26,ILI incidence,2026-09-13,4,DK,quantile,0.025,4.58615382064767
2026-08-26,ILI incidence,2026-09-13,4,DK,quantile,0.05,16.1687557031814
2026-08-26,ILI incidence,2026-09-13,4,DK,quantile,0.1,29.2637086934109
2026-08-26,ILI incidence,2026-09-13,4,DK,quantile,0.15,38.5225075030137
2026-08-26,ILI incidence,2026-09-13,4,DK,quantile,0.2,45.7531930401351
2026-08-26,ILI incidence,2026-09-13,4,DK,quantile,0.25,52.1530407957935
2026-08-26,ILI incidence,2026-09-13,4,DK,quantile,0.3,57.2518548619917
2026-08-26,ILI incidence,2026-09-13,4,DK,quantile,0.35,62.8581765257489
2026-08-26,ILI incidence,2026-09-13,4,DK,quantile,0.4,67.8075533901613
2026-08-26,ILI incidence,2026-09-13,4,DK,quantile,0.45,72.8706471990963
2026-08-26,ILI incidence,2026-09-13,4,DK,quantile,0.5,77.749558512985
2026-08-26,ILI incidence,2026-09-13,4,DK,quantile,0.55,82.4933509458304
2026-08-26,ILI incidence,2026-09-13,4,DK,quantile,0.6,87.4959702660042
2026-08-26,ILI incidence,2026-09-13,4,DK,quantile,0.65,92.1731774817832
2026-08-26,ILI incidence,2026-09-13,4,DK,quantile,0.7,97.4445607494194
2026-08-26,ILI incidence,2026-09-13,4,DK,quantile,0.75,102.919348062716
2026-08-26,ILI incidence,2026-09-13,4,DK,quantile,0.8,109.057808512195
2026-08-26,ILI incidence,2026-09-13,4,DK,quantile,0.85,117.03590737678
2026-08-26,ILI incidence,2026-09-13,4,DK,quantile,0.9,126.837560742847
2026-08-26,ILI incidence,2026-09-13,4,DK,quantile,0.95,140.709113526057
2026-08-26,ILI incidence,2026-09-13,4,DK,quantile,0.975,153.804364043547
2026-08-26,ILI incidence,2026-09-13,4,DK,quantile,0.99,168.37207054557
2026-08-26,ILI incidence,2026-08-23,1,EE,median,,44.3215071528101
2026-08-26,ILI incidence,2026-08-23,1,EE,quantile,0.01,0
2026-08-26,ILI incidence,2026-08-23,1,EE,quantile,0.025,0
2026-08-26,ILI incidence,2026-08-23,1,EE,quantile,0.05,0
2026-08-26,ILI incidence,2026-08-23,1,EE,quantile,0.1,0
2026-08-26,ILI incidence,2026-08-23,1,EE,quantile,0.15,0
2026-08-26,ILI incidence,2026-08-23,1,EE,quantile,0.2,0
2026-08-26,ILI incidence,2026-08-23,1,EE,quantile,0.25,0
2026-08-26,ILI incidence,2026-08-23,1,EE,quantile,0.3,4.18609277465242
2026-08-26,ILI incidence,2026-08-23,1,EE,quantile,0.35,14.1504337661646
2026-08-26,ILI incidence,2026-08-23,1,EE,quantile,0.4,24.7850966914596
2026-08-26,ILI incidence,2026-08-23,1,EE,quantile,0.45,34.0127253969791
2026-08-26,ILI incidence,2026-08-23,1,EE,quantile,0.5,43.7964025138593
2026-08-26,ILI incidence,2026-08-23,1,EE,quantile,0.55,53.4333525725534
2026-08-26,ILI incidence,2026-08-23,1,EE,quantile,0.6,62.7219630499156
2026-08-26,ILI incidence,2026-08-23,1,EE,quantile,0.65,72.2856480428528
2026-08-26,ILI incidence,2026-08-23,1,EE,quantile,0.7,82.6304254782893
2026-08-26,ILI incidence,2026-08-23,1,EE,quantile,0.75,93.7691272884664
2026-08-26,ILI incidence,2026-08-23,1,EE,quantile,0.8,106.735382623818
2026-08-26,ILI incidence,2026-08-23,1,EE,quantile,0.85,121.184991426656
2026-08-26,ILI incidence,2026-08-23,1,EE,quantile,0.9,140.052267847408
2026-08-26,ILI incidence,2026-08-23,1,EE,quantile,0.95,165.220626226376
2026-08-26,ILI incidence,2026-08-23,1,EE,quantile,0.975,187.015635814314
2026-08-26,ILI incidence,2026-08-23,1,EE,quantile,0.99,213.905235476309
2026-08-26,ILI incidence,2026-08-30,2,EE,median,,54.1165417301374
2026-08-26,ILI incidence,2026-08-30,2,EE,quantile,0.01,0
2026-08-26,ILI incidence,2026-08-30,2,EE,quantile,0.025,0
2026-08-26,ILI incidence,2026-08-30,2,EE,quantile,0.05,0
2026-08-26,ILI incidence,2026-08-30,2,EE,quantile,0.1,0
2026-08-26,ILI incidence,2026-08-30,2,EE,quantile,0.15,0
2026-08-26,ILI incidence,2026-08-30,2,EE,quantile,0.2,0
2026-08-26,ILI incidence,2026-08-30,2,EE,quantile,0.25,0
2026-08-26,ILI incidence,2026-08-30,2,EE,quantile,0.3,8.78871539822897
2026-08-26,ILI incidence,2026-08-30,2,EE,quantile,0.35,19.955595355717
2026-08-26,ILI incidence,2026-08-30,2,EE,quantile,0.4,31.123324890734
2026-08-26,ILI incidence,2026-08-30,2,EE,quantile,0.45,41.687196267393
2026-08-26,ILI incidence,2026-08-30,2,EE,quantile,0.5,53.2065255997283
2026-08-26,ILI incidence,2026-08-30,2,EE,quantile,0.55,62.9786151802067
2026-08-26,ILI incidence,2026-08-30,2,EE,quantile,0.6,73.4457876587853
2026-08-26,ILI incidence,2026-08-30,2,EE,quantile,0.65,84.0971658340179
2026-08-26,ILI incidence,2026-08-30,2,EE,quantile,0.7,94.9400333919576
2026-08-26,ILI incidence,2026-08-30,2,EE,quantile,0.75,107.280699399046
2026-08-26,ILI incidence,2026-08-30,2,EE,quantile,0.8,120.946842055394
2026-08-26,ILI incidence,2026-08-30,2,EE,quantile,0.85,137.361413885246
2026-08-26,ILI incidence,2026-08-30,2,EE,quantile,0.9,158.876065136119
2026-08-26,ILI incidence,2026-08-30,2,EE,quantile,0.95,188.401469773252
2026-08-26,ILI incidence,2026-08-30,2,EE,quantile,0.975,215.329380258681
2026-08-26,ILI incidence,2026-08-30,2,EE,quantile,0.99,243.821426840018
2026-08-26,ILI incidence,2026-09-06,3,EE,median,,63.2785080285811
2026-08-26,ILI incidence,2026-09-06,3,EE,quantile,0.01,0
2026-08-26,ILI incidence,2026-09-06,3,EE,quantile,0.025,0
2026-08-26,ILI incidence,2026-09-06,3,EE,quantile,0.05,0
2026-08-26,ILI incidence,2026-09-06,3,EE,quantile,0.1,0
2026-08-26,ILI incidence,2026-09-06,3,EE,quantile,0.15,0
2026-08-26,ILI incidence,2026-09-06,3,EE,quantile,0.2,0
2026-08-26,ILI incidence,2026-09-06,3,EE,quantile,0.25,0.7740598720601
2026-08-26,ILI incidence,2026-09-06,3,EE,quantile,0.3,14.7076959010791
2026-08-26,ILI incidence,2026-09-06,3,EE,quantile,0.35,27.6145717942707
2026-08-26,ILI incidence,2026-09-06,3,EE,quantile,0.4,39.7080417228059
2026-08-26,ILI incidence,2026-09-06,3,EE,quantile,0.45,51.2962205713973
2026-08-26,ILI incidence,2026-09-06,3,EE,quantile,0.5,62.7090323662312
2026-08-26,ILI incidence,2026-09-06,3,EE,quantile,0.55,74.3195336414372
2026-08-26,ILI incidence,2026-09-06,3,EE,quantile,0.6,85.5144115970713
2026-08-26,ILI incidence,2026-09-06,3,EE,quantile,0.65,97.8001143728977
2026-08-26,ILI incidence,2026-09-06,3,EE,quantile,0.7,110.206822346241
2026-08-26,ILI incidence,2026-09-06,3,EE,quantile,0.75,123.652085856017
2026-08-26,ILI incidence,2026-09-06,3,EE,quantile,0.8,137.708658399031
2026-08-26,ILI incidence,2026-09-06,3,EE,quantile,0.85,155.61397396437
2026-08-26,ILI incidence,2026-09-06,3,EE,quantile,0.9,176.224517600377
2026-08-26,ILI incidence,2026-09-06,3,EE,quantile,0.95,210.108387715695
2026-08-26,ILI incidence,2026-09-06,3,EE,quantile,0.975,235.660658947975
2026-08-26,ILI incidence,2026-09-06,3,EE,quantile,0.99,271.769052521661
2026-08-26,ILI incidence,2026-09-13,4,EE,median,,71.848322233027
2026-08-26,ILI incidence,2026-09-13,4,EE,quantile,0.01,0
2026-08-26,ILI incidence,2026-09-13,4,EE,quantile,0.025,0
2026-08-26,ILI incidence,2026-09-13,4,EE,quantile,0.05,0
2026-08-26,ILI incidence,2026-09-13,4,EE,quantile,0.1,0
2026-08-26,ILI incidence,2026-09-13,4,EE,quantile,0.15,0
2026-08-26,ILI incidence,2026-09-13,4,EE,quantile,0.2,0
2026-08-26,ILI incidence,2026-09-13,4,EE,quantile,0.25,5.88440217778746
2026-08-26,ILI incidence,2026-09-13,4,EE,quantile,0.3,18.7917033058866
2026-08-26,ILI incidence,2026-09-13,4,EE,quantile,0.35,32.9051126778317
2026-08-26,ILI incidence,2026-09-13,4,EE,quantile,0.4,45.6134502436681
2026-08-26,ILI incidence,2026-09-13,4,EE,quantile,0.45,58.2322421366507
2026-08-26,ILI incidence,2026-09-13,4,EE,quantile,0.5,70.2568799749704
2026-08-26,ILI incidence,2026-09-13,4,EE,quantile,0.55,82.452074871727
2026-08-26,ILI incidence,2026-09-13,4,EE,quantile,0.6,94.2389384117581
2026-08-26,ILI incidence,2026-09-13,4,EE,quantile,0.65,106.784565905778
2026-08-26,ILI incidence,2026-09-13,4,EE,quantile,0.7,120.994912808477
2026-08-26,ILI incidence,2026-09-13,4,EE,quantile,0.75,134.617570874014
2026-08-26,ILI incidence,2026-09-13,4,EE,quantile,0.8,151.088420816142
2026-08-26,ILI incidence,2026-09-13,4,EE,quantile,0.85,169.990355389029
2026-08-26,ILI incidence,2026-09-13,4,EE,quantile,0.9,193.093873343925
2026-08-26,ILI incidence,2026-09-13,4,EE,quantile,0.95,228.231063198049
2026-08-26,ILI incidence,2026-09-13,4,EE,quantile,0.975,255.733866986371
2026-08-26,ILI incidence,2026-09-13,4,EE,quantile,0.99,287.645433443508
2026-08-26,ILI incidence,2026-08-23,1,ES,median,,9.00450497846122
2026-08-26,ILI incidence,2026-08-23,1,ES,quantile,0.01,0
2026-08-26,ILI incidence,2026-08-23,1,ES,quantile,0.025,0
2026-08-26,ILI incidence,2026-08-23,1,ES,quantile,0.05,0
2026-08-26,ILI incidence,2026-08-23,1,ES,quantile,0.1,0
2026-08-26,ILI incidence,2026-08-23,1,ES,quantile,0.15,0
2026-08-26,ILI incidence,2026-08-23,1,ES,quantile,0.2,1.28107161334464
2026-08-26,ILI incidence,2026-08-23,1,ES,quantile,0.25,2.75248059537741
2026-08-26,ILI incidence,2026-08-23,1,ES,quantile,0.3,4.12970190147397
2026-08-26,ILI incidence,2026-08-23,1,ES,quantile,0.35,5.40346631525324
2026-08-26,ILI incidence,2026-08-23,1,ES,quantile,0.4,6.65064056025683
2026-08-26,ILI incidence,2026-08-23,1,ES,quantile,0.45,7.81329835276219
2026-08-26,ILI incidence,2026-08-23,1,ES,quantile,0.5,9.05505610090079
2026-08-26,ILI incidence,2026-08-23,1,ES,quantile,0.55,10.2441155543956
2026-08-26,ILI incidence,2026-08-23,1,ES,quantile,0.6,11.4722879471026
2026-08-26,ILI incidence,2026-08-23,1,ES,quantile,0.65,12.6639661837766
2026-08-26,ILI incidence,2026-08-23,1,ES,quantile,0.7,13.934376291979
2026-08-26,ILI incidence,2026-08-23,1,ES,quantile,0.75,15.2777379464242
2026-08-26,ILI incidence,2026-08-23,1,ES,quantile,0.8,16.7947250773613
2026-08-26,ILI incidence,2026-08-23,1,ES,quantile,0.85,18.663104805417
2026-08-26,ILI incidence,2026-08-23,1,ES,quantile,0.9,21.001747515077
2026-08-26,ILI incidence,2026-08-23,1,ES,quantile,0.95,24.1652354650372
2026-08-26,ILI incidence,2026-08-23,1,ES,quantile,0.975,27.0506892601592
2026-08-26,ILI incidence,2026-08-23,1,ES,quantile,0.99,30.7978418998667
2026-08-26,ILI incidence,2026-08-30,2,ES,median,,11.2183863286284
2026-08-26,ILI incidence,2026-08-30,2,ES,quantile,0.01,0
2026-08-26,ILI incidence,2026-08-30,2,ES,quantile,0.025,0
2026-08-26,ILI incidence,2026-08-30,2,ES,quantile,0.05,0
2026-08-26,ILI incidence,2026-08-30,2,ES,quantile,0.1,0
2026-08-26,ILI incidence,2026-08-30,2,ES,quantile,0.15,0
2026-08-26,ILI incidence,2026-08-30,2,ES,quantile,0.2,0
2026-08-26,ILI incidence,2026-08-30,2,ES,quantile,0.25,0.0240850330792073
2026-08-26,ILI incidence,2026-08-30,2,ES,quantile,0.3,2.53694845219623
2026-08-26,ILI incidence,2026-08-30,2,ES,quantile,0.35,4.87172406648394
2026-08-26,ILI incidence,2026-08-30,2,ES,quantile,0.4,7.06952771919483
2026-08-26,ILI incidence,2026-08-30,2,ES,quantile,0.45,9.10858758976096
2026-08-26,ILI incidence,2026-08-30,2,ES,quantile,0.5,11.043818415491
2026-08-26,ILI incidence,2026-08-30,2,ES,quantile,0.55,13.0175801767504
2026-08-26,ILI incidence,2026-08-30,2,ES,quantile,0.6,15.1471901337773
2026-08-26,ILI incidence,2026-08-30,2,ES,quantile,0.65,17.3741279859918
2026-08-26,ILI incidence,2026-08-30,2,ES,quantile,0.7,19.5823042211233
2026-08-26,ILI incidence,2026-08-30,2,ES,quantile,0.75,22.2696547842333
2026-08-26,ILI incidence,2026-08-30,2,ES,quantile,0.8,25.0963476171143
2026-08-26,ILI incidence,2026-08-30,2,ES,quantile,0.85,28.4408633667463
2026-08-26,ILI incidence,2026-08-30,2,ES,quantile,0.9,32.2410508635706
2026-08-26,ILI incidence,2026-08-30,2,ES,quantile,0.95,38.0575069600284
2026-08-26,ILI incidence,2026-08-30,2,ES,quantile,0.975,42.8089245957249
2026-08-26,ILI incidence,2026-08-30,2,ES,quantile,0.99,48.787140912387
2026-08-26,ILI incidence,2026-09-06,3,ES,median,,12.895413439131
2026-08-26,ILI incidence,2026-09-06,3,ES,quantile,0.01,0
2026-08-26,ILI incidence,2026-09-06,3,ES,quantile,0.025,0
2026-08-26,ILI incidence,2026-09-06,3,ES,quantile,0.05,0
2026-08-26,ILI incidence,2026-09-06,3,ES,quantile,0.1,0
2026-08-26,ILI incidence,2026-09-06,3,ES,quantile,0.15,0
2026-08-26,ILI incidence,2026-09-06,3,ES,quantile,0.2,0
2026-08-26,ILI incidence,2026-09-06,3,ES,quantile,0.25,0
2026-08-26,ILI incidence,2026-09-06,3,ES,quantile,0.3,0.726406938490998
2026-08-26,ILI incidence,2026-09-06,3,ES,quantile,0.35,3.6712462778764
2026-08-26,ILI incidence,2026-09-06,3,ES,quantile,0.4,6.99810070153758
2026-08-26,ILI incidence,2026-09-06,3,ES,quantile,0.45,9.72962130616808
2026-08-26,ILI incidence,2026-09-06,3,ES,quantile,0.5,12.6044730113406
2026-08-26,ILI incidence,2026-09-06,3,ES,quantile,0.55,15.4656202971738
2026-08-26,ILI incidence,2026-09-06,3,ES,quantile,0.6,18.4388375482082
2026-08-26,ILI incidence,2026-09-06,3,ES,quantile,0.65,21.4203938185059
2026-08-26,ILI incidence,2026-09-06,3,ES,quantile,0.7,24.6280891929453
2026-08-26,ILI incidence,2026-09-06,3,ES,quantile,0.75,28.2044283481728
2026-08-26,ILI incidence,2026-09-06,3,ES,quantile,0.8,32.0223691983362
2026-08-26,ILI incidence,2026-09-06,3,ES,quantile,0.85,36.403754586684
2026-08-26,ILI incidence,2026-09-06,3,ES,quantile,0.9,42.2410342915462
2026-08-26,ILI incidence,2026-09-06,3,ES,quantile,0.95,50.7909803164914
2026-08-26,ILI incidence,2026-09-06,3,ES,quantile,0.975,57.5581338502153
2026-08-26,ILI incidence,2026-09-06,3,ES,quantile,0.99,65.5302763295682
2026-08-26,ILI incidence,2026-09-13,4,ES,median,,14.2603901818465
2026-08-26,ILI incidence,2026-09-13,4,ES,quantile,0.01,0
2026-08-26,ILI incidence,2026-09-13,4,ES,quantile,0.025,0
2026-08-26,ILI incidence,2026-09-13,4,ES,quantile,0.05,0
2026-08-26,ILI incidence,2026-09-13,4,ES,quantile,0.1,0
2026-08-26,ILI incidence,2026-09-13,4,ES,quantile,0.15,0
2026-08-26,ILI incidence,2026-09-13,4,ES,quantile,0.2,0
2026-08-26,ILI incidence,2026-09-13,4,ES,quantile,0.25,0
2026-08-26,ILI incidence,2026-09-13,4,ES,quantile,0.3,0.212805948693078
2026-08-26,ILI incidence,2026-09-13,4,ES,quantile,0.35,4.06305958923719
2026-08-26,ILI incidence,2026-09-13,4,ES,quantile,0.4,7.42650131215778
2026-08-26,ILI incidence,2026-09-13,4,ES,quantile,0.45,10.9459439196283
2026-08-26,ILI incidence,2026-09-13,4,ES,quantile,0.5,14.2564938915794
2026-08-26,ILI incidence,2026-09-13,4,ES,quantile,0.55,17.3208363152875
2026-08-26,ILI incidence,2026-09-13,4,ES,quantile,0.6,20.5912850937124
2026-08-26,ILI incidence,2026-09-13,4,ES,quantile,0.65,24.1101663857757
2026-08-26,ILI incidence,2026-09-13,4,ES,quantile,0.7,27.8598694235773
2026-08-26,ILI incidence,2026-09-13,4,ES,quantile,0.75,31.5222058018122
2026-08-26,ILI incidence,2026-09-13,4,ES,quantile,0.8,36.0569281398168
2026-08-26,ILI incidence,2026-09-13,4,ES,quantile,0.85,41.3188156987751
2026-08-26,ILI incidence,2026-09-13,4,ES,quantile,0.9,47.8046852507266
2026-08-26,ILI incidence,2026-09-13,4,ES,quantile,0.95,57.4846865498835
2026-08-26,ILI incidence,2026-09-13,4,ES,quantile,0.975,65.3529927331618
2026-08-26,ILI incidence,2026-09-13,4,ES,quantile,0.99,74.0692674626916
2026-08-26,ILI incidence,2026-08-23,1,GB-WLS,median,,1.57736344359933
2026-08-26,ILI incidence,2026-08-23,1,GB-WLS,quantile,0.01,0
2026-08-26,ILI incidence,2026-08-23,1,GB-WLS,quantile,0.025,0
2026-08-26,ILI incidence,2026-08-23,1,GB-WLS,quantile,0.05,0
2026-08-26,ILI incidence,2026-08-23,1,GB-WLS,quantile,0.1,0
2026-08-26,ILI incidence,2026-08-23,1,GB-WLS,quantile,0.15,0
2026-08-26,ILI incidence,2026-08-23,1,GB-WLS,quantile,0.2,0
2026-08-26,ILI incidence,2026-08-23,1,GB-WLS,quantile,0.25,0
2026-08-26,ILI incidence,2026-08-23,1,GB-WLS,quantile,0.3,0.267093041733506
2026-08-26,ILI incidence,2026-08-23,1,GB-WLS,quantile,0.35,0.610329215769155
2026-08-26,ILI incidence,2026-08-23,1,GB-WLS,quantile,0.4,0.931573611119096
2026-08-26,ILI incidence,2026-08-23,1,GB-WLS,quantile,0.45,1.23539425383208
2026-08-26,ILI incidence,2026-08-23,1,GB-WLS,quantile,0.5,1.55178542468427
2026-08-26,ILI incidence,2026-08-23,1,GB-WLS,quantile,0.55,1.85722022657119
2026-08-26,ILI incidence,2026-08-23,1,GB-WLS,quantile,0.6,2.16473284708124
2026-08-26,ILI incidence,2026-08-23,1,GB-WLS,quantile,0.65,2.52902420299346
2026-08-26,ILI incidence,2026-08-23,1,GB-WLS,quantile,0.7,2.90334852506132
2026-08-26,ILI incidence,2026-08-23,1,GB-WLS,quantile,0.75,3.26997386234523
2026-08-26,ILI incidence,2026-08-23,1,GB-WLS,quantile,0.8,3.68292106713175
2026-08-26,ILI incidence,2026-08-23,1,GB-WLS,quantile,0.85,4.19857943855208
2026-08-26,ILI incidence,2026-08-23,1,GB-WLS,quantile,0.9,4.83878326914985
2026-08-26,ILI incidence,2026-08-23,1,GB-WLS,quantile,0.95,5.78612104000263
2026-08-26,ILI incidence,2026-08-23,1,GB-WLS,quantile,0.975,6.51325566652339
2026-08-26,ILI incidence,2026-08-23,1,GB-WLS,quantile,0.99,7.36584739244611
2026-08-26,ILI incidence,2026-08-30,2,GB-WLS,median,,1.81140609968827
2026-08-26,ILI incidence,2026-08-30,2,GB-WLS,quantile,0.01,0
2026-08-26,ILI incidence,2026-08-30,2,GB-WLS,quantile,0.025,0
2026-08-26,ILI incidence,2026-08-30,2,GB-WLS,quantile,0.05,0
2026-08-26,ILI incidence,2026-08-30,2,GB-WLS,quantile,0.1,0
2026-08-26,ILI incidence,2026-08-30,2,GB-WLS,quantile,0.15,0
2026-08-26,ILI incidence,2026-08-30,2,GB-WLS,quantile,0.2,0
2026-08-26,ILI incidence,2026-08-30,2,GB-WLS,quantile,0.25,0
2026-08-26,ILI incidence,2026-08-30,2,GB-WLS,quantile,0.3,0.152191504736699
2026-08-26,ILI incidence,2026-08-30,2,GB-WLS,quantile,0.35,0.620447210028235
2026-08-26,ILI incidence,2026-08-30,2,GB-WLS,quantile,0.4,1.0256398637849
2026-08-26,ILI incidence,2026-08-30,2,GB-WLS,quantile,0.45,1.43875435720425
2026-08-26,ILI incidence,2026-08-30,2,GB-WLS,quantile,0.5,1.83377472178804
2026-08-26,ILI incidence,2026-08-30,2,GB-WLS,quantile,0.55,2.23942913338192
2026-08-26,ILI incidence,2026-08-30,2,GB-WLS,quantile,0.6,2.67417916220307
2026-08-26,ILI incidence,2026-08-30,2,GB-WLS,quantile,0.65,3.11616422487611
2026-08-26,ILI incidence,2026-08-30,2,GB-WLS,quantile,0.7,3.53066170960135
2026-08-26,ILI incidence,2026-08-30,2,GB-WLS,quantile,0.75,4.05584430169327
2026-08-26,ILI incidence,2026-08-30,2,GB-WLS,quantile,0.8,4.57134390306978
2026-08-26,ILI incidence,2026-08-30,2,GB-WLS,quantile,0.85,5.20372766730477
2026-08-26,ILI incidence,2026-08-30,2,GB-WLS,quantile,0.9,6.01377132981824
2026-08-26,ILI incidence,2026-08-30,2,GB-WLS,quantile,0.95,7.14841012090058
2026-08-26,ILI incidence,2026-08-30,2,GB-WLS,quantile,0.975,8.04023611077764
2026-08-26,ILI incidence,2026-08-30,2,GB-WLS,quantile,0.99,9.34713146919614
2026-08-26,ILI incidence,2026-09-06,3,GB-WLS,median,,2.28045691613193
2026-08-26,ILI incidence,2026-09-06,3,GB-WLS,quantile,0.01,0
2026-08-26,ILI incidence,2026-09-06,3,GB-WLS,quantile,0.025,0
2026-08-26,ILI incidence,2026-09-06,3,GB-WLS,quantile,0.05,0
2026-08-26,ILI incidence,2026-09-06,3,GB-WLS,quantile,0.1,0
2026-08-26,ILI incidence,2026-09-06,3,GB-WLS,quantile,0.15,0
2026-08-26,ILI incidence,2026-09-06,3,GB-WLS,quantile,0.2,0
2026-08-26,ILI incidence,2026-09-06,3,GB-WLS,quantile,0.25,0
2026-08-26,ILI incidence,2026-09-06,3,GB-WLS,quantile,0.3,0
2026-08-26,ILI incidence,2026-09-06,3,GB-WLS,quantile,0.35,0.58285277606097
2026-08-26,ILI incidence,2026-09-06,3,GB-WLS,quantile,0.4,1.15961122610247
2026-08-26,ILI incidence,2026-09-06,3,GB-WLS,quantile,0.45,1.69218819386957
2026-08-26,ILI incidence,2026-09-06,3,GB-WLS,quantile,0.5,2.22788754011645
2026-08-26,ILI incidence,2026-09-06,3,GB-WLS,quantile,0.55,2.80163962658975
2026-08-26,ILI incidence,2026-09-06,3,GB-WLS,quantile,0.6,3.3767682990075
2026-08-26,ILI incidence,2026-09-06,3,GB-WLS,quantile,0.65,3.92396586140372
2026-08-26,ILI incidence,2026-09-06,3,GB-WLS,quantile,0.7,4.50460132749432
2026-08-26,ILI incidence,2026-09-06,3,GB-WLS,quantile,0.75,5.19169189752183
2026-08-26,ILI incidence,2026-09-06,3,GB-WLS,quantile,0.8,5.90756688674288
2026-08-26,ILI incidence,2026-09-06,3,GB-WLS,quantile,0.85,6.66209767181614
2026-08-26,ILI incidence,2026-09-06,3,GB-WLS,quantile,0.9,7.73778192329917
2026-08-26,ILI incidence,2026-09-06,3,GB-WLS,quantile,0.95,9.24562146628117
2026-08-26,ILI incidence,2026-09-06,3,GB-WLS,quantile,0.975,10.5891259957302
2026-08-26,ILI incidence,2026-09-06,3,GB-WLS,quantile,0.99,12.2815347257686
2026-08-26,ILI incidence,2026-09-13,4,GB-WLS,median,,2.83168892334254
2026-08-26,ILI incidence,2026-09-13,4,GB-WLS,quantile,0.01,0
2026-08-26,ILI incidence,2026-09-13,4,GB-WLS,quantile,0.025,0
2026-08-26,ILI incidence,2026-09-13,4,GB-WLS,quantile,0.05,0
2026-08-26,ILI incidence,2026-09-13,4,GB-WLS,quantile,0.1,0
2026-08-26,ILI incidence,2026-09-13,4,GB-WLS,quantile,0.15,0
2026-08-26,ILI incidence,2026-09-13,4,GB-WLS,quantile,0.2,0
2026-08-26,ILI incidence,2026-09-13,4,GB-WLS,quantile,0.25,0
2026-08-26,ILI incidence,2026-09-13,4,GB-WLS,quantile,0.3,0.153283574558562
2026-08-26,ILI incidence,2026-09-13,4,GB-WLS,quantile,0.35,0.857130022373148
2026-08-26,ILI incidence,2026-09-13,4,GB-WLS,quantile,0.4,1.55625655338629
2026-08-26,ILI incidence,2026-09-13,4,GB-WLS,quantile,0.45,2.19111353004353
2026-08-26,ILI incidence,2026-09-13,4,GB-WLS,quantile,0.5,2.8246586046863
2026-08-26,ILI incidence,2026-09-13,4,GB-WLS,quantile,0.55,3.50146205994831
2026-08-26,ILI incidence,2026-09-13,4,GB-WLS,quantile,0.6,4.13593416232185
2026-08-26,ILI incidence,2026-09-13,4,GB-WLS,quantile,0.65,4.88686295619896
2026-08-26,ILI incidence,2026-09-13,4,GB-WLS,quantile,0.7,5.61315352539055
2026-08-26,ILI incidence,2026-09-13,4,GB-WLS,quantile,0.75,6.45565157246925
2026-08-26,ILI incidence,2026-09-13,4,GB-WLS,quantile,0.8,7.33256556821937
2026-08-26,ILI incidence,2026-09-13,4,GB-WLS,quantile,0.85,8.28671653276181
2026-08-26,ILI incidence,2026-09-13,4,GB-WLS,quantile,0.9,9.53760628404681
2026-08-26,ILI incidence,2026-09-13,4,GB-WLS,quantile,0.95,11.3454913707434
2026-08-26,ILI incidence,2026-09-13,4,GB-WLS,quantile,0.975,13.000483902192
2026-08-26,ILI incidence,2026-09-13,4,GB-WLS,quantile,0.99,14.9772728675133
2026-08-26,ILI incidence,2026-08-23,1,GR,median,,354.510542588932
2026-08-26,ILI incidence,2026-08-23,1,GR,quantile,0.01,0
2026-08-26,ILI incidence,2026-08-23,1,GR,quantile,0.025,21.9843814543027
2026-08-26,ILI incidence,2026-08-23,1,GR,quantile,0.05,78.7248928406607
2026-08-26,ILI incidence,2026-08-23,1,GR,quantile,0.1,137.320268801825
2026-08-26,ILI incidence,2026-08-23,1,GR,quantile,0.15,179.375643172731
2026-08-26,ILI incidence,2026-08-23,1,GR,quantile,0.2,213.030499615421
2026-08-26,ILI incidence,2026-08-23,1,GR,quantile,0.25,241.663644031154
2026-08-26,ILI incidence,2026-08-23,1,GR,quantile,0.3,265.963357468672
2026-08-26,ILI incidence,2026-08-23,1,GR,quantile,0.35,288.823913052494
2026-08-26,ILI incidence,2026-08-23,1,GR,quantile,0.4,311.599721058119
2026-08-26,ILI incidence,2026-08-23,1,GR,quantile,0.45,334.165600649244
2026-08-26,ILI incidence,2026-08-23,1,GR,quantile,0.5,355.869259325843
2026-08-26,ILI incidence,2026-08-23,1,GR,quantile,0.55,377.192334150389
2026-08-26,ILI incidence,2026-08-23,1,GR,quantile,0.6,399.569703849774
2026-08-26,ILI incidence,2026-08-23,1,GR,quantile,0.65,421.46033806594
2026-08-26,ILI incidence,2026-08-23,1,GR,quantile,0.7,444.910270879693
2026-08-26,ILI incidence,2026-08-23,1,GR,quantile,0.75,470.63284220508
2026-08-26,ILI incidence,2026-08-23,1,GR,quantile,0.8,500.958253153567
2026-08-26,ILI incidence,2026-08-23,1,GR,quantile,0.85,533.742992185638
2026-08-26,ILI incidence,2026-08-23,1,GR,quantile,0.9,574.64176569022
2026-08-26,ILI incidence,2026-08-23,1,GR,quantile,0.95,631.287161962545
2026-08-26,ILI incidence,2026-08-23,1,GR,quantile,0.975,684.100958714393
2026-08-26,ILI incidence,2026-08-23,1,GR,quantile,0.99,745.42844725684
2026-08-26,ILI incidence,2026-08-30,2,GR,median,,382.126629851477
2026-08-26,ILI incidence,2026-08-30,2,GR,quantile,0.01,0
2026-08-26,ILI incidence,2026-08-30,2,GR,quantile,0.025,0
2026-08-26,ILI incidence,2026-08-30,2,GR,quantile,0.05,1.49266893503642
2026-08-26,ILI incidence,2026-08-30,2,GR,quantile,0.1,84.9285405045951
2026-08-26,ILI incidence,2026-08-30,2,GR,quantile,0.15,140.604122725757
2026-08-26,ILI incidence,2026-08-30,2,GR,quantile,0.2,186.875350229954
2026-08-26,ILI incidence,2026-08-30,2,GR,quantile,0.25,226.770676228419
2026-08-26,ILI incidence,2026-08-30,2,GR,quantile,0.3,262.27061227786203
2026-08-26,ILI incidence,2026-08-30,2,GR,quantile,0.35,293.504743061961
2026-08-26,ILI incidence,2026-08-30,2,GR,quantile,0.4,325.904159296792
2026-08-26,ILI incidence,2026-08-30,2,GR,quantile,0.45,355.50556570177
2026-08-26,ILI incidence,2026-08-30,2,GR,quantile,0.5,384.571239631195
2026-08-26,ILI incidence,2026-08-30,2,GR,quantile,0.55,414.012331460763
2026-08-26,ILI incidence,2026-08-30,2,GR,quantile,0.6,440.253149312148
2026-08-26,ILI incidence,2026-08-30,2,GR,quantile,0.65,469.818724949799
2026-08-26,ILI incidence,2026-08-30,2,GR,quantile,0.7,502.135102906802
2026-08-26,ILI incidence,2026-08-30,2,GR,quantile,0.75,537.717689676343
2026-08-26,ILI incidence,2026-08-30,2,GR,quantile,0.8,579.079369513237
2026-08-26,ILI incidence,2026-08-30,2,GR,quantile,0.85,625.000789231184
2026-08-26,ILI incidence,2026-08-30,2,GR,quantile,0.9,685.18426921295
2026-08-26,ILI incidence,2026-08-30,2,GR,quantile,0.95,767.556783058234
2026-08-26,ILI incidence,2026-08-30,2,GR,quantile,0.975,835.729809906498
2026-08-26,ILI incidence,2026-08-30,2,GR,quantile,0.99,923.562546997944
2026-08-26,ILI incidence,2026-09-06,3,GR,median,,407.122851189381
2026-08-26,ILI incidence,2026-09-06,3,GR,quantile,0.01,0
2026-08-26,ILI incidence,2026-09-06,3,GR,quantile,0.025,0
2026-08-26,ILI incidence,2026-09-06,3,GR,quantile,0.05,0
2026-08-26,ILI incidence,2026-09-06,3,GR,quantile,0.1,50.1086759086945
2026-08-26,ILI incidence,2026-09-06,3,GR,quantile,0.15,120.750676903975
2026-08-26,ILI incidence,2026-09-06,3,GR,quantile,0.2,179.005402772886
2026-08-26,ILI incidence,2026-09-06,3,GR,quantile,0.25,225.84650072727
2026-08-26,ILI incidence,2026-09-06,3,GR,quantile,0.3,266.054732152121
2026-08-26,ILI incidence,2026-09-06,3,GR,quantile,0.35,305.774813843665
2026-08-26,ILI incidence,2026-09-06,3,GR,quantile,0.4,342.368596928263
2026-08-26,ILI incidence,2026-09-06,3,GR,quantile,0.45,376.610391859335
2026-08-26,ILI incidence,2026-09-06,3,GR,quantile,0.5,411.024392227828
2026-08-26,ILI incidence,2026-09-06,3,GR,quantile,0.55,445.349672536533
2026-08-26,ILI incidence,2026-09-06,3,GR,quantile,0.6,477.410028009207
2026-08-26,ILI incidence,2026-09-06,3,GR,quantile,0.65,513.48344349309
2026-08-26,ILI incidence,2026-09-06,3,GR,quantile,0.7,551.375764064327
2026-08-26,ILI incidence,2026-09-06,3,GR,quantile,0.75,591.042983089286
2026-08-26,ILI incidence,2026-09-06,3,GR,quantile,0.8,638.510980477516
2026-08-26,ILI incidence,2026-09-06,3,GR,quantile,0.85,694.88075401484
2026-08-26,ILI incidence,2026-09-06,3,GR,quantile,0.9,757.32229468116
2026-08-26,ILI incidence,2026-09-06,3,GR,quantile,0.95,861.68639235392
2026-08-26,ILI incidence,2026-09-06,3,GR,quantile,0.975,948.402680546225
2026-08-26,ILI incidence,2026-09-06,3,GR,quantile,0.99,1046.48077501171
2026-08-26,ILI incidence,2026-09-13,4,GR,median,,429.747746426474
2026-08-26,ILI incidence,2026-09-13,4,GR,quantile,0.01,0
2026-08-26,ILI incidence,2026-09-13,4,GR,quantile,0.025,0
2026-08-26,ILI incidence,2026-09-13,4,GR,quantile,0.05,0
2026-08-26,ILI incidence,2026-09-13,4,GR,quantile,0.1,42.8608844312967
2026-08-26,ILI incidence,2026-09-13,4,GR,quantile,0.15,118.854127589979
2026-08-26,ILI incidence,2026-09-13,4,GR,quantile,0.2,177.795872513371
2026-08-26,ILI incidence,2026-09-13,4,GR,quantile,0.25,226.912642395235
2026-08-26,ILI incidence,2026-09-13,4,GR,quantile,0.3,270.808807851612
2026-08-26,ILI incidence,2026-09-13,4,GR,quantile,0.35,313.108368030166
2026-08-26,ILI incidence,2026-09-13,4,GR,quantile,0.4,355.701229627204
2026-08-26,ILI incidence,2026-09-13,4,GR,quantile,0.45,394.244721598588
2026-08-26,ILI incidence,2026-09-13,4,GR,quantile,0.5,432.436724883894
2026-08-26,ILI incidence,2026-09-13,4,GR,quantile,0.55,470.438167245043
2026-08-26,ILI incidence,2026-09-13,4,GR,quantile,0.6,505.545043263594
2026-08-26,ILI incidence,2026-09-13,4,GR,quantile,0.65,547.458161851225
2026-08-26,ILI incidence,2026-09-13,4,GR,quantile,0.7,590.581599271558
2026-08-26,ILI incidence,2026-09-13,4,GR,quantile,0.75,638.861474956898
2026-08-26,ILI incidence,2026-09-13,4,GR,quantile,0.8,688.594222143635
2026-08-26,ILI incidence,2026-09-13,4,GR,quantile,0.85,744.741654409437
2026-08-26,ILI incidence,2026-09-13,4,GR,quantile,0.9,816.90393779934
2026-08-26,ILI incidence,2026-09-13,4,GR,quantile,0.95,920.741266876252
2026-08-26,ILI incidence,2026-09-13,4,GR,quantile,0.975,1016.34755715618
2026-08-26,ILI incidence,2026-09-13,4,GR,quantile,0.99,1147.08255508089
2026-08-26,ILI incidence,2026-08-23,1,HU,median,,34.993678012269
2026-08-26,ILI incidence,2026-08-23,1,HU,quantile,0.01,0
2026-08-26,ILI incidence,2026-08-23,1,HU,quantile,0.025,0
2026-08-26,ILI incidence,2026-08-23,1,HU,quantile,0.05,0
2026-08-26,ILI incidence,2026-08-23,1,HU,quantile,0.1,0
2026-08-26,ILI incidence,2026-08-23,1,HU,quantile,0.15,0
2026-08-26,ILI incidence,2026-08-23,1,HU,quantile,0.2,0
2026-08-26,ILI incidence,2026-08-23,1,HU,quantile,0.25,0
2026-08-26,ILI incidence,2026-08-23,1,HU,quantile,0.3,5.8705217747998
2026-08-26,ILI incidence,2026-08-23,1,HU,quantile,0.35,13.5401121142045
2026-08-26,ILI incidence,2026-08-23,1,HU,quantile,0.4,20.1870070662229
2026-08-26,ILI incidence,2026-08-23,1,HU,quantile,0.45,27.1349460022437
2026-08-26,ILI incidence,2026-08-23,1,HU,quantile,0.5,33.4545413754767
2026-08-26,ILI incidence,2026-08-23,1,HU,quantile,0.55,40.6818718678727
2026-08-26,ILI incidence,2026-08-23,1,HU,quantile,0.6,48.0303924114085
2026-08-26,ILI incidence,2026-08-23,1,HU,quantile,0.65,55.3373929576072
2026-08-26,ILI incidence,2026-08-23,1,HU,quantile,0.7,63.0740712454982
2026-08-26,ILI incidence,2026-08-23,1,HU,quantile,0.75,70.5773948485282
2026-08-26,ILI incidence,2026-08-23,1,HU,quantile,0.8,79.4393374796564
2026-08-26,ILI incidence,2026-08-23,1,HU,quantile,0.85,88.8321553302581
2026-08-26,ILI incidence,2026-08-23,1,HU,quantile,0.9,102.786565524025
2026-08-26,ILI incidence,2026-08-23,1,HU,quantile,0.95,121.75400410075
2026-08-26,ILI incidence,2026-08-23,1,HU,quantile,0.975,138.634129819503
2026-08-26,ILI incidence,2026-08-23,1,HU,quantile,0.99,159.01994552457
2026-08-26,ILI incidence,2026-08-30,2,HU,median,,63.9491246444993
2026-08-26,ILI incidence,2026-08-30,2,HU,quantile,0.01,0
2026-08-26,ILI incidence,2026-08-30,2,HU,quantile,0.025,0
2026-08-26,ILI incidence,2026-08-30,2,HU,quantile,0.05,0
2026-08-26,ILI incidence,2026-08-30,2,HU,quantile,0.1,0
2026-08-26,ILI incidence,2026-08-30,2,HU,quantile,0.15,0
2026-08-26,ILI incidence,2026-08-30,2,HU,quantile,0.2,0
2026-08-26,ILI incidence,2026-08-30,2,HU,quantile,0.25,1.31428751392934
2026-08-26,ILI incidence,2026-08-30,2,HU,quantile,0.3,14.2147691322636
2026-08-26,ILI incidence,2026-08-30,2,HU,quantile,0.35,26.4985818932522
2026-08-26,ILI incidence,2026-08-30,2,HU,quantile,0.4,38.6340959168967
2026-08-26,ILI incidence,2026-08-30,2,HU,quantile,0.45,50.2659699766858
2026-08-26,ILI incidence,2026-08-30,2,HU,quantile,0.5,61.5893865906678
2026-08-26,ILI incidence,2026-08-30,2,HU,quantile,0.55,72.7024843732639
2026-08-26,ILI incidence,2026-08-30,2,HU,quantile,0.6,84.6518879629574
2026-08-26,ILI incidence,2026-08-30,2,HU,quantile,0.65,96.8815339211911
2026-08-26,ILI incidence,2026-08-30,2,HU,quantile,0.7,110.105114625069
2026-08-26,ILI incidence,2026-08-30,2,HU,quantile,0.75,124.318297707863
2026-08-26,ILI incidence,2026-08-30,2,HU,quantile,0.8,139.728635775735
2026-08-26,ILI incidence,2026-08-30,2,HU,quantile,0.85,157.144525956005
2026-08-26,ILI incidence,2026-08-30,2,HU,quantile,0.9,179.147550249595
2026-08-26,ILI incidence,2026-08-30,2,HU,quantile,0.95,210.442160596704
2026-08-26,ILI incidence,2026-08-30,2,HU,quantile,0.975,241.766148824306
2026-08-26,ILI incidence,2026-08-30,2,HU,quantile,0.99,275.387892650322
2026-08-26,ILI incidence,2026-09-06,3,HU,median,,95.8559590937747
2026-08-26,ILI incidence,2026-09-06,3,HU,quantile,0.01,0
2026-08-26,ILI incidence,2026-09-06,3,HU,quantile,0.025,0
2026-08-26,ILI incidence,2026-09-06,3,HU,quantile,0.05,0
2026-08-26,ILI incidence,2026-09-06,3,HU,quantile,0.1,0
2026-08-26,ILI incidence,2026-09-06,3,HU,quantile,0.15,0
2026-08-26,ILI incidence,2026-09-06,3,HU,quantile,0.2,0
2026-08-26,ILI incidence,2026-09-06,3,HU,quantile,0.25,14.6895042616491
2026-08-26,ILI incidence,2026-09-06,3,HU,quantile,0.3,32.1005811654634
2026-08-26,ILI incidence,2026-09-06,3,HU,quantile,0.35,48.8478399086424
2026-08-26,ILI incidence,2026-09-06,3,HU,quantile,0.4,64.1540319660415
2026-08-26,ILI incidence,2026-09-06,3,HU,quantile,0.45,79.1326919280332
2026-08-26,ILI incidence,2026-09-06,3,HU,quantile,0.5,93.5719655688371
2026-08-26,ILI incidence,2026-09-06,3,HU,quantile,0.55,108.59974650456
2026-08-26,ILI incidence,2026-09-06,3,HU,quantile,0.6,123.753040854105
2026-08-26,ILI incidence,2026-09-06,3,HU,quantile,0.65,139.617320831607
2026-08-26,ILI incidence,2026-09-06,3,HU,quantile,0.7,154.424196838278
2026-08-26,ILI incidence,2026-09-06,3,HU,quantile,0.75,171.758729445304
2026-08-26,ILI incidence,2026-09-06,3,HU,quantile,0.8,191.293529087963
2026-08-26,ILI incidence,2026-09-06,3,HU,quantile,0.85,214.86102976749
2026-08-26,ILI incidence,2026-09-06,3,HU,quantile,0.9,244.462603248975
2026-08-26,ILI incidence,2026-09-06,3,HU,quantile,0.95,284.120552574168
2026-08-26,ILI incidence,2026-09-06,3,HU,quantile,0.975,322.100006815863
2026-08-26,ILI incidence,2026-09-06,3,HU,quantile,0.99,370.065108812507
2026-08-26,ILI incidence,2026-09-13,4,HU,median,,129.006024885592
2026-08-26,ILI incidence,2026-09-13,4,HU,quantile,0.01,0
2026-08-26,ILI incidence,2026-09-13,4,HU,quantile,0.025,0
2026-08-26,ILI incidence,2026-09-13,4,HU,quantile,0.05,0
2026-08-26,ILI incidence,2026-09-13,4,HU,quantile,0.1,0
2026-08-26,ILI incidence,2026-09-13,4,HU,quantile,0.15,0
2026-08-26,ILI incidence,2026-09-13,4,HU,quantile,0.2,6.05702200510809
2026-08-26,ILI incidence,2026-09-13,4,HU,quantile,0.25,32.4604713192787
2026-08-26,ILI incidence,2026-09-13,4,HU,quantile,0.3,53.360206285508
2026-08-26,ILI incidence,2026-09-13,4,HU,quantile,0.35,73.1177327623594
2026-08-26,ILI incidence,2026-09-13,4,HU,quantile,0.4,91.8598355071928
2026-08-26,ILI incidence,2026-09-13,4,HU,quantile,0.45,108.639136813849
2026-08-26,ILI incidence,2026-09-13,4,HU,quantile,0.5,127.527876292766
2026-08-26,ILI incidence,2026-09-13,4,HU,quantile,0.55,145.673193556516
2026-08-26,ILI incidence,2026-09-13,4,HU,quantile,0.6,163.69603276226
2026-08-26,ILI incidence,2026-09-13,4,HU,quantile,0.65,182.334129873151
2026-08-26,ILI incidence,2026-09-13,4,HU,quantile,0.7,201.061051652396
2026-08-26,ILI incidence,2026-09-13,4,HU,quantile,0.75,222.476122130931
2026-08-26,ILI incidence,2026-09-13,4,HU,quantile,0.8,245.596454736977
2026-08-26,ILI incidence,2026-09-13,4,HU,quantile,0.85,273.16321995385
2026-08-26,ILI incidence,2026-09-13,4,HU,quantile,0.9,307.509812699386
2026-08-26,ILI incidence,2026-09-13,4,HU,quantile,0.95,361.324729855336
2026-08-26,ILI incidence,2026-09-13,4,HU,quantile,0.975,405.561874380145
2026-08-26,ILI incidence,2026-09-13,4,HU,quantile,0.99,461.703255497453
2026-08-26,ILI incidence,2026-08-23,1,IE,median,,3.1934380050287
2026-08-26,ILI incidence,2026-08-23,1,IE,quantile,0.01,0
2026-08-26,ILI incidence,2026-08-23,1,IE,quantile,0.025,0
2026-08-26,ILI incidence,2026-08-23,1,IE,quantile,0.05,0
2026-08-26,ILI incidence,2026-08-23,1,IE,quantile,0.1,0
2026-08-26,ILI incidence,2026-08-23,1,IE,quantile,0.15,0
2026-08-26,ILI incidence,2026-08-23,1,IE,quantile,0.2,0
2026-08-26,ILI incidence,2026-08-23,1,IE,quantile,0.25,0
2026-08-26,ILI incidence,2026-08-23,1,IE,quantile,0.3,0
2026-08-26,ILI incidence,2026-08-23,1,IE,quantile,0.35,0
2026-08-26,ILI incidence,2026-08-23,1,IE,quantile,0.4,1.02344554977532
2026-08-26,ILI incidence,2026-08-23,1,IE,quantile,0.45,2.10814741256051
2026-08-26,ILI incidence,2026-08-23,1,IE,quantile,0.5,3.18852107255655
2026-08-26,ILI incidence,2026-08-23,1,IE,quantile,0.55,4.25004489940734
2026-08-26,ILI incidence,2026-08-23,1,IE,quantile,0.6,5.39126081016282
2026-08-26,ILI incidence,2026-08-23,1,IE,quantile,0.65,6.43849033331336
2026-08-26,ILI incidence,2026-08-23,1,IE,quantile,0.7,7.64158220737514
2026-08-26,ILI incidence,2026-08-23,1,IE,quantile,0.75,8.83259900187601
2026-08-26,ILI incidence,2026-08-23,1,IE,quantile,0.8,10.2825709560315
2026-08-26,ILI incidence,2026-08-23,1,IE,quantile,0.85,11.874804955582
2026-08-26,ILI incidence,2026-08-23,1,IE,quantile,0.9,13.8400126702026
2026-08-26,ILI incidence,2026-08-23,1,IE,quantile,0.95,16.9950525308954
2026-08-26,ILI incidence,2026-08-23,1,IE,quantile,0.975,19.6574806680735
2026-08-26,ILI incidence,2026-08-23,1,IE,quantile,0.99,22.3190367556422
2026-08-26,ILI incidence,2026-08-30,2,IE,median,,5.06193263565539
2026-08-26,ILI incidence,2026-08-30,2,IE,quantile,0.01,0
2026-08-26,ILI incidence,2026-08-30,2,IE,quantile,0.025,0
2026-08-26,ILI incidence,2026-08-30,2,IE,quantile,0.05,0
2026-08-26,ILI incidence,2026-08-30,2,IE,quantile,0.1,0
2026-08-26,ILI incidence,2026-08-30,2,IE,quantile,0.15,0
2026-08-26,ILI incidence,2026-08-30,2,IE,quantile,0.2,0
2026-08-26,ILI incidence,2026-08-30,2,IE,quantile,0.25,0
2026-08-26,ILI incidence,2026-08-30,2,IE,quantile,0.3,0
2026-08-26,ILI incidence,2026-08-30,2,IE,quantile,0.35,0.569069942236964
2026-08-26,ILI incidence,2026-08-30,2,IE,quantile,0.4,2.0980218627743
2026-08-26,ILI incidence,2026-08-30,2,IE,quantile,0.45,3.58984230545282
2026-08-26,ILI incidence,2026-08-30,2,IE,quantile,0.5,5.15356399180973
2026-08-26,ILI incidence,2026-08-30,2,IE,quantile,0.55,6.58583167158611
2026-08-26,ILI incidence,2026-08-30,2,IE,quantile,0.6,8.1298084543827
2026-08-26,ILI incidence,2026-08-30,2,IE,quantile,0.65,9.6865478130557
2026-08-26,ILI incidence,2026-08-30,2,IE,quantile,0.7,11.4434420549063
2026-08-26,ILI incidence,2026-08-30,2,IE,quantile,0.75,13.307518148351
2026-08-26,ILI incidence,2026-08-30,2,IE,quantile,0.8,15.1654599486526
2026-08-26,ILI incidence,2026-08-30,2,IE,quantile,0.85,17.4277875811381
2026-08-26,ILI incidence,2026-08-30,2,IE,quantile,0.9,20.6103708087723
2026-08-26,ILI incidence,2026-08-30,2,IE,quantile,0.95,25.1706755935067
2026-08-26,ILI incidence,2026-08-30,2,IE,quantile,0.975,28.9931152817447
2026-08-26,ILI incidence,2026-08-30,2,IE,quantile,0.99,33.3548808220978
2026-08-26,ILI incidence,2026-09-06,3,IE,median,,6.77045731171543
2026-08-26,ILI incidence,2026-09-06,3,IE,quantile,0.01,0
2026-08-26,ILI incidence,2026-09-06,3,IE,quantile,0.025,0
2026-08-26,ILI incidence,2026-09-06,3,IE,quantile,0.05,0
2026-08-26,ILI incidence,2026-09-06,3,IE,quantile,0.1,0
2026-08-26,ILI incidence,2026-09-06,3,IE,quantile,0.15,0
2026-08-26,ILI incidence,2026-09-06,3,IE,quantile,0.2,0
2026-08-26,ILI incidence,2026-09-06,3,IE,quantile,0.25,0
2026-08-26,ILI incidence,2026-09-06,3,IE,quantile,0.3,0
2026-08-26,ILI incidence,2026-09-06,3,IE,quantile,0.35,0.908857880708571
2026-08-26,ILI incidence,2026-09-06,3,IE,quantile,0.4,2.85428355796089
2026-08-26,ILI incidence,2026-09-06,3,IE,quantile,0.45,4.68721312887304
2026-08-26,ILI incidence,2026-09-06,3,IE,quantile,0.5,6.49948098721006
2026-08-26,ILI incidence,2026-09-06,3,IE,quantile,0.55,8.42952060273286
2026-08-26,ILI incidence,2026-09-06,3,IE,quantile,0.6,10.3967434773533
2026-08-26,ILI incidence,2026-09-06,3,IE,quantile,0.65,12.3916952029586
2026-08-26,ILI incidence,2026-09-06,3,IE,quantile,0.7,14.4720562445121
2026-08-26,ILI incidence,2026-09-06,3,IE,quantile,0.75,16.6696575231171
2026-08-26,ILI incidence,2026-09-06,3,IE,quantile,0.8,19.067006495966
2026-08-26,ILI incidence,2026-09-06,3,IE,quantile,0.85,21.9715474380657
2026-08-26,ILI incidence,2026-09-06,3,IE,quantile,0.9,25.4179663053153
2026-08-26,ILI incidence,2026-09-06,3,IE,quantile,0.95,30.5918187008195
2026-08-26,ILI incidence,2026-09-06,3,IE,quantile,0.975,34.997589283584
2026-08-26,ILI incidence,2026-09-06,3,IE,quantile,0.99,40.8382054553299
2026-08-26,ILI incidence,2026-09-13,4,IE,median,,8.31112464893679
2026-08-26,ILI incidence,2026-09-13,4,IE,quantile,0.01,0
2026-08-26,ILI incidence,2026-09-13,4,IE,quantile,0.025,0
2026-08-26,ILI incidence,2026-09-13,4,IE,quantile,0.05,0
2026-08-26,ILI incidence,2026-09-13,4,IE,quantile,0.1,0
2026-08-26,ILI incidence,2026-09-13,4,IE,quantile,0.15,0
2026-08-26,ILI incidence,2026-09-13,4,IE,quantile,0.2,0
2026-08-26,ILI incidence,2026-09-13,4,IE,quantile,0.25,0
2026-08-26,ILI incidence,2026-09-13,4,IE,quantile,0.3,0
2026-08-26,ILI incidence,2026-09-13,4,IE,quantile,0.35,1.73571500615347
2026-08-26,ILI incidence,2026-09-13,4,IE,quantile,0.4,4.04758442817055
2026-08-26,ILI incidence,2026-09-13,4,IE,quantile,0.45,6.01608263006537
2026-08-26,ILI incidence,2026-09-13,4,IE,quantile,0.5,8.03573167569275
2026-08-26,ILI incidence,2026-09-13,4,IE,quantile,0.55,10.1253911980526
2026-08-26,ILI incidence,2026-09-13,4,IE,quantile,0.6,12.4094865003187
2026-08-26,ILI incidence,2026-09-13,4,IE,quantile,0.65,14.6577427731893
2026-08-26,ILI incidence,2026-09-13,4,IE,quantile,0.7,16.9905617030306
2026-08-26,ILI incidence,2026-09-13,4,IE,quantile,0.75,19.3680154127501
2026-08-26,ILI incidence,2026-09-13,4,IE,quantile,0.8,22.4949852072684
2026-08-26,ILI incidence,2026-09-13,4,IE,quantile,0.85,25.7058164132578
2026-08-26,ILI incidence,2026-09-13,4,IE,quantile,0.9,29.7278811373764
2026-08-26,ILI incidence,2026-09-13,4,IE,quantile,0.95,35.9748800550798
2026-08-26,ILI incidence,2026-09-13,4,IE,quantile,0.975,41.0604364853075
2026-08-26,ILI incidence,2026-09-13,4,IE,quantile,0.99,46.6524621941556
2026-08-26,ILI incidence,2026-08-23,1,IS,median,,1.14113970629708
2026-08-26,ILI incidence,2026-08-23,1,IS,quantile,0.01,0
2026-08-26,ILI incidence,2026-08-23,1,IS,quantile,0.025,0
2026-08-26,ILI incidence,2026-08-23,1,IS,quantile,0.05,0
2026-08-26,ILI incidence,2026-08-23,1,IS,quantile,0.1,0
2026-08-26,ILI incidence,2026-08-23,1,IS,quantile,0.15,0
2026-08-26,ILI incidence,2026-08-23,1,IS,quantile,0.2,0
2026-08-26,ILI incidence,2026-08-23,1,IS,quantile,0.25,0
2026-08-26,ILI incidence,2026-08-23,1,IS,quantile,0.3,0
2026-08-26,ILI incidence,2026-08-23,1,IS,quantile,0.35,0
2026-08-26,ILI incidence,2026-08-23,1,IS,quantile,0.4,0.358725388183218
2026-08-26,ILI incidence,2026-08-23,1,IS,quantile,0.45,0.746016530763851
2026-08-26,ILI incidence,2026-08-23,1,IS,quantile,0.5,1.13442024072507
2026-08-26,ILI incidence,2026-08-23,1,IS,quantile,0.55,1.52144161368205
2026-08-26,ILI incidence,2026-08-23,1,IS,quantile,0.6,1.91050985567331
2026-08-26,ILI incidence,2026-08-23,1,IS,quantile,0.65,2.30892298938016
2026-08-26,ILI incidence,2026-08-23,1,IS,quantile,0.7,2.69881905476764
2026-08-26,ILI incidence,2026-08-23,1,IS,quantile,0.75,3.13141479467865
2026-08-26,ILI incidence,2026-08-23,1,IS,quantile,0.8,3.62307712450884
2026-08-26,ILI incidence,2026-08-23,1,IS,quantile,0.85,4.20898333966413
2026-08-26,ILI incidence,2026-08-23,1,IS,quantile,0.9,4.9372468554042
2026-08-26,ILI incidence,2026-08-23,1,IS,quantile,0.95,5.99459162742019
2026-08-26,ILI incidence,2026-08-23,1,IS,quantile,0.975,6.98000415229815
2026-08-26,ILI incidence,2026-08-23,1,IS,quantile,0.99,7.91215267239235
2026-08-26,ILI incidence,2026-08-30,2,IS,median,,1.79958913986392
2026-08-26,ILI incidence,2026-08-30,2,IS,quantile,0.01,0
2026-08-26,ILI incidence,2026-08-30,2,IS,quantile,0.025,0
2026-08-26,ILI incidence,2026-08-30,2,IS,quantile,0.05,0
2026-08-26,ILI incidence,2026-08-30,2,IS,quantile,0.1,0
2026-08-26,ILI incidence,2026-08-30,2,IS,quantile,0.15,0
2026-08-26,ILI incidence,2026-08-30,2,IS,quantile,0.2,0
2026-08-26,ILI incidence,2026-08-30,2,IS,quantile,0.25,0
2026-08-26,ILI incidence,2026-08-30,2,IS,quantile,0.3,0
2026-08-26,ILI incidence,2026-08-30,2,IS,quantile,0.35,0.283970642512332
2026-08-26,ILI incidence,2026-08-30,2,IS,quantile,0.4,0.825457258753949
2026-08-26,ILI incidence,2026-08-30,2,IS,quantile,0.45,1.34188514045908
2026-08-26,ILI incidence,2026-08-30,2,IS,quantile,0.5,1.84091752220789
2026-08-26,ILI incidence,2026-08-30,2,IS,quantile,0.55,2.38523399617852
2026-08-26,ILI incidence,2026-08-30,2,IS,quantile,0.6,2.94885155320689
2026-08-26,ILI incidence,2026-08-30,2,IS,quantile,0.65,3.46954685816732
2026-08-26,ILI incidence,2026-08-30,2,IS,quantile,0.7,3.9928458659971
2026-08-26,ILI incidence,2026-08-30,2,IS,quantile,0.75,4.62333191852876
2026-08-26,ILI incidence,2026-08-30,2,IS,quantile,0.8,5.26523003294839
2026-08-26,ILI incidence,2026-08-30,2,IS,quantile,0.85,6.01817549165742
2026-08-26,ILI incidence,2026-08-30,2,IS,quantile,0.9,6.94291070845506
2026-08-26,ILI incidence,2026-08-30,2,IS,quantile,0.95,8.45908418740341
2026-08-26,ILI incidence,2026-08-30,2,IS,quantile,0.975,9.8292170825944
2026-08-26,ILI incidence,2026-08-30,2,IS,quantile,0.99,11.3995447302696
2026-08-26,ILI incidence,2026-09-06,3,IS,median,,2.40178217936966
2026-08-26,ILI incidence,2026-09-06,3,IS,quantile,0.01,0
2026-08-26,ILI incidence,2026-09-06,3,IS,quantile,0.025,0
2026-08-26,ILI incidence,2026-09-06,3,IS,quantile,0.05,0
2026-08-26,ILI incidence,2026-09-06,3,IS,quantile,0.1,0
2026-08-26,ILI incidence,2026-09-06,3,IS,quantile,0.15,0
2026-08-26,ILI incidence,2026-09-06,3,IS,quantile,0.2,0
2026-08-26,ILI incidence,2026-09-06,3,IS,quantile,0.25,0
2026-08-26,ILI incidence,2026-09-06,3,IS,quantile,0.3,0
2026-08-26,ILI incidence,2026-09-06,3,IS,quantile,0.35,0.50522833010536
2026-08-26,ILI incidence,2026-09-06,3,IS,quantile,0.4,1.14576088104263
2026-08-26,ILI incidence,2026-09-06,3,IS,quantile,0.45,1.77775069383688
2026-08-26,ILI incidence,2026-09-06,3,IS,quantile,0.5,2.41642619178815
2026-08-26,ILI incidence,2026-09-06,3,IS,quantile,0.55,3.02482930619985
2026-08-26,ILI incidence,2026-09-06,3,IS,quantile,0.6,3.61883514520014
2026-08-26,ILI incidence,2026-09-06,3,IS,quantile,0.65,4.29357901984589
2026-08-26,ILI incidence,2026-09-06,3,IS,quantile,0.7,4.95304691092299
2026-08-26,ILI incidence,2026-09-06,3,IS,quantile,0.75,5.75605573710593
2026-08-26,ILI incidence,2026-09-06,3,IS,quantile,0.8,6.63527151567804
2026-08-26,ILI incidence,2026-09-06,3,IS,quantile,0.85,7.62351234969359
2026-08-26,ILI incidence,2026-09-06,3,IS,quantile,0.9,8.96602515049696
2026-08-26,ILI incidence,2026-09-06,3,IS,quantile,0.95,10.6716378473564
2026-08-26,ILI incidence,2026-09-06,3,IS,quantile,0.975,12.1054277823683
2026-08-26,ILI incidence,2026-09-06,3,IS,quantile,0.99,14.0334700460231
2026-08-26,ILI incidence,2026-09-13,4,IS,median,,2.91619122670353
2026-08-26,ILI incidence,2026-09-13,4,IS,quantile,0.01,0
2026-08-26,ILI incidence,2026-09-13,4,IS,quantile,0.025,0
2026-08-26,ILI incidence,2026-09-13,4,IS,quantile,0.05,0
2026-08-26,ILI incidence,2026-09-13,4,IS,quantile,0.1,0
2026-08-26,ILI incidence,2026-09-13,4,IS,quantile,0.15,0
2026-08-26,ILI incidence,2026-09-13,4,IS,quantile,0.2,0
2026-08-26,ILI incidence,2026-09-13,4,IS,quantile,0.25,0
2026-08-26,ILI incidence,2026-09-13,4,IS,quantile,0.3,0
2026-08-26,ILI incidence,2026-09-13,4,IS,quantile,0.35,0.777888497824639
2026-08-26,ILI incidence,2026-09-13,4,IS,quantile,0.4,1.51405195438672
2026-08-26,ILI incidence,2026-09-13,4,IS,quantile,0.45,2.23526772441497
2026-08-26,ILI incidence,2026-09-13,4,IS,quantile,0.5,2.94405760063991
2026-08-26,ILI incidence,2026-09-13,4,IS,quantile,0.55,3.67538603659404
2026-08-26,ILI incidence,2026-09-13,4,IS,quantile,0.6,4.36826302628265
2026-08-26,ILI incidence,2026-09-13,4,IS,quantile,0.65,5.11067203659125
2026-08-26,ILI incidence,2026-09-13,4,IS,quantile,0.7,5.91787023078384
2026-08-26,ILI incidence,2026-09-13,4,IS,quantile,0.75,6.81371648966683
2026-08-26,ILI incidence,2026-09-13,4,IS,quantile,0.8,7.80317325767968
2026-08-26,ILI incidence,2026-09-13,4,IS,quantile,0.85,8.96230154092402
2026-08-26,ILI incidence,2026-09-13,4,IS,quantile,0.9,10.3135465503917
2026-08-26,ILI incidence,2026-09-13,4,IS,quantile,0.95,12.4829277193053
2026-08-26,ILI incidence,2026-09-13,4,IS,quantile,0.975,14.0101653970752
2026-08-26,ILI incidence,2026-09-13,4,IS,quantile,0.99,15.8929636233665
2026-08-26,ILI incidence,2026-08-23,1,LT,median,,6.02300295020662
2026-08-26,ILI incidence,2026-08-23,1,LT,quantile,0.01,0
2026-08-26,ILI incidence,2026-08-23,1,LT,quantile,0.025,0
2026-08-26,ILI incidence,2026-08-23,1,LT,quantile,0.05,0
2026-08-26,ILI incidence,2026-08-23,1,LT,quantile,0.1,0
2026-08-26,ILI incidence,2026-08-23,1,LT,quantile,0.15,0
2026-08-26,ILI incidence,2026-08-23,1,LT,quantile,0.2,0
2026-08-26,ILI incidence,2026-08-23,1,LT,quantile,0.25,0
2026-08-26,ILI incidence,2026-08-23,1,LT,quantile,0.3,0
2026-08-26,ILI incidence,2026-08-23,1,LT,quantile,0.35,0
2026-08-26,ILI incidence,2026-08-23,1,LT,quantile,0.4,0
2026-08-26,ILI incidence,2026-08-23,1,LT,quantile,0.45,2.33387001954108
2026-08-26,ILI incidence,2026-08-23,1,LT,quantile,0.5,5.92527202476321
2026-08-26,ILI incidence,2026-08-23,1,LT,quantile,0.55,9.57957377971708
2026-08-26,ILI incidence,2026-08-23,1,LT,quantile,0.6,12.9546251990561
2026-08-26,ILI incidence,2026-08-23,1,LT,quantile,0.65,16.7446166126843
2026-08-26,ILI incidence,2026-08-23,1,LT,quantile,0.7,20.524366127964502
2026-08-26,ILI incidence,2026-08-23,1,LT,quantile,0.75,24.683106867918
2026-08-26,ILI incidence,2026-08-23,1,LT,quantile,0.8,29.3436208820848
2026-08-26,ILI incidence,2026-08-23,1,LT,quantile,0.85,34.6345656518958
2026-08-26,ILI incidence,2026-08-23,1,LT,quantile,0.9,41.3733445021225
2026-08-26,ILI incidence,2026-08-23,1,LT,quantile,0.95,50.8999328271783
2026-08-26,ILI incidence,2026-08-23,1,LT,quantile,0.975,60.4093473787984
2026-08-26,ILI incidence,2026-08-23,1,LT,quantile,0.99,69.9050423902723
2026-08-26,ILI incidence,2026-08-30,2,LT,median,,14.0992261154128
2026-08-26,ILI incidence,2026-08-30,2,LT,quantile,0.01,0
2026-08-26,ILI incidence,2026-08-30,2,LT,quantile,0.025,0
2026-08-26,ILI incidence,2026-08-30,2,LT,quantile,0.05,0
2026-08-26,ILI incidence,2026-08-30,2,LT,quantile,0.1,0
2026-08-26,ILI incidence,2026-08-30,2,LT,quantile,0.15,0
2026-08-26,ILI incidence,2026-08-30,2,LT,quantile,0.2,0
2026-08-26,ILI incidence,2026-08-30,2,LT,quantile,0.25,0
2026-08-26,ILI incidence,2026-08-30,2,LT,quantile,0.3,0
2026-08-26,ILI incidence,2026-08-30,2,LT,quantile,0.35,0
2026-08-26,ILI incidence,2026-08-30,2,LT,quantile,0.4,0
2026-08-26,ILI incidence,2026-08-30,2,LT,quantile,0.45,6.29127692123476
2026-08-26,ILI incidence,2026-08-30,2,LT,quantile,0.5,12.6390295966124
2026-08-26,ILI incidence,2026-08-30,2,LT,quantile,0.55,20.1453308189655
2026-08-26,ILI incidence,2026-08-30,2,LT,quantile,0.6,27.1165470562841
2026-08-26,ILI incidence,2026-08-30,2,LT,quantile,0.65,34.3925924112415
2026-08-26,ILI incidence,2026-08-30,2,LT,quantile,0.7,41.5995415253877
2026-08-26,ILI incidence,2026-08-30,2,LT,quantile,0.75,49.6262097607385
2026-08-26,ILI incidence,2026-08-30,2,LT,quantile,0.8,57.798230016777
2026-08-26,ILI incidence,2026-08-30,2,LT,quantile,0.85,68.0333220506419
2026-08-26,ILI incidence,2026-08-30,2,LT,quantile,0.9,81.2479269657137
2026-08-26,ILI incidence,2026-08-30,2,LT,quantile,0.95,99.0298005270944
2026-08-26,ILI incidence,2026-08-30,2,LT,quantile,0.975,115.910237753678
2026-08-26,ILI incidence,2026-08-30,2,LT,quantile,0.99,133.638931724321
2026-08-26,ILI incidence,2026-09-06,3,LT,median,,23.9434584536593
2026-08-26,ILI incidence,2026-09-06,3,LT,quantile,0.01,0
2026-08-26,ILI incidence,2026-09-06,3,LT,quantile,0.025,0
2026-08-26,ILI incidence,2026-09-06,3,LT,quantile,0.05,0
2026-08-26,ILI incidence,2026-09-06,3,LT,quantile,0.1,0
2026-08-26,ILI incidence,2026-09-06,3,LT,quantile,0.15,0
2026-08-26,ILI incidence,2026-09-06,3,LT,quantile,0.2,0
2026-08-26,ILI incidence,2026-09-06,3,LT,quantile,0.25,0
2026-08-26,ILI incidence,2026-09-06,3,LT,quantile,0.3,0
2026-08-26,ILI incidence,2026-09-06,3,LT,quantile,0.35,0
2026-08-26,ILI incidence,2026-09-06,3,LT,quantile,0.4,3.1941845015032
2026-08-26,ILI incidence,2026-09-06,3,LT,quantile,0.45,13.3185330990316
2026-08-26,ILI incidence,2026-09-06,3,LT,quantile,0.5,23.2523872846388
2026-08-26,ILI incidence,2026-09-06,3,LT,quantile,0.55,32.6659863462833
2026-08-26,ILI incidence,2026-09-06,3,LT,quantile,0.6,41.5393764579773
2026-08-26,ILI incidence,2026-09-06,3,LT,quantile,0.65,51.360002466935
2026-08-26,ILI incidence,2026-09-06,3,LT,quantile,0.7,62.3226389231129
2026-08-26,ILI incidence,2026-09-06,3,LT,quantile,0.75,73.4955882371299
2026-08-26,ILI incidence,2026-09-06,3,LT,quantile,0.8,85.6781799921207
2026-08-26,ILI incidence,2026-09-06,3,LT,quantile,0.85,100.006754460075
2026-08-26,ILI incidence,2026-09-06,3,LT,quantile,0.9,118.862128910302
2026-08-26,ILI incidence,2026-09-06,3,LT,quantile,0.95,145.749944116701
2026-08-26,ILI incidence,2026-09-06,3,LT,quantile,0.975,168.126391419687
2026-08-26,ILI incidence,2026-09-06,3,LT,quantile,0.99,192.172787064909
2026-08-26,ILI incidence,2026-09-13,4,LT,median,,32.8971977506857
2026-08-26,ILI incidence,2026-09-13,4,LT,quantile,0.01,0
2026-08-26,ILI incidence,2026-09-13,4,LT,quantile,0.025,0
2026-08-26,ILI incidence,2026-09-13,4,LT,quantile,0.05,0
2026-08-26,ILI incidence,2026-09-13,4,LT,quantile,0.1,0
2026-08-26,ILI incidence,2026-09-13,4,LT,quantile,0.15,0
2026-08-26,ILI incidence,2026-09-13,4,LT,quantile,0.2,0
2026-08-26,ILI incidence,2026-09-13,4,LT,quantile,0.25,0
2026-08-26,ILI incidence,2026-09-13,4,LT,quantile,0.3,0
2026-08-26,ILI incidence,2026-09-13,4,LT,quantile,0.35,0
2026-08-26,ILI incidence,2026-09-13,4,LT,quantile,0.4,9.17138085035455
2026-08-26,ILI incidence,2026-09-13,4,LT,quantile,0.45,19.8191545204886
2026-08-26,ILI incidence,2026-09-13,4,LT,quantile,0.5,30.8648571642984
2026-08-26,ILI incidence,2026-09-13,4,LT,quantile,0.55,42.1176238150928
2026-08-26,ILI incidence,2026-09-13,4,LT,quantile,0.6,53.7124273464215
2026-08-26,ILI incidence,2026-09-13,4,LT,quantile,0.65,64.8235734786939
2026-08-26,ILI incidence,2026-09-13,4,LT,quantile,0.7,77.4122049090862
2026-08-26,ILI incidence,2026-09-13,4,LT,quantile,0.75,90.1573938478253
2026-08-26,ILI incidence,2026-09-13,4,LT,quantile,0.8,105.091141258335
2026-08-26,ILI incidence,2026-09-13,4,LT,quantile,0.85,124.151436422265
2026-08-26,ILI incidence,2026-09-13,4,LT,quantile,0.9,145.078311511706
2026-08-26,ILI incidence,2026-09-13,4,LT,quantile,0.95,178.073931262387
2026-08-26,ILI incidence,2026-09-13,4,LT,quantile,0.975,205.45983413896
2026-08-26,ILI incidence,2026-09-13,4,LT,quantile,0.99,235.962822129721
2026-08-26,ILI incidence,2026-08-23,1,LU,median,,669.164241566164
2026-08-26,ILI incidence,2026-08-23,1,LU,quantile,0.01,0
2026-08-26,ILI incidence,2026-08-23,1,LU,quantile,0.025,0
2026-08-26,ILI incidence,2026-08-23,1,LU,quantile,0.05,0
2026-08-26,ILI incidence,2026-08-23,1,LU,quantile,0.1,0
2026-08-26,ILI incidence,2026-08-23,1,LU,quantile,0.15,0
2026-08-26,ILI incidence,2026-08-23,1,LU,quantile,0.2,0
2026-08-26,ILI incidence,2026-08-23,1,LU,quantile,0.25,0
2026-08-26,ILI incidence,2026-08-23,1,LU,quantile,0.3,0
2026-08-26,ILI incidence,2026-08-23,1,LU,quantile,0.35,0
2026-08-26,ILI incidence,2026-08-23,1,LU,quantile,0.4,50.366376527578
2026-08-26,ILI incidence,2026-08-23,1,LU,quantile,0.45,335.200346489009
2026-08-26,ILI incidence,2026-08-23,1,LU,quantile,0.5,631.410376963538
2026-08-26,ILI incidence,2026-08-23,1,LU,quantile,0.55,915.065405580426
2026-08-26,ILI incidence,2026-08-23,1,LU,quantile,0.6,1195.04079150961
2026-08-26,ILI incidence,2026-08-23,1,LU,quantile,0.65,1484.26200385081
2026-08-26,ILI incidence,2026-08-23,1,LU,quantile,0.7,1800.88824450306
2026-08-26,ILI incidence,2026-08-23,1,LU,quantile,0.75,2129.94323231183
2026-08-26,ILI incidence,2026-08-23,1,LU,quantile,0.8,2561.64662894198
2026-08-26,ILI incidence,2026-08-23,1,LU,quantile,0.85,2946.88086273977
2026-08-26,ILI incidence,2026-08-23,1,LU,quantile,0.9,3489.08434081832
2026-08-26,ILI incidence,2026-08-23,1,LU,quantile,0.95,4248.88717199131
2026-08-26,ILI incidence,2026-08-23,1,LU,quantile,0.975,5022.55125314035
2026-08-26,ILI incidence,2026-08-23,1,LU,quantile,0.99,5933.00360966779
2026-08-26,ILI incidence,2026-08-30,2,LU,median,,1073.31398204217
2026-08-26,ILI incidence,2026-08-30,2,LU,quantile,0.01,0
2026-08-26,ILI incidence,2026-08-30,2,LU,quantile,0.025,0
2026-08-26,ILI incidence,2026-08-30,2,LU,quantile,0.05,0
2026-08-26,ILI incidence,2026-08-30,2,LU,quantile,0.1,0
2026-08-26,ILI incidence,2026-08-30,2,LU,quantile,0.15,0
2026-08-26,ILI incidence,2026-08-30,2,LU,quantile,0.2,0
2026-08-26,ILI incidence,2026-08-30,2,LU,quantile,0.25,0
2026-08-26,ILI incidence,2026-08-30,2,LU,quantile,0.3,0
2026-08-26,ILI incidence,2026-08-30,2,LU,quantile,0.35,22.7816736136027
2026-08-26,ILI incidence,2026-08-30,2,LU,quantile,0.4,386.510212241573
2026-08-26,ILI incidence,2026-08-30,2,LU,quantile,0.45,735.329460876552
2026-08-26,ILI incidence,2026-08-30,2,LU,quantile,0.5,1053.19216895174
2026-08-26,ILI incidence,2026-08-30,2,LU,quantile,0.55,1386.22552583157
2026-08-26,ILI incidence,2026-08-30,2,LU,quantile,0.6,1716.74720293085
2026-08-26,ILI incidence,2026-08-30,2,LU,quantile,0.65,2094.68784055189
2026-08-26,ILI incidence,2026-08-30,2,LU,quantile,0.7,2456.3645597719
2026-08-26,ILI incidence,2026-08-30,2,LU,quantile,0.75,2829.97716925766
2026-08-26,ILI incidence,2026-08-30,2,LU,quantile,0.8,3241.17919170978
2026-08-26,ILI incidence,2026-08-30,2,LU,quantile,0.85,3783.02725884984
2026-08-26,ILI incidence,2026-08-30,2,LU,quantile,0.9,4394.84295166445
2026-08-26,ILI incidence,2026-08-30,2,LU,quantile,0.95,5377.69761075911
2026-08-26,ILI incidence,2026-08-30,2,LU,quantile,0.975,6172.09512153962
2026-08-26,ILI incidence,2026-08-30,2,LU,quantile,0.99,7031.43316091581
2026-08-26,ILI incidence,2026-09-06,3,LU,median,,1536.68007307051
2026-08-26,ILI incidence,2026-09-06,3,LU,quantile,0.01,0
2026-08-26,ILI incidence,2026-09-06,3,LU,quantile,0.025,0
2026-08-26,ILI incidence,2026-09-06,3,LU,quantile,0.05,0
2026-08-26,ILI incidence,2026-09-06,3,LU,quantile,0.1,0
2026-08-26,ILI incidence,2026-09-06,3,LU,quantile,0.15,0
2026-08-26,ILI incidence,2026-09-06,3,LU,quantile,0.2,0
2026-08-26,ILI incidence,2026-09-06,3,LU,quantile,0.25,0
2026-08-26,ILI incidence,2026-09-06,3,LU,quantile,0.3,0
2026-08-26,ILI incidence,2026-09-06,3,LU,quantile,0.35,328.414754903567
2026-08-26,ILI incidence,2026-09-06,3,LU,quantile,0.4,726.029964379994
2026-08-26,ILI incidence,2026-09-06,3,LU,quantile,0.45,1101.86714860785
2026-08-26,ILI incidence,2026-09-06,3,LU,quantile,0.5,1490.73334213117
2026-08-26,ILI incidence,2026-09-06,3,LU,quantile,0.55,1899.71021700077
2026-08-26,ILI incidence,2026-09-06,3,LU,quantile,0.6,2306.5161411383
2026-08-26,ILI incidence,2026-09-06,3,LU,quantile,0.65,2704.93626337221
2026-08-26,ILI incidence,2026-09-06,3,LU,quantile,0.7,3119.59582960092
2026-08-26,ILI incidence,2026-09-06,3,LU,quantile,0.75,3603.06385653351
2026-08-26,ILI incidence,2026-09-06,3,LU,quantile,0.8,4101.59345438205
2026-08-26,ILI incidence,2026-09-06,3,LU,quantile,0.85,4711.43234810345
2026-08-26,ILI incidence,2026-09-06,3,LU,quantile,0.9,5500.89725620214
2026-08-26,ILI incidence,2026-09-06,3,LU,quantile,0.95,6601.53200211882
2026-08-26,ILI incidence,2026-09-06,3,LU,quantile,0.975,7518.29077850242
2026-08-26,ILI incidence,2026-09-06,3,LU,quantile,0.99,8667.34911134852
2026-08-26,ILI incidence,2026-09-13,4,LU,median,,1879.69914489666
2026-08-26,ILI incidence,2026-09-13,4,LU,quantile,0.01,0
2026-08-26,ILI incidence,2026-09-13,4,LU,quantile,0.025,0
2026-08-26,ILI incidence,2026-09-13,4,LU,quantile,0.05,0
2026-08-26,ILI incidence,2026-09-13,4,LU,quantile,0.1,0
2026-08-26,ILI incidence,2026-09-13,4,LU,quantile,0.15,0
2026-08-26,ILI incidence,2026-09-13,4,LU,quantile,0.2,0
2026-08-26,ILI incidence,2026-09-13,4,LU,quantile,0.25,0
2026-08-26,ILI incidence,2026-09-13,4,LU,quantile,0.3,105.003988619632
2026-08-26,ILI incidence,2026-09-13,4,LU,quantile,0.35,562.750377148539
2026-08-26,ILI incidence,2026-09-13,4,LU,quantile,0.4,991.51882139938
2026-08-26,ILI incidence,2026-09-13,4,LU,quantile,0.45,1449.36700324288
2026-08-26,ILI incidence,2026-09-13,4,LU,quantile,0.5,1871.01467647987
2026-08-26,ILI incidence,2026-09-13,4,LU,quantile,0.55,2285.28738706094
2026-08-26,ILI incidence,2026-09-13,4,LU,quantile,0.6,2696.41063173233
2026-08-26,ILI incidence,2026-09-13,4,LU,quantile,0.65,3146.16695814264
2026-08-26,ILI incidence,2026-09-13,4,LU,quantile,0.7,3617.7496609305
2026-08-26,ILI incidence,2026-09-13,4,LU,quantile,0.75,4096.71384670878
2026-08-26,ILI incidence,2026-09-13,4,LU,quantile,0.8,4598.10925907745
2026-08-26,ILI incidence,2026-09-13,4,LU,quantile,0.85,5209.43204841958
2026-08-26,ILI incidence,2026-09-13,4,LU,quantile,0.9,5970.47156680209
2026-08-26,ILI incidence,2026-09-13,4,LU,quantile,0.95,7124.7911123203
2026-08-26,ILI incidence,2026-09-13,4,LU,quantile,0.975,8191.64223330738
2026-08-26,ILI incidence,2026-09-13,4,LU,quantile,0.99,9599.79744574451
2026-08-26,ILI incidence,2026-08-23,1,MT,median,,4284.23670417146
2026-08-26,ILI incidence,2026-08-23,1,MT,quantile,0.01,693.518501531497
2026-08-26,ILI incidence,2026-08-23,1,MT,quantile,0.025,1295.68615804409
2026-08-26,ILI incidence,2026-08-23,1,MT,quantile,0.05,1721.34153284794
2026-08-26,ILI incidence,2026-08-23,1,MT,quantile,0.1,2313.65643312123
2026-08-26,ILI incidence,2026-08-23,1,MT,quantile,0.15,2679.29448916652
2026-08-26,ILI incidence,2026-08-23,1,MT,quantile,0.2,2966.20920654891
2026-08-26,ILI incidence,2026-08-23,1,MT,quantile,0.25,3233.44494635936
2026-08-26,ILI incidence,2026-08-23,1,MT,quantile,0.3,3473.33343089403
2026-08-26,ILI incidence,2026-08-23,1,MT,quantile,0.35,3689.73376814705
2026-08-26,ILI incidence,2026-08-23,1,MT,quantile,0.4,3883.91247993589
2026-08-26,ILI incidence,2026-08-23,1,MT,quantile,0.45,4078.61373482005
2026-08-26,ILI incidence,2026-08-23,1,MT,quantile,0.5,4273.21304169742
2026-08-26,ILI incidence,2026-08-23,1,MT,quantile,0.55,4466.41099406018
2026-08-26,ILI incidence,2026-08-23,1,MT,quantile,0.6,4671.60878033852
2026-08-26,ILI incidence,2026-08-23,1,MT,quantile,0.65,4872.74522464093
2026-08-26,ILI incidence,2026-08-23,1,MT,quantile,0.7,5093.41355720916
2026-08-26,ILI incidence,2026-08-23,1,MT,quantile,0.75,5328.27177763855
2026-08-26,ILI incidence,2026-08-23,1,MT,quantile,0.8,5597.79459657325
2026-08-26,ILI incidence,2026-08-23,1,MT,quantile,0.85,5879.34361878529
2026-08-26,ILI incidence,2026-08-23,1,MT,quantile,0.9,6254.07565825522
2026-08-26,ILI incidence,2026-08-23,1,MT,quantile,0.95,6818.68724262356
2026-08-26,ILI incidence,2026-08-23,1,MT,quantile,0.975,7241.22425687096
2026-08-26,ILI incidence,2026-08-23,1,MT,quantile,0.99,7797.23687497215
2026-08-26,ILI incidence,2026-08-30,2,MT,median,,4941.29158570289
2026-08-26,ILI incidence,2026-08-30,2,MT,quantile,0.01,721.532128939959
2026-08-26,ILI incidence,2026-08-30,2,MT,quantile,0.025,1386.01345937631
2026-08-26,ILI incidence,2026-08-30,2,MT,quantile,0.05,1925.23439239346
2026-08-26,ILI incidence,2026-08-30,2,MT,quantile,0.1,2609.23449684
2026-08-26,ILI incidence,2026-08-30,2,MT,quantile,0.15,3068.81297273779
2026-08-26,ILI incidence,2026-08-30,2,MT,quantile,0.2,3411.77915746963
2026-08-26,ILI incidence,2026-08-30,2,MT,quantile,0.25,3713.9841692463
2026-08-26,ILI incidence,2026-08-30,2,MT,quantile,0.3,3970.82400770988
2026-08-26,ILI incidence,2026-08-30,2,MT,quantile,0.35,4219.90627777752
2026-08-26,ILI incidence,2026-08-30,2,MT,quantile,0.4,4465.9066085024
2026-08-26,ILI incidence,2026-08-30,2,MT,quantile,0.45,4705.88473345729
2026-08-26,ILI incidence,2026-08-30,2,MT,quantile,0.5,4926.95637224784
2026-08-26,ILI incidence,2026-08-30,2,MT,quantile,0.55,5181.07362646952
2026-08-26,ILI incidence,2026-08-30,2,MT,quantile,0.6,5407.86587270857
2026-08-26,ILI incidence,2026-08-30,2,MT,quantile,0.65,5631.39051075853
2026-08-26,ILI incidence,2026-08-30,2,MT,quantile,0.7,5883.7988274676
2026-08-26,ILI incidence,2026-08-30,2,MT,quantile,0.75,6139.67273247497
2026-08-26,ILI incidence,2026-08-30,2,MT,quantile,0.8,6452.92261056851
2026-08-26,ILI incidence,2026-08-30,2,MT,quantile,0.85,6816.9688088542
2026-08-26,ILI incidence,2026-08-30,2,MT,quantile,0.9,7246.84707946569
2026-08-26,ILI incidence,2026-08-30,2,MT,quantile,0.95,7923.5710750143
2026-08-26,ILI incidence,2026-08-30,2,MT,quantile,0.975,8496.64255828881
2026-08-26,ILI incidence,2026-08-30,2,MT,quantile,0.99,9149.29510724517
2026-08-26,ILI incidence,2026-09-06,3,MT,median,,4703.40099002759
2026-08-26,ILI incidence,2026-09-06,3,MT,quantile,0.01,0
2026-08-26,ILI incidence,2026-09-06,3,MT,quantile,0.025,806.526060634746
2026-08-26,ILI incidence,2026-09-06,3,MT,quantile,0.05,1470.35933498667
2026-08-26,ILI incidence,2026-09-06,3,MT,quantile,0.1,2139.03329459824
2026-08-26,ILI incidence,2026-09-06,3,MT,quantile,0.15,2608.60899707314
2026-08-26,ILI incidence,2026-09-06,3,MT,quantile,0.2,2983.68442183606
2026-08-26,ILI incidence,2026-09-06,3,MT,quantile,0.25,3328.69629702354
2026-08-26,ILI incidence,2026-09-06,3,MT,quantile,0.3,3648.36708545676
2026-08-26,ILI incidence,2026-09-06,3,MT,quantile,0.35,3931.21010656017
2026-08-26,ILI incidence,2026-09-06,3,MT,quantile,0.4,4215.11175313261
2026-08-26,ILI incidence,2026-09-06,3,MT,quantile,0.45,4458.62081232944
2026-08-26,ILI incidence,2026-09-06,3,MT,quantile,0.5,4702.32012028254
2026-08-26,ILI incidence,2026-09-06,3,MT,quantile,0.55,4952.04499859615
2026-08-26,ILI incidence,2026-09-06,3,MT,quantile,0.6,5205.8339992145
2026-08-26,ILI incidence,2026-09-06,3,MT,quantile,0.65,5481.47959472875
2026-08-26,ILI incidence,2026-09-06,3,MT,quantile,0.7,5764.20744035226
2026-08-26,ILI incidence,2026-09-06,3,MT,quantile,0.75,6057.60666918382
2026-08-26,ILI incidence,2026-09-06,3,MT,quantile,0.8,6396.70765792718
2026-08-26,ILI incidence,2026-09-06,3,MT,quantile,0.85,6755.03183003696
2026-08-26,ILI incidence,2026-09-06,3,MT,quantile,0.9,7262.71246255527
2026-08-26,ILI incidence,2026-09-06,3,MT,quantile,0.95,7984.00194812443
2026-08-26,ILI incidence,2026-09-06,3,MT,quantile,0.975,8564.49247557854
2026-08-26,ILI incidence,2026-09-06,3,MT,quantile,0.99,9263.53289904328
2026-08-26,ILI incidence,2026-09-13,4,MT,median,,4659.24679188304
2026-08-26,ILI incidence,2026-09-13,4,MT,quantile,0.01,0
2026-08-26,ILI incidence,2026-09-13,4,MT,quantile,0.025,191.731526466433
2026-08-26,ILI incidence,2026-09-13,4,MT,quantile,0.05,900.235962814227
2026-08-26,ILI incidence,2026-09-13,4,MT,quantile,0.1,1729.14739768819
2026-08-26,ILI incidence,2026-09-13,4,MT,quantile,0.15,2287.85366184907
2026-08-26,ILI incidence,2026-09-13,4,MT,quantile,0.2,2730.6100908861
2026-08-26,ILI incidence,2026-09-13,4,MT,quantile,0.25,3095.0104005709
2026-08-26,ILI incidence,2026-09-13,4,MT,quantile,0.3,3428.06479888567
2026-08-26,ILI incidence,2026-09-13,4,MT,quantile,0.35,3742.03876929859
2026-08-26,ILI incidence,2026-09-13,4,MT,quantile,0.4,4026.44952723888
2026-08-26,ILI incidence,2026-09-13,4,MT,quantile,0.45,4322.4959836383
2026-08-26,ILI incidence,2026-09-13,4,MT,quantile,0.5,4625.15600033124
2026-08-26,ILI incidence,2026-09-13,4,MT,quantile,0.55,4931.50957698193
2026-08-26,ILI incidence,2026-09-13,4,MT,quantile,0.6,5214.29510248127
2026-08-26,ILI incidence,2026-09-13,4,MT,quantile,0.65,5495.62373137076
2026-08-26,ILI incidence,2026-09-13,4,MT,quantile,0.7,5808.87367979252
2026-08-26,ILI incidence,2026-09-13,4,MT,quantile,0.75,6166.16853010656
2026-08-26,ILI incidence,2026-09-13,4,MT,quantile,0.8,6536.29493826886
2026-08-26,ILI incidence,2026-09-13,4,MT,quantile,0.85,6978.52995929533
2026-08-26,ILI incidence,2026-09-13,4,MT,quantile,0.9,7516.06200197949
2026-08-26,ILI incidence,2026-09-13,4,MT,quantile,0.95,8333.38455053915
2026-08-26,ILI incidence,2026-09-13,4,MT,quantile,0.975,9005.37381593933
2026-08-26,ILI incidence,2026-09-13,4,MT,quantile,0.99,9882.72455457941
2026-08-26,ILI incidence,2026-08-23,1,NO,median,,11.3466934201467
2026-08-26,ILI incidence,2026-08-23,1,NO,quantile,0.01,0
2026-08-26,ILI incidence,2026-08-23,1,NO,quantile,0.025,0
2026-08-26,ILI incidence,2026-08-23,1,NO,quantile,0.05,0
2026-08-26,ILI incidence,2026-08-23,1,NO,quantile,0.1,0
2026-08-26,ILI incidence,2026-08-23,1,NO,quantile,0.15,0
2026-08-26,ILI incidence,2026-08-23,1,NO,quantile,0.2,0
2026-08-26,ILI incidence,2026-08-23,1,NO,quantile,0.25,1.69547063364932
2026-08-26,ILI incidence,2026-08-23,1,NO,quantile,0.3,3.88565513502974
2026-08-26,ILI incidence,2026-08-23,1,NO,quantile,0.35,5.90639873762928
2026-08-26,ILI incidence,2026-08-23,1,NO,quantile,0.4,7.66993669759985
2026-08-26,ILI incidence,2026-08-23,1,NO,quantile,0.45,9.4746224023688
2026-08-26,ILI incidence,2026-08-23,1,NO,quantile,0.5,11.2383118719771
2026-08-26,ILI incidence,2026-08-23,1,NO,quantile,0.55,13.2467246650248
2026-08-26,ILI incidence,2026-08-23,1,NO,quantile,0.6,15.1348604507165
2026-08-26,ILI incidence,2026-08-23,1,NO,quantile,0.65,17.0081388659736
2026-08-26,ILI incidence,2026-08-23,1,NO,quantile,0.7,18.7927287683422
2026-08-26,ILI incidence,2026-08-23,1,NO,quantile,0.75,21.0628194606337
2026-08-26,ILI incidence,2026-08-23,1,NO,quantile,0.8,23.6186608047478
2026-08-26,ILI incidence,2026-08-23,1,NO,quantile,0.85,26.3145425641264
2026-08-26,ILI incidence,2026-08-23,1,NO,quantile,0.9,29.7769383811784
2026-08-26,ILI incidence,2026-08-23,1,NO,quantile,0.95,35.0564380341543
2026-08-26,ILI incidence,2026-08-23,1,NO,quantile,0.975,39.2618376624719
2026-08-26,ILI incidence,2026-08-23,1,NO,quantile,0.99,43.9914706226884
2026-08-26,ILI incidence,2026-08-30,2,NO,median,,14.6773792070446
2026-08-26,ILI incidence,2026-08-30,2,NO,quantile,0.01,0
2026-08-26,ILI incidence,2026-08-30,2,NO,quantile,0.025,0
2026-08-26,ILI incidence,2026-08-30,2,NO,quantile,0.05,0
2026-08-26,ILI incidence,2026-08-30,2,NO,quantile,0.1,0
2026-08-26,ILI incidence,2026-08-30,2,NO,quantile,0.15,0
2026-08-26,ILI incidence,2026-08-30,2,NO,quantile,0.2,0
2026-08-26,ILI incidence,2026-08-30,2,NO,quantile,0.25,1.43408218466512
2026-08-26,ILI incidence,2026-08-30,2,NO,quantile,0.3,4.31579224521722
2026-08-26,ILI incidence,2026-08-30,2,NO,quantile,0.35,7.32988888916637
2026-08-26,ILI incidence,2026-08-30,2,NO,quantile,0.4,9.83620718891699
2026-08-26,ILI incidence,2026-08-30,2,NO,quantile,0.45,12.2939173034029
2026-08-26,ILI incidence,2026-08-30,2,NO,quantile,0.5,14.6601223081138
2026-08-26,ILI incidence,2026-08-30,2,NO,quantile,0.55,17.1589232055913
2026-08-26,ILI incidence,2026-08-30,2,NO,quantile,0.6,19.3410954812027
2026-08-26,ILI incidence,2026-08-30,2,NO,quantile,0.65,21.9162999567747
2026-08-26,ILI incidence,2026-08-30,2,NO,quantile,0.7,24.7358160279328
2026-08-26,ILI incidence,2026-08-30,2,NO,quantile,0.75,27.67557714885
2026-08-26,ILI incidence,2026-08-30,2,NO,quantile,0.8,31.047775978879
2026-08-26,ILI incidence,2026-08-30,2,NO,quantile,0.85,35.4266399673061
2026-08-26,ILI incidence,2026-08-30,2,NO,quantile,0.9,40.2009501795077
2026-08-26,ILI incidence,2026-08-30,2,NO,quantile,0.95,47.0879138954774
2026-08-26,ILI incidence,2026-08-30,2,NO,quantile,0.975,53.7145535322645
2026-08-26,ILI incidence,2026-08-30,2,NO,quantile,0.99,61.1924625798934
2026-08-26,ILI incidence,2026-09-06,3,NO,median,,17.4409851361139
2026-08-26,ILI incidence,2026-09-06,3,NO,quantile,0.01,0
2026-08-26,ILI incidence,2026-09-06,3,NO,quantile,0.025,0
2026-08-26,ILI incidence,2026-09-06,3,NO,quantile,0.05,0
2026-08-26,ILI incidence,2026-09-06,3,NO,quantile,0.1,0
2026-08-26,ILI incidence,2026-09-06,3,NO,quantile,0.15,0
2026-08-26,ILI incidence,2026-09-06,3,NO,quantile,0.2,0
2026-08-26,ILI incidence,2026-09-06,3,NO,quantile,0.25,1.76895523976314
2026-08-26,ILI incidence,2026-09-06,3,NO,quantile,0.3,5.25096120871778
2026-08-26,ILI incidence,2026-09-06,3,NO,quantile,0.35,8.35067111682169
2026-08-26,ILI incidence,2026-09-06,3,NO,quantile,0.4,11.3741074174412
2026-08-26,ILI incidence,2026-09-06,3,NO,quantile,0.45,14.0406904678637
2026-08-26,ILI incidence,2026-09-06,3,NO,quantile,0.5,17.1790935264191
2026-08-26,ILI incidence,2026-09-06,3,NO,quantile,0.55,20.1713409641114
2026-08-26,ILI incidence,2026-09-06,3,NO,quantile,0.6,23.2152494772914
2026-08-26,ILI incidence,2026-09-06,3,NO,quantile,0.65,26.1500215208896
2026-08-26,ILI incidence,2026-09-06,3,NO,quantile,0.7,29.2334234319229
2026-08-26,ILI incidence,2026-09-06,3,NO,quantile,0.75,32.9686813290001
2026-08-26,ILI incidence,2026-09-06,3,NO,quantile,0.8,36.9495061888525
2026-08-26,ILI incidence,2026-09-06,3,NO,quantile,0.85,41.6339441806815
2026-08-26,ILI incidence,2026-09-06,3,NO,quantile,0.9,46.9972555070664
2026-08-26,ILI incidence,2026-09-06,3,NO,quantile,0.95,55.1843358571649
2026-08-26,ILI incidence,2026-09-06,3,NO,quantile,0.975,62.9219564993526
2026-08-26,ILI incidence,2026-09-06,3,NO,quantile,0.99,71.1338559859858
2026-08-26,ILI incidence,2026-09-13,4,NO,median,,20.3789560361779
2026-08-26,ILI incidence,2026-09-13,4,NO,quantile,0.01,0
2026-08-26,ILI incidence,2026-09-13,4,NO,quantile,0.025,0
2026-08-26,ILI incidence,2026-09-13,4,NO,quantile,0.05,0
2026-08-26,ILI incidence,2026-09-13,4,NO,quantile,0.1,0
2026-08-26,ILI incidence,2026-09-13,4,NO,quantile,0.15,0
2026-08-26,ILI incidence,2026-09-13,4,NO,quantile,0.2,0
2026-08-26,ILI incidence,2026-09-13,4,NO,quantile,0.25,2.33286488808189
2026-08-26,ILI incidence,2026-09-13,4,NO,quantile,0.3,6.22933106731872
2026-08-26,ILI incidence,2026-09-13,4,NO,quantile,0.35,9.80199058539956
2026-08-26,ILI incidence,2026-09-13,4,NO,quantile,0.4,13.319783356176501
2026-08-26,ILI incidence,2026-09-13,4,NO,quantile,0.45,16.7797781513453
2026-08-26,ILI incidence,2026-09-13,4,NO,quantile,0.5,20.2558447976732
2026-08-26,ILI incidence,2026-09-13,4,NO,quantile,0.55,23.7500708375859
2026-08-26,ILI incidence,2026-09-13,4,NO,quantile,0.6,27.0856285525147
2026-08-26,ILI incidence,2026-09-13,4,NO,quantile,0.65,30.6307089962722
2026-08-26,ILI incidence,2026-09-13,4,NO,quantile,0.7,34.3261943516933
2026-08-26,ILI incidence,2026-09-13,4,NO,quantile,0.75,38.4922823132043
2026-08-26,ILI incidence,2026-09-13,4,NO,quantile,0.8,42.9211535391678
2026-08-26,ILI incidence,2026-09-13,4,NO,quantile,0.85,47.8635275720772
2026-08-26,ILI incidence,2026-09-13,4,NO,quantile,0.9,54.7997792638453
2026-08-26,ILI incidence,2026-09-13,4,NO,quantile,0.95,64.106709166908
2026-08-26,ILI incidence,2026-09-13,4,NO,quantile,0.975,72.7906664676518
2026-08-26,ILI incidence,2026-09-13,4,NO,quantile,0.99,82.7379016351861
2026-08-26,ILI incidence,2026-08-23,1,SI,median,,5.32941634385854
2026-08-26,ILI incidence,2026-08-23,1,SI,quantile,0.01,0
2026-08-26,ILI incidence,2026-08-23,1,SI,quantile,0.025,0
2026-08-26,ILI incidence,2026-08-23,1,SI,quantile,0.05,0
2026-08-26,ILI incidence,2026-08-23,1,SI,quantile,0.1,0
2026-08-26,ILI incidence,2026-08-23,1,SI,quantile,0.15,0
2026-08-26,ILI incidence,2026-08-23,1,SI,quantile,0.2,0
2026-08-26,ILI incidence,2026-08-23,1,SI,quantile,0.25,0
2026-08-26,ILI incidence,2026-08-23,1,SI,quantile,0.3,0
2026-08-26,ILI incidence,2026-08-23,1,SI,quantile,0.35,0
2026-08-26,ILI incidence,2026-08-23,1,SI,quantile,0.4,0
2026-08-26,ILI incidence,2026-08-23,1,SI,quantile,0.45,2.25531341170555
2026-08-26,ILI incidence,2026-08-23,1,SI,quantile,0.5,6.00677938670361
2026-08-26,ILI incidence,2026-08-23,1,SI,quantile,0.55,9.56089070712629
2026-08-26,ILI incidence,2026-08-23,1,SI,quantile,0.6,13.2501862579994
2026-08-26,ILI incidence,2026-08-23,1,SI,quantile,0.65,17.0138068727254
2026-08-26,ILI incidence,2026-08-23,1,SI,quantile,0.7,21.1122726309905
2026-08-26,ILI incidence,2026-08-23,1,SI,quantile,0.75,25.5814742770603
2026-08-26,ILI incidence,2026-08-23,1,SI,quantile,0.8,30.5558681358341
2026-08-26,ILI incidence,2026-08-23,1,SI,quantile,0.85,36.3542524762302
2026-08-26,ILI incidence,2026-08-23,1,SI,quantile,0.9,44.0544577948078
2026-08-26,ILI incidence,2026-08-23,1,SI,quantile,0.95,54.933500880384
2026-08-26,ILI incidence,2026-08-23,1,SI,quantile,0.975,65.4520233875456
2026-08-26,ILI incidence,2026-08-23,1,SI,quantile,0.99,77.6925534750754
2026-08-26,ILI incidence,2026-08-30,2,SI,median,,10.3042708670008
2026-08-26,ILI incidence,2026-08-30,2,SI,quantile,0.01,0
2026-08-26,ILI incidence,2026-08-30,2,SI,quantile,0.025,0
2026-08-26,ILI incidence,2026-08-30,2,SI,quantile,0.05,0
2026-08-26,ILI incidence,2026-08-30,2,SI,quantile,0.1,0
2026-08-26,ILI incidence,2026-08-30,2,SI,quantile,0.15,0
2026-08-26,ILI incidence,2026-08-30,2,SI,quantile,0.2,0
2026-08-26,ILI incidence,2026-08-30,2,SI,quantile,0.25,0
2026-08-26,ILI incidence,2026-08-30,2,SI,quantile,0.3,0
2026-08-26,ILI incidence,2026-08-30,2,SI,quantile,0.35,0
2026-08-26,ILI incidence,2026-08-30,2,SI,quantile,0.4,0
2026-08-26,ILI incidence,2026-08-30,2,SI,quantile,0.45,5.26380879952391
2026-08-26,ILI incidence,2026-08-30,2,SI,quantile,0.5,11.2707883786147
2026-08-26,ILI incidence,2026-08-30,2,SI,quantile,0.55,16.7743666581545
2026-08-26,ILI incidence,2026-08-30,2,SI,quantile,0.6,22.5783363931906
2026-08-26,ILI incidence,2026-08-30,2,SI,quantile,0.65,28.9192112236432
2026-08-26,ILI incidence,2026-08-30,2,SI,quantile,0.7,35.7362511204426
2026-08-26,ILI incidence,2026-08-30,2,SI,quantile,0.75,42.6670467511763
2026-08-26,ILI incidence,2026-08-30,2,SI,quantile,0.8,49.9299329894815
2026-08-26,ILI incidence,2026-08-30,2,SI,quantile,0.85,58.6450461893064
2026-08-26,ILI incidence,2026-08-30,2,SI,quantile,0.9,70.4672946166742
2026-08-26,ILI incidence,2026-08-30,2,SI,quantile,0.95,86.9603106393699
2026-08-26,ILI incidence,2026-08-30,2,SI,quantile,0.975,101.37307228411
2026-08-26,ILI incidence,2026-08-30,2,SI,quantile,0.99,120.021426674816
2026-08-26,ILI incidence,2026-09-06,3,SI,median,,15.120165452511
2026-08-26,ILI incidence,2026-09-06,3,SI,quantile,0.01,0
2026-08-26,ILI incidence,2026-09-06,3,SI,quantile,0.025,0
2026-08-26,ILI incidence,2026-09-06,3,SI,quantile,0.05,0
2026-08-26,ILI incidence,2026-09-06,3,SI,quantile,0.1,0
2026-08-26,ILI incidence,2026-09-06,3,SI,quantile,0.15,0
2026-08-26,ILI incidence,2026-09-06,3,SI,quantile,0.2,0
2026-08-26,ILI incidence,2026-09-06,3,SI,quantile,0.25,0
2026-08-26,ILI incidence,2026-09-06,3,SI,quantile,0.3,0
2026-08-26,ILI incidence,2026-09-06,3,SI,quantile,0.35,0
2026-08-26,ILI incidence,2026-09-06,3,SI,quantile,0.4,1.63067005240282
2026-08-26,ILI incidence,2026-09-06,3,SI,quantile,0.45,9.61548905513054
2026-08-26,ILI incidence,2026-09-06,3,SI,quantile,0.5,16.5604681900995
2026-08-26,ILI incidence,2026-09-06,3,SI,quantile,0.55,23.6269340842781
2026-08-26,ILI incidence,2026-09-06,3,SI,quantile,0.6,30.8138878288417
2026-08-26,ILI incidence,2026-09-06,3,SI,quantile,0.65,38.7110117714734
2026-08-26,ILI incidence,2026-09-06,3,SI,quantile,0.7,46.3942505213423
2026-08-26,ILI incidence,2026-09-06,3,SI,quantile,0.75,55.4802966618757
2026-08-26,ILI incidence,2026-09-06,3,SI,quantile,0.8,65.4526798765229
2026-08-26,ILI incidence,2026-09-06,3,SI,quantile,0.85,77.3120577623188
2026-08-26,ILI incidence,2026-09-06,3,SI,quantile,0.9,92.0378743358821
2026-08-26,ILI incidence,2026-09-06,3,SI,quantile,0.95,114.454952787092
2026-08-26,ILI incidence,2026-09-06,3,SI,quantile,0.975,133.419969225173
2026-08-26,ILI incidence,2026-09-06,3,SI,quantile,0.99,154.323609851175
2026-08-26,ILI incidence,2026-09-13,4,SI,median,,18.7292652091115
2026-08-26,ILI incidence,2026-09-13,4,SI,quantile,0.01,0
2026-08-26,ILI incidence,2026-09-13,4,SI,quantile,0.025,0
2026-08-26,ILI incidence,2026-09-13,4,SI,quantile,0.05,0
2026-08-26,ILI incidence,2026-09-13,4,SI,quantile,0.1,0
2026-08-26,ILI incidence,2026-09-13,4,SI,quantile,0.15,0
2026-08-26,ILI incidence,2026-09-13,4,SI,quantile,0.2,0
2026-08-26,ILI incidence,2026-09-13,4,SI,quantile,0.25,0
2026-08-26,ILI incidence,2026-09-13,4,SI,quantile,0.3,0
2026-08-26,ILI incidence,2026-09-13,4,SI,quantile,0.35,0
2026-08-26,ILI incidence,2026-09-13,4,SI,quantile,0.4,3.04415207579872
2026-08-26,ILI incidence,2026-09-13,4,SI,quantile,0.45,11.7469709156227
2026-08-26,ILI incidence,2026-09-13,4,SI,quantile,0.5,19.8862432858871
2026-08-26,ILI incidence,2026-09-13,4,SI,quantile,0.55,28.1533480900906
2026-08-26,ILI incidence,2026-09-13,4,SI,quantile,0.6,36.6342497843256
2026-08-26,ILI incidence,2026-09-13,4,SI,quantile,0.65,45.4352545390563
2026-08-26,ILI incidence,2026-09-13,4,SI,quantile,0.7,54.5474626250889
2026-08-26,ILI incidence,2026-09-13,4,SI,quantile,0.75,64.4965965741063
2026-08-26,ILI incidence,2026-09-13,4,SI,quantile,0.8,75.6787224245775
2026-08-26,ILI incidence,2026-09-13,4,SI,quantile,0.85,88.0964593453726
2026-08-26,ILI incidence,2026-09-13,4,SI,quantile,0.9,104.3447614953
2026-08-26,ILI incidence,2026-09-13,4,SI,quantile,0.95,126.312688529785
2026-08-26,ILI incidence,2026-09-13,4,SI,quantile,0.975,145.096086647353
2026-08-26,ILI incidence,2026-09-13,4,SI,quantile,0.99,173.479868738615
2026-08-26,ARI incidence,2026-08-23,1,BE,median,,249.296740337896
2026-08-26,ARI incidence,2026-08-23,1,BE,quantile,0.01,85.3200254565341
2026-08-26,ARI incidence,2026-08-23,1,BE,quantile,0.025,106.027247238453
2026-08-26,ARI incidence,2026-08-23,1,BE,quantile,0.05,123.875982055515
2026-08-26,ARI incidence,2026-08-23,1,BE,quantile,0.1,147.451988213157
2026-08-26,ARI incidence,2026-08-23,1,BE,quantile,0.15,164.563186230212
2026-08-26,ARI incidence,2026-08-23,1,BE,quantile,0.2,179.143881202799
2026-08-26,ARI incidence,2026-08-23,1,BE,quantile,0.25,192.669946699928
2026-08-26,ARI incidence,2026-08-23,1,BE,quantile,0.3,205.270422158029
2026-08-26,ARI incidence,2026-08-23,1,BE,quantile,0.35,217.243553774395
2026-08-26,ARI incidence,2026-08-23,1,BE,quantile,0.4,229.057271077476
2026-08-26,ARI incidence,2026-08-23,1,BE,quantile,0.45,239.585993993754
2026-08-26,ARI incidence,2026-08-23,1,BE,quantile,0.5,250.353832365972
2026-08-26,ARI incidence,2026-08-23,1,BE,quantile,0.55,262.059350371165
2026-08-26,ARI incidence,2026-08-23,1,BE,quantile,0.6,274.245413479419
2026-08-26,ARI incidence,2026-08-23,1,BE,quantile,0.65,287.111510270058
2026-08-26,ARI incidence,2026-08-23,1,BE,quantile,0.7,301.44931117912
2026-08-26,ARI incidence,2026-08-23,1,BE,quantile,0.75,316.406613849091
2026-08-26,ARI incidence,2026-08-23,1,BE,quantile,0.8,334.458604180346
2026-08-26,ARI incidence,2026-08-23,1,BE,quantile,0.85,356.420992401177
2026-08-26,ARI incidence,2026-08-23,1,BE,quantile,0.9,383.089653682318
2026-08-26,ARI incidence,2026-08-23,1,BE,quantile,0.95,425.119800069005
2026-08-26,ARI incidence,2026-08-23,1,BE,quantile,0.975,464.046125401065
2026-08-26,ARI incidence,2026-08-23,1,BE,quantile,0.99,508.049829972945
2026-08-26,ARI incidence,2026-08-30,2,BE,median,,284.869822264886
2026-08-26,ARI incidence,2026-08-30,2,BE,quantile,0.01,67.2167931781869
2026-08-26,ARI incidence,2026-08-30,2,BE,quantile,0.025,90.8242152422592
2026-08-26,ARI incidence,2026-08-30,2,BE,quantile,0.05,110.582045280355
2026-08-26,ARI incidence,2026-08-30,2,BE,quantile,0.1,141.019180951219
2026-08-26,ARI incidence,2026-08-30,2,BE,quantile,0.15,164.392052163576
2026-08-26,ARI incidence,2026-08-30,2,BE,quantile,0.2,185.141366192861
2026-08-26,ARI incidence,2026-08-30,2,BE,quantile,0.25,203.34769471093
2026-08-26,ARI incidence,2026-08-30,2,BE,quantile,0.3,220.289775413019
2026-08-26,ARI incidence,2026-08-30,2,BE,quantile,0.35,237.602257932737
2026-08-26,ARI incidence,2026-08-30,2,BE,quantile,0.4,252.850823411143
2026-08-26,ARI incidence,2026-08-30,2,BE,quantile,0.45,269.203976111142
2026-08-26,ARI incidence,2026-08-30,2,BE,quantile,0.5,287.1473919725
2026-08-26,ARI incidence,2026-08-30,2,BE,quantile,0.55,303.680919817562
2026-08-26,ARI incidence,2026-08-30,2,BE,quantile,0.6,321.736050078068
2026-08-26,ARI incidence,2026-08-30,2,BE,quantile,0.65,340.27163244795
2026-08-26,ARI incidence,2026-08-30,2,BE,quantile,0.7,359.976533766675
2026-08-26,ARI incidence,2026-08-30,2,BE,quantile,0.75,381.128131978622
2026-08-26,ARI incidence,2026-08-30,2,BE,quantile,0.8,405.480331619388
2026-08-26,ARI incidence,2026-08-30,2,BE,quantile,0.85,436.830852654701
2026-08-26,ARI incidence,2026-08-30,2,BE,quantile,0.9,478.41820221791
2026-08-26,ARI incidence,2026-08-30,2,BE,quantile,0.95,541.603773128637
2026-08-26,ARI incidence,2026-08-30,2,BE,quantile,0.975,605.709160647721
2026-08-26,ARI incidence,2026-08-30,2,BE,quantile,0.99,671.775809615492
2026-08-26,ARI incidence,2026-09-06,3,BE,median,,318.230164016853
2026-08-26,ARI incidence,2026-09-06,3,BE,quantile,0.01,42.1263634500635
2026-08-26,ARI incidence,2026-09-06,3,BE,quantile,0.025,71.0546371901392
2026-08-26,ARI incidence,2026-09-06,3,BE,quantile,0.05,97.9019999599416
2026-08-26,ARI incidence,2026-09-06,3,BE,quantile,0.1,135.255690756145
2026-08-26,ARI incidence,2026-09-06,3,BE,quantile,0.15,163.113286651181
2026-08-26,ARI incidence,2026-09-06,3,BE,quantile,0.2,189.370297283491
2026-08-26,ARI incidence,2026-09-06,3,BE,quantile,0.25,211.894130137748
2026-08-26,ARI incidence,2026-09-06,3,BE,quantile,0.3,234.571011043769
2026-08-26,ARI incidence,2026-09-06,3,BE,quantile,0.35,256.174820204283
2026-08-26,ARI incidence,2026-09-06,3,BE,quantile,0.4,277.210881253035
2026-08-26,ARI incidence,2026-09-06,3,BE,quantile,0.45,298.375996593438
2026-08-26,ARI incidence,2026-09-06,3,BE,quantile,0.5,317.263983604044
2026-08-26,ARI incidence,2026-09-06,3,BE,quantile,0.55,339.714787434061
2026-08-26,ARI incidence,2026-09-06,3,BE,quantile,0.6,365.460190232455
2026-08-26,ARI incidence,2026-09-06,3,BE,quantile,0.65,393.529983455027
2026-08-26,ARI incidence,2026-09-06,3,BE,quantile,0.7,419.330024423193
2026-08-26,ARI incidence,2026-09-06,3,BE,quantile,0.75,448.114197839043
2026-08-26,ARI incidence,2026-09-06,3,BE,quantile,0.8,482.586840166296
2026-08-26,ARI incidence,2026-09-06,3,BE,quantile,0.85,523.167167575306
2026-08-26,ARI incidence,2026-09-06,3,BE,quantile,0.9,578.895778349495
2026-08-26,ARI incidence,2026-09-06,3,BE,quantile,0.95,669.820610463701
2026-08-26,ARI incidence,2026-09-06,3,BE,quantile,0.975,746.234056396428
2026-08-26,ARI incidence,2026-09-06,3,BE,quantile,0.99,850.874009256812
2026-08-26,ARI incidence,2026-09-13,4,BE,median,,349.578792122459
2026-08-26,ARI incidence,2026-09-13,4,BE,quantile,0.01,34.7557202274615
2026-08-26,ARI incidence,2026-09-13,4,BE,quantile,0.025,59.6802148828995
2026-08-26,ARI incidence,2026-09-13,4,BE,quantile,0.05,87.922632262714
2026-08-26,ARI incidence,2026-09-13,4,BE,quantile,0.1,133.27749528649
2026-08-26,ARI incidence,2026-09-13,4,BE,quantile,0.15,168.299854733153
2026-08-26,ARI incidence,2026-09-13,4,BE,quantile,0.2,197.052366458856
2026-08-26,ARI incidence,2026-09-13,4,BE,quantile,0.25,223.335742492896
2026-08-26,ARI incidence,2026-09-13,4,BE,quantile,0.3,248.753357275822
2026-08-26,ARI incidence,2026-09-13,4,BE,quantile,0.35,274.330358651011
2026-08-26,ARI incidence,2026-09-13,4,BE,quantile,0.4,298.164497712615
2026-08-26,ARI incidence,2026-09-13,4,BE,quantile,0.45,323.822024289732
2026-08-26,ARI incidence,2026-09-13,4,BE,quantile,0.5,347.624504972781
2026-08-26,ARI incidence,2026-09-13,4,BE,quantile,0.55,375.951051560768
2026-08-26,ARI incidence,2026-09-13,4,BE,quantile,0.6,406.234988342986
2026-08-26,ARI incidence,2026-09-13,4,BE,quantile,0.65,437.34911700818
2026-08-26,ARI incidence,2026-09-13,4,BE,quantile,0.7,470.128373651368
2026-08-26,ARI incidence,2026-09-13,4,BE,quantile,0.75,507.473622342268
2026-08-26,ARI incidence,2026-09-13,4,BE,quantile,0.8,549.763006730164
2026-08-26,ARI incidence,2026-09-13,4,BE,quantile,0.85,600.997098276023
2026-08-26,ARI incidence,2026-09-13,4,BE,quantile,0.9,670.356419120882
2026-08-26,ARI incidence,2026-09-13,4,BE,quantile,0.95,775.513510540891
2026-08-26,ARI incidence,2026-09-13,4,BE,quantile,0.975,877.842674643797
2026-08-26,ARI incidence,2026-09-13,4,BE,quantile,0.99,1003.68546492278
2026-08-26,ARI incidence,2026-08-23,1,BG,median,,197.386356248748
2026-08-26,ARI incidence,2026-08-23,1,BG,quantile,0.01,57.2977578725756
2026-08-26,ARI incidence,2026-08-23,1,BG,quantile,0.025,72.5987694445654
2026-08-26,ARI incidence,2026-08-23,1,BG,quantile,0.05,88.8746964316779
2026-08-26,ARI incidence,2026-08-23,1,BG,quantile,0.1,109.402756019527
2026-08-26,ARI incidence,2026-08-23,1,BG,quantile,0.15,123.684301283919
2026-08-26,ARI incidence,2026-08-23,1,BG,quantile,0.2,136.886120123762
2026-08-26,ARI incidence,2026-08-23,1,BG,quantile,0.25,147.60939653372
2026-08-26,ARI incidence,2026-08-23,1,BG,quantile,0.3,157.798559367158
2026-08-26,ARI incidence,2026-08-23,1,BG,quantile,0.35,167.926842829798
2026-08-26,ARI incidence,2026-08-23,1,BG,quantile,0.4,177.733041920097
2026-08-26,ARI incidence,2026-08-23,1,BG,quantile,0.45,187.831286241855
2026-08-26,ARI incidence,2026-08-23,1,BG,quantile,0.5,197.76936661422
2026-08-26,ARI incidence,2026-08-23,1,BG,quantile,0.55,207.184655554443
2026-08-26,ARI incidence,2026-08-23,1,BG,quantile,0.6,217.553929832572
2026-08-26,ARI incidence,2026-08-23,1,BG,quantile,0.65,228.952423477573
2026-08-26,ARI incidence,2026-08-23,1,BG,quantile,0.7,241.276387241621
2026-08-26,ARI incidence,2026-08-23,1,BG,quantile,0.75,254.925453611078
2026-08-26,ARI incidence,2026-08-23,1,BG,quantile,0.8,270.759809523327
2026-08-26,ARI incidence,2026-08-23,1,BG,quantile,0.85,288.750801978297
2026-08-26,ARI incidence,2026-08-23,1,BG,quantile,0.9,313.504374369285
2026-08-26,ARI incidence,2026-08-23,1,BG,quantile,0.95,351.309021564054
2026-08-26,ARI incidence,2026-08-23,1,BG,quantile,0.975,387.78928119654
2026-08-26,ARI incidence,2026-08-23,1,BG,quantile,0.99,425.285807418351
2026-08-26,ARI incidence,2026-08-30,2,BG,median,,218.840541434612
2026-08-26,ARI incidence,2026-08-30,2,BG,quantile,0.01,30.9283622631922
2026-08-26,ARI incidence,2026-08-30,2,BG,quantile,0.025,48.6696941486645
2026-08-26,ARI incidence,2026-08-30,2,BG,quantile,0.05,67.8438285022637
2026-08-26,ARI incidence,2026-08-30,2,BG,quantile,0.1,92.4923233786241
2026-08-26,ARI incidence,2026-08-30,2,BG,quantile,0.15,112.089511296443
2026-08-26,ARI incidence,2026-08-30,2,BG,quantile,0.2,130.006029102054
2026-08-26,ARI incidence,2026-08-30,2,BG,quantile,0.25,146.433510724254
2026-08-26,ARI incidence,2026-08-30,2,BG,quantile,0.3,162.198018261872
2026-08-26,ARI incidence,2026-08-30,2,BG,quantile,0.35,176.744291386945
2026-08-26,ARI incidence,2026-08-30,2,BG,quantile,0.4,191.141235257985
2026-08-26,ARI incidence,2026-08-30,2,BG,quantile,0.45,204.611583638036
2026-08-26,ARI incidence,2026-08-30,2,BG,quantile,0.5,219.37538038669
2026-08-26,ARI incidence,2026-08-30,2,BG,quantile,0.55,234.780960411069
2026-08-26,ARI incidence,2026-08-30,2,BG,quantile,0.6,250.440995480162
2026-08-26,ARI incidence,2026-08-30,2,BG,quantile,0.65,268.255562468744
2026-08-26,ARI incidence,2026-08-30,2,BG,quantile,0.7,287.984671935444
2026-08-26,ARI incidence,2026-08-30,2,BG,quantile,0.75,310.651054300751
2026-08-26,ARI incidence,2026-08-30,2,BG,quantile,0.8,335.501550795368
2026-08-26,ARI incidence,2026-08-30,2,BG,quantile,0.85,364.816269786375
2026-08-26,ARI incidence,2026-08-30,2,BG,quantile,0.9,399.289836619386
2026-08-26,ARI incidence,2026-08-30,2,BG,quantile,0.95,460.25385315476
2026-08-26,ARI incidence,2026-08-30,2,BG,quantile,0.975,520.721453694455
2026-08-26,ARI incidence,2026-08-30,2,BG,quantile,0.99,587.140814621609
2026-08-26,ARI incidence,2026-09-06,3,BG,median,,237.178041233918
2026-08-26,ARI incidence,2026-09-06,3,BG,quantile,0.01,20.9617585075703
2026-08-26,ARI incidence,2026-09-06,3,BG,quantile,0.025,38.7561602445974
2026-08-26,ARI incidence,2026-09-06,3,BG,quantile,0.05,60.443565278835
2026-08-26,ARI incidence,2026-09-06,3,BG,quantile,0.1,88.1823633472128
2026-08-26,ARI incidence,2026-09-06,3,BG,quantile,0.15,110.131594919053
2026-08-26,ARI incidence,2026-09-06,3,BG,quantile,0.2,131.675111741414
2026-08-26,ARI incidence,2026-09-06,3,BG,quantile,0.25,148.411481640109
2026-08-26,ARI incidence,2026-09-06,3,BG,quantile,0.3,167.059805938815
2026-08-26,ARI incidence,2026-09-06,3,BG,quantile,0.35,184.234218104386
2026-08-26,ARI incidence,2026-09-06,3,BG,quantile,0.4,202.334720371769
2026-08-26,ARI incidence,2026-09-06,3,BG,quantile,0.45,220.154861064538
2026-08-26,ARI incidence,2026-09-06,3,BG,quantile,0.5,238.116474843243
2026-08-26,ARI incidence,2026-09-06,3,BG,quantile,0.55,257.370546167887
2026-08-26,ARI incidence,2026-09-06,3,BG,quantile,0.6,276.544585239325
2026-08-26,ARI incidence,2026-09-06,3,BG,quantile,0.65,299.155985030442
2026-08-26,ARI incidence,2026-09-06,3,BG,quantile,0.7,322.541449807987
2026-08-26,ARI incidence,2026-09-06,3,BG,quantile,0.75,350.09138213821
2026-08-26,ARI incidence,2026-09-06,3,BG,quantile,0.8,378.47318463753
2026-08-26,ARI incidence,2026-09-06,3,BG,quantile,0.85,417.692076613997
2026-08-26,ARI incidence,2026-09-06,3,BG,quantile,0.9,465.757638774078
2026-08-26,ARI incidence,2026-09-06,3,BG,quantile,0.95,535.15962605631
2026-08-26,ARI incidence,2026-09-06,3,BG,quantile,0.975,614.655078806344
2026-08-26,ARI incidence,2026-09-06,3,BG,quantile,0.99,718.808609039593
2026-08-26,ARI incidence,2026-09-13,4,BG,median,,254.915072466346
2026-08-26,ARI incidence,2026-09-13,4,BG,quantile,0.01,16.1659170195089
2026-08-26,ARI incidence,2026-09-13,4,BG,quantile,0.025,33.3310128549562
2026-08-26,ARI incidence,2026-09-13,4,BG,quantile,0.05,53.6517161429383
2026-08-26,ARI incidence,2026-09-13,4,BG,quantile,0.1,85.1817136715207
2026-08-26,ARI incidence,2026-09-13,4,BG,quantile,0.15,110.785254659073
2026-08-26,ARI incidence,2026-09-13,4,BG,quantile,0.2,134.896418849718
2026-08-26,ARI incidence,2026-09-13,4,BG,quantile,0.25,155.357219561132
2026-08-26,ARI incidence,2026-09-13,4,BG,quantile,0.3,175.07163808044
2026-08-26,ARI incidence,2026-09-13,4,BG,quantile,0.35,194.866053378163
2026-08-26,ARI incidence,2026-09-13,4,BG,quantile,0.4,214.132340232144
2026-08-26,ARI incidence,2026-09-13,4,BG,quantile,0.45,237.239199354983
2026-08-26,ARI incidence,2026-09-13,4,BG,quantile,0.5,256.693074548613
2026-08-26,ARI incidence,2026-09-13,4,BG,quantile,0.55,279.069307946401
2026-08-26,ARI incidence,2026-09-13,4,BG,quantile,0.6,303.162119177543
2026-08-26,ARI incidence,2026-09-13,4,BG,quantile,0.65,327.679429201248
2026-08-26,ARI incidence,2026-09-13,4,BG,quantile,0.7,355.723316717214
2026-08-26,ARI incidence,2026-09-13,4,BG,quantile,0.75,385.886533276567
2026-08-26,ARI incidence,2026-09-13,4,BG,quantile,0.8,418.186381853041
2026-08-26,ARI incidence,2026-09-13,4,BG,quantile,0.85,456.914187807937
2026-08-26,ARI incidence,2026-09-13,4,BG,quantile,0.9,515.741075739638
2026-08-26,ARI incidence,2026-09-13,4,BG,quantile,0.95,607.188036111907
2026-08-26,ARI incidence,2026-09-13,4,BG,quantile,0.975,685.163390460737
2026-08-26,ARI incidence,2026-09-13,4,BG,quantile,0.99,798.07381219757394
2026-08-26,ARI incidence,2026-08-23,1,DE,median,,490.450010933833
2026-08-26,ARI incidence,2026-08-23,1,DE,quantile,0.01,176.902145809496
2026-08-26,ARI incidence,2026-08-23,1,DE,quantile,0.025,221.75646616139
2026-08-26,ARI incidence,2026-08-23,1,DE,quantile,0.05,257.898165819062
2026-08-26,ARI incidence,2026-08-23,1,DE,quantile,0.1,301.557241746
2026-08-26,ARI incidence,2026-08-23,1,DE,quantile,0.15,332.015353146906
2026-08-26,ARI incidence,2026-08-23,1,DE,quantile,0.2,361.129991247033
2026-08-26,ARI incidence,2026-08-23,1,DE,quantile,0.25,386.167872371856
2026-08-26,ARI incidence,2026-08-23,1,DE,quantile,0.3,406.869248154168
2026-08-26,ARI incidence,2026-08-23,1,DE,quantile,0.35,428.495962205278
2026-08-26,ARI incidence,2026-08-23,1,DE,quantile,0.4,450.283287729351
2026-08-26,ARI incidence,2026-08-23,1,DE,quantile,0.45,472.109972982902
2026-08-26,ARI incidence,2026-08-23,1,DE,quantile,0.5,492.884101288391
2026-08-26,ARI incidence,2026-08-23,1,DE,quantile,0.55,514.444823265745
2026-08-26,ARI incidence,2026-08-23,1,DE,quantile,0.6,536.405741179356
2026-08-26,ARI incidence,2026-08-23,1,DE,quantile,0.65,558.282833444934
2026-08-26,ARI incidence,2026-08-23,1,DE,quantile,0.7,583.37365253314
2026-08-26,ARI incidence,2026-08-23,1,DE,quantile,0.75,610.597137672171
2026-08-26,ARI incidence,2026-08-23,1,DE,quantile,0.8,641.847516330716
2026-08-26,ARI incidence,2026-08-23,1,DE,quantile,0.85,677.898791199637
2026-08-26,ARI incidence,2026-08-23,1,DE,quantile,0.9,725.342407914279
2026-08-26,ARI incidence,2026-08-23,1,DE,quantile,0.95,797.562977151882
2026-08-26,ARI incidence,2026-08-23,1,DE,quantile,0.975,870.737154817558
2026-08-26,ARI incidence,2026-08-23,1,DE,quantile,0.99,949.768872843834
2026-08-26,ARI incidence,2026-08-30,2,DE,median,,484.925297256858
2026-08-26,ARI incidence,2026-08-30,2,DE,quantile,0.01,111.436097038104
2026-08-26,ARI incidence,2026-08-30,2,DE,quantile,0.025,150.755480110633
2026-08-26,ARI incidence,2026-08-30,2,DE,quantile,0.05,193.701107601361
2026-08-26,ARI incidence,2026-08-30,2,DE,quantile,0.1,244.670310757879
2026-08-26,ARI incidence,2026-08-30,2,DE,quantile,0.15,284.609688191981
2026-08-26,ARI incidence,2026-08-30,2,DE,quantile,0.2,319.155304547071
2026-08-26,ARI incidence,2026-08-30,2,DE,quantile,0.25,348.317324908189
2026-08-26,ARI incidence,2026-08-30,2,DE,quantile,0.3,378.019552025462
2026-08-26,ARI incidence,2026-08-30,2,DE,quantile,0.35,408.705258079923
2026-08-26,ARI incidence,2026-08-30,2,DE,quantile,0.4,436.05739848002
2026-08-26,ARI incidence,2026-08-30,2,DE,quantile,0.45,462.296097243685
2026-08-26,ARI incidence,2026-08-30,2,DE,quantile,0.5,487.907294008601
2026-08-26,ARI incidence,2026-08-30,2,DE,quantile,0.55,515.935064687343
2026-08-26,ARI incidence,2026-08-30,2,DE,quantile,0.6,545.39784145496
2026-08-26,ARI incidence,2026-08-30,2,DE,quantile,0.65,573.575022865154
2026-08-26,ARI incidence,2026-08-30,2,DE,quantile,0.7,607.627370858472
2026-08-26,ARI incidence,2026-08-30,2,DE,quantile,0.75,645.614211881382
2026-08-26,ARI incidence,2026-08-30,2,DE,quantile,0.8,687.893708777603
2026-08-26,ARI incidence,2026-08-30,2,DE,quantile,0.85,739.081970222101
2026-08-26,ARI incidence,2026-08-30,2,DE,quantile,0.9,804.633443496767
2026-08-26,ARI incidence,2026-08-30,2,DE,quantile,0.95,911.82948282526
2026-08-26,ARI incidence,2026-08-30,2,DE,quantile,0.975,1007.3879225352
2026-08-26,ARI incidence,2026-08-30,2,DE,quantile,0.99,1127.69827163976
2026-08-26,ARI incidence,2026-09-06,3,DE,median,,504.217187405234
2026-08-26,ARI incidence,2026-09-06,3,DE,quantile,0.01,85.0369262397968
2026-08-26,ARI incidence,2026-09-06,3,DE,quantile,0.025,123.833600622115
2026-08-26,ARI incidence,2026-09-06,3,DE,quantile,0.05,171.351681820799
2026-08-26,ARI incidence,2026-09-06,3,DE,quantile,0.1,227.467264279436
2026-08-26,ARI incidence,2026-09-06,3,DE,quantile,0.15,271.932168195103
2026-08-26,ARI incidence,2026-09-06,3,DE,quantile,0.2,310.345432807728
2026-08-26,ARI incidence,2026-09-06,3,DE,quantile,0.25,344.674383051903
2026-08-26,ARI incidence,2026-09-06,3,DE,quantile,0.3,378.834352191877
2026-08-26,ARI incidence,2026-09-06,3,DE,quantile,0.35,411.22629590813
2026-08-26,ARI incidence,2026-09-06,3,DE,quantile,0.4,441.033625586059
2026-08-26,ARI incidence,2026-09-06,3,DE,quantile,0.45,473.593276524723
2026-08-26,ARI incidence,2026-09-06,3,DE,quantile,0.5,506.820026851502
2026-08-26,ARI incidence,2026-09-06,3,DE,quantile,0.55,540.103408186082
2026-08-26,ARI incidence,2026-09-06,3,DE,quantile,0.6,575.059089627109
2026-08-26,ARI incidence,2026-09-06,3,DE,quantile,0.65,611.855986455811
2026-08-26,ARI incidence,2026-09-06,3,DE,quantile,0.7,653.686926469687
2026-08-26,ARI incidence,2026-09-06,3,DE,quantile,0.75,701.63083617034
2026-08-26,ARI incidence,2026-09-06,3,DE,quantile,0.8,750.099675247644
2026-08-26,ARI incidence,2026-09-06,3,DE,quantile,0.85,810.75881813333
2026-08-26,ARI incidence,2026-09-06,3,DE,quantile,0.9,889.556543588408
2026-08-26,ARI incidence,2026-09-06,3,DE,quantile,0.95,1024.09125125533
2026-08-26,ARI incidence,2026-09-06,3,DE,quantile,0.975,1151.84764763773
2026-08-26,ARI incidence,2026-09-06,3,DE,quantile,0.99,1325.49529669263
2026-08-26,ARI incidence,2026-09-13,4,DE,median,,514.563184726496
2026-08-26,ARI incidence,2026-09-13,4,DE,quantile,0.01,46.826365499719
2026-08-26,ARI incidence,2026-09-13,4,DE,quantile,0.025,91.2021259239889
2026-08-26,ARI incidence,2026-09-13,4,DE,quantile,0.05,133.475494301815
2026-08-26,ARI incidence,2026-09-13,4,DE,quantile,0.1,197.553447524644
2026-08-26,ARI incidence,2026-09-13,4,DE,quantile,0.15,247.032663919154
2026-08-26,ARI incidence,2026-09-13,4,DE,quantile,0.2,289.145916380834
2026-08-26,ARI incidence,2026-09-13,4,DE,quantile,0.25,328.6770841442
2026-08-26,ARI incidence,2026-09-13,4,DE,quantile,0.3,369.485932567254
2026-08-26,ARI incidence,2026-09-13,4,DE,quantile,0.35,407.083449444519
2026-08-26,ARI incidence,2026-09-13,4,DE,quantile,0.4,442.272913690177
2026-08-26,ARI incidence,2026-09-13,4,DE,quantile,0.45,477.555913497934
2026-08-26,ARI incidence,2026-09-13,4,DE,quantile,0.5,515.987695144745
2026-08-26,ARI incidence,2026-09-13,4,DE,quantile,0.55,554.09986001151
2026-08-26,ARI incidence,2026-09-13,4,DE,quantile,0.6,592.847720194497
2026-08-26,ARI incidence,2026-09-13,4,DE,quantile,0.65,634.164599382048
2026-08-26,ARI incidence,2026-09-13,4,DE,quantile,0.7,684.119812498392
2026-08-26,ARI incidence,2026-09-13,4,DE,quantile,0.75,741.538577956568
2026-08-26,ARI incidence,2026-09-13,4,DE,quantile,0.8,805.028022232202
2026-08-26,ARI incidence,2026-09-13,4,DE,quantile,0.85,878.474585822585
2026-08-26,ARI incidence,2026-09-13,4,DE,quantile,0.9,979.322584214942
2026-08-26,ARI incidence,2026-09-13,4,DE,quantile,0.95,1143.55294815868
2026-08-26,ARI incidence,2026-09-13,4,DE,quantile,0.975,1303.56529601756
2026-08-26,ARI incidence,2026-09-13,4,DE,quantile,0.99,1508.89880732499
2026-08-26,ARI incidence,2026-08-23,1,EE,median,,107.932031795672
2026-08-26,ARI incidence,2026-08-23,1,EE,quantile,0.01,41.1741910376022
2026-08-26,ARI incidence,2026-08-23,1,EE,quantile,0.025,48.9315449513515
2026-08-26,ARI incidence,2026-08-23,1,EE,quantile,0.05,56.4382478587823
2026-08-26,ARI incidence,2026-08-23,1,EE,quantile,0.1,66.6732467845666
2026-08-26,ARI incidence,2026-08-23,1,EE,quantile,0.15,74.5999938804201
2026-08-26,ARI incidence,2026-08-23,1,EE,quantile,0.2,80.5709982269007
2026-08-26,ARI incidence,2026-08-23,1,EE,quantile,0.25,85.6489128685599
2026-08-26,ARI incidence,2026-08-23,1,EE,quantile,0.3,90.3852761884913
2026-08-26,ARI incidence,2026-08-23,1,EE,quantile,0.35,95.0612707313076
2026-08-26,ARI incidence,2026-08-23,1,EE,quantile,0.4,99.5855584350121
2026-08-26,ARI incidence,2026-08-23,1,EE,quantile,0.45,103.803936512476
2026-08-26,ARI incidence,2026-08-23,1,EE,quantile,0.5,108.326905676695
2026-08-26,ARI incidence,2026-08-23,1,EE,quantile,0.55,112.744184004251
2026-08-26,ARI incidence,2026-08-23,1,EE,quantile,0.6,117.46081289618
2026-08-26,ARI incidence,2026-08-23,1,EE,quantile,0.65,122.494748604557
2026-08-26,ARI incidence,2026-08-23,1,EE,quantile,0.7,127.898262015582
2026-08-26,ARI incidence,2026-08-23,1,EE,quantile,0.75,134.247065094909
2026-08-26,ARI incidence,2026-08-23,1,EE,quantile,0.8,140.969753182189
2026-08-26,ARI incidence,2026-08-23,1,EE,quantile,0.85,148.97729972982
2026-08-26,ARI incidence,2026-08-23,1,EE,quantile,0.9,159.629067830606
2026-08-26,ARI incidence,2026-08-23,1,EE,quantile,0.95,175.342645401113
2026-08-26,ARI incidence,2026-08-23,1,EE,quantile,0.975,189.976266517324
2026-08-26,ARI incidence,2026-08-23,1,EE,quantile,0.99,209.203686437001
2026-08-26,ARI incidence,2026-08-30,2,EE,median,,112.8791623193
2026-08-26,ARI incidence,2026-08-30,2,EE,quantile,0.01,33.8893701487752
2026-08-26,ARI incidence,2026-08-30,2,EE,quantile,0.025,43.4956515318307
2026-08-26,ARI incidence,2026-08-30,2,EE,quantile,0.05,52.8048635835795
2026-08-26,ARI incidence,2026-08-30,2,EE,quantile,0.1,63.9068082588701
2026-08-26,ARI incidence,2026-08-30,2,EE,quantile,0.15,72.5767814493332
2026-08-26,ARI incidence,2026-08-30,2,EE,quantile,0.2,79.3983721480684
2026-08-26,ARI incidence,2026-08-30,2,EE,quantile,0.25,85.5721904750076
2026-08-26,ARI incidence,2026-08-30,2,EE,quantile,0.3,91.4543893302384
2026-08-26,ARI incidence,2026-08-30,2,EE,quantile,0.35,97.1070345877686
2026-08-26,ARI incidence,2026-08-30,2,EE,quantile,0.4,102.501188706181
2026-08-26,ARI incidence,2026-08-30,2,EE,quantile,0.45,107.816668575762
2026-08-26,ARI incidence,2026-08-30,2,EE,quantile,0.5,113.336707453603
2026-08-26,ARI incidence,2026-08-30,2,EE,quantile,0.55,118.752874479401
2026-08-26,ARI incidence,2026-08-30,2,EE,quantile,0.6,124.488099169648
2026-08-26,ARI incidence,2026-08-30,2,EE,quantile,0.65,130.58291461712
2026-08-26,ARI incidence,2026-08-30,2,EE,quantile,0.7,137.081527545996
2026-08-26,ARI incidence,2026-08-30,2,EE,quantile,0.75,144.318761604504
2026-08-26,ARI incidence,2026-08-30,2,EE,quantile,0.8,152.698768121995
2026-08-26,ARI incidence,2026-08-30,2,EE,quantile,0.85,162.063704529715
2026-08-26,ARI incidence,2026-08-30,2,EE,quantile,0.9,175.726514193903
2026-08-26,ARI incidence,2026-08-30,2,EE,quantile,0.95,196.17026063587
2026-08-26,ARI incidence,2026-08-30,2,EE,quantile,0.975,215.936170924616
2026-08-26,ARI incidence,2026-08-30,2,EE,quantile,0.99,239.480603165009
2026-08-26,ARI incidence,2026-09-06,3,EE,median,,118.899403962641
2026-08-26,ARI incidence,2026-09-06,3,EE,quantile,0.01,28.7498215161519
2026-08-26,ARI incidence,2026-09-06,3,EE,quantile,0.025,39.7506744170572
2026-08-26,ARI incidence,2026-09-06,3,EE,quantile,0.05,50.1225318221365
2026-08-26,ARI incidence,2026-09-06,3,EE,quantile,0.1,63.0766813917967
2026-08-26,ARI incidence,2026-09-06,3,EE,quantile,0.15,72.4856482241034
2026-08-26,ARI incidence,2026-09-06,3,EE,quantile,0.2,80.1087880939428
2026-08-26,ARI incidence,2026-09-06,3,EE,quantile,0.25,87.0073791186207
2026-08-26,ARI incidence,2026-09-06,3,EE,quantile,0.3,93.7966279104491
2026-08-26,ARI incidence,2026-09-06,3,EE,quantile,0.35,100.13918443991
2026-08-26,ARI incidence,2026-09-06,3,EE,quantile,0.4,106.883644665163
2026-08-26,ARI incidence,2026-09-06,3,EE,quantile,0.45,113.113514545213
2026-08-26,ARI incidence,2026-09-06,3,EE,quantile,0.5,118.908324777897
2026-08-26,ARI incidence,2026-09-06,3,EE,quantile,0.55,125.242911429014
2026-08-26,ARI incidence,2026-09-06,3,EE,quantile,0.6,131.647051637817
2026-08-26,ARI incidence,2026-09-06,3,EE,quantile,0.65,138.513558678489
2026-08-26,ARI incidence,2026-09-06,3,EE,quantile,0.7,146.445945643076
2026-08-26,ARI incidence,2026-09-06,3,EE,quantile,0.75,154.683933735039
2026-08-26,ARI incidence,2026-09-06,3,EE,quantile,0.8,164.957292398524
2026-08-26,ARI incidence,2026-09-06,3,EE,quantile,0.85,177.111951344924
2026-08-26,ARI incidence,2026-09-06,3,EE,quantile,0.9,193.799659935182
2026-08-26,ARI incidence,2026-09-06,3,EE,quantile,0.95,219.032739895027
2026-08-26,ARI incidence,2026-09-06,3,EE,quantile,0.975,239.795198496156
2026-08-26,ARI incidence,2026-09-06,3,EE,quantile,0.99,266.917710341843
2026-08-26,ARI incidence,2026-09-13,4,EE,median,,124.124973893018
2026-08-26,ARI incidence,2026-09-13,4,EE,quantile,0.01,27.7479155942097
2026-08-26,ARI incidence,2026-09-13,4,EE,quantile,0.025,38.6464961201542
2026-08-26,ARI incidence,2026-09-13,4,EE,quantile,0.05,48.3676795838809
2026-08-26,ARI incidence,2026-09-13,4,EE,quantile,0.1,62.0137326314637
2026-08-26,ARI incidence,2026-09-13,4,EE,quantile,0.15,71.9307267774201
2026-08-26,ARI incidence,2026-09-13,4,EE,quantile,0.2,81.1021976539259
2026-08-26,ARI incidence,2026-09-13,4,EE,quantile,0.25,89.0861619456634
2026-08-26,ARI incidence,2026-09-13,4,EE,quantile,0.3,96.566109432838
2026-08-26,ARI incidence,2026-09-13,4,EE,quantile,0.35,103.48620248741
2026-08-26,ARI incidence,2026-09-13,4,EE,quantile,0.4,110.015950540913
2026-08-26,ARI incidence,2026-09-13,4,EE,quantile,0.45,116.469060538675
2026-08-26,ARI incidence,2026-09-13,4,EE,quantile,0.5,123.589394505406
2026-08-26,ARI incidence,2026-09-13,4,EE,quantile,0.55,130.590895337887
2026-08-26,ARI incidence,2026-09-13,4,EE,quantile,0.6,138.32648737835
2026-08-26,ARI incidence,2026-09-13,4,EE,quantile,0.65,146.392030541598
2026-08-26,ARI incidence,2026-09-13,4,EE,quantile,0.7,155.23003281042
2026-08-26,ARI incidence,2026-09-13,4,EE,quantile,0.75,165.013730862183
2026-08-26,ARI incidence,2026-09-13,4,EE,quantile,0.8,176.113669528313
2026-08-26,ARI incidence,2026-09-13,4,EE,quantile,0.85,189.940145429237
2026-08-26,ARI incidence,2026-09-13,4,EE,quantile,0.9,207.591452585483
2026-08-26,ARI incidence,2026-09-13,4,EE,quantile,0.95,234.868518287719
2026-08-26,ARI incidence,2026-09-13,4,EE,quantile,0.975,260.909572166033
2026-08-26,ARI incidence,2026-09-13,4,EE,quantile,0.99,290.21653122215
2026-08-26,ARI incidence,2026-08-23,1,ES,median,,224.239561696861
2026-08-26,ARI incidence,2026-08-23,1,ES,quantile,0.01,132.838524803104
2026-08-26,ARI incidence,2026-08-23,1,ES,quantile,0.025,146.313438794858
2026-08-26,ARI incidence,2026-08-23,1,ES,quantile,0.05,158.133401330083
2026-08-26,ARI incidence,2026-08-23,1,ES,quantile,0.1,170.98903709625
2026-08-26,ARI incidence,2026-08-23,1,ES,quantile,0.15,181.036803856496
2026-08-26,ARI incidence,2026-08-23,1,ES,quantile,0.2,188.85702493964
2026-08-26,ARI incidence,2026-08-23,1,ES,quantile,0.25,195.507746970279
2026-08-26,ARI incidence,2026-08-23,1,ES,quantile,0.3,202.119719426467
2026-08-26,ARI incidence,2026-08-23,1,ES,quantile,0.35,207.965692033979
2026-08-26,ARI incidence,2026-08-23,1,ES,quantile,0.4,213.601945494122
2026-08-26,ARI incidence,2026-08-23,1,ES,quantile,0.45,218.817298674401
2026-08-26,ARI incidence,2026-08-23,1,ES,quantile,0.5,224.461413758576
2026-08-26,ARI incidence,2026-08-23,1,ES,quantile,0.55,230.07288091646
2026-08-26,ARI incidence,2026-08-23,1,ES,quantile,0.6,235.818739349496
2026-08-26,ARI incidence,2026-08-23,1,ES,quantile,0.65,241.854998059883
2026-08-26,ARI incidence,2026-08-23,1,ES,quantile,0.7,248.166140055705
2026-08-26,ARI incidence,2026-08-23,1,ES,quantile,0.75,255.131970170537
2026-08-26,ARI incidence,2026-08-23,1,ES,quantile,0.8,263.177490211502
2026-08-26,ARI incidence,2026-08-23,1,ES,quantile,0.85,272.543025111375
2026-08-26,ARI incidence,2026-08-23,1,ES,quantile,0.9,285.480315071279
2026-08-26,ARI incidence,2026-08-23,1,ES,quantile,0.95,303.758247670846
2026-08-26,ARI incidence,2026-08-23,1,ES,quantile,0.975,320.933826710713
2026-08-26,ARI incidence,2026-08-23,1,ES,quantile,0.99,341.269930835371
2026-08-26,ARI incidence,2026-08-30,2,ES,median,,235.214983644399
2026-08-26,ARI incidence,2026-08-30,2,ES,quantile,0.01,106.977235874534
2026-08-26,ARI incidence,2026-08-30,2,ES,quantile,0.025,123.454259115316
2026-08-26,ARI incidence,2026-08-30,2,ES,quantile,0.05,138.674243483983
2026-08-26,ARI incidence,2026-08-30,2,ES,quantile,0.1,158.580446958292
2026-08-26,ARI incidence,2026-08-30,2,ES,quantile,0.15,172.7187690936
2026-08-26,ARI incidence,2026-08-30,2,ES,quantile,0.2,183.77158539298
2026-08-26,ARI incidence,2026-08-30,2,ES,quantile,0.25,193.494950105866
2026-08-26,ARI incidence,2026-08-30,2,ES,quantile,0.3,202.060257561999
2026-08-26,ARI incidence,2026-08-30,2,ES,quantile,0.35,211.003359810257
2026-08-26,ARI incidence,2026-08-30,2,ES,quantile,0.4,219.167030700454
2026-08-26,ARI incidence,2026-08-30,2,ES,quantile,0.45,227.547793128562
2026-08-26,ARI incidence,2026-08-30,2,ES,quantile,0.5,235.412035461514
2026-08-26,ARI incidence,2026-08-30,2,ES,quantile,0.55,244.050139454188
2026-08-26,ARI incidence,2026-08-30,2,ES,quantile,0.6,253.013079385124
2026-08-26,ARI incidence,2026-08-30,2,ES,quantile,0.65,261.673386398516
2026-08-26,ARI incidence,2026-08-30,2,ES,quantile,0.7,271.139653681911
2026-08-26,ARI incidence,2026-08-30,2,ES,quantile,0.75,282.190141612571
2026-08-26,ARI incidence,2026-08-30,2,ES,quantile,0.8,294.367351812133
2026-08-26,ARI incidence,2026-08-30,2,ES,quantile,0.85,309.269463191449
2026-08-26,ARI incidence,2026-08-30,2,ES,quantile,0.9,329.360196211584
2026-08-26,ARI incidence,2026-08-30,2,ES,quantile,0.95,358.171988371779
2026-08-26,ARI incidence,2026-08-30,2,ES,quantile,0.975,384.619899932232
2026-08-26,ARI incidence,2026-08-30,2,ES,quantile,0.99,413.238377963324
2026-08-26,ARI incidence,2026-09-06,3,ES,median,,246.907291761755
2026-08-26,ARI incidence,2026-09-06,3,ES,quantile,0.01,88.4692897672889
2026-08-26,ARI incidence,2026-09-06,3,ES,quantile,0.025,108.39446273057099
2026-08-26,ARI incidence,2026-09-06,3,ES,quantile,0.05,126.11952592463
2026-08-26,ARI incidence,2026-09-06,3,ES,quantile,0.1,149.490326965423
2026-08-26,ARI incidence,2026-09-06,3,ES,quantile,0.15,166.393703373149
2026-08-26,ARI incidence,2026-09-06,3,ES,quantile,0.2,180.537324050708
2026-08-26,ARI incidence,2026-09-06,3,ES,quantile,0.25,193.07044430454
2026-08-26,ARI incidence,2026-09-06,3,ES,quantile,0.3,204.868666674067
2026-08-26,ARI incidence,2026-09-06,3,ES,quantile,0.35,215.888369194194
2026-08-26,ARI incidence,2026-09-06,3,ES,quantile,0.4,226.693426356956
2026-08-26,ARI incidence,2026-09-06,3,ES,quantile,0.45,237.449421463285
2026-08-26,ARI incidence,2026-09-06,3,ES,quantile,0.5,248.556058724279
2026-08-26,ARI incidence,2026-09-06,3,ES,quantile,0.55,258.856290011666
2026-08-26,ARI incidence,2026-09-06,3,ES,quantile,0.6,270.434526380519
2026-08-26,ARI incidence,2026-09-06,3,ES,quantile,0.65,282.803105700649
2026-08-26,ARI incidence,2026-09-06,3,ES,quantile,0.7,295.073306892371
2026-08-26,ARI incidence,2026-09-06,3,ES,quantile,0.75,308.117697873122
2026-08-26,ARI incidence,2026-09-06,3,ES,quantile,0.8,324.304378571034
2026-08-26,ARI incidence,2026-09-06,3,ES,quantile,0.85,345.320287033492
2026-08-26,ARI incidence,2026-09-06,3,ES,quantile,0.9,371.076752192515
2026-08-26,ARI incidence,2026-09-06,3,ES,quantile,0.95,410.762250540018
2026-08-26,ARI incidence,2026-09-06,3,ES,quantile,0.975,449.835146010571
2026-08-26,ARI incidence,2026-09-06,3,ES,quantile,0.99,492.962323249191
2026-08-26,ARI incidence,2026-09-13,4,ES,median,,258.188139228664
2026-08-26,ARI incidence,2026-09-13,4,ES,quantile,0.01,74.9981079918853
2026-08-26,ARI incidence,2026-09-13,4,ES,quantile,0.025,96.0791349764844
2026-08-26,ARI incidence,2026-09-13,4,ES,quantile,0.05,118.058635983489
2026-08-26,ARI incidence,2026-09-13,4,ES,quantile,0.1,144.767754450492
2026-08-26,ARI incidence,2026-09-13,4,ES,quantile,0.15,162.935269312839
2026-08-26,ARI incidence,2026-09-13,4,ES,quantile,0.2,180.456698886331
2026-08-26,ARI incidence,2026-09-13,4,ES,quantile,0.25,194.973449347716
2026-08-26,ARI incidence,2026-09-13,4,ES,quantile,0.3,207.910558628632
2026-08-26,ARI incidence,2026-09-13,4,ES,quantile,0.35,220.846984880188
2026-08-26,ARI incidence,2026-09-13,4,ES,quantile,0.4,234.500192005607
2026-08-26,ARI incidence,2026-09-13,4,ES,quantile,0.45,247.502760079337
2026-08-26,ARI incidence,2026-09-13,4,ES,quantile,0.5,259.807984407847
2026-08-26,ARI incidence,2026-09-13,4,ES,quantile,0.55,272.467975470045
2026-08-26,ARI incidence,2026-09-13,4,ES,quantile,0.6,285.881411943743
2026-08-26,ARI incidence,2026-09-13,4,ES,quantile,0.65,300.281641665569
2026-08-26,ARI incidence,2026-09-13,4,ES,quantile,0.7,316.741738636629
2026-08-26,ARI incidence,2026-09-13,4,ES,quantile,0.75,334.127023016346
2026-08-26,ARI incidence,2026-09-13,4,ES,quantile,0.8,352.708985340594
2026-08-26,ARI incidence,2026-09-13,4,ES,quantile,0.85,376.762345001524
2026-08-26,ARI incidence,2026-09-13,4,ES,quantile,0.9,409.231088502744
2026-08-26,ARI incidence,2026-09-13,4,ES,quantile,0.95,458.370094230893
2026-08-26,ARI incidence,2026-09-13,4,ES,quantile,0.975,501.595283286393
2026-08-26,ARI incidence,2026-09-13,4,ES,quantile,0.99,555.407905398416
2026-08-26,ARI incidence,2026-08-23,1,GB-WLS,median,,69.9727539953028
2026-08-26,ARI incidence,2026-08-23,1,GB-WLS,quantile,0.01,30.8087447611306
2026-08-26,ARI incidence,2026-08-23,1,GB-WLS,quantile,0.025,35.9412738558976
2026-08-26,ARI incidence,2026-08-23,1,GB-WLS,quantile,0.05,41.0221415229789
2026-08-26,ARI incidence,2026-08-23,1,GB-WLS,quantile,0.1,46.5664677798861
2026-08-26,ARI incidence,2026-08-23,1,GB-WLS,quantile,0.15,50.8917724504333
2026-08-26,ARI incidence,2026-08-23,1,GB-WLS,quantile,0.2,54.3827574846832
2026-08-26,ARI incidence,2026-08-23,1,GB-WLS,quantile,0.25,57.0888683856256
2026-08-26,ARI incidence,2026-08-23,1,GB-WLS,quantile,0.3,59.7542080310312
2026-08-26,ARI incidence,2026-08-23,1,GB-WLS,quantile,0.35,62.4128963938664
2026-08-26,ARI incidence,2026-08-23,1,GB-WLS,quantile,0.4,64.9101509239563
2026-08-26,ARI incidence,2026-08-23,1,GB-WLS,quantile,0.45,67.3274680614645
2026-08-26,ARI incidence,2026-08-23,1,GB-WLS,quantile,0.5,70.0421675700211
2026-08-26,ARI incidence,2026-08-23,1,GB-WLS,quantile,0.55,72.5657586894264
2026-08-26,ARI incidence,2026-08-23,1,GB-WLS,quantile,0.6,75.3308438801314
2026-08-26,ARI incidence,2026-08-23,1,GB-WLS,quantile,0.65,78.0352978583145
2026-08-26,ARI incidence,2026-08-23,1,GB-WLS,quantile,0.7,80.8686268153997
2026-08-26,ARI incidence,2026-08-23,1,GB-WLS,quantile,0.75,84.2022507066089
2026-08-26,ARI incidence,2026-08-23,1,GB-WLS,quantile,0.8,87.8201476638141
2026-08-26,ARI incidence,2026-08-23,1,GB-WLS,quantile,0.85,92.2400634093941
2026-08-26,ARI incidence,2026-08-23,1,GB-WLS,quantile,0.9,97.5287928014844
2026-08-26,ARI incidence,2026-08-23,1,GB-WLS,quantile,0.95,106.283285894388
2026-08-26,ARI incidence,2026-08-23,1,GB-WLS,quantile,0.975,113.807466730652
2026-08-26,ARI incidence,2026-08-23,1,GB-WLS,quantile,0.99,122.710580968623
2026-08-26,ARI incidence,2026-08-30,2,GB-WLS,median,,77.853345042973
2026-08-26,ARI incidence,2026-08-30,2,GB-WLS,quantile,0.01,26.1655992098522
2026-08-26,ARI incidence,2026-08-30,2,GB-WLS,quantile,0.025,33.3306595542083
2026-08-26,ARI incidence,2026-08-30,2,GB-WLS,quantile,0.05,39.2705734658624
2026-08-26,ARI incidence,2026-08-30,2,GB-WLS,quantile,0.1,46.7248785566444
2026-08-26,ARI incidence,2026-08-30,2,GB-WLS,quantile,0.15,51.8613774407262
2026-08-26,ARI incidence,2026-08-30,2,GB-WLS,quantile,0.2,56.3254938763255
2026-08-26,ARI incidence,2026-08-30,2,GB-WLS,quantile,0.25,60.6629716116878
2026-08-26,ARI incidence,2026-08-30,2,GB-WLS,quantile,0.3,64.4235569262304
2026-08-26,ARI incidence,2026-08-30,2,GB-WLS,quantile,0.35,68.0343197179625
2026-08-26,ARI incidence,2026-08-30,2,GB-WLS,quantile,0.4,71.5596263470289
2026-08-26,ARI incidence,2026-08-30,2,GB-WLS,quantile,0.45,74.6258499553993
2026-08-26,ARI incidence,2026-08-30,2,GB-WLS,quantile,0.5,77.965675712907
2026-08-26,ARI incidence,2026-08-30,2,GB-WLS,quantile,0.55,81.5245008154185
2026-08-26,ARI incidence,2026-08-30,2,GB-WLS,quantile,0.6,85.4603374380467
2026-08-26,ARI incidence,2026-08-30,2,GB-WLS,quantile,0.65,89.334690865989
2026-08-26,ARI incidence,2026-08-30,2,GB-WLS,quantile,0.7,93.7442510622764
2026-08-26,ARI incidence,2026-08-30,2,GB-WLS,quantile,0.75,98.4573772818206
2026-08-26,ARI incidence,2026-08-30,2,GB-WLS,quantile,0.8,103.334307346336
2026-08-26,ARI incidence,2026-08-30,2,GB-WLS,quantile,0.85,109.858488958863
2026-08-26,ARI incidence,2026-08-30,2,GB-WLS,quantile,0.9,118.087752188259
2026-08-26,ARI incidence,2026-08-30,2,GB-WLS,quantile,0.95,131.085938652354
2026-08-26,ARI incidence,2026-08-30,2,GB-WLS,quantile,0.975,142.88455163901
2026-08-26,ARI incidence,2026-08-30,2,GB-WLS,quantile,0.99,157.574446287624
2026-08-26,ARI incidence,2026-09-06,3,GB-WLS,median,,85.0123448168518
2026-08-26,ARI incidence,2026-09-06,3,GB-WLS,quantile,0.01,26.6720513905212
2026-08-26,ARI incidence,2026-09-06,3,GB-WLS,quantile,0.025,33.5654081539382
2026-08-26,ARI incidence,2026-09-06,3,GB-WLS,quantile,0.05,39.7900516104952
2026-08-26,ARI incidence,2026-09-06,3,GB-WLS,quantile,0.1,48.9324701980952
2026-08-26,ARI incidence,2026-09-06,3,GB-WLS,quantile,0.15,55.1747099999474
2026-08-26,ARI incidence,2026-09-06,3,GB-WLS,quantile,0.2,60.1483711916734
2026-08-26,ARI incidence,2026-09-06,3,GB-WLS,quantile,0.25,64.9844804967541
2026-08-26,ARI incidence,2026-09-06,3,GB-WLS,quantile,0.3,69.2145675242063
2026-08-26,ARI incidence,2026-09-06,3,GB-WLS,quantile,0.35,73.4284138742303
2026-08-26,ARI incidence,2026-09-06,3,GB-WLS,quantile,0.4,77.5128910906467
2026-08-26,ARI incidence,2026-09-06,3,GB-WLS,quantile,0.45,81.8022930325355
2026-08-26,ARI incidence,2026-09-06,3,GB-WLS,quantile,0.5,85.8735716797286
2026-08-26,ARI incidence,2026-09-06,3,GB-WLS,quantile,0.55,90.062112126388
2026-08-26,ARI incidence,2026-09-06,3,GB-WLS,quantile,0.6,94.2140339311283
2026-08-26,ARI incidence,2026-09-06,3,GB-WLS,quantile,0.65,98.8858663306059
2026-08-26,ARI incidence,2026-09-06,3,GB-WLS,quantile,0.7,104.11303034814
2026-08-26,ARI incidence,2026-09-06,3,GB-WLS,quantile,0.75,109.473738760034
2026-08-26,ARI incidence,2026-09-06,3,GB-WLS,quantile,0.8,115.608886956399
2026-08-26,ARI incidence,2026-09-06,3,GB-WLS,quantile,0.85,124.153929308896
2026-08-26,ARI incidence,2026-09-06,3,GB-WLS,quantile,0.9,135.167604561162
2026-08-26,ARI incidence,2026-09-06,3,GB-WLS,quantile,0.95,150.987622221578
2026-08-26,ARI incidence,2026-09-06,3,GB-WLS,quantile,0.975,165.092213922561
2026-08-26,ARI incidence,2026-09-06,3,GB-WLS,quantile,0.99,180.643395409733
2026-08-26,ARI incidence,2026-09-13,4,GB-WLS,median,,91.4616839022161
2026-08-26,ARI incidence,2026-09-13,4,GB-WLS,quantile,0.01,25.847841532762
2026-08-26,ARI incidence,2026-09-13,4,GB-WLS,quantile,0.025,33.5812860635251
2026-08-26,ARI incidence,2026-09-13,4,GB-WLS,quantile,0.05,40.5648777550592
2026-08-26,ARI incidence,2026-09-13,4,GB-WLS,quantile,0.1,50.2328375838174
2026-08-26,ARI incidence,2026-09-13,4,GB-WLS,quantile,0.15,57.2286363356772
2026-08-26,ARI incidence,2026-09-13,4,GB-WLS,quantile,0.2,63.4080046039703
2026-08-26,ARI incidence,2026-09-13,4,GB-WLS,quantile,0.25,68.816751041826
2026-08-26,ARI incidence,2026-09-13,4,GB-WLS,quantile,0.3,73.7317387788812
2026-08-26,ARI incidence,2026-09-13,4,GB-WLS,quantile,0.35,78.6793089636882
2026-08-26,ARI incidence,2026-09-13,4,GB-WLS,quantile,0.4,83.3236207428724
2026-08-26,ARI incidence,2026-09-13,4,GB-WLS,quantile,0.45,87.5271019676837
2026-08-26,ARI incidence,2026-09-13,4,GB-WLS,quantile,0.5,92.0380902552985
2026-08-26,ARI incidence,2026-09-13,4,GB-WLS,quantile,0.55,96.9298408902329
2026-08-26,ARI incidence,2026-09-13,4,GB-WLS,quantile,0.6,101.640265945414
2026-08-26,ARI incidence,2026-09-13,4,GB-WLS,quantile,0.65,106.840806137368
2026-08-26,ARI incidence,2026-09-13,4,GB-WLS,quantile,0.7,112.70581962693
2026-08-26,ARI incidence,2026-09-13,4,GB-WLS,quantile,0.75,118.81363247121
2026-08-26,ARI incidence,2026-09-13,4,GB-WLS,quantile,0.8,126.76172826392
2026-08-26,ARI incidence,2026-09-13,4,GB-WLS,quantile,0.85,136.219802159472
2026-08-26,ARI incidence,2026-09-13,4,GB-WLS,quantile,0.9,147.68264697632
2026-08-26,ARI incidence,2026-09-13,4,GB-WLS,quantile,0.95,165.776522476434
2026-08-26,ARI incidence,2026-09-13,4,GB-WLS,quantile,0.975,180.77692554206
2026-08-26,ARI incidence,2026-09-13,4,GB-WLS,quantile,0.99,201.22415849128
2026-08-26,ARI incidence,2026-08-23,1,HU,median,,486.965728814748
2026-08-26,ARI incidence,2026-08-23,1,HU,quantile,0.01,193.488183473983
2026-08-26,ARI incidence,2026-08-23,1,HU,quantile,0.025,236.252063422486
2026-08-26,ARI incidence,2026-08-23,1,HU,quantile,0.05,269.221931241047
2026-08-26,ARI incidence,2026-08-23,1,HU,quantile,0.1,311.591767687972
2026-08-26,ARI incidence,2026-08-23,1,HU,quantile,0.15,342.664985938027
2026-08-26,ARI incidence,2026-08-23,1,HU,quantile,0.2,367.760758455789
2026-08-26,ARI incidence,2026-08-23,1,HU,quantile,0.25,390.125033277093
2026-08-26,ARI incidence,2026-08-23,1,HU,quantile,0.3,410.072456259298
2026-08-26,ARI incidence,2026-08-23,1,HU,quantile,0.35,430.47016858292
2026-08-26,ARI incidence,2026-08-23,1,HU,quantile,0.4,448.318346055667
2026-08-26,ARI incidence,2026-08-23,1,HU,quantile,0.45,466.150869569506
2026-08-26,ARI incidence,2026-08-23,1,HU,quantile,0.5,484.354691460587
2026-08-26,ARI incidence,2026-08-23,1,HU,quantile,0.55,503.167442591936
2026-08-26,ARI incidence,2026-08-23,1,HU,quantile,0.6,523.465202899241
2026-08-26,ARI incidence,2026-08-23,1,HU,quantile,0.65,543.736922203918
2026-08-26,ARI incidence,2026-08-23,1,HU,quantile,0.7,566.663141566459
2026-08-26,ARI incidence,2026-08-23,1,HU,quantile,0.75,590.720311166742
2026-08-26,ARI incidence,2026-08-23,1,HU,quantile,0.8,619.236955450564
2026-08-26,ARI incidence,2026-08-23,1,HU,quantile,0.85,649.665819370655
2026-08-26,ARI incidence,2026-08-23,1,HU,quantile,0.9,693.698937895871
2026-08-26,ARI incidence,2026-08-23,1,HU,quantile,0.95,764.568897632875
2026-08-26,ARI incidence,2026-08-23,1,HU,quantile,0.975,828.787998519824
2026-08-26,ARI incidence,2026-08-23,1,HU,quantile,0.99,913.885212174417
2026-08-26,ARI incidence,2026-08-30,2,HU,median,,605.993763091253
2026-08-26,ARI incidence,2026-08-30,2,HU,quantile,0.01,144.283294072855
2026-08-26,ARI incidence,2026-08-30,2,HU,quantile,0.025,205.753004858186
2026-08-26,ARI incidence,2026-08-30,2,HU,quantile,0.05,255.378546699847
2026-08-26,ARI incidence,2026-08-30,2,HU,quantile,0.1,318.510413825905
2026-08-26,ARI incidence,2026-08-30,2,HU,quantile,0.15,362.539333649138
2026-08-26,ARI incidence,2026-08-30,2,HU,quantile,0.2,403.392793573479
2026-08-26,ARI incidence,2026-08-30,2,HU,quantile,0.25,441.628894002274
2026-08-26,ARI incidence,2026-08-30,2,HU,quantile,0.3,475.822025563334
2026-08-26,ARI incidence,2026-08-30,2,HU,quantile,0.35,510.029567393188
2026-08-26,ARI incidence,2026-08-30,2,HU,quantile,0.4,540.568500059168
2026-08-26,ARI incidence,2026-08-30,2,HU,quantile,0.45,571.37341002995
2026-08-26,ARI incidence,2026-08-30,2,HU,quantile,0.5,602.446160585601
2026-08-26,ARI incidence,2026-08-30,2,HU,quantile,0.55,636.719836519959
2026-08-26,ARI incidence,2026-08-30,2,HU,quantile,0.6,669.208891247279
2026-08-26,ARI incidence,2026-08-30,2,HU,quantile,0.65,705.874366470232
2026-08-26,ARI incidence,2026-08-30,2,HU,quantile,0.7,743.93550631935
2026-08-26,ARI incidence,2026-08-30,2,HU,quantile,0.75,789.944046104757
2026-08-26,ARI incidence,2026-08-30,2,HU,quantile,0.8,843.276108518844
2026-08-26,ARI incidence,2026-08-30,2,HU,quantile,0.85,903.762469972621
2026-08-26,ARI incidence,2026-08-30,2,HU,quantile,0.9,978.297412868449
2026-08-26,ARI incidence,2026-08-30,2,HU,quantile,0.95,1103.1582402829
2026-08-26,ARI incidence,2026-08-30,2,HU,quantile,0.975,1228.10760919978
2026-08-26,ARI incidence,2026-08-30,2,HU,quantile,0.99,1378.68203690045
2026-08-26,ARI incidence,2026-09-06,3,HU,median,,706.062270904206
2026-08-26,ARI incidence,2026-09-06,3,HU,quantile,0.01,138.00593346054
2026-08-26,ARI incidence,2026-09-06,3,HU,quantile,0.025,207.339994891827
2026-08-26,ARI incidence,2026-09-06,3,HU,quantile,0.05,268.252867350691
2026-08-26,ARI incidence,2026-09-06,3,HU,quantile,0.1,343.7221759646
2026-08-26,ARI incidence,2026-09-06,3,HU,quantile,0.15,404.992149074576
2026-08-26,ARI incidence,2026-09-06,3,HU,quantile,0.2,454.912139880371
2026-08-26,ARI incidence,2026-09-06,3,HU,quantile,0.25,501.355228317844
2026-08-26,ARI incidence,2026-09-06,3,HU,quantile,0.3,542.593363537367
2026-08-26,ARI incidence,2026-09-06,3,HU,quantile,0.35,584.320849672678
2026-08-26,ARI incidence,2026-09-06,3,HU,quantile,0.4,623.001203876397
2026-08-26,ARI incidence,2026-09-06,3,HU,quantile,0.45,663.382596595885
2026-08-26,ARI incidence,2026-09-06,3,HU,quantile,0.5,704.587515513658
2026-08-26,ARI incidence,2026-09-06,3,HU,quantile,0.55,743.226281376718
2026-08-26,ARI incidence,2026-09-06,3,HU,quantile,0.6,787.218062880657
2026-08-26,ARI incidence,2026-09-06,3,HU,quantile,0.65,832.192488498259
2026-08-26,ARI incidence,2026-09-06,3,HU,quantile,0.7,883.48657931544
2026-08-26,ARI incidence,2026-09-06,3,HU,quantile,0.75,943.156278330389
2026-08-26,ARI incidence,2026-09-06,3,HU,quantile,0.8,1013.42834078511
2026-08-26,ARI incidence,2026-09-06,3,HU,quantile,0.85,1091.1736446682
2026-08-26,ARI incidence,2026-09-06,3,HU,quantile,0.9,1193.61265311389
2026-08-26,ARI incidence,2026-09-06,3,HU,quantile,0.95,1360.89703429723
2026-08-26,ARI incidence,2026-09-06,3,HU,quantile,0.975,1512.5116466162
2026-08-26,ARI incidence,2026-09-06,3,HU,quantile,0.99,1710.25132191766
2026-08-26,ARI incidence,2026-09-13,4,HU,median,,787.964807313036
2026-08-26,ARI incidence,2026-09-13,4,HU,quantile,0.01,143.289472962109
2026-08-26,ARI incidence,2026-09-13,4,HU,quantile,0.025,212.394818261556
2026-08-26,ARI incidence,2026-09-13,4,HU,quantile,0.05,282.07590914741
2026-08-26,ARI incidence,2026-09-13,4,HU,quantile,0.1,372.569223797616
2026-08-26,ARI incidence,2026-09-13,4,HU,quantile,0.15,438.650509503792
2026-08-26,ARI incidence,2026-09-13,4,HU,quantile,0.2,494.732415433756
2026-08-26,ARI incidence,2026-09-13,4,HU,quantile,0.25,547.571322003585
2026-08-26,ARI incidence,2026-09-13,4,HU,quantile,0.3,598.488666208697
2026-08-26,ARI incidence,2026-09-13,4,HU,quantile,0.35,644.804609481207
2026-08-26,ARI incidence,2026-09-13,4,HU,quantile,0.4,690.42532437738
2026-08-26,ARI incidence,2026-09-13,4,HU,quantile,0.45,733.306389162763
2026-08-26,ARI incidence,2026-09-13,4,HU,quantile,0.5,782.101931157206
2026-08-26,ARI incidence,2026-09-13,4,HU,quantile,0.55,829.880898898971
2026-08-26,ARI incidence,2026-09-13,4,HU,quantile,0.6,880.504986451291
2026-08-26,ARI incidence,2026-09-13,4,HU,quantile,0.65,932.473664126155
2026-08-26,ARI incidence,2026-09-13,4,HU,quantile,0.7,994.093772501427
2026-08-26,ARI incidence,2026-09-13,4,HU,quantile,0.75,1062.68702630249
2026-08-26,ARI incidence,2026-09-13,4,HU,quantile,0.8,1138.06539894485
2026-08-26,ARI incidence,2026-09-13,4,HU,quantile,0.85,1235.15308712262
2026-08-26,ARI incidence,2026-09-13,4,HU,quantile,0.9,1357.52149638328
2026-08-26,ARI incidence,2026-09-13,4,HU,quantile,0.95,1551.23952886726
2026-08-26,ARI incidence,2026-09-13,4,HU,quantile,0.975,1732.30413348027
2026-08-26,ARI incidence,2026-09-13,4,HU,quantile,0.99,1936.81583247925
2026-08-26,ARI incidence,2026-08-23,1,IE,median,,20.9125755212166
2026-08-26,ARI incidence,2026-08-23,1,IE,quantile,0.01,11.5191706253738
2026-08-26,ARI incidence,2026-08-23,1,IE,quantile,0.025,12.8544633098156
2026-08-26,ARI incidence,2026-08-23,1,IE,quantile,0.05,13.912199395666
2026-08-26,ARI incidence,2026-08-23,1,IE,quantile,0.1,15.3464308498632
2026-08-26,ARI incidence,2026-08-23,1,IE,quantile,0.15,16.3696480508879
2026-08-26,ARI incidence,2026-08-23,1,IE,quantile,0.2,17.2312385081205
2026-08-26,ARI incidence,2026-08-23,1,IE,quantile,0.25,17.9334197126039
2026-08-26,ARI incidence,2026-08-23,1,IE,quantile,0.3,18.5793465037427
2026-08-26,ARI incidence,2026-08-23,1,IE,quantile,0.35,19.2015160745786
2026-08-26,ARI incidence,2026-08-23,1,IE,quantile,0.4,19.7839816055951
2026-08-26,ARI incidence,2026-08-23,1,IE,quantile,0.45,20.3615384884623
2026-08-26,ARI incidence,2026-08-23,1,IE,quantile,0.5,20.9390523118699
2026-08-26,ARI incidence,2026-08-23,1,IE,quantile,0.55,21.5404220879317
2026-08-26,ARI incidence,2026-08-23,1,IE,quantile,0.6,22.1807158125205
2026-08-26,ARI incidence,2026-08-23,1,IE,quantile,0.65,22.8029053031687
2026-08-26,ARI incidence,2026-08-23,1,IE,quantile,0.7,23.4649625067928
2026-08-26,ARI incidence,2026-08-23,1,IE,quantile,0.75,24.2309628643431
2026-08-26,ARI incidence,2026-08-23,1,IE,quantile,0.8,25.057689752001
2026-08-26,ARI incidence,2026-08-23,1,IE,quantile,0.85,26.0703507908605
2026-08-26,ARI incidence,2026-08-23,1,IE,quantile,0.9,27.4749692614139
2026-08-26,ARI incidence,2026-08-23,1,IE,quantile,0.95,29.3170061495587
2026-08-26,ARI incidence,2026-08-23,1,IE,quantile,0.975,31.0208342551581
2026-08-26,ARI incidence,2026-08-23,1,IE,quantile,0.99,33.0415727496565
2026-08-26,ARI incidence,2026-08-30,2,IE,median,,21.7320685460322
2026-08-26,ARI incidence,2026-08-30,2,IE,quantile,0.01,9.10254367262427
2026-08-26,ARI incidence,2026-08-30,2,IE,quantile,0.025,10.835791867719
2026-08-26,ARI incidence,2026-08-30,2,IE,quantile,0.05,12.2935175402829
2026-08-26,ARI incidence,2026-08-30,2,IE,quantile,0.1,14.1760756210161
2026-08-26,ARI incidence,2026-08-30,2,IE,quantile,0.15,15.5082100676274
2026-08-26,ARI incidence,2026-08-30,2,IE,quantile,0.2,16.6456406597506
2026-08-26,ARI incidence,2026-08-30,2,IE,quantile,0.25,17.5772700236013
2026-08-26,ARI incidence,2026-08-30,2,IE,quantile,0.3,18.4780557880918
2026-08-26,ARI incidence,2026-08-30,2,IE,quantile,0.35,19.3308400777663
2026-08-26,ARI incidence,2026-08-30,2,IE,quantile,0.4,20.1601347794397
2026-08-26,ARI incidence,2026-08-30,2,IE,quantile,0.45,20.9137136147386
2026-08-26,ARI incidence,2026-08-30,2,IE,quantile,0.5,21.6984381420616
2026-08-26,ARI incidence,2026-08-30,2,IE,quantile,0.55,22.4802050242902
2026-08-26,ARI incidence,2026-08-30,2,IE,quantile,0.6,23.3461209688787
2026-08-26,ARI incidence,2026-08-30,2,IE,quantile,0.65,24.2294201450753
2026-08-26,ARI incidence,2026-08-30,2,IE,quantile,0.7,25.2514996031408
2026-08-26,ARI incidence,2026-08-30,2,IE,quantile,0.75,26.3351047267583
2026-08-26,ARI incidence,2026-08-30,2,IE,quantile,0.8,27.5800818675553
2026-08-26,ARI incidence,2026-08-30,2,IE,quantile,0.85,29.0114202768686
2026-08-26,ARI incidence,2026-08-30,2,IE,quantile,0.9,30.9995553884213
2026-08-26,ARI incidence,2026-08-30,2,IE,quantile,0.95,33.9564241956589
2026-08-26,ARI incidence,2026-08-30,2,IE,quantile,0.975,36.6426689674787
2026-08-26,ARI incidence,2026-08-30,2,IE,quantile,0.99,40.0503591749541
2026-08-26,ARI incidence,2026-09-06,3,IE,median,,26.1362137411056
2026-08-26,ARI incidence,2026-09-06,3,IE,quantile,0.01,10.3276314069408
2026-08-26,ARI incidence,2026-09-06,3,IE,quantile,0.025,12.4009797979942
2026-08-26,ARI incidence,2026-09-06,3,IE,quantile,0.05,14.2124425059171
2026-08-26,ARI incidence,2026-09-06,3,IE,quantile,0.1,16.6196254805846
2026-08-26,ARI incidence,2026-09-06,3,IE,quantile,0.15,18.282395324845
2026-08-26,ARI incidence,2026-09-06,3,IE,quantile,0.2,19.586277550389
2026-08-26,ARI incidence,2026-09-06,3,IE,quantile,0.25,20.8071410650106
2026-08-26,ARI incidence,2026-09-06,3,IE,quantile,0.3,21.8825473716415
2026-08-26,ARI incidence,2026-09-06,3,IE,quantile,0.35,22.9009476597273
2026-08-26,ARI incidence,2026-09-06,3,IE,quantile,0.4,23.9257499463082
2026-08-26,ARI incidence,2026-09-06,3,IE,quantile,0.45,24.885042226832
2026-08-26,ARI incidence,2026-09-06,3,IE,quantile,0.5,25.9268253392582
2026-08-26,ARI incidence,2026-09-06,3,IE,quantile,0.55,26.9403740743259
2026-08-26,ARI incidence,2026-09-06,3,IE,quantile,0.6,28.1430391986229
2026-08-26,ARI incidence,2026-09-06,3,IE,quantile,0.65,29.3145892920523
2026-08-26,ARI incidence,2026-09-06,3,IE,quantile,0.7,30.5087604821726
2026-08-26,ARI incidence,2026-09-06,3,IE,quantile,0.75,31.9219534646312
2026-08-26,ARI incidence,2026-09-06,3,IE,quantile,0.8,33.5179401571416
2026-08-26,ARI incidence,2026-09-06,3,IE,quantile,0.85,35.4755098952453
2026-08-26,ARI incidence,2026-09-06,3,IE,quantile,0.9,37.7694605058944
2026-08-26,ARI incidence,2026-09-06,3,IE,quantile,0.95,41.4386346615073
2026-08-26,ARI incidence,2026-09-06,3,IE,quantile,0.975,45.1266063977164
2026-08-26,ARI incidence,2026-09-06,3,IE,quantile,0.99,49.3298027979624
2026-08-26,ARI incidence,2026-09-13,4,IE,median,,24.6848827200289
2026-08-26,ARI incidence,2026-09-13,4,IE,quantile,0.01,7.97194146809909
2026-08-26,ARI incidence,2026-09-13,4,IE,quantile,0.025,9.98908316310728
2026-08-26,ARI incidence,2026-09-13,4,IE,quantile,0.05,11.9961625133444
2026-08-26,ARI incidence,2026-09-13,4,IE,quantile,0.1,14.2745475653638
2026-08-26,ARI incidence,2026-09-13,4,IE,quantile,0.15,16.0201093466642
2026-08-26,ARI incidence,2026-09-13,4,IE,quantile,0.2,17.4253987527183
2026-08-26,ARI incidence,2026-09-13,4,IE,quantile,0.25,18.8051318349007
2026-08-26,ARI incidence,2026-09-13,4,IE,quantile,0.3,20.0048692944413
2026-08-26,ARI incidence,2026-09-13,4,IE,quantile,0.35,21.0998849864136
2026-08-26,ARI incidence,2026-09-13,4,IE,quantile,0.4,22.2717777323863
2026-08-26,ARI incidence,2026-09-13,4,IE,quantile,0.45,23.3293721098096
2026-08-26,ARI incidence,2026-09-13,4,IE,quantile,0.5,24.4920710889362
2026-08-26,ARI incidence,2026-09-13,4,IE,quantile,0.55,25.7573993734027
2026-08-26,ARI incidence,2026-09-13,4,IE,quantile,0.6,26.9498049044111
2026-08-26,ARI incidence,2026-09-13,4,IE,quantile,0.65,28.2869731250434
2026-08-26,ARI incidence,2026-09-13,4,IE,quantile,0.7,29.6214918019125
2026-08-26,ARI incidence,2026-09-13,4,IE,quantile,0.75,31.2723080934566
2026-08-26,ARI incidence,2026-09-13,4,IE,quantile,0.8,32.9796664503533
2026-08-26,ARI incidence,2026-09-13,4,IE,quantile,0.85,35.2475073896962
2026-08-26,ARI incidence,2026-09-13,4,IE,quantile,0.9,37.9600670768117
2026-08-26,ARI incidence,2026-09-13,4,IE,quantile,0.95,42.4480096450761
2026-08-26,ARI incidence,2026-09-13,4,IE,quantile,0.975,46.1687538552809
2026-08-26,ARI incidence,2026-09-13,4,IE,quantile,0.99,50.7660011477074
2026-08-26,ARI incidence,2026-08-23,1,IS,median,,32.6862443825566
2026-08-26,ARI incidence,2026-08-23,1,IS,quantile,0.01,23.8829631371164
2026-08-26,ARI incidence,2026-08-23,1,IS,quantile,0.025,25.2514946290105
2026-08-26,ARI incidence,2026-08-23,1,IS,quantile,0.05,26.3254876123891
2026-08-26,ARI incidence,2026-08-23,1,IS,quantile,0.1,27.6480791412864
2026-08-26,ARI incidence,2026-08-23,1,IS,quantile,0.15,28.5720327157844
2026-08-26,ARI incidence,2026-08-23,1,IS,quantile,0.2,29.3162922723891
2026-08-26,ARI incidence,2026-08-23,1,IS,quantile,0.25,29.9655642082654
2026-08-26,ARI incidence,2026-08-23,1,IS,quantile,0.3,30.5424238298896
2026-08-26,ARI incidence,2026-08-23,1,IS,quantile,0.35,31.1043180393873
2026-08-26,ARI incidence,2026-08-23,1,IS,quantile,0.4,31.6029236361377
2026-08-26,ARI incidence,2026-08-23,1,IS,quantile,0.45,32.1455457244893
2026-08-26,ARI incidence,2026-08-23,1,IS,quantile,0.5,32.6705439915825
2026-08-26,ARI incidence,2026-08-23,1,IS,quantile,0.55,33.1528539402857
2026-08-26,ARI incidence,2026-08-23,1,IS,quantile,0.6,33.6756478463411
2026-08-26,ARI incidence,2026-08-23,1,IS,quantile,0.65,34.2270525133689
2026-08-26,ARI incidence,2026-08-23,1,IS,quantile,0.7,34.8127137506274
2026-08-26,ARI incidence,2026-08-23,1,IS,quantile,0.75,35.4427219780275
2026-08-26,ARI incidence,2026-08-23,1,IS,quantile,0.8,36.1686232223586
2026-08-26,ARI incidence,2026-08-23,1,IS,quantile,0.85,37.0286084084912
2026-08-26,ARI incidence,2026-08-23,1,IS,quantile,0.9,38.126128624473
2026-08-26,ARI incidence,2026-08-23,1,IS,quantile,0.95,39.6895909522607
2026-08-26,ARI incidence,2026-08-23,1,IS,quantile,0.975,41.151431874185
2026-08-26,ARI incidence,2026-08-23,1,IS,quantile,0.99,42.9078457045688
2026-08-26,ARI incidence,2026-08-30,2,IS,median,,34.5642129055226
2026-08-26,ARI incidence,2026-08-30,2,IS,quantile,0.01,22.7048561032474
2026-08-26,ARI incidence,2026-08-30,2,IS,quantile,0.025,24.2975850873535
2026-08-26,ARI incidence,2026-08-30,2,IS,quantile,0.05,25.797015719062
2026-08-26,ARI incidence,2026-08-30,2,IS,quantile,0.1,27.6729310498164
2026-08-26,ARI incidence,2026-08-30,2,IS,quantile,0.15,28.9126493507217
2026-08-26,ARI incidence,2026-08-30,2,IS,quantile,0.2,29.9714080324154
2026-08-26,ARI incidence,2026-08-30,2,IS,quantile,0.25,30.8696555977469
2026-08-26,ARI incidence,2026-08-30,2,IS,quantile,0.3,31.6749164424374
2026-08-26,ARI incidence,2026-08-30,2,IS,quantile,0.35,32.3934511903773
2026-08-26,ARI incidence,2026-08-30,2,IS,quantile,0.4,33.1186484542436
2026-08-26,ARI incidence,2026-08-30,2,IS,quantile,0.45,33.8769268111196
2026-08-26,ARI incidence,2026-08-30,2,IS,quantile,0.5,34.5819431532965
2026-08-26,ARI incidence,2026-08-30,2,IS,quantile,0.55,35.2525815087939
2026-08-26,ARI incidence,2026-08-30,2,IS,quantile,0.6,35.9403413926647
2026-08-26,ARI incidence,2026-08-30,2,IS,quantile,0.65,36.6847257370131
2026-08-26,ARI incidence,2026-08-30,2,IS,quantile,0.7,37.5130098205242
2026-08-26,ARI incidence,2026-08-30,2,IS,quantile,0.75,38.4622704958527
2026-08-26,ARI incidence,2026-08-30,2,IS,quantile,0.8,39.4530027903373
2026-08-26,ARI incidence,2026-08-30,2,IS,quantile,0.85,40.6780127318901
2026-08-26,ARI incidence,2026-08-30,2,IS,quantile,0.9,42.1772032258675
2026-08-26,ARI incidence,2026-08-30,2,IS,quantile,0.95,44.5140579187894
2026-08-26,ARI incidence,2026-08-30,2,IS,quantile,0.975,46.4051676757218
2026-08-26,ARI incidence,2026-08-30,2,IS,quantile,0.99,48.6210860692959
2026-08-26,ARI incidence,2026-09-06,3,IS,median,,36.3341665124582
2026-08-26,ARI incidence,2026-09-06,3,IS,quantile,0.01,22.3373592202045
2026-08-26,ARI incidence,2026-09-06,3,IS,quantile,0.025,24.2504772891278
2026-08-26,ARI incidence,2026-09-06,3,IS,quantile,0.05,26.0047264547087
2026-08-26,ARI incidence,2026-09-06,3,IS,quantile,0.1,28.0900171344247
2026-08-26,ARI incidence,2026-09-06,3,IS,quantile,0.15,29.5160867135457
2026-08-26,ARI incidence,2026-09-06,3,IS,quantile,0.2,30.7047915694647
2026-08-26,ARI incidence,2026-09-06,3,IS,quantile,0.25,31.7821051256009
2026-08-26,ARI incidence,2026-09-06,3,IS,quantile,0.3,32.7829085593273
2026-08-26,ARI incidence,2026-09-06,3,IS,quantile,0.35,33.7519563471744
2026-08-26,ARI incidence,2026-09-06,3,IS,quantile,0.4,34.6054899545277
2026-08-26,ARI incidence,2026-09-06,3,IS,quantile,0.45,35.4477852208728
2026-08-26,ARI incidence,2026-09-06,3,IS,quantile,0.5,36.2941753622053
2026-08-26,ARI incidence,2026-09-06,3,IS,quantile,0.55,37.1427571814853
2026-08-26,ARI incidence,2026-09-06,3,IS,quantile,0.6,38.0344528792574
2026-08-26,ARI incidence,2026-09-06,3,IS,quantile,0.65,38.9748063411888
2026-08-26,ARI incidence,2026-09-06,3,IS,quantile,0.7,40.0236690413793
2026-08-26,ARI incidence,2026-09-06,3,IS,quantile,0.75,41.1400979495533
2026-08-26,ARI incidence,2026-09-06,3,IS,quantile,0.8,42.3726726256456
2026-08-26,ARI incidence,2026-09-06,3,IS,quantile,0.85,43.8410641817315
2026-08-26,ARI incidence,2026-09-06,3,IS,quantile,0.9,45.8001790392134
2026-08-26,ARI incidence,2026-09-06,3,IS,quantile,0.95,48.6483041145991
2026-08-26,ARI incidence,2026-09-06,3,IS,quantile,0.975,51.1376101214154
2026-08-26,ARI incidence,2026-09-06,3,IS,quantile,0.99,54.1693816476481
2026-08-26,ARI incidence,2026-09-13,4,IS,median,,37.9977034216848
2026-08-26,ARI incidence,2026-09-13,4,IS,quantile,0.01,22.0430794022781
2026-08-26,ARI incidence,2026-09-13,4,IS,quantile,0.025,24.4377653106358
2026-08-26,ARI incidence,2026-09-13,4,IS,quantile,0.05,26.1372251872064
2026-08-26,ARI incidence,2026-09-13,4,IS,quantile,0.1,28.6066670975893
2026-08-26,ARI incidence,2026-09-13,4,IS,quantile,0.15,30.311180237371
2026-08-26,ARI incidence,2026-09-13,4,IS,quantile,0.2,31.6600089116174
2026-08-26,ARI incidence,2026-09-13,4,IS,quantile,0.25,32.8426527471505
2026-08-26,ARI incidence,2026-09-13,4,IS,quantile,0.3,33.8555073160408
2026-08-26,ARI incidence,2026-09-13,4,IS,quantile,0.35,34.9099462775193
2026-08-26,ARI incidence,2026-09-13,4,IS,quantile,0.4,35.960150635293
2026-08-26,ARI incidence,2026-09-13,4,IS,quantile,0.45,36.9903523507633
2026-08-26,ARI incidence,2026-09-13,4,IS,quantile,0.5,37.9512655412634
2026-08-26,ARI incidence,2026-09-13,4,IS,quantile,0.55,38.9114713290922
2026-08-26,ARI incidence,2026-09-13,4,IS,quantile,0.6,39.86671019029
2026-08-26,ARI incidence,2026-09-13,4,IS,quantile,0.65,40.9326530573136
2026-08-26,ARI incidence,2026-09-13,4,IS,quantile,0.7,42.0660334797101
2026-08-26,ARI incidence,2026-09-13,4,IS,quantile,0.75,43.3544689878774
2026-08-26,ARI incidence,2026-09-13,4,IS,quantile,0.8,44.7573754028336
2026-08-26,ARI incidence,2026-09-13,4,IS,quantile,0.85,46.4862419526298
2026-08-26,ARI incidence,2026-09-13,4,IS,quantile,0.9,48.6579146591664
2026-08-26,ARI incidence,2026-09-13,4,IS,quantile,0.95,51.9502939114877
2026-08-26,ARI incidence,2026-09-13,4,IS,quantile,0.975,55.1739413780258
2026-08-26,ARI incidence,2026-09-13,4,IS,quantile,0.99,58.3301360938363
2026-08-26,ARI incidence,2026-08-23,1,LT,median,,213.908678027619
2026-08-26,ARI incidence,2026-08-23,1,LT,quantile,0.01,75.5085717792159
2026-08-26,ARI incidence,2026-08-23,1,LT,quantile,0.025,90.4927620154154
2026-08-26,ARI incidence,2026-08-23,1,LT,quantile,0.05,108.501607637798
2026-08-26,ARI incidence,2026-08-23,1,LT,quantile,0.1,128.487709447555
2026-08-26,ARI incidence,2026-08-23,1,LT,quantile,0.15,142.103037559811
2026-08-26,ARI incidence,2026-08-23,1,LT,quantile,0.2,153.703685240315
2026-08-26,ARI incidence,2026-08-23,1,LT,quantile,0.25,165.411559418415
2026-08-26,ARI incidence,2026-08-23,1,LT,quantile,0.3,175.759389430253
2026-08-26,ARI incidence,2026-08-23,1,LT,quantile,0.35,185.225549963947
2026-08-26,ARI incidence,2026-08-23,1,LT,quantile,0.4,195.089732016347
2026-08-26,ARI incidence,2026-08-23,1,LT,quantile,0.45,203.864673554756
2026-08-26,ARI incidence,2026-08-23,1,LT,quantile,0.5,213.226994667996
2026-08-26,ARI incidence,2026-08-23,1,LT,quantile,0.55,222.814306426315
2026-08-26,ARI incidence,2026-08-23,1,LT,quantile,0.6,232.937483607554
2026-08-26,ARI incidence,2026-08-23,1,LT,quantile,0.65,243.471822315031
2026-08-26,ARI incidence,2026-08-23,1,LT,quantile,0.7,255.148487902122
2026-08-26,ARI incidence,2026-08-23,1,LT,quantile,0.75,267.479378282979
2026-08-26,ARI incidence,2026-08-23,1,LT,quantile,0.8,282.36070043446
2026-08-26,ARI incidence,2026-08-23,1,LT,quantile,0.85,299.70393933551
2026-08-26,ARI incidence,2026-08-23,1,LT,quantile,0.9,321.983367021035
2026-08-26,ARI incidence,2026-08-23,1,LT,quantile,0.95,355.036688815372
2026-08-26,ARI incidence,2026-08-23,1,LT,quantile,0.975,388.582761763481
2026-08-26,ARI incidence,2026-08-23,1,LT,quantile,0.99,436.626945554497
2026-08-26,ARI incidence,2026-08-30,2,LT,median,,236.106829590342
2026-08-26,ARI incidence,2026-08-30,2,LT,quantile,0.01,50.443289166962
2026-08-26,ARI incidence,2026-08-30,2,LT,quantile,0.025,71.156022951233
2026-08-26,ARI incidence,2026-08-30,2,LT,quantile,0.05,90.3544584452654
2026-08-26,ARI incidence,2026-08-30,2,LT,quantile,0.1,115.669673087697
2026-08-26,ARI incidence,2026-08-30,2,LT,quantile,0.15,135.05666137198
2026-08-26,ARI incidence,2026-08-30,2,LT,quantile,0.2,152.911601496765
2026-08-26,ARI incidence,2026-08-30,2,LT,quantile,0.25,167.33332094651
2026-08-26,ARI incidence,2026-08-30,2,LT,quantile,0.3,182.5894901972
2026-08-26,ARI incidence,2026-08-30,2,LT,quantile,0.35,197.289355306588
2026-08-26,ARI incidence,2026-08-30,2,LT,quantile,0.4,210.129171386688
2026-08-26,ARI incidence,2026-08-30,2,LT,quantile,0.45,223.800221980291
2026-08-26,ARI incidence,2026-08-30,2,LT,quantile,0.5,236.676730331852
2026-08-26,ARI incidence,2026-08-30,2,LT,quantile,0.55,250.206692341772
2026-08-26,ARI incidence,2026-08-30,2,LT,quantile,0.6,265.158508423019
2026-08-26,ARI incidence,2026-08-30,2,LT,quantile,0.65,280.344355654915
2026-08-26,ARI incidence,2026-08-30,2,LT,quantile,0.7,296.417039314635
2026-08-26,ARI incidence,2026-08-30,2,LT,quantile,0.75,314.816024811014
2026-08-26,ARI incidence,2026-08-30,2,LT,quantile,0.8,335.539764159957
2026-08-26,ARI incidence,2026-08-30,2,LT,quantile,0.85,361.691265454619
2026-08-26,ARI incidence,2026-08-30,2,LT,quantile,0.9,397.399265738463
2026-08-26,ARI incidence,2026-08-30,2,LT,quantile,0.95,451.728496956174
2026-08-26,ARI incidence,2026-08-30,2,LT,quantile,0.975,505.671887298665
2026-08-26,ARI incidence,2026-08-30,2,LT,quantile,0.99,572.230761185758
2026-08-26,ARI incidence,2026-09-06,3,LT,median,,257.772465129671
2026-08-26,ARI incidence,2026-09-06,3,LT,quantile,0.01,39.2621357212886
2026-08-26,ARI incidence,2026-09-06,3,LT,quantile,0.025,58.9485193600578
2026-08-26,ARI incidence,2026-09-06,3,LT,quantile,0.05,81.6033783920913
2026-08-26,ARI incidence,2026-09-06,3,LT,quantile,0.1,113.822734975583
2026-08-26,ARI incidence,2026-09-06,3,LT,quantile,0.15,137.455819612932
2026-08-26,ARI incidence,2026-09-06,3,LT,quantile,0.2,158.211110269566
2026-08-26,ARI incidence,2026-09-06,3,LT,quantile,0.25,175.873599309616
2026-08-26,ARI incidence,2026-09-06,3,LT,quantile,0.3,192.885765383097
2026-08-26,ARI incidence,2026-09-06,3,LT,quantile,0.35,210.74577637404
2026-08-26,ARI incidence,2026-09-06,3,LT,quantile,0.4,226.919293114424
2026-08-26,ARI incidence,2026-09-06,3,LT,quantile,0.45,242.692722771677
2026-08-26,ARI incidence,2026-09-06,3,LT,quantile,0.5,260.22351881119
2026-08-26,ARI incidence,2026-09-06,3,LT,quantile,0.55,277.432913559847
2026-08-26,ARI incidence,2026-09-06,3,LT,quantile,0.6,295.504651201877
2026-08-26,ARI incidence,2026-09-06,3,LT,quantile,0.65,314.953244221277
2026-08-26,ARI incidence,2026-09-06,3,LT,quantile,0.7,335.336236007401
2026-08-26,ARI incidence,2026-09-06,3,LT,quantile,0.75,359.40079447851
2026-08-26,ARI incidence,2026-09-06,3,LT,quantile,0.8,385.44075919164
2026-08-26,ARI incidence,2026-09-06,3,LT,quantile,0.85,418.608343901423
2026-08-26,ARI incidence,2026-09-06,3,LT,quantile,0.9,464.20324323642
2026-08-26,ARI incidence,2026-09-06,3,LT,quantile,0.95,531.6629737462
2026-08-26,ARI incidence,2026-09-06,3,LT,quantile,0.975,592.337100541023
2026-08-26,ARI incidence,2026-09-06,3,LT,quantile,0.99,668.988846952997
2026-08-26,ARI incidence,2026-09-13,4,LT,median,,278.811765792221
2026-08-26,ARI incidence,2026-09-13,4,LT,quantile,0.01,33.0875823787837
2026-08-26,ARI incidence,2026-09-13,4,LT,quantile,0.025,54.7281721211625
2026-08-26,ARI incidence,2026-09-13,4,LT,quantile,0.05,80.1413007117027
2026-08-26,ARI incidence,2026-09-13,4,LT,quantile,0.1,114.975425695091
2026-08-26,ARI incidence,2026-09-13,4,LT,quantile,0.15,141.670342121501
2026-08-26,ARI incidence,2026-09-13,4,LT,quantile,0.2,163.639837547517
2026-08-26,ARI incidence,2026-09-13,4,LT,quantile,0.25,184.249608106481
2026-08-26,ARI incidence,2026-09-13,4,LT,quantile,0.3,205.524253346201
2026-08-26,ARI incidence,2026-09-13,4,LT,quantile,0.35,223.487380148224
2026-08-26,ARI incidence,2026-09-13,4,LT,quantile,0.4,241.856619445521
2026-08-26,ARI incidence,2026-09-13,4,LT,quantile,0.45,262.023031887509
2026-08-26,ARI incidence,2026-09-13,4,LT,quantile,0.5,282.268958969572
2026-08-26,ARI incidence,2026-09-13,4,LT,quantile,0.55,301.293427517607
2026-08-26,ARI incidence,2026-09-13,4,LT,quantile,0.6,324.247637611017
2026-08-26,ARI incidence,2026-09-13,4,LT,quantile,0.65,346.895187145388
2026-08-26,ARI incidence,2026-09-13,4,LT,quantile,0.7,370.657629905982
2026-08-26,ARI incidence,2026-09-13,4,LT,quantile,0.75,396.500748996468
2026-08-26,ARI incidence,2026-09-13,4,LT,quantile,0.8,430.939399753651
2026-08-26,ARI incidence,2026-09-13,4,LT,quantile,0.85,468.392755744207
2026-08-26,ARI incidence,2026-09-13,4,LT,quantile,0.9,518.163310302966
2026-08-26,ARI incidence,2026-09-13,4,LT,quantile,0.95,606.657885534693
2026-08-26,ARI incidence,2026-09-13,4,LT,quantile,0.975,677.661595690802
2026-08-26,ARI incidence,2026-09-13,4,LT,quantile,0.99,775.290851625039
2026-08-26,ARI incidence,2026-08-23,1,LU,median,,6537.62698385859
2026-08-26,ARI incidence,2026-08-23,1,LU,quantile,0.01,1585.59828889603
2026-08-26,ARI incidence,2026-08-23,1,LU,quantile,0.025,2142.97209192614
2026-08-26,ARI incidence,2026-08-23,1,LU,quantile,0.05,2703.075363765
2026-08-26,ARI incidence,2026-08-23,1,LU,quantile,0.1,3404.65465409693
2026-08-26,ARI incidence,2026-08-23,1,LU,quantile,0.15,3952.11559147046
2026-08-26,ARI incidence,2026-08-23,1,LU,quantile,0.2,4388.02972651977
2026-08-26,ARI incidence,2026-08-23,1,LU,quantile,0.25,4768.48409065588
2026-08-26,ARI incidence,2026-08-23,1,LU,quantile,0.3,5149.61372285554
2026-08-26,ARI incidence,2026-08-23,1,LU,quantile,0.35,5507.70749260739
2026-08-26,ARI incidence,2026-08-23,1,LU,quantile,0.4,5862.92448497494
2026-08-26,ARI incidence,2026-08-23,1,LU,quantile,0.45,6192.14027539904
2026-08-26,ARI incidence,2026-08-23,1,LU,quantile,0.5,6548.53647785289
2026-08-26,ARI incidence,2026-08-23,1,LU,quantile,0.55,6934.29629288193
2026-08-26,ARI incidence,2026-08-23,1,LU,quantile,0.6,7307.32889895728
2026-08-26,ARI incidence,2026-08-23,1,LU,quantile,0.65,7717.30620384263
2026-08-26,ARI incidence,2026-08-23,1,LU,quantile,0.7,8149.86234980877
2026-08-26,ARI incidence,2026-08-23,1,LU,quantile,0.75,8609.9773628146
2026-08-26,ARI incidence,2026-08-23,1,LU,quantile,0.8,9155.12362876044
2026-08-26,ARI incidence,2026-08-23,1,LU,quantile,0.85,9848.40213527337
2026-08-26,ARI incidence,2026-08-23,1,LU,quantile,0.9,10733.6855684043
2026-08-26,ARI incidence,2026-08-23,1,LU,quantile,0.95,12086.1238551852
2026-08-26,ARI incidence,2026-08-23,1,LU,quantile,0.975,13309.876858336
2026-08-26,ARI incidence,2026-08-23,1,LU,quantile,0.99,14866.6722613737
2026-08-26,ARI incidence,2026-08-30,2,LU,median,,6978.55685127299
2026-08-26,ARI incidence,2026-08-30,2,LU,quantile,0.01,1443.97158096827
2026-08-26,ARI incidence,2026-08-30,2,LU,quantile,0.025,2035.83701056852
2026-08-26,ARI incidence,2026-08-30,2,LU,quantile,0.05,2606.65881432455
2026-08-26,ARI incidence,2026-08-30,2,LU,quantile,0.1,3382.58902391245
2026-08-26,ARI incidence,2026-08-30,2,LU,quantile,0.15,3964.17986076411
2026-08-26,ARI incidence,2026-08-30,2,LU,quantile,0.2,4465.6910955429
2026-08-26,ARI incidence,2026-08-30,2,LU,quantile,0.25,4931.60356675459
2026-08-26,ARI incidence,2026-08-30,2,LU,quantile,0.3,5331.97035528524
2026-08-26,ARI incidence,2026-08-30,2,LU,quantile,0.35,5735.71943894466
2026-08-26,ARI incidence,2026-08-30,2,LU,quantile,0.4,6141.60578747756
2026-08-26,ARI incidence,2026-08-30,2,LU,quantile,0.45,6572.42684545869
2026-08-26,ARI incidence,2026-08-30,2,LU,quantile,0.5,6959.02309238177
2026-08-26,ARI incidence,2026-08-30,2,LU,quantile,0.55,7358.40138817511
2026-08-26,ARI incidence,2026-08-30,2,LU,quantile,0.6,7834.35151806506
2026-08-26,ARI incidence,2026-08-30,2,LU,quantile,0.65,8316.77625207381
2026-08-26,ARI incidence,2026-08-30,2,LU,quantile,0.7,8836.45655947481
2026-08-26,ARI incidence,2026-08-30,2,LU,quantile,0.75,9441.47113495281
2026-08-26,ARI incidence,2026-08-30,2,LU,quantile,0.8,10049.746072536
2026-08-26,ARI incidence,2026-08-30,2,LU,quantile,0.85,10839.2724262086
2026-08-26,ARI incidence,2026-08-30,2,LU,quantile,0.9,11826.2152362002
2026-08-26,ARI incidence,2026-08-30,2,LU,quantile,0.95,13344.0665485297
2026-08-26,ARI incidence,2026-08-30,2,LU,quantile,0.975,14849.7929764482
2026-08-26,ARI incidence,2026-08-30,2,LU,quantile,0.99,16612.3482966156
2026-08-26,ARI incidence,2026-09-06,3,LU,median,,7377.86467456795
2026-08-26,ARI incidence,2026-09-06,3,LU,quantile,0.01,1363.28890613574
2026-08-26,ARI incidence,2026-09-06,3,LU,quantile,0.025,2020.23719909036
2026-08-26,ARI incidence,2026-09-06,3,LU,quantile,0.05,2664.80758947376
2026-08-26,ARI incidence,2026-09-06,3,LU,quantile,0.1,3511.3619863243
2026-08-26,ARI incidence,2026-09-06,3,LU,quantile,0.15,4169.41468044119
2026-08-26,ARI incidence,2026-09-06,3,LU,quantile,0.2,4681.4368162434
2026-08-26,ARI incidence,2026-09-06,3,LU,quantile,0.25,5171.56967270598
2026-08-26,ARI incidence,2026-09-06,3,LU,quantile,0.3,5608.87671789913
2026-08-26,ARI incidence,2026-09-06,3,LU,quantile,0.35,6055.99138045333
2026-08-26,ARI incidence,2026-09-06,3,LU,quantile,0.4,6564.37544022837
2026-08-26,ARI incidence,2026-09-06,3,LU,quantile,0.45,7005.28872920371
2026-08-26,ARI incidence,2026-09-06,3,LU,quantile,0.5,7463.45626639939
2026-08-26,ARI incidence,2026-09-06,3,LU,quantile,0.55,7914.96004354748
2026-08-26,ARI incidence,2026-09-06,3,LU,quantile,0.6,8397.36656882552
2026-08-26,ARI incidence,2026-09-06,3,LU,quantile,0.65,8894.62921034416
2026-08-26,ARI incidence,2026-09-06,3,LU,quantile,0.7,9480.72092486414
2026-08-26,ARI incidence,2026-09-06,3,LU,quantile,0.75,10134.7381939952
2026-08-26,ARI incidence,2026-09-06,3,LU,quantile,0.8,10867.0482865065
2026-08-26,ARI incidence,2026-09-06,3,LU,quantile,0.85,11780.3897186371
2026-08-26,ARI incidence,2026-09-06,3,LU,quantile,0.9,12862.6433867333
2026-08-26,ARI incidence,2026-09-06,3,LU,quantile,0.95,14496.9379676878
2026-08-26,ARI incidence,2026-09-06,3,LU,quantile,0.975,16133.833786932
2026-08-26,ARI incidence,2026-09-06,3,LU,quantile,0.99,18329.0549851307
2026-08-26,ARI incidence,2026-09-13,4,LU,median,,7737.89356420672
2026-08-26,ARI incidence,2026-09-13,4,LU,quantile,0.01,1244.68098770371
2026-08-26,ARI incidence,2026-09-13,4,LU,quantile,0.025,1911.7880968573
2026-08-26,ARI incidence,2026-09-13,4,LU,quantile,0.05,2595.7074314452602
2026-08-26,ARI incidence,2026-09-13,4,LU,quantile,0.1,3552.67977156355
2026-08-26,ARI incidence,2026-09-13,4,LU,quantile,0.15,4214.96777224177
2026-08-26,ARI incidence,2026-09-13,4,LU,quantile,0.2,4826.20234515151
2026-08-26,ARI incidence,2026-09-13,4,LU,quantile,0.25,5380.73307871463
2026-08-26,ARI incidence,2026-09-13,4,LU,quantile,0.3,5876.70206942406
2026-08-26,ARI incidence,2026-09-13,4,LU,quantile,0.35,6365.68822668504
2026-08-26,ARI incidence,2026-09-13,4,LU,quantile,0.4,6800.72410623639
2026-08-26,ARI incidence,2026-09-13,4,LU,quantile,0.45,7301.74904766863
2026-08-26,ARI incidence,2026-09-13,4,LU,quantile,0.5,7822.97454844067
2026-08-26,ARI incidence,2026-09-13,4,LU,quantile,0.55,8376.61583803013
2026-08-26,ARI incidence,2026-09-13,4,LU,quantile,0.6,8884.76849186555
2026-08-26,ARI incidence,2026-09-13,4,LU,quantile,0.65,9413.36746891514
2026-08-26,ARI incidence,2026-09-13,4,LU,quantile,0.7,10011.9678373903
2026-08-26,ARI incidence,2026-09-13,4,LU,quantile,0.75,10695.7505934273
2026-08-26,ARI incidence,2026-09-13,4,LU,quantile,0.8,11433.3454030312
2026-08-26,ARI incidence,2026-09-13,4,LU,quantile,0.85,12420.10744485
2026-08-26,ARI incidence,2026-09-13,4,LU,quantile,0.9,13572.853594044
2026-08-26,ARI incidence,2026-09-13,4,LU,quantile,0.95,15528.070581227
2026-08-26,ARI incidence,2026-09-13,4,LU,quantile,0.975,17260.9470081279
2026-08-26,ARI incidence,2026-09-13,4,LU,quantile,0.99,19499.3552985678
2026-08-26,ARI incidence,2026-08-23,1,NL,median,,96.6136141484325
2026-08-26,ARI incidence,2026-08-23,1,NL,quantile,0.01,77.8212421592967
2026-08-26,ARI incidence,2026-08-23,1,NL,quantile,0.025,80.7066457312914
2026-08-26,ARI incidence,2026-08-23,1,NL,quantile,0.05,83.4217775046238
2026-08-26,ARI incidence,2026-08-23,1,NL,quantile,0.1,86.3666939608885
2026-08-26,ARI incidence,2026-08-23,1,NL,quantile,0.15,88.2474086171681
2026-08-26,ARI incidence,2026-08-23,1,NL,quantile,0.2,89.6761459174217
2026-08-26,ARI incidence,2026-08-23,1,NL,quantile,0.25,91.0034017029954
2026-08-26,ARI incidence,2026-08-23,1,NL,quantile,0.3,92.2098049285881
2026-08-26,ARI incidence,2026-08-23,1,NL,quantile,0.35,93.454309972283
2026-08-26,ARI incidence,2026-08-23,1,NL,quantile,0.4,94.5112348664868
2026-08-26,ARI incidence,2026-08-23,1,NL,quantile,0.45,95.5668242645283
2026-08-26,ARI incidence,2026-08-23,1,NL,quantile,0.5,96.5815173223638
2026-08-26,ARI incidence,2026-08-23,1,NL,quantile,0.55,97.5547464983555
2026-08-26,ARI incidence,2026-08-23,1,NL,quantile,0.6,98.636284873829
2026-08-26,ARI incidence,2026-08-23,1,NL,quantile,0.65,99.7857609817699
2026-08-26,ARI incidence,2026-08-23,1,NL,quantile,0.7,100.994954199393
2026-08-26,ARI incidence,2026-08-23,1,NL,quantile,0.75,102.262255381469
2026-08-26,ARI incidence,2026-08-23,1,NL,quantile,0.8,103.796520405685
2026-08-26,ARI incidence,2026-08-23,1,NL,quantile,0.85,105.503841084878
2026-08-26,ARI incidence,2026-08-23,1,NL,quantile,0.9,107.629944072698
2026-08-26,ARI incidence,2026-08-23,1,NL,quantile,0.95,111.00516615433
2026-08-26,ARI incidence,2026-08-23,1,NL,quantile,0.975,113.593480119124
2026-08-26,ARI incidence,2026-08-23,1,NL,quantile,0.99,117.161298426425
2026-08-26,ARI incidence,2026-08-30,2,NL,median,,96.8556960476864
2026-08-26,ARI incidence,2026-08-30,2,NL,quantile,0.01,73.0007889637439
2026-08-26,ARI incidence,2026-08-30,2,NL,quantile,0.025,76.5414570169088
2026-08-26,ARI incidence,2026-08-30,2,NL,quantile,0.05,79.6402930582035
2026-08-26,ARI incidence,2026-08-30,2,NL,quantile,0.1,83.3548851600036
2026-08-26,ARI incidence,2026-08-30,2,NL,quantile,0.15,85.9168588143225
2026-08-26,ARI incidence,2026-08-30,2,NL,quantile,0.2,87.9023729994244
2026-08-26,ARI incidence,2026-08-30,2,NL,quantile,0.25,89.6429529957241
2026-08-26,ARI incidence,2026-08-30,2,NL,quantile,0.3,91.174344454536
2026-08-26,ARI incidence,2026-08-30,2,NL,quantile,0.35,92.6508470491557
2026-08-26,ARI incidence,2026-08-30,2,NL,quantile,0.4,94.0308538491336
2026-08-26,ARI incidence,2026-08-30,2,NL,quantile,0.45,95.436257021849
2026-08-26,ARI incidence,2026-08-30,2,NL,quantile,0.5,96.7868857452609
2026-08-26,ARI incidence,2026-08-30,2,NL,quantile,0.55,98.2329924827635
2026-08-26,ARI incidence,2026-08-30,2,NL,quantile,0.6,99.6210726185919
2026-08-26,ARI incidence,2026-08-30,2,NL,quantile,0.65,101.048403085881
2026-08-26,ARI incidence,2026-08-30,2,NL,quantile,0.7,102.507256742387
2026-08-26,ARI incidence,2026-08-30,2,NL,quantile,0.75,104.236610365121
2026-08-26,ARI incidence,2026-08-30,2,NL,quantile,0.8,106.183902002923
2026-08-26,ARI incidence,2026-08-30,2,NL,quantile,0.85,108.304310850849
2026-08-26,ARI incidence,2026-08-30,2,NL,quantile,0.9,111.104817345116
2026-08-26,ARI incidence,2026-08-30,2,NL,quantile,0.95,115.173479698361
2026-08-26,ARI incidence,2026-08-30,2,NL,quantile,0.975,119.129332397194
2026-08-26,ARI incidence,2026-08-30,2,NL,quantile,0.99,123.115762877852
2026-08-26,ARI incidence,2026-09-06,3,NL,median,,99.5419954766814
2026-08-26,ARI incidence,2026-09-06,3,NL,quantile,0.01,71.3415039500749
2026-08-26,ARI incidence,2026-09-06,3,NL,quantile,0.025,75.5464199877168
2026-08-26,ARI incidence,2026-09-06,3,NL,quantile,0.05,79.3079283044538
2026-08-26,ARI incidence,2026-09-06,3,NL,quantile,0.1,83.5784043914268
2026-08-26,ARI incidence,2026-09-06,3,NL,quantile,0.15,86.6352856817636
2026-08-26,ARI incidence,2026-09-06,3,NL,quantile,0.2,88.9576884992617
2026-08-26,ARI incidence,2026-09-06,3,NL,quantile,0.25,91.0256330941835
2026-08-26,ARI incidence,2026-09-06,3,NL,quantile,0.3,92.8304600700563
2026-08-26,ARI incidence,2026-09-06,3,NL,quantile,0.35,94.5154883864037
2026-08-26,ARI incidence,2026-09-06,3,NL,quantile,0.4,96.1437369727301
2026-08-26,ARI incidence,2026-09-06,3,NL,quantile,0.45,97.7773657161995
2026-08-26,ARI incidence,2026-09-06,3,NL,quantile,0.5,99.3834825097621
2026-08-26,ARI incidence,2026-09-06,3,NL,quantile,0.55,101.076951649416
2026-08-26,ARI incidence,2026-09-06,3,NL,quantile,0.6,102.748399208036
2026-08-26,ARI incidence,2026-09-06,3,NL,quantile,0.65,104.505932670378
2026-08-26,ARI incidence,2026-09-06,3,NL,quantile,0.7,106.336239058168
2026-08-26,ARI incidence,2026-09-06,3,NL,quantile,0.75,108.403515093424
2026-08-26,ARI incidence,2026-09-06,3,NL,quantile,0.8,110.700690406333
2026-08-26,ARI incidence,2026-09-06,3,NL,quantile,0.85,113.33699664469
2026-08-26,ARI incidence,2026-09-06,3,NL,quantile,0.9,116.770669452829
2026-08-26,ARI incidence,2026-09-06,3,NL,quantile,0.95,121.512068030654
2026-08-26,ARI incidence,2026-09-06,3,NL,quantile,0.975,126.19035720578
2026-08-26,ARI incidence,2026-09-06,3,NL,quantile,0.99,131.476994099625
2026-08-26,ARI incidence,2026-09-13,4,NL,median,,104.605261536413
2026-08-26,ARI incidence,2026-09-13,4,NL,quantile,0.01,70.3252051058312
2026-08-26,ARI incidence,2026-09-13,4,NL,quantile,0.025,76.1555724071128
2026-08-26,ARI incidence,2026-09-13,4,NL,quantile,0.05,80.4505735034828
2026-08-26,ARI incidence,2026-09-13,4,NL,quantile,0.1,85.2324920325788
2026-08-26,ARI incidence,2026-09-13,4,NL,quantile,0.15,88.683857358226
2026-08-26,ARI incidence,2026-09-13,4,NL,quantile,0.2,91.5462956398668
2026-08-26,ARI incidence,2026-09-13,4,NL,quantile,0.25,93.9725195489288
2026-08-26,ARI incidence,2026-09-13,4,NL,quantile,0.3,96.4234867197732
2026-08-26,ARI incidence,2026-09-13,4,NL,quantile,0.35,98.4355038290573
2026-08-26,ARI incidence,2026-09-13,4,NL,quantile,0.4,100.484699687952
2026-08-26,ARI incidence,2026-09-13,4,NL,quantile,0.45,102.474807349589
2026-08-26,ARI incidence,2026-09-13,4,NL,quantile,0.5,104.494834895059
2026-08-26,ARI incidence,2026-09-13,4,NL,quantile,0.55,106.576541061153
2026-08-26,ARI incidence,2026-09-13,4,NL,quantile,0.6,108.711898283371
2026-08-26,ARI incidence,2026-09-13,4,NL,quantile,0.65,110.821818719457
2026-08-26,ARI incidence,2026-09-13,4,NL,quantile,0.7,113.137303147852
2026-08-26,ARI incidence,2026-09-13,4,NL,quantile,0.75,115.746362303638
2026-08-26,ARI incidence,2026-09-13,4,NL,quantile,0.8,118.470437791883
2026-08-26,ARI incidence,2026-09-13,4,NL,quantile,0.85,121.592869683597
2026-08-26,ARI incidence,2026-09-13,4,NL,quantile,0.9,125.996973482445
2026-08-26,ARI incidence,2026-09-13,4,NL,quantile,0.95,132.488718880758
2026-08-26,ARI incidence,2026-09-13,4,NL,quantile,0.975,138.531709805434
2026-08-26,ARI incidence,2026-09-13,4,NL,quantile,0.99,145.557225076199
2026-08-26,ARI incidence,2026-08-23,1,SI,median,,289.261046344162
2026-08-26,ARI incidence,2026-08-23,1,SI,quantile,0.01,73.9791175814893
2026-08-26,ARI incidence,2026-08-23,1,SI,quantile,0.025,95.6118586332709
2026-08-26,ARI incidence,2026-08-23,1,SI,quantile,0.05,120.857442145034
2026-08-26,ARI incidence,2026-08-23,1,SI,quantile,0.1,151.937638254374
2026-08-26,ARI incidence,2026-08-23,1,SI,quantile,0.15,174.989693159908
2026-08-26,ARI incidence,2026-08-23,1,SI,quantile,0.2,193.897032884494
2026-08-26,ARI incidence,2026-08-23,1,SI,quantile,0.25,210.32081743354
2026-08-26,ARI incidence,2026-08-23,1,SI,quantile,0.3,227.183795652357
2026-08-26,ARI incidence,2026-08-23,1,SI,quantile,0.35,242.012313640842
2026-08-26,ARI incidence,2026-08-23,1,SI,quantile,0.4,258.24371052858
2026-08-26,ARI incidence,2026-08-23,1,SI,quantile,0.45,273.906105186269
2026-08-26,ARI incidence,2026-08-23,1,SI,quantile,0.5,289.870163677289
2026-08-26,ARI incidence,2026-08-23,1,SI,quantile,0.55,306.376661751073
2026-08-26,ARI incidence,2026-08-23,1,SI,quantile,0.6,322.766546292594
2026-08-26,ARI incidence,2026-08-23,1,SI,quantile,0.65,341.048305041282
2026-08-26,ARI incidence,2026-08-23,1,SI,quantile,0.7,359.490687110589
2026-08-26,ARI incidence,2026-08-23,1,SI,quantile,0.75,382.31056473972
2026-08-26,ARI incidence,2026-08-23,1,SI,quantile,0.8,407.467849941031
2026-08-26,ARI incidence,2026-08-23,1,SI,quantile,0.85,438.371681082567
2026-08-26,ARI incidence,2026-08-23,1,SI,quantile,0.9,476.535790125343
2026-08-26,ARI incidence,2026-08-23,1,SI,quantile,0.95,543.193937024512
2026-08-26,ARI incidence,2026-08-23,1,SI,quantile,0.975,599.196216074395
2026-08-26,ARI incidence,2026-08-23,1,SI,quantile,0.99,663.147881079896
2026-08-26,ARI incidence,2026-08-30,2,SI,median,,301.180994318156
2026-08-26,ARI incidence,2026-08-30,2,SI,quantile,0.01,29.9206813335719
2026-08-26,ARI incidence,2026-08-30,2,SI,quantile,0.025,52.4270569872277
2026-08-26,ARI incidence,2026-08-30,2,SI,quantile,0.05,79.4293873196197
2026-08-26,ARI incidence,2026-08-30,2,SI,quantile,0.1,116.788097227709
2026-08-26,ARI incidence,2026-08-30,2,SI,quantile,0.15,143.554883799097
2026-08-26,ARI incidence,2026-08-30,2,SI,quantile,0.2,168.556275865224
2026-08-26,ARI incidence,2026-08-30,2,SI,quantile,0.25,191.676540637775
2026-08-26,ARI incidence,2026-08-30,2,SI,quantile,0.3,213.425005500801
2026-08-26,ARI incidence,2026-08-30,2,SI,quantile,0.35,235.486422670464
2026-08-26,ARI incidence,2026-08-30,2,SI,quantile,0.4,255.741140617616
2026-08-26,ARI incidence,2026-08-30,2,SI,quantile,0.45,276.400087708902
2026-08-26,ARI incidence,2026-08-30,2,SI,quantile,0.5,299.348537335876
2026-08-26,ARI incidence,2026-08-30,2,SI,quantile,0.55,322.945367008485
2026-08-26,ARI incidence,2026-08-30,2,SI,quantile,0.6,347.955123561271
2026-08-26,ARI incidence,2026-08-30,2,SI,quantile,0.65,373.944820645868
2026-08-26,ARI incidence,2026-08-30,2,SI,quantile,0.7,404.938721760602
2026-08-26,ARI incidence,2026-08-30,2,SI,quantile,0.75,435.909934123434
2026-08-26,ARI incidence,2026-08-30,2,SI,quantile,0.8,471.213088324195
2026-08-26,ARI incidence,2026-08-30,2,SI,quantile,0.85,518.326501587988
2026-08-26,ARI incidence,2026-08-30,2,SI,quantile,0.9,577.261926460544
2026-08-26,ARI incidence,2026-08-30,2,SI,quantile,0.95,670.382300688194
2026-08-26,ARI incidence,2026-08-30,2,SI,quantile,0.975,759.243558620404
2026-08-26,ARI incidence,2026-08-30,2,SI,quantile,0.99,864.204091637442
2026-08-26,ARI incidence,2026-09-06,3,SI,median,,311.3351691589
2026-08-26,ARI incidence,2026-09-06,3,SI,quantile,0.01,9.39386741623498
2026-08-26,ARI incidence,2026-09-06,3,SI,quantile,0.025,29.0311462274456
2026-08-26,ARI incidence,2026-09-06,3,SI,quantile,0.05,54.3216652311823
2026-08-26,ARI incidence,2026-09-06,3,SI,quantile,0.1,92.4935141480116
2026-08-26,ARI incidence,2026-09-06,3,SI,quantile,0.15,124.788682742179
2026-08-26,ARI incidence,2026-09-06,3,SI,quantile,0.2,154.366998320341
2026-08-26,ARI incidence,2026-09-06,3,SI,quantile,0.25,181.354897250538
2026-08-26,ARI incidence,2026-09-06,3,SI,quantile,0.3,206.272862564388
2026-08-26,ARI incidence,2026-09-06,3,SI,quantile,0.35,232.959837731756
2026-08-26,ARI incidence,2026-09-06,3,SI,quantile,0.4,260.710114821153
2026-08-26,ARI incidence,2026-09-06,3,SI,quantile,0.45,285.875041665318
2026-08-26,ARI incidence,2026-09-06,3,SI,quantile,0.5,311.452066742595
2026-08-26,ARI incidence,2026-09-06,3,SI,quantile,0.55,339.621464204566
2026-08-26,ARI incidence,2026-09-06,3,SI,quantile,0.6,369.932547342878
2026-08-26,ARI incidence,2026-09-06,3,SI,quantile,0.65,401.728109790842
2026-08-26,ARI incidence,2026-09-06,3,SI,quantile,0.7,435.969687621324
2026-08-26,ARI incidence,2026-09-06,3,SI,quantile,0.75,476.607712210534
2026-08-26,ARI incidence,2026-09-06,3,SI,quantile,0.8,523.880706090384
2026-08-26,ARI incidence,2026-09-06,3,SI,quantile,0.85,578.456741857547
2026-08-26,ARI incidence,2026-09-06,3,SI,quantile,0.9,653.074271477485
2026-08-26,ARI incidence,2026-09-06,3,SI,quantile,0.95,786.771313663679
2026-08-26,ARI incidence,2026-09-06,3,SI,quantile,0.975,908.542647378518
2026-08-26,ARI incidence,2026-09-06,3,SI,quantile,0.99,1033.28907502864
2026-08-26,ARI incidence,2026-09-13,4,SI,median,,317.21643701829
2026-08-26,ARI incidence,2026-09-13,4,SI,quantile,0.01,2.98863415908131
2026-08-26,ARI incidence,2026-09-13,4,SI,quantile,0.025,15.1506039724604
2026-08-26,ARI incidence,2026-09-13,4,SI,quantile,0.05,35.9611436306076
2026-08-26,ARI incidence,2026-09-13,4,SI,quantile,0.1,75.1689016222597
2026-08-26,ARI incidence,2026-09-13,4,SI,quantile,0.15,108.616456952345
2026-08-26,ARI incidence,2026-09-13,4,SI,quantile,0.2,138.729818457332
2026-08-26,ARI incidence,2026-09-13,4,SI,quantile,0.25,167.310578509843
2026-08-26,ARI incidence,2026-09-13,4,SI,quantile,0.3,194.619053605279
2026-08-26,ARI incidence,2026-09-13,4,SI,quantile,0.35,223.937358132767
2026-08-26,ARI incidence,2026-09-13,4,SI,quantile,0.4,252.189572737545
2026-08-26,ARI incidence,2026-09-13,4,SI,quantile,0.45,280.404863220708
2026-08-26,ARI incidence,2026-09-13,4,SI,quantile,0.5,311.757557498197
2026-08-26,ARI incidence,2026-09-13,4,SI,quantile,0.55,343.720445470865
2026-08-26,ARI incidence,2026-09-13,4,SI,quantile,0.6,378.04448117618
2026-08-26,ARI incidence,2026-09-13,4,SI,quantile,0.65,413.803746053173
2026-08-26,ARI incidence,2026-09-13,4,SI,quantile,0.7,454.34114676311
2026-08-26,ARI incidence,2026-09-13,4,SI,quantile,0.75,497.585190546985
2026-08-26,ARI incidence,2026-09-13,4,SI,quantile,0.8,554.705626469511
2026-08-26,ARI incidence,2026-09-13,4,SI,quantile,0.85,617.894565687446
2026-08-26,ARI incidence,2026-09-13,4,SI,quantile,0.9,711.002546856105
2026-08-26,ARI incidence,2026-09-13,4,SI,quantile,0.95,851.883122234378
2026-08-26,ARI incidence,2026-09-13,4,SI,quantile,0.975,991.143420201615
2026-08-26,ARI incidence,2026-09-13,4,SI,quantile,0.99,1197.26835304948
