origin_date,target,target_end_date,horizon,location,output_type,output_type_id,value
2026-09-16,ILI incidence,2026-09-13,1,BE,quantile,0.01,21.02854162418209
2026-09-16,ILI incidence,2026-09-13,1,BE,quantile,0.05,26.81463984653489
2026-09-16,ILI incidence,2026-09-13,1,BE,quantile,0.025,23.96484533063934
2026-09-16,ILI incidence,2026-09-13,1,BE,quantile,0.1,30.569593601266963
2026-09-16,ILI incidence,2026-09-13,1,BE,quantile,0.7,58.648518818991306
2026-09-16,ILI incidence,2026-09-13,1,BE,quantile,0.25,38.139136795579766
2026-09-16,ILI incidence,2026-09-13,1,BE,quantile,0.2,35.99847082216923
2026-09-16,ILI incidence,2026-09-13,1,BE,quantile,0.15,33.48722262788861
2026-09-16,ILI incidence,2026-09-13,1,BE,quantile,0.65,55.9195553539383
2026-09-16,ILI incidence,2026-09-13,1,BE,quantile,0.5,48.78162626871497
2026-09-16,ILI incidence,2026-09-13,1,BE,quantile,0.55,50.92953424458783
2026-09-16,ILI incidence,2026-09-13,1,BE,quantile,0.6,53.36273903882466
2026-09-16,ILI incidence,2026-09-13,1,BE,quantile,0.3,40.249272586223846
2026-09-16,ILI incidence,2026-09-13,1,BE,quantile,0.35,42.29526287864227
2026-09-16,ILI incidence,2026-09-13,1,BE,quantile,0.75,62.195073863611896
2026-09-16,ILI incidence,2026-09-13,1,BE,quantile,0.4,44.484135640842595
2026-09-16,ILI incidence,2026-09-13,1,BE,quantile,0.8,66.27106527956913
2026-09-16,ILI incidence,2026-09-13,1,BE,quantile,0.85,71.35665050080307
2026-09-16,ILI incidence,2026-09-13,1,BE,quantile,0.99,117.68187331473877
2026-09-16,ILI incidence,2026-09-13,1,BE,quantile,0.975,101.6568278984224
2026-09-16,ILI incidence,2026-09-13,1,BE,quantile,0.95,89.53144302816749
2026-09-16,ILI incidence,2026-09-13,1,BE,quantile,0.9,78.34965181828969
2026-09-16,ILI incidence,2026-09-13,1,BE,quantile,0.45,46.59841665577841
2026-09-16,ILI incidence,2026-09-13,1,BE,median,NA,48.78162626871497
2026-09-16,ILI incidence,2026-09-20,2,BE,quantile,0.4,50.87621897796392
2026-09-16,ILI incidence,2026-09-20,2,BE,quantile,0.025,46.461060821039304
2026-09-16,ILI incidence,2026-09-20,2,BE,quantile,0.35,50.50240124125894
2026-09-16,ILI incidence,2026-09-20,2,BE,quantile,0.01,45.606794665905944
2026-09-16,ILI incidence,2026-09-20,2,BE,quantile,0.05,47.22978818005134
2026-09-16,ILI incidence,2026-09-20,2,BE,quantile,0.6,52.21172198819885
2026-09-16,ILI incidence,2026-09-20,2,BE,quantile,0.5,51.57030295979612
2026-09-16,ILI incidence,2026-09-20,2,BE,quantile,0.45,51.211040035257525
2026-09-16,ILI incidence,2026-09-20,2,BE,quantile,0.55,51.8837522882525
2026-09-16,ILI incidence,2026-09-20,2,BE,quantile,0.65,52.58643929919096
2026-09-16,ILI incidence,2026-09-20,2,BE,quantile,0.7,52.95175654916055
2026-09-16,ILI incidence,2026-09-20,2,BE,quantile,0.75,53.35600912760096
2026-09-16,ILI incidence,2026-09-20,2,BE,quantile,0.8,53.85377601969197
2026-09-16,ILI incidence,2026-09-20,2,BE,quantile,0.3,50.11617757186462
2026-09-16,ILI incidence,2026-09-20,2,BE,quantile,0.85,54.40111986902885
2026-09-16,ILI incidence,2026-09-20,2,BE,quantile,0.99,58.087136179943485
2026-09-16,ILI incidence,2026-09-20,2,BE,quantile,0.975,57.06404322685902
2026-09-16,ILI incidence,2026-09-20,2,BE,quantile,0.1,48.13102338777362
2026-09-16,ILI incidence,2026-09-20,2,BE,quantile,0.15,48.774112478127975
2026-09-16,ILI incidence,2026-09-20,2,BE,quantile,0.2,49.25946595197875
2026-09-16,ILI incidence,2026-09-20,2,BE,quantile,0.25,49.68032416652673
2026-09-16,ILI incidence,2026-09-20,2,BE,quantile,0.9,55.113836164443505
2026-09-16,ILI incidence,2026-09-20,2,BE,quantile,0.95,56.17425513752008
2026-09-16,ILI incidence,2026-09-20,2,BE,median,NA,51.57030295979612
2026-09-16,ILI incidence,2026-09-27,3,BE,quantile,0.01,4.726113460184411
2026-09-16,ILI incidence,2026-09-27,3,BE,quantile,0.4,24.835471120935253
2026-09-16,ILI incidence,2026-09-27,3,BE,quantile,0.45,27.37914333283426
2026-09-16,ILI incidence,2026-09-27,3,BE,quantile,0.025,6.528508496462763
2026-09-16,ILI incidence,2026-09-27,3,BE,quantile,0.35,22.34568861172317
2026-09-16,ILI incidence,2026-09-27,3,BE,quantile,0.5,30.20844485827483
2026-09-16,ILI incidence,2026-09-27,3,BE,quantile,0.55,33.26028457995905
2026-09-16,ILI incidence,2026-09-27,3,BE,quantile,0.65,40.838211176860625
2026-09-16,ILI incidence,2026-09-27,3,BE,quantile,0.975,139.0702922393651
2026-09-16,ILI incidence,2026-09-27,3,BE,quantile,0.05,8.34645101489306
2026-09-16,ILI incidence,2026-09-27,3,BE,quantile,0.1,11.20487077240674
2026-09-16,ILI incidence,2026-09-27,3,BE,quantile,0.15,13.63585164330104
2026-09-16,ILI incidence,2026-09-27,3,BE,quantile,0.2,15.766410792277023
2026-09-16,ILI incidence,2026-09-27,3,BE,quantile,0.25,17.970252910376505
2026-09-16,ILI incidence,2026-09-27,3,BE,quantile,0.3,20.15931535543344
2026-09-16,ILI incidence,2026-09-27,3,BE,quantile,0.6,36.86529264903547
2026-09-16,ILI incidence,2026-09-27,3,BE,quantile,0.9,81.55852838328376
2026-09-16,ILI incidence,2026-09-27,3,BE,quantile,0.99,182.8621579545593
2026-09-16,ILI incidence,2026-09-27,3,BE,quantile,0.95,107.66220957189478
2026-09-16,ILI incidence,2026-09-27,3,BE,quantile,0.85,67.28424183027911
2026-09-16,ILI incidence,2026-09-27,3,BE,quantile,0.8,58.34534526598476
2026-09-16,ILI incidence,2026-09-27,3,BE,quantile,0.7,45.37621878622104
2026-09-16,ILI incidence,2026-09-27,3,BE,quantile,0.75,50.99323447417905
2026-09-16,ILI incidence,2026-09-27,3,BE,median,NA,30.20844485827483
2026-09-16,ILI incidence,2026-10-04,4,BE,quantile,0.7,40.45490879733502
2026-09-16,ILI incidence,2026-10-04,4,BE,quantile,0.4,31.162956208383356
2026-09-16,ILI incidence,2026-10-04,4,BE,quantile,0.35,29.875869118889995
2026-09-16,ILI incidence,2026-10-04,4,BE,quantile,0.45,32.476655813759436
2026-09-16,ILI incidence,2026-10-04,4,BE,quantile,0.65,38.61920592200876
2026-09-16,ILI incidence,2026-10-04,4,BE,quantile,0.01,15.564174218347135
2026-09-16,ILI incidence,2026-10-04,4,BE,quantile,0.025,17.687225612429287
2026-09-16,ILI incidence,2026-10-04,4,BE,quantile,0.1,22.11798750873007
2026-09-16,ILI incidence,2026-10-04,4,BE,quantile,0.2,25.7273341139011
2026-09-16,ILI incidence,2026-10-04,4,BE,quantile,0.15,24.040784883520303
2026-09-16,ILI incidence,2026-10-04,4,BE,quantile,0.6,36.88748123847362
2026-09-16,ILI incidence,2026-10-04,4,BE,quantile,0.05,19.782918135871636
2026-09-16,ILI incidence,2026-10-04,4,BE,quantile,0.3,28.49506540558735
2026-09-16,ILI incidence,2026-10-04,4,BE,quantile,0.25,27.130438363026265
2026-09-16,ILI incidence,2026-10-04,4,BE,quantile,0.55,35.26400342404918
2026-09-16,ILI incidence,2026-10-04,4,BE,quantile,0.95,58.79700690811496
2026-09-16,ILI incidence,2026-10-04,4,BE,quantile,0.975,64.41262815701114
2026-09-16,ILI incidence,2026-10-04,4,BE,quantile,0.5,33.790187690932314
2026-09-16,ILI incidence,2026-10-04,4,BE,quantile,0.99,72.450259043293
2026-09-16,ILI incidence,2026-10-04,4,BE,quantile,0.9,52.173884873600414
2026-09-16,ILI incidence,2026-10-04,4,BE,quantile,0.75,42.502564884692944
2026-09-16,ILI incidence,2026-10-04,4,BE,quantile,0.85,47.94809174944241
2026-09-16,ILI incidence,2026-10-04,4,BE,quantile,0.8,44.92458337590065
2026-09-16,ILI incidence,2026-10-04,4,BE,median,NA,33.790187690932314
2026-09-16,ILI incidence,2026-09-13,1,CH,quantile,0.95,25.41657023177466
2026-09-16,ILI incidence,2026-09-13,1,CH,quantile,0.975,29.5315580658344
2026-09-16,ILI incidence,2026-09-13,1,CH,quantile,0.99,34.55829609972643
2026-09-16,ILI incidence,2026-09-13,1,CH,quantile,0.5,12.071186833755563
2026-09-16,ILI incidence,2026-09-13,1,CH,quantile,0.9,21.686089902319008
2026-09-16,ILI incidence,2026-09-13,1,CH,quantile,0.85,19.313075505056897
2026-09-16,ILI incidence,2026-09-13,1,CH,quantile,0.8,17.74446251197172
2026-09-16,ILI incidence,2026-09-13,1,CH,quantile,0.45,11.46219842757341
2026-09-16,ILI incidence,2026-09-13,1,CH,quantile,0.75,16.490931314044154
2026-09-16,ILI incidence,2026-09-13,1,CH,quantile,0.65,14.420992995038567
2026-09-16,ILI incidence,2026-09-13,1,CH,quantile,0.7,15.440612091608614
2026-09-16,ILI incidence,2026-09-13,1,CH,quantile,0.4,10.879473645299644
2026-09-16,ILI incidence,2026-09-13,1,CH,quantile,0.55,12.768756982474274
2026-09-16,ILI incidence,2026-09-13,1,CH,quantile,0.6,13.525621698428557
2026-09-16,ILI incidence,2026-09-13,1,CH,quantile,0.35,10.2634021833008
2026-09-16,ILI incidence,2026-09-13,1,CH,quantile,0.3,9.652718799178883
2026-09-16,ILI incidence,2026-09-13,1,CH,quantile,0.05,5.706572657978626
2026-09-16,ILI incidence,2026-09-13,1,CH,quantile,0.01,4.236788474865331
2026-09-16,ILI incidence,2026-09-13,1,CH,quantile,0.1,6.837245691190702
2026-09-16,ILI incidence,2026-09-13,1,CH,quantile,0.025,4.969236513161054
2026-09-16,ILI incidence,2026-09-13,1,CH,quantile,0.15,7.61264028537007
2026-09-16,ILI incidence,2026-09-13,1,CH,quantile,0.25,8.986885495653667
2026-09-16,ILI incidence,2026-09-13,1,CH,quantile,0.2,8.314721352412205
2026-09-16,ILI incidence,2026-09-13,1,CH,median,NA,12.071186833755563
2026-09-16,ILI incidence,2026-09-20,2,CH,quantile,0.7,22.85435006700233
2026-09-16,ILI incidence,2026-09-20,2,CH,quantile,0.65,22.395255303534945
2026-09-16,ILI incidence,2026-09-20,2,CH,quantile,0.5,21.147412043720685
2026-09-16,ILI incidence,2026-09-20,2,CH,quantile,0.85,24.53719939151145
2026-09-16,ILI incidence,2026-09-20,2,CH,quantile,0.45,20.78100636932026
2026-09-16,ILI incidence,2026-09-20,2,CH,quantile,0.4,20.41463256826223
2026-09-16,ILI incidence,2026-09-20,2,CH,quantile,0.9,25.406526859802423
2026-09-16,ILI incidence,2026-09-20,2,CH,quantile,0.6,21.932782088781416
2026-09-16,ILI incidence,2026-09-20,2,CH,quantile,0.99,29.614529720363542
2026-09-16,ILI incidence,2026-09-20,2,CH,quantile,0.975,27.982044706936907
2026-09-16,ILI incidence,2026-09-20,2,CH,quantile,0.95,26.73066448821932
2026-09-16,ILI incidence,2026-09-20,2,CH,quantile,0.8,23.896975404338853
2026-09-16,ILI incidence,2026-09-20,2,CH,quantile,0.35,20.00527080558765
2026-09-16,ILI incidence,2026-09-20,2,CH,quantile,0.55,21.511172302120013
2026-09-16,ILI incidence,2026-09-20,2,CH,quantile,0.75,23.35255872400754
2026-09-16,ILI incidence,2026-09-20,2,CH,quantile,0.3,19.592727315858266
2026-09-16,ILI incidence,2026-09-20,2,CH,quantile,0.25,19.17300584967082
2026-09-16,ILI incidence,2026-09-20,2,CH,quantile,0.2,18.73195314374917
2026-09-16,ILI incidence,2026-09-20,2,CH,quantile,0.15,18.25474970936748
2026-09-16,ILI incidence,2026-09-20,2,CH,quantile,0.1,17.641014035718626
2026-09-16,ILI incidence,2026-09-20,2,CH,quantile,0.01,15.169844216347965
2026-09-16,ILI incidence,2026-09-20,2,CH,quantile,0.05,16.735274270290926
2026-09-16,ILI incidence,2026-09-20,2,CH,quantile,0.025,16.03097753366549
2026-09-16,ILI incidence,2026-09-20,2,CH,median,NA,21.147412043720685
2026-09-16,ILI incidence,2026-09-27,3,CH,quantile,0.9,11.76413759948984
2026-09-16,ILI incidence,2026-09-27,3,CH,quantile,0.85,10.92285815444959
2026-09-16,ILI incidence,2026-09-27,3,CH,quantile,0.75,9.801573989694692
2026-09-16,ILI incidence,2026-09-27,3,CH,quantile,0.95,13.22325388015104
2026-09-16,ILI incidence,2026-09-27,3,CH,quantile,0.7,9.415628802092352
2026-09-16,ILI incidence,2026-09-27,3,CH,quantile,0.25,6.520110253176037
2026-09-16,ILI incidence,2026-09-27,3,CH,quantile,0.8,10.305720265546912
2026-09-16,ILI incidence,2026-09-27,3,CH,quantile,0.975,14.575570302576946
2026-09-16,ILI incidence,2026-09-27,3,CH,quantile,0.65,9.023107033593403
2026-09-16,ILI incidence,2026-09-27,3,CH,quantile,0.5,7.996625697618795
2026-09-16,ILI incidence,2026-09-27,3,CH,quantile,0.99,16.066408047121985
2026-09-16,ILI incidence,2026-09-27,3,CH,quantile,0.2,6.194006694974411
2026-09-16,ILI incidence,2026-09-27,3,CH,quantile,0.6,8.626970678765893
2026-09-16,ILI incidence,2026-09-27,3,CH,quantile,0.45,7.710403558277977
2026-09-16,ILI incidence,2026-09-27,3,CH,quantile,0.55,8.306783221678929
2026-09-16,ILI incidence,2026-09-27,3,CH,quantile,0.4,7.421334288175906
2026-09-16,ILI incidence,2026-09-27,3,CH,quantile,0.15,5.803968581414854
2026-09-16,ILI incidence,2026-09-27,3,CH,quantile,0.01,3.892061335472482
2026-09-16,ILI incidence,2026-09-27,3,CH,quantile,0.3,6.816799000206485
2026-09-16,ILI incidence,2026-09-27,3,CH,quantile,0.35,7.113231493181968
2026-09-16,ILI incidence,2026-09-27,3,CH,quantile,0.1,5.380166660371961
2026-09-16,ILI incidence,2026-09-27,3,CH,quantile,0.05,4.836813413452154
2026-09-16,ILI incidence,2026-09-27,3,CH,quantile,0.025,4.416339542425163
2026-09-16,ILI incidence,2026-09-27,3,CH,median,NA,7.996625697618795
2026-09-16,ILI incidence,2026-10-04,4,CH,quantile,0.65,27.144302836688865
2026-09-16,ILI incidence,2026-10-04,4,CH,quantile,0.7,27.903760411467925
2026-09-16,ILI incidence,2026-10-04,4,CH,quantile,0.35,23.297894235002616
2026-09-16,ILI incidence,2026-10-04,4,CH,quantile,0.85,30.90584637473612
2026-09-16,ILI incidence,2026-10-04,4,CH,quantile,0.6,26.501155085523372
2026-09-16,ILI incidence,2026-10-04,4,CH,quantile,0.4,23.921904340886783
2026-09-16,ILI incidence,2026-10-04,4,CH,quantile,0.3,22.669698652193397
2026-09-16,ILI incidence,2026-10-04,4,CH,quantile,0.8,29.68043294570777
2026-09-16,ILI incidence,2026-10-04,4,CH,quantile,0.45,24.498710854311504
2026-09-16,ILI incidence,2026-10-04,4,CH,quantile,0.95,34.82875928616945
2026-09-16,ILI incidence,2026-10-04,4,CH,quantile,0.55,25.79349841512938
2026-09-16,ILI incidence,2026-10-04,4,CH,quantile,0.5,25.126771894129806
2026-09-16,ILI incidence,2026-10-04,4,CH,quantile,0.99,40.17869571891972
2026-09-16,ILI incidence,2026-10-04,4,CH,quantile,0.975,37.31398209934376
2026-09-16,ILI incidence,2026-10-04,4,CH,quantile,0.9,32.323944954572674
2026-09-16,ILI incidence,2026-10-04,4,CH,quantile,0.75,28.729258234087656
2026-09-16,ILI incidence,2026-10-04,4,CH,quantile,0.1,19.56025924658887
2026-09-16,ILI incidence,2026-10-04,4,CH,quantile,0.25,22.043412693830877
2026-09-16,ILI incidence,2026-10-04,4,CH,quantile,0.15,20.47907206883507
2026-09-16,ILI incidence,2026-10-04,4,CH,quantile,0.01,16.02616203011344
2026-09-16,ILI incidence,2026-10-04,4,CH,quantile,0.2,21.342594262333577
2026-09-16,ILI incidence,2026-10-04,4,CH,quantile,0.025,17.118952455593075
2026-09-16,ILI incidence,2026-10-04,4,CH,quantile,0.05,18.229095575840812
2026-09-16,ILI incidence,2026-10-04,4,CH,median,NA,25.126771894129806
2026-09-16,ILI incidence,2026-09-13,1,DK,quantile,0.85,101.89350424042826
2026-09-16,ILI incidence,2026-09-13,1,DK,quantile,0.99,133.64219179377653
2026-09-16,ILI incidence,2026-09-13,1,DK,quantile,0.95,116.07722223212473
2026-09-16,ILI incidence,2026-09-13,1,DK,quantile,0.9,107.85250724042828
2026-09-16,ILI incidence,2026-09-13,1,DK,quantile,0.975,123.82850212402106
2026-09-16,ILI incidence,2026-09-13,1,DK,quantile,0.8,97.76769086033872
2026-09-16,ILI incidence,2026-09-13,1,DK,quantile,0.7,91.37503738176918
2026-09-16,ILI incidence,2026-09-13,1,DK,quantile,0.75,94.20985811298752
2026-09-16,ILI incidence,2026-09-13,1,DK,quantile,0.65,88.6847714036155
2026-09-16,ILI incidence,2026-09-13,1,DK,quantile,0.6,86.21774461991328
2026-09-16,ILI incidence,2026-09-13,1,DK,quantile,0.55,83.77951104293635
2026-09-16,ILI incidence,2026-09-13,1,DK,quantile,0.45,79.15828455816361
2026-09-16,ILI incidence,2026-09-13,1,DK,quantile,0.5,81.38780408406305
2026-09-16,ILI incidence,2026-09-13,1,DK,quantile,0.4,76.97617939457335
2026-09-16,ILI incidence,2026-09-13,1,DK,quantile,0.35,74.90301123914969
2026-09-16,ILI incidence,2026-09-13,1,DK,quantile,0.25,70.24434898881115
2026-09-16,ILI incidence,2026-09-13,1,DK,quantile,0.3,72.73559660942759
2026-09-16,ILI incidence,2026-09-13,1,DK,quantile,0.2,67.83065876264156
2026-09-16,ILI incidence,2026-09-13,1,DK,quantile,0.15,65.15181214444257
2026-09-16,ILI incidence,2026-09-13,1,DK,quantile,0.1,61.64463551862787
2026-09-16,ILI incidence,2026-09-13,1,DK,quantile,0.05,56.51440378844768
2026-09-16,ILI incidence,2026-09-13,1,DK,quantile,0.025,52.63531917500695
2026-09-16,ILI incidence,2026-09-13,1,DK,quantile,0.01,48.926426201017925
2026-09-16,ILI incidence,2026-09-13,1,DK,median,NA,81.38780408406305
2026-09-16,ILI incidence,2026-09-20,2,DK,quantile,0.35,63.02462504777212
2026-09-16,ILI incidence,2026-09-20,2,DK,quantile,0.4,64.21505616526746
2026-09-16,ILI incidence,2026-09-20,2,DK,quantile,0.45,65.43879275453334
2026-09-16,ILI incidence,2026-09-20,2,DK,quantile,0.3,61.908918010811895
2026-09-16,ILI incidence,2026-09-20,2,DK,quantile,0.5,66.51746648872279
2026-09-16,ILI incidence,2026-09-20,2,DK,quantile,0.25,60.68557859939662
2026-09-16,ILI incidence,2026-09-20,2,DK,quantile,0.75,72.98859072543164
2026-09-16,ILI incidence,2026-09-20,2,DK,quantile,0.65,70.09706538102465
2026-09-16,ILI incidence,2026-09-20,2,DK,quantile,0.01,48.27252016612914
2026-09-16,ILI incidence,2026-09-20,2,DK,quantile,0.025,50.50556958621949
2026-09-16,ILI incidence,2026-09-20,2,DK,quantile,0.05,52.97937658389683
2026-09-16,ILI incidence,2026-09-20,2,DK,quantile,0.1,55.81421659165001
2026-09-16,ILI incidence,2026-09-20,2,DK,quantile,0.15,57.72030084993663
2026-09-16,ILI incidence,2026-09-20,2,DK,quantile,0.2,59.30390787942609
2026-09-16,ILI incidence,2026-09-20,2,DK,quantile,0.55,67.73871514098266
2026-09-16,ILI incidence,2026-09-20,2,DK,quantile,0.6,68.92137081247725
2026-09-16,ILI incidence,2026-09-20,2,DK,quantile,0.8,74.71679651487074
2026-09-16,ILI incidence,2026-09-20,2,DK,quantile,0.7,71.50614321827995
2026-09-16,ILI incidence,2026-09-20,2,DK,quantile,0.85,76.82237839601893
2026-09-16,ILI incidence,2026-09-20,2,DK,quantile,0.9,79.29295017767598
2026-09-16,ILI incidence,2026-09-20,2,DK,quantile,0.95,83.26307352376668
2026-09-16,ILI incidence,2026-09-20,2,DK,quantile,0.975,87.0551470153197
2026-09-16,ILI incidence,2026-09-20,2,DK,quantile,0.99,92.02608422283107
2026-09-16,ILI incidence,2026-09-20,2,DK,median,NA,66.51746648872279
2026-09-16,ILI incidence,2026-09-27,3,DK,quantile,0.2,83.34000644668387
2026-09-16,ILI incidence,2026-09-27,3,DK,quantile,0.3,88.43420008322484
2026-09-16,ILI incidence,2026-09-27,3,DK,quantile,0.15,80.06824488959975
2026-09-16,ILI incidence,2026-09-27,3,DK,quantile,0.35,90.81694769528607
2026-09-16,ILI incidence,2026-09-27,3,DK,quantile,0.25,86.01293620188508
2026-09-16,ILI incidence,2026-09-27,3,DK,quantile,0.1,76.39620811258608
2026-09-16,ILI incidence,2026-09-27,3,DK,quantile,0.4,93.39341598379812
2026-09-16,ILI incidence,2026-09-27,3,DK,quantile,0.45,95.77355724168775
2026-09-16,ILI incidence,2026-09-27,3,DK,quantile,0.975,144.6078894635284
2026-09-16,ILI incidence,2026-09-27,3,DK,quantile,0.99,156.49987536456416
2026-09-16,ILI incidence,2026-09-27,3,DK,quantile,0.95,135.5037725608035
2026-09-16,ILI incidence,2026-09-27,3,DK,quantile,0.9,126.3037669317552
2026-09-16,ILI incidence,2026-09-27,3,DK,quantile,0.05,70.9406581568294
2026-09-16,ILI incidence,2026-09-27,3,DK,quantile,0.85,120.33279917607302
2026-09-16,ILI incidence,2026-09-27,3,DK,quantile,0.8,115.6976510197992
2026-09-16,ILI incidence,2026-09-27,3,DK,quantile,0.75,112.1052846057443
2026-09-16,ILI incidence,2026-09-27,3,DK,quantile,0.5,98.10931107227304
2026-09-16,ILI incidence,2026-09-27,3,DK,quantile,0.7,108.76952355602218
2026-09-16,ILI incidence,2026-09-27,3,DK,quantile,0.6,103.18956698385544
2026-09-16,ILI incidence,2026-09-27,3,DK,quantile,0.65,105.789525991399
2026-09-16,ILI incidence,2026-09-27,3,DK,quantile,0.55,100.5561450777272
2026-09-16,ILI incidence,2026-09-27,3,DK,quantile,0.01,62.07680887587672
2026-09-16,ILI incidence,2026-09-27,3,DK,quantile,0.025,66.40475980018583
2026-09-16,ILI incidence,2026-09-27,3,DK,median,NA,98.10931107227304
2026-09-16,ILI incidence,2026-10-04,4,DK,quantile,0.975,112.4913534701971
2026-09-16,ILI incidence,2026-10-04,4,DK,quantile,0.95,107.8177624385385
2026-09-16,ILI incidence,2026-10-04,4,DK,quantile,0.3,81.96772772527156
2026-09-16,ILI incidence,2026-10-04,4,DK,quantile,0.9,103.13764070936848
2026-09-16,ILI incidence,2026-10-04,4,DK,quantile,0.5,87.68042118711631
2026-09-16,ILI incidence,2026-10-04,4,DK,quantile,0.35,83.44900986165337
2026-09-16,ILI incidence,2026-10-04,4,DK,quantile,0.45,86.3076911319007
2026-09-16,ILI incidence,2026-10-04,4,DK,quantile,0.4,84.84762316684737
2026-09-16,ILI incidence,2026-10-04,4,DK,quantile,0.15,76.88108266507284
2026-09-16,ILI incidence,2026-10-04,4,DK,quantile,0.01,64.97907530592047
2026-09-16,ILI incidence,2026-10-04,4,DK,quantile,0.99,117.14508067805454
2026-09-16,ILI incidence,2026-10-04,4,DK,quantile,0.6,90.50909264764238
2026-09-16,ILI incidence,2026-10-04,4,DK,quantile,0.55,88.99808836882826
2026-09-16,ILI incidence,2026-10-04,4,DK,quantile,0.025,68.2531042535264
2026-09-16,ILI incidence,2026-10-04,4,DK,quantile,0.85,100.18076446234365
2026-09-16,ILI incidence,2026-10-04,4,DK,quantile,0.1,74.59664229683293
2026-09-16,ILI incidence,2026-10-04,4,DK,quantile,0.2,78.8305065339569
2026-09-16,ILI incidence,2026-10-04,4,DK,quantile,0.25,80.49282940238885
2026-09-16,ILI incidence,2026-10-04,4,DK,quantile,0.7,93.75790189652746
2026-09-16,ILI incidence,2026-10-04,4,DK,quantile,0.75,95.65891936713572
2026-09-16,ILI incidence,2026-10-04,4,DK,quantile,0.8,97.73763890751027
2026-09-16,ILI incidence,2026-10-04,4,DK,quantile,0.05,70.90532698945061
2026-09-16,ILI incidence,2026-10-04,4,DK,quantile,0.65,92.17465296063408
2026-09-16,ILI incidence,2026-10-04,4,DK,median,NA,87.68042118711631
2026-09-16,ILI incidence,2026-09-13,1,EE,quantile,0.8,158.10803582361882
2026-09-16,ILI incidence,2026-09-13,1,EE,quantile,0.85,167.29897330478707
2026-09-16,ILI incidence,2026-09-13,1,EE,quantile,0.5,123.85817458884716
2026-09-16,ILI incidence,2026-09-13,1,EE,quantile,0.75,150.299076341324
2026-09-16,ILI incidence,2026-09-13,1,EE,quantile,0.45,119.51177052138924
2026-09-16,ILI incidence,2026-09-13,1,EE,quantile,0.7,143.54593985333472
2026-09-16,ILI incidence,2026-09-13,1,EE,quantile,0.65,138.3240966741577
2026-09-16,ILI incidence,2026-09-13,1,EE,quantile,0.6,133.1227118825319
2026-09-16,ILI incidence,2026-09-13,1,EE,quantile,0.55,128.4024701326421
2026-09-16,ILI incidence,2026-09-13,1,EE,quantile,0.99,241.1169834823086
2026-09-16,ILI incidence,2026-09-13,1,EE,quantile,0.35,111.03696655314164
2026-09-16,ILI incidence,2026-09-13,1,EE,quantile,0.9,178.69503858683038
2026-09-16,ILI incidence,2026-09-13,1,EE,quantile,0.95,198.26142392986588
2026-09-16,ILI incidence,2026-09-13,1,EE,quantile,0.975,216.8483075491661
2026-09-16,ILI incidence,2026-09-13,1,EE,quantile,0.25,102.22223717614322
2026-09-16,ILI incidence,2026-09-13,1,EE,quantile,0.4,115.37362041277862
2026-09-16,ILI incidence,2026-09-13,1,EE,quantile,0.15,91.52670744042932
2026-09-16,ILI incidence,2026-09-13,1,EE,quantile,0.3,106.85646648755107
2026-09-16,ILI incidence,2026-09-13,1,EE,quantile,0.05,76.40210446294545
2026-09-16,ILI incidence,2026-09-13,1,EE,quantile,0.2,97.228798073348
2026-09-16,ILI incidence,2026-09-13,1,EE,quantile,0.025,69.28020638877784
2026-09-16,ILI incidence,2026-09-13,1,EE,quantile,0.1,85.2403298683951
2026-09-16,ILI incidence,2026-09-13,1,EE,quantile,0.01,62.8902537404135
2026-09-16,ILI incidence,2026-09-13,1,EE,median,NA,123.85817458884716
2026-09-16,ILI incidence,2026-09-20,2,EE,quantile,0.025,100.65485447707314
2026-09-16,ILI incidence,2026-09-20,2,EE,quantile,0.05,106.565491349832
2026-09-16,ILI incidence,2026-09-20,2,EE,quantile,0.3,134.0842193061605
2026-09-16,ILI incidence,2026-09-20,2,EE,quantile,0.25,129.95421573765026
2026-09-16,ILI incidence,2026-09-20,2,EE,quantile,0.01,93.6342895012786
2026-09-16,ILI incidence,2026-09-20,2,EE,quantile,0.5,149.93353731503092
2026-09-16,ILI incidence,2026-09-20,2,EE,quantile,0.35,138.04799553379297
2026-09-16,ILI incidence,2026-09-20,2,EE,quantile,0.1,114.74254051698058
2026-09-16,ILI incidence,2026-09-20,2,EE,quantile,0.4,141.75837723323536
2026-09-16,ILI incidence,2026-09-20,2,EE,quantile,0.45,145.86423446031813
2026-09-16,ILI incidence,2026-09-20,2,EE,quantile,0.55,153.8681667369019
2026-09-16,ILI incidence,2026-09-20,2,EE,quantile,0.15,120.72124613619812
2026-09-16,ILI incidence,2026-09-20,2,EE,quantile,0.6,157.99702375927149
2026-09-16,ILI incidence,2026-09-20,2,EE,quantile,0.8,178.10164631713002
2026-09-16,ILI incidence,2026-09-20,2,EE,quantile,0.85,185.17552597554044
2026-09-16,ILI incidence,2026-09-20,2,EE,quantile,0.2,125.68465875884372
2026-09-16,ILI incidence,2026-09-20,2,EE,quantile,0.65,162.0960049752032
2026-09-16,ILI incidence,2026-09-20,2,EE,quantile,0.9,194.600534811974
2026-09-16,ILI incidence,2026-09-20,2,EE,quantile,0.99,241.03018515491863
2026-09-16,ILI incidence,2026-09-20,2,EE,quantile,0.95,208.6519165083304
2026-09-16,ILI incidence,2026-09-20,2,EE,quantile,0.975,223.27897356519568
2026-09-16,ILI incidence,2026-09-20,2,EE,quantile,0.75,172.1378789863483
2026-09-16,ILI incidence,2026-09-20,2,EE,quantile,0.7,166.7848523141131
2026-09-16,ILI incidence,2026-09-20,2,EE,median,NA,149.93353731503092
2026-09-16,ILI incidence,2026-09-27,3,EE,quantile,0.01,139.90775499525802
2026-09-16,ILI incidence,2026-09-27,3,EE,quantile,0.1,156.51617464150854
2026-09-16,ILI incidence,2026-09-27,3,EE,quantile,0.2,164.55607328131788
2026-09-16,ILI incidence,2026-09-27,3,EE,quantile,0.025,145.76454426033112
2026-09-16,ILI incidence,2026-09-27,3,EE,quantile,0.05,150.59670444373225
2026-09-16,ILI incidence,2026-09-27,3,EE,quantile,0.15,160.96441957372156
2026-09-16,ILI incidence,2026-09-27,3,EE,quantile,0.99,233.898713075199
2026-09-16,ILI incidence,2026-09-27,3,EE,quantile,0.25,167.9693568761189
2026-09-16,ILI incidence,2026-09-27,3,EE,quantile,0.35,173.467240008324
2026-09-16,ILI incidence,2026-09-27,3,EE,quantile,0.45,178.39431404404422
2026-09-16,ILI incidence,2026-09-27,3,EE,quantile,0.3,170.8403740650112
2026-09-16,ILI incidence,2026-09-27,3,EE,quantile,0.4,175.93643412845296
2026-09-16,ILI incidence,2026-09-27,3,EE,quantile,0.5,180.96379251297324
2026-09-16,ILI incidence,2026-09-27,3,EE,quantile,0.75,195.8475640861914
2026-09-16,ILI incidence,2026-09-27,3,EE,quantile,0.6,186.64949316347065
2026-09-16,ILI incidence,2026-09-27,3,EE,quantile,0.95,217.30510506156503
2026-09-16,ILI incidence,2026-09-27,3,EE,quantile,0.55,183.67250932755215
2026-09-16,ILI incidence,2026-09-27,3,EE,quantile,0.8,199.25697468110815
2026-09-16,ILI incidence,2026-09-27,3,EE,quantile,0.975,224.52784104532068
2026-09-16,ILI incidence,2026-09-27,3,EE,quantile,0.85,203.5347833567337
2026-09-16,ILI incidence,2026-09-27,3,EE,quantile,0.65,189.39449114857916
2026-09-16,ILI incidence,2026-09-27,3,EE,quantile,0.9,209.20215814515856
2026-09-16,ILI incidence,2026-09-27,3,EE,quantile,0.7,192.4018697383039
2026-09-16,ILI incidence,2026-09-27,3,EE,median,NA,180.96379251297324
2026-09-16,ILI incidence,2026-10-04,4,EE,quantile,0.5,193.81595572604007
2026-09-16,ILI incidence,2026-10-04,4,EE,quantile,0.55,195.8750926276472
2026-09-16,ILI incidence,2026-10-04,4,EE,quantile,0.45,191.64098968244025
2026-09-16,ILI incidence,2026-10-04,4,EE,quantile,0.4,189.49469223510067
2026-09-16,ILI incidence,2026-10-04,4,EE,quantile,0.35,187.1345857504284
2026-09-16,ILI incidence,2026-10-04,4,EE,quantile,0.2,179.54048171449534
2026-09-16,ILI incidence,2026-10-04,4,EE,quantile,0.3,184.81935432524963
2026-09-16,ILI incidence,2026-10-04,4,EE,quantile,0.6,197.9154196092973
2026-09-16,ILI incidence,2026-10-04,4,EE,quantile,0.25,182.26724718506435
2026-09-16,ILI incidence,2026-10-04,4,EE,quantile,0.65,200.2964213186297
2026-09-16,ILI incidence,2026-10-04,4,EE,quantile,0.1,172.4802936746338
2026-09-16,ILI incidence,2026-10-04,4,EE,quantile,0.15,176.45133646238116
2026-09-16,ILI incidence,2026-10-04,4,EE,quantile,0.7,202.82175585417468
2026-09-16,ILI incidence,2026-10-04,4,EE,quantile,0.05,167.02195789987513
2026-09-16,ILI incidence,2026-10-04,4,EE,quantile,0.75,205.5138333712312
2026-09-16,ILI incidence,2026-10-04,4,EE,quantile,0.025,162.3921808126455
2026-09-16,ILI incidence,2026-10-04,4,EE,quantile,0.01,156.3498693748924
2026-09-16,ILI incidence,2026-10-04,4,EE,quantile,0.8,208.58050076604275
2026-09-16,ILI incidence,2026-10-04,4,EE,quantile,0.9,217.03839453590305
2026-09-16,ILI incidence,2026-10-04,4,EE,quantile,0.99,237.6371135105412
2026-09-16,ILI incidence,2026-10-04,4,EE,quantile,0.975,230.42504420830448
2026-09-16,ILI incidence,2026-10-04,4,EE,quantile,0.85,212.2510071329667
2026-09-16,ILI incidence,2026-10-04,4,EE,quantile,0.95,224.1960349063374
2026-09-16,ILI incidence,2026-10-04,4,EE,median,NA,193.81595572604007
2026-09-16,ILI incidence,2026-09-13,1,ES,quantile,0.35,11.982403461190478
2026-09-16,ILI incidence,2026-09-13,1,ES,quantile,0.15,11.098448425884945
2026-09-16,ILI incidence,2026-09-13,1,ES,quantile,0.55,12.76264588760026
2026-09-16,ILI incidence,2026-09-13,1,ES,quantile,0.8,13.910778588360593
2026-09-16,ILI incidence,2026-09-13,1,ES,quantile,0.1,10.780561979945686
2026-09-16,ILI incidence,2026-09-13,1,ES,quantile,0.2,11.35417367904442
2026-09-16,ILI incidence,2026-09-13,1,ES,quantile,0.3,11.788510504920334
2026-09-16,ILI incidence,2026-09-13,1,ES,quantile,0.5,12.55825885868429
2026-09-16,ILI incidence,2026-09-13,1,ES,quantile,0.6,12.94920687953484
2026-09-16,ILI incidence,2026-09-13,1,ES,quantile,0.65,13.158707463686568
2026-09-16,ILI incidence,2026-09-13,1,ES,quantile,0.75,13.634554616195674
2026-09-16,ILI incidence,2026-09-13,1,ES,quantile,0.01,9.454545569779135
2026-09-16,ILI incidence,2026-09-13,1,ES,quantile,0.45,12.372288339479152
2026-09-16,ILI incidence,2026-09-13,1,ES,quantile,0.25,11.592238272981364
2026-09-16,ILI incidence,2026-09-13,1,ES,quantile,0.05,10.277555760317986
2026-09-16,ILI incidence,2026-09-13,1,ES,quantile,0.025,9.89709086851774
2026-09-16,ILI incidence,2026-09-13,1,ES,quantile,0.99,16.80800069660829
2026-09-16,ILI incidence,2026-09-13,1,ES,quantile,0.7,13.373524038534692
2026-09-16,ILI incidence,2026-09-13,1,ES,quantile,0.4,12.172188209364498
2026-09-16,ILI incidence,2026-09-13,1,ES,quantile,0.9,14.670695003758848
2026-09-16,ILI incidence,2026-09-13,1,ES,quantile,0.95,15.346467713058686
2026-09-16,ILI incidence,2026-09-13,1,ES,quantile,0.85,14.26178918211256
2026-09-16,ILI incidence,2026-09-13,1,ES,quantile,0.975,16.0291147763285
2026-09-16,ILI incidence,2026-09-13,1,ES,median,NA,12.55825885868429
2026-09-16,ILI incidence,2026-09-20,2,ES,quantile,0.975,17.331670311421576
2026-09-16,ILI incidence,2026-09-20,2,ES,quantile,0.65,13.44628247821791
2026-09-16,ILI incidence,2026-09-20,2,ES,quantile,0.8,14.443653546428049
2026-09-16,ILI incidence,2026-09-20,2,ES,quantile,0.95,16.48278458313222
2026-09-16,ILI incidence,2026-09-20,2,ES,quantile,0.99,18.386978507223287
2026-09-16,ILI incidence,2026-09-20,2,ES,quantile,0.6,13.18494960737057
2026-09-16,ILI incidence,2026-09-20,2,ES,quantile,0.7,13.74218715819146
2026-09-16,ILI incidence,2026-09-20,2,ES,quantile,0.9,15.513154343902391
2026-09-16,ILI incidence,2026-09-20,2,ES,quantile,0.85,14.94298680240931
2026-09-16,ILI incidence,2026-09-20,2,ES,quantile,0.75,14.068649620261326
2026-09-16,ILI incidence,2026-09-20,2,ES,quantile,0.55,12.904143386380808
2026-09-16,ILI incidence,2026-09-20,2,ES,quantile,0.35,11.913748559140185
2026-09-16,ILI incidence,2026-09-20,2,ES,quantile,0.25,11.352653920013028
2026-09-16,ILI incidence,2026-09-20,2,ES,quantile,0.4,12.148353191292726
2026-09-16,ILI incidence,2026-09-20,2,ES,quantile,0.2,11.05474535483357
2026-09-16,ILI incidence,2026-09-20,2,ES,quantile,0.5,12.638536171611925
2026-09-16,ILI incidence,2026-09-20,2,ES,quantile,0.15,10.730697707858628
2026-09-16,ILI incidence,2026-09-20,2,ES,quantile,0.3,11.625881049932726
2026-09-16,ILI incidence,2026-09-20,2,ES,quantile,0.45,12.391330377514125
2026-09-16,ILI incidence,2026-09-20,2,ES,quantile,0.1,10.312144028931108
2026-09-16,ILI incidence,2026-09-20,2,ES,quantile,0.05,9.74459661843576
2026-09-16,ILI incidence,2026-09-20,2,ES,quantile,0.01,8.711991189131716
2026-09-16,ILI incidence,2026-09-20,2,ES,quantile,0.025,9.245586903743582
2026-09-16,ILI incidence,2026-09-20,2,ES,median,NA,12.638536171611925
2026-09-16,ILI incidence,2026-09-27,3,ES,quantile,0.99,21.097384710145217
2026-09-16,ILI incidence,2026-09-27,3,ES,quantile,0.95,18.0422232742439
2026-09-16,ILI incidence,2026-09-27,3,ES,quantile,0.975,19.52032122057134
2026-09-16,ILI incidence,2026-09-27,3,ES,quantile,0.9,16.502949234732395
2026-09-16,ILI incidence,2026-09-27,3,ES,quantile,0.2,10.023565439556355
2026-09-16,ILI incidence,2026-09-27,3,ES,quantile,0.1,9.0232625748212
2026-09-16,ILI incidence,2026-09-27,3,ES,quantile,0.8,14.836441815003475
2026-09-16,ILI incidence,2026-09-27,3,ES,quantile,0.85,15.558671150297958
2026-09-16,ILI incidence,2026-09-27,3,ES,quantile,0.25,10.443979766758584
2026-09-16,ILI incidence,2026-09-27,3,ES,quantile,0.025,7.705435319914054
2026-09-16,ILI incidence,2026-09-27,3,ES,quantile,0.45,11.82082059607538
2026-09-16,ILI incidence,2026-09-27,3,ES,quantile,0.05,8.326806004782208
2026-09-16,ILI incidence,2026-09-27,3,ES,quantile,0.3,10.803333953984538
2026-09-16,ILI incidence,2026-09-27,3,ES,quantile,0.35,11.15432870896731
2026-09-16,ILI incidence,2026-09-27,3,ES,quantile,0.5,12.173295637139244
2026-09-16,ILI incidence,2026-09-27,3,ES,quantile,0.7,13.778397447230072
2026-09-16,ILI incidence,2026-09-27,3,ES,quantile,0.15,9.560896405826352
2026-09-16,ILI incidence,2026-09-27,3,ES,quantile,0.75,14.274211719615408
2026-09-16,ILI incidence,2026-09-27,3,ES,quantile,0.65,13.358345801549252
2026-09-16,ILI incidence,2026-09-27,3,ES,quantile,0.01,7.049563106774301
2026-09-16,ILI incidence,2026-09-27,3,ES,quantile,0.4,11.497660661212542
2026-09-16,ILI incidence,2026-09-27,3,ES,quantile,0.55,12.553690996451047
2026-09-16,ILI incidence,2026-09-27,3,ES,quantile,0.6,12.921723511455385
2026-09-16,ILI incidence,2026-09-27,3,ES,median,NA,12.173295637139244
2026-09-16,ILI incidence,2026-10-04,4,ES,quantile,0.6,12.627964117448386
2026-09-16,ILI incidence,2026-10-04,4,ES,quantile,0.5,12.178699420061664
2026-09-16,ILI incidence,2026-10-04,4,ES,quantile,0.55,12.40107045053317
2026-09-16,ILI incidence,2026-10-04,4,ES,quantile,0.2,10.780916363988188
2026-09-16,ILI incidence,2026-10-04,4,ES,quantile,0.15,10.47178551704936
2026-09-16,ILI incidence,2026-10-04,4,ES,quantile,0.25,11.04822733366954
2026-09-16,ILI incidence,2026-10-04,4,ES,quantile,0.35,11.52834663901582
2026-09-16,ILI incidence,2026-10-04,4,ES,quantile,0.45,11.95903563743448
2026-09-16,ILI incidence,2026-10-04,4,ES,quantile,0.3,11.291779684658852
2026-09-16,ILI incidence,2026-10-04,4,ES,quantile,0.4,11.74114916674175
2026-09-16,ILI incidence,2026-10-04,4,ES,quantile,0.01,8.657890167682
2026-09-16,ILI incidence,2026-10-04,4,ES,quantile,0.1,10.098872672483225
2026-09-16,ILI incidence,2026-10-04,4,ES,quantile,0.025,9.125444121801149
2026-09-16,ILI incidence,2026-10-04,4,ES,quantile,0.65,12.884064259070495
2026-09-16,ILI incidence,2026-10-04,4,ES,quantile,0.05,9.565251089953364
2026-09-16,ILI incidence,2026-10-04,4,ES,quantile,0.7,13.146791990729067
2026-09-16,ILI incidence,2026-10-04,4,ES,quantile,0.75,13.424224232954993
2026-09-16,ILI incidence,2026-10-04,4,ES,quantile,0.8,13.759386121836377
2026-09-16,ILI incidence,2026-10-04,4,ES,quantile,0.99,17.0911630102719
2026-09-16,ILI incidence,2026-10-04,4,ES,quantile,0.85,14.145503930688044
2026-09-16,ILI incidence,2026-10-04,4,ES,quantile,0.975,16.184745743170687
2026-09-16,ILI incidence,2026-10-04,4,ES,quantile,0.9,14.643469226374734
2026-09-16,ILI incidence,2026-10-04,4,ES,quantile,0.95,15.441401540265511
2026-09-16,ILI incidence,2026-10-04,4,ES,median,NA,12.178699420061664
2026-09-16,ILI incidence,2026-09-13,1,GB-NIR,quantile,0.3,1.2241284264906047
2026-09-16,ILI incidence,2026-09-13,1,GB-NIR,quantile,0.25,1.1433240729754508
2026-09-16,ILI incidence,2026-09-13,1,GB-NIR,quantile,0.2,1.062968293907006
2026-09-16,ILI incidence,2026-09-13,1,GB-NIR,quantile,0.15,0.9628351778006468
2026-09-16,ILI incidence,2026-09-13,1,GB-NIR,quantile,0.01,0.5443514782500326
2026-09-16,ILI incidence,2026-09-13,1,GB-NIR,quantile,0.025,0.6336127159853048
2026-09-16,ILI incidence,2026-09-13,1,GB-NIR,quantile,0.05,0.7304145962687127
2026-09-16,ILI incidence,2026-09-13,1,GB-NIR,quantile,0.1,0.8580431364758729
2026-09-16,ILI incidence,2026-09-13,1,GB-NIR,quantile,0.35,1.3060308846179558
2026-09-16,ILI incidence,2026-09-13,1,GB-NIR,quantile,0.4,1.3935404459545833
2026-09-16,ILI incidence,2026-09-13,1,GB-NIR,quantile,0.45,1.4787610871274437
2026-09-16,ILI incidence,2026-09-13,1,GB-NIR,quantile,0.5,1.5652685530461157
2026-09-16,ILI incidence,2026-09-13,1,GB-NIR,quantile,0.55,1.6628416057730655
2026-09-16,ILI incidence,2026-09-13,1,GB-NIR,quantile,0.6,1.761642753440611
2026-09-16,ILI incidence,2026-09-13,1,GB-NIR,quantile,0.65,1.8706505843604764
2026-09-16,ILI incidence,2026-09-13,1,GB-NIR,quantile,0.7,1.995194816833935
2026-09-16,ILI incidence,2026-09-13,1,GB-NIR,quantile,0.75,2.1352486760611127
2026-09-16,ILI incidence,2026-09-13,1,GB-NIR,quantile,0.8,2.2972642961375977
2026-09-16,ILI incidence,2026-09-13,1,GB-NIR,quantile,0.85,2.505657321436757
2026-09-16,ILI incidence,2026-09-13,1,GB-NIR,quantile,0.9,2.794244173029638
2026-09-16,ILI incidence,2026-09-13,1,GB-NIR,quantile,0.95,3.2887199987420095
2026-09-16,ILI incidence,2026-09-13,1,GB-NIR,quantile,0.975,3.7840288599572727
2026-09-16,ILI incidence,2026-09-13,1,GB-NIR,quantile,0.99,4.421071784968654
2026-09-16,ILI incidence,2026-09-13,1,GB-NIR,median,NA,1.5652685530461157
2026-09-16,ILI incidence,2026-09-20,2,GB-NIR,quantile,0.01,0.8065027520843698
2026-09-16,ILI incidence,2026-09-20,2,GB-NIR,quantile,0.025,0.9144423497868958
2026-09-16,ILI incidence,2026-09-20,2,GB-NIR,quantile,0.05,1.0219558044380896
2026-09-16,ILI incidence,2026-09-20,2,GB-NIR,quantile,0.1,1.1538407301414615
2026-09-16,ILI incidence,2026-09-20,2,GB-NIR,quantile,0.15,1.24657653893772
2026-09-16,ILI incidence,2026-09-20,2,GB-NIR,quantile,0.2,1.3337747466352488
2026-09-16,ILI incidence,2026-09-20,2,GB-NIR,quantile,0.25,1.4093471923046672
2026-09-16,ILI incidence,2026-09-20,2,GB-NIR,quantile,0.3,1.4825875654347631
2026-09-16,ILI incidence,2026-09-20,2,GB-NIR,quantile,0.35,1.552988483606086
2026-09-16,ILI incidence,2026-09-20,2,GB-NIR,quantile,0.4,1.621743798871604
2026-09-16,ILI incidence,2026-09-20,2,GB-NIR,quantile,0.45,1.692979707324337
2026-09-16,ILI incidence,2026-09-20,2,GB-NIR,quantile,0.5,1.7700300373445943
2026-09-16,ILI incidence,2026-09-20,2,GB-NIR,quantile,0.55,1.8545359027453896
2026-09-16,ILI incidence,2026-09-20,2,GB-NIR,quantile,0.6,1.9365272851654205
2026-09-16,ILI incidence,2026-09-20,2,GB-NIR,quantile,0.65,2.02659512654425
2026-09-16,ILI incidence,2026-09-20,2,GB-NIR,quantile,0.7,2.1233547653209617
2026-09-16,ILI incidence,2026-09-20,2,GB-NIR,quantile,0.75,2.234053867421533
2026-09-16,ILI incidence,2026-09-20,2,GB-NIR,quantile,0.8,2.370502709039267
2026-09-16,ILI incidence,2026-09-20,2,GB-NIR,quantile,0.85,2.52439421815277
2026-09-16,ILI incidence,2026-09-20,2,GB-NIR,quantile,0.9,2.731747298419601
2026-09-16,ILI incidence,2026-09-20,2,GB-NIR,quantile,0.99,3.895244263337241
2026-09-16,ILI incidence,2026-09-20,2,GB-NIR,quantile,0.95,3.0779381643144013
2026-09-16,ILI incidence,2026-09-20,2,GB-NIR,quantile,0.975,3.3862817052863474
2026-09-16,ILI incidence,2026-09-20,2,GB-NIR,median,NA,1.7700300373445943
2026-09-16,ILI incidence,2026-09-27,3,GB-NIR,quantile,0.025,1.2293042701968306
2026-09-16,ILI incidence,2026-09-27,3,GB-NIR,quantile,0.05,1.2847204786362694
2026-09-16,ILI incidence,2026-09-27,3,GB-NIR,quantile,0.01,1.1628215661531387
2026-09-16,ILI incidence,2026-09-27,3,GB-NIR,quantile,0.1,1.3563042509502008
2026-09-16,ILI incidence,2026-09-27,3,GB-NIR,quantile,0.15,1.4096578818351702
2026-09-16,ILI incidence,2026-09-27,3,GB-NIR,quantile,0.2,1.449831957654449
2026-09-16,ILI incidence,2026-09-27,3,GB-NIR,quantile,0.55,1.681560075028829
2026-09-16,ILI incidence,2026-09-27,3,GB-NIR,quantile,0.6,1.7128195586179176
2026-09-16,ILI incidence,2026-09-27,3,GB-NIR,quantile,0.65,1.7470055014184886
2026-09-16,ILI incidence,2026-09-27,3,GB-NIR,quantile,0.25,1.4874036146474765
2026-09-16,ILI incidence,2026-09-27,3,GB-NIR,quantile,0.45,1.6184030870222958
2026-09-16,ILI incidence,2026-09-27,3,GB-NIR,quantile,0.35,1.553510499121506
2026-09-16,ILI incidence,2026-09-27,3,GB-NIR,quantile,0.5,1.6481048333525026
2026-09-16,ILI incidence,2026-09-27,3,GB-NIR,quantile,0.3,1.51966676906853
2026-09-16,ILI incidence,2026-09-27,3,GB-NIR,quantile,0.4,1.585294085996139
2026-09-16,ILI incidence,2026-09-27,3,GB-NIR,quantile,0.7,1.7833489258348632
2026-09-16,ILI incidence,2026-09-27,3,GB-NIR,quantile,0.75,1.8245975422083665
2026-09-16,ILI incidence,2026-09-27,3,GB-NIR,quantile,0.8,1.8716731501634525
2026-09-16,ILI incidence,2026-09-27,3,GB-NIR,quantile,0.85,1.9323403334793403
2026-09-16,ILI incidence,2026-09-27,3,GB-NIR,quantile,0.9,2.0061504641884227
2026-09-16,ILI incidence,2026-09-27,3,GB-NIR,quantile,0.95,2.121888753835407
2026-09-16,ILI incidence,2026-09-27,3,GB-NIR,quantile,0.975,2.2361718718192884
2026-09-16,ILI incidence,2026-09-27,3,GB-NIR,quantile,0.99,2.343632646056812
2026-09-16,ILI incidence,2026-09-27,3,GB-NIR,median,NA,1.6481048333525026
2026-09-16,ILI incidence,2026-10-04,4,GB-NIR,quantile,0.025,1.0981624406270012
2026-09-16,ILI incidence,2026-10-04,4,GB-NIR,quantile,0.3,1.6414340776685683
2026-09-16,ILI incidence,2026-10-04,4,GB-NIR,quantile,0.01,1.0020770455597598
2026-09-16,ILI incidence,2026-10-04,4,GB-NIR,quantile,0.05,1.2028130470827232
2026-09-16,ILI incidence,2026-10-04,4,GB-NIR,quantile,0.1,1.3304685400078888
2026-09-16,ILI incidence,2026-10-04,4,GB-NIR,quantile,0.25,1.5732694186932987
2026-09-16,ILI incidence,2026-10-04,4,GB-NIR,quantile,0.15,1.4263587940737603
2026-09-16,ILI incidence,2026-10-04,4,GB-NIR,quantile,0.2,1.5066561405842325
2026-09-16,ILI incidence,2026-10-04,4,GB-NIR,quantile,0.35,1.707940802393765
2026-09-16,ILI incidence,2026-10-04,4,GB-NIR,quantile,0.4,1.7743155941861797
2026-09-16,ILI incidence,2026-10-04,4,GB-NIR,quantile,0.45,1.8381278304749689
2026-09-16,ILI incidence,2026-10-04,4,GB-NIR,quantile,0.5,1.902986507319654
2026-09-16,ILI incidence,2026-10-04,4,GB-NIR,quantile,0.55,1.975085008260995
2026-09-16,ILI incidence,2026-10-04,4,GB-NIR,quantile,0.6,2.0426606990649825
2026-09-16,ILI incidence,2026-10-04,4,GB-NIR,quantile,0.65,2.1226088069596285
2026-09-16,ILI incidence,2026-10-04,4,GB-NIR,quantile,0.7,2.2035246283083394
2026-09-16,ILI incidence,2026-10-04,4,GB-NIR,quantile,0.75,2.2995205160529215
2026-09-16,ILI incidence,2026-10-04,4,GB-NIR,quantile,0.8,2.4141365893726205
2026-09-16,ILI incidence,2026-10-04,4,GB-NIR,quantile,0.85,2.5451780629343737
2026-09-16,ILI incidence,2026-10-04,4,GB-NIR,quantile,0.9,2.725913307961388
2026-09-16,ILI incidence,2026-10-04,4,GB-NIR,quantile,0.95,3.0182480421893625
2026-09-16,ILI incidence,2026-10-04,4,GB-NIR,quantile,0.975,3.290582523481385
2026-09-16,ILI incidence,2026-10-04,4,GB-NIR,quantile,0.99,3.639038338243195
2026-09-16,ILI incidence,2026-10-04,4,GB-NIR,median,NA,1.902986507319654
2026-09-16,ILI incidence,2026-09-13,1,GB-WLS,quantile,0.975,5.806125423178268
2026-09-16,ILI incidence,2026-09-13,1,GB-WLS,quantile,0.05,0.3868531203880988
2026-09-16,ILI incidence,2026-09-13,1,GB-WLS,quantile,0.1,0.509453044383798
2026-09-16,ILI incidence,2026-09-13,1,GB-WLS,quantile,0.15,0.6052265216385108
2026-09-16,ILI incidence,2026-09-13,1,GB-WLS,quantile,0.3,0.9040576911578998
2026-09-16,ILI incidence,2026-09-13,1,GB-WLS,quantile,0.35,1.0133264188682256
2026-09-16,ILI incidence,2026-09-13,1,GB-WLS,quantile,0.2,0.7045429949830796
2026-09-16,ILI incidence,2026-09-13,1,GB-WLS,quantile,0.25,0.8024175554876668
2026-09-16,ILI incidence,2026-09-13,1,GB-WLS,quantile,0.4,1.1130948910148852
2026-09-16,ILI incidence,2026-09-13,1,GB-WLS,quantile,0.99,7.687970545439243
2026-09-16,ILI incidence,2026-09-13,1,GB-WLS,quantile,0.9,3.511845455208885
2026-09-16,ILI incidence,2026-09-13,1,GB-WLS,quantile,0.95,4.546768226631109
2026-09-16,ILI incidence,2026-09-13,1,GB-WLS,quantile,0.01,0.2209178113593034
2026-09-16,ILI incidence,2026-09-13,1,GB-WLS,quantile,0.025,0.3065457635292724
2026-09-16,ILI incidence,2026-09-13,1,GB-WLS,quantile,0.55,1.4655496151345866
2026-09-16,ILI incidence,2026-09-13,1,GB-WLS,quantile,0.45,1.2207948099299897
2026-09-16,ILI incidence,2026-09-13,1,GB-WLS,quantile,0.8,2.5249415239239505
2026-09-16,ILI incidence,2026-09-13,1,GB-WLS,quantile,0.85,2.9170977799931697
2026-09-16,ILI incidence,2026-09-13,1,GB-WLS,quantile,0.5,1.3317143031745446
2026-09-16,ILI incidence,2026-09-13,1,GB-WLS,quantile,0.6,1.6098277280194442
2026-09-16,ILI incidence,2026-09-13,1,GB-WLS,quantile,0.65,1.78336479470758
2026-09-16,ILI incidence,2026-09-13,1,GB-WLS,quantile,0.7,1.986150749034837
2026-09-16,ILI incidence,2026-09-13,1,GB-WLS,quantile,0.75,2.2252074095871457
2026-09-16,ILI incidence,2026-09-13,1,GB-WLS,median,NA,1.3317143031745446
2026-09-16,ILI incidence,2026-09-20,2,GB-WLS,quantile,0.8,2.4514588440936196
2026-09-16,ILI incidence,2026-09-20,2,GB-WLS,quantile,0.2,0.4414221215479797
2026-09-16,ILI incidence,2026-09-20,2,GB-WLS,quantile,0.25,0.5269342020634165
2026-09-16,ILI incidence,2026-09-20,2,GB-WLS,quantile,0.3,0.6184476024919106
2026-09-16,ILI incidence,2026-09-20,2,GB-WLS,quantile,0.75,2.0808190399239272
2026-09-16,ILI incidence,2026-09-20,2,GB-WLS,quantile,0.975,7.651395231585023
2026-09-16,ILI incidence,2026-09-20,2,GB-WLS,quantile,0.95,5.583603480387272
2026-09-16,ILI incidence,2026-09-20,2,GB-WLS,quantile,0.99,11.729022254566395
2026-09-16,ILI incidence,2026-09-20,2,GB-WLS,quantile,0.15,0.3613714563460088
2026-09-16,ILI incidence,2026-09-20,2,GB-WLS,quantile,0.5,1.054933661237977
2026-09-16,ILI incidence,2026-09-20,2,GB-WLS,quantile,0.55,1.2057891906574665
2026-09-16,ILI incidence,2026-09-20,2,GB-WLS,quantile,0.6,1.3642352717101272
2026-09-16,ILI incidence,2026-09-20,2,GB-WLS,quantile,0.65,1.5526080185221909
2026-09-16,ILI incidence,2026-09-20,2,GB-WLS,quantile,0.7,1.79309486896888
2026-09-16,ILI incidence,2026-09-20,2,GB-WLS,quantile,0.35,0.7118307076192216
2026-09-16,ILI incidence,2026-09-20,2,GB-WLS,quantile,0.85,2.9817162659171186
2026-09-16,ILI incidence,2026-09-20,2,GB-WLS,quantile,0.9,3.7879477277281848
2026-09-16,ILI incidence,2026-09-20,2,GB-WLS,quantile,0.01,0.10160287047238564
2026-09-16,ILI incidence,2026-09-20,2,GB-WLS,quantile,0.025,0.1405088827550556
2026-09-16,ILI incidence,2026-09-20,2,GB-WLS,quantile,0.05,0.19380017212603287
2026-09-16,ILI incidence,2026-09-20,2,GB-WLS,quantile,0.1,0.28209337230248344
2026-09-16,ILI incidence,2026-09-20,2,GB-WLS,quantile,0.4,0.815217788443336
2026-09-16,ILI incidence,2026-09-20,2,GB-WLS,quantile,0.45,0.9321511618818727
2026-09-16,ILI incidence,2026-09-20,2,GB-WLS,median,NA,1.054933661237977
2026-09-16,ILI incidence,2026-09-27,3,GB-WLS,quantile,0.35,0.724151878489558
2026-09-16,ILI incidence,2026-09-27,3,GB-WLS,quantile,0.4,0.8268646031772099
2026-09-16,ILI incidence,2026-09-27,3,GB-WLS,quantile,0.45,0.9545157135294732
2026-09-16,ILI incidence,2026-09-27,3,GB-WLS,quantile,0.5,1.089573638139412
2026-09-16,ILI incidence,2026-09-27,3,GB-WLS,quantile,0.55,1.215119286947811
2026-09-16,ILI incidence,2026-09-27,3,GB-WLS,quantile,0.6,1.3887310377999675
2026-09-16,ILI incidence,2026-09-27,3,GB-WLS,quantile,0.65,1.5913465110922824
2026-09-16,ILI incidence,2026-09-27,3,GB-WLS,quantile,0.7,1.842389299770992
2026-09-16,ILI incidence,2026-09-27,3,GB-WLS,quantile,0.75,2.1538245885517404
2026-09-16,ILI incidence,2026-09-27,3,GB-WLS,quantile,0.8,2.577547507894243
2026-09-16,ILI incidence,2026-09-27,3,GB-WLS,quantile,0.85,3.2061734074360975
2026-09-16,ILI incidence,2026-09-27,3,GB-WLS,quantile,0.9,4.054305236164795
2026-09-16,ILI incidence,2026-09-27,3,GB-WLS,quantile,0.975,8.47022543191192
2026-09-16,ILI incidence,2026-09-27,3,GB-WLS,quantile,0.99,12.791167564372362
2026-09-16,ILI incidence,2026-09-27,3,GB-WLS,quantile,0.95,5.974205924027527
2026-09-16,ILI incidence,2026-09-27,3,GB-WLS,quantile,0.01,0.08625920631961158
2026-09-16,ILI incidence,2026-09-27,3,GB-WLS,quantile,0.025,0.13526159992277817
2026-09-16,ILI incidence,2026-09-27,3,GB-WLS,quantile,0.05,0.18415639676312445
2026-09-16,ILI incidence,2026-09-27,3,GB-WLS,quantile,0.1,0.276219860239676
2026-09-16,ILI incidence,2026-09-27,3,GB-WLS,quantile,0.25,0.5228890747304974
2026-09-16,ILI incidence,2026-09-27,3,GB-WLS,quantile,0.2,0.4369461515369454
2026-09-16,ILI incidence,2026-09-27,3,GB-WLS,quantile,0.15,0.35640136107462783
2026-09-16,ILI incidence,2026-09-27,3,GB-WLS,quantile,0.3,0.6201208333310146
2026-09-16,ILI incidence,2026-09-27,3,GB-WLS,median,NA,1.089573638139412
2026-09-16,ILI incidence,2026-10-04,4,GB-WLS,quantile,0.95,6.490598646896398
2026-09-16,ILI incidence,2026-10-04,4,GB-WLS,quantile,0.975,8.31196491115108
2026-09-16,ILI incidence,2026-10-04,4,GB-WLS,quantile,0.3,1.20472012825813
2026-09-16,ILI incidence,2026-10-04,4,GB-WLS,quantile,0.25,1.077298983907923
2026-09-16,ILI incidence,2026-10-04,4,GB-WLS,quantile,0.025,0.3966619880560781
2026-09-16,ILI incidence,2026-10-04,4,GB-WLS,quantile,0.05,0.4974535759075065
2026-09-16,ILI incidence,2026-10-04,4,GB-WLS,quantile,0.1,0.6552369566013468
2026-09-16,ILI incidence,2026-10-04,4,GB-WLS,quantile,0.15,0.8052415221414172
2026-09-16,ILI incidence,2026-10-04,4,GB-WLS,quantile,0.2,0.9350035977174248
2026-09-16,ILI incidence,2026-10-04,4,GB-WLS,quantile,0.75,3.0193797849799227
2026-09-16,ILI incidence,2026-10-04,4,GB-WLS,quantile,0.8,3.448918288451288
2026-09-16,ILI incidence,2026-10-04,4,GB-WLS,quantile,0.85,4.058374561235819
2026-09-16,ILI incidence,2026-10-04,4,GB-WLS,quantile,0.9,4.889439963139794
2026-09-16,ILI incidence,2026-10-04,4,GB-WLS,quantile,0.99,11.026488135286147
2026-09-16,ILI incidence,2026-10-04,4,GB-WLS,quantile,0.01,0.2959187844300802
2026-09-16,ILI incidence,2026-10-04,4,GB-WLS,quantile,0.35,1.3425277899339036
2026-09-16,ILI incidence,2026-10-04,4,GB-WLS,quantile,0.4,1.4899079021819963
2026-09-16,ILI incidence,2026-10-04,4,GB-WLS,quantile,0.45,1.6387948784453106
2026-09-16,ILI incidence,2026-10-04,4,GB-WLS,quantile,0.5,1.796574588010084
2026-09-16,ILI incidence,2026-10-04,4,GB-WLS,quantile,0.55,1.9789852911343664
2026-09-16,ILI incidence,2026-10-04,4,GB-WLS,quantile,0.6,2.1953696214384935
2026-09-16,ILI incidence,2026-10-04,4,GB-WLS,quantile,0.65,2.4120783352001913
2026-09-16,ILI incidence,2026-10-04,4,GB-WLS,quantile,0.7,2.680223502082278
2026-09-16,ILI incidence,2026-10-04,4,GB-WLS,median,NA,1.796574588010084
2026-09-16,ILI incidence,2026-09-13,1,GR,quantile,0.45,145.26315280743663
2026-09-16,ILI incidence,2026-09-13,1,GR,quantile,0.5,152.72332857538046
2026-09-16,ILI incidence,2026-09-13,1,GR,quantile,0.55,160.14515582746347
2026-09-16,ILI incidence,2026-09-13,1,GR,quantile,0.35,131.49371842533773
2026-09-16,ILI incidence,2026-09-13,1,GR,quantile,0.4,138.7882410946873
2026-09-16,ILI incidence,2026-09-13,1,GR,quantile,0.7,185.39932798653825
2026-09-16,ILI incidence,2026-09-13,1,GR,quantile,0.75,197.53140578583168
2026-09-16,ILI incidence,2026-09-13,1,GR,quantile,0.1,93.35286450492582
2026-09-16,ILI incidence,2026-09-13,1,GR,quantile,0.6,167.5879518260603
2026-09-16,ILI incidence,2026-09-13,1,GR,quantile,0.025,72.71638739749153
2026-09-16,ILI incidence,2026-09-13,1,GR,quantile,0.65,176.37802013014846
2026-09-16,ILI incidence,2026-09-13,1,GR,quantile,0.8,210.84173582993145
2026-09-16,ILI incidence,2026-09-13,1,GR,quantile,0.85,226.48401357883273
2026-09-16,ILI incidence,2026-09-13,1,GR,quantile,0.01,63.327640561636365
2026-09-16,ILI incidence,2026-09-13,1,GR,quantile,0.05,81.13903806408041
2026-09-16,ILI incidence,2026-09-13,1,GR,quantile,0.99,382.8115902181825
2026-09-16,ILI incidence,2026-09-13,1,GR,quantile,0.95,284.7613670725497
2026-09-16,ILI incidence,2026-09-13,1,GR,quantile,0.25,117.56502673444298
2026-09-16,ILI incidence,2026-09-13,1,GR,quantile,0.9,249.88841605655193
2026-09-16,ILI incidence,2026-09-13,1,GR,quantile,0.15,101.89750315354128
2026-09-16,ILI incidence,2026-09-13,1,GR,quantile,0.2,110.24569961528438
2026-09-16,ILI incidence,2026-09-13,1,GR,quantile,0.3,124.56050559628642
2026-09-16,ILI incidence,2026-09-13,1,GR,quantile,0.975,323.9357341022974
2026-09-16,ILI incidence,2026-09-13,1,GR,median,NA,152.72332857538046
2026-09-16,ILI incidence,2026-09-20,2,GR,quantile,0.05,172.08915753059645
2026-09-16,ILI incidence,2026-09-20,2,GR,quantile,0.1,190.0848905397581
2026-09-16,ILI incidence,2026-09-20,2,GR,quantile,0.025,157.04415686355998
2026-09-16,ILI incidence,2026-09-20,2,GR,quantile,0.01,142.64574846135918
2026-09-16,ILI incidence,2026-09-20,2,GR,quantile,0.2,214.18625963066503
2026-09-16,ILI incidence,2026-09-20,2,GR,quantile,0.25,224.38061067662076
2026-09-16,ILI incidence,2026-09-20,2,GR,quantile,0.15,203.1302618170482
2026-09-16,ILI incidence,2026-09-20,2,GR,quantile,0.75,328.6763360091463
2026-09-16,ILI incidence,2026-09-20,2,GR,quantile,0.8,343.15709207027845
2026-09-16,ILI incidence,2026-09-20,2,GR,quantile,0.3,234.6684411379701
2026-09-16,ILI incidence,2026-09-20,2,GR,quantile,0.4,253.22423713343625
2026-09-16,ILI incidence,2026-09-20,2,GR,quantile,0.45,262.9732438652797
2026-09-16,ILI incidence,2026-09-20,2,GR,quantile,0.5,271.83051876564923
2026-09-16,ILI incidence,2026-09-20,2,GR,quantile,0.7,315.2224298419956
2026-09-16,ILI incidence,2026-09-20,2,GR,quantile,0.65,303.82349768760196
2026-09-16,ILI incidence,2026-09-20,2,GR,quantile,0.9,387.60361131223175
2026-09-16,ILI incidence,2026-09-20,2,GR,quantile,0.95,429.7533334090331
2026-09-16,ILI incidence,2026-09-20,2,GR,quantile,0.35,244.18585069511815
2026-09-16,ILI incidence,2026-09-20,2,GR,quantile,0.55,281.9849838824051
2026-09-16,ILI incidence,2026-09-20,2,GR,quantile,0.6,292.37328763435994
2026-09-16,ILI incidence,2026-09-20,2,GR,quantile,0.975,468.8440050404239
2026-09-16,ILI incidence,2026-09-20,2,GR,quantile,0.99,519.648145908694
2026-09-16,ILI incidence,2026-09-20,2,GR,quantile,0.85,363.1026945823036
2026-09-16,ILI incidence,2026-09-20,2,GR,median,NA,271.83051876564923
2026-09-16,ILI incidence,2026-09-27,3,GR,quantile,0.55,280.28617606610356
2026-09-16,ILI incidence,2026-09-27,3,GR,quantile,0.6,301.89233608811065
2026-09-16,ILI incidence,2026-09-27,3,GR,quantile,0.35,207.9675331933271
2026-09-16,ILI incidence,2026-09-27,3,GR,quantile,0.45,241.45226084194692
2026-09-16,ILI incidence,2026-09-27,3,GR,quantile,0.65,327.4403073344981
2026-09-16,ILI incidence,2026-09-27,3,GR,quantile,0.5,260.08615089179534
2026-09-16,ILI incidence,2026-09-27,3,GR,quantile,0.4,224.86703865840343
2026-09-16,ILI incidence,2026-09-27,3,GR,quantile,0.75,387.0497598111235
2026-09-16,ILI incidence,2026-09-27,3,GR,quantile,0.7,355.49350509642636
2026-09-16,ILI incidence,2026-09-27,3,GR,quantile,0.2,158.56876407674906
2026-09-16,ILI incidence,2026-09-27,3,GR,quantile,0.25,175.50831839401866
2026-09-16,ILI incidence,2026-09-27,3,GR,quantile,0.15,142.05545535433254
2026-09-16,ILI incidence,2026-09-27,3,GR,quantile,0.1,122.37631602382714
2026-09-16,ILI incidence,2026-09-27,3,GR,quantile,0.3,191.8326076348112
2026-09-16,ILI incidence,2026-09-27,3,GR,quantile,0.95,683.921578934583
2026-09-16,ILI incidence,2026-09-27,3,GR,quantile,0.9,547.1333344424029
2026-09-16,ILI incidence,2026-09-27,3,GR,quantile,0.975,818.5356937348479
2026-09-16,ILI incidence,2026-09-27,3,GR,quantile,0.99,995.9760167926984
2026-09-16,ILI incidence,2026-09-27,3,GR,quantile,0.8,428.33200604545095
2026-09-16,ILI incidence,2026-09-27,3,GR,quantile,0.85,478.2436616376503
2026-09-16,ILI incidence,2026-09-27,3,GR,quantile,0.01,64.4722790299393
2026-09-16,ILI incidence,2026-09-27,3,GR,quantile,0.025,80.8465793301275
2026-09-16,ILI incidence,2026-09-27,3,GR,quantile,0.05,98.42580931821809
2026-09-16,ILI incidence,2026-09-27,3,GR,median,NA,260.08615089179534
2026-09-16,ILI incidence,2026-10-04,4,GR,quantile,0.8,345.86539721119925
2026-09-16,ILI incidence,2026-10-04,4,GR,quantile,0.9,438.1166151388766
2026-09-16,ILI incidence,2026-10-04,4,GR,quantile,0.75,315.59943936724557
2026-09-16,ILI incidence,2026-10-04,4,GR,quantile,0.7,290.33321321357874
2026-09-16,ILI incidence,2026-10-04,4,GR,quantile,0.85,381.6064261591583
2026-09-16,ILI incidence,2026-10-04,4,GR,quantile,0.65,270.573904804231
2026-09-16,ILI incidence,2026-10-04,4,GR,quantile,0.95,540.2891263465204
2026-09-16,ILI incidence,2026-10-04,4,GR,quantile,0.99,816.7320731812243
2026-09-16,ILI incidence,2026-10-04,4,GR,quantile,0.975,651.8923461391774
2026-09-16,ILI incidence,2026-10-04,4,GR,quantile,0.55,236.67026597533015
2026-09-16,ILI incidence,2026-10-04,4,GR,quantile,0.5,221.4657369876489
2026-09-16,ILI incidence,2026-10-04,4,GR,quantile,0.6,253.47714211041995
2026-09-16,ILI incidence,2026-10-04,4,GR,quantile,0.4,193.61285983586248
2026-09-16,ILI incidence,2026-10-04,4,GR,quantile,0.45,207.3435689857577
2026-09-16,ILI incidence,2026-10-04,4,GR,quantile,0.35,180.08840298984876
2026-09-16,ILI incidence,2026-10-04,4,GR,quantile,0.25,153.49703610135737
2026-09-16,ILI incidence,2026-10-04,4,GR,quantile,0.3,167.2115610731574
2026-09-16,ILI incidence,2026-10-04,4,GR,quantile,0.2,139.23705695711718
2026-09-16,ILI incidence,2026-10-04,4,GR,quantile,0.15,125.98067000906526
2026-09-16,ILI incidence,2026-10-04,4,GR,quantile,0.1,111.22858798627524
2026-09-16,ILI incidence,2026-10-04,4,GR,quantile,0.01,63.0784589686043
2026-09-16,ILI incidence,2026-10-04,4,GR,quantile,0.05,92.48292481697403
2026-09-16,ILI incidence,2026-10-04,4,GR,quantile,0.025,77.95097967286742
2026-09-16,ILI incidence,2026-10-04,4,GR,median,NA,221.4657369876489
2026-09-16,ILI incidence,2026-09-13,1,HR,quantile,0.15,0.2682866568470277
2026-09-16,ILI incidence,2026-09-13,1,HR,quantile,0.05,0.09205125147118756
2026-09-16,ILI incidence,2026-09-13,1,HR,quantile,0.1,0.17353033703555792
2026-09-16,ILI incidence,2026-09-13,1,HR,quantile,0.35,0.9367878173950344
2026-09-16,ILI incidence,2026-09-13,1,HR,quantile,0.025,0.05334566134757384
2026-09-16,ILI incidence,2026-09-13,1,HR,quantile,0.2,0.4002756226171324
2026-09-16,ILI incidence,2026-09-13,1,HR,quantile,0.25,0.542527911005583
2026-09-16,ILI incidence,2026-09-13,1,HR,quantile,0.3,0.7219732315746252
2026-09-16,ILI incidence,2026-09-13,1,HR,quantile,0.55,2.521466428767782
2026-09-16,ILI incidence,2026-09-13,1,HR,quantile,0.4,1.2058177526518667
2026-09-16,ILI incidence,2026-09-13,1,HR,quantile,0.5,1.9659341022855612
2026-09-16,ILI incidence,2026-09-13,1,HR,quantile,0.6,3.2117904723199615
2026-09-16,ILI incidence,2026-09-13,1,HR,quantile,0.01,0.0302615188054256
2026-09-16,ILI incidence,2026-09-13,1,HR,quantile,0.45,1.5372900396756894
2026-09-16,ILI incidence,2026-09-13,1,HR,quantile,0.95,42.97330931675953
2026-09-16,ILI incidence,2026-09-13,1,HR,quantile,0.99,159.66745193918655
2026-09-16,ILI incidence,2026-09-13,1,HR,quantile,0.65,4.135940756098627
2026-09-16,ILI incidence,2026-09-13,1,HR,quantile,0.975,80.53085504585734
2026-09-16,ILI incidence,2026-09-13,1,HR,quantile,0.7,5.4166191406083
2026-09-16,ILI incidence,2026-09-13,1,HR,quantile,0.85,14.179788976417829
2026-09-16,ILI incidence,2026-09-13,1,HR,quantile,0.8,9.716502879879677
2026-09-16,ILI incidence,2026-09-13,1,HR,quantile,0.75,7.019389615969038
2026-09-16,ILI incidence,2026-09-13,1,HR,quantile,0.9,22.620777586714276
2026-09-16,ILI incidence,2026-09-13,1,HR,median,NA,1.9659341022855612
2026-09-16,ILI incidence,2026-09-20,2,HR,quantile,0.2,0.567998963063588
2026-09-16,ILI incidence,2026-09-20,2,HR,quantile,0.1,0.47179875183646025
2026-09-16,ILI incidence,2026-09-20,2,HR,quantile,0.15,0.5229021959649492
2026-09-16,ILI incidence,2026-09-20,2,HR,quantile,0.01,0.29732147601630987
2026-09-16,ILI incidence,2026-09-20,2,HR,quantile,0.025,0.3458374814124212
2026-09-16,ILI incidence,2026-09-20,2,HR,quantile,0.05,0.40363364759856496
2026-09-16,ILI incidence,2026-09-20,2,HR,quantile,0.25,0.6101857511307819
2026-09-16,ILI incidence,2026-09-20,2,HR,quantile,0.8,1.1418987154258078
2026-09-16,ILI incidence,2026-09-20,2,HR,quantile,0.85,1.2288668692745068
2026-09-16,ILI incidence,2026-09-20,2,HR,quantile,0.9,1.3643579713856506
2026-09-16,ILI incidence,2026-09-20,2,HR,quantile,0.3,0.6490745376175657
2026-09-16,ILI incidence,2026-09-20,2,HR,quantile,0.95,1.5842521301165553
2026-09-16,ILI incidence,2026-09-20,2,HR,quantile,0.5,0.8130163606969534
2026-09-16,ILI incidence,2026-09-20,2,HR,quantile,0.975,1.8092392682923577
2026-09-16,ILI incidence,2026-09-20,2,HR,quantile,0.65,0.9521271773487672
2026-09-16,ILI incidence,2026-09-20,2,HR,quantile,0.45,0.7696589047470535
2026-09-16,ILI incidence,2026-09-20,2,HR,quantile,0.6,0.8968325008076228
2026-09-16,ILI incidence,2026-09-20,2,HR,quantile,0.35,0.6881571271425869
2026-09-16,ILI incidence,2026-09-20,2,HR,quantile,0.75,1.0670400483690616
2026-09-16,ILI incidence,2026-09-20,2,HR,quantile,0.99,2.1085424124742116
2026-09-16,ILI incidence,2026-09-20,2,HR,quantile,0.4,0.7282630389926101
2026-09-16,ILI incidence,2026-09-20,2,HR,quantile,0.7,1.0058782899848353
2026-09-16,ILI incidence,2026-09-20,2,HR,quantile,0.55,0.8553074303351483
2026-09-16,ILI incidence,2026-09-20,2,HR,median,NA,0.8130163606969534
2026-09-16,ILI incidence,2026-09-27,3,HR,quantile,0.65,0.9637460349918804
2026-09-16,ILI incidence,2026-09-27,3,HR,quantile,0.35,0.7412967727542199
2026-09-16,ILI incidence,2026-09-27,3,HR,quantile,0.55,0.8802868852505841
2026-09-16,ILI incidence,2026-09-27,3,HR,quantile,0.6,0.9182204215665868
2026-09-16,ILI incidence,2026-09-27,3,HR,quantile,0.3,0.7098152171586183
2026-09-16,ILI incidence,2026-09-27,3,HR,quantile,0.5,0.8425015875578269
2026-09-16,ILI incidence,2026-09-27,3,HR,quantile,0.25,0.6752985012511762
2026-09-16,ILI incidence,2026-09-27,3,HR,quantile,0.025,0.4309870907122392
2026-09-16,ILI incidence,2026-09-27,3,HR,quantile,0.7,1.0119352400488273
2026-09-16,ILI incidence,2026-09-27,3,HR,quantile,0.15,0.5925478827965432
2026-09-16,ILI incidence,2026-09-27,3,HR,quantile,0.1,0.5467416188209141
2026-09-16,ILI incidence,2026-09-27,3,HR,quantile,0.2,0.636416091511738
2026-09-16,ILI incidence,2026-09-27,3,HR,quantile,0.05,0.48045793525854874
2026-09-16,ILI incidence,2026-09-27,3,HR,quantile,0.01,0.3843478595682507
2026-09-16,ILI incidence,2026-09-27,3,HR,quantile,0.4,0.7745186047012111
2026-09-16,ILI incidence,2026-09-27,3,HR,quantile,0.45,0.8071979274813927
2026-09-16,ILI incidence,2026-09-27,3,HR,quantile,0.85,1.2113533081932155
2026-09-16,ILI incidence,2026-09-27,3,HR,quantile,0.99,1.843014808983728
2026-09-16,ILI incidence,2026-09-27,3,HR,quantile,0.8,1.1293808327840256
2026-09-16,ILI incidence,2026-09-27,3,HR,quantile,0.9,1.307879471077635
2026-09-16,ILI incidence,2026-09-27,3,HR,quantile,0.95,1.481606314861063
2026-09-16,ILI incidence,2026-09-27,3,HR,quantile,0.75,1.0675626666082674
2026-09-16,ILI incidence,2026-09-27,3,HR,quantile,0.975,1.6502155315217837
2026-09-16,ILI incidence,2026-09-27,3,HR,median,NA,0.8425015875578269
2026-09-16,ILI incidence,2026-10-04,4,HR,quantile,0.85,1.2476456824323254
2026-09-16,ILI incidence,2026-10-04,4,HR,quantile,0.9,1.4128338431964882
2026-09-16,ILI incidence,2026-10-04,4,HR,quantile,0.75,1.025152986188946
2026-09-16,ILI incidence,2026-10-04,4,HR,quantile,0.8,1.1255592084017476
2026-09-16,ILI incidence,2026-10-04,4,HR,quantile,0.95,1.6963956417922303
2026-09-16,ILI incidence,2026-10-04,4,HR,quantile,0.7,0.9501617463362012
2026-09-16,ILI incidence,2026-10-04,4,HR,quantile,0.975,2.0135991592507514
2026-09-16,ILI incidence,2026-10-04,4,HR,quantile,0.3,0.5521780641212025
2026-09-16,ILI incidence,2026-10-04,4,HR,quantile,0.45,0.6767085539862099
2026-09-16,ILI incidence,2026-10-04,4,HR,quantile,0.5,0.7234630229329615
2026-09-16,ILI incidence,2026-10-04,4,HR,quantile,0.55,0.7733218150269539
2026-09-16,ILI incidence,2026-10-04,4,HR,quantile,0.25,0.5125848423250192
2026-09-16,ILI incidence,2026-10-04,4,HR,quantile,0.65,0.8846637067871748
2026-09-16,ILI incidence,2026-10-04,4,HR,quantile,0.99,2.431387314718632
2026-09-16,ILI incidence,2026-10-04,4,HR,quantile,0.05,0.31334706898301495
2026-09-16,ILI incidence,2026-10-04,4,HR,quantile,0.6,0.8263660093084995
2026-09-16,ILI incidence,2026-10-04,4,HR,quantile,0.01,0.21872001884927456
2026-09-16,ILI incidence,2026-10-04,4,HR,quantile,0.025,0.26147874448093444
2026-09-16,ILI incidence,2026-10-04,4,HR,quantile,0.15,0.4256264906017982
2026-09-16,ILI incidence,2026-10-04,4,HR,quantile,0.1,0.37791563250144655
2026-09-16,ILI incidence,2026-10-04,4,HR,quantile,0.2,0.4711597582460747
2026-09-16,ILI incidence,2026-10-04,4,HR,quantile,0.4,0.6363940535484933
2026-09-16,ILI incidence,2026-10-04,4,HR,quantile,0.35,0.592167760629148
2026-09-16,ILI incidence,2026-10-04,4,HR,median,NA,0.7234630229329615
2026-09-16,ILI incidence,2026-09-13,1,HU,quantile,0.025,33.788864735399585
2026-09-16,ILI incidence,2026-09-13,1,HU,quantile,0.05,34.642908081323455
2026-09-16,ILI incidence,2026-09-13,1,HU,quantile,0.1,35.66615805683359
2026-09-16,ILI incidence,2026-09-13,1,HU,quantile,0.15,36.42199268099717
2026-09-16,ILI incidence,2026-09-13,1,HU,quantile,0.25,37.55235148311745
2026-09-16,ILI incidence,2026-09-13,1,HU,quantile,0.01,32.92865857509081
2026-09-16,ILI incidence,2026-09-13,1,HU,quantile,0.2,37.05270047548415
2026-09-16,ILI incidence,2026-09-13,1,HU,quantile,0.3,38.02858160195156
2026-09-16,ILI incidence,2026-09-13,1,HU,quantile,0.9,44.02972221872234
2026-09-16,ILI incidence,2026-09-13,1,HU,quantile,0.975,46.486203310127955
2026-09-16,ILI incidence,2026-09-13,1,HU,quantile,0.99,47.843722277732056
2026-09-16,ILI incidence,2026-09-13,1,HU,quantile,0.45,39.25179994443591
2026-09-16,ILI incidence,2026-09-13,1,HU,quantile,0.4,38.84595517907
2026-09-16,ILI incidence,2026-09-13,1,HU,quantile,0.35,38.43200457447116
2026-09-16,ILI incidence,2026-09-13,1,HU,quantile,0.95,45.36316903088027
2026-09-16,ILI incidence,2026-09-13,1,HU,quantile,0.85,43.205480571545344
2026-09-16,ILI incidence,2026-09-13,1,HU,quantile,0.8,42.47245508701712
2026-09-16,ILI incidence,2026-09-13,1,HU,quantile,0.75,41.87311494937764
2026-09-16,ILI incidence,2026-09-13,1,HU,quantile,0.7,41.33655260030689
2026-09-16,ILI incidence,2026-09-13,1,HU,quantile,0.65,40.87013987368723
2026-09-16,ILI incidence,2026-09-13,1,HU,quantile,0.6,40.42419122044605
2026-09-16,ILI incidence,2026-09-13,1,HU,quantile,0.5,39.63353997552982
2026-09-16,ILI incidence,2026-09-13,1,HU,quantile,0.55,40.023501928664665
2026-09-16,ILI incidence,2026-09-13,1,HU,median,NA,39.63353997552982
2026-09-16,ILI incidence,2026-09-20,2,HU,quantile,0.8,35.09350576374622
2026-09-16,ILI incidence,2026-09-20,2,HU,quantile,0.75,33.87539470455375
2026-09-16,ILI incidence,2026-09-20,2,HU,quantile,0.55,30.09100954632958
2026-09-16,ILI incidence,2026-09-20,2,HU,quantile,0.85,36.51130413068366
2026-09-16,ILI incidence,2026-09-20,2,HU,quantile,0.7,32.791986790598685
2026-09-16,ILI incidence,2026-09-20,2,HU,quantile,0.6,30.931593787624337
2026-09-16,ILI incidence,2026-09-20,2,HU,quantile,0.99,47.213779070972
2026-09-16,ILI incidence,2026-09-20,2,HU,quantile,0.65,31.80494769104003
2026-09-16,ILI incidence,2026-09-20,2,HU,quantile,0.9,38.4387575774335
2026-09-16,ILI incidence,2026-09-20,2,HU,quantile,0.975,44.01671342951194
2026-09-16,ILI incidence,2026-09-20,2,HU,quantile,0.95,41.27039928830882
2026-09-16,ILI incidence,2026-09-20,2,HU,quantile,0.35,27.036052466195613
2026-09-16,ILI incidence,2026-09-20,2,HU,quantile,0.4,27.758669305802144
2026-09-16,ILI incidence,2026-09-20,2,HU,quantile,0.45,28.524596729796535
2026-09-16,ILI incidence,2026-09-20,2,HU,quantile,0.5,29.30731293912285
2026-09-16,ILI incidence,2026-09-20,2,HU,quantile,0.25,25.418405456216924
2026-09-16,ILI incidence,2026-09-20,2,HU,quantile,0.3,26.29046132923636
2026-09-16,ILI incidence,2026-09-20,2,HU,quantile,0.2,24.510783500178068
2026-09-16,ILI incidence,2026-09-20,2,HU,quantile,0.15,23.48648251194925
2026-09-16,ILI incidence,2026-09-20,2,HU,quantile,0.01,17.845460086348865
2026-09-16,ILI incidence,2026-09-20,2,HU,quantile,0.025,19.355524888654507
2026-09-16,ILI incidence,2026-09-20,2,HU,quantile,0.05,20.602347597782675
2026-09-16,ILI incidence,2026-09-20,2,HU,quantile,0.1,22.31870564340808
2026-09-16,ILI incidence,2026-09-20,2,HU,median,NA,29.30731293912285
2026-09-16,ILI incidence,2026-09-27,3,HU,quantile,0.75,30.76289228502349
2026-09-16,ILI incidence,2026-09-27,3,HU,quantile,0.8,32.798567910338114
2026-09-16,ILI incidence,2026-09-27,3,HU,quantile,0.7,29.01612508774747
2026-09-16,ILI incidence,2026-09-27,3,HU,quantile,0.65,27.49171444790444
2026-09-16,ILI incidence,2026-09-27,3,HU,quantile,0.4,21.067405914978337
2026-09-16,ILI incidence,2026-09-27,3,HU,quantile,0.55,24.79629353897395
2026-09-16,ILI incidence,2026-09-27,3,HU,quantile,0.85,35.63302041528205
2026-09-16,ILI incidence,2026-09-27,3,HU,quantile,0.95,44.8290876622944
2026-09-16,ILI incidence,2026-09-27,3,HU,quantile,0.35,20.062204677648023
2026-09-16,ILI incidence,2026-09-27,3,HU,quantile,0.6,26.049385875995533
2026-09-16,ILI incidence,2026-09-27,3,HU,quantile,0.9,39.28493638715963
2026-09-16,ILI incidence,2026-09-27,3,HU,quantile,0.15,15.409112152656393
2026-09-16,ILI incidence,2026-09-27,3,HU,quantile,0.45,22.231022215101667
2026-09-16,ILI incidence,2026-09-27,3,HU,quantile,0.5,23.41847576902446
2026-09-16,ILI incidence,2026-09-27,3,HU,quantile,0.05,12.130151660422488
2026-09-16,ILI incidence,2026-09-27,3,HU,quantile,0.975,50.88502647863919
2026-09-16,ILI incidence,2026-09-27,3,HU,quantile,0.01,9.299377611000294
2026-09-16,ILI incidence,2026-09-27,3,HU,quantile,0.025,10.766618900723545
2026-09-16,ILI incidence,2026-09-27,3,HU,quantile,0.1,13.938150839780164
2026-09-16,ILI incidence,2026-09-27,3,HU,quantile,0.3,18.951263974117197
2026-09-16,ILI incidence,2026-09-27,3,HU,quantile,0.99,59.01220634062962
2026-09-16,ILI incidence,2026-09-27,3,HU,quantile,0.2,16.649890309703153
2026-09-16,ILI incidence,2026-09-27,3,HU,quantile,0.25,17.88950197649693
2026-09-16,ILI incidence,2026-09-27,3,HU,median,NA,23.41847576902446
2026-09-16,ILI incidence,2026-10-04,4,HU,quantile,0.975,26.08694489375505
2026-09-16,ILI incidence,2026-10-04,4,HU,quantile,0.85,22.59839218360331
2026-09-16,ILI incidence,2026-10-04,4,HU,quantile,0.95,24.83040608362848
2026-09-16,ILI incidence,2026-10-04,4,HU,quantile,0.9,23.44334635795911
2026-09-16,ILI incidence,2026-10-04,4,HU,quantile,0.99,27.345067069408422
2026-09-16,ILI incidence,2026-10-04,4,HU,quantile,0.75,21.363288392822312
2026-09-16,ILI incidence,2026-10-04,4,HU,quantile,0.8,21.918910869850713
2026-09-16,ILI incidence,2026-10-04,4,HU,quantile,0.7,20.868459934878032
2026-09-16,ILI incidence,2026-10-04,4,HU,quantile,0.6,19.99418142170325
2026-09-16,ILI incidence,2026-10-04,4,HU,quantile,0.65,20.41118788408906
2026-09-16,ILI incidence,2026-10-04,4,HU,quantile,0.025,14.262767464134225
2026-09-16,ILI incidence,2026-10-04,4,HU,quantile,0.55,19.60410352058965
2026-09-16,ILI incidence,2026-10-04,4,HU,quantile,0.35,18.116542023885017
2026-09-16,ILI incidence,2026-10-04,4,HU,quantile,0.45,18.86688597065144
2026-09-16,ILI incidence,2026-10-04,4,HU,quantile,0.01,13.657067784513291
2026-09-16,ILI incidence,2026-10-04,4,HU,quantile,0.2,16.889944831675734
2026-09-16,ILI incidence,2026-10-04,4,HU,quantile,0.25,17.342154697177435
2026-09-16,ILI incidence,2026-10-04,4,HU,quantile,0.4,18.505248827045513
2026-09-16,ILI incidence,2026-10-04,4,HU,quantile,0.05,14.980072999720592
2026-09-16,ILI incidence,2026-10-04,4,HU,quantile,0.1,15.791416556256175
2026-09-16,ILI incidence,2026-10-04,4,HU,quantile,0.3,17.733136736676595
2026-09-16,ILI incidence,2026-10-04,4,HU,quantile,0.15,16.40659071039647
2026-09-16,ILI incidence,2026-10-04,4,HU,quantile,0.5,19.246596934715875
2026-09-16,ILI incidence,2026-10-04,4,HU,median,NA,19.246596934715875
2026-09-16,ILI incidence,2026-09-13,1,IE,quantile,0.4,1.475557657367647
2026-09-16,ILI incidence,2026-09-13,1,IE,quantile,0.65,1.7187406655531663
2026-09-16,ILI incidence,2026-09-13,1,IE,quantile,0.55,1.6134934081295702
2026-09-16,ILI incidence,2026-09-13,1,IE,quantile,0.6,1.6649216152280444
2026-09-16,ILI incidence,2026-09-13,1,IE,quantile,0.35,1.4286180951042855
2026-09-16,ILI incidence,2026-09-13,1,IE,quantile,0.45,1.522158197309945
2026-09-16,ILI incidence,2026-09-13,1,IE,quantile,0.5,1.5677617584822947
2026-09-16,ILI incidence,2026-09-13,1,IE,quantile,0.15,1.216599462401569
2026-09-16,ILI incidence,2026-09-13,1,IE,quantile,0.2,1.2784325690285092
2026-09-16,ILI incidence,2026-09-13,1,IE,quantile,0.3,1.379550895898023
2026-09-16,ILI incidence,2026-09-13,1,IE,quantile,0.8,1.9160787471440173
2026-09-16,ILI incidence,2026-09-13,1,IE,quantile,0.25,1.3281469140219948
2026-09-16,ILI incidence,2026-09-13,1,IE,quantile,0.75,1.83926148430538
2026-09-16,ILI incidence,2026-09-13,1,IE,quantile,0.7,1.777597888170373
2026-09-16,ILI incidence,2026-09-13,1,IE,quantile,0.01,0.8971004670771824
2026-09-16,ILI incidence,2026-09-13,1,IE,quantile,0.9,2.113251219403664
2026-09-16,ILI incidence,2026-09-13,1,IE,quantile,0.025,0.9727461488322234
2026-09-16,ILI incidence,2026-09-13,1,IE,quantile,0.05,1.0521972735240654
2026-09-16,ILI incidence,2026-09-13,1,IE,quantile,0.1,1.1502165813877503
2026-09-16,ILI incidence,2026-09-13,1,IE,quantile,0.85,2.00240733680181
2026-09-16,ILI incidence,2026-09-13,1,IE,quantile,0.95,2.317656064827447
2026-09-16,ILI incidence,2026-09-13,1,IE,quantile,0.975,2.4929137401975834
2026-09-16,ILI incidence,2026-09-13,1,IE,quantile,0.99,2.6989622266544937
2026-09-16,ILI incidence,2026-09-13,1,IE,median,NA,1.5677617584822947
2026-09-16,ILI incidence,2026-09-20,2,IE,quantile,0.99,5.471019049481855
2026-09-16,ILI incidence,2026-09-20,2,IE,quantile,0.975,4.637542154802635
2026-09-16,ILI incidence,2026-09-20,2,IE,quantile,0.95,4.0110763836374135
2026-09-16,ILI incidence,2026-09-20,2,IE,quantile,0.9,3.3958274590605635
2026-09-16,ILI incidence,2026-09-20,2,IE,quantile,0.85,3.0618028857098043
2026-09-16,ILI incidence,2026-09-20,2,IE,quantile,0.2,1.287559580685454
2026-09-16,ILI incidence,2026-09-20,2,IE,quantile,0.25,1.3908096447286784
2026-09-16,ILI incidence,2026-09-20,2,IE,quantile,0.8,2.7968308650329545
2026-09-16,ILI incidence,2026-09-20,2,IE,quantile,0.75,2.5881504839038287
2026-09-16,ILI incidence,2026-09-20,2,IE,quantile,0.01,0.6603647587207983
2026-09-16,ILI incidence,2026-09-20,2,IE,quantile,0.15,1.178778236693541
2026-09-16,ILI incidence,2026-09-20,2,IE,quantile,0.3,1.4917576722885248
2026-09-16,ILI incidence,2026-09-20,2,IE,quantile,0.35,1.5906282106246978
2026-09-16,ILI incidence,2026-09-20,2,IE,quantile,0.4,1.6872740001741362
2026-09-16,ILI incidence,2026-09-20,2,IE,quantile,0.5,1.8960086315100284
2026-09-16,ILI incidence,2026-09-20,2,IE,quantile,0.025,0.7818286994154954
2026-09-16,ILI incidence,2026-09-20,2,IE,quantile,0.05,0.896088675649157
2026-09-16,ILI incidence,2026-09-20,2,IE,quantile,0.1,1.0563545987575658
2026-09-16,ILI incidence,2026-09-20,2,IE,quantile,0.7,2.4109360438894014
2026-09-16,ILI incidence,2026-09-20,2,IE,quantile,0.65,2.26816031179888
2026-09-16,ILI incidence,2026-09-20,2,IE,quantile,0.45,1.789642376282336
2026-09-16,ILI incidence,2026-09-20,2,IE,quantile,0.55,2.0134963423618615
2026-09-16,ILI incidence,2026-09-20,2,IE,quantile,0.6,2.128722902526994
2026-09-16,ILI incidence,2026-09-20,2,IE,median,NA,1.8960086315100284
2026-09-16,ILI incidence,2026-09-27,3,IE,quantile,0.7,1.4585620936108663
2026-09-16,ILI incidence,2026-09-27,3,IE,quantile,0.65,1.451556271619029
2026-09-16,ILI incidence,2026-09-27,3,IE,quantile,0.75,1.4664979626418906
2026-09-16,ILI incidence,2026-09-27,3,IE,quantile,0.8,1.4748112497167143
2026-09-16,ILI incidence,2026-09-27,3,IE,quantile,0.85,1.4843186286470915
2026-09-16,ILI incidence,2026-09-27,3,IE,quantile,0.6,1.4450359421095698
2026-09-16,ILI incidence,2026-09-27,3,IE,quantile,0.55,1.43833156105921
2026-09-16,ILI incidence,2026-09-27,3,IE,quantile,0.5,1.4322519655667452
2026-09-16,ILI incidence,2026-09-27,3,IE,quantile,0.9,1.497149322455805
2026-09-16,ILI incidence,2026-09-27,3,IE,quantile,0.95,1.5153963957079228
2026-09-16,ILI incidence,2026-09-27,3,IE,quantile,0.975,1.533849433722443
2026-09-16,ILI incidence,2026-09-27,3,IE,quantile,0.99,1.5524922344610523
2026-09-16,ILI incidence,2026-09-27,3,IE,quantile,0.35,1.4123268338738622
2026-09-16,ILI incidence,2026-09-27,3,IE,quantile,0.4,1.4190105265926896
2026-09-16,ILI incidence,2026-09-27,3,IE,quantile,0.45,1.4253137137417964
2026-09-16,ILI incidence,2026-09-27,3,IE,quantile,0.3,1.405167407862636
2026-09-16,ILI incidence,2026-09-27,3,IE,quantile,0.25,1.3977932444855297
2026-09-16,ILI incidence,2026-09-27,3,IE,quantile,0.2,1.3895439915006067
2026-09-16,ILI incidence,2026-09-27,3,IE,quantile,0.05,1.3515324028275375
2026-09-16,ILI incidence,2026-09-27,3,IE,quantile,0.1,1.3685187720705327
2026-09-16,ILI incidence,2026-09-27,3,IE,quantile,0.025,1.3361235618410556
2026-09-16,ILI incidence,2026-09-27,3,IE,quantile,0.15,1.3800054624806202
2026-09-16,ILI incidence,2026-09-27,3,IE,quantile,0.01,1.318638358308017
2026-09-16,ILI incidence,2026-09-27,3,IE,median,NA,1.4322519655667452
2026-09-16,ILI incidence,2026-10-04,4,IE,quantile,0.99,2.227068007837438
2026-09-16,ILI incidence,2026-10-04,4,IE,quantile,0.85,1.4290178309983923
2026-09-16,ILI incidence,2026-10-04,4,IE,quantile,0.35,0.8794310142063164
2026-09-16,ILI incidence,2026-10-04,4,IE,quantile,0.9,1.5465953829160677
2026-09-16,ILI incidence,2026-10-04,4,IE,quantile,0.95,1.7492780177073302
2026-09-16,ILI incidence,2026-10-04,4,IE,quantile,0.8,1.3393538179017324
2026-09-16,ILI incidence,2026-10-04,4,IE,quantile,0.25,0.7970578219876605
2026-09-16,ILI incidence,2026-10-04,4,IE,quantile,0.2,0.7539524478203125
2026-09-16,ILI incidence,2026-10-04,4,IE,quantile,0.1,0.6515407787148582
2026-09-16,ILI incidence,2026-10-04,4,IE,quantile,0.75,1.2604724972629064
2026-09-16,ILI incidence,2026-10-04,4,IE,quantile,0.15,0.7045946435268096
2026-09-16,ILI incidence,2026-10-04,4,IE,quantile,0.01,0.4544241191810957
2026-09-16,ILI incidence,2026-10-04,4,IE,quantile,0.3,0.8366154006201902
2026-09-16,ILI incidence,2026-10-04,4,IE,quantile,0.05,0.5770140626986956
2026-09-16,ILI incidence,2026-10-04,4,IE,quantile,0.025,0.5206207411505437
2026-09-16,ILI incidence,2026-10-04,4,IE,quantile,0.7,1.1963470972987378
2026-09-16,ILI incidence,2026-10-04,4,IE,quantile,0.975,1.965019509313667
2026-09-16,ILI incidence,2026-10-04,4,IE,quantile,0.6,1.0925239534041649
2026-09-16,ILI incidence,2026-10-04,4,IE,quantile,0.55,1.0455278083862931
2026-09-16,ILI incidence,2026-10-04,4,IE,quantile,0.65,1.1404811061919318
2026-09-16,ILI incidence,2026-10-04,4,IE,quantile,0.4,0.9165578847274508
2026-09-16,ILI incidence,2026-10-04,4,IE,quantile,0.5,1.0026578657201166
2026-09-16,ILI incidence,2026-10-04,4,IE,quantile,0.45,0.9600028328952072
2026-09-16,ILI incidence,2026-10-04,4,IE,median,NA,1.0026578657201166
2026-09-16,ILI incidence,2026-09-13,1,IS,quantile,0.975,1.1846995100166673
2026-09-16,ILI incidence,2026-09-13,1,IS,quantile,0.99,1.2750707403210733
2026-09-16,ILI incidence,2026-09-13,1,IS,quantile,0.8,0.974297508365215
2026-09-16,ILI incidence,2026-09-13,1,IS,quantile,0.7,0.9200965978079144
2026-09-16,ILI incidence,2026-09-13,1,IS,quantile,0.85,1.01062599806378
2026-09-16,ILI incidence,2026-09-13,1,IS,quantile,0.95,1.1236165053624492
2026-09-16,ILI incidence,2026-09-13,1,IS,quantile,0.6,0.8772130643901166
2026-09-16,ILI incidence,2026-09-13,1,IS,quantile,0.75,0.9459826046676596
2026-09-16,ILI incidence,2026-09-13,1,IS,quantile,0.65,0.89635517955412225
2026-09-16,ILI incidence,2026-09-13,1,IS,quantile,0.9,1.0544089213996002
2026-09-16,ILI incidence,2026-09-13,1,IS,quantile,0.55,0.8554694497347484
2026-09-16,ILI incidence,2026-09-13,1,IS,quantile,0.5,0.8370298862575571
2026-09-16,ILI incidence,2026-09-13,1,IS,quantile,0.45,0.8183692427724343
2026-09-16,ILI incidence,2026-09-13,1,IS,quantile,0.4,0.7998704474463046
2026-09-16,ILI incidence,2026-09-13,1,IS,quantile,0.15,0.6966203925163049
2026-09-16,ILI incidence,2026-09-13,1,IS,quantile,0.35,0.7818340838795866
2026-09-16,ILI incidence,2026-09-13,1,IS,quantile,0.1,0.6682277836527961
2026-09-16,ILI incidence,2026-09-13,1,IS,quantile,0.2,0.7219268299796039
2026-09-16,ILI incidence,2026-09-13,1,IS,quantile,0.01,0.5534538782389268
2026-09-16,ILI incidence,2026-09-13,1,IS,quantile,0.05,0.6281792447445499
2026-09-16,ILI incidence,2026-09-13,1,IS,quantile,0.3,0.7633093740935534
2026-09-16,ILI incidence,2026-09-13,1,IS,quantile,0.25,0.7431129543272267
2026-09-16,ILI incidence,2026-09-13,1,IS,quantile,0.025,0.5926401895903181
2026-09-16,ILI incidence,2026-09-13,1,IS,median,NA,0.8370298862575571
2026-09-16,ILI incidence,2026-09-20,2,IS,quantile,0.1,0.4561452967023924
2026-09-16,ILI incidence,2026-09-20,2,IS,quantile,0.9,1.0888745065936227
2026-09-16,ILI incidence,2026-09-20,2,IS,quantile,0.95,1.239061482946162
2026-09-16,ILI incidence,2026-09-20,2,IS,quantile,0.3,0.5906041981097587
2026-09-16,ILI incidence,2026-09-20,2,IS,quantile,0.65,0.8061446112500883
2026-09-16,ILI incidence,2026-09-20,2,IS,quantile,0.25,0.5610843637095635
2026-09-16,ILI incidence,2026-09-20,2,IS,quantile,0.99,1.556805035041186
2026-09-16,ILI incidence,2026-09-20,2,IS,quantile,0.975,1.3845278644624073
2026-09-16,ILI incidence,2026-09-20,2,IS,quantile,0.15,0.4940803121621787
2026-09-16,ILI incidence,2026-09-20,2,IS,quantile,0.2,0.5283286630425943
2026-09-16,ILI incidence,2026-09-20,2,IS,quantile,0.025,0.3630987396991452
2026-09-16,ILI incidence,2026-09-20,2,IS,quantile,0.7,0.8423511611111285
2026-09-16,ILI incidence,2026-09-20,2,IS,quantile,0.85,1.007003337994222
2026-09-16,ILI incidence,2026-09-20,2,IS,quantile,0.05,0.40397582398013415
2026-09-16,ILI incidence,2026-09-20,2,IS,quantile,0.75,0.8876578229119241
2026-09-16,ILI incidence,2026-09-20,2,IS,quantile,0.8,0.9422831959911512
2026-09-16,ILI incidence,2026-09-20,2,IS,quantile,0.6,0.7684279149045676
2026-09-16,ILI incidence,2026-09-20,2,IS,quantile,0.55,0.7366924166439837
2026-09-16,ILI incidence,2026-09-20,2,IS,quantile,0.5,0.7055255678295439
2026-09-16,ILI incidence,2026-09-20,2,IS,quantile,0.35,0.6183330824921153
2026-09-16,ILI incidence,2026-09-20,2,IS,quantile,0.4,0.6473944127747671
2026-09-16,ILI incidence,2026-09-20,2,IS,quantile,0.45,0.6747258361473596
2026-09-16,ILI incidence,2026-09-20,2,IS,quantile,0.01,0.31825049847851183
2026-09-16,ILI incidence,2026-09-20,2,IS,median,NA,0.7055255678295439
2026-09-16,ILI incidence,2026-09-27,3,IS,quantile,0.95,1.1231836606932055
2026-09-16,ILI incidence,2026-09-27,3,IS,quantile,0.99,1.2664811540667666
2026-09-16,ILI incidence,2026-09-27,3,IS,quantile,0.975,1.1871903732874485
2026-09-16,ILI incidence,2026-09-27,3,IS,quantile,0.25,0.740891456766384
2026-09-16,ILI incidence,2026-09-27,3,IS,quantile,0.9,1.0562557547777065
2026-09-16,ILI incidence,2026-09-27,3,IS,quantile,0.3,0.7619687753979223
2026-09-16,ILI incidence,2026-09-27,3,IS,quantile,0.8,0.9730562843644605
2026-09-16,ILI incidence,2026-09-27,3,IS,quantile,0.35,0.7822146943587801
2026-09-16,ILI incidence,2026-09-27,3,IS,quantile,0.75,0.9416370444690711
2026-09-16,ILI incidence,2026-09-27,3,IS,quantile,0.4,0.8019570347845423
2026-09-16,ILI incidence,2026-09-27,3,IS,quantile,0.2,0.7203403994048839
2026-09-16,ILI incidence,2026-09-27,3,IS,quantile,0.85,1.008805756997953
2026-09-16,ILI incidence,2026-09-27,3,IS,quantile,0.7,0.9172155884618842
2026-09-16,ILI incidence,2026-09-27,3,IS,quantile,0.15,0.6964949830381705
2026-09-16,ILI incidence,2026-09-27,3,IS,quantile,0.6,0.8733862664587906
2026-09-16,ILI incidence,2026-09-27,3,IS,quantile,0.45,0.8203020267217163
2026-09-16,ILI incidence,2026-09-27,3,IS,quantile,0.65,0.8935783861637232
2026-09-16,ILI incidence,2026-09-27,3,IS,quantile,0.1,0.6657169404332632
2026-09-16,ILI incidence,2026-09-27,3,IS,quantile,0.55,0.8548065923886916
2026-09-16,ILI incidence,2026-09-27,3,IS,quantile,0.5,0.837832093826034
2026-09-16,ILI incidence,2026-09-27,3,IS,quantile,0.05,0.6242160433102113
2026-09-16,ILI incidence,2026-09-27,3,IS,quantile,0.01,0.5545751111348296
2026-09-16,ILI incidence,2026-09-27,3,IS,quantile,0.025,0.5912656616871305
2026-09-16,ILI incidence,2026-09-27,3,IS,median,NA,0.837832093826034
2026-09-16,ILI incidence,2026-09-13,1,LT,quantile,0.05,1.37467751463997
2026-09-16,ILI incidence,2026-09-13,1,LT,quantile,0.025,1.25689849771892
2026-09-16,ILI incidence,2026-09-13,1,LT,quantile,0.01,1.128064495017159
2026-09-16,ILI incidence,2026-09-13,1,LT,quantile,0.1,1.5165019131861337
2026-09-16,ILI incidence,2026-09-13,1,LT,quantile,0.15,1.6409708336086786
2026-09-16,ILI incidence,2026-09-13,1,LT,quantile,0.25,1.8141399822019568
2026-09-16,ILI incidence,2026-09-13,1,LT,quantile,0.2,1.7273180813077793
2026-09-16,ILI incidence,2026-09-13,1,LT,quantile,0.3,1.8949863519714425
2026-09-16,ILI incidence,2026-09-13,1,LT,quantile,0.5,2.2185816319752485
2026-09-16,ILI incidence,2026-09-13,1,LT,quantile,0.99,4.408875244894907
2026-09-16,ILI incidence,2026-09-13,1,LT,quantile,0.45,2.138434464613395
2026-09-16,ILI incidence,2026-09-13,1,LT,quantile,0.975,3.956804685125264
2026-09-16,ILI incidence,2026-09-13,1,LT,quantile,0.55,2.2991386245698675
2026-09-16,ILI incidence,2026-09-13,1,LT,quantile,0.9,3.246923003178218
2026-09-16,ILI incidence,2026-09-13,1,LT,quantile,0.6,2.390390519651768
2026-09-16,ILI incidence,2026-09-13,1,LT,quantile,0.7,2.606833712044712
2026-09-16,ILI incidence,2026-09-13,1,LT,quantile,0.35,1.9778165958977123
2026-09-16,ILI incidence,2026-09-13,1,LT,quantile,0.65,2.485932497553162
2026-09-16,ILI incidence,2026-09-13,1,LT,quantile,0.4,2.0549656064032993
2026-09-16,ILI incidence,2026-09-13,1,LT,quantile,0.95,3.6391165453985224
2026-09-16,ILI incidence,2026-09-13,1,LT,quantile,0.75,2.7223267961386783
2026-09-16,ILI incidence,2026-09-13,1,LT,quantile,0.85,3.0288731003573393
2026-09-16,ILI incidence,2026-09-13,1,LT,quantile,0.8,2.854096931352142
2026-09-16,ILI incidence,2026-09-13,1,LT,median,NA,2.2185816319752485
2026-09-16,ILI incidence,2026-09-20,2,LT,quantile,0.99,5.369393755352074
2026-09-16,ILI incidence,2026-09-20,2,LT,quantile,0.95,4.432738230336816
2026-09-16,ILI incidence,2026-09-20,2,LT,quantile,0.975,4.838803634357241
2026-09-16,ILI incidence,2026-09-20,2,LT,quantile,0.85,3.7552434172042393
2026-09-16,ILI incidence,2026-09-20,2,LT,quantile,0.75,3.396037661039339
2026-09-16,ILI incidence,2026-09-20,2,LT,quantile,0.8,3.5605393069046687
2026-09-16,ILI incidence,2026-09-20,2,LT,quantile,0.45,2.7261784520535084
2026-09-16,ILI incidence,2026-09-20,2,LT,quantile,0.5,2.822226457505592
2026-09-16,ILI incidence,2026-09-20,2,LT,quantile,0.9,4.015608118800656
2026-09-16,ILI incidence,2026-09-20,2,LT,quantile,0.01,1.500570606137294
2026-09-16,ILI incidence,2026-09-20,2,LT,quantile,0.025,1.6683518617072663
2026-09-16,ILI incidence,2026-09-20,2,LT,quantile,0.05,1.8068235636956744
2026-09-16,ILI incidence,2026-09-20,2,LT,quantile,0.55,2.926582453565463
2026-09-16,ILI incidence,2026-09-20,2,LT,quantile,0.6,3.030146928941574
2026-09-16,ILI incidence,2026-09-20,2,LT,quantile,0.7,3.258456550950378
2026-09-16,ILI incidence,2026-09-20,2,LT,quantile,0.15,2.124474520187257
2026-09-16,ILI incidence,2026-09-20,2,LT,quantile,0.4,2.6337557576188706
2026-09-16,ILI incidence,2026-09-20,2,LT,quantile,0.35,2.542746229959359
2026-09-16,ILI incidence,2026-09-20,2,LT,quantile,0.3,2.4539751920903368
2026-09-16,ILI incidence,2026-09-20,2,LT,quantile,0.65,3.139289106454185
2026-09-16,ILI incidence,2026-09-20,2,LT,quantile,0.1,1.9913379931077049
2026-09-16,ILI incidence,2026-09-20,2,LT,quantile,0.2,2.2451055087793335
2026-09-16,ILI incidence,2026-09-20,2,LT,quantile,0.25,2.351617388200815
2026-09-16,ILI incidence,2026-09-20,2,LT,median,NA,2.822226457505592
2026-09-16,ILI incidence,2026-09-27,3,LT,quantile,0.3,1.8367623654183904
2026-09-16,ILI incidence,2026-09-27,3,LT,quantile,0.35,1.9587128429931775
2026-09-16,ILI incidence,2026-09-27,3,LT,quantile,0.4,2.0932655605306216
2026-09-16,ILI incidence,2026-09-27,3,LT,quantile,0.85,4.042017968486044
2026-09-16,ILI incidence,2026-09-27,3,LT,quantile,0.45,2.236528945464392
2026-09-16,ILI incidence,2026-09-27,3,LT,quantile,0.15,1.41622872552475
2026-09-16,ILI incidence,2026-09-27,3,LT,quantile,0.25,1.7020261269488164
2026-09-16,ILI incidence,2026-09-27,3,LT,quantile,0.75,3.3421493364642667
2026-09-16,ILI incidence,2026-09-27,3,LT,quantile,0.9,4.606967800128909
2026-09-16,ILI incidence,2026-09-27,3,LT,quantile,0.1,1.2427210815590568
2026-09-16,ILI incidence,2026-09-27,3,LT,quantile,0.5,2.388077611323374
2026-09-16,ILI incidence,2026-09-27,3,LT,quantile,0.975,6.443984831010463
2026-09-16,ILI incidence,2026-09-27,3,LT,quantile,0.95,5.51198593882706
2026-09-16,ILI incidence,2026-09-27,3,LT,quantile,0.55,2.550390292316472
2026-09-16,ILI incidence,2026-09-27,3,LT,quantile,0.8,3.633849613845677
2026-09-16,ILI incidence,2026-09-27,3,LT,quantile,0.99,7.818932749591364
2026-09-16,ILI incidence,2026-09-27,3,LT,quantile,0.2,1.5716565860837888
2026-09-16,ILI incidence,2026-09-27,3,LT,quantile,0.65,2.891451534905215
2026-09-16,ILI incidence,2026-09-27,3,LT,quantile,0.6,2.708085504957639
2026-09-16,ILI incidence,2026-09-27,3,LT,quantile,0.7,3.0966924636363364
2026-09-16,ILI incidence,2026-09-27,3,LT,quantile,0.05,1.0352290126899342
2026-09-16,ILI incidence,2026-09-27,3,LT,quantile,0.025,0.8835978543684166
2026-09-16,ILI incidence,2026-09-27,3,LT,quantile,0.01,0.7416162526613422
2026-09-16,ILI incidence,2026-09-27,3,LT,median,NA,2.388077611323374
2026-09-16,ILI incidence,2026-10-04,4,LT,quantile,0.65,2.841752347647998
2026-09-16,ILI incidence,2026-10-04,4,LT,quantile,0.55,2.480021735806548
2026-09-16,ILI incidence,2026-10-04,4,LT,quantile,0.4,2.050883790109023
2026-09-16,ILI incidence,2026-10-04,4,LT,quantile,0.5,2.33100164037801
2026-09-16,ILI incidence,2026-10-04,4,LT,quantile,0.7,3.056894335611014
2026-09-16,ILI incidence,2026-10-04,4,LT,quantile,0.6,2.653555353905707
2026-09-16,ILI incidence,2026-10-04,4,LT,quantile,0.75,3.3191600272067316
2026-09-16,ILI incidence,2026-10-04,4,LT,quantile,0.3,1.7789914590343052
2026-09-16,ILI incidence,2026-10-04,4,LT,quantile,0.45,2.186837397217087
2026-09-16,ILI incidence,2026-10-04,4,LT,quantile,0.35,1.909023901659936
2026-09-16,ILI incidence,2026-10-04,4,LT,quantile,0.8,3.595083896169621
2026-09-16,ILI incidence,2026-10-04,4,LT,quantile,0.85,3.9967283566823286
2026-09-16,ILI incidence,2026-10-04,4,LT,quantile,0.99,7.625022549066126
2026-09-16,ILI incidence,2026-10-04,4,LT,quantile,0.9,4.513132535231776
2026-09-16,ILI incidence,2026-10-04,4,LT,quantile,0.975,6.387989340765597
2026-09-16,ILI incidence,2026-10-04,4,LT,quantile,0.95,5.479256886321482
2026-09-16,ILI incidence,2026-10-04,4,LT,quantile,0.15,1.3553685286191128
2026-09-16,ILI incidence,2026-10-04,4,LT,quantile,0.2,1.506252108719275
2026-09-16,ILI incidence,2026-10-04,4,LT,quantile,0.25,1.6452017186747845
2026-09-16,ILI incidence,2026-10-04,4,LT,quantile,0.1,1.193408195725692
2026-09-16,ILI incidence,2026-10-04,4,LT,quantile,0.025,0.8358449871791178
2026-09-16,ILI incidence,2026-10-04,4,LT,quantile,0.05,0.9724342542729164
2026-09-16,ILI incidence,2026-10-04,4,LT,quantile,0.01,0.6999389046565044
2026-09-16,ILI incidence,2026-10-04,4,LT,median,NA,2.33100164037801
2026-09-16,ILI incidence,2026-09-20,2,LU,quantile,0.975,3659.6229192167298
2026-09-16,ILI incidence,2026-09-20,2,LU,quantile,0.95,2841.4247919840245
2026-09-16,ILI incidence,2026-09-20,2,LU,quantile,0.99,4718.2046115858675
2026-09-16,ILI incidence,2026-09-20,2,LU,quantile,0.2,489.194902700312
2026-09-16,ILI incidence,2026-09-20,2,LU,quantile,0.4,744.6243116827677
2026-09-16,ILI incidence,2026-09-20,2,LU,quantile,0.85,1874.142045212961
2026-09-16,ILI incidence,2026-09-20,2,LU,quantile,0.35,674.4655291227707
2026-09-16,ILI incidence,2026-09-20,2,LU,quantile,0.9,2207.9239595748804
2026-09-16,ILI incidence,2026-09-20,2,LU,quantile,0.15,421.43398020121055
2026-09-16,ILI incidence,2026-09-20,2,LU,quantile,0.1,355.5211990941751
2026-09-16,ILI incidence,2026-09-20,2,LU,quantile,0.25,552.4495779606827
2026-09-16,ILI incidence,2026-09-20,2,LU,quantile,0.8,1626.9621672693652
2026-09-16,ILI incidence,2026-09-20,2,LU,quantile,0.05,274.5213721778827
2026-09-16,ILI incidence,2026-09-20,2,LU,quantile,0.75,1443.0305403104453
2026-09-16,ILI incidence,2026-09-20,2,LU,quantile,0.025,215.18339036699308
2026-09-16,ILI incidence,2026-09-20,2,LU,quantile,0.01,160.18174318317466
2026-09-16,ILI incidence,2026-09-20,2,LU,quantile,0.6,1067.1673833337366
2026-09-16,ILI incidence,2026-09-20,2,LU,quantile,0.3,611.7827614235077
2026-09-16,ILI incidence,2026-09-20,2,LU,quantile,0.45,814.5690764975549
2026-09-16,ILI incidence,2026-09-20,2,LU,quantile,0.55,970.370449561287
2026-09-16,ILI incidence,2026-09-20,2,LU,quantile,0.7,1296.295523206123
2026-09-16,ILI incidence,2026-09-20,2,LU,quantile,0.65,1174.180431976412
2026-09-16,ILI incidence,2026-09-20,2,LU,quantile,0.5,888.8563680669039
2026-09-16,ILI incidence,2026-09-20,2,LU,median,NA,888.8563680669039
2026-09-16,ILI incidence,2026-09-13,1,MT,quantile,0.3,4997.287844084294
2026-09-16,ILI incidence,2026-09-13,1,MT,quantile,0.25,4694.279080544819
2026-09-16,ILI incidence,2026-09-13,1,MT,quantile,0.1,3705.173982666027
2026-09-16,ILI incidence,2026-09-13,1,MT,quantile,0.05,3237.600306396762
2026-09-16,ILI incidence,2026-09-13,1,MT,quantile,0.15,4079.390193723153
2026-09-16,ILI incidence,2026-09-13,1,MT,quantile,0.35,5282.806952423579
2026-09-16,ILI incidence,2026-09-13,1,MT,quantile,0.025,2855.842999530892
2026-09-16,ILI incidence,2026-09-13,1,MT,quantile,0.2,4392.348380642017
2026-09-16,ILI incidence,2026-09-13,1,MT,quantile,0.01,2448.9228504383323
2026-09-16,ILI incidence,2026-09-13,1,MT,quantile,0.95,11758.368283511754
2026-09-16,ILI incidence,2026-09-13,1,MT,quantile,0.975,13469.590690342337
2026-09-16,ILI incidence,2026-09-13,1,MT,quantile,0.85,9345.641425833192
2026-09-16,ILI incidence,2026-09-13,1,MT,quantile,0.9,10246.859553059116
2026-09-16,ILI incidence,2026-09-13,1,MT,quantile,0.99,15471.10273315006
2026-09-16,ILI incidence,2026-09-13,1,MT,quantile,0.8,8587.705626601466
2026-09-16,ILI incidence,2026-09-13,1,MT,quantile,0.7,7525.410070604155
2026-09-16,ILI incidence,2026-09-13,1,MT,quantile,0.4,5550.961687424598
2026-09-16,ILI incidence,2026-09-13,1,MT,quantile,0.45,5851.383828279944
2026-09-16,ILI incidence,2026-09-13,1,MT,quantile,0.55,6447.266862386998
2026-09-16,ILI incidence,2026-09-13,1,MT,quantile,0.75,8010.297232071973
2026-09-16,ILI incidence,2026-09-13,1,MT,quantile,0.6,6782.410629678579
2026-09-16,ILI incidence,2026-09-13,1,MT,quantile,0.65,7133.927539807694
2026-09-16,ILI incidence,2026-09-13,1,MT,quantile,0.5,6141.749827314605
2026-09-16,ILI incidence,2026-09-13,1,MT,median,NA,6141.749827314605
2026-09-16,ILI incidence,2026-09-20,2,MT,quantile,0.8,8100.164264848454
2026-09-16,ILI incidence,2026-09-20,2,MT,quantile,0.9,10132.16756776816
2026-09-16,ILI incidence,2026-09-20,2,MT,quantile,0.45,5067.878263266064
2026-09-16,ILI incidence,2026-09-20,2,MT,quantile,0.7,6901.90799098999
2026-09-16,ILI incidence,2026-09-20,2,MT,quantile,0.75,7427.557628224329
2026-09-16,ILI incidence,2026-09-20,2,MT,quantile,0.85,8912.07064469381
2026-09-16,ILI incidence,2026-09-20,2,MT,quantile,0.5,5368.633988794274
2026-09-16,ILI incidence,2026-09-20,2,MT,quantile,0.65,6460.3925769491925
2026-09-16,ILI incidence,2026-09-20,2,MT,quantile,0.6,6084.52669341506
2026-09-16,ILI incidence,2026-09-20,2,MT,quantile,0.95,11966.225842068314
2026-09-16,ILI incidence,2026-09-20,2,MT,quantile,0.35,4476.776595003904
2026-09-16,ILI incidence,2026-09-20,2,MT,quantile,0.4,4765.891174953833
2026-09-16,ILI incidence,2026-09-20,2,MT,quantile,0.55,5700.646109444534
2026-09-16,ILI incidence,2026-09-20,2,MT,quantile,0.975,13741.037174291556
2026-09-16,ILI incidence,2026-09-20,2,MT,quantile,0.2,3606.1271223959698
2026-09-16,ILI incidence,2026-09-20,2,MT,quantile,0.25,3897.039666827922
2026-09-16,ILI incidence,2026-09-20,2,MT,quantile,0.3,4192.1755626062195
2026-09-16,ILI incidence,2026-09-20,2,MT,quantile,0.025,2089.5945204477175
2026-09-16,ILI incidence,2026-09-20,2,MT,quantile,0.99,16284.45482550414
2026-09-16,ILI incidence,2026-09-20,2,MT,quantile,0.1,2901.0183262128157
2026-09-16,ILI incidence,2026-09-20,2,MT,quantile,0.01,1778.848975137382
2026-09-16,ILI incidence,2026-09-20,2,MT,quantile,0.05,2420.0189121163694
2026-09-16,ILI incidence,2026-09-20,2,MT,quantile,0.15,3271.3936538928183
2026-09-16,ILI incidence,2026-09-20,2,MT,median,NA,5368.633988794274
2026-09-16,ILI incidence,2026-09-27,3,MT,quantile,0.8,7742.117715096691
2026-09-16,ILI incidence,2026-09-27,3,MT,quantile,0.9,9500.68481968325
2026-09-16,ILI incidence,2026-09-27,3,MT,quantile,0.85,8461.551610401322
2026-09-16,ILI incidence,2026-09-27,3,MT,quantile,0.75,7169.729328097563
2026-09-16,ILI incidence,2026-09-27,3,MT,quantile,0.65,6268.333751808881
2026-09-16,ILI incidence,2026-09-27,3,MT,quantile,0.6,5937.462369177924
2026-09-16,ILI incidence,2026-09-27,3,MT,quantile,0.7,6661.496468771803
2026-09-16,ILI incidence,2026-09-27,3,MT,quantile,0.975,13167.946915656596
2026-09-16,ILI incidence,2026-09-27,3,MT,quantile,0.95,11198.522946486915
2026-09-16,ILI incidence,2026-09-27,3,MT,quantile,0.99,16045.519136692128
2026-09-16,ILI incidence,2026-09-27,3,MT,quantile,0.55,5603.280467218444
2026-09-16,ILI incidence,2026-09-27,3,MT,quantile,0.025,2086.5634716412965
2026-09-16,ILI incidence,2026-09-27,3,MT,quantile,0.5,5267.665024263644
2026-09-16,ILI incidence,2026-09-27,3,MT,quantile,0.01,1808.1456139126017
2026-09-16,ILI incidence,2026-09-27,3,MT,quantile,0.3,4100.638898998139
2026-09-16,ILI incidence,2026-09-27,3,MT,quantile,0.35,4380.413693417218
2026-09-16,ILI incidence,2026-09-27,3,MT,quantile,0.45,4955.581268604676
2026-09-16,ILI incidence,2026-09-27,3,MT,quantile,0.4,4676.750918354426
2026-09-16,ILI incidence,2026-09-27,3,MT,quantile,0.05,2422.643496572199
2026-09-16,ILI incidence,2026-09-27,3,MT,quantile,0.1,2877.795993644475
2026-09-16,ILI incidence,2026-09-27,3,MT,quantile,0.15,3212.039572654844
2026-09-16,ILI incidence,2026-09-27,3,MT,quantile,0.2,3547.6641324373486
2026-09-16,ILI incidence,2026-09-27,3,MT,quantile,0.25,3831.585426901493
2026-09-16,ILI incidence,2026-09-27,3,MT,median,NA,5267.665024263644
2026-09-16,ILI incidence,2026-10-04,4,MT,quantile,0.7,7307.89441856634
2026-09-16,ILI incidence,2026-10-04,4,MT,quantile,0.8,8469.19604126333
2026-09-16,ILI incidence,2026-10-04,4,MT,quantile,0.9,10302.293139418667
2026-09-16,ILI incidence,2026-10-04,4,MT,quantile,0.75,7855.822573867743
2026-09-16,ILI incidence,2026-10-04,4,MT,quantile,0.85,9240.87112788188
2026-09-16,ILI incidence,2026-10-04,4,MT,quantile,0.01,1948.878064936344
2026-09-16,ILI incidence,2026-10-04,4,MT,quantile,0.15,3575.6503267196613
2026-09-16,ILI incidence,2026-10-04,4,MT,quantile,0.6,6451.309626861879
2026-09-16,ILI incidence,2026-10-04,4,MT,quantile,0.65,6845.879475086911
2026-09-16,ILI incidence,2026-10-04,4,MT,quantile,0.95,12022.388111832948
2026-09-16,ILI incidence,2026-10-04,4,MT,quantile,0.025,2360.8496530126477
2026-09-16,ILI incidence,2026-10-04,4,MT,quantile,0.1,3207.81856643426
2026-09-16,ILI incidence,2026-10-04,4,MT,quantile,0.975,13736.36620111757
2026-09-16,ILI incidence,2026-10-04,4,MT,quantile,0.05,2751.4158937964276
2026-09-16,ILI incidence,2026-10-04,4,MT,quantile,0.5,5737.017984088125
2026-09-16,ILI incidence,2026-10-04,4,MT,quantile,0.55,6088.994228472213
2026-09-16,ILI incidence,2026-10-04,4,MT,quantile,0.25,4231.289784127842
2026-09-16,ILI incidence,2026-10-04,4,MT,quantile,0.45,5425.862629210198
2026-09-16,ILI incidence,2026-10-04,4,MT,quantile,0.99,16386.32106287474
2026-09-16,ILI incidence,2026-10-04,4,MT,quantile,0.4,5125.169490840096
2026-09-16,ILI incidence,2026-10-04,4,MT,quantile,0.3,4528.242144075696
2026-09-16,ILI incidence,2026-10-04,4,MT,quantile,0.2,3921.133523752326
2026-09-16,ILI incidence,2026-10-04,4,MT,quantile,0.35,4836.616609273752
2026-09-16,ILI incidence,2026-10-04,4,MT,median,NA,5737.017984088125
2026-09-16,ILI incidence,2026-09-13,1,NO,quantile,0.975,11.484963019913078
2026-09-16,ILI incidence,2026-09-13,1,NO,quantile,0.99,11.784963385604534
2026-09-16,ILI incidence,2026-09-13,1,NO,quantile,0.95,11.24090994767727
2026-09-16,ILI incidence,2026-09-13,1,NO,quantile,0.75,10.527089182334166
2026-09-16,ILI incidence,2026-09-13,1,NO,quantile,0.3,9.720993419880434
2026-09-16,ILI incidence,2026-09-13,1,NO,quantile,0.9,10.977873125999873
2026-09-16,ILI incidence,2026-09-13,1,NO,quantile,0.85,10.784103943719243
2026-09-16,ILI incidence,2026-09-13,1,NO,quantile,0.8,10.641989850238236
2026-09-16,ILI incidence,2026-09-13,1,NO,quantile,0.2,9.516680372803789
2026-09-16,ILI incidence,2026-09-13,1,NO,quantile,0.25,9.621836314083936
2026-09-16,ILI incidence,2026-09-13,1,NO,quantile,0.15,9.399200429372016
2026-09-16,ILI incidence,2026-09-13,1,NO,quantile,0.1,9.252699581298568
2026-09-16,ILI incidence,2026-09-13,1,NO,quantile,0.35,9.805134338324391
2026-09-16,ILI incidence,2026-09-13,1,NO,quantile,0.45,9.969469609485447
2026-09-16,ILI incidence,2026-09-13,1,NO,quantile,0.5,10.058241650613748
2026-09-16,ILI incidence,2026-09-13,1,NO,quantile,0.4,9.88672000194675
2026-09-16,ILI incidence,2026-09-13,1,NO,quantile,0.05,9.029695830834417
2026-09-16,ILI incidence,2026-09-13,1,NO,quantile,0.55,10.14392823048457
2026-09-16,ILI incidence,2026-09-13,1,NO,quantile,0.6,10.232485753385172
2026-09-16,ILI incidence,2026-09-13,1,NO,quantile,0.01,8.622071887697619
2026-09-16,ILI incidence,2026-09-13,1,NO,quantile,0.025,8.857579309115048
2026-09-16,ILI incidence,2026-09-13,1,NO,quantile,0.65,10.32346743256967
2026-09-16,ILI incidence,2026-09-13,1,NO,quantile,0.7,10.423922926495242
2026-09-16,ILI incidence,2026-09-13,1,NO,median,NA,10.058241650613748
2026-09-16,ILI incidence,2026-09-20,2,NO,quantile,0.01,6.640918510689588
2026-09-16,ILI incidence,2026-09-20,2,NO,quantile,0.025,6.869958334518038
2026-09-16,ILI incidence,2026-09-20,2,NO,quantile,0.05,7.029828660681097
2026-09-16,ILI incidence,2026-09-20,2,NO,quantile,0.1,7.247686875138139
2026-09-16,ILI incidence,2026-09-20,2,NO,quantile,0.15,7.388195795131419
2026-09-16,ILI incidence,2026-09-20,2,NO,quantile,0.99,9.710209962924829
2026-09-16,ILI incidence,2026-09-20,2,NO,quantile,0.975,9.436231515324872
2026-09-16,ILI incidence,2026-09-20,2,NO,quantile,0.95,9.184404848605014
2026-09-16,ILI incidence,2026-09-20,2,NO,quantile,0.2,7.504111502453423
2026-09-16,ILI incidence,2026-09-20,2,NO,quantile,0.25,7.608221846212204
2026-09-16,ILI incidence,2026-09-20,2,NO,quantile,0.3,7.702198733496862
2026-09-16,ILI incidence,2026-09-20,2,NO,quantile,0.9,8.910947518703752
2026-09-16,ILI incidence,2026-09-20,2,NO,quantile,0.8,8.605978535197206
2026-09-16,ILI incidence,2026-09-20,2,NO,quantile,0.45,7.959209577275491
2026-09-16,ILI incidence,2026-09-20,2,NO,quantile,0.55,8.118470939952298
2026-09-16,ILI incidence,2026-09-20,2,NO,quantile,0.75,8.497250038799063
2026-09-16,ILI incidence,2026-09-20,2,NO,quantile,0.85,8.730815417125031
2026-09-16,ILI incidence,2026-09-20,2,NO,quantile,0.4,7.880343695151474
2026-09-16,ILI incidence,2026-09-20,2,NO,quantile,0.7,8.390171502757365
2026-09-16,ILI incidence,2026-09-20,2,NO,quantile,0.35,7.790428747897804
2026-09-16,ILI incidence,2026-09-20,2,NO,quantile,0.5,8.040154544868008
2026-09-16,ILI incidence,2026-09-20,2,NO,quantile,0.65,8.29507549862899
2026-09-16,ILI incidence,2026-09-20,2,NO,quantile,0.6,8.206819042461293
2026-09-16,ILI incidence,2026-09-20,2,NO,median,NA,8.040154544868008
2026-09-16,ILI incidence,2026-09-27,3,NO,quantile,0.65,8.259313804090857
2026-09-16,ILI incidence,2026-09-27,3,NO,quantile,0.01,6.044302800535985
2026-09-16,ILI incidence,2026-09-27,3,NO,quantile,0.6,8.137067996961429
2026-09-16,ILI incidence,2026-09-27,3,NO,quantile,0.05,6.522686157419532
2026-09-16,ILI incidence,2026-09-27,3,NO,quantile,0.25,7.303316457872864
2026-09-16,ILI incidence,2026-09-27,3,NO,quantile,0.2,7.151590721217824
2026-09-16,ILI incidence,2026-09-27,3,NO,quantile,0.7,8.395093311501986
2026-09-16,ILI incidence,2026-09-27,3,NO,quantile,0.15,6.996947164562063
2026-09-16,ILI incidence,2026-09-27,3,NO,quantile,0.025,6.295285033023066
2026-09-16,ILI incidence,2026-09-27,3,NO,quantile,0.1,6.793915778814383
2026-09-16,ILI incidence,2026-09-27,3,NO,quantile,0.3,7.435088867056753
2026-09-16,ILI incidence,2026-09-27,3,NO,quantile,0.55,8.018581531311865
2026-09-16,ILI incidence,2026-09-27,3,NO,quantile,0.75,8.548256204693361
2026-09-16,ILI incidence,2026-09-27,3,NO,quantile,0.4,7.662727644608756
2026-09-16,ILI incidence,2026-09-27,3,NO,quantile,0.99,10.403560829366658
2026-09-16,ILI incidence,2026-09-27,3,NO,quantile,0.975,9.956995177177705
2026-09-16,ILI incidence,2026-09-27,3,NO,quantile,0.35,7.557767867062932
2026-09-16,ILI incidence,2026-09-27,3,NO,quantile,0.85,8.911460914777779
2026-09-16,ILI incidence,2026-09-27,3,NO,quantile,0.8,8.71478199289053
2026-09-16,ILI incidence,2026-09-27,3,NO,quantile,0.95,9.56365685790624
2026-09-16,ILI incidence,2026-09-27,3,NO,quantile,0.5,7.9021270630270255
2026-09-16,ILI incidence,2026-09-27,3,NO,quantile,0.45,7.782173953256893
2026-09-16,ILI incidence,2026-09-27,3,NO,quantile,0.9,9.16648411647492
2026-09-16,ILI incidence,2026-09-27,3,NO,median,NA,7.9021270630270255
2026-09-16,ILI incidence,2026-10-04,4,NO,quantile,0.55,7.1879398882083425
2026-09-16,ILI incidence,2026-10-04,4,NO,quantile,0.975,10.59778504972668
2026-09-16,ILI incidence,2026-10-04,4,NO,quantile,0.8,8.394460805507848
2026-09-16,ILI incidence,2026-10-04,4,NO,quantile,0.85,8.737121621069068
2026-09-16,ILI incidence,2026-10-04,4,NO,quantile,0.9,9.234988974649642
2026-09-16,ILI incidence,2026-10-04,4,NO,quantile,0.99,11.421846640329852
2026-09-16,ILI incidence,2026-10-04,4,NO,quantile,0.01,4.239318371298745
2026-09-16,ILI incidence,2026-10-04,4,NO,quantile,0.025,4.592613519682555
2026-09-16,ILI incidence,2026-10-04,4,NO,quantile,0.05,4.958658345051655
2026-09-16,ILI incidence,2026-10-04,4,NO,quantile,0.3,6.281832451755202
2026-09-16,ILI incidence,2026-10-04,4,NO,quantile,0.45,6.841839969916242
2026-09-16,ILI incidence,2026-10-04,4,NO,quantile,0.5,7.0122895725889824
2026-09-16,ILI incidence,2026-10-04,4,NO,quantile,0.6,7.405842533066684
2026-09-16,ILI incidence,2026-10-04,4,NO,quantile,0.95,9.952416781519764
2026-09-16,ILI incidence,2026-10-04,4,NO,quantile,0.1,5.339199480289231
2026-09-16,ILI incidence,2026-10-04,4,NO,quantile,0.35,6.471373533186924
2026-09-16,ILI incidence,2026-10-04,4,NO,quantile,0.65,7.598376801715769
2026-09-16,ILI incidence,2026-10-04,4,NO,quantile,0.7,7.82558050204745
2026-09-16,ILI incidence,2026-10-04,4,NO,quantile,0.15,5.632292884661844
2026-09-16,ILI incidence,2026-10-04,4,NO,quantile,0.4,6.651507595585107
2026-09-16,ILI incidence,2026-10-04,4,NO,quantile,0.2,5.8793306705250385
2026-09-16,ILI incidence,2026-10-04,4,NO,quantile,0.25,6.089398972413473
2026-09-16,ILI incidence,2026-10-04,4,NO,quantile,0.75,8.0832358947486
2026-09-16,ILI incidence,2026-10-04,4,NO,median,NA,7.0122895725889824
2026-09-16,ILI incidence,2026-09-13,1,SI,quantile,0.35,3.183821689193292e-4
2026-09-16,ILI incidence,2026-09-13,1,SI,quantile,0.4,4.076447488987919e-4
2026-09-16,ILI incidence,2026-09-13,1,SI,quantile,0.5,6.600205497679856e-4
2026-09-16,ILI incidence,2026-09-13,1,SI,quantile,0.45,5.14560137880337e-4
2026-09-16,ILI incidence,2026-09-13,1,SI,quantile,0.3,2.459562319535586e-4
2026-09-16,ILI incidence,2026-09-13,1,SI,quantile,0.25,1.826268813657231e-4
2026-09-16,ILI incidence,2026-09-13,1,SI,quantile,0.55,8.305168348330544e-4
2026-09-16,ILI incidence,2026-09-13,1,SI,quantile,0.6,0.00105867109553557
2026-09-16,ILI incidence,2026-09-13,1,SI,quantile,0.65,0.00136076887675096
2026-09-16,ILI incidence,2026-09-13,1,SI,quantile,0.7,0.00174559565527932
2026-09-16,ILI incidence,2026-09-13,1,SI,quantile,0.75,0.00231782766777876
2026-09-16,ILI incidence,2026-09-13,1,SI,quantile,0.8,0.0031714998683413
2026-09-16,ILI incidence,2026-09-13,1,SI,quantile,0.975,0.02428034990206834
2026-09-16,ILI incidence,2026-09-13,1,SI,quantile,0.99,0.04940163424197833
2026-09-16,ILI incidence,2026-09-13,1,SI,quantile,0.2,1.3513243325649594e-4
2026-09-16,ILI incidence,2026-09-13,1,SI,quantile,0.85,0.00459024228816443
2026-09-16,ILI incidence,2026-09-13,1,SI,quantile,0.9,0.0071172262412905
2026-09-16,ILI incidence,2026-09-13,1,SI,quantile,0.95,0.01380134930529552
2026-09-16,ILI incidence,2026-09-13,1,SI,quantile,0.1,5.852641458348192e-5
2026-09-16,ILI incidence,2026-09-13,1,SI,quantile,0.15,9.373013074954263e-5
2026-09-16,ILI incidence,2026-09-13,1,SI,quantile,0.01,8.144716706407635e-6
2026-09-16,ILI incidence,2026-09-13,1,SI,quantile,0.025,1.7001063444262124e-5
2026-09-16,ILI incidence,2026-09-13,1,SI,quantile,0.05,2.993652493874496e-5
2026-09-16,ILI incidence,2026-09-13,1,SI,median,NA,6.600205497679856e-4
2026-09-16,ILI incidence,2026-10-04,4,SI,quantile,0.99,0.0613355201480563
2026-09-16,ILI incidence,2026-10-04,4,SI,quantile,0.75,0.00271248482116381
2026-09-16,ILI incidence,2026-10-04,4,SI,quantile,0.8,0.00368754486677173
2026-09-16,ILI incidence,2026-10-04,4,SI,quantile,0.9,0.00867537622347619
2026-09-16,ILI incidence,2026-10-04,4,SI,quantile,0.85,0.00533096510443772
2026-09-16,ILI incidence,2026-10-04,4,SI,quantile,0.95,0.01736986684868521
2026-09-16,ILI incidence,2026-10-04,4,SI,quantile,0.975,0.03062059616757086
2026-09-16,ILI incidence,2026-10-04,4,SI,quantile,0.7,0.0021204869705263
2026-09-16,ILI incidence,2026-10-04,4,SI,quantile,0.35,3.8420008555523766e-4
2026-09-16,ILI incidence,2026-10-04,4,SI,quantile,0.4,4.929833053320075e-4
2026-09-16,ILI incidence,2026-10-04,4,SI,quantile,0.45,6.174060244419283e-4
2026-09-16,ILI incidence,2026-10-04,4,SI,quantile,0.5,7.871853118637327e-4
2026-09-16,ILI incidence,2026-10-04,4,SI,quantile,0.55,9.993504107755156e-4
2026-09-16,ILI incidence,2026-10-04,4,SI,quantile,0.6,0.00128854071555381
2026-09-16,ILI incidence,2026-10-04,4,SI,quantile,0.65,0.00163085619550193
2026-09-16,ILI incidence,2026-10-04,4,SI,quantile,0.01,1.1297072564301e-5
2026-09-16,ILI incidence,2026-10-04,4,SI,quantile,0.025,2.012133026306992e-5
2026-09-16,ILI incidence,2026-10-04,4,SI,quantile,0.05,3.67751011569498e-5
2026-09-16,ILI incidence,2026-10-04,4,SI,quantile,0.1,7.151982170858353e-5
2026-09-16,ILI incidence,2026-10-04,4,SI,quantile,0.15,1.1091775809650416e-4
2026-09-16,ILI incidence,2026-10-04,4,SI,quantile,0.3,2.9711338822825683e-4
2026-09-16,ILI incidence,2026-10-04,4,SI,quantile,0.25,2.2371871515110907e-4
2026-09-16,ILI incidence,2026-10-04,4,SI,quantile,0.2,1.6069748964496038e-4
2026-09-16,ILI incidence,2026-10-04,4,SI,median,NA,7.871853118637327e-4
2026-09-16,ARI incidence,2026-09-13,1,BE,quantile,0.99,670.2182636151795
2026-09-16,ARI incidence,2026-09-13,1,BE,quantile,0.975,634.6816915370536
2026-09-16,ARI incidence,2026-09-13,1,BE,quantile,0.95,606.8420204620842
2026-09-16,ARI incidence,2026-09-13,1,BE,quantile,0.9,575.772173244405
2026-09-16,ARI incidence,2026-09-13,1,BE,quantile,0.05,388.7721695116681
2026-09-16,ARI incidence,2026-09-13,1,BE,quantile,0.1,408.82350579706986
2026-09-16,ARI incidence,2026-09-13,1,BE,quantile,0.2,432.17177041400873
2026-09-16,ARI incidence,2026-09-13,1,BE,quantile,0.15,421.4980753038351
2026-09-16,ARI incidence,2026-09-13,1,BE,quantile,0.35,459.184057488185
2026-09-16,ARI incidence,2026-09-13,1,BE,quantile,0.25,442.29279450316943
2026-09-16,ARI incidence,2026-09-13,1,BE,quantile,0.85,557.0453164147839
2026-09-16,ARI incidence,2026-09-13,1,BE,quantile,0.8,542.6139985726313
2026-09-16,ARI incidence,2026-09-13,1,BE,quantile,0.3,451.13970856389744
2026-09-16,ARI incidence,2026-09-13,1,BE,quantile,0.65,509.7744485144556
2026-09-16,ARI incidence,2026-09-13,1,BE,quantile,0.75,530.3443267554827
2026-09-16,ARI incidence,2026-09-13,1,BE,quantile,0.025,372.5408414403399
2026-09-16,ARI incidence,2026-09-13,1,BE,quantile,0.7,519.6931319688032
2026-09-16,ARI incidence,2026-09-13,1,BE,quantile,0.01,354.8203749080066
2026-09-16,ARI incidence,2026-09-13,1,BE,quantile,0.55,492.37343214485975
2026-09-16,ARI incidence,2026-09-13,1,BE,quantile,0.4,467.6861518502325
2026-09-16,ARI incidence,2026-09-13,1,BE,quantile,0.6,500.9907493757129
2026-09-16,ARI incidence,2026-09-13,1,BE,quantile,0.45,475.9743782433868
2026-09-16,ARI incidence,2026-09-13,1,BE,quantile,0.5,484.28600522348984
2026-09-16,ARI incidence,2026-09-13,1,BE,median,NA,484.28600522348984
2026-09-16,ARI incidence,2026-09-20,2,BE,quantile,0.3,377.55983067734496
2026-09-16,ARI incidence,2026-09-20,2,BE,quantile,0.2,352.77967374732674
2026-09-16,ARI incidence,2026-09-20,2,BE,quantile,0.25,365.58286090806814
2026-09-16,ARI incidence,2026-09-20,2,BE,quantile,0.01,258.4015779077532
2026-09-16,ARI incidence,2026-09-20,2,BE,quantile,0.025,280.1279533826713
2026-09-16,ARI incidence,2026-09-20,2,BE,quantile,0.15,338.7790919612877
2026-09-16,ARI incidence,2026-09-20,2,BE,quantile,0.05,297.4838606422284
2026-09-16,ARI incidence,2026-09-20,2,BE,quantile,0.1,320.9700381155095
2026-09-16,ARI incidence,2026-09-20,2,BE,quantile,0.8,502.95367662381295
2026-09-16,ARI incidence,2026-09-20,2,BE,quantile,0.85,523.7798022366627
2026-09-16,ARI incidence,2026-09-20,2,BE,quantile,0.45,411.6899214057933
2026-09-16,ARI incidence,2026-09-20,2,BE,quantile,0.55,433.8577051510376
2026-09-16,ARI incidence,2026-09-20,2,BE,quantile,0.6,444.3359664054234
2026-09-16,ARI incidence,2026-09-20,2,BE,quantile,0.65,456.2767905902323
2026-09-16,ARI incidence,2026-09-20,2,BE,quantile,0.7,469.57119685854144
2026-09-16,ARI incidence,2026-09-20,2,BE,quantile,0.5,422.45038344742625
2026-09-16,ARI incidence,2026-09-20,2,BE,quantile,0.75,485.27571545494834
2026-09-16,ARI incidence,2026-09-20,2,BE,quantile,0.9,551.8359121271753
2026-09-16,ARI incidence,2026-09-20,2,BE,quantile,0.99,697.2074277866083
2026-09-16,ARI incidence,2026-09-20,2,BE,quantile,0.4,400.1983723958723
2026-09-16,ARI incidence,2026-09-20,2,BE,quantile,0.35,389.3245475158551
2026-09-16,ARI incidence,2026-09-20,2,BE,quantile,0.975,645.9588781766064
2026-09-16,ARI incidence,2026-09-20,2,BE,quantile,0.95,599.1585235597516
2026-09-16,ARI incidence,2026-09-20,2,BE,median,NA,422.45038344742625
2026-09-16,ARI incidence,2026-09-27,3,BE,quantile,0.9,446.6940313577246
2026-09-16,ARI incidence,2026-09-27,3,BE,quantile,0.95,459.2921451355256
2026-09-16,ARI incidence,2026-09-27,3,BE,quantile,0.975,472.23648167831226
2026-09-16,ARI incidence,2026-09-27,3,BE,quantile,0.99,487.9649826359301
2026-09-16,ARI incidence,2026-09-27,3,BE,quantile,0.01,333.99984630046237
2026-09-16,ARI incidence,2026-09-27,3,BE,quantile,0.025,343.6837682587012
2026-09-16,ARI incidence,2026-09-27,3,BE,quantile,0.05,353.3445443428451
2026-09-16,ARI incidence,2026-09-27,3,BE,quantile,0.1,363.353394462941
2026-09-16,ARI incidence,2026-09-27,3,BE,quantile,0.7,419.9932931630665
2026-09-16,ARI incidence,2026-09-27,3,BE,quantile,0.75,425.3828843579897
2026-09-16,ARI incidence,2026-09-27,3,BE,quantile,0.15,370.7785583220314
2026-09-16,ARI incidence,2026-09-27,3,BE,quantile,0.25,381.1970007909195
2026-09-16,ARI incidence,2026-09-27,3,BE,quantile,0.3,385.6411361712088
2026-09-16,ARI incidence,2026-09-27,3,BE,quantile,0.2,376.2875855973686
2026-09-16,ARI incidence,2026-09-27,3,BE,quantile,0.8,431.232903545406
2026-09-16,ARI incidence,2026-09-27,3,BE,quantile,0.35,389.81101791169647
2026-09-16,ARI incidence,2026-09-27,3,BE,quantile,0.4,394.1530301312848
2026-09-16,ARI incidence,2026-09-27,3,BE,quantile,0.65,415.36488069640814
2026-09-16,ARI incidence,2026-09-27,3,BE,quantile,0.85,438.2736938834764
2026-09-16,ARI incidence,2026-09-27,3,BE,quantile,0.6,411.08118613694967
2026-09-16,ARI incidence,2026-09-27,3,BE,quantile,0.5,403.2896688161488
2026-09-16,ARI incidence,2026-09-27,3,BE,quantile,0.55,407.2350675701751
2026-09-16,ARI incidence,2026-09-27,3,BE,quantile,0.45,398.478188094533
2026-09-16,ARI incidence,2026-09-27,3,BE,median,NA,403.2896688161488
2026-09-16,ARI incidence,2026-10-04,4,BE,quantile,0.25,338.12595323122883
2026-09-16,ARI incidence,2026-10-04,4,BE,quantile,0.2,325.84443858233203
2026-09-16,ARI incidence,2026-10-04,4,BE,quantile,0.1,292.6993805370075
2026-09-16,ARI incidence,2026-10-04,4,BE,quantile,0.15,311.27496572712204
2026-09-16,ARI incidence,2026-10-04,4,BE,quantile,0.05,267.5178921197736
2026-09-16,ARI incidence,2026-10-04,4,BE,quantile,0.025,247.7872664455321
2026-09-16,ARI incidence,2026-10-04,4,BE,quantile,0.65,431.7298196805221
2026-09-16,ARI incidence,2026-10-04,4,BE,quantile,0.55,407.0452965353702
2026-09-16,ARI incidence,2026-10-04,4,BE,quantile,0.6,418.7268925345254
2026-09-16,ARI incidence,2026-10-04,4,BE,quantile,0.5,394.5693300862085
2026-09-16,ARI incidence,2026-10-04,4,BE,quantile,0.35,361.1824629252344
2026-09-16,ARI incidence,2026-10-04,4,BE,quantile,0.7,445.47368073800953
2026-09-16,ARI incidence,2026-10-04,4,BE,quantile,0.75,460.5255069347465
2026-09-16,ARI incidence,2026-10-04,4,BE,quantile,0.8,477.93791226009137
2026-09-16,ARI incidence,2026-10-04,4,BE,quantile,0.85,502.1612082081367
2026-09-16,ARI incidence,2026-10-04,4,BE,quantile,0.9,533.3039357074646
2026-09-16,ARI incidence,2026-10-04,4,BE,quantile,0.3,349.84808515932417
2026-09-16,ARI incidence,2026-10-04,4,BE,quantile,0.4,372.277274483631
2026-09-16,ARI incidence,2026-10-04,4,BE,quantile,0.45,383.7578139323466
2026-09-16,ARI incidence,2026-10-04,4,BE,quantile,0.975,628.5995166601924
2026-09-16,ARI incidence,2026-10-04,4,BE,quantile,0.99,688.8174406297196
2026-09-16,ARI incidence,2026-10-04,4,BE,quantile,0.95,580.5499607601879
2026-09-16,ARI incidence,2026-10-04,4,BE,quantile,0.01,228.3385601429586
2026-09-16,ARI incidence,2026-10-04,4,BE,median,NA,394.5693300862085
2026-09-16,ARI incidence,2026-09-13,1,BG,quantile,0.01,137.1523424583504
2026-09-16,ARI incidence,2026-09-13,1,BG,quantile,0.025,145.76953595403458
2026-09-16,ARI incidence,2026-09-13,1,BG,quantile,0.05,154.27046689681404
2026-09-16,ARI incidence,2026-09-13,1,BG,quantile,0.1,163.13628197627912
2026-09-16,ARI incidence,2026-09-13,1,BG,quantile,0.2,174.89291288357686
2026-09-16,ARI incidence,2026-09-13,1,BG,quantile,0.25,179.3217717554936
2026-09-16,ARI incidence,2026-09-13,1,BG,quantile,0.6,207.72836802928572
2026-09-16,ARI incidence,2026-09-13,1,BG,quantile,0.15,169.6706714068145
2026-09-16,ARI incidence,2026-09-13,1,BG,quantile,0.45,195.47068358586543
2026-09-16,ARI incidence,2026-09-13,1,BG,quantile,0.3,183.742385560994
2026-09-16,ARI incidence,2026-09-13,1,BG,quantile,0.65,212.25723353478404
2026-09-16,ARI incidence,2026-09-13,1,BG,quantile,0.5,199.2812434596275
2026-09-16,ARI incidence,2026-09-13,1,BG,quantile,0.55,203.15475000862057
2026-09-16,ARI incidence,2026-09-13,1,BG,quantile,0.35,187.7215796789897
2026-09-16,ARI incidence,2026-09-13,1,BG,quantile,0.4,191.44440637674785
2026-09-16,ARI incidence,2026-09-13,1,BG,quantile,0.7,217.3365312346636
2026-09-16,ARI incidence,2026-09-13,1,BG,quantile,0.75,222.3062671518581
2026-09-16,ARI incidence,2026-09-13,1,BG,quantile,0.8,228.28935985940151
2026-09-16,ARI incidence,2026-09-13,1,BG,quantile,0.99,287.23498385704994
2026-09-16,ARI incidence,2026-09-13,1,BG,quantile,0.975,271.205809902587
2026-09-16,ARI incidence,2026-09-13,1,BG,quantile,0.85,234.8469918814018
2026-09-16,ARI incidence,2026-09-13,1,BG,quantile,0.9,244.14251171859033
2026-09-16,ARI incidence,2026-09-13,1,BG,quantile,0.95,258.6285532413169
2026-09-16,ARI incidence,2026-09-13,1,BG,median,NA,199.2812434596275
2026-09-16,ARI incidence,2026-09-20,2,BG,quantile,0.25,210.4899314177316
2026-09-16,ARI incidence,2026-09-20,2,BG,quantile,0.4,221.28787035285336
2026-09-16,ARI incidence,2026-09-20,2,BG,quantile,0.15,201.37605936984193
2026-09-16,ARI incidence,2026-09-20,2,BG,quantile,0.2,206.38192704688635
2026-09-16,ARI incidence,2026-09-20,2,BG,quantile,0.35,217.71028614121897
2026-09-16,ARI incidence,2026-09-20,2,BG,quantile,0.1,195.2699711982299
2026-09-16,ARI incidence,2026-09-20,2,BG,quantile,0.3,214.1357343957453
2026-09-16,ARI incidence,2026-09-20,2,BG,quantile,0.01,170.91261612721706
2026-09-16,ARI incidence,2026-09-20,2,BG,quantile,0.025,179.37299155756045
2026-09-16,ARI incidence,2026-09-20,2,BG,quantile,0.05,186.51891399465103
2026-09-16,ARI incidence,2026-09-20,2,BG,quantile,0.8,252.17415086215823
2026-09-16,ARI incidence,2026-09-20,2,BG,quantile,0.75,246.86646744888785
2026-09-16,ARI incidence,2026-09-20,2,BG,quantile,0.55,231.77698801167136
2026-09-16,ARI incidence,2026-09-20,2,BG,quantile,0.95,277.94938110788996
2026-09-16,ARI incidence,2026-09-20,2,BG,quantile,0.45,225.03392202577345
2026-09-16,ARI incidence,2026-09-20,2,BG,quantile,0.5,228.3633311140295
2026-09-16,ARI incidence,2026-09-20,2,BG,quantile,0.6,234.9409424379279
2026-09-16,ARI incidence,2026-09-20,2,BG,quantile,0.7,242.80239808720853
2026-09-16,ARI incidence,2026-09-20,2,BG,quantile,0.85,258.47228843182353
2026-09-16,ARI incidence,2026-09-20,2,BG,quantile,0.9,265.74648634854236
2026-09-16,ARI incidence,2026-09-20,2,BG,quantile,0.65,238.7876004891711
2026-09-16,ARI incidence,2026-09-20,2,BG,quantile,0.975,287.9032636993443
2026-09-16,ARI incidence,2026-09-20,2,BG,quantile,0.99,300.3231200795848
2026-09-16,ARI incidence,2026-09-20,2,BG,median,NA,228.3633311140295
2026-09-16,ARI incidence,2026-09-27,3,BG,quantile,0.55,235.83566249578857
2026-09-16,ARI incidence,2026-09-27,3,BG,quantile,0.4,213.7606219301692
2026-09-16,ARI incidence,2026-09-27,3,BG,quantile,0.45,221.11939055303552
2026-09-16,ARI incidence,2026-09-27,3,BG,quantile,0.5,228.06828145947551
2026-09-16,ARI incidence,2026-09-27,3,BG,quantile,0.05,148.4581969368599
2026-09-16,ARI incidence,2026-09-27,3,BG,quantile,0.15,173.90399861277837
2026-09-16,ARI incidence,2026-09-27,3,BG,quantile,0.025,136.4918726696379
2026-09-16,ARI incidence,2026-09-27,3,BG,quantile,0.1,162.6281715166858
2026-09-16,ARI incidence,2026-09-27,3,BG,quantile,0.6,244.27740872267117
2026-09-16,ARI incidence,2026-09-27,3,BG,quantile,0.65,252.80897687663816
2026-09-16,ARI incidence,2026-09-27,3,BG,quantile,0.2,183.5351716427793
2026-09-16,ARI incidence,2026-09-27,3,BG,quantile,0.35,205.94083059904185
2026-09-16,ARI incidence,2026-09-27,3,BG,quantile,0.25,191.36567965800265
2026-09-16,ARI incidence,2026-09-27,3,BG,quantile,0.01,124.23704383193846
2026-09-16,ARI incidence,2026-09-27,3,BG,quantile,0.3,199.07692429693373
2026-09-16,ARI incidence,2026-09-27,3,BG,quantile,0.7,262.1577976702531
2026-09-16,ARI incidence,2026-09-27,3,BG,quantile,0.8,284.2692073306402
2026-09-16,ARI incidence,2026-09-27,3,BG,quantile,0.99,418.5201580916567
2026-09-16,ARI incidence,2026-09-27,3,BG,quantile,0.75,272.4635564370415
2026-09-16,ARI incidence,2026-09-27,3,BG,quantile,0.95,350.8311354226484
2026-09-16,ARI incidence,2026-09-27,3,BG,quantile,0.9,319.8254140701435
2026-09-16,ARI incidence,2026-09-27,3,BG,quantile,0.975,381.12141704924153
2026-09-16,ARI incidence,2026-09-27,3,BG,quantile,0.85,299.0228775800165
2026-09-16,ARI incidence,2026-09-27,3,BG,median,NA,228.06828145947551
2026-09-16,ARI incidence,2026-10-04,4,BG,quantile,0.99,440.3350839480496
2026-09-16,ARI incidence,2026-10-04,4,BG,quantile,0.6,271.63592246705076
2026-09-16,ARI incidence,2026-10-04,4,BG,quantile,0.65,279.8872883801438
2026-09-16,ARI incidence,2026-10-04,4,BG,quantile,0.975,403.08542089394183
2026-09-16,ARI incidence,2026-10-04,4,BG,quantile,0.7,289.1884451954629
2026-09-16,ARI incidence,2026-10-04,4,BG,quantile,0.95,371.6925901827067
2026-09-16,ARI incidence,2026-10-04,4,BG,quantile,0.8,310.6524709158877
2026-09-16,ARI incidence,2026-10-04,4,BG,quantile,0.55,263.5593146548512
2026-09-16,ARI incidence,2026-10-04,4,BG,quantile,0.9,343.4837740030612
2026-09-16,ARI incidence,2026-10-04,4,BG,quantile,0.85,324.84643909831226
2026-09-16,ARI incidence,2026-10-04,4,BG,quantile,0.5,256.04573664678003
2026-09-16,ARI incidence,2026-10-04,4,BG,quantile,0.75,299.29208486624054
2026-09-16,ARI incidence,2026-10-04,4,BG,quantile,0.45,248.8191195151918
2026-09-16,ARI incidence,2026-10-04,4,BG,quantile,0.4,241.84178764527925
2026-09-16,ARI incidence,2026-10-04,4,BG,quantile,0.25,220.3454368598494
2026-09-16,ARI incidence,2026-10-04,4,BG,quantile,0.35,234.90766647387997
2026-09-16,ARI incidence,2026-10-04,4,BG,quantile,0.05,177.45274339982495
2026-09-16,ARI incidence,2026-10-04,4,BG,quantile,0.15,203.30631695930364
2026-09-16,ARI incidence,2026-10-04,4,BG,quantile,0.1,193.04911423033775
2026-09-16,ARI incidence,2026-10-04,4,BG,quantile,0.3,227.54069891892695
2026-09-16,ARI incidence,2026-10-04,4,BG,quantile,0.025,164.17414933791247
2026-09-16,ARI incidence,2026-10-04,4,BG,quantile,0.2,212.17085601668992
2026-09-16,ARI incidence,2026-10-04,4,BG,quantile,0.01,151.31344188861274
2026-09-16,ARI incidence,2026-10-04,4,BG,median,NA,256.04573664678003
2026-09-16,ARI incidence,2026-09-13,1,CY,quantile,0.3,3861.455305904281
2026-09-16,ARI incidence,2026-09-13,1,CY,quantile,0.35,3920.1525719107062
2026-09-16,ARI incidence,2026-09-13,1,CY,quantile,0.25,3794.795250051916
2026-09-16,ARI incidence,2026-09-13,1,CY,quantile,0.55,4138.386226167965
2026-09-16,ARI incidence,2026-09-13,1,CY,quantile,0.4,3973.3419015563777
2026-09-16,ARI incidence,2026-09-13,1,CY,quantile,0.65,4256.941228470192
2026-09-16,ARI incidence,2026-09-13,1,CY,quantile,0.45,4031.8889307867257
2026-09-16,ARI incidence,2026-09-13,1,CY,quantile,0.5,4082.3035557320472
2026-09-16,ARI incidence,2026-09-13,1,CY,quantile,0.6,4194.810101601898
2026-09-16,ARI incidence,2026-09-13,1,CY,quantile,0.2,3730.098883026288
2026-09-16,ARI incidence,2026-09-13,1,CY,quantile,0.15,3652.642481754532
2026-09-16,ARI incidence,2026-09-13,1,CY,quantile,0.05,3418.637015528955
2026-09-16,ARI incidence,2026-09-13,1,CY,quantile,0.1,3550.082900656696
2026-09-16,ARI incidence,2026-09-13,1,CY,quantile,0.75,4395.704607691604
2026-09-16,ARI incidence,2026-09-13,1,CY,quantile,0.7,4323.184928881944
2026-09-16,ARI incidence,2026-09-13,1,CY,quantile,0.01,3182.1752478695817
2026-09-16,ARI incidence,2026-09-13,1,CY,quantile,0.025,3316.2083291478216
2026-09-16,ARI incidence,2026-09-13,1,CY,quantile,0.85,4573.596796337733
2026-09-16,ARI incidence,2026-09-13,1,CY,quantile,0.8,4475.30941475712
2026-09-16,ARI incidence,2026-09-13,1,CY,quantile,0.9,4692.885268115878
2026-09-16,ARI incidence,2026-09-13,1,CY,quantile,0.95,4873.429613401978
2026-09-16,ARI incidence,2026-09-13,1,CY,quantile,0.99,5263.200314614593
2026-09-16,ARI incidence,2026-09-13,1,CY,quantile,0.975,5031.727695064967
2026-09-16,ARI incidence,2026-09-13,1,CY,median,NA,4082.3035557320472
2026-09-16,ARI incidence,2026-09-20,2,CY,quantile,0.6,4199.413014424393
2026-09-16,ARI incidence,2026-09-20,2,CY,quantile,0.4,3853.7941522542105
2026-09-16,ARI incidence,2026-09-20,2,CY,quantile,0.55,4104.517409632035
2026-09-16,ARI incidence,2026-09-20,2,CY,quantile,0.3,3684.1689413934737
2026-09-16,ARI incidence,2026-09-20,2,CY,quantile,0.35,3772.0992027681305
2026-09-16,ARI incidence,2026-09-20,2,CY,quantile,0.2,3498.3089482928344
2026-09-16,ARI incidence,2026-09-20,2,CY,quantile,0.25,3594.7049037383645
2026-09-16,ARI incidence,2026-09-20,2,CY,quantile,0.45,3934.122503552798
2026-09-16,ARI incidence,2026-09-20,2,CY,quantile,0.5,4015.3151227339617
2026-09-16,ARI incidence,2026-09-20,2,CY,quantile,0.15,3384.5644343791932
2026-09-16,ARI incidence,2026-09-20,2,CY,quantile,0.65,4294.510565684914
2026-09-16,ARI incidence,2026-09-20,2,CY,quantile,0.99,5988.5610006737625
2026-09-16,ARI incidence,2026-09-20,2,CY,quantile,0.1,3253.499490949354
2026-09-16,ARI incidence,2026-09-20,2,CY,quantile,0.05,3062.249130937828
2026-09-16,ARI incidence,2026-09-20,2,CY,quantile,0.7,4401.034395841744
2026-09-16,ARI incidence,2026-09-20,2,CY,quantile,0.975,5663.9896217035575
2026-09-16,ARI incidence,2026-09-20,2,CY,quantile,0.025,2896.265042314783
2026-09-16,ARI incidence,2026-09-20,2,CY,quantile,0.95,5344.042696453363
2026-09-16,ARI incidence,2026-09-20,2,CY,quantile,0.8,4647.173340062805
2026-09-16,ARI incidence,2026-09-20,2,CY,quantile,0.85,4804.750019280713
2026-09-16,ARI incidence,2026-09-20,2,CY,quantile,0.9,5008.8617256913
2026-09-16,ARI incidence,2026-09-20,2,CY,quantile,0.01,2720.2862282754004
2026-09-16,ARI incidence,2026-09-20,2,CY,quantile,0.75,4513.265566042649
2026-09-16,ARI incidence,2026-09-20,2,CY,median,NA,4015.3151227339617
2026-09-16,ARI incidence,2026-09-27,3,CY,quantile,0.99,7312.130784703325
2026-09-16,ARI incidence,2026-09-27,3,CY,quantile,0.975,6759.2863285026615
2026-09-16,ARI incidence,2026-09-27,3,CY,quantile,0.9,5852.80391702186
2026-09-16,ARI incidence,2026-09-27,3,CY,quantile,0.95,6317.6330467391845
2026-09-16,ARI incidence,2026-09-27,3,CY,quantile,0.85,5545.692289384114
2026-09-16,ARI incidence,2026-09-27,3,CY,quantile,0.8,5319.555701808123
2026-09-16,ARI incidence,2026-09-27,3,CY,quantile,0.7,4970.465979882252
2026-09-16,ARI incidence,2026-09-27,3,CY,quantile,0.65,4830.039064580778
2026-09-16,ARI incidence,2026-09-27,3,CY,quantile,0.75,5142.112887293817
2026-09-16,ARI incidence,2026-09-27,3,CY,quantile,0.4,4192.014977400951
2026-09-16,ARI incidence,2026-09-27,3,CY,quantile,0.6,4690.747853798008
2026-09-16,ARI incidence,2026-09-27,3,CY,quantile,0.45,4316.0992721334005
2026-09-16,ARI incidence,2026-09-27,3,CY,quantile,0.5,4437.777024005454
2026-09-16,ARI incidence,2026-09-27,3,CY,quantile,0.55,4567.922140746686
2026-09-16,ARI incidence,2026-09-27,3,CY,quantile,0.25,3817.868162001785
2026-09-16,ARI incidence,2026-09-27,3,CY,quantile,0.2,3676.6994656498578
2026-09-16,ARI incidence,2026-09-27,3,CY,quantile,0.35,4069.2907599678792
2026-09-16,ARI incidence,2026-09-27,3,CY,quantile,0.3,3943.6404281989103
2026-09-16,ARI incidence,2026-09-27,3,CY,quantile,0.15,3525.636327136791
2026-09-16,ARI incidence,2026-09-27,3,CY,quantile,0.1,3337.1783918886845
2026-09-16,ARI incidence,2026-09-27,3,CY,quantile,0.05,3075.9490979946327
2026-09-16,ARI incidence,2026-09-27,3,CY,quantile,0.01,2684.4088626077073
2026-09-16,ARI incidence,2026-09-27,3,CY,quantile,0.025,2871.0684208777425
2026-09-16,ARI incidence,2026-09-27,3,CY,median,NA,4437.777024005454
2026-09-16,ARI incidence,2026-10-04,4,CY,quantile,0.8,5030.155427050966
2026-09-16,ARI incidence,2026-10-04,4,CY,quantile,0.85,5240.454661796799
2026-09-16,ARI incidence,2026-10-04,4,CY,quantile,0.7,4705.806523664172
2026-09-16,ARI incidence,2026-10-04,4,CY,quantile,0.9,5526.869793812271
2026-09-16,ARI incidence,2026-10-04,4,CY,quantile,0.65,4569.335894305534
2026-09-16,ARI incidence,2026-10-04,4,CY,quantile,0.95,5950.83213536537
2026-09-16,ARI incidence,2026-10-04,4,CY,quantile,0.975,6346.893757841663
2026-09-16,ARI incidence,2026-10-04,4,CY,quantile,0.75,4857.634052588949
2026-09-16,ARI incidence,2026-10-04,4,CY,quantile,0.55,4325.480189338543
2026-09-16,ARI incidence,2026-10-04,4,CY,quantile,0.5,4211.815134964319
2026-09-16,ARI incidence,2026-10-04,4,CY,quantile,0.6,4443.160954291554
2026-09-16,ARI incidence,2026-10-04,4,CY,quantile,0.45,4101.426239837352
2026-09-16,ARI incidence,2026-10-04,4,CY,quantile,0.4,3990.247769653095
2026-09-16,ARI incidence,2026-10-04,4,CY,quantile,0.99,6837.513365225143
2026-09-16,ARI incidence,2026-10-04,4,CY,quantile,0.2,3512.471941155466
2026-09-16,ARI incidence,2026-10-04,4,CY,quantile,0.15,3367.8135963449067
2026-09-16,ARI incidence,2026-10-04,4,CY,quantile,0.025,2759.3011210520704
2026-09-16,ARI incidence,2026-10-04,4,CY,quantile,0.3,3758.674095336789
2026-09-16,ARI incidence,2026-10-04,4,CY,quantile,0.25,3642.425200248529
2026-09-16,ARI incidence,2026-10-04,4,CY,quantile,0.01,2532.246185973999
2026-09-16,ARI incidence,2026-10-04,4,CY,quantile,0.05,2978.527338313753
2026-09-16,ARI incidence,2026-10-04,4,CY,quantile,0.1,3200.6344090321513
2026-09-16,ARI incidence,2026-10-04,4,CY,quantile,0.35,3878.6470421839513
2026-09-16,ARI incidence,2026-10-04,4,CY,median,NA,4211.815134964319
2026-09-16,ARI incidence,2026-09-13,1,DE,quantile,0.99,777.6870131553611
2026-09-16,ARI incidence,2026-09-13,1,DE,quantile,0.975,753.2441567737876
2026-09-16,ARI incidence,2026-09-13,1,DE,quantile,0.95,732.8090373675844
2026-09-16,ARI incidence,2026-09-13,1,DE,quantile,0.8,683.3161710615562
2026-09-16,ARI incidence,2026-09-13,1,DE,quantile,0.85,695.531892919888
2026-09-16,ARI incidence,2026-09-13,1,DE,quantile,0.9,709.8051539652605
2026-09-16,ARI incidence,2026-09-13,1,DE,quantile,0.75,674.1311939884582
2026-09-16,ARI incidence,2026-09-13,1,DE,quantile,0.7,665.5770934200523
2026-09-16,ARI incidence,2026-09-13,1,DE,quantile,0.65,658.1016355426809
2026-09-16,ARI incidence,2026-09-13,1,DE,quantile,0.5,637.5375797204877
2026-09-16,ARI incidence,2026-09-13,1,DE,quantile,0.6,650.7792500343413
2026-09-16,ARI incidence,2026-09-13,1,DE,quantile,0.55,644.1551178007868
2026-09-16,ARI incidence,2026-09-13,1,DE,quantile,0.45,630.7801598537287
2026-09-16,ARI incidence,2026-09-13,1,DE,quantile,0.35,616.4042211562374
2026-09-16,ARI incidence,2026-09-13,1,DE,quantile,0.4,623.8591970195005
2026-09-16,ARI incidence,2026-09-13,1,DE,quantile,0.25,601.2244349498602
2026-09-16,ARI incidence,2026-09-13,1,DE,quantile,0.3,609.2284419796677
2026-09-16,ARI incidence,2026-09-13,1,DE,quantile,0.1,569.8967315092898
2026-09-16,ARI incidence,2026-09-13,1,DE,quantile,0.05,551.6240554274251
2026-09-16,ARI incidence,2026-09-13,1,DE,quantile,0.15,581.8071724722365
2026-09-16,ARI incidence,2026-09-13,1,DE,quantile,0.2,592.4817979754232
2026-09-16,ARI incidence,2026-09-13,1,DE,quantile,0.01,520.9209306683427
2026-09-16,ARI incidence,2026-09-13,1,DE,quantile,0.025,536.8018781733829
2026-09-16,ARI incidence,2026-09-13,1,DE,median,NA,637.5375797204877
2026-09-16,ARI incidence,2026-09-20,2,DE,quantile,0.975,956.9631497479972
2026-09-16,ARI incidence,2026-09-20,2,DE,quantile,0.95,910.412395574034
2026-09-16,ARI incidence,2026-09-20,2,DE,quantile,0.9,859.6610664335851
2026-09-16,ARI incidence,2026-09-20,2,DE,quantile,0.85,826.1677429124273
2026-09-16,ARI incidence,2026-09-20,2,DE,quantile,0.99,1011.6366860746168
2026-09-16,ARI incidence,2026-09-20,2,DE,quantile,0.8,802.9176503275157
2026-09-16,ARI incidence,2026-09-20,2,DE,quantile,0.7,763.2436405510892
2026-09-16,ARI incidence,2026-09-20,2,DE,quantile,0.75,782.156398614839
2026-09-16,ARI incidence,2026-09-20,2,DE,quantile,0.65,744.6107192876084
2026-09-16,ARI incidence,2026-09-20,2,DE,quantile,0.6,730.0962013658268
2026-09-16,ARI incidence,2026-09-20,2,DE,quantile,0.55,716.2334230923691
2026-09-16,ARI incidence,2026-09-20,2,DE,quantile,0.35,659.337297404217
2026-09-16,ARI incidence,2026-09-20,2,DE,quantile,0.4,673.6257785541775
2026-09-16,ARI incidence,2026-09-20,2,DE,quantile,0.5,702.1434414658374
2026-09-16,ARI incidence,2026-09-20,2,DE,quantile,0.45,688.2577732010199
2026-09-16,ARI incidence,2026-09-20,2,DE,quantile,0.2,612.9441905329517
2026-09-16,ARI incidence,2026-09-20,2,DE,quantile,0.25,628.6212586256556
2026-09-16,ARI incidence,2026-09-20,2,DE,quantile,0.3,644.166815790887
2026-09-16,ARI incidence,2026-09-20,2,DE,quantile,0.15,594.4453396937453
2026-09-16,ARI incidence,2026-09-20,2,DE,quantile,0.025,516.7999525016417
2026-09-16,ARI incidence,2026-09-20,2,DE,quantile,0.01,483.1528179053177
2026-09-16,ARI incidence,2026-09-20,2,DE,quantile,0.1,573.0360740318417
2026-09-16,ARI incidence,2026-09-20,2,DE,quantile,0.05,543.0709996080874
2026-09-16,ARI incidence,2026-09-20,2,DE,median,NA,702.1434414658374
2026-09-16,ARI incidence,2026-09-27,3,DE,quantile,0.99,1484.4030947787985
2026-09-16,ARI incidence,2026-09-27,3,DE,quantile,0.85,1052.4941138161555
2026-09-16,ARI incidence,2026-09-27,3,DE,quantile,0.7,907.1763541137574
2026-09-16,ARI incidence,2026-09-27,3,DE,quantile,0.8,992.238311344868
2026-09-16,ARI incidence,2026-09-27,3,DE,quantile,0.65,871.1277815038818
2026-09-16,ARI incidence,2026-09-27,3,DE,quantile,0.55,807.6412029408417
2026-09-16,ARI incidence,2026-09-27,3,DE,quantile,0.6,839.1181505491742
2026-09-16,ARI incidence,2026-09-27,3,DE,quantile,0.75,946.4831462635746
2026-09-16,ARI incidence,2026-09-27,3,DE,quantile,0.975,1357.951131268789
2026-09-16,ARI incidence,2026-09-27,3,DE,quantile,0.5,778.0863383350802
2026-09-16,ARI incidence,2026-09-27,3,DE,quantile,0.9,1132.061610094263
2026-09-16,ARI incidence,2026-09-27,3,DE,quantile,0.95,1246.396155430296
2026-09-16,ARI incidence,2026-09-27,3,DE,quantile,0.4,725.5181971910202
2026-09-16,ARI incidence,2026-09-27,3,DE,quantile,0.45,751.3356361111289
2026-09-16,ARI incidence,2026-09-27,3,DE,quantile,0.2,613.537214683997
2026-09-16,ARI incidence,2026-09-27,3,DE,quantile,0.35,697.9113943370545
2026-09-16,ARI incidence,2026-09-27,3,DE,quantile,0.25,644.8458723231196
2026-09-16,ARI incidence,2026-09-27,3,DE,quantile,0.05,483.45929452723726
2026-09-16,ARI incidence,2026-09-27,3,DE,quantile,0.1,538.191458317841
2026-09-16,ARI incidence,2026-09-27,3,DE,quantile,0.15,578.4616191065091
2026-09-16,ARI incidence,2026-09-27,3,DE,quantile,0.3,670.4418891446155
2026-09-16,ARI incidence,2026-09-27,3,DE,quantile,0.025,440.7664940454209
2026-09-16,ARI incidence,2026-09-27,3,DE,quantile,0.01,394.7584711450649
2026-09-16,ARI incidence,2026-09-27,3,DE,median,NA,778.0863383350802
2026-09-16,ARI incidence,2026-10-04,4,DE,quantile,0.05,411.46269268349
2026-09-16,ARI incidence,2026-10-04,4,DE,quantile,0.25,622.1250092926334
2026-09-16,ARI incidence,2026-10-04,4,DE,quantile,0.2,581.3023321351016
2026-09-16,ARI incidence,2026-10-04,4,DE,quantile,0.15,535.8564891191868
2026-09-16,ARI incidence,2026-10-04,4,DE,quantile,0.1,481.2149300740835
2026-09-16,ARI incidence,2026-10-04,4,DE,quantile,0.025,359.34610195771467
2026-09-16,ARI incidence,2026-10-04,4,DE,quantile,0.01,312.38939427279433
2026-09-16,ARI incidence,2026-10-04,4,DE,quantile,0.35,703.8422437122031
2026-09-16,ARI incidence,2026-10-04,4,DE,quantile,0.3,663.6744687410423
2026-09-16,ARI incidence,2026-10-04,4,DE,quantile,0.45,784.5171549023323
2026-09-16,ARI incidence,2026-10-04,4,DE,quantile,0.4,741.3768466562358
2026-09-16,ARI incidence,2026-10-04,4,DE,quantile,0.5,827.8776766302439
2026-09-16,ARI incidence,2026-10-04,4,DE,quantile,0.55,875.7100371687786
2026-09-16,ARI incidence,2026-10-04,4,DE,quantile,0.6,927.5914346534244
2026-09-16,ARI incidence,2026-10-04,4,DE,quantile,0.975,1907.470503002228
2026-09-16,ARI incidence,2026-10-04,4,DE,quantile,0.65,980.49811496969
2026-09-16,ARI incidence,2026-10-04,4,DE,quantile,0.99,2219.2617899021984
2026-09-16,ARI incidence,2026-10-04,4,DE,quantile,0.95,1661.29509509048
2026-09-16,ARI incidence,2026-10-04,4,DE,quantile,0.9,1430.4391340056982
2026-09-16,ARI incidence,2026-10-04,4,DE,quantile,0.85,1289.271154385522
2026-09-16,ARI incidence,2026-10-04,4,DE,quantile,0.8,1190.8810099047157
2026-09-16,ARI incidence,2026-10-04,4,DE,quantile,0.7,1042.67116412369
2026-09-16,ARI incidence,2026-10-04,4,DE,quantile,0.75,1116.4690214385805
2026-09-16,ARI incidence,2026-10-04,4,DE,median,NA,827.8776766302439
2026-09-16,ARI incidence,2026-09-13,1,EE,quantile,0.9,161.014949203043
2026-09-16,ARI incidence,2026-09-13,1,EE,quantile,0.95,165.44355910423573
2026-09-16,ARI incidence,2026-09-13,1,EE,quantile,0.85,158.45333575857046
2026-09-16,ARI incidence,2026-09-13,1,EE,quantile,0.975,169.36105460056424
2026-09-16,ARI incidence,2026-09-13,1,EE,quantile,0.4,144.623282665023
2026-09-16,ARI incidence,2026-09-13,1,EE,quantile,0.45,145.91384948303445
2026-09-16,ARI incidence,2026-09-13,1,EE,quantile,0.99,173.5680908170285
2026-09-16,ARI incidence,2026-09-13,1,EE,quantile,0.8,156.30322322577254
2026-09-16,ARI incidence,2026-09-13,1,EE,quantile,0.75,154.51547163621328
2026-09-16,ARI incidence,2026-09-13,1,EE,quantile,0.7,152.80317987121433
2026-09-16,ARI incidence,2026-09-13,1,EE,quantile,0.2,138.86278983110506
2026-09-16,ARI incidence,2026-09-13,1,EE,quantile,0.25,140.46702620995532
2026-09-16,ARI incidence,2026-09-13,1,EE,quantile,0.35,143.31591045295002
2026-09-16,ARI incidence,2026-09-13,1,EE,quantile,0.6,149.9057280816447
2026-09-16,ARI incidence,2026-09-13,1,EE,quantile,0.65,151.3612571803916
2026-09-16,ARI incidence,2026-09-13,1,EE,quantile,0.3,141.92033343751675
2026-09-16,ARI incidence,2026-09-13,1,EE,quantile,0.025,128.16432047744237
2026-09-16,ARI incidence,2026-09-13,1,EE,quantile,0.55,148.58479357846576
2026-09-16,ARI incidence,2026-09-13,1,EE,quantile,0.01,124.91758789018527
2026-09-16,ARI incidence,2026-09-13,1,EE,quantile,0.5,147.26356371762486
2026-09-16,ARI incidence,2026-09-13,1,EE,quantile,0.1,134.45654179230542
2026-09-16,ARI incidence,2026-09-13,1,EE,quantile,0.15,136.89038271663134
2026-09-16,ARI incidence,2026-09-13,1,EE,quantile,0.05,131.1809835305212
2026-09-16,ARI incidence,2026-09-13,1,EE,median,NA,147.26356371762486
2026-09-16,ARI incidence,2026-09-20,2,EE,quantile,0.2,143.82762314212331
2026-09-16,ARI incidence,2026-09-20,2,EE,quantile,0.1,136.11272371841656
2026-09-16,ARI incidence,2026-09-20,2,EE,quantile,0.15,140.58040141563058
2026-09-16,ARI incidence,2026-09-20,2,EE,quantile,0.05,130.6679776333057
2026-09-16,ARI incidence,2026-09-20,2,EE,quantile,0.01,120.02109637598956
2026-09-16,ARI incidence,2026-09-20,2,EE,quantile,0.25,146.50112804118538
2026-09-16,ARI incidence,2026-09-20,2,EE,quantile,0.025,126.09281131039634
2026-09-16,ARI incidence,2026-09-20,2,EE,quantile,0.3,149.27098608634827
2026-09-16,ARI incidence,2026-09-20,2,EE,quantile,0.99,208.3001920442212
2026-09-16,ARI incidence,2026-09-20,2,EE,quantile,0.975,199.9021977257704
2026-09-16,ARI incidence,2026-09-20,2,EE,quantile,0.95,193.04017356714505
2026-09-16,ARI incidence,2026-09-20,2,EE,quantile,0.8,175.79484977495906
2026-09-16,ARI incidence,2026-09-20,2,EE,quantile,0.85,179.6575504942761
2026-09-16,ARI incidence,2026-09-20,2,EE,quantile,0.9,184.62835607090017
2026-09-16,ARI incidence,2026-09-20,2,EE,quantile,0.75,172.50415750975512
2026-09-16,ARI incidence,2026-09-20,2,EE,quantile,0.7,169.32288013910377
2026-09-16,ARI incidence,2026-09-20,2,EE,quantile,0.65,166.50795656167318
2026-09-16,ARI incidence,2026-09-20,2,EE,quantile,0.6,163.93743708069883
2026-09-16,ARI incidence,2026-09-20,2,EE,quantile,0.55,161.65580947691416
2026-09-16,ARI incidence,2026-09-20,2,EE,quantile,0.45,156.6464479610721
2026-09-16,ARI incidence,2026-09-20,2,EE,quantile,0.5,159.0657424162481
2026-09-16,ARI incidence,2026-09-20,2,EE,quantile,0.4,154.3508533244273
2026-09-16,ARI incidence,2026-09-20,2,EE,quantile,0.35,151.88748431197294
2026-09-16,ARI incidence,2026-09-20,2,EE,median,NA,159.0657424162481
2026-09-16,ARI incidence,2026-09-27,3,EE,quantile,0.8,167.1711389995503
2026-09-16,ARI incidence,2026-09-27,3,EE,quantile,0.85,172.07580160072527
2026-09-16,ARI incidence,2026-09-27,3,EE,quantile,0.9,178.4769221194846
2026-09-16,ARI incidence,2026-09-27,3,EE,quantile,0.7,159.75305431223606
2026-09-16,ARI incidence,2026-09-27,3,EE,quantile,0.75,163.12431938740457
2026-09-16,ARI incidence,2026-09-27,3,EE,quantile,0.65,156.8651148281897
2026-09-16,ARI incidence,2026-09-27,3,EE,quantile,0.6,153.86064805436408
2026-09-16,ARI incidence,2026-09-27,3,EE,quantile,0.55,150.80808427942486
2026-09-16,ARI incidence,2026-09-27,3,EE,quantile,0.1,122.71052684239956
2026-09-16,ARI incidence,2026-09-27,3,EE,quantile,0.5,147.7586659984149
2026-09-16,ARI incidence,2026-09-27,3,EE,quantile,0.95,188.20379160337947
2026-09-16,ARI incidence,2026-09-27,3,EE,quantile,0.45,145.17978335691907
2026-09-16,ARI incidence,2026-09-27,3,EE,quantile,0.05,116.72469786274524
2026-09-16,ARI incidence,2026-09-27,3,EE,quantile,0.025,111.52207301642134
2026-09-16,ARI incidence,2026-09-27,3,EE,quantile,0.15,127.37784786070846
2026-09-16,ARI incidence,2026-09-27,3,EE,quantile,0.35,139.9488598416853
2026-09-16,ARI incidence,2026-09-27,3,EE,quantile,0.4,142.5348236221278
2026-09-16,ARI incidence,2026-09-27,3,EE,quantile,0.975,197.07740504067195
2026-09-16,ARI incidence,2026-09-27,3,EE,quantile,0.99,208.5468604724387
2026-09-16,ARI incidence,2026-09-27,3,EE,quantile,0.01,104.8746368020876
2026-09-16,ARI incidence,2026-09-27,3,EE,quantile,0.2,130.93682224276472
2026-09-16,ARI incidence,2026-09-27,3,EE,quantile,0.3,136.95324657695704
2026-09-16,ARI incidence,2026-09-27,3,EE,quantile,0.25,134.00719570357245
2026-09-16,ARI incidence,2026-09-27,3,EE,median,NA,147.7586659984149
2026-09-16,ARI incidence,2026-10-04,4,EE,quantile,0.3,108.9573164075952
2026-09-16,ARI incidence,2026-10-04,4,EE,quantile,0.15,90.27711124732342
2026-09-16,ARI incidence,2026-10-04,4,EE,quantile,0.025,64.27301245313123
2026-09-16,ARI incidence,2026-10-04,4,EE,quantile,0.2,97.04181319162542
2026-09-16,ARI incidence,2026-10-04,4,EE,quantile,0.05,72.53626561120124
2026-09-16,ARI incidence,2026-10-04,4,EE,quantile,0.1,82.72770982661989
2026-09-16,ARI incidence,2026-10-04,4,EE,quantile,0.55,137.98395352205767
2026-09-16,ARI incidence,2026-10-04,4,EE,quantile,0.99,314.19374902487857
2026-09-16,ARI incidence,2026-10-04,4,EE,quantile,0.95,246.78048411634057
2026-09-16,ARI incidence,2026-10-04,4,EE,quantile,0.25,103.222741393605
2026-09-16,ARI incidence,2026-10-04,4,EE,quantile,0.45,125.60767678709333
2026-09-16,ARI incidence,2026-10-04,4,EE,quantile,0.5,131.58821927697906
2026-09-16,ARI incidence,2026-10-04,4,EE,quantile,0.6,144.7365007019614
2026-09-16,ARI incidence,2026-10-04,4,EE,quantile,0.01,56.45128068309528
2026-09-16,ARI incidence,2026-10-04,4,EE,quantile,0.4,119.90071955400226
2026-09-16,ARI incidence,2026-10-04,4,EE,quantile,0.65,152.05755237371787
2026-09-16,ARI incidence,2026-10-04,4,EE,quantile,0.35,114.51924299194718
2026-09-16,ARI incidence,2026-10-04,4,EE,quantile,0.7,160.00236508397603
2026-09-16,ARI incidence,2026-10-04,4,EE,quantile,0.975,275.23443307276244
2026-09-16,ARI incidence,2026-10-04,4,EE,quantile,0.75,169.13158941342533
2026-09-16,ARI incidence,2026-10-04,4,EE,quantile,0.8,179.67763902022642
2026-09-16,ARI incidence,2026-10-04,4,EE,quantile,0.85,193.8351815165448
2026-09-16,ARI incidence,2026-10-04,4,EE,quantile,0.9,213.51236884796285
2026-09-16,ARI incidence,2026-10-04,4,EE,median,NA,131.58821927697906
2026-09-16,ARI incidence,2026-09-13,1,ES,quantile,0.9,296.9749831140769
2026-09-16,ARI incidence,2026-09-13,1,ES,quantile,0.85,292.03261081444185
2026-09-16,ARI incidence,2026-09-13,1,ES,quantile,0.75,284.7052466313194
2026-09-16,ARI incidence,2026-09-13,1,ES,quantile,0.8,288.14970822885266
2026-09-16,ARI incidence,2026-09-13,1,ES,quantile,0.95,304.6781542816278
2026-09-16,ARI incidence,2026-09-13,1,ES,quantile,0.55,273.77993701927113
2026-09-16,ARI incidence,2026-09-13,1,ES,quantile,0.7,281.5764477094437
2026-09-16,ARI incidence,2026-09-13,1,ES,quantile,0.99,320.58260948222807
2026-09-16,ARI incidence,2026-09-13,1,ES,quantile,0.65,278.66173646527386
2026-09-16,ARI incidence,2026-09-13,1,ES,quantile,0.5,271.3076198611136
2026-09-16,ARI incidence,2026-09-13,1,ES,quantile,0.6,276.2042530134553
2026-09-16,ARI incidence,2026-09-13,1,ES,quantile,0.975,311.8523324833741
2026-09-16,ARI incidence,2026-09-13,1,ES,quantile,0.45,268.81593077412515
2026-09-16,ARI incidence,2026-09-13,1,ES,quantile,0.4,266.3959198686668
2026-09-16,ARI incidence,2026-09-13,1,ES,quantile,0.2,255.22545565745943
2026-09-16,ARI incidence,2026-09-13,1,ES,quantile,0.35,263.8345173585383
2026-09-16,ARI incidence,2026-09-13,1,ES,quantile,0.3,261.2261816310882
2026-09-16,ARI incidence,2026-09-13,1,ES,quantile,0.15,251.78065111092369
2026-09-16,ARI incidence,2026-09-13,1,ES,quantile,0.1,247.4945310866647
2026-09-16,ARI incidence,2026-09-13,1,ES,quantile,0.05,241.0165776136849
2026-09-16,ARI incidence,2026-09-13,1,ES,quantile,0.25,258.47797843628103
2026-09-16,ARI incidence,2026-09-13,1,ES,quantile,0.025,235.48726242627808
2026-09-16,ARI incidence,2026-09-13,1,ES,quantile,0.01,228.52301993067744
2026-09-16,ARI incidence,2026-09-13,1,ES,median,NA,271.3076198611136
2026-09-16,ARI incidence,2026-09-20,2,ES,quantile,0.75,390.8396375140903
2026-09-16,ARI incidence,2026-09-20,2,ES,quantile,0.85,419.9477846732154
2026-09-16,ARI incidence,2026-09-20,2,ES,quantile,0.975,499.60155037746745
2026-09-16,ARI incidence,2026-09-20,2,ES,quantile,0.7,379.8019235149715
2026-09-16,ARI incidence,2026-09-20,2,ES,quantile,0.8,403.62078573451026
2026-09-16,ARI incidence,2026-09-20,2,ES,quantile,0.9,440.2701042647999
2026-09-16,ARI incidence,2026-09-20,2,ES,quantile,0.95,473.0518829172503
2026-09-16,ARI incidence,2026-09-20,2,ES,quantile,0.99,536.0043651781965
2026-09-16,ARI incidence,2026-09-20,2,ES,quantile,0.35,319.42500423580435
2026-09-16,ARI incidence,2026-09-20,2,ES,quantile,0.65,370.0671103599766
2026-09-16,ARI incidence,2026-09-20,2,ES,quantile,0.55,352.45494528729995
2026-09-16,ARI incidence,2026-09-20,2,ES,quantile,0.3,311.0308734271723
2026-09-16,ARI incidence,2026-09-20,2,ES,quantile,0.6,360.8486842102369
2026-09-16,ARI incidence,2026-09-20,2,ES,quantile,0.5,344.23720498306
2026-09-16,ARI incidence,2026-09-20,2,ES,quantile,0.4,327.99933083270747
2026-09-16,ARI incidence,2026-09-20,2,ES,quantile,0.45,335.5959891742774
2026-09-16,ARI incidence,2026-09-20,2,ES,quantile,0.25,301.92116454227926
2026-09-16,ARI incidence,2026-09-20,2,ES,quantile,0.2,292.7645685436715
2026-09-16,ARI incidence,2026-09-20,2,ES,quantile,0.1,269.2176405275074
2026-09-16,ARI incidence,2026-09-20,2,ES,quantile,0.15,282.0668658080631
2026-09-16,ARI incidence,2026-09-20,2,ES,quantile,0.05,249.51530042369623
2026-09-16,ARI incidence,2026-09-20,2,ES,quantile,0.025,235.31903343888493
2026-09-16,ARI incidence,2026-09-20,2,ES,quantile,0.01,219.8216508133078
2026-09-16,ARI incidence,2026-09-20,2,ES,median,NA,344.23720498306
2026-09-16,ARI incidence,2026-09-27,3,ES,quantile,0.85,518.2084348144094
2026-09-16,ARI incidence,2026-09-27,3,ES,quantile,0.975,658.418893575941
2026-09-16,ARI incidence,2026-09-27,3,ES,quantile,0.95,609.4160603532007
2026-09-16,ARI incidence,2026-09-27,3,ES,quantile,0.9,553.123445770394
2026-09-16,ARI incidence,2026-09-27,3,ES,quantile,0.99,722.8561612080064
2026-09-16,ARI incidence,2026-09-27,3,ES,quantile,0.65,436.58589546615144
2026-09-16,ARI incidence,2026-09-27,3,ES,quantile,0.8,493.7344636774251
2026-09-16,ARI incidence,2026-09-27,3,ES,quantile,0.75,472.3648136359976
2026-09-16,ARI incidence,2026-09-27,3,ES,quantile,0.6,422.5021774421376
2026-09-16,ARI incidence,2026-09-27,3,ES,quantile,0.7,453.9138415936769
2026-09-16,ARI incidence,2026-09-27,3,ES,quantile,0.5,394.4049707268482
2026-09-16,ARI incidence,2026-09-27,3,ES,quantile,0.4,369.1630710975438
2026-09-16,ARI incidence,2026-09-27,3,ES,quantile,0.55,407.8284642460197
2026-09-16,ARI incidence,2026-09-27,3,ES,quantile,0.45,381.39915205672094
2026-09-16,ARI incidence,2026-09-27,3,ES,quantile,0.35,356.53935997806485
2026-09-16,ARI incidence,2026-09-27,3,ES,quantile,0.1,282.565828453398
2026-09-16,ARI incidence,2026-09-27,3,ES,quantile,0.25,330.844498906858
2026-09-16,ARI incidence,2026-09-27,3,ES,quantile,0.3,344.0209242510445
2026-09-16,ARI incidence,2026-09-27,3,ES,quantile,0.025,238.3660326256424
2026-09-16,ARI incidence,2026-09-27,3,ES,quantile,0.05,256.4237741290353
2026-09-16,ARI incidence,2026-09-27,3,ES,quantile,0.2,317.9410722028252
2026-09-16,ARI incidence,2026-09-27,3,ES,quantile,0.01,216.99087912894552
2026-09-16,ARI incidence,2026-09-27,3,ES,quantile,0.15,302.15670459635146
2026-09-16,ARI incidence,2026-09-27,3,ES,median,NA,394.4049707268482
2026-09-16,ARI incidence,2026-10-04,4,ES,quantile,0.65,444.8847487700117
2026-09-16,ARI incidence,2026-10-04,4,ES,quantile,0.55,411.891745534922
2026-09-16,ARI incidence,2026-10-04,4,ES,quantile,0.6,427.2131755971968
2026-09-16,ARI incidence,2026-10-04,4,ES,quantile,0.9,579.5211383351076
2026-09-16,ARI incidence,2026-10-04,4,ES,quantile,0.8,508.54356240153567
2026-09-16,ARI incidence,2026-10-04,4,ES,quantile,0.85,538.9414859989566
2026-09-16,ARI incidence,2026-10-04,4,ES,quantile,0.99,790.8511371304185
2026-09-16,ARI incidence,2026-10-04,4,ES,quantile,0.975,709.888984559863
2026-09-16,ARI incidence,2026-10-04,4,ES,quantile,0.7,464.444306630252
2026-09-16,ARI incidence,2026-10-04,4,ES,quantile,0.75,484.4472522066899
2026-09-16,ARI incidence,2026-10-04,4,ES,quantile,0.95,648.3944193946041
2026-09-16,ARI incidence,2026-10-04,4,ES,quantile,0.3,339.8669229435634
2026-09-16,ARI incidence,2026-10-04,4,ES,quantile,0.5,397.178622383131
2026-09-16,ARI incidence,2026-10-04,4,ES,quantile,0.25,325.79993590485583
2026-09-16,ARI incidence,2026-10-04,4,ES,quantile,0.45,381.9363479201221
2026-09-16,ARI incidence,2026-10-04,4,ES,quantile,0.4,366.5925008651585
2026-09-16,ARI incidence,2026-10-04,4,ES,quantile,0.05,249.18919413855863
2026-09-16,ARI incidence,2026-10-04,4,ES,quantile,0.35,353.63275160816994
2026-09-16,ARI incidence,2026-10-04,4,ES,quantile,0.1,275.8070193248267
2026-09-16,ARI incidence,2026-10-04,4,ES,quantile,0.2,311.1601672646085
2026-09-16,ARI incidence,2026-10-04,4,ES,quantile,0.15,294.8868338784721
2026-09-16,ARI incidence,2026-10-04,4,ES,quantile,0.01,203.5670099179772
2026-09-16,ARI incidence,2026-10-04,4,ES,quantile,0.025,229.00026793554252
2026-09-16,ARI incidence,2026-10-04,4,ES,median,NA,397.178622383131
2026-09-16,ARI incidence,2026-09-13,1,GB-NIR,quantile,0.65,112.56455738473926
2026-09-16,ARI incidence,2026-09-13,1,GB-NIR,quantile,0.45,98.55628670412926
2026-09-16,ARI incidence,2026-09-13,1,GB-NIR,quantile,0.975,172.46960740306957
2026-09-16,ARI incidence,2026-09-13,1,GB-NIR,quantile,0.4,95.55700856960608
2026-09-16,ARI incidence,2026-09-13,1,GB-NIR,quantile,0.5,101.88573385776589
2026-09-16,ARI incidence,2026-09-13,1,GB-NIR,quantile,0.75,121.63565982194152
2026-09-16,ARI incidence,2026-09-13,1,GB-NIR,quantile,0.25,85.19124406229528
2026-09-16,ARI incidence,2026-09-13,1,GB-NIR,quantile,0.7,116.7421470480196
2026-09-16,ARI incidence,2026-09-13,1,GB-NIR,quantile,0.99,190.1122257270873
2026-09-16,ARI incidence,2026-09-13,1,GB-NIR,quantile,0.9,142.94137341835923
2026-09-16,ARI incidence,2026-09-13,1,GB-NIR,quantile,0.55,105.18263062095554
2026-09-16,ARI incidence,2026-09-13,1,GB-NIR,quantile,0.8,127.19097589815206
2026-09-16,ARI incidence,2026-09-13,1,GB-NIR,quantile,0.85,134.3660089995872
2026-09-16,ARI incidence,2026-09-13,1,GB-NIR,quantile,0.3,88.99494626175635
2026-09-16,ARI incidence,2026-09-13,1,GB-NIR,quantile,0.35,92.24018548056836
2026-09-16,ARI incidence,2026-09-13,1,GB-NIR,quantile,0.95,157.84949097253195
2026-09-16,ARI incidence,2026-09-13,1,GB-NIR,quantile,0.2,81.59688596315446
2026-09-16,ARI incidence,2026-09-13,1,GB-NIR,quantile,0.6,108.68874115479709
2026-09-16,ARI incidence,2026-09-13,1,GB-NIR,quantile,0.1,72.39918932198161
2026-09-16,ARI incidence,2026-09-13,1,GB-NIR,quantile,0.15,77.24501922954909
2026-09-16,ARI incidence,2026-09-13,1,GB-NIR,quantile,0.05,66.18312788758178
2026-09-16,ARI incidence,2026-09-13,1,GB-NIR,quantile,0.025,61.02335455514099
2026-09-16,ARI incidence,2026-09-13,1,GB-NIR,quantile,0.01,55.39045201726511
2026-09-16,ARI incidence,2026-09-13,1,GB-NIR,median,NA,101.88573385776589
2026-09-16,ARI incidence,2026-09-20,2,GB-NIR,quantile,0.3,130.5973952152282
2026-09-16,ARI incidence,2026-09-20,2,GB-NIR,quantile,0.975,184.35650426819535
2026-09-16,ARI incidence,2026-09-20,2,GB-NIR,quantile,0.99,194.8599371008438
2026-09-16,ARI incidence,2026-09-20,2,GB-NIR,quantile,0.95,175.7590635732475
2026-09-16,ARI incidence,2026-09-20,2,GB-NIR,quantile,0.01,100.7074142654321
2026-09-16,ARI incidence,2026-09-20,2,GB-NIR,quantile,0.2,125.0513461780504
2026-09-16,ARI incidence,2026-09-20,2,GB-NIR,quantile,0.75,153.9773504749832
2026-09-16,ARI incidence,2026-09-20,2,GB-NIR,quantile,0.9,167.55513424382326
2026-09-16,ARI incidence,2026-09-20,2,GB-NIR,quantile,0.8,157.7123829295735
2026-09-16,ARI incidence,2026-09-20,2,GB-NIR,quantile,0.85,161.85220945171318
2026-09-16,ARI incidence,2026-09-20,2,GB-NIR,quantile,0.5,139.93317808071413
2026-09-16,ARI incidence,2026-09-20,2,GB-NIR,quantile,0.025,106.76943974749024
2026-09-16,ARI incidence,2026-09-20,2,GB-NIR,quantile,0.05,111.48354177257318
2026-09-16,ARI incidence,2026-09-20,2,GB-NIR,quantile,0.1,117.4124467632059
2026-09-16,ARI incidence,2026-09-20,2,GB-NIR,quantile,0.6,145.38374183678457
2026-09-16,ARI incidence,2026-09-20,2,GB-NIR,quantile,0.7,150.71558922924837
2026-09-16,ARI incidence,2026-09-20,2,GB-NIR,quantile,0.45,137.64679666516378
2026-09-16,ARI incidence,2026-09-20,2,GB-NIR,quantile,0.65,147.9038222788026
2026-09-16,ARI incidence,2026-09-20,2,GB-NIR,quantile,0.55,142.56991929626514
2026-09-16,ARI incidence,2026-09-20,2,GB-NIR,quantile,0.15,121.54503040272373
2026-09-16,ARI incidence,2026-09-20,2,GB-NIR,quantile,0.4,135.16454425389054
2026-09-16,ARI incidence,2026-09-20,2,GB-NIR,quantile,0.25,128.1479261893062
2026-09-16,ARI incidence,2026-09-20,2,GB-NIR,quantile,0.35,132.9710848223529
2026-09-16,ARI incidence,2026-09-20,2,GB-NIR,median,NA,139.93317808071413
2026-09-16,ARI incidence,2026-09-27,3,GB-NIR,quantile,0.85,212.51291486665045
2026-09-16,ARI incidence,2026-09-27,3,GB-NIR,quantile,0.75,185.23078148704363
2026-09-16,ARI incidence,2026-09-27,3,GB-NIR,quantile,0.7,175.05727771466857
2026-09-16,ARI incidence,2026-09-27,3,GB-NIR,quantile,0.9,231.16053909768257
2026-09-16,ARI incidence,2026-09-27,3,GB-NIR,quantile,0.55,149.53662720544745
2026-09-16,ARI incidence,2026-09-27,3,GB-NIR,quantile,0.975,294.6367489757644
2026-09-16,ARI incidence,2026-09-27,3,GB-NIR,quantile,0.6,157.46336522412912
2026-09-16,ARI incidence,2026-09-27,3,GB-NIR,quantile,0.01,59.208990039398216
2026-09-16,ARI incidence,2026-09-27,3,GB-NIR,quantile,0.8,197.4415600079893
2026-09-16,ARI incidence,2026-09-27,3,GB-NIR,quantile,0.05,77.21270350259759
2026-09-16,ARI incidence,2026-09-27,3,GB-NIR,quantile,0.65,165.43068344784223
2026-09-16,ARI incidence,2026-09-27,3,GB-NIR,quantile,0.025,68.1519538321861
2026-09-16,ARI incidence,2026-09-27,3,GB-NIR,quantile,0.5,142.57959156630676
2026-09-16,ARI incidence,2026-09-27,3,GB-NIR,quantile,0.99,331.1412298505029
2026-09-16,ARI incidence,2026-09-27,3,GB-NIR,quantile,0.95,263.9935906593486
2026-09-16,ARI incidence,2026-09-27,3,GB-NIR,quantile,0.35,123.11230569959358
2026-09-16,ARI incidence,2026-09-27,3,GB-NIR,quantile,0.1,88.76832387940438
2026-09-16,ARI incidence,2026-09-27,3,GB-NIR,quantile,0.4,129.25378899781555
2026-09-16,ARI incidence,2026-09-27,3,GB-NIR,quantile,0.45,136.03559248991763
2026-09-16,ARI incidence,2026-09-27,3,GB-NIR,quantile,0.15,96.75353439364304
2026-09-16,ARI incidence,2026-09-27,3,GB-NIR,quantile,0.3,117.35656480490724
2026-09-16,ARI incidence,2026-09-27,3,GB-NIR,quantile,0.25,111.2165390863302
2026-09-16,ARI incidence,2026-09-27,3,GB-NIR,quantile,0.2,104.74015135719844
2026-09-16,ARI incidence,2026-09-27,3,GB-NIR,median,NA,142.57959156630676
2026-09-16,ARI incidence,2026-10-04,4,GB-NIR,quantile,0.01,94.49020093130308
2026-09-16,ARI incidence,2026-10-04,4,GB-NIR,quantile,0.3,111.43993900493146
2026-09-16,ARI incidence,2026-10-04,4,GB-NIR,quantile,0.025,97.98026456148489
2026-09-16,ARI incidence,2026-10-04,4,GB-NIR,quantile,0.2,108.3630598912381
2026-09-16,ARI incidence,2026-10-04,4,GB-NIR,quantile,0.15,106.50455047885944
2026-09-16,ARI incidence,2026-10-04,4,GB-NIR,quantile,0.25,109.92996452008484
2026-09-16,ARI incidence,2026-10-04,4,GB-NIR,quantile,0.05,100.89652892526188
2026-09-16,ARI incidence,2026-10-04,4,GB-NIR,quantile,0.35,112.89746546724678
2026-09-16,ARI incidence,2026-10-04,4,GB-NIR,quantile,0.975,138.99389384573144
2026-09-16,ARI incidence,2026-10-04,4,GB-NIR,quantile,0.99,144.16532939939765
2026-09-16,ARI incidence,2026-10-04,4,GB-NIR,quantile,0.9,130.61914024508076
2026-09-16,ARI incidence,2026-10-04,4,GB-NIR,quantile,0.1,104.08966168911908
2026-09-16,ARI incidence,2026-10-04,4,GB-NIR,quantile,0.95,134.89759095134963
2026-09-16,ARI incidence,2026-10-04,4,GB-NIR,quantile,0.85,127.78132924864984
2026-09-16,ARI incidence,2026-10-04,4,GB-NIR,quantile,0.8,125.65919914613416
2026-09-16,ARI incidence,2026-10-04,4,GB-NIR,quantile,0.65,120.93319559984484
2026-09-16,ARI incidence,2026-10-04,4,GB-NIR,quantile,0.55,118.222700445064
2026-09-16,ARI incidence,2026-10-04,4,GB-NIR,quantile,0.6,119.65814613210117
2026-09-16,ARI incidence,2026-10-04,4,GB-NIR,quantile,0.75,123.92882803417996
2026-09-16,ARI incidence,2026-10-04,4,GB-NIR,quantile,0.7,122.39927912571082
2026-09-16,ARI incidence,2026-10-04,4,GB-NIR,quantile,0.4,114.23223494964724
2026-09-16,ARI incidence,2026-10-04,4,GB-NIR,quantile,0.5,116.89117908086456
2026-09-16,ARI incidence,2026-10-04,4,GB-NIR,quantile,0.45,115.57811540103243
2026-09-16,ARI incidence,2026-10-04,4,GB-NIR,median,NA,116.89117908086456
2026-09-16,ARI incidence,2026-09-13,1,GB-WLS,quantile,0.55,94.3310053373313
2026-09-16,ARI incidence,2026-09-13,1,GB-WLS,quantile,0.3,75.51650914671376
2026-09-16,ARI incidence,2026-09-13,1,GB-WLS,quantile,0.45,86.76532764796958
2026-09-16,ARI incidence,2026-09-13,1,GB-WLS,quantile,0.5,90.36545047503196
2026-09-16,ARI incidence,2026-09-13,1,GB-WLS,quantile,0.25,72.00670568534163
2026-09-16,ARI incidence,2026-09-13,1,GB-WLS,quantile,0.4,83.03342520274408
2026-09-16,ARI incidence,2026-09-13,1,GB-WLS,quantile,0.15,64.17553453948267
2026-09-16,ARI incidence,2026-09-13,1,GB-WLS,quantile,0.2,68.24972184716152
2026-09-16,ARI incidence,2026-09-13,1,GB-WLS,quantile,0.6,98.6661846378602
2026-09-16,ARI incidence,2026-09-13,1,GB-WLS,quantile,0.35,79.34938304977149
2026-09-16,ARI incidence,2026-09-13,1,GB-WLS,quantile,0.05,52.16668985267234
2026-09-16,ARI incidence,2026-09-13,1,GB-WLS,quantile,0.1,59.325728432939385
2026-09-16,ARI incidence,2026-09-13,1,GB-WLS,quantile,0.65,102.79182589154324
2026-09-16,ARI incidence,2026-09-13,1,GB-WLS,quantile,0.7,108.19736832757307
2026-09-16,ARI incidence,2026-09-13,1,GB-WLS,quantile,0.75,113.68880647017016
2026-09-16,ARI incidence,2026-09-13,1,GB-WLS,quantile,0.85,128.36602081228682
2026-09-16,ARI incidence,2026-09-13,1,GB-WLS,quantile,0.8,120.3698051299463
2026-09-16,ARI incidence,2026-09-13,1,GB-WLS,quantile,0.9,138.7086832841681
2026-09-16,ARI incidence,2026-09-13,1,GB-WLS,quantile,0.025,47.06458080656616
2026-09-16,ARI incidence,2026-09-13,1,GB-WLS,quantile,0.95,156.15269183302922
2026-09-16,ARI incidence,2026-09-13,1,GB-WLS,quantile,0.975,172.9680621386018
2026-09-16,ARI incidence,2026-09-13,1,GB-WLS,quantile,0.99,196.826902225994
2026-09-16,ARI incidence,2026-09-13,1,GB-WLS,quantile,0.01,41.17226661804074
2026-09-16,ARI incidence,2026-09-13,1,GB-WLS,median,NA,90.36545047503196
2026-09-16,ARI incidence,2026-09-20,2,GB-WLS,quantile,0.01,51.124304110604385
2026-09-16,ARI incidence,2026-09-20,2,GB-WLS,quantile,0.65,100.7525173519342
2026-09-16,ARI incidence,2026-09-20,2,GB-WLS,quantile,0.7,104.83763696320084
2026-09-16,ARI incidence,2026-09-20,2,GB-WLS,quantile,0.75,109.01424370070497
2026-09-16,ARI incidence,2026-09-20,2,GB-WLS,quantile,0.8,113.29413605929145
2026-09-16,ARI incidence,2026-09-20,2,GB-WLS,quantile,0.025,55.92084767238508
2026-09-16,ARI incidence,2026-09-20,2,GB-WLS,quantile,0.55,94.19305658071448
2026-09-16,ARI incidence,2026-09-20,2,GB-WLS,quantile,0.05,60.061888875982405
2026-09-16,ARI incidence,2026-09-20,2,GB-WLS,quantile,0.9,127.0488959098153
2026-09-16,ARI incidence,2026-09-20,2,GB-WLS,quantile,0.85,119.19752407318946
2026-09-16,ARI incidence,2026-09-20,2,GB-WLS,quantile,0.6,97.33960275399326
2026-09-16,ARI incidence,2026-09-20,2,GB-WLS,quantile,0.99,164.57282849420892
2026-09-16,ARI incidence,2026-09-20,2,GB-WLS,quantile,0.95,139.00595146413588
2026-09-16,ARI incidence,2026-09-20,2,GB-WLS,quantile,0.3,79.96988032042515
2026-09-16,ARI incidence,2026-09-20,2,GB-WLS,quantile,0.1,65.98281160468918
2026-09-16,ARI incidence,2026-09-20,2,GB-WLS,quantile,0.45,88.10988841101471
2026-09-16,ARI incidence,2026-09-20,2,GB-WLS,quantile,0.5,90.93237471504855
2026-09-16,ARI incidence,2026-09-20,2,GB-WLS,quantile,0.25,77.10739642272374
2026-09-16,ARI incidence,2026-09-20,2,GB-WLS,quantile,0.975,150.06396705635473
2026-09-16,ARI incidence,2026-09-20,2,GB-WLS,quantile,0.4,85.53684507087718
2026-09-16,ARI incidence,2026-09-20,2,GB-WLS,quantile,0.35,82.86012896702269
2026-09-16,ARI incidence,2026-09-20,2,GB-WLS,quantile,0.2,73.86620799101627
2026-09-16,ARI incidence,2026-09-20,2,GB-WLS,quantile,0.15,70.41837788422066
2026-09-16,ARI incidence,2026-09-20,2,GB-WLS,median,NA,90.93237471504855
2026-09-16,ARI incidence,2026-09-27,3,GB-WLS,quantile,0.3,68.50057768426166
2026-09-16,ARI incidence,2026-09-27,3,GB-WLS,quantile,0.35,70.41464020063735
2026-09-16,ARI incidence,2026-09-27,3,GB-WLS,quantile,0.8,89.60269492756676
2026-09-16,ARI incidence,2026-09-27,3,GB-WLS,quantile,0.25,66.54845641902992
2026-09-16,ARI incidence,2026-09-27,3,GB-WLS,quantile,0.4,72.17264132410713
2026-09-16,ARI incidence,2026-09-27,3,GB-WLS,quantile,0.85,92.8411520148285
2026-09-16,ARI incidence,2026-09-27,3,GB-WLS,quantile,0.45,73.95697208706514
2026-09-16,ARI incidence,2026-09-27,3,GB-WLS,quantile,0.99,119.21375879116378
2026-09-16,ARI incidence,2026-09-27,3,GB-WLS,quantile,0.2,64.36548854935833
2026-09-16,ARI incidence,2026-09-27,3,GB-WLS,quantile,0.65,81.65647170117259
2026-09-16,ARI incidence,2026-09-27,3,GB-WLS,quantile,0.7,84.06886221559716
2026-09-16,ARI incidence,2026-09-27,3,GB-WLS,quantile,0.75,86.79065387783811
2026-09-16,ARI incidence,2026-09-27,3,GB-WLS,quantile,0.975,110.8766505583582
2026-09-16,ARI incidence,2026-09-27,3,GB-WLS,quantile,0.5,75.83538609850056
2026-09-16,ARI incidence,2026-09-27,3,GB-WLS,quantile,0.15,61.95964526909595
2026-09-16,ARI incidence,2026-09-27,3,GB-WLS,quantile,0.55,77.66098001905613
2026-09-16,ARI incidence,2026-09-27,3,GB-WLS,quantile,0.95,104.70632409755112
2026-09-16,ARI incidence,2026-09-27,3,GB-WLS,quantile,0.9,97.57719157511649
2026-09-16,ARI incidence,2026-09-27,3,GB-WLS,quantile,0.6,79.6732303297336
2026-09-16,ARI incidence,2026-09-27,3,GB-WLS,quantile,0.05,54.9548430319356
2026-09-16,ARI incidence,2026-09-27,3,GB-WLS,quantile,0.1,59.22393533650904
2026-09-16,ARI incidence,2026-09-27,3,GB-WLS,quantile,0.025,51.63550570105523
2026-09-16,ARI incidence,2026-09-27,3,GB-WLS,quantile,0.01,47.805619707067805
2026-09-16,ARI incidence,2026-09-27,3,GB-WLS,median,NA,75.83538609850056
2026-09-16,ARI incidence,2026-10-04,4,GB-WLS,quantile,0.7,107.06167046084587
2026-09-16,ARI incidence,2026-10-04,4,GB-WLS,quantile,0.75,113.45363037459906
2026-09-16,ARI incidence,2026-10-04,4,GB-WLS,quantile,0.8,120.47909062123787
2026-09-16,ARI incidence,2026-10-04,4,GB-WLS,quantile,0.65,101.03449031430355
2026-09-16,ARI incidence,2026-10-04,4,GB-WLS,quantile,0.85,129.37748577001202
2026-09-16,ARI incidence,2026-10-04,4,GB-WLS,quantile,0.6,96.12332018296416
2026-09-16,ARI incidence,2026-10-04,4,GB-WLS,quantile,0.5,88.00816788897318
2026-09-16,ARI incidence,2026-10-04,4,GB-WLS,quantile,0.55,92.04610350895128
2026-09-16,ARI incidence,2026-10-04,4,GB-WLS,quantile,0.45,83.98664097553036
2026-09-16,ARI incidence,2026-10-04,4,GB-WLS,quantile,0.3,72.88494087396963
2026-09-16,ARI incidence,2026-10-04,4,GB-WLS,quantile,0.35,76.67472063659844
2026-09-16,ARI incidence,2026-10-04,4,GB-WLS,quantile,0.25,68.93959448588723
2026-09-16,ARI incidence,2026-10-04,4,GB-WLS,quantile,0.9,141.61628152533433
2026-09-16,ARI incidence,2026-10-04,4,GB-WLS,quantile,0.4,80.1934166282011
2026-09-16,ARI incidence,2026-10-04,4,GB-WLS,quantile,0.2,65.15064504093665
2026-09-16,ARI incidence,2026-10-04,4,GB-WLS,quantile,0.15,60.77163552655887
2026-09-16,ARI incidence,2026-10-04,4,GB-WLS,quantile,0.025,43.19935150875054
2026-09-16,ARI incidence,2026-10-04,4,GB-WLS,quantile,0.05,48.810013717016936
2026-09-16,ARI incidence,2026-10-04,4,GB-WLS,quantile,0.1,55.68352968234983
2026-09-16,ARI incidence,2026-10-04,4,GB-WLS,quantile,0.95,161.35488628752037
2026-09-16,ARI incidence,2026-10-04,4,GB-WLS,quantile,0.99,203.59818437772975
2026-09-16,ARI incidence,2026-10-04,4,GB-WLS,quantile,0.01,38.104423241539735
2026-09-16,ARI incidence,2026-10-04,4,GB-WLS,quantile,0.975,180.6837622639895
2026-09-16,ARI incidence,2026-10-04,4,GB-WLS,median,NA,88.00816788897318
2026-09-16,ARI incidence,2026-09-13,1,HU,quantile,0.01,206.9340894498117
2026-09-16,ARI incidence,2026-09-13,1,HU,quantile,0.025,249.99736481183692
2026-09-16,ARI incidence,2026-09-13,1,HU,quantile,0.05,299.53405617493655
2026-09-16,ARI incidence,2026-09-13,1,HU,quantile,0.3,542.6787222400542
2026-09-16,ARI incidence,2026-09-13,1,HU,quantile,0.35,582.3676565864945
2026-09-16,ARI incidence,2026-09-13,1,HU,quantile,0.4,622.5920642200794
2026-09-16,ARI incidence,2026-09-13,1,HU,quantile,0.45,670.023730601801
2026-09-16,ARI incidence,2026-09-13,1,HU,quantile,0.5,713.3388791612688
2026-09-16,ARI incidence,2026-09-13,1,HU,quantile,0.55,760.3727997395096
2026-09-16,ARI incidence,2026-09-13,1,HU,quantile,0.6,814.4099916648643
2026-09-16,ARI incidence,2026-09-13,1,HU,quantile,0.15,414.82399142791456
2026-09-16,ARI incidence,2026-09-13,1,HU,quantile,0.2,460.8369628518386
2026-09-16,ARI incidence,2026-09-13,1,HU,quantile,0.25,501.5695655210618
2026-09-16,ARI incidence,2026-09-13,1,HU,quantile,0.1,365.2389830729091
2026-09-16,ARI incidence,2026-09-13,1,HU,quantile,0.75,1022.293254914358
2026-09-16,ARI incidence,2026-09-13,1,HU,quantile,0.85,1250.404657954861
2026-09-16,ARI incidence,2026-09-13,1,HU,quantile,0.8,1115.3315974487623
2026-09-16,ARI incidence,2026-09-13,1,HU,quantile,0.9,1429.5272047986086
2026-09-16,ARI incidence,2026-09-13,1,HU,quantile,0.65,874.0256981451864
2026-09-16,ARI incidence,2026-09-13,1,HU,quantile,0.7,943.2072317829192
2026-09-16,ARI incidence,2026-09-13,1,HU,quantile,0.95,1725.6826130347977
2026-09-16,ARI incidence,2026-09-13,1,HU,quantile,0.975,1997.4996947405175
2026-09-16,ARI incidence,2026-09-13,1,HU,quantile,0.99,2322.610371669404
2026-09-16,ARI incidence,2026-09-13,1,HU,median,NA,713.3388791612688
2026-09-16,ARI incidence,2026-09-20,2,HU,quantile,0.025,194.2680196447342
2026-09-16,ARI incidence,2026-09-20,2,HU,quantile,0.01,154.7989719418209
2026-09-16,ARI incidence,2026-09-20,2,HU,quantile,0.6,926.3063416596052
2026-09-16,ARI incidence,2026-09-20,2,HU,quantile,0.55,841.5578941456565
2026-09-16,ARI incidence,2026-09-20,2,HU,quantile,0.65,1020.4069225037416
2026-09-16,ARI incidence,2026-09-20,2,HU,quantile,0.05,236.0698776527845
2026-09-16,ARI incidence,2026-09-20,2,HU,quantile,0.45,703.7705581763094
2026-09-16,ARI incidence,2026-09-20,2,HU,quantile,0.5,767.1243598163169
2026-09-16,ARI incidence,2026-09-20,2,HU,quantile,0.4,643.0831166662671
2026-09-16,ARI incidence,2026-09-20,2,HU,quantile,0.3,529.3889316878565
2026-09-16,ARI incidence,2026-09-20,2,HU,quantile,0.35,585.545133889058
2026-09-16,ARI incidence,2026-09-20,2,HU,quantile,0.1,307.2824171342212
2026-09-16,ARI incidence,2026-09-20,2,HU,quantile,0.15,366.6987604956948
2026-09-16,ARI incidence,2026-09-20,2,HU,quantile,0.2,423.2915269367067
2026-09-16,ARI incidence,2026-09-20,2,HU,quantile,0.7,1124.4224113039015
2026-09-16,ARI incidence,2026-09-20,2,HU,quantile,0.75,1262.2083774509613
2026-09-16,ARI incidence,2026-09-20,2,HU,quantile,0.8,1416.8395920234902
2026-09-16,ARI incidence,2026-09-20,2,HU,quantile,0.25,474.4268960917705
2026-09-16,ARI incidence,2026-09-20,2,HU,quantile,0.85,1645.0039303816072
2026-09-16,ARI incidence,2026-09-20,2,HU,quantile,0.9,1960.4335897913088
2026-09-16,ARI incidence,2026-09-20,2,HU,quantile,0.99,4125.755466408221
2026-09-16,ARI incidence,2026-09-20,2,HU,quantile,0.95,2520.215082835096
2026-09-16,ARI incidence,2026-09-20,2,HU,quantile,0.975,3162.815648190425
2026-09-16,ARI incidence,2026-09-20,2,HU,median,NA,767.1243598163169
2026-09-16,ARI incidence,2026-09-27,3,HU,quantile,0.4,585.1677216124067
2026-09-16,ARI incidence,2026-09-27,3,HU,quantile,0.5,720.4255235536393
2026-09-16,ARI incidence,2026-09-27,3,HU,quantile,0.35,527.8096884656169
2026-09-16,ARI incidence,2026-09-27,3,HU,quantile,0.1,264.3236686681397
2026-09-16,ARI incidence,2026-09-27,3,HU,quantile,0.45,649.6282669101568
2026-09-16,ARI incidence,2026-09-27,3,HU,quantile,0.55,798.7160141321515
2026-09-16,ARI incidence,2026-09-27,3,HU,quantile,0.6,887.2072754796545
2026-09-16,ARI incidence,2026-09-27,3,HU,quantile,0.15,318.38556366479526
2026-09-16,ARI incidence,2026-09-27,3,HU,quantile,0.99,4616.206895131514
2026-09-16,ARI incidence,2026-09-27,3,HU,quantile,0.9,2017.6020296844504
2026-09-16,ARI incidence,2026-09-27,3,HU,quantile,0.975,3433.3705486488266
2026-09-16,ARI incidence,2026-09-27,3,HU,quantile,0.65,978.3219721996654
2026-09-16,ARI incidence,2026-09-27,3,HU,quantile,0.85,1652.372660706773
2026-09-16,ARI incidence,2026-09-27,3,HU,quantile,0.95,2700.2480121089206
2026-09-16,ARI incidence,2026-09-27,3,HU,quantile,0.75,1243.1227424035148
2026-09-16,ARI incidence,2026-09-27,3,HU,quantile,0.8,1408.6895510340682
2026-09-16,ARI incidence,2026-09-27,3,HU,quantile,0.7,1095.2805710385092
2026-09-16,ARI incidence,2026-09-27,3,HU,quantile,0.05,195.85326849196264
2026-09-16,ARI incidence,2026-09-27,3,HU,quantile,0.3,473.6533006330384
2026-09-16,ARI incidence,2026-09-27,3,HU,quantile,0.2,372.18652219434745
2026-09-16,ARI incidence,2026-09-27,3,HU,quantile,0.25,420.4384482916579
2026-09-16,ARI incidence,2026-09-27,3,HU,quantile,0.025,155.15112955361033
2026-09-16,ARI incidence,2026-09-27,3,HU,quantile,0.01,114.72486876147158
2026-09-16,ARI incidence,2026-09-27,3,HU,median,NA,720.4255235536393
2026-09-16,ARI incidence,2026-10-04,4,HU,quantile,0.7,974.7015366080008
2026-09-16,ARI incidence,2026-10-04,4,HU,quantile,0.99,3803.057706202529
2026-09-16,ARI incidence,2026-10-04,4,HU,quantile,0.65,881.2337434020194
2026-09-16,ARI incidence,2026-10-04,4,HU,quantile,0.95,2246.9669412172266
2026-09-16,ARI incidence,2026-10-04,4,HU,quantile,0.975,2901.4103022741947
2026-09-16,ARI incidence,2026-10-04,4,HU,quantile,0.8,1228.8347575535956
2026-09-16,ARI incidence,2026-10-04,4,HU,quantile,0.85,1423.5234069371577
2026-09-16,ARI incidence,2026-10-04,4,HU,quantile,0.75,1084.4708006031046
2026-09-16,ARI incidence,2026-10-04,4,HU,quantile,0.9,1708.865975968134
2026-09-16,ARI incidence,2026-10-04,4,HU,quantile,0.55,715.4833513418348
2026-09-16,ARI incidence,2026-10-04,4,HU,quantile,0.6,796.0573380312112
2026-09-16,ARI incidence,2026-10-04,4,HU,quantile,0.35,491.25478196192273
2026-09-16,ARI incidence,2026-10-04,4,HU,quantile,0.4,540.1444776355058
2026-09-16,ARI incidence,2026-10-04,4,HU,quantile,0.5,652.5069426123185
2026-09-16,ARI incidence,2026-10-04,4,HU,quantile,0.45,593.0164047561584
2026-09-16,ARI incidence,2026-10-04,4,HU,quantile,0.25,393.255400359844
2026-09-16,ARI incidence,2026-10-04,4,HU,quantile,0.3,443.3942149659146
2026-09-16,ARI incidence,2026-10-04,4,HU,quantile,0.01,110.6395762192398
2026-09-16,ARI incidence,2026-10-04,4,HU,quantile,0.15,300.37354913340465
2026-09-16,ARI incidence,2026-10-04,4,HU,quantile,0.1,250.6440805252763
2026-09-16,ARI incidence,2026-10-04,4,HU,quantile,0.2,348.51781186084236
2026-09-16,ARI incidence,2026-10-04,4,HU,quantile,0.05,190.9011640249092
2026-09-16,ARI incidence,2026-10-04,4,HU,quantile,0.025,148.46936691208174
2026-09-16,ARI incidence,2026-10-04,4,HU,median,NA,652.5069426123185
2026-09-16,ARI incidence,2026-09-13,1,IE,quantile,0.8,42.03761598050593
2026-09-16,ARI incidence,2026-09-13,1,IE,quantile,0.7,37.40933997679483
2026-09-16,ARI incidence,2026-09-13,1,IE,quantile,0.75,39.561967546684514
2026-09-16,ARI incidence,2026-09-13,1,IE,quantile,0.5,30.39553708305489
2026-09-16,ARI incidence,2026-09-13,1,IE,quantile,0.45,28.98987141324964
2026-09-16,ARI incidence,2026-09-13,1,IE,quantile,0.4,27.6895222439687
2026-09-16,ARI incidence,2026-09-13,1,IE,quantile,0.35,26.205723907383312
2026-09-16,ARI incidence,2026-09-13,1,IE,quantile,0.65,35.505395699552594
2026-09-16,ARI incidence,2026-09-13,1,IE,quantile,0.99,74.59642512225385
2026-09-16,ARI incidence,2026-09-13,1,IE,quantile,0.6,33.59196558142747
2026-09-16,ARI incidence,2026-09-13,1,IE,quantile,0.55,32.010122636274815
2026-09-16,ARI incidence,2026-09-13,1,IE,quantile,0.85,45.44699148367828
2026-09-16,ARI incidence,2026-09-13,1,IE,quantile,0.9,49.74192772709157
2026-09-16,ARI incidence,2026-09-13,1,IE,quantile,0.975,64.53940620845293
2026-09-16,ARI incidence,2026-09-13,1,IE,quantile,0.95,56.761757602796294
2026-09-16,ARI incidence,2026-09-13,1,IE,quantile,0.3,24.926919200818944
2026-09-16,ARI incidence,2026-09-13,1,IE,quantile,0.25,23.45413461011047
2026-09-16,ARI incidence,2026-09-13,1,IE,quantile,0.15,20.202187925395144
2026-09-16,ARI incidence,2026-09-13,1,IE,quantile,0.2,21.833566949446386
2026-09-16,ARI incidence,2026-09-13,1,IE,quantile,0.05,15.996746683544806
2026-09-16,ARI incidence,2026-09-13,1,IE,quantile,0.1,18.350140725553175
2026-09-16,ARI incidence,2026-09-13,1,IE,quantile,0.025,13.96988844873802
2026-09-16,ARI incidence,2026-09-13,1,IE,quantile,0.01,12.308903656088756
2026-09-16,ARI incidence,2026-09-13,1,IE,median,NA,30.39553708305489
2026-09-16,ARI incidence,2026-09-20,2,IE,quantile,0.9,61.78467437219684
2026-09-16,ARI incidence,2026-09-20,2,IE,quantile,0.95,71.73256163257278
2026-09-16,ARI incidence,2026-09-20,2,IE,quantile,0.99,93.9973246980324
2026-09-16,ARI incidence,2026-09-20,2,IE,quantile,0.975,81.88126581454495
2026-09-16,ARI incidence,2026-09-20,2,IE,quantile,0.75,48.39723150437156
2026-09-16,ARI incidence,2026-09-20,2,IE,quantile,0.8,51.87304393059477
2026-09-16,ARI incidence,2026-09-20,2,IE,quantile,0.85,55.84020760466649
2026-09-16,ARI incidence,2026-09-20,2,IE,quantile,0.65,43.1070543017786
2026-09-16,ARI incidence,2026-09-20,2,IE,quantile,0.7,45.56197909970072
2026-09-16,ARI incidence,2026-09-20,2,IE,quantile,0.15,24.57620147290484
2026-09-16,ARI incidence,2026-09-20,2,IE,quantile,0.2,26.561824343250375
2026-09-16,ARI incidence,2026-09-20,2,IE,quantile,0.4,33.30249773194245
2026-09-16,ARI incidence,2026-09-20,2,IE,quantile,0.6,40.855902415562646
2026-09-16,ARI incidence,2026-09-20,2,IE,quantile,0.25,28.227054911424965
2026-09-16,ARI incidence,2026-09-20,2,IE,quantile,0.35,31.564472570630812
2026-09-16,ARI incidence,2026-09-20,2,IE,quantile,0.45,34.99103530465812
2026-09-16,ARI incidence,2026-09-20,2,IE,quantile,0.5,36.8629037977435
2026-09-16,ARI incidence,2026-09-20,2,IE,quantile,0.55,38.77873395065315
2026-09-16,ARI incidence,2026-09-20,2,IE,quantile,0.3,29.882832214164083
2026-09-16,ARI incidence,2026-09-20,2,IE,quantile,0.01,14.966108802123829
2026-09-16,ARI incidence,2026-09-20,2,IE,quantile,0.05,19.125184136364545
2026-09-16,ARI incidence,2026-09-20,2,IE,quantile,0.025,17.275351919334373
2026-09-16,ARI incidence,2026-09-20,2,IE,quantile,0.1,22.197594821796283
2026-09-16,ARI incidence,2026-09-20,2,IE,median,NA,36.8629037977435
2026-09-16,ARI incidence,2026-09-27,3,IE,quantile,0.3,37.52009957468989
2026-09-16,ARI incidence,2026-09-27,3,IE,quantile,0.8,59.795871010138704
2026-09-16,ARI incidence,2026-09-27,3,IE,quantile,0.65,51.06721030675365
2026-09-16,ARI incidence,2026-09-27,3,IE,quantile,0.9,69.27198961317272
2026-09-16,ARI incidence,2026-09-27,3,IE,quantile,0.95,78.41756643870121
2026-09-16,ARI incidence,2026-09-27,3,IE,quantile,0.975,86.82896930464364
2026-09-16,ARI incidence,2026-09-27,3,IE,quantile,0.99,97.256942902567
2026-09-16,ARI incidence,2026-09-27,3,IE,quantile,0.35,39.2858498498133
2026-09-16,ARI incidence,2026-09-27,3,IE,quantile,0.4,41.04788417180954
2026-09-16,ARI incidence,2026-09-27,3,IE,quantile,0.7,53.64648101612937
2026-09-16,ARI incidence,2026-09-27,3,IE,quantile,0.75,56.34609136631739
2026-09-16,ARI incidence,2026-09-27,3,IE,quantile,0.85,63.47561204192139
2026-09-16,ARI incidence,2026-09-27,3,IE,quantile,0.1,29.18726922545578
2026-09-16,ARI incidence,2026-09-27,3,IE,quantile,0.15,31.665246862648612
2026-09-16,ARI incidence,2026-09-27,3,IE,quantile,0.2,33.779481374539884
2026-09-16,ARI incidence,2026-09-27,3,IE,quantile,0.6,48.68151247448645
2026-09-16,ARI incidence,2026-09-27,3,IE,quantile,0.25,35.63535126693684
2026-09-16,ARI incidence,2026-09-27,3,IE,quantile,0.05,25.79440446324019
2026-09-16,ARI incidence,2026-09-27,3,IE,quantile,0.5,44.703136915953955
2026-09-16,ARI incidence,2026-09-27,3,IE,quantile,0.025,23.257853117364245
2026-09-16,ARI incidence,2026-09-27,3,IE,quantile,0.55,46.64168047939549
2026-09-16,ARI incidence,2026-09-27,3,IE,quantile,0.45,42.829732814639925
2026-09-16,ARI incidence,2026-09-27,3,IE,quantile,0.01,20.294957594010217
2026-09-16,ARI incidence,2026-09-27,3,IE,median,NA,44.703136915953955
2026-09-16,ARI incidence,2026-10-04,4,IE,quantile,0.95,69.20176662039279
2026-09-16,ARI incidence,2026-10-04,4,IE,quantile,0.975,73.40134906213505
2026-09-16,ARI incidence,2026-10-04,4,IE,quantile,0.75,57.5528925196922
2026-09-16,ARI incidence,2026-10-04,4,IE,quantile,0.65,54.57156119734037
2026-09-16,ARI incidence,2026-10-04,4,IE,quantile,0.99,78.83552129726465
2026-09-16,ARI incidence,2026-10-04,4,IE,quantile,0.6,53.1479219074544
2026-09-16,ARI incidence,2026-10-04,4,IE,quantile,0.55,51.82753083042518
2026-09-16,ARI incidence,2026-10-04,4,IE,quantile,0.7,55.97061911693828
2026-09-16,ARI incidence,2026-10-04,4,IE,quantile,0.9,64.56707909389763
2026-09-16,ARI incidence,2026-10-04,4,IE,quantile,0.5,50.67246128035151
2026-09-16,ARI incidence,2026-10-04,4,IE,quantile,0.8,59.492943571031255
2026-09-16,ARI incidence,2026-10-04,4,IE,quantile,0.85,61.59446296351038
2026-09-16,ARI incidence,2026-10-04,4,IE,quantile,0.4,48.1656030519205
2026-09-16,ARI incidence,2026-10-04,4,IE,quantile,0.45,49.40019548588877
2026-09-16,ARI incidence,2026-10-04,4,IE,quantile,0.35,46.97345417569301
2026-09-16,ARI incidence,2026-10-04,4,IE,quantile,0.025,34.653123239624335
2026-09-16,ARI incidence,2026-10-04,4,IE,quantile,0.05,36.79684754095573
2026-09-16,ARI incidence,2026-10-04,4,IE,quantile,0.1,39.6646384427557
2026-09-16,ARI incidence,2026-10-04,4,IE,quantile,0.15,41.501692084393866
2026-09-16,ARI incidence,2026-10-04,4,IE,quantile,0.2,43.14176102092127
2026-09-16,ARI incidence,2026-10-04,4,IE,quantile,0.25,44.45999744057829
2026-09-16,ARI incidence,2026-10-04,4,IE,quantile,0.3,45.75660434232761
2026-09-16,ARI incidence,2026-10-04,4,IE,quantile,0.01,32.26104922826764
2026-09-16,ARI incidence,2026-10-04,4,IE,median,NA,50.67246128035151
2026-09-16,ARI incidence,2026-09-13,1,IS,quantile,0.2,48.60263363947409
2026-09-16,ARI incidence,2026-09-13,1,IS,quantile,0.025,41.72731131958408
2026-09-16,ARI incidence,2026-09-13,1,IS,quantile,0.05,43.421956037768446
2026-09-16,ARI incidence,2026-09-13,1,IS,quantile,0.35,51.860012182884475
2026-09-16,ARI incidence,2026-09-13,1,IS,quantile,0.4,52.79484153691817
2026-09-16,ARI incidence,2026-09-13,1,IS,quantile,0.25,49.74773699262019
2026-09-16,ARI incidence,2026-09-13,1,IS,quantile,0.3,50.82686996151752
2026-09-16,ARI incidence,2026-09-13,1,IS,quantile,0.75,59.989154535658805
2026-09-16,ARI incidence,2026-09-13,1,IS,quantile,0.5,54.5509333146769
2026-09-16,ARI incidence,2026-09-13,1,IS,quantile,0.55,55.54226589026969
2026-09-16,ARI incidence,2026-09-13,1,IS,quantile,0.45,53.63301406424005
2026-09-16,ARI incidence,2026-09-13,1,IS,quantile,0.6,56.57362339566801
2026-09-16,ARI incidence,2026-09-13,1,IS,quantile,0.7,58.78399999414149
2026-09-16,ARI incidence,2026-09-13,1,IS,quantile,0.1,45.663369825532655
2026-09-16,ARI incidence,2026-09-13,1,IS,quantile,0.15,47.17628029003954
2026-09-16,ARI incidence,2026-09-13,1,IS,quantile,0.01,39.7220444254244
2026-09-16,ARI incidence,2026-09-13,1,IS,quantile,0.8,61.393994793709
2026-09-16,ARI incidence,2026-09-13,1,IS,quantile,0.85,63.13873984149569
2026-09-16,ARI incidence,2026-09-13,1,IS,quantile,0.65,57.69335953785951
2026-09-16,ARI incidence,2026-09-13,1,IS,quantile,0.9,65.1286421762302
2026-09-16,ARI incidence,2026-09-13,1,IS,quantile,0.99,75.61579236880732
2026-09-16,ARI incidence,2026-09-13,1,IS,quantile,0.95,68.54574908954103
2026-09-16,ARI incidence,2026-09-13,1,IS,quantile,0.975,71.68170110428852
2026-09-16,ARI incidence,2026-09-13,1,IS,median,NA,54.5509333146769
2026-09-16,ARI incidence,2026-09-20,2,IS,quantile,0.05,45.50184760162142
2026-09-16,ARI incidence,2026-09-20,2,IS,quantile,0.15,48.55403185730668
2026-09-16,ARI incidence,2026-09-20,2,IS,quantile,0.01,42.17395797587859
2026-09-16,ARI incidence,2026-09-20,2,IS,quantile,0.025,44.02119840262211
2026-09-16,ARI incidence,2026-09-20,2,IS,quantile,0.1,47.31706409906021
2026-09-16,ARI incidence,2026-09-20,2,IS,quantile,0.2,49.61348964568857
2026-09-16,ARI incidence,2026-09-20,2,IS,quantile,0.25,50.555772392668366
2026-09-16,ARI incidence,2026-09-20,2,IS,quantile,0.3,51.35952475535781
2026-09-16,ARI incidence,2026-09-20,2,IS,quantile,0.35,52.10412667080981
2026-09-16,ARI incidence,2026-09-20,2,IS,quantile,0.4,52.82700256974286
2026-09-16,ARI incidence,2026-09-20,2,IS,quantile,0.45,53.53535238401233
2026-09-16,ARI incidence,2026-09-20,2,IS,quantile,0.5,54.22903038066298
2026-09-16,ARI incidence,2026-09-20,2,IS,quantile,0.55,54.959805086667565
2026-09-16,ARI incidence,2026-09-20,2,IS,quantile,0.975,67.00624343312327
2026-09-16,ARI incidence,2026-09-20,2,IS,quantile,0.99,69.2964731185104
2026-09-16,ARI incidence,2026-09-20,2,IS,quantile,0.75,58.342193266720024
2026-09-16,ARI incidence,2026-09-20,2,IS,quantile,0.6,55.774398968216175
2026-09-16,ARI incidence,2026-09-20,2,IS,quantile,0.95,64.87669056832821
2026-09-16,ARI incidence,2026-09-20,2,IS,quantile,0.65,56.57342365038433
2026-09-16,ARI incidence,2026-09-20,2,IS,quantile,0.7,57.411011166045355
2026-09-16,ARI incidence,2026-09-20,2,IS,quantile,0.85,60.65016523882518
2026-09-16,ARI incidence,2026-09-20,2,IS,quantile,0.9,62.38978924251035
2026-09-16,ARI incidence,2026-09-20,2,IS,quantile,0.8,59.38408443713199
2026-09-16,ARI incidence,2026-09-20,2,IS,median,NA,54.22903038066298
2026-09-16,ARI incidence,2026-09-27,3,IS,quantile,0.01,31.120706469770273
2026-09-16,ARI incidence,2026-09-27,3,IS,quantile,0.99,79.96541646978233
2026-09-16,ARI incidence,2026-09-27,3,IS,quantile,0.5,49.64937141798863
2026-09-16,ARI incidence,2026-09-27,3,IS,quantile,0.45,48.444804861800336
2026-09-16,ARI incidence,2026-09-27,3,IS,quantile,0.75,57.26203018015393
2026-09-16,ARI incidence,2026-09-27,3,IS,quantile,0.975,74.48391876985252
2026-09-16,ARI incidence,2026-09-27,3,IS,quantile,0.025,33.31090480428544
2026-09-16,ARI incidence,2026-09-27,3,IS,quantile,0.4,47.28175760008168
2026-09-16,ARI incidence,2026-09-27,3,IS,quantile,0.7,55.364793147990696
2026-09-16,ARI incidence,2026-09-27,3,IS,quantile,0.05,35.61579506757664
2026-09-16,ARI incidence,2026-09-27,3,IS,quantile,0.6,52.28915408039835
2026-09-16,ARI incidence,2026-09-27,3,IS,quantile,0.65,53.820503682690166
2026-09-16,ARI incidence,2026-09-27,3,IS,quantile,0.85,61.503170808650395
2026-09-16,ARI incidence,2026-09-27,3,IS,quantile,0.55,51.01592342040465
2026-09-16,ARI incidence,2026-09-27,3,IS,quantile,0.8,59.229678843149834
2026-09-16,ARI incidence,2026-09-27,3,IS,quantile,0.2,41.96902458593765
2026-09-16,ARI incidence,2026-09-27,3,IS,quantile,0.9,64.67586135935987
2026-09-16,ARI incidence,2026-09-27,3,IS,quantile,0.3,44.759625414739034
2026-09-16,ARI incidence,2026-09-27,3,IS,quantile,0.35,46.04942175644882
2026-09-16,ARI incidence,2026-09-27,3,IS,quantile,0.25,43.35005285564737
2026-09-16,ARI incidence,2026-09-27,3,IS,quantile,0.95,69.61878016857435
2026-09-16,ARI incidence,2026-09-27,3,IS,quantile,0.15,40.25492430505554
2026-09-16,ARI incidence,2026-09-27,3,IS,quantile,0.1,38.22342611215553
2026-09-16,ARI incidence,2026-09-27,3,IS,median,NA,49.64937141798863
2026-09-16,ARI incidence,2026-10-04,4,IS,quantile,0.4,45.22789336725172
2026-09-16,ARI incidence,2026-10-04,4,IS,quantile,0.01,26.58629621244483
2026-09-16,ARI incidence,2026-10-04,4,IS,quantile,0.025,28.995790456843917
2026-09-16,ARI incidence,2026-10-04,4,IS,quantile,0.45,46.86869102655068
2026-09-16,ARI incidence,2026-10-04,4,IS,quantile,0.1,34.506335674921914
2026-09-16,ARI incidence,2026-10-04,4,IS,quantile,0.5,48.32099921008705
2026-09-16,ARI incidence,2026-10-04,4,IS,quantile,0.7,55.20113029875672
2026-09-16,ARI incidence,2026-10-04,4,IS,quantile,0.99,88.91249770027979
2026-09-16,ARI incidence,2026-10-04,4,IS,quantile,0.95,74.04511048988364
2026-09-16,ARI incidence,2026-10-04,4,IS,quantile,0.05,31.197726139599112
2026-09-16,ARI incidence,2026-10-04,4,IS,quantile,0.15,37.019780485925374
2026-09-16,ARI incidence,2026-10-04,4,IS,quantile,0.75,57.47665293622816
2026-09-16,ARI incidence,2026-10-04,4,IS,quantile,0.975,80.47684337097677
2026-09-16,ARI incidence,2026-10-04,4,IS,quantile,0.2,38.94097165143359
2026-09-16,ARI incidence,2026-10-04,4,IS,quantile,0.55,49.83641398049526
2026-09-16,ARI incidence,2026-10-04,4,IS,quantile,0.85,63.07040983178445
2026-09-16,ARI incidence,2026-10-04,4,IS,quantile,0.9,67.16091943107895
2026-09-16,ARI incidence,2026-10-04,4,IS,quantile,0.8,59.981140155732135
2026-09-16,ARI incidence,2026-10-04,4,IS,quantile,0.25,40.55865760497596
2026-09-16,ARI incidence,2026-10-04,4,IS,quantile,0.65,53.193715662624015
2026-09-16,ARI incidence,2026-10-04,4,IS,quantile,0.3,42.13886704957536
2026-09-16,ARI incidence,2026-10-04,4,IS,quantile,0.6,51.49585970259308
2026-09-16,ARI incidence,2026-10-04,4,IS,quantile,0.35,43.63332901143342
2026-09-16,ARI incidence,2026-10-04,4,IS,median,NA,48.32099921008705
2026-09-16,ARI incidence,2026-09-13,1,LT,quantile,0.99,409.06743632402225
2026-09-16,ARI incidence,2026-09-13,1,LT,quantile,0.8,245.2494159699416
2026-09-16,ARI incidence,2026-09-13,1,LT,quantile,0.95,321.4342437033299
2026-09-16,ARI incidence,2026-09-13,1,LT,quantile,0.975,360.2431534203152
2026-09-16,ARI incidence,2026-09-13,1,LT,quantile,0.85,260.63377884211366
2026-09-16,ARI incidence,2026-09-13,1,LT,quantile,0.35,157.3467842524706
2026-09-16,ARI incidence,2026-09-13,1,LT,quantile,0.4,165.1643171439609
2026-09-16,ARI incidence,2026-09-13,1,LT,quantile,0.9,283.0509420214763
2026-09-16,ARI incidence,2026-09-13,1,LT,quantile,0.3,149.59677488835564
2026-09-16,ARI incidence,2026-09-13,1,LT,quantile,0.15,124.62332663883775
2026-09-16,ARI incidence,2026-09-13,1,LT,quantile,0.2,133.0340370080226
2026-09-16,ARI incidence,2026-09-13,1,LT,quantile,0.25,141.54947691550134
2026-09-16,ARI incidence,2026-09-13,1,LT,quantile,0.45,172.916092046445
2026-09-16,ARI incidence,2026-09-13,1,LT,quantile,0.75,230.4796407739641
2026-09-16,ARI incidence,2026-09-13,1,LT,quantile,0.05,99.98636601948644
2026-09-16,ARI incidence,2026-09-13,1,LT,quantile,0.1,113.6695156078247
2026-09-16,ARI incidence,2026-09-13,1,LT,quantile,0.7,217.78593692685172
2026-09-16,ARI incidence,2026-09-13,1,LT,quantile,0.65,207.20329614046616
2026-09-16,ARI incidence,2026-09-13,1,LT,quantile,0.5,180.9138681547163
2026-09-16,ARI incidence,2026-09-13,1,LT,quantile,0.6,197.99688406751096
2026-09-16,ARI incidence,2026-09-13,1,LT,quantile,0.01,79.06209375384324
2026-09-16,ARI incidence,2026-09-13,1,LT,quantile,0.025,89.26213938652639
2026-09-16,ARI incidence,2026-09-13,1,LT,quantile,0.55,189.03167694863023
2026-09-16,ARI incidence,2026-09-13,1,LT,median,NA,180.9138681547163
2026-09-16,ARI incidence,2026-09-20,2,LT,quantile,0.15,158.61875954248694
2026-09-16,ARI incidence,2026-09-20,2,LT,quantile,0.2,168.09725966655046
2026-09-16,ARI incidence,2026-09-20,2,LT,quantile,0.25,177.14825528139454
2026-09-16,ARI incidence,2026-09-20,2,LT,quantile,0.01,109.37583459051456
2026-09-16,ARI incidence,2026-09-20,2,LT,quantile,0.025,120.8024090432503
2026-09-16,ARI incidence,2026-09-20,2,LT,quantile,0.05,132.44993700807393
2026-09-16,ARI incidence,2026-09-20,2,LT,quantile,0.1,147.25724400106702
2026-09-16,ARI incidence,2026-09-20,2,LT,quantile,0.3,184.99154046717385
2026-09-16,ARI incidence,2026-09-20,2,LT,quantile,0.4,200.4161408217828
2026-09-16,ARI incidence,2026-09-20,2,LT,quantile,0.35,193.3433378934883
2026-09-16,ARI incidence,2026-09-20,2,LT,quantile,0.45,208.12927512822773
2026-09-16,ARI incidence,2026-09-20,2,LT,quantile,0.5,215.77332649373403
2026-09-16,ARI incidence,2026-09-20,2,LT,quantile,0.75,263.69533681993016
2026-09-16,ARI incidence,2026-09-20,2,LT,quantile,0.8,277.78428373205753
2026-09-16,ARI incidence,2026-09-20,2,LT,quantile,0.85,294.13339818627674
2026-09-16,ARI incidence,2026-09-20,2,LT,quantile,0.55,224.131085439747
2026-09-16,ARI incidence,2026-09-20,2,LT,quantile,0.9,317.4316868646918
2026-09-16,ARI incidence,2026-09-20,2,LT,quantile,0.95,354.3101136173853
2026-09-16,ARI incidence,2026-09-20,2,LT,quantile,0.975,388.22677436293947
2026-09-16,ARI incidence,2026-09-20,2,LT,quantile,0.99,445.166238809511
2026-09-16,ARI incidence,2026-09-20,2,LT,quantile,0.65,242.23554729169743
2026-09-16,ARI incidence,2026-09-20,2,LT,quantile,0.7,252.27327952598063
2026-09-16,ARI incidence,2026-09-20,2,LT,quantile,0.6,232.3881898879223
2026-09-16,ARI incidence,2026-09-20,2,LT,median,NA,215.77332649373403
2026-09-16,ARI incidence,2026-09-27,3,LT,quantile,0.99,306.6729639343482
2026-09-16,ARI incidence,2026-09-27,3,LT,quantile,0.9,282.2907665845277
2026-09-16,ARI incidence,2026-09-27,3,LT,quantile,0.975,297.449309299074
2026-09-16,ARI incidence,2026-09-27,3,LT,quantile,0.95,290.2024010431448
2026-09-16,ARI incidence,2026-09-27,3,LT,quantile,0.85,276.8856556749091
2026-09-16,ARI incidence,2026-09-27,3,LT,quantile,0.8,272.75883160435876
2026-09-16,ARI incidence,2026-09-27,3,LT,quantile,0.75,269.5138735115013
2026-09-16,ARI incidence,2026-09-27,3,LT,quantile,0.7,266.29170304043976
2026-09-16,ARI incidence,2026-09-27,3,LT,quantile,0.6,260.61302688752227
2026-09-16,ARI incidence,2026-09-27,3,LT,quantile,0.5,255.29406384215895
2026-09-16,ARI incidence,2026-09-27,3,LT,quantile,0.45,252.85408175008791
2026-09-16,ARI incidence,2026-09-27,3,LT,quantile,0.65,263.16717824551324
2026-09-16,ARI incidence,2026-09-27,3,LT,quantile,0.55,257.8949474781448
2026-09-16,ARI incidence,2026-09-27,3,LT,quantile,0.35,247.54712276297357
2026-09-16,ARI incidence,2026-09-27,3,LT,quantile,0.2,238.7687430716501
2026-09-16,ARI incidence,2026-09-27,3,LT,quantile,0.4,250.25325504204116
2026-09-16,ARI incidence,2026-09-27,3,LT,quantile,0.3,245.07174893927385
2026-09-16,ARI incidence,2026-09-27,3,LT,quantile,0.15,235.16631628428885
2026-09-16,ARI incidence,2026-09-27,3,LT,quantile,0.25,242.0694303963709
2026-09-16,ARI incidence,2026-09-27,3,LT,quantile,0.025,218.55734212017512
2026-09-16,ARI incidence,2026-09-27,3,LT,quantile,0.1,230.8150133995549
2026-09-16,ARI incidence,2026-09-27,3,LT,quantile,0.05,224.16926535180664
2026-09-16,ARI incidence,2026-09-27,3,LT,quantile,0.01,212.5599994946027
2026-09-16,ARI incidence,2026-09-27,3,LT,median,NA,255.29406384215895
2026-09-16,ARI incidence,2026-10-04,4,LT,quantile,0.8,230.14805873359575
2026-09-16,ARI incidence,2026-10-04,4,LT,quantile,0.75,229.93921232202248
2026-09-16,ARI incidence,2026-10-04,4,LT,quantile,0.7,229.754084762447
2026-09-16,ARI incidence,2026-10-04,4,LT,quantile,0.85,230.39470535613
2026-09-16,ARI incidence,2026-10-04,4,LT,quantile,0.65,229.56128740619
2026-09-16,ARI incidence,2026-10-04,4,LT,quantile,0.55,229.21965875605943
2026-09-16,ARI incidence,2026-10-04,4,LT,quantile,0.6,229.39690345936083
2026-09-16,ARI incidence,2026-10-04,4,LT,quantile,0.9,230.71162005668063
2026-09-16,ARI incidence,2026-10-04,4,LT,quantile,0.99,232.09851120539776
2026-09-16,ARI incidence,2026-10-04,4,LT,quantile,0.95,231.2170541811622
2026-09-16,ARI incidence,2026-10-04,4,LT,quantile,0.975,231.60882100462192
2026-09-16,ARI incidence,2026-10-04,4,LT,quantile,0.45,228.88955861451848
2026-09-16,ARI incidence,2026-10-04,4,LT,quantile,0.5,229.0564021586782
2026-09-16,ARI incidence,2026-10-04,4,LT,quantile,0.4,228.7310958538974
2026-09-16,ARI incidence,2026-10-04,4,LT,quantile,0.35,228.56546403300845
2026-09-16,ARI incidence,2026-10-04,4,LT,quantile,0.15,227.68587182289193
2026-09-16,ARI incidence,2026-10-04,4,LT,quantile,0.3,228.3888255414252
2026-09-16,ARI incidence,2026-10-04,4,LT,quantile,0.25,228.17443555985065
2026-09-16,ARI incidence,2026-10-04,4,LT,quantile,0.2,227.94749273293868
2026-09-16,ARI incidence,2026-10-04,4,LT,quantile,0.1,227.39311066028552
2026-09-16,ARI incidence,2026-10-04,4,LT,quantile,0.05,226.94185601884584
2026-09-16,ARI incidence,2026-10-04,4,LT,quantile,0.025,226.5706951666402
2026-09-16,ARI incidence,2026-10-04,4,LT,quantile,0.01,226.0259964803625
2026-09-16,ARI incidence,2026-10-04,4,LT,median,NA,229.0564021586782
2026-09-16,ARI incidence,2026-09-13,1,LU,quantile,0.99,20174.874175425633
2026-09-16,ARI incidence,2026-09-13,1,LU,quantile,0.85,8795.1956436829
2026-09-16,ARI incidence,2026-09-13,1,LU,quantile,0.9,10288.55251718612
2026-09-16,ARI incidence,2026-09-13,1,LU,quantile,0.975,15708.462756451903
2026-09-16,ARI incidence,2026-09-13,1,LU,quantile,0.95,13016.048272809536
2026-09-16,ARI incidence,2026-09-13,1,LU,quantile,0.01,1062.5687568714693
2026-09-16,ARI incidence,2026-09-13,1,LU,quantile,0.025,1321.2024454428613
2026-09-16,ARI incidence,2026-09-13,1,LU,quantile,0.05,1602.4165731914757
2026-09-16,ARI incidence,2026-09-13,1,LU,quantile,0.1,2003.467196185335
2026-09-16,ARI incidence,2026-09-13,1,LU,quantile,0.15,2338.3059309887085
2026-09-16,ARI incidence,2026-09-13,1,LU,quantile,0.2,2669.8776218467583
2026-09-16,ARI incidence,2026-09-13,1,LU,quantile,0.25,2970.323285996463
2026-09-16,ARI incidence,2026-09-13,1,LU,quantile,0.3,3272.0531312227827
2026-09-16,ARI incidence,2026-09-13,1,LU,quantile,0.35,3577.085897637082
2026-09-16,ARI incidence,2026-09-13,1,LU,quantile,0.4,3879.259496889766
2026-09-16,ARI incidence,2026-09-13,1,LU,quantile,0.45,4198.429500942687
2026-09-16,ARI incidence,2026-09-13,1,LU,quantile,0.5,4533.327008349466
2026-09-16,ARI incidence,2026-09-13,1,LU,quantile,0.55,4880.114439182119
2026-09-16,ARI incidence,2026-09-13,1,LU,quantile,0.6,5319.801336833996
2026-09-16,ARI incidence,2026-09-13,1,LU,quantile,0.65,5754.711476252559
2026-09-16,ARI incidence,2026-09-13,1,LU,quantile,0.7,6317.75545624793
2026-09-16,ARI incidence,2026-09-13,1,LU,quantile,0.75,6935.489455363233
2026-09-16,ARI incidence,2026-09-13,1,LU,quantile,0.8,7772.192553648339
2026-09-16,ARI incidence,2026-09-13,1,LU,median,NA,4533.327008349466
2026-09-16,ARI incidence,2026-09-20,2,LU,quantile,0.01,1210.4156909726237
2026-09-16,ARI incidence,2026-09-20,2,LU,quantile,0.025,1529.4524926540607
2026-09-16,ARI incidence,2026-09-20,2,LU,quantile,0.05,1882.595938708253
2026-09-16,ARI incidence,2026-09-20,2,LU,quantile,0.1,2369.189089625357
2026-09-16,ARI incidence,2026-09-20,2,LU,quantile,0.15,2753.0242074472594
2026-09-16,ARI incidence,2026-09-20,2,LU,quantile,0.2,3127.7682237964195
2026-09-16,ARI incidence,2026-09-20,2,LU,quantile,0.25,3462.113452700519
2026-09-16,ARI incidence,2026-09-20,2,LU,quantile,0.3,3794.8680513444183
2026-09-16,ARI incidence,2026-09-20,2,LU,quantile,0.35,4162.733828233289
2026-09-16,ARI incidence,2026-09-20,2,LU,quantile,0.4,4538.679325888168
2026-09-16,ARI incidence,2026-09-20,2,LU,quantile,0.45,4912.2691645795585
2026-09-16,ARI incidence,2026-09-20,2,LU,quantile,0.5,5296.627125921645
2026-09-16,ARI incidence,2026-09-20,2,LU,quantile,0.55,5709.666322854947
2026-09-16,ARI incidence,2026-09-20,2,LU,quantile,0.6,6194.328394243216
2026-09-16,ARI incidence,2026-09-20,2,LU,quantile,0.65,6748.0329563400865
2026-09-16,ARI incidence,2026-09-20,2,LU,quantile,0.7,7430.306878599661
2026-09-16,ARI incidence,2026-09-20,2,LU,quantile,0.75,8096.091870805436
2026-09-16,ARI incidence,2026-09-20,2,LU,quantile,0.8,8968.618261668702
2026-09-16,ARI incidence,2026-09-20,2,LU,quantile,0.85,10224.39745547615
2026-09-16,ARI incidence,2026-09-20,2,LU,quantile,0.9,11853.639432211568
2026-09-16,ARI incidence,2026-09-20,2,LU,quantile,0.95,14794.16861081033
2026-09-16,ARI incidence,2026-09-20,2,LU,quantile,0.975,17902.23452462976
2026-09-16,ARI incidence,2026-09-20,2,LU,quantile,0.99,22821.512492204027
2026-09-16,ARI incidence,2026-09-20,2,LU,median,NA,5296.627125921645
2026-09-16,ARI incidence,2026-09-27,3,LU,quantile,0.99,14188.349567361403
2026-09-16,ARI incidence,2026-09-27,3,LU,quantile,0.975,12795.896289356891
2026-09-16,ARI incidence,2026-09-27,3,LU,quantile,0.01,3154.504065276488
2026-09-16,ARI incidence,2026-09-27,3,LU,quantile,0.025,3550.577364123928
2026-09-16,ARI incidence,2026-09-27,3,LU,quantile,0.05,3931.509185295547
2026-09-16,ARI incidence,2026-09-27,3,LU,quantile,0.1,4434.755313737466
2026-09-16,ARI incidence,2026-09-27,3,LU,quantile,0.15,4821.371006418659
2026-09-16,ARI incidence,2026-09-27,3,LU,quantile,0.2,5144.847880926585
2026-09-16,ARI incidence,2026-09-27,3,LU,quantile,0.25,5434.163343502864
2026-09-16,ARI incidence,2026-09-27,3,LU,quantile,0.3,5730.5827437262715
2026-09-16,ARI incidence,2026-09-27,3,LU,quantile,0.35,5987.150332104798
2026-09-16,ARI incidence,2026-09-27,3,LU,quantile,0.4,6257.548424976856
2026-09-16,ARI incidence,2026-09-27,3,LU,quantile,0.45,6513.305079877382
2026-09-16,ARI incidence,2026-09-27,3,LU,quantile,0.5,6775.175769831306
2026-09-16,ARI incidence,2026-09-27,3,LU,quantile,0.55,7056.417398450969
2026-09-16,ARI incidence,2026-09-27,3,LU,quantile,0.6,7341.016062950508
2026-09-16,ARI incidence,2026-09-27,3,LU,quantile,0.65,7666.257726698179
2026-09-16,ARI incidence,2026-09-27,3,LU,quantile,0.7,8011.554257471475
2026-09-16,ARI incidence,2026-09-27,3,LU,quantile,0.75,8385.522972328017
2026-09-16,ARI incidence,2026-09-27,3,LU,quantile,0.8,8858.7890671864
2026-09-16,ARI incidence,2026-09-27,3,LU,quantile,0.85,9415.606596379015
2026-09-16,ARI incidence,2026-09-27,3,LU,quantile,0.9,10266.126418566808
2026-09-16,ARI incidence,2026-09-27,3,LU,quantile,0.95,11541.719926866645
2026-09-16,ARI incidence,2026-09-27,3,LU,median,NA,6775.175769831306
2026-09-16,ARI incidence,2026-10-04,4,LU,quantile,0.01,402.1303135060311
2026-09-16,ARI incidence,2026-10-04,4,LU,quantile,0.025,585.7737509062507
2026-09-16,ARI incidence,2026-10-04,4,LU,quantile,0.05,801.0451224507433
2026-09-16,ARI incidence,2026-10-04,4,LU,quantile,0.1,1137.5735471588378
2026-09-16,ARI incidence,2026-10-04,4,LU,quantile,0.15,1439.700834203961
2026-09-16,ARI incidence,2026-10-04,4,LU,quantile,0.2,1735.6992784922018
2026-09-16,ARI incidence,2026-10-04,4,LU,quantile,0.25,2027.4637564824504
2026-09-16,ARI incidence,2026-10-04,4,LU,quantile,0.3,2348.379935758148
2026-09-16,ARI incidence,2026-10-04,4,LU,quantile,0.35,2663.851272691476
2026-09-16,ARI incidence,2026-10-04,4,LU,quantile,0.4,3040.0227513840746
2026-09-16,ARI incidence,2026-10-04,4,LU,quantile,0.45,3430.548145248842
2026-09-16,ARI incidence,2026-10-04,4,LU,quantile,0.5,3845.21489230132
2026-09-16,ARI incidence,2026-10-04,4,LU,quantile,0.55,4378.979730181154
2026-09-16,ARI incidence,2026-10-04,4,LU,quantile,0.6,4975.7023975256
2026-09-16,ARI incidence,2026-10-04,4,LU,quantile,0.65,5671.828221430649
2026-09-16,ARI incidence,2026-10-04,4,LU,quantile,0.7,6516.378574284996
2026-09-16,ARI incidence,2026-10-04,4,LU,quantile,0.75,7583.34034318482
2026-09-16,ARI incidence,2026-10-04,4,LU,quantile,0.8,8886.78817951471
2026-09-16,ARI incidence,2026-10-04,4,LU,quantile,0.85,10544.881215788935
2026-09-16,ARI incidence,2026-10-04,4,LU,quantile,0.9,13145.89283082803
2026-09-16,ARI incidence,2026-10-04,4,LU,quantile,0.95,18626.2876013066
2026-09-16,ARI incidence,2026-10-04,4,LU,quantile,0.975,24867.63814259351
2026-09-16,ARI incidence,2026-10-04,4,LU,quantile,0.99,35702.534693315385
2026-09-16,ARI incidence,2026-10-04,4,LU,median,NA,3845.21489230132
2026-09-16,ARI incidence,2026-09-13,1,NL,quantile,0.85,100.40553645969293
2026-09-16,ARI incidence,2026-09-13,1,NL,quantile,0.9,102.14012520203356
2026-09-16,ARI incidence,2026-09-13,1,NL,quantile,0.95,105.03596148170942
2026-09-16,ARI incidence,2026-09-13,1,NL,quantile,0.975,107.60338133869406
2026-09-16,ARI incidence,2026-09-13,1,NL,quantile,0.99,110.33569555196868
2026-09-16,ARI incidence,2026-09-13,1,NL,quantile,0.01,76.9996583154474
2026-09-16,ARI incidence,2026-09-13,1,NL,quantile,0.025,79.18889281850188
2026-09-16,ARI incidence,2026-09-13,1,NL,quantile,0.05,81.31973385745886
2026-09-16,ARI incidence,2026-09-13,1,NL,quantile,0.1,83.69713465972629
2026-09-16,ARI incidence,2026-09-13,1,NL,quantile,0.15,85.37447747902598
2026-09-16,ARI incidence,2026-09-13,1,NL,quantile,0.2,86.76510243270374
2026-09-16,ARI incidence,2026-09-13,1,NL,quantile,0.25,87.92540898778091
2026-09-16,ARI incidence,2026-09-13,1,NL,quantile,0.3,88.97716550055779
2026-09-16,ARI incidence,2026-09-13,1,NL,quantile,0.35,89.9280493869889
2026-09-16,ARI incidence,2026-09-13,1,NL,quantile,0.4,90.88357974461414
2026-09-16,ARI incidence,2026-09-13,1,NL,quantile,0.45,91.75294389526348
2026-09-16,ARI incidence,2026-09-13,1,NL,quantile,0.5,92.6761201850024
2026-09-16,ARI incidence,2026-09-13,1,NL,quantile,0.55,93.51900387424875
2026-09-16,ARI incidence,2026-09-13,1,NL,quantile,0.6,94.50752759442152
2026-09-16,ARI incidence,2026-09-13,1,NL,quantile,0.65,95.45038146974431
2026-09-16,ARI incidence,2026-09-13,1,NL,quantile,0.7,96.42828295637564
2026-09-16,ARI incidence,2026-09-13,1,NL,quantile,0.75,97.5156675038938
2026-09-16,ARI incidence,2026-09-13,1,NL,quantile,0.8,98.8076133602883
2026-09-16,ARI incidence,2026-09-13,1,NL,median,NA,92.6761201850024
2026-09-16,ARI incidence,2026-09-20,2,NL,quantile,0.975,110.6862043874408
2026-09-16,ARI incidence,2026-09-20,2,NL,quantile,0.99,115.21361945594204
2026-09-16,ARI incidence,2026-09-20,2,NL,quantile,0.6,91.87093715159564
2026-09-16,ARI incidence,2026-09-20,2,NL,quantile,0.7,94.56312853808684
2026-09-16,ARI incidence,2026-09-20,2,NL,quantile,0.75,96.14328213921186
2026-09-16,ARI incidence,2026-09-20,2,NL,quantile,0.8,97.91918048664866
2026-09-16,ARI incidence,2026-09-20,2,NL,quantile,0.85,100.0580698436599
2026-09-16,ARI incidence,2026-09-20,2,NL,quantile,0.9,102.76968211465427
2026-09-16,ARI incidence,2026-09-20,2,NL,quantile,0.95,106.93853568599692
2026-09-16,ARI incidence,2026-09-20,2,NL,quantile,0.2,81.36763179078966
2026-09-16,ARI incidence,2026-09-20,2,NL,quantile,0.25,82.91259576161966
2026-09-16,ARI incidence,2026-09-20,2,NL,quantile,0.3,84.23996322192076
2026-09-16,ARI incidence,2026-09-20,2,NL,quantile,0.35,85.69514875959987
2026-09-16,ARI incidence,2026-09-20,2,NL,quantile,0.4,86.90115624442296
2026-09-16,ARI incidence,2026-09-20,2,NL,quantile,0.55,90.59418942840657
2026-09-16,ARI incidence,2026-09-20,2,NL,quantile,0.65,93.17933438055624
2026-09-16,ARI incidence,2026-09-20,2,NL,quantile,0.45,88.13855256313616
2026-09-16,ARI incidence,2026-09-20,2,NL,quantile,0.5,89.28330644411392
2026-09-16,ARI incidence,2026-09-20,2,NL,quantile,0.01,69.25526652316772
2026-09-16,ARI incidence,2026-09-20,2,NL,quantile,0.025,72.0822626214974
2026-09-16,ARI incidence,2026-09-20,2,NL,quantile,0.05,74.57952322981139
2026-09-16,ARI incidence,2026-09-20,2,NL,quantile,0.15,79.65328492462726
2026-09-16,ARI incidence,2026-09-20,2,NL,quantile,0.1,77.5262988638902
2026-09-16,ARI incidence,2026-09-20,2,NL,median,NA,89.28330644411392
2026-09-16,ARI incidence,2026-09-27,3,NL,quantile,0.9,99.52709236523891
2026-09-16,ARI incidence,2026-09-27,3,NL,quantile,0.8,94.5782353618024
2026-09-16,ARI incidence,2026-09-27,3,NL,quantile,0.85,96.77403987054088
2026-09-16,ARI incidence,2026-09-27,3,NL,quantile,0.99,111.82099789123242
2026-09-16,ARI incidence,2026-09-27,3,NL,quantile,0.95,103.86456916467635
2026-09-16,ARI incidence,2026-09-27,3,NL,quantile,0.975,107.50287150250726
2026-09-16,ARI incidence,2026-09-27,3,NL,quantile,0.75,92.80023012655882
2026-09-16,ARI incidence,2026-09-27,3,NL,quantile,0.5,85.76315641108336
2026-09-16,ARI incidence,2026-09-27,3,NL,quantile,0.55,87.05792108723878
2026-09-16,ARI incidence,2026-09-27,3,NL,quantile,0.7,91.2782256596812
2026-09-16,ARI incidence,2026-09-27,3,NL,quantile,0.6,88.53508862836316
2026-09-16,ARI incidence,2026-09-27,3,NL,quantile,0.65,89.81394545706736
2026-09-16,ARI incidence,2026-09-27,3,NL,quantile,0.01,65.21878516250274
2026-09-16,ARI incidence,2026-09-27,3,NL,quantile,0.025,68.03893555918991
2026-09-16,ARI incidence,2026-09-27,3,NL,quantile,0.45,84.40978140670353
2026-09-16,ARI incidence,2026-09-27,3,NL,quantile,0.2,77.54049009261786
2026-09-16,ARI incidence,2026-09-27,3,NL,quantile,0.15,75.86337751872352
2026-09-16,ARI incidence,2026-09-27,3,NL,quantile,0.4,83.1433045078034
2026-09-16,ARI incidence,2026-09-27,3,NL,quantile,0.25,79.05347277277014
2026-09-16,ARI incidence,2026-09-27,3,NL,quantile,0.35,81.81570444726452
2026-09-16,ARI incidence,2026-09-27,3,NL,quantile,0.3,80.60003813499186
2026-09-16,ARI incidence,2026-09-27,3,NL,quantile,0.05,70.62255833419142
2026-09-16,ARI incidence,2026-09-27,3,NL,quantile,0.1,73.7235091350484
2026-09-16,ARI incidence,2026-09-27,3,NL,median,NA,85.76315641108336
2026-09-16,ARI incidence,2026-10-04,4,NL,quantile,0.35,79.46044446658257
2026-09-16,ARI incidence,2026-10-04,4,NL,quantile,0.4,80.58639913042617
2026-09-16,ARI incidence,2026-10-04,4,NL,quantile,0.45,81.72022809270538
2026-09-16,ARI incidence,2026-10-04,4,NL,quantile,0.5,82.83348299020923
2026-09-16,ARI incidence,2026-10-04,4,NL,quantile,0.55,84.01480328240737
2026-09-16,ARI incidence,2026-10-04,4,NL,quantile,0.6,85.27579521012048
2026-09-16,ARI incidence,2026-10-04,4,NL,quantile,0.65,86.65587741762417
2026-09-16,ARI incidence,2026-10-04,4,NL,quantile,0.1,71.63896240967401
2026-09-16,ARI incidence,2026-10-04,4,NL,quantile,0.3,78.19394601531162
2026-09-16,ARI incidence,2026-10-04,4,NL,quantile,0.15,73.64750569247117
2026-09-16,ARI incidence,2026-10-04,4,NL,quantile,0.25,76.84134651748113
2026-09-16,ARI incidence,2026-10-04,4,NL,quantile,0.2,75.3123984366527
2026-09-16,ARI incidence,2026-10-04,4,NL,quantile,0.01,64.30475680422396
2026-09-16,ARI incidence,2026-10-04,4,NL,quantile,0.025,66.82439956692033
2026-09-16,ARI incidence,2026-10-04,4,NL,quantile,0.05,68.98888658880885
2026-09-16,ARI incidence,2026-10-04,4,NL,quantile,0.7,87.997578648709
2026-09-16,ARI incidence,2026-10-04,4,NL,quantile,0.75,89.41506950098847
2026-09-16,ARI incidence,2026-10-04,4,NL,quantile,0.975,103.54602627334252
2026-09-16,ARI incidence,2026-10-04,4,NL,quantile,0.8,91.17934862770996
2026-09-16,ARI incidence,2026-10-04,4,NL,quantile,0.9,95.8793347877278
2026-09-16,ARI incidence,2026-10-04,4,NL,quantile,0.85,93.19580608517352
2026-09-16,ARI incidence,2026-10-04,4,NL,quantile,0.95,100.06278694675038
2026-09-16,ARI incidence,2026-10-04,4,NL,quantile,0.99,107.58347463625758
2026-09-16,ARI incidence,2026-10-04,4,NL,median,NA,82.83348299020923
2026-09-16,ARI incidence,2026-09-13,1,SI,quantile,0.01,275.4077866993226
2026-09-16,ARI incidence,2026-09-13,1,SI,quantile,0.3,386.5479176535005
2026-09-16,ARI incidence,2026-09-13,1,SI,quantile,0.55,436.795845853527
2026-09-16,ARI incidence,2026-09-13,1,SI,quantile,0.6,448.46471227151824
2026-09-16,ARI incidence,2026-09-13,1,SI,quantile,0.35,396.82199336209715
2026-09-16,ARI incidence,2026-09-13,1,SI,quantile,0.45,415.6742762738031
2026-09-16,ARI incidence,2026-09-13,1,SI,quantile,0.4,405.9384358637448
2026-09-16,ARI incidence,2026-09-13,1,SI,quantile,0.5,426.2060334886714
2026-09-16,ARI incidence,2026-09-13,1,SI,quantile,0.15,349.8102238647385
2026-09-16,ARI incidence,2026-09-13,1,SI,quantile,0.025,293.66444106966276
2026-09-16,ARI incidence,2026-09-13,1,SI,quantile,0.05,312.85290277011745
2026-09-16,ARI incidence,2026-09-13,1,SI,quantile,0.95,583.1808743372383
2026-09-16,ARI incidence,2026-09-13,1,SI,quantile,0.975,615.9258869335615
2026-09-16,ARI incidence,2026-09-13,1,SI,quantile,0.2,362.52216037093297
2026-09-16,ARI incidence,2026-09-13,1,SI,quantile,0.65,459.16953565315646
2026-09-16,ARI incidence,2026-09-13,1,SI,quantile,0.9,545.8007914331541
2026-09-16,ARI incidence,2026-09-13,1,SI,quantile,0.25,374.32344371630177
2026-09-16,ARI incidence,2026-09-13,1,SI,quantile,0.8,500.5599279587442
2026-09-16,ARI incidence,2026-09-13,1,SI,quantile,0.85,519.6370058425855
2026-09-16,ARI incidence,2026-09-13,1,SI,quantile,0.99,660.9805718838662
2026-09-16,ARI incidence,2026-09-13,1,SI,quantile,0.1,334.1569865646448
2026-09-16,ARI incidence,2026-09-13,1,SI,quantile,0.7,470.9793089089481
2026-09-16,ARI incidence,2026-09-13,1,SI,quantile,0.75,484.2257530911405
2026-09-16,ARI incidence,2026-09-13,1,SI,median,NA,426.2060334886714
2026-09-16,ARI incidence,2026-09-20,2,SI,quantile,0.99,383.2651254522668
2026-09-16,ARI incidence,2026-09-20,2,SI,quantile,0.95,360.04809237621714
2026-09-16,ARI incidence,2026-09-20,2,SI,quantile,0.975,370.441021435856
2026-09-16,ARI incidence,2026-09-20,2,SI,quantile,0.8,334.02482888392984
2026-09-16,ARI incidence,2026-09-20,2,SI,quantile,0.85,340.0594561618837
2026-09-16,ARI incidence,2026-09-20,2,SI,quantile,0.9,347.94847004457574
2026-09-16,ARI incidence,2026-09-20,2,SI,quantile,0.25,290.3740388559448
2026-09-16,ARI incidence,2026-09-20,2,SI,quantile,0.3,294.49344032703425
2026-09-16,ARI incidence,2026-09-20,2,SI,quantile,0.45,305.60951192775235
2026-09-16,ARI incidence,2026-09-20,2,SI,quantile,0.5,309.37080729093617
2026-09-16,ARI incidence,2026-09-20,2,SI,quantile,0.4,301.64733914846556
2026-09-16,ARI incidence,2026-09-20,2,SI,quantile,0.7,324.65505436373087
2026-09-16,ARI incidence,2026-09-20,2,SI,quantile,0.75,328.960560370273
2026-09-16,ARI incidence,2026-09-20,2,SI,quantile,0.05,266.13590619752364
2026-09-16,ARI incidence,2026-09-20,2,SI,quantile,0.15,280.95164286673503
2026-09-16,ARI incidence,2026-09-20,2,SI,quantile,0.35,298.1261013547278
2026-09-16,ARI incidence,2026-09-20,2,SI,quantile,0.1,274.9959761437604
2026-09-16,ARI incidence,2026-09-20,2,SI,quantile,0.2,285.8961444113185
2026-09-16,ARI incidence,2026-09-20,2,SI,quantile,0.6,316.49152000453137
2026-09-16,ARI incidence,2026-09-20,2,SI,quantile,0.65,320.5463975072772
2026-09-16,ARI incidence,2026-09-20,2,SI,quantile,0.01,250.85162028855095
2026-09-16,ARI incidence,2026-09-20,2,SI,quantile,0.025,259.42302561153485
2026-09-16,ARI incidence,2026-09-20,2,SI,quantile,0.55,312.6444397636971
2026-09-16,ARI incidence,2026-09-20,2,SI,median,NA,309.37080729093617
2026-09-16,ARI incidence,2026-09-27,3,SI,quantile,0.95,583.8010129530535
2026-09-16,ARI incidence,2026-09-27,3,SI,quantile,0.99,752.8577075249258
2026-09-16,ARI incidence,2026-09-27,3,SI,quantile,0.975,654.3561891065707
2026-09-16,ARI incidence,2026-09-27,3,SI,quantile,0.85,466.2461843242929
2026-09-16,ARI incidence,2026-09-27,3,SI,quantile,0.9,508.13485673000866
2026-09-16,ARI incidence,2026-09-27,3,SI,quantile,0.1,194.44683631997415
2026-09-16,ARI incidence,2026-09-27,3,SI,quantile,0.8,433.44811655699016
2026-09-16,ARI incidence,2026-09-27,3,SI,quantile,0.01,131.3736719993915
2026-09-16,ARI incidence,2026-09-27,3,SI,quantile,0.025,152.0917787684784
2026-09-16,ARI incidence,2026-09-27,3,SI,quantile,0.15,213.20955820453236
2026-09-16,ARI incidence,2026-09-27,3,SI,quantile,0.75,406.6081349377844
2026-09-16,ARI incidence,2026-09-27,3,SI,quantile,0.05,171.34198601672438
2026-09-16,ARI incidence,2026-09-27,3,SI,quantile,0.7,383.3191355581613
2026-09-16,ARI incidence,2026-09-27,3,SI,quantile,0.6,345.55181856134897
2026-09-16,ARI incidence,2026-09-27,3,SI,quantile,0.65,363.50283530048773
2026-09-16,ARI incidence,2026-09-27,3,SI,quantile,0.55,328.7951022986532
2026-09-16,ARI incidence,2026-09-27,3,SI,quantile,0.5,313.7292969258667
2026-09-16,ARI incidence,2026-09-27,3,SI,quantile,0.25,243.7864988418648
2026-09-16,ARI incidence,2026-09-27,3,SI,quantile,0.2,229.2089173303523
2026-09-16,ARI incidence,2026-09-27,3,SI,quantile,0.45,300.0605028338414
2026-09-16,ARI incidence,2026-09-27,3,SI,quantile,0.35,272.5955192925172
2026-09-16,ARI incidence,2026-09-27,3,SI,quantile,0.4,286.8706353055816
2026-09-16,ARI incidence,2026-09-27,3,SI,quantile,0.3,258.29974485162995
2026-09-16,ARI incidence,2026-09-27,3,SI,median,NA,313.7292969258667
2026-09-16,ARI incidence,2026-10-04,4,SI,quantile,0.95,352.36832788728117
2026-09-16,ARI incidence,2026-10-04,4,SI,quantile,0.975,356.7839295638211
2026-09-16,ARI incidence,2026-10-04,4,SI,quantile,0.99,360.9010115538211
2026-09-16,ARI incidence,2026-10-04,4,SI,quantile,0.7,338.44064855593757
2026-09-16,ARI incidence,2026-10-04,4,SI,quantile,0.9,347.8426072428449
2026-09-16,ARI incidence,2026-10-04,4,SI,quantile,0.65,336.7443490693754
2026-09-16,ARI incidence,2026-10-04,4,SI,quantile,0.75,340.2388584634351
2026-09-16,ARI incidence,2026-10-04,4,SI,quantile,0.55,333.5210173629215
2026-09-16,ARI incidence,2026-10-04,4,SI,quantile,0.6,335.05048136974347
2026-09-16,ARI incidence,2026-10-04,4,SI,quantile,0.3,325.7474055621236
2026-09-16,ARI incidence,2026-10-04,4,SI,quantile,0.5,332.0408454574032
2026-09-16,ARI incidence,2026-10-04,4,SI,quantile,0.8,342.33723172047917
2026-09-16,ARI incidence,2026-10-04,4,SI,quantile,0.2,321.9208239325299
2026-09-16,ARI incidence,2026-10-04,4,SI,quantile,0.1,316.44650400616496
2026-09-16,ARI incidence,2026-10-04,4,SI,quantile,0.25,323.8639231519491
2026-09-16,ARI incidence,2026-10-04,4,SI,quantile,0.85,344.7107176573832
2026-09-16,ARI incidence,2026-10-04,4,SI,quantile,0.45,330.52107284394646
2026-09-16,ARI incidence,2026-10-04,4,SI,quantile,0.05,312.4176451927668
2026-09-16,ARI incidence,2026-10-04,4,SI,quantile,0.15,319.4908823090773
2026-09-16,ARI incidence,2026-10-04,4,SI,quantile,0.4,328.8806539199271
2026-09-16,ARI incidence,2026-10-04,4,SI,quantile,0.025,308.4908865427593
2026-09-16,ARI incidence,2026-10-04,4,SI,quantile,0.35,327.3224987423954
2026-09-16,ARI incidence,2026-10-04,4,SI,quantile,0.01,304.1473024832221
2026-09-16,ARI incidence,2026-10-04,4,SI,median,NA,332.0408454574032
