origin_date,target,target_end_date,horizon,location,output_type,output_type_id,value
2026-09-09,ILI incidence,2026-09-06,1,BE,quantile,0.99,68.64303496257901
2026-09-09,ILI incidence,2026-09-06,1,BE,quantile,0.975,62.45563713185961
2026-09-09,ILI incidence,2026-09-06,1,BE,quantile,0.95,57.22316143340434
2026-09-09,ILI incidence,2026-09-06,1,BE,quantile,0.8,46.81933604774433
2026-09-09,ILI incidence,2026-09-06,1,BE,quantile,0.9,52.40136799273959
2026-09-09,ILI incidence,2026-09-06,1,BE,quantile,0.85,49.03790354680287
2026-09-09,ILI incidence,2026-09-06,1,BE,quantile,0.05,24.682848087081776
2026-09-09,ILI incidence,2026-09-06,1,BE,quantile,0.65,41.65134636418817
2026-09-09,ILI incidence,2026-09-06,1,BE,quantile,0.5,37.70868048899843
2026-09-09,ILI incidence,2026-09-06,1,BE,quantile,0.2,30.383366897113863
2026-09-09,ILI incidence,2026-09-06,1,BE,quantile,0.45,36.51955080616529
2026-09-09,ILI incidence,2026-09-06,1,BE,quantile,0.01,20.863849734507458
2026-09-09,ILI incidence,2026-09-06,1,BE,quantile,0.55,39.00575438176634
2026-09-09,ILI incidence,2026-09-06,1,BE,quantile,0.25,31.67375025157306
2026-09-09,ILI incidence,2026-09-06,1,BE,quantile,0.6,40.23719651674814
2026-09-09,ILI incidence,2026-09-06,1,BE,quantile,0.1,27.01752164075837
2026-09-09,ILI incidence,2026-09-06,1,BE,quantile,0.7,43.15138839560066
2026-09-09,ILI incidence,2026-09-06,1,BE,quantile,0.35,34.17032397802126
2026-09-09,ILI incidence,2026-09-06,1,BE,quantile,0.15,28.91139870254091
2026-09-09,ILI incidence,2026-09-06,1,BE,quantile,0.75,44.895015218622895
2026-09-09,ILI incidence,2026-09-06,1,BE,quantile,0.4,35.37465538120677
2026-09-09,ILI incidence,2026-09-06,1,BE,quantile,0.025,22.816956395537428
2026-09-09,ILI incidence,2026-09-06,1,BE,quantile,0.3,32.94009225245853
2026-09-09,ILI incidence,2026-09-06,1,BE,median,NA,37.70868048899843
2026-09-09,ILI incidence,2026-09-13,2,BE,quantile,0.975,53.15603981521242
2026-09-09,ILI incidence,2026-09-13,2,BE,quantile,0.99,55.71961591142278
2026-09-09,ILI incidence,2026-09-13,2,BE,quantile,0.95,51.347328403675675
2026-09-09,ILI incidence,2026-09-13,2,BE,quantile,0.8,46.99590967855998
2026-09-09,ILI incidence,2026-09-13,2,BE,quantile,0.85,47.97007903594632
2026-09-09,ILI incidence,2026-09-13,2,BE,quantile,0.9,49.31708743652215
2026-09-09,ILI incidence,2026-09-13,2,BE,quantile,0.01,33.052574698273716
2026-09-09,ILI incidence,2026-09-13,2,BE,quantile,0.025,34.42508037802418
2026-09-09,ILI incidence,2026-09-13,2,BE,quantile,0.75,46.18724429059776
2026-09-09,ILI incidence,2026-09-13,2,BE,quantile,0.45,42.13481013480215
2026-09-09,ILI incidence,2026-09-13,2,BE,quantile,0.5,42.77871486565888
2026-09-09,ILI incidence,2026-09-13,2,BE,quantile,0.15,38.04697169322493
2026-09-09,ILI incidence,2026-09-13,2,BE,quantile,0.25,39.54061888658627
2026-09-09,ILI incidence,2026-09-13,2,BE,quantile,0.05,35.6728811290382
2026-09-09,ILI incidence,2026-09-13,2,BE,quantile,0.1,37.03063065730503
2026-09-09,ILI incidence,2026-09-13,2,BE,quantile,0.3,40.21642130971171
2026-09-09,ILI incidence,2026-09-13,2,BE,quantile,0.35,40.88162579286724
2026-09-09,ILI incidence,2026-09-13,2,BE,quantile,0.4,41.4950024912757
2026-09-09,ILI incidence,2026-09-13,2,BE,quantile,0.65,44.66038766647368
2026-09-09,ILI incidence,2026-09-13,2,BE,quantile,0.2,38.868755245902655
2026-09-09,ILI incidence,2026-09-13,2,BE,quantile,0.7,45.42170245536996
2026-09-09,ILI incidence,2026-09-13,2,BE,quantile,0.55,43.39425117267641
2026-09-09,ILI incidence,2026-09-13,2,BE,quantile,0.6,44.01697731069078
2026-09-09,ILI incidence,2026-09-13,2,BE,median,NA,42.77871486565888
2026-09-09,ILI incidence,2026-09-20,3,BE,quantile,0.5,53.23107334475863
2026-09-09,ILI incidence,2026-09-20,3,BE,quantile,0.45,52.11533521698669
2026-09-09,ILI incidence,2026-09-20,3,BE,quantile,0.01,36.57432090980079
2026-09-09,ILI incidence,2026-09-20,3,BE,quantile,0.4,50.981841462779514
2026-09-09,ILI incidence,2026-09-20,3,BE,quantile,0.6,55.503383628992246
2026-09-09,ILI incidence,2026-09-20,3,BE,quantile,0.55,54.36081895036752
2026-09-09,ILI incidence,2026-09-20,3,BE,quantile,0.65,56.69219552903686
2026-09-09,ILI incidence,2026-09-20,3,BE,quantile,0.025,38.64335905988018
2026-09-09,ILI incidence,2026-09-20,3,BE,quantile,0.3,48.77276689109627
2026-09-09,ILI incidence,2026-09-20,3,BE,quantile,0.35,49.88532727675521
2026-09-09,ILI incidence,2026-09-20,3,BE,quantile,0.2,46.218410584148984
2026-09-09,ILI incidence,2026-09-20,3,BE,quantile,0.25,47.59843282332682
2026-09-09,ILI incidence,2026-09-20,3,BE,quantile,0.1,43.098447673639185
2026-09-09,ILI incidence,2026-09-20,3,BE,quantile,0.15,44.81694136238727
2026-09-09,ILI incidence,2026-09-20,3,BE,quantile,0.05,40.65048316387137
2026-09-09,ILI incidence,2026-09-20,3,BE,quantile,0.99,77.35618089569697
2026-09-09,ILI incidence,2026-09-20,3,BE,quantile,0.85,63.040963008378995
2026-09-09,ILI incidence,2026-09-20,3,BE,quantile,0.975,72.90478640565875
2026-09-09,ILI incidence,2026-09-20,3,BE,quantile,0.9,65.5831726757231
2026-09-09,ILI incidence,2026-09-20,3,BE,quantile,0.8,60.94130596887269
2026-09-09,ILI incidence,2026-09-20,3,BE,quantile,0.7,57.969264378981705
2026-09-09,ILI incidence,2026-09-20,3,BE,quantile,0.95,69.42349491398343
2026-09-09,ILI incidence,2026-09-20,3,BE,quantile,0.75,59.371916573043706
2026-09-09,ILI incidence,2026-09-20,3,BE,median,NA,53.23107334475863
2026-09-09,ILI incidence,2026-09-27,4,BE,quantile,0.85,59.03227375626871
2026-09-09,ILI incidence,2026-09-27,4,BE,quantile,0.01,35.26469478684459
2026-09-09,ILI incidence,2026-09-27,4,BE,quantile,0.4,48.72111901008594
2026-09-09,ILI incidence,2026-09-27,4,BE,quantile,0.75,55.84882592262521
2026-09-09,ILI incidence,2026-09-27,4,BE,quantile,0.8,57.34736275636824
2026-09-09,ILI incidence,2026-09-27,4,BE,quantile,0.45,49.66749248782275
2026-09-09,ILI incidence,2026-09-27,4,BE,quantile,0.7,54.660753906593115
2026-09-09,ILI incidence,2026-09-27,4,BE,quantile,0.35,47.729618825012466
2026-09-09,ILI incidence,2026-09-27,4,BE,quantile,0.65,53.53039983892421
2026-09-09,ILI incidence,2026-09-27,4,BE,quantile,0.025,37.522983422555534
2026-09-09,ILI incidence,2026-09-27,4,BE,quantile,0.05,39.36857676517388
2026-09-09,ILI incidence,2026-09-27,4,BE,quantile,0.6,52.481683726783245
2026-09-09,ILI incidence,2026-09-27,4,BE,quantile,0.25,45.54114959579512
2026-09-09,ILI incidence,2026-09-27,4,BE,quantile,0.3,46.6974512447194
2026-09-09,ILI incidence,2026-09-27,4,BE,quantile,0.9,61.28650545994617
2026-09-09,ILI incidence,2026-09-27,4,BE,quantile,0.95,64.55600403572419
2026-09-09,ILI incidence,2026-09-27,4,BE,quantile,0.5,50.60169733267976
2026-09-09,ILI incidence,2026-09-27,4,BE,quantile,0.55,51.588727884443216
2026-09-09,ILI incidence,2026-09-27,4,BE,quantile,0.15,43.08598031697724
2026-09-09,ILI incidence,2026-09-27,4,BE,quantile,0.2,44.44509413201527
2026-09-09,ILI incidence,2026-09-27,4,BE,quantile,0.1,41.598472958814114
2026-09-09,ILI incidence,2026-09-27,4,BE,quantile,0.975,67.29876639190418
2026-09-09,ILI incidence,2026-09-27,4,BE,quantile,0.99,71.81160141518194
2026-09-09,ILI incidence,2026-09-27,4,BE,median,NA,50.60169733267976
2026-09-09,ILI incidence,2026-09-06,1,CH,quantile,0.9,11.67989626783532
2026-09-09,ILI incidence,2026-09-06,1,CH,quantile,0.975,22.911137595666084
2026-09-09,ILI incidence,2026-09-06,1,CH,quantile,0.85,8.964338302118179
2026-09-09,ILI incidence,2026-09-06,1,CH,quantile,0.95,16.799914996508562
2026-09-09,ILI incidence,2026-09-06,1,CH,quantile,0.99,31.616128466156333
2026-09-09,ILI incidence,2026-09-06,1,CH,quantile,0.8,7.227198770933878
2026-09-09,ILI incidence,2026-09-06,1,CH,quantile,0.7,5.249853328149537
2026-09-09,ILI incidence,2026-09-06,1,CH,quantile,0.75,6.094503277432676
2026-09-09,ILI incidence,2026-09-06,1,CH,quantile,0.6,3.9210552830095384
2026-09-09,ILI incidence,2026-09-06,1,CH,quantile,0.65,4.537640712698686
2026-09-09,ILI incidence,2026-09-06,1,CH,quantile,0.45,2.641389767508345
2026-09-09,ILI incidence,2026-09-06,1,CH,quantile,0.05,0.5561854737515114
2026-09-09,ILI incidence,2026-09-06,1,CH,quantile,0.2,1.2749678631072237
2026-09-09,ILI incidence,2026-09-06,1,CH,quantile,0.4,2.3343015077964617
2026-09-09,ILI incidence,2026-09-06,1,CH,quantile,0.5,3.009850623399819
2026-09-09,ILI incidence,2026-09-06,1,CH,quantile,0.025,0.40593455751106905
2026-09-09,ILI incidence,2026-09-06,1,CH,quantile,0.25,1.507844507083706
2026-09-09,ILI incidence,2026-09-06,1,CH,quantile,0.55,3.427815656899278
2026-09-09,ILI incidence,2026-09-06,1,CH,quantile,0.1,0.8183687277242498
2026-09-09,ILI incidence,2026-09-06,1,CH,quantile,0.35,2.0275584521447376
2026-09-09,ILI incidence,2026-09-06,1,CH,quantile,0.15,1.038374889993095
2026-09-09,ILI incidence,2026-09-06,1,CH,quantile,0.01,0.279520178482945
2026-09-09,ILI incidence,2026-09-06,1,CH,quantile,0.3,1.7643909965920437
2026-09-09,ILI incidence,2026-09-06,1,CH,median,NA,3.009850623399819
2026-09-09,ILI incidence,2026-09-13,2,CH,quantile,0.025,4.936137457064355
2026-09-09,ILI incidence,2026-09-13,2,CH,quantile,0.01,4.164195686748527
2026-09-09,ILI incidence,2026-09-13,2,CH,quantile,0.05,5.765313391964512
2026-09-09,ILI incidence,2026-09-13,2,CH,quantile,0.1,6.741856559667148
2026-09-09,ILI incidence,2026-09-13,2,CH,quantile,0.15,7.604415604151668
2026-09-09,ILI incidence,2026-09-13,2,CH,quantile,0.25,8.984826570740617
2026-09-09,ILI incidence,2026-09-13,2,CH,quantile,0.3,9.57994339370931
2026-09-09,ILI incidence,2026-09-13,2,CH,quantile,0.35,10.179009457640806
2026-09-09,ILI incidence,2026-09-13,2,CH,quantile,0.2,8.334904733965649
2026-09-09,ILI incidence,2026-09-13,2,CH,quantile,0.99,33.28841681242024
2026-09-09,ILI incidence,2026-09-13,2,CH,quantile,0.975,28.501679909915858
2026-09-09,ILI incidence,2026-09-13,2,CH,quantile,0.4,10.800197535153456
2026-09-09,ILI incidence,2026-09-13,2,CH,quantile,0.95,24.880713035232652
2026-09-09,ILI incidence,2026-09-13,2,CH,quantile,0.9,21.420137206882544
2026-09-09,ILI incidence,2026-09-13,2,CH,quantile,0.8,17.54139920478113
2026-09-09,ILI incidence,2026-09-13,2,CH,quantile,0.75,16.294288381434047
2026-09-09,ILI incidence,2026-09-13,2,CH,quantile,0.7,15.2380320150139
2026-09-09,ILI incidence,2026-09-13,2,CH,quantile,0.85,19.204456522976297
2026-09-09,ILI incidence,2026-09-13,2,CH,quantile,0.45,11.394245179406024
2026-09-09,ILI incidence,2026-09-13,2,CH,quantile,0.6,13.478471217022726
2026-09-09,ILI incidence,2026-09-13,2,CH,quantile,0.65,14.270952228926262
2026-09-09,ILI incidence,2026-09-13,2,CH,quantile,0.55,12.717800140598378
2026-09-09,ILI incidence,2026-09-13,2,CH,quantile,0.5,12.037899649329352
2026-09-09,ILI incidence,2026-09-13,2,CH,median,NA,12.037899649329352
2026-09-09,ILI incidence,2026-09-20,3,CH,quantile,0.55,21.509723871064068
2026-09-09,ILI incidence,2026-09-20,3,CH,quantile,0.35,20.02433854901655
2026-09-09,ILI incidence,2026-09-20,3,CH,quantile,0.5,21.12387203885488
2026-09-09,ILI incidence,2026-09-20,3,CH,quantile,0.6,21.888016312600364
2026-09-09,ILI incidence,2026-09-20,3,CH,quantile,0.975,28.05625336574892
2026-09-09,ILI incidence,2026-09-20,3,CH,quantile,0.95,26.752783254805756
2026-09-09,ILI incidence,2026-09-20,3,CH,quantile,0.99,29.52048759837719
2026-09-09,ILI incidence,2026-09-20,3,CH,quantile,0.9,25.346225617613342
2026-09-09,ILI incidence,2026-09-20,3,CH,quantile,0.85,24.494671284542324
2026-09-09,ILI incidence,2026-09-20,3,CH,quantile,0.7,22.79346034305977
2026-09-09,ILI incidence,2026-09-20,3,CH,quantile,0.65,22.30416310238032
2026-09-09,ILI incidence,2026-09-20,3,CH,quantile,0.8,23.820347245373572
2026-09-09,ILI incidence,2026-09-20,3,CH,quantile,0.75,23.26811823681101
2026-09-09,ILI incidence,2026-09-20,3,CH,quantile,0.45,20.773432400752405
2026-09-09,ILI incidence,2026-09-20,3,CH,quantile,0.4,20.39851054004916
2026-09-09,ILI incidence,2026-09-20,3,CH,quantile,0.3,19.628180291829143
2026-09-09,ILI incidence,2026-09-20,3,CH,quantile,0.1,17.562409573259433
2026-09-09,ILI incidence,2026-09-20,3,CH,quantile,0.15,18.22156285728543
2026-09-09,ILI incidence,2026-09-20,3,CH,quantile,0.25,19.22821057724156
2026-09-09,ILI incidence,2026-09-20,3,CH,quantile,0.2,18.74665190053746
2026-09-09,ILI incidence,2026-09-20,3,CH,quantile,0.05,16.69496094919779
2026-09-09,ILI incidence,2026-09-20,3,CH,quantile,0.01,15.123345687990618
2026-09-09,ILI incidence,2026-09-20,3,CH,quantile,0.025,15.97913925474317
2026-09-09,ILI incidence,2026-09-20,3,CH,median,NA,21.12387203885488
2026-09-09,ILI incidence,2026-09-27,4,CH,quantile,0.7,9.374601893101072
2026-09-09,ILI incidence,2026-09-27,4,CH,quantile,0.45,7.68730572952515
2026-09-09,ILI incidence,2026-09-27,4,CH,quantile,0.75,9.838779128727804
2026-09-09,ILI incidence,2026-09-27,4,CH,quantile,0.95,13.291562706777713
2026-09-09,ILI incidence,2026-09-27,4,CH,quantile,0.65,9.001249785919557
2026-09-09,ILI incidence,2026-09-27,4,CH,quantile,0.4,7.400586309407648
2026-09-09,ILI incidence,2026-09-27,4,CH,quantile,0.975,14.708050189458904
2026-09-09,ILI incidence,2026-09-27,4,CH,quantile,0.55,8.314440116810594
2026-09-09,ILI incidence,2026-09-27,4,CH,quantile,0.85,11.06682049246472
2026-09-09,ILI incidence,2026-09-27,4,CH,quantile,0.5,7.990070381617215
2026-09-09,ILI incidence,2026-09-27,4,CH,quantile,0.6,8.651421415352495
2026-09-09,ILI incidence,2026-09-27,4,CH,quantile,0.9,11.970827950110587
2026-09-09,ILI incidence,2026-09-27,4,CH,quantile,0.99,16.419356020252906
2026-09-09,ILI incidence,2026-09-27,4,CH,quantile,0.01,3.934952274206964
2026-09-09,ILI incidence,2026-09-27,4,CH,quantile,0.8,10.415196967234458
2026-09-09,ILI incidence,2026-09-27,4,CH,quantile,0.025,4.391510979477029
2026-09-09,ILI incidence,2026-09-27,4,CH,quantile,0.35,7.121170361117104
2026-09-09,ILI incidence,2026-09-27,4,CH,quantile,0.05,4.847582188920586
2026-09-09,ILI incidence,2026-09-27,4,CH,quantile,0.1,5.435836894936131
2026-09-09,ILI incidence,2026-09-27,4,CH,quantile,0.15,5.873073561638947
2026-09-09,ILI incidence,2026-09-27,4,CH,quantile,0.2,6.228653688588485
2026-09-09,ILI incidence,2026-09-27,4,CH,quantile,0.25,6.535601816950232
2026-09-09,ILI incidence,2026-09-27,4,CH,quantile,0.3,6.817143971591538
2026-09-09,ILI incidence,2026-09-27,4,CH,median,NA,7.990070381617215
2026-09-09,ILI incidence,2026-09-06,1,DK,quantile,0.8,84.07470439519314
2026-09-09,ILI incidence,2026-09-06,1,DK,quantile,0.35,68.39690204762
2026-09-09,ILI incidence,2026-09-06,1,DK,quantile,0.3,66.84094177583067
2026-09-09,ILI incidence,2026-09-06,1,DK,quantile,0.75,81.7541095399943
2026-09-09,ILI incidence,2026-09-06,1,DK,quantile,0.85,86.9748374303766
2026-09-09,ILI incidence,2026-09-06,1,DK,quantile,0.9,90.67338534028916
2026-09-09,ILI incidence,2026-09-06,1,DK,quantile,0.95,96.12918967234616
2026-09-09,ILI incidence,2026-09-06,1,DK,quantile,0.7,79.73889392487425
2026-09-09,ILI incidence,2026-09-06,1,DK,quantile,0.65,77.84170996112488
2026-09-09,ILI incidence,2026-09-06,1,DK,quantile,0.25,65.11398603794616
2026-09-09,ILI incidence,2026-09-06,1,DK,quantile,0.2,63.24203787055786
2026-09-09,ILI incidence,2026-09-06,1,DK,quantile,0.975,101.33806695536084
2026-09-09,ILI incidence,2026-09-06,1,DK,quantile,0.5,73.0343280300049
2026-09-09,ILI incidence,2026-09-06,1,DK,quantile,0.55,74.55957041406367
2026-09-09,ILI incidence,2026-09-06,1,DK,quantile,0.6,76.11877246132468
2026-09-09,ILI incidence,2026-09-06,1,DK,quantile,0.15,61.29700804568198
2026-09-09,ILI incidence,2026-09-06,1,DK,quantile,0.4,70.0555832890424
2026-09-09,ILI incidence,2026-09-06,1,DK,quantile,0.45,71.46545330073167
2026-09-09,ILI incidence,2026-09-06,1,DK,quantile,0.99,107.97272895152312
2026-09-09,ILI incidence,2026-09-06,1,DK,quantile,0.05,54.98339416937696
2026-09-09,ILI incidence,2026-09-06,1,DK,quantile,0.1,58.81886913478633
2026-09-09,ILI incidence,2026-09-06,1,DK,quantile,0.01,49.13957525380174
2026-09-09,ILI incidence,2026-09-06,1,DK,quantile,0.025,52.26844235368418
2026-09-09,ILI incidence,2026-09-06,1,DK,median,NA,73.0343280300049
2026-09-09,ILI incidence,2026-09-13,2,DK,quantile,0.8,97.09627608002972
2026-09-09,ILI incidence,2026-09-13,2,DK,quantile,0.99,126.34630804275152
2026-09-09,ILI incidence,2026-09-13,2,DK,quantile,0.01,56.71514755558409
2026-09-09,ILI incidence,2026-09-13,2,DK,quantile,0.025,59.969819784117256
2026-09-09,ILI incidence,2026-09-13,2,DK,quantile,0.85,100.55432977502888
2026-09-09,ILI incidence,2026-09-13,2,DK,quantile,0.9,104.52023998364233
2026-09-09,ILI incidence,2026-09-13,2,DK,quantile,0.95,111.46270469618446
2026-09-09,ILI incidence,2026-09-13,2,DK,quantile,0.75,94.60144436278912
2026-09-09,ILI incidence,2026-09-13,2,DK,quantile,0.4,80.35344246739024
2026-09-09,ILI incidence,2026-09-13,2,DK,quantile,0.45,82.21678217700784
2026-09-09,ILI incidence,2026-09-13,2,DK,quantile,0.975,118.7876076650458
2026-09-09,ILI incidence,2026-09-13,2,DK,quantile,0.05,63.05785227718553
2026-09-09,ILI incidence,2026-09-13,2,DK,quantile,0.55,85.89510765677962
2026-09-09,ILI incidence,2026-09-13,2,DK,quantile,0.65,89.86331168653184
2026-09-09,ILI incidence,2026-09-13,2,DK,quantile,0.5,84.06586826656032
2026-09-09,ILI incidence,2026-09-13,2,DK,quantile,0.1,66.98772574501353
2026-09-09,ILI incidence,2026-09-13,2,DK,quantile,0.2,72.53824346524533
2026-09-09,ILI incidence,2026-09-13,2,DK,quantile,0.15,70.06555736199664
2026-09-09,ILI incidence,2026-09-13,2,DK,quantile,0.25,74.75171885954424
2026-09-09,ILI incidence,2026-09-13,2,DK,quantile,0.6,87.75947404058829
2026-09-09,ILI incidence,2026-09-13,2,DK,quantile,0.7,92.11696029896974
2026-09-09,ILI incidence,2026-09-13,2,DK,quantile,0.3,76.69413366554095
2026-09-09,ILI incidence,2026-09-13,2,DK,quantile,0.35,78.57688217248815
2026-09-09,ILI incidence,2026-09-13,2,DK,median,NA,84.06586826656032
2026-09-09,ILI incidence,2026-09-20,3,DK,quantile,0.9,103.29880306994856
2026-09-09,ILI incidence,2026-09-20,3,DK,quantile,0.95,110.52415352829172
2026-09-09,ILI incidence,2026-09-20,3,DK,quantile,0.975,117.03440290456
2026-09-09,ILI incidence,2026-09-20,3,DK,quantile,0.01,52.25822045779173
2026-09-09,ILI incidence,2026-09-20,3,DK,quantile,0.35,75.19647654933001
2026-09-09,ILI incidence,2026-09-20,3,DK,quantile,0.4,77.198468752478007
2026-09-09,ILI incidence,2026-09-20,3,DK,quantile,0.55,82.74995254750024
2026-09-09,ILI incidence,2026-09-20,3,DK,quantile,0.85,98.75197020595004
2026-09-09,ILI incidence,2026-09-20,3,DK,quantile,0.45,79.07886377209803
2026-09-09,ILI incidence,2026-09-20,3,DK,quantile,0.99,127.3477397698517
2026-09-09,ILI incidence,2026-09-20,3,DK,quantile,0.05,59.339434466036174
2026-09-09,ILI incidence,2026-09-20,3,DK,quantile,0.5,80.82540724445289
2026-09-09,ILI incidence,2026-09-20,3,DK,quantile,0.65,87.05221007064416
2026-09-09,ILI incidence,2026-09-20,3,DK,quantile,0.7,89.40324441981221
2026-09-09,ILI incidence,2026-09-20,3,DK,quantile,0.025,55.79421013896122
2026-09-09,ILI incidence,2026-09-20,3,DK,quantile,0.3,73.1873183564531
2026-09-09,ILI incidence,2026-09-20,3,DK,quantile,0.25,71.22698470407325
2026-09-09,ILI incidence,2026-09-20,3,DK,quantile,0.8,95.0074051293614
2026-09-09,ILI incidence,2026-09-20,3,DK,quantile,0.1,63.48742125181226
2026-09-09,ILI incidence,2026-09-20,3,DK,quantile,0.15,66.62129655497193
2026-09-09,ILI incidence,2026-09-20,3,DK,quantile,0.6,84.73507875291307
2026-09-09,ILI incidence,2026-09-20,3,DK,quantile,0.2,69.08593533075492
2026-09-09,ILI incidence,2026-09-20,3,DK,quantile,0.75,92.04470550024033
2026-09-09,ILI incidence,2026-09-20,3,DK,median,NA,80.82540724445289
2026-09-09,ILI incidence,2026-09-27,4,DK,quantile,0.95,100.72036806717033
2026-09-09,ILI incidence,2026-09-27,4,DK,quantile,0.99,108.79693929043138
2026-09-09,ILI incidence,2026-09-27,4,DK,quantile,0.975,104.41458465444862
2026-09-09,ILI incidence,2026-09-27,4,DK,quantile,0.9,97.01083191158448
2026-09-09,ILI incidence,2026-09-27,4,DK,quantile,0.5,84.41120640851736
2026-09-09,ILI incidence,2026-09-27,4,DK,quantile,0.85,94.45192073652647
2026-09-09,ILI incidence,2026-09-27,4,DK,quantile,0.45,83.21564830850528
2026-09-09,ILI incidence,2026-09-27,4,DK,quantile,0.8,92.5848163553686
2026-09-09,ILI incidence,2026-09-27,4,DK,quantile,0.35,80.84681710361258
2026-09-09,ILI incidence,2026-09-27,4,DK,quantile,0.4,81.99859383329763
2026-09-09,ILI incidence,2026-09-27,4,DK,quantile,0.55,85.647830516205
2026-09-09,ILI incidence,2026-09-27,4,DK,quantile,0.6,86.90745868725125
2026-09-09,ILI incidence,2026-09-27,4,DK,quantile,0.75,90.83052153722096
2026-09-09,ILI incidence,2026-09-27,4,DK,quantile,0.01,65.0871093994239
2026-09-09,ILI incidence,2026-09-27,4,DK,quantile,0.025,67.8644453311397
2026-09-09,ILI incidence,2026-09-27,4,DK,quantile,0.65,88.06790177770105
2026-09-09,ILI incidence,2026-09-27,4,DK,quantile,0.2,76.72471225644792
2026-09-09,ILI incidence,2026-09-27,4,DK,quantile,0.7,89.36377684621102
2026-09-09,ILI incidence,2026-09-27,4,DK,quantile,0.15,75.02592611364226
2026-09-09,ILI incidence,2026-09-27,4,DK,quantile,0.05,70.09057765065977
2026-09-09,ILI incidence,2026-09-27,4,DK,quantile,0.25,78.1560448296407
2026-09-09,ILI incidence,2026-09-27,4,DK,quantile,0.3,79.53825219894175
2026-09-09,ILI incidence,2026-09-27,4,DK,quantile,0.1,72.9064804301611
2026-09-09,ILI incidence,2026-09-27,4,DK,median,NA,84.41120640851736
2026-09-09,ILI incidence,2026-09-06,1,ES,quantile,0.95,13.843405182614116
2026-09-09,ILI incidence,2026-09-06,1,ES,quantile,0.975,14.473540961153278
2026-09-09,ILI incidence,2026-09-06,1,ES,quantile,0.99,15.31216202146296
2026-09-09,ILI incidence,2026-09-06,1,ES,quantile,0.85,12.605958123516809
2026-09-09,ILI incidence,2026-09-06,1,ES,quantile,0.9,13.06135648745271
2026-09-09,ILI incidence,2026-09-06,1,ES,quantile,0.8,12.259450642705405
2026-09-09,ILI incidence,2026-09-06,1,ES,quantile,0.75,11.94967051223899
2026-09-09,ILI incidence,2026-09-06,1,ES,quantile,0.7,11.69014392946772
2026-09-09,ILI incidence,2026-09-06,1,ES,quantile,0.55,11.009518148141233
2026-09-09,ILI incidence,2026-09-06,1,ES,quantile,0.6,11.21951621604398
2026-09-09,ILI incidence,2026-09-06,1,ES,quantile,0.05,8.359315743502197
2026-09-09,ILI incidence,2026-09-06,1,ES,quantile,0.1,8.846553938774813
2026-09-09,ILI incidence,2026-09-06,1,ES,quantile,0.65,11.452831778396895
2026-09-09,ILI incidence,2026-09-06,1,ES,quantile,0.4,10.348208313456812
2026-09-09,ILI incidence,2026-09-06,1,ES,quantile,0.45,10.563189621357472
2026-09-09,ILI incidence,2026-09-06,1,ES,quantile,0.5,10.791112132052778
2026-09-09,ILI incidence,2026-09-06,1,ES,quantile,0.25,9.708243380937624
2026-09-09,ILI incidence,2026-09-06,1,ES,quantile,0.3,9.920968155638011
2026-09-09,ILI incidence,2026-09-06,1,ES,quantile,0.15,9.195728220333963
2026-09-09,ILI incidence,2026-09-06,1,ES,quantile,0.2,9.466997560137951
2026-09-09,ILI incidence,2026-09-06,1,ES,quantile,0.35,10.153937997701112
2026-09-09,ILI incidence,2026-09-06,1,ES,quantile,0.025,7.952896795150327
2026-09-09,ILI incidence,2026-09-06,1,ES,quantile,0.01,7.459973289552453
2026-09-09,ILI incidence,2026-09-06,1,ES,median,NA,10.791112132052778
2026-09-09,ILI incidence,2026-09-13,2,ES,quantile,0.975,13.638511129793248
2026-09-09,ILI incidence,2026-09-13,2,ES,quantile,0.95,13.08760772822836
2026-09-09,ILI incidence,2026-09-13,2,ES,quantile,0.85,12.08347316859304
2026-09-09,ILI incidence,2026-09-13,2,ES,quantile,0.99,14.260728558716744
2026-09-09,ILI incidence,2026-09-13,2,ES,quantile,0.9,12.4715016497545
2026-09-09,ILI incidence,2026-09-13,2,ES,quantile,0.75,11.531370970687975
2026-09-09,ILI incidence,2026-09-13,2,ES,quantile,0.8,11.781517574043598
2026-09-09,ILI incidence,2026-09-13,2,ES,quantile,0.7,11.31824614683743
2026-09-09,ILI incidence,2026-09-13,2,ES,quantile,0.65,11.126658850755998
2026-09-09,ILI incidence,2026-09-13,2,ES,quantile,0.01,7.801736189404615
2026-09-09,ILI incidence,2026-09-13,2,ES,quantile,0.6,10.932802011907164
2026-09-09,ILI incidence,2026-09-13,2,ES,quantile,0.55,10.759081428100975
2026-09-09,ILI incidence,2026-09-13,2,ES,quantile,0.5,10.589346109579797
2026-09-09,ILI incidence,2026-09-13,2,ES,quantile,0.4,10.257388871537406
2026-09-09,ILI incidence,2026-09-13,2,ES,quantile,0.1,8.997237073138896
2026-09-09,ILI incidence,2026-09-13,2,ES,quantile,0.35,10.09479125376964
2026-09-09,ILI incidence,2026-09-13,2,ES,quantile,0.3,9.913791449953749
2026-09-09,ILI incidence,2026-09-13,2,ES,quantile,0.45,10.424833083181705
2026-09-09,ILI incidence,2026-09-13,2,ES,quantile,0.15,9.275275232546663
2026-09-09,ILI incidence,2026-09-13,2,ES,quantile,0.05,8.581651517889389
2026-09-09,ILI incidence,2026-09-13,2,ES,quantile,0.2,9.532519236353403
2026-09-09,ILI incidence,2026-09-13,2,ES,quantile,0.25,9.726598395401204
2026-09-09,ILI incidence,2026-09-13,2,ES,quantile,0.025,8.227993099471787
2026-09-09,ILI incidence,2026-09-13,2,ES,median,NA,10.589346109579797
2026-09-09,ILI incidence,2026-09-20,3,ES,quantile,0.975,11.01057888553809
2026-09-09,ILI incidence,2026-09-20,3,ES,quantile,0.99,11.321782508148482
2026-09-09,ILI incidence,2026-09-20,3,ES,quantile,0.95,10.77540832664736
2026-09-09,ILI incidence,2026-09-20,3,ES,quantile,0.8,10.198886787475285
2026-09-09,ILI incidence,2026-09-20,3,ES,quantile,0.9,10.509175238124982
2026-09-09,ILI incidence,2026-09-20,3,ES,quantile,0.75,10.080577268298589
2026-09-09,ILI incidence,2026-09-20,3,ES,quantile,0.85,10.336568338586575
2026-09-09,ILI incidence,2026-09-20,3,ES,quantile,0.5,9.617805297237645
2026-09-09,ILI incidence,2026-09-20,3,ES,quantile,0.55,9.69699994824144
2026-09-09,ILI incidence,2026-09-20,3,ES,quantile,0.6,9.783849000011394
2026-09-09,ILI incidence,2026-09-20,3,ES,quantile,0.2,9.048506567742251
2026-09-09,ILI incidence,2026-09-20,3,ES,quantile,0.35,9.357278160916014
2026-09-09,ILI incidence,2026-09-20,3,ES,quantile,0.4,9.447623569517024
2026-09-09,ILI incidence,2026-09-20,3,ES,quantile,0.45,9.525448310549292
2026-09-09,ILI incidence,2026-09-20,3,ES,quantile,0.7,9.969492162612188
2026-09-09,ILI incidence,2026-09-20,3,ES,quantile,0.3,9.2608570822328
2026-09-09,ILI incidence,2026-09-20,3,ES,quantile,0.65,9.870175365609995
2026-09-09,ILI incidence,2026-09-20,3,ES,quantile,0.15,8.924422238991681
2026-09-09,ILI incidence,2026-09-20,3,ES,quantile,0.25,9.161783460173648
2026-09-09,ILI incidence,2026-09-20,3,ES,quantile,0.1,8.768072004983345
2026-09-09,ILI incidence,2026-09-20,3,ES,quantile,0.025,8.363242836422028
2026-09-09,ILI incidence,2026-09-20,3,ES,quantile,0.05,8.556365487570769
2026-09-09,ILI incidence,2026-09-20,3,ES,quantile,0.01,8.19506966868614
2026-09-09,ILI incidence,2026-09-20,3,ES,median,NA,9.617805297237645
2026-09-09,ILI incidence,2026-09-27,4,ES,quantile,0.025,7.982456566074214
2026-09-09,ILI incidence,2026-09-27,4,ES,quantile,0.01,7.765786231324022
2026-09-09,ILI incidence,2026-09-27,4,ES,quantile,0.05,8.168820207323266
2026-09-09,ILI incidence,2026-09-27,4,ES,quantile,0.9,10.404352388696129
2026-09-09,ILI incidence,2026-09-27,4,ES,quantile,0.975,11.038572608383593
2026-09-09,ILI incidence,2026-09-27,4,ES,quantile,0.95,10.73475991488965
2026-09-09,ILI incidence,2026-09-27,4,ES,quantile,0.99,11.395596086017486
2026-09-09,ILI incidence,2026-09-27,4,ES,quantile,0.45,9.287885708707236
2026-09-09,ILI incidence,2026-09-27,4,ES,quantile,0.75,9.915152835832856
2026-09-09,ILI incidence,2026-09-27,4,ES,quantile,0.85,10.21981483997849
2026-09-09,ILI incidence,2026-09-27,4,ES,quantile,0.1,8.42793550985534
2026-09-09,ILI incidence,2026-09-27,4,ES,quantile,0.15,8.60799957231557
2026-09-09,ILI incidence,2026-09-27,4,ES,quantile,0.8,10.06023760865155
2026-09-09,ILI incidence,2026-09-27,4,ES,quantile,0.2,8.749330845540163
2026-09-09,ILI incidence,2026-09-27,4,ES,quantile,0.25,8.868534698584973
2026-09-09,ILI incidence,2026-09-27,4,ES,quantile,0.4,9.19102711702068
2026-09-09,ILI incidence,2026-09-27,4,ES,quantile,0.3,8.98043161528834
2026-09-09,ILI incidence,2026-09-27,4,ES,quantile,0.5,9.382970701915886
2026-09-09,ILI incidence,2026-09-27,4,ES,quantile,0.35,9.083661139945836
2026-09-09,ILI incidence,2026-09-27,4,ES,quantile,0.55,9.47183674113504
2026-09-09,ILI incidence,2026-09-27,4,ES,quantile,0.6,9.573250215676362
2026-09-09,ILI incidence,2026-09-27,4,ES,quantile,0.65,9.683505482585314
2026-09-09,ILI incidence,2026-09-27,4,ES,quantile,0.7,9.796348520719148
2026-09-09,ILI incidence,2026-09-27,4,ES,median,NA,9.382970701915886
2026-09-09,ILI incidence,2026-09-06,1,FI,quantile,0.25,9.773724633725788
2026-09-09,ILI incidence,2026-09-06,1,FI,quantile,0.2,8.927671591835722
2026-09-09,ILI incidence,2026-09-06,1,FI,quantile,0.15,8.079533088531969
2026-09-09,ILI incidence,2026-09-06,1,FI,quantile,0.1,7.028149455419012
2026-09-09,ILI incidence,2026-09-06,1,FI,quantile,0.05,5.784842968128916
2026-09-09,ILI incidence,2026-09-06,1,FI,quantile,0.025,4.865290894703989
2026-09-09,ILI incidence,2026-09-06,1,FI,quantile,0.01,3.941420507450532
2026-09-09,ILI incidence,2026-09-06,1,FI,quantile,0.3,10.550678742905983
2026-09-09,ILI incidence,2026-09-06,1,FI,quantile,0.99,50.379884710992584
2026-09-09,ILI incidence,2026-09-06,1,FI,quantile,0.975,40.0490460645844
2026-09-09,ILI incidence,2026-09-06,1,FI,quantile,0.95,33.903042458300106
2026-09-09,ILI incidence,2026-09-06,1,FI,quantile,0.9,27.6649984457174
2026-09-09,ILI incidence,2026-09-06,1,FI,quantile,0.35,11.307319362412764
2026-09-09,ILI incidence,2026-09-06,1,FI,quantile,0.5,13.91774355472665
2026-09-09,ILI incidence,2026-09-06,1,FI,quantile,0.45,13.04690062602469
2026-09-09,ILI incidence,2026-09-06,1,FI,quantile,0.55,14.840009644624532
2026-09-09,ILI incidence,2026-09-06,1,FI,quantile,0.6,15.867203033164644
2026-09-09,ILI incidence,2026-09-06,1,FI,quantile,0.85,24.262747120839485
2026-09-09,ILI incidence,2026-09-06,1,FI,quantile,0.4,12.12982470223372
2026-09-09,ILI incidence,2026-09-06,1,FI,quantile,0.65,17.045504533069398
2026-09-09,ILI incidence,2026-09-06,1,FI,quantile,0.8,21.978546983207153
2026-09-09,ILI incidence,2026-09-06,1,FI,quantile,0.7,18.438299885226105
2026-09-09,ILI incidence,2026-09-06,1,FI,quantile,0.75,20.021990494999393
2026-09-09,ILI incidence,2026-09-06,1,FI,median,NA,13.91774355472665
2026-09-09,ILI incidence,2026-09-13,2,FI,quantile,0.975,42.79279154909692
2026-09-09,ILI incidence,2026-09-13,2,FI,quantile,0.8,24.092613637935756
2026-09-09,ILI incidence,2026-09-13,2,FI,quantile,0.85,26.646443350054213
2026-09-09,ILI incidence,2026-09-13,2,FI,quantile,0.95,35.77866822763705
2026-09-09,ILI incidence,2026-09-13,2,FI,quantile,0.99,50.595810425698375
2026-09-09,ILI incidence,2026-09-13,2,FI,quantile,0.05,6.933005329391675
2026-09-09,ILI incidence,2026-09-13,2,FI,quantile,0.1,8.306972357676795
2026-09-09,ILI incidence,2026-09-13,2,FI,quantile,0.9,29.90084772736627
2026-09-09,ILI incidence,2026-09-13,2,FI,quantile,0.01,5.023716913814755
2026-09-09,ILI incidence,2026-09-13,2,FI,quantile,0.025,5.942501334467694
2026-09-09,ILI incidence,2026-09-13,2,FI,quantile,0.15,9.444232372787424
2026-09-09,ILI incidence,2026-09-13,2,FI,quantile,0.2,10.417305198825336
2026-09-09,ILI incidence,2026-09-13,2,FI,quantile,0.25,11.354084236250271
2026-09-09,ILI incidence,2026-09-13,2,FI,quantile,0.3,12.24165450961116
2026-09-09,ILI incidence,2026-09-13,2,FI,quantile,0.7,20.70578743993249
2026-09-09,ILI incidence,2026-09-13,2,FI,quantile,0.45,15.019395188795423
2026-09-09,ILI incidence,2026-09-13,2,FI,quantile,0.5,15.9264721092271
2026-09-09,ILI incidence,2026-09-13,2,FI,quantile,0.55,16.979236596653603
2026-09-09,ILI incidence,2026-09-13,2,FI,quantile,0.6,18.049679078783377
2026-09-09,ILI incidence,2026-09-13,2,FI,quantile,0.65,19.335807480398145
2026-09-09,ILI incidence,2026-09-13,2,FI,quantile,0.35,13.186141556509044
2026-09-09,ILI incidence,2026-09-13,2,FI,quantile,0.4,14.149193883520942
2026-09-09,ILI incidence,2026-09-13,2,FI,quantile,0.75,22.21858245001834
2026-09-09,ILI incidence,2026-09-13,2,FI,median,NA,15.9264721092271
2026-09-09,ILI incidence,2026-09-20,3,FI,quantile,0.85,27.81572410253402
2026-09-09,ILI incidence,2026-09-20,3,FI,quantile,0.3,11.96751863981821
2026-09-09,ILI incidence,2026-09-20,3,FI,quantile,0.35,12.86874698368448
2026-09-09,ILI incidence,2026-09-20,3,FI,quantile,0.9,31.59058008537672
2026-09-09,ILI incidence,2026-09-20,3,FI,quantile,0.95,38.938948381084174
2026-09-09,ILI incidence,2026-09-20,3,FI,quantile,0.975,46.40823690007629
2026-09-09,ILI incidence,2026-09-20,3,FI,quantile,0.99,58.67777453761852
2026-09-09,ILI incidence,2026-09-20,3,FI,quantile,0.55,16.801544089659448
2026-09-09,ILI incidence,2026-09-20,3,FI,quantile,0.65,19.527784309684023
2026-09-09,ILI incidence,2026-09-20,3,FI,quantile,0.7,21.08601197460655
2026-09-09,ILI incidence,2026-09-20,3,FI,quantile,0.75,22.8505722699282
2026-09-09,ILI incidence,2026-09-20,3,FI,quantile,0.05,6.405696427969771
2026-09-09,ILI incidence,2026-09-20,3,FI,quantile,0.1,7.903176125242778
2026-09-09,ILI incidence,2026-09-20,3,FI,quantile,0.15,9.053253549158404
2026-09-09,ILI incidence,2026-09-20,3,FI,quantile,0.2,10.08826576414536
2026-09-09,ILI incidence,2026-09-20,3,FI,quantile,0.25,11.033016600128636
2026-09-09,ILI incidence,2026-09-20,3,FI,quantile,0.4,13.738163028985642
2026-09-09,ILI incidence,2026-09-20,3,FI,quantile,0.45,14.688201832762989
2026-09-09,ILI incidence,2026-09-20,3,FI,quantile,0.5,15.6761492271232
2026-09-09,ILI incidence,2026-09-20,3,FI,quantile,0.6,18.062467471465535
2026-09-09,ILI incidence,2026-09-20,3,FI,quantile,0.8,24.871585897446465
2026-09-09,ILI incidence,2026-09-20,3,FI,quantile,0.025,5.428034515544716
2026-09-09,ILI incidence,2026-09-20,3,FI,quantile,0.01,4.511103665966903
2026-09-09,ILI incidence,2026-09-20,3,FI,median,NA,15.6761492271232
2026-09-09,ILI incidence,2026-09-06,1,GB-NIR,quantile,0.65,1.825704256198133
2026-09-09,ILI incidence,2026-09-06,1,GB-NIR,quantile,0.6,1.7514944977217812
2026-09-09,ILI incidence,2026-09-06,1,GB-NIR,quantile,0.7,1.906501724435249
2026-09-09,ILI incidence,2026-09-06,1,GB-NIR,quantile,0.1,1.0726342664662996
2026-09-09,ILI incidence,2026-09-06,1,GB-NIR,quantile,0.55,1.6756698911953338
2026-09-09,ILI incidence,2026-09-06,1,GB-NIR,quantile,0.05,0.9570818671915834
2026-09-09,ILI incidence,2026-09-06,1,GB-NIR,quantile,0.5,1.6148343409019548
2026-09-09,ILI incidence,2026-09-06,1,GB-NIR,quantile,0.35,1.4277655564192917
2026-09-09,ILI incidence,2026-09-06,1,GB-NIR,quantile,0.4,1.487168595361168
2026-09-09,ILI incidence,2026-09-06,1,GB-NIR,quantile,0.25,1.3016418718766645
2026-09-09,ILI incidence,2026-09-06,1,GB-NIR,quantile,0.15,1.1614364817956704
2026-09-09,ILI incidence,2026-09-06,1,GB-NIR,quantile,0.025,0.8716317502172521
2026-09-09,ILI incidence,2026-09-06,1,GB-NIR,quantile,0.45,1.550713266249781
2026-09-09,ILI incidence,2026-09-06,1,GB-NIR,quantile,0.01,0.7660884255198597
2026-09-09,ILI incidence,2026-09-06,1,GB-NIR,quantile,0.2,1.2354970968601198
2026-09-09,ILI incidence,2026-09-06,1,GB-NIR,quantile,0.3,1.363940275285734
2026-09-09,ILI incidence,2026-09-06,1,GB-NIR,quantile,0.99,3.424812967463657
2026-09-09,ILI incidence,2026-09-06,1,GB-NIR,quantile,0.75,2.001206406652612
2026-09-09,ILI incidence,2026-09-06,1,GB-NIR,quantile,0.8,2.112318586481055
2026-09-09,ILI incidence,2026-09-06,1,GB-NIR,quantile,0.85,2.2461902299492555
2026-09-09,ILI incidence,2026-09-06,1,GB-NIR,quantile,0.9,2.4313205903908006
2026-09-09,ILI incidence,2026-09-06,1,GB-NIR,quantile,0.95,2.7319862326690196
2026-09-09,ILI incidence,2026-09-06,1,GB-NIR,quantile,0.975,3.0145362346700533
2026-09-09,ILI incidence,2026-09-06,1,GB-NIR,median,NA,1.6148343409019548
2026-09-09,ILI incidence,2026-09-13,2,GB-NIR,quantile,0.99,4.53269085601139
2026-09-09,ILI incidence,2026-09-13,2,GB-NIR,quantile,0.975,3.832505452641208
2026-09-09,ILI incidence,2026-09-13,2,GB-NIR,quantile,0.55,1.6666210966566364
2026-09-09,ILI incidence,2026-09-13,2,GB-NIR,quantile,0.7,2.0021226754717323
2026-09-09,ILI incidence,2026-09-13,2,GB-NIR,quantile,0.85,2.5081104163574333
2026-09-09,ILI incidence,2026-09-13,2,GB-NIR,quantile,0.95,3.3294021505538445
2026-09-09,ILI incidence,2026-09-13,2,GB-NIR,quantile,0.9,2.785937967840628
2026-09-09,ILI incidence,2026-09-13,2,GB-NIR,quantile,0.75,2.1399087042944993
2026-09-09,ILI incidence,2026-09-13,2,GB-NIR,quantile,0.8,2.2993746093164353
2026-09-09,ILI incidence,2026-09-13,2,GB-NIR,quantile,0.65,1.8820447432901557
2026-09-09,ILI incidence,2026-09-13,2,GB-NIR,quantile,0.6,1.7706379330761508
2026-09-09,ILI incidence,2026-09-13,2,GB-NIR,quantile,0.35,1.3171424417493505
2026-09-09,ILI incidence,2026-09-13,2,GB-NIR,quantile,0.5,1.5710468779232278
2026-09-09,ILI incidence,2026-09-13,2,GB-NIR,quantile,0.45,1.4799081102485507
2026-09-09,ILI incidence,2026-09-13,2,GB-NIR,quantile,0.3,1.227523452811754
2026-09-09,ILI incidence,2026-09-13,2,GB-NIR,quantile,0.4,1.3966570252942283
2026-09-09,ILI incidence,2026-09-13,2,GB-NIR,quantile,0.01,0.5300640026377179
2026-09-09,ILI incidence,2026-09-13,2,GB-NIR,quantile,0.025,0.6361509490013597
2026-09-09,ILI incidence,2026-09-13,2,GB-NIR,quantile,0.2,1.0594657505754133
2026-09-09,ILI incidence,2026-09-13,2,GB-NIR,quantile,0.05,0.7346649049429625
2026-09-09,ILI incidence,2026-09-13,2,GB-NIR,quantile,0.25,1.1461633103906848
2026-09-09,ILI incidence,2026-09-13,2,GB-NIR,quantile,0.15,0.9668798035293074
2026-09-09,ILI incidence,2026-09-13,2,GB-NIR,quantile,0.1,0.8635477094060023
2026-09-09,ILI incidence,2026-09-13,2,GB-NIR,median,NA,1.5710468779232278
2026-09-09,ILI incidence,2026-09-20,3,GB-NIR,quantile,0.99,3.957236433874024
2026-09-09,ILI incidence,2026-09-20,3,GB-NIR,quantile,0.975,3.466082602993622
2026-09-09,ILI incidence,2026-09-20,3,GB-NIR,quantile,0.95,3.079726834890533
2026-09-09,ILI incidence,2026-09-20,3,GB-NIR,quantile,0.8,2.350044250686884
2026-09-09,ILI incidence,2026-09-20,3,GB-NIR,quantile,0.85,2.5123055025761065
2026-09-09,ILI incidence,2026-09-20,3,GB-NIR,quantile,0.9,2.7321720709915924
2026-09-09,ILI incidence,2026-09-20,3,GB-NIR,quantile,0.75,2.222406181356069
2026-09-09,ILI incidence,2026-09-20,3,GB-NIR,quantile,0.7,2.1135774926131927
2026-09-09,ILI incidence,2026-09-20,3,GB-NIR,quantile,0.65,2.021706639007502
2026-09-09,ILI incidence,2026-09-20,3,GB-NIR,quantile,0.6,1.9351121740356303
2026-09-09,ILI incidence,2026-09-20,3,GB-NIR,quantile,0.55,1.8534375973855817
2026-09-09,ILI incidence,2026-09-20,3,GB-NIR,quantile,0.45,1.6945844104509378
2026-09-09,ILI incidence,2026-09-20,3,GB-NIR,quantile,0.3,1.4818453173146695
2026-09-09,ILI incidence,2026-09-20,3,GB-NIR,quantile,0.5,1.769836905293101
2026-09-09,ILI incidence,2026-09-20,3,GB-NIR,quantile,0.1,1.146437055614073
2026-09-09,ILI incidence,2026-09-20,3,GB-NIR,quantile,0.4,1.6215940525059145
2026-09-09,ILI incidence,2026-09-20,3,GB-NIR,quantile,0.2,1.3369604698095898
2026-09-09,ILI incidence,2026-09-20,3,GB-NIR,quantile,0.35,1.550903559154412
2026-09-09,ILI incidence,2026-09-20,3,GB-NIR,quantile,0.25,1.4130852048472031
2026-09-09,ILI incidence,2026-09-20,3,GB-NIR,quantile,0.15,1.2493043650471052
2026-09-09,ILI incidence,2026-09-20,3,GB-NIR,quantile,0.01,0.7839160300976481
2026-09-09,ILI incidence,2026-09-20,3,GB-NIR,quantile,0.05,1.012783125114206
2026-09-09,ILI incidence,2026-09-20,3,GB-NIR,quantile,0.025,0.9143587092722008
2026-09-09,ILI incidence,2026-09-20,3,GB-NIR,median,NA,1.769836905293101
2026-09-09,ILI incidence,2026-09-27,4,GB-NIR,quantile,0.15,1.4105777549789322
2026-09-09,ILI incidence,2026-09-27,4,GB-NIR,quantile,0.1,1.3546381182560838
2026-09-09,ILI incidence,2026-09-27,4,GB-NIR,quantile,0.025,1.2186388239846695
2026-09-09,ILI incidence,2026-09-27,4,GB-NIR,quantile,0.2,1.451119018517796
2026-09-09,ILI incidence,2026-09-27,4,GB-NIR,quantile,0.01,1.1622809013722928
2026-09-09,ILI incidence,2026-09-27,4,GB-NIR,quantile,0.05,1.277687097770996
2026-09-09,ILI incidence,2026-09-27,4,GB-NIR,quantile,0.3,1.520267362370463
2026-09-09,ILI incidence,2026-09-27,4,GB-NIR,quantile,0.25,1.4867532093468363
2026-09-09,ILI incidence,2026-09-27,4,GB-NIR,quantile,0.85,1.9287999899512849
2026-09-09,ILI incidence,2026-09-27,4,GB-NIR,quantile,0.9,2.0016205648989898
2026-09-09,ILI incidence,2026-09-27,4,GB-NIR,quantile,0.95,2.127408349730051
2026-09-09,ILI incidence,2026-09-27,4,GB-NIR,quantile,0.65,1.7423387953810563
2026-09-09,ILI incidence,2026-09-27,4,GB-NIR,quantile,0.35,1.5527580842297666
2026-09-09,ILI incidence,2026-09-27,4,GB-NIR,quantile,0.6,1.7098741169256089
2026-09-09,ILI incidence,2026-09-27,4,GB-NIR,quantile,0.4,1.583630961993249
2026-09-09,ILI incidence,2026-09-27,4,GB-NIR,quantile,0.45,1.6176817619307415
2026-09-09,ILI incidence,2026-09-27,4,GB-NIR,quantile,0.55,1.6780564803124196
2026-09-09,ILI incidence,2026-09-27,4,GB-NIR,quantile,0.975,2.2308953501438133
2026-09-09,ILI incidence,2026-09-27,4,GB-NIR,quantile,0.5,1.6472919102688015
2026-09-09,ILI incidence,2026-09-27,4,GB-NIR,quantile,0.99,2.3554173595321055
2026-09-09,ILI incidence,2026-09-27,4,GB-NIR,quantile,0.7,1.7793943162113903
2026-09-09,ILI incidence,2026-09-27,4,GB-NIR,quantile,0.75,1.8217098855716165
2026-09-09,ILI incidence,2026-09-27,4,GB-NIR,quantile,0.8,1.869949080674253
2026-09-09,ILI incidence,2026-09-27,4,GB-NIR,median,NA,1.6472919102688015
2026-09-09,ILI incidence,2026-09-13,2,GB-WLS,quantile,0.01,0.14538752409725025
2026-09-09,ILI incidence,2026-09-13,2,GB-WLS,quantile,0.2,0.4115376381719592
2026-09-09,ILI incidence,2026-09-13,2,GB-WLS,quantile,0.25,0.4635528464076182
2026-09-09,ILI incidence,2026-09-13,2,GB-WLS,quantile,0.3,0.5147394483398233
2026-09-09,ILI incidence,2026-09-13,2,GB-WLS,quantile,0.35,0.5696432045948007
2026-09-09,ILI incidence,2026-09-13,2,GB-WLS,quantile,0.4,0.6275061186406958
2026-09-09,ILI incidence,2026-09-13,2,GB-WLS,quantile,0.45,0.6877864862881093
2026-09-09,ILI incidence,2026-09-13,2,GB-WLS,quantile,0.95,2.430567634063303
2026-09-09,ILI incidence,2026-09-13,2,GB-WLS,quantile,0.975,3.0021536307275487
2026-09-09,ILI incidence,2026-09-13,2,GB-WLS,quantile,0.99,3.934420734778544
2026-09-09,ILI incidence,2026-09-13,2,GB-WLS,quantile,0.025,0.18798556110221257
2026-09-09,ILI incidence,2026-09-13,2,GB-WLS,quantile,0.05,0.23388172161511317
2026-09-09,ILI incidence,2026-09-13,2,GB-WLS,quantile,0.1,0.3036172766785404
2026-09-09,ILI incidence,2026-09-13,2,GB-WLS,quantile,0.15,0.3647004692541232
2026-09-09,ILI incidence,2026-09-13,2,GB-WLS,quantile,0.5,0.7513639259658491
2026-09-09,ILI incidence,2026-09-13,2,GB-WLS,quantile,0.55,0.8235410107865011
2026-09-09,ILI incidence,2026-09-13,2,GB-WLS,quantile,0.6,0.8983860167825359
2026-09-09,ILI incidence,2026-09-13,2,GB-WLS,quantile,0.65,0.9835339543314424
2026-09-09,ILI incidence,2026-09-13,2,GB-WLS,quantile,0.7,1.0932739781057816
2026-09-09,ILI incidence,2026-09-13,2,GB-WLS,quantile,0.75,1.2130291038932746
2026-09-09,ILI incidence,2026-09-13,2,GB-WLS,quantile,0.8,1.3612099980485066
2026-09-09,ILI incidence,2026-09-13,2,GB-WLS,quantile,0.85,1.563340459881318
2026-09-09,ILI incidence,2026-09-13,2,GB-WLS,quantile,0.9,1.8824117802221707
2026-09-09,ILI incidence,2026-09-13,2,GB-WLS,median,NA,0.7513639259658491
2026-09-09,ILI incidence,2026-09-20,3,GB-WLS,quantile,0.2,0.5665669188852102
2026-09-09,ILI incidence,2026-09-20,3,GB-WLS,quantile,0.25,0.6467042712785271
2026-09-09,ILI incidence,2026-09-20,3,GB-WLS,quantile,0.5,1.1140643702283528
2026-09-09,ILI incidence,2026-09-20,3,GB-WLS,quantile,0.7,1.7070999389921644
2026-09-09,ILI incidence,2026-09-20,3,GB-WLS,quantile,0.8,2.1954115505271727
2026-09-09,ILI incidence,2026-09-20,3,GB-WLS,quantile,0.15,0.4884602393859419
2026-09-09,ILI incidence,2026-09-20,3,GB-WLS,quantile,0.6,1.3603980491615506
2026-09-09,ILI incidence,2026-09-20,3,GB-WLS,quantile,0.75,1.9162316627648697
2026-09-09,ILI incidence,2026-09-20,3,GB-WLS,quantile,0.3,0.7294516928795833
2026-09-09,ILI incidence,2026-09-20,3,GB-WLS,quantile,0.65,1.5172476589420332
2026-09-09,ILI incidence,2026-09-20,3,GB-WLS,quantile,0.35,0.8119833929210346
2026-09-09,ILI incidence,2026-09-20,3,GB-WLS,quantile,0.4,0.904793386037186
2026-09-09,ILI incidence,2026-09-20,3,GB-WLS,quantile,0.45,1.0060008703185892
2026-09-09,ILI incidence,2026-09-20,3,GB-WLS,quantile,0.55,1.2369980373857268
2026-09-09,ILI incidence,2026-09-20,3,GB-WLS,quantile,0.1,0.4015050744284312
2026-09-09,ILI incidence,2026-09-20,3,GB-WLS,quantile,0.85,2.564414335766256
2026-09-09,ILI incidence,2026-09-20,3,GB-WLS,quantile,0.025,0.2339258257019259
2026-09-09,ILI incidence,2026-09-20,3,GB-WLS,quantile,0.05,0.3003479294498023
2026-09-09,ILI incidence,2026-09-20,3,GB-WLS,quantile,0.01,0.17605316774591573
2026-09-09,ILI incidence,2026-09-20,3,GB-WLS,quantile,0.9,3.105026814260721
2026-09-09,ILI incidence,2026-09-20,3,GB-WLS,quantile,0.95,4.174138682287748
2026-09-09,ILI incidence,2026-09-20,3,GB-WLS,quantile,0.975,5.355695391220107
2026-09-09,ILI incidence,2026-09-20,3,GB-WLS,quantile,0.99,7.043078363802027
2026-09-09,ILI incidence,2026-09-20,3,GB-WLS,median,NA,1.1140643702283528
2026-09-09,ILI incidence,2026-09-27,4,GB-WLS,quantile,0.1,0.3608611104859433
2026-09-09,ILI incidence,2026-09-27,4,GB-WLS,quantile,0.15,0.4274292234820165
2026-09-09,ILI incidence,2026-09-27,4,GB-WLS,quantile,0.2,0.4917045714461776
2026-09-09,ILI incidence,2026-09-27,4,GB-WLS,quantile,0.25,0.5581625464993631
2026-09-09,ILI incidence,2026-09-27,4,GB-WLS,quantile,0.3,0.6200413894018225
2026-09-09,ILI incidence,2026-09-27,4,GB-WLS,quantile,0.35,0.6916236385221254
2026-09-09,ILI incidence,2026-09-27,4,GB-WLS,quantile,0.4,0.7631771116355163
2026-09-09,ILI incidence,2026-09-27,4,GB-WLS,quantile,0.45,0.8427990766550761
2026-09-09,ILI incidence,2026-09-27,4,GB-WLS,quantile,0.5,0.9247352840168817
2026-09-09,ILI incidence,2026-09-27,4,GB-WLS,quantile,0.55,1.0164202806444895
2026-09-09,ILI incidence,2026-09-27,4,GB-WLS,quantile,0.6,1.117816786364479
2026-09-09,ILI incidence,2026-09-27,4,GB-WLS,quantile,0.65,1.2272087220030772
2026-09-09,ILI incidence,2026-09-27,4,GB-WLS,quantile,0.7,1.360770900476632
2026-09-09,ILI incidence,2026-09-27,4,GB-WLS,quantile,0.75,1.520246798885277
2026-09-09,ILI incidence,2026-09-27,4,GB-WLS,quantile,0.8,1.7121593610179655
2026-09-09,ILI incidence,2026-09-27,4,GB-WLS,quantile,0.9,2.4031612678952508
2026-09-09,ILI incidence,2026-09-27,4,GB-WLS,quantile,0.95,3.1011895913126657
2026-09-09,ILI incidence,2026-09-27,4,GB-WLS,quantile,0.975,3.875764936140471
2026-09-09,ILI incidence,2026-09-27,4,GB-WLS,quantile,0.99,5.340877819199031
2026-09-09,ILI incidence,2026-09-27,4,GB-WLS,quantile,0.85,1.9835171010862829
2026-09-09,ILI incidence,2026-09-27,4,GB-WLS,quantile,0.01,0.16267481559451288
2026-09-09,ILI incidence,2026-09-27,4,GB-WLS,quantile,0.025,0.2169823097193744
2026-09-09,ILI incidence,2026-09-27,4,GB-WLS,quantile,0.05,0.271076989686817
2026-09-09,ILI incidence,2026-09-27,4,GB-WLS,median,NA,0.9247352840168817
2026-09-09,ILI incidence,2026-09-06,1,GR,quantile,0.75,314.0829908315666
2026-09-09,ILI incidence,2026-09-06,1,GR,quantile,0.5,277.57598933631505
2026-09-09,ILI incidence,2026-09-06,1,GR,quantile,0.7,305.0221225726373
2026-09-09,ILI incidence,2026-09-06,1,GR,quantile,0.4,264.85387850458153
2026-09-09,ILI incidence,2026-09-06,1,GR,quantile,0.8,323.19231844065916
2026-09-09,ILI incidence,2026-09-06,1,GR,quantile,0.45,271.0840187863849
2026-09-09,ILI incidence,2026-09-06,1,GR,quantile,0.25,244.8078971137483
2026-09-09,ILI incidence,2026-09-06,1,GR,quantile,0.35,258.6485060663415
2026-09-09,ILI incidence,2026-09-06,1,GR,quantile,0.15,229.70427595383148
2026-09-09,ILI incidence,2026-09-06,1,GR,quantile,0.3,252.04772093020875
2026-09-09,ILI incidence,2026-09-06,1,GR,quantile,0.1,220.461924624685
2026-09-09,ILI incidence,2026-09-06,1,GR,quantile,0.2,237.94815651435155
2026-09-09,ILI incidence,2026-09-06,1,GR,quantile,0.55,284.0014538124767
2026-09-09,ILI incidence,2026-09-06,1,GR,quantile,0.65,297.4522544455372
2026-09-09,ILI incidence,2026-09-06,1,GR,quantile,0.85,334.7246701177416
2026-09-09,ILI incidence,2026-09-06,1,GR,quantile,0.025,195.39745670975427
2026-09-09,ILI incidence,2026-09-06,1,GR,quantile,0.05,206.62359311583597
2026-09-09,ILI incidence,2026-09-06,1,GR,quantile,0.9,350.0845083762494
2026-09-09,ILI incidence,2026-09-06,1,GR,quantile,0.6,290.61694169127765
2026-09-09,ILI incidence,2026-09-06,1,GR,quantile,0.01,182.20795426465287
2026-09-09,ILI incidence,2026-09-06,1,GR,quantile,0.99,420.68284818564155
2026-09-09,ILI incidence,2026-09-06,1,GR,quantile,0.95,372.26541026416214
2026-09-09,ILI incidence,2026-09-06,1,GR,quantile,0.975,393.1456539531117
2026-09-09,ILI incidence,2026-09-06,1,GR,median,NA,277.57598933631505
2026-09-09,ILI incidence,2026-09-13,2,GR,quantile,0.75,321.8007796447066
2026-09-09,ILI incidence,2026-09-13,2,GR,quantile,0.8,335.08762208440265
2026-09-09,ILI incidence,2026-09-13,2,GR,quantile,0.85,350.7724485106266
2026-09-09,ILI incidence,2026-09-13,2,GR,quantile,0.55,280.6607987168975
2026-09-09,ILI incidence,2026-09-13,2,GR,quantile,0.6,289.8760847162389
2026-09-09,ILI incidence,2026-09-13,2,GR,quantile,0.975,443.7797621949146
2026-09-09,ILI incidence,2026-09-13,2,GR,quantile,0.99,479.73132171934424
2026-09-09,ILI incidence,2026-09-13,2,GR,quantile,0.9,372.8935262265701
2026-09-09,ILI incidence,2026-09-13,2,GR,quantile,0.95,408.8081389273405
2026-09-09,ILI incidence,2026-09-13,2,GR,quantile,0.5,272.40577934079374
2026-09-09,ILI incidence,2026-09-13,2,GR,quantile,0.15,210.31892647946157
2026-09-09,ILI incidence,2026-09-13,2,GR,quantile,0.45,263.61226552408607
2026-09-09,ILI incidence,2026-09-13,2,GR,quantile,0.05,181.1745391415601
2026-09-09,ILI incidence,2026-09-13,2,GR,quantile,0.65,299.59687097250645
2026-09-09,ILI incidence,2026-09-13,2,GR,quantile,0.1,198.26129453594217
2026-09-09,ILI incidence,2026-09-13,2,GR,quantile,0.7,309.47186982326167
2026-09-09,ILI incidence,2026-09-13,2,GR,quantile,0.025,167.9001182515878
2026-09-09,ILI incidence,2026-09-13,2,GR,quantile,0.01,153.32034477763696
2026-09-09,ILI incidence,2026-09-13,2,GR,quantile,0.4,255.38414318070625
2026-09-09,ILI incidence,2026-09-13,2,GR,quantile,0.35,247.00695466896647
2026-09-09,ILI incidence,2026-09-13,2,GR,quantile,0.2,221.0649735806403
2026-09-09,ILI incidence,2026-09-13,2,GR,quantile,0.25,230.33853078040943
2026-09-09,ILI incidence,2026-09-13,2,GR,quantile,0.3,238.5616672688768
2026-09-09,ILI incidence,2026-09-13,2,GR,median,NA,272.40577934079374
2026-09-09,ILI incidence,2026-09-20,3,GR,quantile,0.1,222.2665395768833
2026-09-09,ILI incidence,2026-09-20,3,GR,quantile,0.025,203.24420841969268
2026-09-09,ILI incidence,2026-09-20,3,GR,quantile,0.05,212.94956848114572
2026-09-09,ILI incidence,2026-09-20,3,GR,quantile,0.15,228.85928850985465
2026-09-09,ILI incidence,2026-09-20,3,GR,quantile,0.4,253.18835897329575
2026-09-09,ILI incidence,2026-09-20,3,GR,quantile,0.3,244.29064503519257
2026-09-09,ILI incidence,2026-09-20,3,GR,quantile,0.35,248.76112799352575
2026-09-09,ILI incidence,2026-09-20,3,GR,quantile,0.25,239.78567569762905
2026-09-09,ILI incidence,2026-09-20,3,GR,quantile,0.99,352.44362336156894
2026-09-09,ILI incidence,2026-09-20,3,GR,quantile,0.45,257.2727768523446
2026-09-09,ILI incidence,2026-09-20,3,GR,quantile,0.975,335.6357480674368
2026-09-09,ILI incidence,2026-09-20,3,GR,quantile,0.01,194.1788955024326
2026-09-09,ILI incidence,2026-09-20,3,GR,quantile,0.2,234.71826140488065
2026-09-09,ILI incidence,2026-09-20,3,GR,quantile,0.95,322.99860284289747
2026-09-09,ILI incidence,2026-09-20,3,GR,quantile,0.5,261.18047277606024
2026-09-09,ILI incidence,2026-09-20,3,GR,quantile,0.85,298.77310712621477
2026-09-09,ILI incidence,2026-09-20,3,GR,quantile,0.9,308.06380997857775
2026-09-09,ILI incidence,2026-09-20,3,GR,quantile,0.8,291.05358209743196
2026-09-09,ILI incidence,2026-09-20,3,GR,quantile,0.75,284.8438627128056
2026-09-09,ILI incidence,2026-09-20,3,GR,quantile,0.7,279.46637485551616
2026-09-09,ILI incidence,2026-09-20,3,GR,quantile,0.6,269.6730108962239
2026-09-09,ILI incidence,2026-09-20,3,GR,quantile,0.65,274.3283369342325
2026-09-09,ILI incidence,2026-09-20,3,GR,quantile,0.55,265.4940521521249
2026-09-09,ILI incidence,2026-09-20,3,GR,median,NA,261.18047277606024
2026-09-09,ILI incidence,2026-09-27,4,GR,quantile,0.5,288.29949371363773
2026-09-09,ILI incidence,2026-09-27,4,GR,quantile,0.4,275.3961521935014
2026-09-09,ILI incidence,2026-09-27,4,GR,quantile,0.45,281.7311775474591
2026-09-09,ILI incidence,2026-09-27,4,GR,quantile,0.35,268.9945545891469
2026-09-09,ILI incidence,2026-09-27,4,GR,quantile,0.05,212.00951673396503
2026-09-09,ILI incidence,2026-09-27,4,GR,quantile,0.1,227.6088579593252
2026-09-09,ILI incidence,2026-09-27,4,GR,quantile,0.3,262.1332743418229
2026-09-09,ILI incidence,2026-09-27,4,GR,quantile,0.55,295.0310809450899
2026-09-09,ILI incidence,2026-09-27,4,GR,quantile,0.6,302.206164736177
2026-09-09,ILI incidence,2026-09-27,4,GR,quantile,0.2,247.18783190812093
2026-09-09,ILI incidence,2026-09-27,4,GR,quantile,0.025,200.95609449565816
2026-09-09,ILI incidence,2026-09-27,4,GR,quantile,0.01,187.9814118285568
2026-09-09,ILI incidence,2026-09-27,4,GR,quantile,0.25,255.17790934906412
2026-09-09,ILI incidence,2026-09-27,4,GR,quantile,0.75,327.60114146048915
2026-09-09,ILI incidence,2026-09-27,4,GR,quantile,0.15,238.70017041941543
2026-09-09,ILI incidence,2026-09-27,4,GR,quantile,0.7,318.01299678797665
2026-09-09,ILI incidence,2026-09-27,4,GR,quantile,0.8,338.12883984654343
2026-09-09,ILI incidence,2026-09-27,4,GR,quantile,0.975,414.1352541359982
2026-09-09,ILI incidence,2026-09-27,4,GR,quantile,0.95,391.48818992247914
2026-09-09,ILI incidence,2026-09-27,4,GR,quantile,0.65,309.383648491189
2026-09-09,ILI incidence,2026-09-27,4,GR,quantile,0.85,350.211390777041
2026-09-09,ILI incidence,2026-09-27,4,GR,quantile,0.9,366.8416670869019
2026-09-09,ILI incidence,2026-09-27,4,GR,quantile,0.99,441.5157499069037
2026-09-09,ILI incidence,2026-09-27,4,GR,median,NA,288.29949371363773
2026-09-09,ILI incidence,2026-09-20,3,HR,quantile,0.99,6.786370099351456
2026-09-09,ILI incidence,2026-09-20,3,HR,quantile,0.975,3.4031132492838942
2026-09-09,ILI incidence,2026-09-20,3,HR,quantile,0.01,0.001042263652171
2026-09-09,ILI incidence,2026-09-20,3,HR,quantile,0.8,0.44851360354709774
2026-09-09,ILI incidence,2026-09-20,3,HR,quantile,0.95,1.9206392128040015
2026-09-09,ILI incidence,2026-09-20,3,HR,quantile,0.9,1.0035659209772911
2026-09-09,ILI incidence,2026-09-20,3,HR,quantile,0.025,0.00217543137805012
2026-09-09,ILI incidence,2026-09-20,3,HR,quantile,0.75,0.32483001503762016
2026-09-09,ILI incidence,2026-09-20,3,HR,quantile,0.45,0.06843656145702512
2026-09-09,ILI incidence,2026-09-20,3,HR,quantile,0.05,0.00380074454721187
2026-09-09,ILI incidence,2026-09-20,3,HR,quantile,0.85,0.6250779066351221
2026-09-09,ILI incidence,2026-09-20,3,HR,quantile,0.1,0.00760479849428031
2026-09-09,ILI incidence,2026-09-20,3,HR,quantile,0.4,0.05281627655387852
2026-09-09,ILI incidence,2026-09-20,3,HR,quantile,0.7,0.23783271988249363
2026-09-09,ILI incidence,2026-09-20,3,HR,quantile,0.6,0.14321191669186542
2026-09-09,ILI incidence,2026-09-20,3,HR,quantile,0.65,0.1824818211949702
2026-09-09,ILI incidence,2026-09-20,3,HR,quantile,0.15,0.01206674553366006
2026-09-09,ILI incidence,2026-09-20,3,HR,quantile,0.2,0.01746256083127551
2026-09-09,ILI incidence,2026-09-20,3,HR,quantile,0.25,0.024069811737306
2026-09-09,ILI incidence,2026-09-20,3,HR,quantile,0.5,0.08869418456487382
2026-09-09,ILI incidence,2026-09-20,3,HR,quantile,0.55,0.11470654507036844
2026-09-09,ILI incidence,2026-09-20,3,HR,quantile,0.3,0.031686022031365
2026-09-09,ILI incidence,2026-09-20,3,HR,quantile,0.35,0.04082645969066115
2026-09-09,ILI incidence,2026-09-20,3,HR,median,NA,0.08869418456487382
2026-09-09,ILI incidence,2026-09-27,4,HR,quantile,0.4,0.425175914417892
2026-09-09,ILI incidence,2026-09-27,4,HR,quantile,0.35,0.3379490839079772
2026-09-09,ILI incidence,2026-09-27,4,HR,quantile,0.3,0.26608439971835285
2026-09-09,ILI incidence,2026-09-27,4,HR,quantile,0.99,36.99810091667468
2026-09-09,ILI incidence,2026-09-27,4,HR,quantile,0.5,0.6557780132243007
2026-09-09,ILI incidence,2026-09-27,4,HR,quantile,0.55,0.8299109800766074
2026-09-09,ILI incidence,2026-09-27,4,HR,quantile,0.6,1.0393631158986925
2026-09-09,ILI incidence,2026-09-27,4,HR,quantile,0.25,0.20140962714526173
2026-09-09,ILI incidence,2026-09-27,4,HR,quantile,0.45,0.5271025546642418
2026-09-09,ILI incidence,2026-09-27,4,HR,quantile,0.95,12.51274421996897
2026-09-09,ILI incidence,2026-09-27,4,HR,quantile,0.025,0.02078210356437208
2026-09-09,ILI incidence,2026-09-27,4,HR,quantile,0.975,20.45855994598585
2026-09-09,ILI incidence,2026-09-27,4,HR,quantile,0.85,4.1340182848076115
2026-09-09,ILI incidence,2026-09-27,4,HR,quantile,0.9,6.361550879842074
2026-09-09,ILI incidence,2026-09-27,4,HR,quantile,0.01,0.01068656361427012
2026-09-09,ILI incidence,2026-09-27,4,HR,quantile,0.7,1.682814958888586
2026-09-09,ILI incidence,2026-09-27,4,HR,quantile,0.75,2.150618127784224
2026-09-09,ILI incidence,2026-09-27,4,HR,quantile,0.8,2.904692033487159
2026-09-09,ILI incidence,2026-09-27,4,HR,quantile,0.65,1.3186667099186735
2026-09-09,ILI incidence,2026-09-27,4,HR,quantile,0.2,0.15220406561548283
2026-09-09,ILI incidence,2026-09-27,4,HR,quantile,0.15,0.10928478364990823
2026-09-09,ILI incidence,2026-09-27,4,HR,quantile,0.05,0.03660526723579303
2026-09-09,ILI incidence,2026-09-27,4,HR,quantile,0.1,0.07082568687409348
2026-09-09,ILI incidence,2026-09-27,4,HR,median,NA,0.6557780132243007
2026-09-09,ILI incidence,2026-09-06,1,HU,quantile,0.99,55.93814620951952
2026-09-09,ILI incidence,2026-09-06,1,HU,quantile,0.3,34.605985227494514
2026-09-09,ILI incidence,2026-09-06,1,HU,quantile,0.975,52.40287513380602
2026-09-09,ILI incidence,2026-09-06,1,HU,quantile,0.95,49.917488436602994
2026-09-09,ILI incidence,2026-09-06,1,HU,quantile,0.55,38.640125641243074
2026-09-09,ILI incidence,2026-09-06,1,HU,quantile,0.75,42.34019173127041
2026-09-09,ILI incidence,2026-09-06,1,HU,quantile,0.5,37.862271319924766
2026-09-09,ILI incidence,2026-09-06,1,HU,quantile,0.9,46.81837964436345
2026-09-09,ILI incidence,2026-09-06,1,HU,quantile,0.45,37.00288890255172
2026-09-09,ILI incidence,2026-09-06,1,HU,quantile,0.35,35.4375192723067
2026-09-09,ILI incidence,2026-09-06,1,HU,quantile,0.4,36.2251398036124
2026-09-09,ILI incidence,2026-09-06,1,HU,quantile,0.6,39.42619156088353
2026-09-09,ILI incidence,2026-09-06,1,HU,quantile,0.8,43.525925045632114
2026-09-09,ILI incidence,2026-09-06,1,HU,quantile,0.85,44.93793713196535
2026-09-09,ILI incidence,2026-09-06,1,HU,quantile,0.2,32.846421894018896
2026-09-09,ILI incidence,2026-09-06,1,HU,quantile,0.15,31.802522463027923
2026-09-09,ILI incidence,2026-09-06,1,HU,quantile,0.1,30.535678737052564
2026-09-09,ILI incidence,2026-09-06,1,HU,quantile,0.65,40.32505128853331
2026-09-09,ILI incidence,2026-09-06,1,HU,quantile,0.25,33.75031169371981
2026-09-09,ILI incidence,2026-09-06,1,HU,quantile,0.7,41.26417794910782
2026-09-09,ILI incidence,2026-09-06,1,HU,quantile,0.05,28.772082778499268
2026-09-09,ILI incidence,2026-09-06,1,HU,quantile,0.01,25.72100718873604
2026-09-09,ILI incidence,2026-09-06,1,HU,quantile,0.025,27.26072021031529
2026-09-09,ILI incidence,2026-09-06,1,HU,median,NA,37.862271319924766
2026-09-09,ILI incidence,2026-09-13,2,HU,quantile,0.01,10.2867849570547
2026-09-09,ILI incidence,2026-09-13,2,HU,quantile,0.05,16.703963537214506
2026-09-09,ILI incidence,2026-09-13,2,HU,quantile,0.1,21.46373059974892
2026-09-09,ILI incidence,2026-09-13,2,HU,quantile,0.025,13.41556209603415
2026-09-09,ILI incidence,2026-09-13,2,HU,quantile,0.2,28.71990337491943
2026-09-09,ILI incidence,2026-09-13,2,HU,quantile,0.975,201.3516887697462
2026-09-09,ILI incidence,2026-09-13,2,HU,quantile,0.15,25.314240650177226
2026-09-09,ILI incidence,2026-09-13,2,HU,quantile,0.25,31.76844364839708
2026-09-09,ILI incidence,2026-09-13,2,HU,quantile,0.3,35.16659137936496
2026-09-09,ILI incidence,2026-09-13,2,HU,quantile,0.35,39.18893241079749
2026-09-09,ILI incidence,2026-09-13,2,HU,quantile,0.4,42.905806309021386
2026-09-09,ILI incidence,2026-09-13,2,HU,quantile,0.99,259.55816845834613
2026-09-09,ILI incidence,2026-09-13,2,HU,quantile,0.5,51.13180472612277
2026-09-09,ILI incidence,2026-09-13,2,HU,quantile,0.45,46.85802362621082
2026-09-09,ILI incidence,2026-09-13,2,HU,quantile,0.75,82.19794347190575
2026-09-09,ILI incidence,2026-09-13,2,HU,quantile,0.95,162.93944170091828
2026-09-09,ILI incidence,2026-09-13,2,HU,quantile,0.8,93.3134320774034
2026-09-09,ILI incidence,2026-09-13,2,HU,quantile,0.85,106.98323763858222
2026-09-09,ILI incidence,2026-09-13,2,HU,quantile,0.9,125.98235784190668
2026-09-09,ILI incidence,2026-09-13,2,HU,quantile,0.7,73.71216424542814
2026-09-09,ILI incidence,2026-09-13,2,HU,quantile,0.6,61.1951294098523
2026-09-09,ILI incidence,2026-09-13,2,HU,quantile,0.55,56.18121601331237
2026-09-09,ILI incidence,2026-09-13,2,HU,quantile,0.65,67.037605649225
2026-09-09,ILI incidence,2026-09-13,2,HU,median,NA,51.13180472612277
2026-09-09,ILI incidence,2026-09-20,3,HU,quantile,0.99,298.9670384331494
2026-09-09,ILI incidence,2026-09-20,3,HU,quantile,0.95,169.10030290064552
2026-09-09,ILI incidence,2026-09-20,3,HU,quantile,0.975,221.55745483639197
2026-09-09,ILI incidence,2026-09-20,3,HU,quantile,0.9,125.18371712304072
2026-09-09,ILI incidence,2026-09-20,3,HU,quantile,0.7,66.41057912376164
2026-09-09,ILI incidence,2026-09-20,3,HU,quantile,0.85,101.06317395765484
2026-09-09,ILI incidence,2026-09-20,3,HU,quantile,0.8,86.66073385946694
2026-09-09,ILI incidence,2026-09-20,3,HU,quantile,0.6,52.89728916358533
2026-09-09,ILI incidence,2026-09-20,3,HU,quantile,0.65,59.21338849612001
2026-09-09,ILI incidence,2026-09-20,3,HU,quantile,0.75,74.99212206912867
2026-09-09,ILI incidence,2026-09-20,3,HU,quantile,0.45,38.57981837108544
2026-09-09,ILI incidence,2026-09-20,3,HU,quantile,0.5,42.613128221051234
2026-09-09,ILI incidence,2026-09-20,3,HU,quantile,0.35,30.733428172319435
2026-09-09,ILI incidence,2026-09-20,3,HU,quantile,0.55,47.59913870602736
2026-09-09,ILI incidence,2026-09-20,3,HU,quantile,0.4,34.676245201944454
2026-09-09,ILI incidence,2026-09-20,3,HU,quantile,0.25,23.890693873601375
2026-09-09,ILI incidence,2026-09-20,3,HU,quantile,0.3,27.15368317297696
2026-09-09,ILI incidence,2026-09-20,3,HU,quantile,0.15,17.679119149538522
2026-09-09,ILI incidence,2026-09-20,3,HU,quantile,0.1,14.35277921588945
2026-09-09,ILI incidence,2026-09-20,3,HU,quantile,0.2,20.755119447085036
2026-09-09,ILI incidence,2026-09-20,3,HU,quantile,0.025,7.92280157675084
2026-09-09,ILI incidence,2026-09-20,3,HU,quantile,0.05,10.579387886752327
2026-09-09,ILI incidence,2026-09-20,3,HU,quantile,0.01,5.8801452233749325
2026-09-09,ILI incidence,2026-09-20,3,HU,median,NA,42.613128221051234
2026-09-09,ILI incidence,2026-09-27,4,HU,quantile,0.01,2.7444928477687696
2026-09-09,ILI incidence,2026-09-27,4,HU,quantile,0.99,276.362942298983
2026-09-09,ILI incidence,2026-09-27,4,HU,quantile,0.025,4.001253323094441
2026-09-09,ILI incidence,2026-09-27,4,HU,quantile,0.975,195.78006499657732
2026-09-09,ILI incidence,2026-09-27,4,HU,quantile,0.9,102.6901397162678
2026-09-09,ILI incidence,2026-09-27,4,HU,quantile,0.95,146.65660038992172
2026-09-09,ILI incidence,2026-09-27,4,HU,quantile,0.75,55.684502252055594
2026-09-09,ILI incidence,2026-09-27,4,HU,quantile,0.85,79.27191152580369
2026-09-09,ILI incidence,2026-09-27,4,HU,quantile,0.7,47.69354521572868
2026-09-09,ILI incidence,2026-09-27,4,HU,quantile,0.6,36.69547155677352
2026-09-09,ILI incidence,2026-09-27,4,HU,quantile,0.8,65.18658658690919
2026-09-09,ILI incidence,2026-09-27,4,HU,quantile,0.65,41.560154213157325
2026-09-09,ILI incidence,2026-09-27,4,HU,quantile,0.2,12.628740783782389
2026-09-09,ILI incidence,2026-09-27,4,HU,quantile,0.55,32.47762229771468
2026-09-09,ILI incidence,2026-09-27,4,HU,quantile,0.15,10.333627242944674
2026-09-09,ILI incidence,2026-09-27,4,HU,quantile,0.35,19.796496608967463
2026-09-09,ILI incidence,2026-09-27,4,HU,quantile,0.45,25.34383465137093
2026-09-09,ILI incidence,2026-09-27,4,HU,quantile,0.5,28.48486127028545
2026-09-09,ILI incidence,2026-09-27,4,HU,quantile,0.4,22.31519783453966
2026-09-09,ILI incidence,2026-09-27,4,HU,quantile,0.3,17.2917243623796
2026-09-09,ILI incidence,2026-09-27,4,HU,quantile,0.25,14.955217160478853
2026-09-09,ILI incidence,2026-09-27,4,HU,quantile,0.1,8.172371010730453
2026-09-09,ILI incidence,2026-09-27,4,HU,quantile,0.05,5.646819552637718
2026-09-09,ILI incidence,2026-09-27,4,HU,median,NA,28.48486127028545
2026-09-09,ILI incidence,2026-09-06,1,IE,quantile,0.01,0.3785075952213165
2026-09-09,ILI incidence,2026-09-06,1,IE,quantile,0.025,0.45889326130589975
2026-09-09,ILI incidence,2026-09-06,1,IE,quantile,0.05,0.5292701978842315
2026-09-09,ILI incidence,2026-09-06,1,IE,quantile,0.1,0.6193013579257607
2026-09-09,ILI incidence,2026-09-06,1,IE,quantile,0.15,0.6944526071748356
2026-09-09,ILI incidence,2026-09-06,1,IE,quantile,0.2,0.7639225924680768
2026-09-09,ILI incidence,2026-09-06,1,IE,quantile,0.25,0.8212380958100199
2026-09-09,ILI incidence,2026-09-06,1,IE,quantile,0.65,1.336918698412656
2026-09-09,ILI incidence,2026-09-06,1,IE,quantile,0.6,1.254416082576594
2026-09-09,ILI incidence,2026-09-06,1,IE,quantile,0.99,3.366849985732299
2026-09-09,ILI incidence,2026-09-06,1,IE,quantile,0.5,1.1163208191378402
2026-09-09,ILI incidence,2026-09-06,1,IE,quantile,0.7,1.4257687584277956
2026-09-09,ILI incidence,2026-09-06,1,IE,quantile,0.75,1.518833076793274
2026-09-09,ILI incidence,2026-09-06,1,IE,quantile,0.975,2.860863181634267
2026-09-09,ILI incidence,2026-09-06,1,IE,quantile,0.55,1.1838076858057067
2026-09-09,ILI incidence,2026-09-06,1,IE,quantile,0.95,2.446155382106341
2026-09-09,ILI incidence,2026-09-06,1,IE,quantile,0.4,0.9951210000244892
2026-09-09,ILI incidence,2026-09-06,1,IE,quantile,0.8,1.6399800921458645
2026-09-09,ILI incidence,2026-09-06,1,IE,quantile,0.9,2.0050268353088296
2026-09-09,ILI incidence,2026-09-06,1,IE,quantile,0.45,1.057693980381573
2026-09-09,ILI incidence,2026-09-06,1,IE,quantile,0.3,0.8816992698315027
2026-09-09,ILI incidence,2026-09-06,1,IE,quantile,0.35,0.9377344548796036
2026-09-09,ILI incidence,2026-09-06,1,IE,quantile,0.85,1.7936948781113646
2026-09-09,ILI incidence,2026-09-06,1,IE,median,NA,1.1163208191378402
2026-09-09,ILI incidence,2026-09-13,2,IE,quantile,0.4,1.1748144677149974
2026-09-09,ILI incidence,2026-09-13,2,IE,quantile,0.35,1.068847066478014
2026-09-09,ILI incidence,2026-09-13,2,IE,quantile,0.25,0.8718043606867611
2026-09-09,ILI incidence,2026-09-13,2,IE,quantile,0.3,0.9694720619761008
2026-09-09,ILI incidence,2026-09-13,2,IE,quantile,0.15,0.6693581532270183
2026-09-09,ILI incidence,2026-09-13,2,IE,quantile,0.1,0.56239577910271
2026-09-09,ILI incidence,2026-09-13,2,IE,quantile,0.2,0.7808889639932258
2026-09-09,ILI incidence,2026-09-13,2,IE,quantile,0.05,0.4307483946814973
2026-09-09,ILI incidence,2026-09-13,2,IE,quantile,0.025,0.3468453127291625
2026-09-09,ILI incidence,2026-09-13,2,IE,quantile,0.01,0.27291666429013706
2026-09-09,ILI incidence,2026-09-13,2,IE,quantile,0.45,1.2867151923145408
2026-09-09,ILI incidence,2026-09-13,2,IE,quantile,0.5,1.4094165335483018
2026-09-09,ILI incidence,2026-09-13,2,IE,quantile,0.55,1.5420513314222704
2026-09-09,ILI incidence,2026-09-13,2,IE,quantile,0.6,1.6919582469972037
2026-09-09,ILI incidence,2026-09-13,2,IE,quantile,0.65,1.8457811996316231
2026-09-09,ILI incidence,2026-09-13,2,IE,quantile,0.7,2.0434720408163676
2026-09-09,ILI incidence,2026-09-13,2,IE,quantile,0.75,2.2760269388029286
2026-09-09,ILI incidence,2026-09-13,2,IE,quantile,0.8,2.5543007991729043
2026-09-09,ILI incidence,2026-09-13,2,IE,quantile,0.85,2.922843854862154
2026-09-09,ILI incidence,2026-09-13,2,IE,quantile,0.9,3.5063319469280394
2026-09-09,ILI incidence,2026-09-13,2,IE,quantile,0.95,4.513310937971939
2026-09-09,ILI incidence,2026-09-13,2,IE,quantile,0.975,5.645977864150882
2026-09-09,ILI incidence,2026-09-13,2,IE,quantile,0.99,7.166355840404238
2026-09-09,ILI incidence,2026-09-13,2,IE,median,NA,1.4094165335483018
2026-09-09,ILI incidence,2026-09-20,3,IE,quantile,0.01,0.372577268213406
2026-09-09,ILI incidence,2026-09-20,3,IE,quantile,0.025,0.4463370849389301
2026-09-09,ILI incidence,2026-09-20,3,IE,quantile,0.99,3.860909117024344
2026-09-09,ILI incidence,2026-09-20,3,IE,quantile,0.05,0.535739686789669
2026-09-09,ILI incidence,2026-09-20,3,IE,quantile,0.1,0.6358196545282523
2026-09-09,ILI incidence,2026-09-20,3,IE,quantile,0.15,0.7184296315331132
2026-09-09,ILI incidence,2026-09-20,3,IE,quantile,0.2,0.7918324517086748
2026-09-09,ILI incidence,2026-09-20,3,IE,quantile,0.25,0.8547970065086179
2026-09-09,ILI incidence,2026-09-20,3,IE,quantile,0.3,0.9276032071218828
2026-09-09,ILI incidence,2026-09-20,3,IE,quantile,0.35,0.9957593575531516
2026-09-09,ILI incidence,2026-09-20,3,IE,quantile,0.4,1.0691710582874987
2026-09-09,ILI incidence,2026-09-20,3,IE,quantile,0.45,1.1419017121660038
2026-09-09,ILI incidence,2026-09-20,3,IE,quantile,0.5,1.218969312635282
2026-09-09,ILI incidence,2026-09-20,3,IE,quantile,0.55,1.3017748898970756
2026-09-09,ILI incidence,2026-09-20,3,IE,quantile,0.6,1.3905086001904878
2026-09-09,ILI incidence,2026-09-20,3,IE,quantile,0.65,1.4897596169589766
2026-09-09,ILI incidence,2026-09-20,3,IE,quantile,0.7,1.5983983391471686
2026-09-09,ILI incidence,2026-09-20,3,IE,quantile,0.75,1.7182180560363136
2026-09-09,ILI incidence,2026-09-20,3,IE,quantile,0.8,1.8724787758766488
2026-09-09,ILI incidence,2026-09-20,3,IE,quantile,0.85,2.070408604159142
2026-09-09,ILI incidence,2026-09-20,3,IE,quantile,0.9,2.3341993870644178
2026-09-09,ILI incidence,2026-09-20,3,IE,quantile,0.975,3.2532461997573923
2026-09-09,ILI incidence,2026-09-20,3,IE,quantile,0.95,2.792778930998265
2026-09-09,ILI incidence,2026-09-20,3,IE,median,NA,1.218969312635282
2026-09-09,ILI incidence,2026-09-27,4,IE,quantile,0.01,0.42770081398891063
2026-09-09,ILI incidence,2026-09-27,4,IE,quantile,0.025,0.5052401179344403
2026-09-09,ILI incidence,2026-09-27,4,IE,quantile,0.05,0.5775165081383646
2026-09-09,ILI incidence,2026-09-27,4,IE,quantile,0.15,0.7410688268326736
2026-09-09,ILI incidence,2026-09-27,4,IE,quantile,0.2,0.8119454787592899
2026-09-09,ILI incidence,2026-09-27,4,IE,quantile,0.3,0.9301792837684476
2026-09-09,ILI incidence,2026-09-27,4,IE,quantile,0.25,0.8736039247795578
2026-09-09,ILI incidence,2026-09-27,4,IE,quantile,0.35,0.9859752678444482
2026-09-09,ILI incidence,2026-09-27,4,IE,quantile,0.1,0.6694619865430427
2026-09-09,ILI incidence,2026-09-27,4,IE,quantile,0.8,1.6632970282826227
2026-09-09,ILI incidence,2026-09-27,4,IE,quantile,0.85,1.812644694479352
2026-09-09,ILI incidence,2026-09-27,4,IE,quantile,0.4,1.0389131033990455
2026-09-09,ILI incidence,2026-09-27,4,IE,quantile,0.45,1.093240994343315
2026-09-09,ILI incidence,2026-09-27,4,IE,quantile,0.5,1.1499031892027096
2026-09-09,ILI incidence,2026-09-27,4,IE,quantile,0.7,1.4469845944280642
2026-09-09,ILI incidence,2026-09-27,4,IE,quantile,0.65,1.3585376744158522
2026-09-09,ILI incidence,2026-09-27,4,IE,quantile,0.75,1.5449414524064826
2026-09-09,ILI incidence,2026-09-27,4,IE,quantile,0.6,1.2904067094848448
2026-09-09,ILI incidence,2026-09-27,4,IE,quantile,0.55,1.2141246013294444
2026-09-09,ILI incidence,2026-09-27,4,IE,quantile,0.9,2.014849748251055
2026-09-09,ILI incidence,2026-09-27,4,IE,quantile,0.95,2.3312150036227233
2026-09-09,ILI incidence,2026-09-27,4,IE,quantile,0.99,3.1878467792754432
2026-09-09,ILI incidence,2026-09-27,4,IE,quantile,0.975,2.668374137500836
2026-09-09,ILI incidence,2026-09-27,4,IE,median,NA,1.1499031892027096
2026-09-09,ILI incidence,2026-09-20,3,IS,quantile,0.025,0.27551980630120393
2026-09-09,ILI incidence,2026-09-20,3,IS,quantile,0.01,0.2475700129427012
2026-09-09,ILI incidence,2026-09-20,3,IS,quantile,0.25,0.4051119806176881
2026-09-09,ILI incidence,2026-09-20,3,IS,quantile,0.3,0.4225738008562802
2026-09-09,ILI incidence,2026-09-20,3,IS,quantile,0.1,0.336170392451226
2026-09-09,ILI incidence,2026-09-20,3,IS,quantile,0.2,0.38583037905205014
2026-09-09,ILI incidence,2026-09-20,3,IS,quantile,0.15,0.3626798139425077
2026-09-09,ILI incidence,2026-09-20,3,IS,quantile,0.05,0.3006025680721974
2026-09-09,ILI incidence,2026-09-20,3,IS,quantile,0.35,0.4391680876759786
2026-09-09,ILI incidence,2026-09-20,3,IS,quantile,0.4,0.4552772123829354
2026-09-09,ILI incidence,2026-09-20,3,IS,quantile,0.9,0.7118083804782996
2026-09-09,ILI incidence,2026-09-20,3,IS,quantile,0.95,0.7903039888061595
2026-09-09,ILI incidence,2026-09-20,3,IS,quantile,0.85,0.6634243809572044
2026-09-09,ILI incidence,2026-09-20,3,IS,quantile,0.8,0.6249880133911385
2026-09-09,ILI incidence,2026-09-20,3,IS,quantile,0.45,0.47226982130566775
2026-09-09,ILI incidence,2026-09-20,3,IS,quantile,0.65,0.5483303503118505
2026-09-09,ILI incidence,2026-09-20,3,IS,quantile,0.6,0.5270953487530871
2026-09-09,ILI incidence,2026-09-20,3,IS,quantile,0.55,0.5081699039508552
2026-09-09,ILI incidence,2026-09-20,3,IS,quantile,0.5,0.49068082768225696
2026-09-09,ILI incidence,2026-09-20,3,IS,quantile,0.75,0.5957545073323501
2026-09-09,ILI incidence,2026-09-20,3,IS,quantile,0.7,0.57151744639908
2026-09-09,ILI incidence,2026-09-20,3,IS,quantile,0.975,0.8680192698506903
2026-09-09,ILI incidence,2026-09-20,3,IS,quantile,0.99,0.9682333731878684
2026-09-09,ILI incidence,2026-09-20,3,IS,median,NA,0.49068082768225696
2026-09-09,ILI incidence,2026-09-27,4,IS,quantile,0.99,0.16779527410625947
2026-09-09,ILI incidence,2026-09-27,4,IS,quantile,0.05,0.07736173786311125
2026-09-09,ILI incidence,2026-09-27,4,IS,quantile,0.025,0.07317657050176901
2026-09-09,ILI incidence,2026-09-27,4,IS,quantile,0.85,0.13063376831645546
2026-09-09,ILI incidence,2026-09-27,4,IS,quantile,0.95,0.1471426057090352
2026-09-09,ILI incidence,2026-09-27,4,IS,quantile,0.975,0.15648649050244565
2026-09-09,ILI incidence,2026-09-27,4,IS,quantile,0.7,0.11833619419402476
2026-09-09,ILI incidence,2026-09-27,4,IS,quantile,0.01,0.06836203439026453
2026-09-09,ILI incidence,2026-09-27,4,IS,quantile,0.8,0.1258863604635333
2026-09-09,ILI incidence,2026-09-27,4,IS,quantile,0.9,0.1368174157783411
2026-09-09,ILI incidence,2026-09-27,4,IS,quantile,0.75,0.12174518102538778
2026-09-09,ILI incidence,2026-09-27,4,IS,quantile,0.1,0.08298259328160157
2026-09-09,ILI incidence,2026-09-27,4,IS,quantile,0.55,0.10912061092216276
2026-09-09,ILI incidence,2026-09-27,4,IS,quantile,0.65,0.11502811530194332
2026-09-09,ILI incidence,2026-09-27,4,IS,quantile,0.6,0.11195457778861244
2026-09-09,ILI incidence,2026-09-27,4,IS,quantile,0.5,0.1064684359701363
2026-09-09,ILI incidence,2026-09-27,4,IS,quantile,0.15,0.08700358332440933
2026-09-09,ILI incidence,2026-09-27,4,IS,quantile,0.45,0.10393153230673222
2026-09-09,ILI incidence,2026-09-27,4,IS,quantile,0.35,0.09871868725328056
2026-09-09,ILI incidence,2026-09-27,4,IS,quantile,0.4,0.10141448288094414
2026-09-09,ILI incidence,2026-09-27,4,IS,quantile,0.25,0.0933214473882378
2026-09-09,ILI incidence,2026-09-27,4,IS,quantile,0.2,0.09026101682580984
2026-09-09,ILI incidence,2026-09-27,4,IS,quantile,0.3,0.09603784052967908
2026-09-09,ILI incidence,2026-09-27,4,IS,median,NA,0.1064684359701363
2026-09-09,ILI incidence,2026-09-06,1,LT,quantile,0.4,2.137157641367983
2026-09-09,ILI incidence,2026-09-06,1,LT,quantile,0.35,2.0248811620488976
2026-09-09,ILI incidence,2026-09-06,1,LT,quantile,0.3,1.9139728118827848
2026-09-09,ILI incidence,2026-09-06,1,LT,quantile,0.45,2.2511746448586254
2026-09-09,ILI incidence,2026-09-06,1,LT,quantile,0.5,2.3603218620166584
2026-09-09,ILI incidence,2026-09-06,1,LT,quantile,0.55,2.4825019438373275
2026-09-09,ILI incidence,2026-09-06,1,LT,quantile,0.6,2.614409771432821
2026-09-09,ILI incidence,2026-09-06,1,LT,quantile,0.99,5.991797103701889
2026-09-09,ILI incidence,2026-09-06,1,LT,quantile,0.975,5.2588929918869205
2026-09-09,ILI incidence,2026-09-06,1,LT,quantile,0.95,4.600822299297209
2026-09-09,ILI incidence,2026-09-06,1,LT,quantile,0.7,2.924450459679077
2026-09-09,ILI incidence,2026-09-06,1,LT,quantile,0.9,3.968624250736224
2026-09-09,ILI incidence,2026-09-06,1,LT,quantile,0.85,3.609328068991509
2026-09-09,ILI incidence,2026-09-06,1,LT,quantile,0.25,1.8030222647457816
2026-09-09,ILI incidence,2026-09-06,1,LT,quantile,0.65,2.756948909787403
2026-09-09,ILI incidence,2026-09-06,1,LT,quantile,0.75,3.1054299400873457
2026-09-09,ILI incidence,2026-09-06,1,LT,quantile,0.8,3.327060424204281
2026-09-09,ILI incidence,2026-09-06,1,LT,quantile,0.01,0.926800379034593
2026-09-09,ILI incidence,2026-09-06,1,LT,quantile,0.15,1.557716981884711
2026-09-09,ILI incidence,2026-09-06,1,LT,quantile,0.2,1.684848594320496
2026-09-09,ILI incidence,2026-09-06,1,LT,quantile,0.025,1.0743312286184976
2026-09-09,ILI incidence,2026-09-06,1,LT,quantile,0.05,1.2194211671694344
2026-09-09,ILI incidence,2026-09-06,1,LT,quantile,0.1,1.414863007572159
2026-09-09,ILI incidence,2026-09-06,1,LT,median,NA,2.3603218620166584
2026-09-09,ILI incidence,2026-09-13,2,LT,quantile,0.9,7.328166484093995
2026-09-09,ILI incidence,2026-09-13,2,LT,quantile,0.7,4.429121309858567
2026-09-09,ILI incidence,2026-09-13,2,LT,quantile,0.75,4.875522152053452
2026-09-09,ILI incidence,2026-09-13,2,LT,quantile,0.8,5.412559161459387
2026-09-09,ILI incidence,2026-09-13,2,LT,quantile,0.99,14.023805261123442
2026-09-09,ILI incidence,2026-09-13,2,LT,quantile,0.975,11.223242712711684
2026-09-09,ILI incidence,2026-09-13,2,LT,quantile,0.85,6.2179647127192466
2026-09-09,ILI incidence,2026-09-13,2,LT,quantile,0.95,9.163862121326265
2026-09-09,ILI incidence,2026-09-13,2,LT,quantile,0.5,3.112377449298016
2026-09-09,ILI incidence,2026-09-13,2,LT,quantile,0.6,3.6904824695813367
2026-09-09,ILI incidence,2026-09-13,2,LT,quantile,0.65,4.048823669836822
2026-09-09,ILI incidence,2026-09-13,2,LT,quantile,0.55,3.37678502569048
2026-09-09,ILI incidence,2026-09-13,2,LT,quantile,0.4,2.6295658520603262
2026-09-09,ILI incidence,2026-09-13,2,LT,quantile,0.2,1.819070662171532
2026-09-09,ILI incidence,2026-09-13,2,LT,quantile,0.15,1.5846132896227232
2026-09-09,ILI incidence,2026-09-13,2,LT,quantile,0.3,2.2340146410072057
2026-09-09,ILI incidence,2026-09-13,2,LT,quantile,0.35,2.443621082147401
2026-09-09,ILI incidence,2026-09-13,2,LT,quantile,0.45,2.87448864982846
2026-09-09,ILI incidence,2026-09-13,2,LT,quantile,0.25,2.0249373751857584
2026-09-09,ILI incidence,2026-09-13,2,LT,quantile,0.1,1.373355380577873
2026-09-09,ILI incidence,2026-09-13,2,LT,quantile,0.05,1.0796027287624228
2026-09-09,ILI incidence,2026-09-13,2,LT,quantile,0.025,0.8873878467988311
2026-09-09,ILI incidence,2026-09-13,2,LT,quantile,0.01,0.6829492157846612
2026-09-09,ILI incidence,2026-09-13,2,LT,median,NA,3.112377449298016
2026-09-09,ILI incidence,2026-09-20,3,LT,quantile,0.99,87.18077969506535
2026-09-09,ILI incidence,2026-09-20,3,LT,quantile,0.6,6.941730878890776
2026-09-09,ILI incidence,2026-09-20,3,LT,quantile,0.4,3.7111012854315217
2026-09-09,ILI incidence,2026-09-20,3,LT,quantile,0.5,5.034538885400193
2026-09-09,ILI incidence,2026-09-20,3,LT,quantile,0.55,5.934450318363785
2026-09-09,ILI incidence,2026-09-20,3,LT,quantile,0.3,2.702661827967186
2026-09-09,ILI incidence,2026-09-20,3,LT,quantile,0.45,4.34204132523237
2026-09-09,ILI incidence,2026-09-20,3,LT,quantile,0.75,11.468938361399612
2026-09-09,ILI incidence,2026-09-20,3,LT,quantile,0.25,2.246244835330402
2026-09-09,ILI incidence,2026-09-20,3,LT,quantile,0.35,3.174067504950825
2026-09-09,ILI incidence,2026-09-20,3,LT,quantile,0.025,0.4932647830588333
2026-09-09,ILI incidence,2026-09-20,3,LT,quantile,0.65,8.186588919536613
2026-09-09,ILI incidence,2026-09-20,3,LT,quantile,0.7,9.582487416410704
2026-09-09,ILI incidence,2026-09-20,3,LT,quantile,0.2,1.8702288082307148
2026-09-09,ILI incidence,2026-09-20,3,LT,quantile,0.01,0.31500204209981136
2026-09-09,ILI incidence,2026-09-20,3,LT,quantile,0.05,0.7067103884813594
2026-09-09,ILI incidence,2026-09-20,3,LT,quantile,0.15,1.4888829597546844
2026-09-09,ILI incidence,2026-09-20,3,LT,quantile,0.8,13.822626828199926
2026-09-09,ILI incidence,2026-09-20,3,LT,quantile,0.95,37.99908499979601
2026-09-09,ILI incidence,2026-09-20,3,LT,quantile,0.975,56.04969703439901
2026-09-09,ILI incidence,2026-09-20,3,LT,quantile,0.1,1.1206209952435051
2026-09-09,ILI incidence,2026-09-20,3,LT,quantile,0.85,17.565757716057725
2026-09-09,ILI incidence,2026-09-20,3,LT,quantile,0.9,23.809736339946415
2026-09-09,ILI incidence,2026-09-20,3,LT,median,NA,5.034538885400193
2026-09-09,ILI incidence,2026-09-27,4,LT,quantile,0.5,8.971051411421545
2026-09-09,ILI incidence,2026-09-27,4,LT,quantile,0.45,7.136587532636219
2026-09-09,ILI incidence,2026-09-27,4,LT,quantile,0.35,4.490343162303704
2026-09-09,ILI incidence,2026-09-27,4,LT,quantile,0.4,5.686413139969476
2026-09-09,ILI incidence,2026-09-27,4,LT,quantile,0.15,1.3745208189163032
2026-09-09,ILI incidence,2026-09-27,4,LT,quantile,0.3,3.426899425404989
2026-09-09,ILI incidence,2026-09-27,4,LT,quantile,0.2,1.9450472900534288
2026-09-09,ILI incidence,2026-09-27,4,LT,quantile,0.25,2.5926017814851754
2026-09-09,ILI incidence,2026-09-27,4,LT,quantile,0.55,11.18210721296775
2026-09-09,ILI incidence,2026-09-27,4,LT,quantile,0.6,14.158166720101782
2026-09-09,ILI incidence,2026-09-27,4,LT,quantile,0.65,18.18470648764939
2026-09-09,ILI incidence,2026-09-27,4,LT,quantile,0.01,0.1525701996249351
2026-09-09,ILI incidence,2026-09-27,4,LT,quantile,0.025,0.2816578428955279
2026-09-09,ILI incidence,2026-09-27,4,LT,quantile,0.1,0.8889025679504646
2026-09-09,ILI incidence,2026-09-27,4,LT,quantile,0.75,31.114200745008503
2026-09-09,ILI incidence,2026-09-27,4,LT,quantile,0.7,23.78377818574019
2026-09-09,ILI incidence,2026-09-27,4,LT,quantile,0.8,41.79612155293623
2026-09-09,ILI incidence,2026-09-27,4,LT,quantile,0.95,168.42340064931082
2026-09-09,ILI incidence,2026-09-27,4,LT,quantile,0.05,0.4735506613243028
2026-09-09,ILI incidence,2026-09-27,4,LT,quantile,0.9,87.72714682425348
2026-09-09,ILI incidence,2026-09-27,4,LT,quantile,0.85,58.12937662349031
2026-09-09,ILI incidence,2026-09-27,4,LT,quantile,0.975,291.1320801876816
2026-09-09,ILI incidence,2026-09-27,4,LT,quantile,0.99,554.8091450012932
2026-09-09,ILI incidence,2026-09-27,4,LT,median,NA,8.971051411421545
2026-09-09,ILI incidence,2026-09-06,1,LU,quantile,0.75,3804.894877569939
2026-09-09,ILI incidence,2026-09-06,1,LU,quantile,0.65,3505.5057186971244
2026-09-09,ILI incidence,2026-09-06,1,LU,quantile,0.35,2859.1062272693125
2026-09-09,ILI incidence,2026-09-06,1,LU,quantile,0.7,3641.1130340579575
2026-09-09,ILI incidence,2026-09-06,1,LU,quantile,0.8,3971.936603041745
2026-09-09,ILI incidence,2026-09-06,1,LU,quantile,0.9,4467.716252819935
2026-09-09,ILI incidence,2026-09-06,1,LU,quantile,0.85,4194.136063200609
2026-09-09,ILI incidence,2026-09-06,1,LU,quantile,0.4,2960.1827163937814
2026-09-09,ILI incidence,2026-09-06,1,LU,quantile,0.55,3277.082222367555
2026-09-09,ILI incidence,2026-09-06,1,LU,quantile,0.3,2758.272887616031
2026-09-09,ILI incidence,2026-09-06,1,LU,quantile,0.95,4902.987637405754
2026-09-09,ILI incidence,2026-09-06,1,LU,quantile,0.6,3389.810227806347
2026-09-09,ILI incidence,2026-09-06,1,LU,quantile,0.05,2059.920694205012
2026-09-09,ILI incidence,2026-09-06,1,LU,quantile,0.1,2240.1034507978425
2026-09-09,ILI incidence,2026-09-06,1,LU,quantile,0.45,3068.9642722882027
2026-09-09,ILI incidence,2026-09-06,1,LU,quantile,0.025,1883.5660498612888
2026-09-09,ILI incidence,2026-09-06,1,LU,quantile,0.15,2396.566040267074
2026-09-09,ILI incidence,2026-09-06,1,LU,quantile,0.25,2641.7313189792603
2026-09-09,ILI incidence,2026-09-06,1,LU,quantile,0.99,5954.403810904332
2026-09-09,ILI incidence,2026-09-06,1,LU,quantile,0.5,3171.551994591531
2026-09-09,ILI incidence,2026-09-06,1,LU,quantile,0.01,1719.3995375546629
2026-09-09,ILI incidence,2026-09-06,1,LU,quantile,0.975,5329.758265109884
2026-09-09,ILI incidence,2026-09-06,1,LU,quantile,0.2,2520.327224894484
2026-09-09,ILI incidence,2026-09-06,1,LU,median,NA,3171.551994591531
2026-09-09,ILI incidence,2026-09-13,2,LU,quantile,0.6,1837.695466024768
2026-09-09,ILI incidence,2026-09-13,2,LU,quantile,0.45,1435.5462881320502
2026-09-09,ILI incidence,2026-09-13,2,LU,quantile,0.1,707.2759459834988
2026-09-09,ILI incidence,2026-09-13,2,LU,quantile,0.55,1700.6056357420716
2026-09-09,ILI incidence,2026-09-13,2,LU,quantile,0.99,6939.7988389003785
2026-09-09,ILI incidence,2026-09-13,2,LU,quantile,0.5,1563.445961640979
2026-09-09,ILI incidence,2026-09-13,2,LU,quantile,0.975,5414.137785530341
2026-09-09,ILI incidence,2026-09-13,2,LU,quantile,0.4,1324.747705000107
2026-09-09,ILI incidence,2026-09-13,2,LU,quantile,0.35,1224.9272979960183
2026-09-09,ILI incidence,2026-09-13,2,LU,quantile,0.05,560.3436030750133
2026-09-09,ILI incidence,2026-09-13,2,LU,quantile,0.15,824.1360124837756
2026-09-09,ILI incidence,2026-09-13,2,LU,quantile,0.3,1129.0682198728423
2026-09-09,ILI incidence,2026-09-13,2,LU,quantile,0.65,2010.894105779962
2026-09-09,ILI incidence,2026-09-13,2,LU,quantile,0.2,917.901917495076
2026-09-09,ILI incidence,2026-09-13,2,LU,quantile,0.25,1028.0097111540654
2026-09-09,ILI incidence,2026-09-13,2,LU,quantile,0.01,365.1124252825754
2026-09-09,ILI incidence,2026-09-13,2,LU,quantile,0.025,458.3782729209872
2026-09-09,ILI incidence,2026-09-13,2,LU,quantile,0.7,2194.2101271593774
2026-09-09,ILI incidence,2026-09-13,2,LU,quantile,0.9,3532.5997991453955
2026-09-09,ILI incidence,2026-09-13,2,LU,quantile,0.75,2435.167962880802
2026-09-09,ILI incidence,2026-09-13,2,LU,quantile,0.95,4406.908519083141
2026-09-09,ILI incidence,2026-09-13,2,LU,quantile,0.85,3045.3640455789873
2026-09-09,ILI incidence,2026-09-13,2,LU,quantile,0.8,2708.398526359891
2026-09-09,ILI incidence,2026-09-13,2,LU,median,NA,1563.445961640979
2026-09-09,ILI incidence,2026-09-20,3,LU,quantile,0.99,15776.847125093444
2026-09-09,ILI incidence,2026-09-20,3,LU,quantile,0.9,6088.602343764314
2026-09-09,ILI incidence,2026-09-20,3,LU,quantile,0.975,11454.822842013687
2026-09-09,ILI incidence,2026-09-20,3,LU,quantile,0.95,8488.628752624478
2026-09-09,ILI incidence,2026-09-20,3,LU,quantile,0.85,4935.433015720477
2026-09-09,ILI incidence,2026-09-20,3,LU,quantile,0.7,3115.4828115385426
2026-09-09,ILI incidence,2026-09-20,3,LU,quantile,0.8,4112.954344788283
2026-09-09,ILI incidence,2026-09-20,3,LU,quantile,0.75,3553.635107784623
2026-09-09,ILI incidence,2026-09-20,3,LU,quantile,0.65,2776.4394510685356
2026-09-09,ILI incidence,2026-09-20,3,LU,quantile,0.55,2202.68594517224
2026-09-09,ILI incidence,2026-09-20,3,LU,quantile,0.6,2461.6195372723923
2026-09-09,ILI incidence,2026-09-20,3,LU,quantile,0.5,1949.8035206225436
2026-09-09,ILI incidence,2026-09-20,3,LU,quantile,0.35,1358.6876541352594
2026-09-09,ILI incidence,2026-09-20,3,LU,quantile,0.4,1530.886572824386
2026-09-09,ILI incidence,2026-09-20,3,LU,quantile,0.25,1038.2831788191288
2026-09-09,ILI incidence,2026-09-20,3,LU,quantile,0.45,1730.2028044580263
2026-09-09,ILI incidence,2026-09-20,3,LU,quantile,0.3,1191.8556851066285
2026-09-09,ILI incidence,2026-09-20,3,LU,quantile,0.2,886.3443893023801
2026-09-09,ILI incidence,2026-09-20,3,LU,quantile,0.05,426.1548354865646
2026-09-09,ILI incidence,2026-09-20,3,LU,quantile,0.025,319.8710751617653
2026-09-09,ILI incidence,2026-09-20,3,LU,quantile,0.15,746.9803191944663
2026-09-09,ILI incidence,2026-09-20,3,LU,quantile,0.1,598.7879241634249
2026-09-09,ILI incidence,2026-09-20,3,LU,quantile,0.01,233.0599984457127
2026-09-09,ILI incidence,2026-09-20,3,LU,median,NA,1949.8035206225436
2026-09-09,ILI incidence,2026-09-27,4,LU,quantile,0.2,2308.2406811759924
2026-09-09,ILI incidence,2026-09-27,4,LU,quantile,0.25,2364.573396359372
2026-09-09,ILI incidence,2026-09-27,4,LU,quantile,0.15,2236.168807057148
2026-09-09,ILI incidence,2026-09-27,4,LU,quantile,0.4,2534.4484024304934
2026-09-09,ILI incidence,2026-09-27,4,LU,quantile,0.45,2588.153522844902
2026-09-09,ILI incidence,2026-09-27,4,LU,quantile,0.5,2649.6035728456663
2026-09-09,ILI incidence,2026-09-27,4,LU,quantile,0.1,2149.1757157113543
2026-09-09,ILI incidence,2026-09-27,4,LU,quantile,0.55,2704.0536431861387
2026-09-09,ILI incidence,2026-09-27,4,LU,quantile,0.65,2817.0395307450112
2026-09-09,ILI incidence,2026-09-27,4,LU,quantile,0.3,2419.2993581367973
2026-09-09,ILI incidence,2026-09-27,4,LU,quantile,0.35,2482.464914743034
2026-09-09,ILI incidence,2026-09-27,4,LU,quantile,0.7,2877.248562506107
2026-09-09,ILI incidence,2026-09-27,4,LU,quantile,0.8,3029.3245340420785
2026-09-09,ILI incidence,2026-09-27,4,LU,quantile,0.99,3828.494613135672
2026-09-09,ILI incidence,2026-09-27,4,LU,quantile,0.6,2760.3656916655727
2026-09-09,ILI incidence,2026-09-27,4,LU,quantile,0.75,2943.528737318928
2026-09-09,ILI incidence,2026-09-27,4,LU,quantile,0.85,3119.977934592199
2026-09-09,ILI incidence,2026-09-27,4,LU,quantile,0.05,2025.0251493589003
2026-09-09,ILI incidence,2026-09-27,4,LU,quantile,0.025,1914.993457251232
2026-09-09,ILI incidence,2026-09-27,4,LU,quantile,0.975,3626.101070314743
2026-09-09,ILI incidence,2026-09-27,4,LU,quantile,0.95,3445.920402670332
2026-09-09,ILI incidence,2026-09-27,4,LU,quantile,0.01,1800.0991526723478
2026-09-09,ILI incidence,2026-09-27,4,LU,quantile,0.9,3237.7778018621543
2026-09-09,ILI incidence,2026-09-27,4,LU,median,NA,2649.6035728456663
2026-09-09,ILI incidence,2026-09-06,1,MT,quantile,0.1,5473.035581786775
2026-09-09,ILI incidence,2026-09-06,1,MT,quantile,0.15,5701.197300022626
2026-09-09,ILI incidence,2026-09-06,1,MT,quantile,0.2,5892.370065922223
2026-09-09,ILI incidence,2026-09-06,1,MT,quantile,0.01,4517.007426316354
2026-09-09,ILI incidence,2026-09-06,1,MT,quantile,0.025,4847.138492937377
2026-09-09,ILI incidence,2026-09-06,1,MT,quantile,0.05,5130.929243217237
2026-09-09,ILI incidence,2026-09-06,1,MT,quantile,0.4,6531.638340639718
2026-09-09,ILI incidence,2026-09-06,1,MT,quantile,0.45,6667.26696035255
2026-09-09,ILI incidence,2026-09-06,1,MT,quantile,0.65,7278.4237414504705
2026-09-09,ILI incidence,2026-09-06,1,MT,quantile,0.3,6220.106163575573
2026-09-09,ILI incidence,2026-09-06,1,MT,quantile,0.35,6382.619714032415
2026-09-09,ILI incidence,2026-09-06,1,MT,quantile,0.25,6073.368204112602
2026-09-09,ILI incidence,2026-09-06,1,MT,quantile,0.5,6805.488034800254
2026-09-09,ILI incidence,2026-09-06,1,MT,quantile,0.75,7671.042951382076
2026-09-09,ILI incidence,2026-09-06,1,MT,quantile,0.99,10297.743996078394
2026-09-09,ILI incidence,2026-09-06,1,MT,quantile,0.55,6950.9165789234885
2026-09-09,ILI incidence,2026-09-06,1,MT,quantile,0.7,7459.389118829546
2026-09-09,ILI incidence,2026-09-06,1,MT,quantile,0.6,7115.557600837469
2026-09-09,ILI incidence,2026-09-06,1,MT,quantile,0.8,7917.044319387295
2026-09-09,ILI incidence,2026-09-06,1,MT,quantile,0.85,8164.903027994624
2026-09-09,ILI incidence,2026-09-06,1,MT,quantile,0.9,8535.723087689306
2026-09-09,ILI incidence,2026-09-06,1,MT,quantile,0.95,9084.19346032296
2026-09-09,ILI incidence,2026-09-06,1,MT,quantile,0.975,9657.521401085356
2026-09-09,ILI incidence,2026-09-06,1,MT,median,NA,6805.488034800254
2026-09-09,ILI incidence,2026-09-13,2,MT,quantile,0.99,11579.603633811454
2026-09-09,ILI incidence,2026-09-13,2,MT,quantile,0.975,10826.86263084227
2026-09-09,ILI incidence,2026-09-13,2,MT,quantile,0.9,9327.441661307575
2026-09-09,ILI incidence,2026-09-13,2,MT,quantile,0.8,8520.112258825564
2026-09-09,ILI incidence,2026-09-13,2,MT,quantile,0.95,10072.750265324785
2026-09-09,ILI incidence,2026-09-13,2,MT,quantile,0.85,8860.362592187512
2026-09-09,ILI incidence,2026-09-13,2,MT,quantile,0.7,7989.779635121352
2026-09-09,ILI incidence,2026-09-13,2,MT,quantile,0.75,8237.811705918775
2026-09-09,ILI incidence,2026-09-13,2,MT,quantile,0.55,7339.7807056740785
2026-09-09,ILI incidence,2026-09-13,2,MT,quantile,0.6,7526.055201052409
2026-09-09,ILI incidence,2026-09-13,2,MT,quantile,0.65,7748.995018037376
2026-09-09,ILI incidence,2026-09-13,2,MT,quantile,0.4,6804.966697917076
2026-09-09,ILI incidence,2026-09-13,2,MT,quantile,0.5,7159.6857891296495
2026-09-09,ILI incidence,2026-09-13,2,MT,quantile,0.35,6605.773482594675
2026-09-09,ILI incidence,2026-09-13,2,MT,quantile,0.45,6980.113564194233
2026-09-09,ILI incidence,2026-09-13,2,MT,quantile,0.3,6419.461992433679
2026-09-09,ILI incidence,2026-09-13,2,MT,quantile,0.25,6231.6134373496325
2026-09-09,ILI incidence,2026-09-13,2,MT,quantile,0.2,6026.298569750592
2026-09-09,ILI incidence,2026-09-13,2,MT,quantile,0.025,4746.852888373325
2026-09-09,ILI incidence,2026-09-13,2,MT,quantile,0.05,5087.628341574592
2026-09-09,ILI incidence,2026-09-13,2,MT,quantile,0.1,5506.80888855259
2026-09-09,ILI incidence,2026-09-13,2,MT,quantile,0.15,5784.758451562623
2026-09-09,ILI incidence,2026-09-13,2,MT,quantile,0.01,4385.231592942598
2026-09-09,ILI incidence,2026-09-13,2,MT,median,NA,7159.6857891296495
2026-09-09,ILI incidence,2026-09-20,3,MT,quantile,0.85,8725.872066705342
2026-09-09,ILI incidence,2026-09-20,3,MT,quantile,0.6,7906.488497445866
2026-09-09,ILI incidence,2026-09-20,3,MT,quantile,0.55,7775.683715547249
2026-09-09,ILI incidence,2026-09-20,3,MT,quantile,0.8,8523.72020518779
2026-09-09,ILI incidence,2026-09-20,3,MT,quantile,0.5,7659.700767444996
2026-09-09,ILI incidence,2026-09-20,3,MT,quantile,0.9,9002.240080600412
2026-09-09,ILI incidence,2026-09-20,3,MT,quantile,0.45,7549.66821643633
2026-09-09,ILI incidence,2026-09-20,3,MT,quantile,0.15,6768.405054545599
2026-09-09,ILI incidence,2026-09-20,3,MT,quantile,0.4,7442.807105601154
2026-09-09,ILI incidence,2026-09-20,3,MT,quantile,0.99,10270.251495809658
2026-09-09,ILI incidence,2026-09-20,3,MT,quantile,0.3,7196.926836484096
2026-09-09,ILI incidence,2026-09-20,3,MT,quantile,0.2,6923.1369905787415
2026-09-09,ILI incidence,2026-09-20,3,MT,quantile,0.1,6559.7007840562055
2026-09-09,ILI incidence,2026-09-20,3,MT,quantile,0.35,7324.631029087903
2026-09-09,ILI incidence,2026-09-20,3,MT,quantile,0.25,7069.451030638853
2026-09-09,ILI incidence,2026-09-20,3,MT,quantile,0.75,8331.631604988961
2026-09-09,ILI incidence,2026-09-20,3,MT,quantile,0.05,6276.767717945779
2026-09-09,ILI incidence,2026-09-20,3,MT,quantile,0.65,8046.514351285734
2026-09-09,ILI incidence,2026-09-20,3,MT,quantile,0.95,9451.621161938174
2026-09-09,ILI incidence,2026-09-20,3,MT,quantile,0.025,6033.87422940961
2026-09-09,ILI incidence,2026-09-20,3,MT,quantile,0.01,5771.672681842996
2026-09-09,ILI incidence,2026-09-20,3,MT,quantile,0.7,8181.779429152845
2026-09-09,ILI incidence,2026-09-20,3,MT,quantile,0.975,9862.458958690386
2026-09-09,ILI incidence,2026-09-20,3,MT,median,NA,7659.700767444996
2026-09-09,ILI incidence,2026-09-27,4,MT,quantile,0.65,6681.940931215864
2026-09-09,ILI incidence,2026-09-27,4,MT,quantile,0.75,6993.505854939994
2026-09-09,ILI incidence,2026-09-27,4,MT,quantile,0.6,6541.10846201792
2026-09-09,ILI incidence,2026-09-27,4,MT,quantile,0.55,6414.511155623623
2026-09-09,ILI incidence,2026-09-27,4,MT,quantile,0.7,6829.671080097893
2026-09-09,ILI incidence,2026-09-27,4,MT,quantile,0.5,6292.407643012208
2026-09-09,ILI incidence,2026-09-27,4,MT,quantile,0.45,6175.12633169408
2026-09-09,ILI incidence,2026-09-27,4,MT,quantile,0.025,4608.269603070878
2026-09-09,ILI incidence,2026-09-27,4,MT,quantile,0.05,4861.8412431809575
2026-09-09,ILI incidence,2026-09-27,4,MT,quantile,0.15,5341.8285661945665
2026-09-09,ILI incidence,2026-09-27,4,MT,quantile,0.1,5138.911827861411
2026-09-09,ILI incidence,2026-09-27,4,MT,quantile,0.99,9019.603879883494
2026-09-09,ILI incidence,2026-09-27,4,MT,quantile,0.95,8119.968820794873
2026-09-09,ILI incidence,2026-09-27,4,MT,quantile,0.25,5669.94767487517
2026-09-09,ILI incidence,2026-09-27,4,MT,quantile,0.35,5934.879039057025
2026-09-09,ILI incidence,2026-09-27,4,MT,quantile,0.975,8526.689831173937
2026-09-09,ILI incidence,2026-09-27,4,MT,quantile,0.4,6055.400944551891
2026-09-09,ILI incidence,2026-09-27,4,MT,quantile,0.8,7181.808385827064
2026-09-09,ILI incidence,2026-09-27,4,MT,quantile,0.9,7687.919386361802
2026-09-09,ILI incidence,2026-09-27,4,MT,quantile,0.2,5513.787946226384
2026-09-09,ILI incidence,2026-09-27,4,MT,quantile,0.01,4336.095142751124
2026-09-09,ILI incidence,2026-09-27,4,MT,quantile,0.3,5807.7349945201995
2026-09-09,ILI incidence,2026-09-27,4,MT,quantile,0.85,7405.069563771055
2026-09-09,ILI incidence,2026-09-27,4,MT,median,NA,6292.407643012208
2026-09-09,ILI incidence,2026-09-06,1,NO,quantile,0.05,8.610212076765464
2026-09-09,ILI incidence,2026-09-06,1,NO,quantile,0.1,9.289704922185743
2026-09-09,ILI incidence,2026-09-06,1,NO,quantile,0.15,9.845825122624854
2026-09-09,ILI incidence,2026-09-06,1,NO,quantile,0.2,10.306311833694355
2026-09-09,ILI incidence,2026-09-06,1,NO,quantile,0.01,7.4072096052428735
2026-09-09,ILI incidence,2026-09-06,1,NO,quantile,0.025,7.998319417395467
2026-09-09,ILI incidence,2026-09-06,1,NO,quantile,0.25,10.66482787374458
2026-09-09,ILI incidence,2026-09-06,1,NO,quantile,0.4,11.720399982858934
2026-09-09,ILI incidence,2026-09-06,1,NO,quantile,0.45,12.055453590262657
2026-09-09,ILI incidence,2026-09-06,1,NO,quantile,0.55,12.762692016126842
2026-09-09,ILI incidence,2026-09-06,1,NO,quantile,0.5,12.388157357546334
2026-09-09,ILI incidence,2026-09-06,1,NO,quantile,0.3,11.021695308851587
2026-09-09,ILI incidence,2026-09-06,1,NO,quantile,0.35,11.369543011879616
2026-09-09,ILI incidence,2026-09-06,1,NO,quantile,0.75,14.464325187412172
2026-09-09,ILI incidence,2026-09-06,1,NO,quantile,0.8,15.029849441448302
2026-09-09,ILI incidence,2026-09-06,1,NO,quantile,0.65,13.538878459364131
2026-09-09,ILI incidence,2026-09-06,1,NO,quantile,0.6,13.137613695317604
2026-09-09,ILI incidence,2026-09-06,1,NO,quantile,0.7,13.964871469990127
2026-09-09,ILI incidence,2026-09-06,1,NO,quantile,0.85,15.699896586991375
2026-09-09,ILI incidence,2026-09-06,1,NO,quantile,0.9,16.57368654674339
2026-09-09,ILI incidence,2026-09-06,1,NO,quantile,0.99,21.074074141968236
2026-09-09,ILI incidence,2026-09-06,1,NO,quantile,0.975,19.515745397789782
2026-09-09,ILI incidence,2026-09-06,1,NO,quantile,0.95,18.071317485645952
2026-09-09,ILI incidence,2026-09-06,1,NO,median,NA,12.388157357546334
2026-09-09,ILI incidence,2026-09-13,2,NO,quantile,0.95,21.508344569848223
2026-09-09,ILI incidence,2026-09-13,2,NO,quantile,0.975,23.113566859209524
2026-09-09,ILI incidence,2026-09-13,2,NO,quantile,0.99,25.10207301184338
2026-09-09,ILI incidence,2026-09-13,2,NO,quantile,0.9,19.77587383830017
2026-09-09,ILI incidence,2026-09-13,2,NO,quantile,0.025,9.300416267793516
2026-09-09,ILI incidence,2026-09-13,2,NO,quantile,0.45,14.149266135391487
2026-09-09,ILI incidence,2026-09-13,2,NO,quantile,0.8,17.708477429789177
2026-09-09,ILI incidence,2026-09-13,2,NO,quantile,0.85,18.535839876648353
2026-09-09,ILI incidence,2026-09-13,2,NO,quantile,0.3,12.886655896022548
2026-09-09,ILI incidence,2026-09-13,2,NO,quantile,0.35,13.308002725882991
2026-09-09,ILI incidence,2026-09-13,2,NO,quantile,0.75,17.06864147211731
2026-09-09,ILI incidence,2026-09-13,2,NO,quantile,0.4,13.730736746739105
2026-09-09,ILI incidence,2026-09-13,2,NO,quantile,0.01,8.589365971491006
2026-09-09,ILI incidence,2026-09-13,2,NO,quantile,0.05,10.04126195142806
2026-09-09,ILI incidence,2026-09-13,2,NO,quantile,0.5,14.59399241294389
2026-09-09,ILI incidence,2026-09-13,2,NO,quantile,0.25,12.4363815398915
2026-09-09,ILI incidence,2026-09-13,2,NO,quantile,0.55,14.994702735135084
2026-09-09,ILI incidence,2026-09-13,2,NO,quantile,0.6,15.45490166493953
2026-09-09,ILI incidence,2026-09-13,2,NO,quantile,0.65,15.954645491907057
2026-09-09,ILI incidence,2026-09-13,2,NO,quantile,0.7,16.480634120552153
2026-09-09,ILI incidence,2026-09-13,2,NO,quantile,0.15,11.4695861570129
2026-09-09,ILI incidence,2026-09-13,2,NO,quantile,0.2,11.976117200668671
2026-09-09,ILI incidence,2026-09-13,2,NO,quantile,0.1,10.8606978660333
2026-09-09,ILI incidence,2026-09-13,2,NO,median,NA,14.59399241294389
2026-09-09,ILI incidence,2026-09-20,3,NO,quantile,0.99,28.01057896838879
2026-09-09,ILI incidence,2026-09-20,3,NO,quantile,0.55,17.598948770107942
2026-09-09,ILI incidence,2026-09-20,3,NO,quantile,0.65,18.62667215839799
2026-09-09,ILI incidence,2026-09-20,3,NO,quantile,0.975,25.94763882324801
2026-09-09,ILI incidence,2026-09-20,3,NO,quantile,0.6,18.097971491719477
2026-09-09,ILI incidence,2026-09-20,3,NO,quantile,0.95,24.231475332418444
2026-09-09,ILI incidence,2026-09-20,3,NO,quantile,0.35,15.838109492555372
2026-09-09,ILI incidence,2026-09-20,3,NO,quantile,0.5,17.15824476522147
2026-09-09,ILI incidence,2026-09-20,3,NO,quantile,0.7,19.15802634892194
2026-09-09,ILI incidence,2026-09-20,3,NO,quantile,0.75,19.737720718090372
2026-09-09,ILI incidence,2026-09-20,3,NO,quantile,0.8,20.474284342642044
2026-09-09,ILI incidence,2026-09-20,3,NO,quantile,0.85,21.293682523863033
2026-09-09,ILI incidence,2026-09-20,3,NO,quantile,0.4,16.27863515354084
2026-09-09,ILI incidence,2026-09-20,3,NO,quantile,0.15,13.798521077009864
2026-09-09,ILI incidence,2026-09-20,3,NO,quantile,0.9,22.404051956186027
2026-09-09,ILI incidence,2026-09-20,3,NO,quantile,0.2,14.382195661473322
2026-09-09,ILI incidence,2026-09-20,3,NO,quantile,0.25,14.839157115729607
2026-09-09,ILI incidence,2026-09-20,3,NO,quantile,0.3,15.355317484893485
2026-09-09,ILI incidence,2026-09-20,3,NO,quantile,0.45,16.714630252217784
2026-09-09,ILI incidence,2026-09-20,3,NO,quantile,0.1,13.030085148913624
2026-09-09,ILI incidence,2026-09-20,3,NO,quantile,0.05,12.072991043714676
2026-09-09,ILI incidence,2026-09-20,3,NO,quantile,0.025,11.229657435727228
2026-09-09,ILI incidence,2026-09-20,3,NO,quantile,0.01,10.338731308650214
2026-09-09,ILI incidence,2026-09-20,3,NO,median,NA,17.15824476522147
2026-09-09,ILI incidence,2026-09-27,4,NO,quantile,0.8,21.167794616158325
2026-09-09,ILI incidence,2026-09-27,4,NO,quantile,0.75,20.80392203435332
2026-09-09,ILI incidence,2026-09-27,4,NO,quantile,0.01,15.264449804431996
2026-09-09,ILI incidence,2026-09-27,4,NO,quantile,0.025,15.89943321159332
2026-09-09,ILI incidence,2026-09-27,4,NO,quantile,0.05,16.417538641477574
2026-09-09,ILI incidence,2026-09-27,4,NO,quantile,0.1,17.0196847124828
2026-09-09,ILI incidence,2026-09-27,4,NO,quantile,0.15,17.455420478494684
2026-09-09,ILI incidence,2026-09-27,4,NO,quantile,0.2,17.796805856802564
2026-09-09,ILI incidence,2026-09-27,4,NO,quantile,0.25,18.085023121287083
2026-09-09,ILI incidence,2026-09-27,4,NO,quantile,0.3,18.368636408811177
2026-09-09,ILI incidence,2026-09-27,4,NO,quantile,0.35,18.635336466855467
2026-09-09,ILI incidence,2026-09-27,4,NO,quantile,0.45,19.16450408569719
2026-09-09,ILI incidence,2026-09-27,4,NO,quantile,0.5,19.41119243136758
2026-09-09,ILI incidence,2026-09-27,4,NO,quantile,0.55,19.676875099287905
2026-09-09,ILI incidence,2026-09-27,4,NO,quantile,0.7,20.478675135015138
2026-09-09,ILI incidence,2026-09-27,4,NO,quantile,0.6,19.937578936938458
2026-09-09,ILI incidence,2026-09-27,4,NO,quantile,0.65,20.187158758023784
2026-09-09,ILI incidence,2026-09-27,4,NO,quantile,0.85,21.598240312402403
2026-09-09,ILI incidence,2026-09-27,4,NO,quantile,0.9,22.142110484019657
2026-09-09,ILI incidence,2026-09-27,4,NO,quantile,0.975,23.742701467781156
2026-09-09,ILI incidence,2026-09-27,4,NO,quantile,0.99,24.718167996200727
2026-09-09,ILI incidence,2026-09-27,4,NO,quantile,0.4,18.898261872605936
2026-09-09,ILI incidence,2026-09-27,4,NO,quantile,0.95,22.9770371444309
2026-09-09,ILI incidence,2026-09-27,4,NO,median,NA,19.41119243136758
2026-09-09,ARI incidence,2026-09-06,1,BE,quantile,0.1,226.2489078209484
2026-09-09,ARI incidence,2026-09-06,1,BE,quantile,0.01,153.17891700489722
2026-09-09,ARI incidence,2026-09-06,1,BE,quantile,0.025,175.70221708148955
2026-09-09,ARI incidence,2026-09-06,1,BE,quantile,0.35,313.84872889764074
2026-09-09,ARI incidence,2026-09-06,1,BE,quantile,0.15,247.4117856492865
2026-09-09,ARI incidence,2026-09-06,1,BE,quantile,0.55,381.39665617165355
2026-09-09,ARI incidence,2026-09-06,1,BE,quantile,0.6,399.9477347627504
2026-09-09,ARI incidence,2026-09-06,1,BE,quantile,0.65,421.46563501999594
2026-09-09,ARI incidence,2026-09-06,1,BE,quantile,0.2,264.4999028178808
2026-09-09,ARI incidence,2026-09-06,1,BE,quantile,0.25,281.3128623645081
2026-09-09,ARI incidence,2026-09-06,1,BE,quantile,0.7,443.0521778627233
2026-09-09,ARI incidence,2026-09-06,1,BE,quantile,0.75,469.1646145613842
2026-09-09,ARI incidence,2026-09-06,1,BE,quantile,0.8,500.305858501934
2026-09-09,ARI incidence,2026-09-06,1,BE,quantile,0.5,363.7990148979488
2026-09-09,ARI incidence,2026-09-06,1,BE,quantile,0.05,197.2704863656803
2026-09-09,ARI incidence,2026-09-06,1,BE,quantile,0.95,677.8839684096794
2026-09-09,ARI incidence,2026-09-06,1,BE,quantile,0.4,330.14461641158346
2026-09-09,ARI incidence,2026-09-06,1,BE,quantile,0.85,540.5942774582014
2026-09-09,ARI incidence,2026-09-06,1,BE,quantile,0.9,591.8520526349854
2026-09-09,ARI incidence,2026-09-06,1,BE,quantile,0.45,346.63406595912056
2026-09-09,ARI incidence,2026-09-06,1,BE,quantile,0.975,771.5614448588889
2026-09-09,ARI incidence,2026-09-06,1,BE,quantile,0.3,297.62628503014275
2026-09-09,ARI incidence,2026-09-06,1,BE,quantile,0.99,885.6977342351796
2026-09-09,ARI incidence,2026-09-06,1,BE,median,NA,363.7990148979488
2026-09-09,ARI incidence,2026-09-13,2,BE,quantile,0.7,532.6692695028476
2026-09-09,ARI incidence,2026-09-13,2,BE,quantile,0.6,483.9380835223984
2026-09-09,ARI incidence,2026-09-13,2,BE,quantile,0.75,561.176441291899
2026-09-09,ARI incidence,2026-09-13,2,BE,quantile,0.85,630.7449780526173
2026-09-09,ARI incidence,2026-09-13,2,BE,quantile,0.55,464.0454573915881
2026-09-09,ARI incidence,2026-09-13,2,BE,quantile,0.65,506.2765244634943
2026-09-09,ARI incidence,2026-09-13,2,BE,quantile,0.8,591.9454563074266
2026-09-09,ARI incidence,2026-09-13,2,BE,quantile,0.01,200.36457695558065
2026-09-09,ARI incidence,2026-09-13,2,BE,quantile,0.35,390.0404668799064
2026-09-09,ARI incidence,2026-09-13,2,BE,quantile,0.4,407.2249071267843
2026-09-09,ARI incidence,2026-09-13,2,BE,quantile,0.45,426.65089783894894
2026-09-09,ARI incidence,2026-09-13,2,BE,quantile,0.5,446.21439280498214
2026-09-09,ARI incidence,2026-09-13,2,BE,quantile,0.9,683.819987880322
2026-09-09,ARI incidence,2026-09-13,2,BE,quantile,0.95,771.6353072934163
2026-09-09,ARI incidence,2026-09-13,2,BE,quantile,0.1,286.85338091998176
2026-09-09,ARI incidence,2026-09-13,2,BE,quantile,0.15,311.43942942886304
2026-09-09,ARI incidence,2026-09-13,2,BE,quantile,0.025,225.45975124268017
2026-09-09,ARI incidence,2026-09-13,2,BE,quantile,0.05,253.16501530245844
2026-09-09,ARI incidence,2026-09-13,2,BE,quantile,0.2,332.41301851807543
2026-09-09,ARI incidence,2026-09-13,2,BE,quantile,0.25,352.08718687144193
2026-09-09,ARI incidence,2026-09-13,2,BE,quantile,0.3,371.60478322671497
2026-09-09,ARI incidence,2026-09-13,2,BE,quantile,0.975,867.5410215912099
2026-09-09,ARI incidence,2026-09-13,2,BE,quantile,0.99,985.6856582504772
2026-09-09,ARI incidence,2026-09-13,2,BE,median,NA,446.21439280498214
2026-09-09,ARI incidence,2026-09-20,3,BE,quantile,0.5,506.20245101783377
2026-09-09,ARI incidence,2026-09-20,3,BE,quantile,0.55,540.1293802527382
2026-09-09,ARI incidence,2026-09-20,3,BE,quantile,0.45,476.5508763788248
2026-09-09,ARI incidence,2026-09-20,3,BE,quantile,0.85,860.8287061695598
2026-09-09,ARI incidence,2026-09-20,3,BE,quantile,0.3,391.0133910503296
2026-09-09,ARI incidence,2026-09-20,3,BE,quantile,0.9,979.4627783497208
2026-09-09,ARI incidence,2026-09-20,3,BE,quantile,0.7,664.3889646766104
2026-09-09,ARI incidence,2026-09-20,3,BE,quantile,0.8,777.9882423247429
2026-09-09,ARI incidence,2026-09-20,3,BE,quantile,0.975,1378.571130292913
2026-09-09,ARI incidence,2026-09-20,3,BE,quantile,0.99,1639.7302849451055
2026-09-09,ARI incidence,2026-09-20,3,BE,quantile,0.35,416.7769613527073
2026-09-09,ARI incidence,2026-09-20,3,BE,quantile,0.75,714.497409825809
2026-09-09,ARI incidence,2026-09-20,3,BE,quantile,0.25,361.2724634832095
2026-09-09,ARI incidence,2026-09-20,3,BE,quantile,0.4,447.3008136763264
2026-09-09,ARI incidence,2026-09-20,3,BE,quantile,0.05,216.76931706847148
2026-09-09,ARI incidence,2026-09-20,3,BE,quantile,0.025,188.3571825997693
2026-09-09,ARI incidence,2026-09-20,3,BE,quantile,0.01,157.39416996491613
2026-09-09,ARI incidence,2026-09-20,3,BE,quantile,0.15,300.88633726626375
2026-09-09,ARI incidence,2026-09-20,3,BE,quantile,0.6,575.1162339592868
2026-09-09,ARI incidence,2026-09-20,3,BE,quantile,0.95,1179.89799909336
2026-09-09,ARI incidence,2026-09-20,3,BE,quantile,0.65,617.6052193163621
2026-09-09,ARI incidence,2026-09-20,3,BE,quantile,0.2,331.52612696628375
2026-09-09,ARI incidence,2026-09-20,3,BE,quantile,0.1,264.54615987779636
2026-09-09,ARI incidence,2026-09-20,3,BE,median,NA,506.20245101783377
2026-09-09,ARI incidence,2026-09-27,4,BE,quantile,0.9,1281.039277152155
2026-09-09,ARI incidence,2026-09-27,4,BE,quantile,0.8,969.398426037089
2026-09-09,ARI incidence,2026-09-27,4,BE,quantile,0.85,1095.036071284632
2026-09-09,ARI incidence,2026-09-27,4,BE,quantile,0.99,2575.7648735002713
2026-09-09,ARI incidence,2026-09-27,4,BE,quantile,0.75,873.1359944084996
2026-09-09,ARI incidence,2026-09-27,4,BE,quantile,0.95,1611.7473858531123
2026-09-09,ARI incidence,2026-09-27,4,BE,quantile,0.975,1971.983519571569
2026-09-09,ARI incidence,2026-09-27,4,BE,quantile,0.7,798.2325220123103
2026-09-09,ARI incidence,2026-09-27,4,BE,quantile,0.65,729.5808468040775
2026-09-09,ARI incidence,2026-09-27,4,BE,quantile,0.025,165.03003853377044
2026-09-09,ARI incidence,2026-09-27,4,BE,quantile,0.05,201.9579663593481
2026-09-09,ARI incidence,2026-09-27,4,BE,quantile,0.1,250.85012368500176
2026-09-09,ARI incidence,2026-09-27,4,BE,quantile,0.15,294.67094737992187
2026-09-09,ARI incidence,2026-09-27,4,BE,quantile,0.3,406.9560716922888
2026-09-09,ARI incidence,2026-09-27,4,BE,quantile,0.2,335.33941830956405
2026-09-09,ARI incidence,2026-09-27,4,BE,quantile,0.35,441.5702270703404
2026-09-09,ARI incidence,2026-09-27,4,BE,quantile,0.25,371.982143050279
2026-09-09,ARI incidence,2026-09-27,4,BE,quantile,0.4,479.1280204074001
2026-09-09,ARI incidence,2026-09-27,4,BE,quantile,0.01,131.12311298305258
2026-09-09,ARI incidence,2026-09-27,4,BE,quantile,0.5,569.7462971468622
2026-09-09,ARI incidence,2026-09-27,4,BE,quantile,0.45,522.2451976525145
2026-09-09,ARI incidence,2026-09-27,4,BE,quantile,0.55,619.2612651031145
2026-09-09,ARI incidence,2026-09-27,4,BE,quantile,0.6,670.8742255921459
2026-09-09,ARI incidence,2026-09-27,4,BE,median,NA,569.7462971468622
2026-09-09,ARI incidence,2026-09-06,1,BG,quantile,0.025,193.7548845417864
2026-09-09,ARI incidence,2026-09-06,1,BG,quantile,0.05,195.2828818864708
2026-09-09,ARI incidence,2026-09-06,1,BG,quantile,0.01,192.23987306841255
2026-09-09,ARI incidence,2026-09-06,1,BG,quantile,0.1,197.00586513279865
2026-09-09,ARI incidence,2026-09-06,1,BG,quantile,0.4,201.9381768576561
2026-09-09,ARI incidence,2026-09-06,1,BG,quantile,0.15,198.15362693562145
2026-09-09,ARI incidence,2026-09-06,1,BG,quantile,0.2,199.0667264464528
2026-09-09,ARI incidence,2026-09-06,1,BG,quantile,0.45,202.5509523062119
2026-09-09,ARI incidence,2026-09-06,1,BG,quantile,0.25,199.93486697698796
2026-09-09,ARI incidence,2026-09-06,1,BG,quantile,0.5,203.1628753479983
2026-09-09,ARI incidence,2026-09-06,1,BG,quantile,0.3,200.6809977000024
2026-09-09,ARI incidence,2026-09-06,1,BG,quantile,0.35,201.33840055710732
2026-09-09,ARI incidence,2026-09-06,1,BG,quantile,0.8,207.30146607526257
2026-09-09,ARI incidence,2026-09-06,1,BG,quantile,0.75,206.49881874624543
2026-09-09,ARI incidence,2026-09-06,1,BG,quantile,0.65,205.02627227757904
2026-09-09,ARI incidence,2026-09-06,1,BG,quantile,0.55,203.75508186102093
2026-09-09,ARI incidence,2026-09-06,1,BG,quantile,0.7,205.73466471867175
2026-09-09,ARI incidence,2026-09-06,1,BG,quantile,0.6,204.4077739442691
2026-09-09,ARI incidence,2026-09-06,1,BG,quantile,0.85,208.2473107374096
2026-09-09,ARI incidence,2026-09-06,1,BG,quantile,0.9,209.40682362528668
2026-09-09,ARI incidence,2026-09-06,1,BG,quantile,0.95,211.35535557764965
2026-09-09,ARI incidence,2026-09-06,1,BG,quantile,0.975,212.84073943781587
2026-09-09,ARI incidence,2026-09-06,1,BG,quantile,0.99,214.49686713777055
2026-09-09,ARI incidence,2026-09-06,1,BG,median,NA,203.1628753479983
2026-09-09,ARI incidence,2026-09-13,2,BG,quantile,0.9,214.7996229297992
2026-09-09,ARI incidence,2026-09-13,2,BG,quantile,0.99,219.18235630246377
2026-09-09,ARI incidence,2026-09-13,2,BG,quantile,0.1,204.2109699105549
2026-09-09,ARI incidence,2026-09-13,2,BG,quantile,0.05,202.74704474023977
2026-09-09,ARI incidence,2026-09-13,2,BG,quantile,0.8,213.01736889574923
2026-09-09,ARI incidence,2026-09-13,2,BG,quantile,0.85,213.81418770529984
2026-09-09,ARI incidence,2026-09-13,2,BG,quantile,0.975,217.66361760592517
2026-09-09,ARI incidence,2026-09-13,2,BG,quantile,0.25,206.74874315317743
2026-09-09,ARI incidence,2026-09-13,2,BG,quantile,0.45,208.9565140538291
2026-09-09,ARI incidence,2026-09-13,2,BG,quantile,0.5,209.48694414422067
2026-09-09,ARI incidence,2026-09-13,2,BG,quantile,0.15,205.23733269755985
2026-09-09,ARI incidence,2026-09-13,2,BG,quantile,0.55,210.02688322814603
2026-09-09,ARI incidence,2026-09-13,2,BG,quantile,0.75,212.3117947192527
2026-09-09,ARI incidence,2026-09-13,2,BG,quantile,0.95,216.3226050965039
2026-09-09,ARI incidence,2026-09-13,2,BG,quantile,0.2,206.04520072825807
2026-09-09,ARI incidence,2026-09-13,2,BG,quantile,0.01,199.92580390366356
2026-09-09,ARI incidence,2026-09-13,2,BG,quantile,0.6,210.57262422334512
2026-09-09,ARI incidence,2026-09-13,2,BG,quantile,0.4,208.43650909152333
2026-09-09,ARI incidence,2026-09-13,2,BG,quantile,0.7,211.6698646585337
2026-09-09,ARI incidence,2026-09-13,2,BG,quantile,0.65,211.13811757346087
2026-09-09,ARI incidence,2026-09-13,2,BG,quantile,0.35,207.91153036659904
2026-09-09,ARI incidence,2026-09-13,2,BG,quantile,0.3,207.33858763416495
2026-09-09,ARI incidence,2026-09-13,2,BG,quantile,0.025,201.4899342027732
2026-09-09,ARI incidence,2026-09-13,2,BG,median,NA,209.48694414422067
2026-09-09,ARI incidence,2026-09-20,3,BG,quantile,0.8,217.62268138305865
2026-09-09,ARI incidence,2026-09-20,3,BG,quantile,0.65,216.0713583701196
2026-09-09,ARI incidence,2026-09-20,3,BG,quantile,0.55,215.2138324459978
2026-09-09,ARI incidence,2026-09-20,3,BG,quantile,0.2,211.90064932471483
2026-09-09,ARI incidence,2026-09-20,3,BG,quantile,0.35,213.44162674038753
2026-09-09,ARI incidence,2026-09-20,3,BG,quantile,0.6,215.63519568078263
2026-09-09,ARI incidence,2026-09-20,3,BG,quantile,0.75,217.1045292067408
2026-09-09,ARI incidence,2026-09-20,3,BG,quantile,0.4,213.8895837118513
2026-09-09,ARI incidence,2026-09-20,3,BG,quantile,0.45,214.3254749477873
2026-09-09,ARI incidence,2026-09-20,3,BG,quantile,0.7,216.5741270598367
2026-09-09,ARI incidence,2026-09-20,3,BG,quantile,0.85,218.31089776029643
2026-09-09,ARI incidence,2026-09-20,3,BG,quantile,0.3,212.95995914320292
2026-09-09,ARI incidence,2026-09-20,3,BG,quantile,0.25,212.4246493500588
2026-09-09,ARI incidence,2026-09-20,3,BG,quantile,0.15,211.20247053038952
2026-09-09,ARI incidence,2026-09-20,3,BG,quantile,0.1,210.42091539651872
2026-09-09,ARI incidence,2026-09-20,3,BG,quantile,0.05,209.27121271131207
2026-09-09,ARI incidence,2026-09-20,3,BG,quantile,0.9,219.1179863824943
2026-09-09,ARI incidence,2026-09-20,3,BG,quantile,0.025,208.27547973050133
2026-09-09,ARI incidence,2026-09-20,3,BG,quantile,0.01,207.09295049911844
2026-09-09,ARI incidence,2026-09-20,3,BG,quantile,0.5,214.77240733197655
2026-09-09,ARI incidence,2026-09-20,3,BG,quantile,0.975,221.4384164215944
2026-09-09,ARI incidence,2026-09-20,3,BG,quantile,0.99,222.5576687111629
2026-09-09,ARI incidence,2026-09-20,3,BG,quantile,0.95,220.4367914382352
2026-09-09,ARI incidence,2026-09-20,3,BG,median,NA,214.77240733197655
2026-09-09,ARI incidence,2026-09-27,4,BG,quantile,0.95,248.2000606444408
2026-09-09,ARI incidence,2026-09-27,4,BG,quantile,0.9,242.57277184881977
2026-09-09,ARI incidence,2026-09-27,4,BG,quantile,0.99,258.88221685345536
2026-09-09,ARI incidence,2026-09-27,4,BG,quantile,0.85,239.1796336887803
2026-09-09,ARI incidence,2026-09-27,4,BG,quantile,0.8,236.34537411477856
2026-09-09,ARI incidence,2026-09-27,4,BG,quantile,0.7,231.88829918180537
2026-09-09,ARI incidence,2026-09-27,4,BG,quantile,0.75,233.9751287586076
2026-09-09,ARI incidence,2026-09-27,4,BG,quantile,0.65,230.01235102960499
2026-09-09,ARI incidence,2026-09-27,4,BG,quantile,0.6,228.16393063728864
2026-09-09,ARI incidence,2026-09-27,4,BG,quantile,0.975,253.2276638950039
2026-09-09,ARI incidence,2026-09-27,4,BG,quantile,0.4,221.35643327771015
2026-09-09,ARI incidence,2026-09-27,4,BG,quantile,0.5,224.73936113187975
2026-09-09,ARI incidence,2026-09-27,4,BG,quantile,0.55,226.4436901697801
2026-09-09,ARI incidence,2026-09-27,4,BG,quantile,0.45,223.07325428539548
2026-09-09,ARI incidence,2026-09-27,4,BG,quantile,0.35,219.47845052928113
2026-09-09,ARI incidence,2026-09-27,4,BG,quantile,0.25,215.64013569785948
2026-09-09,ARI incidence,2026-09-27,4,BG,quantile,0.3,217.64587525998556
2026-09-09,ARI incidence,2026-09-27,4,BG,quantile,0.1,207.9028135913867
2026-09-09,ARI incidence,2026-09-27,4,BG,quantile,0.15,211.0654079233373
2026-09-09,ARI incidence,2026-09-27,4,BG,quantile,0.2,213.43516543017336
2026-09-09,ARI incidence,2026-09-27,4,BG,quantile,0.05,203.0944469210519
2026-09-09,ARI incidence,2026-09-27,4,BG,quantile,0.01,194.8853484672133
2026-09-09,ARI incidence,2026-09-27,4,BG,quantile,0.025,199.63179399957423
2026-09-09,ARI incidence,2026-09-27,4,BG,median,NA,224.73936113187975
2026-09-09,ARI incidence,2026-09-06,1,CY,quantile,0.5,4150.45942921572
2026-09-09,ARI incidence,2026-09-06,1,CY,quantile,0.45,4043.287658402789
2026-09-09,ARI incidence,2026-09-06,1,CY,quantile,0.7,4653.011258227276
2026-09-09,ARI incidence,2026-09-06,1,CY,quantile,0.4,3940.218009802912
2026-09-09,ARI incidence,2026-09-06,1,CY,quantile,0.3,3711.2049522399857
2026-09-09,ARI incidence,2026-09-06,1,CY,quantile,0.25,3580.333163784521
2026-09-09,ARI incidence,2026-09-06,1,CY,quantile,0.35,3834.095778105776
2026-09-09,ARI incidence,2026-09-06,1,CY,quantile,0.55,4270.855624431987
2026-09-09,ARI incidence,2026-09-06,1,CY,quantile,0.6,4390.765232012145
2026-09-09,ARI incidence,2026-09-06,1,CY,quantile,0.65,4515.136335347783
2026-09-09,ARI incidence,2026-09-06,1,CY,quantile,0.75,4801.744947825375
2026-09-09,ARI incidence,2026-09-06,1,CY,quantile,0.05,2905.078483421816
2026-09-09,ARI incidence,2026-09-06,1,CY,quantile,0.1,3147.9938576983227
2026-09-09,ARI incidence,2026-09-06,1,CY,quantile,0.8,4987.415602710914
2026-09-09,ARI incidence,2026-09-06,1,CY,quantile,0.2,3461.663482237299
2026-09-09,ARI incidence,2026-09-06,1,CY,quantile,0.85,5193.0342816123875
2026-09-09,ARI incidence,2026-09-06,1,CY,quantile,0.9,5462.384332018631
2026-09-09,ARI incidence,2026-09-06,1,CY,quantile,0.01,2533.885599604098
2026-09-09,ARI incidence,2026-09-06,1,CY,quantile,0.025,2725.0528774050867
2026-09-09,ARI incidence,2026-09-06,1,CY,quantile,0.15,3324.3680905011406
2026-09-09,ARI incidence,2026-09-06,1,CY,quantile,0.99,6785.871097016715
2026-09-09,ARI incidence,2026-09-06,1,CY,quantile,0.95,5913.82199976723
2026-09-09,ARI incidence,2026-09-06,1,CY,quantile,0.975,6290.90321548373
2026-09-09,ARI incidence,2026-09-06,1,CY,median,NA,4150.45942921572
2026-09-09,ARI incidence,2026-09-13,2,CY,quantile,0.45,3534.5285299665393
2026-09-09,ARI incidence,2026-09-13,2,CY,quantile,0.5,3623.8355076007656
2026-09-09,ARI incidence,2026-09-13,2,CY,quantile,0.55,3709.200099427401
2026-09-09,ARI incidence,2026-09-13,2,CY,quantile,0.4,3444.350130893067
2026-09-09,ARI incidence,2026-09-13,2,CY,quantile,0.8,4247.195965162737
2026-09-09,ARI incidence,2026-09-13,2,CY,quantile,0.3,3263.983047225375
2026-09-09,ARI incidence,2026-09-13,2,CY,quantile,0.6,3798.692749478015
2026-09-09,ARI incidence,2026-09-13,2,CY,quantile,0.35,3356.3701489891264
2026-09-09,ARI incidence,2026-09-13,2,CY,quantile,0.75,4116.326022824923
2026-09-09,ARI incidence,2026-09-13,2,CY,quantile,0.99,5572.807883165013
2026-09-09,ARI incidence,2026-09-13,2,CY,quantile,0.65,3891.679309912112
2026-09-09,ARI incidence,2026-09-13,2,CY,quantile,0.7,3993.261044271967
2026-09-09,ARI incidence,2026-09-13,2,CY,quantile,0.25,3170.5961319525436
2026-09-09,ARI incidence,2026-09-13,2,CY,quantile,0.01,2329.968805627855
2026-09-09,ARI incidence,2026-09-13,2,CY,quantile,0.9,4606.198654578725
2026-09-09,ARI incidence,2026-09-13,2,CY,quantile,0.025,2517.6760504980393
2026-09-09,ARI incidence,2026-09-13,2,CY,quantile,0.05,2655.726505480485
2026-09-09,ARI incidence,2026-09-13,2,CY,quantile,0.85,4398.456529611323
2026-09-09,ARI incidence,2026-09-13,2,CY,quantile,0.15,2957.912615396055
2026-09-09,ARI incidence,2026-09-13,2,CY,quantile,0.2,3071.818026324644
2026-09-09,ARI incidence,2026-09-13,2,CY,quantile,0.1,2826.928722998356
2026-09-09,ARI incidence,2026-09-13,2,CY,quantile,0.975,5231.945030569888
2026-09-09,ARI incidence,2026-09-13,2,CY,quantile,0.95,4932.378411972365
2026-09-09,ARI incidence,2026-09-13,2,CY,median,NA,3623.8355076007656
2026-09-09,ARI incidence,2026-09-20,3,CY,quantile,0.25,3125.4824774936687
2026-09-09,ARI incidence,2026-09-20,3,CY,quantile,0.2,3045.868183129821
2026-09-09,ARI incidence,2026-09-20,3,CY,quantile,0.1,2839.993890440162
2026-09-09,ARI incidence,2026-09-20,3,CY,quantile,0.01,2413.024458846972
2026-09-09,ARI incidence,2026-09-20,3,CY,quantile,0.3,3199.403547596261
2026-09-09,ARI incidence,2026-09-20,3,CY,quantile,0.15,2955.753630316826
2026-09-09,ARI incidence,2026-09-20,3,CY,quantile,0.05,2681.6216128699316
2026-09-09,ARI incidence,2026-09-20,3,CY,quantile,0.025,2560.8058892670415
2026-09-09,ARI incidence,2026-09-20,3,CY,quantile,0.6,3614.508092851444
2026-09-09,ARI incidence,2026-09-20,3,CY,quantile,0.4,3338.080656444319
2026-09-09,ARI incidence,2026-09-20,3,CY,quantile,0.45,3406.1473747077143
2026-09-09,ARI incidence,2026-09-20,3,CY,quantile,0.35,3268.0228310007956
2026-09-09,ARI incidence,2026-09-20,3,CY,quantile,0.55,3540.720203002712
2026-09-09,ARI incidence,2026-09-20,3,CY,quantile,0.5,3473.414571258847
2026-09-09,ARI incidence,2026-09-20,3,CY,quantile,0.65,3692.3880800904753
2026-09-09,ARI incidence,2026-09-20,3,CY,quantile,0.7,3779.414045553707
2026-09-09,ARI incidence,2026-09-20,3,CY,quantile,0.75,3861.269649688011
2026-09-09,ARI incidence,2026-09-20,3,CY,quantile,0.8,3977.379748020002
2026-09-09,ARI incidence,2026-09-20,3,CY,quantile,0.85,4104.2744779092955
2026-09-09,ARI incidence,2026-09-20,3,CY,quantile,0.9,4269.419767612905
2026-09-09,ARI incidence,2026-09-20,3,CY,quantile,0.95,4520.630590946259
2026-09-09,ARI incidence,2026-09-20,3,CY,quantile,0.975,4760.034021022594
2026-09-09,ARI incidence,2026-09-20,3,CY,quantile,0.99,5063.99379128038
2026-09-09,ARI incidence,2026-09-20,3,CY,median,NA,3473.414571258847
2026-09-09,ARI incidence,2026-09-27,4,CY,quantile,0.975,7139.607344165607
2026-09-09,ARI incidence,2026-09-27,4,CY,quantile,0.95,6386.874725889145
2026-09-09,ARI incidence,2026-09-27,4,CY,quantile,0.85,5195.251467939162
2026-09-09,ARI incidence,2026-09-27,4,CY,quantile,0.9,5658.572217210728
2026-09-09,ARI incidence,2026-09-27,4,CY,quantile,0.65,4147.444628581883
2026-09-09,ARI incidence,2026-09-27,4,CY,quantile,0.6,3976.174601155009
2026-09-09,ARI incidence,2026-09-27,4,CY,quantile,0.7,4361.7445234955985
2026-09-09,ARI incidence,2026-09-27,4,CY,quantile,0.55,3811.090389121923
2026-09-09,ARI incidence,2026-09-27,4,CY,quantile,0.75,4583.212365878473
2026-09-09,ARI incidence,2026-09-27,4,CY,quantile,0.99,8293.0380700378
2026-09-09,ARI incidence,2026-09-27,4,CY,quantile,0.8,4863.127599942376
2026-09-09,ARI incidence,2026-09-27,4,CY,quantile,0.5,3639.3001206721983
2026-09-09,ARI incidence,2026-09-27,4,CY,quantile,0.4,3329.0482841930743
2026-09-09,ARI incidence,2026-09-27,4,CY,quantile,0.45,3479.190795968404
2026-09-09,ARI incidence,2026-09-27,4,CY,quantile,0.35,3180.4415170754796
2026-09-09,ARI incidence,2026-09-27,4,CY,quantile,0.2,2722.2831933961465
2026-09-09,ARI incidence,2026-09-27,4,CY,quantile,0.3,3032.9612750588585
2026-09-09,ARI incidence,2026-09-27,4,CY,quantile,0.05,2064.299128342083
2026-09-09,ARI incidence,2026-09-27,4,CY,quantile,0.25,2882.6206200177494
2026-09-09,ARI incidence,2026-09-27,4,CY,quantile,0.15,2530.8232926671403
2026-09-09,ARI incidence,2026-09-27,4,CY,quantile,0.025,1834.5946361793424
2026-09-09,ARI incidence,2026-09-27,4,CY,quantile,0.1,2337.0495393155643
2026-09-09,ARI incidence,2026-09-27,4,CY,quantile,0.01,1621.5609814840238
2026-09-09,ARI incidence,2026-09-27,4,CY,median,NA,3639.3001206721983
2026-09-09,ARI incidence,2026-09-06,1,DE,quantile,0.975,659.9312923154971
2026-09-09,ARI incidence,2026-09-06,1,DE,quantile,0.99,676.1085854568835
2026-09-09,ARI incidence,2026-09-06,1,DE,quantile,0.95,646.6876514935739
2026-09-09,ARI incidence,2026-09-06,1,DE,quantile,0.9,629.8287817784479
2026-09-09,ARI incidence,2026-09-06,1,DE,quantile,0.85,618.2178485347094
2026-09-09,ARI incidence,2026-09-06,1,DE,quantile,0.65,589.6657727167956
2026-09-09,ARI incidence,2026-09-06,1,DE,quantile,0.01,487.17815180751666
2026-09-09,ARI incidence,2026-09-06,1,DE,quantile,0.8,609.0218110199519
2026-09-09,ARI incidence,2026-09-06,1,DE,quantile,0.7,595.7038578553108
2026-09-09,ARI incidence,2026-09-06,1,DE,quantile,0.6,583.8791178009201
2026-09-09,ARI incidence,2026-09-06,1,DE,quantile,0.025,500.0167252530086
2026-09-09,ARI incidence,2026-09-06,1,DE,quantile,0.75,601.9834326602759
2026-09-09,ARI incidence,2026-09-06,1,DE,quantile,0.55,578.3307093872043
2026-09-09,ARI incidence,2026-09-06,1,DE,quantile,0.1,523.1577046236512
2026-09-09,ARI incidence,2026-09-06,1,DE,quantile,0.5,573.3381914154646
2026-09-09,ARI incidence,2026-09-06,1,DE,quantile,0.45,567.7451016643963
2026-09-09,ARI incidence,2026-09-06,1,DE,quantile,0.4,562.9862058370688
2026-09-09,ARI incidence,2026-09-06,1,DE,quantile,0.05,510.5680384754661
2026-09-09,ARI incidence,2026-09-06,1,DE,quantile,0.25,546.121325972576
2026-09-09,ARI incidence,2026-09-06,1,DE,quantile,0.2,539.559594951841
2026-09-09,ARI incidence,2026-09-06,1,DE,quantile,0.35,557.4026701655644
2026-09-09,ARI incidence,2026-09-06,1,DE,quantile,0.3,552.2799034627205
2026-09-09,ARI incidence,2026-09-06,1,DE,quantile,0.15,532.5769424236978
2026-09-09,ARI incidence,2026-09-06,1,DE,median,NA,573.3381914154646
2026-09-09,ARI incidence,2026-09-13,2,DE,quantile,0.025,500.64466826542406
2026-09-09,ARI incidence,2026-09-13,2,DE,quantile,0.5,600.334869259779
2026-09-09,ARI incidence,2026-09-13,2,DE,quantile,0.35,579.3286136730349
2026-09-09,ARI incidence,2026-09-13,2,DE,quantile,0.05,515.9126279036551
2026-09-09,ARI incidence,2026-09-13,2,DE,quantile,0.75,638.8502437223158
2026-09-09,ARI incidence,2026-09-13,2,DE,quantile,0.975,721.2111720898274
2026-09-09,ARI incidence,2026-09-13,2,DE,quantile,0.95,699.9947718914524
2026-09-09,ARI incidence,2026-09-13,2,DE,quantile,0.85,660.3015013814754
2026-09-09,ARI incidence,2026-09-13,2,DE,quantile,0.9,675.5928653747213
2026-09-09,ARI incidence,2026-09-13,2,DE,quantile,0.45,593.6969065659147
2026-09-09,ARI incidence,2026-09-13,2,DE,quantile,0.99,744.1158037474597
2026-09-09,ARI incidence,2026-09-13,2,DE,quantile,0.8,648.451770339286
2026-09-09,ARI incidence,2026-09-13,2,DE,quantile,0.4,586.6448993221713
2026-09-09,ARI incidence,2026-09-13,2,DE,quantile,0.7,630.063847899877
2026-09-09,ARI incidence,2026-09-13,2,DE,quantile,0.1,534.1448123485219
2026-09-09,ARI incidence,2026-09-13,2,DE,quantile,0.2,556.0170709131218
2026-09-09,ARI incidence,2026-09-13,2,DE,quantile,0.15,546.0798598788955
2026-09-09,ARI incidence,2026-09-13,2,DE,quantile,0.01,485.2586623033461
2026-09-09,ARI incidence,2026-09-13,2,DE,quantile,0.55,607.3637838385721
2026-09-09,ARI incidence,2026-09-13,2,DE,quantile,0.3,572.0885062858152
2026-09-09,ARI incidence,2026-09-13,2,DE,quantile,0.25,564.662389238313
2026-09-09,ARI incidence,2026-09-13,2,DE,quantile,0.6,614.4435614279646
2026-09-09,ARI incidence,2026-09-13,2,DE,quantile,0.65,621.7199134225223
2026-09-09,ARI incidence,2026-09-13,2,DE,median,NA,600.334869259779
2026-09-09,ARI incidence,2026-09-20,3,DE,quantile,0.01,486.7196818380374
2026-09-09,ARI incidence,2026-09-20,3,DE,quantile,0.025,516.6706107495423
2026-09-09,ARI incidence,2026-09-20,3,DE,quantile,0.05,537.2679090707629
2026-09-09,ARI incidence,2026-09-20,3,DE,quantile,0.7,722.5388092820629
2026-09-09,ARI incidence,2026-09-20,3,DE,quantile,0.1,564.2280103952928
2026-09-09,ARI incidence,2026-09-20,3,DE,quantile,0.15,584.4359008551389
2026-09-09,ARI incidence,2026-09-20,3,DE,quantile,0.2,600.5335792887057
2026-09-09,ARI incidence,2026-09-20,3,DE,quantile,0.975,880.061669782823
2026-09-09,ARI incidence,2026-09-20,3,DE,quantile,0.99,919.2444480918896
2026-09-09,ARI incidence,2026-09-20,3,DE,quantile,0.25,614.2485667913405
2026-09-09,ARI incidence,2026-09-20,3,DE,quantile,0.65,709.447332287104
2026-09-09,ARI incidence,2026-09-20,3,DE,quantile,0.6,696.2994798823911
2026-09-09,ARI incidence,2026-09-20,3,DE,quantile,0.9,799.8674045022283
2026-09-09,ARI incidence,2026-09-20,3,DE,quantile,0.95,841.5653670915323
2026-09-09,ARI incidence,2026-09-20,3,DE,quantile,0.45,662.2414985087487
2026-09-09,ARI incidence,2026-09-20,3,DE,quantile,0.5,673.7086427314039
2026-09-09,ARI incidence,2026-09-20,3,DE,quantile,0.55,685.3716580847081
2026-09-09,ARI incidence,2026-09-20,3,DE,quantile,0.3,625.9916377832401
2026-09-09,ARI incidence,2026-09-20,3,DE,quantile,0.35,638.4927745068671
2026-09-09,ARI incidence,2026-09-20,3,DE,quantile,0.75,736.3757298611699
2026-09-09,ARI incidence,2026-09-20,3,DE,quantile,0.4,650.0881437627021
2026-09-09,ARI incidence,2026-09-20,3,DE,quantile,0.8,753.0537532619296
2026-09-09,ARI incidence,2026-09-20,3,DE,quantile,0.85,773.4202568847824
2026-09-09,ARI incidence,2026-09-20,3,DE,median,NA,673.7086427314039
2026-09-09,ARI incidence,2026-09-27,4,DE,quantile,0.01,486.79011609218185
2026-09-09,ARI incidence,2026-09-27,4,DE,quantile,0.025,520.6747980964003
2026-09-09,ARI incidence,2026-09-27,4,DE,quantile,0.05,554.1211051422752
2026-09-09,ARI incidence,2026-09-27,4,DE,quantile,0.65,820.2781518251601
2026-09-09,ARI incidence,2026-09-27,4,DE,quantile,0.1,595.5625369452392
2026-09-09,ARI incidence,2026-09-27,4,DE,quantile,0.15,624.7439573663291
2026-09-09,ARI incidence,2026-09-27,4,DE,quantile,0.6,800.6863202412422
2026-09-09,ARI incidence,2026-09-27,4,DE,quantile,0.55,780.9301787873394
2026-09-09,ARI incidence,2026-09-27,4,DE,quantile,0.2,649.9229654202119
2026-09-09,ARI incidence,2026-09-27,4,DE,quantile,0.5,764.1823902384822
2026-09-09,ARI incidence,2026-09-27,4,DE,quantile,0.8,896.3782370631934
2026-09-09,ARI incidence,2026-09-27,4,DE,quantile,0.85,932.3503327373307
2026-09-09,ARI incidence,2026-09-27,4,DE,quantile,0.975,1116.0092081148337
2026-09-09,ARI incidence,2026-09-27,4,DE,quantile,0.9,977.2058957491632
2026-09-09,ARI incidence,2026-09-27,4,DE,quantile,0.95,1048.5238759860044
2026-09-09,ARI incidence,2026-09-27,4,DE,quantile,0.75,867.4585889681484
2026-09-09,ARI incidence,2026-09-27,4,DE,quantile,0.45,746.695126841182
2026-09-09,ARI incidence,2026-09-27,4,DE,quantile,0.99,1202.8566628037845
2026-09-09,ARI incidence,2026-09-27,4,DE,quantile,0.7,842.3648772066026
2026-09-09,ARI incidence,2026-09-27,4,DE,quantile,0.4,728.4356875982312
2026-09-09,ARI incidence,2026-09-27,4,DE,quantile,0.35,709.4462009876771
2026-09-09,ARI incidence,2026-09-27,4,DE,quantile,0.3,690.1560881845782
2026-09-09,ARI incidence,2026-09-27,4,DE,quantile,0.25,671.6377211669128
2026-09-09,ARI incidence,2026-09-27,4,DE,median,NA,764.1823902384822
2026-09-09,ARI incidence,2026-09-06,1,ES,quantile,0.7,223.06592243684912
2026-09-09,ARI incidence,2026-09-06,1,ES,quantile,0.1,177.77759804894356
2026-09-09,ARI incidence,2026-09-06,1,ES,quantile,0.2,187.79416088918853
2026-09-09,ARI incidence,2026-09-06,1,ES,quantile,0.05,169.35859315183026
2026-09-09,ARI incidence,2026-09-06,1,ES,quantile,0.15,183.39393479906417
2026-09-09,ARI incidence,2026-09-06,1,ES,quantile,0.45,205.4293184770511
2026-09-09,ARI incidence,2026-09-06,1,ES,quantile,0.55,212.08331397738652
2026-09-09,ARI incidence,2026-09-06,1,ES,quantile,0.6,215.65054863733104
2026-09-09,ARI incidence,2026-09-06,1,ES,quantile,0.65,219.23818523762947
2026-09-09,ARI incidence,2026-09-06,1,ES,quantile,0.9,245.50757376353428
2026-09-09,ARI incidence,2026-09-06,1,ES,quantile,0.025,162.70012237149044
2026-09-09,ARI incidence,2026-09-06,1,ES,quantile,0.4,202.11440997103537
2026-09-09,ARI incidence,2026-09-06,1,ES,quantile,0.3,195.53591310727623
2026-09-09,ARI incidence,2026-09-06,1,ES,quantile,0.5,208.8509912039908
2026-09-09,ARI incidence,2026-09-06,1,ES,quantile,0.75,227.12097031666997
2026-09-09,ARI incidence,2026-09-06,1,ES,quantile,0.8,232.14340051385508
2026-09-09,ARI incidence,2026-09-06,1,ES,quantile,0.85,237.97041955634893
2026-09-09,ARI incidence,2026-09-06,1,ES,quantile,0.95,258.0039710335057
2026-09-09,ARI incidence,2026-09-06,1,ES,quantile,0.25,192.05257210233492
2026-09-09,ARI incidence,2026-09-06,1,ES,quantile,0.35,198.87277837096076
2026-09-09,ARI incidence,2026-09-06,1,ES,quantile,0.975,268.2819320400152
2026-09-09,ARI incidence,2026-09-06,1,ES,quantile,0.99,280.50512069472313
2026-09-09,ARI incidence,2026-09-06,1,ES,quantile,0.01,155.25156062155028
2026-09-09,ARI incidence,2026-09-06,1,ES,median,NA,208.8509912039908
2026-09-09,ARI incidence,2026-09-13,2,ES,quantile,0.9,281.6678625787757
2026-09-09,ARI incidence,2026-09-13,2,ES,quantile,0.95,298.71896301929684
2026-09-09,ARI incidence,2026-09-13,2,ES,quantile,0.85,269.7349629550303
2026-09-09,ARI incidence,2026-09-13,2,ES,quantile,0.15,188.47191792490273
2026-09-09,ARI incidence,2026-09-13,2,ES,quantile,0.975,317.8136208581614
2026-09-09,ARI incidence,2026-09-13,2,ES,quantile,0.1,180.97853169424363
2026-09-09,ARI incidence,2026-09-13,2,ES,quantile,0.25,200.7618661527677
2026-09-09,ARI incidence,2026-09-13,2,ES,quantile,0.2,194.9232125213313
2026-09-09,ARI incidence,2026-09-13,2,ES,quantile,0.55,230.24916874636335
2026-09-09,ARI incidence,2026-09-13,2,ES,quantile,0.35,210.31255479496625
2026-09-09,ARI incidence,2026-09-13,2,ES,quantile,0.8,260.40692494647703
2026-09-09,ARI incidence,2026-09-13,2,ES,quantile,0.99,337.2851186316338
2026-09-09,ARI incidence,2026-09-13,2,ES,quantile,0.65,240.39727029894897
2026-09-09,ARI incidence,2026-09-13,2,ES,quantile,0.4,215.34502406484324
2026-09-09,ARI incidence,2026-09-13,2,ES,quantile,0.025,162.94918736053506
2026-09-09,ARI incidence,2026-09-13,2,ES,quantile,0.75,252.58188564237363
2026-09-09,ARI incidence,2026-09-13,2,ES,quantile,0.05,170.49522202537258
2026-09-09,ARI incidence,2026-09-13,2,ES,quantile,0.01,152.51568974735713
2026-09-09,ARI incidence,2026-09-13,2,ES,quantile,0.7,246.4401363244126
2026-09-09,ARI incidence,2026-09-13,2,ES,quantile,0.6,235.26476811569773
2026-09-09,ARI incidence,2026-09-13,2,ES,quantile,0.5,224.66629315186648
2026-09-09,ARI incidence,2026-09-13,2,ES,quantile,0.3,205.47586714261257
2026-09-09,ARI incidence,2026-09-13,2,ES,quantile,0.45,220.1669535259458
2026-09-09,ARI incidence,2026-09-13,2,ES,median,NA,224.66629315186648
2026-09-09,ARI incidence,2026-09-20,3,ES,quantile,0.1,203.61334021509657
2026-09-09,ARI incidence,2026-09-20,3,ES,quantile,0.025,190.1833529411547
2026-09-09,ARI incidence,2026-09-20,3,ES,quantile,0.05,196.19612845869187
2026-09-09,ARI incidence,2026-09-20,3,ES,quantile,0.975,276.4962464982915
2026-09-09,ARI incidence,2026-09-20,3,ES,quantile,0.01,184.1987801329477
2026-09-09,ARI incidence,2026-09-20,3,ES,quantile,0.99,286.4541490004254
2026-09-09,ARI incidence,2026-09-20,3,ES,quantile,0.95,268.55361069600724
2026-09-09,ARI incidence,2026-09-20,3,ES,quantile,0.75,245.23856577032473
2026-09-09,ARI incidence,2026-09-20,3,ES,quantile,0.55,232.9004244025582
2026-09-09,ARI incidence,2026-09-20,3,ES,quantile,0.7,241.89981443898876
2026-09-09,ARI incidence,2026-09-20,3,ES,quantile,0.65,238.8916756922844
2026-09-09,ARI incidence,2026-09-20,3,ES,quantile,0.8,249.04671805158443
2026-09-09,ARI incidence,2026-09-20,3,ES,quantile,0.9,260.1152076247868
2026-09-09,ARI incidence,2026-09-20,3,ES,quantile,0.6,235.72453245024033
2026-09-09,ARI incidence,2026-09-20,3,ES,quantile,0.85,253.8624268107555
2026-09-09,ARI incidence,2026-09-20,3,ES,quantile,0.5,229.97933374502057
2026-09-09,ARI incidence,2026-09-20,3,ES,quantile,0.45,227.44942917020268
2026-09-09,ARI incidence,2026-09-20,3,ES,quantile,0.3,218.8663565172141
2026-09-09,ARI incidence,2026-09-20,3,ES,quantile,0.15,208.5677220651764
2026-09-09,ARI incidence,2026-09-20,3,ES,quantile,0.4,224.78808338346835
2026-09-09,ARI incidence,2026-09-20,3,ES,quantile,0.2,212.26846059522123
2026-09-09,ARI incidence,2026-09-20,3,ES,quantile,0.25,215.66375577072225
2026-09-09,ARI incidence,2026-09-20,3,ES,quantile,0.35,221.94619731399877
2026-09-09,ARI incidence,2026-09-20,3,ES,median,NA,229.97933374502057
2026-09-09,ARI incidence,2026-09-27,4,ES,quantile,0.75,243.1174120793276
2026-09-09,ARI incidence,2026-09-27,4,ES,quantile,0.85,257.4182049359106
2026-09-09,ARI incidence,2026-09-27,4,ES,quantile,0.95,282.3792067180492
2026-09-09,ARI incidence,2026-09-27,4,ES,quantile,0.975,296.67201160773357
2026-09-09,ARI incidence,2026-09-27,4,ES,quantile,0.8,250.06291648319376
2026-09-09,ARI incidence,2026-09-27,4,ES,quantile,0.7,237.57538657348283
2026-09-09,ARI incidence,2026-09-27,4,ES,quantile,0.55,222.8143981524913
2026-09-09,ARI incidence,2026-09-27,4,ES,quantile,0.65,232.19416798279337
2026-09-09,ARI incidence,2026-09-27,4,ES,quantile,0.5,218.87606787561867
2026-09-09,ARI incidence,2026-09-27,4,ES,quantile,0.45,215.0704229858771
2026-09-09,ARI incidence,2026-09-27,4,ES,quantile,0.99,314.67718016264115
2026-09-09,ARI incidence,2026-09-27,4,ES,quantile,0.6,227.49710587460123
2026-09-09,ARI incidence,2026-09-27,4,ES,quantile,0.2,191.3814961466733
2026-09-09,ARI incidence,2026-09-27,4,ES,quantile,0.9,267.137406075652
2026-09-09,ARI incidence,2026-09-27,4,ES,quantile,0.05,169.5774990078396
2026-09-09,ARI incidence,2026-09-27,4,ES,quantile,0.025,160.92808135078295
2026-09-09,ARI incidence,2026-09-27,4,ES,quantile,0.01,152.59752062963315
2026-09-09,ARI incidence,2026-09-27,4,ES,quantile,0.4,210.79028348660455
2026-09-09,ARI incidence,2026-09-27,4,ES,quantile,0.15,185.87456012041855
2026-09-09,ARI incidence,2026-09-27,4,ES,quantile,0.25,196.70820469808595
2026-09-09,ARI incidence,2026-09-27,4,ES,quantile,0.3,201.33753119852292
2026-09-09,ARI incidence,2026-09-27,4,ES,quantile,0.35,206.1841283648085
2026-09-09,ARI incidence,2026-09-27,4,ES,quantile,0.1,179.41848160490505
2026-09-09,ARI incidence,2026-09-27,4,ES,median,NA,218.87606787561867
2026-09-09,ARI incidence,2026-09-06,1,FI,quantile,0.99,1895.1599455091737
2026-09-09,ARI incidence,2026-09-06,1,FI,quantile,0.975,1847.5985673106984
2026-09-09,ARI incidence,2026-09-06,1,FI,quantile,0.9,1754.500942953453
2026-09-09,ARI incidence,2026-09-06,1,FI,quantile,0.95,1803.3009184209864
2026-09-09,ARI incidence,2026-09-06,1,FI,quantile,0.6,1631.2917805121288
2026-09-09,ARI incidence,2026-09-06,1,FI,quantile,0.65,1648.1879092570025
2026-09-09,ARI incidence,2026-09-06,1,FI,quantile,0.55,1616.7413319400198
2026-09-09,ARI incidence,2026-09-06,1,FI,quantile,0.8,1702.7100714276023
2026-09-09,ARI incidence,2026-09-06,1,FI,quantile,0.85,1725.8244968907843
2026-09-09,ARI incidence,2026-09-06,1,FI,quantile,0.7,1663.8509204891016
2026-09-09,ARI incidence,2026-09-06,1,FI,quantile,0.3,1542.7441389321143
2026-09-09,ARI incidence,2026-09-06,1,FI,quantile,0.2,1508.7554665907182
2026-09-09,ARI incidence,2026-09-06,1,FI,quantile,0.45,1588.198180486846
2026-09-09,ARI incidence,2026-09-06,1,FI,quantile,0.25,1527.3178617090502
2026-09-09,ARI incidence,2026-09-06,1,FI,quantile,0.75,1682.2016640150014
2026-09-09,ARI incidence,2026-09-06,1,FI,quantile,0.4,1572.2062117090318
2026-09-09,ARI incidence,2026-09-06,1,FI,quantile,0.5,1602.9330217092452
2026-09-09,ARI incidence,2026-09-06,1,FI,quantile,0.35,1556.741211568606
2026-09-09,ARI incidence,2026-09-06,1,FI,quantile,0.1,1462.6458426122613
2026-09-09,ARI incidence,2026-09-06,1,FI,quantile,0.025,1391.395704133802
2026-09-09,ARI incidence,2026-09-06,1,FI,quantile,0.15,1488.7946748897823
2026-09-09,ARI incidence,2026-09-06,1,FI,quantile,0.05,1424.7333507581743
2026-09-09,ARI incidence,2026-09-06,1,FI,quantile,0.01,1355.58096654342
2026-09-09,ARI incidence,2026-09-06,1,FI,median,NA,1602.9330217092452
2026-09-09,ARI incidence,2026-09-13,2,FI,quantile,0.35,1681.8076149177828
2026-09-09,ARI incidence,2026-09-13,2,FI,quantile,0.25,1650.5975955702684
2026-09-09,ARI incidence,2026-09-13,2,FI,quantile,0.2,1632.9108408069458
2026-09-09,ARI incidence,2026-09-13,2,FI,quantile,0.45,1710.298897088103
2026-09-09,ARI incidence,2026-09-13,2,FI,quantile,0.4,1696.1576074672826
2026-09-09,ARI incidence,2026-09-13,2,FI,quantile,0.5,1725.0378914314156
2026-09-09,ARI incidence,2026-09-13,2,FI,quantile,0.8,1821.521022219441
2026-09-09,ARI incidence,2026-09-13,2,FI,quantile,0.75,1801.1750233229243
2026-09-09,ARI incidence,2026-09-13,2,FI,quantile,0.85,1844.3856971083624
2026-09-09,ARI incidence,2026-09-13,2,FI,quantile,0.55,1738.574147445868
2026-09-09,ARI incidence,2026-09-13,2,FI,quantile,0.1,1586.3433104387036
2026-09-09,ARI incidence,2026-09-13,2,FI,quantile,0.9,1873.182312711277
2026-09-09,ARI incidence,2026-09-13,2,FI,quantile,0.15,1613.8352323824174
2026-09-09,ARI incidence,2026-09-13,2,FI,quantile,0.7,1783.9155118369972
2026-09-09,ARI incidence,2026-09-13,2,FI,quantile,0.3,1666.6959933770445
2026-09-09,ARI incidence,2026-09-13,2,FI,quantile,0.99,2000.6448867712895
2026-09-09,ARI incidence,2026-09-13,2,FI,quantile,0.6,1753.375792277261
2026-09-09,ARI incidence,2026-09-13,2,FI,quantile,0.95,1920.5035895128528
2026-09-09,ARI incidence,2026-09-13,2,FI,quantile,0.01,1481.6743458368326
2026-09-09,ARI incidence,2026-09-13,2,FI,quantile,0.65,1768.471362453979
2026-09-09,ARI incidence,2026-09-13,2,FI,quantile,0.975,1957.8995791776204
2026-09-09,ARI incidence,2026-09-13,2,FI,quantile,0.05,1549.658253773711
2026-09-09,ARI incidence,2026-09-13,2,FI,quantile,0.025,1517.9477398573354
2026-09-09,ARI incidence,2026-09-13,2,FI,median,NA,1725.0378914314156
2026-09-09,ARI incidence,2026-09-20,3,FI,quantile,0.8,1848.5114618148716
2026-09-09,ARI incidence,2026-09-20,3,FI,quantile,0.7,1783.9551637032914
2026-09-09,ARI incidence,2026-09-20,3,FI,quantile,0.01,1277.4085023293198
2026-09-09,ARI incidence,2026-09-20,3,FI,quantile,0.025,1328.6770959270368
2026-09-09,ARI incidence,2026-09-20,3,FI,quantile,0.65,1754.7460313240151
2026-09-09,ARI incidence,2026-09-20,3,FI,quantile,0.75,1814.4903687827916
2026-09-09,ARI incidence,2026-09-20,3,FI,quantile,0.2,1518.4388336906818
2026-09-09,ARI incidence,2026-09-20,3,FI,quantile,0.05,1374.8244609460885
2026-09-09,ARI incidence,2026-09-20,3,FI,quantile,0.55,1700.0156292567765
2026-09-09,ARI incidence,2026-09-20,3,FI,quantile,0.6,1726.4146253333597
2026-09-09,ARI incidence,2026-09-20,3,FI,quantile,0.1,1441.744156618367
2026-09-09,ARI incidence,2026-09-20,3,FI,quantile,0.45,1650.9276639767668
2026-09-09,ARI incidence,2026-09-20,3,FI,quantile,0.15,1485.5780125528374
2026-09-09,ARI incidence,2026-09-20,3,FI,quantile,0.5,1676.229507426992
2026-09-09,ARI incidence,2026-09-20,3,FI,quantile,0.35,1601.350055563939
2026-09-09,ARI incidence,2026-09-20,3,FI,quantile,0.975,2112.3107212061545
2026-09-09,ARI incidence,2026-09-20,3,FI,quantile,0.99,2224.148305815857
2026-09-09,ARI incidence,2026-09-20,3,FI,quantile,0.9,1949.824994632404
2026-09-09,ARI incidence,2026-09-20,3,FI,quantile,0.3,1576.077145632319
2026-09-09,ARI incidence,2026-09-20,3,FI,quantile,0.95,2041.5327752596556
2026-09-09,ARI incidence,2026-09-20,3,FI,quantile,0.85,1891.6438549438165
2026-09-09,ARI incidence,2026-09-20,3,FI,quantile,0.25,1548.2024774138172
2026-09-09,ARI incidence,2026-09-20,3,FI,quantile,0.4,1626.3132246252771
2026-09-09,ARI incidence,2026-09-20,3,FI,median,NA,1676.229507426992
2026-09-09,ARI incidence,2026-09-06,1,GB-NIR,quantile,0.3,136.68928577515914
2026-09-09,ARI incidence,2026-09-06,1,GB-NIR,quantile,0.35,138.2169512332335
2026-09-09,ARI incidence,2026-09-06,1,GB-NIR,quantile,0.4,139.75646778866238
2026-09-09,ARI incidence,2026-09-06,1,GB-NIR,quantile,0.45,141.20244389879025
2026-09-09,ARI incidence,2026-09-06,1,GB-NIR,quantile,0.95,162.39946874289785
2026-09-09,ARI incidence,2026-09-06,1,GB-NIR,quantile,0.025,121.40500546312832
2026-09-09,ARI incidence,2026-09-06,1,GB-NIR,quantile,0.05,124.99311040541384
2026-09-09,ARI incidence,2026-09-06,1,GB-NIR,quantile,0.5,142.61912428460244
2026-09-09,ARI incidence,2026-09-06,1,GB-NIR,quantile,0.65,147.1938193156974
2026-09-09,ARI incidence,2026-09-06,1,GB-NIR,quantile,0.85,154.95703813855033
2026-09-09,ARI incidence,2026-09-06,1,GB-NIR,quantile,0.9,157.88904902208196
2026-09-09,ARI incidence,2026-09-06,1,GB-NIR,quantile,0.975,166.40831414346312
2026-09-09,ARI incidence,2026-09-06,1,GB-NIR,quantile,0.99,171.00240163753588
2026-09-09,ARI incidence,2026-09-06,1,GB-NIR,quantile,0.1,128.66162316224376
2026-09-09,ARI incidence,2026-09-06,1,GB-NIR,quantile,0.15,131.09770556479663
2026-09-09,ARI incidence,2026-09-06,1,GB-NIR,quantile,0.75,150.7803220883963
2026-09-09,ARI incidence,2026-09-06,1,GB-NIR,quantile,0.01,118.30062242849304
2026-09-09,ARI incidence,2026-09-06,1,GB-NIR,quantile,0.25,134.93507152161226
2026-09-09,ARI incidence,2026-09-06,1,GB-NIR,quantile,0.2,133.15001936429744
2026-09-09,ARI incidence,2026-09-06,1,GB-NIR,quantile,0.55,144.06653335158134
2026-09-09,ARI incidence,2026-09-06,1,GB-NIR,quantile,0.6,145.6681265127715
2026-09-09,ARI incidence,2026-09-06,1,GB-NIR,quantile,0.8,152.70202694710926
2026-09-09,ARI incidence,2026-09-06,1,GB-NIR,quantile,0.7,148.84697996322
2026-09-09,ARI incidence,2026-09-06,1,GB-NIR,median,NA,142.61912428460244
2026-09-09,ARI incidence,2026-09-13,2,GB-NIR,quantile,0.9,142.814883872302
2026-09-09,ARI incidence,2026-09-13,2,GB-NIR,quantile,0.975,171.2524827844349
2026-09-09,ARI incidence,2026-09-13,2,GB-NIR,quantile,0.95,156.28832811358882
2026-09-09,ARI incidence,2026-09-13,2,GB-NIR,quantile,0.99,189.09509295528537
2026-09-09,ARI incidence,2026-09-13,2,GB-NIR,quantile,0.15,77.68688265668173
2026-09-09,ARI incidence,2026-09-13,2,GB-NIR,quantile,0.2,81.46696469686813
2026-09-09,ARI incidence,2026-09-13,2,GB-NIR,quantile,0.1,73.21283635906313
2026-09-09,ARI incidence,2026-09-13,2,GB-NIR,quantile,0.75,121.92860509759512
2026-09-09,ARI incidence,2026-09-13,2,GB-NIR,quantile,0.8,127.20784561936873
2026-09-09,ARI incidence,2026-09-13,2,GB-NIR,quantile,0.25,85.26674169567511
2026-09-09,ARI incidence,2026-09-13,2,GB-NIR,quantile,0.4,95.47018308422308
2026-09-09,ARI incidence,2026-09-13,2,GB-NIR,quantile,0.45,98.9025549659794
2026-09-09,ARI incidence,2026-09-13,2,GB-NIR,quantile,0.5,102.35040999235152
2026-09-09,ARI incidence,2026-09-13,2,GB-NIR,quantile,0.55,105.59276236130094
2026-09-09,ARI incidence,2026-09-13,2,GB-NIR,quantile,0.6,109.1438205797
2026-09-09,ARI incidence,2026-09-13,2,GB-NIR,quantile,0.65,112.8773917936737
2026-09-09,ARI incidence,2026-09-13,2,GB-NIR,quantile,0.7,117.24185680821545
2026-09-09,ARI incidence,2026-09-13,2,GB-NIR,quantile,0.85,133.3937089883256
2026-09-09,ARI incidence,2026-09-13,2,GB-NIR,quantile,0.05,66.53385207623809
2026-09-09,ARI incidence,2026-09-13,2,GB-NIR,quantile,0.35,92.19493675916864
2026-09-09,ARI incidence,2026-09-13,2,GB-NIR,quantile,0.3,88.80293277271072
2026-09-09,ARI incidence,2026-09-13,2,GB-NIR,quantile,0.01,54.40663789117493
2026-09-09,ARI incidence,2026-09-13,2,GB-NIR,quantile,0.025,60.63366402021089
2026-09-09,ARI incidence,2026-09-13,2,GB-NIR,median,NA,102.35040999235152
2026-09-09,ARI incidence,2026-09-20,3,GB-NIR,quantile,0.975,184.35327881945236
2026-09-09,ARI incidence,2026-09-20,3,GB-NIR,quantile,0.55,142.83243425234423
2026-09-09,ARI incidence,2026-09-20,3,GB-NIR,quantile,0.95,176.50352073552125
2026-09-09,ARI incidence,2026-09-20,3,GB-NIR,quantile,0.5,140.34224401027976
2026-09-09,ARI incidence,2026-09-20,3,GB-NIR,quantile,0.6,145.49383956906172
2026-09-09,ARI incidence,2026-09-20,3,GB-NIR,quantile,0.65,148.03632723190478
2026-09-09,ARI incidence,2026-09-20,3,GB-NIR,quantile,0.9,167.50826793168983
2026-09-09,ARI incidence,2026-09-20,3,GB-NIR,quantile,0.45,137.97893433736056
2026-09-09,ARI incidence,2026-09-20,3,GB-NIR,quantile,0.85,161.92760754495075
2026-09-09,ARI incidence,2026-09-20,3,GB-NIR,quantile,0.99,194.629417263729
2026-09-09,ARI incidence,2026-09-20,3,GB-NIR,quantile,0.15,121.68678322111624
2026-09-09,ARI incidence,2026-09-20,3,GB-NIR,quantile,0.4,135.63427514183206
2026-09-09,ARI incidence,2026-09-20,3,GB-NIR,quantile,0.75,154.05150372574894
2026-09-09,ARI incidence,2026-09-20,3,GB-NIR,quantile,0.1,117.65003985244084
2026-09-09,ARI incidence,2026-09-20,3,GB-NIR,quantile,0.05,112.05855156070147
2026-09-09,ARI incidence,2026-09-20,3,GB-NIR,quantile,0.2,124.82604998382988
2026-09-09,ARI incidence,2026-09-20,3,GB-NIR,quantile,0.25,127.80572492532364
2026-09-09,ARI incidence,2026-09-20,3,GB-NIR,quantile,0.8,157.454545022565
2026-09-09,ARI incidence,2026-09-20,3,GB-NIR,quantile,0.35,133.1686587625028
2026-09-09,ARI incidence,2026-09-20,3,GB-NIR,quantile,0.3,130.6217023131194
2026-09-09,ARI incidence,2026-09-20,3,GB-NIR,quantile,0.025,107.33434320876589
2026-09-09,ARI incidence,2026-09-20,3,GB-NIR,quantile,0.7,150.8981183819212
2026-09-09,ARI incidence,2026-09-20,3,GB-NIR,quantile,0.01,102.03493658969718
2026-09-09,ARI incidence,2026-09-20,3,GB-NIR,median,NA,140.34224401027976
2026-09-09,ARI incidence,2026-09-27,4,GB-NIR,quantile,0.99,338.68020639285237
2026-09-09,ARI incidence,2026-09-27,4,GB-NIR,quantile,0.7,174.1279362453475
2026-09-09,ARI incidence,2026-09-27,4,GB-NIR,quantile,0.75,183.8268019101751
2026-09-09,ARI incidence,2026-09-27,4,GB-NIR,quantile,0.8,196.03906079790372
2026-09-09,ARI incidence,2026-09-27,4,GB-NIR,quantile,0.9,230.9483513711898
2026-09-09,ARI incidence,2026-09-27,4,GB-NIR,quantile,0.01,61.4757167350737
2026-09-09,ARI incidence,2026-09-27,4,GB-NIR,quantile,0.025,69.32136944195027
2026-09-09,ARI incidence,2026-09-27,4,GB-NIR,quantile,0.15,97.19878896326593
2026-09-09,ARI incidence,2026-09-27,4,GB-NIR,quantile,0.1,89.22133634707507
2026-09-09,ARI incidence,2026-09-27,4,GB-NIR,quantile,0.2,104.37512043515436
2026-09-09,ARI incidence,2026-09-27,4,GB-NIR,quantile,0.25,111.66555022457894
2026-09-09,ARI incidence,2026-09-27,4,GB-NIR,quantile,0.3,117.5454152069088
2026-09-09,ARI incidence,2026-09-27,4,GB-NIR,quantile,0.35,123.75446890362008
2026-09-09,ARI incidence,2026-09-27,4,GB-NIR,quantile,0.4,130.09517224682006
2026-09-09,ARI incidence,2026-09-27,4,GB-NIR,quantile,0.45,137.11519792689876
2026-09-09,ARI incidence,2026-09-27,4,GB-NIR,quantile,0.5,143.1153475192679
2026-09-09,ARI incidence,2026-09-27,4,GB-NIR,quantile,0.55,150.18735686453704
2026-09-09,ARI incidence,2026-09-27,4,GB-NIR,quantile,0.975,296.6450391613684
2026-09-09,ARI incidence,2026-09-27,4,GB-NIR,quantile,0.6,157.63575606595717
2026-09-09,ARI incidence,2026-09-27,4,GB-NIR,quantile,0.85,210.23561656588825
2026-09-09,ARI incidence,2026-09-27,4,GB-NIR,quantile,0.65,165.70445201366434
2026-09-09,ARI incidence,2026-09-27,4,GB-NIR,quantile,0.95,263.3259708229071
2026-09-09,ARI incidence,2026-09-27,4,GB-NIR,quantile,0.05,78.48242610343935
2026-09-09,ARI incidence,2026-09-27,4,GB-NIR,median,NA,143.1153475192679
2026-09-09,ARI incidence,2026-09-06,1,GB-WLS,quantile,0.01,26.019830031030267
2026-09-09,ARI incidence,2026-09-06,1,GB-WLS,quantile,0.05,37.75734808864961
2026-09-09,ARI incidence,2026-09-06,1,GB-WLS,quantile,0.1,45.39316073775333
2026-09-09,ARI incidence,2026-09-06,1,GB-WLS,quantile,0.025,31.598804148243087
2026-09-09,ARI incidence,2026-09-06,1,GB-WLS,quantile,0.3,68.13929567716232
2026-09-09,ARI incidence,2026-09-06,1,GB-WLS,quantile,0.15,52.08138353914022
2026-09-09,ARI incidence,2026-09-06,1,GB-WLS,quantile,0.2,57.975398117464806
2026-09-09,ARI incidence,2026-09-06,1,GB-WLS,quantile,0.25,62.94781104747723
2026-09-09,ARI incidence,2026-09-06,1,GB-WLS,quantile,0.35,73.20077791875836
2026-09-09,ARI incidence,2026-09-06,1,GB-WLS,quantile,0.4,78.34817469251028
2026-09-09,ARI incidence,2026-09-06,1,GB-WLS,quantile,0.45,83.69455628024559
2026-09-09,ARI incidence,2026-09-06,1,GB-WLS,quantile,0.5,89.30599849648198
2026-09-09,ARI incidence,2026-09-06,1,GB-WLS,quantile,0.55,95.1785134022711
2026-09-09,ARI incidence,2026-09-06,1,GB-WLS,quantile,0.6,102.3236907303224
2026-09-09,ARI incidence,2026-09-06,1,GB-WLS,quantile,0.65,109.68353442948104
2026-09-09,ARI incidence,2026-09-06,1,GB-WLS,quantile,0.7,117.61907584689328
2026-09-09,ARI incidence,2026-09-06,1,GB-WLS,quantile,0.75,126.93733870177869
2026-09-09,ARI incidence,2026-09-06,1,GB-WLS,quantile,0.8,139.30313218894676
2026-09-09,ARI incidence,2026-09-06,1,GB-WLS,quantile,0.85,153.9528182919097
2026-09-09,ARI incidence,2026-09-06,1,GB-WLS,quantile,0.9,175.22702798091748
2026-09-09,ARI incidence,2026-09-06,1,GB-WLS,quantile,0.95,214.040096450766
2026-09-09,ARI incidence,2026-09-06,1,GB-WLS,quantile,0.975,250.29084533599388
2026-09-09,ARI incidence,2026-09-06,1,GB-WLS,quantile,0.99,309.2903376372607
2026-09-09,ARI incidence,2026-09-06,1,GB-WLS,median,NA,89.30599849648198
2026-09-09,ARI incidence,2026-09-13,2,GB-WLS,quantile,0.01,18.730613530813837
2026-09-09,ARI incidence,2026-09-13,2,GB-WLS,quantile,0.025,25.07794197801066
2026-09-09,ARI incidence,2026-09-13,2,GB-WLS,quantile,0.05,31.41314320579983
2026-09-09,ARI incidence,2026-09-13,2,GB-WLS,quantile,0.1,41.05652617797261
2026-09-09,ARI incidence,2026-09-13,2,GB-WLS,quantile,0.15,49.185723772414875
2026-09-09,ARI incidence,2026-09-13,2,GB-WLS,quantile,0.2,56.62113599704158
2026-09-09,ARI incidence,2026-09-13,2,GB-WLS,quantile,0.25,64.53206693696961
2026-09-09,ARI incidence,2026-09-13,2,GB-WLS,quantile,0.3,72.77633877964196
2026-09-09,ARI incidence,2026-09-13,2,GB-WLS,quantile,0.35,81.29779936460588
2026-09-09,ARI incidence,2026-09-13,2,GB-WLS,quantile,0.4,89.81416520735185
2026-09-09,ARI incidence,2026-09-13,2,GB-WLS,quantile,0.45,99.18472728011812
2026-09-09,ARI incidence,2026-09-13,2,GB-WLS,quantile,0.5,108.15466981780624
2026-09-09,ARI incidence,2026-09-13,2,GB-WLS,quantile,0.55,118.63572459390537
2026-09-09,ARI incidence,2026-09-13,2,GB-WLS,quantile,0.6,130.93072540264737
2026-09-09,ARI incidence,2026-09-13,2,GB-WLS,quantile,0.65,144.53685513676706
2026-09-09,ARI incidence,2026-09-13,2,GB-WLS,quantile,0.7,159.06372808679922
2026-09-09,ARI incidence,2026-09-13,2,GB-WLS,quantile,0.75,178.53925954873458
2026-09-09,ARI incidence,2026-09-13,2,GB-WLS,quantile,0.8,202.23005349914453
2026-09-09,ARI incidence,2026-09-13,2,GB-WLS,quantile,0.85,231.8349972404257
2026-09-09,ARI incidence,2026-09-13,2,GB-WLS,quantile,0.9,272.34289210143766
2026-09-09,ARI incidence,2026-09-13,2,GB-WLS,quantile,0.95,360.5099946019647
2026-09-09,ARI incidence,2026-09-13,2,GB-WLS,quantile,0.975,459.7036177746245
2026-09-09,ARI incidence,2026-09-13,2,GB-WLS,quantile,0.99,610.3352595936439
2026-09-09,ARI incidence,2026-09-13,2,GB-WLS,median,NA,108.15466981780624
2026-09-09,ARI incidence,2026-09-20,3,GB-WLS,quantile,0.55,135.97882794091117
2026-09-09,ARI incidence,2026-09-20,3,GB-WLS,quantile,0.5,125.31990419224708
2026-09-09,ARI incidence,2026-09-20,3,GB-WLS,quantile,0.99,539.5840839943231
2026-09-09,ARI incidence,2026-09-20,3,GB-WLS,quantile,0.65,160.69854960124283
2026-09-09,ARI incidence,2026-09-20,3,GB-WLS,quantile,0.6,147.53933263500755
2026-09-09,ARI incidence,2026-09-20,3,GB-WLS,quantile,0.7,176.4131862343107
2026-09-09,ARI incidence,2026-09-20,3,GB-WLS,quantile,0.975,416.2273388988757
2026-09-09,ARI incidence,2026-09-20,3,GB-WLS,quantile,0.95,345.4772637358024
2026-09-09,ARI incidence,2026-09-20,3,GB-WLS,quantile,0.8,213.76570337455192
2026-09-09,ARI incidence,2026-09-20,3,GB-WLS,quantile,0.85,240.66075532423287
2026-09-09,ARI incidence,2026-09-20,3,GB-WLS,quantile,0.9,278.67794568274144
2026-09-09,ARI incidence,2026-09-20,3,GB-WLS,quantile,0.45,115.65543128076608
2026-09-09,ARI incidence,2026-09-20,3,GB-WLS,quantile,0.75,193.55563156087155
2026-09-09,ARI incidence,2026-09-20,3,GB-WLS,quantile,0.35,98.22482585727224
2026-09-09,ARI incidence,2026-09-20,3,GB-WLS,quantile,0.4,106.54231423734556
2026-09-09,ARI incidence,2026-09-20,3,GB-WLS,quantile,0.3,89.88223884732321
2026-09-09,ARI incidence,2026-09-20,3,GB-WLS,quantile,0.25,81.87009619140252
2026-09-09,ARI incidence,2026-09-20,3,GB-WLS,quantile,0.2,73.60025520820487
2026-09-09,ARI incidence,2026-09-20,3,GB-WLS,quantile,0.15,64.91972445811355
2026-09-09,ARI incidence,2026-09-20,3,GB-WLS,quantile,0.1,56.19181967670912
2026-09-09,ARI incidence,2026-09-20,3,GB-WLS,quantile,0.01,28.821159206135967
2026-09-09,ARI incidence,2026-09-20,3,GB-WLS,quantile,0.025,36.76184967051292
2026-09-09,ARI incidence,2026-09-20,3,GB-WLS,quantile,0.05,44.88295753205835
2026-09-09,ARI incidence,2026-09-20,3,GB-WLS,median,NA,125.31990419224708
2026-09-09,ARI incidence,2026-09-27,4,GB-WLS,quantile,0.01,74.93098157922138
2026-09-09,ARI incidence,2026-09-27,4,GB-WLS,quantile,0.025,82.15264133253255
2026-09-09,ARI incidence,2026-09-27,4,GB-WLS,quantile,0.05,87.77995171892033
2026-09-09,ARI incidence,2026-09-27,4,GB-WLS,quantile,0.45,124.02831792544627
2026-09-09,ARI incidence,2026-09-27,4,GB-WLS,quantile,0.6,135.45101553525842
2026-09-09,ARI incidence,2026-09-27,4,GB-WLS,quantile,0.35,116.86866034924692
2026-09-09,ARI incidence,2026-09-27,4,GB-WLS,quantile,0.4,120.4181487256034
2026-09-09,ARI incidence,2026-09-27,4,GB-WLS,quantile,0.5,127.49068767482092
2026-09-09,ARI incidence,2026-09-27,4,GB-WLS,quantile,0.55,131.55914797233632
2026-09-09,ARI incidence,2026-09-27,4,GB-WLS,quantile,0.3,113.37432646871451
2026-09-09,ARI incidence,2026-09-27,4,GB-WLS,quantile,0.1,95.09157236234368
2026-09-09,ARI incidence,2026-09-27,4,GB-WLS,quantile,0.15,100.36600010758929
2026-09-09,ARI incidence,2026-09-27,4,GB-WLS,quantile,0.2,105.11990196062644
2026-09-09,ARI incidence,2026-09-27,4,GB-WLS,quantile,0.25,109.38307902634648
2026-09-09,ARI incidence,2026-09-27,4,GB-WLS,quantile,0.65,139.58516014930714
2026-09-09,ARI incidence,2026-09-27,4,GB-WLS,quantile,0.7,144.19549713738772
2026-09-09,ARI incidence,2026-09-27,4,GB-WLS,quantile,0.75,149.24188635258292
2026-09-09,ARI incidence,2026-09-27,4,GB-WLS,quantile,0.8,155.20396128775897
2026-09-09,ARI incidence,2026-09-27,4,GB-WLS,quantile,0.85,162.60640060430458
2026-09-09,ARI incidence,2026-09-27,4,GB-WLS,quantile,0.9,171.90421095030416
2026-09-09,ARI incidence,2026-09-27,4,GB-WLS,quantile,0.95,187.51421051511056
2026-09-09,ARI incidence,2026-09-27,4,GB-WLS,quantile,0.975,201.4560852848924
2026-09-09,ARI incidence,2026-09-27,4,GB-WLS,quantile,0.99,220.05931295168384
2026-09-09,ARI incidence,2026-09-27,4,GB-WLS,median,NA,127.49068767482092
2026-09-09,ARI incidence,2026-09-06,1,HU,quantile,0.6,485.5364391511181
2026-09-09,ARI incidence,2026-09-06,1,HU,quantile,0.55,475.23173265435094
2026-09-09,ARI incidence,2026-09-06,1,HU,quantile,0.25,416.3327314513507
2026-09-09,ARI incidence,2026-09-06,1,HU,quantile,0.2,405.7553611558509
2026-09-09,ARI incidence,2026-09-06,1,HU,quantile,0.65,495.67380918126514
2026-09-09,ARI incidence,2026-09-06,1,HU,quantile,0.5,465.4402651231276
2026-09-09,ARI incidence,2026-09-06,1,HU,quantile,0.1,376.97533019351926
2026-09-09,ARI incidence,2026-09-06,1,HU,quantile,0.975,641.0867618110615
2026-09-09,ARI incidence,2026-09-06,1,HU,quantile,0.15,393.23901898126974
2026-09-09,ARI incidence,2026-09-06,1,HU,quantile,0.05,355.61089391932666
2026-09-09,ARI incidence,2026-09-06,1,HU,quantile,0.3,426.6747990022599
2026-09-09,ARI incidence,2026-09-06,1,HU,quantile,0.35,437.0890794277953
2026-09-09,ARI incidence,2026-09-06,1,HU,quantile,0.4,446.64457602540887
2026-09-09,ARI incidence,2026-09-06,1,HU,quantile,0.99,679.4073974274103
2026-09-09,ARI incidence,2026-09-06,1,HU,quantile,0.025,338.4003153113803
2026-09-09,ARI incidence,2026-09-06,1,HU,quantile,0.45,456.3138131283743
2026-09-09,ARI incidence,2026-09-06,1,HU,quantile,0.01,315.78134117555174
2026-09-09,ARI incidence,2026-09-06,1,HU,quantile,0.9,574.5696307308916
2026-09-09,ARI incidence,2026-09-06,1,HU,quantile,0.75,520.0595505960932
2026-09-09,ARI incidence,2026-09-06,1,HU,quantile,0.8,534.82338544241
2026-09-09,ARI incidence,2026-09-06,1,HU,quantile,0.95,608.3084511946382
2026-09-09,ARI incidence,2026-09-06,1,HU,quantile,0.85,553.2178985005995
2026-09-09,ARI incidence,2026-09-06,1,HU,quantile,0.7,506.6710435717716
2026-09-09,ARI incidence,2026-09-06,1,HU,median,NA,465.4402651231276
2026-09-09,ARI incidence,2026-09-13,2,HU,quantile,0.9,520.1014287495742
2026-09-09,ARI incidence,2026-09-13,2,HU,quantile,0.75,503.68133012978626
2026-09-09,ARI incidence,2026-09-13,2,HU,quantile,0.85,513.6199776394551
2026-09-09,ARI incidence,2026-09-13,2,HU,quantile,0.99,551.3594732089651
2026-09-09,ARI incidence,2026-09-13,2,HU,quantile,0.975,539.9555678793545
2026-09-09,ARI incidence,2026-09-13,2,HU,quantile,0.95,530.5827045276997
2026-09-09,ARI incidence,2026-09-13,2,HU,quantile,0.8,508.2693471705024
2026-09-09,ARI incidence,2026-09-13,2,HU,quantile,0.6,492.7623306830823
2026-09-09,ARI incidence,2026-09-13,2,HU,quantile,0.55,489.31451165471776
2026-09-09,ARI incidence,2026-09-13,2,HU,quantile,0.65,496.19214902232625
2026-09-09,ARI incidence,2026-09-13,2,HU,quantile,0.7,499.78064354275705
2026-09-09,ARI incidence,2026-09-13,2,HU,quantile,0.5,486.13449236331815
2026-09-09,ARI incidence,2026-09-13,2,HU,quantile,0.25,468.7613594176483
2026-09-09,ARI incidence,2026-09-13,2,HU,quantile,0.3,472.4982414002119
2026-09-09,ARI incidence,2026-09-13,2,HU,quantile,0.45,482.7264787826135
2026-09-09,ARI incidence,2026-09-13,2,HU,quantile,0.35,475.835120754812
2026-09-09,ARI incidence,2026-09-13,2,HU,quantile,0.4,479.18309879214337
2026-09-09,ARI incidence,2026-09-13,2,HU,quantile,0.01,429.9780590631282
2026-09-09,ARI incidence,2026-09-13,2,HU,quantile,0.025,437.95943612419353
2026-09-09,ARI incidence,2026-09-13,2,HU,quantile,0.05,445.4366512509099
2026-09-09,ARI incidence,2026-09-13,2,HU,quantile,0.1,454.14024933512746
2026-09-09,ARI incidence,2026-09-13,2,HU,quantile,0.15,460.0054582303386
2026-09-09,ARI incidence,2026-09-13,2,HU,quantile,0.2,464.5713859797665
2026-09-09,ARI incidence,2026-09-13,2,HU,median,NA,486.13449236331815
2026-09-09,ARI incidence,2026-09-20,3,HU,quantile,0.55,451.4724516095665
2026-09-09,ARI incidence,2026-09-20,3,HU,quantile,0.6,457.51558760673015
2026-09-09,ARI incidence,2026-09-20,3,HU,quantile,0.65,463.77535567319853
2026-09-09,ARI incidence,2026-09-20,3,HU,quantile,0.1,390.29729017249105
2026-09-09,ARI incidence,2026-09-20,3,HU,quantile,0.01,350.7145099000698
2026-09-09,ARI incidence,2026-09-20,3,HU,quantile,0.025,363.0964508191191
2026-09-09,ARI incidence,2026-09-20,3,HU,quantile,0.15,400.2682798759542
2026-09-09,ARI incidence,2026-09-20,3,HU,quantile,0.5,445.7145162335144
2026-09-09,ARI incidence,2026-09-20,3,HU,quantile,0.75,478.2303066706024
2026-09-09,ARI incidence,2026-09-20,3,HU,quantile,0.05,376.11447112556107
2026-09-09,ARI incidence,2026-09-20,3,HU,quantile,0.2,408.3653764734007
2026-09-09,ARI incidence,2026-09-20,3,HU,quantile,0.25,415.67080312019186
2026-09-09,ARI incidence,2026-09-20,3,HU,quantile,0.3,421.91378536437145
2026-09-09,ARI incidence,2026-09-20,3,HU,quantile,0.35,428.0779666921005
2026-09-09,ARI incidence,2026-09-20,3,HU,quantile,0.4,433.6549168007193
2026-09-09,ARI incidence,2026-09-20,3,HU,quantile,0.45,440.0071944170753
2026-09-09,ARI incidence,2026-09-20,3,HU,quantile,0.7,470.69059417807944
2026-09-09,ARI incidence,2026-09-20,3,HU,quantile,0.8,486.8794215951631
2026-09-09,ARI incidence,2026-09-20,3,HU,quantile,0.85,497.4202821770121
2026-09-09,ARI incidence,2026-09-20,3,HU,quantile,0.9,511.18346270909666
2026-09-09,ARI incidence,2026-09-20,3,HU,quantile,0.99,561.7692939939606
2026-09-09,ARI incidence,2026-09-20,3,HU,quantile,0.975,545.739401717121
2026-09-09,ARI incidence,2026-09-20,3,HU,quantile,0.95,530.8881324532218
2026-09-09,ARI incidence,2026-09-20,3,HU,median,NA,445.7145162335144
2026-09-09,ARI incidence,2026-09-27,4,HU,quantile,0.025,301.66067265221744
2026-09-09,ARI incidence,2026-09-27,4,HU,quantile,0.99,577.4312767155551
2026-09-09,ARI incidence,2026-09-27,4,HU,quantile,0.01,285.67517303278163
2026-09-09,ARI incidence,2026-09-27,4,HU,quantile,0.1,334.22700947689117
2026-09-09,ARI incidence,2026-09-27,4,HU,quantile,0.05,315.6488297025689
2026-09-09,ARI incidence,2026-09-27,4,HU,quantile,0.2,355.7850670467267
2026-09-09,ARI incidence,2026-09-27,4,HU,quantile,0.15,345.72926475189547
2026-09-09,ARI incidence,2026-09-27,4,HU,quantile,0.6,421.3937439621962
2026-09-09,ARI incidence,2026-09-27,4,HU,quantile,0.25,365.2841371317079
2026-09-09,ARI incidence,2026-09-27,4,HU,quantile,0.975,544.2286974380454
2026-09-09,ARI incidence,2026-09-27,4,HU,quantile,0.95,517.6932721964695
2026-09-09,ARI incidence,2026-09-27,4,HU,quantile,0.65,430.13993562279086
2026-09-09,ARI incidence,2026-09-27,4,HU,quantile,0.5,404.945088335982
2026-09-09,ARI incidence,2026-09-27,4,HU,quantile,0.4,389.66172379123304
2026-09-09,ARI incidence,2026-09-27,4,HU,quantile,0.55,412.8230092346349
2026-09-09,ARI incidence,2026-09-27,4,HU,quantile,0.75,449.3435279276385
2026-09-09,ARI incidence,2026-09-27,4,HU,quantile,0.35,381.9646713090711
2026-09-09,ARI incidence,2026-09-27,4,HU,quantile,0.8,460.6419648093976
2026-09-09,ARI incidence,2026-09-27,4,HU,quantile,0.9,491.4259232554472
2026-09-09,ARI incidence,2026-09-27,4,HU,quantile,0.7,439.5660903025305
2026-09-09,ARI incidence,2026-09-27,4,HU,quantile,0.3,373.47804881114007
2026-09-09,ARI incidence,2026-09-27,4,HU,quantile,0.45,397.3585859517667
2026-09-09,ARI incidence,2026-09-27,4,HU,quantile,0.85,474.36685123022914
2026-09-09,ARI incidence,2026-09-27,4,HU,median,NA,404.945088335982
2026-09-09,ARI incidence,2026-09-06,1,IE,quantile,0.6,24.961354709586935
2026-09-09,ARI incidence,2026-09-06,1,IE,quantile,0.65,25.705735727693472
2026-09-09,ARI incidence,2026-09-06,1,IE,quantile,0.45,22.909042904017085
2026-09-09,ARI incidence,2026-09-06,1,IE,quantile,0.8,28.580593807286128
2026-09-09,ARI incidence,2026-09-06,1,IE,quantile,0.75,27.471574101731864
2026-09-09,ARI incidence,2026-09-06,1,IE,quantile,0.4,22.290487559930057
2026-09-09,ARI incidence,2026-09-06,1,IE,quantile,0.55,24.267516701052717
2026-09-09,ARI incidence,2026-09-06,1,IE,quantile,0.5,23.549259870476597
2026-09-09,ARI incidence,2026-09-06,1,IE,quantile,0.35,21.698011235918592
2026-09-09,ARI incidence,2026-09-06,1,IE,quantile,0.7,26.555495740202904
2026-09-09,ARI incidence,2026-09-06,1,IE,quantile,0.01,13.695347165696706
2026-09-09,ARI incidence,2026-09-06,1,IE,quantile,0.85,29.76786765123726
2026-09-09,ARI incidence,2026-09-06,1,IE,quantile,0.9,31.466804546409737
2026-09-09,ARI incidence,2026-09-06,1,IE,quantile,0.025,14.981289815659313
2026-09-09,ARI incidence,2026-09-06,1,IE,quantile,0.05,16.160719627800823
2026-09-09,ARI incidence,2026-09-06,1,IE,quantile,0.95,34.201805335890214
2026-09-09,ARI incidence,2026-09-06,1,IE,quantile,0.99,40.30167214396141
2026-09-09,ARI incidence,2026-09-06,1,IE,quantile,0.975,36.88942234069697
2026-09-09,ARI incidence,2026-09-06,1,IE,quantile,0.1,17.699079523869813
2026-09-09,ARI incidence,2026-09-06,1,IE,quantile,0.15,18.720123449551352
2026-09-09,ARI incidence,2026-09-06,1,IE,quantile,0.2,19.60393839120666
2026-09-09,ARI incidence,2026-09-06,1,IE,quantile,0.25,20.374675431401187
2026-09-09,ARI incidence,2026-09-06,1,IE,quantile,0.3,21.02989261150718
2026-09-09,ARI incidence,2026-09-06,1,IE,median,NA,23.549259870476597
2026-09-09,ARI incidence,2026-09-13,2,IE,quantile,0.95,47.09132639342166
2026-09-09,ARI incidence,2026-09-13,2,IE,quantile,0.975,51.81863168484314
2026-09-09,ARI incidence,2026-09-13,2,IE,quantile,0.85,38.684245785708576
2026-09-09,ARI incidence,2026-09-13,2,IE,quantile,0.9,42.0030897439127
2026-09-09,ARI incidence,2026-09-13,2,IE,quantile,0.99,58.1826579795546
2026-09-09,ARI incidence,2026-09-13,2,IE,quantile,0.2,21.140153824689097
2026-09-09,ARI incidence,2026-09-13,2,IE,quantile,0.25,22.33797083495903
2026-09-09,ARI incidence,2026-09-13,2,IE,quantile,0.1,18.30264178293096
2026-09-09,ARI incidence,2026-09-13,2,IE,quantile,0.15,19.868681625326975
2026-09-09,ARI incidence,2026-09-13,2,IE,quantile,0.7,32.920565167258665
2026-09-09,ARI incidence,2026-09-13,2,IE,quantile,0.75,34.45278104939857
2026-09-09,ARI incidence,2026-09-13,2,IE,quantile,0.8,36.396903508637976
2026-09-09,ARI incidence,2026-09-13,2,IE,quantile,0.01,13.18382880836164
2026-09-09,ARI incidence,2026-09-13,2,IE,quantile,0.025,14.727051564060051
2026-09-09,ARI incidence,2026-09-13,2,IE,quantile,0.05,16.385514750164855
2026-09-09,ARI incidence,2026-09-13,2,IE,quantile,0.3,23.432875146758157
2026-09-09,ARI incidence,2026-09-13,2,IE,quantile,0.5,27.6863878083418
2026-09-09,ARI incidence,2026-09-13,2,IE,quantile,0.55,28.778683230459063
2026-09-09,ARI incidence,2026-09-13,2,IE,quantile,0.6,30.052660177128143
2026-09-09,ARI incidence,2026-09-13,2,IE,quantile,0.65,31.418737092142106
2026-09-09,ARI incidence,2026-09-13,2,IE,quantile,0.35,24.43202682600497
2026-09-09,ARI incidence,2026-09-13,2,IE,quantile,0.4,25.5211146487699
2026-09-09,ARI incidence,2026-09-13,2,IE,quantile,0.45,26.631087685953094
2026-09-09,ARI incidence,2026-09-13,2,IE,median,NA,27.6863878083418
2026-09-09,ARI incidence,2026-09-20,3,IE,quantile,0.8,48.00672865724064
2026-09-09,ARI incidence,2026-09-20,3,IE,quantile,0.85,51.89244722548472
2026-09-09,ARI incidence,2026-09-20,3,IE,quantile,0.9,57.17637533705279
2026-09-09,ARI incidence,2026-09-20,3,IE,quantile,0.95,66.93107267104394
2026-09-09,ARI incidence,2026-09-20,3,IE,quantile,0.975,76.3018867671909
2026-09-09,ARI incidence,2026-09-20,3,IE,quantile,0.99,87.49606539912504
2026-09-09,ARI incidence,2026-09-20,3,IE,quantile,0.6,38.4272431714085
2026-09-09,ARI incidence,2026-09-20,3,IE,quantile,0.65,40.42849855710167
2026-09-09,ARI incidence,2026-09-20,3,IE,quantile,0.75,45.05272342051063
2026-09-09,ARI incidence,2026-09-20,3,IE,quantile,0.1,21.26778534549374
2026-09-09,ARI incidence,2026-09-20,3,IE,quantile,0.55,36.58384650155048
2026-09-09,ARI incidence,2026-09-20,3,IE,quantile,0.7,42.666600766182285
2026-09-09,ARI incidence,2026-09-20,3,IE,quantile,0.05,18.61295972790838
2026-09-09,ARI incidence,2026-09-20,3,IE,quantile,0.45,33.163167059821745
2026-09-09,ARI incidence,2026-09-20,3,IE,quantile,0.5,34.836795116030665
2026-09-09,ARI incidence,2026-09-20,3,IE,quantile,0.4,31.611784601744812
2026-09-09,ARI incidence,2026-09-20,3,IE,quantile,0.3,28.422156151382392
2026-09-09,ARI incidence,2026-09-20,3,IE,quantile,0.01,14.407362233716729
2026-09-09,ARI incidence,2026-09-20,3,IE,quantile,0.025,16.55045544602377
2026-09-09,ARI incidence,2026-09-20,3,IE,quantile,0.35,29.969614577800392
2026-09-09,ARI incidence,2026-09-20,3,IE,quantile,0.25,26.874244144564784
2026-09-09,ARI incidence,2026-09-20,3,IE,quantile,0.2,25.130336506538008
2026-09-09,ARI incidence,2026-09-20,3,IE,quantile,0.15,23.333883508022225
2026-09-09,ARI incidence,2026-09-20,3,IE,median,NA,34.836795116030665
2026-09-09,ARI incidence,2026-09-27,4,IE,quantile,0.85,60.59746142047208
2026-09-09,ARI incidence,2026-09-27,4,IE,quantile,0.975,81.64801255389877
2026-09-09,ARI incidence,2026-09-27,4,IE,quantile,0.99,91.68278322692588
2026-09-09,ARI incidence,2026-09-27,4,IE,quantile,0.75,54.06079036775198
2026-09-09,ARI incidence,2026-09-27,4,IE,quantile,0.8,57.00775873793411
2026-09-09,ARI incidence,2026-09-27,4,IE,quantile,0.7,51.51920284876381
2026-09-09,ARI incidence,2026-09-27,4,IE,quantile,0.45,41.46171419466084
2026-09-09,ARI incidence,2026-09-27,4,IE,quantile,0.5,43.189402443378114
2026-09-09,ARI incidence,2026-09-27,4,IE,quantile,0.4,39.87851640450982
2026-09-09,ARI incidence,2026-09-27,4,IE,quantile,0.55,45.0280620438036
2026-09-09,ARI incidence,2026-09-27,4,IE,quantile,0.9,65.55057244426798
2026-09-09,ARI incidence,2026-09-27,4,IE,quantile,0.95,73.73053169257884
2026-09-09,ARI incidence,2026-09-27,4,IE,quantile,0.3,36.4541196353774
2026-09-09,ARI incidence,2026-09-27,4,IE,quantile,0.35,38.172817303005345
2026-09-09,ARI incidence,2026-09-27,4,IE,quantile,0.6,47.03402337131074
2026-09-09,ARI incidence,2026-09-27,4,IE,quantile,0.65,49.25381547927773
2026-09-09,ARI incidence,2026-09-27,4,IE,quantile,0.05,25.156528385114804
2026-09-09,ARI incidence,2026-09-27,4,IE,quantile,0.025,22.87982671706138
2026-09-09,ARI incidence,2026-09-27,4,IE,quantile,0.1,28.444355780872172
2026-09-09,ARI incidence,2026-09-27,4,IE,quantile,0.15,30.776548525009332
2026-09-09,ARI incidence,2026-09-27,4,IE,quantile,0.25,34.653586388946664
2026-09-09,ARI incidence,2026-09-27,4,IE,quantile,0.01,19.814812189479845
2026-09-09,ARI incidence,2026-09-27,4,IE,quantile,0.2,32.88780801786771
2026-09-09,ARI incidence,2026-09-27,4,IE,median,NA,43.189402443378114
2026-09-09,ARI incidence,2026-09-06,1,IS,quantile,0.975,56.86276776821135
2026-09-09,ARI incidence,2026-09-06,1,IS,quantile,0.99,59.34987041823874
2026-09-09,ARI incidence,2026-09-06,1,IS,quantile,0.7,47.87621525951968
2026-09-09,ARI incidence,2026-09-06,1,IS,quantile,0.75,48.742363069441744
2026-09-09,ARI incidence,2026-09-06,1,IS,quantile,0.9,52.49423517040778
2026-09-09,ARI incidence,2026-09-06,1,IS,quantile,0.8,49.792348037786574
2026-09-09,ARI incidence,2026-09-06,1,IS,quantile,0.85,50.9383808788285
2026-09-09,ARI incidence,2026-09-06,1,IS,quantile,0.65,47.07477170802906
2026-09-09,ARI incidence,2026-09-06,1,IS,quantile,0.95,54.88086071782846
2026-09-09,ARI incidence,2026-09-06,1,IS,quantile,0.55,45.72649654345111
2026-09-09,ARI incidence,2026-09-06,1,IS,quantile,0.6,46.40327049858948
2026-09-09,ARI incidence,2026-09-06,1,IS,quantile,0.5,45.07862176202119
2026-09-09,ARI incidence,2026-09-06,1,IS,quantile,0.45,44.41383800614935
2026-09-09,ARI incidence,2026-09-06,1,IS,quantile,0.05,37.082963834226554
2026-09-09,ARI incidence,2026-09-06,1,IS,quantile,0.1,38.70695754276463
2026-09-09,ARI incidence,2026-09-06,1,IS,quantile,0.025,35.828541854000626
2026-09-09,ARI incidence,2026-09-06,1,IS,quantile,0.4,43.74275041024776
2026-09-09,ARI incidence,2026-09-06,1,IS,quantile,0.35,43.05541133957784
2026-09-09,ARI incidence,2026-09-06,1,IS,quantile,0.3,42.34172247590407
2026-09-09,ARI incidence,2026-09-06,1,IS,quantile,0.01,34.202275282825624
2026-09-09,ARI incidence,2026-09-06,1,IS,quantile,0.25,41.63411864891194
2026-09-09,ARI incidence,2026-09-06,1,IS,quantile,0.15,39.88666652157025
2026-09-09,ARI incidence,2026-09-06,1,IS,quantile,0.2,40.799264275609005
2026-09-09,ARI incidence,2026-09-06,1,IS,median,NA,45.07862176202119
2026-09-09,ARI incidence,2026-09-13,2,IS,quantile,0.05,29.26031778472721
2026-09-09,ARI incidence,2026-09-13,2,IS,quantile,0.1,31.835500634651563
2026-09-09,ARI incidence,2026-09-13,2,IS,quantile,0.025,27.52845841266648
2026-09-09,ARI incidence,2026-09-13,2,IS,quantile,0.85,53.9654679296186
2026-09-09,ARI incidence,2026-09-13,2,IS,quantile,0.75,49.76873480458093
2026-09-09,ARI incidence,2026-09-13,2,IS,quantile,0.8,51.71007929525645
2026-09-09,ARI incidence,2026-09-13,2,IS,quantile,0.7,48.165472395211125
2026-09-09,ARI incidence,2026-09-13,2,IS,quantile,0.01,25.26995151114438
2026-09-09,ARI incidence,2026-09-13,2,IS,quantile,0.15,33.78346291912743
2026-09-09,ARI incidence,2026-09-13,2,IS,quantile,0.2,35.36839676790449
2026-09-09,ARI incidence,2026-09-13,2,IS,quantile,0.65,46.76689812645165
2026-09-09,ARI incidence,2026-09-13,2,IS,quantile,0.6,45.48815304795058
2026-09-09,ARI incidence,2026-09-13,2,IS,quantile,0.9,56.931736318501194
2026-09-09,ARI incidence,2026-09-13,2,IS,quantile,0.5,42.994819322917984
2026-09-09,ARI incidence,2026-09-13,2,IS,quantile,0.25,36.74952295167076
2026-09-09,ARI incidence,2026-09-13,2,IS,quantile,0.55,44.17618077089664
2026-09-09,ARI incidence,2026-09-13,2,IS,quantile,0.3,38.132948492451035
2026-09-09,ARI incidence,2026-09-13,2,IS,quantile,0.35,39.36526848675554
2026-09-09,ARI incidence,2026-09-13,2,IS,quantile,0.45,41.80272195061289
2026-09-09,ARI incidence,2026-09-13,2,IS,quantile,0.99,72.16718551754614
2026-09-09,ARI incidence,2026-09-13,2,IS,quantile,0.4,40.6085227162702
2026-09-09,ARI incidence,2026-09-13,2,IS,quantile,0.95,61.69739914480646
2026-09-09,ARI incidence,2026-09-13,2,IS,quantile,0.975,66.18415832075725
2026-09-09,ARI incidence,2026-09-13,2,IS,median,NA,42.994819322917984
2026-09-09,ARI incidence,2026-09-20,3,IS,quantile,0.65,50.06331914883444
2026-09-09,ARI incidence,2026-09-20,3,IS,quantile,0.95,65.70356089092373
2026-09-09,ARI incidence,2026-09-20,3,IS,quantile,0.6,48.67084783780875
2026-09-09,ARI incidence,2026-09-20,3,IS,quantile,0.7,51.50880475925711
2026-09-09,ARI incidence,2026-09-20,3,IS,quantile,0.75,53.155856703357024
2026-09-09,ARI incidence,2026-09-20,3,IS,quantile,0.55,47.285283241753504
2026-09-09,ARI incidence,2026-09-20,3,IS,quantile,0.5,46.02864576076461
2026-09-09,ARI incidence,2026-09-20,3,IS,quantile,0.45,44.818150131415194
2026-09-09,ARI incidence,2026-09-20,3,IS,quantile,0.975,70.05947184878454
2026-09-09,ARI incidence,2026-09-20,3,IS,quantile,0.99,75.75031076692485
2026-09-09,ARI incidence,2026-09-20,3,IS,quantile,0.1,34.69862933476978
2026-09-09,ARI incidence,2026-09-20,3,IS,quantile,0.15,36.573780574885426
2026-09-09,ARI incidence,2026-09-20,3,IS,quantile,0.05,32.18904930778605
2026-09-09,ARI incidence,2026-09-20,3,IS,quantile,0.8,54.93542339937102
2026-09-09,ARI incidence,2026-09-20,3,IS,quantile,0.35,42.30914637266643
2026-09-09,ARI incidence,2026-09-20,3,IS,quantile,0.4,43.58817620058221
2026-09-09,ARI incidence,2026-09-20,3,IS,quantile,0.3,41.038344851080815
2026-09-09,ARI incidence,2026-09-20,3,IS,quantile,0.025,30.217664338462654
2026-09-09,ARI incidence,2026-09-20,3,IS,quantile,0.25,39.77766136372665
2026-09-09,ARI incidence,2026-09-20,3,IS,quantile,0.2,38.26996850769649
2026-09-09,ARI incidence,2026-09-20,3,IS,quantile,0.01,27.89938685709267
2026-09-09,ARI incidence,2026-09-20,3,IS,quantile,0.85,57.244633135852354
2026-09-09,ARI incidence,2026-09-20,3,IS,quantile,0.9,60.40398230648509
2026-09-09,ARI incidence,2026-09-20,3,IS,median,NA,46.02864576076461
2026-09-09,ARI incidence,2026-09-27,4,IS,quantile,0.01,36.71947297074042
2026-09-09,ARI incidence,2026-09-27,4,IS,quantile,0.05,38.982617042252
2026-09-09,ARI incidence,2026-09-27,4,IS,quantile,0.025,37.93113745024788
2026-09-09,ARI incidence,2026-09-27,4,IS,quantile,0.1,40.2559647093303
2026-09-09,ARI incidence,2026-09-27,4,IS,quantile,0.15,41.09117163466532
2026-09-09,ARI incidence,2026-09-27,4,IS,quantile,0.55,45.51869519358307
2026-09-09,ARI incidence,2026-09-27,4,IS,quantile,0.6,46.0203862099643
2026-09-09,ARI incidence,2026-09-27,4,IS,quantile,0.5,45.04150823813986
2026-09-09,ARI incidence,2026-09-27,4,IS,quantile,0.2,41.82489419325519
2026-09-09,ARI incidence,2026-09-27,4,IS,quantile,0.4,44.07883562049453
2026-09-09,ARI incidence,2026-09-27,4,IS,quantile,0.25,42.45279009235216
2026-09-09,ARI incidence,2026-09-27,4,IS,quantile,0.3,43.00402430338545
2026-09-09,ARI incidence,2026-09-27,4,IS,quantile,0.45,44.56760098003723
2026-09-09,ARI incidence,2026-09-27,4,IS,quantile,0.35,43.56041151395467
2026-09-09,ARI incidence,2026-09-27,4,IS,quantile,0.65,46.57483576766661
2026-09-09,ARI incidence,2026-09-27,4,IS,quantile,0.7,47.15647474045888
2026-09-09,ARI incidence,2026-09-27,4,IS,quantile,0.75,47.772150591630954
2026-09-09,ARI incidence,2026-09-27,4,IS,quantile,0.85,49.22093838497558
2026-09-09,ARI incidence,2026-09-27,4,IS,quantile,0.8,48.48368749351325
2026-09-09,ARI incidence,2026-09-27,4,IS,quantile,0.99,55.38258619380733
2026-09-09,ARI incidence,2026-09-27,4,IS,quantile,0.975,53.44919128831487
2026-09-09,ARI incidence,2026-09-27,4,IS,quantile,0.95,51.98258489281165
2026-09-09,ARI incidence,2026-09-27,4,IS,quantile,0.9,50.323446076656765
2026-09-09,ARI incidence,2026-09-27,4,IS,median,NA,45.04150823813986
2026-09-09,ARI incidence,2026-09-06,1,LT,quantile,0.99,325.5945430142725
2026-09-09,ARI incidence,2026-09-06,1,LT,quantile,0.85,222.06761334152444
2026-09-09,ARI incidence,2026-09-06,1,LT,quantile,0.75,200.8789809393876
2026-09-09,ARI incidence,2026-09-06,1,LT,quantile,0.8,210.14286911213097
2026-09-09,ARI incidence,2026-09-06,1,LT,quantile,0.5,166.723514603007
2026-09-09,ARI incidence,2026-09-06,1,LT,quantile,0.975,291.55470972464343
2026-09-09,ARI incidence,2026-09-06,1,LT,quantile,0.7,192.84983867671303
2026-09-09,ARI incidence,2026-09-06,1,LT,quantile,0.45,161.02464149795802
2026-09-09,ARI incidence,2026-09-06,1,LT,quantile,0.55,172.34890586972824
2026-09-09,ARI incidence,2026-09-06,1,LT,quantile,0.9,238.07700979213357
2026-09-09,ARI incidence,2026-09-06,1,LT,quantile,0.95,264.0924358859371
2026-09-09,ARI incidence,2026-09-06,1,LT,quantile,0.6,178.6400121945749
2026-09-09,ARI incidence,2026-09-06,1,LT,quantile,0.35,149.74403436666256
2026-09-09,ARI incidence,2026-09-06,1,LT,quantile,0.65,185.09782320950973
2026-09-09,ARI incidence,2026-09-06,1,LT,quantile,0.4,155.60898176773375
2026-09-09,ARI incidence,2026-09-06,1,LT,quantile,0.3,144.0227978899699
2026-09-09,ARI incidence,2026-09-06,1,LT,quantile,0.01,87.09320739377296
2026-09-09,ARI incidence,2026-09-06,1,LT,quantile,0.2,131.54763441627685
2026-09-09,ARI incidence,2026-09-06,1,LT,quantile,0.05,105.37621224178476
2026-09-09,ARI incidence,2026-09-06,1,LT,quantile,0.25,137.7819927541929
2026-09-09,ARI incidence,2026-09-06,1,LT,quantile,0.025,96.85329016638892
2026-09-09,ARI incidence,2026-09-06,1,LT,quantile,0.1,116.6411360612227
2026-09-09,ARI incidence,2026-09-06,1,LT,quantile,0.15,125.04343920394476
2026-09-09,ARI incidence,2026-09-06,1,LT,median,NA,166.723514603007
2026-09-09,ARI incidence,2026-09-13,2,LT,quantile,0.2,147.15219024211183
2026-09-09,ARI incidence,2026-09-13,2,LT,quantile,0.15,138.46844856297758
2026-09-09,ARI incidence,2026-09-13,2,LT,quantile,0.05,115.9889561686092
2026-09-09,ARI incidence,2026-09-13,2,LT,quantile,0.025,104.91881795660922
2026-09-09,ARI incidence,2026-09-13,2,LT,quantile,0.25,154.65308078364438
2026-09-09,ARI incidence,2026-09-13,2,LT,quantile,0.7,221.1594814054363
2026-09-09,ARI incidence,2026-09-13,2,LT,quantile,0.01,95.51185386131826
2026-09-09,ARI incidence,2026-09-13,2,LT,quantile,0.1,128.85443368195342
2026-09-09,ARI incidence,2026-09-13,2,LT,quantile,0.65,212.29780179156015
2026-09-09,ARI incidence,2026-09-13,2,LT,quantile,0.35,167.89223291087256
2026-09-09,ARI incidence,2026-09-13,2,LT,quantile,0.45,182.08421554500455
2026-09-09,ARI incidence,2026-09-13,2,LT,quantile,0.5,188.78744022652725
2026-09-09,ARI incidence,2026-09-13,2,LT,quantile,0.3,161.53900215992985
2026-09-09,ARI incidence,2026-09-13,2,LT,quantile,0.4,174.98133721513886
2026-09-09,ARI incidence,2026-09-13,2,LT,quantile,0.6,204.22070272256084
2026-09-09,ARI incidence,2026-09-13,2,LT,quantile,0.55,196.58994204441856
2026-09-09,ARI incidence,2026-09-13,2,LT,quantile,0.8,242.1257800464824
2026-09-09,ARI incidence,2026-09-13,2,LT,quantile,0.75,230.5488479209442
2026-09-09,ARI incidence,2026-09-13,2,LT,quantile,0.975,338.6298449281958
2026-09-09,ARI incidence,2026-09-13,2,LT,quantile,0.85,257.34961461575995
2026-09-09,ARI incidence,2026-09-13,2,LT,quantile,0.9,276.4138383519056
2026-09-09,ARI incidence,2026-09-13,2,LT,quantile,0.95,308.3849162283427
2026-09-09,ARI incidence,2026-09-13,2,LT,quantile,0.99,384.11603107260464
2026-09-09,ARI incidence,2026-09-13,2,LT,median,NA,188.78744022652725
2026-09-09,ARI incidence,2026-09-20,3,LT,quantile,0.95,299.0293299904918
2026-09-09,ARI incidence,2026-09-20,3,LT,quantile,0.99,327.6683633755893
2026-09-09,ARI incidence,2026-09-20,3,LT,quantile,0.975,312.6585117311378
2026-09-09,ARI incidence,2026-09-20,3,LT,quantile,0.25,220.5325799358344
2026-09-09,ARI incidence,2026-09-20,3,LT,quantile,0.8,268.6103559784963
2026-09-09,ARI incidence,2026-09-20,3,LT,quantile,0.2,216.2374034344431
2026-09-09,ARI incidence,2026-09-20,3,LT,quantile,0.15,210.29381331026343
2026-09-09,ARI incidence,2026-09-20,3,LT,quantile,0.9,284.1142146686851
2026-09-09,ARI incidence,2026-09-20,3,LT,quantile,0.85,275.39713889814476
2026-09-09,ARI incidence,2026-09-20,3,LT,quantile,0.1,203.85495434997443
2026-09-09,ARI incidence,2026-09-20,3,LT,quantile,0.75,262.94813652438603
2026-09-09,ARI incidence,2026-09-20,3,LT,quantile,0.6,248.5139247437131
2026-09-09,ARI incidence,2026-09-20,3,LT,quantile,0.65,253.1135864108798
2026-09-09,ARI incidence,2026-09-20,3,LT,quantile,0.35,228.910860497156
2026-09-09,ARI incidence,2026-09-20,3,LT,quantile,0.4,232.91784216350288
2026-09-09,ARI incidence,2026-09-20,3,LT,quantile,0.55,244.71662415448804
2026-09-09,ARI incidence,2026-09-20,3,LT,quantile,0.5,240.81266962044032
2026-09-09,ARI incidence,2026-09-20,3,LT,quantile,0.45,236.9193995283004
2026-09-09,ARI incidence,2026-09-20,3,LT,quantile,0.05,194.6530860393762
2026-09-09,ARI incidence,2026-09-20,3,LT,quantile,0.025,186.6323958055832
2026-09-09,ARI incidence,2026-09-20,3,LT,quantile,0.7,257.61374911045374
2026-09-09,ARI incidence,2026-09-20,3,LT,quantile,0.3,224.95516684286815
2026-09-09,ARI incidence,2026-09-20,3,LT,quantile,0.01,176.6155878866592
2026-09-09,ARI incidence,2026-09-20,3,LT,median,NA,240.81266962044032
2026-09-09,ARI incidence,2026-09-27,4,LT,quantile,0.7,213.46459710897665
2026-09-09,ARI incidence,2026-09-27,4,LT,quantile,0.75,217.20759261731615
2026-09-09,ARI incidence,2026-09-27,4,LT,quantile,0.2,182.17818953898944
2026-09-09,ARI incidence,2026-09-27,4,LT,quantile,0.3,188.82143104192951
2026-09-09,ARI incidence,2026-09-27,4,LT,quantile,0.35,191.8713407304221
2026-09-09,ARI incidence,2026-09-27,4,LT,quantile,0.8,221.0063683770832
2026-09-09,ARI incidence,2026-09-27,4,LT,quantile,0.85,226.27682083287073
2026-09-09,ARI incidence,2026-09-27,4,LT,quantile,0.15,178.25353815991286
2026-09-09,ARI incidence,2026-09-27,4,LT,quantile,0.95,242.93624962044524
2026-09-09,ARI incidence,2026-09-27,4,LT,quantile,0.1,173.2104213879525
2026-09-09,ARI incidence,2026-09-27,4,LT,quantile,0.05,165.9823324037589
2026-09-09,ARI incidence,2026-09-27,4,LT,quantile,0.9,232.80889438011644
2026-09-09,ARI incidence,2026-09-27,4,LT,quantile,0.25,185.5185346047612
2026-09-09,ARI incidence,2026-09-27,4,LT,quantile,0.4,194.75910470210215
2026-09-09,ARI incidence,2026-09-27,4,LT,quantile,0.025,160.35985185786944
2026-09-09,ARI incidence,2026-09-27,4,LT,quantile,0.45,197.66058779860035
2026-09-09,ARI incidence,2026-09-27,4,LT,quantile,0.5,200.6264590345512
2026-09-09,ARI incidence,2026-09-27,4,LT,quantile,0.55,203.73297790069967
2026-09-09,ARI incidence,2026-09-27,4,LT,quantile,0.6,206.78842992763856
2026-09-09,ARI incidence,2026-09-27,4,LT,quantile,0.01,153.26756502178435
2026-09-09,ARI incidence,2026-09-27,4,LT,quantile,0.65,209.9642240913741
2026-09-09,ARI incidence,2026-09-27,4,LT,quantile,0.975,252.94002328359088
2026-09-09,ARI incidence,2026-09-27,4,LT,quantile,0.99,263.2380585777078
2026-09-09,ARI incidence,2026-09-27,4,LT,median,NA,200.6264590345512
2026-09-09,ARI incidence,2026-09-06,1,LU,quantile,0.45,2904.943281081276
2026-09-09,ARI incidence,2026-09-06,1,LU,quantile,0.99,4300.866025735897
2026-09-09,ARI incidence,2026-09-06,1,LU,quantile,0.55,3022.928587962722
2026-09-09,ARI incidence,2026-09-06,1,LU,quantile,0.6,3082.919514112863
2026-09-09,ARI incidence,2026-09-06,1,LU,quantile,0.65,3141.850084034902
2026-09-09,ARI incidence,2026-09-06,1,LU,quantile,0.7,3208.989218468524
2026-09-09,ARI incidence,2026-09-06,1,LU,quantile,0.025,2186.8063897264747
2026-09-09,ARI incidence,2026-09-06,1,LU,quantile,0.05,2296.2024331874427
2026-09-09,ARI incidence,2026-09-06,1,LU,quantile,0.1,2426.9577561119904
2026-09-09,ARI incidence,2026-09-06,1,LU,quantile,0.15,2521.3106616025325
2026-09-09,ARI incidence,2026-09-06,1,LU,quantile,0.2,2597.6620578573434
2026-09-09,ARI incidence,2026-09-06,1,LU,quantile,0.5,2962.6193255161616
2026-09-09,ARI incidence,2026-09-06,1,LU,quantile,0.75,3287.6522437512976
2026-09-09,ARI incidence,2026-09-06,1,LU,quantile,0.8,3374.5666411939137
2026-09-09,ARI incidence,2026-09-06,1,LU,quantile,0.85,3481.115961439455
2026-09-09,ARI incidence,2026-09-06,1,LU,quantile,0.9,3621.191978000048
2026-09-09,ARI incidence,2026-09-06,1,LU,quantile,0.95,3829.546645475503
2026-09-09,ARI incidence,2026-09-06,1,LU,quantile,0.975,4038.282739309892
2026-09-09,ARI incidence,2026-09-06,1,LU,quantile,0.4,2847.804480120098
2026-09-09,ARI incidence,2026-09-06,1,LU,quantile,0.35,2791.643932349978
2026-09-09,ARI incidence,2026-09-06,1,LU,quantile,0.25,2665.0663371482256
2026-09-09,ARI incidence,2026-09-06,1,LU,quantile,0.3,2729.118059732191
2026-09-09,ARI incidence,2026-09-06,1,LU,quantile,0.01,2063.9444521565197
2026-09-09,ARI incidence,2026-09-06,1,LU,median,NA,2962.6193255161616
2026-09-09,ARI incidence,2026-09-13,2,LU,quantile,0.4,3142.8787895792448
2026-09-09,ARI incidence,2026-09-13,2,LU,quantile,0.35,3076.212576477607
2026-09-09,ARI incidence,2026-09-13,2,LU,quantile,0.45,3215.921441571005
2026-09-09,ARI incidence,2026-09-13,2,LU,quantile,0.5,3285.614135261834
2026-09-09,ARI incidence,2026-09-13,2,LU,quantile,0.55,3360.499178959486
2026-09-09,ARI incidence,2026-09-13,2,LU,quantile,0.6,3438.5336581095917
2026-09-09,ARI incidence,2026-09-13,2,LU,quantile,0.65,3510.2933675995187
2026-09-09,ARI incidence,2026-09-13,2,LU,quantile,0.7,3596.300203821459
2026-09-09,ARI incidence,2026-09-13,2,LU,quantile,0.25,2927.2954602814298
2026-09-09,ARI incidence,2026-09-13,2,LU,quantile,0.3,3003.820967243885
2026-09-09,ARI incidence,2026-09-13,2,LU,quantile,0.15,2755.330935069494
2026-09-09,ARI incidence,2026-09-13,2,LU,quantile,0.2,2843.531625507106
2026-09-09,ARI incidence,2026-09-13,2,LU,quantile,0.1,2627.4855107354942
2026-09-09,ARI incidence,2026-09-13,2,LU,quantile,0.01,2183.498243133544
2026-09-09,ARI incidence,2026-09-13,2,LU,quantile,0.025,2337.220062287495
2026-09-09,ARI incidence,2026-09-13,2,LU,quantile,0.05,2467.795864509968
2026-09-09,ARI incidence,2026-09-13,2,LU,quantile,0.975,4604.536693780783
2026-09-09,ARI incidence,2026-09-13,2,LU,quantile,0.99,4926.8601632025775
2026-09-09,ARI incidence,2026-09-13,2,LU,quantile,0.75,3694.402704205732
2026-09-09,ARI incidence,2026-09-13,2,LU,quantile,0.8,3798.043301222371
2026-09-09,ARI incidence,2026-09-13,2,LU,quantile,0.85,3919.2128317775305
2026-09-09,ARI incidence,2026-09-13,2,LU,quantile,0.9,4082.834869083474
2026-09-09,ARI incidence,2026-09-13,2,LU,quantile,0.95,4370.154615176402
2026-09-09,ARI incidence,2026-09-13,2,LU,median,NA,3285.614135261834
2026-09-09,ARI incidence,2026-09-20,3,LU,quantile,0.15,2279.87197513778
2026-09-09,ARI incidence,2026-09-20,3,LU,quantile,0.025,1915.9883646536043
2026-09-09,ARI incidence,2026-09-20,3,LU,quantile,0.5,2756.6263911021615
2026-09-09,ARI incidence,2026-09-20,3,LU,quantile,0.25,2439.892245309527
2026-09-09,ARI incidence,2026-09-20,3,LU,quantile,0.2,2363.2932810089533
2026-09-09,ARI incidence,2026-09-20,3,LU,quantile,0.35,2568.0848603411696
2026-09-09,ARI incidence,2026-09-20,3,LU,quantile,0.05,2039.1992489749473
2026-09-09,ARI incidence,2026-09-20,3,LU,quantile,0.4,2632.687948650521
2026-09-09,ARI incidence,2026-09-20,3,LU,quantile,0.3,2506.625953237072
2026-09-09,ARI incidence,2026-09-20,3,LU,quantile,0.45,2695.5242359854533
2026-09-09,ARI incidence,2026-09-20,3,LU,quantile,0.1,2178.8631081551107
2026-09-09,ARI incidence,2026-09-20,3,LU,quantile,0.01,1786.5178886437388
2026-09-09,ARI incidence,2026-09-20,3,LU,quantile,0.975,3990.6679748258407
2026-09-09,ARI incidence,2026-09-20,3,LU,quantile,0.99,4246.803935495243
2026-09-09,ARI incidence,2026-09-20,3,LU,quantile,0.6,2889.252692786037
2026-09-09,ARI incidence,2026-09-20,3,LU,quantile,0.65,2960.162806282995
2026-09-09,ARI incidence,2026-09-20,3,LU,quantile,0.7,3039.273911883843
2026-09-09,ARI incidence,2026-09-20,3,LU,quantile,0.9,3510.9429732216
2026-09-09,ARI incidence,2026-09-20,3,LU,quantile,0.95,3753.247513742525
2026-09-09,ARI incidence,2026-09-20,3,LU,quantile,0.55,2827.4312317191457
2026-09-09,ARI incidence,2026-09-20,3,LU,quantile,0.75,3128.5648799529076
2026-09-09,ARI incidence,2026-09-20,3,LU,quantile,0.8,3231.0413208478617
2026-09-09,ARI incidence,2026-09-20,3,LU,quantile,0.85,3354.6083113242826
2026-09-09,ARI incidence,2026-09-20,3,LU,median,NA,2756.6263911021615
2026-09-09,ARI incidence,2026-09-27,4,LU,quantile,0.05,2592.5504333568897
2026-09-09,ARI incidence,2026-09-27,4,LU,quantile,0.025,2264.599114474533
2026-09-09,ARI incidence,2026-09-27,4,LU,quantile,0.1,3020.551641369421
2026-09-09,ARI incidence,2026-09-27,4,LU,quantile,0.01,1964.8482437040725
2026-09-09,ARI incidence,2026-09-27,4,LU,quantile,0.15,3325.278965191216
2026-09-09,ARI incidence,2026-09-27,4,LU,quantile,0.25,3861.088611141931
2026-09-09,ARI incidence,2026-09-27,4,LU,quantile,0.3,4098.1219923573
2026-09-09,ARI incidence,2026-09-27,4,LU,quantile,0.2,3605.393880484371
2026-09-09,ARI incidence,2026-09-27,4,LU,quantile,0.35,4333.478317600679
2026-09-09,ARI incidence,2026-09-27,4,LU,quantile,0.4,4564.666579631208
2026-09-09,ARI incidence,2026-09-27,4,LU,quantile,0.45,4798.198744259584
2026-09-09,ARI incidence,2026-09-27,4,LU,quantile,0.5,5054.539500676653
2026-09-09,ARI incidence,2026-09-27,4,LU,quantile,0.55,5325.597794163835
2026-09-09,ARI incidence,2026-09-27,4,LU,quantile,0.6,5611.9206231644175
2026-09-09,ARI incidence,2026-09-27,4,LU,quantile,0.65,5933.398834583102
2026-09-09,ARI incidence,2026-09-27,4,LU,quantile,0.7,6289.327499255138
2026-09-09,ARI incidence,2026-09-27,4,LU,quantile,0.9,8485.21107874702
2026-09-09,ARI incidence,2026-09-27,4,LU,quantile,0.95,9911.550381407376
2026-09-09,ARI incidence,2026-09-27,4,LU,quantile,0.975,11202.330580002636
2026-09-09,ARI incidence,2026-09-27,4,LU,quantile,0.99,12855.677102051251
2026-09-09,ARI incidence,2026-09-27,4,LU,quantile,0.75,6675.161115609523
2026-09-09,ARI incidence,2026-09-27,4,LU,quantile,0.8,7106.668299532465
2026-09-09,ARI incidence,2026-09-27,4,LU,quantile,0.85,7702.608264836803
2026-09-09,ARI incidence,2026-09-27,4,LU,median,NA,5054.539500676653
2026-09-09,ARI incidence,2026-09-06,1,NL,quantile,0.01,64.80724065633873
2026-09-09,ARI incidence,2026-09-06,1,NL,quantile,0.025,67.12190780439603
2026-09-09,ARI incidence,2026-09-06,1,NL,quantile,0.35,78.07866581758438
2026-09-09,ARI incidence,2026-09-06,1,NL,quantile,0.05,69.23035484008687
2026-09-09,ARI incidence,2026-09-06,1,NL,quantile,0.1,71.79157642790155
2026-09-09,ARI incidence,2026-09-06,1,NL,quantile,0.15,73.383534187744
2026-09-09,ARI incidence,2026-09-06,1,NL,quantile,0.2,74.80047541835762
2026-09-09,ARI incidence,2026-09-06,1,NL,quantile,0.25,75.95607678795423
2026-09-09,ARI incidence,2026-09-06,1,NL,quantile,0.3,77.03584840944826
2026-09-09,ARI incidence,2026-09-06,1,NL,quantile,0.4,79.11470354615267
2026-09-09,ARI incidence,2026-09-06,1,NL,quantile,0.45,80.10807173483869
2026-09-09,ARI incidence,2026-09-06,1,NL,quantile,0.5,81.12382109989787
2026-09-09,ARI incidence,2026-09-06,1,NL,quantile,0.55,82.0039439147449
2026-09-09,ARI incidence,2026-09-06,1,NL,quantile,0.8,87.81274085147403
2026-09-09,ARI incidence,2026-09-06,1,NL,quantile,0.85,89.55640924574459
2026-09-09,ARI incidence,2026-09-06,1,NL,quantile,0.9,91.71780916344086
2026-09-09,ARI incidence,2026-09-06,1,NL,quantile,0.6,83.06103049713406
2026-09-09,ARI incidence,2026-09-06,1,NL,quantile,0.65,84.06585998883304
2026-09-09,ARI incidence,2026-09-06,1,NL,quantile,0.7,85.21582720920988
2026-09-09,ARI incidence,2026-09-06,1,NL,quantile,0.75,86.43186603853684
2026-09-09,ARI incidence,2026-09-06,1,NL,quantile,0.99,100.72622480082497
2026-09-09,ARI incidence,2026-09-06,1,NL,quantile,0.95,94.97096254076912
2026-09-09,ARI incidence,2026-09-06,1,NL,quantile,0.975,97.7504074539777
2026-09-09,ARI incidence,2026-09-06,1,NL,median,NA,81.12382109989787
2026-09-09,ARI incidence,2026-09-13,2,NL,quantile,0.01,74.37265932959941
2026-09-09,ARI incidence,2026-09-13,2,NL,quantile,0.025,75.66285796935641
2026-09-09,ARI incidence,2026-09-13,2,NL,quantile,0.05,76.82443160057925
2026-09-09,ARI incidence,2026-09-13,2,NL,quantile,0.1,78.10737558103173
2026-09-09,ARI incidence,2026-09-13,2,NL,quantile,0.15,79.04235698566
2026-09-09,ARI incidence,2026-09-13,2,NL,quantile,0.2,79.72952693329384
2026-09-09,ARI incidence,2026-09-13,2,NL,quantile,0.25,80.40700304032069
2026-09-09,ARI incidence,2026-09-13,2,NL,quantile,0.3,80.96978311813595
2026-09-09,ARI incidence,2026-09-13,2,NL,quantile,0.65,84.55598038362368
2026-09-09,ARI incidence,2026-09-13,2,NL,quantile,0.5,83.01715137549687
2026-09-09,ARI incidence,2026-09-13,2,NL,quantile,0.55,83.47879113358769
2026-09-09,ARI incidence,2026-09-13,2,NL,quantile,0.6,84.02341393590191
2026-09-09,ARI incidence,2026-09-13,2,NL,quantile,0.7,85.1585924255501
2026-09-09,ARI incidence,2026-09-13,2,NL,quantile,0.75,85.78501777911671
2026-09-09,ARI incidence,2026-09-13,2,NL,quantile,0.8,86.49893659056757
2026-09-09,ARI incidence,2026-09-13,2,NL,quantile,0.35,81.52213290782191
2026-09-09,ARI incidence,2026-09-13,2,NL,quantile,0.4,82.0323387049051
2026-09-09,ARI incidence,2026-09-13,2,NL,quantile,0.45,82.54811054281396
2026-09-09,ARI incidence,2026-09-13,2,NL,quantile,0.85,87.27704741109783
2026-09-09,ARI incidence,2026-09-13,2,NL,quantile,0.9,88.26517518748402
2026-09-09,ARI incidence,2026-09-13,2,NL,quantile,0.95,89.76586249269845
2026-09-09,ARI incidence,2026-09-13,2,NL,quantile,0.975,90.97556061918372
2026-09-09,ARI incidence,2026-09-13,2,NL,quantile,0.99,92.56227233780363
2026-09-09,ARI incidence,2026-09-13,2,NL,median,NA,83.01715137549687
2026-09-09,ARI incidence,2026-09-20,3,NL,quantile,0.99,115.0157208327426
2026-09-09,ARI incidence,2026-09-20,3,NL,quantile,0.95,101.80840802332332
2026-09-09,ARI incidence,2026-09-20,3,NL,quantile,0.975,107.57784318705092
2026-09-09,ARI incidence,2026-09-20,3,NL,quantile,0.9,94.8050149980872
2026-09-09,ARI incidence,2026-09-20,3,NL,quantile,0.85,90.77608547975902
2026-09-09,ARI incidence,2026-09-20,3,NL,quantile,0.8,87.51662709159488
2026-09-09,ARI incidence,2026-09-20,3,NL,quantile,0.2,64.18330539797431
2026-09-09,ARI incidence,2026-09-20,3,NL,quantile,0.25,66.18282670300349
2026-09-09,ARI incidence,2026-09-20,3,NL,quantile,0.3,68.05615051071103
2026-09-09,ARI incidence,2026-09-20,3,NL,quantile,0.35,69.80616550861934
2026-09-09,ARI incidence,2026-09-20,3,NL,quantile,0.7,82.70018019276719
2026-09-09,ARI incidence,2026-09-20,3,NL,quantile,0.75,84.92079687658618
2026-09-09,ARI incidence,2026-09-20,3,NL,quantile,0.5,75.0073345858514
2026-09-09,ARI incidence,2026-09-20,3,NL,quantile,0.025,52.456158781219315
2026-09-09,ARI incidence,2026-09-20,3,NL,quantile,0.05,55.44731192227251
2026-09-09,ARI incidence,2026-09-20,3,NL,quantile,0.1,59.28389290181071
2026-09-09,ARI incidence,2026-09-20,3,NL,quantile,0.15,62.02460583532496
2026-09-09,ARI incidence,2026-09-20,3,NL,quantile,0.45,73.20761835353088
2026-09-09,ARI incidence,2026-09-20,3,NL,quantile,0.6,78.73983188884856
2026-09-09,ARI incidence,2026-09-20,3,NL,quantile,0.4,71.53857120895252
2026-09-09,ARI incidence,2026-09-20,3,NL,quantile,0.55,76.92143898502769
2026-09-09,ARI incidence,2026-09-20,3,NL,quantile,0.65,80.60135360427269
2026-09-09,ARI incidence,2026-09-20,3,NL,quantile,0.01,49.05702236482363
2026-09-09,ARI incidence,2026-09-20,3,NL,median,NA,75.0073345858514
2026-09-09,ARI incidence,2026-09-27,4,NL,quantile,0.9,102.10146388336054
2026-09-09,ARI incidence,2026-09-27,4,NL,quantile,0.95,107.96773836690352
2026-09-09,ARI incidence,2026-09-27,4,NL,quantile,0.975,113.26651495937888
2026-09-09,ARI incidence,2026-09-27,4,NL,quantile,0.99,120.4584740253135
2026-09-09,ARI incidence,2026-09-27,4,NL,quantile,0.85,98.49006369965198
2026-09-09,ARI incidence,2026-09-27,4,NL,quantile,0.8,95.58792565181513
2026-09-09,ARI incidence,2026-09-27,4,NL,quantile,0.7,91.0340481900104
2026-09-09,ARI incidence,2026-09-27,4,NL,quantile,0.75,93.04869804766447
2026-09-09,ARI incidence,2026-09-27,4,NL,quantile,0.65,88.89449166107417
2026-09-09,ARI incidence,2026-09-27,4,NL,quantile,0.6,87.17079693683564
2026-09-09,ARI incidence,2026-09-27,4,NL,quantile,0.55,85.47240327663224
2026-09-09,ARI incidence,2026-09-27,4,NL,quantile,0.35,78.9765668852302
2026-09-09,ARI incidence,2026-09-27,4,NL,quantile,0.45,82.1530711135631
2026-09-09,ARI incidence,2026-09-27,4,NL,quantile,0.4,80.5915903615031
2026-09-09,ARI incidence,2026-09-27,4,NL,quantile,0.1,68.70621980480908
2026-09-09,ARI incidence,2026-09-27,4,NL,quantile,0.3,77.29259557260895
2026-09-09,ARI incidence,2026-09-27,4,NL,quantile,0.15,71.3205957657362
2026-09-09,ARI incidence,2026-09-27,4,NL,quantile,0.25,75.49042525859865
2026-09-09,ARI incidence,2026-09-27,4,NL,quantile,0.5,83.73687951286881
2026-09-09,ARI incidence,2026-09-27,4,NL,quantile,0.01,59.086922031431484
2026-09-09,ARI incidence,2026-09-27,4,NL,quantile,0.2,73.49863808828171
2026-09-09,ARI incidence,2026-09-27,4,NL,quantile,0.025,62.19982210216399
2026-09-09,ARI incidence,2026-09-27,4,NL,quantile,0.05,65.24032514240405
2026-09-09,ARI incidence,2026-09-27,4,NL,median,NA,83.73687951286881
2026-09-09,ARI incidence,2026-09-06,1,SI,quantile,0.99,446.42925128917943
2026-09-09,ARI incidence,2026-09-06,1,SI,quantile,0.8,350.4198413794387
2026-09-09,ARI incidence,2026-09-06,1,SI,quantile,0.85,361.4600871287713
2026-09-09,ARI incidence,2026-09-06,1,SI,quantile,0.9,375.8890323268442
2026-09-09,ARI incidence,2026-09-06,1,SI,quantile,0.95,397.27363755609144
2026-09-09,ARI incidence,2026-09-06,1,SI,quantile,0.975,420.4247578492907
2026-09-09,ARI incidence,2026-09-06,1,SI,quantile,0.55,310.57490287325595
2026-09-09,ARI incidence,2026-09-06,1,SI,quantile,0.6,317.53065165762416
2026-09-09,ARI incidence,2026-09-06,1,SI,quantile,0.5,304.7122750767901
2026-09-09,ARI incidence,2026-09-06,1,SI,quantile,0.45,298.5826333034509
2026-09-09,ARI incidence,2026-09-06,1,SI,quantile,0.3,279.78257076694996
2026-09-09,ARI incidence,2026-09-06,1,SI,quantile,0.75,340.3796621545704
2026-09-09,ARI incidence,2026-09-06,1,SI,quantile,0.4,292.40537045118623
2026-09-09,ARI incidence,2026-09-06,1,SI,quantile,0.05,233.99446350985832
2026-09-09,ARI incidence,2026-09-06,1,SI,quantile,0.25,273.1937558208107
2026-09-09,ARI incidence,2026-09-06,1,SI,quantile,0.35,286.0368332512936
2026-09-09,ARI incidence,2026-09-06,1,SI,quantile,0.2,266.0168479690524
2026-09-09,ARI incidence,2026-09-06,1,SI,quantile,0.01,210.06232135738517
2026-09-09,ARI incidence,2026-09-06,1,SI,quantile,0.7,332.3494911593549
2026-09-09,ARI incidence,2026-09-06,1,SI,quantile,0.15,257.3385523005635
2026-09-09,ARI incidence,2026-09-06,1,SI,quantile,0.025,222.11643392458217
2026-09-09,ARI incidence,2026-09-06,1,SI,quantile,0.1,247.67093943274136
2026-09-09,ARI incidence,2026-09-06,1,SI,quantile,0.65,324.874859892216
2026-09-09,ARI incidence,2026-09-06,1,SI,median,NA,304.7122750767901
2026-09-09,ARI incidence,2026-09-13,2,SI,quantile,0.95,399.5420711242845
2026-09-09,ARI incidence,2026-09-13,2,SI,quantile,0.975,422.4026874008431
2026-09-09,ARI incidence,2026-09-13,2,SI,quantile,0.99,445.98505984159414
2026-09-09,ARI incidence,2026-09-13,2,SI,quantile,0.9,375.5496519698495
2026-09-09,ARI incidence,2026-09-13,2,SI,quantile,0.8,348.04767224122156
2026-09-09,ARI incidence,2026-09-13,2,SI,quantile,0.85,359.77963476684056
2026-09-09,ARI incidence,2026-09-13,2,SI,quantile,0.75,337.94125888283816
2026-09-09,ARI incidence,2026-09-13,2,SI,quantile,0.7,328.79286847585144
2026-09-09,ARI incidence,2026-09-13,2,SI,quantile,0.45,294.76711607023617
2026-09-09,ARI incidence,2026-09-13,2,SI,quantile,0.5,300.8389455109035
2026-09-09,ARI incidence,2026-09-13,2,SI,quantile,0.55,307.0188315033362
2026-09-09,ARI incidence,2026-09-13,2,SI,quantile,0.65,320.4975344847423
2026-09-09,ARI incidence,2026-09-13,2,SI,quantile,0.6,313.68192778588343
2026-09-09,ARI incidence,2026-09-13,2,SI,quantile,0.4,288.2461010376877
2026-09-09,ARI incidence,2026-09-13,2,SI,quantile,0.3,274.0937588363717
2026-09-09,ARI incidence,2026-09-13,2,SI,quantile,0.2,260.0714147511395
2026-09-09,ARI incidence,2026-09-13,2,SI,quantile,0.25,267.1862786863962
2026-09-09,ARI incidence,2026-09-13,2,SI,quantile,0.15,251.617924560908
2026-09-09,ARI incidence,2026-09-13,2,SI,quantile,0.35,280.9990885914741
2026-09-09,ARI incidence,2026-09-13,2,SI,quantile,0.01,204.1108368248123
2026-09-09,ARI incidence,2026-09-13,2,SI,quantile,0.025,215.6403164958656
2026-09-09,ARI incidence,2026-09-13,2,SI,quantile,0.05,226.69073367666311
2026-09-09,ARI incidence,2026-09-13,2,SI,quantile,0.1,240.94090446642656
2026-09-09,ARI incidence,2026-09-13,2,SI,median,NA,300.8389455109035
2026-09-09,ARI incidence,2026-09-20,3,SI,quantile,0.15,243.2329984070809
2026-09-09,ARI incidence,2026-09-20,3,SI,quantile,0.1,230.36771619975917
2026-09-09,ARI incidence,2026-09-20,3,SI,quantile,0.025,200.70791253595897
2026-09-09,ARI incidence,2026-09-20,3,SI,quantile,0.05,214.8237727535734
2026-09-09,ARI incidence,2026-09-20,3,SI,quantile,0.35,279.7314449207577
2026-09-09,ARI incidence,2026-09-20,3,SI,quantile,0.01,184.2217663318127
2026-09-09,ARI incidence,2026-09-20,3,SI,quantile,0.3,271.5733919817119
2026-09-09,ARI incidence,2026-09-20,3,SI,quantile,0.25,263.02991940062356
2026-09-09,ARI incidence,2026-09-20,3,SI,quantile,0.2,254.47702413611475
2026-09-09,ARI incidence,2026-09-20,3,SI,quantile,0.4,287.3582780259308
2026-09-09,ARI incidence,2026-09-20,3,SI,quantile,0.45,295.4995563037404
2026-09-09,ARI incidence,2026-09-20,3,SI,quantile,0.5,302.8471919255191
2026-09-09,ARI incidence,2026-09-20,3,SI,quantile,0.6,319.0043618689062
2026-09-09,ARI incidence,2026-09-20,3,SI,quantile,0.55,310.70468115544884
2026-09-09,ARI incidence,2026-09-20,3,SI,quantile,0.7,337.98000970040255
2026-09-09,ARI incidence,2026-09-20,3,SI,quantile,0.65,327.74233737760886
2026-09-09,ARI incidence,2026-09-20,3,SI,quantile,0.75,348.44821368843964
2026-09-09,ARI incidence,2026-09-20,3,SI,quantile,0.8,360.339333154038
2026-09-09,ARI incidence,2026-09-20,3,SI,quantile,0.85,375.9647953310664
2026-09-09,ARI incidence,2026-09-20,3,SI,quantile,0.99,496.3571435466617
2026-09-09,ARI incidence,2026-09-20,3,SI,quantile,0.975,456.187383050027
2026-09-09,ARI incidence,2026-09-20,3,SI,quantile,0.95,426.88106381016314
2026-09-09,ARI incidence,2026-09-20,3,SI,quantile,0.9,395.29369050114576
2026-09-09,ARI incidence,2026-09-20,3,SI,median,NA,302.8471919255191
2026-09-09,ARI incidence,2026-09-27,4,SI,quantile,0.9,333.9294385471492
2026-09-09,ARI incidence,2026-09-27,4,SI,quantile,0.85,330.8776676753807
2026-09-09,ARI incidence,2026-09-27,4,SI,quantile,0.99,347.4893575361318
2026-09-09,ARI incidence,2026-09-27,4,SI,quantile,0.6,321.08624602571496
2026-09-09,ARI incidence,2026-09-27,4,SI,quantile,0.7,324.4026392095021
2026-09-09,ARI incidence,2026-09-27,4,SI,quantile,0.975,342.69262586770196
2026-09-09,ARI incidence,2026-09-27,4,SI,quantile,0.4,314.76933118618183
2026-09-09,ARI incidence,2026-09-27,4,SI,quantile,0.55,319.5533074507226
2026-09-09,ARI incidence,2026-09-27,4,SI,quantile,0.65,322.6988015644753
2026-09-09,ARI incidence,2026-09-27,4,SI,quantile,0.95,338.48783036850307
2026-09-09,ARI incidence,2026-09-27,4,SI,quantile,0.8,328.35736470496573
2026-09-09,ARI incidence,2026-09-27,4,SI,quantile,0.75,326.19671769971603
2026-09-09,ARI incidence,2026-09-27,4,SI,quantile,0.45,316.35555892873583
2026-09-09,ARI incidence,2026-09-27,4,SI,quantile,0.5,317.99721887190844
2026-09-09,ARI incidence,2026-09-27,4,SI,quantile,0.35,313.06354246199635
2026-09-09,ARI incidence,2026-09-27,4,SI,quantile,0.3,311.26926490042354
2026-09-09,ARI incidence,2026-09-27,4,SI,quantile,0.25,309.3591321911768
2026-09-09,ARI incidence,2026-09-27,4,SI,quantile,0.2,307.46965875351856
2026-09-09,ARI incidence,2026-09-27,4,SI,quantile,0.05,297.9400579194874
2026-09-09,ARI incidence,2026-09-27,4,SI,quantile,0.1,301.9643781572633
2026-09-09,ARI incidence,2026-09-27,4,SI,quantile,0.15,305.12351583109285
2026-09-09,ARI incidence,2026-09-27,4,SI,quantile,0.025,294.470241026714
2026-09-09,ARI incidence,2026-09-27,4,SI,quantile,0.01,290.6212131665867
2026-09-09,ARI incidence,2026-09-27,4,SI,median,NA,317.99721887190844
