origin_date,target,target_end_date,horizon,location,output_type,output_type_id,value
2026-09-23,ILI incidence,2026-09-20,1,BE,quantile,0.01,23.06434373517133
2026-09-23,ILI incidence,2026-09-20,1,BE,quantile,0.1,34.731531565199695
2026-09-23,ILI incidence,2026-09-20,1,BE,quantile,0.025,27.27989973944479
2026-09-23,ILI incidence,2026-09-20,1,BE,quantile,0.05,29.96252546978334
2026-09-23,ILI incidence,2026-09-20,1,BE,quantile,0.8,79.19854161382622
2026-09-23,ILI incidence,2026-09-20,1,BE,quantile,0.85,85.27214658512122
2026-09-23,ILI incidence,2026-09-20,1,BE,quantile,0.9,93.74578016348627
2026-09-23,ILI incidence,2026-09-20,1,BE,quantile,0.95,108.3459461901892
2026-09-23,ILI incidence,2026-09-20,1,BE,quantile,0.975,123.2122188121264
2026-09-23,ILI incidence,2026-09-20,1,BE,quantile,0.99,143.01278424150243
2026-09-23,ILI incidence,2026-09-20,1,BE,quantile,0.2,41.27731983376573
2026-09-23,ILI incidence,2026-09-20,1,BE,quantile,0.15,38.180320471883974
2026-09-23,ILI incidence,2026-09-20,1,BE,quantile,0.25,44.0043144651018
2026-09-23,ILI incidence,2026-09-20,1,BE,quantile,0.3,46.63612535515848
2026-09-23,ILI incidence,2026-09-20,1,BE,quantile,0.7,69.82454150390511
2026-09-23,ILI incidence,2026-09-20,1,BE,quantile,0.75,74.0571276035325
2026-09-23,ILI incidence,2026-09-20,1,BE,quantile,0.35,49.37481242991893
2026-09-23,ILI incidence,2026-09-20,1,BE,quantile,0.5,57.49862972956002
2026-09-23,ILI incidence,2026-09-20,1,BE,quantile,0.4,51.9623376233594
2026-09-23,ILI incidence,2026-09-20,1,BE,quantile,0.55,60.35163927410881
2026-09-23,ILI incidence,2026-09-20,1,BE,quantile,0.45,54.77776813344359
2026-09-23,ILI incidence,2026-09-20,1,BE,quantile,0.65,66.37243391254272
2026-09-23,ILI incidence,2026-09-20,1,BE,quantile,0.6,63.17409141168936
2026-09-23,ILI incidence,2026-09-20,1,BE,median,NA,57.49862972956002
2026-09-23,ILI incidence,2026-09-27,2,BE,quantile,0.6,70.79672266581382
2026-09-23,ILI incidence,2026-09-27,2,BE,quantile,0.65,73.32927069163924
2026-09-23,ILI incidence,2026-09-27,2,BE,quantile,0.7,76.08317451518406
2026-09-23,ILI incidence,2026-09-27,2,BE,quantile,0.55,68.27089987924344
2026-09-23,ILI incidence,2026-09-27,2,BE,quantile,0.5,65.99389584594766
2026-09-23,ILI incidence,2026-09-27,2,BE,quantile,0.45,63.73542027578725
2026-09-23,ILI incidence,2026-09-27,2,BE,quantile,0.4,61.48501784130452
2026-09-23,ILI incidence,2026-09-27,2,BE,quantile,0.75,79.49280672688741
2026-09-23,ILI incidence,2026-09-27,2,BE,quantile,0.8,83.2075787436289
2026-09-23,ILI incidence,2026-09-27,2,BE,quantile,0.15,49.52469015430529
2026-09-23,ILI incidence,2026-09-27,2,BE,quantile,0.2,52.23072762805518
2026-09-23,ILI incidence,2026-09-27,2,BE,quantile,0.25,54.87879353018351
2026-09-23,ILI incidence,2026-09-27,2,BE,quantile,0.3,57.214077784991474
2026-09-23,ILI incidence,2026-09-27,2,BE,quantile,0.35,59.29689906294186
2026-09-23,ILI incidence,2026-09-27,2,BE,quantile,0.025,38.293389400298025
2026-09-23,ILI incidence,2026-09-27,2,BE,quantile,0.1,46.383589973403325
2026-09-23,ILI incidence,2026-09-27,2,BE,quantile,0.01,34.730648583939136
2026-09-23,ILI incidence,2026-09-27,2,BE,quantile,0.05,41.72443104054915
2026-09-23,ILI incidence,2026-09-27,2,BE,quantile,0.85,87.94422173567573
2026-09-23,ILI incidence,2026-09-27,2,BE,quantile,0.9,93.63290455528411
2026-09-23,ILI incidence,2026-09-27,2,BE,quantile,0.95,104.34083226048502
2026-09-23,ILI incidence,2026-09-27,2,BE,quantile,0.975,114.0055328615127
2026-09-23,ILI incidence,2026-09-27,2,BE,quantile,0.99,124.80431439918289
2026-09-23,ILI incidence,2026-09-27,2,BE,median,NA,65.99389584594766
2026-09-23,ILI incidence,2026-10-04,3,BE,quantile,0.3,44.56984266033167
2026-09-23,ILI incidence,2026-10-04,3,BE,quantile,0.25,43.28118081721542
2026-09-23,ILI incidence,2026-10-04,3,BE,quantile,0.35,45.83222682443801
2026-09-23,ILI incidence,2026-10-04,3,BE,quantile,0.01,31.423554757261737
2026-09-23,ILI incidence,2026-10-04,3,BE,quantile,0.025,33.4465473750826
2026-09-23,ILI incidence,2026-10-04,3,BE,quantile,0.05,35.45529474882045
2026-09-23,ILI incidence,2026-10-04,3,BE,quantile,0.1,38.350546539831605
2026-09-23,ILI incidence,2026-10-04,3,BE,quantile,0.15,40.325787565972895
2026-09-23,ILI incidence,2026-10-04,3,BE,quantile,0.2,41.79150531434543
2026-09-23,ILI incidence,2026-10-04,3,BE,quantile,0.65,53.30571216200735
2026-09-23,ILI incidence,2026-10-04,3,BE,quantile,0.4,46.97498509367724
2026-09-23,ILI incidence,2026-10-04,3,BE,quantile,0.45,48.28316336689268
2026-09-23,ILI incidence,2026-10-04,3,BE,quantile,0.5,49.40634407733576
2026-09-23,ILI incidence,2026-10-04,3,BE,quantile,0.55,50.69091187920657
2026-09-23,ILI incidence,2026-10-04,3,BE,quantile,0.6,51.971852739078486
2026-09-23,ILI incidence,2026-10-04,3,BE,quantile,0.7,54.86853161696777
2026-09-23,ILI incidence,2026-10-04,3,BE,quantile,0.75,56.71008396255916
2026-09-23,ILI incidence,2026-10-04,3,BE,quantile,0.8,58.626677892956295
2026-09-23,ILI incidence,2026-10-04,3,BE,quantile,0.85,61.01273008401991
2026-09-23,ILI incidence,2026-10-04,3,BE,quantile,0.9,64.07882275069909
2026-09-23,ILI incidence,2026-10-04,3,BE,quantile,0.95,68.66264523685085
2026-09-23,ILI incidence,2026-10-04,3,BE,quantile,0.975,72.49223926662387
2026-09-23,ILI incidence,2026-10-04,3,BE,quantile,0.99,77.79220308377066
2026-09-23,ILI incidence,2026-10-04,3,BE,median,NA,49.40634407733576
2026-09-23,ILI incidence,2026-10-11,4,BE,quantile,0.99,69.73091151810917
2026-09-23,ILI incidence,2026-10-11,4,BE,quantile,0.3,33.437364543633585
2026-09-23,ILI incidence,2026-10-11,4,BE,quantile,0.35,34.74896275966423
2026-09-23,ILI incidence,2026-10-11,4,BE,quantile,0.4,35.9771050260089
2026-09-23,ILI incidence,2026-10-11,4,BE,quantile,0.8,48.06320779499009
2026-09-23,ILI incidence,2026-10-11,4,BE,quantile,0.85,50.43838071674036
2026-09-23,ILI incidence,2026-10-11,4,BE,quantile,0.9,53.939943660917145
2026-09-23,ILI incidence,2026-10-11,4,BE,quantile,0.95,59.40002294521548
2026-09-23,ILI incidence,2026-10-11,4,BE,quantile,0.975,64.0142374224728
2026-09-23,ILI incidence,2026-10-11,4,BE,quantile,0.45,37.16545202974481
2026-09-23,ILI incidence,2026-10-11,4,BE,quantile,0.65,42.641712599944114
2026-09-23,ILI incidence,2026-10-11,4,BE,quantile,0.7,44.198077399292856
2026-09-23,ILI incidence,2026-10-11,4,BE,quantile,0.75,46.01664195205316
2026-09-23,ILI incidence,2026-10-11,4,BE,quantile,0.5,38.536128553202154
2026-09-23,ILI incidence,2026-10-11,4,BE,quantile,0.55,39.851580754982884
2026-09-23,ILI incidence,2026-10-11,4,BE,quantile,0.6,41.18573365702942
2026-09-23,ILI incidence,2026-10-11,4,BE,quantile,0.25,32.07934314011772
2026-09-23,ILI incidence,2026-10-11,4,BE,quantile,0.2,30.695621367498298
2026-09-23,ILI incidence,2026-10-11,4,BE,quantile,0.15,29.160750960504306
2026-09-23,ILI incidence,2026-10-11,4,BE,quantile,0.1,27.304867308475036
2026-09-23,ILI incidence,2026-10-11,4,BE,quantile,0.05,24.74080615217021
2026-09-23,ILI incidence,2026-10-11,4,BE,quantile,0.025,22.775694962002664
2026-09-23,ILI incidence,2026-10-11,4,BE,quantile,0.01,20.71002947090383
2026-09-23,ILI incidence,2026-10-11,4,BE,median,NA,38.536128553202154
2026-09-23,ILI incidence,2026-09-20,1,CH,quantile,0.6,21.908036159535776
2026-09-23,ILI incidence,2026-09-20,1,CH,quantile,0.55,21.51657260715917
2026-09-23,ILI incidence,2026-09-20,1,CH,quantile,0.35,20.0093535786869
2026-09-23,ILI incidence,2026-09-20,1,CH,quantile,0.3,19.605585976744383
2026-09-23,ILI incidence,2026-09-20,1,CH,quantile,0.5,21.137847029033992
2026-09-23,ILI incidence,2026-09-20,1,CH,quantile,0.45,20.771408110217173
2026-09-23,ILI incidence,2026-09-20,1,CH,quantile,0.4,20.386233040033822
2026-09-23,ILI incidence,2026-09-20,1,CH,quantile,0.7,22.777249889767393
2026-09-23,ILI incidence,2026-09-20,1,CH,quantile,0.75,23.26640594376352
2026-09-23,ILI incidence,2026-09-20,1,CH,quantile,0.975,28.11137239940051
2026-09-23,ILI incidence,2026-09-20,1,CH,quantile,0.99,29.62580241638683
2026-09-23,ILI incidence,2026-09-20,1,CH,quantile,0.95,26.880295664967697
2026-09-23,ILI incidence,2026-09-20,1,CH,quantile,0.65,22.321621495591593
2026-09-23,ILI incidence,2026-09-20,1,CH,quantile,0.25,19.200433459001037
2026-09-23,ILI incidence,2026-09-20,1,CH,quantile,0.9,25.502010667021203
2026-09-23,ILI incidence,2026-09-20,1,CH,quantile,0.8,23.862305767520397
2026-09-23,ILI incidence,2026-09-20,1,CH,quantile,0.05,16.71718363323626
2026-09-23,ILI incidence,2026-09-20,1,CH,quantile,0.85,24.580435637880544
2026-09-23,ILI incidence,2026-09-20,1,CH,quantile,0.15,18.23720217474905
2026-09-23,ILI incidence,2026-09-20,1,CH,quantile,0.2,18.748244678882138
2026-09-23,ILI incidence,2026-09-20,1,CH,quantile,0.025,15.979496461690886
2026-09-23,ILI incidence,2026-09-20,1,CH,quantile,0.1,17.639506368405883
2026-09-23,ILI incidence,2026-09-20,1,CH,quantile,0.01,15.202540469826465
2026-09-23,ILI incidence,2026-09-20,1,CH,median,NA,21.137847029033992
2026-09-23,ILI incidence,2026-09-27,2,CH,quantile,0.95,13.108659983619482
2026-09-23,ILI incidence,2026-09-27,2,CH,quantile,0.975,14.46673414710714
2026-09-23,ILI incidence,2026-09-27,2,CH,quantile,0.85,10.899010813650522
2026-09-23,ILI incidence,2026-09-27,2,CH,quantile,0.7,9.341202646876308
2026-09-23,ILI incidence,2026-09-27,2,CH,quantile,0.8,10.295985402816804
2026-09-23,ILI incidence,2026-09-27,2,CH,quantile,0.99,15.939177542825515
2026-09-23,ILI incidence,2026-09-27,2,CH,quantile,0.9,11.792496262452955
2026-09-23,ILI incidence,2026-09-27,2,CH,quantile,0.75,9.770605007518183
2026-09-23,ILI incidence,2026-09-27,2,CH,quantile,0.01,3.8660270294120096
2026-09-23,ILI incidence,2026-09-27,2,CH,quantile,0.65,8.977594391251255
2026-09-23,ILI incidence,2026-09-27,2,CH,quantile,0.5,7.986587079651333
2026-09-23,ILI incidence,2026-09-27,2,CH,quantile,0.55,8.295168467715584
2026-09-23,ILI incidence,2026-09-27,2,CH,quantile,0.1,5.3861273615198755
2026-09-23,ILI incidence,2026-09-27,2,CH,quantile,0.6,8.63324079598689
2026-09-23,ILI incidence,2026-09-27,2,CH,quantile,0.4,7.369450241305449
2026-09-23,ILI incidence,2026-09-27,2,CH,quantile,0.2,6.152072951124808
2026-09-23,ILI incidence,2026-09-27,2,CH,quantile,0.35,7.064829230367247
2026-09-23,ILI incidence,2026-09-27,2,CH,quantile,0.025,4.331262037799155
2026-09-23,ILI incidence,2026-09-27,2,CH,quantile,0.25,6.496221522680767
2026-09-23,ILI incidence,2026-09-27,2,CH,quantile,0.45,7.687565391564527
2026-09-23,ILI incidence,2026-09-27,2,CH,quantile,0.15,5.802400693974078
2026-09-23,ILI incidence,2026-09-27,2,CH,quantile,0.3,6.799322448804021
2026-09-23,ILI incidence,2026-09-27,2,CH,quantile,0.05,4.795852925097003
2026-09-23,ILI incidence,2026-09-27,2,CH,median,NA,7.986587079651333
2026-09-23,ILI incidence,2026-10-04,3,CH,quantile,0.975,37.015866324022674
2026-09-23,ILI incidence,2026-10-04,3,CH,quantile,0.99,39.522733127211886
2026-09-23,ILI incidence,2026-10-04,3,CH,quantile,0.8,29.57720070374282
2026-09-23,ILI incidence,2026-10-04,3,CH,quantile,0.9,32.26275974661242
2026-09-23,ILI incidence,2026-10-04,3,CH,quantile,0.7,27.89297465906543
2026-09-23,ILI incidence,2026-10-04,3,CH,quantile,0.75,28.66708452280737
2026-09-23,ILI incidence,2026-10-04,3,CH,quantile,0.85,30.683934395653377
2026-09-23,ILI incidence,2026-10-04,3,CH,quantile,0.95,34.83084357815479
2026-09-23,ILI incidence,2026-10-04,3,CH,quantile,0.55,25.822090215088167
2026-09-23,ILI incidence,2026-10-04,3,CH,quantile,0.65,27.134022542755933
2026-09-23,ILI incidence,2026-10-04,3,CH,quantile,0.35,23.32345251231512
2026-09-23,ILI incidence,2026-10-04,3,CH,quantile,0.6,26.473905990306825
2026-09-23,ILI incidence,2026-10-04,3,CH,quantile,0.5,25.195985008734475
2026-09-23,ILI incidence,2026-10-04,3,CH,quantile,0.1,19.403552290989083
2026-09-23,ILI incidence,2026-10-04,3,CH,quantile,0.45,24.60501473525774
2026-09-23,ILI incidence,2026-10-04,3,CH,quantile,0.4,23.98701720459886
2026-09-23,ILI incidence,2026-10-04,3,CH,quantile,0.025,17.180378660354847
2026-09-23,ILI incidence,2026-10-04,3,CH,quantile,0.15,20.465954628402052
2026-09-23,ILI incidence,2026-10-04,3,CH,quantile,0.2,21.233239629294246
2026-09-23,ILI incidence,2026-10-04,3,CH,quantile,0.3,22.663318330134327
2026-09-23,ILI incidence,2026-10-04,3,CH,quantile,0.25,21.98535608329256
2026-09-23,ILI incidence,2026-10-04,3,CH,quantile,0.05,18.15844902828184
2026-09-23,ILI incidence,2026-10-04,3,CH,quantile,0.01,16.054843258897684
2026-09-23,ILI incidence,2026-10-04,3,CH,median,NA,25.195985008734475
2026-09-23,ILI incidence,2026-10-11,4,CH,quantile,0.99,28.46304951426719
2026-09-23,ILI incidence,2026-10-11,4,CH,quantile,0.9,23.00453614678006
2026-09-23,ILI incidence,2026-10-11,4,CH,quantile,0.95,24.877785100801244
2026-09-23,ILI incidence,2026-10-11,4,CH,quantile,0.55,18.02438606044928
2026-09-23,ILI incidence,2026-10-11,4,CH,quantile,0.65,19.034273338422317
2026-09-23,ILI incidence,2026-10-11,4,CH,quantile,0.7,19.619552888000474
2026-09-23,ILI incidence,2026-10-11,4,CH,quantile,0.975,26.444734804916788
2026-09-23,ILI incidence,2026-10-11,4,CH,quantile,0.75,20.24399036325797
2026-09-23,ILI incidence,2026-10-11,4,CH,quantile,0.85,21.833227222359675
2026-09-23,ILI incidence,2026-10-11,4,CH,quantile,0.8,20.95573972034024
2026-09-23,ILI incidence,2026-10-11,4,CH,quantile,0.6,18.49493449737844
2026-09-23,ILI incidence,2026-10-11,4,CH,quantile,0.5,17.57428129280565
2026-09-23,ILI incidence,2026-10-11,4,CH,quantile,0.15,14.14048943453879
2026-09-23,ILI incidence,2026-10-11,4,CH,quantile,0.35,16.21031908095726
2026-09-23,ILI incidence,2026-10-11,4,CH,quantile,0.4,16.670393871885853
2026-09-23,ILI incidence,2026-10-11,4,CH,quantile,0.1,13.455010100271847
2026-09-23,ILI incidence,2026-10-11,4,CH,quantile,0.3,15.784031909100932
2026-09-23,ILI incidence,2026-10-11,4,CH,quantile,0.45,17.10920241715716
2026-09-23,ILI incidence,2026-10-11,4,CH,quantile,0.05,12.528393437660908
2026-09-23,ILI incidence,2026-10-11,4,CH,quantile,0.2,14.710548367920495
2026-09-23,ILI incidence,2026-10-11,4,CH,quantile,0.025,11.750414432928826
2026-09-23,ILI incidence,2026-10-11,4,CH,quantile,0.25,15.256551377133862
2026-09-23,ILI incidence,2026-10-11,4,CH,quantile,0.01,10.700049770089551
2026-09-23,ILI incidence,2026-10-11,4,CH,median,NA,17.57428129280565
2026-09-23,ILI incidence,2026-09-20,1,DK,quantile,0.05,68.04063262692125
2026-09-23,ILI incidence,2026-09-20,1,DK,quantile,0.7,103.62798776744556
2026-09-23,ILI incidence,2026-09-20,1,DK,quantile,0.1,73.00651139538661
2026-09-23,ILI incidence,2026-09-20,1,DK,quantile,0.025,63.67349101946153
2026-09-23,ILI incidence,2026-09-20,1,DK,quantile,0.5,93.83241441993184
2026-09-23,ILI incidence,2026-09-20,1,DK,quantile,0.99,145.66567356843822
2026-09-23,ILI incidence,2026-09-20,1,DK,quantile,0.975,136.30425439327897
2026-09-23,ILI incidence,2026-09-20,1,DK,quantile,0.45,91.5881366832434
2026-09-23,ILI incidence,2026-09-20,1,DK,quantile,0.55,95.89787824259416
2026-09-23,ILI incidence,2026-09-20,1,DK,quantile,0.9,120.12194731420897
2026-09-23,ILI incidence,2026-09-20,1,DK,quantile,0.95,129.0576068938078
2026-09-23,ILI incidence,2026-09-20,1,DK,quantile,0.6,98.2467972512903
2026-09-23,ILI incidence,2026-09-20,1,DK,quantile,0.85,114.28791485249324
2026-09-23,ILI incidence,2026-09-20,1,DK,quantile,0.4,89.27753788442485
2026-09-23,ILI incidence,2026-09-20,1,DK,quantile,0.15,76.42108874242936
2026-09-23,ILI incidence,2026-09-20,1,DK,quantile,0.8,110.0735685785766
2026-09-23,ILI incidence,2026-09-20,1,DK,quantile,0.75,106.63224751224747
2026-09-23,ILI incidence,2026-09-20,1,DK,quantile,0.65,100.85788007515646
2026-09-23,ILI incidence,2026-09-20,1,DK,quantile,0.35,87.00326415532395
2026-09-23,ILI incidence,2026-09-20,1,DK,quantile,0.01,59.47354561757255
2026-09-23,ILI incidence,2026-09-20,1,DK,quantile,0.2,79.36708043721032
2026-09-23,ILI incidence,2026-09-20,1,DK,quantile,0.25,82.15122611688824
2026-09-23,ILI incidence,2026-09-20,1,DK,quantile,0.3,84.80254059816326
2026-09-23,ILI incidence,2026-09-20,1,DK,median,NA,93.83241441993184
2026-09-23,ILI incidence,2026-09-27,2,DK,quantile,0.6,95.80573321004454
2026-09-23,ILI incidence,2026-09-27,2,DK,quantile,0.25,87.83549246117286
2026-09-23,ILI incidence,2026-09-27,2,DK,quantile,0.3,89.0008184637772
2026-09-23,ILI incidence,2026-09-27,2,DK,quantile,0.55,94.62816350172449
2026-09-23,ILI incidence,2026-09-27,2,DK,quantile,0.45,92.3709302739199
2026-09-23,ILI incidence,2026-09-27,2,DK,quantile,0.4,91.28059753541694
2026-09-23,ILI incidence,2026-09-27,2,DK,quantile,0.5,93.4777336051931
2026-09-23,ILI incidence,2026-09-27,2,DK,quantile,0.35,90.1262878271459
2026-09-23,ILI incidence,2026-09-27,2,DK,quantile,0.1,82.98892157751565
2026-09-23,ILI incidence,2026-09-27,2,DK,quantile,0.025,77.73085866598268
2026-09-23,ILI incidence,2026-09-27,2,DK,quantile,0.15,84.90760019049848
2026-09-23,ILI incidence,2026-09-27,2,DK,quantile,0.05,80.05443164438965
2026-09-23,ILI incidence,2026-09-27,2,DK,quantile,0.2,86.49183022888963
2026-09-23,ILI incidence,2026-09-27,2,DK,quantile,0.75,99.5505964436954
2026-09-23,ILI incidence,2026-09-27,2,DK,quantile,0.8,100.97240706500638
2026-09-23,ILI incidence,2026-09-27,2,DK,quantile,0.7,98.14567631396018
2026-09-23,ILI incidence,2026-09-27,2,DK,quantile,0.85,103.02358217978734
2026-09-23,ILI incidence,2026-09-27,2,DK,quantile,0.01,75.12242424064517
2026-09-23,ILI incidence,2026-09-27,2,DK,quantile,0.65,96.95598047255488
2026-09-23,ILI incidence,2026-09-27,2,DK,quantile,0.95,109.30154599119088
2026-09-23,ILI incidence,2026-09-27,2,DK,quantile,0.9,105.53348676528827
2026-09-23,ILI incidence,2026-09-27,2,DK,quantile,0.975,112.6256388894416
2026-09-23,ILI incidence,2026-09-27,2,DK,quantile,0.99,115.72682302707632
2026-09-23,ILI incidence,2026-09-27,2,DK,median,NA,93.4777336051931
2026-09-23,ILI incidence,2026-10-04,3,DK,quantile,0.35,90.50428533432571
2026-09-23,ILI incidence,2026-10-04,3,DK,quantile,0.4,92.89658350229078
2026-09-23,ILI incidence,2026-10-04,3,DK,quantile,0.45,95.32061869327217
2026-09-23,ILI incidence,2026-10-04,3,DK,quantile,0.5,97.59411191418252
2026-09-23,ILI incidence,2026-10-04,3,DK,quantile,0.3,88.0598387916414
2026-09-23,ILI incidence,2026-10-04,3,DK,quantile,0.25,85.398401732677
2026-09-23,ILI incidence,2026-10-04,3,DK,quantile,0.8,114.99123453849975
2026-09-23,ILI incidence,2026-10-04,3,DK,quantile,0.55,100.12901994200504
2026-09-23,ILI incidence,2026-10-04,3,DK,quantile,0.75,111.35281027562344
2026-09-23,ILI incidence,2026-10-04,3,DK,quantile,0.6,102.75998553218962
2026-09-23,ILI incidence,2026-10-04,3,DK,quantile,0.7,108.1419184054236
2026-09-23,ILI incidence,2026-10-04,3,DK,quantile,0.15,79.56314574288508
2026-09-23,ILI incidence,2026-10-04,3,DK,quantile,0.2,82.6007941231465
2026-09-23,ILI incidence,2026-10-04,3,DK,quantile,0.85,119.53443199088817
2026-09-23,ILI incidence,2026-10-04,3,DK,quantile,0.65,105.36470985384872
2026-09-23,ILI incidence,2026-10-04,3,DK,quantile,0.975,143.60965908689047
2026-09-23,ILI incidence,2026-10-04,3,DK,quantile,0.95,135.04252650896706
2026-09-23,ILI incidence,2026-10-04,3,DK,quantile,0.05,70.48449727831317
2026-09-23,ILI incidence,2026-10-04,3,DK,quantile,0.1,75.67982588983003
2026-09-23,ILI incidence,2026-10-04,3,DK,quantile,0.9,125.70483528261384
2026-09-23,ILI incidence,2026-10-04,3,DK,quantile,0.99,153.08122776709973
2026-09-23,ILI incidence,2026-10-04,3,DK,quantile,0.025,66.30683077618637
2026-09-23,ILI incidence,2026-10-04,3,DK,quantile,0.01,61.85297272674221
2026-09-23,ILI incidence,2026-10-04,3,DK,median,NA,97.59411191418252
2026-09-23,ILI incidence,2026-10-11,4,DK,quantile,0.95,124.50600700711902
2026-09-23,ILI incidence,2026-10-11,4,DK,quantile,0.9,114.48327726101884
2026-09-23,ILI incidence,2026-10-11,4,DK,quantile,0.85,108.32701244269748
2026-09-23,ILI incidence,2026-10-11,4,DK,quantile,0.99,148.89943946073632
2026-09-23,ILI incidence,2026-10-11,4,DK,quantile,0.8,102.78383038669816
2026-09-23,ILI incidence,2026-10-11,4,DK,quantile,0.4,78.41753787238001
2026-09-23,ILI incidence,2026-10-11,4,DK,quantile,0.15,64.77913972031116
2026-09-23,ILI incidence,2026-10-11,4,DK,quantile,0.05,55.51567212197459
2026-09-23,ILI incidence,2026-10-11,4,DK,quantile,0.75,98.21799296751183
2026-09-23,ILI incidence,2026-10-11,4,DK,quantile,0.65,91.70389778528929
2026-09-23,ILI incidence,2026-10-11,4,DK,quantile,0.25,70.83797714764111
2026-09-23,ILI incidence,2026-10-11,4,DK,quantile,0.025,51.00382849746394
2026-09-23,ILI incidence,2026-10-11,4,DK,quantile,0.975,135.58713114198346
2026-09-23,ILI incidence,2026-10-11,4,DK,quantile,0.1,61.267586366019714
2026-09-23,ILI incidence,2026-10-11,4,DK,quantile,0.45,80.99304099804262
2026-09-23,ILI incidence,2026-10-11,4,DK,quantile,0.6,89.1259657273783
2026-09-23,ILI incidence,2026-10-11,4,DK,quantile,0.55,86.3456075465474
2026-09-23,ILI incidence,2026-10-11,4,DK,quantile,0.7,94.92492264062751
2026-09-23,ILI incidence,2026-10-11,4,DK,quantile,0.3,73.61929506418761
2026-09-23,ILI incidence,2026-10-11,4,DK,quantile,0.35,76.05108157528048
2026-09-23,ILI incidence,2026-10-11,4,DK,quantile,0.5,83.66173147149686
2026-09-23,ILI incidence,2026-10-11,4,DK,quantile,0.2,67.98646422624395
2026-09-23,ILI incidence,2026-10-11,4,DK,quantile,0.01,47.37451185698542
2026-09-23,ILI incidence,2026-10-11,4,DK,median,NA,83.66173147149686
2026-09-23,ILI incidence,2026-09-20,1,EE,quantile,0.99,181.62625292643844
2026-09-23,ILI incidence,2026-09-20,1,EE,quantile,0.01,17.462866222303184
2026-09-23,ILI incidence,2026-09-20,1,EE,quantile,0.025,20.850411681761724
2026-09-23,ILI incidence,2026-09-20,1,EE,quantile,0.05,24.5411810903068
2026-09-23,ILI incidence,2026-09-20,1,EE,quantile,0.95,129.29105466628525
2026-09-23,ILI incidence,2026-09-20,1,EE,quantile,0.975,152.73034334829526
2026-09-23,ILI incidence,2026-09-20,1,EE,quantile,0.9,107.71693036882198
2026-09-23,ILI incidence,2026-09-20,1,EE,quantile,0.1,29.46727919056145
2026-09-23,ILI incidence,2026-09-20,1,EE,quantile,0.15,33.66849708330478
2026-09-23,ILI incidence,2026-09-20,1,EE,quantile,0.2,37.1803651346207
2026-09-23,ILI incidence,2026-09-20,1,EE,quantile,0.25,40.21085472211635
2026-09-23,ILI incidence,2026-09-20,1,EE,quantile,0.8,85.84372713237015
2026-09-23,ILI incidence,2026-09-20,1,EE,quantile,0.85,94.77201131238716
2026-09-23,ILI incidence,2026-09-20,1,EE,quantile,0.7,73.34516642115943
2026-09-23,ILI incidence,2026-09-20,1,EE,quantile,0.75,79.09471555471617
2026-09-23,ILI incidence,2026-09-20,1,EE,quantile,0.45,53.16076327250198
2026-09-23,ILI incidence,2026-09-20,1,EE,quantile,0.55,60.26716310165365
2026-09-23,ILI incidence,2026-09-20,1,EE,quantile,0.65,68.84975165792177
2026-09-23,ILI incidence,2026-09-20,1,EE,quantile,0.5,56.54733053346117
2026-09-23,ILI incidence,2026-09-20,1,EE,quantile,0.6,64.28950329961565
2026-09-23,ILI incidence,2026-09-20,1,EE,quantile,0.4,50.03015624307981
2026-09-23,ILI incidence,2026-09-20,1,EE,quantile,0.35,46.7599431217021
2026-09-23,ILI incidence,2026-09-20,1,EE,quantile,0.3,43.48971127954316
2026-09-23,ILI incidence,2026-09-20,1,EE,median,NA,56.54733053346117
2026-09-23,ILI incidence,2026-09-27,2,EE,quantile,0.3,74.46998488568096
2026-09-23,ILI incidence,2026-09-27,2,EE,quantile,0.15,70.22464194780025
2026-09-23,ILI incidence,2026-09-27,2,EE,quantile,0.2,71.88159494929441
2026-09-23,ILI incidence,2026-09-27,2,EE,quantile,0.25,73.27249816229238
2026-09-23,ILI incidence,2026-09-27,2,EE,quantile,0.05,65.43414931314098
2026-09-23,ILI incidence,2026-09-27,2,EE,quantile,0.1,68.21491471746006
2026-09-23,ILI incidence,2026-09-27,2,EE,quantile,0.01,60.52871017598491
2026-09-23,ILI incidence,2026-09-27,2,EE,quantile,0.025,63.14780650118313
2026-09-23,ILI incidence,2026-09-27,2,EE,quantile,0.35,75.68572801275536
2026-09-23,ILI incidence,2026-09-27,2,EE,quantile,0.45,78.27681477369988
2026-09-23,ILI incidence,2026-09-27,2,EE,quantile,0.4,77.01172148827291
2026-09-23,ILI incidence,2026-09-27,2,EE,quantile,0.75,86.18088129594874
2026-09-23,ILI incidence,2026-09-27,2,EE,quantile,0.8,87.90949022383298
2026-09-23,ILI incidence,2026-09-27,2,EE,quantile,0.85,90.01866292136503
2026-09-23,ILI incidence,2026-09-27,2,EE,quantile,0.975,99.88509593983731
2026-09-23,ILI incidence,2026-09-27,2,EE,quantile,0.99,104.82732366588382
2026-09-23,ILI incidence,2026-09-27,2,EE,quantile,0.95,96.32481348808886
2026-09-23,ILI incidence,2026-09-27,2,EE,quantile,0.55,80.5413641754698
2026-09-23,ILI incidence,2026-09-27,2,EE,quantile,0.6,81.7783423739468
2026-09-23,ILI incidence,2026-09-27,2,EE,quantile,0.9,92.62767326642212
2026-09-23,ILI incidence,2026-09-27,2,EE,quantile,0.7,84.60793104029261
2026-09-23,ILI incidence,2026-09-27,2,EE,quantile,0.65,83.12997291984608
2026-09-23,ILI incidence,2026-09-27,2,EE,quantile,0.5,79.3506257955489
2026-09-23,ILI incidence,2026-09-27,2,EE,median,NA,79.3506257955489
2026-09-23,ILI incidence,2026-10-04,3,EE,quantile,0.2,54.44880400240755
2026-09-23,ILI incidence,2026-10-04,3,EE,quantile,0.15,50.55860698921437
2026-09-23,ILI incidence,2026-10-04,3,EE,quantile,0.25,58.26131105287146
2026-09-23,ILI incidence,2026-10-04,3,EE,quantile,0.3,62.10816231860563
2026-09-23,ILI incidence,2026-10-04,3,EE,quantile,0.35,65.52630037479443
2026-09-23,ILI incidence,2026-10-04,3,EE,quantile,0.4,69.1865356295115
2026-09-23,ILI incidence,2026-10-04,3,EE,quantile,0.95,147.25539947699326
2026-09-23,ILI incidence,2026-10-04,3,EE,quantile,0.99,194.2225547541417
2026-09-23,ILI incidence,2026-10-04,3,EE,quantile,0.9,128.10822385804735
2026-09-23,ILI incidence,2026-10-04,3,EE,quantile,0.975,166.916467597316
2026-09-23,ILI incidence,2026-10-04,3,EE,quantile,0.1,45.97279912666219
2026-09-23,ILI incidence,2026-10-04,3,EE,quantile,0.6,85.60921559853247
2026-09-23,ILI incidence,2026-10-04,3,EE,quantile,0.85,116.35245911407095
2026-09-23,ILI incidence,2026-10-04,3,EE,quantile,0.45,72.93094541928005
2026-09-23,ILI incidence,2026-10-04,3,EE,quantile,0.5,76.90924079157593
2026-09-23,ILI incidence,2026-10-04,3,EE,quantile,0.55,81.10039468559725
2026-09-23,ILI incidence,2026-10-04,3,EE,quantile,0.65,90.3212085986234
2026-09-23,ILI incidence,2026-10-04,3,EE,quantile,0.8,107.67226193986974
2026-09-23,ILI incidence,2026-10-04,3,EE,quantile,0.75,101.25996341849486
2026-09-23,ILI incidence,2026-10-04,3,EE,quantile,0.025,34.57104324281006
2026-09-23,ILI incidence,2026-10-04,3,EE,quantile,0.01,30.803703364294243
2026-09-23,ILI incidence,2026-10-04,3,EE,quantile,0.05,39.2259201130437
2026-09-23,ILI incidence,2026-10-04,3,EE,quantile,0.7,95.6399344144035
2026-09-23,ILI incidence,2026-10-04,3,EE,median,NA,76.90924079157593
2026-09-23,ILI incidence,2026-10-11,4,EE,quantile,0.01,2.1065391036948675
2026-09-23,ILI incidence,2026-10-11,4,EE,quantile,0.025,3.251067625920504
2026-09-23,ILI incidence,2026-10-11,4,EE,quantile,0.1,7.344473763121953
2026-09-23,ILI incidence,2026-10-11,4,EE,quantile,0.05,4.82051426510135
2026-09-23,ILI incidence,2026-10-11,4,EE,quantile,0.15,9.792591111282691
2026-09-23,ILI incidence,2026-10-11,4,EE,quantile,0.2,12.62929710056526
2026-09-23,ILI incidence,2026-10-11,4,EE,quantile,0.25,15.725416849172085
2026-09-23,ILI incidence,2026-10-11,4,EE,quantile,0.3,19.207540249160473
2026-09-23,ILI incidence,2026-10-11,4,EE,quantile,0.35,22.75494082958028
2026-09-23,ILI incidence,2026-10-11,4,EE,quantile,0.99,626.3664560486801
2026-09-23,ILI incidence,2026-10-11,4,EE,quantile,0.975,406.9219149285648
2026-09-23,ILI incidence,2026-10-11,4,EE,quantile,0.9,177.6945427326249
2026-09-23,ILI incidence,2026-10-11,4,EE,quantile,0.95,276.97905984119893
2026-09-23,ILI incidence,2026-10-11,4,EE,quantile,0.4,26.518197656859577
2026-09-23,ILI incidence,2026-10-11,4,EE,quantile,0.75,81.65903381237108
2026-09-23,ILI incidence,2026-10-11,4,EE,quantile,0.85,131.89220671137713
2026-09-23,ILI incidence,2026-10-11,4,EE,quantile,0.65,57.13898765931347
2026-09-23,ILI incidence,2026-10-11,4,EE,quantile,0.8,102.5897405621607
2026-09-23,ILI incidence,2026-10-11,4,EE,quantile,0.6,48.49063819686359
2026-09-23,ILI incidence,2026-10-11,4,EE,quantile,0.7,68.15812973261293
2026-09-23,ILI incidence,2026-10-11,4,EE,quantile,0.55,41.39782416520193
2026-09-23,ILI incidence,2026-10-11,4,EE,quantile,0.45,30.960020875917017
2026-09-23,ILI incidence,2026-10-11,4,EE,quantile,0.5,35.993273254959945
2026-09-23,ILI incidence,2026-10-11,4,EE,median,NA,35.993273254959945
2026-09-23,ILI incidence,2026-09-20,1,ES,quantile,0.01,8.694164851655346
2026-09-23,ILI incidence,2026-09-20,1,ES,quantile,0.05,9.660620451640217
2026-09-23,ILI incidence,2026-09-20,1,ES,quantile,0.025,9.203443333984904
2026-09-23,ILI incidence,2026-09-20,1,ES,quantile,0.1,10.259389817937684
2026-09-23,ILI incidence,2026-09-20,1,ES,quantile,0.6,13.136247313526075
2026-09-23,ILI incidence,2026-09-20,1,ES,quantile,0.75,14.097851718997529
2026-09-23,ILI incidence,2026-09-20,1,ES,quantile,0.65,13.430958553296474
2026-09-23,ILI incidence,2026-09-20,1,ES,quantile,0.7,13.753471798469397
2026-09-23,ILI incidence,2026-09-20,1,ES,quantile,0.5,12.627826369815075
2026-09-23,ILI incidence,2026-09-20,1,ES,quantile,0.55,12.891836388567022
2026-09-23,ILI incidence,2026-09-20,1,ES,quantile,0.8,14.492674472534343
2026-09-23,ILI incidence,2026-09-20,1,ES,quantile,0.85,14.952473763518922
2026-09-23,ILI incidence,2026-09-20,1,ES,quantile,0.9,15.545610493530978
2026-09-23,ILI incidence,2026-09-20,1,ES,quantile,0.95,16.452161055717355
2026-09-23,ILI incidence,2026-09-20,1,ES,quantile,0.975,17.2772177268092
2026-09-23,ILI incidence,2026-09-20,1,ES,quantile,0.99,18.34774065529487
2026-09-23,ILI incidence,2026-09-20,1,ES,quantile,0.15,10.692857192132225
2026-09-23,ILI incidence,2026-09-20,1,ES,quantile,0.2,11.022454842486791
2026-09-23,ILI incidence,2026-09-20,1,ES,quantile,0.35,11.863980480269976
2026-09-23,ILI incidence,2026-09-20,1,ES,quantile,0.4,12.137201873665395
2026-09-23,ILI incidence,2026-09-20,1,ES,quantile,0.3,11.5964081205754
2026-09-23,ILI incidence,2026-09-20,1,ES,quantile,0.45,12.365872867858233
2026-09-23,ILI incidence,2026-09-20,1,ES,quantile,0.25,11.324554745289891
2026-09-23,ILI incidence,2026-09-20,1,ES,median,NA,12.627826369815075
2026-09-23,ILI incidence,2026-09-27,2,ES,quantile,0.15,9.52040354250316
2026-09-23,ILI incidence,2026-09-27,2,ES,quantile,0.01,7.12930049507443
2026-09-23,ILI incidence,2026-09-27,2,ES,quantile,0.025,7.719606961200896
2026-09-23,ILI incidence,2026-09-27,2,ES,quantile,0.05,8.261574189775088
2026-09-23,ILI incidence,2026-09-27,2,ES,quantile,0.1,9.006828690028872
2026-09-23,ILI incidence,2026-09-27,2,ES,quantile,0.2,9.98131308176788
2026-09-23,ILI incidence,2026-09-27,2,ES,quantile,0.25,10.413424637706326
2026-09-23,ILI incidence,2026-09-27,2,ES,quantile,0.3,10.758341187186064
2026-09-23,ILI incidence,2026-09-27,2,ES,quantile,0.45,11.836199029916754
2026-09-23,ILI incidence,2026-09-27,2,ES,quantile,0.5,12.193728582939793
2026-09-23,ILI incidence,2026-09-27,2,ES,quantile,0.35,11.100912080376888
2026-09-23,ILI incidence,2026-09-27,2,ES,quantile,0.975,19.259835917195407
2026-09-23,ILI incidence,2026-09-27,2,ES,quantile,0.7,13.799959313927133
2026-09-23,ILI incidence,2026-09-27,2,ES,quantile,0.99,20.899003532750076
2026-09-23,ILI incidence,2026-09-27,2,ES,quantile,0.75,14.286141982649406
2026-09-23,ILI incidence,2026-09-27,2,ES,quantile,0.9,16.450019705378274
2026-09-23,ILI incidence,2026-09-27,2,ES,quantile,0.8,14.891396541184886
2026-09-23,ILI incidence,2026-09-27,2,ES,quantile,0.95,17.916939625399035
2026-09-23,ILI incidence,2026-09-27,2,ES,quantile,0.85,15.552898368627009
2026-09-23,ILI incidence,2026-09-27,2,ES,quantile,0.55,12.564703895300717
2026-09-23,ILI incidence,2026-09-27,2,ES,quantile,0.65,13.340588552022222
2026-09-23,ILI incidence,2026-09-27,2,ES,quantile,0.6,12.954285245279909
2026-09-23,ILI incidence,2026-09-27,2,ES,quantile,0.4,11.488729089598106
2026-09-23,ILI incidence,2026-09-27,2,ES,median,NA,12.193728582939793
2026-09-23,ILI incidence,2026-10-04,3,ES,quantile,0.05,9.573025498881792
2026-09-23,ILI incidence,2026-10-04,3,ES,quantile,0.4,11.7127869965224
2026-09-23,ILI incidence,2026-10-04,3,ES,quantile,0.35,11.488948614873944
2026-09-23,ILI incidence,2026-10-04,3,ES,quantile,0.3,11.251660457051202
2026-09-23,ILI incidence,2026-10-04,3,ES,quantile,0.25,11.029911634910782
2026-09-23,ILI incidence,2026-10-04,3,ES,quantile,0.15,10.453579308184608
2026-09-23,ILI incidence,2026-10-04,3,ES,quantile,0.2,10.749232151962833
2026-09-23,ILI incidence,2026-10-04,3,ES,quantile,0.1,10.080679110175089
2026-09-23,ILI incidence,2026-10-04,3,ES,quantile,0.025,9.118284033416147
2026-09-23,ILI incidence,2026-10-04,3,ES,quantile,0.45,11.936683381392667
2026-09-23,ILI incidence,2026-10-04,3,ES,quantile,0.01,8.681860830920911
2026-09-23,ILI incidence,2026-10-04,3,ES,quantile,0.5,12.140557651005317
2026-09-23,ILI incidence,2026-10-04,3,ES,quantile,0.55,12.36814827340078
2026-09-23,ILI incidence,2026-10-04,3,ES,quantile,0.6,12.595892144492952
2026-09-23,ILI incidence,2026-10-04,3,ES,quantile,0.8,13.715510266081084
2026-09-23,ILI incidence,2026-10-04,3,ES,quantile,0.85,14.147255322389087
2026-09-23,ILI incidence,2026-10-04,3,ES,quantile,0.75,13.393136066968829
2026-09-23,ILI incidence,2026-10-04,3,ES,quantile,0.65,12.835257604136048
2026-09-23,ILI incidence,2026-10-04,3,ES,quantile,0.7,13.093377302818984
2026-09-23,ILI incidence,2026-10-04,3,ES,quantile,0.9,14.670883180731424
2026-09-23,ILI incidence,2026-10-04,3,ES,quantile,0.95,15.491629036903763
2026-09-23,ILI incidence,2026-10-04,3,ES,quantile,0.975,16.19972078033662
2026-09-23,ILI incidence,2026-10-04,3,ES,quantile,0.99,17.04931105483167
2026-09-23,ILI incidence,2026-10-04,3,ES,median,NA,12.140557651005317
2026-09-23,ILI incidence,2026-10-11,4,ES,quantile,0.05,7.596946867230249
2026-09-23,ILI incidence,2026-10-11,4,ES,quantile,0.025,6.704212271832312
2026-09-23,ILI incidence,2026-10-11,4,ES,quantile,0.01,5.8542747319054955
2026-09-23,ILI incidence,2026-10-11,4,ES,quantile,0.7,16.466856957405184
2026-09-23,ILI incidence,2026-10-11,4,ES,quantile,0.975,27.9068113303733
2026-09-23,ILI incidence,2026-10-11,4,ES,quantile,0.65,15.687831135060504
2026-09-23,ILI incidence,2026-10-11,4,ES,quantile,0.75,17.400199575655577
2026-09-23,ILI incidence,2026-10-11,4,ES,quantile,0.99,31.745725780152817
2026-09-23,ILI incidence,2026-10-11,4,ES,quantile,0.45,13.006377111976636
2026-09-23,ILI incidence,2026-10-11,4,ES,quantile,0.95,24.738483836673183
2026-09-23,ILI incidence,2026-10-11,4,ES,quantile,0.1,8.604098376961423
2026-09-23,ILI incidence,2026-10-11,4,ES,quantile,0.6,14.9345530531236
2026-09-23,ILI incidence,2026-10-11,4,ES,quantile,0.9,21.70895792038173
2026-09-23,ILI incidence,2026-10-11,4,ES,quantile,0.85,19.7279107447719
2026-09-23,ILI incidence,2026-10-11,4,ES,quantile,0.55,14.287393653087374
2026-09-23,ILI incidence,2026-10-11,4,ES,quantile,0.5,13.638670158730095
2026-09-23,ILI incidence,2026-10-11,4,ES,quantile,0.3,11.220215070570228
2026-09-23,ILI incidence,2026-10-11,4,ES,quantile,0.4,12.430782273369129
2026-09-23,ILI incidence,2026-10-11,4,ES,quantile,0.8,18.47878397319213
2026-09-23,ILI incidence,2026-10-11,4,ES,quantile,0.15,9.368403095171352
2026-09-23,ILI incidence,2026-10-11,4,ES,quantile,0.35,11.853373389652331
2026-09-23,ILI incidence,2026-10-11,4,ES,quantile,0.2,10.025005814991047
2026-09-23,ILI incidence,2026-10-11,4,ES,quantile,0.25,10.599140498425747
2026-09-23,ILI incidence,2026-10-11,4,ES,median,NA,13.638670158730095
2026-09-23,ILI incidence,2026-09-20,1,GB-WLS,quantile,0.01,1.2895423456227022
2026-09-23,ILI incidence,2026-09-20,1,GB-WLS,quantile,0.025,1.3778453889094957
2026-09-23,ILI incidence,2026-09-20,1,GB-WLS,quantile,0.05,1.4707528345520249
2026-09-23,ILI incidence,2026-09-20,1,GB-WLS,quantile,0.1,1.5765617614096368
2026-09-23,ILI incidence,2026-09-20,1,GB-WLS,quantile,0.15,1.6521946385100892
2026-09-23,ILI incidence,2026-09-20,1,GB-WLS,quantile,0.2,1.714302618695082
2026-09-23,ILI incidence,2026-09-20,1,GB-WLS,quantile,0.25,1.769120040997857
2026-09-23,ILI incidence,2026-09-20,1,GB-WLS,quantile,0.3,1.8179739726253985
2026-09-23,ILI incidence,2026-09-20,1,GB-WLS,quantile,0.35,1.864312813665582
2026-09-23,ILI incidence,2026-09-20,1,GB-WLS,quantile,0.4,1.9143141553730716
2026-09-23,ILI incidence,2026-09-20,1,GB-WLS,quantile,0.45,1.963763058669595
2026-09-23,ILI incidence,2026-09-20,1,GB-WLS,quantile,0.5,2.0125015964030455
2026-09-23,ILI incidence,2026-09-20,1,GB-WLS,quantile,0.55,2.0615567435089317
2026-09-23,ILI incidence,2026-09-20,1,GB-WLS,quantile,0.6,2.113904480243944
2026-09-23,ILI incidence,2026-09-20,1,GB-WLS,quantile,0.65,2.168286862559029
2026-09-23,ILI incidence,2026-09-20,1,GB-WLS,quantile,0.7,2.223001776883991
2026-09-23,ILI incidence,2026-09-20,1,GB-WLS,quantile,0.75,2.2927213207963923
2026-09-23,ILI incidence,2026-09-20,1,GB-WLS,quantile,0.8,2.3729261221806164
2026-09-23,ILI incidence,2026-09-20,1,GB-WLS,quantile,0.85,2.4615826980340008
2026-09-23,ILI incidence,2026-09-20,1,GB-WLS,quantile,0.9,2.5892834229642245
2026-09-23,ILI incidence,2026-09-20,1,GB-WLS,quantile,0.95,2.7878024375322323
2026-09-23,ILI incidence,2026-09-20,1,GB-WLS,quantile,0.975,2.959682623419984
2026-09-23,ILI incidence,2026-09-20,1,GB-WLS,quantile,0.99,3.1707669316898643
2026-09-23,ILI incidence,2026-09-20,1,GB-WLS,median,NA,2.0125015964030455
2026-09-23,ILI incidence,2026-09-27,2,GB-WLS,quantile,0.01,0.09432022458426562
2026-09-23,ILI incidence,2026-09-27,2,GB-WLS,quantile,0.025,0.13509501398512305
2026-09-23,ILI incidence,2026-09-27,2,GB-WLS,quantile,0.05,0.1870545646379684
2026-09-23,ILI incidence,2026-09-27,2,GB-WLS,quantile,0.1,0.2627804261846545
2026-09-23,ILI incidence,2026-09-27,2,GB-WLS,quantile,0.15,0.33864937638008913
2026-09-23,ILI incidence,2026-09-27,2,GB-WLS,quantile,0.2,0.4089041636217507
2026-09-23,ILI incidence,2026-09-27,2,GB-WLS,quantile,0.25,0.4854849303533066
2026-09-23,ILI incidence,2026-09-27,2,GB-WLS,quantile,0.3,0.5610199168619769
2026-09-23,ILI incidence,2026-09-27,2,GB-WLS,quantile,0.35,0.6464586405328397
2026-09-23,ILI incidence,2026-09-27,2,GB-WLS,quantile,0.4,0.7411325312939407
2026-09-23,ILI incidence,2026-09-27,2,GB-WLS,quantile,0.45,0.8379277481810424
2026-09-23,ILI incidence,2026-09-27,2,GB-WLS,quantile,0.5,0.9470334122254802
2026-09-23,ILI incidence,2026-09-27,2,GB-WLS,quantile,0.55,1.0766781399674747
2026-09-23,ILI incidence,2026-09-27,2,GB-WLS,quantile,0.6,1.229288251588348
2026-09-23,ILI incidence,2026-09-27,2,GB-WLS,quantile,0.65,1.3936312503925634
2026-09-23,ILI incidence,2026-09-27,2,GB-WLS,quantile,0.7,1.6029965255974301
2026-09-23,ILI incidence,2026-09-27,2,GB-WLS,quantile,0.75,1.874938947207816
2026-09-23,ILI incidence,2026-09-27,2,GB-WLS,quantile,0.8,2.211666109462963
2026-09-23,ILI incidence,2026-09-27,2,GB-WLS,quantile,0.85,2.663520069115982
2026-09-23,ILI incidence,2026-09-27,2,GB-WLS,quantile,0.9,3.42972392806032
2026-09-23,ILI incidence,2026-09-27,2,GB-WLS,quantile,0.95,4.84460985202338
2026-09-23,ILI incidence,2026-09-27,2,GB-WLS,quantile,0.975,6.464577486711604
2026-09-23,ILI incidence,2026-09-27,2,GB-WLS,quantile,0.99,9.280943162263
2026-09-23,ILI incidence,2026-09-27,2,GB-WLS,median,NA,0.9470334122254802
2026-09-23,ILI incidence,2026-10-04,3,GB-WLS,quantile,0.35,2.149929786004887
2026-09-23,ILI incidence,2026-10-04,3,GB-WLS,quantile,0.8,3.79680598726536
2026-09-23,ILI incidence,2026-10-04,3,GB-WLS,quantile,0.75,3.5198301773100424
2026-09-23,ILI incidence,2026-10-04,3,GB-WLS,quantile,0.5,2.5739619361760493
2026-09-23,ILI incidence,2026-10-04,3,GB-WLS,quantile,0.975,6.363944638841051
2026-09-23,ILI incidence,2026-10-04,3,GB-WLS,quantile,0.99,7.504320276619292
2026-09-23,ILI incidence,2026-10-04,3,GB-WLS,quantile,0.4,2.297609163278651
2026-09-23,ILI incidence,2026-10-04,3,GB-WLS,quantile,0.55,2.729333355462487
2026-09-23,ILI incidence,2026-10-04,3,GB-WLS,quantile,0.6,2.9010532818773327
2026-09-23,ILI incidence,2026-10-04,3,GB-WLS,quantile,0.65,3.0686209027862583
2026-09-23,ILI incidence,2026-10-04,3,GB-WLS,quantile,0.45,2.4289034678836376
2026-09-23,ILI incidence,2026-10-04,3,GB-WLS,quantile,0.85,4.146888153760679
2026-09-23,ILI incidence,2026-10-04,3,GB-WLS,quantile,0.3,2.0151275029981472
2026-09-23,ILI incidence,2026-10-04,3,GB-WLS,quantile,0.25,1.8922548612125225
2026-09-23,ILI incidence,2026-10-04,3,GB-WLS,quantile,0.9,4.661801525079244
2026-09-23,ILI incidence,2026-10-04,3,GB-WLS,quantile,0.7,3.2660784389515367
2026-09-23,ILI incidence,2026-10-04,3,GB-WLS,quantile,0.95,5.468837360510684
2026-09-23,ILI incidence,2026-10-04,3,GB-WLS,quantile,0.025,1.043258962843576
2026-09-23,ILI incidence,2026-10-04,3,GB-WLS,quantile,0.1,1.419708453952075
2026-09-23,ILI incidence,2026-10-04,3,GB-WLS,quantile,0.2,1.7429707755935415
2026-09-23,ILI incidence,2026-10-04,3,GB-WLS,quantile,0.05,1.2070392791429778
2026-09-23,ILI incidence,2026-10-04,3,GB-WLS,quantile,0.15,1.5849722287437225
2026-09-23,ILI incidence,2026-10-04,3,GB-WLS,quantile,0.01,0.8808163360223759
2026-09-23,ILI incidence,2026-10-04,3,GB-WLS,median,NA,2.5739619361760493
2026-09-23,ILI incidence,2026-10-11,4,GB-WLS,quantile,0.025,1.0483956076673606
2026-09-23,ILI incidence,2026-10-11,4,GB-WLS,quantile,0.05,1.1822666722242257
2026-09-23,ILI incidence,2026-10-11,4,GB-WLS,quantile,0.01,0.8864053367662315
2026-09-23,ILI incidence,2026-10-11,4,GB-WLS,quantile,0.3,1.8882066677062048
2026-09-23,ILI incidence,2026-10-11,4,GB-WLS,quantile,0.5,2.3380792184380654
2026-09-23,ILI incidence,2026-10-11,4,GB-WLS,quantile,0.1,1.3791904715380865
2026-09-23,ILI incidence,2026-10-11,4,GB-WLS,quantile,0.15,1.5312190089238815
2026-09-23,ILI incidence,2026-10-11,4,GB-WLS,quantile,0.2,1.6514552957285609
2026-09-23,ILI incidence,2026-10-11,4,GB-WLS,quantile,0.25,1.770957602464179
2026-09-23,ILI incidence,2026-10-11,4,GB-WLS,quantile,0.35,2.0024125426536012
2026-09-23,ILI incidence,2026-10-11,4,GB-WLS,quantile,0.4,2.1082697136007473
2026-09-23,ILI incidence,2026-10-11,4,GB-WLS,quantile,0.45,2.2204123365049973
2026-09-23,ILI incidence,2026-10-11,4,GB-WLS,quantile,0.55,2.463961799270953
2026-09-23,ILI incidence,2026-10-11,4,GB-WLS,quantile,0.6,2.596540492535625
2026-09-23,ILI incidence,2026-10-11,4,GB-WLS,quantile,0.65,2.7288803662483896
2026-09-23,ILI incidence,2026-10-11,4,GB-WLS,quantile,0.7,2.889217880795952
2026-09-23,ILI incidence,2026-10-11,4,GB-WLS,quantile,0.75,3.064202357409779
2026-09-23,ILI incidence,2026-10-11,4,GB-WLS,quantile,0.8,3.2636053582280793
2026-09-23,ILI incidence,2026-10-11,4,GB-WLS,quantile,0.975,5.172819147394748
2026-09-23,ILI incidence,2026-10-11,4,GB-WLS,quantile,0.99,6.006444906750883
2026-09-23,ILI incidence,2026-10-11,4,GB-WLS,quantile,0.85,3.5562164529661486
2026-09-23,ILI incidence,2026-10-11,4,GB-WLS,quantile,0.9,3.94384482446424
2026-09-23,ILI incidence,2026-10-11,4,GB-WLS,quantile,0.95,4.588513174976099
2026-09-23,ILI incidence,2026-10-11,4,GB-WLS,median,NA,2.3380792184380654
2026-09-23,ILI incidence,2026-09-20,1,GR,quantile,0.4,238.55508872609255
2026-09-23,ILI incidence,2026-09-20,1,GR,quantile,0.45,242.89949785468593
2026-09-23,ILI incidence,2026-09-20,1,GR,quantile,0.01,178.96822343194935
2026-09-23,ILI incidence,2026-09-20,1,GR,quantile,0.9,296.233576417942
2026-09-23,ILI incidence,2026-09-20,1,GR,quantile,0.35,234.2403835378236
2026-09-23,ILI incidence,2026-09-20,1,GR,quantile,0.3,229.60284324480415
2026-09-23,ILI incidence,2026-09-20,1,GR,quantile,0.55,251.50873511021624
2026-09-23,ILI incidence,2026-09-20,1,GR,quantile,0.05,196.3338547565747
2026-09-23,ILI incidence,2026-09-20,1,GR,quantile,0.1,206.69957876367727
2026-09-23,ILI incidence,2026-09-20,1,GR,quantile,0.5,247.2329938783394
2026-09-23,ILI incidence,2026-09-20,1,GR,quantile,0.95,311.7585598569631
2026-09-23,ILI incidence,2026-09-20,1,GR,quantile,0.025,187.3142688006048
2026-09-23,ILI incidence,2026-09-20,1,GR,quantile,0.6,256.01915222234265
2026-09-23,ILI incidence,2026-09-20,1,GR,quantile,0.65,261.0356982220494
2026-09-23,ILI incidence,2026-09-20,1,GR,quantile,0.75,272.277977497724
2026-09-23,ILI incidence,2026-09-20,1,GR,quantile,0.975,326.1518265172872
2026-09-23,ILI incidence,2026-09-20,1,GR,quantile,0.99,342.1383499118259
2026-09-23,ILI incidence,2026-09-20,1,GR,quantile,0.15,213.92171992755652
2026-09-23,ILI incidence,2026-09-20,1,GR,quantile,0.25,224.83327460583143
2026-09-23,ILI incidence,2026-09-20,1,GR,quantile,0.7,266.31213015747704
2026-09-23,ILI incidence,2026-09-20,1,GR,quantile,0.2,220.06155516752528
2026-09-23,ILI incidence,2026-09-20,1,GR,quantile,0.85,285.88328234270455
2026-09-23,ILI incidence,2026-09-20,1,GR,quantile,0.8,278.476765677944
2026-09-23,ILI incidence,2026-09-20,1,GR,median,NA,247.2329938783394
2026-09-23,ILI incidence,2026-09-27,2,GR,quantile,0.2,229.47897007118107
2026-09-23,ILI incidence,2026-09-27,2,GR,quantile,0.25,232.54192913705663
2026-09-23,ILI incidence,2026-09-27,2,GR,quantile,0.1,222.0124999995557
2026-09-23,ILI incidence,2026-09-27,2,GR,quantile,0.01,204.7652416788463
2026-09-23,ILI incidence,2026-09-27,2,GR,quantile,0.025,210.81224599719812
2026-09-23,ILI incidence,2026-09-27,2,GR,quantile,0.05,215.9308947280152
2026-09-23,ILI incidence,2026-09-27,2,GR,quantile,0.15,225.98323030514217
2026-09-23,ILI incidence,2026-09-27,2,GR,quantile,0.95,279.3082702987866
2026-09-23,ILI incidence,2026-09-27,2,GR,quantile,0.3,235.3451278383008
2026-09-23,ILI incidence,2026-09-27,2,GR,quantile,0.9,271.67128117591227
2026-09-23,ILI incidence,2026-09-27,2,GR,quantile,0.975,286.6545732552583
2026-09-23,ILI incidence,2026-09-27,2,GR,quantile,0.99,295.98380922913674
2026-09-23,ILI incidence,2026-09-27,2,GR,quantile,0.75,259.08305911874004
2026-09-23,ILI incidence,2026-09-27,2,GR,quantile,0.8,262.54153946383934
2026-09-23,ILI incidence,2026-09-27,2,GR,quantile,0.85,266.4895430210898
2026-09-23,ILI incidence,2026-09-27,2,GR,quantile,0.35,238.00781534981175
2026-09-23,ILI incidence,2026-09-27,2,GR,quantile,0.6,250.66909647004832
2026-09-23,ILI incidence,2026-09-27,2,GR,quantile,0.65,253.3095168065767
2026-09-23,ILI incidence,2026-09-27,2,GR,quantile,0.7,255.89958274891308
2026-09-23,ILI incidence,2026-09-27,2,GR,quantile,0.5,245.71223024739984
2026-09-23,ILI incidence,2026-09-27,2,GR,quantile,0.45,243.08354633354085
2026-09-23,ILI incidence,2026-09-27,2,GR,quantile,0.55,248.13806508140556
2026-09-23,ILI incidence,2026-09-27,2,GR,quantile,0.4,240.6680508939446
2026-09-23,ILI incidence,2026-09-27,2,GR,median,NA,245.71223024739984
2026-09-23,ILI incidence,2026-10-04,3,GR,quantile,0.15,226.02048412564
2026-09-23,ILI incidence,2026-10-04,3,GR,quantile,0.2,230.819747636631
2026-09-23,ILI incidence,2026-10-04,3,GR,quantile,0.25,234.8276177315168
2026-09-23,ILI incidence,2026-10-04,3,GR,quantile,0.1,220.57183518893095
2026-09-23,ILI incidence,2026-10-04,3,GR,quantile,0.01,198.8853648831145
2026-09-23,ILI incidence,2026-10-04,3,GR,quantile,0.025,206.4512715760108
2026-09-23,ILI incidence,2026-10-04,3,GR,quantile,0.05,212.3334216673881
2026-09-23,ILI incidence,2026-10-04,3,GR,quantile,0.3,238.16942401483567
2026-09-23,ILI incidence,2026-10-04,3,GR,quantile,0.99,320.47010576253666
2026-09-23,ILI incidence,2026-10-04,3,GR,quantile,0.85,280.1020776619929
2026-09-23,ILI incidence,2026-10-04,3,GR,quantile,0.975,308.5601705899658
2026-09-23,ILI incidence,2026-10-04,3,GR,quantile,0.6,258.1556505914392
2026-09-23,ILI incidence,2026-10-04,3,GR,quantile,0.8,273.99394714174184
2026-09-23,ILI incidence,2026-10-04,3,GR,quantile,0.9,287.81618421091025
2026-09-23,ILI incidence,2026-10-04,3,GR,quantile,0.95,298.3600519605541
2026-09-23,ILI incidence,2026-10-04,3,GR,quantile,0.65,261.73926639748964
2026-09-23,ILI incidence,2026-10-04,3,GR,quantile,0.75,269.5666478445779
2026-09-23,ILI incidence,2026-10-04,3,GR,quantile,0.7,265.6380611487243
2026-09-23,ILI incidence,2026-10-04,3,GR,quantile,0.5,251.23747957913173
2026-09-23,ILI incidence,2026-10-04,3,GR,quantile,0.55,254.5487257992777
2026-09-23,ILI incidence,2026-10-04,3,GR,quantile,0.45,247.9652047799789
2026-09-23,ILI incidence,2026-10-04,3,GR,quantile,0.35,241.5469098405123
2026-09-23,ILI incidence,2026-10-04,3,GR,quantile,0.4,244.7606185877432
2026-09-23,ILI incidence,2026-10-04,3,GR,median,NA,251.23747957913173
2026-09-23,ILI incidence,2026-10-11,4,GR,quantile,0.15,251.92701521951295
2026-09-23,ILI incidence,2026-10-11,4,GR,quantile,0.01,230.9351701996182
2026-09-23,ILI incidence,2026-10-11,4,GR,quantile,0.1,247.96537048858616
2026-09-23,ILI incidence,2026-10-11,4,GR,quantile,0.05,242.26411740281952
2026-09-23,ILI incidence,2026-10-11,4,GR,quantile,0.025,237.34704633102325
2026-09-23,ILI incidence,2026-10-11,4,GR,quantile,0.9,293.8222441674004
2026-09-23,ILI incidence,2026-10-11,4,GR,quantile,0.99,317.0749612834775
2026-09-23,ILI incidence,2026-10-11,4,GR,quantile,0.95,300.7056213075804
2026-09-23,ILI incidence,2026-10-11,4,GR,quantile,0.85,289.15642831837926
2026-09-23,ILI incidence,2026-10-11,4,GR,quantile,0.75,282.5359896745899
2026-09-23,ILI incidence,2026-10-11,4,GR,quantile,0.8,285.49361346841215
2026-09-23,ILI incidence,2026-10-11,4,GR,quantile,0.65,277.08651516136814
2026-09-23,ILI incidence,2026-10-11,4,GR,quantile,0.975,307.9081739846403
2026-09-23,ILI incidence,2026-10-11,4,GR,quantile,0.7,279.5001979076403
2026-09-23,ILI incidence,2026-10-11,4,GR,quantile,0.55,272.44743097040305
2026-09-23,ILI incidence,2026-10-11,4,GR,quantile,0.6,274.62156602410516
2026-09-23,ILI incidence,2026-10-11,4,GR,quantile,0.2,255.69875668347055
2026-09-23,ILI incidence,2026-10-11,4,GR,quantile,0.5,270.274860822839
2026-09-23,ILI incidence,2026-10-11,4,GR,quantile,0.45,267.9432375926032
2026-09-23,ILI incidence,2026-10-11,4,GR,quantile,0.25,258.3676265705826
2026-09-23,ILI incidence,2026-10-11,4,GR,quantile,0.4,265.63704177800764
2026-09-23,ILI incidence,2026-10-11,4,GR,quantile,0.3,260.73831621639454
2026-09-23,ILI incidence,2026-10-11,4,GR,quantile,0.35,263.3207832429119
2026-09-23,ILI incidence,2026-10-11,4,GR,median,NA,270.274860822839
2026-09-23,ILI incidence,2026-09-20,1,HR,quantile,0.975,34.29127729805252
2026-09-23,ILI incidence,2026-09-20,1,HR,quantile,0.99,54.112892331944224
2026-09-23,ILI incidence,2026-09-20,1,HR,quantile,0.95,22.282966847522307
2026-09-23,ILI incidence,2026-09-20,1,HR,quantile,0.9,13.65255909178613
2026-09-23,ILI incidence,2026-09-20,1,HR,quantile,0.5,2.647695768775699
2026-09-23,ILI incidence,2026-09-20,1,HR,quantile,0.55,3.0923812088016516
2026-09-23,ILI incidence,2026-09-20,1,HR,quantile,0.6,3.659140393947051
2026-09-23,ILI incidence,2026-09-20,1,HR,quantile,0.85,9.880181310464884
2026-09-23,ILI incidence,2026-09-20,1,HR,quantile,0.4,1.925956912771
2026-09-23,ILI incidence,2026-09-20,1,HR,quantile,0.8,7.845578266548558
2026-09-23,ILI incidence,2026-09-20,1,HR,quantile,0.75,6.24927894372218
2026-09-23,ILI incidence,2026-09-20,1,HR,quantile,0.7,5.213426922669395
2026-09-23,ILI incidence,2026-09-20,1,HR,quantile,0.45,2.25357537241421
2026-09-23,ILI incidence,2026-09-20,1,HR,quantile,0.65,4.342994064952768
2026-09-23,ILI incidence,2026-09-20,1,HR,quantile,0.35,1.6297304490805915
2026-09-23,ILI incidence,2026-09-20,1,HR,quantile,0.3,1.3674864791564194
2026-09-23,ILI incidence,2026-09-20,1,HR,quantile,0.25,1.1138560838595035
2026-09-23,ILI incidence,2026-09-20,1,HR,quantile,0.1,0.4830816399405981
2026-09-23,ILI incidence,2026-09-20,1,HR,quantile,0.05,0.29546705275850527
2026-09-23,ILI incidence,2026-09-20,1,HR,quantile,0.01,0.12836749443209583
2026-09-23,ILI incidence,2026-09-20,1,HR,quantile,0.025,0.18967199658128228
2026-09-23,ILI incidence,2026-09-20,1,HR,quantile,0.2,0.8908815732666207
2026-09-23,ILI incidence,2026-09-20,1,HR,quantile,0.15,0.6942356186098436
2026-09-23,ILI incidence,2026-09-20,1,HR,median,NA,2.647695768775699
2026-09-23,ILI incidence,2026-09-27,2,HR,quantile,0.9,24.94594649976717
2026-09-23,ILI incidence,2026-09-27,2,HR,quantile,0.975,64.55772496209666
2026-09-23,ILI incidence,2026-09-27,2,HR,quantile,0.75,10.47605417903854
2026-09-23,ILI incidence,2026-09-27,2,HR,quantile,0.8,13.240508321805546
2026-09-23,ILI incidence,2026-09-27,2,HR,quantile,0.85,17.379036351355598
2026-09-23,ILI incidence,2026-09-27,2,HR,quantile,0.95,41.278220511759905
2026-09-23,ILI incidence,2026-09-27,2,HR,quantile,0.7,8.487011289985507
2026-09-23,ILI incidence,2026-09-27,2,HR,quantile,0.6,5.716650362017813
2026-09-23,ILI incidence,2026-09-27,2,HR,quantile,0.55,4.734720872727069
2026-09-23,ILI incidence,2026-09-27,2,HR,quantile,0.65,6.866696385213568
2026-09-23,ILI incidence,2026-09-27,2,HR,quantile,0.01,0.13267059908013568
2026-09-23,ILI incidence,2026-09-27,2,HR,quantile,0.025,0.22504120906455893
2026-09-23,ILI incidence,2026-09-27,2,HR,quantile,0.99,113.46756331107586
2026-09-23,ILI incidence,2026-09-27,2,HR,quantile,0.5,3.9566679004218734
2026-09-23,ILI incidence,2026-09-27,2,HR,quantile,0.15,0.905780883257444
2026-09-23,ILI incidence,2026-09-27,2,HR,quantile,0.05,0.35978312996949696
2026-09-23,ILI incidence,2026-09-27,2,HR,quantile,0.1,0.6284981048585301
2026-09-23,ILI incidence,2026-09-27,2,HR,quantile,0.2,1.1801052458066563
2026-09-23,ILI incidence,2026-09-27,2,HR,quantile,0.45,3.2799003262591633
2026-09-23,ILI incidence,2026-09-27,2,HR,quantile,0.25,1.503481431712759
2026-09-23,ILI incidence,2026-09-27,2,HR,quantile,0.4,2.715506635392791
2026-09-23,ILI incidence,2026-09-27,2,HR,quantile,0.3,1.839978006583849
2026-09-23,ILI incidence,2026-09-27,2,HR,quantile,0.35,2.2295441939312965
2026-09-23,ILI incidence,2026-09-27,2,HR,median,NA,3.9566679004218734
2026-09-23,ILI incidence,2026-10-04,3,HR,quantile,0.45,6.43370754192848
2026-09-23,ILI incidence,2026-10-04,3,HR,quantile,0.5,7.988613341262871
2026-09-23,ILI incidence,2026-10-04,3,HR,quantile,0.4,5.213510480162427
2026-09-23,ILI incidence,2026-10-04,3,HR,quantile,0.35,4.1444828516776795
2026-09-23,ILI incidence,2026-10-04,3,HR,quantile,0.65,14.91093523242708
2026-09-23,ILI incidence,2026-10-04,3,HR,quantile,0.2,1.993659202167636
2026-09-23,ILI incidence,2026-10-04,3,HR,quantile,0.25,2.630908185772012
2026-09-23,ILI incidence,2026-10-04,3,HR,quantile,0.3,3.320397516596617
2026-09-23,ILI incidence,2026-10-04,3,HR,quantile,0.55,9.738071426512724
2026-09-23,ILI incidence,2026-10-04,3,HR,quantile,0.15,1.425454342964403
2026-09-23,ILI incidence,2026-10-04,3,HR,quantile,0.6,12.125658498302831
2026-09-23,ILI incidence,2026-10-04,3,HR,quantile,0.1,0.9419801398096396
2026-09-23,ILI incidence,2026-10-04,3,HR,quantile,0.05,0.5021740684008938
2026-09-23,ILI incidence,2026-10-04,3,HR,quantile,0.025,0.28959499372932906
2026-09-23,ILI incidence,2026-10-04,3,HR,quantile,0.01,0.15425586902170588
2026-09-23,ILI incidence,2026-10-04,3,HR,quantile,0.7,19.008538012704143
2026-09-23,ILI incidence,2026-10-04,3,HR,quantile,0.95,116.55668784075006
2026-09-23,ILI incidence,2026-10-04,3,HR,quantile,0.75,24.316550665814592
2026-09-23,ILI incidence,2026-10-04,3,HR,quantile,0.975,206.35430999358977
2026-09-23,ILI incidence,2026-10-04,3,HR,quantile,0.99,389.11467309207063
2026-09-23,ILI incidence,2026-10-04,3,HR,quantile,0.85,43.6536037997743
2026-09-23,ILI incidence,2026-10-04,3,HR,quantile,0.9,64.65741099460192
2026-09-23,ILI incidence,2026-10-04,3,HR,quantile,0.8,32.45759521487543
2026-09-23,ILI incidence,2026-10-04,3,HR,median,NA,7.988613341262871
2026-09-23,ILI incidence,2026-10-11,4,HR,quantile,0.99,463.8572983443655
2026-09-23,ILI incidence,2026-10-11,4,HR,quantile,0.95,161.84192958244438
2026-09-23,ILI incidence,2026-10-11,4,HR,quantile,0.975,253.65320766319948
2026-09-23,ILI incidence,2026-10-11,4,HR,quantile,0.85,62.15004169522758
2026-09-23,ILI incidence,2026-10-11,4,HR,quantile,0.9,92.74545387178878
2026-09-23,ILI incidence,2026-10-11,4,HR,quantile,0.8,46.32411297567771
2026-09-23,ILI incidence,2026-10-11,4,HR,quantile,0.7,28.991775341118064
2026-09-23,ILI incidence,2026-10-11,4,HR,quantile,0.6,19.188938551034276
2026-09-23,ILI incidence,2026-10-11,4,HR,quantile,0.15,2.69976983554531
2026-09-23,ILI incidence,2026-10-11,4,HR,quantile,0.1,1.887458512727647
2026-09-23,ILI incidence,2026-10-11,4,HR,quantile,0.55,15.852186155972015
2026-09-23,ILI incidence,2026-10-11,4,HR,quantile,0.75,36.637605220082214
2026-09-23,ILI incidence,2026-10-11,4,HR,quantile,0.025,0.6421956554046674
2026-09-23,ILI incidence,2026-10-11,4,HR,quantile,0.05,1.0515336694410802
2026-09-23,ILI incidence,2026-10-11,4,HR,quantile,0.01,0.3781360190435384
2026-09-23,ILI incidence,2026-10-11,4,HR,quantile,0.5,13.214730089730107
2026-09-23,ILI incidence,2026-10-11,4,HR,quantile,0.2,3.607438091881515
2026-09-23,ILI incidence,2026-10-11,4,HR,quantile,0.65,23.365329336493662
2026-09-23,ILI incidence,2026-10-11,4,HR,quantile,0.45,10.890921911721476
2026-09-23,ILI incidence,2026-10-11,4,HR,quantile,0.4,8.929564512094949
2026-09-23,ILI incidence,2026-10-11,4,HR,quantile,0.35,7.242167067065546
2026-09-23,ILI incidence,2026-10-11,4,HR,quantile,0.25,4.631138726164727
2026-09-23,ILI incidence,2026-10-11,4,HR,quantile,0.3,5.866265885761181
2026-09-23,ILI incidence,2026-10-11,4,HR,median,NA,13.214730089730107
2026-09-23,ILI incidence,2026-09-20,1,HU,quantile,0.025,16.691792810491464
2026-09-23,ILI incidence,2026-09-20,1,HU,quantile,0.05,21.041860909036643
2026-09-23,ILI incidence,2026-09-20,1,HU,quantile,0.9,212.6517141657684
2026-09-23,ILI incidence,2026-09-20,1,HU,quantile,0.01,12.36863576967502
2026-09-23,ILI incidence,2026-09-20,1,HU,quantile,0.35,56.87722891605976
2026-09-23,ILI incidence,2026-09-20,1,HU,quantile,0.85,173.6719174258695
2026-09-23,ILI incidence,2026-09-20,1,HU,quantile,0.1,28.420949044133707
2026-09-23,ILI incidence,2026-09-20,1,HU,quantile,0.15,33.98867609548359
2026-09-23,ILI incidence,2026-09-20,1,HU,quantile,0.8,150.50103762237012
2026-09-23,ILI incidence,2026-09-20,1,HU,quantile,0.2,39.85436087835111
2026-09-23,ILI incidence,2026-09-20,1,HU,quantile,0.3,51.43190981426893
2026-09-23,ILI incidence,2026-09-20,1,HU,quantile,0.4,62.9978864146679
2026-09-23,ILI incidence,2026-09-20,1,HU,quantile,0.75,133.03771650436835
2026-09-23,ILI incidence,2026-09-20,1,HU,quantile,0.25,45.58929033605879
2026-09-23,ILI incidence,2026-09-20,1,HU,quantile,0.975,361.54675755058065
2026-09-23,ILI incidence,2026-09-20,1,HU,quantile,0.99,485.88295677289784
2026-09-23,ILI incidence,2026-09-20,1,HU,quantile,0.95,282.56862432720555
2026-09-23,ILI incidence,2026-09-20,1,HU,quantile,0.45,69.90260890251946
2026-09-23,ILI incidence,2026-09-20,1,HU,quantile,0.7,117.9083403425023
2026-09-23,ILI incidence,2026-09-20,1,HU,quantile,0.65,105.64413459922976
2026-09-23,ILI incidence,2026-09-20,1,HU,quantile,0.5,77.20478061903358
2026-09-23,ILI incidence,2026-09-20,1,HU,quantile,0.55,85.3126593517666
2026-09-23,ILI incidence,2026-09-20,1,HU,quantile,0.6,94.82186711474591
2026-09-23,ILI incidence,2026-09-20,1,HU,median,NA,77.20478061903358
2026-09-23,ILI incidence,2026-09-27,2,HU,quantile,0.7,122.64484820217363
2026-09-23,ILI incidence,2026-09-27,2,HU,quantile,0.6,102.69530058975572
2026-09-23,ILI incidence,2026-09-27,2,HU,quantile,0.65,112.49378383541892
2026-09-23,ILI incidence,2026-09-27,2,HU,quantile,0.025,25.349105750030223
2026-09-23,ILI incidence,2026-09-27,2,HU,quantile,0.1,38.60509322436973
2026-09-23,ILI incidence,2026-09-27,2,HU,quantile,0.01,19.222700458205633
2026-09-23,ILI incidence,2026-09-27,2,HU,quantile,0.15,44.92431501775995
2026-09-23,ILI incidence,2026-09-27,2,HU,quantile,0.2,50.586452882880025
2026-09-23,ILI incidence,2026-09-27,2,HU,quantile,0.25,56.63311173662629
2026-09-23,ILI incidence,2026-09-27,2,HU,quantile,0.3,62.48198787854284
2026-09-23,ILI incidence,2026-09-27,2,HU,quantile,0.05,30.939676352102875
2026-09-23,ILI incidence,2026-09-27,2,HU,quantile,0.55,94.61315483078604
2026-09-23,ILI incidence,2026-09-27,2,HU,quantile,0.9,200.2548394930776
2026-09-23,ILI incidence,2026-09-27,2,HU,quantile,0.95,255.11374737511923
2026-09-23,ILI incidence,2026-09-27,2,HU,quantile,0.975,317.82412730400335
2026-09-23,ILI incidence,2026-09-27,2,HU,quantile,0.99,404.87510028964306
2026-09-23,ILI incidence,2026-09-27,2,HU,quantile,0.4,74.76383395304188
2026-09-23,ILI incidence,2026-09-27,2,HU,quantile,0.45,80.50386363642994
2026-09-23,ILI incidence,2026-09-27,2,HU,quantile,0.5,87.2882107415652
2026-09-23,ILI incidence,2026-09-27,2,HU,quantile,0.8,149.82267192184494
2026-09-23,ILI incidence,2026-09-27,2,HU,quantile,0.85,169.6437045968924
2026-09-23,ILI incidence,2026-09-27,2,HU,quantile,0.75,134.14030673669714
2026-09-23,ILI incidence,2026-09-27,2,HU,quantile,0.35,68.65453702944438
2026-09-23,ILI incidence,2026-09-27,2,HU,median,NA,87.2882107415652
2026-09-23,ILI incidence,2026-10-04,3,HU,quantile,0.975,922.8745100473474
2026-09-23,ILI incidence,2026-10-04,3,HU,quantile,0.7,199.81488149538632
2026-09-23,ILI incidence,2026-10-04,3,HU,quantile,0.65,171.99307734728868
2026-09-23,ILI incidence,2026-10-04,3,HU,quantile,0.45,98.16694577601324
2026-09-23,ILI incidence,2026-10-04,3,HU,quantile,0.75,232.9847987698729
2026-09-23,ILI incidence,2026-10-04,3,HU,quantile,0.85,341.29087521081726
2026-09-23,ILI incidence,2026-10-04,3,HU,quantile,0.9,433.6972694463664
2026-09-23,ILI incidence,2026-10-04,3,HU,quantile,0.99,1352.6824805731749
2026-09-23,ILI incidence,2026-10-04,3,HU,quantile,0.4,85.65724523770515
2026-09-23,ILI incidence,2026-10-04,3,HU,quantile,0.55,130.10591870868762
2026-09-23,ILI incidence,2026-10-04,3,HU,quantile,0.15,38.00179462573885
2026-09-23,ILI incidence,2026-10-04,3,HU,quantile,0.8,275.3783770266518
2026-09-23,ILI incidence,2026-10-04,3,HU,quantile,0.95,663.3894145353377
2026-09-23,ILI incidence,2026-10-04,3,HU,quantile,0.5,112.55658033951286
2026-09-23,ILI incidence,2026-10-04,3,HU,quantile,0.3,63.91881971845376
2026-09-23,ILI incidence,2026-10-04,3,HU,quantile,0.6,149.9348926663973
2026-09-23,ILI incidence,2026-10-04,3,HU,quantile,0.25,55.408472018399955
2026-09-23,ILI incidence,2026-10-04,3,HU,quantile,0.35,74.23157718953198
2026-09-23,ILI incidence,2026-10-04,3,HU,quantile,0.2,46.31846180812872
2026-09-23,ILI incidence,2026-10-04,3,HU,quantile,0.05,19.877399546455703
2026-09-23,ILI incidence,2026-10-04,3,HU,quantile,0.01,9.521543908218453
2026-09-23,ILI incidence,2026-10-04,3,HU,quantile,0.1,29.096826601783775
2026-09-23,ILI incidence,2026-10-04,3,HU,quantile,0.025,14.047991170632878
2026-09-23,ILI incidence,2026-10-04,3,HU,median,NA,112.55658033951286
2026-09-23,ILI incidence,2026-10-11,4,HU,quantile,0.025,28.880259859350986
2026-09-23,ILI incidence,2026-10-11,4,HU,quantile,0.05,35.812848050341195
2026-09-23,ILI incidence,2026-10-11,4,HU,quantile,0.1,46.00187458095379
2026-09-23,ILI incidence,2026-10-11,4,HU,quantile,0.15,54.48725476762333
2026-09-23,ILI incidence,2026-10-11,4,HU,quantile,0.2,63.64114364241787
2026-09-23,ILI incidence,2026-10-11,4,HU,quantile,0.8,207.2465300950253
2026-09-23,ILI incidence,2026-10-11,4,HU,quantile,0.01,22.635826228314567
2026-09-23,ILI incidence,2026-10-11,4,HU,quantile,0.9,286.7626930780638
2026-09-23,ILI incidence,2026-10-11,4,HU,quantile,0.99,589.5358001885177
2026-09-23,ILI incidence,2026-10-11,4,HU,quantile,0.975,450.4829389616334
2026-09-23,ILI incidence,2026-10-11,4,HU,quantile,0.25,71.65998361210853
2026-09-23,ILI incidence,2026-10-11,4,HU,quantile,0.3,79.35496586993949
2026-09-23,ILI incidence,2026-10-11,4,HU,quantile,0.7,165.76819033953694
2026-09-23,ILI incidence,2026-10-11,4,HU,quantile,0.75,183.92555360614344
2026-09-23,ILI incidence,2026-10-11,4,HU,quantile,0.85,238.0683382053097
2026-09-23,ILI incidence,2026-10-11,4,HU,quantile,0.95,366.53106598108576
2026-09-23,ILI incidence,2026-10-11,4,HU,quantile,0.65,149.76802118408864
2026-09-23,ILI incidence,2026-10-11,4,HU,quantile,0.6,136.12696040001623
2026-09-23,ILI incidence,2026-10-11,4,HU,quantile,0.55,123.95454908059018
2026-09-23,ILI incidence,2026-10-11,4,HU,quantile,0.35,87.43961674244261
2026-09-23,ILI incidence,2026-10-11,4,HU,quantile,0.4,95.15983305870796
2026-09-23,ILI incidence,2026-10-11,4,HU,quantile,0.45,104.30858049500074
2026-09-23,ILI incidence,2026-10-11,4,HU,quantile,0.5,113.42541450127106
2026-09-23,ILI incidence,2026-10-11,4,HU,median,NA,113.42541450127106
2026-09-23,ILI incidence,2026-09-20,1,IE,quantile,0.1,0.8531560136853682
2026-09-23,ILI incidence,2026-09-20,1,IE,quantile,0.4,1.608238377010808
2026-09-23,ILI incidence,2026-09-20,1,IE,quantile,0.45,1.7433805532769369
2026-09-23,ILI incidence,2026-09-20,1,IE,quantile,0.025,0.5552625241537942
2026-09-23,ILI incidence,2026-09-20,1,IE,quantile,0.05,0.6787456439659996
2026-09-23,ILI incidence,2026-09-20,1,IE,quantile,0.99,7.836182918855553
2026-09-23,ILI incidence,2026-09-20,1,IE,quantile,0.975,6.384201683810501
2026-09-23,ILI incidence,2026-09-20,1,IE,quantile,0.55,2.0357503652350672
2026-09-23,ILI incidence,2026-09-20,1,IE,quantile,0.65,2.3736517290293855
2026-09-23,ILI incidence,2026-09-20,1,IE,quantile,0.95,5.094634853738098
2026-09-23,ILI incidence,2026-09-20,1,IE,quantile,0.9,4.101138797393071
2026-09-23,ILI incidence,2026-09-20,1,IE,quantile,0.7,2.5832395244627384
2026-09-23,ILI incidence,2026-09-20,1,IE,quantile,0.01,0.45272178299911386
2026-09-23,ILI incidence,2026-09-20,1,IE,quantile,0.3,1.3515285782131845
2026-09-23,ILI incidence,2026-09-20,1,IE,quantile,0.75,2.815771040215321
2026-09-23,ILI incidence,2026-09-20,1,IE,quantile,0.5,1.881350049142988
2026-09-23,ILI incidence,2026-09-20,1,IE,quantile,0.8,3.1123824491319025
2026-09-23,ILI incidence,2026-09-20,1,IE,quantile,0.85,3.4975324954540445
2026-09-23,ILI incidence,2026-09-20,1,IE,quantile,0.6,2.205320694362232
2026-09-23,ILI incidence,2026-09-20,1,IE,quantile,0.35,1.471928879619412
2026-09-23,ILI incidence,2026-09-20,1,IE,quantile,0.15,0.9924779652759236
2026-09-23,ILI incidence,2026-09-20,1,IE,quantile,0.2,1.1138275399377775
2026-09-23,ILI incidence,2026-09-20,1,IE,quantile,0.25,1.236029414819155
2026-09-23,ILI incidence,2026-09-20,1,IE,median,NA,1.881350049142988
2026-09-23,ILI incidence,2026-09-27,2,IE,quantile,0.35,1.6685632760363611
2026-09-23,ILI incidence,2026-09-27,2,IE,quantile,0.3,1.576853939937879
2026-09-23,ILI incidence,2026-09-27,2,IE,quantile,0.2,1.3961990001318445
2026-09-23,ILI incidence,2026-09-27,2,IE,quantile,0.25,1.4873831130868969
2026-09-23,ILI incidence,2026-09-27,2,IE,quantile,0.15,1.290501998686327
2026-09-23,ILI incidence,2026-09-27,2,IE,quantile,0.1,1.1675688841354657
2026-09-23,ILI incidence,2026-09-27,2,IE,quantile,0.45,1.8444998193860993
2026-09-23,ILI incidence,2026-09-27,2,IE,quantile,0.025,0.89082048667455
2026-09-23,ILI incidence,2026-09-27,2,IE,quantile,0.4,1.7538315112958234
2026-09-23,ILI incidence,2026-09-27,2,IE,quantile,0.05,1.021538990263145
2026-09-23,ILI incidence,2026-09-27,2,IE,quantile,0.01,0.7681826877301006
2026-09-23,ILI incidence,2026-09-27,2,IE,quantile,0.9,3.2357113621128324
2026-09-23,ILI incidence,2026-09-27,2,IE,quantile,0.85,2.9264606861940075
2026-09-23,ILI incidence,2026-09-27,2,IE,quantile,0.99,4.811656657301832
2026-09-23,ILI incidence,2026-09-27,2,IE,quantile,0.95,3.706760695660902
2026-09-23,ILI incidence,2026-09-27,2,IE,quantile,0.975,4.1862217035643985
2026-09-23,ILI incidence,2026-09-27,2,IE,quantile,0.5,1.9505690338339805
2026-09-23,ILI incidence,2026-09-27,2,IE,quantile,0.55,2.0462137615919
2026-09-23,ILI incidence,2026-09-27,2,IE,quantile,0.8,2.712150720758153
2026-09-23,ILI incidence,2026-09-27,2,IE,quantile,0.6,2.1512672772696257
2026-09-23,ILI incidence,2026-09-27,2,IE,quantile,0.65,2.2728538190722656
2026-09-23,ILI incidence,2026-09-27,2,IE,quantile,0.75,2.5459652107521897
2026-09-23,ILI incidence,2026-09-27,2,IE,quantile,0.7,2.399183651008952
2026-09-23,ILI incidence,2026-09-27,2,IE,median,NA,1.9505690338339805
2026-09-23,ILI incidence,2026-10-04,3,IE,quantile,0.9,3.2665629773033724
2026-09-23,ILI incidence,2026-10-04,3,IE,quantile,0.95,3.6555990592412546
2026-09-23,ILI incidence,2026-10-04,3,IE,quantile,0.6,2.3626813312235737
2026-09-23,ILI incidence,2026-10-04,3,IE,quantile,0.65,2.4590509917232657
2026-09-23,ILI incidence,2026-10-04,3,IE,quantile,0.975,4.024792790749273
2026-09-23,ILI incidence,2026-10-04,3,IE,quantile,0.8,2.848890482674148
2026-09-23,ILI incidence,2026-10-04,3,IE,quantile,0.5,2.1669737727541705
2026-09-23,ILI incidence,2026-10-04,3,IE,quantile,0.7,2.5686582897811414
2026-09-23,ILI incidence,2026-10-04,3,IE,quantile,0.4,2.0001453564341003
2026-09-23,ILI incidence,2026-10-04,3,IE,quantile,0.75,2.6872015822189046
2026-09-23,ILI incidence,2026-10-04,3,IE,quantile,0.85,3.029424574713679
2026-09-23,ILI incidence,2026-10-04,3,IE,quantile,0.45,2.0837347354158036
2026-09-23,ILI incidence,2026-10-04,3,IE,quantile,0.99,4.434347343029735
2026-09-23,ILI incidence,2026-10-04,3,IE,quantile,0.35,1.9185255853108176
2026-09-23,ILI incidence,2026-10-04,3,IE,quantile,0.025,1.1730001308886024
2026-09-23,ILI incidence,2026-10-04,3,IE,quantile,0.2,1.661644525089071
2026-09-23,ILI incidence,2026-10-04,3,IE,quantile,0.55,2.261580890813471
2026-09-23,ILI incidence,2026-10-04,3,IE,quantile,0.01,1.0479959730595214
2026-09-23,ILI incidence,2026-10-04,3,IE,quantile,0.05,1.2916933049430437
2026-09-23,ILI incidence,2026-10-04,3,IE,quantile,0.1,1.4387625702159057
2026-09-23,ILI incidence,2026-10-04,3,IE,quantile,0.3,1.8342452255081467
2026-09-23,ILI incidence,2026-10-04,3,IE,quantile,0.25,1.7527291864217407
2026-09-23,ILI incidence,2026-10-04,3,IE,quantile,0.15,1.561376430506051
2026-09-23,ILI incidence,2026-10-04,3,IE,median,NA,2.1669737727541705
2026-09-23,ILI incidence,2026-10-11,4,IE,quantile,0.15,1.7397339261625264
2026-09-23,ILI incidence,2026-10-11,4,IE,quantile,0.1,1.583233724512464
2026-09-23,ILI incidence,2026-10-11,4,IE,quantile,0.2,1.8725493404832068
2026-09-23,ILI incidence,2026-10-11,4,IE,quantile,0.025,1.2102222110695915
2026-09-23,ILI incidence,2026-10-11,4,IE,quantile,0.01,1.073743512407179
2026-09-23,ILI incidence,2026-10-11,4,IE,quantile,0.05,1.3635625370898583
2026-09-23,ILI incidence,2026-10-11,4,IE,quantile,0.25,1.997512136249297
2026-09-23,ILI incidence,2026-10-11,4,IE,quantile,0.35,2.224735837266447
2026-09-23,ILI incidence,2026-10-11,4,IE,quantile,0.4,2.3520188637344086
2026-09-23,ILI incidence,2026-10-11,4,IE,quantile,0.45,2.472166710828759
2026-09-23,ILI incidence,2026-10-11,4,IE,quantile,0.3,2.108030082474085
2026-09-23,ILI incidence,2026-10-11,4,IE,quantile,0.975,5.5319551338211985
2026-09-23,ILI incidence,2026-10-11,4,IE,quantile,0.9,4.201852676284138
2026-09-23,ILI incidence,2026-10-11,4,IE,quantile,0.5,2.5943725301387723
2026-09-23,ILI incidence,2026-10-11,4,IE,quantile,0.7,3.16149638876218
2026-09-23,ILI incidence,2026-10-11,4,IE,quantile,0.99,6.38326544786071
2026-09-23,ILI incidence,2026-10-11,4,IE,quantile,0.95,4.831906271160063
2026-09-23,ILI incidence,2026-10-11,4,IE,quantile,0.6,2.8581908451260363
2026-09-23,ILI incidence,2026-10-11,4,IE,quantile,0.65,3.0058611495773073
2026-09-23,ILI incidence,2026-10-11,4,IE,quantile,0.85,3.8190214241133784
2026-09-23,ILI incidence,2026-10-11,4,IE,quantile,0.55,2.723903027449455
2026-09-23,ILI incidence,2026-10-11,4,IE,quantile,0.8,3.566011371689025
2026-09-23,ILI incidence,2026-10-11,4,IE,quantile,0.75,3.3485541572666313
2026-09-23,ILI incidence,2026-10-11,4,IE,median,NA,2.5943725301387723
2026-09-23,ILI incidence,2026-09-20,1,IS,quantile,0.025,0.00402067589693553
2026-09-23,ILI incidence,2026-09-20,1,IS,quantile,0.05,0.00741325925922484
2026-09-23,ILI incidence,2026-09-20,1,IS,quantile,0.01,0.00173146487289422
2026-09-23,ILI incidence,2026-09-20,1,IS,quantile,0.35,0.08691149374787305
2026-09-23,ILI incidence,2026-09-20,1,IS,quantile,0.8,0.9060047965370864
2026-09-23,ILI incidence,2026-09-20,1,IS,quantile,0.95,4.254154195936834
2026-09-23,ILI incidence,2026-09-20,1,IS,quantile,0.975,7.635050465527932
2026-09-23,ILI incidence,2026-09-20,1,IS,quantile,0.9,2.2024465555270427
2026-09-23,ILI incidence,2026-09-20,1,IS,quantile,0.15,0.02471759704264805
2026-09-23,ILI incidence,2026-09-20,1,IS,quantile,0.4,0.11079738210549872
2026-09-23,ILI incidence,2026-09-20,1,IS,quantile,0.45,0.14038634812077797
2026-09-23,ILI incidence,2026-09-20,1,IS,quantile,0.5,0.1821113462611656
2026-09-23,ILI incidence,2026-09-20,1,IS,quantile,0.1,0.01501888736058653
2026-09-23,ILI incidence,2026-09-20,1,IS,quantile,0.55,0.23186352451247463
2026-09-23,ILI incidence,2026-09-20,1,IS,quantile,0.6,0.296172493313713
2026-09-23,ILI incidence,2026-09-20,1,IS,quantile,0.65,0.3827065435249628
2026-09-23,ILI incidence,2026-09-20,1,IS,quantile,0.75,0.6731837677980587
2026-09-23,ILI incidence,2026-09-20,1,IS,quantile,0.85,1.345721381166394
2026-09-23,ILI incidence,2026-09-20,1,IS,quantile,0.99,15.979906249672414
2026-09-23,ILI incidence,2026-09-20,1,IS,quantile,0.2,0.03560591440978541
2026-09-23,ILI incidence,2026-09-20,1,IS,quantile,0.7,0.5080478787267719
2026-09-23,ILI incidence,2026-09-20,1,IS,quantile,0.3,0.06668591321293929
2026-09-23,ILI incidence,2026-09-20,1,IS,quantile,0.25,0.0491528987456044
2026-09-23,ILI incidence,2026-09-20,1,IS,median,NA,0.1821113462611656
2026-09-23,ILI incidence,2026-10-04,3,IS,quantile,0.55,0.2909058542912559
2026-09-23,ILI incidence,2026-10-04,3,IS,quantile,0.7,0.3600133315988839
2026-09-23,ILI incidence,2026-10-04,3,IS,quantile,0.6,0.3117223250422777
2026-09-23,ILI incidence,2026-10-04,3,IS,quantile,0.99,0.9632447685358168
2026-09-23,ILI incidence,2026-10-04,3,IS,quantile,0.95,0.6612125721526926
2026-09-23,ILI incidence,2026-10-04,3,IS,quantile,0.9,0.5402194550926663
2026-09-23,ILI incidence,2026-10-04,3,IS,quantile,0.975,0.7890347555501428
2026-09-23,ILI incidence,2026-10-04,3,IS,quantile,0.5,0.27081055971866874
2026-09-23,ILI incidence,2026-10-04,3,IS,quantile,0.85,0.47668784551155696
2026-09-23,ILI incidence,2026-10-04,3,IS,quantile,0.75,0.3921211029781187
2026-09-23,ILI incidence,2026-10-04,3,IS,quantile,0.8,0.4299076316007071
2026-09-23,ILI incidence,2026-10-04,3,IS,quantile,0.45,0.2526913862452928
2026-09-23,ILI incidence,2026-10-04,3,IS,quantile,0.3,0.20096435353250564
2026-09-23,ILI incidence,2026-10-04,3,IS,quantile,0.4,0.2350011237186822
2026-09-23,ILI incidence,2026-10-04,3,IS,quantile,0.25,0.18378624660857384
2026-09-23,ILI incidence,2026-10-04,3,IS,quantile,0.35,0.216746408295318
2026-09-23,ILI incidence,2026-10-04,3,IS,quantile,0.65,0.3332940697297902
2026-09-23,ILI incidence,2026-10-04,3,IS,quantile,0.1,0.13131074399116344
2026-09-23,ILI incidence,2026-10-04,3,IS,quantile,0.15,0.15035231163042126
2026-09-23,ILI incidence,2026-10-04,3,IS,quantile,0.05,0.10688041786003868
2026-09-23,ILI incidence,2026-10-04,3,IS,quantile,0.025,0.0894441591262025
2026-09-23,ILI incidence,2026-10-04,3,IS,quantile,0.2,0.16747207413872145
2026-09-23,ILI incidence,2026-10-04,3,IS,quantile,0.01,0.0733590661951799
2026-09-23,ILI incidence,2026-10-04,3,IS,median,NA,0.27081055971866874
2026-09-23,ILI incidence,2026-10-11,4,IS,quantile,0.95,0.4823435569251832
2026-09-23,ILI incidence,2026-10-11,4,IS,quantile,0.55,0.24749855211810773
2026-09-23,ILI incidence,2026-10-11,4,IS,quantile,0.975,0.5560975047939747
2026-09-23,ILI incidence,2026-10-11,4,IS,quantile,0.7,0.2941429182969439
2026-09-23,ILI incidence,2026-10-11,4,IS,quantile,0.99,0.6610619667071445
2026-09-23,ILI incidence,2026-10-11,4,IS,quantile,0.85,0.3692137260552244
2026-09-23,ILI incidence,2026-10-11,4,IS,quantile,0.65,0.2777199857941416
2026-09-23,ILI incidence,2026-10-11,4,IS,quantile,0.45,0.2203961284541833
2026-09-23,ILI incidence,2026-10-11,4,IS,quantile,0.6,0.26136853550277234
2026-09-23,ILI incidence,2026-10-11,4,IS,quantile,0.5,0.2327103505777705
2026-09-23,ILI incidence,2026-10-11,4,IS,quantile,0.9,0.4108903609059795
2026-09-23,ILI incidence,2026-10-11,4,IS,quantile,0.3,0.1829863656961569
2026-09-23,ILI incidence,2026-10-11,4,IS,quantile,0.75,0.31507812072098745
2026-09-23,ILI incidence,2026-10-11,4,IS,quantile,0.8,0.33963616107047157
2026-09-23,ILI incidence,2026-10-11,4,IS,quantile,0.01,0.08003748505945993
2026-09-23,ILI incidence,2026-10-11,4,IS,quantile,0.35,0.19608440905451624
2026-09-23,ILI incidence,2026-10-11,4,IS,quantile,0.025,0.09661209659103434
2026-09-23,ILI incidence,2026-10-11,4,IS,quantile,0.4,0.2078162368960533
2026-09-23,ILI incidence,2026-10-11,4,IS,quantile,0.05,0.1116171917249707
2026-09-23,ILI incidence,2026-10-11,4,IS,quantile,0.1,0.13224528072403555
2026-09-23,ILI incidence,2026-10-11,4,IS,quantile,0.25,0.17250312935223544
2026-09-23,ILI incidence,2026-10-11,4,IS,quantile,0.2,0.1603563624093958
2026-09-23,ILI incidence,2026-10-11,4,IS,quantile,0.15,0.1479425828857756
2026-09-23,ILI incidence,2026-10-11,4,IS,median,NA,0.2327103505777705
2026-09-23,ILI incidence,2026-09-20,1,LT,quantile,0.35,2.79871823169394
2026-09-23,ILI incidence,2026-09-20,1,LT,quantile,0.4,2.9260245935614138
2026-09-23,ILI incidence,2026-09-20,1,LT,quantile,0.3,2.672629232019812
2026-09-23,ILI incidence,2026-09-20,1,LT,quantile,0.55,3.336442054343803
2026-09-23,ILI incidence,2026-09-20,1,LT,quantile,0.5,3.1971053799046407
2026-09-23,ILI incidence,2026-09-20,1,LT,quantile,0.6,3.497726994189694
2026-09-23,ILI incidence,2026-09-20,1,LT,quantile,0.975,6.2391445478697145
2026-09-23,ILI incidence,2026-09-20,1,LT,quantile,0.45,3.055033209645037
2026-09-23,ILI incidence,2026-09-20,1,LT,quantile,0.85,4.573209382759714
2026-09-23,ILI incidence,2026-09-20,1,LT,quantile,0.65,3.6687205509390353
2026-09-23,ILI incidence,2026-09-20,1,LT,quantile,0.8,4.285271398338054
2026-09-23,ILI incidence,2026-09-20,1,LT,quantile,0.25,2.527188405951743
2026-09-23,ILI incidence,2026-09-20,1,LT,quantile,0.05,1.8178153534563528
2026-09-23,ILI incidence,2026-09-20,1,LT,quantile,0.99,7.183667686909923
2026-09-23,ILI incidence,2026-09-20,1,LT,quantile,0.7,3.848141672629001
2026-09-23,ILI incidence,2026-09-20,1,LT,quantile,0.01,1.4273298046854817
2026-09-23,ILI incidence,2026-09-20,1,LT,quantile,0.2,2.3955281699006137
2026-09-23,ILI incidence,2026-09-20,1,LT,quantile,0.025,1.6252121243054822
2026-09-23,ILI incidence,2026-09-20,1,LT,quantile,0.95,5.63588935753735
2026-09-23,ILI incidence,2026-09-20,1,LT,quantile,0.9,4.986785102137705
2026-09-23,ILI incidence,2026-09-20,1,LT,quantile,0.1,2.0695864675726097
2026-09-23,ILI incidence,2026-09-20,1,LT,quantile,0.15,2.2518875743152664
2026-09-23,ILI incidence,2026-09-20,1,LT,quantile,0.75,4.042528615557472
2026-09-23,ILI incidence,2026-09-20,1,LT,median,NA,3.1971053799046407
2026-09-23,ILI incidence,2026-09-27,2,LT,quantile,0.9,5.817028005305909
2026-09-23,ILI incidence,2026-09-27,2,LT,quantile,0.99,10.45961314319558
2026-09-23,ILI incidence,2026-09-27,2,LT,quantile,0.95,7.082123433454944
2026-09-23,ILI incidence,2026-09-27,2,LT,quantile,0.975,8.572089181325671
2026-09-23,ILI incidence,2026-09-27,2,LT,quantile,0.75,4.218623056119942
2026-09-23,ILI incidence,2026-09-27,2,LT,quantile,0.8,4.605195080972113
2026-09-23,ILI incidence,2026-09-27,2,LT,quantile,0.85,5.094627812658893
2026-09-23,ILI incidence,2026-09-27,2,LT,quantile,0.55,3.143293358261448
2026-09-23,ILI incidence,2026-09-27,2,LT,quantile,0.6,3.374979905362969
2026-09-23,ILI incidence,2026-09-27,2,LT,quantile,0.7,3.8934028403430383
2026-09-23,ILI incidence,2026-09-27,2,LT,quantile,0.65,3.6105917227888
2026-09-23,ILI incidence,2026-09-27,2,LT,quantile,0.5,2.9380029046454834
2026-09-23,ILI incidence,2026-09-27,2,LT,quantile,0.3,2.197333361480175
2026-09-23,ILI incidence,2026-09-27,2,LT,quantile,0.4,2.550522816590956
2026-09-23,ILI incidence,2026-09-27,2,LT,quantile,0.45,2.7318247746370874
2026-09-23,ILI incidence,2026-09-27,2,LT,quantile,0.15,1.6629676393165955
2026-09-23,ILI incidence,2026-09-27,2,LT,quantile,0.35,2.379509275375443
2026-09-23,ILI incidence,2026-09-27,2,LT,quantile,0.1,1.4486593991851646
2026-09-23,ILI incidence,2026-09-27,2,LT,quantile,0.2,1.8501707160144936
2026-09-23,ILI incidence,2026-09-27,2,LT,quantile,0.25,2.0203341659056653
2026-09-23,ILI incidence,2026-09-27,2,LT,quantile,0.025,0.9820054253726026
2026-09-23,ILI incidence,2026-09-27,2,LT,quantile,0.01,0.8054422072257584
2026-09-23,ILI incidence,2026-09-27,2,LT,quantile,0.05,1.1758945985217657
2026-09-23,ILI incidence,2026-09-27,2,LT,median,NA,2.9380029046454834
2026-09-23,ILI incidence,2026-10-04,3,LT,quantile,0.3,3.089816779871312
2026-09-23,ILI incidence,2026-10-04,3,LT,quantile,0.35,3.471154140251248
2026-09-23,ILI incidence,2026-10-04,3,LT,quantile,0.4,3.8729702914214936
2026-09-23,ILI incidence,2026-10-04,3,LT,quantile,0.1,1.6241245522383452
2026-09-23,ILI incidence,2026-10-04,3,LT,quantile,0.15,2.0271620817227727
2026-09-23,ILI incidence,2026-10-04,3,LT,quantile,0.2,2.367101892763466
2026-09-23,ILI incidence,2026-10-04,3,LT,quantile,0.01,0.6976524603263736
2026-09-23,ILI incidence,2026-10-04,3,LT,quantile,0.025,0.944814664944348
2026-09-23,ILI incidence,2026-10-04,3,LT,quantile,0.05,1.2017816802079484
2026-09-23,ILI incidence,2026-10-04,3,LT,quantile,0.25,2.7227234683564197
2026-09-23,ILI incidence,2026-10-04,3,LT,quantile,0.45,4.338113065773655
2026-09-23,ILI incidence,2026-10-04,3,LT,quantile,0.5,4.8482599591729905
2026-09-23,ILI incidence,2026-10-04,3,LT,quantile,0.9,13.91412233921653
2026-09-23,ILI incidence,2026-10-04,3,LT,quantile,0.55,5.359454783157577
2026-09-23,ILI incidence,2026-10-04,3,LT,quantile,0.75,8.364073605922266
2026-09-23,ILI incidence,2026-10-04,3,LT,quantile,0.6,5.94095650598673
2026-09-23,ILI incidence,2026-10-04,3,LT,quantile,0.7,7.453133882916603
2026-09-23,ILI incidence,2026-10-04,3,LT,quantile,0.8,9.653518154679375
2026-09-23,ILI incidence,2026-10-04,3,LT,quantile,0.95,18.571423730729535
2026-09-23,ILI incidence,2026-10-04,3,LT,quantile,0.65,6.629721684764803
2026-09-23,ILI incidence,2026-10-04,3,LT,quantile,0.85,11.370017218698884
2026-09-23,ILI incidence,2026-10-04,3,LT,quantile,0.975,24.023464651755074
2026-09-23,ILI incidence,2026-10-04,3,LT,quantile,0.99,31.02380496806306
2026-09-23,ILI incidence,2026-10-04,3,LT,median,NA,4.8482599591729905
2026-09-23,ILI incidence,2026-10-11,4,LT,quantile,0.65,13.137180991827204
2026-09-23,ILI incidence,2026-10-11,4,LT,quantile,0.7,15.59902138468233
2026-09-23,ILI incidence,2026-10-11,4,LT,quantile,0.75,18.784435996195032
2026-09-23,ILI incidence,2026-10-11,4,LT,quantile,0.6,11.097325650178716
2026-09-23,ILI incidence,2026-10-11,4,LT,quantile,0.4,5.913987970612068
2026-09-23,ILI incidence,2026-10-11,4,LT,quantile,0.45,6.905669613328094
2026-09-23,ILI incidence,2026-10-11,4,LT,quantile,0.5,8.200716155207068
2026-09-23,ILI incidence,2026-10-11,4,LT,quantile,0.55,9.51727175911197
2026-09-23,ILI incidence,2026-10-11,4,LT,quantile,0.3,4.215637432877416
2026-09-23,ILI incidence,2026-10-11,4,LT,quantile,0.2,2.812301048465648
2026-09-23,ILI incidence,2026-10-11,4,LT,quantile,0.35,4.973055936516948
2026-09-23,ILI incidence,2026-10-11,4,LT,quantile,0.01,0.4223116272177053
2026-09-23,ILI incidence,2026-10-11,4,LT,quantile,0.1,1.5829053927527763
2026-09-23,ILI incidence,2026-10-11,4,LT,quantile,0.025,0.6671651507320787
2026-09-23,ILI incidence,2026-10-11,4,LT,quantile,0.15,2.1816325617684047
2026-09-23,ILI incidence,2026-10-11,4,LT,quantile,0.8,22.801119630267692
2026-09-23,ILI incidence,2026-10-11,4,LT,quantile,0.05,0.9826922345414552
2026-09-23,ILI incidence,2026-10-11,4,LT,quantile,0.25,3.493074810762291
2026-09-23,ILI incidence,2026-10-11,4,LT,quantile,0.85,28.903882999949168
2026-09-23,ILI incidence,2026-10-11,4,LT,quantile,0.9,38.833078587654555
2026-09-23,ILI incidence,2026-10-11,4,LT,quantile,0.95,62.392943371033866
2026-09-23,ILI incidence,2026-10-11,4,LT,quantile,0.975,91.66076894177756
2026-09-23,ILI incidence,2026-10-11,4,LT,quantile,0.99,147.1784709524884
2026-09-23,ILI incidence,2026-10-11,4,LT,median,NA,8.200716155207068
2026-09-23,ILI incidence,2026-09-27,2,LU,quantile,0.95,0.00299244837312699
2026-09-23,ILI incidence,2026-09-27,2,LU,quantile,0.975,0.00365776856372497
2026-09-23,ILI incidence,2026-09-27,2,LU,quantile,0.8,0.00182550820661193
2026-09-23,ILI incidence,2026-09-27,2,LU,quantile,0.9,0.00238018719028176
2026-09-23,ILI incidence,2026-09-27,2,LU,quantile,0.99,0.00449204360208292
2026-09-23,ILI incidence,2026-09-27,2,LU,quantile,0.65,0.00138523446651011
2026-09-23,ILI incidence,2026-09-27,2,LU,quantile,0.75,0.00164399797841422
2026-09-23,ILI incidence,2026-09-27,2,LU,quantile,0.6,0.00127394679554148
2026-09-23,ILI incidence,2026-09-27,2,LU,quantile,0.5,0.00109864054195661
2026-09-23,ILI incidence,2026-09-27,2,LU,quantile,0.7,0.00151549925074955
2026-09-23,ILI incidence,2026-09-27,2,LU,quantile,0.4,9.372481996511008e-4
2026-09-23,ILI incidence,2026-09-27,2,LU,quantile,0.55,0.00118342053631298
2026-09-23,ILI incidence,2026-09-27,2,LU,quantile,0.45,0.00100931746746793
2026-09-23,ILI incidence,2026-09-27,2,LU,quantile,0.85,0.00206660512926602
2026-09-23,ILI incidence,2026-09-27,2,LU,quantile,0.25,7.205811718733077e-4
2026-09-23,ILI incidence,2026-09-27,2,LU,quantile,0.2,6.505796509716747e-4
2026-09-23,ILI incidence,2026-09-27,2,LU,quantile,0.3,7.89586769786905e-4
2026-09-23,ILI incidence,2026-09-27,2,LU,quantile,0.35,8.626300026247353e-4
2026-09-23,ILI incidence,2026-09-27,2,LU,quantile,0.15,5.711072820756635e-4
2026-09-23,ILI incidence,2026-09-27,2,LU,quantile,0.05,3.9770225965973495e-4
2026-09-23,ILI incidence,2026-09-27,2,LU,quantile,0.1,4.913007381871444e-4
2026-09-23,ILI incidence,2026-09-27,2,LU,quantile,0.01,2.5806803206032e-4
2026-09-23,ILI incidence,2026-09-27,2,LU,quantile,0.025,3.2568663355800407e-4
2026-09-23,ILI incidence,2026-09-27,2,LU,median,NA,0.00109864054195661
2026-09-23,ILI incidence,2026-10-04,3,LU,quantile,0.3,8.029546954901475e-4
2026-09-23,ILI incidence,2026-10-04,3,LU,quantile,0.99,0.00266335965579539
2026-09-23,ILI incidence,2026-10-04,3,LU,quantile,0.025,4.272071749696648e-4
2026-09-23,ILI incidence,2026-10-04,3,LU,quantile,0.9,0.00173928183404125
2026-09-23,ILI incidence,2026-10-04,3,LU,quantile,0.95,0.00201831570903725
2026-09-23,ILI incidence,2026-10-04,3,LU,quantile,0.975,0.00231609005319584
2026-09-23,ILI incidence,2026-10-04,3,LU,quantile,0.85,0.00155060962545031
2026-09-23,ILI incidence,2026-10-04,3,LU,quantile,0.01,3.714519582049204e-4
2026-09-23,ILI incidence,2026-10-04,3,LU,quantile,0.35,8.511682930065763e-4
2026-09-23,ILI incidence,2026-10-04,3,LU,quantile,0.05,4.867495769742494e-4
2026-09-23,ILI incidence,2026-10-04,3,LU,quantile,0.1,5.758884869861273e-4
2026-09-23,ILI incidence,2026-10-04,3,LU,quantile,0.25,7.526073622899236e-4
2026-09-23,ILI incidence,2026-10-04,3,LU,quantile,0.4,8.999526466720201e-4
2026-09-23,ILI incidence,2026-10-04,3,LU,quantile,0.45,9.511537097478838e-4
2026-09-23,ILI incidence,2026-10-04,3,LU,quantile,0.5,0.00100142881033405
2026-09-23,ILI incidence,2026-10-04,3,LU,quantile,0.8,0.00143057456179314
2026-09-23,ILI incidence,2026-10-04,3,LU,quantile,0.65,0.00117385094423295
2026-09-23,ILI incidence,2026-10-04,3,LU,quantile,0.15,6.443439562488965e-4
2026-09-23,ILI incidence,2026-10-04,3,LU,quantile,0.7,0.00124422349015316
2026-09-23,ILI incidence,2026-10-04,3,LU,quantile,0.75,0.00132627760816447
2026-09-23,ILI incidence,2026-10-04,3,LU,quantile,0.6,0.00111390587494249
2026-09-23,ILI incidence,2026-10-04,3,LU,quantile,0.2,6.987934813438322e-4
2026-09-23,ILI incidence,2026-10-04,3,LU,quantile,0.55,0.0010563762149862
2026-09-23,ILI incidence,2026-10-04,3,LU,median,NA,0.00100142881033405
2026-09-23,ILI incidence,2026-09-20,1,MT,quantile,0.01,1720.5278606285524
2026-09-23,ILI incidence,2026-09-20,1,MT,quantile,0.025,2079.226199257834
2026-09-23,ILI incidence,2026-09-20,1,MT,quantile,0.8,8170.523317813245
2026-09-23,ILI incidence,2026-09-20,1,MT,quantile,0.75,7532.509548710378
2026-09-23,ILI incidence,2026-09-20,1,MT,quantile,0.05,2426.553835518656
2026-09-23,ILI incidence,2026-09-20,1,MT,quantile,0.7,7005.351394457159
2026-09-23,ILI incidence,2026-09-20,1,MT,quantile,0.85,9026.416885812923
2026-09-23,ILI incidence,2026-09-20,1,MT,quantile,0.9,10228.539828607669
2026-09-23,ILI incidence,2026-09-20,1,MT,quantile,0.1,2888.3841593016587
2026-09-23,ILI incidence,2026-09-20,1,MT,quantile,0.99,16869.3717606058
2026-09-23,ILI incidence,2026-09-20,1,MT,quantile,0.35,4503.458483634793
2026-09-23,ILI incidence,2026-09-20,1,MT,quantile,0.65,6524.126456882377
2026-09-23,ILI incidence,2026-09-20,1,MT,quantile,0.55,5757.200567362286
2026-09-23,ILI incidence,2026-09-20,1,MT,quantile,0.975,14110.873383863582
2026-09-23,ILI incidence,2026-09-20,1,MT,quantile,0.6,6115.882001931652
2026-09-23,ILI incidence,2026-09-20,1,MT,quantile,0.5,5400.994659440311
2026-09-23,ILI incidence,2026-09-20,1,MT,quantile,0.95,12182.174306871842
2026-09-23,ILI incidence,2026-09-20,1,MT,quantile,0.25,3875.225878837847
2026-09-23,ILI incidence,2026-09-20,1,MT,quantile,0.2,3577.7446131088523
2026-09-23,ILI incidence,2026-09-20,1,MT,quantile,0.4,4779.647560755788
2026-09-23,ILI incidence,2026-09-20,1,MT,quantile,0.45,5080.410129168051
2026-09-23,ILI incidence,2026-09-20,1,MT,quantile,0.3,4198.332253658409
2026-09-23,ILI incidence,2026-09-20,1,MT,quantile,0.15,3264.7002881514964
2026-09-23,ILI incidence,2026-09-20,1,MT,median,NA,5400.994659440311
2026-09-23,ILI incidence,2026-09-27,2,MT,quantile,0.1,2875.6167547494097
2026-09-23,ILI incidence,2026-09-27,2,MT,quantile,0.2,3526.6560231140647
2026-09-23,ILI incidence,2026-09-27,2,MT,quantile,0.15,3217.2415788733747
2026-09-23,ILI incidence,2026-09-27,2,MT,quantile,0.25,3795.992777222819
2026-09-23,ILI incidence,2026-09-27,2,MT,quantile,0.3,4072.2605362830145
2026-09-23,ILI incidence,2026-09-27,2,MT,quantile,0.05,2418.008837383149
2026-09-23,ILI incidence,2026-09-27,2,MT,quantile,0.025,2081.6855557893196
2026-09-23,ILI incidence,2026-09-27,2,MT,quantile,0.35,4337.172988983067
2026-09-23,ILI incidence,2026-09-27,2,MT,quantile,0.01,1753.3646087395946
2026-09-23,ILI incidence,2026-09-27,2,MT,quantile,0.45,4894.078103314286
2026-09-23,ILI incidence,2026-09-27,2,MT,quantile,0.4,4609.690103233495
2026-09-23,ILI incidence,2026-09-27,2,MT,quantile,0.5,5184.3077776249065
2026-09-23,ILI incidence,2026-09-27,2,MT,quantile,0.55,5496.871241922478
2026-09-23,ILI incidence,2026-09-27,2,MT,quantile,0.99,15293.42395049244
2026-09-23,ILI incidence,2026-09-27,2,MT,quantile,0.95,11290.313325422385
2026-09-23,ILI incidence,2026-09-27,2,MT,quantile,0.975,13150.019796087628
2026-09-23,ILI incidence,2026-09-27,2,MT,quantile,0.9,9489.279356554684
2026-09-23,ILI incidence,2026-09-27,2,MT,quantile,0.85,8465.49372063314
2026-09-23,ILI incidence,2026-09-27,2,MT,quantile,0.75,7172.2499565931
2026-09-23,ILI incidence,2026-09-27,2,MT,quantile,0.7,6666.511869321346
2026-09-23,ILI incidence,2026-09-27,2,MT,quantile,0.65,6268.79826819783
2026-09-23,ILI incidence,2026-09-27,2,MT,quantile,0.8,7742.364500429507
2026-09-23,ILI incidence,2026-09-27,2,MT,quantile,0.6,5863.013366492356
2026-09-23,ILI incidence,2026-09-27,2,MT,median,NA,5184.3077776249065
2026-09-23,ILI incidence,2026-10-04,3,MT,quantile,0.99,16987.92736898088
2026-09-23,ILI incidence,2026-10-04,3,MT,quantile,0.5,5769.264221063333
2026-09-23,ILI incidence,2026-10-04,3,MT,quantile,0.75,7715.981524365931
2026-09-23,ILI incidence,2026-10-04,3,MT,quantile,0.1,3218.750956707304
2026-09-23,ILI incidence,2026-10-04,3,MT,quantile,0.45,5458.768301540176
2026-09-23,ILI incidence,2026-10-04,3,MT,quantile,0.975,14015.901948784254
2026-09-23,ILI incidence,2026-10-04,3,MT,quantile,0.05,2716.044442935515
2026-09-23,ILI incidence,2026-10-04,3,MT,quantile,0.55,6074.767860485867
2026-09-23,ILI incidence,2026-10-04,3,MT,quantile,0.7,7230.722042067068
2026-09-23,ILI incidence,2026-10-04,3,MT,quantile,0.025,2381.5863214775272
2026-09-23,ILI incidence,2026-10-04,3,MT,quantile,0.4,5155.687237017002
2026-09-23,ILI incidence,2026-10-04,3,MT,quantile,0.65,6795.463104812403
2026-09-23,ILI incidence,2026-10-04,3,MT,quantile,0.95,12065.994563265269
2026-09-23,ILI incidence,2026-10-04,3,MT,quantile,0.01,2023.9329094568436
2026-09-23,ILI incidence,2026-10-04,3,MT,quantile,0.6,6413.761333867797
2026-09-23,ILI incidence,2026-10-04,3,MT,quantile,0.35,4846.661591630828
2026-09-23,ILI incidence,2026-10-04,3,MT,quantile,0.9,10228.647920756956
2026-09-23,ILI incidence,2026-10-04,3,MT,quantile,0.15,3595.325934786318
2026-09-23,ILI incidence,2026-10-04,3,MT,quantile,0.3,4538.262943156353
2026-09-23,ILI incidence,2026-10-04,3,MT,quantile,0.8,8326.569097443506
2026-09-23,ILI incidence,2026-10-04,3,MT,quantile,0.85,9108.860754993311
2026-09-23,ILI incidence,2026-10-04,3,MT,quantile,0.25,4241.206243869348
2026-09-23,ILI incidence,2026-10-04,3,MT,quantile,0.2,3956.651249616674
2026-09-23,ILI incidence,2026-10-04,3,MT,median,NA,5769.264221063333
2026-09-23,ILI incidence,2026-10-11,4,MT,quantile,0.65,6653.449201914729
2026-09-23,ILI incidence,2026-10-11,4,MT,quantile,0.5,5679.755213625573
2026-09-23,ILI incidence,2026-10-11,4,MT,quantile,0.45,5420.0594235504
2026-09-23,ILI incidence,2026-10-11,4,MT,quantile,0.35,4873.085364765929
2026-09-23,ILI incidence,2026-10-11,4,MT,quantile,0.55,5980.322121205442
2026-09-23,ILI incidence,2026-10-11,4,MT,quantile,0.1,3348.6240230910707
2026-09-23,ILI incidence,2026-10-11,4,MT,quantile,0.6,6310.295222990133
2026-09-23,ILI incidence,2026-10-11,4,MT,quantile,0.4,5143.57928229568
2026-09-23,ILI incidence,2026-10-11,4,MT,quantile,0.3,4599.899482893061
2026-09-23,ILI incidence,2026-10-11,4,MT,quantile,0.025,2532.493941071867
2026-09-23,ILI incidence,2026-10-11,4,MT,quantile,0.01,2241.30961416272
2026-09-23,ILI incidence,2026-10-11,4,MT,quantile,0.05,2868.77423977478
2026-09-23,ILI incidence,2026-10-11,4,MT,quantile,0.25,4335.5059762045
2026-09-23,ILI incidence,2026-10-11,4,MT,quantile,0.2,4023.855378397799
2026-09-23,ILI incidence,2026-10-11,4,MT,quantile,0.15,3710.332452525832
2026-09-23,ILI incidence,2026-10-11,4,MT,quantile,0.75,7458.954795946122
2026-09-23,ILI incidence,2026-10-11,4,MT,quantile,0.7,7042.853798876122
2026-09-23,ILI incidence,2026-10-11,4,MT,quantile,0.8,7998.294823054483
2026-09-23,ILI incidence,2026-10-11,4,MT,quantile,0.95,11078.44257084458
2026-09-23,ILI incidence,2026-10-11,4,MT,quantile,0.85,8663.416745700397
2026-09-23,ILI incidence,2026-10-11,4,MT,quantile,0.975,12662.920998795047
2026-09-23,ILI incidence,2026-10-11,4,MT,quantile,0.9,9553.738716136211
2026-09-23,ILI incidence,2026-10-11,4,MT,quantile,0.99,14991.53314365238
2026-09-23,ILI incidence,2026-10-11,4,MT,median,NA,5679.755213625573
2026-09-23,ILI incidence,2026-09-20,1,NO,quantile,0.8,23.46230125306491
2026-09-23,ILI incidence,2026-09-20,1,NO,quantile,0.75,21.911137905169326
2026-09-23,ILI incidence,2026-09-20,1,NO,quantile,0.7,20.59396090186691
2026-09-23,ILI incidence,2026-09-20,1,NO,quantile,0.55,17.572162253975737
2026-09-23,ILI incidence,2026-09-20,1,NO,quantile,0.65,19.42714257147719
2026-09-23,ILI incidence,2026-09-20,1,NO,quantile,0.6,18.43879592299255
2026-09-23,ILI incidence,2026-09-20,1,NO,quantile,0.95,32.11793687169084
2026-09-23,ILI incidence,2026-09-20,1,NO,quantile,0.975,36.900940500206545
2026-09-23,ILI incidence,2026-09-20,1,NO,quantile,0.4,14.964723423908538
2026-09-23,ILI incidence,2026-09-20,1,NO,quantile,0.45,15.798134068649585
2026-09-23,ILI incidence,2026-09-20,1,NO,quantile,0.9,27.777942158294127
2026-09-23,ILI incidence,2026-09-20,1,NO,quantile,0.85,25.310015353743225
2026-09-23,ILI incidence,2026-09-20,1,NO,quantile,0.5,16.711170421178117
2026-09-23,ILI incidence,2026-09-20,1,NO,quantile,0.99,42.58837504945483
2026-09-23,ILI incidence,2026-09-20,1,NO,quantile,0.35,14.169915664200474
2026-09-23,ILI incidence,2026-09-20,1,NO,quantile,0.25,12.63206658587259
2026-09-23,ILI incidence,2026-09-20,1,NO,quantile,0.3,13.397264652777771
2026-09-23,ILI incidence,2026-09-20,1,NO,quantile,0.2,11.774438042019984
2026-09-23,ILI incidence,2026-09-20,1,NO,quantile,0.15,10.911963450176698
2026-09-23,ILI incidence,2026-09-20,1,NO,quantile,0.1,9.869234577440816
2026-09-23,ILI incidence,2026-09-20,1,NO,quantile,0.05,8.5023233308447
2026-09-23,ILI incidence,2026-09-20,1,NO,quantile,0.01,6.410831811375814
2026-09-23,ILI incidence,2026-09-20,1,NO,quantile,0.025,7.477691308904649
2026-09-23,ILI incidence,2026-09-20,1,NO,median,NA,16.711170421178117
2026-09-23,ILI incidence,2026-09-27,2,NO,quantile,0.75,22.45125171552928
2026-09-23,ILI incidence,2026-09-27,2,NO,quantile,0.025,15.910483201841217
2026-09-23,ILI incidence,2026-09-27,2,NO,quantile,0.6,21.224368316051603
2026-09-23,ILI incidence,2026-09-27,2,NO,quantile,0.65,21.606045877340883
2026-09-23,ILI incidence,2026-09-27,2,NO,quantile,0.7,21.99973468993572
2026-09-23,ILI incidence,2026-09-27,2,NO,quantile,0.01,15.178767120896218
2026-09-23,ILI incidence,2026-09-27,2,NO,quantile,0.5,20.556762330256205
2026-09-23,ILI incidence,2026-09-27,2,NO,quantile,0.1,17.41469532114055
2026-09-23,ILI incidence,2026-09-27,2,NO,quantile,0.45,20.214344269759344
2026-09-23,ILI incidence,2026-09-27,2,NO,quantile,0.8,22.95107446377343
2026-09-23,ILI incidence,2026-09-27,2,NO,quantile,0.99,27.98484274459903
2026-09-23,ILI incidence,2026-09-27,2,NO,quantile,0.05,16.59857085497431
2026-09-23,ILI incidence,2026-09-27,2,NO,quantile,0.4,19.88135928360561
2026-09-23,ILI incidence,2026-09-27,2,NO,quantile,0.975,26.591221475567767
2026-09-23,ILI incidence,2026-09-27,2,NO,quantile,0.15,18.002963701527467
2026-09-23,ILI incidence,2026-09-27,2,NO,quantile,0.35,19.540415053747047
2026-09-23,ILI incidence,2026-09-27,2,NO,quantile,0.55,20.8865150492811
2026-09-23,ILI incidence,2026-09-27,2,NO,quantile,0.25,18.827579991171525
2026-09-23,ILI incidence,2026-09-27,2,NO,quantile,0.2,18.456437125112128
2026-09-23,ILI incidence,2026-09-27,2,NO,quantile,0.9,24.3083114367349
2026-09-23,ILI incidence,2026-09-27,2,NO,quantile,0.3,19.184571642477536
2026-09-23,ILI incidence,2026-09-27,2,NO,quantile,0.85,23.59660720058608
2026-09-23,ILI incidence,2026-09-27,2,NO,quantile,0.95,25.539780580066605
2026-09-23,ILI incidence,2026-09-27,2,NO,median,NA,20.556762330256205
2026-09-23,ILI incidence,2026-10-04,3,NO,quantile,0.01,9.624572851777671
2026-09-23,ILI incidence,2026-10-04,3,NO,quantile,0.25,16.05109584604271
2026-09-23,ILI incidence,2026-10-04,3,NO,quantile,0.025,10.901068389806197
2026-09-23,ILI incidence,2026-10-04,3,NO,quantile,0.05,12.01419880812124
2026-09-23,ILI incidence,2026-10-04,3,NO,quantile,0.1,13.307899006211072
2026-09-23,ILI incidence,2026-10-04,3,NO,quantile,0.15,14.368556814152162
2026-09-23,ILI incidence,2026-10-04,3,NO,quantile,0.99,40.46504488684408
2026-09-23,ILI incidence,2026-10-04,3,NO,quantile,0.5,19.76100219307836
2026-09-23,ILI incidence,2026-10-04,3,NO,quantile,0.95,32.7879609301826
2026-09-23,ILI incidence,2026-10-04,3,NO,quantile,0.7,23.13290480281819
2026-09-23,ILI incidence,2026-10-04,3,NO,quantile,0.9,29.23397748878468
2026-09-23,ILI incidence,2026-10-04,3,NO,quantile,0.3,16.820185534298773
2026-09-23,ILI incidence,2026-10-04,3,NO,quantile,0.35,17.58188679136076
2026-09-23,ILI incidence,2026-10-04,3,NO,quantile,0.65,22.2258721688328
2026-09-23,ILI incidence,2026-10-04,3,NO,quantile,0.975,36.12622652906549
2026-09-23,ILI incidence,2026-10-04,3,NO,quantile,0.75,24.246474853955892
2026-09-23,ILI incidence,2026-10-04,3,NO,quantile,0.8,25.52875830876792
2026-09-23,ILI incidence,2026-10-04,3,NO,quantile,0.85,27.12958983932431
2026-09-23,ILI incidence,2026-10-04,3,NO,quantile,0.55,20.534925889386848
2026-09-23,ILI incidence,2026-10-04,3,NO,quantile,0.6,21.378376963251092
2026-09-23,ILI incidence,2026-10-04,3,NO,quantile,0.4,18.30653051288938
2026-09-23,ILI incidence,2026-10-04,3,NO,quantile,0.45,19.017057863869628
2026-09-23,ILI incidence,2026-10-04,3,NO,quantile,0.2,15.237344964026846
2026-09-23,ILI incidence,2026-10-04,3,NO,median,NA,19.76100219307836
2026-09-23,ILI incidence,2026-10-11,4,NO,quantile,0.7,21.05092731040733
2026-09-23,ILI incidence,2026-10-11,4,NO,quantile,0.1,14.99519554014894
2026-09-23,ILI incidence,2026-10-11,4,NO,quantile,0.6,20.01432911611247
2026-09-23,ILI incidence,2026-10-11,4,NO,quantile,0.55,19.55899712079282
2026-09-23,ILI incidence,2026-10-11,4,NO,quantile,0.75,21.632337308085425
2026-09-23,ILI incidence,2026-10-11,4,NO,quantile,0.8,22.33084264854751
2026-09-23,ILI incidence,2026-10-11,4,NO,quantile,0.5,19.10801769520098
2026-09-23,ILI incidence,2026-10-11,4,NO,quantile,0.25,16.85617328632343
2026-09-23,ILI incidence,2026-10-11,4,NO,quantile,0.65,20.544035209124814
2026-09-23,ILI incidence,2026-10-11,4,NO,quantile,0.85,23.14031770460087
2026-09-23,ILI incidence,2026-10-11,4,NO,quantile,0.45,18.667463058348226
2026-09-23,ILI incidence,2026-10-11,4,NO,quantile,0.4,18.22947974272082
2026-09-23,ILI incidence,2026-10-11,4,NO,quantile,0.3,17.316981096206952
2026-09-23,ILI incidence,2026-10-11,4,NO,quantile,0.2,16.332735886168873
2026-09-23,ILI incidence,2026-10-11,4,NO,quantile,0.35,17.777103304359137
2026-09-23,ILI incidence,2026-10-11,4,NO,quantile,0.15,15.70970415733505
2026-09-23,ILI incidence,2026-10-11,4,NO,quantile,0.9,24.25019250065918
2026-09-23,ILI incidence,2026-10-11,4,NO,quantile,0.05,14.01198707719177
2026-09-23,ILI incidence,2026-10-11,4,NO,quantile,0.95,25.887917003063343
2026-09-23,ILI incidence,2026-10-11,4,NO,quantile,0.99,29.552675818231105
2026-09-23,ILI incidence,2026-10-11,4,NO,quantile,0.975,27.531473345400972
2026-09-23,ILI incidence,2026-10-11,4,NO,quantile,0.025,13.253527685931902
2026-09-23,ILI incidence,2026-10-11,4,NO,quantile,0.01,12.5160362915037
2026-09-23,ILI incidence,2026-10-11,4,NO,median,NA,19.10801769520098
2026-09-23,ILI incidence,2026-10-04,3,SI,quantile,0.025,6.548664993475894e-5
2026-09-23,ILI incidence,2026-10-04,3,SI,quantile,0.15,2.89223106857884e-4
2026-09-23,ILI incidence,2026-10-04,3,SI,quantile,0.2,3.9382529957656575e-4
2026-09-23,ILI incidence,2026-10-04,3,SI,quantile,0.25,5.197474894825882e-4
2026-09-23,ILI incidence,2026-10-04,3,SI,quantile,0.05,1.0625869870319644e-4
2026-09-23,ILI incidence,2026-10-04,3,SI,quantile,0.1,1.9691095573646876e-4
2026-09-23,ILI incidence,2026-10-04,3,SI,quantile,0.01,3.405677263676535e-5
2026-09-23,ILI incidence,2026-10-04,3,SI,quantile,0.975,0.03748420534456345
2026-09-23,ILI incidence,2026-10-04,3,SI,quantile,0.99,0.06743194988141579
2026-09-23,ILI incidence,2026-10-04,3,SI,quantile,0.3,6.605831776321196e-4
2026-09-23,ILI incidence,2026-10-04,3,SI,quantile,0.35,8.271114119093601e-4
2026-09-23,ILI incidence,2026-10-04,3,SI,quantile,0.4,0.00100872462279213
2026-09-23,ILI incidence,2026-10-04,3,SI,quantile,0.6,0.00231913607651146
2026-09-23,ILI incidence,2026-10-04,3,SI,quantile,0.65,0.00286570585928149
2026-09-23,ILI incidence,2026-10-04,3,SI,quantile,0.45,0.00123476599342511
2026-09-23,ILI incidence,2026-10-04,3,SI,quantile,0.55,0.00187621799286908
2026-09-23,ILI incidence,2026-10-04,3,SI,quantile,0.5,0.00152241318803926
2026-09-23,ILI incidence,2026-10-04,3,SI,quantile,0.7,0.00368657116977823
2026-09-23,ILI incidence,2026-10-04,3,SI,quantile,0.75,0.00468847456887455
2026-09-23,ILI incidence,2026-10-04,3,SI,quantile,0.9,0.01321488889535441
2026-09-23,ILI incidence,2026-10-04,3,SI,quantile,0.95,0.0235035503571609
2026-09-23,ILI incidence,2026-10-04,3,SI,quantile,0.8,0.00613255044646395
2026-09-23,ILI incidence,2026-10-04,3,SI,quantile,0.85,0.00879266924030706
2026-09-23,ILI incidence,2026-10-04,3,SI,median,NA,0.00152241318803926
2026-09-23,ILI incidence,2026-09-20,1,SK,quantile,0.7,77.02800069749235
2026-09-23,ILI incidence,2026-09-20,1,SK,quantile,0.99,120.749209564062
2026-09-23,ILI incidence,2026-09-20,1,SK,quantile,0.6,72.03554114509848
2026-09-23,ILI incidence,2026-09-20,1,SK,quantile,0.75,79.69460759453439
2026-09-23,ILI incidence,2026-09-20,1,SK,quantile,0.65,74.40376418317219
2026-09-23,ILI incidence,2026-09-20,1,SK,quantile,0.975,110.8400583841016
2026-09-23,ILI incidence,2026-09-20,1,SK,quantile,0.95,102.47693353270904
2026-09-23,ILI incidence,2026-09-20,1,SK,quantile,0.4,63.58785239551891
2026-09-23,ILI incidence,2026-09-20,1,SK,quantile,0.85,87.20686261016229
2026-09-23,ILI incidence,2026-09-20,1,SK,quantile,0.9,92.96611187120602
2026-09-23,ILI incidence,2026-09-20,1,SK,quantile,0.45,65.71045791932178
2026-09-23,ILI incidence,2026-09-20,1,SK,quantile,0.8,82.98893720367302
2026-09-23,ILI incidence,2026-09-20,1,SK,quantile,0.3,59.438156441326896
2026-09-23,ILI incidence,2026-09-20,1,SK,quantile,0.35,61.61033466875232
2026-09-23,ILI incidence,2026-09-20,1,SK,quantile,0.55,69.69670645925007
2026-09-23,ILI incidence,2026-09-20,1,SK,quantile,0.25,57.27277782308765
2026-09-23,ILI incidence,2026-09-20,1,SK,quantile,0.5,67.6578449102487
2026-09-23,ILI incidence,2026-09-20,1,SK,quantile,0.2,55.03196394627146
2026-09-23,ILI incidence,2026-09-20,1,SK,quantile,0.01,38.40264429618217
2026-09-23,ILI incidence,2026-09-20,1,SK,quantile,0.1,49.373643991065315
2026-09-23,ILI incidence,2026-09-20,1,SK,quantile,0.025,41.778021640397846
2026-09-23,ILI incidence,2026-09-20,1,SK,quantile,0.15,52.259771810948806
2026-09-23,ILI incidence,2026-09-20,1,SK,quantile,0.05,45.1526759129282
2026-09-23,ILI incidence,2026-09-20,1,SK,median,NA,67.6578449102487
2026-09-23,ILI incidence,2026-09-27,2,SK,quantile,0.95,104.0922915878244
2026-09-23,ILI incidence,2026-09-27,2,SK,quantile,0.975,109.974667873444
2026-09-23,ILI incidence,2026-09-27,2,SK,quantile,0.99,117.10745000884138
2026-09-23,ILI incidence,2026-09-27,2,SK,quantile,0.85,92.93340172425924
2026-09-23,ILI incidence,2026-09-27,2,SK,quantile,0.9,97.44545960229414
2026-09-23,ILI incidence,2026-09-27,2,SK,quantile,0.75,87.30579091276641
2026-09-23,ILI incidence,2026-09-27,2,SK,quantile,0.8,89.91485948947002
2026-09-23,ILI incidence,2026-09-27,2,SK,quantile,0.7,84.9960309882394
2026-09-23,ILI incidence,2026-09-27,2,SK,quantile,0.65,82.96119850414858
2026-09-23,ILI incidence,2026-09-27,2,SK,quantile,0.4,73.9184449209312
2026-09-23,ILI incidence,2026-09-27,2,SK,quantile,0.6,81.07883878466274
2026-09-23,ILI incidence,2026-09-27,2,SK,quantile,0.55,79.11968524223578
2026-09-23,ILI incidence,2026-09-27,2,SK,quantile,0.35,72.2435644565945
2026-09-23,ILI incidence,2026-09-27,2,SK,quantile,0.3,70.4311773491417
2026-09-23,ILI incidence,2026-09-27,2,SK,quantile,0.25,68.62022338919212
2026-09-23,ILI incidence,2026-09-27,2,SK,quantile,0.45,75.58676504691839
2026-09-23,ILI incidence,2026-09-27,2,SK,quantile,0.5,77.4186571522225
2026-09-23,ILI incidence,2026-09-27,2,SK,quantile,0.2,66.67260327581573
2026-09-23,ILI incidence,2026-09-27,2,SK,quantile,0.15,64.3365076347948
2026-09-23,ILI incidence,2026-09-27,2,SK,quantile,0.1,61.355158511924614
2026-09-23,ILI incidence,2026-09-27,2,SK,quantile,0.05,57.45164988352067
2026-09-23,ILI incidence,2026-09-27,2,SK,quantile,0.01,50.474902653422525
2026-09-23,ILI incidence,2026-09-27,2,SK,quantile,0.025,54.24120732253664
2026-09-23,ILI incidence,2026-09-27,2,SK,median,NA,77.4186571522225
2026-09-23,ILI incidence,2026-10-04,3,SK,quantile,0.75,97.882065748748
2026-09-23,ILI incidence,2026-10-04,3,SK,quantile,0.99,119.41341800751614
2026-09-23,ILI incidence,2026-10-04,3,SK,quantile,0.975,114.45391708897688
2026-09-23,ILI incidence,2026-10-04,3,SK,quantile,0.25,83.50546735325052
2026-09-23,ILI incidence,2026-10-04,3,SK,quantile,0.5,90.42928753362324
2026-09-23,ILI incidence,2026-10-04,3,SK,quantile,0.8,99.94231329477893
2026-09-23,ILI incidence,2026-10-04,3,SK,quantile,0.9,105.60514107748118
2026-09-23,ILI incidence,2026-10-04,3,SK,quantile,0.2,81.8817551308781
2026-09-23,ILI incidence,2026-10-04,3,SK,quantile,0.85,102.33783378326042
2026-09-23,ILI incidence,2026-10-04,3,SK,quantile,0.7,96.1926882965029
2026-09-23,ILI incidence,2026-10-04,3,SK,quantile,0.45,89.03412518371762
2026-09-23,ILI incidence,2026-10-04,3,SK,quantile,0.35,86.3637582487723
2026-09-23,ILI incidence,2026-10-04,3,SK,quantile,0.95,110.276682521854
2026-09-23,ILI incidence,2026-10-04,3,SK,quantile,0.4,87.71621849799922
2026-09-23,ILI incidence,2026-10-04,3,SK,quantile,0.55,91.8072349191993
2026-09-23,ILI incidence,2026-10-04,3,SK,quantile,0.65,94.75514336215682
2026-09-23,ILI incidence,2026-10-04,3,SK,quantile,0.6,93.2593247312079
2026-09-23,ILI incidence,2026-10-04,3,SK,quantile,0.3,84.9088350014915
2026-09-23,ILI incidence,2026-10-04,3,SK,quantile,0.01,68.03077761602951
2026-09-23,ILI incidence,2026-10-04,3,SK,quantile,0.025,71.07004561975265
2026-09-23,ILI incidence,2026-10-04,3,SK,quantile,0.05,74.1008118535297
2026-09-23,ILI incidence,2026-10-04,3,SK,quantile,0.15,80.02326671947932
2026-09-23,ILI incidence,2026-10-04,3,SK,quantile,0.1,77.54634660786662
2026-09-23,ILI incidence,2026-10-04,3,SK,median,NA,90.42928753362324
2026-09-23,ILI incidence,2026-10-11,4,SK,quantile,0.05,52.22753438684334
2026-09-23,ILI incidence,2026-10-11,4,SK,quantile,0.1,57.16476271451095
2026-09-23,ILI incidence,2026-10-11,4,SK,quantile,0.15,60.772498294997924
2026-09-23,ILI incidence,2026-10-11,4,SK,quantile,0.2,63.801745452521615
2026-09-23,ILI incidence,2026-10-11,4,SK,quantile,0.25,66.68770987860285
2026-09-23,ILI incidence,2026-10-11,4,SK,quantile,0.3,69.20021903250203
2026-09-23,ILI incidence,2026-10-11,4,SK,quantile,0.01,43.25985016356782
2026-09-23,ILI incidence,2026-10-11,4,SK,quantile,0.9,110.9306911274978
2026-09-23,ILI incidence,2026-10-11,4,SK,quantile,0.95,121.79315270915993
2026-09-23,ILI incidence,2026-10-11,4,SK,quantile,0.975,131.1071177758362
2026-09-23,ILI incidence,2026-10-11,4,SK,quantile,0.99,143.77681269578767
2026-09-23,ILI incidence,2026-10-11,4,SK,quantile,0.025,47.96915358781635
2026-09-23,ILI incidence,2026-10-11,4,SK,quantile,0.35,71.75710843350349
2026-09-23,ILI incidence,2026-10-11,4,SK,quantile,0.55,82.21530219174394
2026-09-23,ILI incidence,2026-10-11,4,SK,quantile,0.6,85.10439559982017
2026-09-23,ILI incidence,2026-10-11,4,SK,quantile,0.7,91.43984985478475
2026-09-23,ILI incidence,2026-10-11,4,SK,quantile,0.5,79.49018699074907
2026-09-23,ILI incidence,2026-10-11,4,SK,quantile,0.65,88.0488798910264
2026-09-23,ILI incidence,2026-10-11,4,SK,quantile,0.85,104.12105951336778
2026-09-23,ILI incidence,2026-10-11,4,SK,quantile,0.4,74.29274023930165
2026-09-23,ILI incidence,2026-10-11,4,SK,quantile,0.45,76.90147862844024
2026-09-23,ILI incidence,2026-10-11,4,SK,quantile,0.8,98.45949727581272
2026-09-23,ILI incidence,2026-10-11,4,SK,quantile,0.75,94.66220644038272
2026-09-23,ILI incidence,2026-10-11,4,SK,median,NA,79.49018699074907
2026-09-23,ARI incidence,2026-09-20,1,BE,quantile,0.99,970.6510005432366
2026-09-23,ARI incidence,2026-09-20,1,BE,quantile,0.975,894.8387838491595
2026-09-23,ARI incidence,2026-09-20,1,BE,quantile,0.6,618.1251118760574
2026-09-23,ARI incidence,2026-09-20,1,BE,quantile,0.9,765.8735132857928
2026-09-23,ARI incidence,2026-09-20,1,BE,quantile,0.85,728.7275690213044
2026-09-23,ARI incidence,2026-09-20,1,BE,quantile,0.65,635.2464045702909
2026-09-23,ARI incidence,2026-09-20,1,BE,quantile,0.5,585.8853483508769
2026-09-23,ARI incidence,2026-09-20,1,BE,quantile,0.35,538.5090718781198
2026-09-23,ARI incidence,2026-09-20,1,BE,quantile,0.95,830.345908473974
2026-09-23,ARI incidence,2026-09-20,1,BE,quantile,0.55,601.791133247824
2026-09-23,ARI incidence,2026-09-20,1,BE,quantile,0.4,554.4183053104489
2026-09-23,ARI incidence,2026-09-20,1,BE,quantile,0.45,569.6381458842225
2026-09-23,ARI incidence,2026-09-20,1,BE,quantile,0.8,700.1015183871613
2026-09-23,ARI incidence,2026-09-20,1,BE,quantile,0.25,507.36117145099126
2026-09-23,ARI incidence,2026-09-20,1,BE,quantile,0.1,445.4798714234802
2026-09-23,ARI incidence,2026-09-20,1,BE,quantile,0.15,469.438415286843
2026-09-23,ARI incidence,2026-09-20,1,BE,quantile,0.01,356.00007091703696
2026-09-23,ARI incidence,2026-09-20,1,BE,quantile,0.3,522.2691138423198
2026-09-23,ARI incidence,2026-09-20,1,BE,quantile,0.2,489.7954224811357
2026-09-23,ARI incidence,2026-09-20,1,BE,quantile,0.05,412.8901187918525
2026-09-23,ARI incidence,2026-09-20,1,BE,quantile,0.025,384.6421172376244
2026-09-23,ARI incidence,2026-09-20,1,BE,quantile,0.75,675.1866805344077
2026-09-23,ARI incidence,2026-09-20,1,BE,quantile,0.7,653.7699411375572
2026-09-23,ARI incidence,2026-09-20,1,BE,median,NA,585.8853483508769
2026-09-23,ARI incidence,2026-09-27,2,BE,quantile,0.025,479.71532479758423
2026-09-23,ARI incidence,2026-09-27,2,BE,quantile,0.01,466.5647134657874
2026-09-23,ARI incidence,2026-09-27,2,BE,quantile,0.05,492.383062245716
2026-09-23,ARI incidence,2026-09-27,2,BE,quantile,0.1,506.8757017492387
2026-09-23,ARI incidence,2026-09-27,2,BE,quantile,0.15,517.0035811176308
2026-09-23,ARI incidence,2026-09-27,2,BE,quantile,0.25,531.889049112115
2026-09-23,ARI incidence,2026-09-27,2,BE,quantile,0.2,525.1045008992269
2026-09-23,ARI incidence,2026-09-27,2,BE,quantile,0.3,538.2823546417873
2026-09-23,ARI incidence,2026-09-27,2,BE,quantile,0.35,545.0040384242608
2026-09-23,ARI incidence,2026-09-27,2,BE,quantile,0.4,550.8666517102768
2026-09-23,ARI incidence,2026-09-27,2,BE,quantile,0.8,602.9712476588805
2026-09-23,ARI incidence,2026-09-27,2,BE,quantile,0.85,613.4680010991137
2026-09-23,ARI incidence,2026-09-27,2,BE,quantile,0.75,595.0567897320981
2026-09-23,ARI incidence,2026-09-27,2,BE,quantile,0.95,645.1074274441362
2026-09-23,ARI incidence,2026-09-27,2,BE,quantile,0.975,662.2920670531172
2026-09-23,ARI incidence,2026-09-27,2,BE,quantile,0.9,626.147707240235
2026-09-23,ARI incidence,2026-09-27,2,BE,quantile,0.99,687.5881321700139
2026-09-23,ARI incidence,2026-09-27,2,BE,quantile,0.65,581.2273648348719
2026-09-23,ARI incidence,2026-09-27,2,BE,quantile,0.7,588.3966685799353
2026-09-23,ARI incidence,2026-09-27,2,BE,quantile,0.55,568.6877169145216
2026-09-23,ARI incidence,2026-09-27,2,BE,quantile,0.6,574.3848172486344
2026-09-23,ARI incidence,2026-09-27,2,BE,quantile,0.45,556.9281066728652
2026-09-23,ARI incidence,2026-09-27,2,BE,quantile,0.5,562.9425608219369
2026-09-23,ARI incidence,2026-09-27,2,BE,median,NA,562.9425608219369
2026-09-23,ARI incidence,2026-10-04,3,BE,quantile,0.25,471.85765549045607
2026-09-23,ARI incidence,2026-10-04,3,BE,quantile,0.2,453.995184704581
2026-09-23,ARI incidence,2026-10-04,3,BE,quantile,0.3,488.3831464614846
2026-09-23,ARI incidence,2026-10-04,3,BE,quantile,0.15,433.8910236081479
2026-09-23,ARI incidence,2026-10-04,3,BE,quantile,0.1,409.1095617827434
2026-09-23,ARI incidence,2026-10-04,3,BE,quantile,0.35,503.43217687545615
2026-09-23,ARI incidence,2026-10-04,3,BE,quantile,0.4,517.9299326473391
2026-09-23,ARI incidence,2026-10-04,3,BE,quantile,0.975,860.7762938490258
2026-09-23,ARI incidence,2026-10-04,3,BE,quantile,0.99,919.2220354923802
2026-09-23,ARI incidence,2026-10-04,3,BE,quantile,0.05,376.05225621659423
2026-09-23,ARI incidence,2026-10-04,3,BE,quantile,0.45,532.359565813214
2026-09-23,ARI incidence,2026-10-04,3,BE,quantile,0.5,548.9279951541064
2026-09-23,ARI incidence,2026-10-04,3,BE,quantile,0.9,736.1665589285636
2026-09-23,ARI incidence,2026-10-04,3,BE,quantile,0.01,318.0797252679639
2026-09-23,ARI incidence,2026-10-04,3,BE,quantile,0.025,348.9379137935089
2026-09-23,ARI incidence,2026-10-04,3,BE,quantile,0.85,695.4422629684918
2026-09-23,ARI incidence,2026-10-04,3,BE,quantile,0.95,802.0994098290074
2026-09-23,ARI incidence,2026-10-04,3,BE,quantile,0.55,564.753532562463
2026-09-23,ARI incidence,2026-10-04,3,BE,quantile,0.8,665.3748397093151
2026-09-23,ARI incidence,2026-10-04,3,BE,quantile,0.75,640.5487464617196
2026-09-23,ARI incidence,2026-10-04,3,BE,quantile,0.65,599.2233718037817
2026-09-23,ARI incidence,2026-10-04,3,BE,quantile,0.7,618.253706794347
2026-09-23,ARI incidence,2026-10-04,3,BE,quantile,0.6,581.1804989147449
2026-09-23,ARI incidence,2026-10-04,3,BE,median,NA,548.9279951541064
2026-09-23,ARI incidence,2026-10-11,4,BE,quantile,0.99,693.4783912868396
2026-09-23,ARI incidence,2026-10-11,4,BE,quantile,0.975,671.8648093337706
2026-09-23,ARI incidence,2026-10-11,4,BE,quantile,0.95,648.0338487361861
2026-09-23,ARI incidence,2026-10-11,4,BE,quantile,0.85,604.7383874487916
2026-09-23,ARI incidence,2026-10-11,4,BE,quantile,0.9,622.0296064490047
2026-09-23,ARI incidence,2026-10-11,4,BE,quantile,0.8,590.8702475132785
2026-09-23,ARI incidence,2026-10-11,4,BE,quantile,0.7,569.1386306216077
2026-09-23,ARI incidence,2026-10-11,4,BE,quantile,0.75,578.6366033177515
2026-09-23,ARI incidence,2026-10-11,4,BE,quantile,0.65,560.6585624320697
2026-09-23,ARI incidence,2026-10-11,4,BE,quantile,0.5,536.6081436915006
2026-09-23,ARI incidence,2026-10-11,4,BE,quantile,0.025,431.2934913497118
2026-09-23,ARI incidence,2026-10-11,4,BE,quantile,0.6,552.3806349155777
2026-09-23,ARI incidence,2026-10-11,4,BE,quantile,0.05,445.94382425990136
2026-09-23,ARI incidence,2026-10-11,4,BE,quantile,0.4,521.2673173203556
2026-09-23,ARI incidence,2026-10-11,4,BE,quantile,0.45,528.9612307000411
2026-09-23,ARI incidence,2026-10-11,4,BE,quantile,0.55,544.382893720594
2026-09-23,ARI incidence,2026-10-11,4,BE,quantile,0.35,513.6196759151982
2026-09-23,ARI incidence,2026-10-11,4,BE,quantile,0.01,414.4901872571032
2026-09-23,ARI incidence,2026-10-11,4,BE,quantile,0.1,464.33232659347465
2026-09-23,ARI incidence,2026-10-11,4,BE,quantile,0.25,496.8022077974859
2026-09-23,ARI incidence,2026-10-11,4,BE,quantile,0.3,505.76865373686667
2026-09-23,ARI incidence,2026-10-11,4,BE,quantile,0.15,476.8414811729268
2026-09-23,ARI incidence,2026-10-11,4,BE,quantile,0.2,487.4372831329972
2026-09-23,ARI incidence,2026-10-11,4,BE,median,NA,536.6081436915006
2026-09-23,ARI incidence,2026-09-20,1,BG,quantile,0.75,209.01375489991116
2026-09-23,ARI incidence,2026-09-20,1,BG,quantile,0.8,211.64434106564107
2026-09-23,ARI incidence,2026-09-20,1,BG,quantile,0.65,204.58919588090436
2026-09-23,ARI incidence,2026-09-20,1,BG,quantile,0.7,206.70658274214696
2026-09-23,ARI incidence,2026-09-20,1,BG,quantile,0.4,195.15488662218877
2026-09-23,ARI incidence,2026-09-20,1,BG,quantile,0.5,198.7826807885589
2026-09-23,ARI incidence,2026-09-20,1,BG,quantile,0.6,202.53233656013543
2026-09-23,ARI incidence,2026-09-20,1,BG,quantile,0.35,193.18165170870245
2026-09-23,ARI incidence,2026-09-20,1,BG,quantile,0.55,200.64297715514616
2026-09-23,ARI incidence,2026-09-20,1,BG,quantile,0.45,196.9818678796898
2026-09-23,ARI incidence,2026-09-20,1,BG,quantile,0.85,214.79874133305088
2026-09-23,ARI incidence,2026-09-20,1,BG,quantile,0.975,230.89891832140023
2026-09-23,ARI incidence,2026-09-20,1,BG,quantile,0.3,191.22347849767937
2026-09-23,ARI incidence,2026-09-20,1,BG,quantile,0.9,218.91868320159057
2026-09-23,ARI incidence,2026-09-20,1,BG,quantile,0.99,237.0781352070523
2026-09-23,ARI incidence,2026-09-20,1,BG,quantile,0.95,225.0190131649095
2026-09-23,ARI incidence,2026-09-20,1,BG,quantile,0.25,189.0877859383728
2026-09-23,ARI incidence,2026-09-20,1,BG,quantile,0.15,184.0650962234291
2026-09-23,ARI incidence,2026-09-20,1,BG,quantile,0.2,186.8576899229734
2026-09-23,ARI incidence,2026-09-20,1,BG,quantile,0.05,176.2758383753818
2026-09-23,ARI incidence,2026-09-20,1,BG,quantile,0.1,180.76831892806635
2026-09-23,ARI incidence,2026-09-20,1,BG,quantile,0.025,172.06323564717647
2026-09-23,ARI incidence,2026-09-20,1,BG,quantile,0.01,167.4799192761502
2026-09-23,ARI incidence,2026-09-20,1,BG,median,NA,198.7826807885589
2026-09-23,ARI incidence,2026-09-27,2,BG,quantile,0.6,208.16336277792465
2026-09-23,ARI incidence,2026-09-27,2,BG,quantile,0.2,190.352950127574
2026-09-23,ARI incidence,2026-09-27,2,BG,quantile,0.15,187.36442563830195
2026-09-23,ARI incidence,2026-09-27,2,BG,quantile,0.1,183.59552271801277
2026-09-23,ARI incidence,2026-09-27,2,BG,quantile,0.85,221.9617484215689
2026-09-23,ARI incidence,2026-09-27,2,BG,quantile,0.05,178.47051577719364
2026-09-23,ARI incidence,2026-09-27,2,BG,quantile,0.55,205.90682961137645
2026-09-23,ARI incidence,2026-09-27,2,BG,quantile,0.5,203.82850848444843
2026-09-23,ARI incidence,2026-09-27,2,BG,quantile,0.65,210.3211361614775
2026-09-23,ARI incidence,2026-09-27,2,BG,quantile,0.25,193.01329375844173
2026-09-23,ARI incidence,2026-09-27,2,BG,quantile,0.8,218.29155545105988
2026-09-23,ARI incidence,2026-09-27,2,BG,quantile,0.7,212.6575722307361
2026-09-23,ARI incidence,2026-09-27,2,BG,quantile,0.3,195.40775702748616
2026-09-23,ARI incidence,2026-09-27,2,BG,quantile,0.75,215.31841362091788
2026-09-23,ARI incidence,2026-09-27,2,BG,quantile,0.35,197.68495046740108
2026-09-23,ARI incidence,2026-09-27,2,BG,quantile,0.9,226.4984940708596
2026-09-23,ARI incidence,2026-09-27,2,BG,quantile,0.025,173.5323028642798
2026-09-23,ARI incidence,2026-09-27,2,BG,quantile,0.45,201.8849133815919
2026-09-23,ARI incidence,2026-09-27,2,BG,quantile,0.975,239.35750436904257
2026-09-23,ARI incidence,2026-09-27,2,BG,quantile,0.95,232.82270956610532
2026-09-23,ARI incidence,2026-09-27,2,BG,quantile,0.4,199.67624852805736
2026-09-23,ARI incidence,2026-09-27,2,BG,quantile,0.99,246.38815330717844
2026-09-23,ARI incidence,2026-09-27,2,BG,quantile,0.01,168.649925190574
2026-09-23,ARI incidence,2026-09-27,2,BG,median,NA,203.82850848444843
2026-09-23,ARI incidence,2026-10-04,3,BG,quantile,0.3,198.49354784056865
2026-09-23,ARI incidence,2026-10-04,3,BG,quantile,0.35,200.8298066152014
2026-09-23,ARI incidence,2026-10-04,3,BG,quantile,0.4,203.15667347386423
2026-09-23,ARI incidence,2026-10-04,3,BG,quantile,0.01,169.93945334423927
2026-09-23,ARI incidence,2026-10-04,3,BG,quantile,0.025,175.3276319399538
2026-09-23,ARI incidence,2026-10-04,3,BG,quantile,0.05,179.68018099954554
2026-09-23,ARI incidence,2026-10-04,3,BG,quantile,0.25,195.84815865531576
2026-09-23,ARI incidence,2026-10-04,3,BG,quantile,0.1,185.6055919244378
2026-09-23,ARI incidence,2026-10-04,3,BG,quantile,0.45,205.41877464415123
2026-09-23,ARI incidence,2026-10-04,3,BG,quantile,0.15,190.05840422505133
2026-09-23,ARI incidence,2026-10-04,3,BG,quantile,0.5,207.8821800389964
2026-09-23,ARI incidence,2026-10-04,3,BG,quantile,0.2,193.15315361126991
2026-09-23,ARI incidence,2026-10-04,3,BG,quantile,0.6,212.4948356106179
2026-09-23,ARI incidence,2026-10-04,3,BG,quantile,0.55,210.20994262274027
2026-09-23,ARI incidence,2026-10-04,3,BG,quantile,0.65,214.90920448583591
2026-09-23,ARI incidence,2026-10-04,3,BG,quantile,0.8,223.4424974510615
2026-09-23,ARI incidence,2026-10-04,3,BG,quantile,0.99,253.18345177439153
2026-09-23,ARI incidence,2026-10-04,3,BG,quantile,0.75,220.31007807962635
2026-09-23,ARI incidence,2026-10-04,3,BG,quantile,0.85,227.10544867988796
2026-09-23,ARI incidence,2026-10-04,3,BG,quantile,0.975,245.19829983764208
2026-09-23,ARI incidence,2026-10-04,3,BG,quantile,0.7,217.52841507675055
2026-09-23,ARI incidence,2026-10-04,3,BG,quantile,0.95,238.70708588380603
2026-09-23,ARI incidence,2026-10-04,3,BG,quantile,0.9,231.76653421909884
2026-09-23,ARI incidence,2026-10-04,3,BG,median,NA,207.8821800389964
2026-09-23,ARI incidence,2026-10-11,4,BG,quantile,0.55,225.2848388958492
2026-09-23,ARI incidence,2026-10-11,4,BG,quantile,0.6,229.26503717907437
2026-09-23,ARI incidence,2026-10-11,4,BG,quantile,0.75,242.3630729603655
2026-09-23,ARI incidence,2026-10-11,4,BG,quantile,0.5,221.14499423435063
2026-09-23,ARI incidence,2026-10-11,4,BG,quantile,0.65,233.3241220135775
2026-09-23,ARI incidence,2026-10-11,4,BG,quantile,0.4,213.5785028836397
2026-09-23,ARI incidence,2026-10-11,4,BG,quantile,0.45,217.51320716050327
2026-09-23,ARI incidence,2026-10-11,4,BG,quantile,0.05,176.75530673455856
2026-09-23,ARI incidence,2026-10-11,4,BG,quantile,0.8,247.49737506564625
2026-09-23,ARI incidence,2026-10-11,4,BG,quantile,0.01,161.63609412832005
2026-09-23,ARI incidence,2026-10-11,4,BG,quantile,0.9,262.4308752609959
2026-09-23,ARI incidence,2026-10-11,4,BG,quantile,0.95,276.7716562000327
2026-09-23,ARI incidence,2026-10-11,4,BG,quantile,0.025,169.85612133942294
2026-09-23,ARI incidence,2026-10-11,4,BG,quantile,0.25,202.0742891302401
2026-09-23,ARI incidence,2026-10-11,4,BG,quantile,0.7,237.5338342882229
2026-09-23,ARI incidence,2026-10-11,4,BG,quantile,0.85,253.94485380599343
2026-09-23,ARI incidence,2026-10-11,4,BG,quantile,0.975,288.65421230156267
2026-09-23,ARI incidence,2026-10-11,4,BG,quantile,0.99,303.3632396556103
2026-09-23,ARI incidence,2026-10-11,4,BG,quantile,0.3,205.8579482089682
2026-09-23,ARI incidence,2026-10-11,4,BG,quantile,0.35,209.58336851499655
2026-09-23,ARI incidence,2026-10-11,4,BG,quantile,0.1,185.8327554886202
2026-09-23,ARI incidence,2026-10-11,4,BG,quantile,0.15,192.5363229665768
2026-09-23,ARI incidence,2026-10-11,4,BG,quantile,0.2,197.5626588580188
2026-09-23,ARI incidence,2026-10-11,4,BG,median,NA,221.14499423435063
2026-09-23,ARI incidence,2026-09-20,1,CY,quantile,0.45,3676.563677426282
2026-09-23,ARI incidence,2026-09-20,1,CY,quantile,0.5,3761.9862518822
2026-09-23,ARI incidence,2026-09-20,1,CY,quantile,0.25,3328.4378969852687
2026-09-23,ARI incidence,2026-09-20,1,CY,quantile,0.025,2598.1980910892157
2026-09-23,ARI incidence,2026-09-20,1,CY,quantile,0.3,3423.6260756903625
2026-09-23,ARI incidence,2026-09-20,1,CY,quantile,0.35,3509.887199860902
2026-09-23,ARI incidence,2026-09-20,1,CY,quantile,0.4,3588.282224718036
2026-09-23,ARI incidence,2026-09-20,1,CY,quantile,0.55,3850.667431489596
2026-09-23,ARI incidence,2026-09-20,1,CY,quantile,0.2,3216.7162751161695
2026-09-23,ARI incidence,2026-09-20,1,CY,quantile,0.6,3944.986573937496
2026-09-23,ARI incidence,2026-09-20,1,CY,quantile,0.01,2417.2252611977333
2026-09-23,ARI incidence,2026-09-20,1,CY,quantile,0.8,4425.017206698775
2026-09-23,ARI incidence,2026-09-20,1,CY,quantile,0.05,2753.512231366613
2026-09-23,ARI incidence,2026-09-20,1,CY,quantile,0.1,2961.1332462586356
2026-09-23,ARI incidence,2026-09-20,1,CY,quantile,0.15,3103.791151966768
2026-09-23,ARI incidence,2026-09-20,1,CY,quantile,0.65,4050.155298054451
2026-09-23,ARI incidence,2026-09-20,1,CY,quantile,0.7,4158.48235293974
2026-09-23,ARI incidence,2026-09-20,1,CY,quantile,0.975,5513.5724451739725
2026-09-23,ARI incidence,2026-09-20,1,CY,quantile,0.85,4601.344809466494
2026-09-23,ARI incidence,2026-09-20,1,CY,quantile,0.9,4814.608321608081
2026-09-23,ARI incidence,2026-09-20,1,CY,quantile,0.95,5161.798255796974
2026-09-23,ARI incidence,2026-09-20,1,CY,quantile,0.99,5874.860008368523
2026-09-23,ARI incidence,2026-09-20,1,CY,quantile,0.75,4281.239510419043
2026-09-23,ARI incidence,2026-09-20,1,CY,median,NA,3761.9862518822
2026-09-23,ARI incidence,2026-09-27,2,CY,quantile,0.4,3986.685505068993
2026-09-23,ARI incidence,2026-09-27,2,CY,quantile,0.45,4093.111034477821
2026-09-23,ARI incidence,2026-09-27,2,CY,quantile,0.05,2998.9177466302435
2026-09-23,ARI incidence,2026-09-27,2,CY,quantile,0.025,2803.5203504924752
2026-09-23,ARI incidence,2026-09-27,2,CY,quantile,0.35,3875.409997972307
2026-09-23,ARI incidence,2026-09-27,2,CY,quantile,0.3,3768.7952553803098
2026-09-23,ARI incidence,2026-09-27,2,CY,quantile,0.01,2646.203769690869
2026-09-23,ARI incidence,2026-09-27,2,CY,quantile,0.55,4310.804293505661
2026-09-23,ARI incidence,2026-09-27,2,CY,quantile,0.5,4194.3133747558695
2026-09-23,ARI incidence,2026-09-27,2,CY,quantile,0.1,3227.9523304328936
2026-09-23,ARI incidence,2026-09-27,2,CY,quantile,0.65,4547.02569634355
2026-09-23,ARI incidence,2026-09-27,2,CY,quantile,0.9,5505.231990939736
2026-09-23,ARI incidence,2026-09-27,2,CY,quantile,0.15,3398.025061916618
2026-09-23,ARI incidence,2026-09-27,2,CY,quantile,0.6,4422.795682529445
2026-09-23,ARI incidence,2026-09-27,2,CY,quantile,0.85,5219.075094133419
2026-09-23,ARI incidence,2026-09-27,2,CY,quantile,0.2,3537.5448015553234
2026-09-23,ARI incidence,2026-09-27,2,CY,quantile,0.7,4685.794996317002
2026-09-23,ARI incidence,2026-09-27,2,CY,quantile,0.25,3656.5795064003023
2026-09-23,ARI incidence,2026-09-27,2,CY,quantile,0.8,5006.46474555763
2026-09-23,ARI incidence,2026-09-27,2,CY,quantile,0.75,4834.026514277761
2026-09-23,ARI incidence,2026-09-27,2,CY,quantile,0.95,5933.397692174698
2026-09-23,ARI incidence,2026-09-27,2,CY,quantile,0.975,6319.053797177158
2026-09-23,ARI incidence,2026-09-27,2,CY,quantile,0.99,6896.623055756552
2026-09-23,ARI incidence,2026-09-27,2,CY,median,NA,4194.3133747558695
2026-09-23,ARI incidence,2026-10-04,3,CY,quantile,0.99,8877.185005360121
2026-09-23,ARI incidence,2026-10-04,3,CY,quantile,0.975,8104.627671065895
2026-09-23,ARI incidence,2026-10-04,3,CY,quantile,0.95,7464.401699300071
2026-09-23,ARI incidence,2026-10-04,3,CY,quantile,0.9,6762.974971165501
2026-09-23,ARI incidence,2026-10-04,3,CY,quantile,0.8,6028.6335050300695
2026-09-23,ARI incidence,2026-10-04,3,CY,quantile,0.85,6335.185699007518
2026-09-23,ARI incidence,2026-10-04,3,CY,quantile,0.3,4268.6110879220605
2026-09-23,ARI incidence,2026-10-04,3,CY,quantile,0.75,5771.473280945955
2026-09-23,ARI incidence,2026-10-04,3,CY,quantile,0.35,4412.77194769287
2026-09-23,ARI incidence,2026-10-04,3,CY,quantile,0.2,3930.3207593166408
2026-09-23,ARI incidence,2026-10-04,3,CY,quantile,0.25,4105.882008200674
2026-09-23,ARI incidence,2026-10-04,3,CY,quantile,0.4,4565.90607250405
2026-09-23,ARI incidence,2026-10-04,3,CY,quantile,0.7,5564.287818410144
2026-09-23,ARI incidence,2026-10-04,3,CY,quantile,0.1,3509.483385322972
2026-09-23,ARI incidence,2026-10-04,3,CY,quantile,0.15,3720.910453025015
2026-09-23,ARI incidence,2026-10-04,3,CY,quantile,0.05,3203.3278328333654
2026-09-23,ARI incidence,2026-10-04,3,CY,quantile,0.01,2703.5123166323965
2026-09-23,ARI incidence,2026-10-04,3,CY,quantile,0.025,2950.1967049353275
2026-09-23,ARI incidence,2026-10-04,3,CY,quantile,0.45,4718.771950125983
2026-09-23,ARI incidence,2026-10-04,3,CY,quantile,0.5,4868.301944758073
2026-09-23,ARI incidence,2026-10-04,3,CY,quantile,0.55,5027.207066195453
2026-09-23,ARI incidence,2026-10-04,3,CY,quantile,0.6,5193.392200063418
2026-09-23,ARI incidence,2026-10-04,3,CY,quantile,0.65,5370.623994022513
2026-09-23,ARI incidence,2026-10-04,3,CY,median,NA,4868.301944758073
2026-09-23,ARI incidence,2026-10-11,4,CY,quantile,0.95,4937.908156007107
2026-09-23,ARI incidence,2026-10-11,4,CY,quantile,0.85,4601.017851483548
2026-09-23,ARI incidence,2026-10-11,4,CY,quantile,0.9,4739.693452420248
2026-09-23,ARI incidence,2026-10-11,4,CY,quantile,0.75,4405.520950143513
2026-09-23,ARI incidence,2026-10-11,4,CY,quantile,0.65,4248.776592682565
2026-09-23,ARI incidence,2026-10-11,4,CY,quantile,0.975,5146.587588905944
2026-09-23,ARI incidence,2026-10-11,4,CY,quantile,0.99,5416.269312090863
2026-09-23,ARI incidence,2026-10-11,4,CY,quantile,0.7,4318.889577485491
2026-09-23,ARI incidence,2026-10-11,4,CY,quantile,0.6,4181.706091585702
2026-09-23,ARI incidence,2026-10-11,4,CY,quantile,0.8,4491.571678608208
2026-09-23,ARI incidence,2026-10-11,4,CY,quantile,0.5,4050.08534862598
2026-09-23,ARI incidence,2026-10-11,4,CY,quantile,0.55,4114.9232723106425
2026-09-23,ARI incidence,2026-10-11,4,CY,quantile,0.45,3987.8240428379854
2026-09-23,ARI incidence,2026-10-11,4,CY,quantile,0.4,3930.007014302342
2026-09-23,ARI incidence,2026-10-11,4,CY,quantile,0.15,3573.312197569648
2026-09-23,ARI incidence,2026-10-11,4,CY,quantile,0.1,3474.3801454380637
2026-09-23,ARI incidence,2026-10-11,4,CY,quantile,0.35,3866.415389550643
2026-09-23,ARI incidence,2026-10-11,4,CY,quantile,0.2,3657.959978380434
2026-09-23,ARI incidence,2026-10-11,4,CY,quantile,0.05,3322.0895650775337
2026-09-23,ARI incidence,2026-10-11,4,CY,quantile,0.025,3204.0561140763198
2026-09-23,ARI incidence,2026-10-11,4,CY,quantile,0.25,3730.702561493808
2026-09-23,ARI incidence,2026-10-11,4,CY,quantile,0.3,3800.115184849647
2026-09-23,ARI incidence,2026-10-11,4,CY,quantile,0.01,3065.476768133947
2026-09-23,ARI incidence,2026-10-11,4,CY,median,NA,4050.08534862598
2026-09-23,ARI incidence,2026-09-20,1,DE,quantile,0.99,1300.8642961536173
2026-09-23,ARI incidence,2026-09-20,1,DE,quantile,0.975,1229.6825790034816
2026-09-23,ARI incidence,2026-09-20,1,DE,quantile,0.7,977.748433276056
2026-09-23,ARI incidence,2026-09-20,1,DE,quantile,0.9,1103.5384647812716
2026-09-23,ARI incidence,2026-09-20,1,DE,quantile,0.95,1170.2868127917434
2026-09-23,ARI incidence,2026-09-20,1,DE,quantile,0.6,934.8857097362644
2026-09-23,ARI incidence,2026-09-20,1,DE,quantile,0.65,953.9327781746252
2026-09-23,ARI incidence,2026-09-20,1,DE,quantile,0.85,1060.4891556603145
2026-09-23,ARI incidence,2026-09-20,1,DE,quantile,0.35,842.8945759409431
2026-09-23,ARI incidence,2026-09-20,1,DE,quantile,0.3,823.9098913935967
2026-09-23,ARI incidence,2026-09-20,1,DE,quantile,0.4,861.1943248666845
2026-09-23,ARI incidence,2026-09-20,1,DE,quantile,0.45,878.5110309471647
2026-09-23,ARI incidence,2026-09-20,1,DE,quantile,0.8,1029.3366154543353
2026-09-23,ARI incidence,2026-09-20,1,DE,quantile,0.2,783.6207412266463
2026-09-23,ARI incidence,2026-09-20,1,DE,quantile,0.15,757.8550340472673
2026-09-23,ARI incidence,2026-09-20,1,DE,quantile,0.05,688.5019355983205
2026-09-23,ARI incidence,2026-09-20,1,DE,quantile,0.5,896.6561806196474
2026-09-23,ARI incidence,2026-09-20,1,DE,quantile,0.75,1001.4132639346795
2026-09-23,ARI incidence,2026-09-20,1,DE,quantile,0.1,727.0529794943468
2026-09-23,ARI incidence,2026-09-20,1,DE,quantile,0.55,914.979405490013
2026-09-23,ARI incidence,2026-09-20,1,DE,quantile,0.025,652.2545924921343
2026-09-23,ARI incidence,2026-09-20,1,DE,quantile,0.01,617.8973059904549
2026-09-23,ARI incidence,2026-09-20,1,DE,quantile,0.25,804.9735710115597
2026-09-23,ARI incidence,2026-09-20,1,DE,median,NA,896.6561806196474
2026-09-23,ARI incidence,2026-09-27,2,DE,quantile,0.45,1008.3139410144902
2026-09-23,ARI incidence,2026-09-27,2,DE,quantile,0.5,1024.4534888274811
2026-09-23,ARI incidence,2026-09-27,2,DE,quantile,0.35,974.7752657754766
2026-09-23,ARI incidence,2026-09-27,2,DE,quantile,0.4,991.5119230614844
2026-09-23,ARI incidence,2026-09-27,2,DE,quantile,0.05,834.2675873650717
2026-09-23,ARI incidence,2026-09-27,2,DE,quantile,0.1,871.2023409005043
2026-09-23,ARI incidence,2026-09-27,2,DE,quantile,0.15,896.6935316465028
2026-09-23,ARI incidence,2026-09-27,2,DE,quantile,0.2,921.26888720122
2026-09-23,ARI incidence,2026-09-27,2,DE,quantile,0.025,800.9710595710789
2026-09-23,ARI incidence,2026-09-27,2,DE,quantile,0.01,769.7757238388876
2026-09-23,ARI incidence,2026-09-27,2,DE,quantile,0.85,1167.9830609720957
2026-09-23,ARI incidence,2026-09-27,2,DE,quantile,0.55,1043.0484587883734
2026-09-23,ARI incidence,2026-09-27,2,DE,quantile,0.65,1077.6738568311016
2026-09-23,ARI incidence,2026-09-27,2,DE,quantile,0.7,1097.3133832009005
2026-09-23,ARI incidence,2026-09-27,2,DE,quantile,0.9,1202.332053526402
2026-09-23,ARI incidence,2026-09-27,2,DE,quantile,0.8,1140.758281091934
2026-09-23,ARI incidence,2026-09-27,2,DE,quantile,0.3,958.3496734158264
2026-09-23,ARI incidence,2026-09-27,2,DE,quantile,0.6,1059.923896377336
2026-09-23,ARI incidence,2026-09-27,2,DE,quantile,0.99,1378.2147352382444
2026-09-23,ARI incidence,2026-09-27,2,DE,quantile,0.25,941.8983919558464
2026-09-23,ARI incidence,2026-09-27,2,DE,quantile,0.95,1257.0847450067113
2026-09-23,ARI incidence,2026-09-27,2,DE,quantile,0.975,1313.1320288200704
2026-09-23,ARI incidence,2026-09-27,2,DE,quantile,0.75,1116.9078947209944
2026-09-23,ARI incidence,2026-09-27,2,DE,median,NA,1024.4534888274811
2026-09-23,ARI incidence,2026-10-04,3,DE,quantile,0.3,1079.272150595075
2026-09-23,ARI incidence,2026-10-04,3,DE,quantile,0.05,912.2704017598568
2026-09-23,ARI incidence,2026-10-04,3,DE,quantile,0.1,962.655592080358
2026-09-23,ARI incidence,2026-10-04,3,DE,quantile,0.15,999.12470044965
2026-09-23,ARI incidence,2026-10-04,3,DE,quantile,0.01,825.9008688754731
2026-09-23,ARI incidence,2026-10-04,3,DE,quantile,0.975,1571.4163618195405
2026-09-23,ARI incidence,2026-10-04,3,DE,quantile,0.025,868.0179235389473
2026-09-23,ARI incidence,2026-10-04,3,DE,quantile,0.2,1029.8403351056804
2026-09-23,ARI incidence,2026-10-04,3,DE,quantile,0.25,1055.0289310781093
2026-09-23,ARI incidence,2026-10-04,3,DE,quantile,0.99,1658.389421350479
2026-09-23,ARI incidence,2026-10-04,3,DE,quantile,0.9,1415.964744746601
2026-09-23,ARI incidence,2026-10-04,3,DE,quantile,0.75,1294.112104473414
2026-09-23,ARI incidence,2026-10-04,3,DE,quantile,0.85,1363.3982105314533
2026-09-23,ARI incidence,2026-10-04,3,DE,quantile,0.95,1492.3090761487158
2026-09-23,ARI incidence,2026-10-04,3,DE,quantile,0.8,1326.147785872245
2026-09-23,ARI incidence,2026-10-04,3,DE,quantile,0.7,1266.3423895688582
2026-09-23,ARI incidence,2026-10-04,3,DE,quantile,0.65,1241.0892922614928
2026-09-23,ARI incidence,2026-10-04,3,DE,quantile,0.35,1102.438977582005
2026-09-23,ARI incidence,2026-10-04,3,DE,quantile,0.4,1126.2397810923817
2026-09-23,ARI incidence,2026-10-04,3,DE,quantile,0.55,1192.7497015681215
2026-09-23,ARI incidence,2026-10-04,3,DE,quantile,0.6,1216.424118879247
2026-09-23,ARI incidence,2026-10-04,3,DE,quantile,0.5,1171.571068734524
2026-09-23,ARI incidence,2026-10-04,3,DE,quantile,0.45,1148.489545195626
2026-09-23,ARI incidence,2026-10-04,3,DE,median,NA,1171.571068734524
2026-09-23,ARI incidence,2026-10-11,4,DE,quantile,0.025,938.9517719506276
2026-09-23,ARI incidence,2026-10-11,4,DE,quantile,0.05,982.2916609920414
2026-09-23,ARI incidence,2026-10-11,4,DE,quantile,0.1,1032.7379556581166
2026-09-23,ARI incidence,2026-10-11,4,DE,quantile,0.01,885.8626915673353
2026-09-23,ARI incidence,2026-10-11,4,DE,quantile,0.15,1071.2296189080264
2026-09-23,ARI incidence,2026-10-11,4,DE,quantile,0.9,1511.45495508476
2026-09-23,ARI incidence,2026-10-11,4,DE,quantile,0.975,1670.5736455872518
2026-09-23,ARI incidence,2026-10-11,4,DE,quantile,0.95,1592.1350237504512
2026-09-23,ARI incidence,2026-10-11,4,DE,quantile,0.99,1763.0831283692996
2026-09-23,ARI incidence,2026-10-11,4,DE,quantile,0.85,1456.6586266025404
2026-09-23,ARI incidence,2026-10-11,4,DE,quantile,0.2,1103.177629989081
2026-09-23,ARI incidence,2026-10-11,4,DE,quantile,0.25,1130.928723673589
2026-09-23,ARI incidence,2026-10-11,4,DE,quantile,0.3,1155.851637363883
2026-09-23,ARI incidence,2026-10-11,4,DE,quantile,0.55,1272.48207481979
2026-09-23,ARI incidence,2026-10-11,4,DE,quantile,0.7,1350.5914504812113
2026-09-23,ARI incidence,2026-10-11,4,DE,quantile,0.6,1297.452520509572
2026-09-23,ARI incidence,2026-10-11,4,DE,quantile,0.65,1323.247591052829
2026-09-23,ARI incidence,2026-10-11,4,DE,quantile,0.5,1247.8769180160762
2026-09-23,ARI incidence,2026-10-11,4,DE,quantile,0.35,1179.7060625874433
2026-09-23,ARI incidence,2026-10-11,4,DE,quantile,0.75,1381.754812285329
2026-09-23,ARI incidence,2026-10-11,4,DE,quantile,0.8,1414.9761313496192
2026-09-23,ARI incidence,2026-10-11,4,DE,quantile,0.4,1203.5083408399205
2026-09-23,ARI incidence,2026-10-11,4,DE,quantile,0.45,1225.9169877393726
2026-09-23,ARI incidence,2026-10-11,4,DE,median,NA,1247.8769180160762
2026-09-23,ARI incidence,2026-09-20,1,EE,quantile,0.99,221.21975955271972
2026-09-23,ARI incidence,2026-09-20,1,EE,quantile,0.9,214.1725535913131
2026-09-23,ARI incidence,2026-09-20,1,EE,quantile,0.7,208.95637801376031
2026-09-23,ARI incidence,2026-09-20,1,EE,quantile,0.95,216.55543531630732
2026-09-23,ARI incidence,2026-09-20,1,EE,quantile,0.975,218.75049699243448
2026-09-23,ARI incidence,2026-09-20,1,EE,quantile,0.8,211.11804597567743
2026-09-23,ARI incidence,2026-09-20,1,EE,quantile,0.85,212.49161787262332
2026-09-23,ARI incidence,2026-09-20,1,EE,quantile,0.75,209.95091255286513
2026-09-23,ARI incidence,2026-09-20,1,EE,quantile,0.65,208.00778729450957
2026-09-23,ARI incidence,2026-09-20,1,EE,quantile,0.55,206.27301234030813
2026-09-23,ARI incidence,2026-09-20,1,EE,quantile,0.6,207.1075074318319
2026-09-23,ARI incidence,2026-09-20,1,EE,quantile,0.45,204.662415875943
2026-09-23,ARI incidence,2026-09-20,1,EE,quantile,0.5,205.44380494320885
2026-09-23,ARI incidence,2026-09-20,1,EE,quantile,0.3,202.07193858647503
2026-09-23,ARI incidence,2026-09-20,1,EE,quantile,0.35,202.9706869651994
2026-09-23,ARI incidence,2026-09-20,1,EE,quantile,0.4,203.77857002703055
2026-09-23,ARI incidence,2026-09-20,1,EE,quantile,0.25,201.05232529143973
2026-09-23,ARI incidence,2026-09-20,1,EE,quantile,0.2,199.8891865915674
2026-09-23,ARI incidence,2026-09-20,1,EE,quantile,0.01,190.61166311473633
2026-09-23,ARI incidence,2026-09-20,1,EE,quantile,0.15,198.63726636129348
2026-09-23,ARI incidence,2026-09-20,1,EE,quantile,0.05,194.8975435683142
2026-09-23,ARI incidence,2026-09-20,1,EE,quantile,0.1,197.0950179449657
2026-09-23,ARI incidence,2026-09-20,1,EE,quantile,0.025,192.93239548005573
2026-09-23,ARI incidence,2026-09-20,1,EE,median,NA,205.44380494320885
2026-09-23,ARI incidence,2026-09-27,2,EE,quantile,0.4,250.94028902755983
2026-09-23,ARI incidence,2026-09-27,2,EE,quantile,0.65,291.8451557682994
2026-09-23,ARI incidence,2026-09-27,2,EE,quantile,0.35,243.44307952181316
2026-09-23,ARI incidence,2026-09-27,2,EE,quantile,0.45,259.12624269909145
2026-09-23,ARI incidence,2026-09-27,2,EE,quantile,0.8,323.5124495519251
2026-09-23,ARI incidence,2026-09-27,2,EE,quantile,0.95,392.0744129685904
2026-09-23,ARI incidence,2026-09-27,2,EE,quantile,0.975,426.1089686301455
2026-09-23,ARI incidence,2026-09-27,2,EE,quantile,0.3,235.3792988920407
2026-09-23,ARI incidence,2026-09-27,2,EE,quantile,0.25,227.17589301958853
2026-09-23,ARI incidence,2026-09-27,2,EE,quantile,0.9,359.83282120297196
2026-09-23,ARI incidence,2026-09-27,2,EE,quantile,0.01,154.4724148197374
2026-09-23,ARI incidence,2026-09-27,2,EE,quantile,0.025,169.06031176947866
2026-09-23,ARI incidence,2026-09-27,2,EE,quantile,0.5,266.438696132201
2026-09-23,ARI incidence,2026-09-27,2,EE,quantile,0.85,339.05178835642675
2026-09-23,ARI incidence,2026-09-27,2,EE,quantile,0.05,181.8081143776719
2026-09-23,ARI incidence,2026-09-27,2,EE,quantile,0.1,197.38598829344775
2026-09-23,ARI incidence,2026-09-27,2,EE,quantile,0.15,208.85865474028623
2026-09-23,ARI incidence,2026-09-27,2,EE,quantile,0.55,274.4404050311498
2026-09-23,ARI incidence,2026-09-27,2,EE,quantile,0.6,283.29771114212025
2026-09-23,ARI incidence,2026-09-27,2,EE,quantile,0.75,312.1200332466159
2026-09-23,ARI incidence,2026-09-27,2,EE,quantile,0.99,461.3594991435988
2026-09-23,ARI incidence,2026-09-27,2,EE,quantile,0.2,218.6889669181025
2026-09-23,ARI incidence,2026-09-27,2,EE,quantile,0.7,301.951866150524
2026-09-23,ARI incidence,2026-09-27,2,EE,median,NA,266.438696132201
2026-09-23,ARI incidence,2026-10-04,3,EE,quantile,0.975,494.3063047972843
2026-09-23,ARI incidence,2026-10-04,3,EE,quantile,0.85,307.6982455186898
2026-09-23,ARI incidence,2026-10-04,3,EE,quantile,0.9,348.216878693366
2026-09-23,ARI incidence,2026-10-04,3,EE,quantile,0.95,419.9616803724294
2026-09-23,ARI incidence,2026-10-04,3,EE,quantile,0.99,594.7258950066376
2026-09-23,ARI incidence,2026-10-04,3,EE,quantile,0.7,238.2756778574956
2026-09-23,ARI incidence,2026-10-04,3,EE,quantile,0.8,279.19148881401463
2026-09-23,ARI incidence,2026-10-04,3,EE,quantile,0.75,256.0024291650633
2026-09-23,ARI incidence,2026-10-04,3,EE,quantile,0.45,171.50144444980074
2026-09-23,ARI incidence,2026-10-04,3,EE,quantile,0.55,194.71674303756535
2026-09-23,ARI incidence,2026-10-04,3,EE,quantile,0.5,182.66237473108703
2026-09-23,ARI incidence,2026-10-04,3,EE,quantile,0.6,207.78099412683977
2026-09-23,ARI incidence,2026-10-04,3,EE,quantile,0.65,222.40693031421137
2026-09-23,ARI incidence,2026-10-04,3,EE,quantile,0.3,141.05074056411652
2026-09-23,ARI incidence,2026-10-04,3,EE,quantile,0.4,160.92087208773006
2026-09-23,ARI incidence,2026-10-04,3,EE,quantile,0.2,120.571380806196
2026-09-23,ARI incidence,2026-10-04,3,EE,quantile,0.25,130.76783334189065
2026-09-23,ARI incidence,2026-10-04,3,EE,quantile,0.35,150.64761196299563
2026-09-23,ARI incidence,2026-10-04,3,EE,quantile,0.15,109.6315580269864
2026-09-23,ARI incidence,2026-10-04,3,EE,quantile,0.025,68.52809265829444
2026-09-23,ARI incidence,2026-10-04,3,EE,quantile,0.1,96.36278630531474
2026-09-23,ARI incidence,2026-10-04,3,EE,quantile,0.05,79.61594973293892
2026-09-23,ARI incidence,2026-10-04,3,EE,quantile,0.01,56.34808433216782
2026-09-23,ARI incidence,2026-10-04,3,EE,median,NA,182.66237473108703
2026-09-23,ARI incidence,2026-10-11,4,EE,quantile,0.75,240.53843272413664
2026-09-23,ARI incidence,2026-10-11,4,EE,quantile,0.8,261.4686281781058
2026-09-23,ARI incidence,2026-10-11,4,EE,quantile,0.7,223.40050993168597
2026-09-23,ARI incidence,2026-10-11,4,EE,quantile,0.65,208.49739054632963
2026-09-23,ARI incidence,2026-10-11,4,EE,quantile,0.85,287.16349472866324
2026-09-23,ARI incidence,2026-10-11,4,EE,quantile,0.6,195.71426156007217
2026-09-23,ARI incidence,2026-10-11,4,EE,quantile,0.975,444.63573058823226
2026-09-23,ARI incidence,2026-10-11,4,EE,quantile,0.99,535.8905670718208
2026-09-23,ARI incidence,2026-10-11,4,EE,quantile,0.95,383.0069656849964
2026-09-23,ARI incidence,2026-10-11,4,EE,quantile,0.45,164.07825783051555
2026-09-23,ARI incidence,2026-10-11,4,EE,quantile,0.35,145.71296923034774
2026-09-23,ARI incidence,2026-10-11,4,EE,quantile,0.5,173.34641490175756
2026-09-23,ARI incidence,2026-10-11,4,EE,quantile,0.55,184.24442658616815
2026-09-23,ARI incidence,2026-10-11,4,EE,quantile,0.3,136.86883753508218
2026-09-23,ARI incidence,2026-10-11,4,EE,quantile,0.4,154.91399630646325
2026-09-23,ARI incidence,2026-10-11,4,EE,quantile,0.9,321.6608084744996
2026-09-23,ARI incidence,2026-10-11,4,EE,quantile,0.25,127.01353155188391
2026-09-23,ARI incidence,2026-10-11,4,EE,quantile,0.2,117.05415857730635
2026-09-23,ARI incidence,2026-10-11,4,EE,quantile,0.1,95.244409518994
2026-09-23,ARI incidence,2026-10-11,4,EE,quantile,0.05,79.23486287205687
2026-09-23,ARI incidence,2026-10-11,4,EE,quantile,0.15,106.42209932569388
2026-09-23,ARI incidence,2026-10-11,4,EE,quantile,0.01,56.63971668352789
2026-09-23,ARI incidence,2026-10-11,4,EE,quantile,0.025,67.8494668652194
2026-09-23,ARI incidence,2026-10-11,4,EE,median,NA,173.34641490175756
2026-09-23,ARI incidence,2026-09-20,1,ES,quantile,0.35,319.70899247116586
2026-09-23,ARI incidence,2026-09-20,1,ES,quantile,0.4,327.60494564107063
2026-09-23,ARI incidence,2026-09-20,1,ES,quantile,0.3,310.98687850955116
2026-09-23,ARI incidence,2026-09-20,1,ES,quantile,0.2,292.8150861098778
2026-09-23,ARI incidence,2026-09-20,1,ES,quantile,0.25,302.2674122526799
2026-09-23,ARI incidence,2026-09-20,1,ES,quantile,0.45,335.5170346782923
2026-09-23,ARI incidence,2026-09-20,1,ES,quantile,0.5,344.35505093823815
2026-09-23,ARI incidence,2026-09-20,1,ES,quantile,0.15,281.5507986988432
2026-09-23,ARI incidence,2026-09-20,1,ES,quantile,0.025,236.08394253699623
2026-09-23,ARI incidence,2026-09-20,1,ES,quantile,0.1,268.4781871986947
2026-09-23,ARI incidence,2026-09-20,1,ES,quantile,0.8,405.52245690642474
2026-09-23,ARI incidence,2026-09-20,1,ES,quantile,0.01,219.43209039285196
2026-09-23,ARI incidence,2026-09-20,1,ES,quantile,0.75,391.995515891595
2026-09-23,ARI incidence,2026-09-20,1,ES,quantile,0.9,440.2416872659643
2026-09-23,ARI incidence,2026-09-20,1,ES,quantile,0.85,420.47998610359826
2026-09-23,ARI incidence,2026-09-20,1,ES,quantile,0.975,502.5481120847209
2026-09-23,ARI incidence,2026-09-20,1,ES,quantile,0.55,352.4569840163879
2026-09-23,ARI incidence,2026-09-20,1,ES,quantile,0.6,361.5038017796669
2026-09-23,ARI incidence,2026-09-20,1,ES,quantile,0.7,380.95865198043913
2026-09-23,ARI incidence,2026-09-20,1,ES,quantile,0.05,250.17987166658483
2026-09-23,ARI incidence,2026-09-20,1,ES,quantile,0.95,472.2962645930252
2026-09-23,ARI incidence,2026-09-20,1,ES,quantile,0.99,536.7929278818168
2026-09-23,ARI incidence,2026-09-20,1,ES,quantile,0.65,370.6928233676665
2026-09-23,ARI incidence,2026-09-20,1,ES,median,NA,344.35505093823815
2026-09-23,ARI incidence,2026-09-27,2,ES,quantile,0.99,737.7437156621145
2026-09-23,ARI incidence,2026-09-27,2,ES,quantile,0.9,558.490273506725
2026-09-23,ARI incidence,2026-09-27,2,ES,quantile,0.95,620.4268235738526
2026-09-23,ARI incidence,2026-09-27,2,ES,quantile,0.975,670.1612990371166
2026-09-23,ARI incidence,2026-09-27,2,ES,quantile,0.8,495.68792737781274
2026-09-23,ARI incidence,2026-09-27,2,ES,quantile,0.85,523.9425437170007
2026-09-23,ARI incidence,2026-09-27,2,ES,quantile,0.7,456.0568398708234
2026-09-23,ARI incidence,2026-09-27,2,ES,quantile,0.75,475.0605578326302
2026-09-23,ARI incidence,2026-09-27,2,ES,quantile,0.55,409.5391809645866
2026-09-23,ARI incidence,2026-09-27,2,ES,quantile,0.65,438.7550526428733
2026-09-23,ARI incidence,2026-09-27,2,ES,quantile,0.5,395.88002347936595
2026-09-23,ARI incidence,2026-09-27,2,ES,quantile,0.45,382.8206063568368
2026-09-23,ARI incidence,2026-09-27,2,ES,quantile,0.6,424.08417505781256
2026-09-23,ARI incidence,2026-09-27,2,ES,quantile,0.3,345.1786329311553
2026-09-23,ARI incidence,2026-09-27,2,ES,quantile,0.4,370.5096751933603
2026-09-23,ARI incidence,2026-09-27,2,ES,quantile,0.2,317.53575519785466
2026-09-23,ARI incidence,2026-09-27,2,ES,quantile,0.25,332.38209578315605
2026-09-23,ARI incidence,2026-09-27,2,ES,quantile,0.35,357.3408691611945
2026-09-23,ARI incidence,2026-09-27,2,ES,quantile,0.15,302.0709650963716
2026-09-23,ARI incidence,2026-09-27,2,ES,quantile,0.025,234.38757184580712
2026-09-23,ARI incidence,2026-09-27,2,ES,quantile,0.05,255.93568490112017
2026-09-23,ARI incidence,2026-09-27,2,ES,quantile,0.1,282.66644169485016
2026-09-23,ARI incidence,2026-09-27,2,ES,quantile,0.01,215.40228132430116
2026-09-23,ARI incidence,2026-09-27,2,ES,median,NA,395.88002347936595
2026-09-23,ARI incidence,2026-10-04,3,ES,quantile,0.55,416.7495035395448
2026-09-23,ARI incidence,2026-10-04,3,ES,quantile,0.5,402.22803885889886
2026-09-23,ARI incidence,2026-10-04,3,ES,quantile,0.4,371.5188279235569
2026-09-23,ARI incidence,2026-10-04,3,ES,quantile,0.85,541.6425661494351
2026-09-23,ARI incidence,2026-10-04,3,ES,quantile,0.9,580.1447913258528
2026-09-23,ARI incidence,2026-10-04,3,ES,quantile,0.95,651.1196552243086
2026-09-23,ARI incidence,2026-10-04,3,ES,quantile,0.6,433.0091548452376
2026-09-23,ARI incidence,2026-10-04,3,ES,quantile,0.45,385.9383891508759
2026-09-23,ARI incidence,2026-10-04,3,ES,quantile,0.65,450.94535967741007
2026-09-23,ARI incidence,2026-10-04,3,ES,quantile,0.1,274.2901061608788
2026-09-23,ARI incidence,2026-10-04,3,ES,quantile,0.7,468.9652040204768
2026-09-23,ARI incidence,2026-10-04,3,ES,quantile,0.75,489.6372475777425
2026-09-23,ARI incidence,2026-10-04,3,ES,quantile,0.975,712.8698979476796
2026-09-23,ARI incidence,2026-10-04,3,ES,quantile,0.35,357.4930803755754
2026-09-23,ARI incidence,2026-10-04,3,ES,quantile,0.025,225.44284949155644
2026-09-23,ARI incidence,2026-10-04,3,ES,quantile,0.05,247.31092525387632
2026-09-23,ARI incidence,2026-10-04,3,ES,quantile,0.8,512.789444836834
2026-09-23,ARI incidence,2026-10-04,3,ES,quantile,0.15,294.3913712544968
2026-09-23,ARI incidence,2026-10-04,3,ES,quantile,0.99,795.592059496533
2026-09-23,ARI incidence,2026-10-04,3,ES,quantile,0.2,311.99657270565586
2026-09-23,ARI incidence,2026-10-04,3,ES,quantile,0.01,201.29492501929076
2026-09-23,ARI incidence,2026-10-04,3,ES,quantile,0.25,328.68697519437336
2026-09-23,ARI incidence,2026-10-04,3,ES,quantile,0.3,343.2560131193817
2026-09-23,ARI incidence,2026-10-04,3,ES,median,NA,402.22803885889886
2026-09-23,ARI incidence,2026-10-11,4,ES,quantile,0.4,338.7161671078685
2026-09-23,ARI incidence,2026-10-11,4,ES,quantile,0.45,354.09205577638335
2026-09-23,ARI incidence,2026-10-11,4,ES,quantile,0.3,308.5084161154567
2026-09-23,ARI incidence,2026-10-11,4,ES,quantile,0.2,277.81094215466953
2026-09-23,ARI incidence,2026-10-11,4,ES,quantile,0.25,293.1685625513794
2026-09-23,ARI incidence,2026-10-11,4,ES,quantile,0.65,423.0821895008316
2026-09-23,ARI incidence,2026-10-11,4,ES,quantile,0.5,370.5445784683626
2026-09-23,ARI incidence,2026-10-11,4,ES,quantile,0.05,208.818673077426
2026-09-23,ARI incidence,2026-10-11,4,ES,quantile,0.15,259.19351233128026
2026-09-23,ARI incidence,2026-10-11,4,ES,quantile,0.35,324.4949331497201
2026-09-23,ARI incidence,2026-10-11,4,ES,quantile,0.6,404.21535437486494
2026-09-23,ARI incidence,2026-10-11,4,ES,quantile,0.95,658.3120816705954
2026-09-23,ARI incidence,2026-10-11,4,ES,quantile,0.025,183.81300174564373
2026-09-23,ARI incidence,2026-10-11,4,ES,quantile,0.55,386.8802189578586
2026-09-23,ARI incidence,2026-10-11,4,ES,quantile,0.1,238.1043767234443
2026-09-23,ARI incidence,2026-10-11,4,ES,quantile,0.7,442.3636578575347
2026-09-23,ARI incidence,2026-10-11,4,ES,quantile,0.975,739.8162177732962
2026-09-23,ARI incidence,2026-10-11,4,ES,quantile,0.99,840.8366088988953
2026-09-23,ARI incidence,2026-10-11,4,ES,quantile,0.9,578.3133887244621
2026-09-23,ARI incidence,2026-10-11,4,ES,quantile,0.85,531.094135628536
2026-09-23,ARI incidence,2026-10-11,4,ES,quantile,0.75,467.992113067158
2026-09-23,ARI incidence,2026-10-11,4,ES,quantile,0.8,495.7306958324938
2026-09-23,ARI incidence,2026-10-11,4,ES,quantile,0.01,160.5308657132
2026-09-23,ARI incidence,2026-10-11,4,ES,median,NA,370.5445784683626
2026-09-23,ARI incidence,2026-09-20,1,GB-WLS,quantile,0.01,33.713216826980535
2026-09-23,ARI incidence,2026-09-20,1,GB-WLS,quantile,0.6,87.33992199775346
2026-09-23,ARI incidence,2026-09-20,1,GB-WLS,quantile,0.55,82.99736636266046
2026-09-23,ARI incidence,2026-09-20,1,GB-WLS,quantile,0.35,69.01196164170047
2026-09-23,ARI incidence,2026-09-20,1,GB-WLS,quantile,0.4,72.45464993433441
2026-09-23,ARI incidence,2026-09-20,1,GB-WLS,quantile,0.45,75.87397866375568
2026-09-23,ARI incidence,2026-09-20,1,GB-WLS,quantile,0.5,79.34215421024385
2026-09-23,ARI incidence,2026-09-20,1,GB-WLS,quantile,0.025,38.69972454181263
2026-09-23,ARI incidence,2026-09-20,1,GB-WLS,quantile,0.3,65.4576251785907
2026-09-23,ARI incidence,2026-09-20,1,GB-WLS,quantile,0.2,58.78590866526454
2026-09-23,ARI incidence,2026-09-20,1,GB-WLS,quantile,0.25,62.23126971452024
2026-09-23,ARI incidence,2026-09-20,1,GB-WLS,quantile,0.15,54.63766106159651
2026-09-23,ARI incidence,2026-09-20,1,GB-WLS,quantile,0.1,49.87436851046932
2026-09-23,ARI incidence,2026-09-20,1,GB-WLS,quantile,0.05,43.523493529260655
2026-09-23,ARI incidence,2026-09-20,1,GB-WLS,quantile,0.65,91.2644947486682
2026-09-23,ARI incidence,2026-09-20,1,GB-WLS,quantile,0.7,95.94044085175577
2026-09-23,ARI incidence,2026-09-20,1,GB-WLS,quantile,0.75,101.16298501952622
2026-09-23,ARI incidence,2026-09-20,1,GB-WLS,quantile,0.8,107.61533933141165
2026-09-23,ARI incidence,2026-09-20,1,GB-WLS,quantile,0.99,185.61939939972635
2026-09-23,ARI incidence,2026-09-20,1,GB-WLS,quantile,0.975,160.49658012493154
2026-09-23,ARI incidence,2026-09-20,1,GB-WLS,quantile,0.85,114.62536456438278
2026-09-23,ARI incidence,2026-09-20,1,GB-WLS,quantile,0.95,142.978003667927
2026-09-23,ARI incidence,2026-09-20,1,GB-WLS,quantile,0.9,125.3111359986333
2026-09-23,ARI incidence,2026-09-20,1,GB-WLS,median,NA,79.34215421024385
2026-09-23,ARI incidence,2026-09-27,2,GB-WLS,quantile,0.975,115.00158958679604
2026-09-23,ARI incidence,2026-09-27,2,GB-WLS,quantile,0.85,93.6864062088475
2026-09-23,ARI incidence,2026-09-27,2,GB-WLS,quantile,0.8,89.41674513834252
2026-09-23,ARI incidence,2026-09-27,2,GB-WLS,quantile,0.05,50.225280047017975
2026-09-23,ARI incidence,2026-09-27,2,GB-WLS,quantile,0.1,54.765982130243486
2026-09-23,ARI incidence,2026-09-27,2,GB-WLS,quantile,0.9,98.73250180369097
2026-09-23,ARI incidence,2026-09-27,2,GB-WLS,quantile,0.95,107.62157749918708
2026-09-23,ARI incidence,2026-09-27,2,GB-WLS,quantile,0.99,125.45658893321335
2026-09-23,ARI incidence,2026-09-27,2,GB-WLS,quantile,0.75,86.0438611711646
2026-09-23,ARI incidence,2026-09-27,2,GB-WLS,quantile,0.15,57.96643397282394
2026-09-23,ARI incidence,2026-09-27,2,GB-WLS,quantile,0.025,46.330955298100186
2026-09-23,ARI incidence,2026-09-27,2,GB-WLS,quantile,0.01,42.77038098796207
2026-09-23,ARI incidence,2026-09-27,2,GB-WLS,quantile,0.2,60.62010503438589
2026-09-23,ARI incidence,2026-09-27,2,GB-WLS,quantile,0.25,63.13378790923323
2026-09-23,ARI incidence,2026-09-27,2,GB-WLS,quantile,0.7,83.1768272515381
2026-09-23,ARI incidence,2026-09-27,2,GB-WLS,quantile,0.4,69.67427958951839
2026-09-23,ARI incidence,2026-09-27,2,GB-WLS,quantile,0.65,80.49383399704729
2026-09-23,ARI incidence,2026-09-27,2,GB-WLS,quantile,0.35,67.65285291399286
2026-09-23,ARI incidence,2026-09-27,2,GB-WLS,quantile,0.6,78.16553061498317
2026-09-23,ARI incidence,2026-09-27,2,GB-WLS,quantile,0.45,71.81194141159605
2026-09-23,ARI incidence,2026-09-27,2,GB-WLS,quantile,0.3,65.45787251476781
2026-09-23,ARI incidence,2026-09-27,2,GB-WLS,quantile,0.5,73.79816067634587
2026-09-23,ARI incidence,2026-09-27,2,GB-WLS,quantile,0.55,75.81335917445226
2026-09-23,ARI incidence,2026-09-27,2,GB-WLS,median,NA,73.79816067634587
2026-09-23,ARI incidence,2026-10-04,3,GB-WLS,quantile,0.975,113.42846590547168
2026-09-23,ARI incidence,2026-10-04,3,GB-WLS,quantile,0.95,102.85591654024437
2026-09-23,ARI incidence,2026-10-04,3,GB-WLS,quantile,0.99,129.6914264523307
2026-09-23,ARI incidence,2026-10-04,3,GB-WLS,quantile,0.9,90.75014974839864
2026-09-23,ARI incidence,2026-10-04,3,GB-WLS,quantile,0.7,69.24249326475918
2026-09-23,ARI incidence,2026-10-04,3,GB-WLS,quantile,0.75,73.03729364753683
2026-09-23,ARI incidence,2026-10-04,3,GB-WLS,quantile,0.85,83.06822942956494
2026-09-23,ARI incidence,2026-10-04,3,GB-WLS,quantile,0.55,60.354522575249575
2026-09-23,ARI incidence,2026-10-04,3,GB-WLS,quantile,0.8,77.66075032863152
2026-09-23,ARI incidence,2026-10-04,3,GB-WLS,quantile,0.65,65.92652692810572
2026-09-23,ARI incidence,2026-10-04,3,GB-WLS,quantile,0.6,62.995714251418654
2026-09-23,ARI incidence,2026-10-04,3,GB-WLS,quantile,0.5,57.79393798713153
2026-09-23,ARI incidence,2026-10-04,3,GB-WLS,quantile,0.025,29.644306519887593
2026-09-23,ARI incidence,2026-10-04,3,GB-WLS,quantile,0.05,33.070641033050606
2026-09-23,ARI incidence,2026-10-04,3,GB-WLS,quantile,0.3,48.2858948677221
2026-09-23,ARI incidence,2026-10-04,3,GB-WLS,quantile,0.35,50.51914551631586
2026-09-23,ARI incidence,2026-10-04,3,GB-WLS,quantile,0.4,52.82227636454754
2026-09-23,ARI incidence,2026-10-04,3,GB-WLS,quantile,0.25,45.88590251844981
2026-09-23,ARI incidence,2026-10-04,3,GB-WLS,quantile,0.45,55.392040515069674
2026-09-23,ARI incidence,2026-10-04,3,GB-WLS,quantile,0.1,37.38334204527502
2026-09-23,ARI incidence,2026-10-04,3,GB-WLS,quantile,0.01,25.829772002079512
2026-09-23,ARI incidence,2026-10-04,3,GB-WLS,quantile,0.15,40.64790400197131
2026-09-23,ARI incidence,2026-10-04,3,GB-WLS,quantile,0.2,43.43080231367891
2026-09-23,ARI incidence,2026-10-04,3,GB-WLS,median,NA,57.79393798713153
2026-09-23,ARI incidence,2026-10-11,4,GB-WLS,quantile,0.01,35.31994553382611
2026-09-23,ARI incidence,2026-10-11,4,GB-WLS,quantile,0.025,40.6848366506141
2026-09-23,ARI incidence,2026-10-11,4,GB-WLS,quantile,0.2,61.35867753017384
2026-09-23,ARI incidence,2026-10-11,4,GB-WLS,quantile,0.3,69.39155718542717
2026-09-23,ARI incidence,2026-10-11,4,GB-WLS,quantile,0.25,65.4560561252768
2026-09-23,ARI incidence,2026-10-11,4,GB-WLS,quantile,0.99,203.0765946479282
2026-09-23,ARI incidence,2026-10-11,4,GB-WLS,quantile,0.05,45.61429277260184
2026-09-23,ARI incidence,2026-10-11,4,GB-WLS,quantile,0.35,73.0794614832518
2026-09-23,ARI incidence,2026-10-11,4,GB-WLS,quantile,0.4,76.50196536930302
2026-09-23,ARI incidence,2026-10-11,4,GB-WLS,quantile,0.975,174.94158516622915
2026-09-23,ARI incidence,2026-10-11,4,GB-WLS,quantile,0.95,155.62228171397769
2026-09-23,ARI incidence,2026-10-11,4,GB-WLS,quantile,0.1,51.74678552777763
2026-09-23,ARI incidence,2026-10-11,4,GB-WLS,quantile,0.9,136.25582562836368
2026-09-23,ARI incidence,2026-10-11,4,GB-WLS,quantile,0.8,115.3282313972697
2026-09-23,ARI incidence,2026-10-11,4,GB-WLS,quantile,0.15,56.966913449157005
2026-09-23,ARI incidence,2026-10-11,4,GB-WLS,quantile,0.75,108.20464316980087
2026-09-23,ARI incidence,2026-10-11,4,GB-WLS,quantile,0.7,102.16446724230514
2026-09-23,ARI incidence,2026-10-11,4,GB-WLS,quantile,0.6,92.307796314895
2026-09-23,ARI incidence,2026-10-11,4,GB-WLS,quantile,0.85,124.02881076005964
2026-09-23,ARI incidence,2026-10-11,4,GB-WLS,quantile,0.65,96.96558966579384
2026-09-23,ARI incidence,2026-10-11,4,GB-WLS,quantile,0.5,84.11461395382845
2026-09-23,ARI incidence,2026-10-11,4,GB-WLS,quantile,0.55,87.92834741524595
2026-09-23,ARI incidence,2026-10-11,4,GB-WLS,quantile,0.45,80.32539313103122
2026-09-23,ARI incidence,2026-10-11,4,GB-WLS,median,NA,84.11461395382845
2026-09-23,ARI incidence,2026-09-20,1,HU,quantile,0.75,1454.869628236928
2026-09-23,ARI incidence,2026-09-20,1,HU,quantile,0.8,1458.5387984905956
2026-09-23,ARI incidence,2026-09-20,1,HU,quantile,0.7,1451.6652216359591
2026-09-23,ARI incidence,2026-09-20,1,HU,quantile,0.65,1448.8062668762716
2026-09-23,ARI incidence,2026-09-20,1,HU,quantile,0.99,1489.5619400019675
2026-09-23,ARI incidence,2026-09-20,1,HU,quantile,0.975,1482.5669581102484
2026-09-23,ARI incidence,2026-09-20,1,HU,quantile,0.85,1462.6361131202216
2026-09-23,ARI incidence,2026-09-20,1,HU,quantile,0.9,1468.2810194383178
2026-09-23,ARI incidence,2026-09-20,1,HU,quantile,0.6,1445.8589072373788
2026-09-23,ARI incidence,2026-09-20,1,HU,quantile,0.95,1475.6387720031432
2026-09-23,ARI incidence,2026-09-20,1,HU,quantile,0.3,1429.1958164939958
2026-09-23,ARI incidence,2026-09-20,1,HU,quantile,0.55,1443.0742711278904
2026-09-23,ARI incidence,2026-09-20,1,HU,quantile,0.25,1425.9798648054038
2026-09-23,ARI incidence,2026-09-20,1,HU,quantile,0.5,1440.4060157037766
2026-09-23,ARI incidence,2026-09-20,1,HU,quantile,0.35,1432.0206414697002
2026-09-23,ARI incidence,2026-09-20,1,HU,quantile,0.2,1422.3583660489237
2026-09-23,ARI incidence,2026-09-20,1,HU,quantile,0.45,1437.849501503429
2026-09-23,ARI incidence,2026-09-20,1,HU,quantile,0.15,1418.136056452102
2026-09-23,ARI incidence,2026-09-20,1,HU,quantile,0.4,1434.674314531482
2026-09-23,ARI incidence,2026-09-20,1,HU,quantile,0.05,1405.475309908251
2026-09-23,ARI incidence,2026-09-20,1,HU,quantile,0.01,1390.6801729847823
2026-09-23,ARI incidence,2026-09-20,1,HU,quantile,0.1,1413.3287318525518
2026-09-23,ARI incidence,2026-09-20,1,HU,quantile,0.025,1398.1530815477774
2026-09-23,ARI incidence,2026-09-20,1,HU,median,NA,1440.4060157037766
2026-09-23,ARI incidence,2026-09-27,2,HU,quantile,0.5,1116.6476177237223
2026-09-23,ARI incidence,2026-09-27,2,HU,quantile,0.45,1102.5558126072146
2026-09-23,ARI incidence,2026-09-27,2,HU,quantile,0.65,1159.049349781342
2026-09-23,ARI incidence,2026-09-27,2,HU,quantile,0.7,1174.976519318294
2026-09-23,ARI incidence,2026-09-27,2,HU,quantile,0.75,1192.9573700542676
2026-09-23,ARI incidence,2026-09-27,2,HU,quantile,0.8,1211.9182117806745
2026-09-23,ARI incidence,2026-09-27,2,HU,quantile,0.4,1089.3258892608535
2026-09-23,ARI incidence,2026-09-27,2,HU,quantile,0.35,1074.9360709814473
2026-09-23,ARI incidence,2026-09-27,2,HU,quantile,0.6,1144.439636230555
2026-09-23,ARI incidence,2026-09-27,2,HU,quantile,0.85,1235.28680903441
2026-09-23,ARI incidence,2026-09-27,2,HU,quantile,0.9,1270.1826482104696
2026-09-23,ARI incidence,2026-09-27,2,HU,quantile,0.55,1130.5807188391832
2026-09-23,ARI incidence,2026-09-27,2,HU,quantile,0.975,1364.04048473439
2026-09-23,ARI incidence,2026-09-27,2,HU,quantile,0.95,1317.1108115438662
2026-09-23,ARI incidence,2026-09-27,2,HU,quantile,0.99,1413.3265598058786
2026-09-23,ARI incidence,2026-09-27,2,HU,quantile,0.3,1060.0736623765945
2026-09-23,ARI incidence,2026-09-27,2,HU,quantile,0.25,1042.5052867164077
2026-09-23,ARI incidence,2026-09-27,2,HU,quantile,0.2,1024.7737604458605
2026-09-23,ARI incidence,2026-09-27,2,HU,quantile,0.15,1004.0323897202824
2026-09-23,ARI incidence,2026-09-27,2,HU,quantile,0.1,981.2143459616155
2026-09-23,ARI incidence,2026-09-27,2,HU,quantile,0.025,919.5181829815084
2026-09-23,ARI incidence,2026-09-27,2,HU,quantile,0.01,886.1828412123123
2026-09-23,ARI incidence,2026-09-27,2,HU,quantile,0.05,946.2830567295252
2026-09-23,ARI incidence,2026-09-27,2,HU,median,NA,1116.6476177237223
2026-09-23,ARI incidence,2026-10-04,3,HU,quantile,0.25,1043.4099097318372
2026-09-23,ARI incidence,2026-10-04,3,HU,quantile,0.2,1013.1667080831172
2026-09-23,ARI incidence,2026-10-04,3,HU,quantile,0.01,769.6952616468556
2026-09-23,ARI incidence,2026-10-04,3,HU,quantile,0.025,823.124608828894
2026-09-23,ARI incidence,2026-10-04,3,HU,quantile,0.05,873.5842169440392
2026-09-23,ARI incidence,2026-10-04,3,HU,quantile,0.99,1791.7455120592188
2026-09-23,ARI incidence,2026-10-04,3,HU,quantile,0.1,937.1787146285822
2026-09-23,ARI incidence,2026-10-04,3,HU,quantile,0.15,978.4102711916116
2026-09-23,ARI incidence,2026-10-04,3,HU,quantile,0.3,1073.1755738180073
2026-09-23,ARI incidence,2026-10-04,3,HU,quantile,0.35,1100.6656690995685
2026-09-23,ARI incidence,2026-10-04,3,HU,quantile,0.8,1364.7458006966472
2026-09-23,ARI incidence,2026-10-04,3,HU,quantile,0.975,1672.3446657944066
2026-09-23,ARI incidence,2026-10-04,3,HU,quantile,0.4,1127.6751395839303
2026-09-23,ARI incidence,2026-10-04,3,HU,quantile,0.75,1325.865923609078
2026-09-23,ARI incidence,2026-10-04,3,HU,quantile,0.5,1179.2951510614312
2026-09-23,ARI incidence,2026-10-04,3,HU,quantile,0.95,1580.5464839721242
2026-09-23,ARI incidence,2026-10-04,3,HU,quantile,0.45,1154.2812633083136
2026-09-23,ARI incidence,2026-10-04,3,HU,quantile,0.9,1477.4246394549946
2026-09-23,ARI incidence,2026-10-04,3,HU,quantile,0.7,1294.1029977185688
2026-09-23,ARI incidence,2026-10-04,3,HU,quantile,0.6,1233.290228456589
2026-09-23,ARI incidence,2026-10-04,3,HU,quantile,0.85,1414.8332961672627
2026-09-23,ARI incidence,2026-10-04,3,HU,quantile,0.65,1263.3354069597103
2026-09-23,ARI incidence,2026-10-04,3,HU,quantile,0.55,1205.9850919908872
2026-09-23,ARI incidence,2026-10-04,3,HU,median,NA,1179.2951510614312
2026-09-23,ARI incidence,2026-10-11,4,HU,quantile,0.6,1083.2645324389805
2026-09-23,ARI incidence,2026-10-11,4,HU,quantile,0.9,1486.068359226222
2026-09-23,ARI incidence,2026-10-11,4,HU,quantile,0.95,1641.3473620839934
2026-09-23,ARI incidence,2026-10-11,4,HU,quantile,0.975,1787.0192542000082
2026-09-23,ARI incidence,2026-10-11,4,HU,quantile,0.99,1966.2171190905883
2026-09-23,ARI incidence,2026-10-11,4,HU,quantile,0.8,1292.279983397421
2026-09-23,ARI incidence,2026-10-11,4,HU,quantile,0.55,1043.5661422463909
2026-09-23,ARI incidence,2026-10-11,4,HU,quantile,0.85,1372.7861193426595
2026-09-23,ARI incidence,2026-10-11,4,HU,quantile,0.75,1228.9523303046494
2026-09-23,ARI incidence,2026-10-11,4,HU,quantile,0.65,1127.556618239209
2026-09-23,ARI incidence,2026-10-11,4,HU,quantile,0.5,1006.9080057368226
2026-09-23,ARI incidence,2026-10-11,4,HU,quantile,0.7,1174.51363083856
2026-09-23,ARI incidence,2026-10-11,4,HU,quantile,0.45,968.3995756332076
2026-09-23,ARI incidence,2026-10-11,4,HU,quantile,0.4,935.7945801995616
2026-09-23,ARI incidence,2026-10-11,4,HU,quantile,0.35,900.8608304963976
2026-09-23,ARI incidence,2026-10-11,4,HU,quantile,0.3,863.4911802790584
2026-09-23,ARI incidence,2026-10-11,4,HU,quantile,0.25,827.7780396780611
2026-09-23,ARI incidence,2026-10-11,4,HU,quantile,0.01,514.9331553056661
2026-09-23,ARI incidence,2026-10-11,4,HU,quantile,0.025,569.7655927075679
2026-09-23,ARI incidence,2026-10-11,4,HU,quantile,0.2,788.4745629807671
2026-09-23,ARI incidence,2026-10-11,4,HU,quantile,0.15,740.8625583912326
2026-09-23,ARI incidence,2026-10-11,4,HU,quantile,0.05,621.5264492390027
2026-09-23,ARI incidence,2026-10-11,4,HU,quantile,0.1,690.661138910465
2026-09-23,ARI incidence,2026-10-11,4,HU,median,NA,1006.9080057368226
2026-09-23,ARI incidence,2026-09-20,1,IE,quantile,0.01,15.62316103728666
2026-09-23,ARI incidence,2026-09-20,1,IE,quantile,0.025,18.0384396164114
2026-09-23,ARI incidence,2026-09-20,1,IE,quantile,0.3,32.32825864845623
2026-09-23,ARI incidence,2026-09-20,1,IE,quantile,0.05,20.355277794027447
2026-09-23,ARI incidence,2026-09-20,1,IE,quantile,0.1,23.482636330198844
2026-09-23,ARI incidence,2026-09-20,1,IE,quantile,0.15,26.11657620364088
2026-09-23,ARI incidence,2026-09-20,1,IE,quantile,0.25,30.59853373582196
2026-09-23,ARI incidence,2026-09-20,1,IE,quantile,0.35,34.210769667113965
2026-09-23,ARI incidence,2026-09-20,1,IE,quantile,0.4,36.039688599901744
2026-09-23,ARI incidence,2026-09-20,1,IE,quantile,0.45,37.951545339264555
2026-09-23,ARI incidence,2026-09-20,1,IE,quantile,0.5,39.90321743802553
2026-09-23,ARI incidence,2026-09-20,1,IE,quantile,0.55,41.97615690606642
2026-09-23,ARI incidence,2026-09-20,1,IE,quantile,0.6,44.27493369678351
2026-09-23,ARI incidence,2026-09-20,1,IE,quantile,0.65,46.85485494709197
2026-09-23,ARI incidence,2026-09-20,1,IE,quantile,0.7,49.61330503312303
2026-09-23,ARI incidence,2026-09-20,1,IE,quantile,0.9,67.11085805718795
2026-09-23,ARI incidence,2026-09-20,1,IE,quantile,0.95,77.69099402862602
2026-09-23,ARI incidence,2026-09-20,1,IE,quantile,0.975,87.87062305137886
2026-09-23,ARI incidence,2026-09-20,1,IE,quantile,0.99,101.39574007335364
2026-09-23,ARI incidence,2026-09-20,1,IE,quantile,0.2,28.469858656692335
2026-09-23,ARI incidence,2026-09-20,1,IE,quantile,0.75,52.7175374219892
2026-09-23,ARI incidence,2026-09-20,1,IE,quantile,0.8,56.395371365265206
2026-09-23,ARI incidence,2026-09-20,1,IE,quantile,0.85,60.84041990549274
2026-09-23,ARI incidence,2026-09-20,1,IE,median,NA,39.90321743802553
2026-09-23,ARI incidence,2026-09-27,2,IE,quantile,0.9,74.06809652248873
2026-09-23,ARI incidence,2026-09-27,2,IE,quantile,0.95,86.68749891149295
2026-09-23,ARI incidence,2026-09-27,2,IE,quantile,0.7,54.10917804512401
2026-09-23,ARI incidence,2026-09-27,2,IE,quantile,0.85,66.8564020557067
2026-09-23,ARI incidence,2026-09-27,2,IE,quantile,0.99,116.22909810203444
2026-09-23,ARI incidence,2026-09-27,2,IE,quantile,0.65,51.23601383230067
2026-09-23,ARI incidence,2026-09-27,2,IE,quantile,0.975,99.87094961509764
2026-09-23,ARI incidence,2026-09-27,2,IE,quantile,0.75,57.493237237455375
2026-09-23,ARI incidence,2026-09-27,2,IE,quantile,0.8,61.483404435751105
2026-09-23,ARI incidence,2026-09-27,2,IE,quantile,0.6,48.52386049066283
2026-09-23,ARI incidence,2026-09-27,2,IE,quantile,0.55,46.01591709974599
2026-09-23,ARI incidence,2026-09-27,2,IE,quantile,0.5,43.69558914956869
2026-09-23,ARI incidence,2026-09-27,2,IE,quantile,0.4,39.45083625237986
2026-09-23,ARI incidence,2026-09-27,2,IE,quantile,0.45,41.57404282954893
2026-09-23,ARI incidence,2026-09-27,2,IE,quantile,0.1,25.74748197738376
2026-09-23,ARI incidence,2026-09-27,2,IE,quantile,0.01,16.756516673092268
2026-09-23,ARI incidence,2026-09-27,2,IE,quantile,0.05,22.251728857255426
2026-09-23,ARI incidence,2026-09-27,2,IE,quantile,0.15,28.615137783039643
2026-09-23,ARI incidence,2026-09-27,2,IE,quantile,0.2,30.971454552811498
2026-09-23,ARI incidence,2026-09-27,2,IE,quantile,0.25,33.28936094149899
2026-09-23,ARI incidence,2026-09-27,2,IE,quantile,0.3,35.3959190555915
2026-09-23,ARI incidence,2026-09-27,2,IE,quantile,0.35,37.41122711774784
2026-09-23,ARI incidence,2026-09-27,2,IE,quantile,0.025,19.568531934863913
2026-09-23,ARI incidence,2026-09-27,2,IE,median,NA,43.69558914956869
2026-09-23,ARI incidence,2026-10-04,3,IE,quantile,0.8,64.35217314787586
2026-09-23,ARI incidence,2026-10-04,3,IE,quantile,0.75,60.079314196072225
2026-09-23,ARI incidence,2026-10-04,3,IE,quantile,0.9,76.30588120709274
2026-09-23,ARI incidence,2026-10-04,3,IE,quantile,0.01,18.787611514605775
2026-09-23,ARI incidence,2026-10-04,3,IE,quantile,0.85,69.10636430201103
2026-09-23,ARI incidence,2026-10-04,3,IE,quantile,0.025,21.671291613605245
2026-09-23,ARI incidence,2026-10-04,3,IE,quantile,0.15,31.06124978213463
2026-09-23,ARI incidence,2026-10-04,3,IE,quantile,0.05,24.220718382816795
2026-09-23,ARI incidence,2026-10-04,3,IE,quantile,0.1,28.051995960615827
2026-09-23,ARI incidence,2026-10-04,3,IE,quantile,0.3,37.551282132180546
2026-09-23,ARI incidence,2026-10-04,3,IE,quantile,0.25,35.54337876854326
2026-09-23,ARI incidence,2026-10-04,3,IE,quantile,0.2,33.30064468675073
2026-09-23,ARI incidence,2026-10-04,3,IE,quantile,0.95,88.41194914055258
2026-09-23,ARI incidence,2026-10-04,3,IE,quantile,0.35,39.62146498133329
2026-09-23,ARI incidence,2026-10-04,3,IE,quantile,0.4,41.822066386385984
2026-09-23,ARI incidence,2026-10-04,3,IE,quantile,0.45,44.00590864003475
2026-09-23,ARI incidence,2026-10-04,3,IE,quantile,0.5,46.11862269135173
2026-09-23,ARI incidence,2026-10-04,3,IE,quantile,0.55,48.49156354455896
2026-09-23,ARI incidence,2026-10-04,3,IE,quantile,0.6,50.8976126610775
2026-09-23,ARI incidence,2026-10-04,3,IE,quantile,0.65,53.56559993144449
2026-09-23,ARI incidence,2026-10-04,3,IE,quantile,0.7,56.45557935977415
2026-09-23,ARI incidence,2026-10-04,3,IE,quantile,0.975,100.82804578721472
2026-09-23,ARI incidence,2026-10-04,3,IE,quantile,0.99,114.41549158084632
2026-09-23,ARI incidence,2026-10-04,3,IE,median,NA,46.11862269135173
2026-09-23,ARI incidence,2026-10-11,4,IE,quantile,0.01,11.702647803397412
2026-09-23,ARI incidence,2026-10-11,4,IE,quantile,0.8,63.76803646333554
2026-09-23,ARI incidence,2026-10-11,4,IE,quantile,0.85,70.81846582282719
2026-09-23,ARI incidence,2026-10-11,4,IE,quantile,0.9,80.35868431652415
2026-09-23,ARI incidence,2026-10-11,4,IE,quantile,0.95,97.4420304110678
2026-09-23,ARI incidence,2026-10-11,4,IE,quantile,0.975,116.37793322616204
2026-09-23,ARI incidence,2026-10-11,4,IE,quantile,0.99,142.06200778210896
2026-09-23,ARI incidence,2026-10-11,4,IE,quantile,0.025,14.391501218797131
2026-09-23,ARI incidence,2026-10-11,4,IE,quantile,0.05,16.634853653317847
2026-09-23,ARI incidence,2026-10-11,4,IE,quantile,0.1,20.2234298763884
2026-09-23,ARI incidence,2026-10-11,4,IE,quantile,0.15,23.19514206287801
2026-09-23,ARI incidence,2026-10-11,4,IE,quantile,0.2,25.765886863018135
2026-09-23,ARI incidence,2026-10-11,4,IE,quantile,0.25,28.3500974015313
2026-09-23,ARI incidence,2026-10-11,4,IE,quantile,0.3,30.600142288899235
2026-09-23,ARI incidence,2026-10-11,4,IE,quantile,0.35,33.01728645983562
2026-09-23,ARI incidence,2026-10-11,4,IE,quantile,0.4,35.345425139773006
2026-09-23,ARI incidence,2026-10-11,4,IE,quantile,0.45,37.77946949548536
2026-09-23,ARI incidence,2026-10-11,4,IE,quantile,0.5,40.358463092533185
2026-09-23,ARI incidence,2026-10-11,4,IE,quantile,0.55,43.28683256943459
2026-09-23,ARI incidence,2026-10-11,4,IE,quantile,0.6,46.50240691043922
2026-09-23,ARI incidence,2026-10-11,4,IE,quantile,0.65,50.076442506449254
2026-09-23,ARI incidence,2026-10-11,4,IE,quantile,0.7,53.93586745360489
2026-09-23,ARI incidence,2026-10-11,4,IE,quantile,0.75,58.391298492794704
2026-09-23,ARI incidence,2026-10-11,4,IE,median,NA,40.358463092533185
2026-09-23,ARI incidence,2026-09-20,1,IS,quantile,0.6,52.7192657250188
2026-09-23,ARI incidence,2026-09-20,1,IS,quantile,0.55,51.902742920286464
2026-09-23,ARI incidence,2026-09-20,1,IS,quantile,0.45,50.38488267698736
2026-09-23,ARI incidence,2026-09-20,1,IS,quantile,0.4,49.64883047158977
2026-09-23,ARI incidence,2026-09-20,1,IS,quantile,0.5,51.13988018668152
2026-09-23,ARI incidence,2026-09-20,1,IS,quantile,0.35,48.86509157412941
2026-09-23,ARI incidence,2026-09-20,1,IS,quantile,0.3,48.048099020949394
2026-09-23,ARI incidence,2026-09-20,1,IS,quantile,0.65,53.58148230291272
2026-09-23,ARI incidence,2026-09-20,1,IS,quantile,0.99,67.2153526709176
2026-09-23,ARI incidence,2026-09-20,1,IS,quantile,0.05,42.0166668131114
2026-09-23,ARI incidence,2026-09-20,1,IS,quantile,0.7,54.52291594416937
2026-09-23,ARI incidence,2026-09-20,1,IS,quantile,0.975,64.6665243773438
2026-09-23,ARI incidence,2026-09-20,1,IS,quantile,0.025,40.228693128486064
2026-09-23,ARI incidence,2026-09-20,1,IS,quantile,0.1,43.969064088507345
2026-09-23,ARI incidence,2026-09-20,1,IS,quantile,0.75,55.53694372630623
2026-09-23,ARI incidence,2026-09-20,1,IS,quantile,0.9,59.59085105779418
2026-09-23,ARI incidence,2026-09-20,1,IS,quantile,0.95,62.275978589627215
2026-09-23,ARI incidence,2026-09-20,1,IS,quantile,0.85,57.92438522708236
2026-09-23,ARI incidence,2026-09-20,1,IS,quantile,0.2,46.25896926658432
2026-09-23,ARI incidence,2026-09-20,1,IS,quantile,0.15,45.18879101455417
2026-09-23,ARI incidence,2026-09-20,1,IS,quantile,0.8,56.59607081034702
2026-09-23,ARI incidence,2026-09-20,1,IS,quantile,0.01,38.55162711474093
2026-09-23,ARI incidence,2026-09-20,1,IS,quantile,0.25,47.193809745439104
2026-09-23,ARI incidence,2026-09-20,1,IS,median,NA,51.13988018668152
2026-09-23,ARI incidence,2026-09-27,2,IS,quantile,0.1,41.66949330592306
2026-09-23,ARI incidence,2026-09-27,2,IS,quantile,0.05,40.03911253559635
2026-09-23,ARI incidence,2026-09-27,2,IS,quantile,0.025,38.66168267558707
2026-09-23,ARI incidence,2026-09-27,2,IS,quantile,0.01,37.15037676981703
2026-09-23,ARI incidence,2026-09-27,2,IS,quantile,0.9,55.377959201565645
2026-09-23,ARI incidence,2026-09-27,2,IS,quantile,0.85,53.9618055791228
2026-09-23,ARI incidence,2026-09-27,2,IS,quantile,0.65,50.21186651610747
2026-09-23,ARI incidence,2026-09-27,2,IS,quantile,0.99,62.15480102365569
2026-09-23,ARI incidence,2026-09-27,2,IS,quantile,0.4,46.781454886566294
2026-09-23,ARI incidence,2026-09-27,2,IS,quantile,0.15,42.889143333311104
2026-09-23,ARI incidence,2026-09-27,2,IS,quantile,0.2,43.80028594177995
2026-09-23,ARI incidence,2026-09-27,2,IS,quantile,0.55,48.792344745599834
2026-09-23,ARI incidence,2026-09-27,2,IS,quantile,0.95,57.5784546354862
2026-09-23,ARI incidence,2026-09-27,2,IS,quantile,0.975,59.50332163862837
2026-09-23,ARI incidence,2026-09-27,2,IS,quantile,0.45,47.52064983585667
2026-09-23,ARI incidence,2026-09-27,2,IS,quantile,0.5,48.16305578057177
2026-09-23,ARI incidence,2026-09-27,2,IS,quantile,0.25,44.62323162994201
2026-09-23,ARI incidence,2026-09-27,2,IS,quantile,0.7,51.00053754326068
2026-09-23,ARI incidence,2026-09-27,2,IS,quantile,0.75,51.832636113707
2026-09-23,ARI incidence,2026-09-27,2,IS,quantile,0.6,49.45366745808754
2026-09-23,ARI incidence,2026-09-27,2,IS,quantile,0.8,52.79742560907324
2026-09-23,ARI incidence,2026-09-27,2,IS,quantile,0.35,46.061430915503934
2026-09-23,ARI incidence,2026-09-27,2,IS,quantile,0.3,45.33893372360291
2026-09-23,ARI incidence,2026-09-27,2,IS,median,NA,48.16305578057177
2026-09-23,ARI incidence,2026-10-04,3,IS,quantile,0.01,31.032152974560223
2026-09-23,ARI incidence,2026-10-04,3,IS,quantile,0.05,34.178111046669066
2026-09-23,ARI incidence,2026-10-04,3,IS,quantile,0.025,32.64295356824784
2026-09-23,ARI incidence,2026-10-04,3,IS,quantile,0.55,45.102322813261935
2026-09-23,ARI incidence,2026-10-04,3,IS,quantile,0.6,46.05411904914105
2026-09-23,ARI incidence,2026-10-04,3,IS,quantile,0.65,47.01871527680728
2026-09-23,ARI incidence,2026-10-04,3,IS,quantile,0.1,36.19164221273318
2026-09-23,ARI incidence,2026-10-04,3,IS,quantile,0.45,43.3211051035161
2026-09-23,ARI incidence,2026-10-04,3,IS,quantile,0.35,41.67860252149771
2026-09-23,ARI incidence,2026-10-04,3,IS,quantile,0.5,44.18432044693703
2026-09-23,ARI incidence,2026-10-04,3,IS,quantile,0.75,49.225238372553264
2026-09-23,ARI incidence,2026-10-04,3,IS,quantile,0.15,37.66677110744338
2026-09-23,ARI incidence,2026-10-04,3,IS,quantile,0.4,42.54277642665945
2026-09-23,ARI incidence,2026-10-04,3,IS,quantile,0.25,39.77454355412483
2026-09-23,ARI incidence,2026-10-04,3,IS,quantile,0.7,48.09635201393591
2026-09-23,ARI incidence,2026-10-04,3,IS,quantile,0.9,54.09873937938551
2026-09-23,ARI incidence,2026-10-04,3,IS,quantile,0.3,40.76944548460848
2026-09-23,ARI incidence,2026-10-04,3,IS,quantile,0.8,50.62097677848138
2026-09-23,ARI incidence,2026-10-04,3,IS,quantile,0.85,52.108414709266754
2026-09-23,ARI incidence,2026-10-04,3,IS,quantile,0.2,38.782191572707745
2026-09-23,ARI incidence,2026-10-04,3,IS,quantile,0.95,57.18670398245379
2026-09-23,ARI incidence,2026-10-04,3,IS,quantile,0.975,60.22622742401572
2026-09-23,ARI incidence,2026-10-04,3,IS,quantile,0.99,63.86236576673278
2026-09-23,ARI incidence,2026-10-04,3,IS,median,NA,44.18432044693703
2026-09-23,ARI incidence,2026-10-11,4,IS,quantile,0.05,27.766535244293728
2026-09-23,ARI incidence,2026-10-11,4,IS,quantile,0.1,30.53040046325556
2026-09-23,ARI incidence,2026-10-11,4,IS,quantile,0.15,32.41195275987297
2026-09-23,ARI incidence,2026-10-11,4,IS,quantile,0.01,23.20810697582207
2026-09-23,ARI incidence,2026-10-11,4,IS,quantile,0.3,36.92316828149417
2026-09-23,ARI incidence,2026-10-11,4,IS,quantile,0.025,25.429200365376797
2026-09-23,ARI incidence,2026-10-11,4,IS,quantile,0.25,35.54339196994506
2026-09-23,ARI incidence,2026-10-11,4,IS,quantile,0.2,34.06190980918786
2026-09-23,ARI incidence,2026-10-11,4,IS,quantile,0.35,38.17526768689437
2026-09-23,ARI incidence,2026-10-11,4,IS,quantile,0.4,39.50811261715774
2026-09-23,ARI incidence,2026-10-11,4,IS,quantile,0.55,43.6588692204589
2026-09-23,ARI incidence,2026-10-11,4,IS,quantile,0.65,46.70426369082067
2026-09-23,ARI incidence,2026-10-11,4,IS,quantile,0.7,48.32071693762786
2026-09-23,ARI incidence,2026-10-11,4,IS,quantile,0.75,50.3071530185436
2026-09-23,ARI incidence,2026-10-11,4,IS,quantile,0.5,42.21470652147492
2026-09-23,ARI incidence,2026-10-11,4,IS,quantile,0.45,40.79669679815656
2026-09-23,ARI incidence,2026-10-11,4,IS,quantile,0.6,45.109219958851945
2026-09-23,ARI incidence,2026-10-11,4,IS,quantile,0.8,52.56094520796324
2026-09-23,ARI incidence,2026-10-11,4,IS,quantile,0.9,58.9661280169448
2026-09-23,ARI incidence,2026-10-11,4,IS,quantile,0.85,55.42914502273776
2026-09-23,ARI incidence,2026-10-11,4,IS,quantile,0.975,70.13888730813666
2026-09-23,ARI incidence,2026-10-11,4,IS,quantile,0.95,64.57217456716513
2026-09-23,ARI incidence,2026-10-11,4,IS,quantile,0.99,76.47779201225025
2026-09-23,ARI incidence,2026-10-11,4,IS,median,NA,42.21470652147492
2026-09-23,ARI incidence,2026-09-20,1,LT,quantile,0.15,270.0504776356489
2026-09-23,ARI incidence,2026-09-20,1,LT,quantile,0.1,241.7527716680857
2026-09-23,ARI incidence,2026-09-20,1,LT,quantile,0.2,295.5410760781251
2026-09-23,ARI incidence,2026-09-20,1,LT,quantile,0.35,363.6797466128321
2026-09-23,ARI incidence,2026-09-20,1,LT,quantile,0.3,341.218691071243
2026-09-23,ARI incidence,2026-09-20,1,LT,quantile,0.05,203.7844867687834
2026-09-23,ARI incidence,2026-09-20,1,LT,quantile,0.4,386.4758017604279
2026-09-23,ARI incidence,2026-09-20,1,LT,quantile,0.25,319.8429862015028
2026-09-23,ARI incidence,2026-09-20,1,LT,quantile,0.01,150.2881481625497
2026-09-23,ARI incidence,2026-09-20,1,LT,quantile,0.025,176.40290152807913
2026-09-23,ARI incidence,2026-09-20,1,LT,quantile,0.45,409.8754972973217
2026-09-23,ARI incidence,2026-09-20,1,LT,quantile,0.5,432.9539083155386
2026-09-23,ARI incidence,2026-09-20,1,LT,quantile,0.55,458.0426862483122
2026-09-23,ARI incidence,2026-09-20,1,LT,quantile,0.6,485.5003397309272
2026-09-23,ARI incidence,2026-09-20,1,LT,quantile,0.65,511.9648314126524
2026-09-23,ARI incidence,2026-09-20,1,LT,quantile,0.7,543.0976746512849
2026-09-23,ARI incidence,2026-09-20,1,LT,quantile,0.75,579.5926671218892
2026-09-23,ARI incidence,2026-09-20,1,LT,quantile,0.8,626.5139696309539
2026-09-23,ARI incidence,2026-09-20,1,LT,quantile,0.85,678.8584682865893
2026-09-23,ARI incidence,2026-09-20,1,LT,quantile,0.9,755.4430644529706
2026-09-23,ARI incidence,2026-09-20,1,LT,quantile,0.95,891.2408122991708
2026-09-23,ARI incidence,2026-09-20,1,LT,quantile,0.975,1011.9543894366054
2026-09-23,ARI incidence,2026-09-20,1,LT,quantile,0.99,1208.2495623493255
2026-09-23,ARI incidence,2026-09-20,1,LT,median,NA,432.9539083155386
2026-09-23,ARI incidence,2026-09-27,2,LT,quantile,0.4,451.2209560045369
2026-09-23,ARI incidence,2026-09-27,2,LT,quantile,0.35,437.5338313703444
2026-09-23,ARI incidence,2026-09-27,2,LT,quantile,0.45,463.82444672933326
2026-09-23,ARI incidence,2026-09-27,2,LT,quantile,0.5,476.8438827267634
2026-09-23,ARI incidence,2026-09-27,2,LT,quantile,0.55,490.7045601517101
2026-09-23,ARI incidence,2026-09-27,2,LT,quantile,0.6,504.40390760185505
2026-09-23,ARI incidence,2026-09-27,2,LT,quantile,0.65,519.1241991345868
2026-09-23,ARI incidence,2026-09-27,2,LT,quantile,0.7,536.7394227492838
2026-09-23,ARI incidence,2026-09-27,2,LT,quantile,0.01,280.4042120762936
2026-09-23,ARI incidence,2026-09-27,2,LT,quantile,0.025,303.94169379034827
2026-09-23,ARI incidence,2026-09-27,2,LT,quantile,0.05,327.97965264575726
2026-09-23,ARI incidence,2026-09-27,2,LT,quantile,0.1,356.64487065089565
2026-09-23,ARI incidence,2026-09-27,2,LT,quantile,0.15,378.4292603118597
2026-09-23,ARI incidence,2026-09-27,2,LT,quantile,0.3,423.6868340949279
2026-09-23,ARI incidence,2026-09-27,2,LT,quantile,0.75,555.6685537143505
2026-09-23,ARI incidence,2026-09-27,2,LT,quantile,0.8,576.2398967013717
2026-09-23,ARI incidence,2026-09-27,2,LT,quantile,0.85,602.9345686370369
2026-09-23,ARI incidence,2026-09-27,2,LT,quantile,0.2,395.75565378083377
2026-09-23,ARI incidence,2026-09-27,2,LT,quantile,0.25,410.0037208443879
2026-09-23,ARI incidence,2026-09-27,2,LT,quantile,0.99,802.3624943477281
2026-09-23,ARI incidence,2026-09-27,2,LT,quantile,0.9,637.7389281498208
2026-09-23,ARI incidence,2026-09-27,2,LT,quantile,0.95,690.1747469391878
2026-09-23,ARI incidence,2026-09-27,2,LT,quantile,0.975,742.9976053718234
2026-09-23,ARI incidence,2026-09-27,2,LT,median,NA,476.8438827267634
2026-09-23,ARI incidence,2026-10-04,3,LT,quantile,0.9,720.7113971588703
2026-09-23,ARI incidence,2026-10-04,3,LT,quantile,0.95,853.6560771992187
2026-09-23,ARI incidence,2026-10-04,3,LT,quantile,0.975,978.4259587515276
2026-09-23,ARI incidence,2026-10-04,3,LT,quantile,0.85,653.6935180425758
2026-09-23,ARI incidence,2026-10-04,3,LT,quantile,0.99,1163.506701468636
2026-09-23,ARI incidence,2026-10-04,3,LT,quantile,0.7,526.6013053754446
2026-09-23,ARI incidence,2026-10-04,3,LT,quantile,0.75,557.9319737937985
2026-09-23,ARI incidence,2026-10-04,3,LT,quantile,0.8,600.935135057959
2026-09-23,ARI incidence,2026-10-04,3,LT,quantile,0.4,370.7875355876222
2026-09-23,ARI incidence,2026-10-04,3,LT,quantile,0.65,495.8104795604902
2026-09-23,ARI incidence,2026-10-04,3,LT,quantile,0.05,201.3466306462403
2026-09-23,ARI incidence,2026-10-04,3,LT,quantile,0.35,350.06600703892843
2026-09-23,ARI incidence,2026-10-04,3,LT,quantile,0.01,151.5788262114062
2026-09-23,ARI incidence,2026-10-04,3,LT,quantile,0.025,175.70485478994758
2026-09-23,ARI incidence,2026-10-04,3,LT,quantile,0.3,328.17188773887335
2026-09-23,ARI incidence,2026-10-04,3,LT,quantile,0.6,465.82790140458894
2026-09-23,ARI incidence,2026-10-04,3,LT,quantile,0.45,392.40453170496033
2026-09-23,ARI incidence,2026-10-04,3,LT,quantile,0.5,416.02945277426915
2026-09-23,ARI incidence,2026-10-04,3,LT,quantile,0.1,238.2001663971827
2026-09-23,ARI incidence,2026-10-04,3,LT,quantile,0.15,265.0034843182631
2026-09-23,ARI incidence,2026-10-04,3,LT,quantile,0.55,439.94510724263193
2026-09-23,ARI incidence,2026-10-04,3,LT,quantile,0.25,307.16143877848845
2026-09-23,ARI incidence,2026-10-04,3,LT,quantile,0.2,287.6918419678751
2026-09-23,ARI incidence,2026-10-04,3,LT,median,NA,416.02945277426915
2026-09-23,ARI incidence,2026-10-11,4,LT,quantile,0.01,208.515432923799
2026-09-23,ARI incidence,2026-10-11,4,LT,quantile,0.025,238.26868674292052
2026-09-23,ARI incidence,2026-10-11,4,LT,quantile,0.05,263.35062998793717
2026-09-23,ARI incidence,2026-10-11,4,LT,quantile,0.55,479.4704164635362
2026-09-23,ARI incidence,2026-10-11,4,LT,quantile,0.6,501.1959897905982
2026-09-23,ARI incidence,2026-10-11,4,LT,quantile,0.65,523.1644805286456
2026-09-23,ARI incidence,2026-10-11,4,LT,quantile,0.9,706.5145180079124
2026-09-23,ARI incidence,2026-10-11,4,LT,quantile,0.975,885.3852467878149
2026-09-23,ARI incidence,2026-10-11,4,LT,quantile,0.85,650.5682954223463
2026-09-23,ARI incidence,2026-10-11,4,LT,quantile,0.1,297.4270434265462
2026-09-23,ARI incidence,2026-10-11,4,LT,quantile,0.15,322.3374685957113
2026-09-23,ARI incidence,2026-10-11,4,LT,quantile,0.5,459.7643058257576
2026-09-23,ARI incidence,2026-10-11,4,LT,quantile,0.7,548.7210308679106
2026-09-23,ARI incidence,2026-10-11,4,LT,quantile,0.75,576.9243397492389
2026-09-23,ARI incidence,2026-10-11,4,LT,quantile,0.95,799.8096863281881
2026-09-23,ARI incidence,2026-10-11,4,LT,quantile,0.99,999.2062106573416
2026-09-23,ARI incidence,2026-10-11,4,LT,quantile,0.8,610.5620024351998
2026-09-23,ARI incidence,2026-10-11,4,LT,quantile,0.4,421.4220008373904
2026-09-23,ARI incidence,2026-10-11,4,LT,quantile,0.2,344.85149082907685
2026-09-23,ARI incidence,2026-10-11,4,LT,quantile,0.45,439.9305710616935
2026-09-23,ARI incidence,2026-10-11,4,LT,quantile,0.25,365.8979204498363
2026-09-23,ARI incidence,2026-10-11,4,LT,quantile,0.3,385.03480323611547
2026-09-23,ARI incidence,2026-10-11,4,LT,quantile,0.35,403.4908537134975
2026-09-23,ARI incidence,2026-10-11,4,LT,median,NA,459.7643058257576
2026-09-23,ARI incidence,2026-09-20,1,LU,quantile,0.85,5488.112147981199
2026-09-23,ARI incidence,2026-09-20,1,LU,quantile,0.8,5283.302436452622
2026-09-23,ARI incidence,2026-09-20,1,LU,quantile,0.9,5748.912467102995
2026-09-23,ARI incidence,2026-09-20,1,LU,quantile,0.7,4973.431551560829
2026-09-23,ARI incidence,2026-09-20,1,LU,quantile,0.15,3713.8204445891265
2026-09-23,ARI incidence,2026-09-20,1,LU,quantile,0.05,3321.329011210297
2026-09-23,ARI incidence,2026-09-20,1,LU,quantile,0.95,6150.640208358182
2026-09-23,ARI incidence,2026-09-20,1,LU,quantile,0.975,6538.597301772243
2026-09-23,ARI incidence,2026-09-20,1,LU,quantile,0.1,3553.9071843909187
2026-09-23,ARI incidence,2026-09-20,1,LU,quantile,0.99,7023.691589223331
2026-09-23,ARI incidence,2026-09-20,1,LU,quantile,0.75,5126.534152597234
2026-09-23,ARI incidence,2026-09-20,1,LU,quantile,0.2,3850.826686903358
2026-09-23,ARI incidence,2026-09-20,1,LU,quantile,0.6,4726.772882867221
2026-09-23,ARI incidence,2026-09-20,1,LU,quantile,0.65,4838.238792721146
2026-09-23,ARI incidence,2026-09-20,1,LU,quantile,0.025,3133.587397130424
2026-09-23,ARI incidence,2026-09-20,1,LU,quantile,0.4,4304.758321657407
2026-09-23,ARI incidence,2026-09-20,1,LU,quantile,0.45,4405.410013620073
2026-09-23,ARI incidence,2026-09-20,1,LU,quantile,0.55,4617.677355935939
2026-09-23,ARI incidence,2026-09-20,1,LU,quantile,0.5,4507.59937838933
2026-09-23,ARI incidence,2026-09-20,1,LU,quantile,0.01,2911.2772925672743
2026-09-23,ARI incidence,2026-09-20,1,LU,quantile,0.3,4086.6672096463985
2026-09-23,ARI incidence,2026-09-20,1,LU,quantile,0.35,4199.1340748198745
2026-09-23,ARI incidence,2026-09-20,1,LU,quantile,0.25,3975.70536241189
2026-09-23,ARI incidence,2026-09-20,1,LU,median,NA,4507.59937838933
2026-09-23,ARI incidence,2026-09-27,2,LU,quantile,0.01,1739.40232660309
2026-09-23,ARI incidence,2026-09-27,2,LU,quantile,0.025,1757.10127256715
2026-09-23,ARI incidence,2026-09-27,2,LU,quantile,0.05,1770.8406291450942
2026-09-23,ARI incidence,2026-09-27,2,LU,quantile,0.1,1788.437392766812
2026-09-23,ARI incidence,2026-09-27,2,LU,quantile,0.975,1952.039322588926
2026-09-23,ARI incidence,2026-09-27,2,LU,quantile,0.75,1884.9119972840824
2026-09-23,ARI incidence,2026-09-27,2,LU,quantile,0.9,1915.7021833205888
2026-09-23,ARI incidence,2026-09-27,2,LU,quantile,0.85,1903.4886795960217
2026-09-23,ARI incidence,2026-09-27,2,LU,quantile,0.95,1935.2775124738753
2026-09-23,ARI incidence,2026-09-27,2,LU,quantile,0.99,1970.6668239033288
2026-09-23,ARI incidence,2026-09-27,2,LU,quantile,0.25,1818.5488359163812
2026-09-23,ARI incidence,2026-09-27,2,LU,quantile,0.3,1825.8163245766852
2026-09-23,ARI incidence,2026-09-27,2,LU,quantile,0.35,1832.8638299501224
2026-09-23,ARI incidence,2026-09-27,2,LU,quantile,0.4,1839.329829231208
2026-09-23,ARI incidence,2026-09-27,2,LU,quantile,0.6,1864.343139152515
2026-09-23,ARI incidence,2026-09-27,2,LU,quantile,0.8,1893.415450147226
2026-09-23,ARI incidence,2026-09-27,2,LU,quantile,0.65,1870.5609902588471
2026-09-23,ARI incidence,2026-09-27,2,LU,quantile,0.7,1877.83649733631
2026-09-23,ARI incidence,2026-09-27,2,LU,quantile,0.15,1800.158322001469
2026-09-23,ARI incidence,2026-09-27,2,LU,quantile,0.55,1858.4371571548236
2026-09-23,ARI incidence,2026-09-27,2,LU,quantile,0.5,1852.3194723741965
2026-09-23,ARI incidence,2026-09-27,2,LU,quantile,0.45,1845.6601980104392
2026-09-23,ARI incidence,2026-09-27,2,LU,quantile,0.2,1810.341579809416
2026-09-23,ARI incidence,2026-09-27,2,LU,median,NA,1852.3194723741965
2026-09-23,ARI incidence,2026-10-04,3,LU,quantile,0.3,2432.1336206978986
2026-09-23,ARI incidence,2026-10-04,3,LU,quantile,0.1,758.2864572694708
2026-09-23,ARI incidence,2026-10-04,3,LU,quantile,0.05,424.3816090708264
2026-09-23,ARI incidence,2026-10-04,3,LU,quantile,0.15,1104.0613929619738
2026-09-23,ARI incidence,2026-10-04,3,LU,quantile,0.2,1497.1687778991154
2026-09-23,ARI incidence,2026-10-04,3,LU,quantile,0.35,3021.352252150522
2026-09-23,ARI incidence,2026-10-04,3,LU,quantile,0.75,15458.118316381691
2026-09-23,ARI incidence,2026-10-04,3,LU,quantile,0.8,20022.381766399285
2026-09-23,ARI incidence,2026-10-04,3,LU,quantile,0.25,1925.3698565652264
2026-09-23,ARI incidence,2026-10-04,3,LU,quantile,0.45,4549.732374553886
2026-09-23,ARI incidence,2026-10-04,3,LU,quantile,0.85,26805.037359350317
2026-09-23,ARI incidence,2026-10-04,3,LU,quantile,0.7,12175.484673599556
2026-09-23,ARI incidence,2026-10-04,3,LU,quantile,0.4,3772.0027647507904
2026-09-23,ARI incidence,2026-10-04,3,LU,quantile,0.5,5510.955806258069
2026-09-23,ARI incidence,2026-10-04,3,LU,quantile,0.55,6745.806468012949
2026-09-23,ARI incidence,2026-10-04,3,LU,quantile,0.6,8159.282429933453
2026-09-23,ARI incidence,2026-10-04,3,LU,quantile,0.9,39775.600416512534
2026-09-23,ARI incidence,2026-10-04,3,LU,quantile,0.99,188634.8570937154
2026-09-23,ARI incidence,2026-10-04,3,LU,quantile,0.65,9790.216599714277
2026-09-23,ARI incidence,2026-10-04,3,LU,quantile,0.95,69152.53895435674
2026-09-23,ARI incidence,2026-10-04,3,LU,quantile,0.975,108418.0262970679
2026-09-23,ARI incidence,2026-10-04,3,LU,quantile,0.01,151.9331905454303
2026-09-23,ARI incidence,2026-10-04,3,LU,quantile,0.025,260.23834171696876
2026-09-23,ARI incidence,2026-10-04,3,LU,median,NA,5510.955806258069
2026-09-23,ARI incidence,2026-10-11,4,LU,quantile,0.75,6537.382832717563
2026-09-23,ARI incidence,2026-10-11,4,LU,quantile,0.85,6895.564900971218
2026-09-23,ARI incidence,2026-10-11,4,LU,quantile,0.8,6705.2168096711785
2026-09-23,ARI incidence,2026-10-11,4,LU,quantile,0.9,7135.6551917648685
2026-09-23,ARI incidence,2026-10-11,4,LU,quantile,0.6,6139.052190889453
2026-09-23,ARI incidence,2026-10-11,4,LU,quantile,0.65,6263.773947917782
2026-09-23,ARI incidence,2026-10-11,4,LU,quantile,0.35,5600.270182930132
2026-09-23,ARI incidence,2026-10-11,4,LU,quantile,0.4,5708.528627472577
2026-09-23,ARI incidence,2026-10-11,4,LU,quantile,0.45,5810.285638924751
2026-09-23,ARI incidence,2026-10-11,4,LU,quantile,0.5,5914.9316573505
2026-09-23,ARI incidence,2026-10-11,4,LU,quantile,0.55,6027.3987859131885
2026-09-23,ARI incidence,2026-10-11,4,LU,quantile,0.7,6393.372856494301
2026-09-23,ARI incidence,2026-10-11,4,LU,quantile,0.95,7547.441466119412
2026-09-23,ARI incidence,2026-10-11,4,LU,quantile,0.975,7938.989218809233
2026-09-23,ARI incidence,2026-10-11,4,LU,quantile,0.99,8328.619320546737
2026-09-23,ARI incidence,2026-10-11,4,LU,quantile,0.3,5491.584057205108
2026-09-23,ARI incidence,2026-10-11,4,LU,quantile,0.25,5371.528873294059
2026-09-23,ARI incidence,2026-10-11,4,LU,quantile,0.15,5100.381750053868
2026-09-23,ARI incidence,2026-10-11,4,LU,quantile,0.2,5242.55900275003
2026-09-23,ARI incidence,2026-10-11,4,LU,quantile,0.025,4468.5168373535025
2026-09-23,ARI incidence,2026-10-11,4,LU,quantile,0.05,4656.329468986796
2026-09-23,ARI incidence,2026-10-11,4,LU,quantile,0.1,4911.826005896512
2026-09-23,ARI incidence,2026-10-11,4,LU,quantile,0.01,4258.877550567748
2026-09-23,ARI incidence,2026-10-11,4,LU,median,NA,5914.9316573505
2026-09-23,ARI incidence,2026-09-20,1,NL,quantile,0.3,80.91860264771822
2026-09-23,ARI incidence,2026-09-20,1,NL,quantile,0.25,76.37872802742548
2026-09-23,ARI incidence,2026-09-20,1,NL,quantile,0.2,71.31410721240425
2026-09-23,ARI incidence,2026-09-20,1,NL,quantile,0.15,65.63114572113115
2026-09-23,ARI incidence,2026-09-20,1,NL,quantile,0.1,59.05102588902693
2026-09-23,ARI incidence,2026-09-20,1,NL,quantile,0.5,102.04844935826226
2026-09-23,ARI incidence,2026-09-20,1,NL,quantile,0.05,50.68391180501851
2026-09-23,ARI incidence,2026-09-20,1,NL,quantile,0.025,44.143397723834866
2026-09-23,ARI incidence,2026-09-20,1,NL,quantile,0.35,85.81740174109149
2026-09-23,ARI incidence,2026-09-20,1,NL,quantile,0.55,107.47360247688164
2026-09-23,ARI incidence,2026-09-20,1,NL,quantile,0.01,37.698618118402365
2026-09-23,ARI incidence,2026-09-20,1,NL,quantile,0.6,113.60477508576514
2026-09-23,ARI incidence,2026-09-20,1,NL,quantile,0.4,91.10171987641591
2026-09-23,ARI incidence,2026-09-20,1,NL,quantile,0.975,236.2094564971414
2026-09-23,ARI incidence,2026-09-20,1,NL,quantile,0.99,276.1072930389741
2026-09-23,ARI incidence,2026-09-20,1,NL,quantile,0.9,175.69240565939305
2026-09-23,ARI incidence,2026-09-20,1,NL,quantile,0.45,96.28209796204348
2026-09-23,ARI incidence,2026-09-20,1,NL,quantile,0.85,158.10633584162824
2026-09-23,ARI incidence,2026-09-20,1,NL,quantile,0.95,206.0691385482839
2026-09-23,ARI incidence,2026-09-20,1,NL,quantile,0.65,120.58355429756269
2026-09-23,ARI incidence,2026-09-20,1,NL,quantile,0.75,136.49249501600025
2026-09-23,ARI incidence,2026-09-20,1,NL,quantile,0.8,146.35468924648328
2026-09-23,ARI incidence,2026-09-20,1,NL,quantile,0.7,128.11622243251946
2026-09-23,ARI incidence,2026-09-20,1,NL,median,NA,102.04844935826226
2026-09-23,ARI incidence,2026-09-27,2,NL,quantile,0.975,263.15072534720446
2026-09-23,ARI incidence,2026-09-27,2,NL,quantile,0.99,316.3231190213111
2026-09-23,ARI incidence,2026-09-27,2,NL,quantile,0.65,123.8288086890982
2026-09-23,ARI incidence,2026-09-27,2,NL,quantile,0.01,35.152752329637735
2026-09-23,ARI incidence,2026-09-27,2,NL,quantile,0.95,228.35528046592745
2026-09-23,ARI incidence,2026-09-27,2,NL,quantile,0.6,116.6455752230035
2026-09-23,ARI incidence,2026-09-27,2,NL,quantile,0.55,109.47871814408028
2026-09-23,ARI incidence,2026-09-27,2,NL,quantile,0.9,191.01708077987104
2026-09-23,ARI incidence,2026-09-27,2,NL,quantile,0.4,91.55221651322216
2026-09-23,ARI incidence,2026-09-27,2,NL,quantile,0.35,86.32825333921863
2026-09-23,ARI incidence,2026-09-27,2,NL,quantile,0.75,141.78486379997383
2026-09-23,ARI incidence,2026-09-27,2,NL,quantile,0.7,132.18851513442897
2026-09-23,ARI incidence,2026-09-27,2,NL,quantile,0.3,80.98494251406804
2026-09-23,ARI incidence,2026-09-27,2,NL,quantile,0.5,103.64644485177756
2026-09-23,ARI incidence,2026-09-27,2,NL,quantile,0.2,69.94968044157109
2026-09-23,ARI incidence,2026-09-27,2,NL,quantile,0.8,153.52487231742506
2026-09-23,ARI incidence,2026-09-27,2,NL,quantile,0.85,169.32025986355896
2026-09-23,ARI incidence,2026-09-27,2,NL,quantile,0.25,75.55594144620291
2026-09-23,ARI incidence,2026-09-27,2,NL,quantile,0.45,97.55263827261612
2026-09-23,ARI incidence,2026-09-27,2,NL,quantile,0.15,63.80748794965945
2026-09-23,ARI incidence,2026-09-27,2,NL,quantile,0.025,41.49293003711457
2026-09-23,ARI incidence,2026-09-27,2,NL,quantile,0.05,47.96854436630546
2026-09-23,ARI incidence,2026-09-27,2,NL,quantile,0.1,56.76951223702466
2026-09-23,ARI incidence,2026-09-27,2,NL,median,NA,103.64644485177756
2026-09-23,ARI incidence,2026-10-04,3,NL,quantile,0.025,21.58883829126544
2026-09-23,ARI incidence,2026-10-04,3,NL,quantile,0.15,40.792250980933005
2026-09-23,ARI incidence,2026-10-04,3,NL,quantile,0.2,46.45049321183785
2026-09-23,ARI incidence,2026-10-04,3,NL,quantile,0.25,51.75102031758448
2026-09-23,ARI incidence,2026-10-04,3,NL,quantile,0.3,57.1839764346921
2026-09-23,ARI incidence,2026-10-04,3,NL,quantile,0.5,81.47104572424405
2026-09-23,ARI incidence,2026-10-04,3,NL,quantile,0.35,62.57996112145395
2026-09-23,ARI incidence,2026-10-04,3,NL,quantile,0.4,68.36816365663073
2026-09-23,ARI incidence,2026-10-04,3,NL,quantile,0.45,74.65835843306837
2026-09-23,ARI incidence,2026-10-04,3,NL,quantile,0.05,26.580700316144544
2026-09-23,ARI incidence,2026-10-04,3,NL,quantile,0.99,390.4880078416799
2026-09-23,ARI incidence,2026-10-04,3,NL,quantile,0.1,34.4273708054842
2026-09-23,ARI incidence,2026-10-04,3,NL,quantile,0.55,88.73392365392155
2026-09-23,ARI incidence,2026-10-04,3,NL,quantile,0.6,96.75164053686996
2026-09-23,ARI incidence,2026-10-04,3,NL,quantile,0.01,17.518569220837065
2026-09-23,ARI incidence,2026-10-04,3,NL,quantile,0.975,308.7450745287883
2026-09-23,ARI incidence,2026-10-04,3,NL,quantile,0.65,106.17741718820818
2026-09-23,ARI incidence,2026-10-04,3,NL,quantile,0.7,117.4567851932972
2026-09-23,ARI incidence,2026-10-04,3,NL,quantile,0.95,251.68921260065392
2026-09-23,ARI incidence,2026-10-04,3,NL,quantile,0.75,129.9055636872013
2026-09-23,ARI incidence,2026-10-04,3,NL,quantile,0.8,144.80525716982763
2026-09-23,ARI incidence,2026-10-04,3,NL,quantile,0.9,195.6508595244023
2026-09-23,ARI incidence,2026-10-04,3,NL,quantile,0.85,165.25772962616918
2026-09-23,ARI incidence,2026-10-04,3,NL,median,NA,81.47104572424405
2026-09-23,ARI incidence,2026-10-11,4,NL,quantile,0.8,177.55034852351014
2026-09-23,ARI incidence,2026-10-11,4,NL,quantile,0.75,161.67139553945344
2026-09-23,ARI incidence,2026-10-11,4,NL,quantile,0.7,149.68103835594
2026-09-23,ARI incidence,2026-10-11,4,NL,quantile,0.65,138.81957412754087
2026-09-23,ARI incidence,2026-10-11,4,NL,quantile,0.85,197.30308903426047
2026-09-23,ARI incidence,2026-10-11,4,NL,quantile,0.5,112.21695779473988
2026-09-23,ARI incidence,2026-10-11,4,NL,quantile,0.45,105.14279936121832
2026-09-23,ARI incidence,2026-10-11,4,NL,quantile,0.55,120.22505432156456
2026-09-23,ARI incidence,2026-10-11,4,NL,quantile,0.6,128.88850173983985
2026-09-23,ARI incidence,2026-10-11,4,NL,quantile,0.9,224.2849733803386
2026-09-23,ARI incidence,2026-10-11,4,NL,quantile,0.95,270.7842624048965
2026-09-23,ARI incidence,2026-10-11,4,NL,quantile,0.4,98.12454587743716
2026-09-23,ARI incidence,2026-10-11,4,NL,quantile,0.975,315.19370120480977
2026-09-23,ARI incidence,2026-10-11,4,NL,quantile,0.25,79.14564368205747
2026-09-23,ARI incidence,2026-10-11,4,NL,quantile,0.3,85.62089345197765
2026-09-23,ARI incidence,2026-10-11,4,NL,quantile,0.99,377.3554099089017
2026-09-23,ARI incidence,2026-10-11,4,NL,quantile,0.35,92.08942793462384
2026-09-23,ARI incidence,2026-10-11,4,NL,quantile,0.2,72.48767378035183
2026-09-23,ARI incidence,2026-10-11,4,NL,quantile,0.1,57.52381572208129
2026-09-23,ARI incidence,2026-10-11,4,NL,quantile,0.15,65.61817552948827
2026-09-23,ARI incidence,2026-10-11,4,NL,quantile,0.05,47.97853597690783
2026-09-23,ARI incidence,2026-10-11,4,NL,quantile,0.01,33.569081072208654
2026-09-23,ARI incidence,2026-10-11,4,NL,quantile,0.025,39.88371711829425
2026-09-23,ARI incidence,2026-10-11,4,NL,median,NA,112.21695779473988
2026-09-23,ARI incidence,2026-09-20,1,SI,quantile,0.4,504.5571083215869
2026-09-23,ARI incidence,2026-09-20,1,SI,quantile,0.55,552.491188151001
2026-09-23,ARI incidence,2026-09-20,1,SI,quantile,0.6,570.4965975399007
2026-09-23,ARI incidence,2026-09-20,1,SI,quantile,0.025,333.586937382685
2026-09-23,ARI incidence,2026-09-20,1,SI,quantile,0.5,536.444629603458
2026-09-23,ARI incidence,2026-09-20,1,SI,quantile,0.65,589.0928805675823
2026-09-23,ARI incidence,2026-09-20,1,SI,quantile,0.45,519.9410981916474
2026-09-23,ARI incidence,2026-09-20,1,SI,quantile,0.05,359.0463653796889
2026-09-23,ARI incidence,2026-09-20,1,SI,quantile,0.15,418.50771805531025
2026-09-23,ARI incidence,2026-09-20,1,SI,quantile,0.7,609.9644898742574
2026-09-23,ARI incidence,2026-09-20,1,SI,quantile,0.75,633.8731179292704
2026-09-23,ARI incidence,2026-09-20,1,SI,quantile,0.1,391.8582544401426
2026-09-23,ARI incidence,2026-09-20,1,SI,quantile,0.2,437.69310016180714
2026-09-23,ARI incidence,2026-09-20,1,SI,quantile,0.25,455.58764134555065
2026-09-23,ARI incidence,2026-09-20,1,SI,quantile,0.975,876.9605390580917
2026-09-23,ARI incidence,2026-09-20,1,SI,quantile,0.99,957.6117921000008
2026-09-23,ARI incidence,2026-09-20,1,SI,quantile,0.3,472.9673156417265
2026-09-23,ARI incidence,2026-09-20,1,SI,quantile,0.35,488.3176403011432
2026-09-23,ARI incidence,2026-09-20,1,SI,quantile,0.8,660.4205219690093
2026-09-23,ARI incidence,2026-09-20,1,SI,quantile,0.85,692.8381431006953
2026-09-23,ARI incidence,2026-09-20,1,SI,quantile,0.95,809.0658509824688
2026-09-23,ARI incidence,2026-09-20,1,SI,quantile,0.9,738.7534161044423
2026-09-23,ARI incidence,2026-09-20,1,SI,quantile,0.01,304.9656903354441
2026-09-23,ARI incidence,2026-09-20,1,SI,median,NA,536.444629603458
2026-09-23,ARI incidence,2026-09-27,2,SI,quantile,0.025,181.0388052663812
2026-09-23,ARI incidence,2026-09-27,2,SI,quantile,0.2,306.9475825430807
2026-09-23,ARI incidence,2026-09-27,2,SI,quantile,0.25,331.2253479959661
2026-09-23,ARI incidence,2026-09-27,2,SI,quantile,0.01,152.82991871648622
2026-09-23,ARI incidence,2026-09-27,2,SI,quantile,0.05,208.50990707591777
2026-09-23,ARI incidence,2026-09-27,2,SI,quantile,0.1,247.6816980085795
2026-09-23,ARI incidence,2026-09-27,2,SI,quantile,0.15,280.1726892591035
2026-09-23,ARI incidence,2026-09-27,2,SI,quantile,0.3,353.7669971247438
2026-09-23,ARI incidence,2026-09-27,2,SI,quantile,0.975,1091.5543269503758
2026-09-23,ARI incidence,2026-09-27,2,SI,quantile,0.99,1267.8113953162554
2026-09-23,ARI incidence,2026-09-27,2,SI,quantile,0.95,938.7679267520364
2026-09-23,ARI incidence,2026-09-27,2,SI,quantile,0.35,376.1365351761646
2026-09-23,ARI incidence,2026-09-27,2,SI,quantile,0.85,709.7528402419377
2026-09-23,ARI incidence,2026-09-27,2,SI,quantile,0.9,796.976472776053
2026-09-23,ARI incidence,2026-09-27,2,SI,quantile,0.4,397.9691363466091
2026-09-23,ARI incidence,2026-09-27,2,SI,quantile,0.45,420.67676088506335
2026-09-23,ARI incidence,2026-09-27,2,SI,quantile,0.7,561.8408474868181
2026-09-23,ARI incidence,2026-09-27,2,SI,quantile,0.65,528.5013067233417
2026-09-23,ARI incidence,2026-09-27,2,SI,quantile,0.8,650.1593702047671
2026-09-23,ARI incidence,2026-09-27,2,SI,quantile,0.75,601.5489913227664
2026-09-23,ARI incidence,2026-09-27,2,SI,quantile,0.6,497.10267058187367
2026-09-23,ARI incidence,2026-09-27,2,SI,quantile,0.55,470.0201888243124
2026-09-23,ARI incidence,2026-09-27,2,SI,quantile,0.5,444.7158114380502
2026-09-23,ARI incidence,2026-09-27,2,SI,median,NA,444.7158114380502
2026-09-23,ARI incidence,2026-10-04,3,SI,quantile,0.3,416.931403953498
2026-09-23,ARI incidence,2026-10-04,3,SI,quantile,0.2,358.8341374692019
2026-09-23,ARI incidence,2026-10-04,3,SI,quantile,0.25,388.250383348141
2026-09-23,ARI incidence,2026-10-04,3,SI,quantile,0.15,329.23014761623483
2026-09-23,ARI incidence,2026-10-04,3,SI,quantile,0.1,290.0933721758665
2026-09-23,ARI incidence,2026-10-04,3,SI,quantile,0.05,244.0166025665555
2026-09-23,ARI incidence,2026-10-04,3,SI,quantile,0.8,805.8714265317933
2026-09-23,ARI incidence,2026-10-04,3,SI,quantile,0.35,445.5833670276283
2026-09-23,ARI incidence,2026-10-04,3,SI,quantile,0.75,744.9752184062829
2026-09-23,ARI incidence,2026-10-04,3,SI,quantile,0.4,477.0299014660086
2026-09-23,ARI incidence,2026-10-04,3,SI,quantile,0.45,506.63583088495375
2026-09-23,ARI incidence,2026-10-04,3,SI,quantile,0.025,209.98455895891956
2026-09-23,ARI incidence,2026-10-04,3,SI,quantile,0.7,690.4907821911304
2026-09-23,ARI incidence,2026-10-04,3,SI,quantile,0.85,883.2418990703933
2026-09-23,ARI incidence,2026-10-04,3,SI,quantile,0.9,995.1335054616244
2026-09-23,ARI incidence,2026-10-04,3,SI,quantile,0.95,1186.1943705319131
2026-09-23,ARI incidence,2026-10-04,3,SI,quantile,0.975,1381.291793697951
2026-09-23,ARI incidence,2026-10-04,3,SI,quantile,0.99,1641.8312718500354
2026-09-23,ARI incidence,2026-10-04,3,SI,quantile,0.5,540.5324440838028
2026-09-23,ARI incidence,2026-10-04,3,SI,quantile,0.6,610.4974609753699
2026-09-23,ARI incidence,2026-10-04,3,SI,quantile,0.65,649.0115937180065
2026-09-23,ARI incidence,2026-10-04,3,SI,quantile,0.55,574.4787191183373
2026-09-23,ARI incidence,2026-10-04,3,SI,quantile,0.01,177.41422474876254
2026-09-23,ARI incidence,2026-10-04,3,SI,median,NA,540.5324440838028
2026-09-23,ARI incidence,2026-10-11,4,SI,quantile,0.975,736.1327241751324
2026-09-23,ARI incidence,2026-10-11,4,SI,quantile,0.99,803.9034455043087
2026-09-23,ARI incidence,2026-10-11,4,SI,quantile,0.9,616.7074651192729
2026-09-23,ARI incidence,2026-10-11,4,SI,quantile,0.85,578.4798172917527
2026-09-23,ARI incidence,2026-10-11,4,SI,quantile,0.95,680.7199104427361
2026-09-23,ARI incidence,2026-10-11,4,SI,quantile,0.35,398.0591095320533
2026-09-23,ARI incidence,2026-10-11,4,SI,quantile,0.4,411.75845479499026
2026-09-23,ARI incidence,2026-10-11,4,SI,quantile,0.45,425.3069350899616
2026-09-23,ARI incidence,2026-10-11,4,SI,quantile,0.5,440.23260996761576
2026-09-23,ARI incidence,2026-10-11,4,SI,quantile,0.55,455.18329625993806
2026-09-23,ARI incidence,2026-10-11,4,SI,quantile,0.6,471.5154160438342
2026-09-23,ARI incidence,2026-10-11,4,SI,quantile,0.65,487.3045160625109
2026-09-23,ARI incidence,2026-10-11,4,SI,quantile,0.7,505.6020414121439
2026-09-23,ARI incidence,2026-10-11,4,SI,quantile,0.75,525.2476242874311
2026-09-23,ARI incidence,2026-10-11,4,SI,quantile,0.8,549.0102979925222
2026-09-23,ARI incidence,2026-10-11,4,SI,quantile,0.05,282.99018303444984
2026-09-23,ARI incidence,2026-10-11,4,SI,quantile,0.1,313.54391254820234
2026-09-23,ARI incidence,2026-10-11,4,SI,quantile,0.15,334.6204034897964
2026-09-23,ARI incidence,2026-10-11,4,SI,quantile,0.01,241.73673021537303
2026-09-23,ARI incidence,2026-10-11,4,SI,quantile,0.025,262.0260488155213
2026-09-23,ARI incidence,2026-10-11,4,SI,quantile,0.2,352.43146536306523
2026-09-23,ARI incidence,2026-10-11,4,SI,quantile,0.25,368.5889188169448
2026-09-23,ARI incidence,2026-10-11,4,SI,quantile,0.3,383.3140050111433
2026-09-23,ARI incidence,2026-10-11,4,SI,median,NA,440.23260996761576
2026-09-23,ARI incidence,2026-09-20,1,SK,quantile,0.4,1155.5798339067717
2026-09-23,ARI incidence,2026-09-20,1,SK,quantile,0.45,1174.3726540460093
2026-09-23,ARI incidence,2026-09-20,1,SK,quantile,0.5,1194.4214997863264
2026-09-23,ARI incidence,2026-09-20,1,SK,quantile,0.35,1135.4726548620192
2026-09-23,ARI incidence,2026-09-20,1,SK,quantile,0.55,1215.0316480001616
2026-09-23,ARI incidence,2026-09-20,1,SK,quantile,0.1,1007.3568067438838
2026-09-23,ARI incidence,2026-09-20,1,SK,quantile,0.15,1040.4293030843708
2026-09-23,ARI incidence,2026-09-20,1,SK,quantile,0.99,1608.563552508929
2026-09-23,ARI incidence,2026-09-20,1,SK,quantile,0.95,1482.7179222077475
2026-09-23,ARI incidence,2026-09-20,1,SK,quantile,0.975,1544.1844723883032
2026-09-23,ARI incidence,2026-09-20,1,SK,quantile,0.05,960.7716901720352
2026-09-23,ARI incidence,2026-09-20,1,SK,quantile,0.25,1092.1700844732766
2026-09-23,ARI incidence,2026-09-20,1,SK,quantile,0.75,1304.344188479496
2026-09-23,ARI incidence,2026-09-20,1,SK,quantile,0.85,1367.5262118930216
2026-09-23,ARI incidence,2026-09-20,1,SK,quantile,0.8,1332.6134400131737
2026-09-23,ARI incidence,2026-09-20,1,SK,quantile,0.01,880.8060702428551
2026-09-23,ARI incidence,2026-09-20,1,SK,quantile,0.7,1280.779287565268
2026-09-23,ARI incidence,2026-09-20,1,SK,quantile,0.9,1412.959589169572
2026-09-23,ARI incidence,2026-09-20,1,SK,quantile,0.6,1235.2400175683945
2026-09-23,ARI incidence,2026-09-20,1,SK,quantile,0.3,1114.372387911454
2026-09-23,ARI incidence,2026-09-20,1,SK,quantile,0.65,1257.1627789308272
2026-09-23,ARI incidence,2026-09-20,1,SK,quantile,0.2,1067.1860977485137
2026-09-23,ARI incidence,2026-09-20,1,SK,quantile,0.025,922.5538638783084
2026-09-23,ARI incidence,2026-09-20,1,SK,median,NA,1194.4214997863264
2026-09-23,ARI incidence,2026-09-27,2,SK,quantile,0.01,1204.436412768161
2026-09-23,ARI incidence,2026-09-27,2,SK,quantile,0.025,1242.671539421731
2026-09-23,ARI incidence,2026-09-27,2,SK,quantile,0.15,1335.2831590138069
2026-09-23,ARI incidence,2026-09-27,2,SK,quantile,0.05,1273.336424850886
2026-09-23,ARI incidence,2026-09-27,2,SK,quantile,0.1,1310.1918249373616
2026-09-23,ARI incidence,2026-09-27,2,SK,quantile,0.25,1373.6027917046276
2026-09-23,ARI incidence,2026-09-27,2,SK,quantile,0.2,1355.1092340584798
2026-09-23,ARI incidence,2026-09-27,2,SK,quantile,0.3,1391.1612677829785
2026-09-23,ARI incidence,2026-09-27,2,SK,quantile,0.99,1735.1232493254884
2026-09-23,ARI incidence,2026-09-27,2,SK,quantile,0.975,1688.0480098843711
2026-09-23,ARI incidence,2026-09-27,2,SK,quantile,0.45,1435.8760619370821
2026-09-23,ARI incidence,2026-09-27,2,SK,quantile,0.65,1494.5576127637028
2026-09-23,ARI incidence,2026-09-27,2,SK,quantile,0.6,1480.1848798540204
2026-09-23,ARI incidence,2026-09-27,2,SK,quantile,0.55,1465.0099573202156
2026-09-23,ARI incidence,2026-09-27,2,SK,quantile,0.7,1510.9508357086684
2026-09-23,ARI incidence,2026-09-27,2,SK,quantile,0.75,1530.5236444698417
2026-09-23,ARI incidence,2026-09-27,2,SK,quantile,0.5,1451.2541578705
2026-09-23,ARI incidence,2026-09-27,2,SK,quantile,0.95,1649.2542740565996
2026-09-23,ARI incidence,2026-09-27,2,SK,quantile,0.4,1420.6502857027458
2026-09-23,ARI incidence,2026-09-27,2,SK,quantile,0.9,1604.0563434064838
2026-09-23,ARI incidence,2026-09-27,2,SK,quantile,0.85,1573.705820469307
2026-09-23,ARI incidence,2026-09-27,2,SK,quantile,0.35,1406.1947816820998
2026-09-23,ARI incidence,2026-09-27,2,SK,quantile,0.8,1550.4858442038394
2026-09-23,ARI incidence,2026-09-27,2,SK,median,NA,1451.2541578705
2026-09-23,ARI incidence,2026-10-04,3,SK,quantile,0.8,1708.4454357923437
2026-09-23,ARI incidence,2026-10-04,3,SK,quantile,0.99,1860.4027074094845
2026-09-23,ARI incidence,2026-10-04,3,SK,quantile,0.75,1692.2892895179943
2026-09-23,ARI incidence,2026-10-04,3,SK,quantile,0.85,1727.8679201533214
2026-09-23,ARI incidence,2026-10-04,3,SK,quantile,0.95,1792.1032149316086
2026-09-23,ARI incidence,2026-10-04,3,SK,quantile,0.975,1822.6832110140165
2026-09-23,ARI incidence,2026-10-04,3,SK,quantile,0.6,1652.3058171001676
2026-09-23,ARI incidence,2026-10-04,3,SK,quantile,0.65,1664.911198941501
2026-09-23,ARI incidence,2026-10-04,3,SK,quantile,0.9,1752.4154219332515
2026-09-23,ARI incidence,2026-10-04,3,SK,quantile,0.25,1565.1535984759312
2026-09-23,ARI incidence,2026-10-04,3,SK,quantile,0.55,1639.6952713955243
2026-09-23,ARI incidence,2026-10-04,3,SK,quantile,0.7,1678.6893702002913
2026-09-23,ARI incidence,2026-10-04,3,SK,quantile,0.35,1592.0937409676208
2026-09-23,ARI incidence,2026-10-04,3,SK,quantile,0.4,1604.8516226911688
2026-09-23,ARI incidence,2026-10-04,3,SK,quantile,0.3,1577.9032414991411
2026-09-23,ARI incidence,2026-10-04,3,SK,quantile,0.2,1549.1537541593834
2026-09-23,ARI incidence,2026-10-04,3,SK,quantile,0.45,1616.271857466048
2026-09-23,ARI incidence,2026-10-04,3,SK,quantile,0.5,1628.4359612424869
2026-09-23,ARI incidence,2026-10-04,3,SK,quantile,0.15,1531.8170614384787
2026-09-23,ARI incidence,2026-10-04,3,SK,quantile,0.05,1476.0438400250491
2026-09-23,ARI incidence,2026-10-04,3,SK,quantile,0.1,1509.5705930280435
2026-09-23,ARI incidence,2026-10-04,3,SK,quantile,0.025,1449.8752076691835
2026-09-23,ARI incidence,2026-10-04,3,SK,quantile,0.01,1419.7168941636894
2026-09-23,ARI incidence,2026-10-04,3,SK,median,NA,1628.4359612424869
2026-09-23,ARI incidence,2026-10-11,4,SK,quantile,0.3,1669.1161228545718
2026-09-23,ARI incidence,2026-10-11,4,SK,quantile,0.95,1805.165858510437
2026-09-23,ARI incidence,2026-10-11,4,SK,quantile,0.85,1765.2713986497267
2026-09-23,ARI incidence,2026-10-11,4,SK,quantile,0.25,1659.9117993973653
2026-09-23,ARI incidence,2026-10-11,4,SK,quantile,0.975,1826.5117935731616
2026-09-23,ARI incidence,2026-10-11,4,SK,quantile,0.9,1781.9829743485177
2026-09-23,ARI incidence,2026-10-11,4,SK,quantile,0.99,1850.778315955425
2026-09-23,ARI incidence,2026-10-11,4,SK,quantile,0.8,1753.129480782736
2026-09-23,ARI incidence,2026-10-11,4,SK,quantile,0.2,1649.881209079817
2026-09-23,ARI incidence,2026-10-11,4,SK,quantile,0.75,1742.4975561188903
2026-09-23,ARI incidence,2026-10-11,4,SK,quantile,0.35,1677.486171665098
2026-09-23,ARI incidence,2026-10-11,4,SK,quantile,0.01,1562.5786192597618
2026-09-23,ARI incidence,2026-10-11,4,SK,quantile,0.025,1583.9037619739076
2026-09-23,ARI incidence,2026-10-11,4,SK,quantile,0.1,1624.0618344502602
2026-09-23,ARI incidence,2026-10-11,4,SK,quantile,0.15,1638.4192418404812
2026-09-23,ARI incidence,2026-10-11,4,SK,quantile,0.4,1684.8791239258762
2026-09-23,ARI incidence,2026-10-11,4,SK,quantile,0.45,1692.3188099128784
2026-09-23,ARI incidence,2026-10-11,4,SK,quantile,0.65,1724.2615546480808
2026-09-23,ARI incidence,2026-10-11,4,SK,quantile,0.7,1733.1872597199847
2026-09-23,ARI incidence,2026-10-11,4,SK,quantile,0.05,1603.6548372240668
2026-09-23,ARI incidence,2026-10-11,4,SK,quantile,0.6,1716.1779874294516
2026-09-23,ARI incidence,2026-10-11,4,SK,quantile,0.55,1707.8014988067323
2026-09-23,ARI incidence,2026-10-11,4,SK,quantile,0.5,1700.2632680773138
2026-09-23,ARI incidence,2026-10-11,4,SK,median,NA,1700.2632680773138
