origin_date,target,target_end_date,horizon,location,output_type,output_type_id,value
2026-09-02,ILI incidence,2026-08-30,1,BE,quantile,0.6,33.14318697431171
2026-09-02,ILI incidence,2026-08-30,1,BE,quantile,0.5,29.498148736357805
2026-09-02,ILI incidence,2026-08-30,1,BE,quantile,0.55,31.24787028458914
2026-09-02,ILI incidence,2026-08-30,1,BE,quantile,0.75,40.263277616269264
2026-09-02,ILI incidence,2026-08-30,1,BE,quantile,0.65,35.29608806342918
2026-09-02,ILI incidence,2026-08-30,1,BE,quantile,0.8,43.424949815074584
2026-09-02,ILI incidence,2026-08-30,1,BE,quantile,0.9,53.649632256464514
2026-09-02,ILI incidence,2026-08-30,1,BE,quantile,0.7,37.51845160169877
2026-09-02,ILI incidence,2026-08-30,1,BE,quantile,0.45,27.862584819306267
2026-09-02,ILI incidence,2026-08-30,1,BE,quantile,0.85,47.53797482468829
2026-09-02,ILI incidence,2026-08-30,1,BE,quantile,0.975,73.31062821632007
2026-09-02,ILI incidence,2026-08-30,1,BE,quantile,0.1,15.810646467552852
2026-09-02,ILI incidence,2026-08-30,1,BE,quantile,0.15,17.93329037785933
2026-09-02,ILI incidence,2026-08-30,1,BE,quantile,0.25,21.37450656567274
2026-09-02,ILI incidence,2026-08-30,1,BE,quantile,0.35,24.629574407559495
2026-09-02,ILI incidence,2026-08-30,1,BE,quantile,0.4,26.282068031850372
2026-09-02,ILI incidence,2026-08-30,1,BE,quantile,0.3,22.99059290625982
2026-09-02,ILI incidence,2026-08-30,1,BE,quantile,0.025,11.699917651589658
2026-09-02,ILI incidence,2026-08-30,1,BE,quantile,0.2,19.730143712426205
2026-09-02,ILI incidence,2026-08-30,1,BE,quantile,0.95,63.188728651214355
2026-09-02,ILI incidence,2026-08-30,1,BE,quantile,0.05,13.629673417575562
2026-09-02,ILI incidence,2026-08-30,1,BE,quantile,0.99,84.90064886866998
2026-09-02,ILI incidence,2026-08-30,1,BE,quantile,0.01,9.941930547549072
2026-09-02,ILI incidence,2026-08-30,1,BE,median,NA,29.498148736357805
2026-09-02,ILI incidence,2026-09-06,2,BE,quantile,0.8,40.156181215181824
2026-09-02,ILI incidence,2026-09-06,2,BE,quantile,0.95,53.7551220940231
2026-09-02,ILI incidence,2026-09-06,2,BE,quantile,0.85,43.16427135545324
2026-09-02,ILI incidence,2026-09-06,2,BE,quantile,0.7,35.681235527936316
2026-09-02,ILI incidence,2026-09-06,2,BE,quantile,0.65,33.92839647500685
2026-09-02,ILI incidence,2026-09-06,2,BE,quantile,0.75,37.56250330897397
2026-09-02,ILI incidence,2026-09-06,2,BE,quantile,0.9,47.10834761724976
2026-09-02,ILI incidence,2026-09-06,2,BE,quantile,0.6,32.197747042918664
2026-09-02,ILI incidence,2026-09-06,2,BE,quantile,0.55,30.65023217215365
2026-09-02,ILI incidence,2026-09-06,2,BE,quantile,0.99,68.45623898806194
2026-09-02,ILI incidence,2026-09-06,2,BE,quantile,0.25,22.772925358083413
2026-09-02,ILI incidence,2026-09-06,2,BE,quantile,0.5,29.26073325741086
2026-09-02,ILI incidence,2026-09-06,2,BE,quantile,0.975,60.09661539294809
2026-09-02,ILI incidence,2026-09-06,2,BE,quantile,0.15,19.825706265372983
2026-09-02,ILI incidence,2026-09-06,2,BE,quantile,0.3,24.0679213714072
2026-09-02,ILI incidence,2026-09-06,2,BE,quantile,0.45,27.94793413299447
2026-09-02,ILI incidence,2026-09-06,2,BE,quantile,0.1,18.192137871808796
2026-09-02,ILI incidence,2026-09-06,2,BE,quantile,0.05,15.883943174973954
2026-09-02,ILI incidence,2026-09-06,2,BE,quantile,0.4,26.590204243318997
2026-09-02,ILI incidence,2026-09-06,2,BE,quantile,0.2,21.293041343827127
2026-09-02,ILI incidence,2026-09-06,2,BE,quantile,0.35,25.32533280806981
2026-09-02,ILI incidence,2026-09-06,2,BE,quantile,0.025,14.244500491225985
2026-09-02,ILI incidence,2026-09-06,2,BE,quantile,0.01,12.338501274892986
2026-09-02,ILI incidence,2026-09-06,2,BE,median,NA,29.26073325741086
2026-09-02,ILI incidence,2026-09-13,3,BE,quantile,0.75,44.24991598137208
2026-09-02,ILI incidence,2026-09-13,3,BE,quantile,0.55,34.768935767877394
2026-09-02,ILI incidence,2026-09-13,3,BE,quantile,0.5,32.751336596709784
2026-09-02,ILI incidence,2026-09-13,3,BE,quantile,0.6,36.72669939465183
2026-09-02,ILI incidence,2026-09-13,3,BE,quantile,0.65,39.01691934275043
2026-09-02,ILI incidence,2026-09-13,3,BE,quantile,0.7,41.636689342883535
2026-09-02,ILI incidence,2026-09-13,3,BE,quantile,0.3,25.527366615041988
2026-09-02,ILI incidence,2026-09-13,3,BE,quantile,0.15,20.176524062189387
2026-09-02,ILI incidence,2026-09-13,3,BE,quantile,0.4,28.971344051160266
2026-09-02,ILI incidence,2026-09-13,3,BE,quantile,0.45,30.785478835170913
2026-09-02,ILI incidence,2026-09-13,3,BE,quantile,0.1,18.071130247266854
2026-09-02,ILI incidence,2026-09-13,3,BE,quantile,0.05,15.22763044281237
2026-09-02,ILI incidence,2026-09-13,3,BE,quantile,0.25,23.87492566548161
2026-09-02,ILI incidence,2026-09-13,3,BE,quantile,0.2,22.053621230770094
2026-09-02,ILI incidence,2026-09-13,3,BE,quantile,0.025,13.325844174855073
2026-09-02,ILI incidence,2026-09-13,3,BE,quantile,0.35,27.31226728147469
2026-09-02,ILI incidence,2026-09-13,3,BE,quantile,0.01,11.690175316233924
2026-09-02,ILI incidence,2026-09-13,3,BE,quantile,0.8,47.435503425803056
2026-09-02,ILI incidence,2026-09-13,3,BE,quantile,0.85,51.74456310797558
2026-09-02,ILI incidence,2026-09-13,3,BE,quantile,0.975,78.11730392426193
2026-09-02,ILI incidence,2026-09-13,3,BE,quantile,0.99,91.64621881821436
2026-09-02,ILI incidence,2026-09-13,3,BE,quantile,0.9,58.07047313828052
2026-09-02,ILI incidence,2026-09-13,3,BE,quantile,0.95,68.00736917240148
2026-09-02,ILI incidence,2026-09-13,3,BE,median,NA,32.751336596709784
2026-09-02,ILI incidence,2026-09-20,4,BE,quantile,0.975,163.25310630939927
2026-09-02,ILI incidence,2026-09-20,4,BE,quantile,0.99,226.15236483689273
2026-09-02,ILI incidence,2026-09-20,4,BE,quantile,0.95,128.27777787287704
2026-09-02,ILI incidence,2026-09-20,4,BE,quantile,0.9,97.39156086154378
2026-09-02,ILI incidence,2026-09-20,4,BE,quantile,0.4,29.18606039473356
2026-09-02,ILI incidence,2026-09-20,4,BE,quantile,0.85,81.15444421159022
2026-09-02,ILI incidence,2026-09-20,4,BE,quantile,0.7,54.6292488270941
2026-09-02,ILI incidence,2026-09-20,4,BE,quantile,0.3,23.468094678511857
2026-09-02,ILI incidence,2026-09-20,4,BE,quantile,0.6,44.06958226054874
2026-09-02,ILI incidence,2026-09-20,4,BE,quantile,0.8,69.2300425451311
2026-09-02,ILI incidence,2026-09-20,4,BE,quantile,0.55,39.60661965920683
2026-09-02,ILI incidence,2026-09-20,4,BE,quantile,0.5,36.07120880852748
2026-09-02,ILI incidence,2026-09-20,4,BE,quantile,0.35,26.467984145303276
2026-09-02,ILI incidence,2026-09-20,4,BE,quantile,0.15,16.05920706479326
2026-09-02,ILI incidence,2026-09-20,4,BE,quantile,0.75,61.624616805804415
2026-09-02,ILI incidence,2026-09-20,4,BE,quantile,0.2,18.489626669062
2026-09-02,ILI incidence,2026-09-20,4,BE,quantile,0.65,48.76959055034429
2026-09-02,ILI incidence,2026-09-20,4,BE,quantile,0.45,32.42144179995938
2026-09-02,ILI incidence,2026-09-20,4,BE,quantile,0.25,21.0352480234384
2026-09-02,ILI incidence,2026-09-20,4,BE,quantile,0.05,9.945458083735469
2026-09-02,ILI incidence,2026-09-20,4,BE,quantile,0.1,13.29695584661239
2026-09-02,ILI incidence,2026-09-20,4,BE,quantile,0.025,7.948408991387898
2026-09-02,ILI incidence,2026-09-20,4,BE,quantile,0.01,5.997794773322501
2026-09-02,ILI incidence,2026-09-20,4,BE,median,NA,36.07120880852748
2026-09-02,ILI incidence,2026-08-30,1,CH,quantile,0.01,2.8826173655541316
2026-09-02,ILI incidence,2026-08-30,1,CH,quantile,0.05,3.8872499515375343
2026-09-02,ILI incidence,2026-08-30,1,CH,quantile,0.025,3.410966726936526
2026-09-02,ILI incidence,2026-08-30,1,CH,quantile,0.5,8.050749718946689
2026-09-02,ILI incidence,2026-08-30,1,CH,quantile,0.25,6.041920672539554
2026-09-02,ILI incidence,2026-08-30,1,CH,quantile,0.4,7.24430899883359
2026-09-02,ILI incidence,2026-08-30,1,CH,quantile,0.1,4.563406605586579
2026-09-02,ILI incidence,2026-08-30,1,CH,quantile,0.45,7.655260253987258
2026-09-02,ILI incidence,2026-08-30,1,CH,quantile,0.15,5.112853866692964
2026-09-02,ILI incidence,2026-08-30,1,CH,quantile,0.3,6.450717257405026
2026-09-02,ILI incidence,2026-08-30,1,CH,quantile,0.6,9.02397946952062
2026-09-02,ILI incidence,2026-08-30,1,CH,quantile,0.2,5.595490841111508
2026-09-02,ILI incidence,2026-08-30,1,CH,quantile,0.55,8.522145747020478
2026-09-02,ILI incidence,2026-08-30,1,CH,quantile,0.35,6.856762815199641
2026-09-02,ILI incidence,2026-08-30,1,CH,quantile,0.65,9.568184694395253
2026-09-02,ILI incidence,2026-08-30,1,CH,quantile,0.7,10.172142043401411
2026-09-02,ILI incidence,2026-08-30,1,CH,quantile,0.75,10.864321777915816
2026-09-02,ILI incidence,2026-08-30,1,CH,quantile,0.8,11.705448317199656
2026-09-02,ILI incidence,2026-08-30,1,CH,quantile,0.99,22.815701361590857
2026-09-02,ILI incidence,2026-08-30,1,CH,quantile,0.975,18.726151409815905
2026-09-02,ILI incidence,2026-08-30,1,CH,quantile,0.95,16.57598261752435
2026-09-02,ILI incidence,2026-08-30,1,CH,quantile,0.85,12.688493696351458
2026-09-02,ILI incidence,2026-08-30,1,CH,quantile,0.9,14.13305401303814
2026-09-02,ILI incidence,2026-08-30,1,CH,median,NA,8.050749718946689
2026-09-02,ILI incidence,2026-09-06,2,CH,quantile,0.1,5.767597837677681
2026-09-02,ILI incidence,2026-09-06,2,CH,quantile,0.15,6.166786907872244
2026-09-02,ILI incidence,2026-09-06,2,CH,quantile,0.65,9.18401141886466
2026-09-02,ILI incidence,2026-09-06,2,CH,quantile,0.6,8.851578808728494
2026-09-02,ILI incidence,2026-09-06,2,CH,quantile,0.025,4.806238493352167
2026-09-02,ILI incidence,2026-09-06,2,CH,quantile,0.01,4.315791205478379
2026-09-02,ILI incidence,2026-09-06,2,CH,quantile,0.05,5.2504276908217165
2026-09-02,ILI incidence,2026-09-06,2,CH,quantile,0.3,7.142377212031222
2026-09-02,ILI incidence,2026-09-06,2,CH,quantile,0.5,8.244994221320407
2026-09-02,ILI incidence,2026-09-06,2,CH,quantile,0.55,8.540012395188839
2026-09-02,ILI incidence,2026-09-06,2,CH,quantile,0.35,7.416655809708007
2026-09-02,ILI incidence,2026-09-06,2,CH,quantile,0.4,7.693707718417955
2026-09-02,ILI incidence,2026-09-06,2,CH,quantile,0.45,7.975054401384709
2026-09-02,ILI incidence,2026-09-06,2,CH,quantile,0.25,6.844252783414019
2026-09-02,ILI incidence,2026-09-06,2,CH,quantile,0.2,6.526627257857714
2026-09-02,ILI incidence,2026-09-06,2,CH,quantile,0.7,9.52496202738982
2026-09-02,ILI incidence,2026-09-06,2,CH,quantile,0.8,10.395205070661516
2026-09-02,ILI incidence,2026-09-06,2,CH,quantile,0.75,9.935613135214664
2026-09-02,ILI incidence,2026-09-06,2,CH,quantile,0.85,10.982380390401737
2026-09-02,ILI incidence,2026-09-06,2,CH,quantile,0.95,13.001807900347782
2026-09-02,ILI incidence,2026-09-06,2,CH,quantile,0.975,14.248461231293788
2026-09-02,ILI incidence,2026-09-06,2,CH,quantile,0.9,11.791553853093694
2026-09-02,ILI incidence,2026-09-06,2,CH,quantile,0.99,15.839018134585322
2026-09-02,ILI incidence,2026-09-06,2,CH,median,NA,8.244994221320407
2026-09-02,ILI incidence,2026-09-13,3,CH,quantile,0.45,8.15998385148032
2026-09-02,ILI incidence,2026-09-13,3,CH,quantile,0.5,8.515016974978865
2026-09-02,ILI incidence,2026-09-13,3,CH,quantile,0.65,9.738647594888782
2026-09-02,ILI incidence,2026-09-13,3,CH,quantile,0.6,9.317240326409886
2026-09-02,ILI incidence,2026-09-13,3,CH,quantile,0.99,19.087236193699344
2026-09-02,ILI incidence,2026-09-13,3,CH,quantile,0.35,7.435064065225504
2026-09-02,ILI incidence,2026-09-13,3,CH,quantile,0.4,7.784726109278259
2026-09-02,ILI incidence,2026-09-13,3,CH,quantile,0.25,6.732573862436475
2026-09-02,ILI incidence,2026-09-13,3,CH,quantile,0.975,16.655308263916346
2026-09-02,ILI incidence,2026-09-13,3,CH,quantile,0.01,3.7660042489349874
2026-09-02,ILI incidence,2026-09-13,3,CH,quantile,0.2,6.360543025269896
2026-09-02,ILI incidence,2026-09-13,3,CH,quantile,0.05,4.837813956796619
2026-09-02,ILI incidence,2026-09-13,3,CH,quantile,0.85,12.2660582327083
2026-09-02,ILI incidence,2026-09-13,3,CH,quantile,0.55,8.89187692619707
2026-09-02,ILI incidence,2026-09-13,3,CH,quantile,0.95,15.029503289126325
2026-09-02,ILI incidence,2026-09-13,3,CH,quantile,0.8,11.449828446777133
2026-09-02,ILI incidence,2026-09-13,3,CH,quantile,0.3,7.078711194644182
2026-09-02,ILI incidence,2026-09-13,3,CH,quantile,0.75,10.795331188252542
2026-09-02,ILI incidence,2026-09-13,3,CH,quantile,0.7,10.225113199548154
2026-09-02,ILI incidence,2026-09-13,3,CH,quantile,0.025,4.306697279012356
2026-09-02,ILI incidence,2026-09-13,3,CH,quantile,0.9,13.320661374859162
2026-09-02,ILI incidence,2026-09-13,3,CH,quantile,0.15,5.955086592954246
2026-09-02,ILI incidence,2026-09-13,3,CH,quantile,0.1,5.466206837382716
2026-09-02,ILI incidence,2026-09-13,3,CH,median,NA,8.515016974978865
2026-09-02,ILI incidence,2026-09-20,4,CH,quantile,0.1,5.765796554732473
2026-09-02,ILI incidence,2026-09-20,4,CH,quantile,0.05,4.960745897488537
2026-09-02,ILI incidence,2026-09-20,4,CH,quantile,0.01,3.747041687975556
2026-09-02,ILI incidence,2026-09-20,4,CH,quantile,0.9,15.620921245833554
2026-09-02,ILI incidence,2026-09-20,4,CH,quantile,0.025,4.387368534067983
2026-09-02,ILI incidence,2026-09-20,4,CH,quantile,0.85,14.112963627270313
2026-09-02,ILI incidence,2026-09-20,4,CH,quantile,0.95,17.84916732107868
2026-09-02,ILI incidence,2026-09-20,4,CH,quantile,0.8,13.124869478766112
2026-09-02,ILI incidence,2026-09-20,4,CH,quantile,0.975,20.217487969275215
2026-09-02,ILI incidence,2026-09-20,4,CH,quantile,0.75,12.293168805662775
2026-09-02,ILI incidence,2026-09-20,4,CH,quantile,0.7,11.596616882802689
2026-09-02,ILI incidence,2026-09-20,4,CH,quantile,0.55,9.89602417999974
2026-09-02,ILI incidence,2026-09-20,4,CH,quantile,0.65,10.989831987240642
2026-09-02,ILI incidence,2026-09-20,4,CH,quantile,0.99,23.05839536324773
2026-09-02,ILI incidence,2026-09-20,4,CH,quantile,0.6,10.424476089806632
2026-09-02,ILI incidence,2026-09-20,4,CH,quantile,0.3,7.683024961688625
2026-09-02,ILI incidence,2026-09-20,4,CH,quantile,0.25,7.252492428312756
2026-09-02,ILI incidence,2026-09-20,4,CH,quantile,0.35,8.130898479275793
2026-09-02,ILI incidence,2026-09-20,4,CH,quantile,0.5,9.439432396665786
2026-09-02,ILI incidence,2026-09-20,4,CH,quantile,0.2,6.795375753608763
2026-09-02,ILI incidence,2026-09-20,4,CH,quantile,0.45,8.980477955900357
2026-09-02,ILI incidence,2026-09-20,4,CH,quantile,0.15,6.319423694301321
2026-09-02,ILI incidence,2026-09-20,4,CH,quantile,0.4,8.550432301977576
2026-09-02,ILI incidence,2026-09-20,4,CH,median,NA,9.439432396665786
2026-09-02,ILI incidence,2026-08-30,1,DK,quantile,0.025,33.946644893448116
2026-09-02,ILI incidence,2026-08-30,1,DK,quantile,0.01,30.36375475101669
2026-09-02,ILI incidence,2026-08-30,1,DK,quantile,0.45,62.35050935707743
2026-09-02,ILI incidence,2026-08-30,1,DK,quantile,0.1,42.472707551176754
2026-09-02,ILI incidence,2026-08-30,1,DK,quantile,0.25,51.81998255609206
2026-09-02,ILI incidence,2026-08-30,1,DK,quantile,0.3,54.554319345577625
2026-09-02,ILI incidence,2026-08-30,1,DK,quantile,0.35,57.02260304658678
2026-09-02,ILI incidence,2026-08-30,1,DK,quantile,0.7,77.89092010582561
2026-09-02,ILI incidence,2026-08-30,1,DK,quantile,0.4,59.73671964528191
2026-09-02,ILI incidence,2026-08-30,1,DK,quantile,0.2,48.92116727003477
2026-09-02,ILI incidence,2026-08-30,1,DK,quantile,0.15,45.77138376920944
2026-09-02,ILI incidence,2026-08-30,1,DK,quantile,0.75,81.96239641739011
2026-09-02,ILI incidence,2026-08-30,1,DK,quantile,0.8,86.60380408604163
2026-09-02,ILI incidence,2026-08-30,1,DK,quantile,0.85,92.7948332856823
2026-09-02,ILI incidence,2026-08-30,1,DK,quantile,0.9,101.73707727765104
2026-09-02,ILI incidence,2026-08-30,1,DK,quantile,0.05,37.562826108296825
2026-09-02,ILI incidence,2026-08-30,1,DK,quantile,0.5,65.04657829831879
2026-09-02,ILI incidence,2026-08-30,1,DK,quantile,0.95,115.36713405449318
2026-09-02,ILI incidence,2026-08-30,1,DK,quantile,0.99,146.61813772319826
2026-09-02,ILI incidence,2026-08-30,1,DK,quantile,0.55,67.77068560869358
2026-09-02,ILI incidence,2026-08-30,1,DK,quantile,0.6,71.12120280824723
2026-09-02,ILI incidence,2026-08-30,1,DK,quantile,0.65,74.47861240154617
2026-09-02,ILI incidence,2026-08-30,1,DK,quantile,0.975,129.37240209423808
2026-09-02,ILI incidence,2026-08-30,1,DK,median,NA,65.04657829831879
2026-09-02,ILI incidence,2026-09-06,2,DK,quantile,0.9,61.80229072002263
2026-09-02,ILI incidence,2026-09-06,2,DK,quantile,0.85,56.070296356512806
2026-09-02,ILI incidence,2026-09-06,2,DK,quantile,0.6,40.749276878862666
2026-09-02,ILI incidence,2026-09-06,2,DK,quantile,0.975,80.76885375777758
2026-09-02,ILI incidence,2026-09-06,2,DK,quantile,0.7,45.40761084114958
2026-09-02,ILI incidence,2026-09-06,2,DK,quantile,0.95,71.8847407158359
2026-09-02,ILI incidence,2026-09-06,2,DK,quantile,0.5,36.83306516317677
2026-09-02,ILI incidence,2026-09-06,2,DK,quantile,0.55,38.797026638530824
2026-09-02,ILI incidence,2026-09-06,2,DK,quantile,0.4,33.451059895882466
2026-09-02,ILI incidence,2026-09-06,2,DK,quantile,0.99,92.50086947179037
2026-09-02,ILI incidence,2026-09-06,2,DK,quantile,0.8,51.70070659724259
2026-09-02,ILI incidence,2026-09-06,2,DK,quantile,0.75,48.299508718969435
2026-09-02,ILI incidence,2026-09-06,2,DK,quantile,0.65,42.97520234239807
2026-09-02,ILI incidence,2026-09-06,2,DK,quantile,0.01,14.360428610057683
2026-09-02,ILI incidence,2026-09-06,2,DK,quantile,0.2,26.315919449720973
2026-09-02,ILI incidence,2026-09-06,2,DK,quantile,0.1,21.933558421332695
2026-09-02,ILI incidence,2026-09-06,2,DK,quantile,0.25,28.173121543925767
2026-09-02,ILI incidence,2026-09-06,2,DK,quantile,0.45,35.03586590086603
2026-09-02,ILI incidence,2026-09-06,2,DK,quantile,0.025,16.538862691203736
2026-09-02,ILI incidence,2026-09-06,2,DK,quantile,0.05,18.88976014077568
2026-09-02,ILI incidence,2026-09-06,2,DK,quantile,0.35,31.759902199680017
2026-09-02,ILI incidence,2026-09-06,2,DK,quantile,0.3,29.936487561302496
2026-09-02,ILI incidence,2026-09-06,2,DK,quantile,0.15,24.16224868442268
2026-09-02,ILI incidence,2026-09-06,2,DK,median,NA,36.83306516317677
2026-09-02,ILI incidence,2026-09-13,3,DK,quantile,0.25,36.23137212855578
2026-09-02,ILI incidence,2026-09-13,3,DK,quantile,0.35,41.35027987586465
2026-09-02,ILI incidence,2026-09-13,3,DK,quantile,0.3,38.80778042782149
2026-09-02,ILI incidence,2026-09-13,3,DK,quantile,0.4,43.91227375871805
2026-09-02,ILI incidence,2026-09-13,3,DK,quantile,0.45,46.611601277764294
2026-09-02,ILI incidence,2026-09-13,3,DK,quantile,0.5,49.28383492372845
2026-09-02,ILI incidence,2026-09-13,3,DK,quantile,0.55,52.085755626019456
2026-09-02,ILI incidence,2026-09-13,3,DK,quantile,0.99,147.3566284878451
2026-09-02,ILI incidence,2026-09-13,3,DK,quantile,0.975,122.88529508418983
2026-09-02,ILI incidence,2026-09-13,3,DK,quantile,0.9,87.91515127159099
2026-09-02,ILI incidence,2026-09-13,3,DK,quantile,0.95,103.98649899221152
2026-09-02,ILI incidence,2026-09-13,3,DK,quantile,0.6,54.934813790775
2026-09-02,ILI incidence,2026-09-13,3,DK,quantile,0.8,71.70177821593363
2026-09-02,ILI incidence,2026-09-13,3,DK,quantile,0.85,78.4340004407361
2026-09-02,ILI incidence,2026-09-13,3,DK,quantile,0.2,33.4842509457701
2026-09-02,ILI incidence,2026-09-13,3,DK,quantile,0.025,20.14730544819679
2026-09-02,ILI incidence,2026-09-13,3,DK,quantile,0.1,27.34609532691425
2026-09-02,ILI incidence,2026-09-13,3,DK,quantile,0.15,30.43229745220365
2026-09-02,ILI incidence,2026-09-13,3,DK,quantile,0.01,16.913152874572976
2026-09-02,ILI incidence,2026-09-13,3,DK,quantile,0.75,66.70162367998441
2026-09-02,ILI incidence,2026-09-13,3,DK,quantile,0.05,23.07200518288742
2026-09-02,ILI incidence,2026-09-13,3,DK,quantile,0.7,62.42143063285138
2026-09-02,ILI incidence,2026-09-13,3,DK,quantile,0.65,58.24020487478826
2026-09-02,ILI incidence,2026-09-13,3,DK,median,NA,49.28383492372845
2026-09-02,ILI incidence,2026-09-20,4,DK,quantile,0.3,46.31627423747865
2026-09-02,ILI incidence,2026-09-20,4,DK,quantile,0.025,33.842494288049366
2026-09-02,ILI incidence,2026-09-20,4,DK,quantile,0.01,31.47935128191705
2026-09-02,ILI incidence,2026-09-20,4,DK,quantile,0.15,41.33147301473328
2026-09-02,ILI incidence,2026-09-20,4,DK,quantile,0.05,36.51292964734647
2026-09-02,ILI incidence,2026-09-20,4,DK,quantile,0.25,44.8833154492891
2026-09-02,ILI incidence,2026-09-20,4,DK,quantile,0.2,43.22054575799893
2026-09-02,ILI incidence,2026-09-20,4,DK,quantile,0.35,47.90986780182205
2026-09-02,ILI incidence,2026-09-20,4,DK,quantile,0.1,39.30172464806379
2026-09-02,ILI incidence,2026-09-20,4,DK,quantile,0.5,52.2065727346909
2026-09-02,ILI incidence,2026-09-20,4,DK,quantile,0.45,50.79221230997048
2026-09-02,ILI incidence,2026-09-20,4,DK,quantile,0.4,49.28949100017084
2026-09-02,ILI incidence,2026-09-20,4,DK,quantile,0.55,53.72851220881227
2026-09-02,ILI incidence,2026-09-20,4,DK,quantile,0.65,57.07063986701743
2026-09-02,ILI incidence,2026-09-20,4,DK,quantile,0.6,55.36206412280711
2026-09-02,ILI incidence,2026-09-20,4,DK,quantile,0.99,89.30456945228427
2026-09-02,ILI incidence,2026-09-20,4,DK,quantile,0.975,82.60876597291686
2026-09-02,ILI incidence,2026-09-20,4,DK,quantile,0.95,76.12809190877519
2026-09-02,ILI incidence,2026-09-20,4,DK,quantile,0.85,66.16912009902153
2026-09-02,ILI incidence,2026-09-20,4,DK,quantile,0.9,69.87801003046046
2026-09-02,ILI incidence,2026-09-20,4,DK,quantile,0.8,63.24352128630525
2026-09-02,ILI incidence,2026-09-20,4,DK,quantile,0.75,61.023005798901735
2026-09-02,ILI incidence,2026-09-20,4,DK,quantile,0.7,58.94234273113143
2026-09-02,ILI incidence,2026-09-20,4,DK,median,NA,52.2065727346909
2026-09-02,ILI incidence,2026-08-30,1,EE,quantile,0.99,12.06201784430927
2026-09-02,ILI incidence,2026-08-30,1,EE,quantile,0.95,11.507943020004175
2026-09-02,ILI incidence,2026-08-30,1,EE,quantile,0.975,11.753571097736645
2026-09-02,ILI incidence,2026-08-30,1,EE,quantile,0.9,11.20076145750664
2026-09-02,ILI incidence,2026-08-30,1,EE,quantile,0.85,11.011046422563362
2026-09-02,ILI incidence,2026-08-30,1,EE,quantile,0.75,10.729645082105495
2026-09-02,ILI incidence,2026-08-30,1,EE,quantile,0.8,10.861295195049497
2026-09-02,ILI incidence,2026-08-30,1,EE,quantile,0.6,10.419872852399326
2026-09-02,ILI incidence,2026-08-30,1,EE,quantile,0.7,10.616846789338656
2026-09-02,ILI incidence,2026-08-30,1,EE,quantile,0.55,10.322407024712152
2026-09-02,ILI incidence,2026-08-30,1,EE,quantile,0.65,10.511106626639702
2026-09-02,ILI incidence,2026-08-30,1,EE,quantile,0.05,9.118320632197474
2026-09-02,ILI incidence,2026-08-30,1,EE,quantile,0.5,10.234475848460049
2026-09-02,ILI incidence,2026-08-30,1,EE,quantile,0.01,8.707744900814077
2026-09-02,ILI incidence,2026-08-30,1,EE,quantile,0.1,9.366605739768326
2026-09-02,ILI incidence,2026-08-30,1,EE,quantile,0.025,8.924297734500094
2026-09-02,ILI incidence,2026-08-30,1,EE,quantile,0.35,9.9607714327216
2026-09-02,ILI incidence,2026-08-30,1,EE,quantile,0.15,9.526208592444052
2026-09-02,ILI incidence,2026-08-30,1,EE,quantile,0.2,9.64584814781336
2026-09-02,ILI incidence,2026-08-30,1,EE,quantile,0.45,10.1414418927858
2026-09-02,ILI incidence,2026-08-30,1,EE,quantile,0.25,9.75698396617352
2026-09-02,ILI incidence,2026-08-30,1,EE,quantile,0.4,10.047868042034196
2026-09-02,ILI incidence,2026-08-30,1,EE,quantile,0.3,9.856938047719176
2026-09-02,ILI incidence,2026-08-30,1,EE,median,NA,10.234475848460049
2026-09-02,ILI incidence,2026-09-06,2,EE,quantile,0.65,6.640481401434916
2026-09-02,ILI incidence,2026-09-06,2,EE,quantile,0.5,4.048847459738582
2026-09-02,ILI incidence,2026-09-06,2,EE,quantile,0.35,2.4901724068988287
2026-09-02,ILI incidence,2026-09-06,2,EE,quantile,0.3,2.081586820716542
2026-09-02,ILI incidence,2026-09-06,2,EE,quantile,0.45,3.481475280485183
2026-09-02,ILI incidence,2026-09-06,2,EE,quantile,0.7,7.852716037323333
2026-09-02,ILI incidence,2026-09-06,2,EE,quantile,0.55,4.749546778802099
2026-09-02,ILI incidence,2026-09-06,2,EE,quantile,0.9,20.86508098176728
2026-09-02,ILI incidence,2026-09-06,2,EE,quantile,0.95,34.40397038593784
2026-09-02,ILI incidence,2026-09-06,2,EE,quantile,0.2,1.3974786222180746
2026-09-02,ILI incidence,2026-09-06,2,EE,quantile,0.15,1.0986576525646516
2026-09-02,ILI incidence,2026-09-06,2,EE,quantile,0.4,2.94348098793851
2026-09-02,ILI incidence,2026-09-06,2,EE,quantile,0.975,52.91519232107965
2026-09-02,ILI incidence,2026-09-06,2,EE,quantile,0.25,1.7326145965886566
2026-09-02,ILI incidence,2026-09-06,2,EE,quantile,0.6,5.598560848798352
2026-09-02,ILI incidence,2026-09-06,2,EE,quantile,0.99,84.9855322771142
2026-09-02,ILI incidence,2026-09-06,2,EE,quantile,0.75,9.484968989187584
2026-09-02,ILI incidence,2026-09-06,2,EE,quantile,0.8,11.695396580621876
2026-09-02,ILI incidence,2026-09-06,2,EE,quantile,0.1,0.774378685129898
2026-09-02,ILI incidence,2026-09-06,2,EE,quantile,0.85,15.001747705223012
2026-09-02,ILI incidence,2026-09-06,2,EE,quantile,0.05,0.495056031678826
2026-09-02,ILI incidence,2026-09-06,2,EE,quantile,0.025,0.3300953501075405
2026-09-02,ILI incidence,2026-09-06,2,EE,quantile,0.01,0.202876049386676
2026-09-02,ILI incidence,2026-09-06,2,EE,median,NA,4.048847459738582
2026-09-02,ILI incidence,2026-09-13,3,EE,quantile,0.65,28.57046445491128
2026-09-02,ILI incidence,2026-09-13,3,EE,quantile,0.5,18.89917305222372
2026-09-02,ILI incidence,2026-09-13,3,EE,quantile,0.55,21.52950205475532
2026-09-02,ILI incidence,2026-09-13,3,EE,quantile,0.6,24.64473905897561
2026-09-02,ILI incidence,2026-09-13,3,EE,quantile,0.35,12.3637954140926
2026-09-02,ILI incidence,2026-09-13,3,EE,quantile,0.4,14.381059341643391
2026-09-02,ILI incidence,2026-09-13,3,EE,quantile,0.45,16.473413003097985
2026-09-02,ILI incidence,2026-09-13,3,EE,quantile,0.9,73.78868084448843
2026-09-02,ILI incidence,2026-09-13,3,EE,quantile,0.95,107.65826222008836
2026-09-02,ILI incidence,2026-09-13,3,EE,quantile,0.99,240.02889326913512
2026-09-02,ILI incidence,2026-09-13,3,EE,quantile,0.7,33.36309085785648
2026-09-02,ILI incidence,2026-09-13,3,EE,quantile,0.75,39.075014913461125
2026-09-02,ILI incidence,2026-09-13,3,EE,quantile,0.8,46.804504449874806
2026-09-02,ILI incidence,2026-09-13,3,EE,quantile,0.85,57.580444767547945
2026-09-02,ILI incidence,2026-09-13,3,EE,quantile,0.25,9.192524234671527
2026-09-02,ILI incidence,2026-09-13,3,EE,quantile,0.3,10.743549475166096
2026-09-02,ILI incidence,2026-09-13,3,EE,quantile,0.975,155.37884912276525
2026-09-02,ILI incidence,2026-09-13,3,EE,quantile,0.2,7.697644548483243
2026-09-02,ILI incidence,2026-09-13,3,EE,quantile,0.01,1.6505646498925637
2026-09-02,ILI incidence,2026-09-13,3,EE,quantile,0.05,3.113040221798155
2026-09-02,ILI incidence,2026-09-13,3,EE,quantile,0.1,4.618950796229249
2026-09-02,ILI incidence,2026-09-13,3,EE,quantile,0.15,6.018085670054548
2026-09-02,ILI incidence,2026-09-13,3,EE,quantile,0.025,2.281405510785063
2026-09-02,ILI incidence,2026-09-13,3,EE,median,NA,18.89917305222372
2026-09-02,ILI incidence,2026-09-20,4,EE,quantile,0.25,10.5606358519663
2026-09-02,ILI incidence,2026-09-20,4,EE,quantile,0.2,10.092715898292198
2026-09-02,ILI incidence,2026-09-20,4,EE,quantile,0.1,8.874393035948675
2026-09-02,ILI incidence,2026-09-20,4,EE,quantile,0.025,7.366098722555467
2026-09-02,ILI incidence,2026-09-20,4,EE,quantile,0.05,8.021514486965799
2026-09-02,ILI incidence,2026-09-20,4,EE,quantile,0.15,9.531284008466262
2026-09-02,ILI incidence,2026-09-20,4,EE,quantile,0.01,6.6107463298218745
2026-09-02,ILI incidence,2026-09-20,4,EE,quantile,0.4,11.982052959255563
2026-09-02,ILI incidence,2026-09-20,4,EE,quantile,0.35,11.506424100928214
2026-09-02,ILI incidence,2026-09-20,4,EE,quantile,0.45,12.408736154233283
2026-09-02,ILI incidence,2026-09-20,4,EE,quantile,0.5,12.86612540391366
2026-09-02,ILI incidence,2026-09-20,4,EE,quantile,0.3,11.023621345533616
2026-09-02,ILI incidence,2026-09-20,4,EE,quantile,0.65,14.374561894775804
2026-09-02,ILI incidence,2026-09-20,4,EE,quantile,0.55,13.327243122574814
2026-09-02,ILI incidence,2026-09-20,4,EE,quantile,0.6,13.829515351269055
2026-09-02,ILI incidence,2026-09-20,4,EE,quantile,0.9,18.45213858277824
2026-09-02,ILI incidence,2026-09-20,4,EE,quantile,0.95,20.36720092912246
2026-09-02,ILI incidence,2026-09-20,4,EE,quantile,0.975,22.156575665650195
2026-09-02,ILI incidence,2026-09-20,4,EE,quantile,0.99,24.44336078395825
2026-09-02,ILI incidence,2026-09-20,4,EE,quantile,0.7,14.931892542592546
2026-09-02,ILI incidence,2026-09-20,4,EE,quantile,0.85,17.251606486320785
2026-09-02,ILI incidence,2026-09-20,4,EE,quantile,0.75,15.583036799962358
2026-09-02,ILI incidence,2026-09-20,4,EE,quantile,0.8,16.347718635444508
2026-09-02,ILI incidence,2026-09-20,4,EE,median,NA,12.86612540391366
2026-09-02,ILI incidence,2026-08-30,1,ES,quantile,0.1,6.40523688340025
2026-09-02,ILI incidence,2026-08-30,1,ES,quantile,0.01,5.31261676242393
2026-09-02,ILI incidence,2026-08-30,1,ES,quantile,0.05,6.002426736258711
2026-09-02,ILI incidence,2026-08-30,1,ES,quantile,0.2,6.949378018033901
2026-09-02,ILI incidence,2026-08-30,1,ES,quantile,0.25,7.158294625151493
2026-09-02,ILI incidence,2026-08-30,1,ES,quantile,0.15,6.70320650711912
2026-09-02,ILI incidence,2026-08-30,1,ES,quantile,0.025,5.671466751893204
2026-09-02,ILI incidence,2026-08-30,1,ES,quantile,0.3,7.365451740053389
2026-09-02,ILI incidence,2026-08-30,1,ES,quantile,0.35,7.549368633589127
2026-09-02,ILI incidence,2026-08-30,1,ES,quantile,0.6,8.507291108154895
2026-09-02,ILI incidence,2026-08-30,1,ES,quantile,0.4,7.748644323237633
2026-09-02,ILI incidence,2026-08-30,1,ES,quantile,0.7,8.965363975234428
2026-09-02,ILI incidence,2026-08-30,1,ES,quantile,0.5,8.109644873217334
2026-09-02,ILI incidence,2026-08-30,1,ES,quantile,0.65,8.73368323076476
2026-09-02,ILI incidence,2026-08-30,1,ES,quantile,0.55,8.310632774318064
2026-09-02,ILI incidence,2026-08-30,1,ES,quantile,0.45,7.920251206983657
2026-09-02,ILI incidence,2026-08-30,1,ES,quantile,0.975,11.666540261051942
2026-09-02,ILI incidence,2026-08-30,1,ES,quantile,0.99,12.533488128570603
2026-09-02,ILI incidence,2026-08-30,1,ES,quantile,0.95,11.01008914417868
2026-09-02,ILI incidence,2026-08-30,1,ES,quantile,0.85,9.832133276279082
2026-09-02,ILI incidence,2026-08-30,1,ES,quantile,0.75,9.20815576586729
2026-09-02,ILI incidence,2026-08-30,1,ES,quantile,0.8,9.480161260843632
2026-09-02,ILI incidence,2026-08-30,1,ES,quantile,0.9,10.320368770475694
2026-09-02,ILI incidence,2026-08-30,1,ES,median,NA,8.109644873217334
2026-09-02,ILI incidence,2026-09-06,2,ES,quantile,0.35,7.95522828757546
2026-09-02,ILI incidence,2026-09-06,2,ES,quantile,0.55,8.685249263789595
2026-09-02,ILI incidence,2026-09-06,2,ES,quantile,0.5,8.501861632212115
2026-09-02,ILI incidence,2026-09-06,2,ES,quantile,0.45,8.314587016487513
2026-09-02,ILI incidence,2026-09-06,2,ES,quantile,0.6,8.869013458899273
2026-09-02,ILI incidence,2026-09-06,2,ES,quantile,0.65,9.067249023070138
2026-09-02,ILI incidence,2026-09-06,2,ES,quantile,0.7,9.288251413285597
2026-09-02,ILI incidence,2026-09-06,2,ES,quantile,0.8,9.813019446122102
2026-09-02,ILI incidence,2026-09-06,2,ES,quantile,0.9,10.55254892458762
2026-09-02,ILI incidence,2026-09-06,2,ES,quantile,0.85,10.145433435361152
2026-09-02,ILI incidence,2026-09-06,2,ES,quantile,0.95,11.235460248773158
2026-09-02,ILI incidence,2026-09-06,2,ES,quantile,0.75,9.54257683483821
2026-09-02,ILI incidence,2026-09-06,2,ES,quantile,0.4,8.126219117815841
2026-09-02,ILI incidence,2026-09-06,2,ES,quantile,0.975,11.870731895740802
2026-09-02,ILI incidence,2026-09-06,2,ES,quantile,0.2,7.35023330539148
2026-09-02,ILI incidence,2026-09-06,2,ES,quantile,0.3,7.775454738766157
2026-09-02,ILI incidence,2026-09-06,2,ES,quantile,0.15,7.104262427601518
2026-09-02,ILI incidence,2026-09-06,2,ES,quantile,0.99,12.623142747935734
2026-09-02,ILI incidence,2026-09-06,2,ES,quantile,0.25,7.572408657270456
2026-09-02,ILI incidence,2026-09-06,2,ES,quantile,0.1,6.80651701909409
2026-09-02,ILI incidence,2026-09-06,2,ES,quantile,0.05,6.385655145497665
2026-09-02,ILI incidence,2026-09-06,2,ES,quantile,0.01,5.6261269978796635
2026-09-02,ILI incidence,2026-09-06,2,ES,quantile,0.025,6.015344233257858
2026-09-02,ILI incidence,2026-09-06,2,ES,median,NA,8.501861632212115
2026-09-02,ILI incidence,2026-09-13,3,ES,quantile,0.1,5.995051153437009
2026-09-02,ILI incidence,2026-09-13,3,ES,quantile,0.01,4.468541473050564
2026-09-02,ILI incidence,2026-09-13,3,ES,quantile,0.05,5.367065076094394
2026-09-02,ILI incidence,2026-09-13,3,ES,quantile,0.025,4.960942147180011
2026-09-02,ILI incidence,2026-09-13,3,ES,quantile,0.2,6.867798792818907
2026-09-02,ILI incidence,2026-09-13,3,ES,quantile,0.25,7.193868600119453
2026-09-02,ILI incidence,2026-09-13,3,ES,quantile,0.75,10.672841464060449
2026-09-02,ILI incidence,2026-09-13,3,ES,quantile,0.4,8.149557335084237
2026-09-02,ILI incidence,2026-09-13,3,ES,quantile,0.45,8.463018501597077
2026-09-02,ILI incidence,2026-09-13,3,ES,quantile,0.5,8.778210885683842
2026-09-02,ILI incidence,2026-09-13,3,ES,quantile,0.15,6.465328860698235
2026-09-02,ILI incidence,2026-09-13,3,ES,quantile,0.3,7.517846549107823
2026-09-02,ILI incidence,2026-09-13,3,ES,quantile,0.6,9.4637278560219
2026-09-02,ILI incidence,2026-09-13,3,ES,quantile,0.35,7.832381200689801
2026-09-02,ILI incidence,2026-09-13,3,ES,quantile,0.65,9.849296120233998
2026-09-02,ILI incidence,2026-09-13,3,ES,quantile,0.55,9.122295917310788
2026-09-02,ILI incidence,2026-09-13,3,ES,quantile,0.7,10.205680398096284
2026-09-02,ILI incidence,2026-09-13,3,ES,quantile,0.8,11.165720512827706
2026-09-02,ILI incidence,2026-09-13,3,ES,quantile,0.9,12.617141623257409
2026-09-02,ILI incidence,2026-09-13,3,ES,quantile,0.85,11.76370631021604
2026-09-02,ILI incidence,2026-09-13,3,ES,quantile,0.99,17.00127652581678
2026-09-02,ILI incidence,2026-09-13,3,ES,quantile,0.95,14.08018940759797
2026-09-02,ILI incidence,2026-09-13,3,ES,quantile,0.975,15.445404132265196
2026-09-02,ILI incidence,2026-09-13,3,ES,median,NA,8.778210885683842
2026-09-02,ILI incidence,2026-09-20,4,ES,quantile,0.9,15.266214869861953
2026-09-02,ILI incidence,2026-09-20,4,ES,quantile,0.95,17.637026579340784
2026-09-02,ILI incidence,2026-09-20,4,ES,quantile,0.8,12.750513457591698
2026-09-02,ILI incidence,2026-09-20,4,ES,quantile,0.75,11.911809514718154
2026-09-02,ILI incidence,2026-09-20,4,ES,quantile,0.975,19.611692433269184
2026-09-02,ILI incidence,2026-09-20,4,ES,quantile,0.05,4.800607333595592
2026-09-02,ILI incidence,2026-09-20,4,ES,quantile,0.1,5.570479575521579
2026-09-02,ILI incidence,2026-09-20,4,ES,quantile,0.85,13.80117302040284
2026-09-02,ILI incidence,2026-09-20,4,ES,quantile,0.6,10.129753633939451
2026-09-02,ILI incidence,2026-09-20,4,ES,quantile,0.65,10.646912608708492
2026-09-02,ILI incidence,2026-09-20,4,ES,quantile,0.7,11.263519149292115
2026-09-02,ILI incidence,2026-09-20,4,ES,quantile,0.2,6.577769985009744
2026-09-02,ILI incidence,2026-09-20,4,ES,quantile,0.55,9.64766285116752
2026-09-02,ILI incidence,2026-09-20,4,ES,quantile,0.99,22.578808614379543
2026-09-02,ILI incidence,2026-09-20,4,ES,quantile,0.025,4.195116182068384
2026-09-02,ILI incidence,2026-09-20,4,ES,quantile,0.15,6.099208286879605
2026-09-02,ILI incidence,2026-09-20,4,ES,quantile,0.01,3.693807029360375
2026-09-02,ILI incidence,2026-09-20,4,ES,quantile,0.25,7.030119898343466
2026-09-02,ILI incidence,2026-09-20,4,ES,quantile,0.5,9.183017738299789
2026-09-02,ILI incidence,2026-09-20,4,ES,quantile,0.35,7.878854493967223
2026-09-02,ILI incidence,2026-09-20,4,ES,quantile,0.3,7.465341705462155
2026-09-02,ILI incidence,2026-09-20,4,ES,quantile,0.45,8.750757696593473
2026-09-02,ILI incidence,2026-09-20,4,ES,quantile,0.4,8.316801747591821
2026-09-02,ILI incidence,2026-09-20,4,ES,median,NA,9.183017738299789
2026-09-02,ILI incidence,2026-08-30,1,FI,quantile,0.85,24.066783092806652
2026-09-02,ILI incidence,2026-08-30,1,FI,quantile,0.025,6.539187591180786
2026-09-02,ILI incidence,2026-08-30,1,FI,quantile,0.75,20.609423373959647
2026-09-02,ILI incidence,2026-08-30,1,FI,quantile,0.05,7.518162044083118
2026-09-02,ILI incidence,2026-08-30,1,FI,quantile,0.1,8.858785160000439
2026-09-02,ILI incidence,2026-08-30,1,FI,quantile,0.8,22.08396214923797
2026-09-02,ILI incidence,2026-08-30,1,FI,quantile,0.55,16.301452981832185
2026-09-02,ILI incidence,2026-08-30,1,FI,quantile,0.15,9.89374123262615
2026-09-02,ILI incidence,2026-08-30,1,FI,quantile,0.2,10.700096794364349
2026-09-02,ILI incidence,2026-08-30,1,FI,quantile,0.25,11.519109203695962
2026-09-02,ILI incidence,2026-08-30,1,FI,quantile,0.3,12.302787408493671
2026-09-02,ILI incidence,2026-08-30,1,FI,quantile,0.01,5.625079380638975
2026-09-02,ILI incidence,2026-08-30,1,FI,quantile,0.35,13.064633428356204
2026-09-02,ILI incidence,2026-08-30,1,FI,quantile,0.4,13.846430804158324
2026-09-02,ILI incidence,2026-08-30,1,FI,quantile,0.7,19.335089776421864
2026-09-02,ILI incidence,2026-08-30,1,FI,quantile,0.45,14.598849475991384
2026-09-02,ILI incidence,2026-08-30,1,FI,quantile,0.65,18.24885673370658
2026-09-02,ILI incidence,2026-08-30,1,FI,quantile,0.99,41.55019767878777
2026-09-02,ILI incidence,2026-08-30,1,FI,quantile,0.95,31.38181357273739
2026-09-02,ILI incidence,2026-08-30,1,FI,quantile,0.975,35.813294792395894
2026-09-02,ILI incidence,2026-08-30,1,FI,quantile,0.5,15.45775098998313
2026-09-02,ILI incidence,2026-08-30,1,FI,quantile,0.6,17.26260138647374
2026-09-02,ILI incidence,2026-08-30,1,FI,quantile,0.9,26.745870893105465
2026-09-02,ILI incidence,2026-08-30,1,FI,median,NA,15.45775098998313
2026-09-02,ILI incidence,2026-09-06,2,FI,quantile,0.01,3.8550973052913857
2026-09-02,ILI incidence,2026-09-06,2,FI,quantile,0.025,4.7725910255851804
2026-09-02,ILI incidence,2026-09-06,2,FI,quantile,0.05,5.646165795754725
2026-09-02,ILI incidence,2026-09-06,2,FI,quantile,0.15,7.877238425494738
2026-09-02,ILI incidence,2026-09-06,2,FI,quantile,0.2,8.734269281320728
2026-09-02,ILI incidence,2026-09-06,2,FI,quantile,0.1,6.869551064728437
2026-09-02,ILI incidence,2026-09-06,2,FI,quantile,0.35,11.197683003756152
2026-09-02,ILI incidence,2026-09-06,2,FI,quantile,0.25,9.557183899516255
2026-09-02,ILI incidence,2026-09-06,2,FI,quantile,0.99,49.76158255867067
2026-09-02,ILI incidence,2026-09-06,2,FI,quantile,0.3,10.355386109010894
2026-09-02,ILI incidence,2026-09-06,2,FI,quantile,0.95,33.65518107167636
2026-09-02,ILI incidence,2026-09-06,2,FI,quantile,0.9,27.710096319475152
2026-09-02,ILI incidence,2026-09-06,2,FI,quantile,0.975,39.95030114470983
2026-09-02,ILI incidence,2026-09-06,2,FI,quantile,0.4,12.043691843534972
2026-09-02,ILI incidence,2026-09-06,2,FI,quantile,0.85,24.264829149445507
2026-09-02,ILI incidence,2026-09-06,2,FI,quantile,0.45,12.961168600602878
2026-09-02,ILI incidence,2026-09-06,2,FI,quantile,0.6,15.885249120513162
2026-09-02,ILI incidence,2026-09-06,2,FI,quantile,0.65,17.076427327706927
2026-09-02,ILI incidence,2026-09-06,2,FI,quantile,0.55,14.810354467492346
2026-09-02,ILI incidence,2026-09-06,2,FI,quantile,0.5,13.810519103118772
2026-09-02,ILI incidence,2026-09-06,2,FI,quantile,0.7,18.355337805131096
2026-09-02,ILI incidence,2026-09-06,2,FI,quantile,0.8,21.83337540906196
2026-09-02,ILI incidence,2026-09-06,2,FI,quantile,0.75,19.835444284475
2026-09-02,ILI incidence,2026-09-06,2,FI,median,NA,13.810519103118772
2026-09-02,ILI incidence,2026-09-13,3,FI,quantile,0.7,20.63353643190744
2026-09-02,ILI incidence,2026-09-13,3,FI,quantile,0.45,14.902278599823982
2026-09-02,ILI incidence,2026-09-13,3,FI,quantile,0.55,16.906998641873045
2026-09-02,ILI incidence,2026-09-13,3,FI,quantile,0.4,13.952715240671717
2026-09-02,ILI incidence,2026-09-13,3,FI,quantile,0.65,19.19118863318783
2026-09-02,ILI incidence,2026-09-13,3,FI,quantile,0.6,17.979531841610466
2026-09-02,ILI incidence,2026-09-13,3,FI,quantile,0.5,15.900626844283398
2026-09-02,ILI incidence,2026-09-13,3,FI,quantile,0.75,22.16739521506345
2026-09-02,ILI incidence,2026-09-13,3,FI,quantile,0.95,35.30563118121158
2026-09-02,ILI incidence,2026-09-13,3,FI,quantile,0.3,12.18626003613898
2026-09-02,ILI incidence,2026-09-13,3,FI,quantile,0.975,41.24176273368282
2026-09-02,ILI incidence,2026-09-13,3,FI,quantile,0.35,13.10110230632064
2026-09-02,ILI incidence,2026-09-13,3,FI,quantile,0.8,24.146073078823527
2026-09-02,ILI incidence,2026-09-13,3,FI,quantile,0.85,26.647324726485913
2026-09-02,ILI incidence,2026-09-13,3,FI,quantile,0.9,29.964088867262536
2026-09-02,ILI incidence,2026-09-13,3,FI,quantile,0.99,50.29959020480858
2026-09-02,ILI incidence,2026-09-13,3,FI,quantile,0.25,11.33570772744333
2026-09-02,ILI incidence,2026-09-13,3,FI,quantile,0.025,5.888290710330434
2026-09-02,ILI incidence,2026-09-13,3,FI,quantile,0.2,10.462249161608488
2026-09-02,ILI incidence,2026-09-13,3,FI,quantile,0.1,8.31810444243518
2026-09-02,ILI incidence,2026-09-13,3,FI,quantile,0.05,6.984566722488213
2026-09-02,ILI incidence,2026-09-13,3,FI,quantile,0.15,9.436545107479978
2026-09-02,ILI incidence,2026-09-13,3,FI,quantile,0.01,4.9008662611495035
2026-09-02,ILI incidence,2026-09-13,3,FI,median,NA,15.900626844283398
2026-09-02,ILI incidence,2026-09-20,4,FI,quantile,0.99,56.20383228925011
2026-09-02,ILI incidence,2026-09-20,4,FI,quantile,0.975,46.271898554390695
2026-09-02,ILI incidence,2026-09-20,4,FI,quantile,0.95,38.7891935868253
2026-09-02,ILI incidence,2026-09-20,4,FI,quantile,0.7,20.87630229331689
2026-09-02,ILI incidence,2026-09-20,4,FI,quantile,0.8,24.85067503974394
2026-09-02,ILI incidence,2026-09-20,4,FI,quantile,0.85,27.76456059344182
2026-09-02,ILI incidence,2026-09-20,4,FI,quantile,0.75,22.633623708826605
2026-09-02,ILI incidence,2026-09-20,4,FI,quantile,0.35,12.7464405399902
2026-09-02,ILI incidence,2026-09-20,4,FI,quantile,0.4,13.70918913405689
2026-09-02,ILI incidence,2026-09-20,4,FI,quantile,0.45,14.728152796193406
2026-09-02,ILI incidence,2026-09-20,4,FI,quantile,0.5,15.760981633985358
2026-09-02,ILI incidence,2026-09-20,4,FI,quantile,0.9,31.950424123569288
2026-09-02,ILI incidence,2026-09-20,4,FI,quantile,0.3,11.763722475550756
2026-09-02,ILI incidence,2026-09-20,4,FI,quantile,0.6,18.066502236718275
2026-09-02,ILI incidence,2026-09-20,4,FI,quantile,0.65,19.39481173633513
2026-09-02,ILI incidence,2026-09-20,4,FI,quantile,0.55,16.849834292700876
2026-09-02,ILI incidence,2026-09-20,4,FI,quantile,0.25,10.878290157137885
2026-09-02,ILI incidence,2026-09-20,4,FI,quantile,0.2,9.96210975204265
2026-09-02,ILI incidence,2026-09-20,4,FI,quantile,0.025,5.46986216770432
2026-09-02,ILI incidence,2026-09-20,4,FI,quantile,0.15,8.96693016639409
2026-09-02,ILI incidence,2026-09-20,4,FI,quantile,0.05,6.39772014048692
2026-09-02,ILI incidence,2026-09-20,4,FI,quantile,0.1,7.844930764085444
2026-09-02,ILI incidence,2026-09-20,4,FI,quantile,0.01,4.474278722363655
2026-09-02,ILI incidence,2026-09-20,4,FI,median,NA,15.760981633985358
2026-09-02,ILI incidence,2026-08-30,1,GB-ENG,quantile,0.025,0.4644765367369936
2026-09-02,ILI incidence,2026-08-30,1,GB-ENG,quantile,0.01,0.4163818891960568
2026-09-02,ILI incidence,2026-08-30,1,GB-ENG,quantile,0.05,0.5083061446396033
2026-09-02,ILI incidence,2026-08-30,1,GB-ENG,quantile,0.1,0.5597603702285043
2026-09-02,ILI incidence,2026-08-30,1,GB-ENG,quantile,0.7,0.9232761067406956
2026-09-02,ILI incidence,2026-08-30,1,GB-ENG,quantile,0.55,0.8241382305284632
2026-09-02,ILI incidence,2026-08-30,1,GB-ENG,quantile,0.85,1.067059170419906
2026-09-02,ILI incidence,2026-08-30,1,GB-ENG,quantile,0.15,0.6000576601916202
2026-09-02,ILI incidence,2026-08-30,1,GB-ENG,quantile,0.8,1.0104383857549015
2026-09-02,ILI incidence,2026-08-30,1,GB-ENG,quantile,0.975,1.3879368587384988
2026-09-02,ILI incidence,2026-08-30,1,GB-ENG,quantile,0.65,0.8870570159388079
2026-09-02,ILI incidence,2026-08-30,1,GB-ENG,quantile,0.6,0.8544150180647541
2026-09-02,ILI incidence,2026-08-30,1,GB-ENG,quantile,0.75,0.9638059824331152
2026-09-02,ILI incidence,2026-08-30,1,GB-ENG,quantile,0.9,1.143588793652644
2026-09-02,ILI incidence,2026-08-30,1,GB-ENG,quantile,0.25,0.6642740511434168
2026-09-02,ILI incidence,2026-08-30,1,GB-ENG,quantile,0.2,0.6331254304833485
2026-09-02,ILI incidence,2026-08-30,1,GB-ENG,quantile,0.95,1.2674989016706335
2026-09-02,ILI incidence,2026-08-30,1,GB-ENG,quantile,0.99,1.5351479188873982
2026-09-02,ILI incidence,2026-08-30,1,GB-ENG,quantile,0.5,0.7944264115106012
2026-09-02,ILI incidence,2026-08-30,1,GB-ENG,quantile,0.3,0.6910825818018642
2026-09-02,ILI incidence,2026-08-30,1,GB-ENG,quantile,0.35,0.7162005896801065
2026-09-02,ILI incidence,2026-08-30,1,GB-ENG,quantile,0.45,0.7683687769090418
2026-09-02,ILI incidence,2026-08-30,1,GB-ENG,quantile,0.4,0.7407274033134851
2026-09-02,ILI incidence,2026-08-30,1,GB-ENG,median,NA,0.7944264115106012
2026-09-02,ILI incidence,2026-09-06,2,GB-ENG,quantile,0.3,0.7944222587134658
2026-09-02,ILI incidence,2026-09-06,2,GB-ENG,quantile,0.35,0.81721492261580575
2026-09-02,ILI incidence,2026-09-06,2,GB-ENG,quantile,0.2,0.7430693429798765
2026-09-02,ILI incidence,2026-09-06,2,GB-ENG,quantile,0.15,0.7095324156150002
2026-09-02,ILI incidence,2026-09-06,2,GB-ENG,quantile,0.25,0.7699824354689186
2026-09-02,ILI incidence,2026-09-06,2,GB-ENG,quantile,0.4,0.8391690326189554
2026-09-02,ILI incidence,2026-09-06,2,GB-ENG,quantile,0.5,0.8877936681966492
2026-09-02,ILI incidence,2026-09-06,2,GB-ENG,quantile,0.45,0.8636114688956509
2026-09-02,ILI incidence,2026-09-06,2,GB-ENG,quantile,0.65,0.96478514812034
2026-09-02,ILI incidence,2026-09-06,2,GB-ENG,quantile,0.1,0.6743392422079132
2026-09-02,ILI incidence,2026-09-06,2,GB-ENG,quantile,0.8,1.0631273088005877
2026-09-02,ILI incidence,2026-09-06,2,GB-ENG,quantile,0.55,0.9136249401470408
2026-09-02,ILI incidence,2026-09-06,2,GB-ENG,quantile,0.6,0.937662068760559
2026-09-02,ILI incidence,2026-09-06,2,GB-ENG,quantile,0.85,1.1052830136185694
2026-09-02,ILI incidence,2026-09-06,2,GB-ENG,quantile,0.7,0.9938634028119318
2026-09-02,ILI incidence,2026-09-06,2,GB-ENG,quantile,0.75,1.0258556505488268
2026-09-02,ILI incidence,2026-09-06,2,GB-ENG,quantile,0.05,0.6245001632346745
2026-09-02,ILI incidence,2026-09-06,2,GB-ENG,quantile,0.025,0.582693257179659
2026-09-02,ILI incidence,2026-09-06,2,GB-ENG,quantile,0.99,1.4535987689950032
2026-09-02,ILI incidence,2026-09-06,2,GB-ENG,quantile,0.01,0.5397677815066062
2026-09-02,ILI incidence,2026-09-06,2,GB-ENG,quantile,0.9,1.1652542194946778
2026-09-02,ILI incidence,2026-09-06,2,GB-ENG,quantile,0.95,1.2681862589088322
2026-09-02,ILI incidence,2026-09-06,2,GB-ENG,quantile,0.975,1.3528908566335427
2026-09-02,ILI incidence,2026-09-06,2,GB-ENG,median,NA,0.8877936681966492
2026-09-02,ILI incidence,2026-09-13,3,GB-ENG,quantile,0.025,0.4083803946518171
2026-09-02,ILI incidence,2026-09-13,3,GB-ENG,quantile,0.05,0.4686999304162764
2026-09-02,ILI incidence,2026-09-13,3,GB-ENG,quantile,0.75,1.1681708981199104
2026-09-02,ILI incidence,2026-09-13,3,GB-ENG,quantile,0.1,0.5357658269398722
2026-09-02,ILI incidence,2026-09-13,3,GB-ENG,quantile,0.15,0.5917881180206843
2026-09-02,ILI incidence,2026-09-13,3,GB-ENG,quantile,0.2,0.6395331665501428
2026-09-02,ILI incidence,2026-09-13,3,GB-ENG,quantile,0.8,1.2530160327789486
2026-09-02,ILI incidence,2026-09-13,3,GB-ENG,quantile,0.85,1.3520259488531772
2026-09-02,ILI incidence,2026-09-13,3,GB-ENG,quantile,0.9,1.4818039995643792
2026-09-02,ILI incidence,2026-09-13,3,GB-ENG,quantile,0.95,1.7155199624646549
2026-09-02,ILI incidence,2026-09-13,3,GB-ENG,quantile,0.55,0.9407024208835826
2026-09-02,ILI incidence,2026-09-13,3,GB-ENG,quantile,0.35,0.7678524494295443
2026-09-02,ILI incidence,2026-09-13,3,GB-ENG,quantile,0.99,2.2438302003688473
2026-09-02,ILI incidence,2026-09-13,3,GB-ENG,quantile,0.45,0.8545341979247864
2026-09-02,ILI incidence,2026-09-13,3,GB-ENG,quantile,0.4,0.8111562361818929
2026-09-02,ILI incidence,2026-09-13,3,GB-ENG,quantile,0.25,0.6848200765778563
2026-09-02,ILI incidence,2026-09-13,3,GB-ENG,quantile,0.65,1.0369453587402973
2026-09-02,ILI incidence,2026-09-13,3,GB-ENG,quantile,0.7,1.098725186815697
2026-09-02,ILI incidence,2026-09-13,3,GB-ENG,quantile,0.975,1.9447999174327424
2026-09-02,ILI incidence,2026-09-13,3,GB-ENG,quantile,0.01,0.3456757249445811
2026-09-02,ILI incidence,2026-09-13,3,GB-ENG,quantile,0.5,0.895755433666072
2026-09-02,ILI incidence,2026-09-13,3,GB-ENG,quantile,0.3,0.7265768721127601
2026-09-02,ILI incidence,2026-09-13,3,GB-ENG,quantile,0.6,0.984841853816311
2026-09-02,ILI incidence,2026-09-13,3,GB-ENG,median,NA,0.895755433666072
2026-09-02,ILI incidence,2026-09-20,4,GB-ENG,quantile,0.2,0.7284808980996865
2026-09-02,ILI incidence,2026-09-20,4,GB-ENG,quantile,0.15,0.6731654320629855
2026-09-02,ILI incidence,2026-09-20,4,GB-ENG,quantile,0.45,0.962151464279406
2026-09-02,ILI incidence,2026-09-20,4,GB-ENG,quantile,0.35,0.8692070032041114
2026-09-02,ILI incidence,2026-09-20,4,GB-ENG,quantile,0.3,0.8220477945372435
2026-09-02,ILI incidence,2026-09-20,4,GB-ENG,quantile,0.4,0.9147995392852916
2026-09-02,ILI incidence,2026-09-20,4,GB-ENG,quantile,0.01,0.4164121991581975
2026-09-02,ILI incidence,2026-09-20,4,GB-ENG,quantile,0.1,0.6167863292670976
2026-09-02,ILI incidence,2026-09-20,4,GB-ENG,quantile,0.25,0.7773136984217187
2026-09-02,ILI incidence,2026-09-20,4,GB-ENG,quantile,0.975,2.210189581843608
2026-09-02,ILI incidence,2026-09-20,4,GB-ENG,quantile,0.55,1.071829646700852
2026-09-02,ILI incidence,2026-09-20,4,GB-ENG,quantile,0.8,1.4243281900941211
2026-09-02,ILI incidence,2026-09-20,4,GB-ENG,quantile,0.99,2.5454194514756914
2026-09-02,ILI incidence,2026-09-20,4,GB-ENG,quantile,0.95,1.945023537584729
2026-09-02,ILI incidence,2026-09-20,4,GB-ENG,quantile,0.025,0.4738305790780442
2026-09-02,ILI incidence,2026-09-20,4,GB-ENG,quantile,0.05,0.535625766037535
2026-09-02,ILI incidence,2026-09-20,4,GB-ENG,quantile,0.9,1.6889354259856888
2026-09-02,ILI incidence,2026-09-20,4,GB-ENG,quantile,0.85,1.5312008719427088
2026-09-02,ILI incidence,2026-09-20,4,GB-ENG,quantile,0.6,1.128066322866421
2026-09-02,ILI incidence,2026-09-20,4,GB-ENG,quantile,0.75,1.3246722701233289
2026-09-02,ILI incidence,2026-09-20,4,GB-ENG,quantile,0.7,1.2531469161464754
2026-09-02,ILI incidence,2026-09-20,4,GB-ENG,quantile,0.65,1.1879136234443632
2026-09-02,ILI incidence,2026-09-20,4,GB-ENG,quantile,0.5,1.0161836954380403
2026-09-02,ILI incidence,2026-09-20,4,GB-ENG,median,NA,1.0161836954380403
2026-09-02,ILI incidence,2026-08-30,1,GB-NIR,quantile,0.975,4.063787934395251
2026-09-02,ILI incidence,2026-08-30,1,GB-NIR,quantile,0.8,2.651453206206818
2026-09-02,ILI incidence,2026-08-30,1,GB-NIR,quantile,0.95,3.6276880740708384
2026-09-02,ILI incidence,2026-08-30,1,GB-NIR,quantile,0.75,2.478648657391335
2026-09-02,ILI incidence,2026-08-30,1,GB-NIR,quantile,0.7,2.3428642067241445
2026-09-02,ILI incidence,2026-08-30,1,GB-NIR,quantile,0.6,2.109774534849844
2026-09-02,ILI incidence,2026-08-30,1,GB-NIR,quantile,0.45,1.83056476129254
2026-09-02,ILI incidence,2026-08-30,1,GB-NIR,quantile,0.9,3.157366478293015
2026-09-02,ILI incidence,2026-08-30,1,GB-NIR,quantile,0.55,2.011702952636082
2026-09-02,ILI incidence,2026-08-30,1,GB-NIR,quantile,0.65,2.221509045153561
2026-09-02,ILI incidence,2026-08-30,1,GB-NIR,quantile,0.99,4.666408962041654
2026-09-02,ILI incidence,2026-08-30,1,GB-NIR,quantile,0.3,1.5605479872430144
2026-09-02,ILI incidence,2026-08-30,1,GB-NIR,quantile,0.25,1.47151957915425
2026-09-02,ILI incidence,2026-08-30,1,GB-NIR,quantile,0.85,2.867854753011326
2026-09-02,ILI incidence,2026-08-30,1,GB-NIR,quantile,0.5,1.918345412042865
2026-09-02,ILI incidence,2026-08-30,1,GB-NIR,quantile,0.15,1.2720588632814824
2026-09-02,ILI incidence,2026-08-30,1,GB-NIR,quantile,0.2,1.3770756865849991
2026-09-02,ILI incidence,2026-08-30,1,GB-NIR,quantile,0.35,1.6436710381933983
2026-09-02,ILI incidence,2026-08-30,1,GB-NIR,quantile,0.01,0.7663027617068872
2026-09-02,ILI incidence,2026-08-30,1,GB-NIR,quantile,0.4,1.7372020487006243
2026-09-02,ILI incidence,2026-08-30,1,GB-NIR,quantile,0.05,0.998788100992708
2026-09-02,ILI incidence,2026-08-30,1,GB-NIR,quantile,0.1,1.1554544640626276
2026-09-02,ILI incidence,2026-08-30,1,GB-NIR,quantile,0.025,0.8828099207736579
2026-09-02,ILI incidence,2026-08-30,1,GB-NIR,median,NA,1.918345412042865
2026-09-02,ILI incidence,2026-09-06,2,GB-NIR,quantile,0.75,2.0803392774003315
2026-09-02,ILI incidence,2026-09-06,2,GB-NIR,quantile,0.975,3.168952769600571
2026-09-02,ILI incidence,2026-09-06,2,GB-NIR,quantile,0.99,3.5823708207643614
2026-09-02,ILI incidence,2026-09-06,2,GB-NIR,quantile,0.7,1.9730406115406935
2026-09-02,ILI incidence,2026-09-06,2,GB-NIR,quantile,0.8,2.2043490120685916
2026-09-02,ILI incidence,2026-09-06,2,GB-NIR,quantile,0.85,2.3535655581423964
2026-09-02,ILI incidence,2026-09-06,2,GB-NIR,quantile,0.2,1.252900238872083
2026-09-02,ILI incidence,2026-09-06,2,GB-NIR,quantile,0.9,2.549427155813083
2026-09-02,ILI incidence,2026-09-06,2,GB-NIR,quantile,0.25,1.323739893220977
2026-09-02,ILI incidence,2026-09-06,2,GB-NIR,quantile,0.35,1.4576242176228509
2026-09-02,ILI incidence,2026-09-06,2,GB-NIR,quantile,0.15,1.1727974749356145
2026-09-02,ILI incidence,2026-09-06,2,GB-NIR,quantile,0.95,2.8699736438781116
2026-09-02,ILI incidence,2026-09-06,2,GB-NIR,quantile,0.3,1.3888238960473325
2026-09-02,ILI incidence,2026-09-06,2,GB-NIR,quantile,0.6,1.8024891826711555
2026-09-02,ILI incidence,2026-09-06,2,GB-NIR,quantile,0.65,1.8846118832333132
2026-09-02,ILI incidence,2026-09-06,2,GB-NIR,quantile,0.1,1.0883617026855823
2026-09-02,ILI incidence,2026-09-06,2,GB-NIR,quantile,0.45,1.5904259830677514
2026-09-02,ILI incidence,2026-09-06,2,GB-NIR,quantile,0.4,1.5247527202372448
2026-09-02,ILI incidence,2026-09-06,2,GB-NIR,quantile,0.55,1.7293788711372855
2026-09-02,ILI incidence,2026-09-06,2,GB-NIR,quantile,0.025,0.8594858609931517
2026-09-02,ILI incidence,2026-09-06,2,GB-NIR,quantile,0.05,0.9593759970599812
2026-09-02,ILI incidence,2026-09-06,2,GB-NIR,quantile,0.5,1.654783334108881
2026-09-02,ILI incidence,2026-09-06,2,GB-NIR,quantile,0.01,0.7621983142049488
2026-09-02,ILI incidence,2026-09-06,2,GB-NIR,median,NA,1.654783334108881
2026-09-02,ILI incidence,2026-09-13,3,GB-NIR,quantile,0.01,0.6718499445001992
2026-09-02,ILI incidence,2026-09-13,3,GB-NIR,quantile,0.025,0.7709678804902884
2026-09-02,ILI incidence,2026-09-13,3,GB-NIR,quantile,0.05,0.8858157589673049
2026-09-02,ILI incidence,2026-09-13,3,GB-NIR,quantile,0.2,1.2240610912701344
2026-09-02,ILI incidence,2026-09-13,3,GB-NIR,quantile,0.15,1.1283673792689295
2026-09-02,ILI incidence,2026-09-13,3,GB-NIR,quantile,0.1,1.0192367947640422
2026-09-02,ILI incidence,2026-09-13,3,GB-NIR,quantile,0.6,1.92404374725992
2026-09-02,ILI incidence,2026-09-13,3,GB-NIR,quantile,0.25,1.3077269912701106
2026-09-02,ILI incidence,2026-09-13,3,GB-NIR,quantile,0.45,1.6394582774441218
2026-09-02,ILI incidence,2026-09-13,3,GB-NIR,quantile,0.7,2.14486995725803
2026-09-02,ILI incidence,2026-09-13,3,GB-NIR,quantile,0.4,1.5505904094395042
2026-09-02,ILI incidence,2026-09-13,3,GB-NIR,quantile,0.55,1.8275952639992752
2026-09-02,ILI incidence,2026-09-13,3,GB-NIR,quantile,0.35,1.4682525430499074
2026-09-02,ILI incidence,2026-09-13,3,GB-NIR,quantile,0.8,2.4377309134484224
2026-09-02,ILI incidence,2026-09-13,3,GB-NIR,quantile,0.3,1.3896874387598652
2026-09-02,ILI incidence,2026-09-13,3,GB-NIR,quantile,0.5,1.728719340580943
2026-09-02,ILI incidence,2026-09-13,3,GB-NIR,quantile,0.75,2.2822816783205417
2026-09-02,ILI incidence,2026-09-13,3,GB-NIR,quantile,0.65,2.0335833369441767
2026-09-02,ILI incidence,2026-09-13,3,GB-NIR,quantile,0.85,2.6289018061019727
2026-09-02,ILI incidence,2026-09-13,3,GB-NIR,quantile,0.975,3.8599802162881858
2026-09-02,ILI incidence,2026-09-13,3,GB-NIR,quantile,0.99,4.4718570451935795
2026-09-02,ILI incidence,2026-09-13,3,GB-NIR,quantile,0.9,2.9257199628745783
2026-09-02,ILI incidence,2026-09-13,3,GB-NIR,quantile,0.95,3.380055589019765
2026-09-02,ILI incidence,2026-09-13,3,GB-NIR,median,NA,1.728719340580943
2026-09-02,ILI incidence,2026-09-20,4,GB-NIR,quantile,0.8,2.327166163607801
2026-09-02,ILI incidence,2026-09-20,4,GB-NIR,quantile,0.95,3.084901865310879
2026-09-02,ILI incidence,2026-09-20,4,GB-NIR,quantile,0.6,1.880619278343246
2026-09-02,ILI incidence,2026-09-20,4,GB-NIR,quantile,0.75,2.1876568740625206
2026-09-02,ILI incidence,2026-09-20,4,GB-NIR,quantile,0.9,2.704035818229506
2026-09-02,ILI incidence,2026-09-20,4,GB-NIR,quantile,0.65,1.968964427768963
2026-09-02,ILI incidence,2026-09-20,4,GB-NIR,quantile,0.975,3.4098958054363733
2026-09-02,ILI incidence,2026-09-20,4,GB-NIR,quantile,0.7,2.070551358991686
2026-09-02,ILI incidence,2026-09-20,4,GB-NIR,quantile,0.85,2.486730210032976
2026-09-02,ILI incidence,2026-09-20,4,GB-NIR,quantile,0.55,1.794223395942363
2026-09-02,ILI incidence,2026-09-20,4,GB-NIR,quantile,0.5,1.715748187118959
2026-09-02,ILI incidence,2026-09-20,4,GB-NIR,quantile,0.45,1.639400528782696
2026-09-02,ILI incidence,2026-09-20,4,GB-NIR,quantile,0.4,1.5681908904927158
2026-09-02,ILI incidence,2026-09-20,4,GB-NIR,quantile,0.35,1.4921348292995134
2026-09-02,ILI incidence,2026-09-20,4,GB-NIR,quantile,0.3,1.426627518674727
2026-09-02,ILI incidence,2026-09-20,4,GB-NIR,quantile,0.25,1.352368327557605
2026-09-02,ILI incidence,2026-09-20,4,GB-NIR,quantile,0.2,1.27322401616343
2026-09-02,ILI incidence,2026-09-20,4,GB-NIR,quantile,0.05,0.9520186250663382
2026-09-02,ILI incidence,2026-09-20,4,GB-NIR,quantile,0.99,3.853972041674639
2026-09-02,ILI incidence,2026-09-20,4,GB-NIR,quantile,0.01,0.7571568348870619
2026-09-02,ILI incidence,2026-09-20,4,GB-NIR,quantile,0.025,0.8541953821885971
2026-09-02,ILI incidence,2026-09-20,4,GB-NIR,quantile,0.15,1.189121914720276
2026-09-02,ILI incidence,2026-09-20,4,GB-NIR,quantile,0.1,1.0893658185897268
2026-09-02,ILI incidence,2026-09-20,4,GB-NIR,median,NA,1.715748187118959
2026-09-02,ILI incidence,2026-09-13,3,GB-WLS,quantile,0.975,2.9450632414365283
2026-09-02,ILI incidence,2026-09-13,3,GB-WLS,quantile,0.95,2.3487447675612154
2026-09-02,ILI incidence,2026-09-13,3,GB-WLS,quantile,0.99,3.6766095830056225
2026-09-02,ILI incidence,2026-09-13,3,GB-WLS,quantile,0.9,1.830615019641236
2026-09-02,ILI incidence,2026-09-13,3,GB-WLS,quantile,0.025,0.18537978335561375
2026-09-02,ILI incidence,2026-09-13,3,GB-WLS,quantile,0.01,0.1423732968441733
2026-09-02,ILI incidence,2026-09-13,3,GB-WLS,quantile,0.55,0.7973844863419824
2026-09-02,ILI incidence,2026-09-13,3,GB-WLS,quantile,0.45,0.6751890767465447
2026-09-02,ILI incidence,2026-09-13,3,GB-WLS,quantile,0.05,0.23140720859569935
2026-09-02,ILI incidence,2026-09-13,3,GB-WLS,quantile,0.1,0.29767402907247287
2026-09-02,ILI incidence,2026-09-13,3,GB-WLS,quantile,0.5,0.7374356780347957
2026-09-02,ILI incidence,2026-09-13,3,GB-WLS,quantile,0.7,1.0663398892768738
2026-09-02,ILI incidence,2026-09-13,3,GB-WLS,quantile,0.35,0.5624225979549078
2026-09-02,ILI incidence,2026-09-13,3,GB-WLS,quantile,0.65,0.9660166937866768
2026-09-02,ILI incidence,2026-09-13,3,GB-WLS,quantile,0.85,1.540548857768298
2026-09-02,ILI incidence,2026-09-13,3,GB-WLS,quantile,0.3,0.5068501620594572
2026-09-02,ILI incidence,2026-09-13,3,GB-WLS,quantile,0.25,0.45807306801618575
2026-09-02,ILI incidence,2026-09-13,3,GB-WLS,quantile,0.6,0.8770480004172541
2026-09-02,ILI incidence,2026-09-13,3,GB-WLS,quantile,0.8,1.3312798544872615
2026-09-02,ILI incidence,2026-09-13,3,GB-WLS,quantile,0.75,1.1819715207638852
2026-09-02,ILI incidence,2026-09-13,3,GB-WLS,quantile,0.4,0.6193485830910374
2026-09-02,ILI incidence,2026-09-13,3,GB-WLS,quantile,0.2,0.4070388114228796
2026-09-02,ILI incidence,2026-09-13,3,GB-WLS,quantile,0.15,0.35583022759569544
2026-09-02,ILI incidence,2026-09-13,3,GB-WLS,median,NA,0.7374356780347957
2026-09-02,ILI incidence,2026-09-20,4,GB-WLS,quantile,0.01,0.1791315571423845
2026-09-02,ILI incidence,2026-09-20,4,GB-WLS,quantile,0.05,0.3016286266954193
2026-09-02,ILI incidence,2026-09-20,4,GB-WLS,quantile,0.4,0.9159686951949416
2026-09-02,ILI incidence,2026-09-20,4,GB-WLS,quantile,0.025,0.23349499351188355
2026-09-02,ILI incidence,2026-09-20,4,GB-WLS,quantile,0.1,0.3967058290101272
2026-09-02,ILI incidence,2026-09-20,4,GB-WLS,quantile,0.15,0.4820123923326915
2026-09-02,ILI incidence,2026-09-20,4,GB-WLS,quantile,0.35,0.8164188360239981
2026-09-02,ILI incidence,2026-09-20,4,GB-WLS,quantile,0.25,0.6477458242160641
2026-09-02,ILI incidence,2026-09-20,4,GB-WLS,quantile,0.2,0.5660728735810451
2026-09-02,ILI incidence,2026-09-20,4,GB-WLS,quantile,0.3,0.7279020196075613
2026-09-02,ILI incidence,2026-09-20,4,GB-WLS,quantile,0.99,7.064240001583302
2026-09-02,ILI incidence,2026-09-20,4,GB-WLS,quantile,0.65,1.539551243269892
2026-09-02,ILI incidence,2026-09-20,4,GB-WLS,quantile,0.95,4.115580535606456
2026-09-02,ILI incidence,2026-09-20,4,GB-WLS,quantile,0.45,1.017263743633337
2026-09-02,ILI incidence,2026-09-20,4,GB-WLS,quantile,0.5,1.1262230353739875
2026-09-02,ILI incidence,2026-09-20,4,GB-WLS,quantile,0.55,1.247458408903853
2026-09-02,ILI incidence,2026-09-20,4,GB-WLS,quantile,0.6,1.3895992791347171
2026-09-02,ILI incidence,2026-09-20,4,GB-WLS,quantile,0.975,5.323133601049442
2026-09-02,ILI incidence,2026-09-20,4,GB-WLS,quantile,0.85,2.574138433799534
2026-09-02,ILI incidence,2026-09-20,4,GB-WLS,quantile,0.9,3.103207634995235
2026-09-02,ILI incidence,2026-09-20,4,GB-WLS,quantile,0.75,1.946187714698981
2026-09-02,ILI incidence,2026-09-20,4,GB-WLS,quantile,0.8,2.221236685823822
2026-09-02,ILI incidence,2026-09-20,4,GB-WLS,quantile,0.7,1.7364463458354589
2026-09-02,ILI incidence,2026-09-20,4,GB-WLS,median,NA,1.1262230353739875
2026-09-02,ILI incidence,2026-08-30,1,GR,quantile,0.975,468.1751559135686
2026-09-02,ILI incidence,2026-08-30,1,GR,quantile,0.8,386.6361163074559
2026-09-02,ILI incidence,2026-08-30,1,GR,quantile,0.99,499.83087899008086
2026-09-02,ILI incidence,2026-08-30,1,GR,quantile,0.85,400.14281426897975
2026-09-02,ILI incidence,2026-08-30,1,GR,quantile,0.45,327.6946916853014
2026-09-02,ILI incidence,2026-08-30,1,GR,quantile,0.5,334.77989851510256
2026-09-02,ILI incidence,2026-08-30,1,GR,quantile,0.55,342.1007766722345
2026-09-02,ILI incidence,2026-08-30,1,GR,quantile,0.9,416.77105807518456
2026-09-02,ILI incidence,2026-08-30,1,GR,quantile,0.95,443.00370521032727
2026-09-02,ILI incidence,2026-08-30,1,GR,quantile,0.65,357.94509184800813
2026-09-02,ILI incidence,2026-08-30,1,GR,quantile,0.3,305.7487650100683
2026-09-02,ILI incidence,2026-08-30,1,GR,quantile,0.6,350.15266458117515
2026-09-02,ILI incidence,2026-08-30,1,GR,quantile,0.75,375.9749984286142
2026-09-02,ILI incidence,2026-08-30,1,GR,quantile,0.2,289.4918822633293
2026-09-02,ILI incidence,2026-08-30,1,GR,quantile,0.4,320.2544737820707
2026-09-02,ILI incidence,2026-08-30,1,GR,quantile,0.7,366.398308994805
2026-09-02,ILI incidence,2026-08-30,1,GR,quantile,0.1,267.9457742672745
2026-09-02,ILI incidence,2026-08-30,1,GR,quantile,0.35,312.97555532376236
2026-09-02,ILI incidence,2026-08-30,1,GR,quantile,0.15,279.2157450000797
2026-09-02,ILI incidence,2026-08-30,1,GR,quantile,0.05,251.86369231170167
2026-09-02,ILI incidence,2026-08-30,1,GR,quantile,0.25,298.6878620606244
2026-09-02,ILI incidence,2026-08-30,1,GR,quantile,0.025,238.3246493742398
2026-09-02,ILI incidence,2026-08-30,1,GR,quantile,0.01,222.4684523520918
2026-09-02,ILI incidence,2026-08-30,1,GR,median,NA,334.77989851510256
2026-09-02,ILI incidence,2026-09-06,2,GR,quantile,0.55,337.40570910855445
2026-09-02,ILI incidence,2026-09-06,2,GR,quantile,0.99,464.2999855939509
2026-09-02,ILI incidence,2026-09-06,2,GR,quantile,0.01,234.3044840521999
2026-09-02,ILI incidence,2026-09-06,2,GR,quantile,0.4,318.67735599811937
2026-09-02,ILI incidence,2026-09-06,2,GR,quantile,0.35,312.87063149705676
2026-09-02,ILI incidence,2026-09-06,2,GR,quantile,0.975,437.8268436490007
2026-09-02,ILI incidence,2026-09-06,2,GR,quantile,0.1,275.11211471793075
2026-09-02,ILI incidence,2026-09-06,2,GR,quantile,0.6,343.00932453211783
2026-09-02,ILI incidence,2026-09-06,2,GR,quantile,0.95,417.64437745795726
2026-09-02,ILI incidence,2026-09-06,2,GR,quantile,0.8,374.02313407704526
2026-09-02,ILI incidence,2026-09-06,2,GR,quantile,0.9,397.3491283086134
2026-09-02,ILI incidence,2026-09-06,2,GR,quantile,0.65,349.9659534288045
2026-09-02,ILI incidence,2026-09-06,2,GR,quantile,0.45,324.8178994224771
2026-09-02,ILI incidence,2026-09-06,2,GR,quantile,0.5,330.7746679526724
2026-09-02,ILI incidence,2026-09-06,2,GR,quantile,0.85,384.4971332571546
2026-09-02,ILI incidence,2026-09-06,2,GR,quantile,0.75,365.1019284632679
2026-09-02,ILI incidence,2026-09-06,2,GR,quantile,0.05,260.53137038594
2026-09-02,ILI incidence,2026-09-06,2,GR,quantile,0.7,357.20364849998396
2026-09-02,ILI incidence,2026-09-06,2,GR,quantile,0.15,284.7529388495633
2026-09-02,ILI incidence,2026-09-06,2,GR,quantile,0.2,292.30871117374164
2026-09-02,ILI incidence,2026-09-06,2,GR,quantile,0.3,306.36387670084264
2026-09-02,ILI incidence,2026-09-06,2,GR,quantile,0.025,247.86621485870856
2026-09-02,ILI incidence,2026-09-06,2,GR,quantile,0.25,299.69584774830145
2026-09-02,ILI incidence,2026-09-06,2,GR,median,NA,330.7746679526724
2026-09-02,ILI incidence,2026-09-13,3,GR,quantile,0.1,275.0176333564657
2026-09-02,ILI incidence,2026-09-13,3,GR,quantile,0.99,482.70394189188494
2026-09-02,ILI incidence,2026-09-13,3,GR,quantile,0.01,233.85188191869085
2026-09-02,ILI incidence,2026-09-13,3,GR,quantile,0.025,247.13270114241476
2026-09-02,ILI incidence,2026-09-13,3,GR,quantile,0.05,260.00263427300723
2026-09-02,ILI incidence,2026-09-13,3,GR,quantile,0.15,285.8802619195554
2026-09-02,ILI incidence,2026-09-13,3,GR,quantile,0.45,327.96692492806756
2026-09-02,ILI incidence,2026-09-13,3,GR,quantile,0.2,293.78365707899604
2026-09-02,ILI incidence,2026-09-13,3,GR,quantile,0.975,453.487188848454
2026-09-02,ILI incidence,2026-09-13,3,GR,quantile,0.4,321.1921637032739
2026-09-02,ILI incidence,2026-09-13,3,GR,quantile,0.95,430.2848915428412
2026-09-02,ILI incidence,2026-09-13,3,GR,quantile,0.55,340.90949052704923
2026-09-02,ILI incidence,2026-09-13,3,GR,quantile,0.9,407.27809105965815
2026-09-02,ILI incidence,2026-09-13,3,GR,quantile,0.25,301.37723170075066
2026-09-02,ILI incidence,2026-09-13,3,GR,quantile,0.8,380.6240241559846
2026-09-02,ILI incidence,2026-09-13,3,GR,quantile,0.85,392.99663810076663
2026-09-02,ILI incidence,2026-09-13,3,GR,quantile,0.35,315.159162188257
2026-09-02,ILI incidence,2026-09-13,3,GR,quantile,0.5,334.83470922874415
2026-09-02,ILI incidence,2026-09-13,3,GR,quantile,0.75,371.4259204012437
2026-09-02,ILI incidence,2026-09-13,3,GR,quantile,0.7,362.1282520212955
2026-09-02,ILI incidence,2026-09-13,3,GR,quantile,0.65,354.9859822686916
2026-09-02,ILI incidence,2026-09-13,3,GR,quantile,0.6,347.79938328653566
2026-09-02,ILI incidence,2026-09-13,3,GR,quantile,0.3,308.2034575067147
2026-09-02,ILI incidence,2026-09-13,3,GR,median,NA,334.83470922874415
2026-09-02,ILI incidence,2026-09-20,4,GR,quantile,0.975,528.0909351147519
2026-09-02,ILI incidence,2026-09-20,4,GR,quantile,0.95,492.80100803216226
2026-09-02,ILI incidence,2026-09-20,4,GR,quantile,0.75,394.96703215027514
2026-09-02,ILI incidence,2026-09-20,4,GR,quantile,0.85,428.8801668700304
2026-09-02,ILI incidence,2026-09-20,4,GR,quantile,0.9,454.19769974998087
2026-09-02,ILI incidence,2026-09-20,4,GR,quantile,0.8,409.4806482840336
2026-09-02,ILI incidence,2026-09-20,4,GR,quantile,0.65,370.626923625817
2026-09-02,ILI incidence,2026-09-20,4,GR,quantile,0.7,382.159181865307
2026-09-02,ILI incidence,2026-09-20,4,GR,quantile,0.5,339.9807885171183
2026-09-02,ILI incidence,2026-09-20,4,GR,quantile,0.6,360.0612542268788
2026-09-02,ILI incidence,2026-09-20,4,GR,quantile,0.45,330.70278714967617
2026-09-02,ILI incidence,2026-09-20,4,GR,quantile,0.55,350.3905973512263
2026-09-02,ILI incidence,2026-09-20,4,GR,quantile,0.4,321.06191133079034
2026-09-02,ILI incidence,2026-09-20,4,GR,quantile,0.3,301.666057100534
2026-09-02,ILI incidence,2026-09-20,4,GR,quantile,0.25,292.30363778745993
2026-09-02,ILI incidence,2026-09-20,4,GR,quantile,0.2,281.54181807464215
2026-09-02,ILI incidence,2026-09-20,4,GR,quantile,0.35,311.657113003301
2026-09-02,ILI incidence,2026-09-20,4,GR,quantile,0.15,268.57540543158217
2026-09-02,ILI incidence,2026-09-20,4,GR,quantile,0.01,202.9491434476504
2026-09-02,ILI incidence,2026-09-20,4,GR,quantile,0.025,219.8387849872895
2026-09-02,ILI incidence,2026-09-20,4,GR,quantile,0.1,253.7186384465886
2026-09-02,ILI incidence,2026-09-20,4,GR,quantile,0.05,234.73422582835
2026-09-02,ILI incidence,2026-09-20,4,GR,quantile,0.99,571.8310021643547
2026-09-02,ILI incidence,2026-09-20,4,GR,median,NA,339.9807885171183
2026-09-02,ILI incidence,2026-08-30,1,HU,quantile,0.65,24.536691453287816
2026-09-02,ILI incidence,2026-08-30,1,HU,quantile,0.6,23.31312675593142
2026-09-02,ILI incidence,2026-08-30,1,HU,quantile,0.45,20.02755908052706
2026-09-02,ILI incidence,2026-08-30,1,HU,quantile,0.55,22.188519025378017
2026-09-02,ILI incidence,2026-08-30,1,HU,quantile,0.4,18.998535752644663
2026-09-02,ILI incidence,2026-08-30,1,HU,quantile,0.35,17.998768733725385
2026-09-02,ILI incidence,2026-08-30,1,HU,quantile,0.5,21.06968677893311
2026-09-02,ILI incidence,2026-08-30,1,HU,quantile,0.9,34.88380858396049
2026-09-02,ILI incidence,2026-08-30,1,HU,quantile,0.95,40.73176228052208
2026-09-02,ILI incidence,2026-08-30,1,HU,quantile,0.85,31.782020935346715
2026-09-02,ILI incidence,2026-08-30,1,HU,quantile,0.8,29.565907344233754
2026-09-02,ILI incidence,2026-08-30,1,HU,quantile,0.99,52.159123323838784
2026-09-02,ILI incidence,2026-08-30,1,HU,quantile,0.75,27.672442475899416
2026-09-02,ILI incidence,2026-08-30,1,HU,quantile,0.975,45.531775446129664
2026-09-02,ILI incidence,2026-08-30,1,HU,quantile,0.7,25.99112940407001
2026-09-02,ILI incidence,2026-08-30,1,HU,quantile,0.3,16.94898897906887
2026-09-02,ILI incidence,2026-08-30,1,HU,quantile,0.2,14.89682294455357
2026-09-02,ILI incidence,2026-08-30,1,HU,quantile,0.25,15.93243891054211
2026-09-02,ILI incidence,2026-08-30,1,HU,quantile,0.15,13.776431770434622
2026-09-02,ILI incidence,2026-08-30,1,HU,quantile,0.1,12.476493243473232
2026-09-02,ILI incidence,2026-08-30,1,HU,quantile,0.05,10.684858917081256
2026-09-02,ILI incidence,2026-08-30,1,HU,quantile,0.025,9.403648141801105
2026-09-02,ILI incidence,2026-08-30,1,HU,quantile,0.01,8.026930998007899
2026-09-02,ILI incidence,2026-08-30,1,HU,median,NA,21.06968677893311
2026-09-02,ILI incidence,2026-09-06,2,HU,quantile,0.99,30.212309413101966
2026-09-02,ILI incidence,2026-09-06,2,HU,quantile,0.975,28.27129908472884
2026-09-02,ILI incidence,2026-09-06,2,HU,quantile,0.95,26.566733180351395
2026-09-02,ILI incidence,2026-09-06,2,HU,quantile,0.85,23.778710262149545
2026-09-02,ILI incidence,2026-09-06,2,HU,quantile,0.9,24.90665383323835
2026-09-02,ILI incidence,2026-09-06,2,HU,quantile,0.8,22.93408656709393
2026-09-02,ILI incidence,2026-09-06,2,HU,quantile,0.7,21.63769714736617
2026-09-02,ILI incidence,2026-09-06,2,HU,quantile,0.75,22.252145129109145
2026-09-02,ILI incidence,2026-09-06,2,HU,quantile,0.55,20.055905469232584
2026-09-02,ILI incidence,2026-09-06,2,HU,quantile,0.4,18.694135618711943
2026-09-02,ILI incidence,2026-09-06,2,HU,quantile,0.6,20.53867364154266
2026-09-02,ILI incidence,2026-09-06,2,HU,quantile,0.65,21.04252240197116
2026-09-02,ILI incidence,2026-09-06,2,HU,quantile,0.5,19.61226117112478
2026-09-02,ILI incidence,2026-09-06,2,HU,quantile,0.45,19.138316781103235
2026-09-02,ILI incidence,2026-09-06,2,HU,quantile,0.3,17.788755395498136
2026-09-02,ILI incidence,2026-09-06,2,HU,quantile,0.35,18.215555012897653
2026-09-02,ILI incidence,2026-09-06,2,HU,quantile,0.25,17.314602776442914
2026-09-02,ILI incidence,2026-09-06,2,HU,quantile,0.2,16.78540616739228
2026-09-02,ILI incidence,2026-09-06,2,HU,quantile,0.15,16.181092293391874
2026-09-02,ILI incidence,2026-09-06,2,HU,quantile,0.05,14.427009701603092
2026-09-02,ILI incidence,2026-09-06,2,HU,quantile,0.025,13.540602557125846
2026-09-02,ILI incidence,2026-09-06,2,HU,quantile,0.1,15.476122998469364
2026-09-02,ILI incidence,2026-09-06,2,HU,quantile,0.01,12.616367779425444
2026-09-02,ILI incidence,2026-09-06,2,HU,median,NA,19.61226117112478
2026-09-02,ILI incidence,2026-09-13,3,HU,quantile,0.975,24.55551079334987
2026-09-02,ILI incidence,2026-09-13,3,HU,quantile,0.75,21.234288340299333
2026-09-02,ILI incidence,2026-09-13,3,HU,quantile,0.55,19.954493849270207
2026-09-02,ILI incidence,2026-09-13,3,HU,quantile,0.6,20.256791850156183
2026-09-02,ILI incidence,2026-09-13,3,HU,quantile,0.35,18.90002000884155
2026-09-02,ILI incidence,2026-09-13,3,HU,quantile,0.45,19.41131028602375
2026-09-02,ILI incidence,2026-09-13,3,HU,quantile,0.5,19.68932236444722
2026-09-02,ILI incidence,2026-09-13,3,HU,quantile,0.7,20.893641292721867
2026-09-02,ILI incidence,2026-09-13,3,HU,quantile,0.99,25.57839348298554
2026-09-02,ILI incidence,2026-09-13,3,HU,quantile,0.65,20.554300248232508
2026-09-02,ILI incidence,2026-09-13,3,HU,quantile,0.9,22.78571751485828
2026-09-02,ILI incidence,2026-09-13,3,HU,quantile,0.4,19.155164715962076
2026-09-02,ILI incidence,2026-09-13,3,HU,quantile,0.8,21.653317823673987
2026-09-02,ILI incidence,2026-09-13,3,HU,quantile,0.85,22.140935931994477
2026-09-02,ILI incidence,2026-09-13,3,HU,quantile,0.95,23.66642522403013
2026-09-02,ILI incidence,2026-09-13,3,HU,quantile,0.25,18.266100220662505
2026-09-02,ILI incidence,2026-09-13,3,HU,quantile,0.1,17.06917925794847
2026-09-02,ILI incidence,2026-09-13,3,HU,quantile,0.05,16.35189447046502
2026-09-02,ILI incidence,2026-09-13,3,HU,quantile,0.3,18.604920246687023
2026-09-02,ILI incidence,2026-09-13,3,HU,quantile,0.2,17.89978081430543
2026-09-02,ILI incidence,2026-09-13,3,HU,quantile,0.15,17.546210825959562
2026-09-02,ILI incidence,2026-09-13,3,HU,quantile,0.025,15.83483638072859
2026-09-02,ILI incidence,2026-09-13,3,HU,quantile,0.01,15.16103897137103
2026-09-02,ILI incidence,2026-09-13,3,HU,median,NA,19.68932236444722
2026-09-02,ILI incidence,2026-09-20,4,HU,quantile,0.6,17.290803243229
2026-09-02,ILI incidence,2026-09-20,4,HU,quantile,0.75,18.37059751312128
2026-09-02,ILI incidence,2026-09-20,4,HU,quantile,0.975,22.233131487207466
2026-09-02,ILI incidence,2026-09-20,4,HU,quantile,0.55,16.958529674417044
2026-09-02,ILI incidence,2026-09-20,4,HU,quantile,0.99,23.441573241953492
2026-09-02,ILI incidence,2026-09-20,4,HU,quantile,0.65,17.62647715035653
2026-09-02,ILI incidence,2026-09-20,4,HU,quantile,0.7,17.97391635285544
2026-09-02,ILI incidence,2026-09-20,4,HU,quantile,0.5,16.641772079160774
2026-09-02,ILI incidence,2026-09-20,4,HU,quantile,0.95,21.278380812617847
2026-09-02,ILI incidence,2026-09-20,4,HU,quantile,0.8,18.830859608674754
2026-09-02,ILI incidence,2026-09-20,4,HU,quantile,0.85,19.394634613997848
2026-09-02,ILI incidence,2026-09-20,4,HU,quantile,0.9,20.13349979063621
2026-09-02,ILI incidence,2026-09-20,4,HU,quantile,0.45,16.315720246633738
2026-09-02,ILI incidence,2026-09-20,4,HU,quantile,0.4,16.006205111281393
2026-09-02,ILI incidence,2026-09-20,4,HU,quantile,0.01,11.831846296615248
2026-09-02,ILI incidence,2026-09-20,4,HU,quantile,0.35,15.696638724510734
2026-09-02,ILI incidence,2026-09-20,4,HU,quantile,0.25,15.07503350013114
2026-09-02,ILI incidence,2026-09-20,4,HU,quantile,0.2,14.672190835243336
2026-09-02,ILI incidence,2026-09-20,4,HU,quantile,0.3,15.392993805307515
2026-09-02,ILI incidence,2026-09-20,4,HU,quantile,0.05,13.016818114734084
2026-09-02,ILI incidence,2026-09-20,4,HU,quantile,0.15,14.252896155078204
2026-09-02,ILI incidence,2026-09-20,4,HU,quantile,0.025,12.43089508078931
2026-09-02,ILI incidence,2026-09-20,4,HU,quantile,0.1,13.761193704080217
2026-09-02,ILI incidence,2026-09-20,4,HU,median,NA,16.641772079160774
2026-09-02,ILI incidence,2026-08-30,1,IE,quantile,0.01,0.4811512658864148
2026-09-02,ILI incidence,2026-08-30,1,IE,quantile,0.025,0.5984399016045308
2026-09-02,ILI incidence,2026-08-30,1,IE,quantile,0.05,0.7355485650172812
2026-09-02,ILI incidence,2026-08-30,1,IE,quantile,0.1,0.9052726404624176
2026-09-02,ILI incidence,2026-08-30,1,IE,quantile,0.25,1.3149999720049157
2026-09-02,ILI incidence,2026-08-30,1,IE,quantile,0.3,1.4366026678249482
2026-09-02,ILI incidence,2026-08-30,1,IE,quantile,0.35,1.5675154113544023
2026-09-02,ILI incidence,2026-08-30,1,IE,quantile,0.4,1.701644136065135
2026-09-02,ILI incidence,2026-08-30,1,IE,quantile,0.45,1.8257491155972263
2026-09-02,ILI incidence,2026-08-30,1,IE,quantile,0.5,1.9630223952348564
2026-09-02,ILI incidence,2026-08-30,1,IE,quantile,0.55,2.1075683425389045
2026-09-02,ILI incidence,2026-08-30,1,IE,quantile,0.6,2.2739443503966283
2026-09-02,ILI incidence,2026-08-30,1,IE,quantile,0.65,2.4578729627821096
2026-09-02,ILI incidence,2026-08-30,1,IE,quantile,0.7,2.6451985200958
2026-09-02,ILI incidence,2026-08-30,1,IE,quantile,0.75,2.890393262204501
2026-09-02,ILI incidence,2026-08-30,1,IE,quantile,0.8,3.176597996916687
2026-09-02,ILI incidence,2026-08-30,1,IE,quantile,0.85,3.5662122821694564
2026-09-02,ILI incidence,2026-08-30,1,IE,quantile,0.9,4.107426004202013
2026-09-02,ILI incidence,2026-08-30,1,IE,quantile,0.95,5.127860815331237
2026-09-02,ILI incidence,2026-08-30,1,IE,quantile,0.975,6.137180833542036
2026-09-02,ILI incidence,2026-08-30,1,IE,quantile,0.99,7.646274236421259
2026-09-02,ILI incidence,2026-08-30,1,IE,quantile,0.15,1.0474538012251196
2026-09-02,ILI incidence,2026-08-30,1,IE,quantile,0.2,1.1806046131858206
2026-09-02,ILI incidence,2026-08-30,1,IE,median,NA,1.9630223952348564
2026-09-02,ILI incidence,2026-09-06,2,IE,quantile,0.975,6.066395811310843
2026-09-02,ILI incidence,2026-09-06,2,IE,quantile,0.99,7.511733759720719
2026-09-02,ILI incidence,2026-09-06,2,IE,quantile,0.9,4.171130069483054
2026-09-02,ILI incidence,2026-09-06,2,IE,quantile,0.95,5.124527527515336
2026-09-02,ILI incidence,2026-09-06,2,IE,quantile,0.05,0.8304572085879757
2026-09-02,ILI incidence,2026-09-06,2,IE,quantile,0.1,1.01185108397422
2026-09-02,ILI incidence,2026-09-06,2,IE,quantile,0.3,1.5288964073131304
2026-09-02,ILI incidence,2026-09-06,2,IE,quantile,0.35,1.6566813765782316
2026-09-02,ILI incidence,2026-09-06,2,IE,quantile,0.4,1.779736542783923
2026-09-02,ILI incidence,2026-09-06,2,IE,quantile,0.45,1.9126707458102024
2026-09-02,ILI incidence,2026-09-06,2,IE,quantile,0.5,2.0484316975038253
2026-09-02,ILI incidence,2026-09-06,2,IE,quantile,0.55,2.196303063821324
2026-09-02,ILI incidence,2026-09-06,2,IE,quantile,0.6,2.352085731100578
2026-09-02,ILI incidence,2026-09-06,2,IE,quantile,0.01,0.5793572424915655
2026-09-02,ILI incidence,2026-09-06,2,IE,quantile,0.025,0.6951114352152656
2026-09-02,ILI incidence,2026-09-06,2,IE,quantile,0.15,1.155219443374361
2026-09-02,ILI incidence,2026-09-06,2,IE,quantile,0.2,1.284350952689413
2026-09-02,ILI incidence,2026-09-06,2,IE,quantile,0.25,1.4082315781392918
2026-09-02,ILI incidence,2026-09-06,2,IE,quantile,0.65,2.528330354200462
2026-09-02,ILI incidence,2026-09-06,2,IE,quantile,0.7,2.733923458657893
2026-09-02,ILI incidence,2026-09-06,2,IE,quantile,0.75,2.978962691270576
2026-09-02,ILI incidence,2026-09-06,2,IE,quantile,0.8,3.258480497548579
2026-09-02,ILI incidence,2026-09-06,2,IE,quantile,0.85,3.63864849364952
2026-09-02,ILI incidence,2026-09-06,2,IE,median,NA,2.0484316975038253
2026-09-02,ILI incidence,2026-09-13,3,IE,quantile,0.3,1.1369091306079089
2026-09-02,ILI incidence,2026-09-13,3,IE,quantile,0.35,1.3024253245422992
2026-09-02,ILI incidence,2026-09-13,3,IE,quantile,0.4,1.4692112984549532
2026-09-02,ILI incidence,2026-09-13,3,IE,quantile,0.95,7.674490708689896
2026-09-02,ILI incidence,2026-09-13,3,IE,quantile,0.975,10.243737035460825
2026-09-02,ILI incidence,2026-09-13,3,IE,quantile,0.99,14.530676471767942
2026-09-02,ILI incidence,2026-09-13,3,IE,quantile,0.25,0.9925289908523406
2026-09-02,ILI incidence,2026-09-13,3,IE,quantile,0.8,3.8385702097616727
2026-09-02,ILI incidence,2026-09-13,3,IE,quantile,0.1,0.5764621172640626
2026-09-02,ILI incidence,2026-09-13,3,IE,quantile,0.15,0.7125573088147472
2026-09-02,ILI incidence,2026-09-13,3,IE,quantile,0.2,0.8478148971387557
2026-09-02,ILI incidence,2026-09-13,3,IE,quantile,0.45,1.6457238447170164
2026-09-02,ILI incidence,2026-09-13,3,IE,quantile,0.5,1.8267029004865487
2026-09-02,ILI incidence,2026-09-13,3,IE,quantile,0.55,2.0503851112556473
2026-09-02,ILI incidence,2026-09-13,3,IE,quantile,0.6,2.328311591018353
2026-09-02,ILI incidence,2026-09-13,3,IE,quantile,0.65,2.6119565822010946
2026-09-02,ILI incidence,2026-09-13,3,IE,quantile,0.7,2.944569894108661
2026-09-02,ILI incidence,2026-09-13,3,IE,quantile,0.75,3.34157156188056
2026-09-02,ILI incidence,2026-09-13,3,IE,quantile,0.85,4.5593852905156895
2026-09-02,ILI incidence,2026-09-13,3,IE,quantile,0.9,5.626736256547635
2026-09-02,ILI incidence,2026-09-13,3,IE,quantile,0.05,0.4183414220669347
2026-09-02,ILI incidence,2026-09-13,3,IE,quantile,0.025,0.31566904692323283
2026-09-02,ILI incidence,2026-09-13,3,IE,quantile,0.01,0.23116198591741144
2026-09-02,ILI incidence,2026-09-13,3,IE,median,NA,1.8267029004865487
2026-09-02,ILI incidence,2026-09-20,4,IE,quantile,0.01,0.10268574781285908
2026-09-02,ILI incidence,2026-09-20,4,IE,quantile,0.025,0.16424093656604927
2026-09-02,ILI incidence,2026-09-20,4,IE,quantile,0.05,0.24362219117138376
2026-09-02,ILI incidence,2026-09-20,4,IE,quantile,0.1,0.37518674771207094
2026-09-02,ILI incidence,2026-09-20,4,IE,quantile,0.15,0.49875452534674813
2026-09-02,ILI incidence,2026-09-20,4,IE,quantile,0.99,26.658006416579973
2026-09-02,ILI incidence,2026-09-20,4,IE,quantile,0.2,0.6407407705050252
2026-09-02,ILI incidence,2026-09-20,4,IE,quantile,0.25,0.7818604899794167
2026-09-02,ILI incidence,2026-09-20,4,IE,quantile,0.6,2.2822145728706444
2026-09-02,ILI incidence,2026-09-20,4,IE,quantile,0.65,2.678592178440375
2026-09-02,ILI incidence,2026-09-20,4,IE,quantile,0.95,12.27205886009634
2026-09-02,ILI incidence,2026-09-20,4,IE,quantile,0.975,17.30698175528901
2026-09-02,ILI incidence,2026-09-20,4,IE,quantile,0.55,1.9545268384626344
2026-09-02,ILI incidence,2026-09-20,4,IE,quantile,0.7,3.163048205634362
2026-09-02,ILI incidence,2026-09-20,4,IE,quantile,0.8,4.614189452933541
2026-09-02,ILI incidence,2026-09-20,4,IE,quantile,0.9,7.836255370304215
2026-09-02,ILI incidence,2026-09-20,4,IE,quantile,0.5,1.685807347430928
2026-09-02,ILI incidence,2026-09-20,4,IE,quantile,0.75,3.783256068269099
2026-09-02,ILI incidence,2026-09-20,4,IE,quantile,0.85,5.875846711636286
2026-09-02,ILI incidence,2026-09-20,4,IE,quantile,0.4,1.2638664904217674
2026-09-02,ILI incidence,2026-09-20,4,IE,quantile,0.3,0.932822663345305
2026-09-02,ILI incidence,2026-09-20,4,IE,quantile,0.45,1.4674878046439248
2026-09-02,ILI incidence,2026-09-20,4,IE,quantile,0.35,1.0961155287134945
2026-09-02,ILI incidence,2026-09-20,4,IE,median,NA,1.685807347430928
2026-09-02,ILI incidence,2026-08-30,1,IS,quantile,0.99,0.626510276938386
2026-09-02,ILI incidence,2026-08-30,1,IS,quantile,0.75,0.41882099969496217
2026-09-02,ILI incidence,2026-08-30,1,IS,quantile,0.95,0.5310004032659081
2026-09-02,ILI incidence,2026-08-30,1,IS,quantile,0.85,0.4559563113159508
2026-09-02,ILI incidence,2026-08-30,1,IS,quantile,0.9,0.4838504436428568
2026-09-02,ILI incidence,2026-08-30,1,IS,quantile,0.975,0.5710004067377534
2026-09-02,ILI incidence,2026-08-30,1,IS,quantile,0.7,0.403695068152692
2026-09-02,ILI incidence,2026-08-30,1,IS,quantile,0.8,0.4358818661682348
2026-09-02,ILI incidence,2026-08-30,1,IS,quantile,0.65,0.39035567467476906
2026-09-02,ILI incidence,2026-08-30,1,IS,quantile,0.4,0.3352967185323748
2026-09-02,ILI incidence,2026-08-30,1,IS,quantile,0.6,0.37922888080741346
2026-09-02,ILI incidence,2026-08-30,1,IS,quantile,0.55,0.3669978039563675
2026-09-02,ILI incidence,2026-08-30,1,IS,quantile,0.5,0.3559406078049868
2026-09-02,ILI incidence,2026-08-30,1,IS,quantile,0.45,0.34594385818329143
2026-09-02,ILI incidence,2026-08-30,1,IS,quantile,0.25,0.30370778820924604
2026-09-02,ILI incidence,2026-08-30,1,IS,quantile,0.35,0.3254899244121415
2026-09-02,ILI incidence,2026-08-30,1,IS,quantile,0.3,0.3151840844833266
2026-09-02,ILI incidence,2026-08-30,1,IS,quantile,0.2,0.29096622578008585
2026-09-02,ILI incidence,2026-08-30,1,IS,quantile,0.15,0.27684614186858303
2026-09-02,ILI incidence,2026-08-30,1,IS,quantile,0.1,0.26196920462053214
2026-09-02,ILI incidence,2026-08-30,1,IS,quantile,0.05,0.23903174706269947
2026-09-02,ILI incidence,2026-08-30,1,IS,quantile,0.01,0.20339475989652517
2026-09-02,ILI incidence,2026-08-30,1,IS,quantile,0.025,0.22168333292057563
2026-09-02,ILI incidence,2026-08-30,1,IS,median,NA,0.3559406078049868
2026-09-02,ILI incidence,2026-09-06,2,IS,quantile,0.85,0.6755840970111551
2026-09-02,ILI incidence,2026-09-06,2,IS,quantile,0.95,0.8986554438399353
2026-09-02,ILI incidence,2026-09-06,2,IS,quantile,0.975,1.0173228634145326
2026-09-02,ILI incidence,2026-09-06,2,IS,quantile,0.9,0.7611576851484321
2026-09-02,ILI incidence,2026-09-06,2,IS,quantile,0.8,0.6150652422816055
2026-09-02,ILI incidence,2026-09-06,2,IS,quantile,0.01,0.14518227471962344
2026-09-02,ILI incidence,2026-09-06,2,IS,quantile,0.75,0.5715926183804259
2026-09-02,ILI incidence,2026-09-06,2,IS,quantile,0.99,1.208078436710392
2026-09-02,ILI incidence,2026-09-06,2,IS,quantile,0.7,0.532345472425671
2026-09-02,ILI incidence,2026-09-06,2,IS,quantile,0.65,0.5001024181083518
2026-09-02,ILI incidence,2026-09-06,2,IS,quantile,0.025,0.17011771534314685
2026-09-02,ILI incidence,2026-09-06,2,IS,quantile,0.45,0.3907088249375999
2026-09-02,ILI incidence,2026-09-06,2,IS,quantile,0.4,0.3685748076376624
2026-09-02,ILI incidence,2026-09-06,2,IS,quantile,0.05,0.1961259052666768
2026-09-02,ILI incidence,2026-09-06,2,IS,quantile,0.2,0.28000355278340927
2026-09-02,ILI incidence,2026-09-06,2,IS,quantile,0.3,0.32592799070647455
2026-09-02,ILI incidence,2026-09-06,2,IS,quantile,0.5,0.4145790700058377
2026-09-02,ILI incidence,2026-09-06,2,IS,quantile,0.1,0.23161625956049536
2026-09-02,ILI incidence,2026-09-06,2,IS,quantile,0.6,0.4680050464193504
2026-09-02,ILI incidence,2026-09-06,2,IS,quantile,0.15,0.2576194507387298
2026-09-02,ILI incidence,2026-09-06,2,IS,quantile,0.55,0.4399127957295892
2026-09-02,ILI incidence,2026-09-06,2,IS,quantile,0.35,0.34725186632078425
2026-09-02,ILI incidence,2026-09-06,2,IS,quantile,0.25,0.30383705378879233
2026-09-02,ILI incidence,2026-09-06,2,IS,median,NA,0.4145790700058377
2026-09-02,ILI incidence,2026-09-20,4,IS,quantile,0.975,3.1657161188149714
2026-09-02,ILI incidence,2026-09-20,4,IS,quantile,0.85,1.8634641205964548
2026-09-02,ILI incidence,2026-09-20,4,IS,quantile,0.8,1.679316978269936
2026-09-02,ILI incidence,2026-09-20,4,IS,quantile,0.95,2.6417084651716167
2026-09-02,ILI incidence,2026-09-20,4,IS,quantile,0.9,2.1519021989001588
2026-09-02,ILI incidence,2026-09-20,4,IS,quantile,0.7,1.382014795939627
2026-09-02,ILI incidence,2026-09-20,4,IS,quantile,0.75,1.5174200691043145
2026-09-02,ILI incidence,2026-09-20,4,IS,quantile,0.6,1.183399935311103
2026-09-02,ILI incidence,2026-09-20,4,IS,quantile,0.5,1.019310414507267
2026-09-02,ILI incidence,2026-09-20,4,IS,quantile,0.55,1.100586435262834
2026-09-02,ILI incidence,2026-09-20,4,IS,quantile,0.1,0.4890187759367291
2026-09-02,ILI incidence,2026-09-20,4,IS,quantile,0.025,0.32072653660967976
2026-09-02,ILI incidence,2026-09-20,4,IS,quantile,0.65,1.2791687862983532
2026-09-02,ILI incidence,2026-09-20,4,IS,quantile,0.45,0.9503090619420812
2026-09-02,ILI incidence,2026-09-20,4,IS,quantile,0.05,0.3934373202776027
2026-09-02,ILI incidence,2026-09-20,4,IS,quantile,0.35,0.8200345837052139
2026-09-02,ILI incidence,2026-09-20,4,IS,quantile,0.4,0.8841454594790575
2026-09-02,ILI incidence,2026-09-20,4,IS,quantile,0.3,0.7504309587710256
2026-09-02,ILI incidence,2026-09-20,4,IS,quantile,0.2,0.6295588203390092
2026-09-02,ILI incidence,2026-09-20,4,IS,quantile,0.25,0.6927555782537944
2026-09-02,ILI incidence,2026-09-20,4,IS,quantile,0.15,0.5635509636029503
2026-09-02,ILI incidence,2026-09-20,4,IS,quantile,0.01,0.25955576345668974
2026-09-02,ILI incidence,2026-09-20,4,IS,quantile,0.99,3.9343516355470882
2026-09-02,ILI incidence,2026-09-20,4,IS,median,NA,1.019310414507267
2026-09-02,ILI incidence,2026-08-30,1,LT,quantile,0.99,3.26751186509215
2026-09-02,ILI incidence,2026-08-30,1,LT,quantile,0.65,1.3099820674851044
2026-09-02,ILI incidence,2026-08-30,1,LT,quantile,0.7,1.3909442379379282
2026-09-02,ILI incidence,2026-08-30,1,LT,quantile,0.6,1.2313146329222602
2026-09-02,ILI incidence,2026-08-30,1,LT,quantile,0.75,1.495642619842093
2026-09-02,ILI incidence,2026-08-30,1,LT,quantile,0.55,1.1677979242965204
2026-09-02,ILI incidence,2026-08-30,1,LT,quantile,0.975,2.7317426199436645
2026-09-02,ILI incidence,2026-08-30,1,LT,quantile,0.5,1.0992387918333066
2026-09-02,ILI incidence,2026-08-30,1,LT,quantile,0.4,0.9758612502010476
2026-09-02,ILI incidence,2026-08-30,1,LT,quantile,0.8,1.614959559178071
2026-09-02,ILI incidence,2026-08-30,1,LT,quantile,0.85,1.7690541391945809
2026-09-02,ILI incidence,2026-08-30,1,LT,quantile,0.9,1.9795028649485344
2026-09-02,ILI incidence,2026-08-30,1,LT,quantile,0.3,0.8557505859697545
2026-09-02,ILI incidence,2026-08-30,1,LT,quantile,0.45,1.032979516012012
2026-09-02,ILI incidence,2026-08-30,1,LT,quantile,0.95,2.33582493843255
2026-09-02,ILI incidence,2026-08-30,1,LT,quantile,0.1,0.6020614183002783
2026-09-02,ILI incidence,2026-08-30,1,LT,quantile,0.15,0.6712902072412632
2026-09-02,ILI incidence,2026-08-30,1,LT,quantile,0.2,0.7419376498496671
2026-09-02,ILI incidence,2026-08-30,1,LT,quantile,0.25,0.8007448554680642
2026-09-02,ILI incidence,2026-08-30,1,LT,quantile,0.35,0.917341501567131
2026-09-02,ILI incidence,2026-08-30,1,LT,quantile,0.025,0.43677338214292566
2026-09-02,ILI incidence,2026-08-30,1,LT,quantile,0.05,0.5050687757529803
2026-09-02,ILI incidence,2026-08-30,1,LT,quantile,0.01,0.37520611153098266
2026-09-02,ILI incidence,2026-08-30,1,LT,median,NA,1.0992387918333066
2026-09-02,ILI incidence,2026-09-06,2,LT,quantile,0.01,0.7269042255813015
2026-09-02,ILI incidence,2026-09-06,2,LT,quantile,0.99,2.1384071177333124
2026-09-02,ILI incidence,2026-09-06,2,LT,quantile,0.95,1.8260963805485224
2026-09-02,ILI incidence,2026-09-06,2,LT,quantile,0.9,1.6769327549967934
2026-09-02,ILI incidence,2026-09-06,2,LT,quantile,0.975,1.9517816582868357
2026-09-02,ILI incidence,2026-09-06,2,LT,quantile,0.85,1.585060018003323
2026-09-02,ILI incidence,2026-09-06,2,LT,quantile,0.8,1.5125801071108045
2026-09-02,ILI incidence,2026-09-06,2,LT,quantile,0.025,0.7866233636233242
2026-09-02,ILI incidence,2026-09-06,2,LT,quantile,0.1,0.92170322757422
2026-09-02,ILI incidence,2026-09-06,2,LT,quantile,0.05,0.8476207315925031
2026-09-02,ILI incidence,2026-09-06,2,LT,quantile,0.15,0.9758050378102024
2026-09-02,ILI incidence,2026-09-06,2,LT,quantile,0.7,1.4057404497712405
2026-09-02,ILI incidence,2026-09-06,2,LT,quantile,0.55,1.2883954436628773
2026-09-02,ILI incidence,2026-09-06,2,LT,quantile,0.35,1.1412538935414756
2026-09-02,ILI incidence,2026-09-06,2,LT,quantile,0.4,1.1781688989410284
2026-09-02,ILI incidence,2026-09-06,2,LT,quantile,0.65,1.362136410871161
2026-09-02,ILI incidence,2026-09-06,2,LT,quantile,0.6,1.3236640569479372
2026-09-02,ILI incidence,2026-09-06,2,LT,quantile,0.75,1.4543614618480982
2026-09-02,ILI incidence,2026-09-06,2,LT,quantile,0.45,1.2118724645983088
2026-09-02,ILI incidence,2026-09-06,2,LT,quantile,0.2,1.0245868240972464
2026-09-02,ILI incidence,2026-09-06,2,LT,quantile,0.25,1.0656979247592888
2026-09-02,ILI incidence,2026-09-06,2,LT,quantile,0.5,1.2506269076612877
2026-09-02,ILI incidence,2026-09-06,2,LT,quantile,0.3,1.103211299842041
2026-09-02,ILI incidence,2026-09-06,2,LT,median,NA,1.2506269076612877
2026-09-02,ILI incidence,2026-09-13,3,LT,quantile,0.15,0.9353668045970988
2026-09-02,ILI incidence,2026-09-13,3,LT,quantile,0.025,0.7522445848995013
2026-09-02,ILI incidence,2026-09-13,3,LT,quantile,0.01,0.6867048544535587
2026-09-02,ILI incidence,2026-09-13,3,LT,quantile,0.2,0.9809654206716156
2026-09-02,ILI incidence,2026-09-13,3,LT,quantile,0.1,0.8785019501911856
2026-09-02,ILI incidence,2026-09-13,3,LT,quantile,0.05,0.8077675879791699
2026-09-02,ILI incidence,2026-09-13,3,LT,quantile,0.25,1.0209456938767052
2026-09-02,ILI incidence,2026-09-13,3,LT,quantile,0.3,1.0612739070652106
2026-09-02,ILI incidence,2026-09-13,3,LT,quantile,0.35,1.0968604654671197
2026-09-02,ILI incidence,2026-09-13,3,LT,quantile,0.45,1.1672653441317644
2026-09-02,ILI incidence,2026-09-13,3,LT,quantile,0.4,1.1317991335590245
2026-09-02,ILI incidence,2026-09-13,3,LT,quantile,0.975,1.917805226686784
2026-09-02,ILI incidence,2026-09-13,3,LT,quantile,0.99,2.073953481851782
2026-09-02,ILI incidence,2026-09-13,3,LT,quantile,0.5,1.202054823773276
2026-09-02,ILI incidence,2026-09-13,3,LT,quantile,0.55,1.2400321449074434
2026-09-02,ILI incidence,2026-09-13,3,LT,quantile,0.95,1.7732080736922489
2026-09-02,ILI incidence,2026-09-13,3,LT,quantile,0.75,1.404419828100315
2026-09-02,ILI incidence,2026-09-13,3,LT,quantile,0.7,1.3575601501355687
2026-09-02,ILI incidence,2026-09-13,3,LT,quantile,0.8,1.4581835781742003
2026-09-02,ILI incidence,2026-09-13,3,LT,quantile,0.6,1.2757733808509717
2026-09-02,ILI incidence,2026-09-13,3,LT,quantile,0.85,1.5272351045083787
2026-09-02,ILI incidence,2026-09-13,3,LT,quantile,0.9,1.6224242041459078
2026-09-02,ILI incidence,2026-09-13,3,LT,quantile,0.65,1.3160266574912414
2026-09-02,ILI incidence,2026-09-13,3,LT,median,NA,1.202054823773276
2026-09-02,ILI incidence,2026-09-20,4,LT,quantile,0.01,0.4674131035588994
2026-09-02,ILI incidence,2026-09-20,4,LT,quantile,0.025,0.5210015299882587
2026-09-02,ILI incidence,2026-09-20,4,LT,quantile,0.05,0.5830970744577422
2026-09-02,ILI incidence,2026-09-20,4,LT,quantile,0.75,1.3047783806348288
2026-09-02,ILI incidence,2026-09-20,4,LT,quantile,0.85,1.477765728208268
2026-09-02,ILI incidence,2026-09-20,4,LT,quantile,0.7,1.238490154863179
2026-09-02,ILI incidence,2026-09-20,4,LT,quantile,0.6,1.1245347816827542
2026-09-02,ILI incidence,2026-09-20,4,LT,quantile,0.55,1.0744799863039782
2026-09-02,ILI incidence,2026-09-20,4,LT,quantile,0.65,1.1776766917072723
2026-09-02,ILI incidence,2026-09-20,4,LT,quantile,0.45,0.9851177529473758
2026-09-02,ILI incidence,2026-09-20,4,LT,quantile,0.5,1.0300567531727842
2026-09-02,ILI incidence,2026-09-20,4,LT,quantile,0.4,0.9451509580903495
2026-09-02,ILI incidence,2026-09-20,4,LT,quantile,0.1,0.6643700729806246
2026-09-02,ILI incidence,2026-09-20,4,LT,quantile,0.15,0.7231541367952955
2026-09-02,ILI incidence,2026-09-20,4,LT,quantile,0.25,0.8206107162716236
2026-09-02,ILI incidence,2026-09-20,4,LT,quantile,0.9,1.6124142421569836
2026-09-02,ILI incidence,2026-09-20,4,LT,quantile,0.2,0.7731597446078229
2026-09-02,ILI incidence,2026-09-20,4,LT,quantile,0.3,0.8621640738476202
2026-09-02,ILI incidence,2026-09-20,4,LT,quantile,0.35,0.9057539682650806
2026-09-02,ILI incidence,2026-09-20,4,LT,quantile,0.8,1.382378747762064
2026-09-02,ILI incidence,2026-09-20,4,LT,quantile,0.99,2.323611091885385
2026-09-02,ILI incidence,2026-09-20,4,LT,quantile,0.95,1.8295714469703992
2026-09-02,ILI incidence,2026-09-20,4,LT,quantile,0.975,2.07287736113526
2026-09-02,ILI incidence,2026-09-20,4,LT,median,NA,1.0300567531727842
2026-09-02,ILI incidence,2026-08-30,1,LU,quantile,0.55,9.728643597478966e-4
2026-09-02,ILI incidence,2026-08-30,1,LU,quantile,0.6,0.00105553816906653
2026-09-02,ILI incidence,2026-08-30,1,LU,quantile,0.65,0.00115238690054128
2026-09-02,ILI incidence,2026-08-30,1,LU,quantile,0.9,0.0020806623429587
2026-09-02,ILI incidence,2026-08-30,1,LU,quantile,0.95,0.0026458962898337
2026-09-02,ILI incidence,2026-08-30,1,LU,quantile,0.99,0.00426415921506277
2026-09-02,ILI incidence,2026-08-30,1,LU,quantile,0.5,9.014935172365552e-4
2026-09-02,ILI incidence,2026-08-30,1,LU,quantile,0.85,0.00176968038202993
2026-09-02,ILI incidence,2026-08-30,1,LU,quantile,0.7,0.00126769631464777
2026-09-02,ILI incidence,2026-08-30,1,LU,quantile,0.75,0.00139016983135491
2026-09-02,ILI incidence,2026-08-30,1,LU,quantile,0.8,0.00155822358182737
2026-09-02,ILI incidence,2026-08-30,1,LU,quantile,0.975,0.00335410326095499
2026-09-02,ILI incidence,2026-08-30,1,LU,quantile,0.2,5.106287983969831e-4
2026-09-02,ILI incidence,2026-08-30,1,LU,quantile,0.25,5.724015461860083e-4
2026-09-02,ILI incidence,2026-08-30,1,LU,quantile,0.3,6.301974067344923e-4
2026-09-02,ILI incidence,2026-08-30,1,LU,quantile,0.35,6.948078764647475e-4
2026-09-02,ILI incidence,2026-08-30,1,LU,quantile,0.4,7.586436209661153e-4
2026-09-02,ILI incidence,2026-08-30,1,LU,quantile,0.45,8.279140727269012e-4
2026-09-02,ILI incidence,2026-08-30,1,LU,quantile,0.01,1.8991415049106672e-4
2026-09-02,ILI incidence,2026-08-30,1,LU,quantile,0.025,2.4356112062644297e-4
2026-09-02,ILI incidence,2026-08-30,1,LU,quantile,0.05,2.999646411466412e-4
2026-09-02,ILI incidence,2026-08-30,1,LU,quantile,0.1,3.790893508614503e-4
2026-09-02,ILI incidence,2026-08-30,1,LU,quantile,0.15,4.493967549767284e-4
2026-09-02,ILI incidence,2026-08-30,1,LU,median,NA,9.014935172365552e-4
2026-09-02,ILI incidence,2026-09-06,2,LU,quantile,0.05,5.649036841906467e-4
2026-09-02,ILI incidence,2026-09-06,2,LU,quantile,0.01,4.317783451345436e-4
2026-09-02,ILI incidence,2026-09-06,2,LU,quantile,0.025,5.007767559781636e-4
2026-09-02,ILI incidence,2026-09-06,2,LU,quantile,0.75,0.00143089484633528
2026-09-02,ILI incidence,2026-09-06,2,LU,quantile,0.8,0.00152234965377299
2026-09-02,ILI incidence,2026-09-06,2,LU,quantile,0.7,0.00134819911130569
2026-09-02,ILI incidence,2026-09-06,2,LU,quantile,0.85,0.00163563273536457
2026-09-02,ILI incidence,2026-09-06,2,LU,quantile,0.9,0.00180696167425732
2026-09-02,ILI incidence,2026-09-06,2,LU,quantile,0.95,0.00211858104185579
2026-09-02,ILI incidence,2026-09-06,2,LU,quantile,0.975,0.00237683225278784
2026-09-02,ILI incidence,2026-09-06,2,LU,quantile,0.99,0.00273304938879506
2026-09-02,ILI incidence,2026-09-06,2,LU,quantile,0.1,6.57616672818261e-4
2026-09-02,ILI incidence,2026-09-06,2,LU,quantile,0.15,7.213821613504118e-4
2026-09-02,ILI incidence,2026-09-06,2,LU,quantile,0.2,7.799776574686798e-4
2026-09-02,ILI incidence,2026-09-06,2,LU,quantile,0.25,8.325025517953582e-4
2026-09-02,ILI incidence,2026-09-06,2,LU,quantile,0.3,8.840993055741276e-4
2026-09-02,ILI incidence,2026-09-06,2,LU,quantile,0.35,9.328630504391412e-4
2026-09-02,ILI incidence,2026-09-06,2,LU,quantile,0.4,9.860218019712447e-4
2026-09-02,ILI incidence,2026-09-06,2,LU,quantile,0.45,0.00103977413169452
2026-09-02,ILI incidence,2026-09-06,2,LU,quantile,0.5,0.00109299598144455
2026-09-02,ILI incidence,2026-09-06,2,LU,quantile,0.55,0.00114989207268311
2026-09-02,ILI incidence,2026-09-06,2,LU,quantile,0.6,0.00120852308970123
2026-09-02,ILI incidence,2026-09-06,2,LU,quantile,0.65,0.00127490926687195
2026-09-02,ILI incidence,2026-09-06,2,LU,median,NA,0.00109299598144455
2026-09-02,ILI incidence,2026-09-13,3,LU,quantile,0.05,3.3077704141392853e-4
2026-09-02,ILI incidence,2026-09-13,3,LU,quantile,0.2,5.016525920954282e-4
2026-09-02,ILI incidence,2026-09-13,3,LU,quantile,0.25,5.46872603721849e-4
2026-09-02,ILI incidence,2026-09-13,3,LU,quantile,0.3,5.908355703477948e-4
2026-09-02,ILI incidence,2026-09-13,3,LU,quantile,0.35,6.36181776657936e-4
2026-09-02,ILI incidence,2026-09-13,3,LU,quantile,0.5,7.777076007987314e-4
2026-09-02,ILI incidence,2026-09-13,3,LU,quantile,0.55,8.338889116020201e-4
2026-09-02,ILI incidence,2026-09-13,3,LU,quantile,0.6,8.928530248482026e-4
2026-09-02,ILI incidence,2026-09-13,3,LU,quantile,0.65,9.529356229832996e-4
2026-09-02,ILI incidence,2026-09-13,3,LU,quantile,0.9,0.00151757168053548
2026-09-02,ILI incidence,2026-09-13,3,LU,quantile,0.95,0.00183326832135213
2026-09-02,ILI incidence,2026-09-13,3,LU,quantile,0.975,0.00215156586342759
2026-09-02,ILI incidence,2026-09-13,3,LU,quantile,0.99,0.00264590709699691
2026-09-02,ILI incidence,2026-09-13,3,LU,quantile,0.01,2.3151196318296608e-4
2026-09-02,ILI incidence,2026-09-13,3,LU,quantile,0.025,2.810142271547873e-4
2026-09-02,ILI incidence,2026-09-13,3,LU,quantile,0.4,6.836350541292618e-4
2026-09-02,ILI incidence,2026-09-13,3,LU,quantile,0.45,7.282128699132482e-4
2026-09-02,ILI incidence,2026-09-13,3,LU,quantile,0.7,0.00102361778650772
2026-09-02,ILI incidence,2026-09-13,3,LU,quantile,0.75,0.00110337508594177
2026-09-02,ILI incidence,2026-09-13,3,LU,quantile,0.8,0.00120512898405357
2026-09-02,ILI incidence,2026-09-13,3,LU,quantile,0.85,0.00133303140314148
2026-09-02,ILI incidence,2026-09-13,3,LU,quantile,0.1,4.039444937723511e-4
2026-09-02,ILI incidence,2026-09-13,3,LU,quantile,0.15,4.517443498156327e-4
2026-09-02,ILI incidence,2026-09-13,3,LU,median,NA,7.777076007987314e-4
2026-09-02,ILI incidence,2026-09-20,4,LU,quantile,0.3,8.234120922234649e-4
2026-09-02,ILI incidence,2026-09-20,4,LU,quantile,0.1,5.773648224191578e-4
2026-09-02,ILI incidence,2026-09-20,4,LU,quantile,0.25,7.690430694089834e-4
2026-09-02,ILI incidence,2026-09-20,4,LU,quantile,0.15,6.510130374253709e-4
2026-09-02,ILI incidence,2026-09-20,4,LU,quantile,0.05,4.8483934638489113e-4
2026-09-02,ILI incidence,2026-09-20,4,LU,quantile,0.2,7.141312903546077e-4
2026-09-02,ILI incidence,2026-09-20,4,LU,quantile,0.01,3.436095728905967e-4
2026-09-02,ILI incidence,2026-09-20,4,LU,quantile,0.025,4.0986133446419e-4
2026-09-02,ILI incidence,2026-09-20,4,LU,quantile,0.35,8.77773967427768e-4
2026-09-02,ILI incidence,2026-09-20,4,LU,quantile,0.4,9.338419825038638e-4
2026-09-02,ILI incidence,2026-09-20,4,LU,quantile,0.45,9.908993727015705e-4
2026-09-02,ILI incidence,2026-09-20,4,LU,quantile,0.5,0.00105222888833389
2026-09-02,ILI incidence,2026-09-20,4,LU,quantile,0.55,0.0011151365805709
2026-09-02,ILI incidence,2026-09-20,4,LU,quantile,0.6,0.00118484432993622
2026-09-02,ILI incidence,2026-09-20,4,LU,quantile,0.65,0.00126223668933131
2026-09-02,ILI incidence,2026-09-20,4,LU,quantile,0.7,0.00134936538186212
2026-09-02,ILI incidence,2026-09-20,4,LU,quantile,0.75,0.00144959611367834
2026-09-02,ILI incidence,2026-09-20,4,LU,quantile,0.8,0.00155873731202977
2026-09-02,ILI incidence,2026-09-20,4,LU,quantile,0.85,0.00169990972177624
2026-09-02,ILI incidence,2026-09-20,4,LU,quantile,0.9,0.0019123988552189
2026-09-02,ILI incidence,2026-09-20,4,LU,quantile,0.95,0.00224561096992812
2026-09-02,ILI incidence,2026-09-20,4,LU,quantile,0.975,0.00263291246384123
2026-09-02,ILI incidence,2026-09-20,4,LU,quantile,0.99,0.00313532877822639
2026-09-02,ILI incidence,2026-09-20,4,LU,median,NA,0.00105222888833389
2026-09-02,ILI incidence,2026-08-30,1,MT,quantile,0.95,5931.698215016736
2026-09-02,ILI incidence,2026-08-30,1,MT,quantile,0.99,6792.491649552217
2026-09-02,ILI incidence,2026-08-30,1,MT,quantile,0.85,5243.946780334067
2026-09-02,ILI incidence,2026-08-30,1,MT,quantile,0.7,4718.388804476748
2026-09-02,ILI incidence,2026-08-30,1,MT,quantile,0.8,5038.245381385355
2026-09-02,ILI incidence,2026-08-30,1,MT,quantile,0.75,4867.402266360827
2026-09-02,ILI incidence,2026-08-30,1,MT,quantile,0.975,6287.378567274751
2026-09-02,ILI incidence,2026-08-30,1,MT,quantile,0.55,4375.985617297428
2026-09-02,ILI incidence,2026-08-30,1,MT,quantile,0.45,4163.376403436227
2026-09-02,ILI incidence,2026-08-30,1,MT,quantile,0.5,4272.599495393809
2026-09-02,ILI incidence,2026-08-30,1,MT,quantile,0.9,5498.7916272994535
2026-09-02,ILI incidence,2026-08-30,1,MT,quantile,0.65,4596.448852514264
2026-09-02,ILI incidence,2026-08-30,1,MT,quantile,0.6,4485.021516705045
2026-09-02,ILI incidence,2026-08-30,1,MT,quantile,0.05,3084.3219445906375
2026-09-02,ILI incidence,2026-08-30,1,MT,quantile,0.4,4055.482252760135
2026-09-02,ILI incidence,2026-08-30,1,MT,quantile,0.3,3831.469352193479
2026-09-02,ILI incidence,2026-08-30,1,MT,quantile,0.01,2710.7532328144857
2026-09-02,ILI incidence,2026-08-30,1,MT,quantile,0.35,3938.978557100463
2026-09-02,ILI incidence,2026-08-30,1,MT,quantile,0.1,3311.7888709756976
2026-09-02,ILI incidence,2026-08-30,1,MT,quantile,0.15,3467.851388748893
2026-09-02,ILI incidence,2026-08-30,1,MT,quantile,0.2,3605.581278781481
2026-09-02,ILI incidence,2026-08-30,1,MT,quantile,0.25,3721.609355740133
2026-09-02,ILI incidence,2026-08-30,1,MT,quantile,0.025,2902.4011905244415
2026-09-02,ILI incidence,2026-08-30,1,MT,median,NA,4272.599495393809
2026-09-02,ILI incidence,2026-09-06,2,MT,quantile,0.3,4621.032336211566
2026-09-02,ILI incidence,2026-09-06,2,MT,quantile,0.35,4734.525288975166
2026-09-02,ILI incidence,2026-09-06,2,MT,quantile,0.25,4507.6382397031175
2026-09-02,ILI incidence,2026-09-06,2,MT,quantile,0.4,4839.838663670186
2026-09-02,ILI incidence,2026-09-06,2,MT,quantile,0.2,4371.055285215849
2026-09-02,ILI incidence,2026-09-06,2,MT,quantile,0.1,4051.2956630167578
2026-09-02,ILI incidence,2026-09-06,2,MT,quantile,0.025,3594.6243879469903
2026-09-02,ILI incidence,2026-09-06,2,MT,quantile,0.15,4224.937937826543
2026-09-02,ILI incidence,2026-09-06,2,MT,quantile,0.05,3795.847513081731
2026-09-02,ILI incidence,2026-09-06,2,MT,quantile,0.7,5548.0284831918425
2026-09-02,ILI incidence,2026-09-06,2,MT,quantile,0.6,5283.949059538809
2026-09-02,ILI incidence,2026-09-06,2,MT,quantile,0.65,5404.62447348782
2026-09-02,ILI incidence,2026-09-06,2,MT,quantile,0.8,5876.009016138763
2026-09-02,ILI incidence,2026-09-06,2,MT,quantile,0.45,4948.11506047745
2026-09-02,ILI incidence,2026-09-06,2,MT,quantile,0.01,3406.564096434524
2026-09-02,ILI incidence,2026-09-06,2,MT,quantile,0.55,5169.828729916097
2026-09-02,ILI incidence,2026-09-06,2,MT,quantile,0.5,5060.145963491272
2026-09-02,ILI incidence,2026-09-06,2,MT,quantile,0.75,5700.696267439988
2026-09-02,ILI incidence,2026-09-06,2,MT,quantile,0.85,6061.856061259172
2026-09-02,ILI incidence,2026-09-06,2,MT,quantile,0.99,7595.063415175462
2026-09-02,ILI incidence,2026-09-06,2,MT,quantile,0.975,7115.904709909548
2026-09-02,ILI incidence,2026-09-06,2,MT,quantile,0.95,6762.375539313537
2026-09-02,ILI incidence,2026-09-06,2,MT,quantile,0.9,6346.404477134551
2026-09-02,ILI incidence,2026-09-06,2,MT,median,NA,5060.145963491272
2026-09-02,ILI incidence,2026-09-13,3,MT,quantile,0.3,3649.3115516431462
2026-09-02,ILI incidence,2026-09-13,3,MT,quantile,0.25,3495.0993677582974
2026-09-02,ILI incidence,2026-09-13,3,MT,quantile,0.15,3139.306990202011
2026-09-02,ILI incidence,2026-09-13,3,MT,quantile,0.1,2919.3368294801076
2026-09-02,ILI incidence,2026-09-13,3,MT,quantile,0.35,3793.0977999086135
2026-09-02,ILI incidence,2026-09-13,3,MT,quantile,0.2,3340.467535083324
2026-09-02,ILI incidence,2026-09-13,3,MT,quantile,0.05,2641.436571687661
2026-09-02,ILI incidence,2026-09-13,3,MT,quantile,0.01,2173.727243495101
2026-09-02,ILI incidence,2026-09-13,3,MT,quantile,0.4,3951.6149605496967
2026-09-02,ILI incidence,2026-09-13,3,MT,quantile,0.025,2407.037051522846
2026-09-02,ILI incidence,2026-09-13,3,MT,quantile,0.5,4251.981951566191
2026-09-02,ILI incidence,2026-09-13,3,MT,quantile,0.45,4089.8793288153006
2026-09-02,ILI incidence,2026-09-13,3,MT,quantile,0.7,4970.564659455891
2026-09-02,ILI incidence,2026-09-13,3,MT,quantile,0.55,4408.046556392687
2026-09-02,ILI incidence,2026-09-13,3,MT,quantile,0.6,4583.4733844882285
2026-09-02,ILI incidence,2026-09-13,3,MT,quantile,0.65,4760.1503731347175
2026-09-02,ILI incidence,2026-09-13,3,MT,quantile,0.75,5191.881150015772
2026-09-02,ILI incidence,2026-09-13,3,MT,quantile,0.99,8385.75684813278
2026-09-02,ILI incidence,2026-09-13,3,MT,quantile,0.9,6200.125172074832
2026-09-02,ILI incidence,2026-09-13,3,MT,quantile,0.975,7535.792062781859
2026-09-02,ILI incidence,2026-09-13,3,MT,quantile,0.85,5758.587922044591
2026-09-02,ILI incidence,2026-09-13,3,MT,quantile,0.8,5452.499871055075
2026-09-02,ILI incidence,2026-09-13,3,MT,quantile,0.95,6893.425244796225
2026-09-02,ILI incidence,2026-09-13,3,MT,median,NA,4251.981951566191
2026-09-02,ILI incidence,2026-09-20,4,MT,quantile,0.8,5350.098843418848
2026-09-02,ILI incidence,2026-09-20,4,MT,quantile,0.7,4669.619008203146
2026-09-02,ILI incidence,2026-09-20,4,MT,quantile,0.75,4976.697696737655
2026-09-02,ILI incidence,2026-09-20,4,MT,quantile,0.85,5838.970557178963
2026-09-02,ILI incidence,2026-09-20,4,MT,quantile,0.975,8966.865478819062
2026-09-02,ILI incidence,2026-09-20,4,MT,quantile,0.4,3330.482764861519
2026-09-02,ILI incidence,2026-09-20,4,MT,quantile,0.5,3702.523920193873
2026-09-02,ILI incidence,2026-09-20,4,MT,quantile,0.99,10420.460334887452
2026-09-02,ILI incidence,2026-09-20,4,MT,quantile,0.95,7748.39818383684
2026-09-02,ILI incidence,2026-09-20,4,MT,quantile,0.55,3918.627326303016
2026-09-02,ILI incidence,2026-09-20,4,MT,quantile,0.9,6541.7269469950925
2026-09-02,ILI incidence,2026-09-20,4,MT,quantile,0.65,4394.93198706502
2026-09-02,ILI incidence,2026-09-20,4,MT,quantile,0.6,4142.678780316246
2026-09-02,ILI incidence,2026-09-20,4,MT,quantile,0.35,3139.379495798131
2026-09-02,ILI incidence,2026-09-20,4,MT,quantile,0.45,3505.1205532457907
2026-09-02,ILI incidence,2026-09-20,4,MT,quantile,0.3,2960.0224733439836
2026-09-02,ILI incidence,2026-09-20,4,MT,quantile,0.1,2115.8739201837275
2026-09-02,ILI incidence,2026-09-20,4,MT,quantile,0.15,2358.9390250539136
2026-09-02,ILI incidence,2026-09-20,4,MT,quantile,0.2,2567.933109116876
2026-09-02,ILI incidence,2026-09-20,4,MT,quantile,0.25,2777.915880378614
2026-09-02,ILI incidence,2026-09-20,4,MT,quantile,0.05,1813.8226027107048
2026-09-02,ILI incidence,2026-09-20,4,MT,quantile,0.025,1583.4806934509722
2026-09-02,ILI incidence,2026-09-20,4,MT,quantile,0.01,1352.4380277210555
2026-09-02,ILI incidence,2026-09-20,4,MT,median,NA,3702.523920193873
2026-09-02,ILI incidence,2026-08-30,1,NO,quantile,0.15,6.2517052361594905
2026-09-02,ILI incidence,2026-08-30,1,NO,quantile,0.05,5.6720262265729975
2026-09-02,ILI incidence,2026-08-30,1,NO,quantile,0.1,6.008558397317093
2026-09-02,ILI incidence,2026-08-30,1,NO,quantile,0.01,5.0461087270460245
2026-09-02,ILI incidence,2026-08-30,1,NO,quantile,0.025,5.393516479542302
2026-09-02,ILI incidence,2026-08-30,1,NO,quantile,0.2,6.47847952973956
2026-09-02,ILI incidence,2026-08-30,1,NO,quantile,0.25,6.652678403751114
2026-09-02,ILI incidence,2026-08-30,1,NO,quantile,0.3,6.813779027547264
2026-09-02,ILI incidence,2026-08-30,1,NO,quantile,0.35,6.972842710862054
2026-09-02,ILI incidence,2026-08-30,1,NO,quantile,0.65,7.924003537727893
2026-09-02,ILI incidence,2026-08-30,1,NO,quantile,0.55,7.605208277795665
2026-09-02,ILI incidence,2026-08-30,1,NO,quantile,0.45,7.288940704722472
2026-09-02,ILI incidence,2026-08-30,1,NO,quantile,0.4,7.137730746787721
2026-09-02,ILI incidence,2026-08-30,1,NO,quantile,0.5,7.448940750330102
2026-09-02,ILI incidence,2026-08-30,1,NO,quantile,0.6,7.761478988066061
2026-09-02,ILI incidence,2026-08-30,1,NO,quantile,0.85,8.839512853822983
2026-09-02,ILI incidence,2026-08-30,1,NO,quantile,0.99,11.039373606200618
2026-09-02,ILI incidence,2026-08-30,1,NO,quantile,0.8,8.554349625011278
2026-09-02,ILI incidence,2026-08-30,1,NO,quantile,0.7,8.112175975812239
2026-09-02,ILI incidence,2026-08-30,1,NO,quantile,0.975,10.347758119500936
2026-09-02,ILI incidence,2026-08-30,1,NO,quantile,0.75,8.31610420062661
2026-09-02,ILI incidence,2026-08-30,1,NO,quantile,0.95,9.801716644590147
2026-09-02,ILI incidence,2026-08-30,1,NO,quantile,0.9,9.204016290423295
2026-09-02,ILI incidence,2026-08-30,1,NO,median,NA,7.448940750330102
2026-09-02,ILI incidence,2026-09-06,2,NO,quantile,0.01,4.202523061159653
2026-09-02,ILI incidence,2026-09-06,2,NO,quantile,0.99,14.438802452214391
2026-09-02,ILI incidence,2026-09-06,2,NO,quantile,0.975,13.154484078478673
2026-09-02,ILI incidence,2026-09-06,2,NO,quantile,0.8,9.757221487054707
2026-09-02,ILI incidence,2026-09-06,2,NO,quantile,0.85,10.252922975903452
2026-09-02,ILI incidence,2026-09-06,2,NO,quantile,0.05,5.1091609967221405
2026-09-02,ILI incidence,2026-09-06,2,NO,quantile,0.15,5.981150689827164
2026-09-02,ILI incidence,2026-09-06,2,NO,quantile,0.9,10.953283386508364
2026-09-02,ILI incidence,2026-09-06,2,NO,quantile,0.75,9.345809971597092
2026-09-02,ILI incidence,2026-09-06,2,NO,quantile,0.4,7.326201500383519
2026-09-02,ILI incidence,2026-09-06,2,NO,quantile,0.65,8.68212590096573
2026-09-02,ILI incidence,2026-09-06,2,NO,quantile,0.7,8.986341893260658
2026-09-02,ILI incidence,2026-09-06,2,NO,quantile,0.6,8.373354393713074
2026-09-02,ILI incidence,2026-09-06,2,NO,quantile,0.45,7.578788113321568
2026-09-02,ILI incidence,2026-09-06,2,NO,quantile,0.95,12.098727138149876
2026-09-02,ILI incidence,2026-09-06,2,NO,quantile,0.5,7.821325252145127
2026-09-02,ILI incidence,2026-09-06,2,NO,quantile,0.3,6.80933173870096
2026-09-02,ILI incidence,2026-09-06,2,NO,quantile,0.55,8.090218857888946
2026-09-02,ILI incidence,2026-09-06,2,NO,quantile,0.025,4.6575951680346055
2026-09-02,ILI incidence,2026-09-06,2,NO,quantile,0.25,6.548341832219842
2026-09-02,ILI incidence,2026-09-06,2,NO,quantile,0.1,5.624056838471489
2026-09-02,ILI incidence,2026-09-06,2,NO,quantile,0.35,7.077973477535991
2026-09-02,ILI incidence,2026-09-06,2,NO,quantile,0.2,6.283760079325388
2026-09-02,ILI incidence,2026-09-06,2,NO,median,NA,7.821325252145127
2026-09-02,ILI incidence,2026-09-13,3,NO,quantile,0.99,10.837881312766864
2026-09-02,ILI incidence,2026-09-13,3,NO,quantile,0.975,10.457330119755506
2026-09-02,ILI incidence,2026-09-13,3,NO,quantile,0.95,10.152596280103564
2026-09-02,ILI incidence,2026-09-13,3,NO,quantile,0.9,9.850198293993015
2026-09-02,ILI incidence,2026-09-13,3,NO,quantile,0.85,9.653601901371918
2026-09-02,ILI incidence,2026-09-13,3,NO,quantile,0.8,9.49891133623118
2026-09-02,ILI incidence,2026-09-13,3,NO,quantile,0.75,9.369092876470916
2026-09-02,ILI incidence,2026-09-13,3,NO,quantile,0.7,9.25643020357851
2026-09-02,ILI incidence,2026-09-13,3,NO,quantile,0.5,8.849710251348833
2026-09-02,ILI incidence,2026-09-13,3,NO,quantile,0.45,8.752021176088213
2026-09-02,ILI incidence,2026-09-13,3,NO,quantile,0.55,8.941762316531918
2026-09-02,ILI incidence,2026-09-13,3,NO,quantile,0.6,9.038059853228082
2026-09-02,ILI incidence,2026-09-13,3,NO,quantile,0.65,9.136700886574024
2026-09-02,ILI incidence,2026-09-13,3,NO,quantile,0.4,8.658894089750616
2026-09-02,ILI incidence,2026-09-13,3,NO,quantile,0.35,8.568565562609171
2026-09-02,ILI incidence,2026-09-13,3,NO,quantile,0.2,8.229877203178361
2026-09-02,ILI incidence,2026-09-13,3,NO,quantile,0.1,7.9319148675844096
2026-09-02,ILI incidence,2026-09-13,3,NO,quantile,0.01,7.27121128600343
2026-09-02,ILI incidence,2026-09-13,3,NO,quantile,0.25,8.350905541194841
2026-09-02,ILI incidence,2026-09-13,3,NO,quantile,0.15,8.09605476975011
2026-09-02,ILI incidence,2026-09-13,3,NO,quantile,0.025,7.49756390097424
2026-09-02,ILI incidence,2026-09-13,3,NO,quantile,0.3,8.4612724208465
2026-09-02,ILI incidence,2026-09-13,3,NO,quantile,0.05,7.694132334062791
2026-09-02,ILI incidence,2026-09-13,3,NO,median,NA,8.849710251348833
2026-09-02,ILI incidence,2026-09-20,4,NO,quantile,0.8,9.086359819689124
2026-09-02,ILI incidence,2026-09-20,4,NO,quantile,0.65,8.94094811436081
2026-09-02,ILI incidence,2026-09-20,4,NO,quantile,0.7,8.986270334860343
2026-09-02,ILI incidence,2026-09-20,4,NO,quantile,0.75,9.033818338041325
2026-09-02,ILI incidence,2026-09-20,4,NO,quantile,0.6,8.900245243610192
2026-09-02,ILI incidence,2026-09-20,4,NO,quantile,0.85,9.149209055892936
2026-09-02,ILI incidence,2026-09-20,4,NO,quantile,0.9,9.226455218750791
2026-09-02,ILI incidence,2026-09-20,4,NO,quantile,0.95,9.339450172383188
2026-09-02,ILI incidence,2026-09-20,4,NO,quantile,0.975,9.449883724941111
2026-09-02,ILI incidence,2026-09-20,4,NO,quantile,0.99,9.567401171973373
2026-09-02,ILI incidence,2026-09-20,4,NO,quantile,0.5,8.81894489510983
2026-09-02,ILI incidence,2026-09-20,4,NO,quantile,0.55,8.858101039129762
2026-09-02,ILI incidence,2026-09-20,4,NO,quantile,0.1,8.432489225835669
2026-09-02,ILI incidence,2026-09-20,4,NO,quantile,0.45,8.777542780511896
2026-09-02,ILI incidence,2026-09-20,4,NO,quantile,0.05,8.3288462148219935
2026-09-02,ILI incidence,2026-09-20,4,NO,quantile,0.4,8.737575494062646
2026-09-02,ILI incidence,2026-09-20,4,NO,quantile,0.025,8.250130286405707
2026-09-02,ILI incidence,2026-09-20,4,NO,quantile,0.01,8.157563821702329
2026-09-02,ILI incidence,2026-09-20,4,NO,quantile,0.3,8.655055792634883
2026-09-02,ILI incidence,2026-09-20,4,NO,quantile,0.15,8.504199977108257
2026-09-02,ILI incidence,2026-09-20,4,NO,quantile,0.2,8.56370756116353
2026-09-02,ILI incidence,2026-09-20,4,NO,quantile,0.25,8.612107420782792
2026-09-02,ILI incidence,2026-09-20,4,NO,quantile,0.35,8.698272312817615
2026-09-02,ILI incidence,2026-09-20,4,NO,median,NA,8.81894489510983
2026-09-02,ARI incidence,2026-08-30,1,BE,quantile,0.7,254.88739322188485
2026-09-02,ARI incidence,2026-08-30,1,BE,quantile,0.65,250.41989482607275
2026-09-02,ARI incidence,2026-08-30,1,BE,quantile,0.45,234.3865215158384
2026-09-02,ARI incidence,2026-08-30,1,BE,quantile,0.5,238.02042818296863
2026-09-02,ARI incidence,2026-08-30,1,BE,quantile,0.6,246.13539148303175
2026-09-02,ARI incidence,2026-08-30,1,BE,quantile,0.55,242.0647825271648
2026-09-02,ARI incidence,2026-08-30,1,BE,quantile,0.4,230.79114087009208
2026-09-02,ARI incidence,2026-08-30,1,BE,quantile,0.75,259.58893462677423
2026-09-02,ARI incidence,2026-08-30,1,BE,quantile,0.3,223.13189706790592
2026-09-02,ARI incidence,2026-08-30,1,BE,quantile,0.05,194.3490584912968
2026-09-02,ARI incidence,2026-08-30,1,BE,quantile,0.01,178.58943496964372
2026-09-02,ARI incidence,2026-08-30,1,BE,quantile,0.8,265.35542046156297
2026-09-02,ARI incidence,2026-08-30,1,BE,quantile,0.85,271.9815664103852
2026-09-02,ARI incidence,2026-08-30,1,BE,quantile,0.25,219.0784674335692
2026-09-02,ARI incidence,2026-08-30,1,BE,quantile,0.025,186.56717562773508
2026-09-02,ARI incidence,2026-08-30,1,BE,quantile,0.15,209.6852413555849
2026-09-02,ARI incidence,2026-08-30,1,BE,quantile,0.2,214.62544010838417
2026-09-02,ARI incidence,2026-08-30,1,BE,quantile,0.35,227.00854851912376
2026-09-02,ARI incidence,2026-08-30,1,BE,quantile,0.1,203.0238966048274
2026-09-02,ARI incidence,2026-08-30,1,BE,quantile,0.9,280.9274233290509
2026-09-02,ARI incidence,2026-08-30,1,BE,quantile,0.95,294.65678926225144
2026-09-02,ARI incidence,2026-08-30,1,BE,quantile,0.99,319.8158547241622
2026-09-02,ARI incidence,2026-08-30,1,BE,quantile,0.975,306.13240853756656
2026-09-02,ARI incidence,2026-08-30,1,BE,median,NA,238.02042818296863
2026-09-02,ARI incidence,2026-09-06,2,BE,quantile,0.99,258.3179696523748
2026-09-02,ARI incidence,2026-09-06,2,BE,quantile,0.95,248.76605789795147
2026-09-02,ARI incidence,2026-09-06,2,BE,quantile,0.85,240.26720114019855
2026-09-02,ARI incidence,2026-09-06,2,BE,quantile,0.975,253.85083453863945
2026-09-02,ARI incidence,2026-09-06,2,BE,quantile,0.9,243.8627593095745
2026-09-02,ARI incidence,2026-09-06,2,BE,quantile,0.8,237.3256448403165
2026-09-02,ARI incidence,2026-09-06,2,BE,quantile,0.75,235.12429951857575
2026-09-02,ARI incidence,2026-09-06,2,BE,quantile,0.65,231.1467124230847
2026-09-02,ARI incidence,2026-09-06,2,BE,quantile,0.05,206.15584611289557
2026-09-02,ARI incidence,2026-09-06,2,BE,quantile,0.01,198.52496426534796
2026-09-02,ARI incidence,2026-09-06,2,BE,quantile,0.025,202.5619805471117
2026-09-02,ARI incidence,2026-09-06,2,BE,quantile,0.7,233.09648579458593
2026-09-02,ARI incidence,2026-09-06,2,BE,quantile,0.1,210.35016164787535
2026-09-02,ARI incidence,2026-09-06,2,BE,quantile,0.6,229.44231665557336
2026-09-02,ARI incidence,2026-09-06,2,BE,quantile,0.55,227.83263688987583
2026-09-02,ARI incidence,2026-09-06,2,BE,quantile,0.15,213.39421412119836
2026-09-02,ARI incidence,2026-09-06,2,BE,quantile,0.35,221.4870570757569
2026-09-02,ARI incidence,2026-09-06,2,BE,quantile,0.4,222.96159755797785
2026-09-02,ARI incidence,2026-09-06,2,BE,quantile,0.45,224.63920413852225
2026-09-02,ARI incidence,2026-09-06,2,BE,quantile,0.2,215.8715290834828
2026-09-02,ARI incidence,2026-09-06,2,BE,quantile,0.3,219.69512480401707
2026-09-02,ARI incidence,2026-09-06,2,BE,quantile,0.5,226.2759443537986
2026-09-02,ARI incidence,2026-09-06,2,BE,quantile,0.25,217.89475778879455
2026-09-02,ARI incidence,2026-09-06,2,BE,median,NA,226.2759443537986
2026-09-02,ARI incidence,2026-09-13,3,BE,quantile,0.01,146.21819960262485
2026-09-02,ARI incidence,2026-09-13,3,BE,quantile,0.25,228.09092943950156
2026-09-02,ARI incidence,2026-09-13,3,BE,quantile,0.1,192.7624181926552
2026-09-02,ARI incidence,2026-09-13,3,BE,quantile,0.2,217.6896759753588
2026-09-02,ARI incidence,2026-09-13,3,BE,quantile,0.15,206.55287725623032
2026-09-02,ARI incidence,2026-09-13,3,BE,quantile,0.025,160.98835508750756
2026-09-02,ARI incidence,2026-09-13,3,BE,quantile,0.05,175.1339134915952
2026-09-02,ARI incidence,2026-09-13,3,BE,quantile,0.55,285.0928904131353
2026-09-02,ARI incidence,2026-09-13,3,BE,quantile,0.6,295.89409002735124
2026-09-02,ARI incidence,2026-09-13,3,BE,quantile,0.3,237.82184988217784
2026-09-02,ARI incidence,2026-09-13,3,BE,quantile,0.35,247.039596595044
2026-09-02,ARI incidence,2026-09-13,3,BE,quantile,0.65,306.93128511189605
2026-09-02,ARI incidence,2026-09-13,3,BE,quantile,0.4,256.4955209023368
2026-09-02,ARI incidence,2026-09-13,3,BE,quantile,0.5,275.70690831167536
2026-09-02,ARI incidence,2026-09-13,3,BE,quantile,0.99,524.6099590702818
2026-09-02,ARI incidence,2026-09-13,3,BE,quantile,0.45,266.15363397282636
2026-09-02,ARI incidence,2026-09-13,3,BE,quantile,0.9,389.38484512207856
2026-09-02,ARI incidence,2026-09-13,3,BE,quantile,0.8,346.76850160571763
2026-09-02,ARI incidence,2026-09-13,3,BE,quantile,0.85,363.7562875713032
2026-09-02,ARI incidence,2026-09-13,3,BE,quantile,0.975,472.0668463555136
2026-09-02,ARI incidence,2026-09-13,3,BE,quantile,0.7,319.3051422723506
2026-09-02,ARI incidence,2026-09-13,3,BE,quantile,0.95,432.84436292673166
2026-09-02,ARI incidence,2026-09-13,3,BE,quantile,0.75,331.85919236791483
2026-09-02,ARI incidence,2026-09-13,3,BE,median,NA,275.70690831167536
2026-09-02,ARI incidence,2026-09-20,4,BE,quantile,0.01,133.40706831101855
2026-09-02,ARI incidence,2026-09-20,4,BE,quantile,0.05,160.89593584999162
2026-09-02,ARI incidence,2026-09-20,4,BE,quantile,0.025,147.173816374428
2026-09-02,ARI incidence,2026-09-20,4,BE,quantile,0.1,177.40139353141203
2026-09-02,ARI incidence,2026-09-20,4,BE,quantile,0.15,188.45084874503573
2026-09-02,ARI incidence,2026-09-20,4,BE,quantile,0.25,205.84671677599687
2026-09-02,ARI incidence,2026-09-20,4,BE,quantile,0.2,197.70244824201632
2026-09-02,ARI incidence,2026-09-20,4,BE,quantile,0.55,253.52667423799585
2026-09-02,ARI incidence,2026-09-20,4,BE,quantile,0.6,261.3800298582627
2026-09-02,ARI incidence,2026-09-20,4,BE,quantile,0.5,245.21032782125155
2026-09-02,ARI incidence,2026-09-20,4,BE,quantile,0.35,221.42991451262495
2026-09-02,ARI incidence,2026-09-20,4,BE,quantile,0.3,213.51523826085173
2026-09-02,ARI incidence,2026-09-20,4,BE,quantile,0.4,229.2278550640547
2026-09-02,ARI incidence,2026-09-20,4,BE,quantile,0.7,279.04267146964884
2026-09-02,ARI incidence,2026-09-20,4,BE,quantile,0.65,270.14829633714385
2026-09-02,ARI incidence,2026-09-20,4,BE,quantile,0.45,237.1234919669075
2026-09-02,ARI incidence,2026-09-20,4,BE,quantile,0.99,444.04056259603743
2026-09-02,ARI incidence,2026-09-20,4,BE,quantile,0.95,369.358857251121
2026-09-02,ARI incidence,2026-09-20,4,BE,quantile,0.975,403.4495352484915
2026-09-02,ARI incidence,2026-09-20,4,BE,quantile,0.9,337.48314796274525
2026-09-02,ARI incidence,2026-09-20,4,BE,quantile,0.85,316.46980348806056
2026-09-02,ARI incidence,2026-09-20,4,BE,quantile,0.8,301.54849001109653
2026-09-02,ARI incidence,2026-09-20,4,BE,quantile,0.75,289.6303288777889
2026-09-02,ARI incidence,2026-09-20,4,BE,median,NA,245.21032782125155
2026-09-02,ARI incidence,2026-08-30,1,BG,quantile,0.1,152.75032166389065
2026-09-02,ARI incidence,2026-08-30,1,BG,quantile,0.05,145.83125598255194
2026-09-02,ARI incidence,2026-08-30,1,BG,quantile,0.01,133.6539941764019
2026-09-02,ARI incidence,2026-08-30,1,BG,quantile,0.025,139.74936955638574
2026-09-02,ARI incidence,2026-08-30,1,BG,quantile,0.15,158.0217402569397
2026-09-02,ARI incidence,2026-08-30,1,BG,quantile,0.2,162.20240984805218
2026-09-02,ARI incidence,2026-08-30,1,BG,quantile,0.7,194.22163364333565
2026-09-02,ARI incidence,2026-08-30,1,BG,quantile,0.75,198.33452987783923
2026-09-02,ARI incidence,2026-08-30,1,BG,quantile,0.8,202.8630574450679
2026-09-02,ARI incidence,2026-08-30,1,BG,quantile,0.65,190.76866411726652
2026-09-02,ARI incidence,2026-08-30,1,BG,quantile,0.4,175.81770893241654
2026-09-02,ARI incidence,2026-08-30,1,BG,quantile,0.45,178.77483757116414
2026-09-02,ARI incidence,2026-08-30,1,BG,quantile,0.35,172.7671670530632
2026-09-02,ARI incidence,2026-08-30,1,BG,quantile,0.25,166.17083824051275
2026-09-02,ARI incidence,2026-08-30,1,BG,quantile,0.3,169.5415096989188
2026-09-02,ARI incidence,2026-08-30,1,BG,quantile,0.6,187.6623556088256
2026-09-02,ARI incidence,2026-08-30,1,BG,quantile,0.85,208.4909805239115
2026-09-02,ARI incidence,2026-08-30,1,BG,quantile,0.9,215.3693423057425
2026-09-02,ARI incidence,2026-08-30,1,BG,quantile,0.5,181.7722047312824
2026-09-02,ARI incidence,2026-08-30,1,BG,quantile,0.55,184.7140074684795
2026-09-02,ARI incidence,2026-08-30,1,BG,quantile,0.975,235.41463146322033
2026-09-02,ARI incidence,2026-08-30,1,BG,quantile,0.95,225.60515299080637
2026-09-02,ARI incidence,2026-08-30,1,BG,quantile,0.99,246.95051416554335
2026-09-02,ARI incidence,2026-08-30,1,BG,median,NA,181.7722047312824
2026-09-02,ARI incidence,2026-09-06,2,BG,quantile,0.01,151.0798210983536
2026-09-02,ARI incidence,2026-09-06,2,BG,quantile,0.2,205.30060605591143
2026-09-02,ARI incidence,2026-09-06,2,BG,quantile,0.25,212.8030496458456
2026-09-02,ARI incidence,2026-09-06,2,BG,quantile,0.15,197.388683389586
2026-09-02,ARI incidence,2026-09-06,2,BG,quantile,0.65,267.33616345355097
2026-09-02,ARI incidence,2026-09-06,2,BG,quantile,0.1,187.6285273246977
2026-09-02,ARI incidence,2026-09-06,2,BG,quantile,0.05,174.12663909518173
2026-09-02,ARI incidence,2026-09-06,2,BG,quantile,0.6,259.7723964997914
2026-09-02,ARI incidence,2026-09-06,2,BG,quantile,0.025,162.95127908487484
2026-09-02,ARI incidence,2026-09-06,2,BG,quantile,0.55,252.93367518938015
2026-09-02,ARI incidence,2026-09-06,2,BG,quantile,0.3,219.82577728476411
2026-09-02,ARI incidence,2026-09-06,2,BG,quantile,0.5,246.69628934332871
2026-09-02,ARI incidence,2026-09-06,2,BG,quantile,0.7,275.9319000379342
2026-09-02,ARI incidence,2026-09-06,2,BG,quantile,0.45,239.7150375211676
2026-09-02,ARI incidence,2026-09-06,2,BG,quantile,0.35,226.29323493880207
2026-09-02,ARI incidence,2026-09-06,2,BG,quantile,0.4,233.00846740954273
2026-09-02,ARI incidence,2026-09-06,2,BG,quantile,0.975,372.4272023427569
2026-09-02,ARI incidence,2026-09-06,2,BG,quantile,0.8,294.1365210006227
2026-09-02,ARI incidence,2026-09-06,2,BG,quantile,0.75,284.30705924287327
2026-09-02,ARI incidence,2026-09-06,2,BG,quantile,0.95,346.5331370067224
2026-09-02,ARI incidence,2026-09-06,2,BG,quantile,0.9,322.6382452565818
2026-09-02,ARI incidence,2026-09-06,2,BG,quantile,0.99,400.2648027834125
2026-09-02,ARI incidence,2026-09-06,2,BG,quantile,0.85,305.93491401176016
2026-09-02,ARI incidence,2026-09-06,2,BG,median,NA,246.69628934332871
2026-09-02,ARI incidence,2026-09-13,3,BG,quantile,0.975,227.91785454018833
2026-09-02,ARI incidence,2026-09-13,3,BG,quantile,0.35,173.54041645536057
2026-09-02,ARI incidence,2026-09-13,3,BG,quantile,0.4,176.33673603484152
2026-09-02,ARI incidence,2026-09-13,3,BG,quantile,0.45,178.80765402181189
2026-09-02,ARI incidence,2026-09-13,3,BG,quantile,0.85,204.3119712700583
2026-09-02,ARI incidence,2026-09-13,3,BG,quantile,0.99,237.478399089848
2026-09-02,ARI incidence,2026-09-13,3,BG,quantile,0.3,170.8636487453939
2026-09-02,ARI incidence,2026-09-13,3,BG,quantile,0.5,181.16595088837897
2026-09-02,ARI incidence,2026-09-13,3,BG,quantile,0.55,183.9586654926885
2026-09-02,ARI incidence,2026-09-13,3,BG,quantile,0.6,186.64817511650173
2026-09-02,ARI incidence,2026-09-13,3,BG,quantile,0.8,199.69305455574292
2026-09-02,ARI incidence,2026-09-13,3,BG,quantile,0.9,210.19467713418476
2026-09-02,ARI incidence,2026-09-13,3,BG,quantile,0.2,164.59415454604198
2026-09-02,ARI incidence,2026-09-13,3,BG,quantile,0.15,160.72849787836458
2026-09-02,ARI incidence,2026-09-13,3,BG,quantile,0.1,156.4972677847561
2026-09-02,ARI incidence,2026-09-13,3,BG,quantile,0.01,138.63186653605675
2026-09-02,ARI incidence,2026-09-13,3,BG,quantile,0.7,192.6965015389693
2026-09-02,ARI incidence,2026-09-13,3,BG,quantile,0.95,219.44926617564832
2026-09-02,ARI incidence,2026-09-13,3,BG,quantile,0.25,167.91020107843119
2026-09-02,ARI incidence,2026-09-13,3,BG,quantile,0.05,149.94509026944334
2026-09-02,ARI incidence,2026-09-13,3,BG,quantile,0.025,144.71843880009618
2026-09-02,ARI incidence,2026-09-13,3,BG,quantile,0.65,189.47961792117013
2026-09-02,ARI incidence,2026-09-13,3,BG,quantile,0.75,195.96779028639816
2026-09-02,ARI incidence,2026-09-13,3,BG,median,NA,181.16595088837897
2026-09-02,ARI incidence,2026-09-20,4,BG,quantile,0.45,198.25344864935676
2026-09-02,ARI incidence,2026-09-20,4,BG,quantile,0.5,200.58662250104635
2026-09-02,ARI incidence,2026-09-20,4,BG,quantile,0.25,188.22692604531235
2026-09-02,ARI incidence,2026-09-20,4,BG,quantile,0.2,185.26437185204657
2026-09-02,ARI incidence,2026-09-20,4,BG,quantile,0.4,195.87948213960544
2026-09-02,ARI incidence,2026-09-20,4,BG,quantile,0.3,190.91278312608543
2026-09-02,ARI incidence,2026-09-20,4,BG,quantile,0.025,167.69670323111134
2026-09-02,ARI incidence,2026-09-20,4,BG,quantile,0.55,203.07432750139048
2026-09-02,ARI incidence,2026-09-20,4,BG,quantile,0.1,177.73145666892188
2026-09-02,ARI incidence,2026-09-20,4,BG,quantile,0.15,181.9832924194453
2026-09-02,ARI incidence,2026-09-20,4,BG,quantile,0.35,193.32838345728825
2026-09-02,ARI incidence,2026-09-20,4,BG,quantile,0.7,211.04642768875848
2026-09-02,ARI incidence,2026-09-20,4,BG,quantile,0.75,213.9268898568
2026-09-02,ARI incidence,2026-09-20,4,BG,quantile,0.05,172.3202611206909
2026-09-02,ARI incidence,2026-09-20,4,BG,quantile,0.01,161.93364975464434
2026-09-02,ARI incidence,2026-09-20,4,BG,quantile,0.6,205.46334766422683
2026-09-02,ARI incidence,2026-09-20,4,BG,quantile,0.65,208.13375550821544
2026-09-02,ARI incidence,2026-09-20,4,BG,quantile,0.8,217.5798456488047
2026-09-02,ARI incidence,2026-09-20,4,BG,quantile,0.975,242.25605947065824
2026-09-02,ARI incidence,2026-09-20,4,BG,quantile,0.9,226.8590478853667
2026-09-02,ARI incidence,2026-09-20,4,BG,quantile,0.99,251.6804041741624
2026-09-02,ARI incidence,2026-09-20,4,BG,quantile,0.95,235.0651202392767
2026-09-02,ARI incidence,2026-09-20,4,BG,quantile,0.85,221.610977333822
2026-09-02,ARI incidence,2026-09-20,4,BG,median,NA,200.58662250104635
2026-09-02,ARI incidence,2026-08-30,1,DE,quantile,0.55,547.4446739917894
2026-09-02,ARI incidence,2026-08-30,1,DE,quantile,0.6,554.97659286946
2026-09-02,ARI incidence,2026-08-30,1,DE,quantile,0.15,487.739505455554
2026-09-02,ARI incidence,2026-08-30,1,DE,quantile,0.2,497.592912072696
2026-09-02,ARI incidence,2026-08-30,1,DE,quantile,0.25,505.9610402940378
2026-09-02,ARI incidence,2026-08-30,1,DE,quantile,0.05,459.66033710998494
2026-09-02,ARI incidence,2026-08-30,1,DE,quantile,0.5,540.6565911369485
2026-09-02,ARI incidence,2026-08-30,1,DE,quantile,0.65,561.9312927105259
2026-09-02,ARI incidence,2026-08-30,1,DE,quantile,0.7,569.9531700600105
2026-09-02,ARI incidence,2026-08-30,1,DE,quantile,0.1,475.6547962550433
2026-09-02,ARI incidence,2026-08-30,1,DE,quantile,0.3,512.7132682421114
2026-09-02,ARI incidence,2026-08-30,1,DE,quantile,0.35,519.7629501294123
2026-09-02,ARI incidence,2026-08-30,1,DE,quantile,0.4,526.9550475047661
2026-09-02,ARI incidence,2026-08-30,1,DE,quantile,0.45,533.7939514305095
2026-09-02,ARI incidence,2026-08-30,1,DE,quantile,0.99,679.71218901079
2026-09-02,ARI incidence,2026-08-30,1,DE,quantile,0.01,429.91115531547473
2026-09-02,ARI incidence,2026-08-30,1,DE,quantile,0.8,588.1425627486211
2026-09-02,ARI incidence,2026-08-30,1,DE,quantile,0.75,578.5212363710277
2026-09-02,ARI incidence,2026-08-30,1,DE,quantile,0.85,598.5983510997019
2026-09-02,ARI incidence,2026-08-30,1,DE,quantile,0.975,657.8679510725217
2026-09-02,ARI incidence,2026-08-30,1,DE,quantile,0.025,445.4841028334027
2026-09-02,ARI incidence,2026-08-30,1,DE,quantile,0.9,612.3662844398283
2026-09-02,ARI incidence,2026-08-30,1,DE,quantile,0.95,636.5915813038038
2026-09-02,ARI incidence,2026-08-30,1,DE,median,NA,540.6565911369485
2026-09-02,ARI incidence,2026-09-06,2,DE,quantile,0.01,482.1011133526635
2026-09-02,ARI incidence,2026-09-06,2,DE,quantile,0.85,638.2282165273649
2026-09-02,ARI incidence,2026-09-06,2,DE,quantile,0.9,650.9628479480892
2026-09-02,ARI incidence,2026-09-06,2,DE,quantile,0.95,671.520187353724
2026-09-02,ARI incidence,2026-09-06,2,DE,quantile,0.975,690.1002007757908
2026-09-02,ARI incidence,2026-09-06,2,DE,quantile,0.35,565.7356793351827
2026-09-02,ARI incidence,2026-09-06,2,DE,quantile,0.8,628.0631882655692
2026-09-02,ARI incidence,2026-09-06,2,DE,quantile,0.4,571.9067227308653
2026-09-02,ARI incidence,2026-09-06,2,DE,quantile,0.45,578.3579350977429
2026-09-02,ARI incidence,2026-09-06,2,DE,quantile,0.55,591.2498050940183
2026-09-02,ARI incidence,2026-09-06,2,DE,quantile,0.65,604.3182731079987
2026-09-02,ARI incidence,2026-09-06,2,DE,quantile,0.7,611.675844790324
2026-09-02,ARI incidence,2026-09-06,2,DE,quantile,0.99,713.1240707860097
2026-09-02,ARI incidence,2026-09-06,2,DE,quantile,0.1,523.6892335945197
2026-09-02,ARI incidence,2026-09-06,2,DE,quantile,0.025,495.1468533237033
2026-09-02,ARI incidence,2026-09-06,2,DE,quantile,0.5,585.1394586768567
2026-09-02,ARI incidence,2026-09-06,2,DE,quantile,0.75,619.6878057553834
2026-09-02,ARI incidence,2026-09-06,2,DE,quantile,0.3,558.9767128801949
2026-09-02,ARI incidence,2026-09-06,2,DE,quantile,0.6,597.4877871803842
2026-09-02,ARI incidence,2026-09-06,2,DE,quantile,0.05,507.94017688939834
2026-09-02,ARI incidence,2026-09-06,2,DE,quantile,0.25,551.7377609196985
2026-09-02,ARI incidence,2026-09-06,2,DE,quantile,0.15,535.2669432561855
2026-09-02,ARI incidence,2026-09-06,2,DE,quantile,0.2,544.3799920320339
2026-09-02,ARI incidence,2026-09-06,2,DE,median,NA,585.1394586768567
2026-09-02,ARI incidence,2026-09-13,3,DE,quantile,0.7,634.0041466188195
2026-09-02,ARI incidence,2026-09-13,3,DE,quantile,0.6,619.0290155933997
2026-09-02,ARI incidence,2026-09-13,3,DE,quantile,0.45,599.076186984985
2026-09-02,ARI incidence,2026-09-13,3,DE,quantile,0.35,585.295385124482
2026-09-02,ARI incidence,2026-09-13,3,DE,quantile,0.5,605.6045811159943
2026-09-02,ARI incidence,2026-09-13,3,DE,quantile,0.55,612.651497010298
2026-09-02,ARI incidence,2026-09-13,3,DE,quantile,0.85,662.0069815535326
2026-09-02,ARI incidence,2026-09-13,3,DE,quantile,0.01,494.2866357778399
2026-09-02,ARI incidence,2026-09-13,3,DE,quantile,0.65,626.5261233086371
2026-09-02,ARI incidence,2026-09-13,3,DE,quantile,0.025,508.7668688223021
2026-09-02,ARI incidence,2026-09-13,3,DE,quantile,0.8,651.3468580570905
2026-09-02,ARI incidence,2026-09-13,3,DE,quantile,0.1,540.2909657453387
2026-09-02,ARI incidence,2026-09-13,3,DE,quantile,0.99,735.5686826196421
2026-09-02,ARI incidence,2026-09-13,3,DE,quantile,0.25,570.530810776803
2026-09-02,ARI incidence,2026-09-13,3,DE,quantile,0.3,578.2852880309429
2026-09-02,ARI incidence,2026-09-13,3,DE,quantile,0.05,523.7920381480732
2026-09-02,ARI incidence,2026-09-13,3,DE,quantile,0.4,592.2453576415369
2026-09-02,ARI incidence,2026-09-13,3,DE,quantile,0.75,642.1065308808122
2026-09-02,ARI incidence,2026-09-13,3,DE,quantile,0.95,696.4347292979146
2026-09-02,ARI incidence,2026-09-13,3,DE,quantile,0.9,675.6337219459731
2026-09-02,ARI incidence,2026-09-13,3,DE,quantile,0.2,562.02334664647594
2026-09-02,ARI incidence,2026-09-13,3,DE,quantile,0.15,552.2700937389714
2026-09-02,ARI incidence,2026-09-13,3,DE,quantile,0.975,714.0036934948921
2026-09-02,ARI incidence,2026-09-13,3,DE,median,NA,605.6045811159943
2026-09-02,ARI incidence,2026-09-20,4,DE,quantile,0.01,440.79291677516136
2026-09-02,ARI incidence,2026-09-20,4,DE,quantile,0.025,465.0861613956544
2026-09-02,ARI incidence,2026-09-20,4,DE,quantile,0.99,876.9215806316381
2026-09-02,ARI incidence,2026-09-20,4,DE,quantile,0.05,488.81088346782064
2026-09-02,ARI incidence,2026-09-20,4,DE,quantile,0.975,838.6154931542159
2026-09-02,ARI incidence,2026-09-20,4,DE,quantile,0.35,588.286391488478
2026-09-02,ARI incidence,2026-09-20,4,DE,quantile,0.95,800.1579595549042
2026-09-02,ARI incidence,2026-09-20,4,DE,quantile,0.75,691.7614692262954
2026-09-02,ARI incidence,2026-09-20,4,DE,quantile,0.3,576.0246359010031
2026-09-02,ARI incidence,2026-09-20,4,DE,quantile,0.6,649.270404500925
2026-09-02,ARI incidence,2026-09-20,4,DE,quantile,0.8,709.6337053640563
2026-09-02,ARI incidence,2026-09-20,4,DE,quantile,0.7,676.072588487872
2026-09-02,ARI incidence,2026-09-20,4,DE,quantile,0.4,600.4228004934489
2026-09-02,ARI incidence,2026-09-20,4,DE,quantile,0.15,534.5353162326996
2026-09-02,ARI incidence,2026-09-20,4,DE,quantile,0.2,549.8874878590234
2026-09-02,ARI incidence,2026-09-20,4,DE,quantile,0.25,563.880860530448
2026-09-02,ARI incidence,2026-09-20,4,DE,quantile,0.9,758.8078504677794
2026-09-02,ARI incidence,2026-09-20,4,DE,quantile,0.85,731.3070278648715
2026-09-02,ARI incidence,2026-09-20,4,DE,quantile,0.65,661.8239459493323
2026-09-02,ARI incidence,2026-09-20,4,DE,quantile,0.55,636.5460845467676
2026-09-02,ARI incidence,2026-09-20,4,DE,quantile,0.1,515.9704859840112
2026-09-02,ARI incidence,2026-09-20,4,DE,quantile,0.5,624.1494287124624
2026-09-02,ARI incidence,2026-09-20,4,DE,quantile,0.45,612.5296933777497
2026-09-02,ARI incidence,2026-09-20,4,DE,median,NA,624.1494287124624
2026-09-02,ARI incidence,2026-08-30,1,EE,quantile,0.5,144.36253676038282
2026-09-02,ARI incidence,2026-08-30,1,EE,quantile,0.45,127.50181192191806
2026-09-02,ARI incidence,2026-08-30,1,EE,quantile,0.4,112.51228134330792
2026-09-02,ARI incidence,2026-08-30,1,EE,quantile,0.55,162.01947498632563
2026-09-02,ARI incidence,2026-08-30,1,EE,quantile,0.35,98.31979909954909
2026-09-02,ARI incidence,2026-08-30,1,EE,quantile,0.3,86.25258440072439
2026-09-02,ARI incidence,2026-08-30,1,EE,quantile,0.25,73.91610996672365
2026-09-02,ARI incidence,2026-08-30,1,EE,quantile,0.2,61.733916031866826
2026-09-02,ARI incidence,2026-08-30,1,EE,quantile,0.15,50.87685532436443
2026-09-02,ARI incidence,2026-08-30,1,EE,quantile,0.1,39.908657913303955
2026-09-02,ARI incidence,2026-08-30,1,EE,quantile,0.05,28.406349312810597
2026-09-02,ARI incidence,2026-08-30,1,EE,quantile,0.99,1419.866362666631
2026-09-02,ARI incidence,2026-08-30,1,EE,quantile,0.6,184.8489397097273
2026-09-02,ARI incidence,2026-08-30,1,EE,quantile,0.65,210.14837593407452
2026-09-02,ARI incidence,2026-08-30,1,EE,quantile,0.7,240.8144550435628
2026-09-02,ARI incidence,2026-08-30,1,EE,quantile,0.75,279.18590696941203
2026-09-02,ARI incidence,2026-08-30,1,EE,quantile,0.8,330.9244657888474
2026-09-02,ARI incidence,2026-08-30,1,EE,quantile,0.025,20.622899367288746
2026-09-02,ARI incidence,2026-08-30,1,EE,quantile,0.85,399.9032406676978
2026-09-02,ARI incidence,2026-08-30,1,EE,quantile,0.01,14.518309050877988
2026-09-02,ARI incidence,2026-08-30,1,EE,quantile,0.9,506.50314784933647
2026-09-02,ARI incidence,2026-08-30,1,EE,quantile,0.95,722.6246807131831
2026-09-02,ARI incidence,2026-08-30,1,EE,quantile,0.975,991.2261875283538
2026-09-02,ARI incidence,2026-08-30,1,EE,median,NA,144.36253676038282
2026-09-02,ARI incidence,2026-09-06,2,EE,quantile,0.6,109.62111803610824
2026-09-02,ARI incidence,2026-09-06,2,EE,quantile,0.55,106.45740958241092
2026-09-02,ARI incidence,2026-09-06,2,EE,quantile,0.65,113.04646054290193
2026-09-02,ARI incidence,2026-09-06,2,EE,quantile,0.7,116.82352024611652
2026-09-02,ARI incidence,2026-09-06,2,EE,quantile,0.99,176.2717650370719
2026-09-02,ARI incidence,2026-09-06,2,EE,quantile,0.8,125.27163942596016
2026-09-02,ARI incidence,2026-09-06,2,EE,quantile,0.85,131.0618992673717
2026-09-02,ARI incidence,2026-09-06,2,EE,quantile,0.9,138.52891188239136
2026-09-02,ARI incidence,2026-09-06,2,EE,quantile,0.95,150.5596505340182
2026-09-02,ARI incidence,2026-09-06,2,EE,quantile,0.975,161.1204011128375
2026-09-02,ARI incidence,2026-09-06,2,EE,quantile,0.5,103.3208838456246
2026-09-02,ARI incidence,2026-09-06,2,EE,quantile,0.35,94.13089932372114
2026-09-02,ARI incidence,2026-09-06,2,EE,quantile,0.4,97.29730353040742
2026-09-02,ARI incidence,2026-09-06,2,EE,quantile,0.75,120.66707608473834
2026-09-02,ARI incidence,2026-09-06,2,EE,quantile,0.45,100.1731932853974
2026-09-02,ARI incidence,2026-09-06,2,EE,quantile,0.3,91.27467734331464
2026-09-02,ARI incidence,2026-09-06,2,EE,quantile,0.2,84.53510420954136
2026-09-02,ARI incidence,2026-09-06,2,EE,quantile,0.05,69.71599008200651
2026-09-02,ARI incidence,2026-09-06,2,EE,quantile,0.025,65.047120630216
2026-09-02,ARI incidence,2026-09-06,2,EE,quantile,0.1,76.03296342698866
2026-09-02,ARI incidence,2026-09-06,2,EE,quantile,0.01,59.33755405575177
2026-09-02,ARI incidence,2026-09-06,2,EE,quantile,0.25,87.98369891426901
2026-09-02,ARI incidence,2026-09-06,2,EE,quantile,0.15,80.4432142953963
2026-09-02,ARI incidence,2026-09-06,2,EE,median,NA,103.3208838456246
2026-09-02,ARI incidence,2026-09-13,3,EE,quantile,0.025,72.23807210200678
2026-09-02,ARI incidence,2026-09-13,3,EE,quantile,0.15,82.08149670550694
2026-09-02,ARI incidence,2026-09-13,3,EE,quantile,0.01,68.75467329445162
2026-09-02,ARI incidence,2026-09-13,3,EE,quantile,0.1,79.45973308840382
2026-09-02,ARI incidence,2026-09-13,3,EE,quantile,0.05,75.58003654980645
2026-09-02,ARI incidence,2026-09-13,3,EE,quantile,0.6,97.6297950281966
2026-09-02,ARI incidence,2026-09-13,3,EE,quantile,0.35,89.54359603436754
2026-09-02,ARI incidence,2026-09-13,3,EE,quantile,0.3,87.84694343490193
2026-09-02,ARI incidence,2026-09-13,3,EE,quantile,0.4,91.32060090637287
2026-09-02,ARI incidence,2026-09-13,3,EE,quantile,0.55,96.00035351748282
2026-09-02,ARI incidence,2026-09-13,3,EE,quantile,0.45,92.89423852529566
2026-09-02,ARI incidence,2026-09-13,3,EE,quantile,0.5,94.49607830249904
2026-09-02,ARI incidence,2026-09-13,3,EE,quantile,0.25,86.16425074555123
2026-09-02,ARI incidence,2026-09-13,3,EE,quantile,0.99,129.24120366427547
2026-09-02,ARI incidence,2026-09-13,3,EE,quantile,0.2,84.22863156201548
2026-09-02,ARI incidence,2026-09-13,3,EE,quantile,0.975,122.44320530042538
2026-09-02,ARI incidence,2026-09-13,3,EE,quantile,0.75,103.22415831016744
2026-09-02,ARI incidence,2026-09-13,3,EE,quantile,0.95,117.39405085716606
2026-09-02,ARI incidence,2026-09-13,3,EE,quantile,0.65,99.286608920871
2026-09-02,ARI incidence,2026-09-13,3,EE,quantile,0.8,105.4377620791516
2026-09-02,ARI incidence,2026-09-13,3,EE,quantile,0.9,111.92065745776388
2026-09-02,ARI incidence,2026-09-13,3,EE,quantile,0.85,108.1363675380636
2026-09-02,ARI incidence,2026-09-13,3,EE,quantile,0.7,101.15362494420752
2026-09-02,ARI incidence,2026-09-13,3,EE,median,NA,94.49607830249904
2026-09-02,ARI incidence,2026-09-20,4,EE,quantile,0.1,77.4582896693218
2026-09-02,ARI incidence,2026-09-20,4,EE,quantile,0.05,72.59022238249422
2026-09-02,ARI incidence,2026-09-20,4,EE,quantile,0.15,80.60476900412536
2026-09-02,ARI incidence,2026-09-20,4,EE,quantile,0.025,69.00946949462886
2026-09-02,ARI incidence,2026-09-20,4,EE,quantile,0.01,64.89109260070659
2026-09-02,ARI incidence,2026-09-20,4,EE,quantile,0.2,83.1892587568453
2026-09-02,ARI incidence,2026-09-20,4,EE,quantile,0.3,87.58465865225659
2026-09-02,ARI incidence,2026-09-20,4,EE,quantile,0.35,89.52073409124586
2026-09-02,ARI incidence,2026-09-20,4,EE,quantile,0.25,85.48287381422733
2026-09-02,ARI incidence,2026-09-20,4,EE,quantile,0.45,93.59247013587871
2026-09-02,ARI incidence,2026-09-20,4,EE,quantile,0.7,104.06049313239755
2026-09-02,ARI incidence,2026-09-20,4,EE,quantile,0.6,99.564491825362
2026-09-02,ARI incidence,2026-09-20,4,EE,quantile,0.65,101.7935055992366
2026-09-02,ARI incidence,2026-09-20,4,EE,quantile,0.75,106.64599343736144
2026-09-02,ARI incidence,2026-09-20,4,EE,quantile,0.8,109.7451647124338
2026-09-02,ARI incidence,2026-09-20,4,EE,quantile,0.85,113.4260871329992
2026-09-02,ARI incidence,2026-09-20,4,EE,quantile,0.9,117.9816410838387
2026-09-02,ARI incidence,2026-09-20,4,EE,quantile,0.5,95.6404151818345
2026-09-02,ARI incidence,2026-09-20,4,EE,quantile,0.95,125.16983159223726
2026-09-02,ARI incidence,2026-09-20,4,EE,quantile,0.99,139.65929713138223
2026-09-02,ARI incidence,2026-09-20,4,EE,quantile,0.55,97.56298393668123
2026-09-02,ARI incidence,2026-09-20,4,EE,quantile,0.975,131.64004330012838
2026-09-02,ARI incidence,2026-09-20,4,EE,quantile,0.4,91.533443185909
2026-09-02,ARI incidence,2026-09-20,4,EE,median,NA,95.6404151818345
2026-09-02,ARI incidence,2026-08-30,1,ES,quantile,0.55,207.2655511824754
2026-09-02,ARI incidence,2026-08-30,1,ES,quantile,0.7,219.24578433355103
2026-09-02,ARI incidence,2026-08-30,1,ES,quantile,0.65,214.9813073768761
2026-09-02,ARI incidence,2026-08-30,1,ES,quantile,0.4,197.51569199453763
2026-09-02,ARI incidence,2026-08-30,1,ES,quantile,0.5,204.0609293643895
2026-09-02,ARI incidence,2026-08-30,1,ES,quantile,0.6,211.02127577617304
2026-09-02,ARI incidence,2026-08-30,1,ES,quantile,0.15,177.6468388022767
2026-09-02,ARI incidence,2026-08-30,1,ES,quantile,0.05,163.4030865190778
2026-09-02,ARI incidence,2026-08-30,1,ES,quantile,0.3,190.34565928832055
2026-09-02,ARI incidence,2026-08-30,1,ES,quantile,0.25,186.6256457705311
2026-09-02,ARI incidence,2026-08-30,1,ES,quantile,0.1,172.2035315046404
2026-09-02,ARI incidence,2026-08-30,1,ES,quantile,0.35,194.0391616725816
2026-09-02,ARI incidence,2026-08-30,1,ES,quantile,0.01,149.29613622611845
2026-09-02,ARI incidence,2026-08-30,1,ES,quantile,0.2,182.4264611588525
2026-09-02,ARI incidence,2026-08-30,1,ES,quantile,0.025,156.5559217556286
2026-09-02,ARI incidence,2026-08-30,1,ES,quantile,0.8,228.58229151891317
2026-09-02,ARI incidence,2026-08-30,1,ES,quantile,0.75,223.36558922270925
2026-09-02,ARI incidence,2026-08-30,1,ES,quantile,0.45,200.8450064705503
2026-09-02,ARI incidence,2026-08-30,1,ES,quantile,0.85,234.208153143106
2026-09-02,ARI incidence,2026-08-30,1,ES,quantile,0.9,242.54436515471704
2026-09-02,ARI incidence,2026-08-30,1,ES,quantile,0.95,254.31507636026572
2026-09-02,ARI incidence,2026-08-30,1,ES,quantile,0.99,279.3356168859297
2026-09-02,ARI incidence,2026-08-30,1,ES,quantile,0.975,265.34774138330596
2026-09-02,ARI incidence,2026-08-30,1,ES,median,NA,204.0609293643895
2026-09-02,ARI incidence,2026-09-06,2,ES,quantile,0.7,236.16532960552183
2026-09-02,ARI incidence,2026-09-06,2,ES,quantile,0.75,241.92230039458332
2026-09-02,ARI incidence,2026-09-06,2,ES,quantile,0.6,225.40363769408083
2026-09-02,ARI incidence,2026-09-06,2,ES,quantile,0.2,186.85030522581576
2026-09-02,ARI incidence,2026-09-06,2,ES,quantile,0.5,216.00226717730175
2026-09-02,ARI incidence,2026-09-06,2,ES,quantile,0.65,230.4514241301054
2026-09-02,ARI incidence,2026-09-06,2,ES,quantile,0.15,180.29458111851227
2026-09-02,ARI incidence,2026-09-06,2,ES,quantile,0.4,206.2984219386879
2026-09-02,ARI incidence,2026-09-06,2,ES,quantile,0.35,201.49273960927056
2026-09-02,ARI incidence,2026-09-06,2,ES,quantile,0.45,211.23213608419576
2026-09-02,ARI incidence,2026-09-06,2,ES,quantile,0.8,248.88927324986295
2026-09-02,ARI incidence,2026-09-06,2,ES,quantile,0.01,142.78334426636414
2026-09-02,ARI incidence,2026-09-06,2,ES,quantile,0.3,197.0200691257541
2026-09-02,ARI incidence,2026-09-06,2,ES,quantile,0.55,220.32728680744327
2026-09-02,ARI incidence,2026-09-06,2,ES,quantile,0.25,192.09650913496932
2026-09-02,ARI incidence,2026-09-06,2,ES,quantile,0.975,302.8193970418929
2026-09-02,ARI incidence,2026-09-06,2,ES,quantile,0.1,172.2339722531817
2026-09-02,ARI incidence,2026-09-06,2,ES,quantile,0.9,269.0273226968657
2026-09-02,ARI incidence,2026-09-06,2,ES,quantile,0.05,162.3786376748044
2026-09-02,ARI incidence,2026-09-06,2,ES,quantile,0.95,286.03105777350424
2026-09-02,ARI incidence,2026-09-06,2,ES,quantile,0.99,322.5918719786513
2026-09-02,ARI incidence,2026-09-06,2,ES,quantile,0.025,153.7475141116648
2026-09-02,ARI incidence,2026-09-06,2,ES,quantile,0.85,257.4704594942297
2026-09-02,ARI incidence,2026-09-06,2,ES,median,NA,216.00226717730175
2026-09-02,ARI incidence,2026-09-13,3,ES,quantile,0.95,241.3417818815097
2026-09-02,ARI incidence,2026-09-13,3,ES,quantile,0.8,227.02489830202796
2026-09-02,ARI incidence,2026-09-13,3,ES,quantile,0.85,230.3843597519719
2026-09-02,ARI incidence,2026-09-13,3,ES,quantile,0.15,195.06084069859423
2026-09-02,ARI incidence,2026-09-13,3,ES,quantile,0.2,198.1104874353693
2026-09-02,ARI incidence,2026-09-13,3,ES,quantile,0.1,190.81904635871155
2026-09-02,ARI incidence,2026-09-13,3,ES,quantile,0.9,234.74789156931988
2026-09-02,ARI incidence,2026-09-13,3,ES,quantile,0.975,247.99548179311608
2026-09-02,ARI incidence,2026-09-13,3,ES,quantile,0.99,255.3456523482552
2026-09-02,ARI incidence,2026-09-13,3,ES,quantile,0.05,185.52960270895215
2026-09-02,ARI incidence,2026-09-13,3,ES,quantile,0.55,214.43396003056435
2026-09-02,ARI incidence,2026-09-13,3,ES,quantile,0.7,221.0998958079308
2026-09-02,ARI incidence,2026-09-13,3,ES,quantile,0.75,223.71868541102853
2026-09-02,ARI incidence,2026-09-13,3,ES,quantile,0.025,180.97455131866008
2026-09-02,ARI incidence,2026-09-13,3,ES,quantile,0.01,175.942968038378
2026-09-02,ARI incidence,2026-09-13,3,ES,quantile,0.6,216.56151468766527
2026-09-02,ARI incidence,2026-09-13,3,ES,quantile,0.65,218.80420943947763
2026-09-02,ARI incidence,2026-09-13,3,ES,quantile,0.25,200.92533961108563
2026-09-02,ARI incidence,2026-09-13,3,ES,quantile,0.3,203.39410765352193
2026-09-02,ARI incidence,2026-09-13,3,ES,quantile,0.5,212.2335842755441
2026-09-02,ARI incidence,2026-09-13,3,ES,quantile,0.45,210.21816614320832
2026-09-02,ARI incidence,2026-09-13,3,ES,quantile,0.35,205.83095994365056
2026-09-02,ARI incidence,2026-09-13,3,ES,quantile,0.4,208.0665139962331
2026-09-02,ARI incidence,2026-09-13,3,ES,median,NA,212.2335842755441
2026-09-02,ARI incidence,2026-09-20,4,ES,quantile,0.1,188.4010312217407
2026-09-02,ARI incidence,2026-09-20,4,ES,quantile,0.15,194.49498525759907
2026-09-02,ARI incidence,2026-09-20,4,ES,quantile,0.4,214.8476239674087
2026-09-02,ARI incidence,2026-09-20,4,ES,quantile,0.95,275.1035019454651
2026-09-02,ARI incidence,2026-09-20,4,ES,quantile,0.975,286.10594388970947
2026-09-02,ARI incidence,2026-09-20,4,ES,quantile,0.2,199.3158759177308
2026-09-02,ARI incidence,2026-09-20,4,ES,quantile,0.45,218.27161586369343
2026-09-02,ARI incidence,2026-09-20,4,ES,quantile,0.5,222.04167634058973
2026-09-02,ARI incidence,2026-09-20,4,ES,quantile,0.7,237.79269641818337
2026-09-02,ARI incidence,2026-09-20,4,ES,quantile,0.025,172.43243436306224
2026-09-02,ARI incidence,2026-09-20,4,ES,quantile,0.25,203.41379609448353
2026-09-02,ARI incidence,2026-09-20,4,ES,quantile,0.6,229.34154159764304
2026-09-02,ARI incidence,2026-09-20,4,ES,quantile,0.75,242.94144993453347
2026-09-02,ARI incidence,2026-09-20,4,ES,quantile,0.8,248.35893365567284
2026-09-02,ARI incidence,2026-09-20,4,ES,quantile,0.9,262.9543298300132
2026-09-02,ARI incidence,2026-09-20,4,ES,quantile,0.05,179.48519553337712
2026-09-02,ARI incidence,2026-09-20,4,ES,quantile,0.55,225.83199889609728
2026-09-02,ARI incidence,2026-09-20,4,ES,quantile,0.85,254.8262998562167
2026-09-02,ARI incidence,2026-09-20,4,ES,quantile,0.01,163.3979459353679
2026-09-02,ARI incidence,2026-09-20,4,ES,quantile,0.3,207.4619235414114
2026-09-02,ARI incidence,2026-09-20,4,ES,quantile,0.99,302.57824257172814
2026-09-02,ARI incidence,2026-09-20,4,ES,quantile,0.35,211.1194141932226
2026-09-02,ARI incidence,2026-09-20,4,ES,quantile,0.65,233.30915027076344
2026-09-02,ARI incidence,2026-09-20,4,ES,median,NA,222.04167634058973
2026-09-02,ARI incidence,2026-08-30,1,FI,quantile,0.85,1805.8717662652568
2026-09-02,ARI incidence,2026-08-30,1,FI,quantile,0.65,1690.601268344551
2026-09-02,ARI incidence,2026-08-30,1,FI,quantile,0.7,1716.554377834414
2026-09-02,ARI incidence,2026-08-30,1,FI,quantile,0.15,1468.7705881254303
2026-09-02,ARI incidence,2026-08-30,1,FI,quantile,0.8,1770.6063020111924
2026-09-02,ARI incidence,2026-08-30,1,FI,quantile,0.9,1851.234205647471
2026-09-02,ARI incidence,2026-08-30,1,FI,quantile,0.5,1626.8216949218352
2026-09-02,ARI incidence,2026-08-30,1,FI,quantile,0.35,1564.6958009194525
2026-09-02,ARI incidence,2026-08-30,1,FI,quantile,0.55,1646.8531064696608
2026-09-02,ARI incidence,2026-08-30,1,FI,quantile,0.95,1921.7877170717777
2026-09-02,ARI incidence,2026-08-30,1,FI,quantile,0.6,1667.9311972351277
2026-09-02,ARI incidence,2026-08-30,1,FI,quantile,0.025,1340.0418527575805
2026-09-02,ARI incidence,2026-08-30,1,FI,quantile,0.2,1496.9271419036884
2026-09-02,ARI incidence,2026-08-30,1,FI,quantile,0.25,1519.724576081385
2026-09-02,ARI incidence,2026-08-30,1,FI,quantile,0.3,1541.2724073164227
2026-09-02,ARI incidence,2026-08-30,1,FI,quantile,0.1,1433.2624229816363
2026-09-02,ARI incidence,2026-08-30,1,FI,quantile,0.75,1742.4504804427822
2026-09-02,ARI incidence,2026-08-30,1,FI,quantile,0.45,1606.7248259224043
2026-09-02,ARI incidence,2026-08-30,1,FI,quantile,0.05,1380.56083028485
2026-09-02,ARI incidence,2026-08-30,1,FI,quantile,0.4,1585.568704834442
2026-09-02,ARI incidence,2026-08-30,1,FI,quantile,0.975,1983.2726080165016
2026-09-02,ARI incidence,2026-08-30,1,FI,quantile,0.01,1296.0744241213804
2026-09-02,ARI incidence,2026-08-30,1,FI,quantile,0.99,2058.718302797251
2026-09-02,ARI incidence,2026-08-30,1,FI,median,NA,1626.8216949218352
2026-09-02,ARI incidence,2026-09-06,2,FI,quantile,0.025,1350.6024012121204
2026-09-02,ARI incidence,2026-09-06,2,FI,quantile,0.01,1302.316572027761
2026-09-02,ARI incidence,2026-09-06,2,FI,quantile,0.05,1393.3973500628297
2026-09-02,ARI incidence,2026-09-06,2,FI,quantile,0.15,1474.44328566897
2026-09-02,ARI incidence,2026-09-06,2,FI,quantile,0.1,1442.3434419709902
2026-09-02,ARI incidence,2026-09-06,2,FI,quantile,0.7,1701.958543373101
2026-09-02,ARI incidence,2026-09-06,2,FI,quantile,0.2,1500.5532752660542
2026-09-02,ARI incidence,2026-09-06,2,FI,quantile,0.99,2007.3480391923656
2026-09-02,ARI incidence,2026-09-06,2,FI,quantile,0.6,1658.6141378181617
2026-09-02,ARI incidence,2026-09-06,2,FI,quantile,0.55,1639.533178850655
2026-09-02,ARI incidence,2026-09-06,2,FI,quantile,0.35,1564.409406157097
2026-09-02,ARI incidence,2026-09-06,2,FI,quantile,0.65,1679.2807586674105
2026-09-02,ARI incidence,2026-09-06,2,FI,quantile,0.3,1545.484629732228
2026-09-02,ARI incidence,2026-09-06,2,FI,quantile,0.975,1944.1766831756024
2026-09-02,ARI incidence,2026-09-06,2,FI,quantile,0.95,1892.770221255931
2026-09-02,ARI incidence,2026-09-06,2,FI,quantile,0.85,1786.7165283332276
2026-09-02,ARI incidence,2026-09-06,2,FI,quantile,0.8,1754.3966542492035
2026-09-02,ARI incidence,2026-09-06,2,FI,quantile,0.9,1824.3547247199951
2026-09-02,ARI incidence,2026-09-06,2,FI,quantile,0.25,1523.7366866460547
2026-09-02,ARI incidence,2026-09-06,2,FI,quantile,0.5,1619.4363182058978
2026-09-02,ARI incidence,2026-09-06,2,FI,quantile,0.45,1601.881232847711
2026-09-02,ARI incidence,2026-09-06,2,FI,quantile,0.75,1727.5718532493495
2026-09-02,ARI incidence,2026-09-06,2,FI,quantile,0.4,1582.791182536942
2026-09-02,ARI incidence,2026-09-06,2,FI,median,NA,1619.4363182058978
2026-09-02,ARI incidence,2026-09-13,3,FI,quantile,0.85,1811.1645146819724
2026-09-02,ARI incidence,2026-09-13,3,FI,quantile,0.75,1770.197709797028
2026-09-02,ARI incidence,2026-09-13,3,FI,quantile,0.7,1753.798919910404
2026-09-02,ARI incidence,2026-09-13,3,FI,quantile,0.8,1788.9723453561264
2026-09-02,ARI incidence,2026-09-13,3,FI,quantile,0.6,1722.6043934258846
2026-09-02,ARI incidence,2026-09-13,3,FI,quantile,0.95,1880.013653159761
2026-09-02,ARI incidence,2026-09-13,3,FI,quantile,0.975,1919.7507574552328
2026-09-02,ARI incidence,2026-09-13,3,FI,quantile,0.65,1737.086620426413
2026-09-02,ARI incidence,2026-09-13,3,FI,quantile,0.9,1839.485611951592
2026-09-02,ARI incidence,2026-09-13,3,FI,quantile,0.025,1498.6024169772857
2026-09-02,ARI incidence,2026-09-13,3,FI,quantile,0.5,1694.994711705869
2026-09-02,ARI incidence,2026-09-13,3,FI,quantile,0.45,1682.6715210320176
2026-09-02,ARI incidence,2026-09-13,3,FI,quantile,0.4,1669.7510751122963
2026-09-02,ARI incidence,2026-09-13,3,FI,quantile,0.55,1709.4125729433222
2026-09-02,ARI incidence,2026-09-13,3,FI,quantile,0.99,1964.0289489872089
2026-09-02,ARI incidence,2026-09-13,3,FI,quantile,0.35,1655.358007282258
2026-09-02,ARI incidence,2026-09-13,3,FI,quantile,0.15,1589.3398596983236
2026-09-02,ARI incidence,2026-09-13,3,FI,quantile,0.1,1564.6816145459982
2026-09-02,ARI incidence,2026-09-13,3,FI,quantile,0.05,1528.9971805526122
2026-09-02,ARI incidence,2026-09-13,3,FI,quantile,0.01,1466.8756579938615
2026-09-02,ARI incidence,2026-09-13,3,FI,quantile,0.3,1641.5583614370255
2026-09-02,ARI incidence,2026-09-13,3,FI,quantile,0.2,1609.2598420210682
2026-09-02,ARI incidence,2026-09-13,3,FI,quantile,0.25,1626.367917253447
2026-09-02,ARI incidence,2026-09-13,3,FI,median,NA,1694.994711705869
2026-09-02,ARI incidence,2026-09-20,4,FI,quantile,0.6,1702.468007580687
2026-09-02,ARI incidence,2026-09-20,4,FI,quantile,0.55,1682.6241139924311
2026-09-02,ARI incidence,2026-09-20,4,FI,quantile,0.65,1724.8347185266343
2026-09-02,ARI incidence,2026-09-20,4,FI,quantile,0.5,1662.0968246671064
2026-09-02,ARI incidence,2026-09-20,4,FI,quantile,0.7,1747.331850183089
2026-09-02,ARI incidence,2026-09-20,4,FI,quantile,0.3,1582.074440473
2026-09-02,ARI incidence,2026-09-20,4,FI,quantile,0.35,1603.4655724943168
2026-09-02,ARI incidence,2026-09-20,4,FI,quantile,0.45,1643.370751358191
2026-09-02,ARI incidence,2026-09-20,4,FI,quantile,0.75,1773.3093850248613
2026-09-02,ARI incidence,2026-09-20,4,FI,quantile,0.4,1623.3074468856337
2026-09-02,ARI incidence,2026-09-20,4,FI,quantile,0.2,1535.2097257190503
2026-09-02,ARI incidence,2026-09-20,4,FI,quantile,0.25,1559.8398586128826
2026-09-02,ARI incidence,2026-09-20,4,FI,quantile,0.8,1801.030869562303
2026-09-02,ARI incidence,2026-09-20,4,FI,quantile,0.15,1505.1485565015814
2026-09-02,ARI incidence,2026-09-20,4,FI,quantile,0.01,1332.318745764536
2026-09-02,ARI incidence,2026-09-20,4,FI,quantile,0.85,1836.0620466212404
2026-09-02,ARI incidence,2026-09-20,4,FI,quantile,0.975,2004.811953697796
2026-09-02,ARI incidence,2026-09-20,4,FI,quantile,0.1,1469.2378518624037
2026-09-02,ARI incidence,2026-09-20,4,FI,quantile,0.99,2073.3830777737467
2026-09-02,ARI incidence,2026-09-20,4,FI,quantile,0.95,1944.7644153705096
2026-09-02,ARI incidence,2026-09-20,4,FI,quantile,0.05,1419.3785455585355
2026-09-02,ARI incidence,2026-09-20,4,FI,quantile,0.9,1875.312392230138
2026-09-02,ARI incidence,2026-09-20,4,FI,quantile,0.025,1379.2573517926637
2026-09-02,ARI incidence,2026-09-20,4,FI,median,NA,1662.0968246671064
2026-09-02,ARI incidence,2026-08-30,1,GB-ENG,quantile,0.85,164.39027165685366
2026-09-02,ARI incidence,2026-08-30,1,GB-ENG,quantile,0.8,163.33850005840742
2026-09-02,ARI incidence,2026-08-30,1,GB-ENG,quantile,0.9,165.73614233161382
2026-09-02,ARI incidence,2026-08-30,1,GB-ENG,quantile,0.95,167.79841381449032
2026-09-02,ARI incidence,2026-08-30,1,GB-ENG,quantile,0.975,169.4719497818316
2026-09-02,ARI incidence,2026-08-30,1,GB-ENG,quantile,0.75,162.3366542990805
2026-09-02,ARI incidence,2026-08-30,1,GB-ENG,quantile,0.99,171.57383216445697
2026-09-02,ARI incidence,2026-08-30,1,GB-ENG,quantile,0.4,157.32193776739518
2026-09-02,ARI incidence,2026-08-30,1,GB-ENG,quantile,0.45,158.03517511461888
2026-09-02,ARI incidence,2026-08-30,1,GB-ENG,quantile,0.5,158.71170684525703
2026-09-02,ARI incidence,2026-08-30,1,GB-ENG,quantile,0.55,159.3637263613403
2026-09-02,ARI incidence,2026-08-30,1,GB-ENG,quantile,0.6,160.07722178148776
2026-09-02,ARI incidence,2026-08-30,1,GB-ENG,quantile,0.65,160.78865561425573
2026-09-02,ARI incidence,2026-08-30,1,GB-ENG,quantile,0.7,161.50524755478557
2026-09-02,ARI incidence,2026-08-30,1,GB-ENG,quantile,0.2,154.09173681283866
2026-09-02,ARI incidence,2026-08-30,1,GB-ENG,quantile,0.25,154.96325303398356
2026-09-02,ARI incidence,2026-08-30,1,GB-ENG,quantile,0.3,155.80027313997968
2026-09-02,ARI incidence,2026-08-30,1,GB-ENG,quantile,0.35,156.5450232472001
2026-09-02,ARI incidence,2026-08-30,1,GB-ENG,quantile,0.01,146.26071354471588
2026-09-02,ARI incidence,2026-08-30,1,GB-ENG,quantile,0.025,148.1789754081723
2026-09-02,ARI incidence,2026-08-30,1,GB-ENG,quantile,0.05,149.77956647330657
2026-09-02,ARI incidence,2026-08-30,1,GB-ENG,quantile,0.1,151.7742744959939
2026-09-02,ARI incidence,2026-08-30,1,GB-ENG,quantile,0.15,153.0361826979348
2026-09-02,ARI incidence,2026-08-30,1,GB-ENG,median,NA,158.71170684525703
2026-09-02,ARI incidence,2026-09-06,2,GB-ENG,quantile,0.45,133.38698432506544
2026-09-02,ARI incidence,2026-09-06,2,GB-ENG,quantile,0.5,135.5482339948951
2026-09-02,ARI incidence,2026-09-06,2,GB-ENG,quantile,0.55,137.71701290413313
2026-09-02,ARI incidence,2026-09-06,2,GB-ENG,quantile,0.4,131.2763431634981
2026-09-02,ARI incidence,2026-09-06,2,GB-ENG,quantile,0.6,139.9939601289503
2026-09-02,ARI incidence,2026-09-06,2,GB-ENG,quantile,0.65,142.31318729714042
2026-09-02,ARI incidence,2026-09-06,2,GB-ENG,quantile,0.025,106.05407881296496
2026-09-02,ARI incidence,2026-09-06,2,GB-ENG,quantile,0.01,100.97081893699529
2026-09-02,ARI incidence,2026-09-06,2,GB-ENG,quantile,0.25,124.35603873183253
2026-09-02,ARI incidence,2026-09-06,2,GB-ENG,quantile,0.3,126.61728163396756
2026-09-02,ARI incidence,2026-09-06,2,GB-ENG,quantile,0.35,128.91034719761356
2026-09-02,ARI incidence,2026-09-06,2,GB-ENG,quantile,0.05,110.12809320230406
2026-09-02,ARI incidence,2026-09-06,2,GB-ENG,quantile,0.1,115.3309244175791
2026-09-02,ARI incidence,2026-09-06,2,GB-ENG,quantile,0.15,118.93886861913288
2026-09-02,ARI incidence,2026-09-06,2,GB-ENG,quantile,0.2,121.8803713822558
2026-09-02,ARI incidence,2026-09-06,2,GB-ENG,quantile,0.7,145.03866685804414
2026-09-02,ARI incidence,2026-09-06,2,GB-ENG,quantile,0.75,147.7023808376751
2026-09-02,ARI incidence,2026-09-06,2,GB-ENG,quantile,0.8,150.88608141157908
2026-09-02,ARI incidence,2026-09-06,2,GB-ENG,quantile,0.85,154.25819664112342
2026-09-02,ARI incidence,2026-09-06,2,GB-ENG,quantile,0.9,159.15633116377995
2026-09-02,ARI incidence,2026-09-06,2,GB-ENG,quantile,0.95,166.1423831388387
2026-09-02,ARI incidence,2026-09-06,2,GB-ENG,quantile,0.975,172.71709832804163
2026-09-02,ARI incidence,2026-09-06,2,GB-ENG,quantile,0.99,181.3074130429545
2026-09-02,ARI incidence,2026-09-06,2,GB-ENG,median,NA,135.5482339948951
2026-09-02,ARI incidence,2026-09-13,3,GB-ENG,quantile,0.4,144.99199365768354
2026-09-02,ARI incidence,2026-09-13,3,GB-ENG,quantile,0.45,145.6593893571673
2026-09-02,ARI incidence,2026-09-13,3,GB-ENG,quantile,0.5,146.27414905287858
2026-09-02,ARI incidence,2026-09-13,3,GB-ENG,quantile,0.55,146.8643203816053
2026-09-02,ARI incidence,2026-09-13,3,GB-ENG,quantile,0.6,147.46032529419537
2026-09-02,ARI incidence,2026-09-13,3,GB-ENG,quantile,0.65,148.0725482500037
2026-09-02,ARI incidence,2026-09-13,3,GB-ENG,quantile,0.7,148.7165584269452
2026-09-02,ARI incidence,2026-09-13,3,GB-ENG,quantile,0.75,149.43657244864937
2026-09-02,ARI incidence,2026-09-13,3,GB-ENG,quantile,0.8,150.2706819213007
2026-09-02,ARI incidence,2026-09-13,3,GB-ENG,quantile,0.85,151.21334258057502
2026-09-02,ARI incidence,2026-09-13,3,GB-ENG,quantile,0.9,152.39728371792117
2026-09-02,ARI incidence,2026-09-13,3,GB-ENG,quantile,0.95,154.194638371522
2026-09-02,ARI incidence,2026-09-13,3,GB-ENG,quantile,0.975,155.9832753331167
2026-09-02,ARI incidence,2026-09-13,3,GB-ENG,quantile,0.99,158.00868170916797
2026-09-02,ARI incidence,2026-09-13,3,GB-ENG,quantile,0.1,140.33060998427237
2026-09-02,ARI incidence,2026-09-13,3,GB-ENG,quantile,0.15,141.3382317571804
2026-09-02,ARI incidence,2026-09-13,3,GB-ENG,quantile,0.35,144.36908221108166
2026-09-02,ARI incidence,2026-09-13,3,GB-ENG,quantile,0.3,143.68034905131177
2026-09-02,ARI incidence,2026-09-13,3,GB-ENG,quantile,0.25,143.02129607116638
2026-09-02,ARI incidence,2026-09-13,3,GB-ENG,quantile,0.2,142.18847593651557
2026-09-02,ARI incidence,2026-09-13,3,GB-ENG,quantile,0.025,137.10743974639345
2026-09-02,ARI incidence,2026-09-13,3,GB-ENG,quantile,0.05,138.78293090135236
2026-09-02,ARI incidence,2026-09-13,3,GB-ENG,quantile,0.01,135.5496547693346
2026-09-02,ARI incidence,2026-09-13,3,GB-ENG,median,NA,146.27414905287858
2026-09-02,ARI incidence,2026-09-20,4,GB-ENG,quantile,0.2,118.25910775884506
2026-09-02,ARI incidence,2026-09-20,4,GB-ENG,quantile,0.75,151.6933028557484
2026-09-02,ARI incidence,2026-09-20,4,GB-ENG,quantile,0.025,98.42884769832877
2026-09-02,ARI incidence,2026-09-20,4,GB-ENG,quantile,0.05,103.70966043866066
2026-09-02,ARI incidence,2026-09-20,4,GB-ENG,quantile,0.1,109.9041266888297
2026-09-02,ARI incidence,2026-09-20,4,GB-ENG,quantile,0.15,114.55029098340582
2026-09-02,ARI incidence,2026-09-20,4,GB-ENG,quantile,0.25,121.55434436284858
2026-09-02,ARI incidence,2026-09-20,4,GB-ENG,quantile,0.8,155.88885469531988
2026-09-02,ARI incidence,2026-09-20,4,GB-ENG,quantile,0.85,160.92534871999476
2026-09-02,ARI incidence,2026-09-20,4,GB-ENG,quantile,0.9,167.8366743290169
2026-09-02,ARI incidence,2026-09-20,4,GB-ENG,quantile,0.95,177.1238949896233
2026-09-02,ARI incidence,2026-09-20,4,GB-ENG,quantile,0.975,186.9617940861833
2026-09-02,ARI incidence,2026-09-20,4,GB-ENG,quantile,0.7,148.11834371192683
2026-09-02,ARI incidence,2026-09-20,4,GB-ENG,quantile,0.99,196.7889897013629
2026-09-02,ARI incidence,2026-09-20,4,GB-ENG,quantile,0.3,124.63484094802855
2026-09-02,ARI incidence,2026-09-20,4,GB-ENG,quantile,0.01,92.89156764606128
2026-09-02,ARI incidence,2026-09-20,4,GB-ENG,quantile,0.35,127.542816457513
2026-09-02,ARI incidence,2026-09-20,4,GB-ENG,quantile,0.4,130.41422750770028
2026-09-02,ARI incidence,2026-09-20,4,GB-ENG,quantile,0.55,138.54961506752272
2026-09-02,ARI incidence,2026-09-20,4,GB-ENG,quantile,0.45,133.0854701975244
2026-09-02,ARI incidence,2026-09-20,4,GB-ENG,quantile,0.5,135.76408696785256
2026-09-02,ARI incidence,2026-09-20,4,GB-ENG,quantile,0.6,141.6899602555755
2026-09-02,ARI incidence,2026-09-20,4,GB-ENG,quantile,0.65,144.89029645624078
2026-09-02,ARI incidence,2026-09-20,4,GB-ENG,median,NA,135.76408696785256
2026-09-02,ARI incidence,2026-08-30,1,GB-NIR,quantile,0.01,82.38338080726697
2026-09-02,ARI incidence,2026-08-30,1,GB-NIR,quantile,0.025,88.69726849956645
2026-09-02,ARI incidence,2026-08-30,1,GB-NIR,quantile,0.05,94.05893067535314
2026-09-02,ARI incidence,2026-08-30,1,GB-NIR,quantile,0.25,114.06696661267036
2026-09-02,ARI incidence,2026-08-30,1,GB-NIR,quantile,0.2,110.38660453127524
2026-09-02,ARI incidence,2026-08-30,1,GB-NIR,quantile,0.15,105.98532767274612
2026-09-02,ARI incidence,2026-08-30,1,GB-NIR,quantile,0.1,101.3173721402943
2026-09-02,ARI incidence,2026-08-30,1,GB-NIR,quantile,0.3,117.74357700711089
2026-09-02,ARI incidence,2026-08-30,1,GB-NIR,quantile,0.35,121.10841460832056
2026-09-02,ARI incidence,2026-08-30,1,GB-NIR,quantile,0.6,137.26431961843764
2026-09-02,ARI incidence,2026-08-30,1,GB-NIR,quantile,0.65,140.90017953331665
2026-09-02,ARI incidence,2026-08-30,1,GB-NIR,quantile,0.55,133.97379001799624
2026-09-02,ARI incidence,2026-08-30,1,GB-NIR,quantile,0.7,144.92409737564637
2026-09-02,ARI incidence,2026-08-30,1,GB-NIR,quantile,0.8,154.43877970590867
2026-09-02,ARI incidence,2026-08-30,1,GB-NIR,quantile,0.85,160.65532574184874
2026-09-02,ARI incidence,2026-08-30,1,GB-NIR,quantile,0.4,124.49582578415124
2026-09-02,ARI incidence,2026-08-30,1,GB-NIR,quantile,0.45,127.63564353952114
2026-09-02,ARI incidence,2026-08-30,1,GB-NIR,quantile,0.5,130.80812574631736
2026-09-02,ARI incidence,2026-08-30,1,GB-NIR,quantile,0.75,149.30139800698262
2026-09-02,ARI incidence,2026-08-30,1,GB-NIR,quantile,0.975,193.8747134355281
2026-09-02,ARI incidence,2026-08-30,1,GB-NIR,quantile,0.99,210.7611689407681
2026-09-02,ARI incidence,2026-08-30,1,GB-NIR,quantile,0.95,181.49283580361285
2026-09-02,ARI incidence,2026-08-30,1,GB-NIR,quantile,0.9,168.8003917123922
2026-09-02,ARI incidence,2026-08-30,1,GB-NIR,median,NA,130.80812574631736
2026-09-02,ARI incidence,2026-09-06,2,GB-NIR,quantile,0.1,128.4247717858614
2026-09-02,ARI incidence,2026-09-06,2,GB-NIR,quantile,0.15,131.14084843079533
2026-09-02,ARI incidence,2026-09-06,2,GB-NIR,quantile,0.01,118.3766968585592
2026-09-02,ARI incidence,2026-09-06,2,GB-NIR,quantile,0.025,121.97832173902722
2026-09-02,ARI incidence,2026-09-06,2,GB-NIR,quantile,0.05,124.8282833814713
2026-09-02,ARI incidence,2026-09-06,2,GB-NIR,quantile,0.2,133.27814403645365
2026-09-02,ARI incidence,2026-09-06,2,GB-NIR,quantile,0.25,135.08344886254696
2026-09-02,ARI incidence,2026-09-06,2,GB-NIR,quantile,0.3,136.74849789938858
2026-09-02,ARI incidence,2026-09-06,2,GB-NIR,quantile,0.95,162.50646439443105
2026-09-02,ARI incidence,2026-09-06,2,GB-NIR,quantile,0.975,166.75209729554317
2026-09-02,ARI incidence,2026-09-06,2,GB-NIR,quantile,0.99,171.96850556180723
2026-09-02,ARI incidence,2026-09-06,2,GB-NIR,quantile,0.45,141.23385137770563
2026-09-02,ARI incidence,2026-09-06,2,GB-NIR,quantile,0.9,157.9265613721771
2026-09-02,ARI incidence,2026-09-06,2,GB-NIR,quantile,0.85,154.76832103352925
2026-09-02,ARI incidence,2026-09-06,2,GB-NIR,quantile,0.8,152.5046011822562
2026-09-02,ARI incidence,2026-09-06,2,GB-NIR,quantile,0.75,150.49600329967066
2026-09-02,ARI incidence,2026-09-06,2,GB-NIR,quantile,0.55,144.09121551971776
2026-09-02,ARI incidence,2026-09-06,2,GB-NIR,quantile,0.7,148.60472788084087
2026-09-02,ARI incidence,2026-09-06,2,GB-NIR,quantile,0.6,145.5649099283644
2026-09-02,ARI incidence,2026-09-06,2,GB-NIR,quantile,0.65,147.07520567989337
2026-09-02,ARI incidence,2026-09-06,2,GB-NIR,quantile,0.35,138.21218420597074
2026-09-02,ARI incidence,2026-09-06,2,GB-NIR,quantile,0.4,139.70718981527313
2026-09-02,ARI incidence,2026-09-06,2,GB-NIR,quantile,0.5,142.69028747545204
2026-09-02,ARI incidence,2026-09-06,2,GB-NIR,median,NA,142.69028747545204
2026-09-02,ARI incidence,2026-09-13,3,GB-NIR,quantile,0.15,77.28529826017157
2026-09-02,ARI incidence,2026-09-13,3,GB-NIR,quantile,0.01,55.75823053564091
2026-09-02,ARI incidence,2026-09-13,3,GB-NIR,quantile,0.1,72.60305148089287
2026-09-02,ARI incidence,2026-09-13,3,GB-NIR,quantile,0.025,61.376722082264735
2026-09-02,ARI incidence,2026-09-13,3,GB-NIR,quantile,0.05,66.47295250279112
2026-09-02,ARI incidence,2026-09-13,3,GB-NIR,quantile,0.2,81.41763855213529
2026-09-02,ARI incidence,2026-09-13,3,GB-NIR,quantile,0.25,85.06550616414214
2026-09-02,ARI incidence,2026-09-13,3,GB-NIR,quantile,0.3,88.44847389757145
2026-09-02,ARI incidence,2026-09-13,3,GB-NIR,quantile,0.35,91.591621925425045
2026-09-02,ARI incidence,2026-09-13,3,GB-NIR,quantile,0.4,94.97482068954758
2026-09-02,ARI incidence,2026-09-13,3,GB-NIR,quantile,0.45,98.14387265799914
2026-09-02,ARI incidence,2026-09-13,3,GB-NIR,quantile,0.5,101.31400476861864
2026-09-02,ARI incidence,2026-09-13,3,GB-NIR,quantile,0.55,104.81381849265652
2026-09-02,ARI incidence,2026-09-13,3,GB-NIR,quantile,0.6,108.04482145783471
2026-09-02,ARI incidence,2026-09-13,3,GB-NIR,quantile,0.65,111.79614750039332
2026-09-02,ARI incidence,2026-09-13,3,GB-NIR,quantile,0.7,115.7339088960323
2026-09-02,ARI incidence,2026-09-13,3,GB-NIR,quantile,0.75,120.69570373258144
2026-09-02,ARI incidence,2026-09-13,3,GB-NIR,quantile,0.8,126.15855366157552
2026-09-02,ARI incidence,2026-09-13,3,GB-NIR,quantile,0.85,132.84700206326323
2026-09-02,ARI incidence,2026-09-13,3,GB-NIR,quantile,0.95,155.30648023026222
2026-09-02,ARI incidence,2026-09-13,3,GB-NIR,quantile,0.975,168.13632128492193
2026-09-02,ARI incidence,2026-09-13,3,GB-NIR,quantile,0.99,181.68884942249463
2026-09-02,ARI incidence,2026-09-13,3,GB-NIR,quantile,0.9,141.62029005424762
2026-09-02,ARI incidence,2026-09-13,3,GB-NIR,median,NA,101.31400476861864
2026-09-02,ARI incidence,2026-09-20,4,GB-NIR,quantile,0.99,192.98214777171896
2026-09-02,ARI incidence,2026-09-20,4,GB-NIR,quantile,0.95,175.9615860394668
2026-09-02,ARI incidence,2026-09-20,4,GB-NIR,quantile,0.975,183.3126646236835
2026-09-02,ARI incidence,2026-09-20,4,GB-NIR,quantile,0.65,147.93740731642706
2026-09-02,ARI incidence,2026-09-20,4,GB-NIR,quantile,0.7,150.93534281456925
2026-09-02,ARI incidence,2026-09-20,4,GB-NIR,quantile,0.85,161.53799761582474
2026-09-02,ARI incidence,2026-09-20,4,GB-NIR,quantile,0.9,167.07848182357213
2026-09-02,ARI incidence,2026-09-20,4,GB-NIR,quantile,0.75,154.0005038804311
2026-09-02,ARI incidence,2026-09-20,4,GB-NIR,quantile,0.8,157.5756852298231
2026-09-02,ARI incidence,2026-09-20,4,GB-NIR,quantile,0.01,102.33640141952432
2026-09-02,ARI incidence,2026-09-20,4,GB-NIR,quantile,0.025,107.34406669134518
2026-09-02,ARI incidence,2026-09-20,4,GB-NIR,quantile,0.05,111.8452641924949
2026-09-02,ARI incidence,2026-09-20,4,GB-NIR,quantile,0.1,117.87078745291528
2026-09-02,ARI incidence,2026-09-20,4,GB-NIR,quantile,0.15,122.09375465818282
2026-09-02,ARI incidence,2026-09-20,4,GB-NIR,quantile,0.35,133.43471404559693
2026-09-02,ARI incidence,2026-09-20,4,GB-NIR,quantile,0.2,125.3519522348827
2026-09-02,ARI incidence,2026-09-20,4,GB-NIR,quantile,0.3,130.75639915964808
2026-09-02,ARI incidence,2026-09-20,4,GB-NIR,quantile,0.25,128.2077428573706
2026-09-02,ARI incidence,2026-09-20,4,GB-NIR,quantile,0.4,135.88217278116343
2026-09-02,ARI incidence,2026-09-20,4,GB-NIR,quantile,0.45,138.17214202030468
2026-09-02,ARI incidence,2026-09-20,4,GB-NIR,quantile,0.55,142.88335523081486
2026-09-02,ARI incidence,2026-09-20,4,GB-NIR,quantile,0.5,140.52692877456798
2026-09-02,ARI incidence,2026-09-20,4,GB-NIR,quantile,0.6,145.4942714658433
2026-09-02,ARI incidence,2026-09-20,4,GB-NIR,median,NA,140.52692877456798
2026-09-02,ARI incidence,2026-08-30,1,GB-WLS,quantile,0.01,29.55912933318421
2026-09-02,ARI incidence,2026-08-30,1,GB-WLS,quantile,0.025,34.408362741418216
2026-09-02,ARI incidence,2026-08-30,1,GB-WLS,quantile,0.05,38.73153987960042
2026-09-02,ARI incidence,2026-08-30,1,GB-WLS,quantile,0.1,44.529589603858625
2026-09-02,ARI incidence,2026-08-30,1,GB-WLS,quantile,0.15,49.04394154820353
2026-09-02,ARI incidence,2026-08-30,1,GB-WLS,quantile,0.2,53.07675058598299
2026-09-02,ARI incidence,2026-08-30,1,GB-WLS,quantile,0.25,56.92279596030683
2026-09-02,ARI incidence,2026-08-30,1,GB-WLS,quantile,0.3,60.39710058798908
2026-09-02,ARI incidence,2026-08-30,1,GB-WLS,quantile,0.35,63.66768241590016
2026-09-02,ARI incidence,2026-08-30,1,GB-WLS,quantile,0.4,67.10903002060074
2026-09-02,ARI incidence,2026-08-30,1,GB-WLS,quantile,0.45,70.28382181987035
2026-09-02,ARI incidence,2026-08-30,1,GB-WLS,quantile,0.5,74.01829349682112
2026-09-02,ARI incidence,2026-08-30,1,GB-WLS,quantile,0.55,77.81375066732733
2026-09-02,ARI incidence,2026-08-30,1,GB-WLS,quantile,0.6,81.73363445418204
2026-09-02,ARI incidence,2026-08-30,1,GB-WLS,quantile,0.65,85.78773252289334
2026-09-02,ARI incidence,2026-08-30,1,GB-WLS,quantile,0.7,90.56889405209267
2026-09-02,ARI incidence,2026-08-30,1,GB-WLS,quantile,0.75,95.86949242573075
2026-09-02,ARI incidence,2026-08-30,1,GB-WLS,quantile,0.8,102.37098092341304
2026-09-02,ARI incidence,2026-08-30,1,GB-WLS,quantile,0.85,109.786277246049
2026-09-02,ARI incidence,2026-08-30,1,GB-WLS,quantile,0.9,119.93887538741627
2026-09-02,ARI incidence,2026-08-30,1,GB-WLS,quantile,0.95,138.55440925972724
2026-09-02,ARI incidence,2026-08-30,1,GB-WLS,quantile,0.975,156.3905448409048
2026-09-02,ARI incidence,2026-08-30,1,GB-WLS,quantile,0.99,179.99334831923093
2026-09-02,ARI incidence,2026-08-30,1,GB-WLS,median,NA,74.01829349682112
2026-09-02,ARI incidence,2026-09-06,2,GB-WLS,quantile,0.01,25.825520603523376
2026-09-02,ARI incidence,2026-09-06,2,GB-WLS,quantile,0.05,37.68975604034541
2026-09-02,ARI incidence,2026-09-06,2,GB-WLS,quantile,0.1,45.36534989431401
2026-09-02,ARI incidence,2026-09-06,2,GB-WLS,quantile,0.15,51.58546977612052
2026-09-02,ARI incidence,2026-09-06,2,GB-WLS,quantile,0.2,57.43826618568396
2026-09-02,ARI incidence,2026-09-06,2,GB-WLS,quantile,0.25,62.68834408786384
2026-09-02,ARI incidence,2026-09-06,2,GB-WLS,quantile,0.3,68.02313893689094
2026-09-02,ARI incidence,2026-09-06,2,GB-WLS,quantile,0.35,73.25497777317696
2026-09-02,ARI incidence,2026-09-06,2,GB-WLS,quantile,0.4,78.73675955250417
2026-09-02,ARI incidence,2026-09-06,2,GB-WLS,quantile,0.45,84.06382070513578
2026-09-02,ARI incidence,2026-09-06,2,GB-WLS,quantile,0.5,89.65278440856208
2026-09-02,ARI incidence,2026-09-06,2,GB-WLS,quantile,0.55,96.12192936376398
2026-09-02,ARI incidence,2026-09-06,2,GB-WLS,quantile,0.6,102.8828742588179
2026-09-02,ARI incidence,2026-09-06,2,GB-WLS,quantile,0.65,110.27548864612068
2026-09-02,ARI incidence,2026-09-06,2,GB-WLS,quantile,0.7,118.98971240842528
2026-09-02,ARI incidence,2026-09-06,2,GB-WLS,quantile,0.75,129.238060911039
2026-09-02,ARI incidence,2026-09-06,2,GB-WLS,quantile,0.8,140.35087393544936
2026-09-02,ARI incidence,2026-09-06,2,GB-WLS,quantile,0.85,155.4643791188644
2026-09-02,ARI incidence,2026-09-06,2,GB-WLS,quantile,0.9,177.16865631842384
2026-09-02,ARI incidence,2026-09-06,2,GB-WLS,quantile,0.95,211.82379111921705
2026-09-02,ARI incidence,2026-09-06,2,GB-WLS,quantile,0.975,252.32657544544543
2026-09-02,ARI incidence,2026-09-06,2,GB-WLS,quantile,0.99,312.18502325151064
2026-09-02,ARI incidence,2026-09-06,2,GB-WLS,quantile,0.025,31.516365101212315
2026-09-02,ARI incidence,2026-09-06,2,GB-WLS,median,NA,89.65278440856208
2026-09-02,ARI incidence,2026-09-13,3,GB-WLS,quantile,0.01,19.360307650482092
2026-09-02,ARI incidence,2026-09-13,3,GB-WLS,quantile,0.025,25.09710752500328
2026-09-02,ARI incidence,2026-09-13,3,GB-WLS,quantile,0.05,30.78776777939226
2026-09-02,ARI incidence,2026-09-13,3,GB-WLS,quantile,0.1,40.64534241661885
2026-09-02,ARI incidence,2026-09-13,3,GB-WLS,quantile,0.15,49.17880184826482
2026-09-02,ARI incidence,2026-09-13,3,GB-WLS,quantile,0.85,234.5027953250991
2026-09-02,ARI incidence,2026-09-13,3,GB-WLS,quantile,0.2,56.95462402914351
2026-09-02,ARI incidence,2026-09-13,3,GB-WLS,quantile,0.25,64.47469329983177
2026-09-02,ARI incidence,2026-09-13,3,GB-WLS,quantile,0.3,72.13792712620686
2026-09-02,ARI incidence,2026-09-13,3,GB-WLS,quantile,0.35,80.0259910331807
2026-09-02,ARI incidence,2026-09-13,3,GB-WLS,quantile,0.4,88.41059944333429
2026-09-02,ARI incidence,2026-09-13,3,GB-WLS,quantile,0.45,97.6605087092178
2026-09-02,ARI incidence,2026-09-13,3,GB-WLS,quantile,0.5,106.50992437345695
2026-09-02,ARI incidence,2026-09-13,3,GB-WLS,quantile,0.55,117.25029150429664
2026-09-02,ARI incidence,2026-09-13,3,GB-WLS,quantile,0.6,128.99750625612137
2026-09-02,ARI incidence,2026-09-13,3,GB-WLS,quantile,0.65,141.98041415422128
2026-09-02,ARI incidence,2026-09-13,3,GB-WLS,quantile,0.7,157.22090858946592
2026-09-02,ARI incidence,2026-09-13,3,GB-WLS,quantile,0.75,176.58041660911832
2026-09-02,ARI incidence,2026-09-13,3,GB-WLS,quantile,0.8,201.930530596341
2026-09-02,ARI incidence,2026-09-13,3,GB-WLS,quantile,0.9,282.603401912096
2026-09-02,ARI incidence,2026-09-13,3,GB-WLS,quantile,0.95,371.9548461504633
2026-09-02,ARI incidence,2026-09-13,3,GB-WLS,quantile,0.975,465.5222380210597
2026-09-02,ARI incidence,2026-09-13,3,GB-WLS,quantile,0.99,618.2821629898172
2026-09-02,ARI incidence,2026-09-13,3,GB-WLS,median,NA,106.50992437345695
2026-09-02,ARI incidence,2026-09-20,4,GB-WLS,quantile,0.01,29.188515547491683
2026-09-02,ARI incidence,2026-09-20,4,GB-WLS,quantile,0.025,36.80672557123777
2026-09-02,ARI incidence,2026-09-20,4,GB-WLS,quantile,0.05,45.3136676168243
2026-09-02,ARI incidence,2026-09-20,4,GB-WLS,quantile,0.1,57.13301080342777
2026-09-02,ARI incidence,2026-09-20,4,GB-WLS,quantile,0.15,65.62970252074099
2026-09-02,ARI incidence,2026-09-20,4,GB-WLS,quantile,0.2,74.61020904787203
2026-09-02,ARI incidence,2026-09-20,4,GB-WLS,quantile,0.25,82.99033992445047
2026-09-02,ARI incidence,2026-09-20,4,GB-WLS,quantile,0.3,90.9343179575356
2026-09-02,ARI incidence,2026-09-20,4,GB-WLS,quantile,0.35,98.92309308853748
2026-09-02,ARI incidence,2026-09-20,4,GB-WLS,quantile,0.4,107.9015431523852
2026-09-02,ARI incidence,2026-09-20,4,GB-WLS,quantile,0.45,116.67777413246692
2026-09-02,ARI incidence,2026-09-20,4,GB-WLS,quantile,0.5,126.71880743224573
2026-09-02,ARI incidence,2026-09-20,4,GB-WLS,quantile,0.55,136.20061442339625
2026-09-02,ARI incidence,2026-09-20,4,GB-WLS,quantile,0.6,147.8672042881507
2026-09-02,ARI incidence,2026-09-20,4,GB-WLS,quantile,0.65,159.69564289107907
2026-09-02,ARI incidence,2026-09-20,4,GB-WLS,quantile,0.7,173.9617443885162
2026-09-02,ARI incidence,2026-09-20,4,GB-WLS,quantile,0.75,190.54404949823208
2026-09-02,ARI incidence,2026-09-20,4,GB-WLS,quantile,0.8,210.07247100587537
2026-09-02,ARI incidence,2026-09-20,4,GB-WLS,quantile,0.85,238.30437815566097
2026-09-02,ARI incidence,2026-09-20,4,GB-WLS,quantile,0.9,278.994247650137
2026-09-02,ARI incidence,2026-09-20,4,GB-WLS,quantile,0.95,346.7270631868772
2026-09-02,ARI incidence,2026-09-20,4,GB-WLS,quantile,0.975,416.1081362383585
2026-09-02,ARI incidence,2026-09-20,4,GB-WLS,quantile,0.99,535.8341489428649
2026-09-02,ARI incidence,2026-09-20,4,GB-WLS,median,NA,126.71880743224573
2026-09-02,ARI incidence,2026-08-30,1,HU,quantile,0.3,299.7092266903353
2026-09-02,ARI incidence,2026-08-30,1,HU,quantile,0.4,310.63199830940084
2026-09-02,ARI incidence,2026-08-30,1,HU,quantile,0.5,321.7636213468419
2026-09-02,ARI incidence,2026-08-30,1,HU,quantile,0.25,293.71284777146224
2026-09-02,ARI incidence,2026-08-30,1,HU,quantile,0.55,327.1876150038174
2026-09-02,ARI incidence,2026-08-30,1,HU,quantile,0.6,332.88527832967867
2026-09-02,ARI incidence,2026-08-30,1,HU,quantile,0.35,305.21803388171804
2026-09-02,ARI incidence,2026-08-30,1,HU,quantile,0.01,233.57587882524308
2026-09-02,ARI incidence,2026-08-30,1,HU,quantile,0.025,246.78038818770085
2026-09-02,ARI incidence,2026-08-30,1,HU,quantile,0.2,286.85073672258295
2026-09-02,ARI incidence,2026-08-30,1,HU,quantile,0.45,315.9626283318946
2026-09-02,ARI incidence,2026-08-30,1,HU,quantile,0.65,338.59640411647325
2026-09-02,ARI incidence,2026-08-30,1,HU,quantile,0.8,359.97456062295316
2026-09-02,ARI incidence,2026-08-30,1,HU,quantile,0.85,370.4537454091649
2026-09-02,ARI incidence,2026-08-30,1,HU,quantile,0.9,383.03895781682905
2026-09-02,ARI incidence,2026-08-30,1,HU,quantile,0.95,401.9595209012382
2026-09-02,ARI incidence,2026-08-30,1,HU,quantile,0.99,439.80667146235544
2026-09-02,ARI incidence,2026-08-30,1,HU,quantile,0.15,279.834085668468
2026-09-02,ARI incidence,2026-08-30,1,HU,quantile,0.05,258.46809602604304
2026-09-02,ARI incidence,2026-08-30,1,HU,quantile,0.1,271.5916381691894
2026-09-02,ARI incidence,2026-08-30,1,HU,quantile,0.7,345.1479766852316
2026-09-02,ARI incidence,2026-08-30,1,HU,quantile,0.75,351.9563347674232
2026-09-02,ARI incidence,2026-08-30,1,HU,quantile,0.975,419.3876465490318
2026-09-02,ARI incidence,2026-08-30,1,HU,median,NA,321.7636213468419
2026-09-02,ARI incidence,2026-09-06,2,HU,quantile,0.95,466.51704611022257
2026-09-02,ARI incidence,2026-09-06,2,HU,quantile,0.9,435.5609204028959
2026-09-02,ARI incidence,2026-09-06,2,HU,quantile,0.975,498.57767263518866
2026-09-02,ARI incidence,2026-09-06,2,HU,quantile,0.85,415.54805416635736
2026-09-02,ARI incidence,2026-09-06,2,HU,quantile,0.01,218.76379412924788
2026-09-02,ARI incidence,2026-09-06,2,HU,quantile,0.8,399.8386329367275
2026-09-02,ARI incidence,2026-09-06,2,HU,quantile,0.75,387.2945254463651
2026-09-02,ARI incidence,2026-09-06,2,HU,quantile,0.5,341.0456230379698
2026-09-02,ARI incidence,2026-09-06,2,HU,quantile,0.1,265.66743471316926
2026-09-02,ARI incidence,2026-09-06,2,HU,quantile,0.15,278.7097176306791
2026-09-02,ARI incidence,2026-09-06,2,HU,quantile,0.2,289.53505666412786
2026-09-02,ARI incidence,2026-09-06,2,HU,quantile,0.25,298.97186916306794
2026-09-02,ARI incidence,2026-09-06,2,HU,quantile,0.7,376.9182690654766
2026-09-02,ARI incidence,2026-09-06,2,HU,quantile,0.6,357.6833150031409
2026-09-02,ARI incidence,2026-09-06,2,HU,quantile,0.025,234.31991247838212
2026-09-02,ARI incidence,2026-09-06,2,HU,quantile,0.3,308.00970020888525
2026-09-02,ARI incidence,2026-09-06,2,HU,quantile,0.35,316.24368651261636
2026-09-02,ARI incidence,2026-09-06,2,HU,quantile,0.99,535.902697315716
2026-09-02,ARI incidence,2026-09-06,2,HU,quantile,0.65,366.9491574439448
2026-09-02,ARI incidence,2026-09-06,2,HU,quantile,0.05,249.05934009050975
2026-09-02,ARI incidence,2026-09-06,2,HU,quantile,0.4,324.6648365863565
2026-09-02,ARI incidence,2026-09-06,2,HU,quantile,0.45,332.61855269556725
2026-09-02,ARI incidence,2026-09-06,2,HU,quantile,0.55,349.28823493622224
2026-09-02,ARI incidence,2026-09-06,2,HU,median,NA,341.0456230379698
2026-09-02,ARI incidence,2026-09-13,3,HU,quantile,0.25,319.9663183725637
2026-09-02,ARI incidence,2026-09-13,3,HU,quantile,0.2,307.8696503036894
2026-09-02,ARI incidence,2026-09-13,3,HU,quantile,0.85,481.01834076101744
2026-09-02,ARI incidence,2026-09-13,3,HU,quantile,0.975,598.6515727569978
2026-09-02,ARI incidence,2026-09-13,3,HU,quantile,0.01,218.9428082804599
2026-09-02,ARI incidence,2026-09-13,3,HU,quantile,0.025,237.97763655245691
2026-09-02,ARI incidence,2026-09-13,3,HU,quantile,0.65,411.0210505552253
2026-09-02,ARI incidence,2026-09-13,3,HU,quantile,0.9,509.53960141417934
2026-09-02,ARI incidence,2026-09-13,3,HU,quantile,0.95,554.8338006641806
2026-09-02,ARI incidence,2026-09-13,3,HU,quantile,0.1,278.47007325351206
2026-09-02,ARI incidence,2026-09-13,3,HU,quantile,0.15,294.6655543090625
2026-09-02,ARI incidence,2026-09-13,3,HU,quantile,0.7,425.4791905444578
2026-09-02,ARI incidence,2026-09-13,3,HU,quantile,0.75,440.9080123780728
2026-09-02,ARI incidence,2026-09-13,3,HU,quantile,0.4,353.43069616822476
2026-09-02,ARI incidence,2026-09-13,3,HU,quantile,0.8,459.1956247508843
2026-09-02,ARI incidence,2026-09-13,3,HU,quantile,0.3,331.39663953087677
2026-09-02,ARI incidence,2026-09-13,3,HU,quantile,0.45,363.9512449687032
2026-09-02,ARI incidence,2026-09-13,3,HU,quantile,0.05,255.89617659198152
2026-09-02,ARI incidence,2026-09-13,3,HU,quantile,0.35,342.3261960939775
2026-09-02,ARI incidence,2026-09-13,3,HU,quantile,0.5,374.5561665849565
2026-09-02,ARI incidence,2026-09-13,3,HU,quantile,0.55,385.2561289211437
2026-09-02,ARI incidence,2026-09-13,3,HU,quantile,0.99,659.2236838104643
2026-09-02,ARI incidence,2026-09-13,3,HU,quantile,0.6,397.57141679881573
2026-09-02,ARI incidence,2026-09-13,3,HU,median,NA,374.5561665849565
2026-09-02,ARI incidence,2026-09-20,4,HU,quantile,0.01,244.51010586717493
2026-09-02,ARI incidence,2026-09-20,4,HU,quantile,0.025,262.50604808814234
2026-09-02,ARI incidence,2026-09-20,4,HU,quantile,0.15,314.0333770525133
2026-09-02,ARI incidence,2026-09-20,4,HU,quantile,0.1,299.84850124520716
2026-09-02,ARI incidence,2026-09-20,4,HU,quantile,0.05,279.45588870699527
2026-09-02,ARI incidence,2026-09-20,4,HU,quantile,0.2,326.0972018756029
2026-09-02,ARI incidence,2026-09-20,4,HU,quantile,0.25,337.06736849859294
2026-09-02,ARI incidence,2026-09-20,4,HU,quantile,0.35,356.60813843497505
2026-09-02,ARI incidence,2026-09-20,4,HU,quantile,0.3,347.1885839440398
2026-09-02,ARI incidence,2026-09-20,4,HU,quantile,0.45,375.2569889378234
2026-09-02,ARI incidence,2026-09-20,4,HU,quantile,0.55,394.7142310521036
2026-09-02,ARI incidence,2026-09-20,4,HU,quantile,0.5,384.6588733720204
2026-09-02,ARI incidence,2026-09-20,4,HU,quantile,0.75,440.9049168446221
2026-09-02,ARI incidence,2026-09-20,4,HU,quantile,0.95,537.3722804405681
2026-09-02,ARI incidence,2026-09-20,4,HU,quantile,0.975,572.0060269612081
2026-09-02,ARI incidence,2026-09-20,4,HU,quantile,0.9,495.75125190357215
2026-09-02,ARI incidence,2026-09-20,4,HU,quantile,0.8,454.7000361647746
2026-09-02,ARI incidence,2026-09-20,4,HU,quantile,0.85,472.9145603137323
2026-09-02,ARI incidence,2026-09-20,4,HU,quantile,0.99,613.4188765237601
2026-09-02,ARI incidence,2026-09-20,4,HU,quantile,0.65,415.1501732843624
2026-09-02,ARI incidence,2026-09-20,4,HU,quantile,0.7,427.3054357512158
2026-09-02,ARI incidence,2026-09-20,4,HU,quantile,0.6,404.9173840554034
2026-09-02,ARI incidence,2026-09-20,4,HU,quantile,0.4,365.716810324304
2026-09-02,ARI incidence,2026-09-20,4,HU,median,NA,384.6588733720204
2026-09-02,ARI incidence,2026-08-30,1,IE,quantile,0.35,25.23776600222896
2026-09-02,ARI incidence,2026-08-30,1,IE,quantile,0.99,32.27936977830205
2026-09-02,ARI incidence,2026-08-30,1,IE,quantile,0.4,25.518662685607524
2026-09-02,ARI incidence,2026-08-30,1,IE,quantile,0.25,24.595927058979473
2026-09-02,ARI incidence,2026-08-30,1,IE,quantile,0.3,24.919155123692843
2026-09-02,ARI incidence,2026-08-30,1,IE,quantile,0.975,31.2531218875123
2026-09-02,ARI incidence,2026-08-30,1,IE,quantile,0.9,29.34983579242403
2026-09-02,ARI incidence,2026-08-30,1,IE,quantile,0.45,25.81831723012025
2026-09-02,ARI incidence,2026-08-30,1,IE,quantile,0.55,26.43961783893221
2026-09-02,ARI incidence,2026-08-30,1,IE,quantile,0.5,26.13597583325292
2026-09-02,ARI incidence,2026-08-30,1,IE,quantile,0.8,28.2206640179748
2026-09-02,ARI incidence,2026-08-30,1,IE,quantile,0.2,24.207007575433895
2026-09-02,ARI incidence,2026-08-30,1,IE,quantile,0.15,23.769331596436825
2026-09-02,ARI incidence,2026-08-30,1,IE,quantile,0.95,30.368995048625777
2026-09-02,ARI incidence,2026-08-30,1,IE,quantile,0.85,28.734976530072636
2026-09-02,ARI incidence,2026-08-30,1,IE,quantile,0.7,27.460969994191093
2026-09-02,ARI incidence,2026-08-30,1,IE,quantile,0.025,21.923347524035563
2026-09-02,ARI incidence,2026-08-30,1,IE,quantile,0.75,27.830971933248986
2026-09-02,ARI incidence,2026-08-30,1,IE,quantile,0.65,27.118892517665937
2026-09-02,ARI incidence,2026-08-30,1,IE,quantile,0.6,26.77623231454066
2026-09-02,ARI incidence,2026-08-30,1,IE,quantile,0.1,23.2770141969114
2026-09-02,ARI incidence,2026-08-30,1,IE,quantile,0.05,22.56351873235108
2026-09-02,ARI incidence,2026-08-30,1,IE,quantile,0.01,21.14315356427378
2026-09-02,ARI incidence,2026-08-30,1,IE,median,NA,26.13597583325292
2026-09-02,ARI incidence,2026-09-06,2,IE,quantile,0.975,43.49971563303399
2026-09-02,ARI incidence,2026-09-06,2,IE,quantile,0.75,31.396303784510497
2026-09-02,ARI incidence,2026-09-06,2,IE,quantile,0.2,21.418856759630938
2026-09-02,ARI incidence,2026-09-06,2,IE,quantile,0.35,24.04379117490457
2026-09-02,ARI incidence,2026-09-06,2,IE,quantile,0.95,40.19174859934947
2026-09-02,ARI incidence,2026-09-06,2,IE,quantile,0.15,20.305954419140576
2026-09-02,ARI incidence,2026-09-06,2,IE,quantile,0.8,32.876814740942365
2026-09-02,ARI incidence,2026-09-06,2,IE,quantile,0.85,34.595042131204124
2026-09-02,ARI incidence,2026-09-06,2,IE,quantile,0.9,36.74374228442827
2026-09-02,ARI incidence,2026-09-06,2,IE,quantile,0.99,47.56270692345604
2026-09-02,ARI incidence,2026-09-06,2,IE,quantile,0.1,19.17280768324428
2026-09-02,ARI incidence,2026-09-06,2,IE,quantile,0.7,30.22300420857179
2026-09-02,ARI incidence,2026-09-06,2,IE,quantile,0.4,24.8881563856007
2026-09-02,ARI incidence,2026-09-06,2,IE,quantile,0.45,25.675892225004375
2026-09-02,ARI incidence,2026-09-06,2,IE,quantile,0.25,22.2829723361124
2026-09-02,ARI incidence,2026-09-06,2,IE,quantile,0.55,27.40922150260136
2026-09-02,ARI incidence,2026-09-06,2,IE,quantile,0.65,29.273643020176728
2026-09-02,ARI incidence,2026-09-06,2,IE,quantile,0.05,17.658472676637953
2026-09-02,ARI incidence,2026-09-06,2,IE,quantile,0.01,14.84229903693239
2026-09-02,ARI incidence,2026-09-06,2,IE,quantile,0.5,26.536225086616064
2026-09-02,ARI incidence,2026-09-06,2,IE,quantile,0.025,16.308364603236765
2026-09-02,ARI incidence,2026-09-06,2,IE,quantile,0.3,23.22627601427399
2026-09-02,ARI incidence,2026-09-06,2,IE,quantile,0.6,28.347168433040455
2026-09-02,ARI incidence,2026-09-06,2,IE,median,NA,26.536225086616064
2026-09-02,ARI incidence,2026-09-13,3,IE,quantile,0.99,24.990387089104907
2026-09-02,ARI incidence,2026-09-13,3,IE,quantile,0.8,20.980427390073768
2026-09-02,ARI incidence,2026-09-13,3,IE,quantile,0.7,20.2578944010415
2026-09-02,ARI incidence,2026-09-13,3,IE,quantile,0.65,19.95748060085541
2026-09-02,ARI incidence,2026-09-13,3,IE,quantile,0.6,19.672381356212934
2026-09-02,ARI incidence,2026-09-13,3,IE,quantile,0.975,23.864208613592332
2026-09-02,ARI incidence,2026-09-13,3,IE,quantile,0.75,20.608484811059984
2026-09-02,ARI incidence,2026-09-13,3,IE,quantile,0.95,23.041366676900875
2026-09-02,ARI incidence,2026-09-13,3,IE,quantile,0.55,19.3756758880362
2026-09-02,ARI incidence,2026-09-13,3,IE,quantile,0.35,18.285494708600975
2026-09-02,ARI incidence,2026-09-13,3,IE,quantile,0.85,21.437630214632463
2026-09-02,ARI incidence,2026-09-13,3,IE,quantile,0.45,18.823512650848393
2026-09-02,ARI incidence,2026-09-13,3,IE,quantile,0.9,22.09047073741666
2026-09-02,ARI incidence,2026-09-13,3,IE,quantile,0.5,19.09796906490607
2026-09-02,ARI incidence,2026-09-13,3,IE,quantile,0.4,18.565104592721607
2026-09-02,ARI incidence,2026-09-13,3,IE,quantile,0.3,17.99911228405417
2026-09-02,ARI incidence,2026-09-13,3,IE,quantile,0.25,17.725343395879353
2026-09-02,ARI incidence,2026-09-13,3,IE,quantile,0.1,16.55538979162653
2026-09-02,ARI incidence,2026-09-13,3,IE,quantile,0.05,15.879549292195952
2026-09-02,ARI incidence,2026-09-13,3,IE,quantile,0.2,17.394685179688146
2026-09-02,ARI incidence,2026-09-13,3,IE,quantile,0.15,17.013924694892886
2026-09-02,ARI incidence,2026-09-13,3,IE,quantile,0.01,14.72074496504626
2026-09-02,ARI incidence,2026-09-13,3,IE,quantile,0.025,15.336009943350176
2026-09-02,ARI incidence,2026-09-13,3,IE,median,NA,19.09796906490607
2026-09-02,ARI incidence,2026-09-20,4,IE,quantile,0.99,27.955534635479907
2026-09-02,ARI incidence,2026-09-20,4,IE,quantile,0.85,25.027326145942613
2026-09-02,ARI incidence,2026-09-20,4,IE,quantile,0.7,23.892872861643692
2026-09-02,ARI incidence,2026-09-20,4,IE,quantile,0.95,26.405691932018375
2026-09-02,ARI incidence,2026-09-20,4,IE,quantile,0.9,25.57613600296377
2026-09-02,ARI incidence,2026-09-20,4,IE,quantile,0.975,27.08901726004928
2026-09-02,ARI incidence,2026-09-20,4,IE,quantile,0.8,24.619943493186103
2026-09-02,ARI incidence,2026-09-20,4,IE,quantile,0.45,22.514516484998193
2026-09-02,ARI incidence,2026-09-20,4,IE,quantile,0.5,22.76056274464261
2026-09-02,ARI incidence,2026-09-20,4,IE,quantile,0.2,21.149527637688305
2026-09-02,ARI incidence,2026-09-20,4,IE,quantile,0.25,21.451286703091093
2026-09-02,ARI incidence,2026-09-20,4,IE,quantile,0.3,21.738553053947292
2026-09-02,ARI incidence,2026-09-20,4,IE,quantile,0.025,19.12183043400322
2026-09-02,ARI incidence,2026-09-20,4,IE,quantile,0.1,20.313211470340185
2026-09-02,ARI incidence,2026-09-20,4,IE,quantile,0.15,20.77914696440942
2026-09-02,ARI incidence,2026-09-20,4,IE,quantile,0.05,19.64724265520242
2026-09-02,ARI incidence,2026-09-20,4,IE,quantile,0.35,22.020055266919215
2026-09-02,ARI incidence,2026-09-20,4,IE,quantile,0.4,22.250711297178537
2026-09-02,ARI incidence,2026-09-20,4,IE,quantile,0.55,23.027837189163183
2026-09-02,ARI incidence,2026-09-20,4,IE,quantile,0.75,24.2360653649457
2026-09-02,ARI incidence,2026-09-20,4,IE,quantile,0.6,23.29615352769418
2026-09-02,ARI incidence,2026-09-20,4,IE,quantile,0.65,23.604232196375648
2026-09-02,ARI incidence,2026-09-20,4,IE,quantile,0.01,18.537645324413777
2026-09-02,ARI incidence,2026-09-20,4,IE,median,NA,22.76056274464261
2026-09-02,ARI incidence,2026-08-30,1,IS,quantile,0.01,24.19044923052531
2026-09-02,ARI incidence,2026-08-30,1,IS,quantile,0.35,26.819378312666448
2026-09-02,ARI incidence,2026-08-30,1,IS,quantile,0.3,26.62916420039329
2026-09-02,ARI incidence,2026-08-30,1,IS,quantile,0.75,28.41064896748093
2026-09-02,ARI incidence,2026-08-30,1,IS,quantile,0.2,26.18160154821397
2026-09-02,ARI incidence,2026-08-30,1,IS,quantile,0.5,27.372136162159
2026-09-02,ARI incidence,2026-08-30,1,IS,quantile,0.1,25.559450806208662
2026-09-02,ARI incidence,2026-08-30,1,IS,quantile,0.85,29.01400243559827
2026-09-02,ARI incidence,2026-08-30,1,IS,quantile,0.25,26.412640145273244
2026-09-02,ARI incidence,2026-08-30,1,IS,quantile,0.4,26.99405722988321
2026-09-02,ARI incidence,2026-08-30,1,IS,quantile,0.05,25.07625016332056
2026-09-02,ARI incidence,2026-08-30,1,IS,quantile,0.8,28.69332755377675
2026-09-02,ARI incidence,2026-08-30,1,IS,quantile,0.15,25.913413863664804
2026-09-02,ARI incidence,2026-08-30,1,IS,quantile,0.6,27.766432157827506
2026-09-02,ARI incidence,2026-08-30,1,IS,quantile,0.9,29.398821008340647
2026-09-02,ARI incidence,2026-08-30,1,IS,quantile,0.025,24.668666160568684
2026-09-02,ARI incidence,2026-08-30,1,IS,quantile,0.55,27.559203739065804
2026-09-02,ARI incidence,2026-08-30,1,IS,quantile,0.65,27.962078487979223
2026-09-02,ARI incidence,2026-08-30,1,IS,quantile,0.7,28.170356863788115
2026-09-02,ARI incidence,2026-08-30,1,IS,quantile,0.99,31.12572690225717
2026-09-02,ARI incidence,2026-08-30,1,IS,quantile,0.45,27.186028590289965
2026-09-02,ARI incidence,2026-08-30,1,IS,quantile,0.95,29.984897178646563
2026-09-02,ARI incidence,2026-08-30,1,IS,quantile,0.975,30.475003112327865
2026-09-02,ARI incidence,2026-08-30,1,IS,median,NA,27.372136162159
2026-09-02,ARI incidence,2026-09-06,2,IS,quantile,0.3,32.80812499352819
2026-09-02,ARI incidence,2026-09-06,2,IS,quantile,0.25,32.648290761889925
2026-09-02,ARI incidence,2026-09-06,2,IS,quantile,0.01,30.66735558356804
2026-09-02,ARI incidence,2026-09-06,2,IS,quantile,0.1,31.95437439153118
2026-09-02,ARI incidence,2026-09-06,2,IS,quantile,0.2,32.452499960483415
2026-09-02,ARI incidence,2026-09-06,2,IS,quantile,0.025,31.11974121358874
2026-09-02,ARI incidence,2026-09-06,2,IS,quantile,0.05,31.535116753269385
2026-09-02,ARI incidence,2026-09-06,2,IS,quantile,0.15,32.22272320895347
2026-09-02,ARI incidence,2026-09-06,2,IS,quantile,0.4,33.134102011066815
2026-09-02,ARI incidence,2026-09-06,2,IS,quantile,0.35,32.975327655194135
2026-09-02,ARI incidence,2026-09-06,2,IS,quantile,0.45,33.29297816222356
2026-09-02,ARI incidence,2026-09-06,2,IS,quantile,0.5,33.442672999894334
2026-09-02,ARI incidence,2026-09-06,2,IS,quantile,0.55,33.586445187063184
2026-09-02,ARI incidence,2026-09-06,2,IS,quantile,0.65,33.898394330242574
2026-09-02,ARI incidence,2026-09-06,2,IS,quantile,0.8,34.45292420160816
2026-09-02,ARI incidence,2026-09-06,2,IS,quantile,0.6,33.73937834179733
2026-09-02,ARI incidence,2026-09-06,2,IS,quantile,0.975,35.91641197025934
2026-09-02,ARI incidence,2026-09-06,2,IS,quantile,0.85,34.6974912944398
2026-09-02,ARI incidence,2026-09-06,2,IS,quantile,0.9,35.01022688680688
2026-09-02,ARI incidence,2026-09-06,2,IS,quantile,0.7,34.05747626987592
2026-09-02,ARI incidence,2026-09-06,2,IS,quantile,0.95,35.45201787151871
2026-09-02,ARI incidence,2026-09-06,2,IS,quantile,0.99,36.359429893164325
2026-09-02,ARI incidence,2026-09-06,2,IS,quantile,0.75,34.25384850844482
2026-09-02,ARI incidence,2026-09-06,2,IS,median,NA,33.442672999894334
2026-09-02,ARI incidence,2026-09-13,3,IS,quantile,0.99,32.38669025189336
2026-09-02,ARI incidence,2026-09-13,3,IS,quantile,0.975,31.391471820241364
2026-09-02,ARI incidence,2026-09-13,3,IS,quantile,0.9,29.335712086975935
2026-09-02,ARI incidence,2026-09-13,3,IS,quantile,0.95,30.407031637606288
2026-09-02,ARI incidence,2026-09-13,3,IS,quantile,0.85,28.66062334826871
2026-09-02,ARI incidence,2026-09-13,3,IS,quantile,0.8,28.13323239114505
2026-09-02,ARI incidence,2026-09-13,3,IS,quantile,0.75,27.68404064879094
2026-09-02,ARI incidence,2026-09-13,3,IS,quantile,0.7,27.290368168578887
2026-09-02,ARI incidence,2026-09-13,3,IS,quantile,0.65,26.948941317576335
2026-09-02,ARI incidence,2026-09-13,3,IS,quantile,0.45,25.683324761055992
2026-09-02,ARI incidence,2026-09-13,3,IS,quantile,0.5,25.98516325683559
2026-09-02,ARI incidence,2026-09-13,3,IS,quantile,0.55,26.308491891776995
2026-09-02,ARI incidence,2026-09-13,3,IS,quantile,0.6,26.625319036838672
2026-09-02,ARI incidence,2026-09-13,3,IS,quantile,0.4,25.36076786305464
2026-09-02,ARI incidence,2026-09-13,3,IS,quantile,0.25,24.351821595952135
2026-09-02,ARI incidence,2026-09-13,3,IS,quantile,0.3,24.70846009572919
2026-09-02,ARI incidence,2026-09-13,3,IS,quantile,0.01,20.82409629872457
2026-09-02,ARI incidence,2026-09-13,3,IS,quantile,0.025,21.507542354909464
2026-09-02,ARI incidence,2026-09-13,3,IS,quantile,0.05,22.15638599871934
2026-09-02,ARI incidence,2026-09-13,3,IS,quantile,0.1,22.956843260490288
2026-09-02,ARI incidence,2026-09-13,3,IS,quantile,0.15,23.48220045811602
2026-09-02,ARI incidence,2026-09-13,3,IS,quantile,0.2,23.942374280465884
2026-09-02,ARI incidence,2026-09-13,3,IS,quantile,0.35,25.048755561034667
2026-09-02,ARI incidence,2026-09-13,3,IS,median,NA,25.98516325683559
2026-09-02,ARI incidence,2026-09-20,4,IS,quantile,0.55,30.30067046038409
2026-09-02,ARI incidence,2026-09-20,4,IS,quantile,0.6,30.67678358490507
2026-09-02,ARI incidence,2026-09-20,4,IS,quantile,0.5,29.951936581586803
2026-09-02,ARI incidence,2026-09-20,4,IS,quantile,0.45,29.588240884385527
2026-09-02,ARI incidence,2026-09-20,4,IS,quantile,0.65,31.05994430874388
2026-09-02,ARI incidence,2026-09-20,4,IS,quantile,0.05,25.50712473175893
2026-09-02,ARI incidence,2026-09-20,4,IS,quantile,0.25,28.02313595823405
2026-09-02,ARI incidence,2026-09-20,4,IS,quantile,0.4,29.225503303340147
2026-09-02,ARI incidence,2026-09-20,4,IS,quantile,0.7,31.48852000200756
2026-09-02,ARI incidence,2026-09-20,4,IS,quantile,0.35,28.85264579549945
2026-09-02,ARI incidence,2026-09-20,4,IS,quantile,0.1,26.456203663383484
2026-09-02,ARI incidence,2026-09-20,4,IS,quantile,0.15,27.064081897295143
2026-09-02,ARI incidence,2026-09-20,4,IS,quantile,0.025,24.69192047192873
2026-09-02,ARI incidence,2026-09-20,4,IS,quantile,0.2,27.569204956560355
2026-09-02,ARI incidence,2026-09-20,4,IS,quantile,0.3,28.467952147684137
2026-09-02,ARI incidence,2026-09-20,4,IS,quantile,0.75,31.93092719871715
2026-09-02,ARI incidence,2026-09-20,4,IS,quantile,0.9,33.83868551287334
2026-09-02,ARI incidence,2026-09-20,4,IS,quantile,0.8,32.4288351390936
2026-09-02,ARI incidence,2026-09-20,4,IS,quantile,0.85,33.028436992731066
2026-09-02,ARI incidence,2026-09-20,4,IS,quantile,0.01,23.860595735944298
2026-09-02,ARI incidence,2026-09-20,4,IS,quantile,0.95,35.02910520039942
2026-09-02,ARI incidence,2026-09-20,4,IS,quantile,0.975,36.08851573807226
2026-09-02,ARI incidence,2026-09-20,4,IS,quantile,0.99,37.44285875280035
2026-09-02,ARI incidence,2026-09-20,4,IS,median,NA,29.951936581586803
2026-09-02,ARI incidence,2026-08-30,1,LT,quantile,0.75,223.42409669133505
2026-09-02,ARI incidence,2026-08-30,1,LT,quantile,0.8,236.2996625887388
2026-09-02,ARI incidence,2026-08-30,1,LT,quantile,0.85,251.9793460033264
2026-09-02,ARI incidence,2026-08-30,1,LT,quantile,0.7,213.401304035875
2026-09-02,ARI incidence,2026-08-30,1,LT,quantile,0.975,338.3344704700291
2026-09-02,ARI incidence,2026-08-30,1,LT,quantile,0.99,378.9167606528836
2026-09-02,ARI incidence,2026-08-30,1,LT,quantile,0.65,204.2709454850051
2026-09-02,ARI incidence,2026-08-30,1,LT,quantile,0.9,273.02961360779767
2026-09-02,ARI incidence,2026-08-30,1,LT,quantile,0.95,306.13740442582537
2026-09-02,ARI incidence,2026-08-30,1,LT,quantile,0.6,196.2637522773781
2026-09-02,ARI incidence,2026-08-30,1,LT,quantile,0.3,154.07360944524157
2026-09-02,ARI incidence,2026-08-30,1,LT,quantile,0.1,120.87888068259436
2026-09-02,ARI incidence,2026-08-30,1,LT,quantile,0.45,174.44423470149053
2026-09-02,ARI incidence,2026-08-30,1,LT,quantile,0.5,181.72151957317465
2026-09-02,ARI incidence,2026-08-30,1,LT,quantile,0.35,160.92138948819075
2026-09-02,ARI incidence,2026-08-30,1,LT,quantile,0.025,96.68617150179156
2026-09-02,ARI incidence,2026-08-30,1,LT,quantile,0.55,188.78597613255135
2026-09-02,ARI incidence,2026-08-30,1,LT,quantile,0.15,130.52428393403483
2026-09-02,ARI incidence,2026-08-30,1,LT,quantile,0.4,167.74614514218203
2026-09-02,ARI incidence,2026-08-30,1,LT,quantile,0.25,146.7126862902039
2026-09-02,ARI incidence,2026-08-30,1,LT,quantile,0.01,85.9378259874212
2026-09-02,ARI incidence,2026-08-30,1,LT,quantile,0.05,107.15046783376552
2026-09-02,ARI incidence,2026-08-30,1,LT,quantile,0.2,138.81315526101946
2026-09-02,ARI incidence,2026-08-30,1,LT,median,NA,181.72151957317465
2026-09-02,ARI incidence,2026-09-06,2,LT,quantile,0.99,511.5254513464525
2026-09-02,ARI incidence,2026-09-06,2,LT,quantile,0.975,432.43644320424664
2026-09-02,ARI incidence,2026-09-06,2,LT,quantile,0.01,71.79246591184314
2026-09-02,ARI incidence,2026-09-06,2,LT,quantile,0.95,383.6675955009184
2026-09-02,ARI incidence,2026-09-06,2,LT,quantile,0.025,84.2453119913423
2026-09-02,ARI incidence,2026-09-06,2,LT,quantile,0.05,95.73515479836291
2026-09-02,ARI incidence,2026-09-06,2,LT,quantile,0.1,112.70528005733016
2026-09-02,ARI incidence,2026-09-06,2,LT,quantile,0.9,330.91960535509486
2026-09-02,ARI incidence,2026-09-06,2,LT,quantile,0.85,300.18858539114757
2026-09-02,ARI incidence,2026-09-06,2,LT,quantile,0.25,145.06154148151805
2026-09-02,ARI incidence,2026-09-06,2,LT,quantile,0.8,276.1808625520005
2026-09-02,ARI incidence,2026-09-06,2,LT,quantile,0.7,241.18059105190713
2026-09-02,ARI incidence,2026-09-06,2,LT,quantile,0.75,256.4338904442212
2026-09-02,ARI incidence,2026-09-06,2,LT,quantile,0.65,227.40225045162117
2026-09-02,ARI incidence,2026-09-06,2,LT,quantile,0.45,182.7946367528197
2026-09-02,ARI incidence,2026-09-06,2,LT,quantile,0.55,203.41828421395536
2026-09-02,ARI incidence,2026-09-06,2,LT,quantile,0.4,173.28418750898618
2026-09-02,ARI incidence,2026-09-06,2,LT,quantile,0.2,135.2938045405288
2026-09-02,ARI incidence,2026-09-06,2,LT,quantile,0.6,214.72112226140308
2026-09-02,ARI incidence,2026-09-06,2,LT,quantile,0.15,123.96177672041384
2026-09-02,ARI incidence,2026-09-06,2,LT,quantile,0.35,163.6846136129291
2026-09-02,ARI incidence,2026-09-06,2,LT,quantile,0.5,193.24929892668357
2026-09-02,ARI incidence,2026-09-06,2,LT,quantile,0.3,154.51298123078155
2026-09-02,ARI incidence,2026-09-06,2,LT,median,NA,193.24929892668357
2026-09-02,ARI incidence,2026-09-13,3,LT,quantile,0.25,150.70713856404095
2026-09-02,ARI incidence,2026-09-13,3,LT,quantile,0.3,166.4623004564702
2026-09-02,ARI incidence,2026-09-13,3,LT,quantile,0.5,233.1179877241144
2026-09-02,ARI incidence,2026-09-13,3,LT,quantile,0.55,252.8363361697186
2026-09-02,ARI incidence,2026-09-13,3,LT,quantile,0.85,460.3840086790699
2026-09-02,ARI incidence,2026-09-13,3,LT,quantile,0.99,1024.3791976435475
2026-09-02,ARI incidence,2026-09-13,3,LT,quantile,0.975,825.6072367320737
2026-09-02,ARI incidence,2026-09-13,3,LT,quantile,0.025,66.116336632506
2026-09-02,ARI incidence,2026-09-13,3,LT,quantile,0.4,198.3770310969666
2026-09-02,ARI incidence,2026-09-13,3,LT,quantile,0.6,276.8319357956448
2026-09-02,ARI incidence,2026-09-13,3,LT,quantile,0.75,361.2182557270478
2026-09-02,ARI incidence,2026-09-13,3,LT,quantile,0.45,215.8464661792092
2026-09-02,ARI incidence,2026-09-13,3,LT,quantile,0.8,400.8579050822424
2026-09-02,ARI incidence,2026-09-13,3,LT,quantile,0.9,540.391400069746
2026-09-02,ARI incidence,2026-09-13,3,LT,quantile,0.95,685.2802926056047
2026-09-02,ARI incidence,2026-09-13,3,LT,quantile,0.01,52.35373679703093
2026-09-02,ARI incidence,2026-09-13,3,LT,quantile,0.15,119.978080354183
2026-09-02,ARI incidence,2026-09-13,3,LT,quantile,0.2,136.16251896969683
2026-09-02,ARI incidence,2026-09-13,3,LT,quantile,0.35,183.02351709952725
2026-09-02,ARI incidence,2026-09-13,3,LT,quantile,0.7,327.5391240997337
2026-09-02,ARI incidence,2026-09-13,3,LT,quantile,0.65,301.3745868748047
2026-09-02,ARI incidence,2026-09-13,3,LT,quantile,0.05,80.77709110384166
2026-09-02,ARI incidence,2026-09-13,3,LT,quantile,0.1,103.3017784629156
2026-09-02,ARI incidence,2026-09-13,3,LT,median,NA,233.1179877241144
2026-09-02,ARI incidence,2026-09-20,4,LT,quantile,0.975,1079.1069366164918
2026-09-02,ARI incidence,2026-09-20,4,LT,quantile,0.75,440.19911788396894
2026-09-02,ARI incidence,2026-09-20,4,LT,quantile,0.99,1410.8065380293897
2026-09-02,ARI incidence,2026-09-20,4,LT,quantile,0.95,856.7273600001911
2026-09-02,ARI incidence,2026-09-20,4,LT,quantile,0.8,495.0740027143101
2026-09-02,ARI incidence,2026-09-20,4,LT,quantile,0.85,565.5404398692996
2026-09-02,ARI incidence,2026-09-20,4,LT,quantile,0.9,671.8972211068252
2026-09-02,ARI incidence,2026-09-20,4,LT,quantile,0.35,206.4712157188903
2026-09-02,ARI incidence,2026-09-20,4,LT,quantile,0.25,167.09940390347265
2026-09-02,ARI incidence,2026-09-20,4,LT,quantile,0.3,186.1248132909359
2026-09-02,ARI incidence,2026-09-20,4,LT,quantile,0.5,273.92420626041445
2026-09-02,ARI incidence,2026-09-20,4,LT,quantile,0.7,396.13302089429385
2026-09-02,ARI incidence,2026-09-20,4,LT,quantile,0.01,52.158873475213085
2026-09-02,ARI incidence,2026-09-20,4,LT,quantile,0.025,67.18010933412768
2026-09-02,ARI incidence,2026-09-20,4,LT,quantile,0.2,147.28943102987307
2026-09-02,ARI incidence,2026-09-20,4,LT,quantile,0.65,358.7212179868952
2026-09-02,ARI incidence,2026-09-20,4,LT,quantile,0.05,83.59531667486291
2026-09-02,ARI incidence,2026-09-20,4,LT,quantile,0.15,129.38850975724495
2026-09-02,ARI incidence,2026-09-20,4,LT,quantile,0.55,298.9763319983098
2026-09-02,ARI incidence,2026-09-20,4,LT,quantile,0.6,326.9151965451325
2026-09-02,ARI incidence,2026-09-20,4,LT,quantile,0.45,249.74109194379827
2026-09-02,ARI incidence,2026-09-20,4,LT,quantile,0.4,227.68511989338367
2026-09-02,ARI incidence,2026-09-20,4,LT,quantile,0.1,108.90756794593749
2026-09-02,ARI incidence,2026-09-20,4,LT,median,NA,273.92420626041445
2026-09-02,ARI incidence,2026-08-30,1,LU,quantile,0.2,4906.630032045057
2026-09-02,ARI incidence,2026-08-30,1,LU,quantile,0.4,5580.622067528454
2026-09-02,ARI incidence,2026-08-30,1,LU,quantile,0.25,5087.591058650358
2026-09-02,ARI incidence,2026-08-30,1,LU,quantile,0.45,5738.568671177005
2026-09-02,ARI incidence,2026-08-30,1,LU,quantile,0.3,5264.967033006549
2026-09-02,ARI incidence,2026-08-30,1,LU,quantile,0.35,5422.915448848928
2026-09-02,ARI incidence,2026-08-30,1,LU,quantile,0.15,4691.061241464897
2026-09-02,ARI incidence,2026-08-30,1,LU,quantile,0.1,4448.8688178312195
2026-09-02,ARI incidence,2026-08-30,1,LU,quantile,0.55,6067.892213525332
2026-09-02,ARI incidence,2026-08-30,1,LU,quantile,0.01,3524.4252587720043
2026-09-02,ARI incidence,2026-08-30,1,LU,quantile,0.05,4105.7615559542755
2026-09-02,ARI incidence,2026-08-30,1,LU,quantile,0.5,5905.359982970651
2026-09-02,ARI incidence,2026-08-30,1,LU,quantile,0.6,6245.241888041775
2026-09-02,ARI incidence,2026-08-30,1,LU,quantile,0.65,6412.738871559128
2026-09-02,ARI incidence,2026-08-30,1,LU,quantile,0.025,3850.1828733874977
2026-09-02,ARI incidence,2026-08-30,1,LU,quantile,0.7,6619.310446411528
2026-09-02,ARI incidence,2026-08-30,1,LU,quantile,0.85,7394.871610985497
2026-09-02,ARI incidence,2026-08-30,1,LU,quantile,0.95,8488.862971304277
2026-09-02,ARI incidence,2026-08-30,1,LU,quantile,0.99,9666.284661014814
2026-09-02,ARI incidence,2026-08-30,1,LU,quantile,0.75,6846.790726376206
2026-09-02,ARI incidence,2026-08-30,1,LU,quantile,0.8,7103.1572352507965
2026-09-02,ARI incidence,2026-08-30,1,LU,quantile,0.975,9061.470243941309
2026-09-02,ARI incidence,2026-08-30,1,LU,quantile,0.9,7845.719641453405
2026-09-02,ARI incidence,2026-08-30,1,LU,median,NA,5905.359982970651
2026-09-02,ARI incidence,2026-09-06,2,LU,quantile,0.975,17870.047418405935
2026-09-02,ARI incidence,2026-09-06,2,LU,quantile,0.99,21179.236137825446
2026-09-02,ARI incidence,2026-09-06,2,LU,quantile,0.95,14982.633721617643
2026-09-02,ARI incidence,2026-09-06,2,LU,quantile,0.8,10048.311157356282
2026-09-02,ARI incidence,2026-09-06,2,LU,quantile,0.85,11112.848118867909
2026-09-02,ARI incidence,2026-09-06,2,LU,quantile,0.9,12581.472732352906
2026-09-02,ARI incidence,2026-09-06,2,LU,quantile,0.01,2052.5056356237096
2026-09-02,ARI incidence,2026-09-06,2,LU,quantile,0.025,2443.2862349548727
2026-09-02,ARI incidence,2026-09-06,2,LU,quantile,0.05,2850.2439165319406
2026-09-02,ARI incidence,2026-09-06,2,LU,quantile,0.1,3435.12889639169
2026-09-02,ARI incidence,2026-09-06,2,LU,quantile,0.15,3847.582460114641
2026-09-02,ARI incidence,2026-09-06,2,LU,quantile,0.2,4270.174321932859
2026-09-02,ARI incidence,2026-09-06,2,LU,quantile,0.25,4660.533808581699
2026-09-02,ARI incidence,2026-09-06,2,LU,quantile,0.3,5023.87611339927
2026-09-02,ARI incidence,2026-09-06,2,LU,quantile,0.35,5380.197912543218
2026-09-02,ARI incidence,2026-09-06,2,LU,quantile,0.4,5774.497856025372
2026-09-02,ARI incidence,2026-09-06,2,LU,quantile,0.45,6154.287547364888
2026-09-02,ARI incidence,2026-09-06,2,LU,quantile,0.5,6550.825309849997
2026-09-02,ARI incidence,2026-09-06,2,LU,quantile,0.55,6980.998973905297
2026-09-02,ARI incidence,2026-09-06,2,LU,quantile,0.65,7990.254291307606
2026-09-02,ARI incidence,2026-09-06,2,LU,quantile,0.7,8579.121735491342
2026-09-02,ARI incidence,2026-09-06,2,LU,quantile,0.75,9290.200622407594
2026-09-02,ARI incidence,2026-09-06,2,LU,quantile,0.6,7468.588454458413
2026-09-02,ARI incidence,2026-09-06,2,LU,median,NA,6550.825309849997
2026-09-02,ARI incidence,2026-09-13,3,LU,quantile,0.6,5137.760094889909
2026-09-02,ARI incidence,2026-09-13,3,LU,quantile,0.05,1624.7826837719545
2026-09-02,ARI incidence,2026-09-13,3,LU,quantile,0.35,3496.3065913224755
2026-09-02,ARI incidence,2026-09-13,3,LU,quantile,0.4,3761.420622301835
2026-09-02,ARI incidence,2026-09-13,3,LU,quantile,0.45,4050.680307665773
2026-09-02,ARI incidence,2026-09-13,3,LU,quantile,0.65,5576.740028798465
2026-09-02,ARI incidence,2026-09-13,3,LU,quantile,0.8,7379.436302173656
2026-09-02,ARI incidence,2026-09-13,3,LU,quantile,0.85,8343.820700310469
2026-09-02,ARI incidence,2026-09-13,3,LU,quantile,0.1,2043.1242272158993
2026-09-02,ARI incidence,2026-09-13,3,LU,quantile,0.15,2352.325213925002
2026-09-02,ARI incidence,2026-09-13,3,LU,quantile,0.3,3203.662046186741
2026-09-02,ARI incidence,2026-09-13,3,LU,quantile,0.2,2644.004932508388
2026-09-02,ARI incidence,2026-09-13,3,LU,quantile,0.25,2934.490242306134
2026-09-02,ARI incidence,2026-09-13,3,LU,quantile,0.5,4386.066609942967
2026-09-02,ARI incidence,2026-09-13,3,LU,quantile,0.55,4751.507595579229
2026-09-02,ARI incidence,2026-09-13,3,LU,quantile,0.7,6079.302695738999
2026-09-02,ARI incidence,2026-09-13,3,LU,quantile,0.75,6652.356318509528
2026-09-02,ARI incidence,2026-09-13,3,LU,quantile,0.9,9615.364252009942
2026-09-02,ARI incidence,2026-09-13,3,LU,quantile,0.01,1081.268992150563
2026-09-02,ARI incidence,2026-09-13,3,LU,quantile,0.025,1349.8434119693138
2026-09-02,ARI incidence,2026-09-13,3,LU,quantile,0.95,12081.126196754936
2026-09-02,ARI incidence,2026-09-13,3,LU,quantile,0.975,14859.752608676685
2026-09-02,ARI incidence,2026-09-13,3,LU,quantile,0.99,18502.334792095455
2026-09-02,ARI incidence,2026-09-13,3,LU,median,NA,4386.066609942967
2026-09-02,ARI incidence,2026-09-20,4,LU,quantile,0.95,17969.031027747682
2026-09-02,ARI incidence,2026-09-20,4,LU,quantile,0.9,14509.915610931446
2026-09-02,ARI incidence,2026-09-20,4,LU,quantile,0.85,12676.415992988395
2026-09-02,ARI incidence,2026-09-20,4,LU,quantile,0.65,8703.070113191705
2026-09-02,ARI incidence,2026-09-20,4,LU,quantile,0.35,5606.474462719825
2026-09-02,ARI incidence,2026-09-20,4,LU,quantile,0.8,11360.698970600091
2026-09-02,ARI incidence,2026-09-20,4,LU,quantile,0.975,21534.838049051184
2026-09-02,ARI incidence,2026-09-20,4,LU,quantile,0.6,8031.263542319338
2026-09-02,ARI incidence,2026-09-20,4,LU,quantile,0.25,4761.605857165811
2026-09-02,ARI incidence,2026-09-20,4,LU,quantile,0.3,5181.50255973763
2026-09-02,ARI incidence,2026-09-20,4,LU,quantile,0.55,7477.469380877746
2026-09-02,ARI incidence,2026-09-20,4,LU,quantile,0.99,26343.638567966587
2026-09-02,ARI incidence,2026-09-20,4,LU,quantile,0.7,9391.90871888247
2026-09-02,ARI incidence,2026-09-20,4,LU,quantile,0.75,10271.31789478534
2026-09-02,ARI incidence,2026-09-20,4,LU,quantile,0.4,6022.492222786741
2026-09-02,ARI incidence,2026-09-20,4,LU,quantile,0.5,6972.616899633267
2026-09-02,ARI incidence,2026-09-20,4,LU,quantile,0.01,1883.3320726129368
2026-09-02,ARI incidence,2026-09-20,4,LU,quantile,0.025,2302.263604656711
2026-09-02,ARI incidence,2026-09-20,4,LU,quantile,0.05,2720.700003894061
2026-09-02,ARI incidence,2026-09-20,4,LU,quantile,0.1,3376.1835037988603
2026-09-02,ARI incidence,2026-09-20,4,LU,quantile,0.15,3896.5107133247025
2026-09-02,ARI incidence,2026-09-20,4,LU,quantile,0.2,4372.276970585558
2026-09-02,ARI incidence,2026-09-20,4,LU,quantile,0.45,6480.4807298635915
2026-09-02,ARI incidence,2026-09-20,4,LU,median,NA,6972.616899633267
2026-09-02,ARI incidence,2026-08-30,1,NL,quantile,0.7,102.5500006796794
2026-09-02,ARI incidence,2026-08-30,1,NL,quantile,0.6,99.58547848358576
2026-09-02,ARI incidence,2026-08-30,1,NL,quantile,0.65,100.96057809348754
2026-09-02,ARI incidence,2026-08-30,1,NL,quantile,0.25,90.25578363246102
2026-09-02,ARI incidence,2026-08-30,1,NL,quantile,0.3,91.72600503966532
2026-09-02,ARI incidence,2026-08-30,1,NL,quantile,0.2,88.66625390012025
2026-09-02,ARI incidence,2026-08-30,1,NL,quantile,0.4,94.42553092200794
2026-09-02,ARI incidence,2026-08-30,1,NL,quantile,0.15,86.85163838451565
2026-09-02,ARI incidence,2026-08-30,1,NL,quantile,0.1,84.5863134254253
2026-09-02,ARI incidence,2026-08-30,1,NL,quantile,0.05,81.22479849345928
2026-09-02,ARI incidence,2026-08-30,1,NL,quantile,0.35,93.1690514218479
2026-09-02,ARI incidence,2026-08-30,1,NL,quantile,0.45,95.67272874389468
2026-09-02,ARI incidence,2026-08-30,1,NL,quantile,0.5,96.90620649022723
2026-09-02,ARI incidence,2026-08-30,1,NL,quantile,0.55,98.1959889846641
2026-09-02,ARI incidence,2026-08-30,1,NL,quantile,0.75,104.26090025930148
2026-09-02,ARI incidence,2026-08-30,1,NL,quantile,0.025,78.4601221418525
2026-09-02,ARI incidence,2026-08-30,1,NL,quantile,0.8,106.15147413317024
2026-09-02,ARI incidence,2026-08-30,1,NL,quantile,0.9,111.38788570973784
2026-09-02,ARI incidence,2026-08-30,1,NL,quantile,0.95,115.92971723573008
2026-09-02,ARI incidence,2026-08-30,1,NL,quantile,0.975,120.38687269152196
2026-09-02,ARI incidence,2026-08-30,1,NL,quantile,0.85,108.4578608155727
2026-09-02,ARI incidence,2026-08-30,1,NL,quantile,0.01,75.2597355475299
2026-09-02,ARI incidence,2026-08-30,1,NL,quantile,0.99,125.25445363665396
2026-09-02,ARI incidence,2026-08-30,1,NL,median,NA,96.90620649022723
2026-09-02,ARI incidence,2026-09-06,2,NL,quantile,0.01,69.54329007222356
2026-09-02,ARI incidence,2026-09-06,2,NL,quantile,0.25,86.34070398411342
2026-09-02,ARI incidence,2026-09-06,2,NL,quantile,0.975,121.24104689070352
2026-09-02,ARI incidence,2026-09-06,2,NL,quantile,0.99,127.67660258290393
2026-09-02,ARI incidence,2026-09-06,2,NL,quantile,0.025,73.1964027077202
2026-09-02,ARI incidence,2026-09-06,2,NL,quantile,0.15,82.18483969682084
2026-09-02,ARI incidence,2026-09-06,2,NL,quantile,0.2,84.42841889560947
2026-09-02,ARI incidence,2026-09-06,2,NL,quantile,0.4,91.126647904583
2026-09-02,ARI incidence,2026-09-06,2,NL,quantile,0.45,92.70223808629078
2026-09-02,ARI incidence,2026-09-06,2,NL,quantile,0.9,111.2432917246247
2026-09-02,ARI incidence,2026-09-06,2,NL,quantile,0.05,76.01312001429089
2026-09-02,ARI incidence,2026-09-06,2,NL,quantile,0.1,79.61424741850404
2026-09-02,ARI incidence,2026-09-06,2,NL,quantile,0.3,88.02226338449765
2026-09-02,ARI incidence,2026-09-06,2,NL,quantile,0.5,94.14232612151562
2026-09-02,ARI incidence,2026-09-06,2,NL,quantile,0.85,107.68285181328426
2026-09-02,ARI incidence,2026-09-06,2,NL,quantile,0.75,102.83419842570058
2026-09-02,ARI incidence,2026-09-06,2,NL,quantile,0.95,116.6767866493693
2026-09-02,ARI incidence,2026-09-06,2,NL,quantile,0.35,89.55658640933886
2026-09-02,ARI incidence,2026-09-06,2,NL,quantile,0.7,100.88217431813506
2026-09-02,ARI incidence,2026-09-06,2,NL,quantile,0.6,97.22296883271798
2026-09-02,ARI incidence,2026-09-06,2,NL,quantile,0.65,98.93835968892093
2026-09-02,ARI incidence,2026-09-06,2,NL,quantile,0.8,105.08758393169752
2026-09-02,ARI incidence,2026-09-06,2,NL,quantile,0.55,95.72665010267846
2026-09-02,ARI incidence,2026-09-06,2,NL,median,NA,94.14232612151562
2026-09-02,ARI incidence,2026-09-13,3,NL,quantile,0.3,90.5241051067348
2026-09-02,ARI incidence,2026-09-13,3,NL,quantile,0.01,71.07657489002945
2026-09-02,ARI incidence,2026-09-13,3,NL,quantile,0.15,84.70608529420713
2026-09-02,ARI incidence,2026-09-13,3,NL,quantile,0.2,86.79921360050332
2026-09-02,ARI incidence,2026-09-13,3,NL,quantile,0.25,88.85100890982037
2026-09-02,ARI incidence,2026-09-13,3,NL,quantile,0.45,95.59554290075152
2026-09-02,ARI incidence,2026-09-13,3,NL,quantile,0.75,106.3142755506903
2026-09-02,ARI incidence,2026-09-13,3,NL,quantile,0.8,108.70094867887516
2026-09-02,ARI incidence,2026-09-13,3,NL,quantile,0.025,74.62588581351251
2026-09-02,ARI incidence,2026-09-13,3,NL,quantile,0.05,77.59796346219004
2026-09-02,ARI incidence,2026-09-13,3,NL,quantile,0.1,81.66430854716354
2026-09-02,ARI incidence,2026-09-13,3,NL,quantile,0.35,92.2604875112346
2026-09-02,ARI incidence,2026-09-13,3,NL,quantile,0.4,93.9550091844606
2026-09-02,ARI incidence,2026-09-13,3,NL,quantile,0.85,111.75748486611428
2026-09-02,ARI incidence,2026-09-13,3,NL,quantile,0.9,115.59762183823494
2026-09-02,ARI incidence,2026-09-13,3,NL,quantile,0.95,121.45093348829084
2026-09-02,ARI incidence,2026-09-13,3,NL,quantile,0.975,126.67783829236905
2026-09-02,ARI incidence,2026-09-13,3,NL,quantile,0.99,132.52068002610312
2026-09-02,ARI incidence,2026-09-13,3,NL,quantile,0.7,104.27438963736827
2026-09-02,ARI incidence,2026-09-13,3,NL,quantile,0.5,97.24515736264286
2026-09-02,ARI incidence,2026-09-13,3,NL,quantile,0.55,98.85035813622514
2026-09-02,ARI incidence,2026-09-13,3,NL,quantile,0.6,100.4849800649085
2026-09-02,ARI incidence,2026-09-13,3,NL,quantile,0.65,102.36383649075412
2026-09-02,ARI incidence,2026-09-13,3,NL,median,NA,97.24515736264286
2026-09-02,ARI incidence,2026-09-20,4,NL,quantile,0.65,95.21273780009672
2026-09-02,ARI incidence,2026-09-20,4,NL,quantile,0.7,97.76809360375144
2026-09-02,ARI incidence,2026-09-20,4,NL,quantile,0.6,92.7843133008783
2026-09-02,ARI incidence,2026-09-20,4,NL,quantile,0.8,103.817113072934
2026-09-02,ARI incidence,2026-09-20,4,NL,quantile,0.75,100.54144740906467
2026-09-02,ARI incidence,2026-09-20,4,NL,quantile,0.55,90.673206891411
2026-09-02,ARI incidence,2026-09-20,4,NL,quantile,0.9,112.97956948638628
2026-09-02,ARI incidence,2026-09-20,4,NL,quantile,0.99,137.10194656299072
2026-09-02,ARI incidence,2026-09-20,4,NL,quantile,0.85,108.01186219472986
2026-09-02,ARI incidence,2026-09-20,4,NL,quantile,0.025,60.77949482366532
2026-09-02,ARI incidence,2026-09-20,4,NL,quantile,0.3,80.12810270787831
2026-09-02,ARI incidence,2026-09-20,4,NL,quantile,0.5,88.47964471681033
2026-09-02,ARI incidence,2026-09-20,4,NL,quantile,0.45,86.46209590683674
2026-09-02,ARI incidence,2026-09-20,4,NL,quantile,0.95,120.48616711847
2026-09-02,ARI incidence,2026-09-20,4,NL,quantile,0.975,127.5325472735776
2026-09-02,ARI incidence,2026-09-20,4,NL,quantile,0.01,56.92965727625324
2026-09-02,ARI incidence,2026-09-20,4,NL,quantile,0.25,77.8961977269058
2026-09-02,ARI incidence,2026-09-20,4,NL,quantile,0.2,75.27711327613753
2026-09-02,ARI incidence,2026-09-20,4,NL,quantile,0.35,82.20046542807106
2026-09-02,ARI incidence,2026-09-20,4,NL,quantile,0.4,84.33219922517584
2026-09-02,ARI incidence,2026-09-20,4,NL,quantile,0.15,72.53108563810397
2026-09-02,ARI incidence,2026-09-20,4,NL,quantile,0.1,69.18084598489293
2026-09-02,ARI incidence,2026-09-20,4,NL,quantile,0.05,64.31668394494945
2026-09-02,ARI incidence,2026-09-20,4,NL,median,NA,88.47964471681033
2026-09-02,ARI incidence,2026-08-30,1,SI,quantile,0.05,254.06357580892524
2026-09-02,ARI incidence,2026-08-30,1,SI,quantile,0.025,249.0329490127928
2026-09-02,ARI incidence,2026-08-30,1,SI,quantile,0.01,242.44048766336016
2026-09-02,ARI incidence,2026-08-30,1,SI,quantile,0.1,260.77239236917666
2026-09-02,ARI incidence,2026-08-30,1,SI,quantile,0.25,271.92442877168247
2026-09-02,ARI incidence,2026-08-30,1,SI,quantile,0.15,265.02597900618406
2026-09-02,ARI incidence,2026-08-30,1,SI,quantile,0.2,268.8192413427083
2026-09-02,ARI incidence,2026-08-30,1,SI,quantile,0.3,274.61585213394204
2026-09-02,ARI incidence,2026-08-30,1,SI,quantile,0.6,289.5184472589241
2026-09-02,ARI incidence,2026-08-30,1,SI,quantile,0.55,287.0152219644612
2026-09-02,ARI incidence,2026-08-30,1,SI,quantile,0.4,279.56859265050036
2026-09-02,ARI incidence,2026-08-30,1,SI,quantile,0.45,281.8913153448259
2026-09-02,ARI incidence,2026-08-30,1,SI,quantile,0.5,284.4543275992745
2026-09-02,ARI incidence,2026-08-30,1,SI,quantile,0.95,318.6046172263638
2026-09-02,ARI incidence,2026-08-30,1,SI,quantile,0.65,292.2306176821795
2026-09-02,ARI incidence,2026-08-30,1,SI,quantile,0.7,294.91969914769817
2026-09-02,ARI incidence,2026-08-30,1,SI,quantile,0.35,276.8942123434931
2026-09-02,ARI incidence,2026-08-30,1,SI,quantile,0.9,310.7730815329646
2026-09-02,ARI incidence,2026-08-30,1,SI,quantile,0.99,335.35708609212116
2026-09-02,ARI incidence,2026-08-30,1,SI,quantile,0.975,326.10967702634525
2026-09-02,ARI incidence,2026-08-30,1,SI,quantile,0.85,305.5967888366667
2026-09-02,ARI incidence,2026-08-30,1,SI,quantile,0.8,301.5126998149331
2026-09-02,ARI incidence,2026-08-30,1,SI,quantile,0.75,298.058156454778
2026-09-02,ARI incidence,2026-08-30,1,SI,median,NA,284.4543275992745
2026-09-02,ARI incidence,2026-09-06,2,SI,quantile,0.6,253.3900150738635
2026-09-02,ARI incidence,2026-09-06,2,SI,quantile,0.65,263.3216095333876
2026-09-02,ARI incidence,2026-09-06,2,SI,quantile,0.55,245.93732774829505
2026-09-02,ARI incidence,2026-09-06,2,SI,quantile,0.45,230.50062833405488
2026-09-02,ARI incidence,2026-09-06,2,SI,quantile,0.95,368.94691451065296
2026-09-02,ARI incidence,2026-09-06,2,SI,quantile,0.9,334.69452976751546
2026-09-02,ARI incidence,2026-09-06,2,SI,quantile,0.99,439.59606635873814
2026-09-02,ARI incidence,2026-09-06,2,SI,quantile,0.5,238.01668853696748
2026-09-02,ARI incidence,2026-09-06,2,SI,quantile,0.85,312.9678688099364
2026-09-02,ARI incidence,2026-09-06,2,SI,quantile,0.975,399.7811603264681
2026-09-02,ARI incidence,2026-09-06,2,SI,quantile,0.4,222.58743636975163
2026-09-02,ARI incidence,2026-09-06,2,SI,quantile,0.7,273.11004115691856
2026-09-02,ARI incidence,2026-09-06,2,SI,quantile,0.75,285.00850622974673
2026-09-02,ARI incidence,2026-09-06,2,SI,quantile,0.01,131.12953568592533
2026-09-02,ARI incidence,2026-09-06,2,SI,quantile,0.05,155.75968561881157
2026-09-02,ARI incidence,2026-09-06,2,SI,quantile,0.35,215.2130033438509
2026-09-02,ARI incidence,2026-09-06,2,SI,quantile,0.8,297.24056605491256
2026-09-02,ARI incidence,2026-09-06,2,SI,quantile,0.025,143.64273342713415
2026-09-02,ARI incidence,2026-09-06,2,SI,quantile,0.1,170.4348753348016
2026-09-02,ARI incidence,2026-09-06,2,SI,quantile,0.15,181.4103575897391
2026-09-02,ARI incidence,2026-09-06,2,SI,quantile,0.25,199.37502316027303
2026-09-02,ARI incidence,2026-09-06,2,SI,quantile,0.3,207.07799865521395
2026-09-02,ARI incidence,2026-09-06,2,SI,quantile,0.2,191.21721463549935
2026-09-02,ARI incidence,2026-09-06,2,SI,median,NA,238.01668853696748
2026-09-02,ARI incidence,2026-09-13,3,SI,quantile,0.01,154.08810669948636
2026-09-02,ARI incidence,2026-09-13,3,SI,quantile,0.95,448.2465798615711
2026-09-02,ARI incidence,2026-09-13,3,SI,quantile,0.55,296.2662290651872
2026-09-02,ARI incidence,2026-09-13,3,SI,quantile,0.975,489.1467431553836
2026-09-02,ARI incidence,2026-09-13,3,SI,quantile,0.99,550.4693847924145
2026-09-02,ARI incidence,2026-09-13,3,SI,quantile,0.15,216.77025174773888
2026-09-02,ARI incidence,2026-09-13,3,SI,quantile,0.5,286.4358709498074
2026-09-02,ARI incidence,2026-09-13,3,SI,quantile,0.6,306.6803424201996
2026-09-02,ARI incidence,2026-09-13,3,SI,quantile,0.65,318.79843225106305
2026-09-02,ARI incidence,2026-09-13,3,SI,quantile,0.7,331.35038209841883
2026-09-02,ARI incidence,2026-09-13,3,SI,quantile,0.1,202.66234748046497
2026-09-02,ARI incidence,2026-09-13,3,SI,quantile,0.75,345.1106270969667
2026-09-02,ARI incidence,2026-09-13,3,SI,quantile,0.9,408.4841046117111
2026-09-02,ARI incidence,2026-09-13,3,SI,quantile,0.85,382.3355547071213
2026-09-02,ARI incidence,2026-09-13,3,SI,quantile,0.45,277.02892777079705
2026-09-02,ARI incidence,2026-09-13,3,SI,quantile,0.025,168.5448791589935
2026-09-02,ARI incidence,2026-09-13,3,SI,quantile,0.05,183.66800966603827
2026-09-02,ARI incidence,2026-09-13,3,SI,quantile,0.4,267.95417759610143
2026-09-02,ARI incidence,2026-09-13,3,SI,quantile,0.35,258.4482108407067
2026-09-02,ARI incidence,2026-09-13,3,SI,quantile,0.8,362.3023462462338
2026-09-02,ARI incidence,2026-09-13,3,SI,quantile,0.2,228.1800803552738
2026-09-02,ARI incidence,2026-09-13,3,SI,quantile,0.3,248.8030166370486
2026-09-02,ARI incidence,2026-09-13,3,SI,quantile,0.25,239.0789720770007
2026-09-02,ARI incidence,2026-09-13,3,SI,median,NA,286.4358709498074
2026-09-02,ARI incidence,2026-09-20,4,SI,quantile,0.65,292.24974761414387
2026-09-02,ARI incidence,2026-09-20,4,SI,quantile,0.7,296.06294380342706
2026-09-02,ARI incidence,2026-09-20,4,SI,quantile,0.45,278.60645979956365
2026-09-02,ARI incidence,2026-09-20,4,SI,quantile,0.55,285.1464682873242
2026-09-02,ARI incidence,2026-09-20,4,SI,quantile,0.85,311.0013082243705
2026-09-02,ARI incidence,2026-09-20,4,SI,quantile,0.5,281.95345347038045
2026-09-02,ARI incidence,2026-09-20,4,SI,quantile,0.4,275.08974564102147
2026-09-02,ARI incidence,2026-09-20,4,SI,quantile,0.8,305.095982196059
2026-09-02,ARI incidence,2026-09-20,4,SI,quantile,0.6,288.74744736291007
2026-09-02,ARI incidence,2026-09-20,4,SI,quantile,0.75,300.2827812823717
2026-09-02,ARI incidence,2026-09-20,4,SI,quantile,0.9,318.219479852712
2026-09-02,ARI incidence,2026-09-20,4,SI,quantile,0.35,271.4500338940561
2026-09-02,ARI incidence,2026-09-20,4,SI,quantile,0.3,267.7539516522786
2026-09-02,ARI incidence,2026-09-20,4,SI,quantile,0.2,259.94936008256605
2026-09-02,ARI incidence,2026-09-20,4,SI,quantile,0.95,329.7615524288053
2026-09-02,ARI incidence,2026-09-20,4,SI,quantile,0.975,340.55203165503843
2026-09-02,ARI incidence,2026-09-20,4,SI,quantile,0.25,264.0846662556793
2026-09-02,ARI incidence,2026-09-20,4,SI,quantile,0.1,248.76446050950057
2026-09-02,ARI incidence,2026-09-20,4,SI,quantile,0.99,351.7090575232863
2026-09-02,ARI incidence,2026-09-20,4,SI,quantile,0.15,254.8862839532983
2026-09-02,ARI incidence,2026-09-20,4,SI,quantile,0.05,239.91933582881472
2026-09-02,ARI incidence,2026-09-20,4,SI,quantile,0.025,232.68633917665173
2026-09-02,ARI incidence,2026-09-20,4,SI,quantile,0.01,225.37836747248207
2026-09-02,ARI incidence,2026-09-20,4,SI,median,NA,281.95345347038045
