origin_date,target,target_end_date,horizon,location,output_type,output_type_id,value
2026-08-12,ILI incidence,2026-08-09,1,BE,median,,35.9901676923841
2026-08-12,ILI incidence,2026-08-09,1,BE,quantile,0.01,0
2026-08-12,ILI incidence,2026-08-09,1,BE,quantile,0.025,0
2026-08-12,ILI incidence,2026-08-09,1,BE,quantile,0.05,0
2026-08-12,ILI incidence,2026-08-09,1,BE,quantile,0.1,0
2026-08-12,ILI incidence,2026-08-09,1,BE,quantile,0.15,0
2026-08-12,ILI incidence,2026-08-09,1,BE,quantile,0.2,0
2026-08-12,ILI incidence,2026-08-09,1,BE,quantile,0.25,0
2026-08-12,ILI incidence,2026-08-09,1,BE,quantile,0.3,0
2026-08-12,ILI incidence,2026-08-09,1,BE,quantile,0.35,1.13979159596618
2026-08-12,ILI incidence,2026-08-09,1,BE,quantile,0.4,13.8509967000538
2026-08-12,ILI incidence,2026-08-09,1,BE,quantile,0.45,26.286551118482
2026-08-12,ILI incidence,2026-08-09,1,BE,quantile,0.5,36.8719808197519
2026-08-12,ILI incidence,2026-08-09,1,BE,quantile,0.55,49.0203414335957
2026-08-12,ILI incidence,2026-08-09,1,BE,quantile,0.6,61.4169145224297
2026-08-12,ILI incidence,2026-08-09,1,BE,quantile,0.65,73.4605728052653
2026-08-12,ILI incidence,2026-08-09,1,BE,quantile,0.7,85.9631317768764
2026-08-12,ILI incidence,2026-08-09,1,BE,quantile,0.75,99.9419728951062
2026-08-12,ILI incidence,2026-08-09,1,BE,quantile,0.8,114.4270030384
2026-08-12,ILI incidence,2026-08-09,1,BE,quantile,0.85,133.903216622196
2026-08-12,ILI incidence,2026-08-09,1,BE,quantile,0.9,157.008401734945
2026-08-12,ILI incidence,2026-08-09,1,BE,quantile,0.95,191.355679573958
2026-08-12,ILI incidence,2026-08-09,1,BE,quantile,0.975,221.873262550125
2026-08-12,ILI incidence,2026-08-09,1,BE,quantile,0.99,262.006322142006
2026-08-12,ILI incidence,2026-08-16,2,BE,median,,63.2894493098472
2026-08-12,ILI incidence,2026-08-16,2,BE,quantile,0.01,0
2026-08-12,ILI incidence,2026-08-16,2,BE,quantile,0.025,0
2026-08-12,ILI incidence,2026-08-16,2,BE,quantile,0.05,0
2026-08-12,ILI incidence,2026-08-16,2,BE,quantile,0.1,0
2026-08-12,ILI incidence,2026-08-16,2,BE,quantile,0.15,0
2026-08-12,ILI incidence,2026-08-16,2,BE,quantile,0.2,0
2026-08-12,ILI incidence,2026-08-16,2,BE,quantile,0.25,0
2026-08-12,ILI incidence,2026-08-16,2,BE,quantile,0.3,0
2026-08-12,ILI incidence,2026-08-16,2,BE,quantile,0.35,14.0622130443164
2026-08-12,ILI incidence,2026-08-16,2,BE,quantile,0.4,31.0165544370817
2026-08-12,ILI incidence,2026-08-16,2,BE,quantile,0.45,48.3814443401164
2026-08-12,ILI incidence,2026-08-16,2,BE,quantile,0.5,65.1109722633266
2026-08-12,ILI incidence,2026-08-16,2,BE,quantile,0.55,83.1905232012804
2026-08-12,ILI incidence,2026-08-16,2,BE,quantile,0.6,101.322829811885
2026-08-12,ILI incidence,2026-08-16,2,BE,quantile,0.65,118.529516779003
2026-08-12,ILI incidence,2026-08-16,2,BE,quantile,0.7,138.404403218167
2026-08-12,ILI incidence,2026-08-16,2,BE,quantile,0.75,159.314054560719
2026-08-12,ILI incidence,2026-08-16,2,BE,quantile,0.8,181.301426078021
2026-08-12,ILI incidence,2026-08-16,2,BE,quantile,0.85,207.072569413283
2026-08-12,ILI incidence,2026-08-16,2,BE,quantile,0.9,242.079602138121
2026-08-12,ILI incidence,2026-08-16,2,BE,quantile,0.95,294.42628287445
2026-08-12,ILI incidence,2026-08-16,2,BE,quantile,0.975,342.658427447715
2026-08-12,ILI incidence,2026-08-16,2,BE,quantile,0.99,388.527068576228
2026-08-12,ILI incidence,2026-08-23,3,BE,median,,91.2199305433826
2026-08-12,ILI incidence,2026-08-23,3,BE,quantile,0.01,0
2026-08-12,ILI incidence,2026-08-23,3,BE,quantile,0.025,0
2026-08-12,ILI incidence,2026-08-23,3,BE,quantile,0.05,0
2026-08-12,ILI incidence,2026-08-23,3,BE,quantile,0.1,0
2026-08-12,ILI incidence,2026-08-23,3,BE,quantile,0.15,0
2026-08-12,ILI incidence,2026-08-23,3,BE,quantile,0.2,0
2026-08-12,ILI incidence,2026-08-23,3,BE,quantile,0.25,0
2026-08-12,ILI incidence,2026-08-23,3,BE,quantile,0.3,6.93200599241026
2026-08-12,ILI incidence,2026-08-23,3,BE,quantile,0.35,29.851598641797
2026-08-12,ILI incidence,2026-08-23,3,BE,quantile,0.4,51.459121135727
2026-08-12,ILI incidence,2026-08-23,3,BE,quantile,0.45,72.818070475187
2026-08-12,ILI incidence,2026-08-23,3,BE,quantile,0.5,96.3232899935486
2026-08-12,ILI incidence,2026-08-23,3,BE,quantile,0.55,117.366099091814
2026-08-12,ILI incidence,2026-08-23,3,BE,quantile,0.6,138.683066278526
2026-08-12,ILI incidence,2026-08-23,3,BE,quantile,0.65,159.291433548691
2026-08-12,ILI incidence,2026-08-23,3,BE,quantile,0.7,184.862467503193
2026-08-12,ILI incidence,2026-08-23,3,BE,quantile,0.75,209.960914928706
2026-08-12,ILI incidence,2026-08-23,3,BE,quantile,0.8,236.199766311091
2026-08-12,ILI incidence,2026-08-23,3,BE,quantile,0.85,270.040902211484
2026-08-12,ILI incidence,2026-08-23,3,BE,quantile,0.9,315.33528328788
2026-08-12,ILI incidence,2026-08-23,3,BE,quantile,0.95,380.276297393592
2026-08-12,ILI incidence,2026-08-23,3,BE,quantile,0.975,433.834523343589
2026-08-12,ILI incidence,2026-08-23,3,BE,quantile,0.99,489.917785425787
2026-08-12,ILI incidence,2026-08-30,4,BE,median,,117.855967103371
2026-08-12,ILI incidence,2026-08-30,4,BE,quantile,0.01,0
2026-08-12,ILI incidence,2026-08-30,4,BE,quantile,0.025,0
2026-08-12,ILI incidence,2026-08-30,4,BE,quantile,0.05,0
2026-08-12,ILI incidence,2026-08-30,4,BE,quantile,0.1,0
2026-08-12,ILI incidence,2026-08-30,4,BE,quantile,0.15,0
2026-08-12,ILI incidence,2026-08-30,4,BE,quantile,0.2,0
2026-08-12,ILI incidence,2026-08-30,4,BE,quantile,0.25,0
2026-08-12,ILI incidence,2026-08-30,4,BE,quantile,0.3,20.2361451598227
2026-08-12,ILI incidence,2026-08-30,4,BE,quantile,0.35,48.4430988445718
2026-08-12,ILI incidence,2026-08-30,4,BE,quantile,0.4,74.7634950218589
2026-08-12,ILI incidence,2026-08-30,4,BE,quantile,0.45,99.1793239414501
2026-08-12,ILI incidence,2026-08-30,4,BE,quantile,0.5,124.694984535178
2026-08-12,ILI incidence,2026-08-30,4,BE,quantile,0.55,148.340947744256
2026-08-12,ILI incidence,2026-08-30,4,BE,quantile,0.6,173.074364301564
2026-08-12,ILI incidence,2026-08-30,4,BE,quantile,0.65,198.540318244505
2026-08-12,ILI incidence,2026-08-30,4,BE,quantile,0.7,223.954263819212
2026-08-12,ILI incidence,2026-08-30,4,BE,quantile,0.75,252.431326494037
2026-08-12,ILI incidence,2026-08-30,4,BE,quantile,0.8,285.25282051428
2026-08-12,ILI incidence,2026-08-30,4,BE,quantile,0.85,322.895807136877
2026-08-12,ILI incidence,2026-08-30,4,BE,quantile,0.9,368.539109649119
2026-08-12,ILI incidence,2026-08-30,4,BE,quantile,0.95,441.551769781857
2026-08-12,ILI incidence,2026-08-30,4,BE,quantile,0.975,497.488413463908
2026-08-12,ILI incidence,2026-08-30,4,BE,quantile,0.99,574.504578434132
2026-08-12,ILI incidence,2026-08-09,1,DK,median,,91.7356322250487
2026-08-12,ILI incidence,2026-08-09,1,DK,quantile,0.01,30.6359765312808
2026-08-12,ILI incidence,2026-08-09,1,DK,quantile,0.025,39.7509671964393
2026-08-12,ILI incidence,2026-08-09,1,DK,quantile,0.05,48.3042066405412
2026-08-12,ILI incidence,2026-08-09,1,DK,quantile,0.1,57.7241791311532
2026-08-12,ILI incidence,2026-08-09,1,DK,quantile,0.15,64.4640202747574
2026-08-12,ILI incidence,2026-08-09,1,DK,quantile,0.2,69.6638772326816
2026-08-12,ILI incidence,2026-08-09,1,DK,quantile,0.25,73.8324909250916
2026-08-12,ILI incidence,2026-08-09,1,DK,quantile,0.3,77.9750277888126
2026-08-12,ILI incidence,2026-08-09,1,DK,quantile,0.35,81.737102835512
2026-08-12,ILI incidence,2026-08-09,1,DK,quantile,0.4,85.1154845532469
2026-08-12,ILI incidence,2026-08-09,1,DK,quantile,0.45,88.28587189291
2026-08-12,ILI incidence,2026-08-09,1,DK,quantile,0.5,91.7325553858401
2026-08-12,ILI incidence,2026-08-09,1,DK,quantile,0.55,94.9177525927176
2026-08-12,ILI incidence,2026-08-09,1,DK,quantile,0.6,98.216707633383
2026-08-12,ILI incidence,2026-08-09,1,DK,quantile,0.65,101.435684433246
2026-08-12,ILI incidence,2026-08-09,1,DK,quantile,0.7,104.92635528427
2026-08-12,ILI incidence,2026-08-09,1,DK,quantile,0.75,109.057315807477
2026-08-12,ILI incidence,2026-08-09,1,DK,quantile,0.8,113.473260725171
2026-08-12,ILI incidence,2026-08-09,1,DK,quantile,0.85,118.668592919964
2026-08-12,ILI incidence,2026-08-09,1,DK,quantile,0.9,125.303532528314
2026-08-12,ILI incidence,2026-08-09,1,DK,quantile,0.95,134.647362673508
2026-08-12,ILI incidence,2026-08-09,1,DK,quantile,0.975,143.494251825107
2026-08-12,ILI incidence,2026-08-09,1,DK,quantile,0.99,152.410795998489
2026-08-12,ILI incidence,2026-08-16,2,DK,median,,99.9329063084298
2026-08-12,ILI incidence,2026-08-16,2,DK,quantile,0.01,28.3256317491239
2026-08-12,ILI incidence,2026-08-16,2,DK,quantile,0.025,39.8777272855288
2026-08-12,ILI incidence,2026-08-16,2,DK,quantile,0.05,49.0732224205395
2026-08-12,ILI incidence,2026-08-16,2,DK,quantile,0.1,60.6294266395964
2026-08-12,ILI incidence,2026-08-16,2,DK,quantile,0.15,67.8364637739806
2026-08-12,ILI incidence,2026-08-16,2,DK,quantile,0.2,73.5007709576666
2026-08-12,ILI incidence,2026-08-16,2,DK,quantile,0.25,78.613847465695
2026-08-12,ILI incidence,2026-08-16,2,DK,quantile,0.3,83.2547118255058
2026-08-12,ILI incidence,2026-08-16,2,DK,quantile,0.35,87.7334918308187
2026-08-12,ILI incidence,2026-08-16,2,DK,quantile,0.4,91.6862762738288
2026-08-12,ILI incidence,2026-08-16,2,DK,quantile,0.45,95.5862822910111
2026-08-12,ILI incidence,2026-08-16,2,DK,quantile,0.5,99.7288401992629
2026-08-12,ILI incidence,2026-08-16,2,DK,quantile,0.55,103.449956787327
2026-08-12,ILI incidence,2026-08-16,2,DK,quantile,0.6,107.537805487348
2026-08-12,ILI incidence,2026-08-16,2,DK,quantile,0.65,111.577883292239
2026-08-12,ILI incidence,2026-08-16,2,DK,quantile,0.7,115.777732811864
2026-08-12,ILI incidence,2026-08-16,2,DK,quantile,0.75,120.35394094866
2026-08-12,ILI incidence,2026-08-16,2,DK,quantile,0.8,125.924855662244
2026-08-12,ILI incidence,2026-08-16,2,DK,quantile,0.85,132.186322230626
2026-08-12,ILI incidence,2026-08-16,2,DK,quantile,0.9,139.640224816364
2026-08-12,ILI incidence,2026-08-16,2,DK,quantile,0.95,150.639204118514
2026-08-12,ILI incidence,2026-08-16,2,DK,quantile,0.975,159.797369181886
2026-08-12,ILI incidence,2026-08-16,2,DK,quantile,0.99,170.612356426947
2026-08-12,ILI incidence,2026-08-23,3,DK,median,,96.9842220540388
2026-08-12,ILI incidence,2026-08-23,3,DK,quantile,0.01,12.174563243605
2026-08-12,ILI incidence,2026-08-23,3,DK,quantile,0.025,26.4857873929729
2026-08-12,ILI incidence,2026-08-23,3,DK,quantile,0.05,37.7500656803974
2026-08-12,ILI incidence,2026-08-23,3,DK,quantile,0.1,51.1424864864433
2026-08-12,ILI incidence,2026-08-23,3,DK,quantile,0.15,60.0242004059629
2026-08-12,ILI incidence,2026-08-23,3,DK,quantile,0.2,67.2322510787062
2026-08-12,ILI incidence,2026-08-23,3,DK,quantile,0.25,73.0508169865248
2026-08-12,ILI incidence,2026-08-23,3,DK,quantile,0.3,78.4284951821246
2026-08-12,ILI incidence,2026-08-23,3,DK,quantile,0.35,83.383565540761
2026-08-12,ILI incidence,2026-08-23,3,DK,quantile,0.4,87.9049199181539
2026-08-12,ILI incidence,2026-08-23,3,DK,quantile,0.45,92.0826108047889
2026-08-12,ILI incidence,2026-08-23,3,DK,quantile,0.5,96.6714235198261
2026-08-12,ILI incidence,2026-08-23,3,DK,quantile,0.55,101.154986456488
2026-08-12,ILI incidence,2026-08-23,3,DK,quantile,0.6,105.982090722956
2026-08-12,ILI incidence,2026-08-23,3,DK,quantile,0.65,110.59709781023
2026-08-12,ILI incidence,2026-08-23,3,DK,quantile,0.7,115.339800644836
2026-08-12,ILI incidence,2026-08-23,3,DK,quantile,0.75,120.276132326781
2026-08-12,ILI incidence,2026-08-23,3,DK,quantile,0.8,125.949909146123
2026-08-12,ILI incidence,2026-08-23,3,DK,quantile,0.85,132.868821208492
2026-08-12,ILI incidence,2026-08-23,3,DK,quantile,0.9,140.890361817557
2026-08-12,ILI incidence,2026-08-23,3,DK,quantile,0.95,153.491265485802
2026-08-12,ILI incidence,2026-08-23,3,DK,quantile,0.975,164.613074296441
2026-08-12,ILI incidence,2026-08-23,3,DK,quantile,0.99,177.468493946535
2026-08-12,ILI incidence,2026-08-30,4,DK,median,,104.353200439149
2026-08-12,ILI incidence,2026-08-30,4,DK,quantile,0.01,16.3892573947459
2026-08-12,ILI incidence,2026-08-30,4,DK,quantile,0.025,30.1274939344625
2026-08-12,ILI incidence,2026-08-30,4,DK,quantile,0.05,41.6106589033342
2026-08-12,ILI incidence,2026-08-30,4,DK,quantile,0.1,55.8597170788945
2026-08-12,ILI incidence,2026-08-30,4,DK,quantile,0.15,65.2656413457
2026-08-12,ILI incidence,2026-08-30,4,DK,quantile,0.2,72.1427565773751
2026-08-12,ILI incidence,2026-08-30,4,DK,quantile,0.25,78.3817927230248
2026-08-12,ILI incidence,2026-08-30,4,DK,quantile,0.3,84.2641815103848
2026-08-12,ILI incidence,2026-08-30,4,DK,quantile,0.35,89.7090277445027
2026-08-12,ILI incidence,2026-08-30,4,DK,quantile,0.4,94.833158262327
2026-08-12,ILI incidence,2026-08-30,4,DK,quantile,0.45,99.4518343228747
2026-08-12,ILI incidence,2026-08-30,4,DK,quantile,0.5,104.361961199577
2026-08-12,ILI incidence,2026-08-30,4,DK,quantile,0.55,109.287238219769
2026-08-12,ILI incidence,2026-08-30,4,DK,quantile,0.6,114.324091454005
2026-08-12,ILI incidence,2026-08-30,4,DK,quantile,0.65,118.767567685638
2026-08-12,ILI incidence,2026-08-30,4,DK,quantile,0.7,123.791799279363
2026-08-12,ILI incidence,2026-08-30,4,DK,quantile,0.75,129.353346141522
2026-08-12,ILI incidence,2026-08-30,4,DK,quantile,0.8,135.417861417768
2026-08-12,ILI incidence,2026-08-30,4,DK,quantile,0.85,142.553706868406
2026-08-12,ILI incidence,2026-08-30,4,DK,quantile,0.9,151.843519629656
2026-08-12,ILI incidence,2026-08-30,4,DK,quantile,0.95,166.45490144466
2026-08-12,ILI incidence,2026-08-30,4,DK,quantile,0.975,177.092130742135
2026-08-12,ILI incidence,2026-08-30,4,DK,quantile,0.99,190.188241143541
2026-08-12,ILI incidence,2026-08-09,1,EE,median,,76.3770687652763
2026-08-12,ILI incidence,2026-08-09,1,EE,quantile,0.01,0
2026-08-12,ILI incidence,2026-08-09,1,EE,quantile,0.025,0
2026-08-12,ILI incidence,2026-08-09,1,EE,quantile,0.05,0
2026-08-12,ILI incidence,2026-08-09,1,EE,quantile,0.1,0
2026-08-12,ILI incidence,2026-08-09,1,EE,quantile,0.15,0.367696318360651
2026-08-12,ILI incidence,2026-08-09,1,EE,quantile,0.2,14.4926235503628
2026-08-12,ILI incidence,2026-08-09,1,EE,quantile,0.25,26.2062966824115
2026-08-12,ILI incidence,2026-08-09,1,EE,quantile,0.3,36.7876891442347
2026-08-12,ILI incidence,2026-08-09,1,EE,quantile,0.35,47.0507244419679
2026-08-12,ILI incidence,2026-08-09,1,EE,quantile,0.4,57.2562410522507
2026-08-12,ILI incidence,2026-08-09,1,EE,quantile,0.45,66.913480189621
2026-08-12,ILI incidence,2026-08-09,1,EE,quantile,0.5,76.7254710907101
2026-08-12,ILI incidence,2026-08-09,1,EE,quantile,0.55,86.0136394253879
2026-08-12,ILI incidence,2026-08-09,1,EE,quantile,0.6,95.2711854080841
2026-08-12,ILI incidence,2026-08-09,1,EE,quantile,0.65,105.434802805571
2026-08-12,ILI incidence,2026-08-09,1,EE,quantile,0.7,116.316211985883
2026-08-12,ILI incidence,2026-08-09,1,EE,quantile,0.75,128.082448875001
2026-08-12,ILI incidence,2026-08-09,1,EE,quantile,0.8,140.351816789912
2026-08-12,ILI incidence,2026-08-09,1,EE,quantile,0.85,155.137782006323
2026-08-12,ILI incidence,2026-08-09,1,EE,quantile,0.9,172.659436040208
2026-08-12,ILI incidence,2026-08-09,1,EE,quantile,0.95,199.364445756154
2026-08-12,ILI incidence,2026-08-09,1,EE,quantile,0.975,220.97248124479
2026-08-12,ILI incidence,2026-08-09,1,EE,quantile,0.99,249.665328580421
2026-08-12,ILI incidence,2026-08-16,2,EE,median,,85.0173696224906
2026-08-12,ILI incidence,2026-08-16,2,EE,quantile,0.01,0
2026-08-12,ILI incidence,2026-08-16,2,EE,quantile,0.025,0
2026-08-12,ILI incidence,2026-08-16,2,EE,quantile,0.05,0
2026-08-12,ILI incidence,2026-08-16,2,EE,quantile,0.1,0
2026-08-12,ILI incidence,2026-08-16,2,EE,quantile,0.15,1.35682429152997
2026-08-12,ILI incidence,2026-08-16,2,EE,quantile,0.2,16.4941623383754
2026-08-12,ILI incidence,2026-08-16,2,EE,quantile,0.25,30.2311427439856
2026-08-12,ILI incidence,2026-08-16,2,EE,quantile,0.3,42.4901279753988
2026-08-12,ILI incidence,2026-08-16,2,EE,quantile,0.35,53.7677096202586
2026-08-12,ILI incidence,2026-08-16,2,EE,quantile,0.4,64.7128411153593
2026-08-12,ILI incidence,2026-08-16,2,EE,quantile,0.45,75.009606657846
2026-08-12,ILI incidence,2026-08-16,2,EE,quantile,0.5,85.3028746348716
2026-08-12,ILI incidence,2026-08-16,2,EE,quantile,0.55,95.6103125335721
2026-08-12,ILI incidence,2026-08-16,2,EE,quantile,0.6,106.587918178089
2026-08-12,ILI incidence,2026-08-16,2,EE,quantile,0.65,117.118771362667
2026-08-12,ILI incidence,2026-08-16,2,EE,quantile,0.7,128.827295640036
2026-08-12,ILI incidence,2026-08-16,2,EE,quantile,0.75,141.714583357526
2026-08-12,ILI incidence,2026-08-16,2,EE,quantile,0.8,155.324504476725
2026-08-12,ILI incidence,2026-08-16,2,EE,quantile,0.85,170.87941896752
2026-08-12,ILI incidence,2026-08-16,2,EE,quantile,0.9,191.055420969096
2026-08-12,ILI incidence,2026-08-16,2,EE,quantile,0.95,221.347945106685
2026-08-12,ILI incidence,2026-08-16,2,EE,quantile,0.975,249.501595126753
2026-08-12,ILI incidence,2026-08-16,2,EE,quantile,0.99,281.847705398024
2026-08-12,ILI incidence,2026-08-23,3,EE,median,,93.0583112497255
2026-08-12,ILI incidence,2026-08-23,3,EE,quantile,0.01,0
2026-08-12,ILI incidence,2026-08-23,3,EE,quantile,0.025,0
2026-08-12,ILI incidence,2026-08-23,3,EE,quantile,0.05,0
2026-08-12,ILI incidence,2026-08-23,3,EE,quantile,0.1,0
2026-08-12,ILI incidence,2026-08-23,3,EE,quantile,0.15,0.972101797448017
2026-08-12,ILI incidence,2026-08-23,3,EE,quantile,0.2,18.6635765192172
2026-08-12,ILI incidence,2026-08-23,3,EE,quantile,0.25,33.7285252309084
2026-08-12,ILI incidence,2026-08-23,3,EE,quantile,0.3,46.988422012534
2026-08-12,ILI incidence,2026-08-23,3,EE,quantile,0.35,59.0847781467642
2026-08-12,ILI incidence,2026-08-23,3,EE,quantile,0.4,70.1789617324372
2026-08-12,ILI incidence,2026-08-23,3,EE,quantile,0.45,81.5122739545214
2026-08-12,ILI incidence,2026-08-23,3,EE,quantile,0.5,92.9187479244815
2026-08-12,ILI incidence,2026-08-23,3,EE,quantile,0.55,103.634550449233
2026-08-12,ILI incidence,2026-08-23,3,EE,quantile,0.6,115.662854483561
2026-08-12,ILI incidence,2026-08-23,3,EE,quantile,0.65,127.292042806948
2026-08-12,ILI incidence,2026-08-23,3,EE,quantile,0.7,140.530277155583
2026-08-12,ILI incidence,2026-08-23,3,EE,quantile,0.75,153.070944493134
2026-08-12,ILI incidence,2026-08-23,3,EE,quantile,0.8,166.961422461929
2026-08-12,ILI incidence,2026-08-23,3,EE,quantile,0.85,184.76796606358
2026-08-12,ILI incidence,2026-08-23,3,EE,quantile,0.9,206.379721701525
2026-08-12,ILI incidence,2026-08-23,3,EE,quantile,0.95,237.967727807536
2026-08-12,ILI incidence,2026-08-23,3,EE,quantile,0.975,266.240033330622
2026-08-12,ILI incidence,2026-08-23,3,EE,quantile,0.99,303.819080591167
2026-08-12,ILI incidence,2026-08-30,4,EE,median,,100.541469917588
2026-08-12,ILI incidence,2026-08-30,4,EE,quantile,0.01,0
2026-08-12,ILI incidence,2026-08-30,4,EE,quantile,0.025,0
2026-08-12,ILI incidence,2026-08-30,4,EE,quantile,0.05,0
2026-08-12,ILI incidence,2026-08-30,4,EE,quantile,0.1,0
2026-08-12,ILI incidence,2026-08-30,4,EE,quantile,0.15,2.28177883031485
2026-08-12,ILI incidence,2026-08-30,4,EE,quantile,0.2,20.8014783153233
2026-08-12,ILI incidence,2026-08-30,4,EE,quantile,0.25,37.8901349143754
2026-08-12,ILI incidence,2026-08-30,4,EE,quantile,0.3,50.7978401425636
2026-08-12,ILI incidence,2026-08-30,4,EE,quantile,0.35,63.8876199960065
2026-08-12,ILI incidence,2026-08-30,4,EE,quantile,0.4,76.825202406483
2026-08-12,ILI incidence,2026-08-30,4,EE,quantile,0.45,89.2399104449055
2026-08-12,ILI incidence,2026-08-30,4,EE,quantile,0.5,101.204416312101
2026-08-12,ILI incidence,2026-08-30,4,EE,quantile,0.55,112.944702839633
2026-08-12,ILI incidence,2026-08-30,4,EE,quantile,0.6,124.004911226355
2026-08-12,ILI incidence,2026-08-30,4,EE,quantile,0.65,136.415785607041
2026-08-12,ILI incidence,2026-08-30,4,EE,quantile,0.7,149.715701703215
2026-08-12,ILI incidence,2026-08-30,4,EE,quantile,0.75,164.16728520943
2026-08-12,ILI incidence,2026-08-30,4,EE,quantile,0.8,180.764017117387
2026-08-12,ILI incidence,2026-08-30,4,EE,quantile,0.85,199.103423044584
2026-08-12,ILI incidence,2026-08-30,4,EE,quantile,0.9,222.496921383431
2026-08-12,ILI incidence,2026-08-30,4,EE,quantile,0.95,257.191259175683
2026-08-12,ILI incidence,2026-08-30,4,EE,quantile,0.975,285.779821601725
2026-08-12,ILI incidence,2026-08-30,4,EE,quantile,0.99,322.166006968047
2026-08-12,ILI incidence,2026-08-09,1,ES,median,,5.88436499271758
2026-08-12,ILI incidence,2026-08-09,1,ES,quantile,0.01,0
2026-08-12,ILI incidence,2026-08-09,1,ES,quantile,0.025,0
2026-08-12,ILI incidence,2026-08-09,1,ES,quantile,0.05,0
2026-08-12,ILI incidence,2026-08-09,1,ES,quantile,0.1,0
2026-08-12,ILI incidence,2026-08-09,1,ES,quantile,0.15,0
2026-08-12,ILI incidence,2026-08-09,1,ES,quantile,0.2,0
2026-08-12,ILI incidence,2026-08-09,1,ES,quantile,0.25,0
2026-08-12,ILI incidence,2026-08-09,1,ES,quantile,0.3,0.999519980754284
2026-08-12,ILI incidence,2026-08-09,1,ES,quantile,0.35,2.18608400088588
2026-08-12,ILI incidence,2026-08-09,1,ES,quantile,0.4,3.33036637454366
2026-08-12,ILI incidence,2026-08-09,1,ES,quantile,0.45,4.44113894401561
2026-08-12,ILI incidence,2026-08-09,1,ES,quantile,0.5,5.63237576226234
2026-08-12,ILI incidence,2026-08-09,1,ES,quantile,0.55,6.86269581817594
2026-08-12,ILI incidence,2026-08-09,1,ES,quantile,0.6,8.03645270971968
2026-08-12,ILI incidence,2026-08-09,1,ES,quantile,0.65,9.24092932620994
2026-08-12,ILI incidence,2026-08-09,1,ES,quantile,0.7,10.5969150336281
2026-08-12,ILI incidence,2026-08-09,1,ES,quantile,0.75,12.0104354648372
2026-08-12,ILI incidence,2026-08-09,1,ES,quantile,0.8,13.5964585721018
2026-08-12,ILI incidence,2026-08-09,1,ES,quantile,0.85,15.4390733560229
2026-08-12,ILI incidence,2026-08-09,1,ES,quantile,0.9,17.7654433994914
2026-08-12,ILI incidence,2026-08-09,1,ES,quantile,0.95,21.2838300522645
2026-08-12,ILI incidence,2026-08-09,1,ES,quantile,0.975,23.804870841196
2026-08-12,ILI incidence,2026-08-09,1,ES,quantile,0.99,26.6184940973325
2026-08-12,ILI incidence,2026-08-16,2,ES,median,,7.4051740717215
2026-08-12,ILI incidence,2026-08-16,2,ES,quantile,0.01,0
2026-08-12,ILI incidence,2026-08-16,2,ES,quantile,0.025,0
2026-08-12,ILI incidence,2026-08-16,2,ES,quantile,0.05,0
2026-08-12,ILI incidence,2026-08-16,2,ES,quantile,0.1,0
2026-08-12,ILI incidence,2026-08-16,2,ES,quantile,0.15,0
2026-08-12,ILI incidence,2026-08-16,2,ES,quantile,0.2,0
2026-08-12,ILI incidence,2026-08-16,2,ES,quantile,0.25,0
2026-08-12,ILI incidence,2026-08-16,2,ES,quantile,0.3,0
2026-08-12,ILI incidence,2026-08-16,2,ES,quantile,0.35,0.784731420554728
2026-08-12,ILI incidence,2026-08-16,2,ES,quantile,0.4,2.90985348100952
2026-08-12,ILI incidence,2026-08-16,2,ES,quantile,0.45,4.93673972141046
2026-08-12,ILI incidence,2026-08-16,2,ES,quantile,0.5,7.01573315269087
2026-08-12,ILI incidence,2026-08-16,2,ES,quantile,0.55,8.89518437427545
2026-08-12,ILI incidence,2026-08-16,2,ES,quantile,0.6,11.093251633345
2026-08-12,ILI incidence,2026-08-16,2,ES,quantile,0.65,13.3851154733657
2026-08-12,ILI incidence,2026-08-16,2,ES,quantile,0.7,15.6158892039428
2026-08-12,ILI incidence,2026-08-16,2,ES,quantile,0.75,18.2463176496057
2026-08-12,ILI incidence,2026-08-16,2,ES,quantile,0.8,21.1275207615116
2026-08-12,ILI incidence,2026-08-16,2,ES,quantile,0.85,24.4448272563087
2026-08-12,ILI incidence,2026-08-16,2,ES,quantile,0.9,28.5083409896193
2026-08-12,ILI incidence,2026-08-16,2,ES,quantile,0.95,34.2423255901093
2026-08-12,ILI incidence,2026-08-16,2,ES,quantile,0.975,39.1672371750433
2026-08-12,ILI incidence,2026-08-16,2,ES,quantile,0.99,45.2255870852312
2026-08-12,ILI incidence,2026-08-23,3,ES,median,,9.79243944703161
2026-08-12,ILI incidence,2026-08-23,3,ES,quantile,0.01,0
2026-08-12,ILI incidence,2026-08-23,3,ES,quantile,0.025,0
2026-08-12,ILI incidence,2026-08-23,3,ES,quantile,0.05,0
2026-08-12,ILI incidence,2026-08-23,3,ES,quantile,0.1,0
2026-08-12,ILI incidence,2026-08-23,3,ES,quantile,0.15,0
2026-08-12,ILI incidence,2026-08-23,3,ES,quantile,0.2,0
2026-08-12,ILI incidence,2026-08-23,3,ES,quantile,0.25,0
2026-08-12,ILI incidence,2026-08-23,3,ES,quantile,0.3,0
2026-08-12,ILI incidence,2026-08-23,3,ES,quantile,0.35,0.515226943323983
2026-08-12,ILI incidence,2026-08-23,3,ES,quantile,0.4,3.32316625900794
2026-08-12,ILI incidence,2026-08-23,3,ES,quantile,0.45,6.53387908604036
2026-08-12,ILI incidence,2026-08-23,3,ES,quantile,0.5,9.47348563798752
2026-08-12,ILI incidence,2026-08-23,3,ES,quantile,0.55,12.385342826532
2026-08-12,ILI incidence,2026-08-23,3,ES,quantile,0.6,15.4089411060145
2026-08-12,ILI incidence,2026-08-23,3,ES,quantile,0.65,18.4415638999869
2026-08-12,ILI incidence,2026-08-23,3,ES,quantile,0.7,21.5316283213911
2026-08-12,ILI incidence,2026-08-23,3,ES,quantile,0.75,25.0534990540041
2026-08-12,ILI incidence,2026-08-23,3,ES,quantile,0.8,28.7470948066486
2026-08-12,ILI incidence,2026-08-23,3,ES,quantile,0.85,32.9536454223624
2026-08-12,ILI incidence,2026-08-23,3,ES,quantile,0.9,39.0300904211214
2026-08-12,ILI incidence,2026-08-23,3,ES,quantile,0.95,47.6244869458983
2026-08-12,ILI incidence,2026-08-23,3,ES,quantile,0.975,54.6840744497749
2026-08-12,ILI incidence,2026-08-23,3,ES,quantile,0.99,63.3094628350048
2026-08-12,ILI incidence,2026-08-30,4,ES,median,,11.7359711277116
2026-08-12,ILI incidence,2026-08-30,4,ES,quantile,0.01,0
2026-08-12,ILI incidence,2026-08-30,4,ES,quantile,0.025,0
2026-08-12,ILI incidence,2026-08-30,4,ES,quantile,0.05,0
2026-08-12,ILI incidence,2026-08-30,4,ES,quantile,0.1,0
2026-08-12,ILI incidence,2026-08-30,4,ES,quantile,0.15,0
2026-08-12,ILI incidence,2026-08-30,4,ES,quantile,0.2,0
2026-08-12,ILI incidence,2026-08-30,4,ES,quantile,0.25,0
2026-08-12,ILI incidence,2026-08-30,4,ES,quantile,0.3,0
2026-08-12,ILI incidence,2026-08-30,4,ES,quantile,0.35,1.13219148932135
2026-08-12,ILI incidence,2026-08-30,4,ES,quantile,0.4,4.73903179214831
2026-08-12,ILI incidence,2026-08-30,4,ES,quantile,0.45,8.17700356383976
2026-08-12,ILI incidence,2026-08-30,4,ES,quantile,0.5,11.6146604769006
2026-08-12,ILI incidence,2026-08-30,4,ES,quantile,0.55,14.8914900546451
2026-08-12,ILI incidence,2026-08-30,4,ES,quantile,0.6,18.2630157507082
2026-08-12,ILI incidence,2026-08-30,4,ES,quantile,0.65,21.8099011368995
2026-08-12,ILI incidence,2026-08-30,4,ES,quantile,0.7,25.4636846962611
2026-08-12,ILI incidence,2026-08-30,4,ES,quantile,0.75,29.5023621340339
2026-08-12,ILI incidence,2026-08-30,4,ES,quantile,0.8,33.8956931994949
2026-08-12,ILI incidence,2026-08-30,4,ES,quantile,0.85,39.0461409845813
2026-08-12,ILI incidence,2026-08-30,4,ES,quantile,0.9,45.9784092631995
2026-08-12,ILI incidence,2026-08-30,4,ES,quantile,0.95,55.378250989343
2026-08-12,ILI incidence,2026-08-30,4,ES,quantile,0.975,63.6454006134704
2026-08-12,ILI incidence,2026-08-30,4,ES,quantile,0.99,72.5831365284793
2026-08-12,ILI incidence,2026-08-09,1,GB-NIR,median,,1.58372414185494
2026-08-12,ILI incidence,2026-08-09,1,GB-NIR,quantile,0.01,0
2026-08-12,ILI incidence,2026-08-09,1,GB-NIR,quantile,0.025,0
2026-08-12,ILI incidence,2026-08-09,1,GB-NIR,quantile,0.05,0
2026-08-12,ILI incidence,2026-08-09,1,GB-NIR,quantile,0.1,0
2026-08-12,ILI incidence,2026-08-09,1,GB-NIR,quantile,0.15,0
2026-08-12,ILI incidence,2026-08-09,1,GB-NIR,quantile,0.2,0
2026-08-12,ILI incidence,2026-08-09,1,GB-NIR,quantile,0.25,0
2026-08-12,ILI incidence,2026-08-09,1,GB-NIR,quantile,0.3,0
2026-08-12,ILI incidence,2026-08-09,1,GB-NIR,quantile,0.35,0.0468215222577373
2026-08-12,ILI incidence,2026-08-09,1,GB-NIR,quantile,0.4,0.538043658424962
2026-08-12,ILI incidence,2026-08-09,1,GB-NIR,quantile,0.45,1.03084021724147
2026-08-12,ILI incidence,2026-08-09,1,GB-NIR,quantile,0.5,1.52582874324738
2026-08-12,ILI incidence,2026-08-09,1,GB-NIR,quantile,0.55,1.99566434132027
2026-08-12,ILI incidence,2026-08-09,1,GB-NIR,quantile,0.6,2.48802366953795
2026-08-12,ILI incidence,2026-08-09,1,GB-NIR,quantile,0.65,2.98647795967029
2026-08-12,ILI incidence,2026-08-09,1,GB-NIR,quantile,0.7,3.51519664524537
2026-08-12,ILI incidence,2026-08-09,1,GB-NIR,quantile,0.75,4.09772059893203
2026-08-12,ILI incidence,2026-08-09,1,GB-NIR,quantile,0.8,4.73844063866803
2026-08-12,ILI incidence,2026-08-09,1,GB-NIR,quantile,0.85,5.47468487119304
2026-08-12,ILI incidence,2026-08-09,1,GB-NIR,quantile,0.9,6.37588748001091
2026-08-12,ILI incidence,2026-08-09,1,GB-NIR,quantile,0.95,7.72936000335536
2026-08-12,ILI incidence,2026-08-09,1,GB-NIR,quantile,0.975,9.01547987149033
2026-08-12,ILI incidence,2026-08-09,1,GB-NIR,quantile,0.99,10.2687257543895
2026-08-12,ILI incidence,2026-08-16,2,GB-NIR,median,,1.62047481536875
2026-08-12,ILI incidence,2026-08-16,2,GB-NIR,quantile,0.01,0
2026-08-12,ILI incidence,2026-08-16,2,GB-NIR,quantile,0.025,0
2026-08-12,ILI incidence,2026-08-16,2,GB-NIR,quantile,0.05,0
2026-08-12,ILI incidence,2026-08-16,2,GB-NIR,quantile,0.1,0
2026-08-12,ILI incidence,2026-08-16,2,GB-NIR,quantile,0.15,0
2026-08-12,ILI incidence,2026-08-16,2,GB-NIR,quantile,0.2,0
2026-08-12,ILI incidence,2026-08-16,2,GB-NIR,quantile,0.25,0
2026-08-12,ILI incidence,2026-08-16,2,GB-NIR,quantile,0.3,0
2026-08-12,ILI incidence,2026-08-16,2,GB-NIR,quantile,0.35,0
2026-08-12,ILI incidence,2026-08-16,2,GB-NIR,quantile,0.4,0.263642163856176
2026-08-12,ILI incidence,2026-08-16,2,GB-NIR,quantile,0.45,0.944273484094399
2026-08-12,ILI incidence,2026-08-16,2,GB-NIR,quantile,0.5,1.56696124900353
2026-08-12,ILI incidence,2026-08-16,2,GB-NIR,quantile,0.55,2.23158784071679
2026-08-12,ILI incidence,2026-08-16,2,GB-NIR,quantile,0.6,2.91204220645216
2026-08-12,ILI incidence,2026-08-16,2,GB-NIR,quantile,0.65,3.6078248332449
2026-08-12,ILI incidence,2026-08-16,2,GB-NIR,quantile,0.7,4.29806120738813
2026-08-12,ILI incidence,2026-08-16,2,GB-NIR,quantile,0.75,5.05843689189067
2026-08-12,ILI incidence,2026-08-16,2,GB-NIR,quantile,0.8,5.90464202137699
2026-08-12,ILI incidence,2026-08-16,2,GB-NIR,quantile,0.85,6.93766652761065
2026-08-12,ILI incidence,2026-08-16,2,GB-NIR,quantile,0.9,8.26179451028559
2026-08-12,ILI incidence,2026-08-16,2,GB-NIR,quantile,0.95,10.2743898045234
2026-08-12,ILI incidence,2026-08-16,2,GB-NIR,quantile,0.975,11.9152897874746
2026-08-12,ILI incidence,2026-08-16,2,GB-NIR,quantile,0.99,13.8004120000458
2026-08-12,ILI incidence,2026-08-23,3,GB-NIR,median,,1.60681410308409
2026-08-12,ILI incidence,2026-08-23,3,GB-NIR,quantile,0.01,0
2026-08-12,ILI incidence,2026-08-23,3,GB-NIR,quantile,0.025,0
2026-08-12,ILI incidence,2026-08-23,3,GB-NIR,quantile,0.05,0
2026-08-12,ILI incidence,2026-08-23,3,GB-NIR,quantile,0.1,0
2026-08-12,ILI incidence,2026-08-23,3,GB-NIR,quantile,0.15,0
2026-08-12,ILI incidence,2026-08-23,3,GB-NIR,quantile,0.2,0
2026-08-12,ILI incidence,2026-08-23,3,GB-NIR,quantile,0.25,0
2026-08-12,ILI incidence,2026-08-23,3,GB-NIR,quantile,0.3,0
2026-08-12,ILI incidence,2026-08-23,3,GB-NIR,quantile,0.35,0
2026-08-12,ILI incidence,2026-08-23,3,GB-NIR,quantile,0.4,0
2026-08-12,ILI incidence,2026-08-23,3,GB-NIR,quantile,0.45,0.683173089132616
2026-08-12,ILI incidence,2026-08-23,3,GB-NIR,quantile,0.5,1.60834417514212
2026-08-12,ILI incidence,2026-08-23,3,GB-NIR,quantile,0.55,2.45559551290913
2026-08-12,ILI incidence,2026-08-23,3,GB-NIR,quantile,0.6,3.46326323798258
2026-08-12,ILI incidence,2026-08-23,3,GB-NIR,quantile,0.65,4.47216860411835
2026-08-12,ILI incidence,2026-08-23,3,GB-NIR,quantile,0.7,5.42413065262406
2026-08-12,ILI incidence,2026-08-23,3,GB-NIR,quantile,0.75,6.53210843100806
2026-08-12,ILI incidence,2026-08-23,3,GB-NIR,quantile,0.8,7.63350694813555
2026-08-12,ILI incidence,2026-08-23,3,GB-NIR,quantile,0.85,8.97683910432557
2026-08-12,ILI incidence,2026-08-23,3,GB-NIR,quantile,0.9,10.6696375407629
2026-08-12,ILI incidence,2026-08-23,3,GB-NIR,quantile,0.95,13.2081489913698
2026-08-12,ILI incidence,2026-08-23,3,GB-NIR,quantile,0.975,15.8516743178014
2026-08-12,ILI incidence,2026-08-23,3,GB-NIR,quantile,0.99,18.4313809788795
2026-08-12,ILI incidence,2026-08-30,4,GB-NIR,median,,1.61189197084219
2026-08-12,ILI incidence,2026-08-30,4,GB-NIR,quantile,0.01,0
2026-08-12,ILI incidence,2026-08-30,4,GB-NIR,quantile,0.025,0
2026-08-12,ILI incidence,2026-08-30,4,GB-NIR,quantile,0.05,0
2026-08-12,ILI incidence,2026-08-30,4,GB-NIR,quantile,0.1,0
2026-08-12,ILI incidence,2026-08-30,4,GB-NIR,quantile,0.15,0
2026-08-12,ILI incidence,2026-08-30,4,GB-NIR,quantile,0.2,0
2026-08-12,ILI incidence,2026-08-30,4,GB-NIR,quantile,0.25,0
2026-08-12,ILI incidence,2026-08-30,4,GB-NIR,quantile,0.3,0
2026-08-12,ILI incidence,2026-08-30,4,GB-NIR,quantile,0.35,0
2026-08-12,ILI incidence,2026-08-30,4,GB-NIR,quantile,0.4,0
2026-08-12,ILI incidence,2026-08-30,4,GB-NIR,quantile,0.45,0.439370786082039
2026-08-12,ILI incidence,2026-08-30,4,GB-NIR,quantile,0.5,1.51406258584597
2026-08-12,ILI incidence,2026-08-30,4,GB-NIR,quantile,0.55,2.60562462955245
2026-08-12,ILI incidence,2026-08-30,4,GB-NIR,quantile,0.6,3.70984545350441
2026-08-12,ILI incidence,2026-08-30,4,GB-NIR,quantile,0.65,4.80738003020906
2026-08-12,ILI incidence,2026-08-30,4,GB-NIR,quantile,0.7,5.98790459195992
2026-08-12,ILI incidence,2026-08-30,4,GB-NIR,quantile,0.75,7.25067164494141
2026-08-12,ILI incidence,2026-08-30,4,GB-NIR,quantile,0.8,8.60475303157678
2026-08-12,ILI incidence,2026-08-30,4,GB-NIR,quantile,0.85,10.304751346909
2026-08-12,ILI incidence,2026-08-30,4,GB-NIR,quantile,0.9,12.3785465431703
2026-08-12,ILI incidence,2026-08-30,4,GB-NIR,quantile,0.95,15.4518844836716
2026-08-12,ILI incidence,2026-08-30,4,GB-NIR,quantile,0.975,18.1231507726404
2026-08-12,ILI incidence,2026-08-30,4,GB-NIR,quantile,0.99,20.974718213552
2026-08-12,ILI incidence,2026-08-09,1,GR,median,,263.941885003452
2026-08-12,ILI incidence,2026-08-09,1,GR,quantile,0.01,0
2026-08-12,ILI incidence,2026-08-09,1,GR,quantile,0.025,0
2026-08-12,ILI incidence,2026-08-09,1,GR,quantile,0.05,0
2026-08-12,ILI incidence,2026-08-09,1,GR,quantile,0.1,42.2093787431253
2026-08-12,ILI incidence,2026-08-09,1,GR,quantile,0.15,84.1615339115619
2026-08-12,ILI incidence,2026-08-09,1,GR,quantile,0.2,118.254112342633
2026-08-12,ILI incidence,2026-08-09,1,GR,quantile,0.25,146.05421285998
2026-08-12,ILI incidence,2026-08-09,1,GR,quantile,0.3,172.7317913941
2026-08-12,ILI incidence,2026-08-09,1,GR,quantile,0.35,194.983649853534
2026-08-12,ILI incidence,2026-08-09,1,GR,quantile,0.4,215.742255587232
2026-08-12,ILI incidence,2026-08-09,1,GR,quantile,0.45,237.18453849434
2026-08-12,ILI incidence,2026-08-09,1,GR,quantile,0.5,259.117876046417
2026-08-12,ILI incidence,2026-08-09,1,GR,quantile,0.55,280.371305056391
2026-08-12,ILI incidence,2026-08-09,1,GR,quantile,0.6,303.071533912004
2026-08-12,ILI incidence,2026-08-09,1,GR,quantile,0.65,326.142512362271
2026-08-12,ILI incidence,2026-08-09,1,GR,quantile,0.7,351.252169493443
2026-08-12,ILI incidence,2026-08-09,1,GR,quantile,0.75,379.404889903358
2026-08-12,ILI incidence,2026-08-09,1,GR,quantile,0.8,406.301627718677
2026-08-12,ILI incidence,2026-08-09,1,GR,quantile,0.85,442.341505887889
2026-08-12,ILI incidence,2026-08-09,1,GR,quantile,0.9,482.716094012758
2026-08-12,ILI incidence,2026-08-09,1,GR,quantile,0.95,546.92591020213
2026-08-12,ILI incidence,2026-08-09,1,GR,quantile,0.975,603.266521334065
2026-08-12,ILI incidence,2026-08-09,1,GR,quantile,0.99,656.205204884066
2026-08-12,ILI incidence,2026-08-16,2,GR,median,,299.923628701998
2026-08-12,ILI incidence,2026-08-16,2,GR,quantile,0.01,0
2026-08-12,ILI incidence,2026-08-16,2,GR,quantile,0.025,0
2026-08-12,ILI incidence,2026-08-16,2,GR,quantile,0.05,0
2026-08-12,ILI incidence,2026-08-16,2,GR,quantile,0.1,1.68327594215425
2026-08-12,ILI incidence,2026-08-16,2,GR,quantile,0.15,60.6955859103301
2026-08-12,ILI incidence,2026-08-16,2,GR,quantile,0.2,104.586835715189
2026-08-12,ILI incidence,2026-08-16,2,GR,quantile,0.25,143.096046892227
2026-08-12,ILI incidence,2026-08-16,2,GR,quantile,0.3,176.390159394587
2026-08-12,ILI incidence,2026-08-16,2,GR,quantile,0.35,210.192986905794
2026-08-12,ILI incidence,2026-08-16,2,GR,quantile,0.4,241.666884204241
2026-08-12,ILI incidence,2026-08-16,2,GR,quantile,0.45,271.683361904473
2026-08-12,ILI incidence,2026-08-16,2,GR,quantile,0.5,300.661647296917
2026-08-12,ILI incidence,2026-08-16,2,GR,quantile,0.55,330.995407040508
2026-08-12,ILI incidence,2026-08-16,2,GR,quantile,0.6,361.874220948858
2026-08-12,ILI incidence,2026-08-16,2,GR,quantile,0.65,393.039419672098
2026-08-12,ILI incidence,2026-08-16,2,GR,quantile,0.7,424.072044862332
2026-08-12,ILI incidence,2026-08-16,2,GR,quantile,0.75,459.165958779823
2026-08-12,ILI incidence,2026-08-16,2,GR,quantile,0.8,499.744880056027
2026-08-12,ILI incidence,2026-08-16,2,GR,quantile,0.85,543.419285681913
2026-08-12,ILI incidence,2026-08-16,2,GR,quantile,0.9,601.874267018835
2026-08-12,ILI incidence,2026-08-16,2,GR,quantile,0.95,684.223927517438
2026-08-12,ILI incidence,2026-08-16,2,GR,quantile,0.975,759.577575522574
2026-08-12,ILI incidence,2026-08-16,2,GR,quantile,0.99,834.933399798968
2026-08-12,ILI incidence,2026-08-23,3,GR,median,,332.500993350791
2026-08-12,ILI incidence,2026-08-23,3,GR,quantile,0.01,0
2026-08-12,ILI incidence,2026-08-23,3,GR,quantile,0.025,0
2026-08-12,ILI incidence,2026-08-23,3,GR,quantile,0.05,0
2026-08-12,ILI incidence,2026-08-23,3,GR,quantile,0.1,0
2026-08-12,ILI incidence,2026-08-23,3,GR,quantile,0.15,49.5051665341481
2026-08-12,ILI incidence,2026-08-23,3,GR,quantile,0.2,101.81063258767
2026-08-12,ILI incidence,2026-08-23,3,GR,quantile,0.25,147.502778770043
2026-08-12,ILI incidence,2026-08-23,3,GR,quantile,0.3,187.810515979892
2026-08-12,ILI incidence,2026-08-23,3,GR,quantile,0.35,225.976044209992
2026-08-12,ILI incidence,2026-08-23,3,GR,quantile,0.4,263.518169125953
2026-08-12,ILI incidence,2026-08-23,3,GR,quantile,0.45,297.692050038319
2026-08-12,ILI incidence,2026-08-23,3,GR,quantile,0.5,333.807150801414
2026-08-12,ILI incidence,2026-08-23,3,GR,quantile,0.55,369.614745156863
2026-08-12,ILI incidence,2026-08-23,3,GR,quantile,0.6,405.988020261476
2026-08-12,ILI incidence,2026-08-23,3,GR,quantile,0.65,441.411066000358
2026-08-12,ILI incidence,2026-08-23,3,GR,quantile,0.7,478.877704631353
2026-08-12,ILI incidence,2026-08-23,3,GR,quantile,0.75,517.073090639355
2026-08-12,ILI incidence,2026-08-23,3,GR,quantile,0.8,563.142326743779
2026-08-12,ILI incidence,2026-08-23,3,GR,quantile,0.85,623.266456779911
2026-08-12,ILI incidence,2026-08-23,3,GR,quantile,0.9,689.509778104565
2026-08-12,ILI incidence,2026-08-23,3,GR,quantile,0.95,791.174460556784
2026-08-12,ILI incidence,2026-08-23,3,GR,quantile,0.975,877.664923959739
2026-08-12,ILI incidence,2026-08-23,3,GR,quantile,0.99,972.090834077308
2026-08-12,ILI incidence,2026-08-30,4,GR,median,,361.996081091726
2026-08-12,ILI incidence,2026-08-30,4,GR,quantile,0.01,0
2026-08-12,ILI incidence,2026-08-30,4,GR,quantile,0.025,0
2026-08-12,ILI incidence,2026-08-30,4,GR,quantile,0.05,0
2026-08-12,ILI incidence,2026-08-30,4,GR,quantile,0.1,0
2026-08-12,ILI incidence,2026-08-30,4,GR,quantile,0.15,51.3263994324783
2026-08-12,ILI incidence,2026-08-30,4,GR,quantile,0.2,112.331766252296
2026-08-12,ILI incidence,2026-08-30,4,GR,quantile,0.25,159.896698732011
2026-08-12,ILI incidence,2026-08-30,4,GR,quantile,0.3,206.304047117462
2026-08-12,ILI incidence,2026-08-30,4,GR,quantile,0.35,249.242204509424
2026-08-12,ILI incidence,2026-08-30,4,GR,quantile,0.4,288.978673858972
2026-08-12,ILI incidence,2026-08-30,4,GR,quantile,0.45,328.629838149048
2026-08-12,ILI incidence,2026-08-30,4,GR,quantile,0.5,364.905549992757
2026-08-12,ILI incidence,2026-08-30,4,GR,quantile,0.55,402.828813508944
2026-08-12,ILI incidence,2026-08-30,4,GR,quantile,0.6,440.769785947424
2026-08-12,ILI incidence,2026-08-30,4,GR,quantile,0.65,479.938592443203
2026-08-12,ILI incidence,2026-08-30,4,GR,quantile,0.7,519.829187999042
2026-08-12,ILI incidence,2026-08-30,4,GR,quantile,0.75,563.016361760057
2026-08-12,ILI incidence,2026-08-30,4,GR,quantile,0.8,614.455761555431
2026-08-12,ILI incidence,2026-08-30,4,GR,quantile,0.85,679.459698738802
2026-08-12,ILI incidence,2026-08-30,4,GR,quantile,0.9,754.85005193559
2026-08-12,ILI incidence,2026-08-30,4,GR,quantile,0.95,866.855666448814
2026-08-12,ILI incidence,2026-08-30,4,GR,quantile,0.975,957.429858044076
2026-08-12,ILI incidence,2026-08-30,4,GR,quantile,0.99,1069.03678274537
2026-08-12,ILI incidence,2026-08-09,1,HU,median,,35.6578900174053
2026-08-12,ILI incidence,2026-08-09,1,HU,quantile,0.01,0
2026-08-12,ILI incidence,2026-08-09,1,HU,quantile,0.025,0
2026-08-12,ILI incidence,2026-08-09,1,HU,quantile,0.05,0
2026-08-12,ILI incidence,2026-08-09,1,HU,quantile,0.1,0
2026-08-12,ILI incidence,2026-08-09,1,HU,quantile,0.15,0
2026-08-12,ILI incidence,2026-08-09,1,HU,quantile,0.2,0
2026-08-12,ILI incidence,2026-08-09,1,HU,quantile,0.25,0
2026-08-12,ILI incidence,2026-08-09,1,HU,quantile,0.3,7.63343766450908
2026-08-12,ILI incidence,2026-08-09,1,HU,quantile,0.35,14.8731877305586
2026-08-12,ILI incidence,2026-08-09,1,HU,quantile,0.4,21.7808063871745
2026-08-12,ILI incidence,2026-08-09,1,HU,quantile,0.45,28.4278007587427
2026-08-12,ILI incidence,2026-08-09,1,HU,quantile,0.5,35.4565280324356
2026-08-12,ILI incidence,2026-08-09,1,HU,quantile,0.55,42.4623223905305
2026-08-12,ILI incidence,2026-08-09,1,HU,quantile,0.6,49.4830202498265
2026-08-12,ILI incidence,2026-08-09,1,HU,quantile,0.65,57.0343494390448
2026-08-12,ILI incidence,2026-08-09,1,HU,quantile,0.7,64.8875950346266
2026-08-12,ILI incidence,2026-08-09,1,HU,quantile,0.75,73.0157561032218
2026-08-12,ILI incidence,2026-08-09,1,HU,quantile,0.8,82.0919428305447
2026-08-12,ILI incidence,2026-08-09,1,HU,quantile,0.85,92.5677002030747
2026-08-12,ILI incidence,2026-08-09,1,HU,quantile,0.9,105.584938176801
2026-08-12,ILI incidence,2026-08-09,1,HU,quantile,0.95,125.035406067691
2026-08-12,ILI incidence,2026-08-09,1,HU,quantile,0.975,142.776122670603
2026-08-12,ILI incidence,2026-08-09,1,HU,quantile,0.99,161.398498965043
2026-08-12,ILI incidence,2026-08-16,2,HU,median,,66.3854751427148
2026-08-12,ILI incidence,2026-08-16,2,HU,quantile,0.01,0
2026-08-12,ILI incidence,2026-08-16,2,HU,quantile,0.025,0
2026-08-12,ILI incidence,2026-08-16,2,HU,quantile,0.05,0
2026-08-12,ILI incidence,2026-08-16,2,HU,quantile,0.1,0
2026-08-12,ILI incidence,2026-08-16,2,HU,quantile,0.15,0
2026-08-12,ILI incidence,2026-08-16,2,HU,quantile,0.2,0
2026-08-12,ILI incidence,2026-08-16,2,HU,quantile,0.25,3.79634310264524
2026-08-12,ILI incidence,2026-08-16,2,HU,quantile,0.3,17.6324325150204
2026-08-12,ILI incidence,2026-08-16,2,HU,quantile,0.35,31.3574932493846
2026-08-12,ILI incidence,2026-08-16,2,HU,quantile,0.4,43.5630430970301
2026-08-12,ILI incidence,2026-08-16,2,HU,quantile,0.45,55.4643528131116
2026-08-12,ILI incidence,2026-08-16,2,HU,quantile,0.5,66.6624107990723
2026-08-12,ILI incidence,2026-08-16,2,HU,quantile,0.55,77.6666450071619
2026-08-12,ILI incidence,2026-08-16,2,HU,quantile,0.6,89.2216047070494
2026-08-12,ILI incidence,2026-08-16,2,HU,quantile,0.65,101.822225581867
2026-08-12,ILI incidence,2026-08-16,2,HU,quantile,0.7,115.232538237343
2026-08-12,ILI incidence,2026-08-16,2,HU,quantile,0.75,129.585444118707
2026-08-12,ILI incidence,2026-08-16,2,HU,quantile,0.8,144.993425260974
2026-08-12,ILI incidence,2026-08-16,2,HU,quantile,0.85,163.447974292595
2026-08-12,ILI incidence,2026-08-16,2,HU,quantile,0.9,185.350240415761
2026-08-12,ILI incidence,2026-08-16,2,HU,quantile,0.95,218.812016829212
2026-08-12,ILI incidence,2026-08-16,2,HU,quantile,0.975,246.497730936476
2026-08-12,ILI incidence,2026-08-16,2,HU,quantile,0.99,277.070043641684
2026-08-12,ILI incidence,2026-08-23,3,HU,median,,92.361535000815
2026-08-12,ILI incidence,2026-08-23,3,HU,quantile,0.01,0
2026-08-12,ILI incidence,2026-08-23,3,HU,quantile,0.025,0
2026-08-12,ILI incidence,2026-08-23,3,HU,quantile,0.05,0
2026-08-12,ILI incidence,2026-08-23,3,HU,quantile,0.1,0
2026-08-12,ILI incidence,2026-08-23,3,HU,quantile,0.15,0
2026-08-12,ILI incidence,2026-08-23,3,HU,quantile,0.2,0
2026-08-12,ILI incidence,2026-08-23,3,HU,quantile,0.25,12.6243596334894
2026-08-12,ILI incidence,2026-08-23,3,HU,quantile,0.3,30.5319168533006
2026-08-12,ILI incidence,2026-08-23,3,HU,quantile,0.35,46.7559821958906
2026-08-12,ILI incidence,2026-08-23,3,HU,quantile,0.4,62.0008328055353
2026-08-12,ILI incidence,2026-08-23,3,HU,quantile,0.45,78.0997727259643
2026-08-12,ILI incidence,2026-08-23,3,HU,quantile,0.5,92.8954738797358
2026-08-12,ILI incidence,2026-08-23,3,HU,quantile,0.55,107.383397895068
2026-08-12,ILI incidence,2026-08-23,3,HU,quantile,0.6,122.471854705041
2026-08-12,ILI incidence,2026-08-23,3,HU,quantile,0.65,138.37212181337
2026-08-12,ILI incidence,2026-08-23,3,HU,quantile,0.7,154.77128990614
2026-08-12,ILI incidence,2026-08-23,3,HU,quantile,0.75,172.113029225408
2026-08-12,ILI incidence,2026-08-23,3,HU,quantile,0.8,192.511467346907
2026-08-12,ILI incidence,2026-08-23,3,HU,quantile,0.85,215.329481220916
2026-08-12,ILI incidence,2026-08-23,3,HU,quantile,0.9,244.398642398991
2026-08-12,ILI incidence,2026-08-23,3,HU,quantile,0.95,285.634913316559
2026-08-12,ILI incidence,2026-08-23,3,HU,quantile,0.975,324.650177091813
2026-08-12,ILI incidence,2026-08-23,3,HU,quantile,0.99,367.754683596684
2026-08-12,ILI incidence,2026-08-30,4,HU,median,,123.956317814826
2026-08-12,ILI incidence,2026-08-30,4,HU,quantile,0.01,0
2026-08-12,ILI incidence,2026-08-30,4,HU,quantile,0.025,0
2026-08-12,ILI incidence,2026-08-30,4,HU,quantile,0.05,0
2026-08-12,ILI incidence,2026-08-30,4,HU,quantile,0.1,0
2026-08-12,ILI incidence,2026-08-30,4,HU,quantile,0.15,0
2026-08-12,ILI incidence,2026-08-30,4,HU,quantile,0.2,3.30869865432319
2026-08-12,ILI incidence,2026-08-30,4,HU,quantile,0.25,27.5986229406651
2026-08-12,ILI incidence,2026-08-30,4,HU,quantile,0.3,50.0682274816537
2026-08-12,ILI incidence,2026-08-30,4,HU,quantile,0.35,70.5365021818246
2026-08-12,ILI incidence,2026-08-30,4,HU,quantile,0.4,90.4205251787445
2026-08-12,ILI incidence,2026-08-30,4,HU,quantile,0.45,108.413368244233
2026-08-12,ILI incidence,2026-08-30,4,HU,quantile,0.5,125.574982231342
2026-08-12,ILI incidence,2026-08-30,4,HU,quantile,0.55,142.350645275228
2026-08-12,ILI incidence,2026-08-30,4,HU,quantile,0.6,160.353843755619
2026-08-12,ILI incidence,2026-08-30,4,HU,quantile,0.65,179.690562025387
2026-08-12,ILI incidence,2026-08-30,4,HU,quantile,0.7,198.261282230767
2026-08-12,ILI incidence,2026-08-30,4,HU,quantile,0.75,219.536433170443
2026-08-12,ILI incidence,2026-08-30,4,HU,quantile,0.8,243.367988975945
2026-08-12,ILI incidence,2026-08-30,4,HU,quantile,0.85,272.131753860105
2026-08-12,ILI incidence,2026-08-30,4,HU,quantile,0.9,305.03040320701
2026-08-12,ILI incidence,2026-08-30,4,HU,quantile,0.95,361.991261701396
2026-08-12,ILI incidence,2026-08-30,4,HU,quantile,0.975,406.999781657813
2026-08-12,ILI incidence,2026-08-30,4,HU,quantile,0.99,449.370580273868
2026-08-12,ILI incidence,2026-08-09,1,IE,median,,2.22783246035625
2026-08-12,ILI incidence,2026-08-09,1,IE,quantile,0.01,0
2026-08-12,ILI incidence,2026-08-09,1,IE,quantile,0.025,0
2026-08-12,ILI incidence,2026-08-09,1,IE,quantile,0.05,0
2026-08-12,ILI incidence,2026-08-09,1,IE,quantile,0.1,0
2026-08-12,ILI incidence,2026-08-09,1,IE,quantile,0.15,0
2026-08-12,ILI incidence,2026-08-09,1,IE,quantile,0.2,0
2026-08-12,ILI incidence,2026-08-09,1,IE,quantile,0.25,0
2026-08-12,ILI incidence,2026-08-09,1,IE,quantile,0.3,0
2026-08-12,ILI incidence,2026-08-09,1,IE,quantile,0.35,0
2026-08-12,ILI incidence,2026-08-09,1,IE,quantile,0.4,0.0154120406154802
2026-08-12,ILI incidence,2026-08-09,1,IE,quantile,0.45,1.19374269293472
2026-08-12,ILI incidence,2026-08-09,1,IE,quantile,0.5,2.3142533153809
2026-08-12,ILI incidence,2026-08-09,1,IE,quantile,0.55,3.44543972986598
2026-08-12,ILI incidence,2026-08-09,1,IE,quantile,0.6,4.60169847497353
2026-08-12,ILI incidence,2026-08-09,1,IE,quantile,0.65,5.7247833305954
2026-08-12,ILI incidence,2026-08-09,1,IE,quantile,0.7,6.86889899354155
2026-08-12,ILI incidence,2026-08-09,1,IE,quantile,0.75,8.21256141875418
2026-08-12,ILI incidence,2026-08-09,1,IE,quantile,0.8,9.61939374834915
2026-08-12,ILI incidence,2026-08-09,1,IE,quantile,0.85,11.1462761803486
2026-08-12,ILI incidence,2026-08-09,1,IE,quantile,0.9,13.2537480651214
2026-08-12,ILI incidence,2026-08-09,1,IE,quantile,0.95,16.4822795858807
2026-08-12,ILI incidence,2026-08-09,1,IE,quantile,0.975,18.9162994193255
2026-08-12,ILI incidence,2026-08-09,1,IE,quantile,0.99,21.6235621967448
2026-08-12,ILI incidence,2026-08-16,2,IE,median,,4.02220125724065
2026-08-12,ILI incidence,2026-08-16,2,IE,quantile,0.01,0
2026-08-12,ILI incidence,2026-08-16,2,IE,quantile,0.025,0
2026-08-12,ILI incidence,2026-08-16,2,IE,quantile,0.05,0
2026-08-12,ILI incidence,2026-08-16,2,IE,quantile,0.1,0
2026-08-12,ILI incidence,2026-08-16,2,IE,quantile,0.15,0
2026-08-12,ILI incidence,2026-08-16,2,IE,quantile,0.2,0
2026-08-12,ILI incidence,2026-08-16,2,IE,quantile,0.25,0
2026-08-12,ILI incidence,2026-08-16,2,IE,quantile,0.3,0
2026-08-12,ILI incidence,2026-08-16,2,IE,quantile,0.35,0
2026-08-12,ILI incidence,2026-08-16,2,IE,quantile,0.4,1.04021101445272
2026-08-12,ILI incidence,2026-08-16,2,IE,quantile,0.45,2.60391413498057
2026-08-12,ILI incidence,2026-08-16,2,IE,quantile,0.5,4.24921335533031
2026-08-12,ILI incidence,2026-08-16,2,IE,quantile,0.55,5.68221650011685
2026-08-12,ILI incidence,2026-08-16,2,IE,quantile,0.6,7.37618932022248
2026-08-12,ILI incidence,2026-08-16,2,IE,quantile,0.65,9.0393915559313
2026-08-12,ILI incidence,2026-08-16,2,IE,quantile,0.7,10.5506855861262
2026-08-12,ILI incidence,2026-08-16,2,IE,quantile,0.75,12.3567878981863
2026-08-12,ILI incidence,2026-08-16,2,IE,quantile,0.8,14.4842862223903
2026-08-12,ILI incidence,2026-08-16,2,IE,quantile,0.85,16.8564034465947
2026-08-12,ILI incidence,2026-08-16,2,IE,quantile,0.9,19.5534766071631
2026-08-12,ILI incidence,2026-08-16,2,IE,quantile,0.95,23.5633747504341
2026-08-12,ILI incidence,2026-08-16,2,IE,quantile,0.975,27.4004023992325
2026-08-12,ILI incidence,2026-08-16,2,IE,quantile,0.99,31.7543717846719
2026-08-12,ILI incidence,2026-08-23,3,IE,median,,5.87467407519202
2026-08-12,ILI incidence,2026-08-23,3,IE,quantile,0.01,0
2026-08-12,ILI incidence,2026-08-23,3,IE,quantile,0.025,0
2026-08-12,ILI incidence,2026-08-23,3,IE,quantile,0.05,0
2026-08-12,ILI incidence,2026-08-23,3,IE,quantile,0.1,0
2026-08-12,ILI incidence,2026-08-23,3,IE,quantile,0.15,0
2026-08-12,ILI incidence,2026-08-23,3,IE,quantile,0.2,0
2026-08-12,ILI incidence,2026-08-23,3,IE,quantile,0.25,0
2026-08-12,ILI incidence,2026-08-23,3,IE,quantile,0.3,0
2026-08-12,ILI incidence,2026-08-23,3,IE,quantile,0.35,0.541978517914804
2026-08-12,ILI incidence,2026-08-23,3,IE,quantile,0.4,2.3715784924135
2026-08-12,ILI incidence,2026-08-23,3,IE,quantile,0.45,4.25582224909275
2026-08-12,ILI incidence,2026-08-23,3,IE,quantile,0.5,6.15887195982696
2026-08-12,ILI incidence,2026-08-23,3,IE,quantile,0.55,7.94934603356339
2026-08-12,ILI incidence,2026-08-23,3,IE,quantile,0.6,9.80518761745412
2026-08-12,ILI incidence,2026-08-23,3,IE,quantile,0.65,11.7070536626238
2026-08-12,ILI incidence,2026-08-23,3,IE,quantile,0.7,13.8047924270895
2026-08-12,ILI incidence,2026-08-23,3,IE,quantile,0.75,15.9925780775525
2026-08-12,ILI incidence,2026-08-23,3,IE,quantile,0.8,18.3530196111791
2026-08-12,ILI incidence,2026-08-23,3,IE,quantile,0.85,21.1114932799384
2026-08-12,ILI incidence,2026-08-23,3,IE,quantile,0.9,24.757350953702
2026-08-12,ILI incidence,2026-08-23,3,IE,quantile,0.95,30.0734555554463
2026-08-12,ILI incidence,2026-08-23,3,IE,quantile,0.975,34.2889174034759
2026-08-12,ILI incidence,2026-08-23,3,IE,quantile,0.99,40.0194250759502
2026-08-12,ILI incidence,2026-08-30,4,IE,median,,7.65688833260232
2026-08-12,ILI incidence,2026-08-30,4,IE,quantile,0.01,0
2026-08-12,ILI incidence,2026-08-30,4,IE,quantile,0.025,0
2026-08-12,ILI incidence,2026-08-30,4,IE,quantile,0.05,0
2026-08-12,ILI incidence,2026-08-30,4,IE,quantile,0.1,0
2026-08-12,ILI incidence,2026-08-30,4,IE,quantile,0.15,0
2026-08-12,ILI incidence,2026-08-30,4,IE,quantile,0.2,0
2026-08-12,ILI incidence,2026-08-30,4,IE,quantile,0.25,0
2026-08-12,ILI incidence,2026-08-30,4,IE,quantile,0.3,0
2026-08-12,ILI incidence,2026-08-30,4,IE,quantile,0.35,1.26662414194393
2026-08-12,ILI incidence,2026-08-30,4,IE,quantile,0.4,3.37861341571239
2026-08-12,ILI incidence,2026-08-30,4,IE,quantile,0.45,5.56067479458172
2026-08-12,ILI incidence,2026-08-30,4,IE,quantile,0.5,7.66459195535568
2026-08-12,ILI incidence,2026-08-30,4,IE,quantile,0.55,9.75729981855543
2026-08-12,ILI incidence,2026-08-30,4,IE,quantile,0.6,11.9419289241169
2026-08-12,ILI incidence,2026-08-30,4,IE,quantile,0.65,14.2454738009137
2026-08-12,ILI incidence,2026-08-30,4,IE,quantile,0.7,16.6447289038163
2026-08-12,ILI incidence,2026-08-30,4,IE,quantile,0.75,19.2982916028757
2026-08-12,ILI incidence,2026-08-30,4,IE,quantile,0.8,22.1110105537272
2026-08-12,ILI incidence,2026-08-30,4,IE,quantile,0.85,25.3207697712426
2026-08-12,ILI incidence,2026-08-30,4,IE,quantile,0.9,29.4581755088653
2026-08-12,ILI incidence,2026-08-30,4,IE,quantile,0.95,35.3300881985986
2026-08-12,ILI incidence,2026-08-30,4,IE,quantile,0.975,40.4451966969501
2026-08-12,ILI incidence,2026-08-30,4,IE,quantile,0.99,45.6619248751738
2026-08-12,ILI incidence,2026-08-09,1,LT,median,,6.19777527266637
2026-08-12,ILI incidence,2026-08-09,1,LT,quantile,0.01,0
2026-08-12,ILI incidence,2026-08-09,1,LT,quantile,0.025,0
2026-08-12,ILI incidence,2026-08-09,1,LT,quantile,0.05,0
2026-08-12,ILI incidence,2026-08-09,1,LT,quantile,0.1,0
2026-08-12,ILI incidence,2026-08-09,1,LT,quantile,0.15,0
2026-08-12,ILI incidence,2026-08-09,1,LT,quantile,0.2,0
2026-08-12,ILI incidence,2026-08-09,1,LT,quantile,0.25,0
2026-08-12,ILI incidence,2026-08-09,1,LT,quantile,0.3,0
2026-08-12,ILI incidence,2026-08-09,1,LT,quantile,0.35,0
2026-08-12,ILI incidence,2026-08-09,1,LT,quantile,0.4,0
2026-08-12,ILI incidence,2026-08-09,1,LT,quantile,0.45,3.06369102988309
2026-08-12,ILI incidence,2026-08-09,1,LT,quantile,0.5,6.26957619475226
2026-08-12,ILI incidence,2026-08-09,1,LT,quantile,0.55,9.73498280034825
2026-08-12,ILI incidence,2026-08-09,1,LT,quantile,0.6,13.2232760229078
2026-08-12,ILI incidence,2026-08-09,1,LT,quantile,0.65,16.8259460896437
2026-08-12,ILI incidence,2026-08-09,1,LT,quantile,0.7,20.7101675023778
2026-08-12,ILI incidence,2026-08-09,1,LT,quantile,0.75,24.7090945584165
2026-08-12,ILI incidence,2026-08-09,1,LT,quantile,0.8,28.7430738171555
2026-08-12,ILI incidence,2026-08-09,1,LT,quantile,0.85,34.1906697247133
2026-08-12,ILI incidence,2026-08-09,1,LT,quantile,0.9,41.0159635866328
2026-08-12,ILI incidence,2026-08-09,1,LT,quantile,0.95,51.8622356573931
2026-08-12,ILI incidence,2026-08-09,1,LT,quantile,0.975,59.8408590532942
2026-08-12,ILI incidence,2026-08-09,1,LT,quantile,0.99,70.3838873564942
2026-08-12,ILI incidence,2026-08-16,2,LT,median,,14.7071891804675
2026-08-12,ILI incidence,2026-08-16,2,LT,quantile,0.01,0
2026-08-12,ILI incidence,2026-08-16,2,LT,quantile,0.025,0
2026-08-12,ILI incidence,2026-08-16,2,LT,quantile,0.05,0
2026-08-12,ILI incidence,2026-08-16,2,LT,quantile,0.1,0
2026-08-12,ILI incidence,2026-08-16,2,LT,quantile,0.15,0
2026-08-12,ILI incidence,2026-08-16,2,LT,quantile,0.2,0
2026-08-12,ILI incidence,2026-08-16,2,LT,quantile,0.25,0
2026-08-12,ILI incidence,2026-08-16,2,LT,quantile,0.3,0
2026-08-12,ILI incidence,2026-08-16,2,LT,quantile,0.35,0
2026-08-12,ILI incidence,2026-08-16,2,LT,quantile,0.4,1.51549995764051
2026-08-12,ILI incidence,2026-08-16,2,LT,quantile,0.45,8.56190025713607
2026-08-12,ILI incidence,2026-08-16,2,LT,quantile,0.5,15.389824019678
2026-08-12,ILI incidence,2026-08-16,2,LT,quantile,0.55,22.1827106623583
2026-08-12,ILI incidence,2026-08-16,2,LT,quantile,0.6,28.5769679614254
2026-08-12,ILI incidence,2026-08-16,2,LT,quantile,0.65,34.9732403836133
2026-08-12,ILI incidence,2026-08-16,2,LT,quantile,0.7,41.8196144591166
2026-08-12,ILI incidence,2026-08-16,2,LT,quantile,0.75,49.3598543009956
2026-08-12,ILI incidence,2026-08-16,2,LT,quantile,0.8,58.6237646306896
2026-08-12,ILI incidence,2026-08-16,2,LT,quantile,0.85,68.7014330020418
2026-08-12,ILI incidence,2026-08-16,2,LT,quantile,0.9,81.8343615383667
2026-08-12,ILI incidence,2026-08-16,2,LT,quantile,0.95,101.417158443411
2026-08-12,ILI incidence,2026-08-16,2,LT,quantile,0.975,118.666863912313
2026-08-12,ILI incidence,2026-08-16,2,LT,quantile,0.99,137.195811243134
2026-08-12,ILI incidence,2026-08-23,3,LT,median,,24.6720115312584
2026-08-12,ILI incidence,2026-08-23,3,LT,quantile,0.01,0
2026-08-12,ILI incidence,2026-08-23,3,LT,quantile,0.025,0
2026-08-12,ILI incidence,2026-08-23,3,LT,quantile,0.05,0
2026-08-12,ILI incidence,2026-08-23,3,LT,quantile,0.1,0
2026-08-12,ILI incidence,2026-08-23,3,LT,quantile,0.15,0
2026-08-12,ILI incidence,2026-08-23,3,LT,quantile,0.2,0
2026-08-12,ILI incidence,2026-08-23,3,LT,quantile,0.25,0
2026-08-12,ILI incidence,2026-08-23,3,LT,quantile,0.3,0
2026-08-12,ILI incidence,2026-08-23,3,LT,quantile,0.35,0
2026-08-12,ILI incidence,2026-08-23,3,LT,quantile,0.4,6.28251029518995
2026-08-12,ILI incidence,2026-08-23,3,LT,quantile,0.45,16.6174434321326
2026-08-12,ILI incidence,2026-08-23,3,LT,quantile,0.5,25.4621275956168
2026-08-12,ILI incidence,2026-08-23,3,LT,quantile,0.55,34.7990633155873
2026-08-12,ILI incidence,2026-08-23,3,LT,quantile,0.6,44.7774948287604
2026-08-12,ILI incidence,2026-08-23,3,LT,quantile,0.65,54.5407498596338
2026-08-12,ILI incidence,2026-08-23,3,LT,quantile,0.7,64.9401070201383
2026-08-12,ILI incidence,2026-08-23,3,LT,quantile,0.75,75.5552463929581
2026-08-12,ILI incidence,2026-08-23,3,LT,quantile,0.8,87.4699804215118
2026-08-12,ILI incidence,2026-08-23,3,LT,quantile,0.85,102.830381934951
2026-08-12,ILI incidence,2026-08-23,3,LT,quantile,0.9,121.285776700692
2026-08-12,ILI incidence,2026-08-23,3,LT,quantile,0.95,148.472958629706
2026-08-12,ILI incidence,2026-08-23,3,LT,quantile,0.975,173.155717505153
2026-08-12,ILI incidence,2026-08-23,3,LT,quantile,0.99,199.912608384832
2026-08-12,ILI incidence,2026-08-30,4,LT,median,,33.5770651987811
2026-08-12,ILI incidence,2026-08-30,4,LT,quantile,0.01,0
2026-08-12,ILI incidence,2026-08-30,4,LT,quantile,0.025,0
2026-08-12,ILI incidence,2026-08-30,4,LT,quantile,0.05,0
2026-08-12,ILI incidence,2026-08-30,4,LT,quantile,0.1,0
2026-08-12,ILI incidence,2026-08-30,4,LT,quantile,0.15,0
2026-08-12,ILI incidence,2026-08-30,4,LT,quantile,0.2,0
2026-08-12,ILI incidence,2026-08-30,4,LT,quantile,0.25,0
2026-08-12,ILI incidence,2026-08-30,4,LT,quantile,0.3,0
2026-08-12,ILI incidence,2026-08-30,4,LT,quantile,0.35,0
2026-08-12,ILI incidence,2026-08-30,4,LT,quantile,0.4,11.5134392647291
2026-08-12,ILI incidence,2026-08-30,4,LT,quantile,0.45,23.2812968155637
2026-08-12,ILI incidence,2026-08-30,4,LT,quantile,0.5,34.5080819267333
2026-08-12,ILI incidence,2026-08-30,4,LT,quantile,0.55,45.3755668026222
2026-08-12,ILI incidence,2026-08-30,4,LT,quantile,0.6,56.1673798488414
2026-08-12,ILI incidence,2026-08-30,4,LT,quantile,0.65,68.3614949047361
2026-08-12,ILI incidence,2026-08-30,4,LT,quantile,0.7,81.1353599988968
2026-08-12,ILI incidence,2026-08-30,4,LT,quantile,0.75,94.7249691488056
2026-08-12,ILI incidence,2026-08-30,4,LT,quantile,0.8,109.57873155733
2026-08-12,ILI incidence,2026-08-30,4,LT,quantile,0.85,128.134506157727
2026-08-12,ILI incidence,2026-08-30,4,LT,quantile,0.9,149.980191331093
2026-08-12,ILI incidence,2026-08-30,4,LT,quantile,0.95,184.11477867019
2026-08-12,ILI incidence,2026-08-30,4,LT,quantile,0.975,209.403925066074
2026-08-12,ILI incidence,2026-08-30,4,LT,quantile,0.99,244.083922422042
2026-08-12,ILI incidence,2026-08-09,1,LU,median,,1092.88372285162
2026-08-12,ILI incidence,2026-08-09,1,LU,quantile,0.01,0
2026-08-12,ILI incidence,2026-08-09,1,LU,quantile,0.025,0
2026-08-12,ILI incidence,2026-08-09,1,LU,quantile,0.05,0
2026-08-12,ILI incidence,2026-08-09,1,LU,quantile,0.1,0
2026-08-12,ILI incidence,2026-08-09,1,LU,quantile,0.15,0
2026-08-12,ILI incidence,2026-08-09,1,LU,quantile,0.2,0
2026-08-12,ILI incidence,2026-08-09,1,LU,quantile,0.25,0
2026-08-12,ILI incidence,2026-08-09,1,LU,quantile,0.3,0
2026-08-12,ILI incidence,2026-08-09,1,LU,quantile,0.35,214.074575483852
2026-08-12,ILI incidence,2026-08-09,1,LU,quantile,0.4,504.497480825283
2026-08-12,ILI incidence,2026-08-09,1,LU,quantile,0.45,797.039859294406
2026-08-12,ILI incidence,2026-08-09,1,LU,quantile,0.5,1070.80039842795
2026-08-12,ILI incidence,2026-08-09,1,LU,quantile,0.55,1357.78084291458
2026-08-12,ILI incidence,2026-08-09,1,LU,quantile,0.6,1650.37471439009
2026-08-12,ILI incidence,2026-08-09,1,LU,quantile,0.65,1947.83025110239
2026-08-12,ILI incidence,2026-08-09,1,LU,quantile,0.7,2267.7075965586
2026-08-12,ILI incidence,2026-08-09,1,LU,quantile,0.75,2598.07559985271
2026-08-12,ILI incidence,2026-08-09,1,LU,quantile,0.8,2979.67891360525
2026-08-12,ILI incidence,2026-08-09,1,LU,quantile,0.85,3426.8883042145
2026-08-12,ILI incidence,2026-08-09,1,LU,quantile,0.9,3981.03121814373
2026-08-12,ILI incidence,2026-08-09,1,LU,quantile,0.95,4826.5831574267
2026-08-12,ILI incidence,2026-08-09,1,LU,quantile,0.975,5592.95152895002
2026-08-12,ILI incidence,2026-08-09,1,LU,quantile,0.99,6377.90129809269
2026-08-12,ILI incidence,2026-08-16,2,LU,median,,1197.73127470889
2026-08-12,ILI incidence,2026-08-16,2,LU,quantile,0.01,0
2026-08-12,ILI incidence,2026-08-16,2,LU,quantile,0.025,0
2026-08-12,ILI incidence,2026-08-16,2,LU,quantile,0.05,0
2026-08-12,ILI incidence,2026-08-16,2,LU,quantile,0.1,0
2026-08-12,ILI incidence,2026-08-16,2,LU,quantile,0.15,0
2026-08-12,ILI incidence,2026-08-16,2,LU,quantile,0.2,0
2026-08-12,ILI incidence,2026-08-16,2,LU,quantile,0.25,0
2026-08-12,ILI incidence,2026-08-16,2,LU,quantile,0.3,0
2026-08-12,ILI incidence,2026-08-16,2,LU,quantile,0.35,240.583338535758
2026-08-12,ILI incidence,2026-08-16,2,LU,quantile,0.4,578.21413591182
2026-08-12,ILI incidence,2026-08-16,2,LU,quantile,0.45,921.73974212621
2026-08-12,ILI incidence,2026-08-16,2,LU,quantile,0.5,1261.45147930068
2026-08-12,ILI incidence,2026-08-16,2,LU,quantile,0.55,1582.26852597985
2026-08-12,ILI incidence,2026-08-16,2,LU,quantile,0.6,1914.87946066036
2026-08-12,ILI incidence,2026-08-16,2,LU,quantile,0.65,2268.29362938705
2026-08-12,ILI incidence,2026-08-16,2,LU,quantile,0.7,2633.66582384474
2026-08-12,ILI incidence,2026-08-16,2,LU,quantile,0.75,3000.31214147051
2026-08-12,ILI incidence,2026-08-16,2,LU,quantile,0.8,3426.29436824073
2026-08-12,ILI incidence,2026-08-16,2,LU,quantile,0.85,3956.91208560691
2026-08-12,ILI incidence,2026-08-16,2,LU,quantile,0.9,4619.96959952203
2026-08-12,ILI incidence,2026-08-16,2,LU,quantile,0.95,5505.65074016916
2026-08-12,ILI incidence,2026-08-16,2,LU,quantile,0.975,6318.69600212821
2026-08-12,ILI incidence,2026-08-16,2,LU,quantile,0.99,7330.93433203409
2026-08-12,ILI incidence,2026-08-23,3,LU,median,,1765.12119777162
2026-08-12,ILI incidence,2026-08-23,3,LU,quantile,0.01,0
2026-08-12,ILI incidence,2026-08-23,3,LU,quantile,0.025,0
2026-08-12,ILI incidence,2026-08-23,3,LU,quantile,0.05,0
2026-08-12,ILI incidence,2026-08-23,3,LU,quantile,0.1,0
2026-08-12,ILI incidence,2026-08-23,3,LU,quantile,0.15,0
2026-08-12,ILI incidence,2026-08-23,3,LU,quantile,0.2,0
2026-08-12,ILI incidence,2026-08-23,3,LU,quantile,0.25,0
2026-08-12,ILI incidence,2026-08-23,3,LU,quantile,0.3,178.277329881646
2026-08-12,ILI incidence,2026-08-23,3,LU,quantile,0.35,568.598190777965
2026-08-12,ILI incidence,2026-08-23,3,LU,quantile,0.4,985.504204466341
2026-08-12,ILI incidence,2026-08-23,3,LU,quantile,0.45,1382.98569484819
2026-08-12,ILI incidence,2026-08-23,3,LU,quantile,0.5,1815.33658471508
2026-08-12,ILI incidence,2026-08-23,3,LU,quantile,0.55,2195.78232061966
2026-08-12,ILI incidence,2026-08-23,3,LU,quantile,0.6,2592.60207046017
2026-08-12,ILI incidence,2026-08-23,3,LU,quantile,0.65,2982.52106364399
2026-08-12,ILI incidence,2026-08-23,3,LU,quantile,0.7,3436.10176591279
2026-08-12,ILI incidence,2026-08-23,3,LU,quantile,0.75,3931.16229602374
2026-08-12,ILI incidence,2026-08-23,3,LU,quantile,0.8,4449.7313400845
2026-08-12,ILI incidence,2026-08-23,3,LU,quantile,0.85,5023.55677374443
2026-08-12,ILI incidence,2026-08-23,3,LU,quantile,0.9,5728.58830788546
2026-08-12,ILI incidence,2026-08-23,3,LU,quantile,0.95,6810.4316336258
2026-08-12,ILI incidence,2026-08-23,3,LU,quantile,0.975,7882.01278280617
2026-08-12,ILI incidence,2026-08-23,3,LU,quantile,0.99,9129.4348959605
2026-08-12,ILI incidence,2026-08-30,4,LU,median,,2027.29638995185
2026-08-12,ILI incidence,2026-08-30,4,LU,quantile,0.01,0
2026-08-12,ILI incidence,2026-08-30,4,LU,quantile,0.025,0
2026-08-12,ILI incidence,2026-08-30,4,LU,quantile,0.05,0
2026-08-12,ILI incidence,2026-08-30,4,LU,quantile,0.1,0
2026-08-12,ILI incidence,2026-08-30,4,LU,quantile,0.15,0
2026-08-12,ILI incidence,2026-08-30,4,LU,quantile,0.2,0
2026-08-12,ILI incidence,2026-08-30,4,LU,quantile,0.25,0
2026-08-12,ILI incidence,2026-08-30,4,LU,quantile,0.3,390.747955956683
2026-08-12,ILI incidence,2026-08-30,4,LU,quantile,0.35,852.388201830007
2026-08-12,ILI incidence,2026-08-30,4,LU,quantile,0.4,1268.53316252929
2026-08-12,ILI incidence,2026-08-30,4,LU,quantile,0.45,1673.35386442166
2026-08-12,ILI incidence,2026-08-30,4,LU,quantile,0.5,2100.0182345357
2026-08-12,ILI incidence,2026-08-30,4,LU,quantile,0.55,2520.52559698879
2026-08-12,ILI incidence,2026-08-30,4,LU,quantile,0.6,2912.53859830411
2026-08-12,ILI incidence,2026-08-30,4,LU,quantile,0.65,3331.40094914058
2026-08-12,ILI incidence,2026-08-30,4,LU,quantile,0.7,3784.56650564516
2026-08-12,ILI incidence,2026-08-30,4,LU,quantile,0.75,4298.42570478612
2026-08-12,ILI incidence,2026-08-30,4,LU,quantile,0.8,4818.24832141418
2026-08-12,ILI incidence,2026-08-30,4,LU,quantile,0.85,5521.30414334733
2026-08-12,ILI incidence,2026-08-30,4,LU,quantile,0.9,6335.29328766782
2026-08-12,ILI incidence,2026-08-30,4,LU,quantile,0.95,7462.73333861342
2026-08-12,ILI incidence,2026-08-30,4,LU,quantile,0.975,8451.1782132471
2026-08-12,ILI incidence,2026-08-30,4,LU,quantile,0.99,9662.80987123635
2026-08-12,ILI incidence,2026-08-09,1,MT,median,,2808.63693675629
2026-08-12,ILI incidence,2026-08-09,1,MT,quantile,0.01,0
2026-08-12,ILI incidence,2026-08-09,1,MT,quantile,0.025,0
2026-08-12,ILI incidence,2026-08-09,1,MT,quantile,0.05,234.843433445319
2026-08-12,ILI incidence,2026-08-09,1,MT,quantile,0.1,814.64528556746
2026-08-12,ILI incidence,2026-08-09,1,MT,quantile,0.15,1169.40956853105
2026-08-12,ILI incidence,2026-08-09,1,MT,quantile,0.2,1484.56363026139
2026-08-12,ILI incidence,2026-08-09,1,MT,quantile,0.25,1743.96991466794
2026-08-12,ILI incidence,2026-08-09,1,MT,quantile,0.3,1995.96561854975
2026-08-12,ILI incidence,2026-08-09,1,MT,quantile,0.35,2207.53680238422
2026-08-12,ILI incidence,2026-08-09,1,MT,quantile,0.4,2421.61011754348
2026-08-12,ILI incidence,2026-08-09,1,MT,quantile,0.45,2628.22803732238
2026-08-12,ILI incidence,2026-08-09,1,MT,quantile,0.5,2832.73703954985
2026-08-12,ILI incidence,2026-08-09,1,MT,quantile,0.55,3017.9173227663
2026-08-12,ILI incidence,2026-08-09,1,MT,quantile,0.6,3228.50174298215
2026-08-12,ILI incidence,2026-08-09,1,MT,quantile,0.65,3432.61485509526
2026-08-12,ILI incidence,2026-08-09,1,MT,quantile,0.7,3646.22468423619
2026-08-12,ILI incidence,2026-08-09,1,MT,quantile,0.75,3876.48298241062
2026-08-12,ILI incidence,2026-08-09,1,MT,quantile,0.8,4134.3586384496
2026-08-12,ILI incidence,2026-08-09,1,MT,quantile,0.85,4421.98726853657
2026-08-12,ILI incidence,2026-08-09,1,MT,quantile,0.9,4810.60490080968
2026-08-12,ILI incidence,2026-08-09,1,MT,quantile,0.95,5358.97631730971
2026-08-12,ILI incidence,2026-08-09,1,MT,quantile,0.975,5859.74783314869
2026-08-12,ILI incidence,2026-08-09,1,MT,quantile,0.99,6374.65209604203
2026-08-12,ILI incidence,2026-08-16,2,MT,median,,3098.73274795234
2026-08-12,ILI incidence,2026-08-16,2,MT,quantile,0.01,0
2026-08-12,ILI incidence,2026-08-16,2,MT,quantile,0.025,0
2026-08-12,ILI incidence,2026-08-16,2,MT,quantile,0.05,129.553318925038
2026-08-12,ILI incidence,2026-08-16,2,MT,quantile,0.1,776.268642040097
2026-08-12,ILI incidence,2026-08-16,2,MT,quantile,0.15,1210.30379440015
2026-08-12,ILI incidence,2026-08-16,2,MT,quantile,0.2,1558.72676985222
2026-08-12,ILI incidence,2026-08-16,2,MT,quantile,0.25,1885.95149600959
2026-08-12,ILI incidence,2026-08-16,2,MT,quantile,0.3,2152.06787125647
2026-08-12,ILI incidence,2026-08-16,2,MT,quantile,0.35,2402.28587264671
2026-08-12,ILI incidence,2026-08-16,2,MT,quantile,0.4,2636.04564477529
2026-08-12,ILI incidence,2026-08-16,2,MT,quantile,0.45,2863.59189725306
2026-08-12,ILI incidence,2026-08-16,2,MT,quantile,0.5,3106.83798392333
2026-08-12,ILI incidence,2026-08-16,2,MT,quantile,0.55,3340.84792010228
2026-08-12,ILI incidence,2026-08-16,2,MT,quantile,0.6,3569.53953780938
2026-08-12,ILI incidence,2026-08-16,2,MT,quantile,0.65,3812.23241881598
2026-08-12,ILI incidence,2026-08-16,2,MT,quantile,0.7,4049.99442831094
2026-08-12,ILI incidence,2026-08-16,2,MT,quantile,0.75,4329.58558582542
2026-08-12,ILI incidence,2026-08-16,2,MT,quantile,0.8,4614.55889039055
2026-08-12,ILI incidence,2026-08-16,2,MT,quantile,0.85,4946.10380667776
2026-08-12,ILI incidence,2026-08-16,2,MT,quantile,0.9,5408.85126890684
2026-08-12,ILI incidence,2026-08-16,2,MT,quantile,0.95,6100.98460010706
2026-08-12,ILI incidence,2026-08-16,2,MT,quantile,0.975,6659.58471773134
2026-08-12,ILI incidence,2026-08-16,2,MT,quantile,0.99,7307.31601646972
2026-08-12,ILI incidence,2026-08-23,3,MT,median,,3066.46577117624
2026-08-12,ILI incidence,2026-08-23,3,MT,quantile,0.01,0
2026-08-12,ILI incidence,2026-08-23,3,MT,quantile,0.025,0
2026-08-12,ILI incidence,2026-08-23,3,MT,quantile,0.05,0
2026-08-12,ILI incidence,2026-08-23,3,MT,quantile,0.1,415.727149304303
2026-08-12,ILI incidence,2026-08-23,3,MT,quantile,0.15,937.047419092601
2026-08-12,ILI incidence,2026-08-23,3,MT,quantile,0.2,1349.1349081082
2026-08-12,ILI incidence,2026-08-23,3,MT,quantile,0.25,1689.49002750503
2026-08-12,ILI incidence,2026-08-23,3,MT,quantile,0.3,2000.28178663309
2026-08-12,ILI incidence,2026-08-23,3,MT,quantile,0.35,2281.31560731233
2026-08-12,ILI incidence,2026-08-23,3,MT,quantile,0.4,2549.91558759593
2026-08-12,ILI incidence,2026-08-23,3,MT,quantile,0.45,2797.73084808221
2026-08-12,ILI incidence,2026-08-23,3,MT,quantile,0.5,3052.03944756554
2026-08-12,ILI incidence,2026-08-23,3,MT,quantile,0.55,3320.79425752793
2026-08-12,ILI incidence,2026-08-23,3,MT,quantile,0.6,3576.36136949384
2026-08-12,ILI incidence,2026-08-23,3,MT,quantile,0.65,3832.51924021725
2026-08-12,ILI incidence,2026-08-23,3,MT,quantile,0.7,4113.9149784503
2026-08-12,ILI incidence,2026-08-23,3,MT,quantile,0.75,4395.7973045271
2026-08-12,ILI incidence,2026-08-23,3,MT,quantile,0.8,4742.39937624183
2026-08-12,ILI incidence,2026-08-23,3,MT,quantile,0.85,5155.43908003155
2026-08-12,ILI incidence,2026-08-23,3,MT,quantile,0.9,5599.18809465231
2026-08-12,ILI incidence,2026-08-23,3,MT,quantile,0.95,6334.49035774726
2026-08-12,ILI incidence,2026-08-23,3,MT,quantile,0.975,7054.36703360391
2026-08-12,ILI incidence,2026-08-23,3,MT,quantile,0.99,7904.75522869821
2026-08-12,ILI incidence,2026-08-30,4,MT,median,,3556.37565350794
2026-08-12,ILI incidence,2026-08-30,4,MT,quantile,0.01,0
2026-08-12,ILI incidence,2026-08-30,4,MT,quantile,0.025,0
2026-08-12,ILI incidence,2026-08-30,4,MT,quantile,0.05,0
2026-08-12,ILI incidence,2026-08-30,4,MT,quantile,0.1,556.866484136068
2026-08-12,ILI incidence,2026-08-30,4,MT,quantile,0.15,1161.18915227506
2026-08-12,ILI incidence,2026-08-30,4,MT,quantile,0.2,1627.79966177729
2026-08-12,ILI incidence,2026-08-30,4,MT,quantile,0.25,1998.95115620052
2026-08-12,ILI incidence,2026-08-30,4,MT,quantile,0.3,2353.59692110596
2026-08-12,ILI incidence,2026-08-30,4,MT,quantile,0.35,2669.78469677407
2026-08-12,ILI incidence,2026-08-30,4,MT,quantile,0.4,2968.49328511896
2026-08-12,ILI incidence,2026-08-30,4,MT,quantile,0.45,3247.2573486217
2026-08-12,ILI incidence,2026-08-30,4,MT,quantile,0.5,3528.28753791873
2026-08-12,ILI incidence,2026-08-30,4,MT,quantile,0.55,3829.23678129444
2026-08-12,ILI incidence,2026-08-30,4,MT,quantile,0.6,4105.02139529788
2026-08-12,ILI incidence,2026-08-30,4,MT,quantile,0.65,4393.28620174611
2026-08-12,ILI incidence,2026-08-30,4,MT,quantile,0.7,4689.77968870058
2026-08-12,ILI incidence,2026-08-30,4,MT,quantile,0.75,5022.479532145
2026-08-12,ILI incidence,2026-08-30,4,MT,quantile,0.8,5407.91808690632
2026-08-12,ILI incidence,2026-08-30,4,MT,quantile,0.85,5846.94098400608
2026-08-12,ILI incidence,2026-08-30,4,MT,quantile,0.9,6432.90663328363
2026-08-12,ILI incidence,2026-08-30,4,MT,quantile,0.95,7250.89763529916
2026-08-12,ILI incidence,2026-08-30,4,MT,quantile,0.975,7968.64724217971
2026-08-12,ILI incidence,2026-08-30,4,MT,quantile,0.99,8804.36390340402
2026-08-12,ILI incidence,2026-08-09,1,NO,median,,9.24067005124821
2026-08-12,ILI incidence,2026-08-09,1,NO,quantile,0.01,0
2026-08-12,ILI incidence,2026-08-09,1,NO,quantile,0.025,0
2026-08-12,ILI incidence,2026-08-09,1,NO,quantile,0.05,0
2026-08-12,ILI incidence,2026-08-09,1,NO,quantile,0.1,0
2026-08-12,ILI incidence,2026-08-09,1,NO,quantile,0.15,0
2026-08-12,ILI incidence,2026-08-09,1,NO,quantile,0.2,0
2026-08-12,ILI incidence,2026-08-09,1,NO,quantile,0.25,0
2026-08-12,ILI incidence,2026-08-09,1,NO,quantile,0.3,1.45728794126974
2026-08-12,ILI incidence,2026-08-09,1,NO,quantile,0.35,3.52317542983493
2026-08-12,ILI incidence,2026-08-09,1,NO,quantile,0.4,5.33540966225871
2026-08-12,ILI incidence,2026-08-09,1,NO,quantile,0.45,7.05998325418612
2026-08-12,ILI incidence,2026-08-09,1,NO,quantile,0.5,8.80127279530874
2026-08-12,ILI incidence,2026-08-09,1,NO,quantile,0.55,10.5951083556051
2026-08-12,ILI incidence,2026-08-09,1,NO,quantile,0.6,12.4531343639996
2026-08-12,ILI incidence,2026-08-09,1,NO,quantile,0.65,14.2699742192372
2026-08-12,ILI incidence,2026-08-09,1,NO,quantile,0.7,16.375875636987
2026-08-12,ILI incidence,2026-08-09,1,NO,quantile,0.75,18.6182150489034
2026-08-12,ILI incidence,2026-08-09,1,NO,quantile,0.8,20.9983921668381
2026-08-12,ILI incidence,2026-08-09,1,NO,quantile,0.85,23.7504555584233
2026-08-12,ILI incidence,2026-08-09,1,NO,quantile,0.9,27.2088572349372
2026-08-12,ILI incidence,2026-08-09,1,NO,quantile,0.95,32.2653644521422
2026-08-12,ILI incidence,2026-08-09,1,NO,quantile,0.975,36.3328746732118
2026-08-12,ILI incidence,2026-08-09,1,NO,quantile,0.99,41.7144562317201
2026-08-12,ILI incidence,2026-08-16,2,NO,median,,12.3830670050131
2026-08-12,ILI incidence,2026-08-16,2,NO,quantile,0.01,0
2026-08-12,ILI incidence,2026-08-16,2,NO,quantile,0.025,0
2026-08-12,ILI incidence,2026-08-16,2,NO,quantile,0.05,0
2026-08-12,ILI incidence,2026-08-16,2,NO,quantile,0.1,0
2026-08-12,ILI incidence,2026-08-16,2,NO,quantile,0.15,0
2026-08-12,ILI incidence,2026-08-16,2,NO,quantile,0.2,0
2026-08-12,ILI incidence,2026-08-16,2,NO,quantile,0.25,0
2026-08-12,ILI incidence,2026-08-16,2,NO,quantile,0.3,1.667315173973
2026-08-12,ILI incidence,2026-08-16,2,NO,quantile,0.35,4.26936470107465
2026-08-12,ILI incidence,2026-08-16,2,NO,quantile,0.4,6.96383335016665
2026-08-12,ILI incidence,2026-08-16,2,NO,quantile,0.45,9.39387179775473
2026-08-12,ILI incidence,2026-08-16,2,NO,quantile,0.5,11.8874775849976
2026-08-12,ILI incidence,2026-08-16,2,NO,quantile,0.55,14.239369047542
2026-08-12,ILI incidence,2026-08-16,2,NO,quantile,0.6,16.9160614120108
2026-08-12,ILI incidence,2026-08-16,2,NO,quantile,0.65,19.5854864209186
2026-08-12,ILI incidence,2026-08-16,2,NO,quantile,0.7,22.1884402728596
2026-08-12,ILI incidence,2026-08-16,2,NO,quantile,0.75,25.0734043283443
2026-08-12,ILI incidence,2026-08-16,2,NO,quantile,0.8,28.2878595366491
2026-08-12,ILI incidence,2026-08-16,2,NO,quantile,0.85,31.9916559302769
2026-08-12,ILI incidence,2026-08-16,2,NO,quantile,0.9,36.8873719474672
2026-08-12,ILI incidence,2026-08-16,2,NO,quantile,0.95,44.6894254348634
2026-08-12,ILI incidence,2026-08-16,2,NO,quantile,0.975,50.8598960883157
2026-08-12,ILI incidence,2026-08-16,2,NO,quantile,0.99,57.5389922422937
2026-08-12,ILI incidence,2026-08-23,3,NO,median,,15.2123702091579
2026-08-12,ILI incidence,2026-08-23,3,NO,quantile,0.01,0
2026-08-12,ILI incidence,2026-08-23,3,NO,quantile,0.025,0
2026-08-12,ILI incidence,2026-08-23,3,NO,quantile,0.05,0
2026-08-12,ILI incidence,2026-08-23,3,NO,quantile,0.1,0
2026-08-12,ILI incidence,2026-08-23,3,NO,quantile,0.15,0
2026-08-12,ILI incidence,2026-08-23,3,NO,quantile,0.2,0
2026-08-12,ILI incidence,2026-08-23,3,NO,quantile,0.25,0
2026-08-12,ILI incidence,2026-08-23,3,NO,quantile,0.3,2.80271269799913
2026-08-12,ILI incidence,2026-08-23,3,NO,quantile,0.35,5.88597756165984
2026-08-12,ILI incidence,2026-08-23,3,NO,quantile,0.4,8.70043860534001
2026-08-12,ILI incidence,2026-08-23,3,NO,quantile,0.45,11.661234086835499
2026-08-12,ILI incidence,2026-08-23,3,NO,quantile,0.5,14.679630253387
2026-08-12,ILI incidence,2026-08-23,3,NO,quantile,0.55,17.6760691141085
2026-08-12,ILI incidence,2026-08-23,3,NO,quantile,0.6,20.4329419699283
2026-08-12,ILI incidence,2026-08-23,3,NO,quantile,0.65,23.5751406468226
2026-08-12,ILI incidence,2026-08-23,3,NO,quantile,0.7,26.9797815748872
2026-08-12,ILI incidence,2026-08-23,3,NO,quantile,0.75,30.5478900801646
2026-08-12,ILI incidence,2026-08-23,3,NO,quantile,0.8,34.4832980479883
2026-08-12,ILI incidence,2026-08-23,3,NO,quantile,0.85,39.0567233368913
2026-08-12,ILI incidence,2026-08-23,3,NO,quantile,0.9,44.5356115312977
2026-08-12,ILI incidence,2026-08-23,3,NO,quantile,0.95,52.9532749970179
2026-08-12,ILI incidence,2026-08-23,3,NO,quantile,0.975,61.064614099405
2026-08-12,ILI incidence,2026-08-23,3,NO,quantile,0.99,69.3592471718406
2026-08-12,ILI incidence,2026-08-30,4,NO,median,,18.3655590201682
2026-08-12,ILI incidence,2026-08-30,4,NO,quantile,0.01,0
2026-08-12,ILI incidence,2026-08-30,4,NO,quantile,0.025,0
2026-08-12,ILI incidence,2026-08-30,4,NO,quantile,0.05,0
2026-08-12,ILI incidence,2026-08-30,4,NO,quantile,0.1,0
2026-08-12,ILI incidence,2026-08-30,4,NO,quantile,0.15,0
2026-08-12,ILI incidence,2026-08-30,4,NO,quantile,0.2,0
2026-08-12,ILI incidence,2026-08-30,4,NO,quantile,0.25,0.161111025895019
2026-08-12,ILI incidence,2026-08-30,4,NO,quantile,0.3,4.22757633349265
2026-08-12,ILI incidence,2026-08-30,4,NO,quantile,0.35,7.88418355101817
2026-08-12,ILI incidence,2026-08-30,4,NO,quantile,0.4,11.6337140111404
2026-08-12,ILI incidence,2026-08-30,4,NO,quantile,0.45,14.8076451511391
2026-08-12,ILI incidence,2026-08-30,4,NO,quantile,0.5,17.9022873159993
2026-08-12,ILI incidence,2026-08-30,4,NO,quantile,0.55,21.2378139499096
2026-08-12,ILI incidence,2026-08-30,4,NO,quantile,0.6,24.8013720832944
2026-08-12,ILI incidence,2026-08-30,4,NO,quantile,0.65,28.3866720245223
2026-08-12,ILI incidence,2026-08-30,4,NO,quantile,0.7,31.8400295168861
2026-08-12,ILI incidence,2026-08-30,4,NO,quantile,0.75,35.8150438951923
2026-08-12,ILI incidence,2026-08-30,4,NO,quantile,0.8,40.6135672616794
2026-08-12,ILI incidence,2026-08-30,4,NO,quantile,0.85,46.1174941806141
2026-08-12,ILI incidence,2026-08-30,4,NO,quantile,0.9,52.6325181065345
2026-08-12,ILI incidence,2026-08-30,4,NO,quantile,0.95,61.5163849460381
2026-08-12,ILI incidence,2026-08-30,4,NO,quantile,0.975,70.0610292153265
2026-08-12,ILI incidence,2026-08-30,4,NO,quantile,0.99,78.6156341546533
2026-08-12,ILI incidence,2026-08-09,1,RO,median,,0.493443546316026
2026-08-12,ILI incidence,2026-08-09,1,RO,quantile,0.01,0
2026-08-12,ILI incidence,2026-08-09,1,RO,quantile,0.025,0
2026-08-12,ILI incidence,2026-08-09,1,RO,quantile,0.05,0
2026-08-12,ILI incidence,2026-08-09,1,RO,quantile,0.1,0
2026-08-12,ILI incidence,2026-08-09,1,RO,quantile,0.15,0
2026-08-12,ILI incidence,2026-08-09,1,RO,quantile,0.2,0
2026-08-12,ILI incidence,2026-08-09,1,RO,quantile,0.25,0
2026-08-12,ILI incidence,2026-08-09,1,RO,quantile,0.3,0
2026-08-12,ILI incidence,2026-08-09,1,RO,quantile,0.35,0
2026-08-12,ILI incidence,2026-08-09,1,RO,quantile,0.4,0
2026-08-12,ILI incidence,2026-08-09,1,RO,quantile,0.45,0
2026-08-12,ILI incidence,2026-08-09,1,RO,quantile,0.5,0.503685675115364
2026-08-12,ILI incidence,2026-08-09,1,RO,quantile,0.55,1.01937724619811
2026-08-12,ILI incidence,2026-08-09,1,RO,quantile,0.6,1.58525199406089
2026-08-12,ILI incidence,2026-08-09,1,RO,quantile,0.65,2.16417303005765
2026-08-12,ILI incidence,2026-08-09,1,RO,quantile,0.7,2.74767128133057
2026-08-12,ILI incidence,2026-08-09,1,RO,quantile,0.75,3.37912465940177
2026-08-12,ILI incidence,2026-08-09,1,RO,quantile,0.8,4.07066828949721
2026-08-12,ILI incidence,2026-08-09,1,RO,quantile,0.85,4.87750469610435
2026-08-12,ILI incidence,2026-08-09,1,RO,quantile,0.9,5.89957654472692
2026-08-12,ILI incidence,2026-08-09,1,RO,quantile,0.95,7.43900688649466
2026-08-12,ILI incidence,2026-08-09,1,RO,quantile,0.975,8.72481812493096
2026-08-12,ILI incidence,2026-08-09,1,RO,quantile,0.99,10.1932570189315
2026-08-12,ILI incidence,2026-08-16,2,RO,median,,1.102876835384
2026-08-12,ILI incidence,2026-08-16,2,RO,quantile,0.01,0
2026-08-12,ILI incidence,2026-08-16,2,RO,quantile,0.025,0
2026-08-12,ILI incidence,2026-08-16,2,RO,quantile,0.05,0
2026-08-12,ILI incidence,2026-08-16,2,RO,quantile,0.1,0
2026-08-12,ILI incidence,2026-08-16,2,RO,quantile,0.15,0
2026-08-12,ILI incidence,2026-08-16,2,RO,quantile,0.2,0
2026-08-12,ILI incidence,2026-08-16,2,RO,quantile,0.25,0
2026-08-12,ILI incidence,2026-08-16,2,RO,quantile,0.3,0
2026-08-12,ILI incidence,2026-08-16,2,RO,quantile,0.35,0
2026-08-12,ILI incidence,2026-08-16,2,RO,quantile,0.4,0
2026-08-12,ILI incidence,2026-08-16,2,RO,quantile,0.45,0.28824071433797
2026-08-12,ILI incidence,2026-08-16,2,RO,quantile,0.5,1.11251972374481
2026-08-12,ILI incidence,2026-08-16,2,RO,quantile,0.55,1.9364359119486
2026-08-12,ILI incidence,2026-08-16,2,RO,quantile,0.6,2.75025645937224
2026-08-12,ILI incidence,2026-08-16,2,RO,quantile,0.65,3.54048358165312
2026-08-12,ILI incidence,2026-08-16,2,RO,quantile,0.7,4.4172683839464
2026-08-12,ILI incidence,2026-08-16,2,RO,quantile,0.75,5.32993823412718
2026-08-12,ILI incidence,2026-08-16,2,RO,quantile,0.8,6.39615970466064
2026-08-12,ILI incidence,2026-08-16,2,RO,quantile,0.85,7.57934910257871
2026-08-12,ILI incidence,2026-08-16,2,RO,quantile,0.9,9.17083035865409
2026-08-12,ILI incidence,2026-08-16,2,RO,quantile,0.95,11.5174705288405
2026-08-12,ILI incidence,2026-08-16,2,RO,quantile,0.975,13.4441864940189
2026-08-12,ILI incidence,2026-08-16,2,RO,quantile,0.99,15.5100361624636
2026-08-12,ILI incidence,2026-08-23,3,RO,median,,1.73388705968668
2026-08-12,ILI incidence,2026-08-23,3,RO,quantile,0.01,0
2026-08-12,ILI incidence,2026-08-23,3,RO,quantile,0.025,0
2026-08-12,ILI incidence,2026-08-23,3,RO,quantile,0.05,0
2026-08-12,ILI incidence,2026-08-23,3,RO,quantile,0.1,0
2026-08-12,ILI incidence,2026-08-23,3,RO,quantile,0.15,0
2026-08-12,ILI incidence,2026-08-23,3,RO,quantile,0.2,0
2026-08-12,ILI incidence,2026-08-23,3,RO,quantile,0.25,0
2026-08-12,ILI incidence,2026-08-23,3,RO,quantile,0.3,0
2026-08-12,ILI incidence,2026-08-23,3,RO,quantile,0.35,0
2026-08-12,ILI incidence,2026-08-23,3,RO,quantile,0.4,0
2026-08-12,ILI incidence,2026-08-23,3,RO,quantile,0.45,0.718481433670909
2026-08-12,ILI incidence,2026-08-23,3,RO,quantile,0.5,1.68298567603413
2026-08-12,ILI incidence,2026-08-23,3,RO,quantile,0.55,2.60750973007726
2026-08-12,ILI incidence,2026-08-23,3,RO,quantile,0.6,3.54619673977918
2026-08-12,ILI incidence,2026-08-23,3,RO,quantile,0.65,4.56072091480242
2026-08-12,ILI incidence,2026-08-23,3,RO,quantile,0.7,5.70926199973939
2026-08-12,ILI incidence,2026-08-23,3,RO,quantile,0.75,6.89367644420892
2026-08-12,ILI incidence,2026-08-23,3,RO,quantile,0.8,8.17589787312278
2026-08-12,ILI incidence,2026-08-23,3,RO,quantile,0.85,9.63146709676386
2026-08-12,ILI incidence,2026-08-23,3,RO,quantile,0.9,11.5018761857736
2026-08-12,ILI incidence,2026-08-23,3,RO,quantile,0.95,14.2244680396162
2026-08-12,ILI incidence,2026-08-23,3,RO,quantile,0.975,16.4085982000199
2026-08-12,ILI incidence,2026-08-23,3,RO,quantile,0.99,19.3480658109535
2026-08-12,ILI incidence,2026-08-30,4,RO,median,,2.35612048942656
2026-08-12,ILI incidence,2026-08-30,4,RO,quantile,0.01,0
2026-08-12,ILI incidence,2026-08-30,4,RO,quantile,0.025,0
2026-08-12,ILI incidence,2026-08-30,4,RO,quantile,0.05,0
2026-08-12,ILI incidence,2026-08-30,4,RO,quantile,0.1,0
2026-08-12,ILI incidence,2026-08-30,4,RO,quantile,0.15,0
2026-08-12,ILI incidence,2026-08-30,4,RO,quantile,0.2,0
2026-08-12,ILI incidence,2026-08-30,4,RO,quantile,0.25,0
2026-08-12,ILI incidence,2026-08-30,4,RO,quantile,0.3,0
2026-08-12,ILI incidence,2026-08-30,4,RO,quantile,0.35,0
2026-08-12,ILI incidence,2026-08-30,4,RO,quantile,0.4,0.221802334548064
2026-08-12,ILI incidence,2026-08-30,4,RO,quantile,0.45,1.32301428940526
2026-08-12,ILI incidence,2026-08-30,4,RO,quantile,0.5,2.43501325233875
2026-08-12,ILI incidence,2026-08-30,4,RO,quantile,0.55,3.46740413428861
2026-08-12,ILI incidence,2026-08-30,4,RO,quantile,0.6,4.59017858514161
2026-08-12,ILI incidence,2026-08-30,4,RO,quantile,0.65,5.73704831703354
2026-08-12,ILI incidence,2026-08-30,4,RO,quantile,0.7,6.84809778760108
2026-08-12,ILI incidence,2026-08-30,4,RO,quantile,0.75,8.13340911667538
2026-08-12,ILI incidence,2026-08-30,4,RO,quantile,0.8,9.56623800608887
2026-08-12,ILI incidence,2026-08-30,4,RO,quantile,0.85,11.2642859469411
2026-08-12,ILI incidence,2026-08-30,4,RO,quantile,0.9,13.2175003135199
2026-08-12,ILI incidence,2026-08-30,4,RO,quantile,0.95,16.2048142287828
2026-08-12,ILI incidence,2026-08-30,4,RO,quantile,0.975,18.6268572815674
2026-08-12,ILI incidence,2026-08-30,4,RO,quantile,0.99,21.7311874824943
2026-08-12,ILI incidence,2026-08-09,1,SI,median,,4.1204779516289
2026-08-12,ILI incidence,2026-08-09,1,SI,quantile,0.01,0
2026-08-12,ILI incidence,2026-08-09,1,SI,quantile,0.025,0
2026-08-12,ILI incidence,2026-08-09,1,SI,quantile,0.05,0
2026-08-12,ILI incidence,2026-08-09,1,SI,quantile,0.1,0
2026-08-12,ILI incidence,2026-08-09,1,SI,quantile,0.15,0
2026-08-12,ILI incidence,2026-08-09,1,SI,quantile,0.2,0
2026-08-12,ILI incidence,2026-08-09,1,SI,quantile,0.25,0
2026-08-12,ILI incidence,2026-08-09,1,SI,quantile,0.3,0
2026-08-12,ILI incidence,2026-08-09,1,SI,quantile,0.35,0
2026-08-12,ILI incidence,2026-08-09,1,SI,quantile,0.4,0
2026-08-12,ILI incidence,2026-08-09,1,SI,quantile,0.45,0.0311267420947973
2026-08-12,ILI incidence,2026-08-09,1,SI,quantile,0.5,3.78491639800626
2026-08-12,ILI incidence,2026-08-09,1,SI,quantile,0.55,7.65733815330863
2026-08-12,ILI incidence,2026-08-09,1,SI,quantile,0.6,11.3347836669491
2026-08-12,ILI incidence,2026-08-09,1,SI,quantile,0.65,15.3001240057699
2026-08-12,ILI incidence,2026-08-09,1,SI,quantile,0.7,19.4081723215982
2026-08-12,ILI incidence,2026-08-09,1,SI,quantile,0.75,24.2047206760299
2026-08-12,ILI incidence,2026-08-09,1,SI,quantile,0.8,28.828871612487
2026-08-12,ILI incidence,2026-08-09,1,SI,quantile,0.85,34.7880879907404
2026-08-12,ILI incidence,2026-08-09,1,SI,quantile,0.9,42.3988664958208
2026-08-12,ILI incidence,2026-08-09,1,SI,quantile,0.95,53.1189017056876
2026-08-12,ILI incidence,2026-08-09,1,SI,quantile,0.975,62.2384253073735
2026-08-12,ILI incidence,2026-08-09,1,SI,quantile,0.99,73.2422936666998
2026-08-12,ILI incidence,2026-08-16,2,SI,median,,8.75723810194294
2026-08-12,ILI incidence,2026-08-16,2,SI,quantile,0.01,0
2026-08-12,ILI incidence,2026-08-16,2,SI,quantile,0.025,0
2026-08-12,ILI incidence,2026-08-16,2,SI,quantile,0.05,0
2026-08-12,ILI incidence,2026-08-16,2,SI,quantile,0.1,0
2026-08-12,ILI incidence,2026-08-16,2,SI,quantile,0.15,0
2026-08-12,ILI incidence,2026-08-16,2,SI,quantile,0.2,0
2026-08-12,ILI incidence,2026-08-16,2,SI,quantile,0.25,0
2026-08-12,ILI incidence,2026-08-16,2,SI,quantile,0.3,0
2026-08-12,ILI incidence,2026-08-16,2,SI,quantile,0.35,0
2026-08-12,ILI incidence,2026-08-16,2,SI,quantile,0.4,0
2026-08-12,ILI incidence,2026-08-16,2,SI,quantile,0.45,3.31910811016637
2026-08-12,ILI incidence,2026-08-16,2,SI,quantile,0.5,9.18646129840506
2026-08-12,ILI incidence,2026-08-16,2,SI,quantile,0.55,14.5427313238888
2026-08-12,ILI incidence,2026-08-16,2,SI,quantile,0.6,20.3200910485985
2026-08-12,ILI incidence,2026-08-16,2,SI,quantile,0.65,26.4867103409362
2026-08-12,ILI incidence,2026-08-16,2,SI,quantile,0.7,32.5309942300963
2026-08-12,ILI incidence,2026-08-16,2,SI,quantile,0.75,39.9392911275173
2026-08-12,ILI incidence,2026-08-16,2,SI,quantile,0.8,47.7734117566821
2026-08-12,ILI incidence,2026-08-16,2,SI,quantile,0.85,57.1111878383055
2026-08-12,ILI incidence,2026-08-16,2,SI,quantile,0.9,68.8151169037039
2026-08-12,ILI incidence,2026-08-16,2,SI,quantile,0.95,84.8479933768672
2026-08-12,ILI incidence,2026-08-16,2,SI,quantile,0.975,99.0318420432418
2026-08-12,ILI incidence,2026-08-16,2,SI,quantile,0.99,115.171135006945
2026-08-12,ILI incidence,2026-08-23,3,SI,median,,14.025832649958
2026-08-12,ILI incidence,2026-08-23,3,SI,quantile,0.01,0
2026-08-12,ILI incidence,2026-08-23,3,SI,quantile,0.025,0
2026-08-12,ILI incidence,2026-08-23,3,SI,quantile,0.05,0
2026-08-12,ILI incidence,2026-08-23,3,SI,quantile,0.1,0
2026-08-12,ILI incidence,2026-08-23,3,SI,quantile,0.15,0
2026-08-12,ILI incidence,2026-08-23,3,SI,quantile,0.2,0
2026-08-12,ILI incidence,2026-08-23,3,SI,quantile,0.25,0
2026-08-12,ILI incidence,2026-08-23,3,SI,quantile,0.3,0
2026-08-12,ILI incidence,2026-08-23,3,SI,quantile,0.35,0
2026-08-12,ILI incidence,2026-08-23,3,SI,quantile,0.4,0
2026-08-12,ILI incidence,2026-08-23,3,SI,quantile,0.45,6.60209568944788
2026-08-12,ILI incidence,2026-08-23,3,SI,quantile,0.5,13.9014764002661
2026-08-12,ILI incidence,2026-08-23,3,SI,quantile,0.55,21.3153996405222
2026-08-12,ILI incidence,2026-08-23,3,SI,quantile,0.6,28.8220902208766
2026-08-12,ILI incidence,2026-08-23,3,SI,quantile,0.65,36.4869575462511
2026-08-12,ILI incidence,2026-08-23,3,SI,quantile,0.7,44.5974521198639
2026-08-12,ILI incidence,2026-08-23,3,SI,quantile,0.75,54.3284499263684
2026-08-12,ILI incidence,2026-08-23,3,SI,quantile,0.8,64.7072315879633
2026-08-12,ILI incidence,2026-08-23,3,SI,quantile,0.85,75.0307624389606
2026-08-12,ILI incidence,2026-08-23,3,SI,quantile,0.9,89.5574600849543
2026-08-12,ILI incidence,2026-08-23,3,SI,quantile,0.95,111.06671183728
2026-08-12,ILI incidence,2026-08-23,3,SI,quantile,0.975,131.545327065302
2026-08-12,ILI incidence,2026-08-23,3,SI,quantile,0.99,154.490639114598
2026-08-12,ILI incidence,2026-08-30,4,SI,median,,17.9722422896966
2026-08-12,ILI incidence,2026-08-30,4,SI,quantile,0.01,0
2026-08-12,ILI incidence,2026-08-30,4,SI,quantile,0.025,0
2026-08-12,ILI incidence,2026-08-30,4,SI,quantile,0.05,0
2026-08-12,ILI incidence,2026-08-30,4,SI,quantile,0.1,0
2026-08-12,ILI incidence,2026-08-30,4,SI,quantile,0.15,0
2026-08-12,ILI incidence,2026-08-30,4,SI,quantile,0.2,0
2026-08-12,ILI incidence,2026-08-30,4,SI,quantile,0.25,0
2026-08-12,ILI incidence,2026-08-30,4,SI,quantile,0.3,0
2026-08-12,ILI incidence,2026-08-30,4,SI,quantile,0.35,0
2026-08-12,ILI incidence,2026-08-30,4,SI,quantile,0.4,1.56271950991059
2026-08-12,ILI incidence,2026-08-30,4,SI,quantile,0.45,10.2738108341076
2026-08-12,ILI incidence,2026-08-30,4,SI,quantile,0.5,18.4190426580621
2026-08-12,ILI incidence,2026-08-30,4,SI,quantile,0.55,26.5786530825416
2026-08-12,ILI incidence,2026-08-30,4,SI,quantile,0.6,34.2594522813371
2026-08-12,ILI incidence,2026-08-30,4,SI,quantile,0.65,42.2857978354325
2026-08-12,ILI incidence,2026-08-30,4,SI,quantile,0.7,51.8826294574306
2026-08-12,ILI incidence,2026-08-30,4,SI,quantile,0.75,61.4455222176807
2026-08-12,ILI incidence,2026-08-30,4,SI,quantile,0.8,72.690225205453
2026-08-12,ILI incidence,2026-08-30,4,SI,quantile,0.85,85.6035740219958
2026-08-12,ILI incidence,2026-08-30,4,SI,quantile,0.9,101.818366746597
2026-08-12,ILI incidence,2026-08-30,4,SI,quantile,0.95,125.318185389344
2026-08-12,ILI incidence,2026-08-30,4,SI,quantile,0.975,146.028107703768
2026-08-12,ILI incidence,2026-08-30,4,SI,quantile,0.99,173.850994115995
2026-08-12,ARI incidence,2026-08-09,1,BE,median,,218.211623537504
2026-08-12,ARI incidence,2026-08-09,1,BE,quantile,0.01,62.2809274821144
2026-08-12,ARI incidence,2026-08-09,1,BE,quantile,0.025,81.4485417048805
2026-08-12,ARI incidence,2026-08-09,1,BE,quantile,0.05,100.964460780763
2026-08-12,ARI incidence,2026-08-09,1,BE,quantile,0.1,124.018458238201
2026-08-12,ARI incidence,2026-08-09,1,BE,quantile,0.15,140.492823887501
2026-08-12,ARI incidence,2026-08-09,1,BE,quantile,0.2,154.077630102733
2026-08-12,ARI incidence,2026-08-09,1,BE,quantile,0.25,166.237211417561
2026-08-12,ARI incidence,2026-08-09,1,BE,quantile,0.3,177.314929081148
2026-08-12,ARI incidence,2026-08-09,1,BE,quantile,0.35,187.391617278599
2026-08-12,ARI incidence,2026-08-09,1,BE,quantile,0.4,197.736440060535
2026-08-12,ARI incidence,2026-08-09,1,BE,quantile,0.45,208.629512246625
2026-08-12,ARI incidence,2026-08-09,1,BE,quantile,0.5,219.056204269925
2026-08-12,ARI incidence,2026-08-09,1,BE,quantile,0.55,228.903247878894
2026-08-12,ARI incidence,2026-08-09,1,BE,quantile,0.6,240.392939461904
2026-08-12,ARI incidence,2026-08-09,1,BE,quantile,0.65,251.970415816961
2026-08-12,ARI incidence,2026-08-09,1,BE,quantile,0.7,265.293755560271
2026-08-12,ARI incidence,2026-08-09,1,BE,quantile,0.75,279.431447618459
2026-08-12,ARI incidence,2026-08-09,1,BE,quantile,0.8,295.729568592433
2026-08-12,ARI incidence,2026-08-09,1,BE,quantile,0.85,314.942880354657
2026-08-12,ARI incidence,2026-08-09,1,BE,quantile,0.9,339.818389563426
2026-08-12,ARI incidence,2026-08-09,1,BE,quantile,0.95,378.954231449271
2026-08-12,ARI incidence,2026-08-09,1,BE,quantile,0.975,414.342446244748
2026-08-12,ARI incidence,2026-08-09,1,BE,quantile,0.99,454.397876880197
2026-08-12,ARI incidence,2026-08-16,2,BE,median,,243.151169637136
2026-08-12,ARI incidence,2026-08-16,2,BE,quantile,0.01,39.6243735858648
2026-08-12,ARI incidence,2026-08-16,2,BE,quantile,0.025,63.4852125259614
2026-08-12,ARI incidence,2026-08-16,2,BE,quantile,0.05,82.7451301987357
2026-08-12,ARI incidence,2026-08-16,2,BE,quantile,0.1,112.9853384188
2026-08-12,ARI incidence,2026-08-16,2,BE,quantile,0.15,134.624049204759
2026-08-12,ARI incidence,2026-08-16,2,BE,quantile,0.2,154.012902734762
2026-08-12,ARI incidence,2026-08-16,2,BE,quantile,0.25,170.521114023515
2026-08-12,ARI incidence,2026-08-16,2,BE,quantile,0.3,185.908447606606
2026-08-12,ARI incidence,2026-08-16,2,BE,quantile,0.35,199.55040523427
2026-08-12,ARI incidence,2026-08-16,2,BE,quantile,0.4,214.567072449189
2026-08-12,ARI incidence,2026-08-16,2,BE,quantile,0.45,229.296263527796
2026-08-12,ARI incidence,2026-08-16,2,BE,quantile,0.5,244.639616212649
2026-08-12,ARI incidence,2026-08-16,2,BE,quantile,0.55,259.648976363334
2026-08-12,ARI incidence,2026-08-16,2,BE,quantile,0.6,275.185789474412
2026-08-12,ARI incidence,2026-08-16,2,BE,quantile,0.65,291.104701406674
2026-08-12,ARI incidence,2026-08-16,2,BE,quantile,0.7,310.443092944529
2026-08-12,ARI incidence,2026-08-16,2,BE,quantile,0.75,331.350089713126
2026-08-12,ARI incidence,2026-08-16,2,BE,quantile,0.8,357.762898902203
2026-08-12,ARI incidence,2026-08-16,2,BE,quantile,0.85,385.888840375962
2026-08-12,ARI incidence,2026-08-16,2,BE,quantile,0.9,426.850062369528
2026-08-12,ARI incidence,2026-08-16,2,BE,quantile,0.95,482.141408797604
2026-08-12,ARI incidence,2026-08-16,2,BE,quantile,0.975,534.342923913465
2026-08-12,ARI incidence,2026-08-16,2,BE,quantile,0.99,591.580146846121
2026-08-12,ARI incidence,2026-08-23,3,BE,median,,279.89756539123
2026-08-12,ARI incidence,2026-08-23,3,BE,quantile,0.01,28.0684448872246
2026-08-12,ARI incidence,2026-08-23,3,BE,quantile,0.025,49.622816207598
2026-08-12,ARI incidence,2026-08-23,3,BE,quantile,0.05,77.3949219337281
2026-08-12,ARI incidence,2026-08-23,3,BE,quantile,0.1,109.455183743691
2026-08-12,ARI incidence,2026-08-23,3,BE,quantile,0.15,137.081625073364
2026-08-12,ARI incidence,2026-08-23,3,BE,quantile,0.2,160.470814089972
2026-08-12,ARI incidence,2026-08-23,3,BE,quantile,0.25,181.498207496951
2026-08-12,ARI incidence,2026-08-23,3,BE,quantile,0.3,201.418258035103
2026-08-12,ARI incidence,2026-08-23,3,BE,quantile,0.35,221.723004872478
2026-08-12,ARI incidence,2026-08-23,3,BE,quantile,0.4,240.57943330597
2026-08-12,ARI incidence,2026-08-23,3,BE,quantile,0.45,260.200592941566
2026-08-12,ARI incidence,2026-08-23,3,BE,quantile,0.5,279.777859112659
2026-08-12,ARI incidence,2026-08-23,3,BE,quantile,0.55,300.500084795492
2026-08-12,ARI incidence,2026-08-23,3,BE,quantile,0.6,319.408936457042
2026-08-12,ARI incidence,2026-08-23,3,BE,quantile,0.65,343.646705985595
2026-08-12,ARI incidence,2026-08-23,3,BE,quantile,0.7,368.792080611323
2026-08-12,ARI incidence,2026-08-23,3,BE,quantile,0.75,398.587838882536
2026-08-12,ARI incidence,2026-08-23,3,BE,quantile,0.8,431.946596772766
2026-08-12,ARI incidence,2026-08-23,3,BE,quantile,0.85,469.029431521871
2026-08-12,ARI incidence,2026-08-23,3,BE,quantile,0.9,521.60291590294
2026-08-12,ARI incidence,2026-08-23,3,BE,quantile,0.95,608.04356842268
2026-08-12,ARI incidence,2026-08-23,3,BE,quantile,0.975,676.931273234038
2026-08-12,ARI incidence,2026-08-23,3,BE,quantile,0.99,763.165709261419
2026-08-12,ARI incidence,2026-08-30,4,BE,median,,314.856646529151
2026-08-12,ARI incidence,2026-08-30,4,BE,quantile,0.01,23.2943546396564
2026-08-12,ARI incidence,2026-08-30,4,BE,quantile,0.025,48.7100749933139
2026-08-12,ARI incidence,2026-08-30,4,BE,quantile,0.05,75.0810143888634
2026-08-12,ARI incidence,2026-08-30,4,BE,quantile,0.1,113.981940858991
2026-08-12,ARI incidence,2026-08-30,4,BE,quantile,0.15,145.977899381658
2026-08-12,ARI incidence,2026-08-30,4,BE,quantile,0.2,171.711496669787
2026-08-12,ARI incidence,2026-08-30,4,BE,quantile,0.25,196.420994538576
2026-08-12,ARI incidence,2026-08-30,4,BE,quantile,0.3,220.830377264513
2026-08-12,ARI incidence,2026-08-30,4,BE,quantile,0.35,244.695677752249
2026-08-12,ARI incidence,2026-08-30,4,BE,quantile,0.4,266.214011265
2026-08-12,ARI incidence,2026-08-30,4,BE,quantile,0.45,288.827971926732
2026-08-12,ARI incidence,2026-08-30,4,BE,quantile,0.5,313.57378461916
2026-08-12,ARI incidence,2026-08-30,4,BE,quantile,0.55,339.201385320669
2026-08-12,ARI incidence,2026-08-30,4,BE,quantile,0.6,363.184511920752
2026-08-12,ARI incidence,2026-08-30,4,BE,quantile,0.65,391.109222671851
2026-08-12,ARI incidence,2026-08-30,4,BE,quantile,0.7,421.787120121937
2026-08-12,ARI incidence,2026-08-30,4,BE,quantile,0.75,453.278016476302
2026-08-12,ARI incidence,2026-08-30,4,BE,quantile,0.8,492.509815654671
2026-08-12,ARI incidence,2026-08-30,4,BE,quantile,0.85,543.754832306527
2026-08-12,ARI incidence,2026-08-30,4,BE,quantile,0.9,608.033727681961
2026-08-12,ARI incidence,2026-08-30,4,BE,quantile,0.95,711.047806227937
2026-08-12,ARI incidence,2026-08-30,4,BE,quantile,0.975,804.617800283155
2026-08-12,ARI incidence,2026-08-30,4,BE,quantile,0.99,934.647025729724
2026-08-12,ARI incidence,2026-08-09,1,BG,median,,193.170413105019
2026-08-12,ARI incidence,2026-08-09,1,BG,quantile,0.01,53.5717310409701
2026-08-12,ARI incidence,2026-08-09,1,BG,quantile,0.025,68.3979665970917
2026-08-12,ARI incidence,2026-08-09,1,BG,quantile,0.05,83.5261376073206
2026-08-12,ARI incidence,2026-08-09,1,BG,quantile,0.1,104.296312437544
2026-08-12,ARI incidence,2026-08-09,1,BG,quantile,0.15,119.88718456202
2026-08-12,ARI incidence,2026-08-09,1,BG,quantile,0.2,132.394773766121
2026-08-12,ARI incidence,2026-08-09,1,BG,quantile,0.25,142.796090036826
2026-08-12,ARI incidence,2026-08-09,1,BG,quantile,0.3,153.680635529343
2026-08-12,ARI incidence,2026-08-09,1,BG,quantile,0.35,163.872832697825
2026-08-12,ARI incidence,2026-08-09,1,BG,quantile,0.4,173.992664792194
2026-08-12,ARI incidence,2026-08-09,1,BG,quantile,0.45,183.573647660879
2026-08-12,ARI incidence,2026-08-09,1,BG,quantile,0.5,193.520449395914
2026-08-12,ARI incidence,2026-08-09,1,BG,quantile,0.55,203.314622792153
2026-08-12,ARI incidence,2026-08-09,1,BG,quantile,0.6,214.769354577428
2026-08-12,ARI incidence,2026-08-09,1,BG,quantile,0.65,226.376788059595
2026-08-12,ARI incidence,2026-08-09,1,BG,quantile,0.7,238.062535111224
2026-08-12,ARI incidence,2026-08-09,1,BG,quantile,0.75,250.839985803147
2026-08-12,ARI incidence,2026-08-09,1,BG,quantile,0.8,265.456038275141
2026-08-12,ARI incidence,2026-08-09,1,BG,quantile,0.85,285.008259213128
2026-08-12,ARI incidence,2026-08-09,1,BG,quantile,0.9,309.823946017617
2026-08-12,ARI incidence,2026-08-09,1,BG,quantile,0.95,348.204617857727
2026-08-12,ARI incidence,2026-08-09,1,BG,quantile,0.975,382.945937593856
2026-08-12,ARI incidence,2026-08-09,1,BG,quantile,0.99,420.517671141399
2026-08-12,ARI incidence,2026-08-16,2,BG,median,,217.598295383893
2026-08-12,ARI incidence,2026-08-16,2,BG,quantile,0.01,24.7221742299137
2026-08-12,ARI incidence,2026-08-16,2,BG,quantile,0.025,44.9819521037774
2026-08-12,ARI incidence,2026-08-16,2,BG,quantile,0.05,63.2927825258662
2026-08-12,ARI incidence,2026-08-16,2,BG,quantile,0.1,87.8080045239526
2026-08-12,ARI incidence,2026-08-16,2,BG,quantile,0.15,108.755362583224
2026-08-12,ARI incidence,2026-08-16,2,BG,quantile,0.2,126.294529862109
2026-08-12,ARI incidence,2026-08-16,2,BG,quantile,0.25,142.490748096678
2026-08-12,ARI incidence,2026-08-16,2,BG,quantile,0.3,158.263913875457
2026-08-12,ARI incidence,2026-08-16,2,BG,quantile,0.35,172.126446627175
2026-08-12,ARI incidence,2026-08-16,2,BG,quantile,0.4,186.187700780223
2026-08-12,ARI incidence,2026-08-16,2,BG,quantile,0.45,201.627145407175
2026-08-12,ARI incidence,2026-08-16,2,BG,quantile,0.5,216.822947225202
2026-08-12,ARI incidence,2026-08-16,2,BG,quantile,0.55,232.666420180188
2026-08-12,ARI incidence,2026-08-16,2,BG,quantile,0.6,249.476101139395
2026-08-12,ARI incidence,2026-08-16,2,BG,quantile,0.65,267.509768563253
2026-08-12,ARI incidence,2026-08-16,2,BG,quantile,0.7,286.55150387006603
2026-08-12,ARI incidence,2026-08-16,2,BG,quantile,0.75,309.855641299239
2026-08-12,ARI incidence,2026-08-16,2,BG,quantile,0.8,333.890157328777
2026-08-12,ARI incidence,2026-08-16,2,BG,quantile,0.85,365.007760760765
2026-08-12,ARI incidence,2026-08-16,2,BG,quantile,0.9,405.647985506058
2026-08-12,ARI incidence,2026-08-16,2,BG,quantile,0.95,465.279444472728
2026-08-12,ARI incidence,2026-08-16,2,BG,quantile,0.975,519.435960493665
2026-08-12,ARI incidence,2026-08-16,2,BG,quantile,0.99,595.908214646577
2026-08-12,ARI incidence,2026-08-23,3,BG,median,,236.559758143436
2026-08-12,ARI incidence,2026-08-23,3,BG,quantile,0.01,16.5662134891934
2026-08-12,ARI incidence,2026-08-23,3,BG,quantile,0.025,36.3567862038104
2026-08-12,ARI incidence,2026-08-23,3,BG,quantile,0.05,56.6952833407437
2026-08-12,ARI incidence,2026-08-23,3,BG,quantile,0.1,84.563325454746
2026-08-12,ARI incidence,2026-08-23,3,BG,quantile,0.15,107.693481006346
2026-08-12,ARI incidence,2026-08-23,3,BG,quantile,0.2,128.64023606204
2026-08-12,ARI incidence,2026-08-23,3,BG,quantile,0.25,146.268751177608
2026-08-12,ARI incidence,2026-08-23,3,BG,quantile,0.3,164.800428397853
2026-08-12,ARI incidence,2026-08-23,3,BG,quantile,0.35,182.375027362277
2026-08-12,ARI incidence,2026-08-23,3,BG,quantile,0.4,200.042338321881
2026-08-12,ARI incidence,2026-08-23,3,BG,quantile,0.45,217.282873865679
2026-08-12,ARI incidence,2026-08-23,3,BG,quantile,0.5,235.884882533334
2026-08-12,ARI incidence,2026-08-23,3,BG,quantile,0.55,255.314284408702
2026-08-12,ARI incidence,2026-08-23,3,BG,quantile,0.6,274.891794863583
2026-08-12,ARI incidence,2026-08-23,3,BG,quantile,0.65,295.99066353036
2026-08-12,ARI incidence,2026-08-23,3,BG,quantile,0.7,319.756519106096
2026-08-12,ARI incidence,2026-08-23,3,BG,quantile,0.75,346.702408078216
2026-08-12,ARI incidence,2026-08-23,3,BG,quantile,0.8,378.518823065632
2026-08-12,ARI incidence,2026-08-23,3,BG,quantile,0.85,415.406820673004
2026-08-12,ARI incidence,2026-08-23,3,BG,quantile,0.9,465.611991846086
2026-08-12,ARI incidence,2026-08-23,3,BG,quantile,0.95,540.94292617031
2026-08-12,ARI incidence,2026-08-23,3,BG,quantile,0.975,616.483287924966
2026-08-12,ARI incidence,2026-08-23,3,BG,quantile,0.99,694.665774237897
2026-08-12,ARI incidence,2026-08-30,4,BG,median,,254.899364503977
2026-08-12,ARI incidence,2026-08-30,4,BG,quantile,0.01,9.80132717501607
2026-08-12,ARI incidence,2026-08-30,4,BG,quantile,0.025,29.170029984588
2026-08-12,ARI incidence,2026-08-30,4,BG,quantile,0.05,50.8877888329106
2026-08-12,ARI incidence,2026-08-30,4,BG,quantile,0.1,84.4591600172111
2026-08-12,ARI incidence,2026-08-30,4,BG,quantile,0.15,107.540723562689
2026-08-12,ARI incidence,2026-08-30,4,BG,quantile,0.2,129.755881473082
2026-08-12,ARI incidence,2026-08-30,4,BG,quantile,0.25,150.308922472708
2026-08-12,ARI incidence,2026-08-30,4,BG,quantile,0.3,171.291309874774
2026-08-12,ARI incidence,2026-08-30,4,BG,quantile,0.35,191.633712300349
2026-08-12,ARI incidence,2026-08-30,4,BG,quantile,0.4,210.615451758899
2026-08-12,ARI incidence,2026-08-30,4,BG,quantile,0.45,231.286725365541
2026-08-12,ARI incidence,2026-08-30,4,BG,quantile,0.5,251.569779659083
2026-08-12,ARI incidence,2026-08-30,4,BG,quantile,0.55,275.250960063163
2026-08-12,ARI incidence,2026-08-30,4,BG,quantile,0.6,300.768786596745
2026-08-12,ARI incidence,2026-08-30,4,BG,quantile,0.65,323.154007353041
2026-08-12,ARI incidence,2026-08-30,4,BG,quantile,0.7,350.718285059492
2026-08-12,ARI incidence,2026-08-30,4,BG,quantile,0.75,380.790898392117
2026-08-12,ARI incidence,2026-08-30,4,BG,quantile,0.8,414.86257711604
2026-08-12,ARI incidence,2026-08-30,4,BG,quantile,0.85,456.822388946664
2026-08-12,ARI incidence,2026-08-30,4,BG,quantile,0.9,513.729228735838
2026-08-12,ARI incidence,2026-08-30,4,BG,quantile,0.95,598.109453159882
2026-08-12,ARI incidence,2026-08-30,4,BG,quantile,0.975,687.750058396924
2026-08-12,ARI incidence,2026-08-30,4,BG,quantile,0.99,784.747074714921
2026-08-12,ARI incidence,2026-08-09,1,DE,median,,532.774192850611
2026-08-12,ARI incidence,2026-08-09,1,DE,quantile,0.01,211.435963641875
2026-08-12,ARI incidence,2026-08-09,1,DE,quantile,0.025,252.200117075677
2026-08-12,ARI incidence,2026-08-09,1,DE,quantile,0.05,288.980450806657
2026-08-12,ARI incidence,2026-08-09,1,DE,quantile,0.1,339.154479984956
2026-08-12,ARI incidence,2026-08-09,1,DE,quantile,0.15,374.456025501559
2026-08-12,ARI incidence,2026-08-09,1,DE,quantile,0.2,401.133861457363
2026-08-12,ARI incidence,2026-08-09,1,DE,quantile,0.25,425.468844715347
2026-08-12,ARI incidence,2026-08-09,1,DE,quantile,0.3,448.36223191433
2026-08-12,ARI incidence,2026-08-09,1,DE,quantile,0.35,469.986973482861
2026-08-12,ARI incidence,2026-08-09,1,DE,quantile,0.4,491.43867227814
2026-08-12,ARI incidence,2026-08-09,1,DE,quantile,0.45,511.164626500029
2026-08-12,ARI incidence,2026-08-09,1,DE,quantile,0.5,531.827194563688
2026-08-12,ARI incidence,2026-08-09,1,DE,quantile,0.55,553.437494616317
2026-08-12,ARI incidence,2026-08-09,1,DE,quantile,0.6,574.209120330091
2026-08-12,ARI incidence,2026-08-09,1,DE,quantile,0.65,598.121972322864
2026-08-12,ARI incidence,2026-08-09,1,DE,quantile,0.7,623.521431825145
2026-08-12,ARI incidence,2026-08-09,1,DE,quantile,0.75,650.873946346524
2026-08-12,ARI incidence,2026-08-09,1,DE,quantile,0.8,684.041256029788
2026-08-12,ARI incidence,2026-08-09,1,DE,quantile,0.85,720.244336363592
2026-08-12,ARI incidence,2026-08-09,1,DE,quantile,0.9,774.577409354891
2026-08-12,ARI incidence,2026-08-09,1,DE,quantile,0.95,850.539982904833
2026-08-12,ARI incidence,2026-08-09,1,DE,quantile,0.975,919.826766379525
2026-08-12,ARI incidence,2026-08-09,1,DE,quantile,0.99,1003.55540497284
2026-08-12,ARI incidence,2026-08-16,2,DE,median,,544.181834532873
2026-08-12,ARI incidence,2026-08-16,2,DE,quantile,0.01,139.117576302903
2026-08-12,ARI incidence,2026-08-16,2,DE,quantile,0.025,182.682951974669
2026-08-12,ARI incidence,2026-08-16,2,DE,quantile,0.05,232.947139376527
2026-08-12,ARI incidence,2026-08-16,2,DE,quantile,0.1,287.704515161126
2026-08-12,ARI incidence,2026-08-16,2,DE,quantile,0.15,331.690438896091
2026-08-12,ARI incidence,2026-08-16,2,DE,quantile,0.2,365.973216814296
2026-08-12,ARI incidence,2026-08-16,2,DE,quantile,0.25,397.810125885947
2026-08-12,ARI incidence,2026-08-16,2,DE,quantile,0.3,428.317443748105
2026-08-12,ARI incidence,2026-08-16,2,DE,quantile,0.35,459.233538657165
2026-08-12,ARI incidence,2026-08-16,2,DE,quantile,0.4,486.301810834045
2026-08-12,ARI incidence,2026-08-16,2,DE,quantile,0.45,513.526217218621
2026-08-12,ARI incidence,2026-08-16,2,DE,quantile,0.5,541.391117864824
2026-08-12,ARI incidence,2026-08-16,2,DE,quantile,0.55,570.414932347407
2026-08-12,ARI incidence,2026-08-16,2,DE,quantile,0.6,600.300224658171
2026-08-12,ARI incidence,2026-08-16,2,DE,quantile,0.65,634.078938015709
2026-08-12,ARI incidence,2026-08-16,2,DE,quantile,0.7,668.974431290211
2026-08-12,ARI incidence,2026-08-16,2,DE,quantile,0.75,708.917213498168
2026-08-12,ARI incidence,2026-08-16,2,DE,quantile,0.8,754.125414387426
2026-08-12,ARI incidence,2026-08-16,2,DE,quantile,0.85,810.470699729016
2026-08-12,ARI incidence,2026-08-16,2,DE,quantile,0.9,884.498774336466
2026-08-12,ARI incidence,2026-08-16,2,DE,quantile,0.95,997.211822244254
2026-08-12,ARI incidence,2026-08-16,2,DE,quantile,0.975,1101.17660706961
2026-08-12,ARI incidence,2026-08-16,2,DE,quantile,0.99,1222.13797282518
2026-08-12,ARI incidence,2026-08-23,3,DE,median,,540.909109826384
2026-08-12,ARI incidence,2026-08-23,3,DE,quantile,0.01,90.7096359299812
2026-08-12,ARI incidence,2026-08-23,3,DE,quantile,0.025,140.820128095889
2026-08-12,ARI incidence,2026-08-23,3,DE,quantile,0.05,190.921498345599
2026-08-12,ARI incidence,2026-08-23,3,DE,quantile,0.1,251.6534072141
2026-08-12,ARI incidence,2026-08-23,3,DE,quantile,0.15,296.460411400848
2026-08-12,ARI incidence,2026-08-23,3,DE,quantile,0.2,337.304056425411
2026-08-12,ARI incidence,2026-08-23,3,DE,quantile,0.25,372.196088919116
2026-08-12,ARI incidence,2026-08-23,3,DE,quantile,0.3,407.097258586954
2026-08-12,ARI incidence,2026-08-23,3,DE,quantile,0.35,438.482699967669
2026-08-12,ARI incidence,2026-08-23,3,DE,quantile,0.4,472.32044955118
2026-08-12,ARI incidence,2026-08-23,3,DE,quantile,0.45,504.8045716741
2026-08-12,ARI incidence,2026-08-23,3,DE,quantile,0.5,537.894289119397
2026-08-12,ARI incidence,2026-08-23,3,DE,quantile,0.55,571.948233924703
2026-08-12,ARI incidence,2026-08-23,3,DE,quantile,0.6,609.762605146326
2026-08-12,ARI incidence,2026-08-23,3,DE,quantile,0.65,647.608635567683
2026-08-12,ARI incidence,2026-08-23,3,DE,quantile,0.7,689.236792484039
2026-08-12,ARI incidence,2026-08-23,3,DE,quantile,0.75,735.194082627778
2026-08-12,ARI incidence,2026-08-23,3,DE,quantile,0.8,792.769945051973
2026-08-12,ARI incidence,2026-08-23,3,DE,quantile,0.85,858.913295605279
2026-08-12,ARI incidence,2026-08-23,3,DE,quantile,0.9,948.270792582127
2026-08-12,ARI incidence,2026-08-23,3,DE,quantile,0.95,1082.79667818923
2026-08-12,ARI incidence,2026-08-23,3,DE,quantile,0.975,1201.50217715342
2026-08-12,ARI incidence,2026-08-23,3,DE,quantile,0.99,1366.09854294236
2026-08-12,ARI incidence,2026-08-30,4,DE,median,,535.928891011618
2026-08-12,ARI incidence,2026-08-30,4,DE,quantile,0.01,53.5069783170108
2026-08-12,ARI incidence,2026-08-30,4,DE,quantile,0.025,94.4680183884506
2026-08-12,ARI incidence,2026-08-30,4,DE,quantile,0.05,141.865506178309
2026-08-12,ARI incidence,2026-08-30,4,DE,quantile,0.1,208.469974979153
2026-08-12,ARI incidence,2026-08-30,4,DE,quantile,0.15,260.198220150298
2026-08-12,ARI incidence,2026-08-30,4,DE,quantile,0.2,303.072440240514
2026-08-12,ARI incidence,2026-08-30,4,DE,quantile,0.25,345.210449755344
2026-08-12,ARI incidence,2026-08-30,4,DE,quantile,0.3,383.981050051502
2026-08-12,ARI incidence,2026-08-30,4,DE,quantile,0.35,419.345755879229
2026-08-12,ARI incidence,2026-08-30,4,DE,quantile,0.4,456.831199298063
2026-08-12,ARI incidence,2026-08-30,4,DE,quantile,0.45,491.578163882777
2026-08-12,ARI incidence,2026-08-30,4,DE,quantile,0.5,530.574214817325
2026-08-12,ARI incidence,2026-08-30,4,DE,quantile,0.55,571.038207375765
2026-08-12,ARI incidence,2026-08-30,4,DE,quantile,0.6,615.295320192888
2026-08-12,ARI incidence,2026-08-30,4,DE,quantile,0.65,660.384333787298
2026-08-12,ARI incidence,2026-08-30,4,DE,quantile,0.7,711.823357768165
2026-08-12,ARI incidence,2026-08-30,4,DE,quantile,0.75,766.902243028934
2026-08-12,ARI incidence,2026-08-30,4,DE,quantile,0.8,830.742904985357
2026-08-12,ARI incidence,2026-08-30,4,DE,quantile,0.85,912.61154633104
2026-08-12,ARI incidence,2026-08-30,4,DE,quantile,0.9,1016.57539950019
2026-08-12,ARI incidence,2026-08-30,4,DE,quantile,0.95,1192.28955246998
2026-08-12,ARI incidence,2026-08-30,4,DE,quantile,0.975,1348.48111960515
2026-08-12,ARI incidence,2026-08-30,4,DE,quantile,0.99,1524.04582656537
2026-08-12,ARI incidence,2026-08-09,1,EE,median,,76.8394537897715
2026-08-12,ARI incidence,2026-08-09,1,EE,quantile,0.01,21.7519438199157
2026-08-12,ARI incidence,2026-08-09,1,EE,quantile,0.025,29.600423961938102
2026-08-12,ARI incidence,2026-08-09,1,EE,quantile,0.05,35.4472646232373
2026-08-12,ARI incidence,2026-08-09,1,EE,quantile,0.1,43.3591259098147
2026-08-12,ARI incidence,2026-08-09,1,EE,quantile,0.15,49.2590392961799
2026-08-12,ARI incidence,2026-08-09,1,EE,quantile,0.2,54.1940816798209
2026-08-12,ARI incidence,2026-08-09,1,EE,quantile,0.25,58.4183077956088
2026-08-12,ARI incidence,2026-08-09,1,EE,quantile,0.3,62.7410674474248
2026-08-12,ARI incidence,2026-08-09,1,EE,quantile,0.35,66.4049649777905
2026-08-12,ARI incidence,2026-08-09,1,EE,quantile,0.4,69.9489242794452
2026-08-12,ARI incidence,2026-08-09,1,EE,quantile,0.45,73.9132068559871
2026-08-12,ARI incidence,2026-08-09,1,EE,quantile,0.5,77.5933920549796
2026-08-12,ARI incidence,2026-08-09,1,EE,quantile,0.55,81.6113737538868
2026-08-12,ARI incidence,2026-08-09,1,EE,quantile,0.6,85.3948563642692
2026-08-12,ARI incidence,2026-08-09,1,EE,quantile,0.65,89.6532646725718
2026-08-12,ARI incidence,2026-08-09,1,EE,quantile,0.7,94.4368520500738
2026-08-12,ARI incidence,2026-08-09,1,EE,quantile,0.75,99.5190325705053
2026-08-12,ARI incidence,2026-08-09,1,EE,quantile,0.8,104.782194023081
2026-08-12,ARI incidence,2026-08-09,1,EE,quantile,0.85,111.410094270255
2026-08-12,ARI incidence,2026-08-09,1,EE,quantile,0.9,120.647396455767
2026-08-12,ARI incidence,2026-08-09,1,EE,quantile,0.95,133.533425365081
2026-08-12,ARI incidence,2026-08-09,1,EE,quantile,0.975,145.917297039127
2026-08-12,ARI incidence,2026-08-09,1,EE,quantile,0.99,162.21152441082901
2026-08-12,ARI incidence,2026-08-16,2,EE,median,,81.2820823595576
2026-08-12,ARI incidence,2026-08-16,2,EE,quantile,0.01,18.8605076626188
2026-08-12,ARI incidence,2026-08-16,2,EE,quantile,0.025,26.2299380161575
2026-08-12,ARI incidence,2026-08-16,2,EE,quantile,0.05,33.051121775256
2026-08-12,ARI incidence,2026-08-16,2,EE,quantile,0.1,42.0592955689197
2026-08-12,ARI incidence,2026-08-16,2,EE,quantile,0.15,48.5274876107204
2026-08-12,ARI incidence,2026-08-16,2,EE,quantile,0.2,53.9660121856564
2026-08-12,ARI incidence,2026-08-16,2,EE,quantile,0.25,58.8094000841286
2026-08-12,ARI incidence,2026-08-16,2,EE,quantile,0.3,63.7758503836816
2026-08-12,ARI incidence,2026-08-16,2,EE,quantile,0.35,68.3010201542739
2026-08-12,ARI incidence,2026-08-16,2,EE,quantile,0.4,72.6281380960561
2026-08-12,ARI incidence,2026-08-16,2,EE,quantile,0.45,76.8506713831495
2026-08-12,ARI incidence,2026-08-16,2,EE,quantile,0.5,81.6418067599587
2026-08-12,ARI incidence,2026-08-16,2,EE,quantile,0.55,86.3761144534759
2026-08-12,ARI incidence,2026-08-16,2,EE,quantile,0.6,91.3639380711001
2026-08-12,ARI incidence,2026-08-16,2,EE,quantile,0.65,97.0314719489677
2026-08-12,ARI incidence,2026-08-16,2,EE,quantile,0.7,102.547726975476
2026-08-12,ARI incidence,2026-08-16,2,EE,quantile,0.75,108.815847259511
2026-08-12,ARI incidence,2026-08-16,2,EE,quantile,0.8,115.413902016552
2026-08-12,ARI incidence,2026-08-16,2,EE,quantile,0.85,124.745023050017
2026-08-12,ARI incidence,2026-08-16,2,EE,quantile,0.9,136.86494670755
2026-08-12,ARI incidence,2026-08-16,2,EE,quantile,0.95,153.895433256897
2026-08-12,ARI incidence,2026-08-16,2,EE,quantile,0.975,170.739323044435
2026-08-12,ARI incidence,2026-08-16,2,EE,quantile,0.99,195.037537339553
2026-08-12,ARI incidence,2026-08-23,3,EE,median,,89.2984080244583
2026-08-12,ARI incidence,2026-08-23,3,EE,quantile,0.01,16.4804905055432
2026-08-12,ARI incidence,2026-08-23,3,EE,quantile,0.025,25.2075216872006
2026-08-12,ARI incidence,2026-08-23,3,EE,quantile,0.05,32.3115919486943
2026-08-12,ARI incidence,2026-08-23,3,EE,quantile,0.1,42.2031081749053
2026-08-12,ARI incidence,2026-08-23,3,EE,quantile,0.15,49.9059846212223
2026-08-12,ARI incidence,2026-08-23,3,EE,quantile,0.2,56.8038197537677
2026-08-12,ARI incidence,2026-08-23,3,EE,quantile,0.25,63.2099553495821
2026-08-12,ARI incidence,2026-08-23,3,EE,quantile,0.3,68.5019807600291
2026-08-12,ARI incidence,2026-08-23,3,EE,quantile,0.35,73.9088005856455
2026-08-12,ARI incidence,2026-08-23,3,EE,quantile,0.4,79.2159272939673
2026-08-12,ARI incidence,2026-08-23,3,EE,quantile,0.45,84.7349659446453
2026-08-12,ARI incidence,2026-08-23,3,EE,quantile,0.5,90.0044769497663
2026-08-12,ARI incidence,2026-08-23,3,EE,quantile,0.55,95.5367362286968
2026-08-12,ARI incidence,2026-08-23,3,EE,quantile,0.6,101.606195696936
2026-08-12,ARI incidence,2026-08-23,3,EE,quantile,0.65,108.140340986048
2026-08-12,ARI incidence,2026-08-23,3,EE,quantile,0.7,115.017311727881
2026-08-12,ARI incidence,2026-08-23,3,EE,quantile,0.75,122.352168742271
2026-08-12,ARI incidence,2026-08-23,3,EE,quantile,0.8,131.491938718719
2026-08-12,ARI incidence,2026-08-23,3,EE,quantile,0.85,142.612547432047
2026-08-12,ARI incidence,2026-08-23,3,EE,quantile,0.9,155.970108059357
2026-08-12,ARI incidence,2026-08-23,3,EE,quantile,0.95,177.265498186854
2026-08-12,ARI incidence,2026-08-23,3,EE,quantile,0.975,196.995872292957
2026-08-12,ARI incidence,2026-08-23,3,EE,quantile,0.99,219.47072415695
2026-08-12,ARI incidence,2026-08-30,4,EE,median,,95.8779533673672
2026-08-12,ARI incidence,2026-08-30,4,EE,quantile,0.01,15.13743133036
2026-08-12,ARI incidence,2026-08-30,4,EE,quantile,0.025,23.1045889805193
2026-08-12,ARI incidence,2026-08-30,4,EE,quantile,0.05,31.65923692935
2026-08-12,ARI incidence,2026-08-30,4,EE,quantile,0.1,43.9975581322797
2026-08-12,ARI incidence,2026-08-30,4,EE,quantile,0.15,52.2809256546728
2026-08-12,ARI incidence,2026-08-30,4,EE,quantile,0.2,59.1065711074182
2026-08-12,ARI incidence,2026-08-30,4,EE,quantile,0.25,65.8438782195954
2026-08-12,ARI incidence,2026-08-30,4,EE,quantile,0.3,71.8606383438348
2026-08-12,ARI incidence,2026-08-30,4,EE,quantile,0.35,78.2440094708183
2026-08-12,ARI incidence,2026-08-30,4,EE,quantile,0.4,84.4264659693846
2026-08-12,ARI incidence,2026-08-30,4,EE,quantile,0.45,90.5839003037856
2026-08-12,ARI incidence,2026-08-30,4,EE,quantile,0.5,96.8664818690216
2026-08-12,ARI incidence,2026-08-30,4,EE,quantile,0.55,103.54221487277201
2026-08-12,ARI incidence,2026-08-30,4,EE,quantile,0.6,110.274536826435
2026-08-12,ARI incidence,2026-08-30,4,EE,quantile,0.65,117.201413197082
2026-08-12,ARI incidence,2026-08-30,4,EE,quantile,0.7,124.837977246637
2026-08-12,ARI incidence,2026-08-30,4,EE,quantile,0.75,133.048519660456
2026-08-12,ARI incidence,2026-08-30,4,EE,quantile,0.8,143.542610490075
2026-08-12,ARI incidence,2026-08-30,4,EE,quantile,0.85,155.887399024901
2026-08-12,ARI incidence,2026-08-30,4,EE,quantile,0.9,172.691867058588
2026-08-12,ARI incidence,2026-08-30,4,EE,quantile,0.95,197.146176565273
2026-08-12,ARI incidence,2026-08-30,4,EE,quantile,0.975,219.236916277203
2026-08-12,ARI incidence,2026-08-30,4,EE,quantile,0.99,246.658941797226
2026-08-12,ARI incidence,2026-08-09,1,ES,median,,212.188333943621
2026-08-12,ARI incidence,2026-08-09,1,ES,quantile,0.01,120.84803822835
2026-08-12,ARI incidence,2026-08-09,1,ES,quantile,0.025,133.421394337557
2026-08-12,ARI incidence,2026-08-09,1,ES,quantile,0.05,145.78986582415
2026-08-12,ARI incidence,2026-08-09,1,ES,quantile,0.1,159.700733682908
2026-08-12,ARI incidence,2026-08-09,1,ES,quantile,0.15,169.055406516395
2026-08-12,ARI incidence,2026-08-09,1,ES,quantile,0.2,176.736731292258
2026-08-12,ARI incidence,2026-08-09,1,ES,quantile,0.25,183.467885289286
2026-08-12,ARI incidence,2026-08-09,1,ES,quantile,0.3,189.950401867068
2026-08-12,ARI incidence,2026-08-09,1,ES,quantile,0.35,195.698660883212
2026-08-12,ARI incidence,2026-08-09,1,ES,quantile,0.4,200.983159510296
2026-08-12,ARI incidence,2026-08-09,1,ES,quantile,0.45,206.635745600324
2026-08-12,ARI incidence,2026-08-09,1,ES,quantile,0.5,212.19068999723
2026-08-12,ARI incidence,2026-08-09,1,ES,quantile,0.55,217.894317133628
2026-08-12,ARI incidence,2026-08-09,1,ES,quantile,0.6,223.580094630434
2026-08-12,ARI incidence,2026-08-09,1,ES,quantile,0.65,229.222929582663
2026-08-12,ARI incidence,2026-08-09,1,ES,quantile,0.7,235.568473092483
2026-08-12,ARI incidence,2026-08-09,1,ES,quantile,0.75,242.936038501228
2026-08-12,ARI incidence,2026-08-09,1,ES,quantile,0.8,250.720435735931
2026-08-12,ARI incidence,2026-08-09,1,ES,quantile,0.85,260.233363753343
2026-08-12,ARI incidence,2026-08-09,1,ES,quantile,0.9,272.734621021755
2026-08-12,ARI incidence,2026-08-09,1,ES,quantile,0.95,290.864354514028
2026-08-12,ARI incidence,2026-08-09,1,ES,quantile,0.975,305.653986358127
2026-08-12,ARI incidence,2026-08-09,1,ES,quantile,0.99,323.485946225667
2026-08-12,ARI incidence,2026-08-16,2,ES,median,,224.567519651179
2026-08-12,ARI incidence,2026-08-16,2,ES,quantile,0.01,98.7264775359936
2026-08-12,ARI incidence,2026-08-16,2,ES,quantile,0.025,113.001200497258
2026-08-12,ARI incidence,2026-08-16,2,ES,quantile,0.05,128.370896816011
2026-08-12,ARI incidence,2026-08-16,2,ES,quantile,0.1,148.920875391431
2026-08-12,ARI incidence,2026-08-16,2,ES,quantile,0.15,162.072920451649
2026-08-12,ARI incidence,2026-08-16,2,ES,quantile,0.2,173.340831921548
2026-08-12,ARI incidence,2026-08-16,2,ES,quantile,0.25,183.211323318364
2026-08-12,ARI incidence,2026-08-16,2,ES,quantile,0.3,191.896373434124
2026-08-12,ARI incidence,2026-08-16,2,ES,quantile,0.35,200.906603927345
2026-08-12,ARI incidence,2026-08-16,2,ES,quantile,0.4,209.391574616365
2026-08-12,ARI incidence,2026-08-16,2,ES,quantile,0.45,217.46770607396
2026-08-12,ARI incidence,2026-08-16,2,ES,quantile,0.5,225.520220813211
2026-08-12,ARI incidence,2026-08-16,2,ES,quantile,0.55,233.40940965326
2026-08-12,ARI incidence,2026-08-16,2,ES,quantile,0.6,241.948378899691
2026-08-12,ARI incidence,2026-08-16,2,ES,quantile,0.65,251.386167425326
2026-08-12,ARI incidence,2026-08-16,2,ES,quantile,0.7,260.815998211412
2026-08-12,ARI incidence,2026-08-16,2,ES,quantile,0.75,270.828725872996
2026-08-12,ARI incidence,2026-08-16,2,ES,quantile,0.8,283.412892882652
2026-08-12,ARI incidence,2026-08-16,2,ES,quantile,0.85,296.831927372775
2026-08-12,ARI incidence,2026-08-16,2,ES,quantile,0.9,315.722170126742
2026-08-12,ARI incidence,2026-08-16,2,ES,quantile,0.95,343.66214016605
2026-08-12,ARI incidence,2026-08-16,2,ES,quantile,0.975,366.802410550341
2026-08-12,ARI incidence,2026-08-16,2,ES,quantile,0.99,394.505855035266
2026-08-12,ARI incidence,2026-08-23,3,ES,median,,237.753925309723
2026-08-12,ARI incidence,2026-08-23,3,ES,quantile,0.01,78.2827993208424
2026-08-12,ARI incidence,2026-08-23,3,ES,quantile,0.025,97.3374088307452
2026-08-12,ARI incidence,2026-08-23,3,ES,quantile,0.05,116.513439836913
2026-08-12,ARI incidence,2026-08-23,3,ES,quantile,0.1,140.511068392693
2026-08-12,ARI incidence,2026-08-23,3,ES,quantile,0.15,158.202994191716
2026-08-12,ARI incidence,2026-08-23,3,ES,quantile,0.2,172.638659123593
2026-08-12,ARI incidence,2026-08-23,3,ES,quantile,0.25,184.733867103464
2026-08-12,ARI incidence,2026-08-23,3,ES,quantile,0.3,196.061909466726
2026-08-12,ARI incidence,2026-08-23,3,ES,quantile,0.35,207.105715782834
2026-08-12,ARI incidence,2026-08-23,3,ES,quantile,0.4,217.912995559521
2026-08-12,ARI incidence,2026-08-23,3,ES,quantile,0.45,227.994884696045
2026-08-12,ARI incidence,2026-08-23,3,ES,quantile,0.5,238.566054580034
2026-08-12,ARI incidence,2026-08-23,3,ES,quantile,0.55,249.435950291935
2026-08-12,ARI incidence,2026-08-23,3,ES,quantile,0.6,259.838551163695
2026-08-12,ARI incidence,2026-08-23,3,ES,quantile,0.65,271.506301742495
2026-08-12,ARI incidence,2026-08-23,3,ES,quantile,0.7,284.39598201534
2026-08-12,ARI incidence,2026-08-23,3,ES,quantile,0.75,298.003719217597
2026-08-12,ARI incidence,2026-08-23,3,ES,quantile,0.8,314.369417180174
2026-08-12,ARI incidence,2026-08-23,3,ES,quantile,0.85,333.920556819837
2026-08-12,ARI incidence,2026-08-23,3,ES,quantile,0.9,359.583599958289
2026-08-12,ARI incidence,2026-08-23,3,ES,quantile,0.95,395.214328064649
2026-08-12,ARI incidence,2026-08-23,3,ES,quantile,0.975,427.29925631691
2026-08-12,ARI incidence,2026-08-23,3,ES,quantile,0.99,470.525144175484
2026-08-12,ARI incidence,2026-08-30,4,ES,median,,250.235544977314
2026-08-12,ARI incidence,2026-08-30,4,ES,quantile,0.01,63.1417766258252
2026-08-12,ARI incidence,2026-08-30,4,ES,quantile,0.025,87.6633538476789
2026-08-12,ARI incidence,2026-08-30,4,ES,quantile,0.05,108.559448269949
2026-08-12,ARI incidence,2026-08-30,4,ES,quantile,0.1,136.762910209539
2026-08-12,ARI incidence,2026-08-30,4,ES,quantile,0.15,158.000735814249
2026-08-12,ARI incidence,2026-08-30,4,ES,quantile,0.2,172.791450369909
2026-08-12,ARI incidence,2026-08-30,4,ES,quantile,0.25,186.395615786968
2026-08-12,ARI incidence,2026-08-30,4,ES,quantile,0.3,200.21436011392
2026-08-12,ARI incidence,2026-08-30,4,ES,quantile,0.35,214.529595744865
2026-08-12,ARI incidence,2026-08-30,4,ES,quantile,0.4,226.63833657236
2026-08-12,ARI incidence,2026-08-30,4,ES,quantile,0.45,238.182552947716
2026-08-12,ARI incidence,2026-08-30,4,ES,quantile,0.5,250.241623065459
2026-08-12,ARI incidence,2026-08-30,4,ES,quantile,0.55,264.260993303043
2026-08-12,ARI incidence,2026-08-30,4,ES,quantile,0.6,278.111951058365
2026-08-12,ARI incidence,2026-08-30,4,ES,quantile,0.65,291.533604236664
2026-08-12,ARI incidence,2026-08-30,4,ES,quantile,0.7,305.876769766228
2026-08-12,ARI incidence,2026-08-30,4,ES,quantile,0.75,322.700300688545
2026-08-12,ARI incidence,2026-08-30,4,ES,quantile,0.8,341.898246744738
2026-08-12,ARI incidence,2026-08-30,4,ES,quantile,0.85,365.254078553451
2026-08-12,ARI incidence,2026-08-30,4,ES,quantile,0.9,398.205559428816
2026-08-12,ARI incidence,2026-08-30,4,ES,quantile,0.95,442.480791633881
2026-08-12,ARI incidence,2026-08-30,4,ES,quantile,0.975,486.961742929192
2026-08-12,ARI incidence,2026-08-30,4,ES,quantile,0.99,539.508320735272
2026-08-12,ARI incidence,2026-08-09,1,GB-NIR,median,,106.577470203009
2026-08-12,ARI incidence,2026-08-09,1,GB-NIR,quantile,0.01,72.7405054708683
2026-08-12,ARI incidence,2026-08-09,1,GB-NIR,quantile,0.025,77.5992579701577
2026-08-12,ARI incidence,2026-08-09,1,GB-NIR,quantile,0.05,82.0698076259254
2026-08-12,ARI incidence,2026-08-09,1,GB-NIR,quantile,0.1,87.059572908387
2026-08-12,ARI incidence,2026-08-09,1,GB-NIR,quantile,0.15,90.6490161753304
2026-08-12,ARI incidence,2026-08-09,1,GB-NIR,quantile,0.2,93.3000901874033
2026-08-12,ARI incidence,2026-08-09,1,GB-NIR,quantile,0.25,95.7769832008949
2026-08-12,ARI incidence,2026-08-09,1,GB-NIR,quantile,0.3,98.0276674926171
2026-08-12,ARI incidence,2026-08-09,1,GB-NIR,quantile,0.35,100.197596149174
2026-08-12,ARI incidence,2026-08-09,1,GB-NIR,quantile,0.4,102.237256985556
2026-08-12,ARI incidence,2026-08-09,1,GB-NIR,quantile,0.45,104.324313208926
2026-08-12,ARI incidence,2026-08-09,1,GB-NIR,quantile,0.5,106.285291438045
2026-08-12,ARI incidence,2026-08-09,1,GB-NIR,quantile,0.55,108.23384007307
2026-08-12,ARI incidence,2026-08-09,1,GB-NIR,quantile,0.6,110.338430694044
2026-08-12,ARI incidence,2026-08-09,1,GB-NIR,quantile,0.65,112.532068267882
2026-08-12,ARI incidence,2026-08-09,1,GB-NIR,quantile,0.7,114.736139684443
2026-08-12,ARI incidence,2026-08-09,1,GB-NIR,quantile,0.75,117.28852578581
2026-08-12,ARI incidence,2026-08-09,1,GB-NIR,quantile,0.8,120.023508668556
2026-08-12,ARI incidence,2026-08-09,1,GB-NIR,quantile,0.85,123.277279341369
2026-08-12,ARI incidence,2026-08-09,1,GB-NIR,quantile,0.9,127.918280298371
2026-08-12,ARI incidence,2026-08-09,1,GB-NIR,quantile,0.95,134.019887985346
2026-08-12,ARI incidence,2026-08-09,1,GB-NIR,quantile,0.975,139.910562807184
2026-08-12,ARI incidence,2026-08-09,1,GB-NIR,quantile,0.99,146.979257069049
2026-08-12,ARI incidence,2026-08-16,2,GB-NIR,median,,106.500285339612
2026-08-12,ARI incidence,2026-08-16,2,GB-NIR,quantile,0.01,62.7491851564521
2026-08-12,ARI incidence,2026-08-16,2,GB-NIR,quantile,0.025,68.7709013402525
2026-08-12,ARI incidence,2026-08-16,2,GB-NIR,quantile,0.05,73.9583712722863
2026-08-12,ARI incidence,2026-08-16,2,GB-NIR,quantile,0.1,80.3802965454829
2026-08-12,ARI incidence,2026-08-16,2,GB-NIR,quantile,0.15,84.8038815501474
2026-08-12,ARI incidence,2026-08-16,2,GB-NIR,quantile,0.2,88.6623417349819
2026-08-12,ARI incidence,2026-08-16,2,GB-NIR,quantile,0.25,91.9086996837792
2026-08-12,ARI incidence,2026-08-16,2,GB-NIR,quantile,0.3,94.8945611806341
2026-08-12,ARI incidence,2026-08-16,2,GB-NIR,quantile,0.35,97.7858202510262
2026-08-12,ARI incidence,2026-08-16,2,GB-NIR,quantile,0.4,100.484644205939
2026-08-12,ARI incidence,2026-08-16,2,GB-NIR,quantile,0.45,103.222532473592
2026-08-12,ARI incidence,2026-08-16,2,GB-NIR,quantile,0.5,105.931990412964
2026-08-12,ARI incidence,2026-08-16,2,GB-NIR,quantile,0.55,108.860647271661
2026-08-12,ARI incidence,2026-08-16,2,GB-NIR,quantile,0.6,111.707657729644
2026-08-12,ARI incidence,2026-08-16,2,GB-NIR,quantile,0.65,114.601516851344
2026-08-12,ARI incidence,2026-08-16,2,GB-NIR,quantile,0.7,117.766164127527
2026-08-12,ARI incidence,2026-08-16,2,GB-NIR,quantile,0.75,120.941607721914
2026-08-12,ARI incidence,2026-08-16,2,GB-NIR,quantile,0.8,124.715866030193
2026-08-12,ARI incidence,2026-08-16,2,GB-NIR,quantile,0.85,128.982162459709
2026-08-12,ARI incidence,2026-08-16,2,GB-NIR,quantile,0.9,135.004793205175
2026-08-12,ARI incidence,2026-08-16,2,GB-NIR,quantile,0.95,143.879598122785
2026-08-12,ARI incidence,2026-08-16,2,GB-NIR,quantile,0.975,151.547709989621
2026-08-12,ARI incidence,2026-08-16,2,GB-NIR,quantile,0.99,160.091336221123
2026-08-12,ARI incidence,2026-08-23,3,GB-NIR,median,,106.509140306296
2026-08-12,ARI incidence,2026-08-23,3,GB-NIR,quantile,0.01,53.9369670901051
2026-08-12,ARI incidence,2026-08-23,3,GB-NIR,quantile,0.025,61.2606463118227
2026-08-12,ARI incidence,2026-08-23,3,GB-NIR,quantile,0.05,67.8014685219321
2026-08-12,ARI incidence,2026-08-23,3,GB-NIR,quantile,0.1,75.4005008774302
2026-08-12,ARI incidence,2026-08-23,3,GB-NIR,quantile,0.15,80.8769749384453
2026-08-12,ARI incidence,2026-08-23,3,GB-NIR,quantile,0.2,85.1489957431633
2026-08-12,ARI incidence,2026-08-23,3,GB-NIR,quantile,0.25,89.1970419524571
2026-08-12,ARI incidence,2026-08-23,3,GB-NIR,quantile,0.3,92.4923452253908
2026-08-12,ARI incidence,2026-08-23,3,GB-NIR,quantile,0.35,95.8121018589563
2026-08-12,ARI incidence,2026-08-23,3,GB-NIR,quantile,0.4,99.1406904587583
2026-08-12,ARI incidence,2026-08-23,3,GB-NIR,quantile,0.45,102.218931314627
2026-08-12,ARI incidence,2026-08-23,3,GB-NIR,quantile,0.5,105.770952860548
2026-08-12,ARI incidence,2026-08-23,3,GB-NIR,quantile,0.55,109.041947951862
2026-08-12,ARI incidence,2026-08-23,3,GB-NIR,quantile,0.6,112.521292763899
2026-08-12,ARI incidence,2026-08-23,3,GB-NIR,quantile,0.65,116.132298679961
2026-08-12,ARI incidence,2026-08-23,3,GB-NIR,quantile,0.7,120.085095730964
2026-08-12,ARI incidence,2026-08-23,3,GB-NIR,quantile,0.75,123.933460522869
2026-08-12,ARI incidence,2026-08-23,3,GB-NIR,quantile,0.8,128.430192352627
2026-08-12,ARI incidence,2026-08-23,3,GB-NIR,quantile,0.85,134.249552213321
2026-08-12,ARI incidence,2026-08-23,3,GB-NIR,quantile,0.9,141.193266419559
2026-08-12,ARI incidence,2026-08-23,3,GB-NIR,quantile,0.95,152.61993069333
2026-08-12,ARI incidence,2026-08-23,3,GB-NIR,quantile,0.975,161.281173189994
2026-08-12,ARI incidence,2026-08-23,3,GB-NIR,quantile,0.99,173.910170157414
2026-08-12,ARI incidence,2026-08-30,4,GB-NIR,median,,106.508124246299
2026-08-12,ARI incidence,2026-08-30,4,GB-NIR,quantile,0.01,48.2377107178802
2026-08-12,ARI incidence,2026-08-30,4,GB-NIR,quantile,0.025,56.6902598330785
2026-08-12,ARI incidence,2026-08-30,4,GB-NIR,quantile,0.05,63.2950952159509
2026-08-12,ARI incidence,2026-08-30,4,GB-NIR,quantile,0.1,71.5507216572282
2026-08-12,ARI incidence,2026-08-30,4,GB-NIR,quantile,0.15,77.1959134584741
2026-08-12,ARI incidence,2026-08-30,4,GB-NIR,quantile,0.2,82.236979523603
2026-08-12,ARI incidence,2026-08-30,4,GB-NIR,quantile,0.25,86.7247932189475
2026-08-12,ARI incidence,2026-08-30,4,GB-NIR,quantile,0.3,90.3605193982601
2026-08-12,ARI incidence,2026-08-30,4,GB-NIR,quantile,0.35,94.1555886816139
2026-08-12,ARI incidence,2026-08-30,4,GB-NIR,quantile,0.4,98.1628001331027
2026-08-12,ARI incidence,2026-08-30,4,GB-NIR,quantile,0.45,102.143303114706
2026-08-12,ARI incidence,2026-08-30,4,GB-NIR,quantile,0.5,105.849843977686
2026-08-12,ARI incidence,2026-08-30,4,GB-NIR,quantile,0.55,109.729821560012
2026-08-12,ARI incidence,2026-08-30,4,GB-NIR,quantile,0.6,113.610633757162
2026-08-12,ARI incidence,2026-08-30,4,GB-NIR,quantile,0.65,117.836387704114
2026-08-12,ARI incidence,2026-08-30,4,GB-NIR,quantile,0.7,122.244852623924
2026-08-12,ARI incidence,2026-08-30,4,GB-NIR,quantile,0.75,127.062079632029
2026-08-12,ARI incidence,2026-08-30,4,GB-NIR,quantile,0.8,132.536010773541
2026-08-12,ARI incidence,2026-08-30,4,GB-NIR,quantile,0.85,139.153951830043
2026-08-12,ARI incidence,2026-08-30,4,GB-NIR,quantile,0.9,147.313201978374
2026-08-12,ARI incidence,2026-08-30,4,GB-NIR,quantile,0.95,159.5851569432
2026-08-12,ARI incidence,2026-08-30,4,GB-NIR,quantile,0.975,171.820954856506
2026-08-12,ARI incidence,2026-08-30,4,GB-NIR,quantile,0.99,187.241681181681
2026-08-12,ARI incidence,2026-08-09,1,HU,median,,598.198286858049
2026-08-12,ARI incidence,2026-08-09,1,HU,quantile,0.01,274.733812401117
2026-08-12,ARI incidence,2026-08-09,1,HU,quantile,0.025,317.720430356231
2026-08-12,ARI incidence,2026-08-09,1,HU,quantile,0.05,354.244156188726
2026-08-12,ARI incidence,2026-08-09,1,HU,quantile,0.1,406.737396590316
2026-08-12,ARI incidence,2026-08-09,1,HU,quantile,0.15,439.619291903189
2026-08-12,ARI incidence,2026-08-09,1,HU,quantile,0.2,467.57362272757
2026-08-12,ARI incidence,2026-08-09,1,HU,quantile,0.25,492.876130861041
2026-08-12,ARI incidence,2026-08-09,1,HU,quantile,0.3,516.580807901644
2026-08-12,ARI incidence,2026-08-09,1,HU,quantile,0.35,537.501028307437
2026-08-12,ARI incidence,2026-08-09,1,HU,quantile,0.4,559.56541576806
2026-08-12,ARI incidence,2026-08-09,1,HU,quantile,0.45,580.459501477273
2026-08-12,ARI incidence,2026-08-09,1,HU,quantile,0.5,601.144607690943
2026-08-12,ARI incidence,2026-08-09,1,HU,quantile,0.55,621.890518405409
2026-08-12,ARI incidence,2026-08-09,1,HU,quantile,0.6,644.510634813572
2026-08-12,ARI incidence,2026-08-09,1,HU,quantile,0.65,665.378663768568
2026-08-12,ARI incidence,2026-08-09,1,HU,quantile,0.7,689.733366580443
2026-08-12,ARI incidence,2026-08-09,1,HU,quantile,0.75,718.407663420797
2026-08-12,ARI incidence,2026-08-09,1,HU,quantile,0.8,749.332280308184
2026-08-12,ARI incidence,2026-08-09,1,HU,quantile,0.85,787.049830839554
2026-08-12,ARI incidence,2026-08-09,1,HU,quantile,0.9,835.189033847027
2026-08-12,ARI incidence,2026-08-09,1,HU,quantile,0.95,906.330465958243
2026-08-12,ARI incidence,2026-08-09,1,HU,quantile,0.975,978.348723147093
2026-08-12,ARI incidence,2026-08-09,1,HU,quantile,0.99,1073.58260415462
2026-08-12,ARI incidence,2026-08-16,2,HU,median,,808.014968812922
2026-08-12,ARI incidence,2026-08-16,2,HU,quantile,0.01,262.534210633227
2026-08-12,ARI incidence,2026-08-16,2,HU,quantile,0.025,329.45207535805
2026-08-12,ARI incidence,2026-08-16,2,HU,quantile,0.05,395.511509531006
2026-08-12,ARI incidence,2026-08-16,2,HU,quantile,0.1,477.921565424028
2026-08-12,ARI incidence,2026-08-16,2,HU,quantile,0.15,534.842459905901
2026-08-12,ARI incidence,2026-08-16,2,HU,quantile,0.2,581.413614082075
2026-08-12,ARI incidence,2026-08-16,2,HU,quantile,0.25,624.707890613942
2026-08-12,ARI incidence,2026-08-16,2,HU,quantile,0.3,663.759750027962
2026-08-12,ARI incidence,2026-08-16,2,HU,quantile,0.35,700.04596811775
2026-08-12,ARI incidence,2026-08-16,2,HU,quantile,0.4,738.989942568921
2026-08-12,ARI incidence,2026-08-16,2,HU,quantile,0.45,776.615908020474
2026-08-12,ARI incidence,2026-08-16,2,HU,quantile,0.5,814.799370876263
2026-08-12,ARI incidence,2026-08-16,2,HU,quantile,0.55,852.718826701466
2026-08-12,ARI incidence,2026-08-16,2,HU,quantile,0.6,889.876278005694
2026-08-12,ARI incidence,2026-08-16,2,HU,quantile,0.65,931.686958305415
2026-08-12,ARI incidence,2026-08-16,2,HU,quantile,0.7,978.16234664398
2026-08-12,ARI incidence,2026-08-16,2,HU,quantile,0.75,1029.15332316738
2026-08-12,ARI incidence,2026-08-16,2,HU,quantile,0.8,1083.41500721262
2026-08-12,ARI incidence,2026-08-16,2,HU,quantile,0.85,1149.68084015207
2026-08-12,ARI incidence,2026-08-16,2,HU,quantile,0.9,1238.10539974822
2026-08-12,ARI incidence,2026-08-16,2,HU,quantile,0.95,1375.98414695535
2026-08-12,ARI incidence,2026-08-16,2,HU,quantile,0.975,1505.63359699922
2026-08-12,ARI incidence,2026-08-16,2,HU,quantile,0.99,1679.9477140776
2026-08-12,ARI incidence,2026-08-23,3,HU,median,,996.978748727683
2026-08-12,ARI incidence,2026-08-23,3,HU,quantile,0.01,309.158131128377
2026-08-12,ARI incidence,2026-08-23,3,HU,quantile,0.025,386.610965101862
2026-08-12,ARI incidence,2026-08-23,3,HU,quantile,0.05,466.032431551074
2026-08-12,ARI incidence,2026-08-23,3,HU,quantile,0.1,562.030837226888
2026-08-12,ARI incidence,2026-08-23,3,HU,quantile,0.15,638.737258249412
2026-08-12,ARI incidence,2026-08-23,3,HU,quantile,0.2,703.670442753466
2026-08-12,ARI incidence,2026-08-23,3,HU,quantile,0.25,760.438427520972
2026-08-12,ARI incidence,2026-08-23,3,HU,quantile,0.3,810.450947383275
2026-08-12,ARI incidence,2026-08-23,3,HU,quantile,0.35,858.302165295876
2026-08-12,ARI incidence,2026-08-23,3,HU,quantile,0.4,906.427958582815
2026-08-12,ARI incidence,2026-08-23,3,HU,quantile,0.45,956.24624602587
2026-08-12,ARI incidence,2026-08-23,3,HU,quantile,0.5,1002.93455306227
2026-08-12,ARI incidence,2026-08-23,3,HU,quantile,0.55,1051.40690783222
2026-08-12,ARI incidence,2026-08-23,3,HU,quantile,0.6,1100.97110181764
2026-08-12,ARI incidence,2026-08-23,3,HU,quantile,0.65,1152.92030319435
2026-08-12,ARI incidence,2026-08-23,3,HU,quantile,0.7,1212.38707161281
2026-08-12,ARI incidence,2026-08-23,3,HU,quantile,0.75,1280.6806523019
2026-08-12,ARI incidence,2026-08-23,3,HU,quantile,0.8,1351.79506448977
2026-08-12,ARI incidence,2026-08-23,3,HU,quantile,0.85,1440.53961958957
2026-08-12,ARI incidence,2026-08-23,3,HU,quantile,0.9,1557.9731267252
2026-08-12,ARI incidence,2026-08-23,3,HU,quantile,0.95,1722.88209065545
2026-08-12,ARI incidence,2026-08-23,3,HU,quantile,0.975,1884.91011252914
2026-08-12,ARI incidence,2026-08-23,3,HU,quantile,0.99,2082.18573493881
2026-08-12,ARI incidence,2026-08-30,4,HU,median,,1161.09893211634
2026-08-12,ARI incidence,2026-08-30,4,HU,quantile,0.01,352.347904898276
2026-08-12,ARI incidence,2026-08-30,4,HU,quantile,0.025,442.524519071227
2026-08-12,ARI incidence,2026-08-30,4,HU,quantile,0.05,533.662877132638
2026-08-12,ARI incidence,2026-08-30,4,HU,quantile,0.1,653.908589307607
2026-08-12,ARI incidence,2026-08-30,4,HU,quantile,0.15,746.286101015042
2026-08-12,ARI incidence,2026-08-30,4,HU,quantile,0.2,817.53889893744
2026-08-12,ARI incidence,2026-08-30,4,HU,quantile,0.25,881.475381813663
2026-08-12,ARI incidence,2026-08-30,4,HU,quantile,0.3,941.616972322578
2026-08-12,ARI incidence,2026-08-30,4,HU,quantile,0.35,997.476999364095
2026-08-12,ARI incidence,2026-08-30,4,HU,quantile,0.4,1055.46318365606
2026-08-12,ARI incidence,2026-08-30,4,HU,quantile,0.45,1106.90355833195
2026-08-12,ARI incidence,2026-08-30,4,HU,quantile,0.5,1162.75262399652
2026-08-12,ARI incidence,2026-08-30,4,HU,quantile,0.55,1218.88031721782
2026-08-12,ARI incidence,2026-08-30,4,HU,quantile,0.6,1275.94670534758
2026-08-12,ARI incidence,2026-08-30,4,HU,quantile,0.65,1341.92239651968
2026-08-12,ARI incidence,2026-08-30,4,HU,quantile,0.7,1404.75948047294
2026-08-12,ARI incidence,2026-08-30,4,HU,quantile,0.75,1483.09550705835
2026-08-12,ARI incidence,2026-08-30,4,HU,quantile,0.8,1573.23746690014
2026-08-12,ARI incidence,2026-08-30,4,HU,quantile,0.85,1676.87135672409
2026-08-12,ARI incidence,2026-08-30,4,HU,quantile,0.9,1804.6757905185
2026-08-12,ARI incidence,2026-08-30,4,HU,quantile,0.95,2002.78680138329
2026-08-12,ARI incidence,2026-08-30,4,HU,quantile,0.975,2191.74155436222
2026-08-12,ARI incidence,2026-08-30,4,HU,quantile,0.99,2402.85834565297
2026-08-12,ARI incidence,2026-08-09,1,IE,median,,15.633098710795
2026-08-12,ARI incidence,2026-08-09,1,IE,quantile,0.01,7.51264603757042
2026-08-12,ARI incidence,2026-08-09,1,IE,quantile,0.025,8.53964538677684
2026-08-12,ARI incidence,2026-08-09,1,IE,quantile,0.05,9.53869140938001
2026-08-12,ARI incidence,2026-08-09,1,IE,quantile,0.1,10.7692105243257
2026-08-12,ARI incidence,2026-08-09,1,IE,quantile,0.15,11.6344074495897
2026-08-12,ARI incidence,2026-08-09,1,IE,quantile,0.2,12.3527402457625
2026-08-12,ARI incidence,2026-08-09,1,IE,quantile,0.25,13.0283629452821
2026-08-12,ARI incidence,2026-08-09,1,IE,quantile,0.3,13.5804046655269
2026-08-12,ARI incidence,2026-08-09,1,IE,quantile,0.35,14.1022050321398
2026-08-12,ARI incidence,2026-08-09,1,IE,quantile,0.4,14.6535499608835
2026-08-12,ARI incidence,2026-08-09,1,IE,quantile,0.45,15.1396183372854
2026-08-12,ARI incidence,2026-08-09,1,IE,quantile,0.5,15.5962242774306
2026-08-12,ARI incidence,2026-08-09,1,IE,quantile,0.55,16.1016516017235
2026-08-12,ARI incidence,2026-08-09,1,IE,quantile,0.6,16.6093880003393
2026-08-12,ARI incidence,2026-08-09,1,IE,quantile,0.65,17.1676129886142
2026-08-12,ARI incidence,2026-08-09,1,IE,quantile,0.7,17.7613259164874
2026-08-12,ARI incidence,2026-08-09,1,IE,quantile,0.75,18.4852188351547
2026-08-12,ARI incidence,2026-08-09,1,IE,quantile,0.8,19.214639434794
2026-08-12,ARI incidence,2026-08-09,1,IE,quantile,0.85,20.0265595412194
2026-08-12,ARI incidence,2026-08-09,1,IE,quantile,0.9,21.1566294464883
2026-08-12,ARI incidence,2026-08-09,1,IE,quantile,0.95,22.7751352588114
2026-08-12,ARI incidence,2026-08-09,1,IE,quantile,0.975,24.5127117204196
2026-08-12,ARI incidence,2026-08-09,1,IE,quantile,0.99,26.4022935731662
2026-08-12,ARI incidence,2026-08-16,2,IE,median,,20.1514585928871
2026-08-12,ARI incidence,2026-08-16,2,IE,quantile,0.01,7.96920732918852
2026-08-12,ARI incidence,2026-08-16,2,IE,quantile,0.025,9.57555107700277
2026-08-12,ARI incidence,2026-08-16,2,IE,quantile,0.05,11.009760580436
2026-08-12,ARI incidence,2026-08-16,2,IE,quantile,0.1,12.7692889581331
2026-08-12,ARI incidence,2026-08-16,2,IE,quantile,0.15,14.0752732602185
2026-08-12,ARI incidence,2026-08-16,2,IE,quantile,0.2,15.1061806186965
2026-08-12,ARI incidence,2026-08-16,2,IE,quantile,0.25,16.0963444269578
2026-08-12,ARI incidence,2026-08-16,2,IE,quantile,0.3,16.9504800927225
2026-08-12,ARI incidence,2026-08-16,2,IE,quantile,0.35,17.7906057385809
2026-08-12,ARI incidence,2026-08-16,2,IE,quantile,0.4,18.5606884597058
2026-08-12,ARI incidence,2026-08-16,2,IE,quantile,0.45,19.3181495596718
2026-08-12,ARI incidence,2026-08-16,2,IE,quantile,0.5,20.1273120973348
2026-08-12,ARI incidence,2026-08-16,2,IE,quantile,0.55,20.9556475181548
2026-08-12,ARI incidence,2026-08-16,2,IE,quantile,0.6,21.8603759117719
2026-08-12,ARI incidence,2026-08-16,2,IE,quantile,0.65,22.670034375944
2026-08-12,ARI incidence,2026-08-16,2,IE,quantile,0.7,23.6020424092716
2026-08-12,ARI incidence,2026-08-16,2,IE,quantile,0.75,24.6756548823946
2026-08-12,ARI incidence,2026-08-16,2,IE,quantile,0.8,25.8402736182896
2026-08-12,ARI incidence,2026-08-16,2,IE,quantile,0.85,27.2368135568139
2026-08-12,ARI incidence,2026-08-16,2,IE,quantile,0.9,29.057822948755
2026-08-12,ARI incidence,2026-08-16,2,IE,quantile,0.95,31.9762507472197
2026-08-12,ARI incidence,2026-08-16,2,IE,quantile,0.975,34.6122919460456
2026-08-12,ARI incidence,2026-08-16,2,IE,quantile,0.99,37.8158663614233
2026-08-12,ARI incidence,2026-08-23,3,IE,median,,19.7266545984412
2026-08-12,ARI incidence,2026-08-23,3,IE,quantile,0.01,6.2433871692799
2026-08-12,ARI incidence,2026-08-23,3,IE,quantile,0.025,7.73553222240388
2026-08-12,ARI incidence,2026-08-23,3,IE,quantile,0.05,9.47510953322539
2026-08-12,ARI incidence,2026-08-23,3,IE,quantile,0.1,11.4337149143023
2026-08-12,ARI incidence,2026-08-23,3,IE,quantile,0.15,12.929323867338
2026-08-12,ARI incidence,2026-08-23,3,IE,quantile,0.2,14.0679097051298
2026-08-12,ARI incidence,2026-08-23,3,IE,quantile,0.25,15.1399367032948
2026-08-12,ARI incidence,2026-08-23,3,IE,quantile,0.3,16.0941607407566
2026-08-12,ARI incidence,2026-08-23,3,IE,quantile,0.35,16.996089810646
2026-08-12,ARI incidence,2026-08-23,3,IE,quantile,0.4,17.8904076748743
2026-08-12,ARI incidence,2026-08-23,3,IE,quantile,0.45,18.8006015663733
2026-08-12,ARI incidence,2026-08-23,3,IE,quantile,0.5,19.7089484562243
2026-08-12,ARI incidence,2026-08-23,3,IE,quantile,0.55,20.6312696875142
2026-08-12,ARI incidence,2026-08-23,3,IE,quantile,0.6,21.6112855951348
2026-08-12,ARI incidence,2026-08-23,3,IE,quantile,0.65,22.6107842755073
2026-08-12,ARI incidence,2026-08-23,3,IE,quantile,0.7,23.7032668565142
2026-08-12,ARI incidence,2026-08-23,3,IE,quantile,0.75,24.9596515620267
2026-08-12,ARI incidence,2026-08-23,3,IE,quantile,0.8,26.4249801768603
2026-08-12,ARI incidence,2026-08-23,3,IE,quantile,0.85,28.1868811766731
2026-08-12,ARI incidence,2026-08-23,3,IE,quantile,0.9,30.47444752989
2026-08-12,ARI incidence,2026-08-23,3,IE,quantile,0.95,33.7635522168194
2026-08-12,ARI incidence,2026-08-23,3,IE,quantile,0.975,36.8951090280057
2026-08-12,ARI incidence,2026-08-23,3,IE,quantile,0.99,40.7190311217484
2026-08-12,ARI incidence,2026-08-30,4,IE,median,,20.3361793390736
2026-08-12,ARI incidence,2026-08-30,4,IE,quantile,0.01,5.33854821070272
2026-08-12,ARI incidence,2026-08-30,4,IE,quantile,0.025,7.19311487226781
2026-08-12,ARI incidence,2026-08-30,4,IE,quantile,0.05,8.86696879062861
2026-08-12,ARI incidence,2026-08-30,4,IE,quantile,0.1,10.9230199553976
2026-08-12,ARI incidence,2026-08-30,4,IE,quantile,0.15,12.5000484865508
2026-08-12,ARI incidence,2026-08-30,4,IE,quantile,0.2,13.8572435425618
2026-08-12,ARI incidence,2026-08-30,4,IE,quantile,0.25,15.0098191271371
2026-08-12,ARI incidence,2026-08-30,4,IE,quantile,0.3,16.1832183135644
2026-08-12,ARI incidence,2026-08-30,4,IE,quantile,0.35,17.2289376216168
2026-08-12,ARI incidence,2026-08-30,4,IE,quantile,0.4,18.2836532902209
2026-08-12,ARI incidence,2026-08-30,4,IE,quantile,0.45,19.3843581074905
2026-08-12,ARI incidence,2026-08-30,4,IE,quantile,0.5,20.3691771477358
2026-08-12,ARI incidence,2026-08-30,4,IE,quantile,0.55,21.4717706454625
2026-08-12,ARI incidence,2026-08-30,4,IE,quantile,0.6,22.582443166896
2026-08-12,ARI incidence,2026-08-30,4,IE,quantile,0.65,23.8362494435095
2026-08-12,ARI incidence,2026-08-30,4,IE,quantile,0.7,25.2175333882842
2026-08-12,ARI incidence,2026-08-30,4,IE,quantile,0.75,26.6661741056116
2026-08-12,ARI incidence,2026-08-30,4,IE,quantile,0.8,28.3575456866339
2026-08-12,ARI incidence,2026-08-30,4,IE,quantile,0.85,30.1903889759721
2026-08-12,ARI incidence,2026-08-30,4,IE,quantile,0.9,32.7762206461817
2026-08-12,ARI incidence,2026-08-30,4,IE,quantile,0.95,36.747721440121
2026-08-12,ARI incidence,2026-08-30,4,IE,quantile,0.975,40.7891375648561
2026-08-12,ARI incidence,2026-08-30,4,IE,quantile,0.99,45.4804826009693
2026-08-12,ARI incidence,2026-08-09,1,LT,median,,226.416667181463
2026-08-12,ARI incidence,2026-08-09,1,LT,quantile,0.01,80.198091343996
2026-08-12,ARI incidence,2026-08-09,1,LT,quantile,0.025,98.0415639973658
2026-08-12,ARI incidence,2026-08-09,1,LT,quantile,0.05,115.945799673325
2026-08-12,ARI incidence,2026-08-09,1,LT,quantile,0.1,136.893063482527
2026-08-12,ARI incidence,2026-08-09,1,LT,quantile,0.15,151.756847297721
2026-08-12,ARI incidence,2026-08-09,1,LT,quantile,0.2,164.865043926821
2026-08-12,ARI incidence,2026-08-09,1,LT,quantile,0.25,176.551470359681
2026-08-12,ARI incidence,2026-08-09,1,LT,quantile,0.3,187.531439968828
2026-08-12,ARI incidence,2026-08-09,1,LT,quantile,0.35,197.59217555529
2026-08-12,ARI incidence,2026-08-09,1,LT,quantile,0.4,206.52238309706
2026-08-12,ARI incidence,2026-08-09,1,LT,quantile,0.45,216.510749962052
2026-08-12,ARI incidence,2026-08-09,1,LT,quantile,0.5,226.031656026865
2026-08-12,ARI incidence,2026-08-09,1,LT,quantile,0.55,236.298086310252
2026-08-12,ARI incidence,2026-08-09,1,LT,quantile,0.6,246.538646392759
2026-08-12,ARI incidence,2026-08-09,1,LT,quantile,0.65,257.80495020807
2026-08-12,ARI incidence,2026-08-09,1,LT,quantile,0.7,269.815072168914
2026-08-12,ARI incidence,2026-08-09,1,LT,quantile,0.75,282.442774504628
2026-08-12,ARI incidence,2026-08-09,1,LT,quantile,0.8,297.671750786269
2026-08-12,ARI incidence,2026-08-09,1,LT,quantile,0.85,314.751618738094
2026-08-12,ARI incidence,2026-08-09,1,LT,quantile,0.9,338.050382036612
2026-08-12,ARI incidence,2026-08-09,1,LT,quantile,0.95,370.661959072661
2026-08-12,ARI incidence,2026-08-09,1,LT,quantile,0.975,402.026235666316
2026-08-12,ARI incidence,2026-08-09,1,LT,quantile,0.99,440.98316839597
2026-08-12,ARI incidence,2026-08-16,2,LT,median,,249.523662573726
2026-08-12,ARI incidence,2026-08-16,2,LT,quantile,0.01,55.202332017346
2026-08-12,ARI incidence,2026-08-16,2,LT,quantile,0.025,78.4815027214879
2026-08-12,ARI incidence,2026-08-16,2,LT,quantile,0.05,98.7485682294433
2026-08-12,ARI incidence,2026-08-16,2,LT,quantile,0.1,127.305097138377
2026-08-12,ARI incidence,2026-08-16,2,LT,quantile,0.15,146.994822914748
2026-08-12,ARI incidence,2026-08-16,2,LT,quantile,0.2,164.353752209584
2026-08-12,ARI incidence,2026-08-16,2,LT,quantile,0.25,179.891287974904
2026-08-12,ARI incidence,2026-08-16,2,LT,quantile,0.3,194.110684689302
2026-08-12,ARI incidence,2026-08-16,2,LT,quantile,0.35,207.872703673288
2026-08-12,ARI incidence,2026-08-16,2,LT,quantile,0.4,222.063536791128
2026-08-12,ARI incidence,2026-08-16,2,LT,quantile,0.45,235.250846022809
2026-08-12,ARI incidence,2026-08-16,2,LT,quantile,0.5,249.521762323749
2026-08-12,ARI incidence,2026-08-16,2,LT,quantile,0.55,263.501181848467
2026-08-12,ARI incidence,2026-08-16,2,LT,quantile,0.6,276.70063263488
2026-08-12,ARI incidence,2026-08-16,2,LT,quantile,0.65,292.344873266276
2026-08-12,ARI incidence,2026-08-16,2,LT,quantile,0.7,310.002015378157
2026-08-12,ARI incidence,2026-08-16,2,LT,quantile,0.75,329.582549782568
2026-08-12,ARI incidence,2026-08-16,2,LT,quantile,0.8,351.389756496984
2026-08-12,ARI incidence,2026-08-16,2,LT,quantile,0.85,379.076280600121
2026-08-12,ARI incidence,2026-08-16,2,LT,quantile,0.9,412.699035831835
2026-08-12,ARI incidence,2026-08-16,2,LT,quantile,0.95,470.945275662439
2026-08-12,ARI incidence,2026-08-16,2,LT,quantile,0.975,519.589607508285
2026-08-12,ARI incidence,2026-08-16,2,LT,quantile,0.99,584.897676811284
2026-08-12,ARI incidence,2026-08-23,3,LT,median,,271.997689680396
2026-08-12,ARI incidence,2026-08-23,3,LT,quantile,0.01,46.519315339661
2026-08-12,ARI incidence,2026-08-23,3,LT,quantile,0.025,68.8633339212602
2026-08-12,ARI incidence,2026-08-23,3,LT,quantile,0.05,90.7116938149323
2026-08-12,ARI incidence,2026-08-23,3,LT,quantile,0.1,122.889330506609
2026-08-12,ARI incidence,2026-08-23,3,LT,quantile,0.15,146.610183751387
2026-08-12,ARI incidence,2026-08-23,3,LT,quantile,0.2,167.113829701216
2026-08-12,ARI incidence,2026-08-23,3,LT,quantile,0.25,185.005958475223
2026-08-12,ARI incidence,2026-08-23,3,LT,quantile,0.3,202.666169639016
2026-08-12,ARI incidence,2026-08-23,3,LT,quantile,0.35,220.642739520348
2026-08-12,ARI incidence,2026-08-23,3,LT,quantile,0.4,236.967021585544
2026-08-12,ARI incidence,2026-08-23,3,LT,quantile,0.45,254.623767316436
2026-08-12,ARI incidence,2026-08-23,3,LT,quantile,0.5,271.253245083248
2026-08-12,ARI incidence,2026-08-23,3,LT,quantile,0.55,288.005027821668
2026-08-12,ARI incidence,2026-08-23,3,LT,quantile,0.6,304.908866230017
2026-08-12,ARI incidence,2026-08-23,3,LT,quantile,0.65,325.88088550028
2026-08-12,ARI incidence,2026-08-23,3,LT,quantile,0.7,347.82488611498
2026-08-12,ARI incidence,2026-08-23,3,LT,quantile,0.75,370.789727054642
2026-08-12,ARI incidence,2026-08-23,3,LT,quantile,0.8,399.777887899417
2026-08-12,ARI incidence,2026-08-23,3,LT,quantile,0.85,434.757337339097
2026-08-12,ARI incidence,2026-08-23,3,LT,quantile,0.9,482.222987620713
2026-08-12,ARI incidence,2026-08-23,3,LT,quantile,0.95,552.129821797498
2026-08-12,ARI incidence,2026-08-23,3,LT,quantile,0.975,616.301067518941
2026-08-12,ARI incidence,2026-08-23,3,LT,quantile,0.99,694.390207253356
2026-08-12,ARI incidence,2026-08-30,4,LT,median,,293.746012365192
2026-08-12,ARI incidence,2026-08-30,4,LT,quantile,0.01,41.8466087064096
2026-08-12,ARI incidence,2026-08-30,4,LT,quantile,0.025,62.9354688529623
2026-08-12,ARI incidence,2026-08-30,4,LT,quantile,0.05,89.8363645844705
2026-08-12,ARI incidence,2026-08-30,4,LT,quantile,0.1,123.747469483227
2026-08-12,ARI incidence,2026-08-30,4,LT,quantile,0.15,151.235410770243
2026-08-12,ARI incidence,2026-08-30,4,LT,quantile,0.2,173.506220484749
2026-08-12,ARI incidence,2026-08-30,4,LT,quantile,0.25,194.527053997066
2026-08-12,ARI incidence,2026-08-30,4,LT,quantile,0.3,213.798752909796
2026-08-12,ARI incidence,2026-08-30,4,LT,quantile,0.35,232.048310622667
2026-08-12,ARI incidence,2026-08-30,4,LT,quantile,0.4,251.539458365467
2026-08-12,ARI incidence,2026-08-30,4,LT,quantile,0.45,271.077868142183
2026-08-12,ARI incidence,2026-08-30,4,LT,quantile,0.5,290.54546531548
2026-08-12,ARI incidence,2026-08-30,4,LT,quantile,0.55,310.779377548903
2026-08-12,ARI incidence,2026-08-30,4,LT,quantile,0.6,333.326959092701
2026-08-12,ARI incidence,2026-08-30,4,LT,quantile,0.65,354.806079093877
2026-08-12,ARI incidence,2026-08-30,4,LT,quantile,0.7,381.893010798728
2026-08-12,ARI incidence,2026-08-30,4,LT,quantile,0.75,411.073418681337
2026-08-12,ARI incidence,2026-08-30,4,LT,quantile,0.8,444.95631621525
2026-08-12,ARI incidence,2026-08-30,4,LT,quantile,0.85,483.027620498884
2026-08-12,ARI incidence,2026-08-30,4,LT,quantile,0.9,535.985399555269
2026-08-12,ARI incidence,2026-08-30,4,LT,quantile,0.95,618.272243348532
2026-08-12,ARI incidence,2026-08-30,4,LT,quantile,0.975,691.983207638844
2026-08-12,ARI incidence,2026-08-30,4,LT,quantile,0.99,793.852559202527
2026-08-12,ARI incidence,2026-08-09,1,LU,median,,4519.12368378675
2026-08-12,ARI incidence,2026-08-09,1,LU,quantile,0.01,672.601423851779
2026-08-12,ARI incidence,2026-08-09,1,LU,quantile,0.025,1057.56247461108
2026-08-12,ARI incidence,2026-08-09,1,LU,quantile,0.05,1451.69401570729
2026-08-12,ARI incidence,2026-08-09,1,LU,quantile,0.1,1979.90042122748
2026-08-12,ARI incidence,2026-08-09,1,LU,quantile,0.15,2384.44983744073
2026-08-12,ARI incidence,2026-08-09,1,LU,quantile,0.2,2734.33014700636
2026-08-12,ARI incidence,2026-08-09,1,LU,quantile,0.25,3042.52673950696
2026-08-12,ARI incidence,2026-08-09,1,LU,quantile,0.3,3341.03268557315
2026-08-12,ARI incidence,2026-08-09,1,LU,quantile,0.35,3658.34195404922
2026-08-12,ARI incidence,2026-08-09,1,LU,quantile,0.4,3925.49131664755
2026-08-12,ARI incidence,2026-08-09,1,LU,quantile,0.45,4229.19213124607
2026-08-12,ARI incidence,2026-08-09,1,LU,quantile,0.5,4514.31652685662
2026-08-12,ARI incidence,2026-08-09,1,LU,quantile,0.55,4826.23731802834
2026-08-12,ARI incidence,2026-08-09,1,LU,quantile,0.6,5139.95752386301
2026-08-12,ARI incidence,2026-08-09,1,LU,quantile,0.65,5494.69754181177
2026-08-12,ARI incidence,2026-08-09,1,LU,quantile,0.7,5882.46343723386
2026-08-12,ARI incidence,2026-08-09,1,LU,quantile,0.75,6291.62193568467
2026-08-12,ARI incidence,2026-08-09,1,LU,quantile,0.8,6747.40278753063
2026-08-12,ARI incidence,2026-08-09,1,LU,quantile,0.85,7339.5601166228
2026-08-12,ARI incidence,2026-08-09,1,LU,quantile,0.9,8111.71647063703
2026-08-12,ARI incidence,2026-08-09,1,LU,quantile,0.95,9329.52357738794
2026-08-12,ARI incidence,2026-08-09,1,LU,quantile,0.975,10395.7960108494
2026-08-12,ARI incidence,2026-08-09,1,LU,quantile,0.99,11677.2736021075
2026-08-12,ARI incidence,2026-08-16,2,LU,median,,5064.54409597222
2026-08-12,ARI incidence,2026-08-16,2,LU,quantile,0.01,647.556428586977
2026-08-12,ARI incidence,2026-08-16,2,LU,quantile,0.025,1064.97056093891
2026-08-12,ARI incidence,2026-08-16,2,LU,quantile,0.05,1505.02296645104
2026-08-12,ARI incidence,2026-08-16,2,LU,quantile,0.1,2104.17746446707
2026-08-12,ARI incidence,2026-08-16,2,LU,quantile,0.15,2557.92676861556
2026-08-12,ARI incidence,2026-08-16,2,LU,quantile,0.2,2976.20634877712
2026-08-12,ARI incidence,2026-08-16,2,LU,quantile,0.25,3340.79156029861
2026-08-12,ARI incidence,2026-08-16,2,LU,quantile,0.3,3691.79929170838
2026-08-12,ARI incidence,2026-08-16,2,LU,quantile,0.35,4031.56906433852
2026-08-12,ARI incidence,2026-08-16,2,LU,quantile,0.4,4368.27728763168
2026-08-12,ARI incidence,2026-08-16,2,LU,quantile,0.45,4710.40367452189
2026-08-12,ARI incidence,2026-08-16,2,LU,quantile,0.5,5089.28521297119
2026-08-12,ARI incidence,2026-08-16,2,LU,quantile,0.55,5473.89609278616
2026-08-12,ARI incidence,2026-08-16,2,LU,quantile,0.6,5866.17840064881
2026-08-12,ARI incidence,2026-08-16,2,LU,quantile,0.65,6245.52196250595
2026-08-12,ARI incidence,2026-08-16,2,LU,quantile,0.7,6698.88494379762
2026-08-12,ARI incidence,2026-08-16,2,LU,quantile,0.75,7205.78271349334
2026-08-12,ARI incidence,2026-08-16,2,LU,quantile,0.8,7798.5545026979
2026-08-12,ARI incidence,2026-08-16,2,LU,quantile,0.85,8439.48480209593
2026-08-12,ARI incidence,2026-08-16,2,LU,quantile,0.9,9418.40709778366
2026-08-12,ARI incidence,2026-08-16,2,LU,quantile,0.95,10746.5546342156
2026-08-12,ARI incidence,2026-08-16,2,LU,quantile,0.975,12031.2132523209
2026-08-12,ARI incidence,2026-08-16,2,LU,quantile,0.99,13913.6689619115
2026-08-12,ARI incidence,2026-08-23,3,LU,median,,5571.54045979818
2026-08-12,ARI incidence,2026-08-23,3,LU,quantile,0.01,668.647350250237
2026-08-12,ARI incidence,2026-08-23,3,LU,quantile,0.025,1065.0154888409
2026-08-12,ARI incidence,2026-08-23,3,LU,quantile,0.05,1565.22944398035
2026-08-12,ARI incidence,2026-08-23,3,LU,quantile,0.1,2298.6750726825
2026-08-12,ARI incidence,2026-08-23,3,LU,quantile,0.15,2816.03618363568
2026-08-12,ARI incidence,2026-08-23,3,LU,quantile,0.2,3289.11524309755
2026-08-12,ARI incidence,2026-08-23,3,LU,quantile,0.25,3685.08491791837
2026-08-12,ARI incidence,2026-08-23,3,LU,quantile,0.3,4068.5489278936
2026-08-12,ARI incidence,2026-08-23,3,LU,quantile,0.35,4476.84953003367
2026-08-12,ARI incidence,2026-08-23,3,LU,quantile,0.4,4828.81169570554
2026-08-12,ARI incidence,2026-08-23,3,LU,quantile,0.45,5195.78111095598
2026-08-12,ARI incidence,2026-08-23,3,LU,quantile,0.5,5587.74357384958
2026-08-12,ARI incidence,2026-08-23,3,LU,quantile,0.55,5999.62038303449
2026-08-12,ARI incidence,2026-08-23,3,LU,quantile,0.6,6438.81630075958
2026-08-12,ARI incidence,2026-08-23,3,LU,quantile,0.65,6896.97945428422
2026-08-12,ARI incidence,2026-08-23,3,LU,quantile,0.7,7367.65187006644
2026-08-12,ARI incidence,2026-08-23,3,LU,quantile,0.75,7934.28895251669
2026-08-12,ARI incidence,2026-08-23,3,LU,quantile,0.8,8553.19436828288
2026-08-12,ARI incidence,2026-08-23,3,LU,quantile,0.85,9377.48220369581
2026-08-12,ARI incidence,2026-08-23,3,LU,quantile,0.9,10354.5651170167
2026-08-12,ARI incidence,2026-08-23,3,LU,quantile,0.95,11964.6980777913
2026-08-12,ARI incidence,2026-08-23,3,LU,quantile,0.975,13512.8597758626
2026-08-12,ARI incidence,2026-08-23,3,LU,quantile,0.99,15473.4030656703
2026-08-12,ARI incidence,2026-08-30,4,LU,median,,6038.92029006567
2026-08-12,ARI incidence,2026-08-30,4,LU,quantile,0.01,677.163286106813
2026-08-12,ARI incidence,2026-08-30,4,LU,quantile,0.025,1153.55286593039
2026-08-12,ARI incidence,2026-08-30,4,LU,quantile,0.05,1713.66273168207
2026-08-12,ARI incidence,2026-08-30,4,LU,quantile,0.1,2425.82951998318
2026-08-12,ARI incidence,2026-08-30,4,LU,quantile,0.15,3015.69570906713
2026-08-12,ARI incidence,2026-08-30,4,LU,quantile,0.2,3521.08168873964
2026-08-12,ARI incidence,2026-08-30,4,LU,quantile,0.25,3965.83103001812
2026-08-12,ARI incidence,2026-08-30,4,LU,quantile,0.3,4384.46336459436
2026-08-12,ARI incidence,2026-08-30,4,LU,quantile,0.35,4802.23104027738
2026-08-12,ARI incidence,2026-08-30,4,LU,quantile,0.4,5207.40408752697
2026-08-12,ARI incidence,2026-08-30,4,LU,quantile,0.45,5613.8805354848
2026-08-12,ARI incidence,2026-08-30,4,LU,quantile,0.5,6022.85912463084
2026-08-12,ARI incidence,2026-08-30,4,LU,quantile,0.55,6476.84365987627
2026-08-12,ARI incidence,2026-08-30,4,LU,quantile,0.6,6922.12850713525
2026-08-12,ARI incidence,2026-08-30,4,LU,quantile,0.65,7419.15955771886
2026-08-12,ARI incidence,2026-08-30,4,LU,quantile,0.7,8013.14426693431
2026-08-12,ARI incidence,2026-08-30,4,LU,quantile,0.75,8592.4536263607
2026-08-12,ARI incidence,2026-08-30,4,LU,quantile,0.8,9292.51145155242
2026-08-12,ARI incidence,2026-08-30,4,LU,quantile,0.85,10149.9323586382
2026-08-12,ARI incidence,2026-08-30,4,LU,quantile,0.9,11294.3870436522
2026-08-12,ARI incidence,2026-08-30,4,LU,quantile,0.95,12929.8679450125
2026-08-12,ARI incidence,2026-08-30,4,LU,quantile,0.975,14592.0193888125
2026-08-12,ARI incidence,2026-08-30,4,LU,quantile,0.99,16800.2607857612
2026-08-12,ARI incidence,2026-08-09,1,NL,median,,102.215638672068
2026-08-12,ARI incidence,2026-08-09,1,NL,quantile,0.01,83.1209623958972
2026-08-12,ARI incidence,2026-08-09,1,NL,quantile,0.025,86.0213146017947
2026-08-12,ARI incidence,2026-08-09,1,NL,quantile,0.05,88.4651972375608
2026-08-12,ARI incidence,2026-08-09,1,NL,quantile,0.1,91.3003344410202
2026-08-12,ARI incidence,2026-08-09,1,NL,quantile,0.15,93.3078211417366
2026-08-12,ARI incidence,2026-08-09,1,NL,quantile,0.2,94.924275144926
2026-08-12,ARI incidence,2026-08-09,1,NL,quantile,0.25,96.3943118996942
2026-08-12,ARI incidence,2026-08-09,1,NL,quantile,0.3,97.6942435367046
2026-08-12,ARI incidence,2026-08-09,1,NL,quantile,0.35,98.8483291697955
2026-08-12,ARI incidence,2026-08-09,1,NL,quantile,0.4,100.013800792079
2026-08-12,ARI incidence,2026-08-09,1,NL,quantile,0.45,101.115605342121
2026-08-12,ARI incidence,2026-08-09,1,NL,quantile,0.5,102.211006306816
2026-08-12,ARI incidence,2026-08-09,1,NL,quantile,0.55,103.23111309995
2026-08-12,ARI incidence,2026-08-09,1,NL,quantile,0.6,104.388366147244
2026-08-12,ARI incidence,2026-08-09,1,NL,quantile,0.65,105.502728741202
2026-08-12,ARI incidence,2026-08-09,1,NL,quantile,0.7,106.690300699079
2026-08-12,ARI incidence,2026-08-09,1,NL,quantile,0.75,107.993126754101
2026-08-12,ARI incidence,2026-08-09,1,NL,quantile,0.8,109.527599833266
2026-08-12,ARI incidence,2026-08-09,1,NL,quantile,0.85,111.214747292146
2026-08-12,ARI incidence,2026-08-09,1,NL,quantile,0.9,113.347113185488
2026-08-12,ARI incidence,2026-08-09,1,NL,quantile,0.95,116.455064995084
2026-08-12,ARI incidence,2026-08-09,1,NL,quantile,0.975,119.464130575036
2026-08-12,ARI incidence,2026-08-09,1,NL,quantile,0.99,123.088665807839
2026-08-12,ARI incidence,2026-08-16,2,NL,median,,101.055248433965
2026-08-12,ARI incidence,2026-08-16,2,NL,quantile,0.01,76.6587492666725
2026-08-12,ARI incidence,2026-08-16,2,NL,quantile,0.025,80.6755946439021
2026-08-12,ARI incidence,2026-08-16,2,NL,quantile,0.05,83.8503210579998
2026-08-12,ARI incidence,2026-08-16,2,NL,quantile,0.1,87.4213426531044
2026-08-12,ARI incidence,2026-08-16,2,NL,quantile,0.15,90.0002485975707
2026-08-12,ARI incidence,2026-08-16,2,NL,quantile,0.2,91.9661989478564
2026-08-12,ARI incidence,2026-08-16,2,NL,quantile,0.25,93.6251171254737
2026-08-12,ARI incidence,2026-08-16,2,NL,quantile,0.3,95.2090935405508
2026-08-12,ARI incidence,2026-08-16,2,NL,quantile,0.35,96.6927265402812
2026-08-12,ARI incidence,2026-08-16,2,NL,quantile,0.4,98.1902485579372
2026-08-12,ARI incidence,2026-08-16,2,NL,quantile,0.45,99.5855210428769
2026-08-12,ARI incidence,2026-08-16,2,NL,quantile,0.5,101.041142553784
2026-08-12,ARI incidence,2026-08-16,2,NL,quantile,0.55,102.440347972832
2026-08-12,ARI incidence,2026-08-16,2,NL,quantile,0.6,103.869757563837
2026-08-12,ARI incidence,2026-08-16,2,NL,quantile,0.65,105.304203682044
2026-08-12,ARI incidence,2026-08-16,2,NL,quantile,0.7,106.950864009924
2026-08-12,ARI incidence,2026-08-16,2,NL,quantile,0.75,108.685335599488
2026-08-12,ARI incidence,2026-08-16,2,NL,quantile,0.8,110.565680472652
2026-08-12,ARI incidence,2026-08-16,2,NL,quantile,0.85,112.706625745792
2026-08-12,ARI incidence,2026-08-16,2,NL,quantile,0.9,115.588054141024
2026-08-12,ARI incidence,2026-08-16,2,NL,quantile,0.95,119.690381812948
2026-08-12,ARI incidence,2026-08-16,2,NL,quantile,0.975,123.600230190305
2026-08-12,ARI incidence,2026-08-16,2,NL,quantile,0.99,127.813581474724
2026-08-12,ARI incidence,2026-08-23,3,NL,median,,98.6275175832416
2026-08-12,ARI incidence,2026-08-23,3,NL,quantile,0.01,70.1577745876467
2026-08-12,ARI incidence,2026-08-23,3,NL,quantile,0.025,74.6071219945397
2026-08-12,ARI incidence,2026-08-23,3,NL,quantile,0.05,78.2503132760042
2026-08-12,ARI incidence,2026-08-23,3,NL,quantile,0.1,82.3689314049055
2026-08-12,ARI incidence,2026-08-23,3,NL,quantile,0.15,85.2377807942486
2026-08-12,ARI incidence,2026-08-23,3,NL,quantile,0.2,87.7299829148357
2026-08-12,ARI incidence,2026-08-23,3,NL,quantile,0.25,89.7478492182575
2026-08-12,ARI incidence,2026-08-23,3,NL,quantile,0.3,91.7928325032745
2026-08-12,ARI incidence,2026-08-23,3,NL,quantile,0.35,93.3489394003036
2026-08-12,ARI incidence,2026-08-23,3,NL,quantile,0.4,94.9677775850121
2026-08-12,ARI incidence,2026-08-23,3,NL,quantile,0.45,96.6860110862403
2026-08-12,ARI incidence,2026-08-23,3,NL,quantile,0.5,98.4402016680295
2026-08-12,ARI incidence,2026-08-23,3,NL,quantile,0.55,100.10814586469
2026-08-12,ARI incidence,2026-08-23,3,NL,quantile,0.6,101.900216522564
2026-08-12,ARI incidence,2026-08-23,3,NL,quantile,0.65,103.659896605904
2026-08-12,ARI incidence,2026-08-23,3,NL,quantile,0.7,105.691542573763
2026-08-12,ARI incidence,2026-08-23,3,NL,quantile,0.75,107.878473586669
2026-08-12,ARI incidence,2026-08-23,3,NL,quantile,0.8,110.215725343403
2026-08-12,ARI incidence,2026-08-23,3,NL,quantile,0.85,113.009635217064
2026-08-12,ARI incidence,2026-08-23,3,NL,quantile,0.9,116.213661550813
2026-08-12,ARI incidence,2026-08-23,3,NL,quantile,0.95,121.697465858529
2026-08-12,ARI incidence,2026-08-23,3,NL,quantile,0.975,126.627124856408
2026-08-12,ARI incidence,2026-08-23,3,NL,quantile,0.99,131.556384782328
2026-08-12,ARI incidence,2026-08-30,4,NL,median,,96.749752733093
2026-08-12,ARI incidence,2026-08-30,4,NL,quantile,0.01,62.3167248047144
2026-08-12,ARI incidence,2026-08-30,4,NL,quantile,0.025,67.2480457913653
2026-08-12,ARI incidence,2026-08-30,4,NL,quantile,0.05,71.4752321305483
2026-08-12,ARI incidence,2026-08-30,4,NL,quantile,0.1,76.871914658228
2026-08-12,ARI incidence,2026-08-30,4,NL,quantile,0.15,80.546096809023
2026-08-12,ARI incidence,2026-08-30,4,NL,quantile,0.2,83.4769247688629
2026-08-12,ARI incidence,2026-08-30,4,NL,quantile,0.25,86.0218345840654
2026-08-12,ARI incidence,2026-08-30,4,NL,quantile,0.3,88.3070762941909
2026-08-12,ARI incidence,2026-08-30,4,NL,quantile,0.35,90.3055764203352
2026-08-12,ARI incidence,2026-08-30,4,NL,quantile,0.4,92.5255199843334
2026-08-12,ARI incidence,2026-08-30,4,NL,quantile,0.45,94.5438559306092
2026-08-12,ARI incidence,2026-08-30,4,NL,quantile,0.5,96.476499622203
2026-08-12,ARI incidence,2026-08-30,4,NL,quantile,0.55,98.5629570229789
2026-08-12,ARI incidence,2026-08-30,4,NL,quantile,0.6,100.639120788964
2026-08-12,ARI incidence,2026-08-30,4,NL,quantile,0.65,103.090840286104
2026-08-12,ARI incidence,2026-08-30,4,NL,quantile,0.7,105.461077897416
2026-08-12,ARI incidence,2026-08-30,4,NL,quantile,0.75,108.18028351688601
2026-08-12,ARI incidence,2026-08-30,4,NL,quantile,0.8,111.031691292711
2026-08-12,ARI incidence,2026-08-30,4,NL,quantile,0.85,114.407771367638
2026-08-12,ARI incidence,2026-08-30,4,NL,quantile,0.9,119.153685482762
2026-08-12,ARI incidence,2026-08-30,4,NL,quantile,0.95,125.939787521426
2026-08-12,ARI incidence,2026-08-30,4,NL,quantile,0.975,132.11370747827
2026-08-12,ARI incidence,2026-08-30,4,NL,quantile,0.99,138.665349878737
2026-08-12,ARI incidence,2026-08-09,1,RO,median,,420.651236862755
2026-08-12,ARI incidence,2026-08-09,1,RO,quantile,0.01,217.508063952182
2026-08-12,ARI incidence,2026-08-09,1,RO,quantile,0.025,245.150965498625
2026-08-12,ARI incidence,2026-08-09,1,RO,quantile,0.05,268.988118467597
2026-08-12,ARI incidence,2026-08-09,1,RO,quantile,0.1,300.466615954313
2026-08-12,ARI incidence,2026-08-09,1,RO,quantile,0.15,322.018804626772
2026-08-12,ARI incidence,2026-08-09,1,RO,quantile,0.2,339.844353234664
2026-08-12,ARI incidence,2026-08-09,1,RO,quantile,0.25,354.480197607299
2026-08-12,ARI incidence,2026-08-09,1,RO,quantile,0.3,367.640698497895
2026-08-12,ARI incidence,2026-08-09,1,RO,quantile,0.35,380.668411096786
2026-08-12,ARI incidence,2026-08-09,1,RO,quantile,0.4,393.026122498739
2026-08-12,ARI incidence,2026-08-09,1,RO,quantile,0.45,405.45990968849
2026-08-12,ARI incidence,2026-08-09,1,RO,quantile,0.5,417.855062556869
2026-08-12,ARI incidence,2026-08-09,1,RO,quantile,0.55,430.71593026798803
2026-08-12,ARI incidence,2026-08-09,1,RO,quantile,0.6,443.375766477813
2026-08-12,ARI incidence,2026-08-09,1,RO,quantile,0.65,457.224617614179
2026-08-12,ARI incidence,2026-08-09,1,RO,quantile,0.7,471.927086933408
2026-08-12,ARI incidence,2026-08-09,1,RO,quantile,0.75,487.033166159805
2026-08-12,ARI incidence,2026-08-09,1,RO,quantile,0.8,506.361562585461
2026-08-12,ARI incidence,2026-08-09,1,RO,quantile,0.85,529.241080344577
2026-08-12,ARI incidence,2026-08-09,1,RO,quantile,0.9,560.611216395105
2026-08-12,ARI incidence,2026-08-09,1,RO,quantile,0.95,606.213237356894
2026-08-12,ARI incidence,2026-08-09,1,RO,quantile,0.975,644.541652919926
2026-08-12,ARI incidence,2026-08-09,1,RO,quantile,0.99,691.646725785985
2026-08-12,ARI incidence,2026-08-16,2,RO,median,,460.750527666921
2026-08-12,ARI incidence,2026-08-16,2,RO,quantile,0.01,184.730907944893
2026-08-12,ARI incidence,2026-08-16,2,RO,quantile,0.025,220.759265495184
2026-08-12,ARI incidence,2026-08-16,2,RO,quantile,0.05,253.990225476711
2026-08-12,ARI incidence,2026-08-16,2,RO,quantile,0.1,292.771188042785
2026-08-12,ARI incidence,2026-08-16,2,RO,quantile,0.15,321.641549324772
2026-08-12,ARI incidence,2026-08-16,2,RO,quantile,0.2,344.549675511568
2026-08-12,ARI incidence,2026-08-16,2,RO,quantile,0.25,366.100893613428
2026-08-12,ARI incidence,2026-08-16,2,RO,quantile,0.3,387.065873265356
2026-08-12,ARI incidence,2026-08-16,2,RO,quantile,0.35,405.028824581944
2026-08-12,ARI incidence,2026-08-16,2,RO,quantile,0.4,423.832175722254
2026-08-12,ARI incidence,2026-08-16,2,RO,quantile,0.45,441.035282041702
2026-08-12,ARI incidence,2026-08-16,2,RO,quantile,0.5,459.568024359265
2026-08-12,ARI incidence,2026-08-16,2,RO,quantile,0.55,478.550851454539
2026-08-12,ARI incidence,2026-08-16,2,RO,quantile,0.6,497.069678242078
2026-08-12,ARI incidence,2026-08-16,2,RO,quantile,0.65,517.392898341536
2026-08-12,ARI incidence,2026-08-16,2,RO,quantile,0.7,538.204298055499
2026-08-12,ARI incidence,2026-08-16,2,RO,quantile,0.75,562.413094207059
2026-08-12,ARI incidence,2026-08-16,2,RO,quantile,0.8,589.420639867672
2026-08-12,ARI incidence,2026-08-16,2,RO,quantile,0.85,622.521438964101
2026-08-12,ARI incidence,2026-08-16,2,RO,quantile,0.9,667.921696207779
2026-08-12,ARI incidence,2026-08-16,2,RO,quantile,0.95,730.904516756923
2026-08-12,ARI incidence,2026-08-16,2,RO,quantile,0.975,798.032339523826
2026-08-12,ARI incidence,2026-08-16,2,RO,quantile,0.99,864.495103705316
2026-08-12,ARI incidence,2026-08-23,3,RO,median,,487.977409133751
2026-08-12,ARI incidence,2026-08-23,3,RO,quantile,0.01,177.644830984655
2026-08-12,ARI incidence,2026-08-23,3,RO,quantile,0.025,219.491592438123
2026-08-12,ARI incidence,2026-08-23,3,RO,quantile,0.05,254.616628998366
2026-08-12,ARI incidence,2026-08-23,3,RO,quantile,0.1,296.482585172368
2026-08-12,ARI incidence,2026-08-23,3,RO,quantile,0.15,328.091980230185
2026-08-12,ARI incidence,2026-08-23,3,RO,quantile,0.2,355.613782230779
2026-08-12,ARI incidence,2026-08-23,3,RO,quantile,0.25,380.180075117173
2026-08-12,ARI incidence,2026-08-23,3,RO,quantile,0.3,402.039403173348
2026-08-12,ARI incidence,2026-08-23,3,RO,quantile,0.35,424.468647237848
2026-08-12,ARI incidence,2026-08-23,3,RO,quantile,0.4,444.620856526853
2026-08-12,ARI incidence,2026-08-23,3,RO,quantile,0.45,465.72642317472
2026-08-12,ARI incidence,2026-08-23,3,RO,quantile,0.5,487.444166126281
2026-08-12,ARI incidence,2026-08-23,3,RO,quantile,0.55,509.067398714998
2026-08-12,ARI incidence,2026-08-23,3,RO,quantile,0.6,528.887093313938
2026-08-12,ARI incidence,2026-08-23,3,RO,quantile,0.65,551.087475154812
2026-08-12,ARI incidence,2026-08-23,3,RO,quantile,0.7,576.87941530301
2026-08-12,ARI incidence,2026-08-23,3,RO,quantile,0.75,604.539788235448
2026-08-12,ARI incidence,2026-08-23,3,RO,quantile,0.8,637.251440836793
2026-08-12,ARI incidence,2026-08-23,3,RO,quantile,0.85,675.242016297143
2026-08-12,ARI incidence,2026-08-23,3,RO,quantile,0.9,722.49306182496
2026-08-12,ARI incidence,2026-08-23,3,RO,quantile,0.95,793.506423982239
2026-08-12,ARI incidence,2026-08-23,3,RO,quantile,0.975,863.372152447206
2026-08-12,ARI incidence,2026-08-23,3,RO,quantile,0.99,953.816366697653
2026-08-12,ARI incidence,2026-08-30,4,RO,median,,507.235192096152
2026-08-12,ARI incidence,2026-08-30,4,RO,quantile,0.01,172.070362132839
2026-08-12,ARI incidence,2026-08-30,4,RO,quantile,0.025,211.371084436288
2026-08-12,ARI incidence,2026-08-30,4,RO,quantile,0.05,251.404642043342
2026-08-12,ARI incidence,2026-08-30,4,RO,quantile,0.1,299.325926751147
2026-08-12,ARI incidence,2026-08-30,4,RO,quantile,0.15,333.981680565143
2026-08-12,ARI incidence,2026-08-30,4,RO,quantile,0.2,365.157592909972
2026-08-12,ARI incidence,2026-08-30,4,RO,quantile,0.25,390.808641313853
2026-08-12,ARI incidence,2026-08-30,4,RO,quantile,0.3,414.916422644243
2026-08-12,ARI incidence,2026-08-30,4,RO,quantile,0.35,437.500363823651
2026-08-12,ARI incidence,2026-08-30,4,RO,quantile,0.4,456.922597988454
2026-08-12,ARI incidence,2026-08-30,4,RO,quantile,0.45,479.45421794765
2026-08-12,ARI incidence,2026-08-30,4,RO,quantile,0.5,500.141760261683
2026-08-12,ARI incidence,2026-08-30,4,RO,quantile,0.55,524.249733506703
2026-08-12,ARI incidence,2026-08-30,4,RO,quantile,0.6,548.345428916061
2026-08-12,ARI incidence,2026-08-30,4,RO,quantile,0.65,575.890147709039
2026-08-12,ARI incidence,2026-08-30,4,RO,quantile,0.7,603.114702573352
2026-08-12,ARI incidence,2026-08-30,4,RO,quantile,0.75,629.338141093662
2026-08-12,ARI incidence,2026-08-30,4,RO,quantile,0.8,664.778029023902
2026-08-12,ARI incidence,2026-08-30,4,RO,quantile,0.85,708.913754250611
2026-08-12,ARI incidence,2026-08-30,4,RO,quantile,0.9,765.016204447479
2026-08-12,ARI incidence,2026-08-30,4,RO,quantile,0.95,847.457362179407
2026-08-12,ARI incidence,2026-08-30,4,RO,quantile,0.975,922.277689331436
2026-08-12,ARI incidence,2026-08-30,4,RO,quantile,0.99,1005.20543819123
2026-08-12,ARI incidence,2026-08-09,1,SI,median,,291.343812548423
2026-08-12,ARI incidence,2026-08-09,1,SI,quantile,0.01,70.2875833986564
2026-08-12,ARI incidence,2026-08-09,1,SI,quantile,0.025,94.2238656008914
2026-08-12,ARI incidence,2026-08-09,1,SI,quantile,0.05,118.720363351908
2026-08-12,ARI incidence,2026-08-09,1,SI,quantile,0.1,150.210630787402
2026-08-12,ARI incidence,2026-08-09,1,SI,quantile,0.15,173.230567833677
2026-08-12,ARI incidence,2026-08-09,1,SI,quantile,0.2,192.467255099603
2026-08-12,ARI incidence,2026-08-09,1,SI,quantile,0.25,210.126228876934
2026-08-12,ARI incidence,2026-08-09,1,SI,quantile,0.3,226.516806059995
2026-08-12,ARI incidence,2026-08-09,1,SI,quantile,0.35,243.102690330036
2026-08-12,ARI incidence,2026-08-09,1,SI,quantile,0.4,259.114339302484
2026-08-12,ARI incidence,2026-08-09,1,SI,quantile,0.45,275.144422578046
2026-08-12,ARI incidence,2026-08-09,1,SI,quantile,0.5,290.58346984552
2026-08-12,ARI incidence,2026-08-09,1,SI,quantile,0.55,306.629070363278
2026-08-12,ARI incidence,2026-08-09,1,SI,quantile,0.6,324.125543410436
2026-08-12,ARI incidence,2026-08-09,1,SI,quantile,0.65,341.483959232719
2026-08-12,ARI incidence,2026-08-09,1,SI,quantile,0.7,361.930408239138
2026-08-12,ARI incidence,2026-08-09,1,SI,quantile,0.75,384.348424187466
2026-08-12,ARI incidence,2026-08-09,1,SI,quantile,0.8,409.069646210115
2026-08-12,ARI incidence,2026-08-09,1,SI,quantile,0.85,439.67007630404
2026-08-12,ARI incidence,2026-08-09,1,SI,quantile,0.9,480.680305452523
2026-08-12,ARI incidence,2026-08-09,1,SI,quantile,0.95,541.965854482154
2026-08-12,ARI incidence,2026-08-09,1,SI,quantile,0.975,595.021736380881
2026-08-12,ARI incidence,2026-08-09,1,SI,quantile,0.99,663.992404586073
2026-08-12,ARI incidence,2026-08-16,2,SI,median,,295.302545007361
2026-08-12,ARI incidence,2026-08-16,2,SI,quantile,0.01,27.1664024815636
2026-08-12,ARI incidence,2026-08-16,2,SI,quantile,0.025,51.2966045206703
2026-08-12,ARI incidence,2026-08-16,2,SI,quantile,0.05,76.4158425876468
2026-08-12,ARI incidence,2026-08-16,2,SI,quantile,0.1,111.205796673406
2026-08-12,ARI incidence,2026-08-16,2,SI,quantile,0.15,139.299140142388
2026-08-12,ARI incidence,2026-08-16,2,SI,quantile,0.2,163.932628100101
2026-08-12,ARI incidence,2026-08-16,2,SI,quantile,0.25,186.781585646636
2026-08-12,ARI incidence,2026-08-16,2,SI,quantile,0.3,208.256987816842
2026-08-12,ARI incidence,2026-08-16,2,SI,quantile,0.35,229.632642497418
2026-08-12,ARI incidence,2026-08-16,2,SI,quantile,0.4,250.945564755366
2026-08-12,ARI incidence,2026-08-16,2,SI,quantile,0.45,272.593944535884
2026-08-12,ARI incidence,2026-08-16,2,SI,quantile,0.5,294.803788621689
2026-08-12,ARI incidence,2026-08-16,2,SI,quantile,0.55,318.072557319226
2026-08-12,ARI incidence,2026-08-16,2,SI,quantile,0.6,342.224055039459
2026-08-12,ARI incidence,2026-08-16,2,SI,quantile,0.65,366.954956476483
2026-08-12,ARI incidence,2026-08-16,2,SI,quantile,0.7,395.264026890118
2026-08-12,ARI incidence,2026-08-16,2,SI,quantile,0.75,424.909390844186
2026-08-12,ARI incidence,2026-08-16,2,SI,quantile,0.8,461.902383920671
2026-08-12,ARI incidence,2026-08-16,2,SI,quantile,0.85,507.023958482258
2026-08-12,ARI incidence,2026-08-16,2,SI,quantile,0.9,564.170864829393
2026-08-12,ARI incidence,2026-08-16,2,SI,quantile,0.95,657.85541127015
2026-08-12,ARI incidence,2026-08-16,2,SI,quantile,0.975,742.225593946219
2026-08-12,ARI incidence,2026-08-16,2,SI,quantile,0.99,847.201751185492
2026-08-12,ARI incidence,2026-08-23,3,SI,median,,304.751097796753
2026-08-12,ARI incidence,2026-08-23,3,SI,quantile,0.01,9.01326197170975
2026-08-12,ARI incidence,2026-08-23,3,SI,quantile,0.025,26.0654687229728
2026-08-12,ARI incidence,2026-08-23,3,SI,quantile,0.05,48.5008417360543
2026-08-12,ARI incidence,2026-08-23,3,SI,quantile,0.1,85.3179386090851
2026-08-12,ARI incidence,2026-08-23,3,SI,quantile,0.15,117.265722049528
2026-08-12,ARI incidence,2026-08-23,3,SI,quantile,0.2,144.571091008457
2026-08-12,ARI incidence,2026-08-23,3,SI,quantile,0.25,170.971174234372
2026-08-12,ARI incidence,2026-08-23,3,SI,quantile,0.3,197.828086201982
2026-08-12,ARI incidence,2026-08-23,3,SI,quantile,0.35,223.257830217856
2026-08-12,ARI incidence,2026-08-23,3,SI,quantile,0.4,250.857249349223
2026-08-12,ARI incidence,2026-08-23,3,SI,quantile,0.45,278.2595663278
2026-08-12,ARI incidence,2026-08-23,3,SI,quantile,0.5,305.385389574656
2026-08-12,ARI incidence,2026-08-23,3,SI,quantile,0.55,333.667492944036
2026-08-12,ARI incidence,2026-08-23,3,SI,quantile,0.6,363.685322571069
2026-08-12,ARI incidence,2026-08-23,3,SI,quantile,0.65,396.410655246494
2026-08-12,ARI incidence,2026-08-23,3,SI,quantile,0.7,431.918132265713
2026-08-12,ARI incidence,2026-08-23,3,SI,quantile,0.75,469.527572943277
2026-08-12,ARI incidence,2026-08-23,3,SI,quantile,0.8,518.107771390937
2026-08-12,ARI incidence,2026-08-23,3,SI,quantile,0.85,577.420552932394
2026-08-12,ARI incidence,2026-08-23,3,SI,quantile,0.9,652.363832110293
2026-08-12,ARI incidence,2026-08-23,3,SI,quantile,0.95,772.998426009982
2026-08-12,ARI incidence,2026-08-23,3,SI,quantile,0.975,873.476666553378
2026-08-12,ARI incidence,2026-08-23,3,SI,quantile,0.99,1019.46056434212
2026-08-12,ARI incidence,2026-08-30,4,SI,median,,315.958479992416
2026-08-12,ARI incidence,2026-08-30,4,SI,quantile,0.01,4.28073759401755
2026-08-12,ARI incidence,2026-08-30,4,SI,quantile,0.025,14.5052168709543
2026-08-12,ARI incidence,2026-08-30,4,SI,quantile,0.05,36.6679954948928
2026-08-12,ARI incidence,2026-08-30,4,SI,quantile,0.1,73.7576241636194
2026-08-12,ARI incidence,2026-08-30,4,SI,quantile,0.15,107.517428201129
2026-08-12,ARI incidence,2026-08-30,4,SI,quantile,0.2,137.564665780283
2026-08-12,ARI incidence,2026-08-30,4,SI,quantile,0.25,168.546149112875
2026-08-12,ARI incidence,2026-08-30,4,SI,quantile,0.3,197.80418613939
2026-08-12,ARI incidence,2026-08-30,4,SI,quantile,0.35,227.630956162834
2026-08-12,ARI incidence,2026-08-30,4,SI,quantile,0.4,255.653542804911
2026-08-12,ARI incidence,2026-08-30,4,SI,quantile,0.45,286.830369555697
2026-08-12,ARI incidence,2026-08-30,4,SI,quantile,0.5,319.150997668805
2026-08-12,ARI incidence,2026-08-30,4,SI,quantile,0.55,351.140197230921
2026-08-12,ARI incidence,2026-08-30,4,SI,quantile,0.6,385.585722892994
2026-08-12,ARI incidence,2026-08-30,4,SI,quantile,0.65,422.401268179371
2026-08-12,ARI incidence,2026-08-30,4,SI,quantile,0.7,460.550031833334
2026-08-12,ARI incidence,2026-08-30,4,SI,quantile,0.75,510.032707134534
2026-08-12,ARI incidence,2026-08-30,4,SI,quantile,0.8,565.136650743564
2026-08-12,ARI incidence,2026-08-30,4,SI,quantile,0.85,636.473775325917
2026-08-12,ARI incidence,2026-08-30,4,SI,quantile,0.9,723.690297743172
2026-08-12,ARI incidence,2026-08-30,4,SI,quantile,0.95,873.507396843545
2026-08-12,ARI incidence,2026-08-30,4,SI,quantile,0.975,979.037160403059
2026-08-12,ARI incidence,2026-08-30,4,SI,quantile,0.99,1152.91467318622
