origin_date,target,target_end_date,horizon,location,output_type,output_type_id,value
2026-09-09,ILI incidence,2026-09-06,1,BE,median,,64.6638856157341
2026-09-09,ILI incidence,2026-09-06,1,BE,quantile,0.01,0
2026-09-09,ILI incidence,2026-09-06,1,BE,quantile,0.025,0
2026-09-09,ILI incidence,2026-09-06,1,BE,quantile,0.05,0
2026-09-09,ILI incidence,2026-09-06,1,BE,quantile,0.1,0
2026-09-09,ILI incidence,2026-09-06,1,BE,quantile,0.15,0
2026-09-09,ILI incidence,2026-09-06,1,BE,quantile,0.2,0
2026-09-09,ILI incidence,2026-09-06,1,BE,quantile,0.25,3.81240244469677
2026-09-09,ILI incidence,2026-09-06,1,BE,quantile,0.3,17.5502312025024
2026-09-09,ILI incidence,2026-09-06,1,BE,quantile,0.35,30.9908591736702
2026-09-09,ILI incidence,2026-09-06,1,BE,quantile,0.4,43.1551405356884
2026-09-09,ILI incidence,2026-09-06,1,BE,quantile,0.45,53.6818179353533
2026-09-09,ILI incidence,2026-09-06,1,BE,quantile,0.5,64.7495746747867
2026-09-09,ILI incidence,2026-09-06,1,BE,quantile,0.55,76.3636903275879
2026-09-09,ILI incidence,2026-09-06,1,BE,quantile,0.6,88.1684612817675
2026-09-09,ILI incidence,2026-09-06,1,BE,quantile,0.65,100.464089431432
2026-09-09,ILI incidence,2026-09-06,1,BE,quantile,0.7,113.003994759685
2026-09-09,ILI incidence,2026-09-06,1,BE,quantile,0.75,127.380160913285
2026-09-09,ILI incidence,2026-09-06,1,BE,quantile,0.8,142.694530656272
2026-09-09,ILI incidence,2026-09-06,1,BE,quantile,0.85,160.369984969663
2026-09-09,ILI incidence,2026-09-06,1,BE,quantile,0.9,183.553618007656
2026-09-09,ILI incidence,2026-09-06,1,BE,quantile,0.95,218.330580172034
2026-09-09,ILI incidence,2026-09-06,1,BE,quantile,0.975,250.111414584473
2026-09-09,ILI incidence,2026-09-06,1,BE,quantile,0.99,285.236524444779
2026-09-09,ILI incidence,2026-09-13,2,BE,median,,90.6677536161407
2026-09-09,ILI incidence,2026-09-13,2,BE,quantile,0.01,0
2026-09-09,ILI incidence,2026-09-13,2,BE,quantile,0.025,0
2026-09-09,ILI incidence,2026-09-13,2,BE,quantile,0.05,0
2026-09-09,ILI incidence,2026-09-13,2,BE,quantile,0.1,0
2026-09-09,ILI incidence,2026-09-13,2,BE,quantile,0.15,0
2026-09-09,ILI incidence,2026-09-13,2,BE,quantile,0.2,0
2026-09-09,ILI incidence,2026-09-13,2,BE,quantile,0.25,0
2026-09-09,ILI incidence,2026-09-13,2,BE,quantile,0.3,18.4591063893998
2026-09-09,ILI incidence,2026-09-13,2,BE,quantile,0.35,38.2332381811492
2026-09-09,ILI incidence,2026-09-13,2,BE,quantile,0.4,55.7406922057519
2026-09-09,ILI incidence,2026-09-13,2,BE,quantile,0.45,74.4206410121307
2026-09-09,ILI incidence,2026-09-13,2,BE,quantile,0.5,91.2240187434757
2026-09-09,ILI incidence,2026-09-13,2,BE,quantile,0.55,108.491680368508
2026-09-09,ILI incidence,2026-09-13,2,BE,quantile,0.6,126.522914621645
2026-09-09,ILI incidence,2026-09-13,2,BE,quantile,0.65,143.930543751023
2026-09-09,ILI incidence,2026-09-13,2,BE,quantile,0.7,164.311575023373
2026-09-09,ILI incidence,2026-09-13,2,BE,quantile,0.75,185.033798256944
2026-09-09,ILI incidence,2026-09-13,2,BE,quantile,0.8,207.909640239573
2026-09-09,ILI incidence,2026-09-13,2,BE,quantile,0.85,235.659853162022
2026-09-09,ILI incidence,2026-09-13,2,BE,quantile,0.9,269.068159902064
2026-09-09,ILI incidence,2026-09-13,2,BE,quantile,0.95,318.587040061797
2026-09-09,ILI incidence,2026-09-13,2,BE,quantile,0.975,364.506402834216
2026-09-09,ILI incidence,2026-09-13,2,BE,quantile,0.99,413.438631406212
2026-09-09,ILI incidence,2026-09-20,3,BE,median,,115.710298069521
2026-09-09,ILI incidence,2026-09-20,3,BE,quantile,0.01,0
2026-09-09,ILI incidence,2026-09-20,3,BE,quantile,0.025,0
2026-09-09,ILI incidence,2026-09-20,3,BE,quantile,0.05,0
2026-09-09,ILI incidence,2026-09-20,3,BE,quantile,0.1,0
2026-09-09,ILI incidence,2026-09-20,3,BE,quantile,0.15,0
2026-09-09,ILI incidence,2026-09-20,3,BE,quantile,0.2,0
2026-09-09,ILI incidence,2026-09-20,3,BE,quantile,0.25,0
2026-09-09,ILI incidence,2026-09-20,3,BE,quantile,0.3,25.9896935814947
2026-09-09,ILI incidence,2026-09-20,3,BE,quantile,0.35,51.4525431294118
2026-09-09,ILI incidence,2026-09-20,3,BE,quantile,0.4,72.1926960403133
2026-09-09,ILI incidence,2026-09-20,3,BE,quantile,0.45,95.3890772896494
2026-09-09,ILI incidence,2026-09-20,3,BE,quantile,0.5,116.08174341595
2026-09-09,ILI incidence,2026-09-20,3,BE,quantile,0.55,137.709532700926
2026-09-09,ILI incidence,2026-09-20,3,BE,quantile,0.6,161.086806472943
2026-09-09,ILI incidence,2026-09-20,3,BE,quantile,0.65,184.882953449978
2026-09-09,ILI incidence,2026-09-20,3,BE,quantile,0.7,208.054200059073
2026-09-09,ILI incidence,2026-09-20,3,BE,quantile,0.75,234.854116633085
2026-09-09,ILI incidence,2026-09-20,3,BE,quantile,0.8,264.294232433489
2026-09-09,ILI incidence,2026-09-20,3,BE,quantile,0.85,295.504898834987
2026-09-09,ILI incidence,2026-09-20,3,BE,quantile,0.9,336.584466481179
2026-09-09,ILI incidence,2026-09-20,3,BE,quantile,0.95,396.122123740259
2026-09-09,ILI incidence,2026-09-20,3,BE,quantile,0.975,450.813195701023
2026-09-09,ILI incidence,2026-09-20,3,BE,quantile,0.99,516.063824628
2026-09-09,ILI incidence,2026-09-27,4,BE,median,,138.520727919926
2026-09-09,ILI incidence,2026-09-27,4,BE,quantile,0.01,0
2026-09-09,ILI incidence,2026-09-27,4,BE,quantile,0.025,0
2026-09-09,ILI incidence,2026-09-27,4,BE,quantile,0.05,0
2026-09-09,ILI incidence,2026-09-27,4,BE,quantile,0.1,0
2026-09-09,ILI incidence,2026-09-27,4,BE,quantile,0.15,0
2026-09-09,ILI incidence,2026-09-27,4,BE,quantile,0.2,0
2026-09-09,ILI incidence,2026-09-27,4,BE,quantile,0.25,6.98584988885123
2026-09-09,ILI incidence,2026-09-27,4,BE,quantile,0.3,36.550602651194
2026-09-09,ILI incidence,2026-09-27,4,BE,quantile,0.35,63.1332488975557
2026-09-09,ILI incidence,2026-09-27,4,BE,quantile,0.4,87.9974528702341
2026-09-09,ILI incidence,2026-09-27,4,BE,quantile,0.45,116.645550613749
2026-09-09,ILI incidence,2026-09-27,4,BE,quantile,0.5,141.892723648187
2026-09-09,ILI incidence,2026-09-27,4,BE,quantile,0.55,166.76203739949
2026-09-09,ILI incidence,2026-09-27,4,BE,quantile,0.6,190.96077592825
2026-09-09,ILI incidence,2026-09-27,4,BE,quantile,0.65,216.544131687599
2026-09-09,ILI incidence,2026-09-27,4,BE,quantile,0.7,245.332736440521
2026-09-09,ILI incidence,2026-09-27,4,BE,quantile,0.75,274.316383851033
2026-09-09,ILI incidence,2026-09-27,4,BE,quantile,0.8,307.034429136361
2026-09-09,ILI incidence,2026-09-27,4,BE,quantile,0.85,346.083691377529
2026-09-09,ILI incidence,2026-09-27,4,BE,quantile,0.9,392.27140928688
2026-09-09,ILI incidence,2026-09-27,4,BE,quantile,0.95,466.262530778274
2026-09-09,ILI incidence,2026-09-27,4,BE,quantile,0.975,528.52355200514
2026-09-09,ILI incidence,2026-09-27,4,BE,quantile,0.99,596.782532156948
2026-09-09,ILI incidence,2026-09-06,1,CH,median,,16.8072306213681
2026-09-09,ILI incidence,2026-09-06,1,CH,quantile,0.01,0
2026-09-09,ILI incidence,2026-09-06,1,CH,quantile,0.025,0
2026-09-09,ILI incidence,2026-09-06,1,CH,quantile,0.05,0
2026-09-09,ILI incidence,2026-09-06,1,CH,quantile,0.1,0
2026-09-09,ILI incidence,2026-09-06,1,CH,quantile,0.15,0
2026-09-09,ILI incidence,2026-09-06,1,CH,quantile,0.2,0
2026-09-09,ILI incidence,2026-09-06,1,CH,quantile,0.25,2.38676445465068
2026-09-09,ILI incidence,2026-09-06,1,CH,quantile,0.3,5.4489588966201
2026-09-09,ILI incidence,2026-09-06,1,CH,quantile,0.35,8.71348602297604
2026-09-09,ILI incidence,2026-09-06,1,CH,quantile,0.4,11.4491459528498
2026-09-09,ILI incidence,2026-09-06,1,CH,quantile,0.45,14.1945166139378
2026-09-09,ILI incidence,2026-09-06,1,CH,quantile,0.5,16.8447031123358
2026-09-09,ILI incidence,2026-09-06,1,CH,quantile,0.55,19.4927760316949
2026-09-09,ILI incidence,2026-09-06,1,CH,quantile,0.6,22.158443074026
2026-09-09,ILI incidence,2026-09-06,1,CH,quantile,0.65,24.8583798300544
2026-09-09,ILI incidence,2026-09-06,1,CH,quantile,0.7,27.8262479137288
2026-09-09,ILI incidence,2026-09-06,1,CH,quantile,0.75,31.1127911532358
2026-09-09,ILI incidence,2026-09-06,1,CH,quantile,0.8,34.5907688594736
2026-09-09,ILI incidence,2026-09-06,1,CH,quantile,0.85,38.6507586507804
2026-09-09,ILI incidence,2026-09-06,1,CH,quantile,0.9,43.7297999764243
2026-09-09,ILI incidence,2026-09-06,1,CH,quantile,0.95,51.5349773990536
2026-09-09,ILI incidence,2026-09-06,1,CH,quantile,0.975,58.1715291200334
2026-09-09,ILI incidence,2026-09-06,1,CH,quantile,0.99,65.9277666102521
2026-09-09,ILI incidence,2026-09-13,2,CH,median,,16.8863013479639
2026-09-09,ILI incidence,2026-09-13,2,CH,quantile,0.01,0
2026-09-09,ILI incidence,2026-09-13,2,CH,quantile,0.025,0
2026-09-09,ILI incidence,2026-09-13,2,CH,quantile,0.05,0
2026-09-09,ILI incidence,2026-09-13,2,CH,quantile,0.1,0
2026-09-09,ILI incidence,2026-09-13,2,CH,quantile,0.15,0
2026-09-09,ILI incidence,2026-09-13,2,CH,quantile,0.2,0
2026-09-09,ILI incidence,2026-09-13,2,CH,quantile,0.25,0
2026-09-09,ILI incidence,2026-09-13,2,CH,quantile,0.3,0.469072337261692
2026-09-09,ILI incidence,2026-09-13,2,CH,quantile,0.35,4.89840887837333
2026-09-09,ILI incidence,2026-09-13,2,CH,quantile,0.4,9.13030488721694
2026-09-09,ILI incidence,2026-09-13,2,CH,quantile,0.45,13.0946532523984
2026-09-09,ILI incidence,2026-09-13,2,CH,quantile,0.5,17.2048778199488
2026-09-09,ILI incidence,2026-09-13,2,CH,quantile,0.55,21.0755635347425
2026-09-09,ILI incidence,2026-09-13,2,CH,quantile,0.6,25.3661029303731
2026-09-09,ILI incidence,2026-09-13,2,CH,quantile,0.65,29.2943485519656
2026-09-09,ILI incidence,2026-09-13,2,CH,quantile,0.7,33.8915374359482
2026-09-09,ILI incidence,2026-09-13,2,CH,quantile,0.75,38.4763204924458
2026-09-09,ILI incidence,2026-09-13,2,CH,quantile,0.8,43.8500536061478
2026-09-09,ILI incidence,2026-09-13,2,CH,quantile,0.85,50.0558704676284
2026-09-09,ILI incidence,2026-09-13,2,CH,quantile,0.9,57.3726468668424
2026-09-09,ILI incidence,2026-09-13,2,CH,quantile,0.95,68.2738041058786
2026-09-09,ILI incidence,2026-09-13,2,CH,quantile,0.975,79.1885839974756
2026-09-09,ILI incidence,2026-09-13,2,CH,quantile,0.99,89.1292356246723
2026-09-09,ILI incidence,2026-09-20,3,CH,median,,16.9791112870265
2026-09-09,ILI incidence,2026-09-20,3,CH,quantile,0.01,0
2026-09-09,ILI incidence,2026-09-20,3,CH,quantile,0.025,0
2026-09-09,ILI incidence,2026-09-20,3,CH,quantile,0.05,0
2026-09-09,ILI incidence,2026-09-20,3,CH,quantile,0.1,0
2026-09-09,ILI incidence,2026-09-20,3,CH,quantile,0.15,0
2026-09-09,ILI incidence,2026-09-20,3,CH,quantile,0.2,0
2026-09-09,ILI incidence,2026-09-20,3,CH,quantile,0.25,0
2026-09-09,ILI incidence,2026-09-20,3,CH,quantile,0.3,0
2026-09-09,ILI incidence,2026-09-20,3,CH,quantile,0.35,1.54439520502436
2026-09-09,ILI incidence,2026-09-20,3,CH,quantile,0.4,6.73305808696582
2026-09-09,ILI incidence,2026-09-20,3,CH,quantile,0.45,11.9265302579504
2026-09-09,ILI incidence,2026-09-20,3,CH,quantile,0.5,17.1362920319301
2026-09-09,ILI incidence,2026-09-20,3,CH,quantile,0.55,21.8932744294089
2026-09-09,ILI incidence,2026-09-20,3,CH,quantile,0.6,27.1851624375089
2026-09-09,ILI incidence,2026-09-20,3,CH,quantile,0.65,32.4830718892893
2026-09-09,ILI incidence,2026-09-20,3,CH,quantile,0.7,38.4073620842507
2026-09-09,ILI incidence,2026-09-20,3,CH,quantile,0.75,45.0248311037775
2026-09-09,ILI incidence,2026-09-20,3,CH,quantile,0.8,51.3750606703695
2026-09-09,ILI incidence,2026-09-20,3,CH,quantile,0.85,59.203731660571
2026-09-09,ILI incidence,2026-09-20,3,CH,quantile,0.9,68.7313052321777
2026-09-09,ILI incidence,2026-09-20,3,CH,quantile,0.95,85.3824364969567
2026-09-09,ILI incidence,2026-09-20,3,CH,quantile,0.975,98.4736019280127
2026-09-09,ILI incidence,2026-09-20,3,CH,quantile,0.99,113.283508593769
2026-09-09,ILI incidence,2026-09-27,4,CH,median,,16.9966124071446
2026-09-09,ILI incidence,2026-09-27,4,CH,quantile,0.01,0
2026-09-09,ILI incidence,2026-09-27,4,CH,quantile,0.025,0
2026-09-09,ILI incidence,2026-09-27,4,CH,quantile,0.05,0
2026-09-09,ILI incidence,2026-09-27,4,CH,quantile,0.1,0
2026-09-09,ILI incidence,2026-09-27,4,CH,quantile,0.15,0
2026-09-09,ILI incidence,2026-09-27,4,CH,quantile,0.2,0
2026-09-09,ILI incidence,2026-09-27,4,CH,quantile,0.25,0
2026-09-09,ILI incidence,2026-09-27,4,CH,quantile,0.3,0
2026-09-09,ILI incidence,2026-09-27,4,CH,quantile,0.35,0
2026-09-09,ILI incidence,2026-09-27,4,CH,quantile,0.4,4.69188115876446
2026-09-09,ILI incidence,2026-09-27,4,CH,quantile,0.45,10.728555096229
2026-09-09,ILI incidence,2026-09-27,4,CH,quantile,0.5,16.2921327401239
2026-09-09,ILI incidence,2026-09-27,4,CH,quantile,0.55,22.8144120239113
2026-09-09,ILI incidence,2026-09-27,4,CH,quantile,0.6,29.098909348363
2026-09-09,ILI incidence,2026-09-27,4,CH,quantile,0.65,35.2390040112804
2026-09-09,ILI incidence,2026-09-27,4,CH,quantile,0.7,42.1858439192579
2026-09-09,ILI incidence,2026-09-27,4,CH,quantile,0.75,49.2936815043441
2026-09-09,ILI incidence,2026-09-27,4,CH,quantile,0.8,57.433539577091
2026-09-09,ILI incidence,2026-09-27,4,CH,quantile,0.85,67.3959900991482
2026-09-09,ILI incidence,2026-09-27,4,CH,quantile,0.9,79.6166788066693
2026-09-09,ILI incidence,2026-09-27,4,CH,quantile,0.95,97.5189364337226
2026-09-09,ILI incidence,2026-09-27,4,CH,quantile,0.975,113.154630897624
2026-09-09,ILI incidence,2026-09-27,4,CH,quantile,0.99,130.239154512223
2026-09-09,ILI incidence,2026-09-06,1,DK,median,,80.1008758087542
2026-09-09,ILI incidence,2026-09-06,1,DK,quantile,0.01,18.7260671906347
2026-09-09,ILI incidence,2026-09-06,1,DK,quantile,0.025,28.742685557802
2026-09-09,ILI incidence,2026-09-06,1,DK,quantile,0.05,38.1766388950659
2026-09-09,ILI incidence,2026-09-06,1,DK,quantile,0.1,47.331924024668
2026-09-09,ILI incidence,2026-09-06,1,DK,quantile,0.15,53.4543520014142
2026-09-09,ILI incidence,2026-09-06,1,DK,quantile,0.2,58.1946909332523
2026-09-09,ILI incidence,2026-09-06,1,DK,quantile,0.25,62.7261739936849
2026-09-09,ILI incidence,2026-09-06,1,DK,quantile,0.3,66.6687567928267
2026-09-09,ILI incidence,2026-09-06,1,DK,quantile,0.35,70.3210637160014
2026-09-09,ILI incidence,2026-09-06,1,DK,quantile,0.4,73.6430223242363
2026-09-09,ILI incidence,2026-09-06,1,DK,quantile,0.45,76.9525535695724
2026-09-09,ILI incidence,2026-09-06,1,DK,quantile,0.5,80.0957674171251
2026-09-09,ILI incidence,2026-09-06,1,DK,quantile,0.55,83.4671486016605
2026-09-09,ILI incidence,2026-09-06,1,DK,quantile,0.6,87.2209037980931
2026-09-09,ILI incidence,2026-09-06,1,DK,quantile,0.65,90.571681104281
2026-09-09,ILI incidence,2026-09-06,1,DK,quantile,0.7,94.1190615310529
2026-09-09,ILI incidence,2026-09-06,1,DK,quantile,0.75,97.9581705089394
2026-09-09,ILI incidence,2026-09-06,1,DK,quantile,0.8,102.243391579454
2026-09-09,ILI incidence,2026-09-06,1,DK,quantile,0.85,107.224674237481
2026-09-09,ILI incidence,2026-09-06,1,DK,quantile,0.9,114.05442328989
2026-09-09,ILI incidence,2026-09-06,1,DK,quantile,0.95,123.112593820839
2026-09-09,ILI incidence,2026-09-06,1,DK,quantile,0.975,130.433059696923
2026-09-09,ILI incidence,2026-09-06,1,DK,quantile,0.99,139.861433203642
2026-09-09,ILI incidence,2026-09-13,2,DK,median,,87.1976342428572
2026-09-09,ILI incidence,2026-09-13,2,DK,quantile,0.01,16.1730951176936
2026-09-09,ILI incidence,2026-09-13,2,DK,quantile,0.025,25.817943681608
2026-09-09,ILI incidence,2026-09-13,2,DK,quantile,0.05,35.0914487237245
2026-09-09,ILI incidence,2026-09-13,2,DK,quantile,0.1,46.9178977863702
2026-09-09,ILI incidence,2026-09-13,2,DK,quantile,0.15,54.7904396304288
2026-09-09,ILI incidence,2026-09-13,2,DK,quantile,0.2,60.7430069960246
2026-09-09,ILI incidence,2026-09-13,2,DK,quantile,0.25,66.2055208495255
2026-09-09,ILI incidence,2026-09-13,2,DK,quantile,0.3,70.8260318571573
2026-09-09,ILI incidence,2026-09-13,2,DK,quantile,0.35,75.0892987124537
2026-09-09,ILI incidence,2026-09-13,2,DK,quantile,0.4,79.3272151676937
2026-09-09,ILI incidence,2026-09-13,2,DK,quantile,0.45,83.4092544004907
2026-09-09,ILI incidence,2026-09-13,2,DK,quantile,0.5,87.4656874162849
2026-09-09,ILI incidence,2026-09-13,2,DK,quantile,0.55,91.425830297205
2026-09-09,ILI incidence,2026-09-13,2,DK,quantile,0.6,95.3124577169869
2026-09-09,ILI incidence,2026-09-13,2,DK,quantile,0.65,99.5217935582052
2026-09-09,ILI incidence,2026-09-13,2,DK,quantile,0.7,103.693406924292
2026-09-09,ILI incidence,2026-09-13,2,DK,quantile,0.75,108.206491100033
2026-09-09,ILI incidence,2026-09-13,2,DK,quantile,0.8,113.488430529437
2026-09-09,ILI incidence,2026-09-13,2,DK,quantile,0.85,119.339348771434
2026-09-09,ILI incidence,2026-09-13,2,DK,quantile,0.9,127.145493416288
2026-09-09,ILI incidence,2026-09-13,2,DK,quantile,0.95,138.276507057136
2026-09-09,ILI incidence,2026-09-13,2,DK,quantile,0.975,147.536652106193
2026-09-09,ILI incidence,2026-09-13,2,DK,quantile,0.99,158.07617200532
2026-09-09,ILI incidence,2026-09-20,3,DK,median,,87.2014862529488
2026-09-09,ILI incidence,2026-09-20,3,DK,quantile,0.01,5.54211350742824
2026-09-09,ILI incidence,2026-09-20,3,DK,quantile,0.025,18.0753518482585
2026-09-09,ILI incidence,2026-09-20,3,DK,quantile,0.05,29.5123587322121
2026-09-09,ILI incidence,2026-09-20,3,DK,quantile,0.1,42.9616944029263
2026-09-09,ILI incidence,2026-09-20,3,DK,quantile,0.15,51.5729732184678
2026-09-09,ILI incidence,2026-09-20,3,DK,quantile,0.2,58.1961984130885
2026-09-09,ILI incidence,2026-09-20,3,DK,quantile,0.25,63.7275038032792
2026-09-09,ILI incidence,2026-09-20,3,DK,quantile,0.3,69.0370807184406
2026-09-09,ILI incidence,2026-09-20,3,DK,quantile,0.35,73.7377953576422
2026-09-09,ILI incidence,2026-09-20,3,DK,quantile,0.4,78.5159979736536
2026-09-09,ILI incidence,2026-09-20,3,DK,quantile,0.45,83.1890758007668
2026-09-09,ILI incidence,2026-09-20,3,DK,quantile,0.5,87.8183411631919
2026-09-09,ILI incidence,2026-09-20,3,DK,quantile,0.55,91.7470638781607
2026-09-09,ILI incidence,2026-09-20,3,DK,quantile,0.6,96.2252656681733
2026-09-09,ILI incidence,2026-09-20,3,DK,quantile,0.65,100.990152848277
2026-09-09,ILI incidence,2026-09-20,3,DK,quantile,0.7,106.081675896334
2026-09-09,ILI incidence,2026-09-20,3,DK,quantile,0.75,110.959096253524
2026-09-09,ILI incidence,2026-09-20,3,DK,quantile,0.8,116.537830798201
2026-09-09,ILI incidence,2026-09-20,3,DK,quantile,0.85,123.553862404567
2026-09-09,ILI incidence,2026-09-20,3,DK,quantile,0.9,132.029771403264
2026-09-09,ILI incidence,2026-09-20,3,DK,quantile,0.95,145.932880649108
2026-09-09,ILI incidence,2026-09-20,3,DK,quantile,0.975,157.039881344414
2026-09-09,ILI incidence,2026-09-20,3,DK,quantile,0.99,169.405414661248
2026-09-09,ILI incidence,2026-09-27,4,DK,median,,93.4264332541798
2026-09-09,ILI incidence,2026-09-27,4,DK,quantile,0.01,6.45473648666038
2026-09-09,ILI incidence,2026-09-27,4,DK,quantile,0.025,20.2890352914421
2026-09-09,ILI incidence,2026-09-27,4,DK,quantile,0.05,32.6793603259814
2026-09-09,ILI incidence,2026-09-27,4,DK,quantile,0.1,45.7145617823786
2026-09-09,ILI incidence,2026-09-27,4,DK,quantile,0.15,55.1992860283548
2026-09-09,ILI incidence,2026-09-27,4,DK,quantile,0.2,62.5390690634822
2026-09-09,ILI incidence,2026-09-27,4,DK,quantile,0.25,68.6431820325745
2026-09-09,ILI incidence,2026-09-27,4,DK,quantile,0.3,74.0237490573121
2026-09-09,ILI incidence,2026-09-27,4,DK,quantile,0.35,79.1743060771555
2026-09-09,ILI incidence,2026-09-27,4,DK,quantile,0.4,83.5895653372873
2026-09-09,ILI incidence,2026-09-27,4,DK,quantile,0.45,88.3109337854102
2026-09-09,ILI incidence,2026-09-27,4,DK,quantile,0.5,93.3118675896837
2026-09-09,ILI incidence,2026-09-27,4,DK,quantile,0.55,98.2940074224053
2026-09-09,ILI incidence,2026-09-27,4,DK,quantile,0.6,102.88124788167
2026-09-09,ILI incidence,2026-09-27,4,DK,quantile,0.65,107.87626921609
2026-09-09,ILI incidence,2026-09-27,4,DK,quantile,0.7,113.769011605666
2026-09-09,ILI incidence,2026-09-27,4,DK,quantile,0.75,119.446506889469
2026-09-09,ILI incidence,2026-09-27,4,DK,quantile,0.8,125.575903525726
2026-09-09,ILI incidence,2026-09-27,4,DK,quantile,0.85,132.758687440377
2026-09-09,ILI incidence,2026-09-27,4,DK,quantile,0.9,141.951225147875
2026-09-09,ILI incidence,2026-09-27,4,DK,quantile,0.95,155.423098815054
2026-09-09,ILI incidence,2026-09-27,4,DK,quantile,0.975,167.369493786202
2026-09-09,ILI incidence,2026-09-27,4,DK,quantile,0.99,181.190595059426
2026-09-09,ILI incidence,2026-09-06,1,ES,median,,10.955175143903
2026-09-09,ILI incidence,2026-09-06,1,ES,quantile,0.01,0
2026-09-09,ILI incidence,2026-09-06,1,ES,quantile,0.025,0
2026-09-09,ILI incidence,2026-09-06,1,ES,quantile,0.05,0
2026-09-09,ILI incidence,2026-09-06,1,ES,quantile,0.1,0
2026-09-09,ILI incidence,2026-09-06,1,ES,quantile,0.15,1.2942622448506
2026-09-09,ILI incidence,2026-09-06,1,ES,quantile,0.2,3.1268444286321
2026-09-09,ILI incidence,2026-09-06,1,ES,quantile,0.25,4.70143155065568
2026-09-09,ILI incidence,2026-09-06,1,ES,quantile,0.3,5.985891338945
2026-09-09,ILI incidence,2026-09-06,1,ES,quantile,0.35,7.23326728679756
2026-09-09,ILI incidence,2026-09-06,1,ES,quantile,0.4,8.4344933517885
2026-09-09,ILI incidence,2026-09-06,1,ES,quantile,0.45,9.68206387379864
2026-09-09,ILI incidence,2026-09-06,1,ES,quantile,0.5,10.7913158111079
2026-09-09,ILI incidence,2026-09-06,1,ES,quantile,0.55,12.0417005917624
2026-09-09,ILI incidence,2026-09-06,1,ES,quantile,0.6,13.1804933237849
2026-09-09,ILI incidence,2026-09-06,1,ES,quantile,0.65,14.3833068251231
2026-09-09,ILI incidence,2026-09-06,1,ES,quantile,0.7,15.7477068047113
2026-09-09,ILI incidence,2026-09-06,1,ES,quantile,0.75,17.0886798687801
2026-09-09,ILI incidence,2026-09-06,1,ES,quantile,0.8,18.5157532882816
2026-09-09,ILI incidence,2026-09-06,1,ES,quantile,0.85,20.2186521540501
2026-09-09,ILI incidence,2026-09-06,1,ES,quantile,0.9,22.5159987923509
2026-09-09,ILI incidence,2026-09-06,1,ES,quantile,0.95,25.6181382929606
2026-09-09,ILI incidence,2026-09-06,1,ES,quantile,0.975,28.4894224981054
2026-09-09,ILI incidence,2026-09-06,1,ES,quantile,0.99,31.4536220134265
2026-09-09,ILI incidence,2026-09-13,2,ES,median,,12.4091715188293
2026-09-09,ILI incidence,2026-09-13,2,ES,quantile,0.01,0
2026-09-09,ILI incidence,2026-09-13,2,ES,quantile,0.025,0
2026-09-09,ILI incidence,2026-09-13,2,ES,quantile,0.05,0
2026-09-09,ILI incidence,2026-09-13,2,ES,quantile,0.1,0
2026-09-09,ILI incidence,2026-09-13,2,ES,quantile,0.15,0
2026-09-09,ILI incidence,2026-09-13,2,ES,quantile,0.2,0
2026-09-09,ILI incidence,2026-09-13,2,ES,quantile,0.25,1.48257198698159
2026-09-09,ILI incidence,2026-09-13,2,ES,quantile,0.3,3.80053185729012
2026-09-09,ILI incidence,2026-09-13,2,ES,quantile,0.35,5.98140820125757
2026-09-09,ILI incidence,2026-09-13,2,ES,quantile,0.4,8.12063493676501
2026-09-09,ILI incidence,2026-09-13,2,ES,quantile,0.45,10.1444446827991
2026-09-09,ILI incidence,2026-09-13,2,ES,quantile,0.5,12.1785847403999
2026-09-09,ILI incidence,2026-09-13,2,ES,quantile,0.55,14.3208676034431
2026-09-09,ILI incidence,2026-09-13,2,ES,quantile,0.6,16.2919314494424
2026-09-09,ILI incidence,2026-09-13,2,ES,quantile,0.65,18.454859671931
2026-09-09,ILI incidence,2026-09-13,2,ES,quantile,0.7,20.5012725900686
2026-09-09,ILI incidence,2026-09-13,2,ES,quantile,0.75,23.0128786301959
2026-09-09,ILI incidence,2026-09-13,2,ES,quantile,0.8,25.8534825246542
2026-09-09,ILI incidence,2026-09-13,2,ES,quantile,0.85,28.9881685942639
2026-09-09,ILI incidence,2026-09-13,2,ES,quantile,0.9,33.1964325618613
2026-09-09,ILI incidence,2026-09-13,2,ES,quantile,0.95,38.6139811211503
2026-09-09,ILI incidence,2026-09-13,2,ES,quantile,0.975,43.5899918140688
2026-09-09,ILI incidence,2026-09-13,2,ES,quantile,0.99,49.8628226019574
2026-09-09,ILI incidence,2026-09-20,3,ES,median,,13.8515770885514
2026-09-09,ILI incidence,2026-09-20,3,ES,quantile,0.01,0
2026-09-09,ILI incidence,2026-09-20,3,ES,quantile,0.025,0
2026-09-09,ILI incidence,2026-09-20,3,ES,quantile,0.05,0
2026-09-09,ILI incidence,2026-09-20,3,ES,quantile,0.1,0
2026-09-09,ILI incidence,2026-09-20,3,ES,quantile,0.15,0
2026-09-09,ILI incidence,2026-09-20,3,ES,quantile,0.2,0
2026-09-09,ILI incidence,2026-09-20,3,ES,quantile,0.25,0
2026-09-09,ILI incidence,2026-09-20,3,ES,quantile,0.3,1.40178637389945
2026-09-09,ILI incidence,2026-09-20,3,ES,quantile,0.35,4.7630652959427
2026-09-09,ILI incidence,2026-09-20,3,ES,quantile,0.4,7.75600866498313
2026-09-09,ILI incidence,2026-09-20,3,ES,quantile,0.45,10.7740263582845
2026-09-09,ILI incidence,2026-09-20,3,ES,quantile,0.5,13.4086750837198
2026-09-09,ILI incidence,2026-09-20,3,ES,quantile,0.55,16.2166785288332
2026-09-09,ILI incidence,2026-09-20,3,ES,quantile,0.6,19.0446242753974
2026-09-09,ILI incidence,2026-09-20,3,ES,quantile,0.65,22.1790642967046
2026-09-09,ILI incidence,2026-09-20,3,ES,quantile,0.7,25.522111733019
2026-09-09,ILI incidence,2026-09-20,3,ES,quantile,0.75,29.022286950973
2026-09-09,ILI incidence,2026-09-20,3,ES,quantile,0.8,32.7127446201917
2026-09-09,ILI incidence,2026-09-20,3,ES,quantile,0.85,37.0332438274619
2026-09-09,ILI incidence,2026-09-20,3,ES,quantile,0.9,42.8458488810355
2026-09-09,ILI incidence,2026-09-20,3,ES,quantile,0.95,51.0117473570239
2026-09-09,ILI incidence,2026-09-20,3,ES,quantile,0.975,57.2833116458899
2026-09-09,ILI incidence,2026-09-20,3,ES,quantile,0.99,64.984225790484
2026-09-09,ILI incidence,2026-09-27,4,ES,median,,15.0258432005009
2026-09-09,ILI incidence,2026-09-27,4,ES,quantile,0.01,0
2026-09-09,ILI incidence,2026-09-27,4,ES,quantile,0.025,0
2026-09-09,ILI incidence,2026-09-27,4,ES,quantile,0.05,0
2026-09-09,ILI incidence,2026-09-27,4,ES,quantile,0.1,0
2026-09-09,ILI incidence,2026-09-27,4,ES,quantile,0.15,0
2026-09-09,ILI incidence,2026-09-27,4,ES,quantile,0.2,0
2026-09-09,ILI incidence,2026-09-27,4,ES,quantile,0.25,0
2026-09-09,ILI incidence,2026-09-27,4,ES,quantile,0.3,0.821699200945137
2026-09-09,ILI incidence,2026-09-27,4,ES,quantile,0.35,4.63692485634508
2026-09-09,ILI incidence,2026-09-27,4,ES,quantile,0.4,8.19261977408072
2026-09-09,ILI incidence,2026-09-27,4,ES,quantile,0.45,11.6283918761755
2026-09-09,ILI incidence,2026-09-27,4,ES,quantile,0.5,14.8151430909901
2026-09-09,ILI incidence,2026-09-27,4,ES,quantile,0.55,18.110460523733
2026-09-09,ILI incidence,2026-09-27,4,ES,quantile,0.6,21.4787646488155
2026-09-09,ILI incidence,2026-09-27,4,ES,quantile,0.65,25.0223690513108
2026-09-09,ILI incidence,2026-09-27,4,ES,quantile,0.7,28.641202408
2026-09-09,ILI incidence,2026-09-27,4,ES,quantile,0.75,32.4408193843354
2026-09-09,ILI incidence,2026-09-27,4,ES,quantile,0.8,36.6613551039245
2026-09-09,ILI incidence,2026-09-27,4,ES,quantile,0.85,41.785875067506304
2026-09-09,ILI incidence,2026-09-27,4,ES,quantile,0.9,48.2144682147334
2026-09-09,ILI incidence,2026-09-27,4,ES,quantile,0.95,57.4059019850787
2026-09-09,ILI incidence,2026-09-27,4,ES,quantile,0.975,65.0145890366058
2026-09-09,ILI incidence,2026-09-27,4,ES,quantile,0.99,74.8232222314201
2026-09-09,ILI incidence,2026-09-06,1,GR,median,,303.953220408424
2026-09-09,ILI incidence,2026-09-06,1,GR,quantile,0.01,0
2026-09-09,ILI incidence,2026-09-06,1,GR,quantile,0.025,0
2026-09-09,ILI incidence,2026-09-06,1,GR,quantile,0.05,27.8169026970484
2026-09-09,ILI incidence,2026-09-06,1,GR,quantile,0.1,88.2569795394918
2026-09-09,ILI incidence,2026-09-06,1,GR,quantile,0.15,128.560240207652
2026-09-09,ILI incidence,2026-09-06,1,GR,quantile,0.2,162.037206187019
2026-09-09,ILI incidence,2026-09-06,1,GR,quantile,0.25,191.964565957048
2026-09-09,ILI incidence,2026-09-06,1,GR,quantile,0.3,215.478406776556
2026-09-09,ILI incidence,2026-09-06,1,GR,quantile,0.35,239.302916997566
2026-09-09,ILI incidence,2026-09-06,1,GR,quantile,0.4,261.241155109352
2026-09-09,ILI incidence,2026-09-06,1,GR,quantile,0.45,283.152929486997
2026-09-09,ILI incidence,2026-09-06,1,GR,quantile,0.5,305.220550011555
2026-09-09,ILI incidence,2026-09-06,1,GR,quantile,0.55,327.385847219526
2026-09-09,ILI incidence,2026-09-06,1,GR,quantile,0.6,349.917825613551
2026-09-09,ILI incidence,2026-09-06,1,GR,quantile,0.65,373.999172090146
2026-09-09,ILI incidence,2026-09-06,1,GR,quantile,0.7,397.408293089918
2026-09-09,ILI incidence,2026-09-06,1,GR,quantile,0.75,423.671630068456
2026-09-09,ILI incidence,2026-09-06,1,GR,quantile,0.8,452.91011846508
2026-09-09,ILI incidence,2026-09-06,1,GR,quantile,0.85,486.113902818027
2026-09-09,ILI incidence,2026-09-06,1,GR,quantile,0.9,528.093385131555
2026-09-09,ILI incidence,2026-09-06,1,GR,quantile,0.95,589.256980016197
2026-09-09,ILI incidence,2026-09-06,1,GR,quantile,0.975,639.670849136212
2026-09-09,ILI incidence,2026-09-06,1,GR,quantile,0.99,703.652068030909
2026-09-09,ILI incidence,2026-09-13,2,GR,median,,335.618298136105
2026-09-09,ILI incidence,2026-09-13,2,GR,quantile,0.01,0
2026-09-09,ILI incidence,2026-09-13,2,GR,quantile,0.025,0
2026-09-09,ILI incidence,2026-09-13,2,GR,quantile,0.05,0
2026-09-09,ILI incidence,2026-09-13,2,GR,quantile,0.1,42.4238523783893
2026-09-09,ILI incidence,2026-09-13,2,GR,quantile,0.15,101.517079817307
2026-09-09,ILI incidence,2026-09-13,2,GR,quantile,0.2,144.179661342557
2026-09-09,ILI incidence,2026-09-13,2,GR,quantile,0.25,179.932997442738
2026-09-09,ILI incidence,2026-09-13,2,GR,quantile,0.3,212.520086158133
2026-09-09,ILI incidence,2026-09-13,2,GR,quantile,0.35,244.464827030774
2026-09-09,ILI incidence,2026-09-13,2,GR,quantile,0.4,275.410697007327
2026-09-09,ILI incidence,2026-09-13,2,GR,quantile,0.45,304.420525171562
2026-09-09,ILI incidence,2026-09-13,2,GR,quantile,0.5,334.483652734152
2026-09-09,ILI incidence,2026-09-13,2,GR,quantile,0.55,363.530331270631
2026-09-09,ILI incidence,2026-09-13,2,GR,quantile,0.6,393.829632593368
2026-09-09,ILI incidence,2026-09-13,2,GR,quantile,0.65,423.281829228737
2026-09-09,ILI incidence,2026-09-13,2,GR,quantile,0.7,455.580860719716
2026-09-09,ILI incidence,2026-09-13,2,GR,quantile,0.75,491.197995087274
2026-09-09,ILI incidence,2026-09-13,2,GR,quantile,0.8,530.357965717418
2026-09-09,ILI incidence,2026-09-13,2,GR,quantile,0.85,579.436922571617
2026-09-09,ILI incidence,2026-09-13,2,GR,quantile,0.9,635.818326045509
2026-09-09,ILI incidence,2026-09-13,2,GR,quantile,0.95,712.314948926835
2026-09-09,ILI incidence,2026-09-13,2,GR,quantile,0.975,791.717687552317
2026-09-09,ILI incidence,2026-09-13,2,GR,quantile,0.99,873.763091053155
2026-09-09,ILI incidence,2026-09-20,3,GR,median,,364.304557536067
2026-09-09,ILI incidence,2026-09-20,3,GR,quantile,0.01,0
2026-09-09,ILI incidence,2026-09-20,3,GR,quantile,0.025,0
2026-09-09,ILI incidence,2026-09-20,3,GR,quantile,0.05,0
2026-09-09,ILI incidence,2026-09-20,3,GR,quantile,0.1,18.8553330399107
2026-09-09,ILI incidence,2026-09-20,3,GR,quantile,0.15,81.1614236460695
2026-09-09,ILI incidence,2026-09-20,3,GR,quantile,0.2,136.876244315099
2026-09-09,ILI incidence,2026-09-20,3,GR,quantile,0.25,180.05623366297
2026-09-09,ILI incidence,2026-09-20,3,GR,quantile,0.3,221.070763727229
2026-09-09,ILI incidence,2026-09-20,3,GR,quantile,0.35,258.101566002611
2026-09-09,ILI incidence,2026-09-20,3,GR,quantile,0.4,294.750248092718
2026-09-09,ILI incidence,2026-09-20,3,GR,quantile,0.45,331.856702488137
2026-09-09,ILI incidence,2026-09-20,3,GR,quantile,0.5,364.47736509846
2026-09-09,ILI incidence,2026-09-20,3,GR,quantile,0.55,399.008702439729
2026-09-09,ILI incidence,2026-09-20,3,GR,quantile,0.6,436.199497863975
2026-09-09,ILI incidence,2026-09-20,3,GR,quantile,0.65,471.346327769904
2026-09-09,ILI incidence,2026-09-20,3,GR,quantile,0.7,507.302832951793
2026-09-09,ILI incidence,2026-09-20,3,GR,quantile,0.75,546.115162453831
2026-09-09,ILI incidence,2026-09-20,3,GR,quantile,0.8,591.619053475121
2026-09-09,ILI incidence,2026-09-20,3,GR,quantile,0.85,646.252716349677
2026-09-09,ILI incidence,2026-09-20,3,GR,quantile,0.9,710.665418758835
2026-09-09,ILI incidence,2026-09-20,3,GR,quantile,0.95,803.068507952678
2026-09-09,ILI incidence,2026-09-20,3,GR,quantile,0.975,888.310993002897
2026-09-09,ILI incidence,2026-09-20,3,GR,quantile,0.99,985.625102345275
2026-09-09,ILI incidence,2026-09-27,4,GR,median,,390.292223994328
2026-09-09,ILI incidence,2026-09-27,4,GR,quantile,0.01,0
2026-09-09,ILI incidence,2026-09-27,4,GR,quantile,0.025,0
2026-09-09,ILI incidence,2026-09-27,4,GR,quantile,0.05,0
2026-09-09,ILI incidence,2026-09-27,4,GR,quantile,0.1,3.15187370641531
2026-09-09,ILI incidence,2026-09-27,4,GR,quantile,0.15,74.6857397341424
2026-09-09,ILI incidence,2026-09-27,4,GR,quantile,0.2,136.349621450249
2026-09-09,ILI incidence,2026-09-27,4,GR,quantile,0.25,182.764210272916
2026-09-09,ILI incidence,2026-09-27,4,GR,quantile,0.3,229.516041827307
2026-09-09,ILI incidence,2026-09-27,4,GR,quantile,0.35,268.637601545003
2026-09-09,ILI incidence,2026-09-27,4,GR,quantile,0.4,308.138870464962
2026-09-09,ILI incidence,2026-09-27,4,GR,quantile,0.45,347.833127524852
2026-09-09,ILI incidence,2026-09-27,4,GR,quantile,0.5,386.521444420512
2026-09-09,ILI incidence,2026-09-27,4,GR,quantile,0.55,424.749944145122
2026-09-09,ILI incidence,2026-09-27,4,GR,quantile,0.6,465.197707805569
2026-09-09,ILI incidence,2026-09-27,4,GR,quantile,0.65,507.102882872015
2026-09-09,ILI incidence,2026-09-27,4,GR,quantile,0.7,550.516104746378
2026-09-09,ILI incidence,2026-09-27,4,GR,quantile,0.75,594.633186103105
2026-09-09,ILI incidence,2026-09-27,4,GR,quantile,0.8,640.707435012032
2026-09-09,ILI incidence,2026-09-27,4,GR,quantile,0.85,696.552467956138
2026-09-09,ILI incidence,2026-09-27,4,GR,quantile,0.9,775.653242738559
2026-09-09,ILI incidence,2026-09-27,4,GR,quantile,0.95,880.136001754825
2026-09-09,ILI incidence,2026-09-27,4,GR,quantile,0.975,984.404300263078
2026-09-09,ILI incidence,2026-09-27,4,GR,quantile,0.99,1087.956270304
2026-09-09,ILI incidence,2026-09-06,1,HU,median,,72.5800571023861
2026-09-09,ILI incidence,2026-09-06,1,HU,quantile,0.01,0
2026-09-09,ILI incidence,2026-09-06,1,HU,quantile,0.025,0
2026-09-09,ILI incidence,2026-09-06,1,HU,quantile,0.05,0
2026-09-09,ILI incidence,2026-09-06,1,HU,quantile,0.1,2.72071764272857
2026-09-09,ILI incidence,2026-09-06,1,HU,quantile,0.15,15.4989570954372
2026-09-09,ILI incidence,2026-09-06,1,HU,quantile,0.2,26.2729968518031
2026-09-09,ILI incidence,2026-09-06,1,HU,quantile,0.25,34.9922854359401
2026-09-09,ILI incidence,2026-09-06,1,HU,quantile,0.3,43.3106184563004
2026-09-09,ILI incidence,2026-09-06,1,HU,quantile,0.35,51.306760569381
2026-09-09,ILI incidence,2026-09-06,1,HU,quantile,0.4,58.0116276139763
2026-09-09,ILI incidence,2026-09-06,1,HU,quantile,0.45,64.7232878256289
2026-09-09,ILI incidence,2026-09-06,1,HU,quantile,0.5,71.5700731170035
2026-09-09,ILI incidence,2026-09-06,1,HU,quantile,0.55,78.5558767436868
2026-09-09,ILI incidence,2026-09-06,1,HU,quantile,0.6,85.2861816809846
2026-09-09,ILI incidence,2026-09-06,1,HU,quantile,0.65,92.2773894741678
2026-09-09,ILI incidence,2026-09-06,1,HU,quantile,0.7,100.299376255302
2026-09-09,ILI incidence,2026-09-06,1,HU,quantile,0.75,108.71300126245
2026-09-09,ILI incidence,2026-09-06,1,HU,quantile,0.8,117.825531065778
2026-09-09,ILI incidence,2026-09-06,1,HU,quantile,0.85,128.509119312143
2026-09-09,ILI incidence,2026-09-06,1,HU,quantile,0.9,142.103515785506
2026-09-09,ILI incidence,2026-09-06,1,HU,quantile,0.95,162.779837663479
2026-09-09,ILI incidence,2026-09-06,1,HU,quantile,0.975,177.9263535793
2026-09-09,ILI incidence,2026-09-06,1,HU,quantile,0.99,197.323070595016
2026-09-09,ILI incidence,2026-09-13,2,HU,median,,104.195964161769
2026-09-09,ILI incidence,2026-09-13,2,HU,quantile,0.01,0
2026-09-09,ILI incidence,2026-09-13,2,HU,quantile,0.025,0
2026-09-09,ILI incidence,2026-09-13,2,HU,quantile,0.05,0
2026-09-09,ILI incidence,2026-09-13,2,HU,quantile,0.1,0
2026-09-09,ILI incidence,2026-09-13,2,HU,quantile,0.15,7.92411058085331
2026-09-09,ILI incidence,2026-09-13,2,HU,quantile,0.2,24.9047804236716
2026-09-09,ILI incidence,2026-09-13,2,HU,quantile,0.25,42.1271463903787
2026-09-09,ILI incidence,2026-09-13,2,HU,quantile,0.3,55.1351364310612
2026-09-09,ILI incidence,2026-09-13,2,HU,quantile,0.35,67.2301973579632
2026-09-09,ILI incidence,2026-09-13,2,HU,quantile,0.4,79.9292978847955
2026-09-09,ILI incidence,2026-09-13,2,HU,quantile,0.45,92.3635038158307
2026-09-09,ILI incidence,2026-09-13,2,HU,quantile,0.5,104.009857616372
2026-09-09,ILI incidence,2026-09-13,2,HU,quantile,0.55,114.831058207931
2026-09-09,ILI incidence,2026-09-13,2,HU,quantile,0.6,126.463225465237
2026-09-09,ILI incidence,2026-09-13,2,HU,quantile,0.65,138.508980141939
2026-09-09,ILI incidence,2026-09-13,2,HU,quantile,0.7,151.14415701955
2026-09-09,ILI incidence,2026-09-13,2,HU,quantile,0.75,165.818373263513
2026-09-09,ILI incidence,2026-09-13,2,HU,quantile,0.8,180.468506159815
2026-09-09,ILI incidence,2026-09-13,2,HU,quantile,0.85,198.280198827113
2026-09-09,ILI incidence,2026-09-13,2,HU,quantile,0.9,221.807094711779
2026-09-09,ILI incidence,2026-09-13,2,HU,quantile,0.95,255.922619564051
2026-09-09,ILI incidence,2026-09-13,2,HU,quantile,0.975,284.892097729314
2026-09-09,ILI incidence,2026-09-13,2,HU,quantile,0.99,318.169276812282
2026-09-09,ILI incidence,2026-09-20,3,HU,median,,135.883469623453
2026-09-09,ILI incidence,2026-09-20,3,HU,quantile,0.01,0
2026-09-09,ILI incidence,2026-09-20,3,HU,quantile,0.025,0
2026-09-09,ILI incidence,2026-09-20,3,HU,quantile,0.05,0
2026-09-09,ILI incidence,2026-09-20,3,HU,quantile,0.1,0
2026-09-09,ILI incidence,2026-09-20,3,HU,quantile,0.15,12.8066094943887
2026-09-09,ILI incidence,2026-09-20,3,HU,quantile,0.2,37.727057935842
2026-09-09,ILI incidence,2026-09-20,3,HU,quantile,0.25,56.8132299618848
2026-09-09,ILI incidence,2026-09-20,3,HU,quantile,0.3,73.7862051651556
2026-09-09,ILI incidence,2026-09-20,3,HU,quantile,0.35,90.062399675209
2026-09-09,ILI incidence,2026-09-20,3,HU,quantile,0.4,105.404563818862
2026-09-09,ILI incidence,2026-09-20,3,HU,quantile,0.45,120.342969140935
2026-09-09,ILI incidence,2026-09-20,3,HU,quantile,0.5,134.287485715617
2026-09-09,ILI incidence,2026-09-20,3,HU,quantile,0.55,148.549908344803
2026-09-09,ILI incidence,2026-09-20,3,HU,quantile,0.6,164.158154160958
2026-09-09,ILI incidence,2026-09-20,3,HU,quantile,0.65,180.430438178608
2026-09-09,ILI incidence,2026-09-20,3,HU,quantile,0.7,196.303606064279
2026-09-09,ILI incidence,2026-09-20,3,HU,quantile,0.75,215.303360834226
2026-09-09,ILI incidence,2026-09-20,3,HU,quantile,0.8,235.174149464298
2026-09-09,ILI incidence,2026-09-20,3,HU,quantile,0.85,257.734454725599
2026-09-09,ILI incidence,2026-09-20,3,HU,quantile,0.9,287.484728416492
2026-09-09,ILI incidence,2026-09-20,3,HU,quantile,0.95,328.875952268292
2026-09-09,ILI incidence,2026-09-20,3,HU,quantile,0.975,364.060103198599
2026-09-09,ILI incidence,2026-09-20,3,HU,quantile,0.99,410.730749160907
2026-09-09,ILI incidence,2026-09-27,4,HU,median,,165.891260037095
2026-09-09,ILI incidence,2026-09-27,4,HU,quantile,0.01,0
2026-09-09,ILI incidence,2026-09-27,4,HU,quantile,0.025,0
2026-09-09,ILI incidence,2026-09-27,4,HU,quantile,0.05,0
2026-09-09,ILI incidence,2026-09-27,4,HU,quantile,0.1,0
2026-09-09,ILI incidence,2026-09-27,4,HU,quantile,0.15,19.3342674342919
2026-09-09,ILI incidence,2026-09-27,4,HU,quantile,0.2,46.7709287778959
2026-09-09,ILI incidence,2026-09-27,4,HU,quantile,0.25,69.9900114322962
2026-09-09,ILI incidence,2026-09-27,4,HU,quantile,0.3,90.9248357459742
2026-09-09,ILI incidence,2026-09-27,4,HU,quantile,0.35,110.361831805898
2026-09-09,ILI incidence,2026-09-27,4,HU,quantile,0.4,128.422371229246
2026-09-09,ILI incidence,2026-09-27,4,HU,quantile,0.45,146.774433815536
2026-09-09,ILI incidence,2026-09-27,4,HU,quantile,0.5,163.491057212533
2026-09-09,ILI incidence,2026-09-27,4,HU,quantile,0.55,182.214983253533
2026-09-09,ILI incidence,2026-09-27,4,HU,quantile,0.6,199.484441066138
2026-09-09,ILI incidence,2026-09-27,4,HU,quantile,0.65,217.694680548084
2026-09-09,ILI incidence,2026-09-27,4,HU,quantile,0.7,238.118280195817
2026-09-09,ILI incidence,2026-09-27,4,HU,quantile,0.75,261.933056187945
2026-09-09,ILI incidence,2026-09-27,4,HU,quantile,0.8,285.246368402136
2026-09-09,ILI incidence,2026-09-27,4,HU,quantile,0.85,311.322531139767
2026-09-09,ILI incidence,2026-09-27,4,HU,quantile,0.9,346.380291009236
2026-09-09,ILI incidence,2026-09-27,4,HU,quantile,0.95,398.053538620392
2026-09-09,ILI incidence,2026-09-27,4,HU,quantile,0.975,444.163621721553
2026-09-09,ILI incidence,2026-09-27,4,HU,quantile,0.99,490.60750611679
2026-09-09,ILI incidence,2026-09-06,1,IE,median,,2.52466151267408
2026-09-09,ILI incidence,2026-09-06,1,IE,quantile,0.01,0
2026-09-09,ILI incidence,2026-09-06,1,IE,quantile,0.025,0
2026-09-09,ILI incidence,2026-09-06,1,IE,quantile,0.05,0
2026-09-09,ILI incidence,2026-09-06,1,IE,quantile,0.1,0
2026-09-09,ILI incidence,2026-09-06,1,IE,quantile,0.15,0
2026-09-09,ILI incidence,2026-09-06,1,IE,quantile,0.2,0
2026-09-09,ILI incidence,2026-09-06,1,IE,quantile,0.25,0
2026-09-09,ILI incidence,2026-09-06,1,IE,quantile,0.3,0
2026-09-09,ILI incidence,2026-09-06,1,IE,quantile,0.35,0
2026-09-09,ILI incidence,2026-09-06,1,IE,quantile,0.4,0.458823513409058
2026-09-09,ILI incidence,2026-09-06,1,IE,quantile,0.45,1.49343109476931
2026-09-09,ILI incidence,2026-09-06,1,IE,quantile,0.5,2.5508240912377
2026-09-09,ILI incidence,2026-09-06,1,IE,quantile,0.55,3.62513665860551
2026-09-09,ILI incidence,2026-09-06,1,IE,quantile,0.6,4.7717299468041
2026-09-09,ILI incidence,2026-09-06,1,IE,quantile,0.65,5.84616610251293
2026-09-09,ILI incidence,2026-09-06,1,IE,quantile,0.7,6.9547521748847
2026-09-09,ILI incidence,2026-09-06,1,IE,quantile,0.75,8.23964606194023
2026-09-09,ILI incidence,2026-09-06,1,IE,quantile,0.8,9.6121962548363
2026-09-09,ILI incidence,2026-09-06,1,IE,quantile,0.85,11.329786081167
2026-09-09,ILI incidence,2026-09-06,1,IE,quantile,0.9,13.32597828341
2026-09-09,ILI incidence,2026-09-06,1,IE,quantile,0.95,16.1443730479055
2026-09-09,ILI incidence,2026-09-06,1,IE,quantile,0.975,18.6889992853699
2026-09-09,ILI incidence,2026-09-06,1,IE,quantile,0.99,21.7625555961232
2026-09-09,ILI incidence,2026-09-13,2,IE,median,,4.13858998998724
2026-09-09,ILI incidence,2026-09-13,2,IE,quantile,0.01,0
2026-09-09,ILI incidence,2026-09-13,2,IE,quantile,0.025,0
2026-09-09,ILI incidence,2026-09-13,2,IE,quantile,0.05,0
2026-09-09,ILI incidence,2026-09-13,2,IE,quantile,0.1,0
2026-09-09,ILI incidence,2026-09-13,2,IE,quantile,0.15,0
2026-09-09,ILI incidence,2026-09-13,2,IE,quantile,0.2,0
2026-09-09,ILI incidence,2026-09-13,2,IE,quantile,0.25,0
2026-09-09,ILI incidence,2026-09-13,2,IE,quantile,0.3,0
2026-09-09,ILI incidence,2026-09-13,2,IE,quantile,0.35,0
2026-09-09,ILI incidence,2026-09-13,2,IE,quantile,0.4,0.92689903467506
2026-09-09,ILI incidence,2026-09-13,2,IE,quantile,0.45,2.52604899966312
2026-09-09,ILI incidence,2026-09-13,2,IE,quantile,0.5,4.13594145225255
2026-09-09,ILI incidence,2026-09-13,2,IE,quantile,0.55,5.73032451931792
2026-09-09,ILI incidence,2026-09-13,2,IE,quantile,0.6,7.28780598710537
2026-09-09,ILI incidence,2026-09-13,2,IE,quantile,0.65,8.80593913219574
2026-09-09,ILI incidence,2026-09-13,2,IE,quantile,0.7,10.6093078097989
2026-09-09,ILI incidence,2026-09-13,2,IE,quantile,0.75,12.4961269335363
2026-09-09,ILI incidence,2026-09-13,2,IE,quantile,0.8,14.2993378915774
2026-09-09,ILI incidence,2026-09-13,2,IE,quantile,0.85,16.4716658896539
2026-09-09,ILI incidence,2026-09-13,2,IE,quantile,0.9,19.4137262350059
2026-09-09,ILI incidence,2026-09-13,2,IE,quantile,0.95,23.7272842157953
2026-09-09,ILI incidence,2026-09-13,2,IE,quantile,0.975,27.641581951122
2026-09-09,ILI incidence,2026-09-13,2,IE,quantile,0.99,32.0651998871118
2026-09-09,ILI incidence,2026-09-20,3,IE,median,,5.96308065185756
2026-09-09,ILI incidence,2026-09-20,3,IE,quantile,0.01,0
2026-09-09,ILI incidence,2026-09-20,3,IE,quantile,0.025,0
2026-09-09,ILI incidence,2026-09-20,3,IE,quantile,0.05,0
2026-09-09,ILI incidence,2026-09-20,3,IE,quantile,0.1,0
2026-09-09,ILI incidence,2026-09-20,3,IE,quantile,0.15,0
2026-09-09,ILI incidence,2026-09-20,3,IE,quantile,0.2,0
2026-09-09,ILI incidence,2026-09-20,3,IE,quantile,0.25,0
2026-09-09,ILI incidence,2026-09-20,3,IE,quantile,0.3,0
2026-09-09,ILI incidence,2026-09-20,3,IE,quantile,0.35,0.133716591340851
2026-09-09,ILI incidence,2026-09-20,3,IE,quantile,0.4,2.1010133292925
2026-09-09,ILI incidence,2026-09-20,3,IE,quantile,0.45,4.0802877166895
2026-09-09,ILI incidence,2026-09-20,3,IE,quantile,0.5,6.07661890144649
2026-09-09,ILI incidence,2026-09-20,3,IE,quantile,0.55,8.05367643040389
2026-09-09,ILI incidence,2026-09-20,3,IE,quantile,0.6,9.87831369734261
2026-09-09,ILI incidence,2026-09-20,3,IE,quantile,0.65,11.6038919656737
2026-09-09,ILI incidence,2026-09-20,3,IE,quantile,0.7,13.6080928316219
2026-09-09,ILI incidence,2026-09-20,3,IE,quantile,0.75,15.8092821702076
2026-09-09,ILI incidence,2026-09-20,3,IE,quantile,0.8,18.2357821148462
2026-09-09,ILI incidence,2026-09-20,3,IE,quantile,0.85,20.9739310269912
2026-09-09,ILI incidence,2026-09-20,3,IE,quantile,0.9,24.4193520202665
2026-09-09,ILI incidence,2026-09-20,3,IE,quantile,0.95,29.564694041525
2026-09-09,ILI incidence,2026-09-20,3,IE,quantile,0.975,34.1927204848928
2026-09-09,ILI incidence,2026-09-20,3,IE,quantile,0.99,40.0749964451012
2026-09-09,ILI incidence,2026-09-27,4,IE,median,,7.65626856482208
2026-09-09,ILI incidence,2026-09-27,4,IE,quantile,0.01,0
2026-09-09,ILI incidence,2026-09-27,4,IE,quantile,0.025,0
2026-09-09,ILI incidence,2026-09-27,4,IE,quantile,0.05,0
2026-09-09,ILI incidence,2026-09-27,4,IE,quantile,0.1,0
2026-09-09,ILI incidence,2026-09-27,4,IE,quantile,0.15,0
2026-09-09,ILI incidence,2026-09-27,4,IE,quantile,0.2,0
2026-09-09,ILI incidence,2026-09-27,4,IE,quantile,0.25,0
2026-09-09,ILI incidence,2026-09-27,4,IE,quantile,0.3,0
2026-09-09,ILI incidence,2026-09-27,4,IE,quantile,0.35,0.93496461177827
2026-09-09,ILI incidence,2026-09-27,4,IE,quantile,0.4,3.17170088957361
2026-09-09,ILI incidence,2026-09-27,4,IE,quantile,0.45,5.34876025988434
2026-09-09,ILI incidence,2026-09-27,4,IE,quantile,0.5,7.61811311031618
2026-09-09,ILI incidence,2026-09-27,4,IE,quantile,0.55,9.72719166190623
2026-09-09,ILI incidence,2026-09-27,4,IE,quantile,0.6,11.8979514308359
2026-09-09,ILI incidence,2026-09-27,4,IE,quantile,0.65,14.0932394968422
2026-09-09,ILI incidence,2026-09-27,4,IE,quantile,0.7,16.3592451809041
2026-09-09,ILI incidence,2026-09-27,4,IE,quantile,0.75,18.882876400123
2026-09-09,ILI incidence,2026-09-27,4,IE,quantile,0.8,21.5564131289649
2026-09-09,ILI incidence,2026-09-27,4,IE,quantile,0.85,24.7340619033344
2026-09-09,ILI incidence,2026-09-27,4,IE,quantile,0.9,29.1845103580391
2026-09-09,ILI incidence,2026-09-27,4,IE,quantile,0.95,35.1242797107261
2026-09-09,ILI incidence,2026-09-27,4,IE,quantile,0.975,40.1033267323593
2026-09-09,ILI incidence,2026-09-27,4,IE,quantile,0.99,45.378357002698
2026-09-09,ILI incidence,2026-09-06,1,IS,median,,0.969240495813933
2026-09-09,ILI incidence,2026-09-06,1,IS,quantile,0.01,0
2026-09-09,ILI incidence,2026-09-06,1,IS,quantile,0.025,0
2026-09-09,ILI incidence,2026-09-06,1,IS,quantile,0.05,0
2026-09-09,ILI incidence,2026-09-06,1,IS,quantile,0.1,0
2026-09-09,ILI incidence,2026-09-06,1,IS,quantile,0.15,0
2026-09-09,ILI incidence,2026-09-06,1,IS,quantile,0.2,0
2026-09-09,ILI incidence,2026-09-06,1,IS,quantile,0.25,0
2026-09-09,ILI incidence,2026-09-06,1,IS,quantile,0.3,0
2026-09-09,ILI incidence,2026-09-06,1,IS,quantile,0.35,0
2026-09-09,ILI incidence,2026-09-06,1,IS,quantile,0.4,0.26986241702664
2026-09-09,ILI incidence,2026-09-06,1,IS,quantile,0.45,0.634772572388618
2026-09-09,ILI incidence,2026-09-06,1,IS,quantile,0.5,1.00503330849139
2026-09-09,ILI incidence,2026-09-06,1,IS,quantile,0.55,1.3778054915928
2026-09-09,ILI incidence,2026-09-06,1,IS,quantile,0.6,1.73274758550085
2026-09-09,ILI incidence,2026-09-06,1,IS,quantile,0.65,2.10882628203168
2026-09-09,ILI incidence,2026-09-06,1,IS,quantile,0.7,2.55143688341638
2026-09-09,ILI incidence,2026-09-06,1,IS,quantile,0.75,2.98606354387155
2026-09-09,ILI incidence,2026-09-06,1,IS,quantile,0.8,3.48316908301161
2026-09-09,ILI incidence,2026-09-06,1,IS,quantile,0.85,4.07104330313249
2026-09-09,ILI incidence,2026-09-06,1,IS,quantile,0.9,4.80612201538709
2026-09-09,ILI incidence,2026-09-06,1,IS,quantile,0.95,5.93151337729346
2026-09-09,ILI incidence,2026-09-06,1,IS,quantile,0.975,6.97414623183928
2026-09-09,ILI incidence,2026-09-06,1,IS,quantile,0.99,8.13600020849028
2026-09-09,ILI incidence,2026-09-13,2,IS,median,,1.48432686873631
2026-09-09,ILI incidence,2026-09-13,2,IS,quantile,0.01,0
2026-09-09,ILI incidence,2026-09-13,2,IS,quantile,0.025,0
2026-09-09,ILI incidence,2026-09-13,2,IS,quantile,0.05,0
2026-09-09,ILI incidence,2026-09-13,2,IS,quantile,0.1,0
2026-09-09,ILI incidence,2026-09-13,2,IS,quantile,0.15,0
2026-09-09,ILI incidence,2026-09-13,2,IS,quantile,0.2,0
2026-09-09,ILI incidence,2026-09-13,2,IS,quantile,0.25,0
2026-09-09,ILI incidence,2026-09-13,2,IS,quantile,0.3,0
2026-09-09,ILI incidence,2026-09-13,2,IS,quantile,0.35,0
2026-09-09,ILI incidence,2026-09-13,2,IS,quantile,0.4,0.442550580067967
2026-09-09,ILI incidence,2026-09-13,2,IS,quantile,0.45,0.943420692466382
2026-09-09,ILI incidence,2026-09-13,2,IS,quantile,0.5,1.42394326131361
2026-09-09,ILI incidence,2026-09-13,2,IS,quantile,0.55,1.95828976674017
2026-09-09,ILI incidence,2026-09-13,2,IS,quantile,0.6,2.45359155379069
2026-09-09,ILI incidence,2026-09-13,2,IS,quantile,0.65,2.98612798428016
2026-09-09,ILI incidence,2026-09-13,2,IS,quantile,0.7,3.59633974675949
2026-09-09,ILI incidence,2026-09-13,2,IS,quantile,0.75,4.23922093567319
2026-09-09,ILI incidence,2026-09-13,2,IS,quantile,0.8,4.963977372532
2026-09-09,ILI incidence,2026-09-13,2,IS,quantile,0.85,5.75072596489796
2026-09-09,ILI incidence,2026-09-13,2,IS,quantile,0.9,6.77153270393635
2026-09-09,ILI incidence,2026-09-13,2,IS,quantile,0.95,8.14720564127338
2026-09-09,ILI incidence,2026-09-13,2,IS,quantile,0.975,9.40498562173712
2026-09-09,ILI incidence,2026-09-13,2,IS,quantile,0.99,10.9587669741209
2026-09-09,ILI incidence,2026-09-20,3,IS,median,,1.98587844247005
2026-09-09,ILI incidence,2026-09-20,3,IS,quantile,0.01,0
2026-09-09,ILI incidence,2026-09-20,3,IS,quantile,0.025,0
2026-09-09,ILI incidence,2026-09-20,3,IS,quantile,0.05,0
2026-09-09,ILI incidence,2026-09-20,3,IS,quantile,0.1,0
2026-09-09,ILI incidence,2026-09-20,3,IS,quantile,0.15,0
2026-09-09,ILI incidence,2026-09-20,3,IS,quantile,0.2,0
2026-09-09,ILI incidence,2026-09-20,3,IS,quantile,0.25,0
2026-09-09,ILI incidence,2026-09-20,3,IS,quantile,0.3,0
2026-09-09,ILI incidence,2026-09-20,3,IS,quantile,0.35,0.0784667300274972
2026-09-09,ILI incidence,2026-09-20,3,IS,quantile,0.4,0.760471803371144
2026-09-09,ILI incidence,2026-09-20,3,IS,quantile,0.45,1.41834039235032
2026-09-09,ILI incidence,2026-09-20,3,IS,quantile,0.5,2.02825846428886
2026-09-09,ILI incidence,2026-09-20,3,IS,quantile,0.55,2.64268688565595
2026-09-09,ILI incidence,2026-09-20,3,IS,quantile,0.6,3.3073491995539
2026-09-09,ILI incidence,2026-09-20,3,IS,quantile,0.65,3.91726360311562
2026-09-09,ILI incidence,2026-09-20,3,IS,quantile,0.7,4.58528986747329
2026-09-09,ILI incidence,2026-09-20,3,IS,quantile,0.75,5.33410763183369
2026-09-09,ILI incidence,2026-09-20,3,IS,quantile,0.8,6.12887733874727
2026-09-09,ILI incidence,2026-09-20,3,IS,quantile,0.85,7.08438698625943
2026-09-09,ILI incidence,2026-09-20,3,IS,quantile,0.9,8.27320906468239
2026-09-09,ILI incidence,2026-09-20,3,IS,quantile,0.95,9.99763386425393
2026-09-09,ILI incidence,2026-09-20,3,IS,quantile,0.975,11.5042217585834
2026-09-09,ILI incidence,2026-09-20,3,IS,quantile,0.99,13.2309050774023
2026-09-09,ILI incidence,2026-09-27,4,IS,median,,2.53613837754955
2026-09-09,ILI incidence,2026-09-27,4,IS,quantile,0.01,0
2026-09-09,ILI incidence,2026-09-27,4,IS,quantile,0.025,0
2026-09-09,ILI incidence,2026-09-27,4,IS,quantile,0.05,0
2026-09-09,ILI incidence,2026-09-27,4,IS,quantile,0.1,0
2026-09-09,ILI incidence,2026-09-27,4,IS,quantile,0.15,0
2026-09-09,ILI incidence,2026-09-27,4,IS,quantile,0.2,0
2026-09-09,ILI incidence,2026-09-27,4,IS,quantile,0.25,0
2026-09-09,ILI incidence,2026-09-27,4,IS,quantile,0.3,0
2026-09-09,ILI incidence,2026-09-27,4,IS,quantile,0.35,0.360666512748934
2026-09-09,ILI incidence,2026-09-27,4,IS,quantile,0.4,1.06742664298291
2026-09-09,ILI incidence,2026-09-27,4,IS,quantile,0.45,1.80142265838104
2026-09-09,ILI incidence,2026-09-27,4,IS,quantile,0.5,2.52890536380607
2026-09-09,ILI incidence,2026-09-27,4,IS,quantile,0.55,3.26148172252458
2026-09-09,ILI incidence,2026-09-27,4,IS,quantile,0.6,4.05084566138069
2026-09-09,ILI incidence,2026-09-27,4,IS,quantile,0.65,4.7630026136626
2026-09-09,ILI incidence,2026-09-27,4,IS,quantile,0.7,5.5465862585484
2026-09-09,ILI incidence,2026-09-27,4,IS,quantile,0.75,6.38437507515181
2026-09-09,ILI incidence,2026-09-27,4,IS,quantile,0.8,7.32847532926388
2026-09-09,ILI incidence,2026-09-27,4,IS,quantile,0.85,8.34090541496726
2026-09-09,ILI incidence,2026-09-27,4,IS,quantile,0.9,9.78269228477927
2026-09-09,ILI incidence,2026-09-27,4,IS,quantile,0.95,11.6855639952607
2026-09-09,ILI incidence,2026-09-27,4,IS,quantile,0.975,13.5682431767184
2026-09-09,ILI incidence,2026-09-27,4,IS,quantile,0.99,15.5321985260507
2026-09-09,ILI incidence,2026-09-06,1,LT,median,,6.95682632365662
2026-09-09,ILI incidence,2026-09-06,1,LT,quantile,0.01,0
2026-09-09,ILI incidence,2026-09-06,1,LT,quantile,0.025,0
2026-09-09,ILI incidence,2026-09-06,1,LT,quantile,0.05,0
2026-09-09,ILI incidence,2026-09-06,1,LT,quantile,0.1,0
2026-09-09,ILI incidence,2026-09-06,1,LT,quantile,0.15,0
2026-09-09,ILI incidence,2026-09-06,1,LT,quantile,0.2,0
2026-09-09,ILI incidence,2026-09-06,1,LT,quantile,0.25,0
2026-09-09,ILI incidence,2026-09-06,1,LT,quantile,0.3,0
2026-09-09,ILI incidence,2026-09-06,1,LT,quantile,0.35,0
2026-09-09,ILI incidence,2026-09-06,1,LT,quantile,0.4,0.268502483840088
2026-09-09,ILI incidence,2026-09-06,1,LT,quantile,0.45,3.80613312811114
2026-09-09,ILI incidence,2026-09-06,1,LT,quantile,0.5,7.14837448510348
2026-09-09,ILI incidence,2026-09-06,1,LT,quantile,0.55,10.3528471322485
2026-09-09,ILI incidence,2026-09-06,1,LT,quantile,0.6,13.6969369665506
2026-09-09,ILI incidence,2026-09-06,1,LT,quantile,0.65,17.3711283279168
2026-09-09,ILI incidence,2026-09-06,1,LT,quantile,0.7,21.0199911168919
2026-09-09,ILI incidence,2026-09-06,1,LT,quantile,0.75,25.1702638534488
2026-09-09,ILI incidence,2026-09-06,1,LT,quantile,0.8,29.9958311301656
2026-09-09,ILI incidence,2026-09-06,1,LT,quantile,0.85,35.4008815520426
2026-09-09,ILI incidence,2026-09-06,1,LT,quantile,0.9,41.4035208186674
2026-09-09,ILI incidence,2026-09-06,1,LT,quantile,0.95,50.8382009028044
2026-09-09,ILI incidence,2026-09-06,1,LT,quantile,0.975,59.9582060564797
2026-09-09,ILI incidence,2026-09-06,1,LT,quantile,0.99,69.6180364309814
2026-09-09,ILI incidence,2026-09-13,2,LT,median,,15.056864969637
2026-09-09,ILI incidence,2026-09-13,2,LT,quantile,0.01,0
2026-09-09,ILI incidence,2026-09-13,2,LT,quantile,0.025,0
2026-09-09,ILI incidence,2026-09-13,2,LT,quantile,0.05,0
2026-09-09,ILI incidence,2026-09-13,2,LT,quantile,0.1,0
2026-09-09,ILI incidence,2026-09-13,2,LT,quantile,0.15,0
2026-09-09,ILI incidence,2026-09-13,2,LT,quantile,0.2,0
2026-09-09,ILI incidence,2026-09-13,2,LT,quantile,0.25,0
2026-09-09,ILI incidence,2026-09-13,2,LT,quantile,0.3,0
2026-09-09,ILI incidence,2026-09-13,2,LT,quantile,0.35,0
2026-09-09,ILI incidence,2026-09-13,2,LT,quantile,0.4,2.04729468702759
2026-09-09,ILI incidence,2026-09-13,2,LT,quantile,0.45,8.35783476105443
2026-09-09,ILI incidence,2026-09-13,2,LT,quantile,0.5,14.2473975277843
2026-09-09,ILI incidence,2026-09-13,2,LT,quantile,0.55,21.0965901873552
2026-09-09,ILI incidence,2026-09-13,2,LT,quantile,0.6,27.7598080212924
2026-09-09,ILI incidence,2026-09-13,2,LT,quantile,0.65,34.852545933688
2026-09-09,ILI incidence,2026-09-13,2,LT,quantile,0.7,41.9367772430255
2026-09-09,ILI incidence,2026-09-13,2,LT,quantile,0.75,50.0669991572251
2026-09-09,ILI incidence,2026-09-13,2,LT,quantile,0.8,58.4318930866376
2026-09-09,ILI incidence,2026-09-13,2,LT,quantile,0.85,68.4537134530931
2026-09-09,ILI incidence,2026-09-13,2,LT,quantile,0.9,81.1266962842032
2026-09-09,ILI incidence,2026-09-13,2,LT,quantile,0.95,100.209433795973
2026-09-09,ILI incidence,2026-09-13,2,LT,quantile,0.975,115.743525153599
2026-09-09,ILI incidence,2026-09-13,2,LT,quantile,0.99,135.933420533134
2026-09-09,ILI incidence,2026-09-20,3,LT,median,,24.5474045113919
2026-09-09,ILI incidence,2026-09-20,3,LT,quantile,0.01,0
2026-09-09,ILI incidence,2026-09-20,3,LT,quantile,0.025,0
2026-09-09,ILI incidence,2026-09-20,3,LT,quantile,0.05,0
2026-09-09,ILI incidence,2026-09-20,3,LT,quantile,0.1,0
2026-09-09,ILI incidence,2026-09-20,3,LT,quantile,0.15,0
2026-09-09,ILI incidence,2026-09-20,3,LT,quantile,0.2,0
2026-09-09,ILI incidence,2026-09-20,3,LT,quantile,0.25,0
2026-09-09,ILI incidence,2026-09-20,3,LT,quantile,0.3,0
2026-09-09,ILI incidence,2026-09-20,3,LT,quantile,0.35,0
2026-09-09,ILI incidence,2026-09-20,3,LT,quantile,0.4,5.67563499207816
2026-09-09,ILI incidence,2026-09-20,3,LT,quantile,0.45,14.8699632842394
2026-09-09,ILI incidence,2026-09-20,3,LT,quantile,0.5,23.6214515694183
2026-09-09,ILI incidence,2026-09-20,3,LT,quantile,0.55,32.9794456418949
2026-09-09,ILI incidence,2026-09-20,3,LT,quantile,0.6,42.2438192114747
2026-09-09,ILI incidence,2026-09-20,3,LT,quantile,0.65,53.0740383328933
2026-09-09,ILI incidence,2026-09-20,3,LT,quantile,0.7,63.438113625914
2026-09-09,ILI incidence,2026-09-20,3,LT,quantile,0.75,74.7263190403105
2026-09-09,ILI incidence,2026-09-20,3,LT,quantile,0.8,87.0044274863752
2026-09-09,ILI incidence,2026-09-20,3,LT,quantile,0.85,101.717695798927
2026-09-09,ILI incidence,2026-09-20,3,LT,quantile,0.9,120.723951820773
2026-09-09,ILI incidence,2026-09-20,3,LT,quantile,0.95,146.897450565686
2026-09-09,ILI incidence,2026-09-20,3,LT,quantile,0.975,169.193946926621
2026-09-09,ILI incidence,2026-09-20,3,LT,quantile,0.99,198.67096070636
2026-09-09,ILI incidence,2026-09-27,4,LT,median,,33.1681512378844
2026-09-09,ILI incidence,2026-09-27,4,LT,quantile,0.01,0
2026-09-09,ILI incidence,2026-09-27,4,LT,quantile,0.025,0
2026-09-09,ILI incidence,2026-09-27,4,LT,quantile,0.05,0
2026-09-09,ILI incidence,2026-09-27,4,LT,quantile,0.1,0
2026-09-09,ILI incidence,2026-09-27,4,LT,quantile,0.15,0
2026-09-09,ILI incidence,2026-09-27,4,LT,quantile,0.2,0
2026-09-09,ILI incidence,2026-09-27,4,LT,quantile,0.25,0
2026-09-09,ILI incidence,2026-09-27,4,LT,quantile,0.3,0
2026-09-09,ILI incidence,2026-09-27,4,LT,quantile,0.35,0
2026-09-09,ILI incidence,2026-09-27,4,LT,quantile,0.4,10.4250390114225
2026-09-09,ILI incidence,2026-09-27,4,LT,quantile,0.45,20.8761910499163
2026-09-09,ILI incidence,2026-09-27,4,LT,quantile,0.5,31.6548401467932
2026-09-09,ILI incidence,2026-09-27,4,LT,quantile,0.55,42.2704915757394
2026-09-09,ILI incidence,2026-09-27,4,LT,quantile,0.6,54.0979912617005
2026-09-09,ILI incidence,2026-09-27,4,LT,quantile,0.65,66.0573254634363
2026-09-09,ILI incidence,2026-09-27,4,LT,quantile,0.7,78.9511315402301
2026-09-09,ILI incidence,2026-09-27,4,LT,quantile,0.75,92.579166421467
2026-09-09,ILI incidence,2026-09-27,4,LT,quantile,0.8,108.178227242201
2026-09-09,ILI incidence,2026-09-27,4,LT,quantile,0.85,126.161033188576
2026-09-09,ILI incidence,2026-09-27,4,LT,quantile,0.9,148.5397375366
2026-09-09,ILI incidence,2026-09-27,4,LT,quantile,0.95,180.382306647974
2026-09-09,ILI incidence,2026-09-27,4,LT,quantile,0.975,207.671440020087
2026-09-09,ILI incidence,2026-09-27,4,LT,quantile,0.99,239.860908411258
2026-09-09,ILI incidence,2026-09-06,1,LU,median,,2734.12674903892
2026-09-09,ILI incidence,2026-09-06,1,LU,quantile,0.01,0
2026-09-09,ILI incidence,2026-09-06,1,LU,quantile,0.025,0
2026-09-09,ILI incidence,2026-09-06,1,LU,quantile,0.05,0
2026-09-09,ILI incidence,2026-09-06,1,LU,quantile,0.1,0
2026-09-09,ILI incidence,2026-09-06,1,LU,quantile,0.15,439.493526679766
2026-09-09,ILI incidence,2026-09-06,1,LU,quantile,0.2,878.526754533612
2026-09-09,ILI incidence,2026-09-06,1,LU,quantile,0.25,1234.25590821892
2026-09-09,ILI incidence,2026-09-06,1,LU,quantile,0.3,1563.90552610166
2026-09-09,ILI incidence,2026-09-06,1,LU,quantile,0.35,1877.16066175058
2026-09-09,ILI incidence,2026-09-06,1,LU,quantile,0.4,2189.27902155007
2026-09-09,ILI incidence,2026-09-06,1,LU,quantile,0.45,2480.42007584812
2026-09-09,ILI incidence,2026-09-06,1,LU,quantile,0.5,2763.10332737748
2026-09-09,ILI incidence,2026-09-06,1,LU,quantile,0.55,3048.08477193099
2026-09-09,ILI incidence,2026-09-06,1,LU,quantile,0.6,3313.49745245745
2026-09-09,ILI incidence,2026-09-06,1,LU,quantile,0.65,3630.16608466449
2026-09-09,ILI incidence,2026-09-06,1,LU,quantile,0.7,3931.37721518974
2026-09-09,ILI incidence,2026-09-06,1,LU,quantile,0.75,4258.99643579223
2026-09-09,ILI incidence,2026-09-06,1,LU,quantile,0.8,4644.78290932228
2026-09-09,ILI incidence,2026-09-06,1,LU,quantile,0.85,5091.10559384867
2026-09-09,ILI incidence,2026-09-06,1,LU,quantile,0.9,5634.56050776178
2026-09-09,ILI incidence,2026-09-06,1,LU,quantile,0.95,6436.28057275032
2026-09-09,ILI incidence,2026-09-06,1,LU,quantile,0.975,7128.46078066065
2026-09-09,ILI incidence,2026-09-06,1,LU,quantile,0.99,7896.04699267397
2026-09-09,ILI incidence,2026-09-13,2,LU,median,,2826.23598746422
2026-09-09,ILI incidence,2026-09-13,2,LU,quantile,0.01,0
2026-09-09,ILI incidence,2026-09-13,2,LU,quantile,0.025,0
2026-09-09,ILI incidence,2026-09-13,2,LU,quantile,0.05,0
2026-09-09,ILI incidence,2026-09-13,2,LU,quantile,0.1,0
2026-09-09,ILI incidence,2026-09-13,2,LU,quantile,0.15,126.331823389358
2026-09-09,ILI incidence,2026-09-13,2,LU,quantile,0.2,639.975402164992
2026-09-09,ILI incidence,2026-09-13,2,LU,quantile,0.25,1065.81594937746
2026-09-09,ILI incidence,2026-09-13,2,LU,quantile,0.3,1437.1600958948
2026-09-09,ILI incidence,2026-09-13,2,LU,quantile,0.35,1794.97600308554
2026-09-09,ILI incidence,2026-09-13,2,LU,quantile,0.4,2177.301538636
2026-09-09,ILI incidence,2026-09-13,2,LU,quantile,0.45,2524.16072349128
2026-09-09,ILI incidence,2026-09-13,2,LU,quantile,0.5,2866.35892053692
2026-09-09,ILI incidence,2026-09-13,2,LU,quantile,0.55,3195.01623564894
2026-09-09,ILI incidence,2026-09-13,2,LU,quantile,0.6,3514.27036614595
2026-09-09,ILI incidence,2026-09-13,2,LU,quantile,0.65,3852.35296534861
2026-09-09,ILI incidence,2026-09-13,2,LU,quantile,0.7,4216.30033556896
2026-09-09,ILI incidence,2026-09-13,2,LU,quantile,0.75,4605.93450962713
2026-09-09,ILI incidence,2026-09-13,2,LU,quantile,0.8,5027.83870815735
2026-09-09,ILI incidence,2026-09-13,2,LU,quantile,0.85,5549.63334591895
2026-09-09,ILI incidence,2026-09-13,2,LU,quantile,0.9,6174.12623027264
2026-09-09,ILI incidence,2026-09-13,2,LU,quantile,0.95,7195.14104259602
2026-09-09,ILI incidence,2026-09-13,2,LU,quantile,0.975,8017.67441320229
2026-09-09,ILI incidence,2026-09-13,2,LU,quantile,0.99,8962.69164422122
2026-09-09,ILI incidence,2026-09-20,3,LU,median,,3056.37264952301
2026-09-09,ILI incidence,2026-09-20,3,LU,quantile,0.01,0
2026-09-09,ILI incidence,2026-09-20,3,LU,quantile,0.025,0
2026-09-09,ILI incidence,2026-09-20,3,LU,quantile,0.05,0
2026-09-09,ILI incidence,2026-09-20,3,LU,quantile,0.1,0
2026-09-09,ILI incidence,2026-09-20,3,LU,quantile,0.15,0
2026-09-09,ILI incidence,2026-09-20,3,LU,quantile,0.2,567.379880647399
2026-09-09,ILI incidence,2026-09-20,3,LU,quantile,0.25,1033.74963315357
2026-09-09,ILI incidence,2026-09-20,3,LU,quantile,0.3,1498.72535831464
2026-09-09,ILI incidence,2026-09-20,3,LU,quantile,0.35,1917.13711949578
2026-09-09,ILI incidence,2026-09-20,3,LU,quantile,0.4,2327.97613213979
2026-09-09,ILI incidence,2026-09-20,3,LU,quantile,0.45,2693.09211855238
2026-09-09,ILI incidence,2026-09-20,3,LU,quantile,0.5,3082.24642373753
2026-09-09,ILI incidence,2026-09-20,3,LU,quantile,0.55,3464.36428247407
2026-09-09,ILI incidence,2026-09-20,3,LU,quantile,0.6,3842.91691441368
2026-09-09,ILI incidence,2026-09-20,3,LU,quantile,0.65,4238.66373463904
2026-09-09,ILI incidence,2026-09-20,3,LU,quantile,0.7,4675.63249715891
2026-09-09,ILI incidence,2026-09-20,3,LU,quantile,0.75,5112.60920576066
2026-09-09,ILI incidence,2026-09-20,3,LU,quantile,0.8,5585.26327529003
2026-09-09,ILI incidence,2026-09-20,3,LU,quantile,0.85,6213.30298373088
2026-09-09,ILI incidence,2026-09-20,3,LU,quantile,0.9,6920.66725115758
2026-09-09,ILI incidence,2026-09-20,3,LU,quantile,0.95,8146.2935870903
2026-09-09,ILI incidence,2026-09-20,3,LU,quantile,0.975,9025.76742773042
2026-09-09,ILI incidence,2026-09-20,3,LU,quantile,0.99,10117.1960778491
2026-09-09,ILI incidence,2026-09-27,4,LU,median,,3169.45905966691
2026-09-09,ILI incidence,2026-09-27,4,LU,quantile,0.01,0
2026-09-09,ILI incidence,2026-09-27,4,LU,quantile,0.025,0
2026-09-09,ILI incidence,2026-09-27,4,LU,quantile,0.05,0
2026-09-09,ILI incidence,2026-09-27,4,LU,quantile,0.1,0
2026-09-09,ILI incidence,2026-09-27,4,LU,quantile,0.15,0
2026-09-09,ILI incidence,2026-09-27,4,LU,quantile,0.2,466.100139184512
2026-09-09,ILI incidence,2026-09-27,4,LU,quantile,0.25,1009.58616163649
2026-09-09,ILI incidence,2026-09-27,4,LU,quantile,0.3,1486.4262180967
2026-09-09,ILI incidence,2026-09-27,4,LU,quantile,0.35,1937.06640143145
2026-09-09,ILI incidence,2026-09-27,4,LU,quantile,0.4,2370.46364941907
2026-09-09,ILI incidence,2026-09-27,4,LU,quantile,0.45,2774.15685832284
2026-09-09,ILI incidence,2026-09-27,4,LU,quantile,0.5,3229.47854920624
2026-09-09,ILI incidence,2026-09-27,4,LU,quantile,0.55,3670.04471856718
2026-09-09,ILI incidence,2026-09-27,4,LU,quantile,0.6,4092.15839941511
2026-09-09,ILI incidence,2026-09-27,4,LU,quantile,0.65,4488.88300126889
2026-09-09,ILI incidence,2026-09-27,4,LU,quantile,0.7,4946.7176245519
2026-09-09,ILI incidence,2026-09-27,4,LU,quantile,0.75,5409.63298177543
2026-09-09,ILI incidence,2026-09-27,4,LU,quantile,0.8,5922.04286516842
2026-09-09,ILI incidence,2026-09-27,4,LU,quantile,0.85,6583.10285846907
2026-09-09,ILI incidence,2026-09-27,4,LU,quantile,0.9,7416.71701754857
2026-09-09,ILI incidence,2026-09-27,4,LU,quantile,0.95,8557.73657724472
2026-09-09,ILI incidence,2026-09-27,4,LU,quantile,0.975,9582.91888611367
2026-09-09,ILI incidence,2026-09-27,4,LU,quantile,0.99,10708.3427566386
2026-09-09,ILI incidence,2026-09-06,1,MT,median,,7018.1675026526
2026-09-09,ILI incidence,2026-09-06,1,MT,quantile,0.01,3383.59204150212
2026-09-09,ILI incidence,2026-09-06,1,MT,quantile,0.025,3979.52416225139
2026-09-09,ILI incidence,2026-09-06,1,MT,quantile,0.05,4496.02341600792
2026-09-09,ILI incidence,2026-09-06,1,MT,quantile,0.1,5059.58328589811
2026-09-09,ILI incidence,2026-09-06,1,MT,quantile,0.15,5419.52681927924
2026-09-09,ILI incidence,2026-09-06,1,MT,quantile,0.2,5727.48142453068
2026-09-09,ILI incidence,2026-09-06,1,MT,quantile,0.25,6005.74302643708
2026-09-09,ILI incidence,2026-09-06,1,MT,quantile,0.3,6230.42856733346
2026-09-09,ILI incidence,2026-09-06,1,MT,quantile,0.35,6452.9692708813
2026-09-09,ILI incidence,2026-09-06,1,MT,quantile,0.4,6659.39463474075
2026-09-09,ILI incidence,2026-09-06,1,MT,quantile,0.45,6851.54644506709
2026-09-09,ILI incidence,2026-09-06,1,MT,quantile,0.5,7042.83886769982
2026-09-09,ILI incidence,2026-09-06,1,MT,quantile,0.55,7223.89297743399
2026-09-09,ILI incidence,2026-09-06,1,MT,quantile,0.6,7427.19930608836
2026-09-09,ILI incidence,2026-09-06,1,MT,quantile,0.65,7633.33988517172
2026-09-09,ILI incidence,2026-09-06,1,MT,quantile,0.7,7843.81964514801
2026-09-09,ILI incidence,2026-09-06,1,MT,quantile,0.75,8076.52677991728
2026-09-09,ILI incidence,2026-09-06,1,MT,quantile,0.8,8328.85615395435
2026-09-09,ILI incidence,2026-09-06,1,MT,quantile,0.85,8636.25422854939
2026-09-09,ILI incidence,2026-09-06,1,MT,quantile,0.9,9007.37767693841
2026-09-09,ILI incidence,2026-09-06,1,MT,quantile,0.95,9574.02131236639
2026-09-09,ILI incidence,2026-09-06,1,MT,quantile,0.975,10024.6431750003
2026-09-09,ILI incidence,2026-09-06,1,MT,quantile,0.99,10564.8309067895
2026-09-09,ILI incidence,2026-09-13,2,MT,median,,7175.18309267855
2026-09-09,ILI incidence,2026-09-13,2,MT,quantile,0.01,3023.98820552863
2026-09-09,ILI incidence,2026-09-13,2,MT,quantile,0.025,3737.64487379119
2026-09-09,ILI incidence,2026-09-13,2,MT,quantile,0.05,4278.5291313547
2026-09-09,ILI incidence,2026-09-13,2,MT,quantile,0.1,4920.15384572534
2026-09-09,ILI incidence,2026-09-13,2,MT,quantile,0.15,5366.57549296143
2026-09-09,ILI incidence,2026-09-13,2,MT,quantile,0.2,5682.71412607296
2026-09-09,ILI incidence,2026-09-13,2,MT,quantile,0.25,5971.80882723865
2026-09-09,ILI incidence,2026-09-13,2,MT,quantile,0.3,6232.17464347464
2026-09-09,ILI incidence,2026-09-13,2,MT,quantile,0.35,6495.58306662825
2026-09-09,ILI incidence,2026-09-13,2,MT,quantile,0.4,6737.58622636675
2026-09-09,ILI incidence,2026-09-13,2,MT,quantile,0.45,6966.37998734927
2026-09-09,ILI incidence,2026-09-13,2,MT,quantile,0.5,7189.35408241555
2026-09-09,ILI incidence,2026-09-13,2,MT,quantile,0.55,7409.52568046902
2026-09-09,ILI incidence,2026-09-13,2,MT,quantile,0.6,7624.27177584296
2026-09-09,ILI incidence,2026-09-13,2,MT,quantile,0.65,7865.86718355573
2026-09-09,ILI incidence,2026-09-13,2,MT,quantile,0.7,8109.044995147
2026-09-09,ILI incidence,2026-09-13,2,MT,quantile,0.75,8391.32993106885
2026-09-09,ILI incidence,2026-09-13,2,MT,quantile,0.8,8703.92184322447
2026-09-09,ILI incidence,2026-09-13,2,MT,quantile,0.85,9065.5454387361
2026-09-09,ILI incidence,2026-09-13,2,MT,quantile,0.9,9502.58207211056
2026-09-09,ILI incidence,2026-09-13,2,MT,quantile,0.95,10174.549445684
2026-09-09,ILI incidence,2026-09-13,2,MT,quantile,0.975,10769.5023200661
2026-09-09,ILI incidence,2026-09-13,2,MT,quantile,0.99,11440.3698014296
2026-09-09,ILI incidence,2026-09-20,3,MT,median,,6701.78416310396
2026-09-09,ILI incidence,2026-09-20,3,MT,quantile,0.01,2013.95661168472
2026-09-09,ILI incidence,2026-09-20,3,MT,quantile,0.025,2709.16718155325
2026-09-09,ILI incidence,2026-09-20,3,MT,quantile,0.05,3319.0602530535
2026-09-09,ILI incidence,2026-09-20,3,MT,quantile,0.1,4064.08852167665
2026-09-09,ILI incidence,2026-09-20,3,MT,quantile,0.15,4577.11062445449
2026-09-09,ILI incidence,2026-09-20,3,MT,quantile,0.2,4975.87085206939
2026-09-09,ILI incidence,2026-09-20,3,MT,quantile,0.25,5331.70956324975
2026-09-09,ILI incidence,2026-09-20,3,MT,quantile,0.3,5649.59335833703
2026-09-09,ILI incidence,2026-09-20,3,MT,quantile,0.35,5927.82018824326
2026-09-09,ILI incidence,2026-09-20,3,MT,quantile,0.4,6189.17141884809
2026-09-09,ILI incidence,2026-09-20,3,MT,quantile,0.45,6449.89073686247
2026-09-09,ILI incidence,2026-09-20,3,MT,quantile,0.5,6700.53375216585
2026-09-09,ILI incidence,2026-09-20,3,MT,quantile,0.55,6951.10253925646
2026-09-09,ILI incidence,2026-09-20,3,MT,quantile,0.6,7209.94983352211
2026-09-09,ILI incidence,2026-09-20,3,MT,quantile,0.65,7481.40441154908
2026-09-09,ILI incidence,2026-09-20,3,MT,quantile,0.7,7754.752898332
2026-09-09,ILI incidence,2026-09-20,3,MT,quantile,0.75,8055.96301257057
2026-09-09,ILI incidence,2026-09-20,3,MT,quantile,0.8,8398.52205925584
2026-09-09,ILI incidence,2026-09-20,3,MT,quantile,0.85,8770.66286562027
2026-09-09,ILI incidence,2026-09-20,3,MT,quantile,0.9,9275.78323873509
2026-09-09,ILI incidence,2026-09-20,3,MT,quantile,0.95,9979.6884191259
2026-09-09,ILI incidence,2026-09-20,3,MT,quantile,0.975,10631.9004677124
2026-09-09,ILI incidence,2026-09-20,3,MT,quantile,0.99,11314.6205063299
2026-09-09,ILI incidence,2026-09-27,4,MT,median,,6523.42947149929
2026-09-09,ILI incidence,2026-09-27,4,MT,quantile,0.01,1289.68096882204
2026-09-09,ILI incidence,2026-09-27,4,MT,quantile,0.025,2096.55661606148
2026-09-09,ILI incidence,2026-09-27,4,MT,quantile,0.05,2778.68283162064
2026-09-09,ILI incidence,2026-09-27,4,MT,quantile,0.1,3622.17347598253
2026-09-09,ILI incidence,2026-09-27,4,MT,quantile,0.15,4186.6411344267
2026-09-09,ILI incidence,2026-09-27,4,MT,quantile,0.2,4596.59369202547
2026-09-09,ILI incidence,2026-09-27,4,MT,quantile,0.25,4996.71397882419
2026-09-09,ILI incidence,2026-09-27,4,MT,quantile,0.3,5361.86135877744
2026-09-09,ILI incidence,2026-09-27,4,MT,quantile,0.35,5671.01532359657
2026-09-09,ILI incidence,2026-09-27,4,MT,quantile,0.4,5961.16685382147
2026-09-09,ILI incidence,2026-09-27,4,MT,quantile,0.45,6244.29428345093
2026-09-09,ILI incidence,2026-09-27,4,MT,quantile,0.5,6535.24878697391
2026-09-09,ILI incidence,2026-09-27,4,MT,quantile,0.55,6809.67753189855
2026-09-09,ILI incidence,2026-09-27,4,MT,quantile,0.6,7092.64569492554
2026-09-09,ILI incidence,2026-09-27,4,MT,quantile,0.65,7405.38831980623
2026-09-09,ILI incidence,2026-09-27,4,MT,quantile,0.7,7722.27480730273
2026-09-09,ILI incidence,2026-09-27,4,MT,quantile,0.75,8063.21769745448
2026-09-09,ILI incidence,2026-09-27,4,MT,quantile,0.8,8486.54660501906
2026-09-09,ILI incidence,2026-09-27,4,MT,quantile,0.85,8921.86650480733
2026-09-09,ILI incidence,2026-09-27,4,MT,quantile,0.9,9507.88068375555
2026-09-09,ILI incidence,2026-09-27,4,MT,quantile,0.95,10361.4502890719
2026-09-09,ILI incidence,2026-09-27,4,MT,quantile,0.975,11062.5283372296
2026-09-09,ILI incidence,2026-09-27,4,MT,quantile,0.99,11954.7030589737
2026-09-09,ILI incidence,2026-09-06,1,NO,median,,14.0251220663049
2026-09-09,ILI incidence,2026-09-06,1,NO,quantile,0.01,0
2026-09-09,ILI incidence,2026-09-06,1,NO,quantile,0.025,0
2026-09-09,ILI incidence,2026-09-06,1,NO,quantile,0.05,0
2026-09-09,ILI incidence,2026-09-06,1,NO,quantile,0.1,0
2026-09-09,ILI incidence,2026-09-06,1,NO,quantile,0.15,0
2026-09-09,ILI incidence,2026-09-06,1,NO,quantile,0.2,2.18255024199216
2026-09-09,ILI incidence,2026-09-06,1,NO,quantile,0.25,4.78823664057551
2026-09-09,ILI incidence,2026-09-06,1,NO,quantile,0.3,6.76152916862006
2026-09-09,ILI incidence,2026-09-06,1,NO,quantile,0.35,8.64711031620186
2026-09-09,ILI incidence,2026-09-06,1,NO,quantile,0.4,10.6023133235721
2026-09-09,ILI incidence,2026-09-06,1,NO,quantile,0.45,12.3592437019223
2026-09-09,ILI incidence,2026-09-06,1,NO,quantile,0.5,14.1718179987223
2026-09-09,ILI incidence,2026-09-06,1,NO,quantile,0.55,15.8650188575261
2026-09-09,ILI incidence,2026-09-06,1,NO,quantile,0.6,17.7163442603014
2026-09-09,ILI incidence,2026-09-06,1,NO,quantile,0.65,19.5086671100687
2026-09-09,ILI incidence,2026-09-06,1,NO,quantile,0.7,21.4872570092388
2026-09-09,ILI incidence,2026-09-06,1,NO,quantile,0.75,23.6149986468709
2026-09-09,ILI incidence,2026-09-06,1,NO,quantile,0.8,26.1077889814869
2026-09-09,ILI incidence,2026-09-06,1,NO,quantile,0.85,28.7651458278963
2026-09-09,ILI incidence,2026-09-06,1,NO,quantile,0.9,32.3658560187033
2026-09-09,ILI incidence,2026-09-06,1,NO,quantile,0.95,37.8641664845132
2026-09-09,ILI incidence,2026-09-06,1,NO,quantile,0.975,42.1005318572729
2026-09-09,ILI incidence,2026-09-06,1,NO,quantile,0.99,46.9762932725462
2026-09-09,ILI incidence,2026-09-13,2,NO,median,,16.7917017298811
2026-09-09,ILI incidence,2026-09-13,2,NO,quantile,0.01,0
2026-09-09,ILI incidence,2026-09-13,2,NO,quantile,0.025,0
2026-09-09,ILI incidence,2026-09-13,2,NO,quantile,0.05,0
2026-09-09,ILI incidence,2026-09-13,2,NO,quantile,0.1,0
2026-09-09,ILI incidence,2026-09-13,2,NO,quantile,0.15,0
2026-09-09,ILI incidence,2026-09-13,2,NO,quantile,0.2,0.571568869295301
2026-09-09,ILI incidence,2026-09-13,2,NO,quantile,0.25,3.77074718908363
2026-09-09,ILI incidence,2026-09-13,2,NO,quantile,0.3,6.6552830922841
2026-09-09,ILI incidence,2026-09-13,2,NO,quantile,0.35,9.59691792115149
2026-09-09,ILI incidence,2026-09-13,2,NO,quantile,0.4,12.0331354942298
2026-09-09,ILI incidence,2026-09-13,2,NO,quantile,0.45,14.3084573634936
2026-09-09,ILI incidence,2026-09-13,2,NO,quantile,0.5,16.5533992548619
2026-09-09,ILI incidence,2026-09-13,2,NO,quantile,0.55,19.1205603320628
2026-09-09,ILI incidence,2026-09-13,2,NO,quantile,0.6,21.6762062256345
2026-09-09,ILI incidence,2026-09-13,2,NO,quantile,0.65,24.2574706265788
2026-09-09,ILI incidence,2026-09-13,2,NO,quantile,0.7,26.8314342404119
2026-09-09,ILI incidence,2026-09-13,2,NO,quantile,0.75,29.6938271643938
2026-09-09,ILI incidence,2026-09-13,2,NO,quantile,0.8,32.9672871008329
2026-09-09,ILI incidence,2026-09-13,2,NO,quantile,0.85,36.7886752095136
2026-09-09,ILI incidence,2026-09-13,2,NO,quantile,0.9,41.7183811613868
2026-09-09,ILI incidence,2026-09-13,2,NO,quantile,0.95,48.938650084103
2026-09-09,ILI incidence,2026-09-13,2,NO,quantile,0.975,55.3350215869576
2026-09-09,ILI incidence,2026-09-13,2,NO,quantile,0.99,61.9004156298877
2026-09-09,ILI incidence,2026-09-20,3,NO,median,,19.6155316063014
2026-09-09,ILI incidence,2026-09-20,3,NO,quantile,0.01,0
2026-09-09,ILI incidence,2026-09-20,3,NO,quantile,0.025,0
2026-09-09,ILI incidence,2026-09-20,3,NO,quantile,0.05,0
2026-09-09,ILI incidence,2026-09-20,3,NO,quantile,0.1,0
2026-09-09,ILI incidence,2026-09-20,3,NO,quantile,0.15,0
2026-09-09,ILI incidence,2026-09-20,3,NO,quantile,0.2,0.607316214097672
2026-09-09,ILI incidence,2026-09-20,3,NO,quantile,0.25,4.49010243783328
2026-09-09,ILI incidence,2026-09-20,3,NO,quantile,0.3,7.82819189279816
2026-09-09,ILI incidence,2026-09-20,3,NO,quantile,0.35,10.8167623050483
2026-09-09,ILI incidence,2026-09-20,3,NO,quantile,0.4,13.7364968937485
2026-09-09,ILI incidence,2026-09-20,3,NO,quantile,0.45,16.4910611176507
2026-09-09,ILI incidence,2026-09-20,3,NO,quantile,0.5,19.5758972333714
2026-09-09,ILI incidence,2026-09-20,3,NO,quantile,0.55,22.5499270130171
2026-09-09,ILI incidence,2026-09-20,3,NO,quantile,0.6,25.2579375808698
2026-09-09,ILI incidence,2026-09-20,3,NO,quantile,0.65,28.1916305627073
2026-09-09,ILI incidence,2026-09-20,3,NO,quantile,0.7,31.2048856637808
2026-09-09,ILI incidence,2026-09-20,3,NO,quantile,0.75,34.9745049648534
2026-09-09,ILI incidence,2026-09-20,3,NO,quantile,0.8,38.6723161139386
2026-09-09,ILI incidence,2026-09-20,3,NO,quantile,0.85,43.1869812191742
2026-09-09,ILI incidence,2026-09-20,3,NO,quantile,0.9,48.961245495563404
2026-09-09,ILI incidence,2026-09-20,3,NO,quantile,0.95,56.9643486276859
2026-09-09,ILI incidence,2026-09-20,3,NO,quantile,0.975,63.9774663759617
2026-09-09,ILI incidence,2026-09-20,3,NO,quantile,0.99,72.0018571902533
2026-09-09,ILI incidence,2026-09-27,4,NO,median,,22.511491571172
2026-09-09,ILI incidence,2026-09-27,4,NO,quantile,0.01,0
2026-09-09,ILI incidence,2026-09-27,4,NO,quantile,0.025,0
2026-09-09,ILI incidence,2026-09-27,4,NO,quantile,0.05,0
2026-09-09,ILI incidence,2026-09-27,4,NO,quantile,0.1,0
2026-09-09,ILI incidence,2026-09-27,4,NO,quantile,0.15,0
2026-09-09,ILI incidence,2026-09-27,4,NO,quantile,0.2,0.223338535410447
2026-09-09,ILI incidence,2026-09-27,4,NO,quantile,0.25,4.50636733308501
2026-09-09,ILI incidence,2026-09-27,4,NO,quantile,0.3,8.68173204560613
2026-09-09,ILI incidence,2026-09-27,4,NO,quantile,0.35,12.6817572721294
2026-09-09,ILI incidence,2026-09-27,4,NO,quantile,0.4,16.0964610853819
2026-09-09,ILI incidence,2026-09-27,4,NO,quantile,0.45,19.3636559311273
2026-09-09,ILI incidence,2026-09-27,4,NO,quantile,0.5,22.4151873114546
2026-09-09,ILI incidence,2026-09-27,4,NO,quantile,0.55,26.011038504048
2026-09-09,ILI incidence,2026-09-27,4,NO,quantile,0.6,29.6138918170028
2026-09-09,ILI incidence,2026-09-27,4,NO,quantile,0.65,33.0506700559365
2026-09-09,ILI incidence,2026-09-27,4,NO,quantile,0.7,36.8318251544234
2026-09-09,ILI incidence,2026-09-27,4,NO,quantile,0.75,40.6724305601288
2026-09-09,ILI incidence,2026-09-27,4,NO,quantile,0.8,45.1005972188011
2026-09-09,ILI incidence,2026-09-27,4,NO,quantile,0.85,50.1264142939446
2026-09-09,ILI incidence,2026-09-27,4,NO,quantile,0.9,56.6737305667357
2026-09-09,ILI incidence,2026-09-27,4,NO,quantile,0.95,66.524263511933
2026-09-09,ILI incidence,2026-09-27,4,NO,quantile,0.975,74.5423988125359
2026-09-09,ILI incidence,2026-09-27,4,NO,quantile,0.99,84.4653278376948
2026-09-09,ILI incidence,2026-09-06,1,RO,median,,0.673034627926022
2026-09-09,ILI incidence,2026-09-06,1,RO,quantile,0.01,0
2026-09-09,ILI incidence,2026-09-06,1,RO,quantile,0.025,0
2026-09-09,ILI incidence,2026-09-06,1,RO,quantile,0.05,0
2026-09-09,ILI incidence,2026-09-06,1,RO,quantile,0.1,0
2026-09-09,ILI incidence,2026-09-06,1,RO,quantile,0.15,0
2026-09-09,ILI incidence,2026-09-06,1,RO,quantile,0.2,0
2026-09-09,ILI incidence,2026-09-06,1,RO,quantile,0.25,0
2026-09-09,ILI incidence,2026-09-06,1,RO,quantile,0.3,0
2026-09-09,ILI incidence,2026-09-06,1,RO,quantile,0.35,0
2026-09-09,ILI incidence,2026-09-06,1,RO,quantile,0.4,0
2026-09-09,ILI incidence,2026-09-06,1,RO,quantile,0.45,0.125310361234506
2026-09-09,ILI incidence,2026-09-06,1,RO,quantile,0.5,0.678436213175909
2026-09-09,ILI incidence,2026-09-06,1,RO,quantile,0.55,1.23311763765319
2026-09-09,ILI incidence,2026-09-06,1,RO,quantile,0.6,1.77929227003111
2026-09-09,ILI incidence,2026-09-06,1,RO,quantile,0.65,2.34572430536003
2026-09-09,ILI incidence,2026-09-06,1,RO,quantile,0.7,2.88023410652388
2026-09-09,ILI incidence,2026-09-06,1,RO,quantile,0.75,3.48310079243151
2026-09-09,ILI incidence,2026-09-06,1,RO,quantile,0.8,4.14269860433429
2026-09-09,ILI incidence,2026-09-06,1,RO,quantile,0.85,4.89338334791275
2026-09-09,ILI incidence,2026-09-06,1,RO,quantile,0.9,5.88722966924793
2026-09-09,ILI incidence,2026-09-06,1,RO,quantile,0.95,7.40323096859133
2026-09-09,ILI incidence,2026-09-06,1,RO,quantile,0.975,8.92376406047005
2026-09-09,ILI incidence,2026-09-06,1,RO,quantile,0.99,10.5149719028603
2026-09-09,ILI incidence,2026-09-13,2,RO,median,,1.47063808766679
2026-09-09,ILI incidence,2026-09-13,2,RO,quantile,0.01,0
2026-09-09,ILI incidence,2026-09-13,2,RO,quantile,0.025,0
2026-09-09,ILI incidence,2026-09-13,2,RO,quantile,0.05,0
2026-09-09,ILI incidence,2026-09-13,2,RO,quantile,0.1,0
2026-09-09,ILI incidence,2026-09-13,2,RO,quantile,0.15,0
2026-09-09,ILI incidence,2026-09-13,2,RO,quantile,0.2,0
2026-09-09,ILI incidence,2026-09-13,2,RO,quantile,0.25,0
2026-09-09,ILI incidence,2026-09-13,2,RO,quantile,0.3,0
2026-09-09,ILI incidence,2026-09-13,2,RO,quantile,0.35,0
2026-09-09,ILI incidence,2026-09-13,2,RO,quantile,0.4,0
2026-09-09,ILI incidence,2026-09-13,2,RO,quantile,0.45,0.63210805025199
2026-09-09,ILI incidence,2026-09-13,2,RO,quantile,0.5,1.40131013091762
2026-09-09,ILI incidence,2026-09-13,2,RO,quantile,0.55,2.22989267788243
2026-09-09,ILI incidence,2026-09-13,2,RO,quantile,0.6,3.0714948093976
2026-09-09,ILI incidence,2026-09-13,2,RO,quantile,0.65,3.86437701497406
2026-09-09,ILI incidence,2026-09-13,2,RO,quantile,0.7,4.76764781355419
2026-09-09,ILI incidence,2026-09-13,2,RO,quantile,0.75,5.65486792479407
2026-09-09,ILI incidence,2026-09-13,2,RO,quantile,0.8,6.66489513332333
2026-09-09,ILI incidence,2026-09-13,2,RO,quantile,0.85,7.86109076059064
2026-09-09,ILI incidence,2026-09-13,2,RO,quantile,0.9,9.42718490165627
2026-09-09,ILI incidence,2026-09-13,2,RO,quantile,0.95,11.6187944606005
2026-09-09,ILI incidence,2026-09-13,2,RO,quantile,0.975,13.4877498362743
2026-09-09,ILI incidence,2026-09-13,2,RO,quantile,0.99,15.7102273273743
2026-09-09,ILI incidence,2026-09-20,3,RO,median,,2.26214736609753
2026-09-09,ILI incidence,2026-09-20,3,RO,quantile,0.01,0
2026-09-09,ILI incidence,2026-09-20,3,RO,quantile,0.025,0
2026-09-09,ILI incidence,2026-09-20,3,RO,quantile,0.05,0
2026-09-09,ILI incidence,2026-09-20,3,RO,quantile,0.1,0
2026-09-09,ILI incidence,2026-09-20,3,RO,quantile,0.15,0
2026-09-09,ILI incidence,2026-09-20,3,RO,quantile,0.2,0
2026-09-09,ILI incidence,2026-09-20,3,RO,quantile,0.25,0
2026-09-09,ILI incidence,2026-09-20,3,RO,quantile,0.3,0
2026-09-09,ILI incidence,2026-09-20,3,RO,quantile,0.35,0
2026-09-09,ILI incidence,2026-09-20,3,RO,quantile,0.4,0.394407952230354
2026-09-09,ILI incidence,2026-09-20,3,RO,quantile,0.45,1.37770327311775
2026-09-09,ILI incidence,2026-09-20,3,RO,quantile,0.5,2.25398985149035
2026-09-09,ILI incidence,2026-09-20,3,RO,quantile,0.55,3.22615321162344
2026-09-09,ILI incidence,2026-09-20,3,RO,quantile,0.6,4.17703410911045
2026-09-09,ILI incidence,2026-09-20,3,RO,quantile,0.65,5.22179356106741
2026-09-09,ILI incidence,2026-09-20,3,RO,quantile,0.7,6.29200208116671
2026-09-09,ILI incidence,2026-09-20,3,RO,quantile,0.75,7.34637707590864
2026-09-09,ILI incidence,2026-09-20,3,RO,quantile,0.8,8.56760241093431
2026-09-09,ILI incidence,2026-09-20,3,RO,quantile,0.85,10.1132055013569
2026-09-09,ILI incidence,2026-09-20,3,RO,quantile,0.9,11.9676334565278
2026-09-09,ILI incidence,2026-09-20,3,RO,quantile,0.95,14.6450339406131
2026-09-09,ILI incidence,2026-09-20,3,RO,quantile,0.975,17.0339937117817
2026-09-09,ILI incidence,2026-09-20,3,RO,quantile,0.99,19.487869196647
2026-09-09,ILI incidence,2026-09-27,4,RO,median,,3.01127675479726
2026-09-09,ILI incidence,2026-09-27,4,RO,quantile,0.01,0
2026-09-09,ILI incidence,2026-09-27,4,RO,quantile,0.025,0
2026-09-09,ILI incidence,2026-09-27,4,RO,quantile,0.05,0
2026-09-09,ILI incidence,2026-09-27,4,RO,quantile,0.1,0
2026-09-09,ILI incidence,2026-09-27,4,RO,quantile,0.15,0
2026-09-09,ILI incidence,2026-09-27,4,RO,quantile,0.2,0
2026-09-09,ILI incidence,2026-09-27,4,RO,quantile,0.25,0
2026-09-09,ILI incidence,2026-09-27,4,RO,quantile,0.3,0
2026-09-09,ILI incidence,2026-09-27,4,RO,quantile,0.35,0
2026-09-09,ILI incidence,2026-09-27,4,RO,quantile,0.4,0.826341992175525
2026-09-09,ILI incidence,2026-09-27,4,RO,quantile,0.45,1.96934320317838
2026-09-09,ILI incidence,2026-09-27,4,RO,quantile,0.5,2.99064956393286
2026-09-09,ILI incidence,2026-09-27,4,RO,quantile,0.55,4.09452485474215
2026-09-09,ILI incidence,2026-09-27,4,RO,quantile,0.6,5.15572748229877
2026-09-09,ILI incidence,2026-09-27,4,RO,quantile,0.65,6.24243513349354
2026-09-09,ILI incidence,2026-09-27,4,RO,quantile,0.7,7.44013697037435
2026-09-09,ILI incidence,2026-09-27,4,RO,quantile,0.75,8.75089832291911
2026-09-09,ILI incidence,2026-09-27,4,RO,quantile,0.8,10.0866013217667
2026-09-09,ILI incidence,2026-09-27,4,RO,quantile,0.85,11.7539177162794
2026-09-09,ILI incidence,2026-09-27,4,RO,quantile,0.9,13.8266626635373
2026-09-09,ILI incidence,2026-09-27,4,RO,quantile,0.95,16.9668329218058
2026-09-09,ILI incidence,2026-09-27,4,RO,quantile,0.975,19.6890339845994
2026-09-09,ILI incidence,2026-09-27,4,RO,quantile,0.99,22.8600236722823
2026-09-09,ILI incidence,2026-09-06,1,SI,median,,3.70398842367728
2026-09-09,ILI incidence,2026-09-06,1,SI,quantile,0.01,0
2026-09-09,ILI incidence,2026-09-06,1,SI,quantile,0.025,0
2026-09-09,ILI incidence,2026-09-06,1,SI,quantile,0.05,0
2026-09-09,ILI incidence,2026-09-06,1,SI,quantile,0.1,0
2026-09-09,ILI incidence,2026-09-06,1,SI,quantile,0.15,0
2026-09-09,ILI incidence,2026-09-06,1,SI,quantile,0.2,0
2026-09-09,ILI incidence,2026-09-06,1,SI,quantile,0.25,0
2026-09-09,ILI incidence,2026-09-06,1,SI,quantile,0.3,0
2026-09-09,ILI incidence,2026-09-06,1,SI,quantile,0.35,0
2026-09-09,ILI incidence,2026-09-06,1,SI,quantile,0.4,0
2026-09-09,ILI incidence,2026-09-06,1,SI,quantile,0.45,0.342618485114441
2026-09-09,ILI incidence,2026-09-06,1,SI,quantile,0.5,3.982082004157
2026-09-09,ILI incidence,2026-09-06,1,SI,quantile,0.55,7.66761477032051
2026-09-09,ILI incidence,2026-09-06,1,SI,quantile,0.6,11.4135537703395
2026-09-09,ILI incidence,2026-09-06,1,SI,quantile,0.65,15.5088829193948
2026-09-09,ILI incidence,2026-09-06,1,SI,quantile,0.7,19.731849518707
2026-09-09,ILI incidence,2026-09-06,1,SI,quantile,0.75,24.0870287260196
2026-09-09,ILI incidence,2026-09-06,1,SI,quantile,0.8,28.9564341693346
2026-09-09,ILI incidence,2026-09-06,1,SI,quantile,0.85,35.0056535378501
2026-09-09,ILI incidence,2026-09-06,1,SI,quantile,0.9,42.6538900998316
2026-09-09,ILI incidence,2026-09-06,1,SI,quantile,0.95,53.1251726693428
2026-09-09,ILI incidence,2026-09-06,1,SI,quantile,0.975,61.8597191582754
2026-09-09,ILI incidence,2026-09-06,1,SI,quantile,0.99,72.8360726197131
2026-09-09,ILI incidence,2026-09-13,2,SI,median,,8.63008995708765
2026-09-09,ILI incidence,2026-09-13,2,SI,quantile,0.01,0
2026-09-09,ILI incidence,2026-09-13,2,SI,quantile,0.025,0
2026-09-09,ILI incidence,2026-09-13,2,SI,quantile,0.05,0
2026-09-09,ILI incidence,2026-09-13,2,SI,quantile,0.1,0
2026-09-09,ILI incidence,2026-09-13,2,SI,quantile,0.15,0
2026-09-09,ILI incidence,2026-09-13,2,SI,quantile,0.2,0
2026-09-09,ILI incidence,2026-09-13,2,SI,quantile,0.25,0
2026-09-09,ILI incidence,2026-09-13,2,SI,quantile,0.3,0
2026-09-09,ILI incidence,2026-09-13,2,SI,quantile,0.35,0
2026-09-09,ILI incidence,2026-09-13,2,SI,quantile,0.4,0
2026-09-09,ILI incidence,2026-09-13,2,SI,quantile,0.45,3.57162002550989
2026-09-09,ILI incidence,2026-09-13,2,SI,quantile,0.5,9.1962004467805
2026-09-09,ILI incidence,2026-09-13,2,SI,quantile,0.55,14.5906174741509
2026-09-09,ILI incidence,2026-09-13,2,SI,quantile,0.6,20.6620997518275
2026-09-09,ILI incidence,2026-09-13,2,SI,quantile,0.65,26.6980003328246
2026-09-09,ILI incidence,2026-09-13,2,SI,quantile,0.7,33.2281523611373
2026-09-09,ILI incidence,2026-09-13,2,SI,quantile,0.75,40.4311354872076
2026-09-09,ILI incidence,2026-09-13,2,SI,quantile,0.8,47.8616101498962
2026-09-09,ILI incidence,2026-09-13,2,SI,quantile,0.85,56.3705047954643
2026-09-09,ILI incidence,2026-09-13,2,SI,quantile,0.9,67.4692999885325
2026-09-09,ILI incidence,2026-09-13,2,SI,quantile,0.95,84.3987472630919
2026-09-09,ILI incidence,2026-09-13,2,SI,quantile,0.975,99.0972047791524
2026-09-09,ILI incidence,2026-09-13,2,SI,quantile,0.99,115.465189573805
2026-09-09,ILI incidence,2026-09-20,3,SI,median,,13.7813296843526
2026-09-09,ILI incidence,2026-09-20,3,SI,quantile,0.01,0
2026-09-09,ILI incidence,2026-09-20,3,SI,quantile,0.025,0
2026-09-09,ILI incidence,2026-09-20,3,SI,quantile,0.05,0
2026-09-09,ILI incidence,2026-09-20,3,SI,quantile,0.1,0
2026-09-09,ILI incidence,2026-09-20,3,SI,quantile,0.15,0
2026-09-09,ILI incidence,2026-09-20,3,SI,quantile,0.2,0
2026-09-09,ILI incidence,2026-09-20,3,SI,quantile,0.25,0
2026-09-09,ILI incidence,2026-09-20,3,SI,quantile,0.3,0
2026-09-09,ILI incidence,2026-09-20,3,SI,quantile,0.35,0
2026-09-09,ILI incidence,2026-09-20,3,SI,quantile,0.4,0
2026-09-09,ILI incidence,2026-09-20,3,SI,quantile,0.45,7.16806301773242
2026-09-09,ILI incidence,2026-09-20,3,SI,quantile,0.5,14.7930555963285
2026-09-09,ILI incidence,2026-09-20,3,SI,quantile,0.55,21.6807775361604
2026-09-09,ILI incidence,2026-09-20,3,SI,quantile,0.6,29.1371166161056
2026-09-09,ILI incidence,2026-09-20,3,SI,quantile,0.65,36.6656024953935
2026-09-09,ILI incidence,2026-09-20,3,SI,quantile,0.7,45.4317272244328
2026-09-09,ILI incidence,2026-09-20,3,SI,quantile,0.75,54.0753811354768
2026-09-09,ILI incidence,2026-09-20,3,SI,quantile,0.8,63.7536593184684
2026-09-09,ILI incidence,2026-09-20,3,SI,quantile,0.85,75.0324748171486
2026-09-09,ILI incidence,2026-09-20,3,SI,quantile,0.9,89.4481012521853
2026-09-09,ILI incidence,2026-09-20,3,SI,quantile,0.95,110.105651694851
2026-09-09,ILI incidence,2026-09-20,3,SI,quantile,0.975,128.673520803173
2026-09-09,ILI incidence,2026-09-20,3,SI,quantile,0.99,150.992586800262
2026-09-09,ILI incidence,2026-09-27,4,SI,median,,17.6441486437155
2026-09-09,ILI incidence,2026-09-27,4,SI,quantile,0.01,0
2026-09-09,ILI incidence,2026-09-27,4,SI,quantile,0.025,0
2026-09-09,ILI incidence,2026-09-27,4,SI,quantile,0.05,0
2026-09-09,ILI incidence,2026-09-27,4,SI,quantile,0.1,0
2026-09-09,ILI incidence,2026-09-27,4,SI,quantile,0.15,0
2026-09-09,ILI incidence,2026-09-27,4,SI,quantile,0.2,0
2026-09-09,ILI incidence,2026-09-27,4,SI,quantile,0.25,0
2026-09-09,ILI incidence,2026-09-27,4,SI,quantile,0.3,0
2026-09-09,ILI incidence,2026-09-27,4,SI,quantile,0.35,0
2026-09-09,ILI incidence,2026-09-27,4,SI,quantile,0.4,0.878414957578113
2026-09-09,ILI incidence,2026-09-27,4,SI,quantile,0.45,8.96816417894116
2026-09-09,ILI incidence,2026-09-27,4,SI,quantile,0.5,17.4970637026365
2026-09-09,ILI incidence,2026-09-27,4,SI,quantile,0.55,26.224967532654
2026-09-09,ILI incidence,2026-09-27,4,SI,quantile,0.6,34.3640236427488
2026-09-09,ILI incidence,2026-09-27,4,SI,quantile,0.65,43.7916973929862
2026-09-09,ILI incidence,2026-09-27,4,SI,quantile,0.7,52.7233106618285
2026-09-09,ILI incidence,2026-09-27,4,SI,quantile,0.75,62.4472438180444
2026-09-09,ILI incidence,2026-09-27,4,SI,quantile,0.8,72.0879231069549
2026-09-09,ILI incidence,2026-09-27,4,SI,quantile,0.85,85.6063422499445
2026-09-09,ILI incidence,2026-09-27,4,SI,quantile,0.9,101.414400122748
2026-09-09,ILI incidence,2026-09-27,4,SI,quantile,0.95,124.281906202187
2026-09-09,ILI incidence,2026-09-27,4,SI,quantile,0.975,144.521020883543
2026-09-09,ILI incidence,2026-09-27,4,SI,quantile,0.99,168.461663181701
2026-09-09,ARI incidence,2026-09-06,1,BE,median,,367.714761882374
2026-09-09,ARI incidence,2026-09-06,1,BE,quantile,0.01,155.032967426532
2026-09-09,ARI incidence,2026-09-06,1,BE,quantile,0.025,183.119937798941
2026-09-09,ARI incidence,2026-09-06,1,BE,quantile,0.05,208.481071842132
2026-09-09,ARI incidence,2026-09-06,1,BE,quantile,0.1,239.452623578975
2026-09-09,ARI incidence,2026-09-06,1,BE,quantile,0.15,261.152941470855
2026-09-09,ARI incidence,2026-09-06,1,BE,quantile,0.2,280.316769369769
2026-09-09,ARI incidence,2026-09-06,1,BE,quantile,0.25,296.735056102781
2026-09-09,ARI incidence,2026-09-06,1,BE,quantile,0.3,310.845851772112
2026-09-09,ARI incidence,2026-09-06,1,BE,quantile,0.35,324.037605668329
2026-09-09,ARI incidence,2026-09-06,1,BE,quantile,0.4,338.762391439719
2026-09-09,ARI incidence,2026-09-06,1,BE,quantile,0.45,352.425108008544
2026-09-09,ARI incidence,2026-09-06,1,BE,quantile,0.5,366.343802534269
2026-09-09,ARI incidence,2026-09-06,1,BE,quantile,0.55,381.595805283926
2026-09-09,ARI incidence,2026-09-06,1,BE,quantile,0.6,395.792365765974
2026-09-09,ARI incidence,2026-09-06,1,BE,quantile,0.65,410.228205592579
2026-09-09,ARI incidence,2026-09-06,1,BE,quantile,0.7,425.035171365605
2026-09-09,ARI incidence,2026-09-06,1,BE,quantile,0.75,442.895394380739
2026-09-09,ARI incidence,2026-09-06,1,BE,quantile,0.8,462.899307388803
2026-09-09,ARI incidence,2026-09-06,1,BE,quantile,0.85,488.070154507589
2026-09-09,ARI incidence,2026-09-06,1,BE,quantile,0.9,521.888698050553
2026-09-09,ARI incidence,2026-09-06,1,BE,quantile,0.95,570.600099987514
2026-09-09,ARI incidence,2026-09-06,1,BE,quantile,0.975,614.016154502657
2026-09-09,ARI incidence,2026-09-06,1,BE,quantile,0.99,664.992003219932
2026-09-09,ARI incidence,2026-09-13,2,BE,median,,425.889323462605
2026-09-09,ARI incidence,2026-09-13,2,BE,quantile,0.01,133.915911083775
2026-09-09,ARI incidence,2026-09-13,2,BE,quantile,0.025,173.227646901374
2026-09-09,ARI incidence,2026-09-13,2,BE,quantile,0.05,205.222520211408
2026-09-09,ARI incidence,2026-09-13,2,BE,quantile,0.1,248.15585769543
2026-09-09,ARI incidence,2026-09-13,2,BE,quantile,0.15,279.114256395706
2026-09-09,ARI incidence,2026-09-13,2,BE,quantile,0.2,303.901296601101
2026-09-09,ARI incidence,2026-09-13,2,BE,quantile,0.25,326.488820686385
2026-09-09,ARI incidence,2026-09-13,2,BE,quantile,0.3,347.198569642538
2026-09-09,ARI incidence,2026-09-13,2,BE,quantile,0.35,367.142513140102
2026-09-09,ARI incidence,2026-09-13,2,BE,quantile,0.4,386.726351840324
2026-09-09,ARI incidence,2026-09-13,2,BE,quantile,0.45,405.559883183328
2026-09-09,ARI incidence,2026-09-13,2,BE,quantile,0.5,424.83065842292
2026-09-09,ARI incidence,2026-09-13,2,BE,quantile,0.55,445.231844282369
2026-09-09,ARI incidence,2026-09-13,2,BE,quantile,0.6,466.688513606086
2026-09-09,ARI incidence,2026-09-13,2,BE,quantile,0.65,486.585035195643
2026-09-09,ARI incidence,2026-09-13,2,BE,quantile,0.7,510.62225147199
2026-09-09,ARI incidence,2026-09-13,2,BE,quantile,0.75,536.672421109021
2026-09-09,ARI incidence,2026-09-13,2,BE,quantile,0.8,567.047781164976
2026-09-09,ARI incidence,2026-09-13,2,BE,quantile,0.85,602.574128008227
2026-09-09,ARI incidence,2026-09-13,2,BE,quantile,0.9,646.642236264523
2026-09-09,ARI incidence,2026-09-13,2,BE,quantile,0.95,717.459746075428
2026-09-09,ARI incidence,2026-09-13,2,BE,quantile,0.975,789.181217956809
2026-09-09,ARI incidence,2026-09-13,2,BE,quantile,0.99,877.386270577767
2026-09-09,ARI incidence,2026-09-20,3,BE,median,,452.413663639097
2026-09-09,ARI incidence,2026-09-20,3,BE,quantile,0.01,101.538363437677
2026-09-09,ARI incidence,2026-09-20,3,BE,quantile,0.025,141.325755852377
2026-09-09,ARI incidence,2026-09-20,3,BE,quantile,0.05,178.63033406641
2026-09-09,ARI incidence,2026-09-20,3,BE,quantile,0.1,227.014190452942
2026-09-09,ARI incidence,2026-09-20,3,BE,quantile,0.15,264.585898186573
2026-09-09,ARI incidence,2026-09-20,3,BE,quantile,0.2,296.817560643196
2026-09-09,ARI incidence,2026-09-20,3,BE,quantile,0.25,325.063172954456
2026-09-09,ARI incidence,2026-09-20,3,BE,quantile,0.3,349.906252807663
2026-09-09,ARI incidence,2026-09-20,3,BE,quantile,0.35,375.134249129854
2026-09-09,ARI incidence,2026-09-20,3,BE,quantile,0.4,399.836819556701
2026-09-09,ARI incidence,2026-09-20,3,BE,quantile,0.45,424.382772630953
2026-09-09,ARI incidence,2026-09-20,3,BE,quantile,0.5,449.339323323101
2026-09-09,ARI incidence,2026-09-20,3,BE,quantile,0.55,476.852762297901
2026-09-09,ARI incidence,2026-09-20,3,BE,quantile,0.6,505.066004979775
2026-09-09,ARI incidence,2026-09-20,3,BE,quantile,0.65,533.285847974622
2026-09-09,ARI incidence,2026-09-20,3,BE,quantile,0.7,562.665955437025
2026-09-09,ARI incidence,2026-09-20,3,BE,quantile,0.75,598.21355207213
2026-09-09,ARI incidence,2026-09-20,3,BE,quantile,0.8,639.840703814764
2026-09-09,ARI incidence,2026-09-20,3,BE,quantile,0.85,685.47299403628
2026-09-09,ARI incidence,2026-09-20,3,BE,quantile,0.9,750.925757306712
2026-09-09,ARI incidence,2026-09-20,3,BE,quantile,0.95,846.111731077989
2026-09-09,ARI incidence,2026-09-20,3,BE,quantile,0.975,935.677758544308
2026-09-09,ARI incidence,2026-09-20,3,BE,quantile,0.99,1053.53473277796
2026-09-09,ARI incidence,2026-09-27,4,BE,median,,476.731044836611
2026-09-09,ARI incidence,2026-09-27,4,BE,quantile,0.01,80.6906120679411
2026-09-09,ARI incidence,2026-09-27,4,BE,quantile,0.025,118.401979857742
2026-09-09,ARI incidence,2026-09-27,4,BE,quantile,0.05,163.164932469057
2026-09-09,ARI incidence,2026-09-27,4,BE,quantile,0.1,218.218732936824
2026-09-09,ARI incidence,2026-09-27,4,BE,quantile,0.15,260.455889294027
2026-09-09,ARI incidence,2026-09-27,4,BE,quantile,0.2,298.814770356077
2026-09-09,ARI incidence,2026-09-27,4,BE,quantile,0.25,331.811940031137
2026-09-09,ARI incidence,2026-09-27,4,BE,quantile,0.3,360.77602043583
2026-09-09,ARI incidence,2026-09-27,4,BE,quantile,0.35,389.428937579597
2026-09-09,ARI incidence,2026-09-27,4,BE,quantile,0.4,417.199512085037
2026-09-09,ARI incidence,2026-09-27,4,BE,quantile,0.45,446.732560824369
2026-09-09,ARI incidence,2026-09-27,4,BE,quantile,0.5,475.25713166929
2026-09-09,ARI incidence,2026-09-27,4,BE,quantile,0.55,504.973135429139
2026-09-09,ARI incidence,2026-09-27,4,BE,quantile,0.6,534.870281092357
2026-09-09,ARI incidence,2026-09-27,4,BE,quantile,0.65,568.078790006811
2026-09-09,ARI incidence,2026-09-27,4,BE,quantile,0.7,605.004228326017
2026-09-09,ARI incidence,2026-09-27,4,BE,quantile,0.75,644.642471777976
2026-09-09,ARI incidence,2026-09-27,4,BE,quantile,0.8,690.584786871482
2026-09-09,ARI incidence,2026-09-27,4,BE,quantile,0.85,750.693333797518
2026-09-09,ARI incidence,2026-09-27,4,BE,quantile,0.9,830.060174702624
2026-09-09,ARI incidence,2026-09-27,4,BE,quantile,0.95,956.525676441069
2026-09-09,ARI incidence,2026-09-27,4,BE,quantile,0.975,1071.21564510136
2026-09-09,ARI incidence,2026-09-27,4,BE,quantile,0.99,1192.18010884703
2026-09-09,ARI incidence,2026-09-06,1,BG,median,,213.481001503668
2026-09-09,ARI incidence,2026-09-06,1,BG,quantile,0.01,63.4883979387778
2026-09-09,ARI incidence,2026-09-06,1,BG,quantile,0.025,81.1424920396219
2026-09-09,ARI incidence,2026-09-06,1,BG,quantile,0.05,98.2685256078882
2026-09-09,ARI incidence,2026-09-06,1,BG,quantile,0.1,119.144174595339
2026-09-09,ARI incidence,2026-09-06,1,BG,quantile,0.15,135.781619192232
2026-09-09,ARI incidence,2026-09-06,1,BG,quantile,0.2,150.068600941457
2026-09-09,ARI incidence,2026-09-06,1,BG,quantile,0.25,161.290534113689
2026-09-09,ARI incidence,2026-09-06,1,BG,quantile,0.3,172.862628352662
2026-09-09,ARI incidence,2026-09-06,1,BG,quantile,0.35,183.329632277106
2026-09-09,ARI incidence,2026-09-06,1,BG,quantile,0.4,193.406126251295
2026-09-09,ARI incidence,2026-09-06,1,BG,quantile,0.45,203.51316798319
2026-09-09,ARI incidence,2026-09-06,1,BG,quantile,0.5,213.298574798252
2026-09-09,ARI incidence,2026-09-06,1,BG,quantile,0.55,223.720123952057
2026-09-09,ARI incidence,2026-09-06,1,BG,quantile,0.6,234.743724795191
2026-09-09,ARI incidence,2026-09-06,1,BG,quantile,0.65,246.118505512427
2026-09-09,ARI incidence,2026-09-06,1,BG,quantile,0.7,258.831884087891
2026-09-09,ARI incidence,2026-09-06,1,BG,quantile,0.75,272.042835181406
2026-09-09,ARI incidence,2026-09-06,1,BG,quantile,0.8,287.232317811769
2026-09-09,ARI incidence,2026-09-06,1,BG,quantile,0.85,305.946856258705
2026-09-09,ARI incidence,2026-09-06,1,BG,quantile,0.9,331.22937448362
2026-09-09,ARI incidence,2026-09-06,1,BG,quantile,0.95,369.898620060781
2026-09-09,ARI incidence,2026-09-06,1,BG,quantile,0.975,405.310000351854
2026-09-09,ARI incidence,2026-09-06,1,BG,quantile,0.99,447.182390055742
2026-09-09,ARI incidence,2026-09-13,2,BG,median,,232.267055761694
2026-09-09,ARI incidence,2026-09-13,2,BG,quantile,0.01,32.8270420474955
2026-09-09,ARI incidence,2026-09-13,2,BG,quantile,0.025,52.3636849829573
2026-09-09,ARI incidence,2026-09-13,2,BG,quantile,0.05,72.6616585625394
2026-09-09,ARI incidence,2026-09-13,2,BG,quantile,0.1,101.38901372303
2026-09-09,ARI incidence,2026-09-13,2,BG,quantile,0.15,122.080286995514
2026-09-09,ARI incidence,2026-09-13,2,BG,quantile,0.2,139.566722286821
2026-09-09,ARI incidence,2026-09-13,2,BG,quantile,0.25,154.942692913296
2026-09-09,ARI incidence,2026-09-13,2,BG,quantile,0.3,170.298622254878
2026-09-09,ARI incidence,2026-09-13,2,BG,quantile,0.35,186.016968833016
2026-09-09,ARI incidence,2026-09-13,2,BG,quantile,0.4,200.637155189465
2026-09-09,ARI incidence,2026-09-13,2,BG,quantile,0.45,216.88848682938
2026-09-09,ARI incidence,2026-09-13,2,BG,quantile,0.5,232.188926026576
2026-09-09,ARI incidence,2026-09-13,2,BG,quantile,0.55,248.687537701028
2026-09-09,ARI incidence,2026-09-13,2,BG,quantile,0.6,267.022564780205
2026-09-09,ARI incidence,2026-09-13,2,BG,quantile,0.65,283.362459260915
2026-09-09,ARI incidence,2026-09-13,2,BG,quantile,0.7,302.034484237711
2026-09-09,ARI incidence,2026-09-13,2,BG,quantile,0.75,322.820381344592
2026-09-09,ARI incidence,2026-09-13,2,BG,quantile,0.8,347.536049180485
2026-09-09,ARI incidence,2026-09-13,2,BG,quantile,0.85,377.755251394332
2026-09-09,ARI incidence,2026-09-13,2,BG,quantile,0.9,417.119156283002
2026-09-09,ARI incidence,2026-09-13,2,BG,quantile,0.95,481.337976809546
2026-09-09,ARI incidence,2026-09-13,2,BG,quantile,0.975,535.509437440626
2026-09-09,ARI incidence,2026-09-13,2,BG,quantile,0.99,611.891655943
2026-09-09,ARI incidence,2026-09-20,3,BG,median,,249.795728163897
2026-09-09,ARI incidence,2026-09-20,3,BG,quantile,0.01,23.7990726323899
2026-09-09,ARI incidence,2026-09-20,3,BG,quantile,0.025,43.7392969111638
2026-09-09,ARI incidence,2026-09-20,3,BG,quantile,0.05,63.5874074882653
2026-09-09,ARI incidence,2026-09-20,3,BG,quantile,0.1,94.6744924997618
2026-09-09,ARI incidence,2026-09-20,3,BG,quantile,0.15,118.124865597145
2026-09-09,ARI incidence,2026-09-20,3,BG,quantile,0.2,139.048825529202
2026-09-09,ARI incidence,2026-09-20,3,BG,quantile,0.25,156.764709808565
2026-09-09,ARI incidence,2026-09-20,3,BG,quantile,0.3,175.929040563856
2026-09-09,ARI incidence,2026-09-20,3,BG,quantile,0.35,194.497097939783
2026-09-09,ARI incidence,2026-09-20,3,BG,quantile,0.4,212.621217300126
2026-09-09,ARI incidence,2026-09-20,3,BG,quantile,0.45,230.593496796071
2026-09-09,ARI incidence,2026-09-20,3,BG,quantile,0.5,249.75404090218
2026-09-09,ARI incidence,2026-09-20,3,BG,quantile,0.55,269.243594015534
2026-09-09,ARI incidence,2026-09-20,3,BG,quantile,0.6,289.272480003961
2026-09-09,ARI incidence,2026-09-20,3,BG,quantile,0.65,311.341661123751
2026-09-09,ARI incidence,2026-09-20,3,BG,quantile,0.7,335.313373616324
2026-09-09,ARI incidence,2026-09-20,3,BG,quantile,0.75,361.78162158443
2026-09-09,ARI incidence,2026-09-20,3,BG,quantile,0.8,394.395177037395
2026-09-09,ARI incidence,2026-09-20,3,BG,quantile,0.85,428.385823614839
2026-09-09,ARI incidence,2026-09-20,3,BG,quantile,0.9,480.099722018063
2026-09-09,ARI incidence,2026-09-20,3,BG,quantile,0.95,554.772592715746
2026-09-09,ARI incidence,2026-09-20,3,BG,quantile,0.975,627.867034072931
2026-09-09,ARI incidence,2026-09-20,3,BG,quantile,0.99,721.125365704234
2026-09-09,ARI incidence,2026-09-27,4,BG,median,,266.706399498605
2026-09-09,ARI incidence,2026-09-27,4,BG,quantile,0.01,19.2194001345934
2026-09-09,ARI incidence,2026-09-27,4,BG,quantile,0.025,37.0278437704528
2026-09-09,ARI incidence,2026-09-27,4,BG,quantile,0.05,59.7086093729882
2026-09-09,ARI incidence,2026-09-27,4,BG,quantile,0.1,92.22046507048
2026-09-09,ARI incidence,2026-09-27,4,BG,quantile,0.15,117.901865623158
2026-09-09,ARI incidence,2026-09-27,4,BG,quantile,0.2,141.214401400293
2026-09-09,ARI incidence,2026-09-27,4,BG,quantile,0.25,162.969432362173
2026-09-09,ARI incidence,2026-09-27,4,BG,quantile,0.3,183.8059092612
2026-09-09,ARI incidence,2026-09-27,4,BG,quantile,0.35,203.463625417141
2026-09-09,ARI incidence,2026-09-27,4,BG,quantile,0.4,224.33566235201
2026-09-09,ARI incidence,2026-09-27,4,BG,quantile,0.45,244.91344020367
2026-09-09,ARI incidence,2026-09-27,4,BG,quantile,0.5,267.135591766245
2026-09-09,ARI incidence,2026-09-27,4,BG,quantile,0.55,289.447650018994
2026-09-09,ARI incidence,2026-09-27,4,BG,quantile,0.6,312.871758721843
2026-09-09,ARI incidence,2026-09-27,4,BG,quantile,0.65,337.478729883388
2026-09-09,ARI incidence,2026-09-27,4,BG,quantile,0.7,365.719402983816
2026-09-09,ARI incidence,2026-09-27,4,BG,quantile,0.75,395.486142152708
2026-09-09,ARI incidence,2026-09-27,4,BG,quantile,0.8,430.782312922082
2026-09-09,ARI incidence,2026-09-27,4,BG,quantile,0.85,474.835345482435
2026-09-09,ARI incidence,2026-09-27,4,BG,quantile,0.9,534.610200225299
2026-09-09,ARI incidence,2026-09-27,4,BG,quantile,0.95,625.634797149873
2026-09-09,ARI incidence,2026-09-27,4,BG,quantile,0.975,718.9319310394
2026-09-09,ARI incidence,2026-09-27,4,BG,quantile,0.99,822.730394512193
2026-09-09,ARI incidence,2026-09-06,1,CY,median,,4619.3492487382
2026-09-09,ARI incidence,2026-09-06,1,CY,quantile,0.01,1810.12756468058
2026-09-09,ARI incidence,2026-09-06,1,CY,quantile,0.025,2162.52856575047
2026-09-09,ARI incidence,2026-09-06,1,CY,quantile,0.05,2508.24481995155
2026-09-09,ARI incidence,2026-09-06,1,CY,quantile,0.1,2939.3988219628
2026-09-09,ARI incidence,2026-09-06,1,CY,quantile,0.15,3232.30673317932
2026-09-09,ARI incidence,2026-09-06,1,CY,quantile,0.2,3463.75671681146
2026-09-09,ARI incidence,2026-09-06,1,CY,quantile,0.25,3679.89253260172
2026-09-09,ARI incidence,2026-09-06,1,CY,quantile,0.3,3876.6011872405
2026-09-09,ARI incidence,2026-09-06,1,CY,quantile,0.35,4072.24931843364
2026-09-09,ARI incidence,2026-09-06,1,CY,quantile,0.4,4277.48785587676
2026-09-09,ARI incidence,2026-09-06,1,CY,quantile,0.45,4457.7482455474
2026-09-09,ARI incidence,2026-09-06,1,CY,quantile,0.5,4635.63512276197
2026-09-09,ARI incidence,2026-09-06,1,CY,quantile,0.55,4825.91425467122
2026-09-09,ARI incidence,2026-09-06,1,CY,quantile,0.6,5028.19234627179
2026-09-09,ARI incidence,2026-09-06,1,CY,quantile,0.65,5235.25774901946
2026-09-09,ARI incidence,2026-09-06,1,CY,quantile,0.7,5473.03561916611
2026-09-09,ARI incidence,2026-09-06,1,CY,quantile,0.75,5726.99355059687
2026-09-09,ARI incidence,2026-09-06,1,CY,quantile,0.8,5996.28954749083
2026-09-09,ARI incidence,2026-09-06,1,CY,quantile,0.85,6312.93817985836
2026-09-09,ARI incidence,2026-09-06,1,CY,quantile,0.9,6765.53224513251
2026-09-09,ARI incidence,2026-09-06,1,CY,quantile,0.95,7437.48124077448
2026-09-09,ARI incidence,2026-09-06,1,CY,quantile,0.975,8031.72986801524
2026-09-09,ARI incidence,2026-09-06,1,CY,quantile,0.99,8683.50670702699
2026-09-09,ARI incidence,2026-09-13,2,CY,median,,5001.21124868995
2026-09-09,ARI incidence,2026-09-13,2,CY,quantile,0.01,1319.83915046555
2026-09-09,ARI incidence,2026-09-13,2,CY,quantile,0.025,1738.30729876754
2026-09-09,ARI incidence,2026-09-13,2,CY,quantile,0.05,2176.67042092551
2026-09-09,ARI incidence,2026-09-13,2,CY,quantile,0.1,2719.1943848371
2026-09-09,ARI incidence,2026-09-13,2,CY,quantile,0.15,3082.91549730115
2026-09-09,ARI incidence,2026-09-13,2,CY,quantile,0.2,3406.95750599691
2026-09-09,ARI incidence,2026-09-13,2,CY,quantile,0.25,3744.67636419225
2026-09-09,ARI incidence,2026-09-13,2,CY,quantile,0.3,4019.31903229407
2026-09-09,ARI incidence,2026-09-13,2,CY,quantile,0.35,4271.12663182293
2026-09-09,ARI incidence,2026-09-13,2,CY,quantile,0.4,4512.10693073449
2026-09-09,ARI incidence,2026-09-13,2,CY,quantile,0.45,4772.18739581402
2026-09-09,ARI incidence,2026-09-13,2,CY,quantile,0.5,5030.19949074132
2026-09-09,ARI incidence,2026-09-13,2,CY,quantile,0.55,5298.26053677438
2026-09-09,ARI incidence,2026-09-13,2,CY,quantile,0.6,5572.94281789099
2026-09-09,ARI incidence,2026-09-13,2,CY,quantile,0.65,5864.0684843158
2026-09-09,ARI incidence,2026-09-13,2,CY,quantile,0.7,6173.75249130265
2026-09-09,ARI incidence,2026-09-13,2,CY,quantile,0.75,6510.02034436075
2026-09-09,ARI incidence,2026-09-13,2,CY,quantile,0.8,6927.66151089085
2026-09-09,ARI incidence,2026-09-13,2,CY,quantile,0.85,7427.81833168418
2026-09-09,ARI incidence,2026-09-13,2,CY,quantile,0.9,8100.22028734298
2026-09-09,ARI incidence,2026-09-13,2,CY,quantile,0.95,9080.79691273688
2026-09-09,ARI incidence,2026-09-13,2,CY,quantile,0.975,9996.49577092739
2026-09-09,ARI incidence,2026-09-13,2,CY,quantile,0.99,11086.6105542951
2026-09-09,ARI incidence,2026-09-20,3,CY,median,,5346.48583560901
2026-09-09,ARI incidence,2026-09-20,3,CY,quantile,0.01,1089.9775051414
2026-09-09,ARI incidence,2026-09-20,3,CY,quantile,0.025,1499.64293235907
2026-09-09,ARI incidence,2026-09-20,3,CY,quantile,0.05,1981.82260081066
2026-09-09,ARI incidence,2026-09-20,3,CY,quantile,0.1,2607.73764419064
2026-09-09,ARI incidence,2026-09-20,3,CY,quantile,0.15,3115.04487168686
2026-09-09,ARI incidence,2026-09-20,3,CY,quantile,0.2,3497.59548630366
2026-09-09,ARI incidence,2026-09-20,3,CY,quantile,0.25,3835.6607723424
2026-09-09,ARI incidence,2026-09-20,3,CY,quantile,0.3,4158.29176260546
2026-09-09,ARI incidence,2026-09-20,3,CY,quantile,0.35,4473.81455142917
2026-09-09,ARI incidence,2026-09-20,3,CY,quantile,0.4,4807.46372813768
2026-09-09,ARI incidence,2026-09-20,3,CY,quantile,0.45,5093.30669948803
2026-09-09,ARI incidence,2026-09-20,3,CY,quantile,0.5,5383.61402650412
2026-09-09,ARI incidence,2026-09-20,3,CY,quantile,0.55,5687.8918634814
2026-09-09,ARI incidence,2026-09-20,3,CY,quantile,0.6,6039.75522773244
2026-09-09,ARI incidence,2026-09-20,3,CY,quantile,0.65,6387.91503406977
2026-09-09,ARI incidence,2026-09-20,3,CY,quantile,0.7,6768.30385585122
2026-09-09,ARI incidence,2026-09-20,3,CY,quantile,0.75,7176.98300857246
2026-09-09,ARI incidence,2026-09-20,3,CY,quantile,0.8,7669.44450729118
2026-09-09,ARI incidence,2026-09-20,3,CY,quantile,0.85,8343.7233355866
2026-09-09,ARI incidence,2026-09-20,3,CY,quantile,0.9,9176.6174883838
2026-09-09,ARI incidence,2026-09-20,3,CY,quantile,0.95,10474.3892360094
2026-09-09,ARI incidence,2026-09-20,3,CY,quantile,0.975,11523.5942463768
2026-09-09,ARI incidence,2026-09-20,3,CY,quantile,0.99,12886.0274900555
2026-09-09,ARI incidence,2026-09-27,4,CY,median,,5656.89495944285
2026-09-09,ARI incidence,2026-09-27,4,CY,quantile,0.01,985.265736617194
2026-09-09,ARI incidence,2026-09-27,4,CY,quantile,0.025,1451.83118969527
2026-09-09,ARI incidence,2026-09-27,4,CY,quantile,0.05,1921.02286052428
2026-09-09,ARI incidence,2026-09-27,4,CY,quantile,0.1,2543.69383283217
2026-09-09,ARI incidence,2026-09-27,4,CY,quantile,0.15,3064.06741966455
2026-09-09,ARI incidence,2026-09-27,4,CY,quantile,0.2,3523.04249659562
2026-09-09,ARI incidence,2026-09-27,4,CY,quantile,0.25,3920.3839563539
2026-09-09,ARI incidence,2026-09-27,4,CY,quantile,0.3,4274.06225411981
2026-09-09,ARI incidence,2026-09-27,4,CY,quantile,0.35,4631.12648156083
2026-09-09,ARI incidence,2026-09-27,4,CY,quantile,0.4,4990.34151441866
2026-09-09,ARI incidence,2026-09-27,4,CY,quantile,0.45,5339.05500102442
2026-09-09,ARI incidence,2026-09-27,4,CY,quantile,0.5,5679.29704651403
2026-09-09,ARI incidence,2026-09-27,4,CY,quantile,0.55,6044.00697919515
2026-09-09,ARI incidence,2026-09-27,4,CY,quantile,0.6,6398.21463482339
2026-09-09,ARI incidence,2026-09-27,4,CY,quantile,0.65,6808.15328923413
2026-09-09,ARI incidence,2026-09-27,4,CY,quantile,0.7,7285.02596350536
2026-09-09,ARI incidence,2026-09-27,4,CY,quantile,0.75,7814.91711546538
2026-09-09,ARI incidence,2026-09-27,4,CY,quantile,0.8,8431.40771854421
2026-09-09,ARI incidence,2026-09-27,4,CY,quantile,0.85,9100.97351320544
2026-09-09,ARI incidence,2026-09-27,4,CY,quantile,0.9,10058.5736470546
2026-09-09,ARI incidence,2026-09-27,4,CY,quantile,0.95,11596.7195008051
2026-09-09,ARI incidence,2026-09-27,4,CY,quantile,0.975,12812.7986035227
2026-09-09,ARI incidence,2026-09-27,4,CY,quantile,0.99,14181.0205900906
2026-09-09,ARI incidence,2026-09-06,1,DE,median,,572.529883856928
2026-09-09,ARI incidence,2026-09-06,1,DE,quantile,0.01,241.045772498933
2026-09-09,ARI incidence,2026-09-06,1,DE,quantile,0.025,280.854432119304
2026-09-09,ARI incidence,2026-09-06,1,DE,quantile,0.05,321.214577603162
2026-09-09,ARI incidence,2026-09-06,1,DE,quantile,0.1,372.691012566644
2026-09-09,ARI incidence,2026-09-06,1,DE,quantile,0.15,407.397639212431
2026-09-09,ARI incidence,2026-09-06,1,DE,quantile,0.2,437.045610953736
2026-09-09,ARI incidence,2026-09-06,1,DE,quantile,0.25,463.489600515468
2026-09-09,ARI incidence,2026-09-06,1,DE,quantile,0.3,485.78705894431903
2026-09-09,ARI incidence,2026-09-06,1,DE,quantile,0.35,507.195647136808
2026-09-09,ARI incidence,2026-09-06,1,DE,quantile,0.4,527.521149814066
2026-09-09,ARI incidence,2026-09-06,1,DE,quantile,0.45,549.274909717312
2026-09-09,ARI incidence,2026-09-06,1,DE,quantile,0.5,570.924282463968
2026-09-09,ARI incidence,2026-09-06,1,DE,quantile,0.55,591.594032864661
2026-09-09,ARI incidence,2026-09-06,1,DE,quantile,0.6,614.481495030439
2026-09-09,ARI incidence,2026-09-06,1,DE,quantile,0.65,639.2988098111
2026-09-09,ARI incidence,2026-09-06,1,DE,quantile,0.7,664.761108228281
2026-09-09,ARI incidence,2026-09-06,1,DE,quantile,0.75,693.629891307532
2026-09-09,ARI incidence,2026-09-06,1,DE,quantile,0.8,724.013534899413
2026-09-09,ARI incidence,2026-09-06,1,DE,quantile,0.85,763.969568683689
2026-09-09,ARI incidence,2026-09-06,1,DE,quantile,0.9,817.041741616645
2026-09-09,ARI incidence,2026-09-06,1,DE,quantile,0.95,900.039842562931
2026-09-09,ARI incidence,2026-09-06,1,DE,quantile,0.975,975.943908053291
2026-09-09,ARI incidence,2026-09-06,1,DE,quantile,0.99,1061.86123262166
2026-09-09,ARI incidence,2026-09-13,2,DE,median,,583.701263217692
2026-09-09,ARI incidence,2026-09-13,2,DE,quantile,0.01,163.819662992722
2026-09-09,ARI incidence,2026-09-13,2,DE,quantile,0.025,207.335292721636
2026-09-09,ARI incidence,2026-09-13,2,DE,quantile,0.05,258.199041187814
2026-09-09,ARI incidence,2026-09-13,2,DE,quantile,0.1,317.858605292747
2026-09-09,ARI incidence,2026-09-13,2,DE,quantile,0.15,360.444978953877
2026-09-09,ARI incidence,2026-09-13,2,DE,quantile,0.2,394.88614043973803
2026-09-09,ARI incidence,2026-09-13,2,DE,quantile,0.25,430.951287206606
2026-09-09,ARI incidence,2026-09-13,2,DE,quantile,0.3,462.330591413486
2026-09-09,ARI incidence,2026-09-13,2,DE,quantile,0.35,491.130712569056
2026-09-09,ARI incidence,2026-09-13,2,DE,quantile,0.4,521.128456576813
2026-09-09,ARI incidence,2026-09-13,2,DE,quantile,0.45,552.375932712568
2026-09-09,ARI incidence,2026-09-13,2,DE,quantile,0.5,580.995224855468
2026-09-09,ARI incidence,2026-09-13,2,DE,quantile,0.55,612.060528243884
2026-09-09,ARI incidence,2026-09-13,2,DE,quantile,0.6,642.542669715734
2026-09-09,ARI incidence,2026-09-13,2,DE,quantile,0.65,673.857690118052
2026-09-09,ARI incidence,2026-09-13,2,DE,quantile,0.7,711.31500850878
2026-09-09,ARI incidence,2026-09-13,2,DE,quantile,0.75,749.245182115818
2026-09-09,ARI incidence,2026-09-13,2,DE,quantile,0.8,799.994997597318
2026-09-09,ARI incidence,2026-09-13,2,DE,quantile,0.85,856.101570873661
2026-09-09,ARI incidence,2026-09-13,2,DE,quantile,0.9,927.429946202087
2026-09-09,ARI incidence,2026-09-13,2,DE,quantile,0.95,1047.80831449776
2026-09-09,ARI incidence,2026-09-13,2,DE,quantile,0.975,1151.81374441027
2026-09-09,ARI incidence,2026-09-13,2,DE,quantile,0.99,1278.22322168493
2026-09-09,ARI incidence,2026-09-20,3,DE,median,,590.486753579661
2026-09-09,ARI incidence,2026-09-20,3,DE,quantile,0.01,106.19258049061
2026-09-09,ARI incidence,2026-09-20,3,DE,quantile,0.025,165.142980974249
2026-09-09,ARI incidence,2026-09-20,3,DE,quantile,0.05,215.382069025345
2026-09-09,ARI incidence,2026-09-20,3,DE,quantile,0.1,283.723718557003
2026-09-09,ARI incidence,2026-09-20,3,DE,quantile,0.15,335.150916985513
2026-09-09,ARI incidence,2026-09-20,3,DE,quantile,0.2,377.834604593225
2026-09-09,ARI incidence,2026-09-20,3,DE,quantile,0.25,414.611065059818
2026-09-09,ARI incidence,2026-09-20,3,DE,quantile,0.3,452.520699430474
2026-09-09,ARI incidence,2026-09-20,3,DE,quantile,0.35,488.689726498464
2026-09-09,ARI incidence,2026-09-20,3,DE,quantile,0.4,523.604620221169
2026-09-09,ARI incidence,2026-09-20,3,DE,quantile,0.45,554.109113902251
2026-09-09,ARI incidence,2026-09-20,3,DE,quantile,0.5,588.914795312915
2026-09-09,ARI incidence,2026-09-20,3,DE,quantile,0.55,625.08292425527
2026-09-09,ARI incidence,2026-09-20,3,DE,quantile,0.6,663.76132669505
2026-09-09,ARI incidence,2026-09-20,3,DE,quantile,0.65,705.139896662305
2026-09-09,ARI incidence,2026-09-20,3,DE,quantile,0.7,748.06189879503
2026-09-09,ARI incidence,2026-09-20,3,DE,quantile,0.75,796.042635627314
2026-09-09,ARI incidence,2026-09-20,3,DE,quantile,0.8,851.883516253087
2026-09-09,ARI incidence,2026-09-20,3,DE,quantile,0.85,918.655694584492
2026-09-09,ARI incidence,2026-09-20,3,DE,quantile,0.9,1006.64615473719
2026-09-09,ARI incidence,2026-09-20,3,DE,quantile,0.95,1144.29562283967
2026-09-09,ARI incidence,2026-09-20,3,DE,quantile,0.975,1263.70119381792
2026-09-09,ARI incidence,2026-09-20,3,DE,quantile,0.99,1415.01011558629
2026-09-09,ARI incidence,2026-09-27,4,DE,median,,585.683814139937
2026-09-09,ARI incidence,2026-09-27,4,DE,quantile,0.01,67.9659791263553
2026-09-09,ARI incidence,2026-09-27,4,DE,quantile,0.025,114.067822617144
2026-09-09,ARI incidence,2026-09-27,4,DE,quantile,0.05,167.798021091398
2026-09-09,ARI incidence,2026-09-27,4,DE,quantile,0.1,242.091931160948
2026-09-09,ARI incidence,2026-09-27,4,DE,quantile,0.15,294.857151331461
2026-09-09,ARI incidence,2026-09-27,4,DE,quantile,0.2,341.700411561486
2026-09-09,ARI incidence,2026-09-27,4,DE,quantile,0.25,385.373775868314
2026-09-09,ARI incidence,2026-09-27,4,DE,quantile,0.3,427.32908996626
2026-09-09,ARI incidence,2026-09-27,4,DE,quantile,0.35,469.417216734714
2026-09-09,ARI incidence,2026-09-27,4,DE,quantile,0.4,508.217900426807
2026-09-09,ARI incidence,2026-09-27,4,DE,quantile,0.45,547.933023858391
2026-09-09,ARI incidence,2026-09-27,4,DE,quantile,0.5,587.138372304281
2026-09-09,ARI incidence,2026-09-27,4,DE,quantile,0.55,626.815495911848
2026-09-09,ARI incidence,2026-09-27,4,DE,quantile,0.6,671.089916154576
2026-09-09,ARI incidence,2026-09-27,4,DE,quantile,0.65,724.105705249575
2026-09-09,ARI incidence,2026-09-27,4,DE,quantile,0.7,775.429295290829
2026-09-09,ARI incidence,2026-09-27,4,DE,quantile,0.75,831.565359702539
2026-09-09,ARI incidence,2026-09-27,4,DE,quantile,0.8,892.776394376781
2026-09-09,ARI incidence,2026-09-27,4,DE,quantile,0.85,969.459804174429
2026-09-09,ARI incidence,2026-09-27,4,DE,quantile,0.9,1077.91105515121
2026-09-09,ARI incidence,2026-09-27,4,DE,quantile,0.95,1245.2491589396
2026-09-09,ARI incidence,2026-09-27,4,DE,quantile,0.975,1392.81281285739
2026-09-09,ARI incidence,2026-09-27,4,DE,quantile,0.99,1612.29453876954
2026-09-09,ARI incidence,2026-09-06,1,ES,median,,230.505127444996
2026-09-09,ARI incidence,2026-09-06,1,ES,quantile,0.01,137.675405712589
2026-09-09,ARI incidence,2026-09-06,1,ES,quantile,0.025,150.12318950063
2026-09-09,ARI incidence,2026-09-06,1,ES,quantile,0.05,161.44253500887
2026-09-09,ARI incidence,2026-09-06,1,ES,quantile,0.1,175.78667610228
2026-09-09,ARI incidence,2026-09-06,1,ES,quantile,0.15,185.866597426385
2026-09-09,ARI incidence,2026-09-06,1,ES,quantile,0.2,193.733430329373
2026-09-09,ARI incidence,2026-09-06,1,ES,quantile,0.25,200.756388137448
2026-09-09,ARI incidence,2026-09-06,1,ES,quantile,0.3,207.317528367011
2026-09-09,ARI incidence,2026-09-06,1,ES,quantile,0.35,213.5108999341
2026-09-09,ARI incidence,2026-09-06,1,ES,quantile,0.4,219.082368188157
2026-09-09,ARI incidence,2026-09-06,1,ES,quantile,0.45,224.86448310303
2026-09-09,ARI incidence,2026-09-06,1,ES,quantile,0.5,229.999760071045
2026-09-09,ARI incidence,2026-09-06,1,ES,quantile,0.55,235.82649976845
2026-09-09,ARI incidence,2026-09-06,1,ES,quantile,0.6,241.606632003207
2026-09-09,ARI incidence,2026-09-06,1,ES,quantile,0.65,248.08434162917
2026-09-09,ARI incidence,2026-09-06,1,ES,quantile,0.7,254.755497424248
2026-09-09,ARI incidence,2026-09-06,1,ES,quantile,0.75,261.95945256026
2026-09-09,ARI incidence,2026-09-06,1,ES,quantile,0.8,270.091117839985
2026-09-09,ARI incidence,2026-09-06,1,ES,quantile,0.85,279.734012177573
2026-09-09,ARI incidence,2026-09-06,1,ES,quantile,0.9,292.220704910521
2026-09-09,ARI incidence,2026-09-06,1,ES,quantile,0.95,311.850484673507
2026-09-09,ARI incidence,2026-09-06,1,ES,quantile,0.975,326.773071052303
2026-09-09,ARI incidence,2026-09-06,1,ES,quantile,0.99,343.88170582554
2026-09-09,ARI incidence,2026-09-13,2,ES,median,,238.240712838272
2026-09-09,ARI incidence,2026-09-13,2,ES,quantile,0.01,109.649003333542
2026-09-09,ARI incidence,2026-09-13,2,ES,quantile,0.025,125.690819916646
2026-09-09,ARI incidence,2026-09-13,2,ES,quantile,0.05,140.658066935679
2026-09-09,ARI incidence,2026-09-13,2,ES,quantile,0.1,160.036241063234
2026-09-09,ARI incidence,2026-09-13,2,ES,quantile,0.15,174.146458315392
2026-09-09,ARI incidence,2026-09-13,2,ES,quantile,0.2,185.701957564321
2026-09-09,ARI incidence,2026-09-13,2,ES,quantile,0.25,195.717407978027
2026-09-09,ARI incidence,2026-09-13,2,ES,quantile,0.3,204.765957575579
2026-09-09,ARI incidence,2026-09-13,2,ES,quantile,0.35,213.165158725577
2026-09-09,ARI incidence,2026-09-13,2,ES,quantile,0.4,221.084211507751
2026-09-09,ARI incidence,2026-09-13,2,ES,quantile,0.45,228.825729780862
2026-09-09,ARI incidence,2026-09-13,2,ES,quantile,0.5,237.593915905086
2026-09-09,ARI incidence,2026-09-13,2,ES,quantile,0.55,245.944810876939
2026-09-09,ARI incidence,2026-09-13,2,ES,quantile,0.6,254.467823033233
2026-09-09,ARI incidence,2026-09-13,2,ES,quantile,0.65,264.279258185675
2026-09-09,ARI incidence,2026-09-13,2,ES,quantile,0.7,274.605596186573
2026-09-09,ARI incidence,2026-09-13,2,ES,quantile,0.75,284.84248355776
2026-09-09,ARI incidence,2026-09-13,2,ES,quantile,0.8,297.36711653727
2026-09-09,ARI incidence,2026-09-13,2,ES,quantile,0.85,312.297459579013
2026-09-09,ARI incidence,2026-09-13,2,ES,quantile,0.9,332.955451132184
2026-09-09,ARI incidence,2026-09-13,2,ES,quantile,0.95,362.192389164038
2026-09-09,ARI incidence,2026-09-13,2,ES,quantile,0.975,386.307879740662
2026-09-09,ARI incidence,2026-09-13,2,ES,quantile,0.99,417.068994554355
2026-09-09,ARI incidence,2026-09-20,3,ES,median,,248.993334078046
2026-09-09,ARI incidence,2026-09-20,3,ES,quantile,0.01,90.4141169965584
2026-09-09,ARI incidence,2026-09-20,3,ES,quantile,0.025,109.229097261816
2026-09-09,ARI incidence,2026-09-20,3,ES,quantile,0.05,127.976073187924
2026-09-09,ARI incidence,2026-09-20,3,ES,quantile,0.1,150.090031455744
2026-09-09,ARI incidence,2026-09-20,3,ES,quantile,0.15,167.229356241982
2026-09-09,ARI incidence,2026-09-20,3,ES,quantile,0.2,180.921149733777
2026-09-09,ARI incidence,2026-09-20,3,ES,quantile,0.25,192.839376623127
2026-09-09,ARI incidence,2026-09-20,3,ES,quantile,0.3,204.107024804929
2026-09-09,ARI incidence,2026-09-20,3,ES,quantile,0.35,214.899928817074
2026-09-09,ARI incidence,2026-09-20,3,ES,quantile,0.4,226.309227738595
2026-09-09,ARI incidence,2026-09-20,3,ES,quantile,0.45,237.178764943339
2026-09-09,ARI incidence,2026-09-20,3,ES,quantile,0.5,248.525022997049
2026-09-09,ARI incidence,2026-09-20,3,ES,quantile,0.55,260.046141502139
2026-09-09,ARI incidence,2026-09-20,3,ES,quantile,0.6,271.280101979175
2026-09-09,ARI incidence,2026-09-20,3,ES,quantile,0.65,283.64881679911
2026-09-09,ARI incidence,2026-09-20,3,ES,quantile,0.7,297.096732156961
2026-09-09,ARI incidence,2026-09-20,3,ES,quantile,0.75,311.606641468881
2026-09-09,ARI incidence,2026-09-20,3,ES,quantile,0.8,327.229935357927
2026-09-09,ARI incidence,2026-09-20,3,ES,quantile,0.85,347.784228585536
2026-09-09,ARI incidence,2026-09-20,3,ES,quantile,0.9,373.741964633566
2026-09-09,ARI incidence,2026-09-20,3,ES,quantile,0.95,409.371509379299
2026-09-09,ARI incidence,2026-09-20,3,ES,quantile,0.975,444.291346767887
2026-09-09,ARI incidence,2026-09-20,3,ES,quantile,0.99,487.992553657532
2026-09-09,ARI incidence,2026-09-27,4,ES,median,,259.135001269978
2026-09-09,ARI incidence,2026-09-27,4,ES,quantile,0.01,76.3503833149741
2026-09-09,ARI incidence,2026-09-27,4,ES,quantile,0.025,97.7695440192515
2026-09-09,ARI incidence,2026-09-27,4,ES,quantile,0.05,116.325353398016
2026-09-09,ARI incidence,2026-09-27,4,ES,quantile,0.1,141.571849080031
2026-09-09,ARI incidence,2026-09-27,4,ES,quantile,0.15,162.822572032911
2026-09-09,ARI incidence,2026-09-27,4,ES,quantile,0.2,178.184518609875
2026-09-09,ARI incidence,2026-09-27,4,ES,quantile,0.25,192.802479398751
2026-09-09,ARI incidence,2026-09-27,4,ES,quantile,0.3,206.540614115609
2026-09-09,ARI incidence,2026-09-27,4,ES,quantile,0.35,219.470036225824
2026-09-09,ARI incidence,2026-09-27,4,ES,quantile,0.4,232.146893183169
2026-09-09,ARI incidence,2026-09-27,4,ES,quantile,0.45,245.1276847963
2026-09-09,ARI incidence,2026-09-27,4,ES,quantile,0.5,257.843707626062
2026-09-09,ARI incidence,2026-09-27,4,ES,quantile,0.55,270.913213013073
2026-09-09,ARI incidence,2026-09-27,4,ES,quantile,0.6,284.501622588482
2026-09-09,ARI incidence,2026-09-27,4,ES,quantile,0.65,300.025788449517
2026-09-09,ARI incidence,2026-09-27,4,ES,quantile,0.7,314.855754592515
2026-09-09,ARI incidence,2026-09-27,4,ES,quantile,0.75,334.124779890245
2026-09-09,ARI incidence,2026-09-27,4,ES,quantile,0.8,353.290376793257
2026-09-09,ARI incidence,2026-09-27,4,ES,quantile,0.85,375.327213610462
2026-09-09,ARI incidence,2026-09-27,4,ES,quantile,0.9,405.497866737938
2026-09-09,ARI incidence,2026-09-27,4,ES,quantile,0.95,456.089616129986
2026-09-09,ARI incidence,2026-09-27,4,ES,quantile,0.975,496.200116628396
2026-09-09,ARI incidence,2026-09-27,4,ES,quantile,0.99,553.910846760696
2026-09-09,ARI incidence,2026-09-06,1,HU,median,,575.951336946836
2026-09-09,ARI incidence,2026-09-06,1,HU,quantile,0.01,257.53219384448
2026-09-09,ARI incidence,2026-09-06,1,HU,quantile,0.025,293.462889786233
2026-09-09,ARI incidence,2026-09-06,1,HU,quantile,0.05,330.598306129009
2026-09-09,ARI incidence,2026-09-06,1,HU,quantile,0.1,381.57540059403
2026-09-09,ARI incidence,2026-09-06,1,HU,quantile,0.15,414.416936495887
2026-09-09,ARI incidence,2026-09-06,1,HU,quantile,0.2,442.63716734376
2026-09-09,ARI incidence,2026-09-06,1,HU,quantile,0.25,466.774509477632
2026-09-09,ARI incidence,2026-09-06,1,HU,quantile,0.3,489.809915180691
2026-09-09,ARI incidence,2026-09-06,1,HU,quantile,0.35,511.134023464665
2026-09-09,ARI incidence,2026-09-06,1,HU,quantile,0.4,532.026961474107
2026-09-09,ARI incidence,2026-09-06,1,HU,quantile,0.45,552.256649723607
2026-09-09,ARI incidence,2026-09-06,1,HU,quantile,0.5,572.99623402847806
2026-09-09,ARI incidence,2026-09-06,1,HU,quantile,0.55,592.849972843625
2026-09-09,ARI incidence,2026-09-06,1,HU,quantile,0.6,614.454703269311
2026-09-09,ARI incidence,2026-09-06,1,HU,quantile,0.65,638.352720462343
2026-09-09,ARI incidence,2026-09-06,1,HU,quantile,0.7,663.355145812065
2026-09-09,ARI incidence,2026-09-06,1,HU,quantile,0.75,689.193374822838
2026-09-09,ARI incidence,2026-09-06,1,HU,quantile,0.8,720.177709982439
2026-09-09,ARI incidence,2026-09-06,1,HU,quantile,0.85,757.182799154988
2026-09-09,ARI incidence,2026-09-06,1,HU,quantile,0.9,801.497313779803
2026-09-09,ARI incidence,2026-09-06,1,HU,quantile,0.95,873.25584504858
2026-09-09,ARI incidence,2026-09-06,1,HU,quantile,0.975,936.033954524222
2026-09-09,ARI incidence,2026-09-06,1,HU,quantile,0.99,1010.9508638631
2026-09-09,ARI incidence,2026-09-13,2,HU,median,,659.351946422852
2026-09-09,ARI incidence,2026-09-13,2,HU,quantile,0.01,169.825541851969
2026-09-09,ARI incidence,2026-09-13,2,HU,quantile,0.025,228.201940206901
2026-09-09,ARI incidence,2026-09-13,2,HU,quantile,0.05,283.204063023674
2026-09-09,ARI incidence,2026-09-13,2,HU,quantile,0.1,349.235147338748
2026-09-09,ARI incidence,2026-09-13,2,HU,quantile,0.15,397.692983741443
2026-09-09,ARI incidence,2026-09-13,2,HU,quantile,0.2,441.800977995177
2026-09-09,ARI incidence,2026-09-13,2,HU,quantile,0.25,482.788616845994
2026-09-09,ARI incidence,2026-09-13,2,HU,quantile,0.3,519.290581297599
2026-09-09,ARI incidence,2026-09-13,2,HU,quantile,0.35,553.547148956276
2026-09-09,ARI incidence,2026-09-13,2,HU,quantile,0.4,587.112866553157
2026-09-09,ARI incidence,2026-09-13,2,HU,quantile,0.45,621.650113420972
2026-09-09,ARI incidence,2026-09-13,2,HU,quantile,0.5,653.827330982767
2026-09-09,ARI incidence,2026-09-13,2,HU,quantile,0.55,690.296879087373
2026-09-09,ARI incidence,2026-09-13,2,HU,quantile,0.6,727.792763411942
2026-09-09,ARI incidence,2026-09-13,2,HU,quantile,0.65,764.270863986432
2026-09-09,ARI incidence,2026-09-13,2,HU,quantile,0.7,803.411153476652
2026-09-09,ARI incidence,2026-09-13,2,HU,quantile,0.75,849.889076624419
2026-09-09,ARI incidence,2026-09-13,2,HU,quantile,0.8,902.849264399609
2026-09-09,ARI incidence,2026-09-13,2,HU,quantile,0.85,964.993949158083
2026-09-09,ARI incidence,2026-09-13,2,HU,quantile,0.9,1045.31633513525
2026-09-09,ARI incidence,2026-09-13,2,HU,quantile,0.95,1167.79433486843
2026-09-09,ARI incidence,2026-09-13,2,HU,quantile,0.975,1279.71636893585
2026-09-09,ARI incidence,2026-09-13,2,HU,quantile,0.99,1415.06150424115
2026-09-09,ARI incidence,2026-09-20,3,HU,median,,726.829749250993
2026-09-09,ARI incidence,2026-09-20,3,HU,quantile,0.01,148.668802638177
2026-09-09,ARI incidence,2026-09-20,3,HU,quantile,0.025,207.833771530362
2026-09-09,ARI incidence,2026-09-20,3,HU,quantile,0.05,272.105442474351
2026-09-09,ARI incidence,2026-09-20,3,HU,quantile,0.1,354.125709554205
2026-09-09,ARI incidence,2026-09-20,3,HU,quantile,0.15,411.630843763604
2026-09-09,ARI incidence,2026-09-20,3,HU,quantile,0.2,462.94169696281
2026-09-09,ARI incidence,2026-09-20,3,HU,quantile,0.25,512.540351406693
2026-09-09,ARI incidence,2026-09-20,3,HU,quantile,0.3,552.470252125752
2026-09-09,ARI incidence,2026-09-20,3,HU,quantile,0.35,595.710993891931
2026-09-09,ARI incidence,2026-09-20,3,HU,quantile,0.4,636.881391499477
2026-09-09,ARI incidence,2026-09-20,3,HU,quantile,0.45,676.010624100308
2026-09-09,ARI incidence,2026-09-20,3,HU,quantile,0.5,719.770512464146
2026-09-09,ARI incidence,2026-09-20,3,HU,quantile,0.55,763.824602263109
2026-09-09,ARI incidence,2026-09-20,3,HU,quantile,0.6,813.765425230826
2026-09-09,ARI incidence,2026-09-20,3,HU,quantile,0.65,862.50077047989
2026-09-09,ARI incidence,2026-09-20,3,HU,quantile,0.7,915.47237513617
2026-09-09,ARI incidence,2026-09-20,3,HU,quantile,0.75,973.226249070041
2026-09-09,ARI incidence,2026-09-20,3,HU,quantile,0.8,1036.83855151317
2026-09-09,ARI incidence,2026-09-20,3,HU,quantile,0.85,1115.12126716381
2026-09-09,ARI incidence,2026-09-20,3,HU,quantile,0.9,1214.08603159287
2026-09-09,ARI incidence,2026-09-20,3,HU,quantile,0.95,1384.98351497626
2026-09-09,ARI incidence,2026-09-20,3,HU,quantile,0.975,1526.94421844378
2026-09-09,ARI incidence,2026-09-20,3,HU,quantile,0.99,1716.33507938433
2026-09-09,ARI incidence,2026-09-27,4,HU,median,,780.566777757133
2026-09-09,ARI incidence,2026-09-27,4,HU,quantile,0.01,137.756189626075
2026-09-09,ARI incidence,2026-09-27,4,HU,quantile,0.025,202.642791519825
2026-09-09,ARI incidence,2026-09-27,4,HU,quantile,0.05,270.668117494139
2026-09-09,ARI incidence,2026-09-27,4,HU,quantile,0.1,361.302545670752
2026-09-09,ARI incidence,2026-09-27,4,HU,quantile,0.15,427.914457879441
2026-09-09,ARI incidence,2026-09-27,4,HU,quantile,0.2,486.582261437248
2026-09-09,ARI incidence,2026-09-27,4,HU,quantile,0.25,539.734714739437
2026-09-09,ARI incidence,2026-09-27,4,HU,quantile,0.3,591.968270557876
2026-09-09,ARI incidence,2026-09-27,4,HU,quantile,0.35,638.083688858289
2026-09-09,ARI incidence,2026-09-27,4,HU,quantile,0.4,682.696173688559
2026-09-09,ARI incidence,2026-09-27,4,HU,quantile,0.45,729.09316929586
2026-09-09,ARI incidence,2026-09-27,4,HU,quantile,0.5,775.417275078037
2026-09-09,ARI incidence,2026-09-27,4,HU,quantile,0.55,822.466326131516
2026-09-09,ARI incidence,2026-09-27,4,HU,quantile,0.6,868.691003358993
2026-09-09,ARI incidence,2026-09-27,4,HU,quantile,0.65,924.308850588311
2026-09-09,ARI incidence,2026-09-27,4,HU,quantile,0.7,986.114642085827
2026-09-09,ARI incidence,2026-09-27,4,HU,quantile,0.75,1052.5472594865
2026-09-09,ARI incidence,2026-09-27,4,HU,quantile,0.8,1131.65541682254
2026-09-09,ARI incidence,2026-09-27,4,HU,quantile,0.85,1224.54932822919
2026-09-09,ARI incidence,2026-09-27,4,HU,quantile,0.9,1345.06509765032
2026-09-09,ARI incidence,2026-09-27,4,HU,quantile,0.95,1520.57550616168
2026-09-09,ARI incidence,2026-09-27,4,HU,quantile,0.975,1683.45326627288
2026-09-09,ARI incidence,2026-09-27,4,HU,quantile,0.99,1889.11103408436
2026-09-09,ARI incidence,2026-09-06,1,IE,median,,24.4632165566235
2026-09-09,ARI incidence,2026-09-06,1,IE,quantile,0.01,13.7428105474392
2026-09-09,ARI incidence,2026-09-06,1,IE,quantile,0.025,15.1554053759262
2026-09-09,ARI incidence,2026-09-06,1,IE,quantile,0.05,16.44958817545
2026-09-09,ARI incidence,2026-09-06,1,IE,quantile,0.1,18.1421035085521
2026-09-09,ARI incidence,2026-09-06,1,IE,quantile,0.15,19.2656312829476
2026-09-09,ARI incidence,2026-09-06,1,IE,quantile,0.2,20.1644411273301
2026-09-09,ARI incidence,2026-09-06,1,IE,quantile,0.25,20.9584097190627
2026-09-09,ARI incidence,2026-09-06,1,IE,quantile,0.3,21.7184121254645
2026-09-09,ARI incidence,2026-09-06,1,IE,quantile,0.35,22.4232006265961
2026-09-09,ARI incidence,2026-09-06,1,IE,quantile,0.4,23.1654107828191
2026-09-09,ARI incidence,2026-09-06,1,IE,quantile,0.45,23.7883275956073
2026-09-09,ARI incidence,2026-09-06,1,IE,quantile,0.5,24.443239968697
2026-09-09,ARI incidence,2026-09-06,1,IE,quantile,0.55,25.1471194383541
2026-09-09,ARI incidence,2026-09-06,1,IE,quantile,0.6,25.7828924023789
2026-09-09,ARI incidence,2026-09-06,1,IE,quantile,0.65,26.5093064029687
2026-09-09,ARI incidence,2026-09-06,1,IE,quantile,0.7,27.2563986194106
2026-09-09,ARI incidence,2026-09-06,1,IE,quantile,0.75,28.1016003746875
2026-09-09,ARI incidence,2026-09-06,1,IE,quantile,0.8,29.0363503349325
2026-09-09,ARI incidence,2026-09-06,1,IE,quantile,0.85,30.1714804656025
2026-09-09,ARI incidence,2026-09-06,1,IE,quantile,0.9,31.6658314003725
2026-09-09,ARI incidence,2026-09-06,1,IE,quantile,0.95,33.7614155192202
2026-09-09,ARI incidence,2026-09-06,1,IE,quantile,0.975,35.8638977404743
2026-09-09,ARI incidence,2026-09-06,1,IE,quantile,0.99,38.4816691654741
2026-09-09,ARI incidence,2026-09-13,2,IE,median,,24.3594004845105
2026-09-09,ARI incidence,2026-09-13,2,IE,quantile,0.01,10.7577268555116
2026-09-09,ARI incidence,2026-09-13,2,IE,quantile,0.025,12.463973351672
2026-09-09,ARI incidence,2026-09-13,2,IE,quantile,0.05,14.0527488093798
2026-09-09,ARI incidence,2026-09-13,2,IE,quantile,0.1,16.2869979047382
2026-09-09,ARI incidence,2026-09-13,2,IE,quantile,0.15,17.6592548568921
2026-09-09,ARI incidence,2026-09-13,2,IE,quantile,0.2,18.7742857690639
2026-09-09,ARI incidence,2026-09-13,2,IE,quantile,0.25,19.8152792001828
2026-09-09,ARI incidence,2026-09-13,2,IE,quantile,0.3,20.8416276701071
2026-09-09,ARI incidence,2026-09-13,2,IE,quantile,0.35,21.8653766771815
2026-09-09,ARI incidence,2026-09-13,2,IE,quantile,0.4,22.7241735790784
2026-09-09,ARI incidence,2026-09-13,2,IE,quantile,0.45,23.5740082468821
2026-09-09,ARI incidence,2026-09-13,2,IE,quantile,0.5,24.4051655363079
2026-09-09,ARI incidence,2026-09-13,2,IE,quantile,0.55,25.28624513789
2026-09-09,ARI incidence,2026-09-13,2,IE,quantile,0.6,26.1493988741523
2026-09-09,ARI incidence,2026-09-13,2,IE,quantile,0.65,27.1658649314838
2026-09-09,ARI incidence,2026-09-13,2,IE,quantile,0.7,28.1651008391356
2026-09-09,ARI incidence,2026-09-13,2,IE,quantile,0.75,29.3259871385996
2026-09-09,ARI incidence,2026-09-13,2,IE,quantile,0.8,30.5212091535376
2026-09-09,ARI incidence,2026-09-13,2,IE,quantile,0.85,32.0611781669761
2026-09-09,ARI incidence,2026-09-13,2,IE,quantile,0.9,34.1121463002035
2026-09-09,ARI incidence,2026-09-13,2,IE,quantile,0.95,37.0096567640319
2026-09-09,ARI incidence,2026-09-13,2,IE,quantile,0.975,39.7830620607099
2026-09-09,ARI incidence,2026-09-13,2,IE,quantile,0.99,43.0058493492766
2026-09-09,ARI incidence,2026-09-20,3,IE,median,,28.0802844414025
2026-09-09,ARI incidence,2026-09-20,3,IE,quantile,0.01,11.6401238563219
2026-09-09,ARI incidence,2026-09-20,3,IE,quantile,0.025,13.6817791629423
2026-09-09,ARI incidence,2026-09-20,3,IE,quantile,0.05,15.5670121093985
2026-09-09,ARI incidence,2026-09-20,3,IE,quantile,0.1,17.9630037391488
2026-09-09,ARI incidence,2026-09-20,3,IE,quantile,0.15,19.7436947321618
2026-09-09,ARI incidence,2026-09-20,3,IE,quantile,0.2,21.1761261199743
2026-09-09,ARI incidence,2026-09-20,3,IE,quantile,0.25,22.4320245426511
2026-09-09,ARI incidence,2026-09-20,3,IE,quantile,0.3,23.6677187712606
2026-09-09,ARI incidence,2026-09-20,3,IE,quantile,0.35,24.8305712590091
2026-09-09,ARI incidence,2026-09-20,3,IE,quantile,0.4,25.9639362853461
2026-09-09,ARI incidence,2026-09-20,3,IE,quantile,0.45,27.0449963236278
2026-09-09,ARI incidence,2026-09-20,3,IE,quantile,0.5,28.0688015839101
2026-09-09,ARI incidence,2026-09-20,3,IE,quantile,0.55,29.1469537449146
2026-09-09,ARI incidence,2026-09-20,3,IE,quantile,0.6,30.3719287662527
2026-09-09,ARI incidence,2026-09-20,3,IE,quantile,0.65,31.5426067610915
2026-09-09,ARI incidence,2026-09-20,3,IE,quantile,0.7,32.7457993047705
2026-09-09,ARI incidence,2026-09-20,3,IE,quantile,0.75,34.2233823699393
2026-09-09,ARI incidence,2026-09-20,3,IE,quantile,0.8,35.7859904510231
2026-09-09,ARI incidence,2026-09-20,3,IE,quantile,0.85,37.7170482130116
2026-09-09,ARI incidence,2026-09-20,3,IE,quantile,0.9,40.2197645724239
2026-09-09,ARI incidence,2026-09-20,3,IE,quantile,0.95,44.3254952627629
2026-09-09,ARI incidence,2026-09-20,3,IE,quantile,0.975,47.8461139142754
2026-09-09,ARI incidence,2026-09-20,3,IE,quantile,0.99,51.9261092733661
2026-09-09,ARI incidence,2026-09-27,4,IE,median,,30.3838460992344
2026-09-09,ARI incidence,2026-09-27,4,IE,quantile,0.01,10.552429859939
2026-09-09,ARI incidence,2026-09-27,4,IE,quantile,0.025,12.7542908971086
2026-09-09,ARI incidence,2026-09-27,4,IE,quantile,0.05,15.1541719837475
2026-09-09,ARI incidence,2026-09-27,4,IE,quantile,0.1,17.9346024263258
2026-09-09,ARI incidence,2026-09-27,4,IE,quantile,0.15,20.1056774170881
2026-09-09,ARI incidence,2026-09-27,4,IE,quantile,0.2,21.849474790257
2026-09-09,ARI incidence,2026-09-27,4,IE,quantile,0.25,23.4461678733615
2026-09-09,ARI incidence,2026-09-27,4,IE,quantile,0.3,24.9599888606261
2026-09-09,ARI incidence,2026-09-27,4,IE,quantile,0.35,26.3526197391744
2026-09-09,ARI incidence,2026-09-27,4,IE,quantile,0.4,27.6581092094847
2026-09-09,ARI incidence,2026-09-27,4,IE,quantile,0.45,29.0200346506132
2026-09-09,ARI incidence,2026-09-27,4,IE,quantile,0.5,30.2627205233136
2026-09-09,ARI incidence,2026-09-27,4,IE,quantile,0.55,31.6366244859481
2026-09-09,ARI incidence,2026-09-27,4,IE,quantile,0.6,33.0005518731578
2026-09-09,ARI incidence,2026-09-27,4,IE,quantile,0.65,34.5065315792025
2026-09-09,ARI incidence,2026-09-27,4,IE,quantile,0.7,36.0781863715724
2026-09-09,ARI incidence,2026-09-27,4,IE,quantile,0.75,37.8990061306314
2026-09-09,ARI incidence,2026-09-27,4,IE,quantile,0.8,39.9369455343403
2026-09-09,ARI incidence,2026-09-27,4,IE,quantile,0.85,42.3764310338235
2026-09-09,ARI incidence,2026-09-27,4,IE,quantile,0.9,45.3849166789156
2026-09-09,ARI incidence,2026-09-27,4,IE,quantile,0.95,50.480525812702
2026-09-09,ARI incidence,2026-09-27,4,IE,quantile,0.975,54.9052527636224
2026-09-09,ARI incidence,2026-09-27,4,IE,quantile,0.99,60.4652973885673
2026-09-09,ARI incidence,2026-09-06,1,IS,median,,46.655580844254
2026-09-09,ARI incidence,2026-09-06,1,IS,quantile,0.01,35.7302909300735
2026-09-09,ARI incidence,2026-09-06,1,IS,quantile,0.025,37.477949781454
2026-09-09,ARI incidence,2026-09-06,1,IS,quantile,0.05,38.8970255302005
2026-09-09,ARI incidence,2026-09-06,1,IS,quantile,0.1,40.5819634324143
2026-09-09,ARI incidence,2026-09-06,1,IS,quantile,0.15,41.819019300268
2026-09-09,ARI incidence,2026-09-06,1,IS,quantile,0.2,42.7254050482249
2026-09-09,ARI incidence,2026-09-06,1,IS,quantile,0.25,43.4975262941999
2026-09-09,ARI incidence,2026-09-06,1,IS,quantile,0.3,44.2651594628289
2026-09-09,ARI incidence,2026-09-06,1,IS,quantile,0.35,44.9032617936823
2026-09-09,ARI incidence,2026-09-06,1,IS,quantile,0.4,45.5265970584286
2026-09-09,ARI incidence,2026-09-06,1,IS,quantile,0.45,46.1597443348355
2026-09-09,ARI incidence,2026-09-06,1,IS,quantile,0.5,46.7880457798522
2026-09-09,ARI incidence,2026-09-06,1,IS,quantile,0.55,47.395208453808
2026-09-09,ARI incidence,2026-09-06,1,IS,quantile,0.6,48.0055770582705
2026-09-09,ARI incidence,2026-09-06,1,IS,quantile,0.65,48.6621957722642
2026-09-09,ARI incidence,2026-09-06,1,IS,quantile,0.7,49.3428302792931
2026-09-09,ARI incidence,2026-09-06,1,IS,quantile,0.75,50.0904651339176
2026-09-09,ARI incidence,2026-09-06,1,IS,quantile,0.8,50.8818897197691
2026-09-09,ARI incidence,2026-09-06,1,IS,quantile,0.85,51.8873281795092
2026-09-09,ARI incidence,2026-09-06,1,IS,quantile,0.9,53.1515144362436
2026-09-09,ARI incidence,2026-09-06,1,IS,quantile,0.95,54.9907344422286
2026-09-09,ARI incidence,2026-09-06,1,IS,quantile,0.975,56.667835572875
2026-09-09,ARI incidence,2026-09-06,1,IS,quantile,0.99,58.603172190077
2026-09-09,ARI incidence,2026-09-13,2,IS,median,,47.8099426188328
2026-09-09,ARI incidence,2026-09-13,2,IS,quantile,0.01,33.8608964080577
2026-09-09,ARI incidence,2026-09-13,2,IS,quantile,0.025,35.9870804466747
2026-09-09,ARI incidence,2026-09-13,2,IS,quantile,0.05,37.6759606960997
2026-09-09,ARI incidence,2026-09-13,2,IS,quantile,0.1,39.8195156400606
2026-09-09,ARI incidence,2026-09-13,2,IS,quantile,0.15,41.314417681008
2026-09-09,ARI incidence,2026-09-13,2,IS,quantile,0.2,42.4894719769296
2026-09-09,ARI incidence,2026-09-13,2,IS,quantile,0.25,43.5359965737691
2026-09-09,ARI incidence,2026-09-13,2,IS,quantile,0.3,44.4449376486876
2026-09-09,ARI incidence,2026-09-13,2,IS,quantile,0.35,45.2762649027646
2026-09-09,ARI incidence,2026-09-13,2,IS,quantile,0.4,46.1680253181442
2026-09-09,ARI incidence,2026-09-13,2,IS,quantile,0.45,47.0264632931282
2026-09-09,ARI incidence,2026-09-13,2,IS,quantile,0.5,47.8757134548575
2026-09-09,ARI incidence,2026-09-13,2,IS,quantile,0.55,48.7320632156472
2026-09-09,ARI incidence,2026-09-13,2,IS,quantile,0.6,49.5929332194726
2026-09-09,ARI incidence,2026-09-13,2,IS,quantile,0.65,50.4296319298772
2026-09-09,ARI incidence,2026-09-13,2,IS,quantile,0.7,51.4027757386373
2026-09-09,ARI incidence,2026-09-13,2,IS,quantile,0.75,52.3564750126851
2026-09-09,ARI incidence,2026-09-13,2,IS,quantile,0.8,53.6302849809054
2026-09-09,ARI incidence,2026-09-13,2,IS,quantile,0.85,55.0328979324565
2026-09-09,ARI incidence,2026-09-13,2,IS,quantile,0.9,56.8111075207521
2026-09-09,ARI incidence,2026-09-13,2,IS,quantile,0.95,59.4842675806969
2026-09-09,ARI incidence,2026-09-13,2,IS,quantile,0.975,61.9643697973615
2026-09-09,ARI incidence,2026-09-13,2,IS,quantile,0.99,65.0609563446863
2026-09-09,ARI incidence,2026-09-20,3,IS,median,,48.8698265566088
2026-09-09,ARI incidence,2026-09-20,3,IS,quantile,0.01,32.3633487335532
2026-09-09,ARI incidence,2026-09-20,3,IS,quantile,0.025,34.7877287523742
2026-09-09,ARI incidence,2026-09-20,3,IS,quantile,0.05,36.8328157202293
2026-09-09,ARI incidence,2026-09-20,3,IS,quantile,0.1,39.3858037162378
2026-09-09,ARI incidence,2026-09-20,3,IS,quantile,0.15,41.1008939206529
2026-09-09,ARI incidence,2026-09-20,3,IS,quantile,0.2,42.4568407935807
2026-09-09,ARI incidence,2026-09-20,3,IS,quantile,0.25,43.7573238857416
2026-09-09,ARI incidence,2026-09-20,3,IS,quantile,0.3,44.9151947817293
2026-09-09,ARI incidence,2026-09-20,3,IS,quantile,0.35,45.990968739148
2026-09-09,ARI incidence,2026-09-20,3,IS,quantile,0.4,47.0679454760503
2026-09-09,ARI incidence,2026-09-20,3,IS,quantile,0.45,48.0796225388267
2026-09-09,ARI incidence,2026-09-20,3,IS,quantile,0.5,49.0038436005463
2026-09-09,ARI incidence,2026-09-20,3,IS,quantile,0.55,50.0616251001037
2026-09-09,ARI incidence,2026-09-20,3,IS,quantile,0.6,51.081540862902
2026-09-09,ARI incidence,2026-09-20,3,IS,quantile,0.65,52.1375693702048
2026-09-09,ARI incidence,2026-09-20,3,IS,quantile,0.7,53.2317419962501
2026-09-09,ARI incidence,2026-09-20,3,IS,quantile,0.75,54.5312030697512
2026-09-09,ARI incidence,2026-09-20,3,IS,quantile,0.8,55.9172508646728
2026-09-09,ARI incidence,2026-09-20,3,IS,quantile,0.85,57.3982391915427
2026-09-09,ARI incidence,2026-09-20,3,IS,quantile,0.9,59.3168869492806
2026-09-09,ARI incidence,2026-09-20,3,IS,quantile,0.95,62.4873695533205
2026-09-09,ARI incidence,2026-09-20,3,IS,quantile,0.975,65.3897968704897
2026-09-09,ARI incidence,2026-09-20,3,IS,quantile,0.99,69.2229762070506
2026-09-09,ARI incidence,2026-09-27,4,IS,median,,49.841811651983
2026-09-09,ARI incidence,2026-09-27,4,IS,quantile,0.01,31.5755985820039
2026-09-09,ARI incidence,2026-09-27,4,IS,quantile,0.025,34.2955689628656
2026-09-09,ARI incidence,2026-09-27,4,IS,quantile,0.05,36.5564642391103
2026-09-09,ARI incidence,2026-09-27,4,IS,quantile,0.1,39.1748556531422
2026-09-09,ARI incidence,2026-09-27,4,IS,quantile,0.15,41.2225326916735
2026-09-09,ARI incidence,2026-09-27,4,IS,quantile,0.2,42.7833865368034
2026-09-09,ARI incidence,2026-09-27,4,IS,quantile,0.25,44.0505025660473
2026-09-09,ARI incidence,2026-09-27,4,IS,quantile,0.3,45.409620478912
2026-09-09,ARI incidence,2026-09-27,4,IS,quantile,0.35,46.6732675812303
2026-09-09,ARI incidence,2026-09-27,4,IS,quantile,0.4,47.8655122411234
2026-09-09,ARI incidence,2026-09-27,4,IS,quantile,0.45,48.9823130574292
2026-09-09,ARI incidence,2026-09-27,4,IS,quantile,0.5,50.0823348691232
2026-09-09,ARI incidence,2026-09-27,4,IS,quantile,0.55,51.1549187476269
2026-09-09,ARI incidence,2026-09-27,4,IS,quantile,0.6,52.4074883638993
2026-09-09,ARI incidence,2026-09-27,4,IS,quantile,0.65,53.5058078472378
2026-09-09,ARI incidence,2026-09-27,4,IS,quantile,0.7,54.7244275101956
2026-09-09,ARI incidence,2026-09-27,4,IS,quantile,0.75,56.0327813257995
2026-09-09,ARI incidence,2026-09-27,4,IS,quantile,0.8,57.4648519816791
2026-09-09,ARI incidence,2026-09-27,4,IS,quantile,0.85,59.1296437731774
2026-09-09,ARI incidence,2026-09-27,4,IS,quantile,0.9,61.6220179506124
2026-09-09,ARI incidence,2026-09-27,4,IS,quantile,0.95,65.1985621986886
2026-09-09,ARI incidence,2026-09-27,4,IS,quantile,0.975,68.7115759709084
2026-09-09,ARI incidence,2026-09-27,4,IS,quantile,0.99,72.6352800562625
2026-09-09,ARI incidence,2026-09-06,1,LT,median,,204
2026-09-09,ARI incidence,2026-09-06,1,LT,quantile,0.01,66.8482388565243
2026-09-09,ARI incidence,2026-09-06,1,LT,quantile,0.025,82.7994722362356
2026-09-09,ARI incidence,2026-09-06,1,LT,quantile,0.05,98.377732444819
2026-09-09,ARI incidence,2026-09-06,1,LT,quantile,0.1,118.138614218822
2026-09-09,ARI incidence,2026-09-06,1,LT,quantile,0.15,132.741793571951
2026-09-09,ARI incidence,2026-09-06,1,LT,quantile,0.2,145.4967956222
2026-09-09,ARI incidence,2026-09-06,1,LT,quantile,0.25,155.946251214955
2026-09-09,ARI incidence,2026-09-06,1,LT,quantile,0.3,165.296591930652
2026-09-09,ARI incidence,2026-09-06,1,LT,quantile,0.35,175.139685972768
2026-09-09,ARI incidence,2026-09-06,1,LT,quantile,0.4,184.525627520463
2026-09-09,ARI incidence,2026-09-06,1,LT,quantile,0.45,193.989010977941
2026-09-09,ARI incidence,2026-09-06,1,LT,quantile,0.5,202.591750016467
2026-09-09,ARI incidence,2026-09-06,1,LT,quantile,0.55,212.064853084893
2026-09-09,ARI incidence,2026-09-06,1,LT,quantile,0.6,222.029136757467
2026-09-09,ARI incidence,2026-09-06,1,LT,quantile,0.65,232.482150408158
2026-09-09,ARI incidence,2026-09-06,1,LT,quantile,0.7,243.778590019465
2026-09-09,ARI incidence,2026-09-06,1,LT,quantile,0.75,256.917201178235
2026-09-09,ARI incidence,2026-09-06,1,LT,quantile,0.8,270.761771844467
2026-09-09,ARI incidence,2026-09-06,1,LT,quantile,0.85,287.989339866433
2026-09-09,ARI incidence,2026-09-06,1,LT,quantile,0.9,311.373389727401
2026-09-09,ARI incidence,2026-09-06,1,LT,quantile,0.95,345.325343996445
2026-09-09,ARI incidence,2026-09-06,1,LT,quantile,0.975,378.130433621747
2026-09-09,ARI incidence,2026-09-06,1,LT,quantile,0.99,414.363705692517
2026-09-09,ARI incidence,2026-09-13,2,LT,median,,204
2026-09-09,ARI incidence,2026-09-13,2,LT,quantile,0.01,32.1512977786714
2026-09-09,ARI incidence,2026-09-13,2,LT,quantile,0.025,48.7437350166045
2026-09-09,ARI incidence,2026-09-13,2,LT,quantile,0.05,65.807691382672
2026-09-09,ARI incidence,2026-09-13,2,LT,quantile,0.1,89.3259590822879
2026-09-09,ARI incidence,2026-09-13,2,LT,quantile,0.15,107.086764854514
2026-09-09,ARI incidence,2026-09-13,2,LT,quantile,0.2,122.523946549573
2026-09-09,ARI incidence,2026-09-13,2,LT,quantile,0.25,135.819640427382
2026-09-09,ARI incidence,2026-09-13,2,LT,quantile,0.3,149.235668922099
2026-09-09,ARI incidence,2026-09-13,2,LT,quantile,0.35,162.852925118099
2026-09-09,ARI incidence,2026-09-13,2,LT,quantile,0.4,176.161711090857
2026-09-09,ARI incidence,2026-09-13,2,LT,quantile,0.45,189.148158159515
2026-09-09,ARI incidence,2026-09-13,2,LT,quantile,0.5,202.507826352127
2026-09-09,ARI incidence,2026-09-13,2,LT,quantile,0.55,216.688139155989
2026-09-09,ARI incidence,2026-09-13,2,LT,quantile,0.6,232.673620304357
2026-09-09,ARI incidence,2026-09-13,2,LT,quantile,0.65,248.283768358054
2026-09-09,ARI incidence,2026-09-13,2,LT,quantile,0.7,264.656166747771
2026-09-09,ARI incidence,2026-09-13,2,LT,quantile,0.75,283.370996565161
2026-09-09,ARI incidence,2026-09-13,2,LT,quantile,0.8,304.199100938904
2026-09-09,ARI incidence,2026-09-13,2,LT,quantile,0.85,330.002298733455
2026-09-09,ARI incidence,2026-09-13,2,LT,quantile,0.9,365.428024548725
2026-09-09,ARI incidence,2026-09-13,2,LT,quantile,0.95,418.694202684556
2026-09-09,ARI incidence,2026-09-13,2,LT,quantile,0.975,466.944470947074
2026-09-09,ARI incidence,2026-09-13,2,LT,quantile,0.99,528.741571991332
2026-09-09,ARI incidence,2026-09-20,3,LT,median,,204
2026-09-09,ARI incidence,2026-09-20,3,LT,quantile,0.01,12.3900851037894
2026-09-09,ARI incidence,2026-09-20,3,LT,quantile,0.025,29.8220197101308
2026-09-09,ARI incidence,2026-09-20,3,LT,quantile,0.05,46.6473857043014
2026-09-09,ARI incidence,2026-09-20,3,LT,quantile,0.1,69.3287569405842
2026-09-09,ARI incidence,2026-09-20,3,LT,quantile,0.15,90.7119798700908
2026-09-09,ARI incidence,2026-09-20,3,LT,quantile,0.2,107.818140862218
2026-09-09,ARI incidence,2026-09-20,3,LT,quantile,0.25,123.812464655528
2026-09-09,ARI incidence,2026-09-20,3,LT,quantile,0.3,140.597576265892
2026-09-09,ARI incidence,2026-09-20,3,LT,quantile,0.35,154.876306860907
2026-09-09,ARI incidence,2026-09-20,3,LT,quantile,0.4,169.102895674564
2026-09-09,ARI incidence,2026-09-20,3,LT,quantile,0.45,185.307952986292
2026-09-09,ARI incidence,2026-09-20,3,LT,quantile,0.5,201.924729999761
2026-09-09,ARI incidence,2026-09-20,3,LT,quantile,0.55,218.363328278772
2026-09-09,ARI incidence,2026-09-20,3,LT,quantile,0.6,235.263847310005
2026-09-09,ARI incidence,2026-09-20,3,LT,quantile,0.65,253.686875988271
2026-09-09,ARI incidence,2026-09-20,3,LT,quantile,0.7,275.768935568201
2026-09-09,ARI incidence,2026-09-20,3,LT,quantile,0.75,300.021453335019
2026-09-09,ARI incidence,2026-09-20,3,LT,quantile,0.8,328.333290080542
2026-09-09,ARI incidence,2026-09-20,3,LT,quantile,0.85,362.600995964332
2026-09-09,ARI incidence,2026-09-20,3,LT,quantile,0.9,406.230722549894
2026-09-09,ARI incidence,2026-09-20,3,LT,quantile,0.95,475.288867072361
2026-09-09,ARI incidence,2026-09-20,3,LT,quantile,0.975,542.203317197334
2026-09-09,ARI incidence,2026-09-20,3,LT,quantile,0.99,613.935521436859
2026-09-09,ARI incidence,2026-09-27,4,LT,median,,204
2026-09-09,ARI incidence,2026-09-27,4,LT,quantile,0.01,4.64868540497595
2026-09-09,ARI incidence,2026-09-27,4,LT,quantile,0.025,14.6027045965864
2026-09-09,ARI incidence,2026-09-27,4,LT,quantile,0.05,30.6956315775858
2026-09-09,ARI incidence,2026-09-27,4,LT,quantile,0.1,56.2214103056369
2026-09-09,ARI incidence,2026-09-27,4,LT,quantile,0.15,77.2853992397633
2026-09-09,ARI incidence,2026-09-27,4,LT,quantile,0.2,95.4676069825301
2026-09-09,ARI incidence,2026-09-27,4,LT,quantile,0.25,112.777007130171
2026-09-09,ARI incidence,2026-09-27,4,LT,quantile,0.3,130.3104789387
2026-09-09,ARI incidence,2026-09-27,4,LT,quantile,0.35,146.732450362143
2026-09-09,ARI incidence,2026-09-27,4,LT,quantile,0.4,164.240455908679
2026-09-09,ARI incidence,2026-09-27,4,LT,quantile,0.45,183.678897888627
2026-09-09,ARI incidence,2026-09-27,4,LT,quantile,0.5,202.12728072667
2026-09-09,ARI incidence,2026-09-27,4,LT,quantile,0.55,220.956860908927
2026-09-09,ARI incidence,2026-09-27,4,LT,quantile,0.6,241.674179338808
2026-09-09,ARI incidence,2026-09-27,4,LT,quantile,0.65,263.787716923301
2026-09-09,ARI incidence,2026-09-27,4,LT,quantile,0.7,289.566846833675
2026-09-09,ARI incidence,2026-09-27,4,LT,quantile,0.75,315.023953422278
2026-09-09,ARI incidence,2026-09-27,4,LT,quantile,0.8,347.004528517853
2026-09-09,ARI incidence,2026-09-27,4,LT,quantile,0.85,387.1759838156
2026-09-09,ARI incidence,2026-09-27,4,LT,quantile,0.9,441.594409176609
2026-09-09,ARI incidence,2026-09-27,4,LT,quantile,0.95,519.23010585081
2026-09-09,ARI incidence,2026-09-27,4,LT,quantile,0.975,594.870698389181
2026-09-09,ARI incidence,2026-09-27,4,LT,quantile,0.99,691.003820579551
2026-09-09,ARI incidence,2026-09-06,1,LU,median,,3734.8409157248
2026-09-09,ARI incidence,2026-09-06,1,LU,quantile,0.01,379.725306819027
2026-09-09,ARI incidence,2026-09-06,1,LU,quantile,0.025,731.324246028384
2026-09-09,ARI incidence,2026-09-06,1,LU,quantile,0.05,1037.33943209818
2026-09-09,ARI incidence,2026-09-06,1,LU,quantile,0.1,1492.39617691651
2026-09-09,ARI incidence,2026-09-06,1,LU,quantile,0.15,1820.77828542671
2026-09-09,ARI incidence,2026-09-06,1,LU,quantile,0.2,2161.82959983912
2026-09-09,ARI incidence,2026-09-06,1,LU,quantile,0.25,2438.90915088726
2026-09-09,ARI incidence,2026-09-06,1,LU,quantile,0.3,2707.74270964606
2026-09-09,ARI incidence,2026-09-06,1,LU,quantile,0.35,2938.55912930618
2026-09-09,ARI incidence,2026-09-06,1,LU,quantile,0.4,3196.32957007157
2026-09-09,ARI incidence,2026-09-06,1,LU,quantile,0.45,3454.30447691152
2026-09-09,ARI incidence,2026-09-06,1,LU,quantile,0.5,3708.35276500193
2026-09-09,ARI incidence,2026-09-06,1,LU,quantile,0.55,3991.09846031581
2026-09-09,ARI incidence,2026-09-06,1,LU,quantile,0.6,4268.39650615231
2026-09-09,ARI incidence,2026-09-06,1,LU,quantile,0.65,4585.85550061824
2026-09-09,ARI incidence,2026-09-06,1,LU,quantile,0.7,4951.68227180002
2026-09-09,ARI incidence,2026-09-06,1,LU,quantile,0.75,5301.70806324109
2026-09-09,ARI incidence,2026-09-06,1,LU,quantile,0.8,5752.05461617075
2026-09-09,ARI incidence,2026-09-06,1,LU,quantile,0.85,6296.55258049251
2026-09-09,ARI incidence,2026-09-06,1,LU,quantile,0.9,6945.88060020596
2026-09-09,ARI incidence,2026-09-06,1,LU,quantile,0.95,8112.30272064744
2026-09-09,ARI incidence,2026-09-06,1,LU,quantile,0.975,9234.1430074221
2026-09-09,ARI incidence,2026-09-06,1,LU,quantile,0.99,10545.5911060804
2026-09-09,ARI incidence,2026-09-13,2,LU,median,,3833.63877422071
2026-09-09,ARI incidence,2026-09-13,2,LU,quantile,0.01,221.219055752545
2026-09-09,ARI incidence,2026-09-13,2,LU,quantile,0.025,513.081684460518
2026-09-09,ARI incidence,2026-09-13,2,LU,quantile,0.05,840.725675595571
2026-09-09,ARI incidence,2026-09-13,2,LU,quantile,0.1,1276.59823417121
2026-09-09,ARI incidence,2026-09-13,2,LU,quantile,0.15,1675.4367020181
2026-09-09,ARI incidence,2026-09-13,2,LU,quantile,0.2,1995.85199139695
2026-09-09,ARI incidence,2026-09-13,2,LU,quantile,0.25,2310.67241484235
2026-09-09,ARI incidence,2026-09-13,2,LU,quantile,0.3,2633.65288328518
2026-09-09,ARI incidence,2026-09-13,2,LU,quantile,0.35,2917.20803294097
2026-09-09,ARI incidence,2026-09-13,2,LU,quantile,0.4,3222.8793639808
2026-09-09,ARI incidence,2026-09-13,2,LU,quantile,0.45,3527.85493863477
2026-09-09,ARI incidence,2026-09-13,2,LU,quantile,0.5,3836.07527932791
2026-09-09,ARI incidence,2026-09-13,2,LU,quantile,0.55,4155.43349771852
2026-09-09,ARI incidence,2026-09-13,2,LU,quantile,0.6,4493.37364248407
2026-09-09,ARI incidence,2026-09-13,2,LU,quantile,0.65,4846.45555640921
2026-09-09,ARI incidence,2026-09-13,2,LU,quantile,0.7,5235.54634416998
2026-09-09,ARI incidence,2026-09-13,2,LU,quantile,0.75,5700.19953972781
2026-09-09,ARI incidence,2026-09-13,2,LU,quantile,0.8,6199.09898836377
2026-09-09,ARI incidence,2026-09-13,2,LU,quantile,0.85,6859.20667462133
2026-09-09,ARI incidence,2026-09-13,2,LU,quantile,0.9,7653.94171897763
2026-09-09,ARI incidence,2026-09-13,2,LU,quantile,0.95,8943.36625068632
2026-09-09,ARI incidence,2026-09-13,2,LU,quantile,0.975,10190.4242133641
2026-09-09,ARI incidence,2026-09-13,2,LU,quantile,0.99,11868.0627478609
2026-09-09,ARI incidence,2026-09-20,3,LU,median,,3855.44250078249
2026-09-09,ARI incidence,2026-09-20,3,LU,quantile,0.01,167.138235475511
2026-09-09,ARI incidence,2026-09-20,3,LU,quantile,0.025,373.610499203831
2026-09-09,ARI incidence,2026-09-20,3,LU,quantile,0.05,687.690785726847
2026-09-09,ARI incidence,2026-09-20,3,LU,quantile,0.1,1183.20037712523
2026-09-09,ARI incidence,2026-09-20,3,LU,quantile,0.15,1559.6999293676
2026-09-09,ARI incidence,2026-09-20,3,LU,quantile,0.2,1896.02927788238
2026-09-09,ARI incidence,2026-09-20,3,LU,quantile,0.25,2234.26568104576
2026-09-09,ARI incidence,2026-09-20,3,LU,quantile,0.3,2555.59396750751
2026-09-09,ARI incidence,2026-09-20,3,LU,quantile,0.35,2895.01354625887
2026-09-09,ARI incidence,2026-09-20,3,LU,quantile,0.4,3191.72167444433
2026-09-09,ARI incidence,2026-09-20,3,LU,quantile,0.45,3510.43371804242
2026-09-09,ARI incidence,2026-09-20,3,LU,quantile,0.5,3842.95210155107
2026-09-09,ARI incidence,2026-09-20,3,LU,quantile,0.55,4163.73163880523
2026-09-09,ARI incidence,2026-09-20,3,LU,quantile,0.6,4525.84046068793
2026-09-09,ARI incidence,2026-09-20,3,LU,quantile,0.65,4950.01642184897
2026-09-09,ARI incidence,2026-09-20,3,LU,quantile,0.7,5381.37751993496
2026-09-09,ARI incidence,2026-09-20,3,LU,quantile,0.75,5848.87591217935
2026-09-09,ARI incidence,2026-09-20,3,LU,quantile,0.8,6413.96939942078
2026-09-09,ARI incidence,2026-09-20,3,LU,quantile,0.85,7157.33959958771
2026-09-09,ARI incidence,2026-09-20,3,LU,quantile,0.9,8118.89138373341
2026-09-09,ARI incidence,2026-09-20,3,LU,quantile,0.95,9573.43965060667
2026-09-09,ARI incidence,2026-09-20,3,LU,quantile,0.975,11024.8845956302
2026-09-09,ARI incidence,2026-09-20,3,LU,quantile,0.99,12726.7276545334
2026-09-09,ARI incidence,2026-09-27,4,LU,median,,3860.22463916124
2026-09-09,ARI incidence,2026-09-27,4,LU,quantile,0.01,119.100527583404
2026-09-09,ARI incidence,2026-09-27,4,LU,quantile,0.025,308.906289792038
2026-09-09,ARI incidence,2026-09-27,4,LU,quantile,0.05,623.852193831533
2026-09-09,ARI incidence,2026-09-27,4,LU,quantile,0.1,1096.54123754723
2026-09-09,ARI incidence,2026-09-27,4,LU,quantile,0.15,1486.6853407777
2026-09-09,ARI incidence,2026-09-27,4,LU,quantile,0.2,1822.76721911789
2026-09-09,ARI incidence,2026-09-27,4,LU,quantile,0.25,2157.75144854628
2026-09-09,ARI incidence,2026-09-27,4,LU,quantile,0.3,2487.32637393973
2026-09-09,ARI incidence,2026-09-27,4,LU,quantile,0.35,2815.23133302626
2026-09-09,ARI incidence,2026-09-27,4,LU,quantile,0.4,3133.19975933484
2026-09-09,ARI incidence,2026-09-27,4,LU,quantile,0.45,3465.05401080916
2026-09-09,ARI incidence,2026-09-27,4,LU,quantile,0.5,3809.55021844305
2026-09-09,ARI incidence,2026-09-27,4,LU,quantile,0.55,4175.59824444051
2026-09-09,ARI incidence,2026-09-27,4,LU,quantile,0.6,4538.4388902788
2026-09-09,ARI incidence,2026-09-27,4,LU,quantile,0.65,4952.3340336078
2026-09-09,ARI incidence,2026-09-27,4,LU,quantile,0.7,5428.97428468512
2026-09-09,ARI incidence,2026-09-27,4,LU,quantile,0.75,6002.32107667051
2026-09-09,ARI incidence,2026-09-27,4,LU,quantile,0.8,6616.45212305029
2026-09-09,ARI incidence,2026-09-27,4,LU,quantile,0.85,7379.07031794667
2026-09-09,ARI incidence,2026-09-27,4,LU,quantile,0.9,8330.47414778127
2026-09-09,ARI incidence,2026-09-27,4,LU,quantile,0.95,10015.9609427618
2026-09-09,ARI incidence,2026-09-27,4,LU,quantile,0.975,11558.6647903861
2026-09-09,ARI incidence,2026-09-27,4,LU,quantile,0.99,13520.3321859271
2026-09-09,ARI incidence,2026-09-06,1,NL,median,,83.9113386175067
2026-09-09,ARI incidence,2026-09-06,1,NL,quantile,0.01,65.9342082413275
2026-09-09,ARI incidence,2026-09-06,1,NL,quantile,0.025,68.6524707309154
2026-09-09,ARI incidence,2026-09-06,1,NL,quantile,0.05,71.1272858629073
2026-09-09,ARI incidence,2026-09-06,1,NL,quantile,0.1,73.8173178944092
2026-09-09,ARI incidence,2026-09-06,1,NL,quantile,0.15,75.6572081696571
2026-09-09,ARI incidence,2026-09-06,1,NL,quantile,0.2,77.1776845673086
2026-09-09,ARI incidence,2026-09-06,1,NL,quantile,0.25,78.4354489318205
2026-09-09,ARI incidence,2026-09-06,1,NL,quantile,0.3,79.6212913685521
2026-09-09,ARI incidence,2026-09-06,1,NL,quantile,0.35,80.7129622865862
2026-09-09,ARI incidence,2026-09-06,1,NL,quantile,0.4,81.8162516005345
2026-09-09,ARI incidence,2026-09-06,1,NL,quantile,0.45,82.8224722097333
2026-09-09,ARI incidence,2026-09-06,1,NL,quantile,0.5,83.8564074878492
2026-09-09,ARI incidence,2026-09-06,1,NL,quantile,0.55,84.8211296041079
2026-09-09,ARI incidence,2026-09-06,1,NL,quantile,0.6,85.8219911486995
2026-09-09,ARI incidence,2026-09-06,1,NL,quantile,0.65,86.8649031817227
2026-09-09,ARI incidence,2026-09-06,1,NL,quantile,0.7,88.0492637018049
2026-09-09,ARI incidence,2026-09-06,1,NL,quantile,0.75,89.3081206122644
2026-09-09,ARI incidence,2026-09-06,1,NL,quantile,0.8,90.7250543150732
2026-09-09,ARI incidence,2026-09-06,1,NL,quantile,0.85,92.388749992337
2026-09-09,ARI incidence,2026-09-06,1,NL,quantile,0.9,94.4853112279168
2026-09-09,ARI incidence,2026-09-06,1,NL,quantile,0.95,97.7179697043622
2026-09-09,ARI incidence,2026-09-06,1,NL,quantile,0.975,100.532525027189
2026-09-09,ARI incidence,2026-09-06,1,NL,quantile,0.99,103.964874358916
2026-09-09,ARI incidence,2026-09-13,2,NL,median,,89.8828553356424
2026-09-09,ARI incidence,2026-09-13,2,NL,quantile,0.01,66.568753670857
2026-09-09,ARI incidence,2026-09-13,2,NL,quantile,0.025,70.258989631399
2026-09-09,ARI incidence,2026-09-13,2,NL,quantile,0.05,72.9818125647426
2026-09-09,ARI incidence,2026-09-13,2,NL,quantile,0.1,76.5410873207093
2026-09-09,ARI incidence,2026-09-13,2,NL,quantile,0.15,78.9632302929151
2026-09-09,ARI incidence,2026-09-13,2,NL,quantile,0.2,80.8770354379822
2026-09-09,ARI incidence,2026-09-13,2,NL,quantile,0.25,82.6739710242164
2026-09-09,ARI incidence,2026-09-13,2,NL,quantile,0.3,84.3478800712996
2026-09-09,ARI incidence,2026-09-13,2,NL,quantile,0.35,85.7449738334658
2026-09-09,ARI incidence,2026-09-13,2,NL,quantile,0.4,87.1366491502426
2026-09-09,ARI incidence,2026-09-13,2,NL,quantile,0.45,88.525101836303
2026-09-09,ARI incidence,2026-09-13,2,NL,quantile,0.5,89.8677898920531
2026-09-09,ARI incidence,2026-09-13,2,NL,quantile,0.55,91.17299075187
2026-09-09,ARI incidence,2026-09-13,2,NL,quantile,0.6,92.513773555038
2026-09-09,ARI incidence,2026-09-13,2,NL,quantile,0.65,93.9936879801641
2026-09-09,ARI incidence,2026-09-13,2,NL,quantile,0.7,95.486713236854
2026-09-09,ARI incidence,2026-09-13,2,NL,quantile,0.75,97.269797634065
2026-09-09,ARI incidence,2026-09-13,2,NL,quantile,0.8,99.123353226814
2026-09-09,ARI incidence,2026-09-13,2,NL,quantile,0.85,101.38729936804
2026-09-09,ARI incidence,2026-09-13,2,NL,quantile,0.9,104.177130111965
2026-09-09,ARI incidence,2026-09-13,2,NL,quantile,0.95,108.432305191039
2026-09-09,ARI incidence,2026-09-13,2,NL,quantile,0.975,112.092796711153
2026-09-09,ARI incidence,2026-09-13,2,NL,quantile,0.99,116.883731051669
2026-09-09,ARI incidence,2026-09-20,3,NL,median,,95.4242361746381
2026-09-09,ARI incidence,2026-09-20,3,NL,quantile,0.01,67.4342258358214
2026-09-09,ARI incidence,2026-09-20,3,NL,quantile,0.025,72.0578403359589
2026-09-09,ARI incidence,2026-09-20,3,NL,quantile,0.05,75.2751515788492
2026-09-09,ARI incidence,2026-09-20,3,NL,quantile,0.1,79.5939095754037
2026-09-09,ARI incidence,2026-09-20,3,NL,quantile,0.15,82.5755073496471
2026-09-09,ARI incidence,2026-09-20,3,NL,quantile,0.2,84.6881477257193
2026-09-09,ARI incidence,2026-09-20,3,NL,quantile,0.25,86.700305224946
2026-09-09,ARI incidence,2026-09-20,3,NL,quantile,0.3,88.4815012620055
2026-09-09,ARI incidence,2026-09-20,3,NL,quantile,0.35,90.2469432997881
2026-09-09,ARI incidence,2026-09-20,3,NL,quantile,0.4,91.8838639865897
2026-09-09,ARI incidence,2026-09-20,3,NL,quantile,0.45,93.6995968927056
2026-09-09,ARI incidence,2026-09-20,3,NL,quantile,0.5,95.3268028758302
2026-09-09,ARI incidence,2026-09-20,3,NL,quantile,0.55,96.9857809050036
2026-09-09,ARI incidence,2026-09-20,3,NL,quantile,0.6,98.6624761913629
2026-09-09,ARI incidence,2026-09-20,3,NL,quantile,0.65,100.437268792411
2026-09-09,ARI incidence,2026-09-20,3,NL,quantile,0.7,102.27442057299
2026-09-09,ARI incidence,2026-09-20,3,NL,quantile,0.75,104.207749867663
2026-09-09,ARI incidence,2026-09-20,3,NL,quantile,0.8,106.648700304915
2026-09-09,ARI incidence,2026-09-20,3,NL,quantile,0.85,109.264058653903
2026-09-09,ARI incidence,2026-09-20,3,NL,quantile,0.9,112.506519490831
2026-09-09,ARI incidence,2026-09-20,3,NL,quantile,0.95,117.832642494351
2026-09-09,ARI incidence,2026-09-20,3,NL,quantile,0.975,122.793694788589
2026-09-09,ARI incidence,2026-09-20,3,NL,quantile,0.99,128.408379277708
2026-09-09,ARI incidence,2026-09-27,4,NL,median,,100.392381288727
2026-09-09,ARI incidence,2026-09-27,4,NL,quantile,0.01,66.8533526603881
2026-09-09,ARI incidence,2026-09-27,4,NL,quantile,0.025,71.3874882655233
2026-09-09,ARI incidence,2026-09-27,4,NL,quantile,0.05,75.8354165688766
2026-09-09,ARI incidence,2026-09-27,4,NL,quantile,0.1,80.8865982384247
2026-09-09,ARI incidence,2026-09-27,4,NL,quantile,0.15,84.7174422560545
2026-09-09,ARI incidence,2026-09-27,4,NL,quantile,0.2,87.4926082624158
2026-09-09,ARI incidence,2026-09-27,4,NL,quantile,0.25,89.9176532696696
2026-09-09,ARI incidence,2026-09-27,4,NL,quantile,0.3,92.1389299997156
2026-09-09,ARI incidence,2026-09-27,4,NL,quantile,0.35,94.2216532880258
2026-09-09,ARI incidence,2026-09-27,4,NL,quantile,0.4,96.408018688876
2026-09-09,ARI incidence,2026-09-27,4,NL,quantile,0.45,98.3741180768602
2026-09-09,ARI incidence,2026-09-27,4,NL,quantile,0.5,100.428563693545
2026-09-09,ARI incidence,2026-09-27,4,NL,quantile,0.55,102.407912847967
2026-09-09,ARI incidence,2026-09-27,4,NL,quantile,0.6,104.511512447207
2026-09-09,ARI incidence,2026-09-27,4,NL,quantile,0.65,106.683448809827
2026-09-09,ARI incidence,2026-09-27,4,NL,quantile,0.7,108.902897928842
2026-09-09,ARI incidence,2026-09-27,4,NL,quantile,0.75,111.290032917037
2026-09-09,ARI incidence,2026-09-27,4,NL,quantile,0.8,113.915975852629
2026-09-09,ARI incidence,2026-09-27,4,NL,quantile,0.85,117.06943335286
2026-09-09,ARI incidence,2026-09-27,4,NL,quantile,0.9,121.182556538827
2026-09-09,ARI incidence,2026-09-27,4,NL,quantile,0.95,127.804118180132
2026-09-09,ARI incidence,2026-09-27,4,NL,quantile,0.975,133.632684396296
2026-09-09,ARI incidence,2026-09-27,4,NL,quantile,0.99,141.086437612903
2026-09-09,ARI incidence,2026-09-06,1,RO,median,,411.477485962881
2026-09-09,ARI incidence,2026-09-06,1,RO,quantile,0.01,213.569498376649
2026-09-09,ARI incidence,2026-09-06,1,RO,quantile,0.025,239.238112241315
2026-09-09,ARI incidence,2026-09-06,1,RO,quantile,0.05,262.391780385869
2026-09-09,ARI incidence,2026-09-06,1,RO,quantile,0.1,290.954342352024
2026-09-09,ARI incidence,2026-09-06,1,RO,quantile,0.15,311.792552076161
2026-09-09,ARI incidence,2026-09-06,1,RO,quantile,0.2,329.819109634669
2026-09-09,ARI incidence,2026-09-06,1,RO,quantile,0.25,345.123380626873
2026-09-09,ARI incidence,2026-09-06,1,RO,quantile,0.3,358.814219030502
2026-09-09,ARI incidence,2026-09-06,1,RO,quantile,0.35,372.987175598493
2026-09-09,ARI incidence,2026-09-06,1,RO,quantile,0.4,385.564215361117
2026-09-09,ARI incidence,2026-09-06,1,RO,quantile,0.45,398.993921249793
2026-09-09,ARI incidence,2026-09-06,1,RO,quantile,0.5,410.97438129369
2026-09-09,ARI incidence,2026-09-06,1,RO,quantile,0.55,423.045774327069
2026-09-09,ARI incidence,2026-09-06,1,RO,quantile,0.6,435.518898498282
2026-09-09,ARI incidence,2026-09-06,1,RO,quantile,0.65,449.438046701396
2026-09-09,ARI incidence,2026-09-06,1,RO,quantile,0.7,464.155032111158
2026-09-09,ARI incidence,2026-09-06,1,RO,quantile,0.75,479.68203689744
2026-09-09,ARI incidence,2026-09-06,1,RO,quantile,0.8,497.349554800457
2026-09-09,ARI incidence,2026-09-06,1,RO,quantile,0.85,518.565195332498
2026-09-09,ARI incidence,2026-09-06,1,RO,quantile,0.9,544.257661616507
2026-09-09,ARI incidence,2026-09-06,1,RO,quantile,0.95,587.974999811888
2026-09-09,ARI incidence,2026-09-06,1,RO,quantile,0.975,625.495430100472
2026-09-09,ARI incidence,2026-09-06,1,RO,quantile,0.99,674.34378790108
2026-09-09,ARI incidence,2026-09-13,2,RO,median,,448.454304261695
2026-09-09,ARI incidence,2026-09-13,2,RO,quantile,0.01,173.965290164173
2026-09-09,ARI incidence,2026-09-13,2,RO,quantile,0.025,211.496292069606
2026-09-09,ARI incidence,2026-09-13,2,RO,quantile,0.05,243.23727160017
2026-09-09,ARI incidence,2026-09-13,2,RO,quantile,0.1,283.000891208462
2026-09-09,ARI incidence,2026-09-13,2,RO,quantile,0.15,311.430425066702
2026-09-09,ARI incidence,2026-09-13,2,RO,quantile,0.2,336.233533346038
2026-09-09,ARI incidence,2026-09-13,2,RO,quantile,0.25,356.958460985675
2026-09-09,ARI incidence,2026-09-13,2,RO,quantile,0.3,376.135554353526
2026-09-09,ARI incidence,2026-09-13,2,RO,quantile,0.35,394.585001974125
2026-09-09,ARI incidence,2026-09-13,2,RO,quantile,0.4,412.011470038951
2026-09-09,ARI incidence,2026-09-13,2,RO,quantile,0.45,429.07281547201
2026-09-09,ARI incidence,2026-09-13,2,RO,quantile,0.5,446.881333858945
2026-09-09,ARI incidence,2026-09-13,2,RO,quantile,0.55,465.024045773669
2026-09-09,ARI incidence,2026-09-13,2,RO,quantile,0.6,483.368744790323
2026-09-09,ARI incidence,2026-09-13,2,RO,quantile,0.65,503.404375052434
2026-09-09,ARI incidence,2026-09-13,2,RO,quantile,0.7,524.700959910299
2026-09-09,ARI incidence,2026-09-13,2,RO,quantile,0.75,547.525151347949
2026-09-09,ARI incidence,2026-09-13,2,RO,quantile,0.8,574.690862367424
2026-09-09,ARI incidence,2026-09-13,2,RO,quantile,0.85,604.502181387614
2026-09-09,ARI incidence,2026-09-13,2,RO,quantile,0.9,643.97181170719
2026-09-09,ARI incidence,2026-09-13,2,RO,quantile,0.95,710.034767846501
2026-09-09,ARI incidence,2026-09-13,2,RO,quantile,0.975,769.155270509866
2026-09-09,ARI incidence,2026-09-13,2,RO,quantile,0.99,830.956533384613
2026-09-09,ARI incidence,2026-09-20,3,RO,median,,474.28939946447
2026-09-09,ARI incidence,2026-09-20,3,RO,quantile,0.01,167.11319997528
2026-09-09,ARI incidence,2026-09-20,3,RO,quantile,0.025,203.699674929596
2026-09-09,ARI incidence,2026-09-20,3,RO,quantile,0.05,241.195185161062
2026-09-09,ARI incidence,2026-09-20,3,RO,quantile,0.1,286.94865371369
2026-09-09,ARI incidence,2026-09-20,3,RO,quantile,0.15,318.828639210837
2026-09-09,ARI incidence,2026-09-20,3,RO,quantile,0.2,342.463060020856
2026-09-09,ARI incidence,2026-09-20,3,RO,quantile,0.25,366.372619322217
2026-09-09,ARI incidence,2026-09-20,3,RO,quantile,0.3,389.611607100072
2026-09-09,ARI incidence,2026-09-20,3,RO,quantile,0.35,410.532214618094
2026-09-09,ARI incidence,2026-09-20,3,RO,quantile,0.4,432.194929285339
2026-09-09,ARI incidence,2026-09-20,3,RO,quantile,0.45,452.905406015672
2026-09-09,ARI incidence,2026-09-20,3,RO,quantile,0.5,473.323050387146
2026-09-09,ARI incidence,2026-09-20,3,RO,quantile,0.55,494.129543750524
2026-09-09,ARI incidence,2026-09-20,3,RO,quantile,0.6,516.07835596929306
2026-09-09,ARI incidence,2026-09-20,3,RO,quantile,0.65,537.910304857582
2026-09-09,ARI incidence,2026-09-20,3,RO,quantile,0.7,563.871559710813
2026-09-09,ARI incidence,2026-09-20,3,RO,quantile,0.75,590.322403037376
2026-09-09,ARI incidence,2026-09-20,3,RO,quantile,0.8,621.279466320018
2026-09-09,ARI incidence,2026-09-20,3,RO,quantile,0.85,655.571854783824
2026-09-09,ARI incidence,2026-09-20,3,RO,quantile,0.9,703.695939848652
2026-09-09,ARI incidence,2026-09-20,3,RO,quantile,0.95,773.817560564797
2026-09-09,ARI incidence,2026-09-20,3,RO,quantile,0.975,847.385443602709
2026-09-09,ARI incidence,2026-09-20,3,RO,quantile,0.99,933.518861464379
2026-09-09,ARI incidence,2026-09-27,4,RO,median,,494.486466353697
2026-09-09,ARI incidence,2026-09-27,4,RO,quantile,0.01,163.68445764813
2026-09-09,ARI incidence,2026-09-27,4,RO,quantile,0.025,207.798522967712
2026-09-09,ARI incidence,2026-09-27,4,RO,quantile,0.05,248.318568462764
2026-09-09,ARI incidence,2026-09-27,4,RO,quantile,0.1,295.152329101968
2026-09-09,ARI incidence,2026-09-27,4,RO,quantile,0.15,328.249931010664
2026-09-09,ARI incidence,2026-09-27,4,RO,quantile,0.2,355.972721847287
2026-09-09,ARI incidence,2026-09-27,4,RO,quantile,0.25,380.987654116475
2026-09-09,ARI incidence,2026-09-27,4,RO,quantile,0.3,406.02230555695
2026-09-09,ARI incidence,2026-09-27,4,RO,quantile,0.35,426.791942894826
2026-09-09,ARI incidence,2026-09-27,4,RO,quantile,0.4,449.722500262149
2026-09-09,ARI incidence,2026-09-27,4,RO,quantile,0.45,472.091557920588
2026-09-09,ARI incidence,2026-09-27,4,RO,quantile,0.5,495.419660736522
2026-09-09,ARI incidence,2026-09-27,4,RO,quantile,0.55,517.301121083088
2026-09-09,ARI incidence,2026-09-27,4,RO,quantile,0.6,539.793526695683
2026-09-09,ARI incidence,2026-09-27,4,RO,quantile,0.65,564.618697396506
2026-09-09,ARI incidence,2026-09-27,4,RO,quantile,0.7,590.152827306504
2026-09-09,ARI incidence,2026-09-27,4,RO,quantile,0.75,617.855031904801
2026-09-09,ARI incidence,2026-09-27,4,RO,quantile,0.8,654.079615608585
2026-09-09,ARI incidence,2026-09-27,4,RO,quantile,0.85,692.108523920383
2026-09-09,ARI incidence,2026-09-27,4,RO,quantile,0.9,746.690074017239
2026-09-09,ARI incidence,2026-09-27,4,RO,quantile,0.95,824.236098233319
2026-09-09,ARI incidence,2026-09-27,4,RO,quantile,0.975,902.342008159336
2026-09-09,ARI incidence,2026-09-27,4,RO,quantile,0.99,982.887671750837
2026-09-09,ARI incidence,2026-09-06,1,SI,median,,305.767370978629
2026-09-09,ARI incidence,2026-09-06,1,SI,quantile,0.01,77.1325070774845
2026-09-09,ARI incidence,2026-09-06,1,SI,quantile,0.025,104.55180811958
2026-09-09,ARI incidence,2026-09-06,1,SI,quantile,0.05,127.520488863702
2026-09-09,ARI incidence,2026-09-06,1,SI,quantile,0.1,158.246984515781
2026-09-09,ARI incidence,2026-09-06,1,SI,quantile,0.15,183.55779314863
2026-09-09,ARI incidence,2026-09-06,1,SI,quantile,0.2,203.339857967932
2026-09-09,ARI incidence,2026-09-06,1,SI,quantile,0.25,222.092339330841
2026-09-09,ARI incidence,2026-09-06,1,SI,quantile,0.3,238.753004982872
2026-09-09,ARI incidence,2026-09-06,1,SI,quantile,0.35,254.272320008627
2026-09-09,ARI incidence,2026-09-06,1,SI,quantile,0.4,271.211618505309
2026-09-09,ARI incidence,2026-09-06,1,SI,quantile,0.45,288.576472487753
2026-09-09,ARI incidence,2026-09-06,1,SI,quantile,0.5,305.123143976532
2026-09-09,ARI incidence,2026-09-06,1,SI,quantile,0.55,320.555830865812
2026-09-09,ARI incidence,2026-09-06,1,SI,quantile,0.6,337.928646610786
2026-09-09,ARI incidence,2026-09-06,1,SI,quantile,0.65,357.003827658146
2026-09-09,ARI incidence,2026-09-06,1,SI,quantile,0.7,377.651000296018
2026-09-09,ARI incidence,2026-09-06,1,SI,quantile,0.75,400.560764147176
2026-09-09,ARI incidence,2026-09-06,1,SI,quantile,0.8,425.522291607164
2026-09-09,ARI incidence,2026-09-06,1,SI,quantile,0.85,454.188299981689
2026-09-09,ARI incidence,2026-09-06,1,SI,quantile,0.9,496.881362868467
2026-09-09,ARI incidence,2026-09-06,1,SI,quantile,0.95,556.289628066584
2026-09-09,ARI incidence,2026-09-06,1,SI,quantile,0.975,610.154412665858
2026-09-09,ARI incidence,2026-09-06,1,SI,quantile,0.99,678.935311720226
2026-09-09,ARI incidence,2026-09-13,2,SI,median,,315.039844940013
2026-09-09,ARI incidence,2026-09-13,2,SI,quantile,0.01,34.9141340508086
2026-09-09,ARI incidence,2026-09-13,2,SI,quantile,0.025,60.750447066711
2026-09-09,ARI incidence,2026-09-13,2,SI,quantile,0.05,85.834493447075
2026-09-09,ARI incidence,2026-09-13,2,SI,quantile,0.1,124.498459239219
2026-09-09,ARI incidence,2026-09-13,2,SI,quantile,0.15,154.348551464733
2026-09-09,ARI incidence,2026-09-13,2,SI,quantile,0.2,181.532669083207
2026-09-09,ARI incidence,2026-09-13,2,SI,quantile,0.25,203.570084861683
2026-09-09,ARI incidence,2026-09-13,2,SI,quantile,0.3,226.254245223839
2026-09-09,ARI incidence,2026-09-13,2,SI,quantile,0.35,249.239136177247
2026-09-09,ARI incidence,2026-09-13,2,SI,quantile,0.4,271.254522172537
2026-09-09,ARI incidence,2026-09-13,2,SI,quantile,0.45,293.775723465449
2026-09-09,ARI incidence,2026-09-13,2,SI,quantile,0.5,316.262939911045
2026-09-09,ARI incidence,2026-09-13,2,SI,quantile,0.55,339.735475707636
2026-09-09,ARI incidence,2026-09-13,2,SI,quantile,0.6,364.252044406309
2026-09-09,ARI incidence,2026-09-13,2,SI,quantile,0.65,388.919259014771
2026-09-09,ARI incidence,2026-09-13,2,SI,quantile,0.7,419.20774243102
2026-09-09,ARI incidence,2026-09-13,2,SI,quantile,0.75,451.520878328171
2026-09-09,ARI incidence,2026-09-13,2,SI,quantile,0.8,486.473377302243
2026-09-09,ARI incidence,2026-09-13,2,SI,quantile,0.85,529.492138075291
2026-09-09,ARI incidence,2026-09-13,2,SI,quantile,0.9,588.197742906941
2026-09-09,ARI incidence,2026-09-13,2,SI,quantile,0.95,682.741402947759
2026-09-09,ARI incidence,2026-09-13,2,SI,quantile,0.975,761.093229212574
2026-09-09,ARI incidence,2026-09-13,2,SI,quantile,0.99,874.579401251437
2026-09-09,ARI incidence,2026-09-20,3,SI,median,,316.991019506992
2026-09-09,ARI incidence,2026-09-20,3,SI,quantile,0.01,13.5919936256592
2026-09-09,ARI incidence,2026-09-20,3,SI,quantile,0.025,33.5677167393797
2026-09-09,ARI incidence,2026-09-20,3,SI,quantile,0.05,56.0544192208182
2026-09-09,ARI incidence,2026-09-20,3,SI,quantile,0.1,96.9532971249348
2026-09-09,ARI incidence,2026-09-20,3,SI,quantile,0.15,128.699713143931
2026-09-09,ARI incidence,2026-09-20,3,SI,quantile,0.2,160.429829440435
2026-09-09,ARI incidence,2026-09-20,3,SI,quantile,0.25,186.885292581936
2026-09-09,ARI incidence,2026-09-20,3,SI,quantile,0.3,212.123082516531
2026-09-09,ARI incidence,2026-09-20,3,SI,quantile,0.35,236.340933372869
2026-09-09,ARI incidence,2026-09-20,3,SI,quantile,0.4,264.698834322236
2026-09-09,ARI incidence,2026-09-20,3,SI,quantile,0.45,291.635287450366
2026-09-09,ARI incidence,2026-09-20,3,SI,quantile,0.5,319.464647092636
2026-09-09,ARI incidence,2026-09-20,3,SI,quantile,0.55,348.494150451848
2026-09-09,ARI incidence,2026-09-20,3,SI,quantile,0.6,379.031575719313
2026-09-09,ARI incidence,2026-09-20,3,SI,quantile,0.65,413.920751835789
2026-09-09,ARI incidence,2026-09-20,3,SI,quantile,0.7,450.58487291496
2026-09-09,ARI incidence,2026-09-20,3,SI,quantile,0.75,491.161667206491
2026-09-09,ARI incidence,2026-09-20,3,SI,quantile,0.8,534.926315677027
2026-09-09,ARI incidence,2026-09-20,3,SI,quantile,0.85,590.236336824316
2026-09-09,ARI incidence,2026-09-20,3,SI,quantile,0.9,669.726171378566
2026-09-09,ARI incidence,2026-09-20,3,SI,quantile,0.95,786.544625057506
2026-09-09,ARI incidence,2026-09-20,3,SI,quantile,0.975,895.794218464218
2026-09-09,ARI incidence,2026-09-20,3,SI,quantile,0.99,1033.67090005694
2026-09-09,ARI incidence,2026-09-27,4,SI,median,,312.57514141199
2026-09-09,ARI incidence,2026-09-27,4,SI,quantile,0.01,4.84756833921268
2026-09-09,ARI incidence,2026-09-27,4,SI,quantile,0.025,18.5847983261277
2026-09-09,ARI incidence,2026-09-27,4,SI,quantile,0.05,39.981619678206
2026-09-09,ARI incidence,2026-09-27,4,SI,quantile,0.1,78.0831443300604
2026-09-09,ARI incidence,2026-09-27,4,SI,quantile,0.15,110.582436400238
2026-09-09,ARI incidence,2026-09-27,4,SI,quantile,0.2,142.399772265264
2026-09-09,ARI incidence,2026-09-27,4,SI,quantile,0.25,172.04853179203
2026-09-09,ARI incidence,2026-09-27,4,SI,quantile,0.3,199.555345650818
2026-09-09,ARI incidence,2026-09-27,4,SI,quantile,0.35,228.611080027304
2026-09-09,ARI incidence,2026-09-27,4,SI,quantile,0.4,256.311107745984
2026-09-09,ARI incidence,2026-09-27,4,SI,quantile,0.45,285.396000661939
2026-09-09,ARI incidence,2026-09-27,4,SI,quantile,0.5,318.578521537597
2026-09-09,ARI incidence,2026-09-27,4,SI,quantile,0.55,350.456317366192
2026-09-09,ARI incidence,2026-09-27,4,SI,quantile,0.6,386.136487858367
2026-09-09,ARI incidence,2026-09-27,4,SI,quantile,0.65,424.977675494605
2026-09-09,ARI incidence,2026-09-27,4,SI,quantile,0.7,461.248029164219
2026-09-09,ARI incidence,2026-09-27,4,SI,quantile,0.75,510.441021463957
2026-09-09,ARI incidence,2026-09-27,4,SI,quantile,0.8,560.759595518603
2026-09-09,ARI incidence,2026-09-27,4,SI,quantile,0.85,623.23694438331
2026-09-09,ARI incidence,2026-09-27,4,SI,quantile,0.9,712.041586382885
2026-09-09,ARI incidence,2026-09-27,4,SI,quantile,0.95,848.851378201785
2026-09-09,ARI incidence,2026-09-27,4,SI,quantile,0.975,992.639690494412
2026-09-09,ARI incidence,2026-09-27,4,SI,quantile,0.99,1149.92791204044
