origin_date,target,target_end_date,horizon,location,output_type,output_type_id,value
2026-08-19,ILI incidence,2026-08-16,1,BE,quantile,0.5,26.17604752899097
2026-08-19,ILI incidence,2026-08-16,1,BE,quantile,0.975,121.41618088092063
2026-08-19,ILI incidence,2026-08-16,1,BE,quantile,0.55,29.116080267804044
2026-08-19,ILI incidence,2026-08-16,1,BE,quantile,0.35,19.508749980387663
2026-08-19,ILI incidence,2026-08-16,1,BE,quantile,0.99,160.0394011762022
2026-08-19,ILI incidence,2026-08-16,1,BE,quantile,0.6,32.24869675011068
2026-08-19,ILI incidence,2026-08-16,1,BE,quantile,0.45,23.69404220578139
2026-08-19,ILI incidence,2026-08-16,1,BE,quantile,0.4,21.555890943939332
2026-08-19,ILI incidence,2026-08-16,1,BE,quantile,0.65,35.535464446040066
2026-08-19,ILI incidence,2026-08-16,1,BE,quantile,0.75,44.96869665218716
2026-08-19,ILI incidence,2026-08-16,1,BE,quantile,0.7,40.05791396189491
2026-08-19,ILI incidence,2026-08-16,1,BE,quantile,0.8,50.87971232693022
2026-08-19,ILI incidence,2026-08-16,1,BE,quantile,0.9,71.67694866915492
2026-08-19,ILI incidence,2026-08-16,1,BE,quantile,0.85,59.365890183528606
2026-08-19,ILI incidence,2026-08-16,1,BE,quantile,0.95,95.22584769038646
2026-08-19,ILI incidence,2026-08-16,1,BE,quantile,0.25,15.77848256671396
2026-08-19,ILI incidence,2026-08-16,1,BE,quantile,0.3,17.56539928378259
2026-08-19,ILI incidence,2026-08-16,1,BE,quantile,0.2,13.78129734689888
2026-08-19,ILI incidence,2026-08-16,1,BE,quantile,0.01,4.269735887910449
2026-08-19,ILI incidence,2026-08-16,1,BE,quantile,0.025,5.694446276161739
2026-08-19,ILI incidence,2026-08-16,1,BE,quantile,0.1,9.765791774564264
2026-08-19,ILI incidence,2026-08-16,1,BE,quantile,0.05,7.292951389951013
2026-08-19,ILI incidence,2026-08-16,1,BE,quantile,0.15,11.852983909337905
2026-08-19,ILI incidence,2026-08-16,1,BE,median,NA,26.17604752899097
2026-08-19,ILI incidence,2026-08-23,2,BE,quantile,0.99,133.1475995545861
2026-08-19,ILI incidence,2026-08-23,2,BE,quantile,0.85,63.14574753693154
2026-08-19,ILI incidence,2026-08-23,2,BE,quantile,0.8,56.41738278185037
2026-08-19,ILI incidence,2026-08-23,2,BE,quantile,0.9,72.6434306920464
2026-08-19,ILI incidence,2026-08-23,2,BE,quantile,0.95,89.09607887149616
2026-08-19,ILI incidence,2026-08-23,2,BE,quantile,0.975,105.54890616859056
2026-08-19,ILI incidence,2026-08-23,2,BE,quantile,0.7,46.76406430020142
2026-08-19,ILI incidence,2026-08-23,2,BE,quantile,0.75,50.91797757515248
2026-08-19,ILI incidence,2026-08-23,2,BE,quantile,0.55,37.52469826458208
2026-08-19,ILI incidence,2026-08-23,2,BE,quantile,0.6,40.23778321502138
2026-08-19,ILI incidence,2026-08-23,2,BE,quantile,0.65,43.30055665754426
2026-08-19,ILI incidence,2026-08-23,2,BE,quantile,0.45,32.27693296435638
2026-08-19,ILI incidence,2026-08-23,2,BE,quantile,0.5,34.8513082789948
2026-08-19,ILI incidence,2026-08-23,2,BE,quantile,0.01,9.41814520690198
2026-08-19,ILI incidence,2026-08-23,2,BE,quantile,0.025,11.655067315335248
2026-08-19,ILI incidence,2026-08-23,2,BE,quantile,0.35,27.83602415644764
2026-08-19,ILI incidence,2026-08-23,2,BE,quantile,0.05,13.781317541307022
2026-08-19,ILI incidence,2026-08-23,2,BE,quantile,0.3,25.77928801475677
2026-08-19,ILI incidence,2026-08-23,2,BE,quantile,0.4,30.01578063121128
2026-08-19,ILI incidence,2026-08-23,2,BE,quantile,0.1,17.026524605617396
2026-08-19,ILI incidence,2026-08-23,2,BE,quantile,0.2,21.438020676361
2026-08-19,ILI incidence,2026-08-23,2,BE,quantile,0.15,19.29456227576546
2026-08-19,ILI incidence,2026-08-23,2,BE,quantile,0.25,23.764199110270187
2026-08-19,ILI incidence,2026-08-23,2,BE,median,NA,34.8513082789948
2026-08-19,ILI incidence,2026-08-30,3,BE,quantile,0.99,46.72495739173869
2026-08-19,ILI incidence,2026-08-30,3,BE,quantile,0.55,26.00292470698564
2026-08-19,ILI incidence,2026-08-30,3,BE,quantile,0.9,35.321374471517885
2026-08-19,ILI incidence,2026-08-30,3,BE,quantile,0.95,38.833484945253645
2026-08-19,ILI incidence,2026-08-30,3,BE,quantile,0.6,26.890525606522193
2026-08-19,ILI incidence,2026-08-30,3,BE,quantile,0.65,27.82248168681442
2026-08-19,ILI incidence,2026-08-30,3,BE,quantile,0.75,30.169345366985535
2026-08-19,ILI incidence,2026-08-30,3,BE,quantile,0.85,33.128548595605224
2026-08-19,ILI incidence,2026-08-30,3,BE,quantile,0.975,42.07900356077262
2026-08-19,ILI incidence,2026-08-30,3,BE,quantile,0.35,22.58173200312781
2026-08-19,ILI incidence,2026-08-30,3,BE,quantile,0.4,23.424101386678664
2026-08-19,ILI incidence,2026-08-30,3,BE,quantile,0.45,24.29769291329326
2026-08-19,ILI incidence,2026-08-30,3,BE,quantile,0.5,25.13510736404159
2026-08-19,ILI incidence,2026-08-30,3,BE,quantile,0.8,31.48609443573134
2026-08-19,ILI incidence,2026-08-30,3,BE,quantile,0.7,28.917477380788824
2026-08-19,ILI incidence,2026-08-30,3,BE,quantile,0.1,17.72426393840834
2026-08-19,ILI incidence,2026-08-30,3,BE,quantile,0.15,18.98365956127893
2026-08-19,ILI incidence,2026-08-30,3,BE,quantile,0.2,19.905010531078275
2026-08-19,ILI incidence,2026-08-30,3,BE,quantile,0.25,20.85615662997461
2026-08-19,ILI incidence,2026-08-30,3,BE,quantile,0.3,21.72060042197552
2026-08-19,ILI incidence,2026-08-30,3,BE,quantile,0.01,13.48824689780488
2026-08-19,ILI incidence,2026-08-30,3,BE,quantile,0.025,14.847088395464024
2026-08-19,ILI incidence,2026-08-30,3,BE,quantile,0.05,16.10981431292771
2026-08-19,ILI incidence,2026-08-30,3,BE,median,NA,25.13510736404159
2026-08-19,ILI incidence,2026-09-06,4,BE,quantile,0.99,99.16400672136004
2026-08-19,ILI incidence,2026-09-06,4,BE,quantile,0.95,62.704005263030055
2026-08-19,ILI incidence,2026-09-06,4,BE,quantile,0.8,37.30630814638124
2026-08-19,ILI incidence,2026-09-06,4,BE,quantile,0.975,78.47880534181681
2026-08-19,ILI incidence,2026-09-06,4,BE,quantile,0.1,9.864100476391592
2026-08-19,ILI incidence,2026-09-06,4,BE,quantile,0.85,42.04229381331258
2026-08-19,ILI incidence,2026-09-06,4,BE,quantile,0.025,6.472543536705338
2026-08-19,ILI incidence,2026-09-06,4,BE,quantile,0.05,7.801668361607809
2026-08-19,ILI incidence,2026-09-06,4,BE,quantile,0.9,49.82968534172804
2026-08-19,ILI incidence,2026-09-06,4,BE,quantile,0.15,11.46374572241917
2026-08-19,ILI incidence,2026-09-06,4,BE,quantile,0.2,13.009183240402304
2026-08-19,ILI incidence,2026-09-06,4,BE,quantile,0.35,17.19900813520972
2026-08-19,ILI incidence,2026-09-06,4,BE,quantile,0.4,18.752803173102382
2026-08-19,ILI incidence,2026-09-06,4,BE,quantile,0.7,30.6029715613386
2026-08-19,ILI incidence,2026-09-06,4,BE,quantile,0.75,33.50752925382566
2026-08-19,ILI incidence,2026-09-06,4,BE,quantile,0.3,15.746551254938286
2026-08-19,ILI incidence,2026-09-06,4,BE,quantile,0.25,14.380906009758124
2026-08-19,ILI incidence,2026-09-06,4,BE,quantile,0.65,28.123760012507063
2026-08-19,ILI incidence,2026-09-06,4,BE,quantile,0.45,20.382927562803843
2026-08-19,ILI incidence,2026-09-06,4,BE,quantile,0.5,22.138185358064543
2026-08-19,ILI incidence,2026-09-06,4,BE,quantile,0.55,23.90154762464917
2026-08-19,ILI incidence,2026-09-06,4,BE,quantile,0.6,25.8177466473917
2026-08-19,ILI incidence,2026-09-06,4,BE,quantile,0.01,5.180493942139103
2026-08-19,ILI incidence,2026-09-06,4,BE,median,NA,22.138185358064543
2026-08-19,ILI incidence,2026-08-16,1,DK,quantile,0.7,84.86028272289215
2026-08-19,ILI incidence,2026-08-16,1,DK,quantile,0.55,75.46299954707258
2026-08-19,ILI incidence,2026-08-16,1,DK,quantile,0.99,148.34057992761797
2026-08-19,ILI incidence,2026-08-16,1,DK,quantile,0.75,88.80600104369353
2026-08-19,ILI incidence,2026-08-16,1,DK,quantile,0.85,99.55483910818296
2026-08-19,ILI incidence,2026-08-16,1,DK,quantile,0.65,81.44711971106486
2026-08-19,ILI incidence,2026-08-16,1,DK,quantile,0.975,131.86104970104032
2026-08-19,ILI incidence,2026-08-16,1,DK,quantile,0.6,78.23975415317597
2026-08-19,ILI incidence,2026-08-16,1,DK,quantile,0.8,93.57262324119291
2026-08-19,ILI incidence,2026-08-16,1,DK,quantile,0.5,72.48543601672826
2026-08-19,ILI incidence,2026-08-16,1,DK,quantile,0.45,69.84755980627153
2026-08-19,ILI incidence,2026-08-16,1,DK,quantile,0.95,120.10065044593082
2026-08-19,ILI incidence,2026-08-16,1,DK,quantile,0.35,64.42521963708778
2026-08-19,ILI incidence,2026-08-16,1,DK,quantile,0.4,67.17659422429622
2026-08-19,ILI incidence,2026-08-16,1,DK,quantile,0.9,107.61176836271096
2026-08-19,ILI incidence,2026-08-16,1,DK,quantile,0.3,61.679071569397905
2026-08-19,ILI incidence,2026-08-16,1,DK,quantile,0.25,58.865983178682086
2026-08-19,ILI incidence,2026-08-16,1,DK,quantile,0.1,49.38417449771697
2026-08-19,ILI incidence,2026-08-16,1,DK,quantile,0.15,52.89009153599934
2026-08-19,ILI incidence,2026-08-16,1,DK,quantile,0.2,56.15799542549473
2026-08-19,ILI incidence,2026-08-16,1,DK,quantile,0.01,35.91930268840557
2026-08-19,ILI incidence,2026-08-16,1,DK,quantile,0.025,40.27154877838235
2026-08-19,ILI incidence,2026-08-16,1,DK,quantile,0.05,44.2649033693627
2026-08-19,ILI incidence,2026-08-16,1,DK,median,NA,72.48543601672826
2026-08-19,ILI incidence,2026-08-23,2,DK,quantile,0.45,65.4749533930879
2026-08-19,ILI incidence,2026-08-23,2,DK,quantile,0.6,71.13310683799118
2026-08-19,ILI incidence,2026-08-23,2,DK,quantile,0.5,67.39689763086623
2026-08-19,ILI incidence,2026-08-23,2,DK,quantile,0.25,58.10000236936524
2026-08-19,ILI incidence,2026-08-23,2,DK,quantile,0.85,84.70359691004163
2026-08-19,ILI incidence,2026-08-23,2,DK,quantile,0.55,69.21689096765223
2026-08-19,ILI incidence,2026-08-23,2,DK,quantile,0.4,63.7550462742843
2026-08-19,ILI incidence,2026-08-23,2,DK,quantile,0.8,81.28068103656892
2026-08-19,ILI incidence,2026-08-23,2,DK,quantile,0.75,78.20225113805111
2026-08-19,ILI incidence,2026-08-23,2,DK,quantile,0.99,111.78957389221294
2026-08-19,ILI incidence,2026-08-23,2,DK,quantile,0.975,103.3517584766822
2026-08-19,ILI incidence,2026-08-23,2,DK,quantile,0.95,95.98791558484076
2026-08-19,ILI incidence,2026-08-23,2,DK,quantile,0.3,60.11477722341485
2026-08-19,ILI incidence,2026-08-23,2,DK,quantile,0.65,73.24647696846377
2026-08-19,ILI incidence,2026-08-23,2,DK,quantile,0.2,55.939041651901185
2026-08-19,ILI incidence,2026-08-23,2,DK,quantile,0.9,89.0100394017601
2026-08-19,ILI incidence,2026-08-23,2,DK,quantile,0.35,61.94739327705983
2026-08-19,ILI incidence,2026-08-23,2,DK,quantile,0.7,75.56829858133476
2026-08-19,ILI incidence,2026-08-23,2,DK,quantile,0.025,43.53186891049902
2026-08-19,ILI incidence,2026-08-23,2,DK,quantile,0.05,46.9105613893168
2026-08-19,ILI incidence,2026-08-23,2,DK,quantile,0.1,50.89494349413978
2026-08-19,ILI incidence,2026-08-23,2,DK,quantile,0.15,53.62946529255922
2026-08-19,ILI incidence,2026-08-23,2,DK,quantile,0.01,40.31889806345493
2026-08-19,ILI incidence,2026-08-23,2,DK,median,NA,67.39689763086623
2026-08-19,ILI incidence,2026-08-30,3,DK,quantile,0.99,122.27970978086054
2026-08-19,ILI incidence,2026-08-30,3,DK,quantile,0.975,113.1523670098641
2026-08-19,ILI incidence,2026-08-30,3,DK,quantile,0.15,59.75595664835229
2026-08-19,ILI incidence,2026-08-30,3,DK,quantile,0.95,105.87240321672284
2026-08-19,ILI incidence,2026-08-30,3,DK,quantile,0.65,80.8949409134243
2026-08-19,ILI incidence,2026-08-30,3,DK,quantile,0.85,92.55329944810214
2026-08-19,ILI incidence,2026-08-30,3,DK,quantile,0.3,66.73655086367938
2026-08-19,ILI incidence,2026-08-30,3,DK,quantile,0.9,97.52705091396916
2026-08-19,ILI incidence,2026-08-30,3,DK,quantile,0.2,62.408229329625605
2026-08-19,ILI incidence,2026-08-30,3,DK,quantile,0.4,70.73950259795343
2026-08-19,ILI incidence,2026-08-30,3,DK,quantile,0.6,78.70192179675007
2026-08-19,ILI incidence,2026-08-30,3,DK,quantile,0.75,85.96298824649678
2026-08-19,ILI incidence,2026-08-30,3,DK,quantile,0.8,88.82721025008973
2026-08-19,ILI incidence,2026-08-30,3,DK,quantile,0.55,76.51839021822569
2026-08-19,ILI incidence,2026-08-30,3,DK,quantile,0.25,64.54122397622282
2026-08-19,ILI incidence,2026-08-30,3,DK,quantile,0.35,68.78900518805568
2026-08-19,ILI incidence,2026-08-30,3,DK,quantile,0.5,74.63223567757301
2026-08-19,ILI incidence,2026-08-30,3,DK,quantile,0.7,83.28744156229193
2026-08-19,ILI incidence,2026-08-30,3,DK,quantile,0.45,72.73869210308095
2026-08-19,ILI incidence,2026-08-30,3,DK,quantile,0.1,56.56772436058871
2026-08-19,ILI incidence,2026-08-30,3,DK,quantile,0.01,44.782128860463935
2026-08-19,ILI incidence,2026-08-30,3,DK,quantile,0.05,52.31045851461243
2026-08-19,ILI incidence,2026-08-30,3,DK,quantile,0.025,48.95238286109035
2026-08-19,ILI incidence,2026-08-30,3,DK,median,NA,74.63223567757301
2026-08-19,ILI incidence,2026-09-06,4,DK,quantile,0.99,129.38157073257037
2026-08-19,ILI incidence,2026-09-06,4,DK,quantile,0.9,98.10955822071088
2026-08-19,ILI incidence,2026-09-06,4,DK,quantile,0.8,87.70000745495392
2026-08-19,ILI incidence,2026-09-06,4,DK,quantile,0.85,92.157534614174
2026-08-19,ILI incidence,2026-09-06,4,DK,quantile,0.95,107.91910065343308
2026-08-19,ILI incidence,2026-09-06,4,DK,quantile,0.75,84.24903930684512
2026-08-19,ILI incidence,2026-09-06,4,DK,quantile,0.975,118.26329067807382
2026-08-19,ILI incidence,2026-09-06,4,DK,quantile,0.6,75.59714925791604
2026-08-19,ILI incidence,2026-09-06,4,DK,quantile,0.7,80.88545615234361
2026-08-19,ILI incidence,2026-09-06,4,DK,quantile,0.55,73.07006245575974
2026-08-19,ILI incidence,2026-09-06,4,DK,quantile,0.65,78.17089064857657
2026-08-19,ILI incidence,2026-09-06,4,DK,quantile,0.5,70.87335739730668
2026-08-19,ILI incidence,2026-09-06,4,DK,quantile,0.25,59.71126232291996
2026-08-19,ILI incidence,2026-09-06,4,DK,quantile,0.2,57.194212381927755
2026-08-19,ILI incidence,2026-09-06,4,DK,quantile,0.3,61.84675494329065
2026-08-19,ILI incidence,2026-09-06,4,DK,quantile,0.45,68.6966418812186
2026-08-19,ILI incidence,2026-09-06,4,DK,quantile,0.4,66.42836400557927
2026-08-19,ILI incidence,2026-09-06,4,DK,quantile,0.01,38.54991893676273
2026-08-19,ILI incidence,2026-09-06,4,DK,quantile,0.025,42.61153199716049
2026-08-19,ILI incidence,2026-09-06,4,DK,quantile,0.35,64.18286558131145
2026-08-19,ILI incidence,2026-09-06,4,DK,quantile,0.05,46.31598316032264
2026-08-19,ILI incidence,2026-09-06,4,DK,quantile,0.15,54.45792197040885
2026-08-19,ILI incidence,2026-09-06,4,DK,quantile,0.1,51.080583744489395
2026-08-19,ILI incidence,2026-09-06,4,DK,median,NA,70.87335739730668
2026-08-19,ILI incidence,2026-08-16,1,EE,quantile,0.4,35.75026663021032
2026-08-19,ILI incidence,2026-08-16,1,EE,quantile,0.35,34.85218725657954
2026-08-19,ILI incidence,2026-08-16,1,EE,quantile,0.5,37.495802575783685
2026-08-19,ILI incidence,2026-08-16,1,EE,quantile,0.9,48.00773727034954
2026-08-19,ILI incidence,2026-08-16,1,EE,quantile,0.6,39.29193091495996
2026-08-19,ILI incidence,2026-08-16,1,EE,quantile,0.85,45.70194734875588
2026-08-19,ILI incidence,2026-08-16,1,EE,quantile,0.7,41.40718916982595
2026-08-19,ILI incidence,2026-08-16,1,EE,quantile,0.55,38.37515865776642
2026-08-19,ILI incidence,2026-08-16,1,EE,quantile,0.45,36.6185458956469
2026-08-19,ILI incidence,2026-08-16,1,EE,quantile,0.65,40.40156298984116
2026-08-19,ILI incidence,2026-08-16,1,EE,quantile,0.975,54.521427925884446
2026-08-19,ILI incidence,2026-08-16,1,EE,quantile,0.99,58.662887141695755
2026-08-19,ILI incidence,2026-08-16,1,EE,quantile,0.8,44.0913486269875
2026-08-19,ILI incidence,2026-08-16,1,EE,quantile,0.95,51.44432496831792
2026-08-19,ILI incidence,2026-08-16,1,EE,quantile,0.75,42.63221868904042
2026-08-19,ILI incidence,2026-08-16,1,EE,quantile,0.01,23.94552193415955
2026-08-19,ILI incidence,2026-08-16,1,EE,quantile,0.3,33.975766683921194
2026-08-19,ILI incidence,2026-08-16,1,EE,quantile,0.025,25.614280196199985
2026-08-19,ILI incidence,2026-08-16,1,EE,quantile,0.05,27.3358750965688
2026-08-19,ILI incidence,2026-08-16,1,EE,quantile,0.25,33.0267316923198
2026-08-19,ILI incidence,2026-08-16,1,EE,quantile,0.15,30.85218555107909
2026-08-19,ILI incidence,2026-08-16,1,EE,quantile,0.2,31.98533331918575
2026-08-19,ILI incidence,2026-08-16,1,EE,quantile,0.1,29.349925603489464
2026-08-19,ILI incidence,2026-08-16,1,EE,median,NA,37.495802575783685
2026-08-19,ILI incidence,2026-08-23,2,EE,quantile,0.45,27.162541773684445
2026-08-19,ILI incidence,2026-08-23,2,EE,quantile,0.6,29.605870349089788
2026-08-19,ILI incidence,2026-08-23,2,EE,quantile,0.7,31.527319658856804
2026-08-19,ILI incidence,2026-08-23,2,EE,quantile,0.5,27.97639358837648
2026-08-19,ILI incidence,2026-08-23,2,EE,quantile,0.55,28.769510357130144
2026-08-19,ILI incidence,2026-08-23,2,EE,quantile,0.65,30.53721059156511
2026-08-19,ILI incidence,2026-08-23,2,EE,quantile,0.05,19.145613334497785
2026-08-19,ILI incidence,2026-08-23,2,EE,quantile,0.35,25.57536486775585
2026-08-19,ILI incidence,2026-08-23,2,EE,quantile,0.3,24.796600522631145
2026-08-19,ILI incidence,2026-08-23,2,EE,quantile,0.25,23.96167059269372
2026-08-19,ILI incidence,2026-08-23,2,EE,quantile,0.025,17.88616222249461
2026-08-19,ILI incidence,2026-08-23,2,EE,quantile,0.1,20.801523940518592
2026-08-19,ILI incidence,2026-08-23,2,EE,quantile,0.2,23.083793879301354
2026-08-19,ILI incidence,2026-08-23,2,EE,quantile,0.15,22.042522291360136
2026-08-19,ILI incidence,2026-08-23,2,EE,quantile,0.4,26.406868423666975
2026-08-19,ILI incidence,2026-08-23,2,EE,quantile,0.01,16.353804713588442
2026-08-19,ILI incidence,2026-08-23,2,EE,quantile,0.75,32.68261699568801
2026-08-19,ILI incidence,2026-08-23,2,EE,quantile,0.8,33.98942154822952
2026-08-19,ILI incidence,2026-08-23,2,EE,quantile,0.85,35.67170730158803
2026-08-19,ILI incidence,2026-08-23,2,EE,quantile,0.9,37.8329139474712
2026-08-19,ILI incidence,2026-08-23,2,EE,quantile,0.95,41.29209022245754
2026-08-19,ILI incidence,2026-08-23,2,EE,quantile,0.975,44.21905883240648
2026-08-19,ILI incidence,2026-08-23,2,EE,quantile,0.99,47.47678262783931
2026-08-19,ILI incidence,2026-08-23,2,EE,median,NA,27.97639358837648
2026-08-19,ILI incidence,2026-08-30,3,EE,quantile,0.99,55.78512332749605
2026-08-19,ILI incidence,2026-08-30,3,EE,quantile,0.975,53.54721717105246
2026-08-19,ILI incidence,2026-08-30,3,EE,quantile,0.9,49.26032742399835
2026-08-19,ILI incidence,2026-08-30,3,EE,quantile,0.85,47.70690829322315
2026-08-19,ILI incidence,2026-08-30,3,EE,quantile,0.95,51.44907386824334
2026-08-19,ILI incidence,2026-08-30,3,EE,quantile,0.8,46.48528742366756
2026-08-19,ILI incidence,2026-08-30,3,EE,quantile,0.75,45.47239787320079
2026-08-19,ILI incidence,2026-08-30,3,EE,quantile,0.7,44.547319683980234
2026-08-19,ILI incidence,2026-08-30,3,EE,quantile,0.01,30.837174288260695
2026-08-19,ILI incidence,2026-08-30,3,EE,quantile,0.025,32.340107191498646
2026-08-19,ILI incidence,2026-08-30,3,EE,quantile,0.65,43.79481381082076
2026-08-19,ILI incidence,2026-08-30,3,EE,quantile,0.2,37.39681941014918
2026-08-19,ILI incidence,2026-08-30,3,EE,quantile,0.25,38.19886686025382
2026-08-19,ILI incidence,2026-08-30,3,EE,quantile,0.3,38.989588820882986
2026-08-19,ILI incidence,2026-08-30,3,EE,quantile,0.05,33.8454688128884
2026-08-19,ILI incidence,2026-08-30,3,EE,quantile,0.35,39.70539011710642
2026-08-19,ILI incidence,2026-08-30,3,EE,quantile,0.6,43.01399684416794
2026-08-19,ILI incidence,2026-08-30,3,EE,quantile,0.4,40.380064627404785
2026-08-19,ILI incidence,2026-08-30,3,EE,quantile,0.55,42.322101621007114
2026-08-19,ILI incidence,2026-08-30,3,EE,quantile,0.1,35.356991545619856
2026-08-19,ILI incidence,2026-08-30,3,EE,quantile,0.15,36.48575954032209
2026-08-19,ILI incidence,2026-08-30,3,EE,quantile,0.45,41.063118523294506
2026-08-19,ILI incidence,2026-08-30,3,EE,quantile,0.5,41.69615864551959
2026-08-19,ILI incidence,2026-08-30,3,EE,median,NA,41.69615864551959
2026-08-19,ILI incidence,2026-09-06,4,EE,quantile,0.975,107.77701574384484
2026-08-19,ILI incidence,2026-09-06,4,EE,quantile,0.9,98.83624844711328
2026-08-19,ILI incidence,2026-09-06,4,EE,quantile,0.95,103.52452471197424
2026-08-19,ILI incidence,2026-09-06,4,EE,quantile,0.65,88.79737308545782
2026-08-19,ILI incidence,2026-09-06,4,EE,quantile,0.8,93.55891247021208
2026-08-19,ILI incidence,2026-09-06,4,EE,quantile,0.7,90.13059530589348
2026-08-19,ILI incidence,2026-09-06,4,EE,quantile,0.99,111.55465157150304
2026-08-19,ILI incidence,2026-09-06,4,EE,quantile,0.85,95.6722587075436
2026-08-19,ILI incidence,2026-09-06,4,EE,quantile,0.75,91.69925427651988
2026-08-19,ILI incidence,2026-09-06,4,EE,quantile,0.6,87.409766080582
2026-08-19,ILI incidence,2026-09-06,4,EE,quantile,0.55,86.06446309438006
2026-08-19,ILI incidence,2026-09-06,4,EE,quantile,0.45,83.64136245829513
2026-08-19,ILI incidence,2026-09-06,4,EE,quantile,0.5,84.86701944727051
2026-08-19,ILI incidence,2026-09-06,4,EE,quantile,0.25,78.35800752481734
2026-08-19,ILI incidence,2026-09-06,4,EE,quantile,0.01,64.19251653519342
2026-08-19,ILI incidence,2026-09-06,4,EE,quantile,0.2,76.84860019411781
2026-08-19,ILI incidence,2026-09-06,4,EE,quantile,0.025,66.86753296009067
2026-08-19,ILI incidence,2026-09-06,4,EE,quantile,0.05,69.50637514732804
2026-08-19,ILI incidence,2026-09-06,4,EE,quantile,0.4,82.29723695971728
2026-08-19,ILI incidence,2026-09-06,4,EE,quantile,0.1,72.86882548963477
2026-08-19,ILI incidence,2026-09-06,4,EE,quantile,0.3,79.76258331057682
2026-08-19,ILI incidence,2026-09-06,4,EE,quantile,0.15,75.05332329157744
2026-08-19,ILI incidence,2026-09-06,4,EE,quantile,0.35,80.97072717181592
2026-08-19,ILI incidence,2026-09-06,4,EE,median,NA,84.86701944727051
2026-08-19,ILI incidence,2026-08-16,1,ES,quantile,0.99,10.483307090354062
2026-08-19,ILI incidence,2026-08-16,1,ES,quantile,0.85,7.972574344872935
2026-08-19,ILI incidence,2026-08-16,1,ES,quantile,0.9,8.387781278971428
2026-08-19,ILI incidence,2026-08-16,1,ES,quantile,0.95,9.111524398412053
2026-08-19,ILI incidence,2026-08-16,1,ES,quantile,0.975,9.719536975672971
2026-08-19,ILI incidence,2026-08-16,1,ES,quantile,0.8,7.65563774978917
2026-08-19,ILI incidence,2026-08-16,1,ES,quantile,0.65,6.916453158469562
2026-08-19,ILI incidence,2026-08-16,1,ES,quantile,0.7,7.139202217274601
2026-08-19,ILI incidence,2026-08-16,1,ES,quantile,0.75,7.370673003147237
2026-08-19,ILI incidence,2026-08-16,1,ES,quantile,0.55,6.556185096805621
2026-08-19,ILI incidence,2026-08-16,1,ES,quantile,0.45,6.209640567867625
2026-08-19,ILI incidence,2026-08-16,1,ES,quantile,0.6,6.736702832403571
2026-08-19,ILI incidence,2026-08-16,1,ES,quantile,0.5,6.392111021684544
2026-08-19,ILI incidence,2026-08-16,1,ES,quantile,0.4,6.045503752787309
2026-08-19,ILI incidence,2026-08-16,1,ES,quantile,0.35,5.872056936077893
2026-08-19,ILI incidence,2026-08-16,1,ES,quantile,0.3,5.702903943575789
2026-08-19,ILI incidence,2026-08-16,1,ES,quantile,0.2,5.313049595789012
2026-08-19,ILI incidence,2026-08-16,1,ES,quantile,0.25,5.5123244195516605
2026-08-19,ILI incidence,2026-08-16,1,ES,quantile,0.1,4.836108113767653
2026-08-19,ILI incidence,2026-08-16,1,ES,quantile,0.15,5.0942007561751135
2026-08-19,ILI incidence,2026-08-16,1,ES,quantile,0.05,4.48710037442359
2026-08-19,ILI incidence,2026-08-16,1,ES,quantile,0.01,3.901378244457278
2026-08-19,ILI incidence,2026-08-16,1,ES,quantile,0.025,4.195713805176426
2026-08-19,ILI incidence,2026-08-16,1,ES,median,NA,6.392111021684544
2026-08-19,ILI incidence,2026-08-23,2,ES,quantile,0.99,14.330474877168127
2026-08-19,ILI incidence,2026-08-23,2,ES,quantile,0.95,11.569388822544909
2026-08-19,ILI incidence,2026-08-23,2,ES,quantile,0.975,12.851785347755536
2026-08-19,ILI incidence,2026-08-23,2,ES,quantile,0.9,10.320546221543694
2026-08-19,ILI incidence,2026-08-23,2,ES,quantile,0.8,9.039342548719253
2026-08-19,ILI incidence,2026-08-23,2,ES,quantile,0.85,9.573169311077136
2026-08-19,ILI incidence,2026-08-23,2,ES,quantile,0.75,8.570022046050964
2026-08-19,ILI incidence,2026-08-23,2,ES,quantile,0.25,5.554134243100463
2026-08-19,ILI incidence,2026-08-23,2,ES,quantile,0.65,7.816053698126433
2026-08-19,ILI incidence,2026-08-23,2,ES,quantile,0.2,5.27500507569234
2026-08-19,ILI incidence,2026-08-23,2,ES,quantile,0.15,4.947727504304453
2026-08-19,ILI incidence,2026-08-23,2,ES,quantile,0.3,5.820292201468705
2026-08-19,ILI incidence,2026-08-23,2,ES,quantile,0.7,8.17448960124721
2026-08-19,ILI incidence,2026-08-23,2,ES,quantile,0.05,4.073267672318823
2026-08-19,ILI incidence,2026-08-23,2,ES,quantile,0.1,4.562759201864061
2026-08-19,ILI incidence,2026-08-23,2,ES,quantile,0.35,6.0956666428625494
2026-08-19,ILI incidence,2026-08-23,2,ES,quantile,0.6,7.478755308224519
2026-08-19,ILI incidence,2026-08-23,2,ES,quantile,0.45,6.629884250975733
2026-08-19,ILI incidence,2026-08-23,2,ES,quantile,0.025,3.703870751910513
2026-08-19,ILI incidence,2026-08-23,2,ES,quantile,0.55,7.197030135427007
2026-08-19,ILI incidence,2026-08-23,2,ES,quantile,0.5,6.906734962082989
2026-08-19,ILI incidence,2026-08-23,2,ES,quantile,0.01,3.340918774762178
2026-08-19,ILI incidence,2026-08-23,2,ES,quantile,0.4,6.37247598196181
2026-08-19,ILI incidence,2026-08-23,2,ES,median,NA,6.906734962082989
2026-08-19,ILI incidence,2026-08-30,3,ES,quantile,0.85,9.045891677773705
2026-08-19,ILI incidence,2026-08-30,3,ES,quantile,0.9,9.752271733689422
2026-08-19,ILI incidence,2026-08-30,3,ES,quantile,0.8,8.522644593032012
2026-08-19,ILI incidence,2026-08-30,3,ES,quantile,0.75,8.104084209596158
2026-08-19,ILI incidence,2026-08-30,3,ES,quantile,0.95,10.80843857220504
2026-08-19,ILI incidence,2026-08-30,3,ES,quantile,0.975,11.825008220456068
2026-08-19,ILI incidence,2026-08-30,3,ES,quantile,0.4,6.137383906311152
2026-08-19,ILI incidence,2026-08-30,3,ES,quantile,0.2,5.188064138942753
2026-08-19,ILI incidence,2026-08-30,3,ES,quantile,0.7,7.745396353244871
2026-08-19,ILI incidence,2026-08-30,3,ES,quantile,0.25,5.447286125436026
2026-08-19,ILI incidence,2026-08-30,3,ES,quantile,0.05,4.076816662046708
2026-08-19,ILI incidence,2026-08-30,3,ES,quantile,0.6,7.124842310415511
2026-08-19,ILI incidence,2026-08-30,3,ES,quantile,0.35,5.9163696508259065
2026-08-19,ILI incidence,2026-08-30,3,ES,quantile,0.15,4.9082978653077305
2026-08-19,ILI incidence,2026-08-30,3,ES,quantile,0.1,4.537898841013092
2026-08-19,ILI incidence,2026-08-30,3,ES,quantile,0.3,5.673172545674172
2026-08-19,ILI incidence,2026-08-30,3,ES,quantile,0.65,7.413294898105409
2026-08-19,ILI incidence,2026-08-30,3,ES,quantile,0.025,3.715948119812093
2026-08-19,ILI incidence,2026-08-30,3,ES,quantile,0.99,13.182761861657742
2026-08-19,ILI incidence,2026-08-30,3,ES,quantile,0.01,3.3247135006641084
2026-08-19,ILI incidence,2026-08-30,3,ES,quantile,0.55,6.852554062505606
2026-08-19,ILI incidence,2026-08-30,3,ES,quantile,0.5,6.601021975235274
2026-08-19,ILI incidence,2026-08-30,3,ES,quantile,0.45,6.365125834851847
2026-08-19,ILI incidence,2026-08-30,3,ES,median,NA,6.601021975235274
2026-08-19,ILI incidence,2026-09-06,4,ES,quantile,0.25,5.448341504967376
2026-08-19,ILI incidence,2026-09-06,4,ES,quantile,0.1,4.932677109093628
2026-08-19,ILI incidence,2026-09-06,4,ES,quantile,0.15,5.129831509306408
2026-08-19,ILI incidence,2026-09-06,4,ES,quantile,0.2,5.299220933945094
2026-08-19,ILI incidence,2026-09-06,4,ES,quantile,0.3,5.591212398833045
2026-08-19,ILI incidence,2026-09-06,4,ES,quantile,0.35,5.72854184423235
2026-08-19,ILI incidence,2026-09-06,4,ES,quantile,0.55,6.241021932724051
2026-08-19,ILI incidence,2026-09-06,4,ES,quantile,0.6,6.378444597234958
2026-08-19,ILI incidence,2026-09-06,4,ES,quantile,0.4,5.86130869103491
2026-08-19,ILI incidence,2026-09-06,4,ES,quantile,0.5,6.11840880546758
2026-08-19,ILI incidence,2026-09-06,4,ES,quantile,0.01,4.141730985435203
2026-08-19,ILI incidence,2026-09-06,4,ES,quantile,0.45,5.994992334344322
2026-08-19,ILI incidence,2026-09-06,4,ES,quantile,0.025,4.401114357618062
2026-08-19,ILI incidence,2026-09-06,4,ES,quantile,0.05,4.63915322275273
2026-08-19,ILI incidence,2026-09-06,4,ES,quantile,0.65,6.5292498646679675
2026-08-19,ILI incidence,2026-09-06,4,ES,quantile,0.8,7.0566184415478554
2026-08-19,ILI incidence,2026-09-06,4,ES,quantile,0.75,6.853097295229352
2026-08-19,ILI incidence,2026-09-06,4,ES,quantile,0.7,6.682595074764087
2026-08-19,ILI incidence,2026-09-06,4,ES,quantile,0.99,9.040863286440874
2026-08-19,ILI incidence,2026-09-06,4,ES,quantile,0.85,7.277132570110263
2026-08-19,ILI incidence,2026-09-06,4,ES,quantile,0.9,7.5876917927196095
2026-08-19,ILI incidence,2026-09-06,4,ES,quantile,0.975,8.521644925372469
2026-08-19,ILI incidence,2026-09-06,4,ES,quantile,0.95,8.086692730881872
2026-08-19,ILI incidence,2026-09-06,4,ES,median,NA,6.11840880546758
2026-08-19,ILI incidence,2026-08-16,1,FI,quantile,0.99,15.783725260394856
2026-08-19,ILI incidence,2026-08-16,1,FI,quantile,0.975,15.19362231585442
2026-08-19,ILI incidence,2026-08-16,1,FI,quantile,0.95,14.7437280608007
2026-08-19,ILI incidence,2026-08-16,1,FI,quantile,0.9,14.182996811850078
2026-08-19,ILI incidence,2026-08-16,1,FI,quantile,0.85,13.852206551046905
2026-08-19,ILI incidence,2026-08-16,1,FI,quantile,0.8,13.595621620891858
2026-08-19,ILI incidence,2026-08-16,1,FI,quantile,0.7,13.174798711739124
2026-08-19,ILI incidence,2026-08-16,1,FI,quantile,0.75,13.38348490043207
2026-08-19,ILI incidence,2026-08-16,1,FI,quantile,0.5,12.489626480576764
2026-08-19,ILI incidence,2026-08-16,1,FI,quantile,0.55,12.651523304773905
2026-08-19,ILI incidence,2026-08-16,1,FI,quantile,0.6,12.827072616811048
2026-08-19,ILI incidence,2026-08-16,1,FI,quantile,0.65,12.996042962734302
2026-08-19,ILI incidence,2026-08-16,1,FI,quantile,0.45,12.341080080504298
2026-08-19,ILI incidence,2026-08-16,1,FI,quantile,0.35,12.01170603299176
2026-08-19,ILI incidence,2026-08-16,1,FI,quantile,0.4,12.181860667097189
2026-08-19,ILI incidence,2026-08-16,1,FI,quantile,0.01,9.866387222857988
2026-08-19,ILI incidence,2026-08-16,1,FI,quantile,0.025,10.204865074337343
2026-08-19,ILI incidence,2026-08-16,1,FI,quantile,0.05,10.57059251123326
2026-08-19,ILI incidence,2026-08-16,1,FI,quantile,0.1,10.992855849087428
2026-08-19,ILI incidence,2026-08-16,1,FI,quantile,0.15,11.261213250363562
2026-08-19,ILI incidence,2026-08-16,1,FI,quantile,0.25,11.680964911621894
2026-08-19,ILI incidence,2026-08-16,1,FI,quantile,0.3,11.857914039909122
2026-08-19,ILI incidence,2026-08-16,1,FI,quantile,0.2,11.479670488310308
2026-08-19,ILI incidence,2026-08-16,1,FI,median,NA,12.489626480576764
2026-08-19,ILI incidence,2026-08-23,2,FI,quantile,0.65,15.220967960273644
2026-08-19,ILI incidence,2026-08-23,2,FI,quantile,0.75,16.907853221982002
2026-08-19,ILI incidence,2026-08-23,2,FI,quantile,0.7,16.040589664250046
2026-08-19,ILI incidence,2026-08-23,2,FI,quantile,0.3,10.778776924380992
2026-08-19,ILI incidence,2026-08-23,2,FI,quantile,0.35,11.364925721076464
2026-08-19,ILI incidence,2026-08-23,2,FI,quantile,0.01,5.312740163778652
2026-08-19,ILI incidence,2026-08-23,2,FI,quantile,0.4,11.96786097774947
2026-08-19,ILI incidence,2026-08-23,2,FI,quantile,0.45,12.59138334252686
2026-08-19,ILI incidence,2026-08-23,2,FI,quantile,0.55,13.796981184028668
2026-08-19,ILI incidence,2026-08-23,2,FI,quantile,0.5,13.221383187667737
2026-08-19,ILI incidence,2026-08-23,2,FI,quantile,0.6,14.505926955704297
2026-08-19,ILI incidence,2026-08-23,2,FI,quantile,0.2,9.544360594729028
2026-08-19,ILI incidence,2026-08-23,2,FI,quantile,0.25,10.189417588911216
2026-08-19,ILI incidence,2026-08-23,2,FI,quantile,0.15,8.846178134794648
2026-08-19,ILI incidence,2026-08-23,2,FI,quantile,0.8,17.99312731612253
2026-08-19,ILI incidence,2026-08-23,2,FI,quantile,0.025,6.2167684835704
2026-08-19,ILI incidence,2026-08-23,2,FI,quantile,0.05,7.043272276920069
2026-08-19,ILI incidence,2026-08-23,2,FI,quantile,0.1,8.084415201173005
2026-08-19,ILI incidence,2026-08-23,2,FI,quantile,0.85,19.390520549988665
2026-08-19,ILI incidence,2026-08-23,2,FI,quantile,0.9,21.29648379844708
2026-08-19,ILI incidence,2026-08-23,2,FI,quantile,0.99,31.261530201835697
2026-08-19,ILI incidence,2026-08-23,2,FI,quantile,0.95,24.401315851450825
2026-08-19,ILI incidence,2026-08-23,2,FI,quantile,0.975,27.3078594909422
2026-08-19,ILI incidence,2026-08-23,2,FI,median,NA,13.221383187667737
2026-08-19,ILI incidence,2026-08-30,3,FI,quantile,0.975,35.87475337459222
2026-08-19,ILI incidence,2026-08-30,3,FI,quantile,0.99,41.33442256276928
2026-08-19,ILI incidence,2026-08-30,3,FI,quantile,0.45,14.549346221395009
2026-08-19,ILI incidence,2026-08-30,3,FI,quantile,0.5,15.36867527117852
2026-08-19,ILI incidence,2026-08-30,3,FI,quantile,0.55,16.228252777265695
2026-08-19,ILI incidence,2026-08-30,3,FI,quantile,0.6,17.159151435478528
2026-08-19,ILI incidence,2026-08-30,3,FI,quantile,0.65,18.073659352814957
2026-08-19,ILI incidence,2026-08-30,3,FI,quantile,0.95,31.444960215589653
2026-08-19,ILI incidence,2026-08-30,3,FI,quantile,0.15,9.82118079609447
2026-08-19,ILI incidence,2026-08-30,3,FI,quantile,0.2,10.687047587218911
2026-08-19,ILI incidence,2026-08-30,3,FI,quantile,0.25,11.516850246391968
2026-08-19,ILI incidence,2026-08-30,3,FI,quantile,0.3,12.261080405899062
2026-08-19,ILI incidence,2026-08-30,3,FI,quantile,0.35,13.048018187626164
2026-08-19,ILI incidence,2026-08-30,3,FI,quantile,0.4,13.7785852445608
2026-08-19,ILI incidence,2026-08-30,3,FI,quantile,0.7,19.227817720033904
2026-08-19,ILI incidence,2026-08-30,3,FI,quantile,0.75,20.476303020313743
2026-08-19,ILI incidence,2026-08-30,3,FI,quantile,0.8,21.9369037265627
2026-08-19,ILI incidence,2026-08-30,3,FI,quantile,0.85,23.91827988245187
2026-08-19,ILI incidence,2026-08-30,3,FI,quantile,0.9,26.583485799332955
2026-08-19,ILI incidence,2026-08-30,3,FI,quantile,0.1,8.838612710654866
2026-08-19,ILI incidence,2026-08-30,3,FI,quantile,0.01,5.60370971609911
2026-08-19,ILI incidence,2026-08-30,3,FI,quantile,0.05,7.571497357976008
2026-08-19,ILI incidence,2026-08-30,3,FI,quantile,0.025,6.642673817788365
2026-08-19,ILI incidence,2026-08-30,3,FI,median,NA,15.36867527117852
2026-08-19,ILI incidence,2026-09-06,4,FI,quantile,0.05,5.663019046693251
2026-08-19,ILI incidence,2026-09-06,4,FI,quantile,0.6,16.13388078211194
2026-08-19,ILI incidence,2026-09-06,4,FI,quantile,0.65,17.383126064628563
2026-08-19,ILI incidence,2026-09-06,4,FI,quantile,0.25,9.688425808389123
2026-08-19,ILI incidence,2026-09-06,4,FI,quantile,0.3,10.532829559332184
2026-08-19,ILI incidence,2026-09-06,4,FI,quantile,0.35,11.33297688450687
2026-08-19,ILI incidence,2026-09-06,4,FI,quantile,0.1,6.998902330214272
2026-08-19,ILI incidence,2026-09-06,4,FI,quantile,0.15,7.927676711013735
2026-08-19,ILI incidence,2026-09-06,4,FI,quantile,0.2,8.821658928398717
2026-08-19,ILI incidence,2026-09-06,4,FI,quantile,0.01,3.943647687241319
2026-08-19,ILI incidence,2026-09-06,4,FI,quantile,0.025,4.7423542716159135
2026-08-19,ILI incidence,2026-09-06,4,FI,quantile,0.4,12.280989041650582
2026-08-19,ILI incidence,2026-09-06,4,FI,quantile,0.45,13.242147947516568
2026-08-19,ILI incidence,2026-09-06,4,FI,quantile,0.5,14.095436975126486
2026-08-19,ILI incidence,2026-09-06,4,FI,quantile,0.55,15.102969455178028
2026-08-19,ILI incidence,2026-09-06,4,FI,quantile,0.7,18.654886897736333
2026-08-19,ILI incidence,2026-09-06,4,FI,quantile,0.75,20.222908068951
2026-08-19,ILI incidence,2026-09-06,4,FI,quantile,0.85,24.727414008521503
2026-08-19,ILI incidence,2026-09-06,4,FI,quantile,0.9,28.105316002240944
2026-08-19,ILI incidence,2026-09-06,4,FI,quantile,0.95,34.52906938032087
2026-08-19,ILI incidence,2026-09-06,4,FI,quantile,0.8,22.16795400776589
2026-08-19,ILI incidence,2026-09-06,4,FI,quantile,0.99,49.63146133645227
2026-08-19,ILI incidence,2026-09-06,4,FI,quantile,0.975,40.27940133315408
2026-08-19,ILI incidence,2026-09-06,4,FI,median,NA,14.095436975126486
2026-08-19,ILI incidence,2026-08-16,1,GB-ENG,quantile,0.975,2.04143800110032
2026-08-19,ILI incidence,2026-08-16,1,GB-ENG,quantile,0.99,2.366014346799131
2026-08-19,ILI incidence,2026-08-16,1,GB-ENG,quantile,0.55,0.976002736579989
2026-08-19,ILI incidence,2026-08-16,1,GB-ENG,quantile,0.8,1.3074806907743732
2026-08-19,ILI incidence,2026-08-16,1,GB-ENG,quantile,0.9,1.5559058874050833
2026-08-19,ILI incidence,2026-08-16,1,GB-ENG,quantile,0.025,0.4170534159210974
2026-08-19,ILI incidence,2026-08-16,1,GB-ENG,quantile,0.85,1.4011157718040248
2026-08-19,ILI incidence,2026-08-16,1,GB-ENG,quantile,0.95,1.808022039427118
2026-08-19,ILI incidence,2026-08-16,1,GB-ENG,quantile,0.35,0.7968016092240449
2026-08-19,ILI incidence,2026-08-16,1,GB-ENG,quantile,0.4,0.8403284646803146
2026-08-19,ILI incidence,2026-08-16,1,GB-ENG,quantile,0.5,0.927098980962447
2026-08-19,ILI incidence,2026-08-16,1,GB-ENG,quantile,0.3,0.7533674391293755
2026-08-19,ILI incidence,2026-08-16,1,GB-ENG,quantile,0.65,1.0899384881530496
2026-08-19,ILI incidence,2026-08-16,1,GB-ENG,quantile,0.6,1.0262959581598736
2026-08-19,ILI incidence,2026-08-16,1,GB-ENG,quantile,0.7,1.1518575865822176
2026-08-19,ILI incidence,2026-08-16,1,GB-ENG,quantile,0.75,1.2241122818200425
2026-08-19,ILI incidence,2026-08-16,1,GB-ENG,quantile,0.25,0.7074787193125917
2026-08-19,ILI incidence,2026-08-16,1,GB-ENG,quantile,0.45,0.8828980639267063
2026-08-19,ILI incidence,2026-08-16,1,GB-ENG,quantile,0.2,0.6637306137969161
2026-08-19,ILI incidence,2026-08-16,1,GB-ENG,quantile,0.1,0.5514942415426828
2026-08-19,ILI incidence,2026-08-16,1,GB-ENG,quantile,0.05,0.4748566402971931
2026-08-19,ILI incidence,2026-08-16,1,GB-ENG,quantile,0.15,0.6088649309292818
2026-08-19,ILI incidence,2026-08-16,1,GB-ENG,quantile,0.01,0.35936599874312647
2026-08-19,ILI incidence,2026-08-16,1,GB-ENG,median,NA,0.927098980962447
2026-08-19,ILI incidence,2026-08-23,2,GB-ENG,quantile,0.01,0.4355444376811327
2026-08-19,ILI incidence,2026-08-23,2,GB-ENG,quantile,0.025,0.47916117350693566
2026-08-19,ILI incidence,2026-08-23,2,GB-ENG,quantile,0.15,0.6204435313569506
2026-08-19,ILI incidence,2026-08-23,2,GB-ENG,quantile,0.1,0.5799880161555501
2026-08-19,ILI incidence,2026-08-23,2,GB-ENG,quantile,0.2,0.6527166925487665
2026-08-19,ILI incidence,2026-08-23,2,GB-ENG,quantile,0.25,0.6825647709548074
2026-08-19,ILI incidence,2026-08-23,2,GB-ENG,quantile,0.05,0.527021752135128
2026-08-19,ILI incidence,2026-08-23,2,GB-ENG,quantile,0.3,0.7101294074237741
2026-08-19,ILI incidence,2026-08-23,2,GB-ENG,quantile,0.55,0.842133569492465
2026-08-19,ILI incidence,2026-08-23,2,GB-ENG,quantile,0.5,0.8138379698374785
2026-08-19,ILI incidence,2026-08-23,2,GB-ENG,quantile,0.6,0.8724991301850213
2026-08-19,ILI incidence,2026-08-23,2,GB-ENG,quantile,0.975,1.4029685314786022
2026-08-19,ILI incidence,2026-08-23,2,GB-ENG,quantile,0.99,1.5349291819551525
2026-08-19,ILI incidence,2026-08-23,2,GB-ENG,quantile,0.45,0.7870741954651799
2026-08-19,ILI incidence,2026-08-23,2,GB-ENG,quantile,0.8,1.024778790717236
2026-08-19,ILI incidence,2026-08-23,2,GB-ENG,quantile,0.4,0.762375180383375
2026-08-19,ILI incidence,2026-08-23,2,GB-ENG,quantile,0.75,0.9783069367023218
2026-08-19,ILI incidence,2026-08-23,2,GB-ENG,quantile,0.35,0.7369241329109962
2026-08-19,ILI incidence,2026-08-23,2,GB-ENG,quantile,0.9,1.1589917718324363
2026-08-19,ILI incidence,2026-08-23,2,GB-ENG,quantile,0.95,1.2763744068413243
2026-08-19,ILI incidence,2026-08-23,2,GB-ENG,quantile,0.85,1.081400949129435
2026-08-19,ILI incidence,2026-08-23,2,GB-ENG,quantile,0.7,0.9410331196888302
2026-08-19,ILI incidence,2026-08-23,2,GB-ENG,quantile,0.65,0.9052626322896032
2026-08-19,ILI incidence,2026-08-23,2,GB-ENG,median,NA,0.8138379698374785
2026-08-19,ILI incidence,2026-08-30,3,GB-ENG,quantile,0.99,1.528073217763523
2026-08-19,ILI incidence,2026-08-30,3,GB-ENG,quantile,0.975,1.377078071498956
2026-08-19,ILI incidence,2026-08-30,3,GB-ENG,quantile,0.05,0.49911478680657145
2026-08-19,ILI incidence,2026-08-30,3,GB-ENG,quantile,0.025,0.4546814944538931
2026-08-19,ILI incidence,2026-08-30,3,GB-ENG,quantile,0.01,0.411971216706178
2026-08-19,ILI incidence,2026-08-30,3,GB-ENG,quantile,0.95,1.265752282883776
2026-08-19,ILI incidence,2026-08-30,3,GB-ENG,quantile,0.9,1.141367946910072
2026-08-19,ILI incidence,2026-08-30,3,GB-ENG,quantile,0.1,0.5539332365172622
2026-08-19,ILI incidence,2026-08-30,3,GB-ENG,quantile,0.15,0.5967873655996857
2026-08-19,ILI incidence,2026-08-30,3,GB-ENG,quantile,0.75,0.9632895154257192
2026-08-19,ILI incidence,2026-08-30,3,GB-ENG,quantile,0.85,1.0664405748834682
2026-08-19,ILI incidence,2026-08-30,3,GB-ENG,quantile,0.55,0.821751091445215
2026-08-19,ILI incidence,2026-08-30,3,GB-ENG,quantile,0.7,0.9242421210600538
2026-08-19,ILI incidence,2026-08-30,3,GB-ENG,quantile,0.8,1.0098912097887414
2026-08-19,ILI incidence,2026-08-30,3,GB-ENG,quantile,0.5,0.7932437434922129
2026-08-19,ILI incidence,2026-08-30,3,GB-ENG,quantile,0.45,0.7647711296626766
2026-08-19,ILI incidence,2026-08-30,3,GB-ENG,quantile,0.65,0.887151979852872
2026-08-19,ILI incidence,2026-08-30,3,GB-ENG,quantile,0.4,0.7394474732907717
2026-08-19,ILI incidence,2026-08-30,3,GB-ENG,quantile,0.6,0.8530548138702876
2026-08-19,ILI incidence,2026-08-30,3,GB-ENG,quantile,0.35,0.7137201065760185
2026-08-19,ILI incidence,2026-08-30,3,GB-ENG,quantile,0.3,0.6894738422176421
2026-08-19,ILI incidence,2026-08-30,3,GB-ENG,quantile,0.2,0.6283873110934196
2026-08-19,ILI incidence,2026-08-30,3,GB-ENG,quantile,0.25,0.6592025824948541
2026-08-19,ILI incidence,2026-08-30,3,GB-ENG,median,NA,0.7932437434922129
2026-08-19,ILI incidence,2026-09-06,4,GB-ENG,quantile,0.4,0.8406020240149739
2026-08-19,ILI incidence,2026-09-06,4,GB-ENG,quantile,0.85,1.1052739180677502
2026-08-19,ILI incidence,2026-09-06,4,GB-ENG,quantile,0.8,1.060527268834849
2026-08-19,ILI incidence,2026-09-06,4,GB-ENG,quantile,0.35,0.8177780000760216
2026-08-19,ILI incidence,2026-09-06,4,GB-ENG,quantile,0.45,0.8634883211041586
2026-08-19,ILI incidence,2026-09-06,4,GB-ENG,quantile,0.75,1.0222858462214484
2026-08-19,ILI incidence,2026-09-06,4,GB-ENG,quantile,0.99,1.4536727900712954
2026-08-19,ILI incidence,2026-09-06,4,GB-ENG,quantile,0.5,0.8879919760880954
2026-08-19,ILI incidence,2026-09-06,4,GB-ENG,quantile,0.55,0.9112351380445955
2026-08-19,ILI incidence,2026-09-06,4,GB-ENG,quantile,0.7,0.9903149627805748
2026-08-19,ILI incidence,2026-09-06,4,GB-ENG,quantile,0.05,0.6244788941293838
2026-08-19,ILI incidence,2026-09-06,4,GB-ENG,quantile,0.9,1.1625689588994237
2026-08-19,ILI incidence,2026-09-06,4,GB-ENG,quantile,0.025,0.583259052586741
2026-08-19,ILI incidence,2026-09-06,4,GB-ENG,quantile,0.6,0.9358905182651582
2026-08-19,ILI incidence,2026-09-06,4,GB-ENG,quantile,0.975,1.347590698143312
2026-08-19,ILI incidence,2026-09-06,4,GB-ENG,quantile,0.01,0.5344754770663088
2026-08-19,ILI incidence,2026-09-06,4,GB-ENG,quantile,0.15,0.7110312552935183
2026-08-19,ILI incidence,2026-09-06,4,GB-ENG,quantile,0.65,0.9607597773272925
2026-08-19,ILI incidence,2026-09-06,4,GB-ENG,quantile,0.95,1.2597220673495977
2026-08-19,ILI incidence,2026-09-06,4,GB-ENG,quantile,0.1,0.6753372036650616
2026-08-19,ILI incidence,2026-09-06,4,GB-ENG,quantile,0.3,0.7936552020672543
2026-08-19,ILI incidence,2026-09-06,4,GB-ENG,quantile,0.2,0.7403498208152146
2026-08-19,ILI incidence,2026-09-06,4,GB-ENG,quantile,0.25,0.7665727316998139
2026-08-19,ILI incidence,2026-09-06,4,GB-ENG,median,NA,0.8879919760880954
2026-08-19,ILI incidence,2026-08-16,1,GB-NIR,quantile,0.55,3.014011397074058
2026-08-19,ILI incidence,2026-08-16,1,GB-NIR,quantile,0.4,2.7227734367227416
2026-08-19,ILI incidence,2026-08-16,1,GB-NIR,quantile,0.45,2.819221529691041
2026-08-19,ILI incidence,2026-08-16,1,GB-NIR,quantile,0.5,2.9175495170027586
2026-08-19,ILI incidence,2026-08-16,1,GB-NIR,quantile,0.01,1.5527610540468122
2026-08-19,ILI incidence,2026-08-16,1,GB-NIR,quantile,0.35,2.6369300534639697
2026-08-19,ILI incidence,2026-08-16,1,GB-NIR,quantile,0.8,3.650327591238999
2026-08-19,ILI incidence,2026-08-16,1,GB-NIR,quantile,0.85,3.832269446633565
2026-08-19,ILI incidence,2026-08-16,1,GB-NIR,quantile,0.3,2.5328826582878547
2026-08-19,ILI incidence,2026-08-16,1,GB-NIR,quantile,0.9,4.108357196672209
2026-08-19,ILI incidence,2026-08-16,1,GB-NIR,quantile,0.025,1.717556058023774
2026-08-19,ILI incidence,2026-08-16,1,GB-NIR,quantile,0.99,5.383671754196582
2026-08-19,ILI incidence,2026-08-16,1,GB-NIR,quantile,0.975,4.903305903179623
2026-08-19,ILI incidence,2026-08-16,1,GB-NIR,quantile,0.7,3.348193211435088
2026-08-19,ILI incidence,2026-08-16,1,GB-NIR,quantile,0.75,3.492559148254045
2026-08-19,ILI incidence,2026-08-16,1,GB-NIR,quantile,0.95,4.512802551482393
2026-08-19,ILI incidence,2026-08-16,1,GB-NIR,quantile,0.6,3.1097914943335017
2026-08-19,ILI incidence,2026-08-16,1,GB-NIR,quantile,0.05,1.8666621484911472
2026-08-19,ILI incidence,2026-08-16,1,GB-NIR,quantile,0.65,3.2249574976865243
2026-08-19,ILI incidence,2026-08-16,1,GB-NIR,quantile,0.1,2.056477944583414
2026-08-19,ILI incidence,2026-08-16,1,GB-NIR,quantile,0.15,2.2022687493394777
2026-08-19,ILI incidence,2026-08-16,1,GB-NIR,quantile,0.2,2.3239821295690777
2026-08-19,ILI incidence,2026-08-16,1,GB-NIR,quantile,0.25,2.4330864812321407
2026-08-19,ILI incidence,2026-08-16,1,GB-NIR,median,NA,2.9175495170027586
2026-08-19,ILI incidence,2026-08-23,2,GB-NIR,quantile,0.01,2.62632534967984
2026-08-19,ILI incidence,2026-08-23,2,GB-NIR,quantile,0.2,3.1413401863955177
2026-08-19,ILI incidence,2026-08-23,2,GB-NIR,quantile,0.025,2.7368191744764694
2026-08-19,ILI incidence,2026-08-23,2,GB-NIR,quantile,0.25,3.2013107150809907
2026-08-19,ILI incidence,2026-08-23,2,GB-NIR,quantile,0.9,4.041638612714986
2026-08-19,ILI incidence,2026-08-23,2,GB-NIR,quantile,0.05,2.8453207193176664
2026-08-19,ILI incidence,2026-08-23,2,GB-NIR,quantile,0.1,2.9809788730246245
2026-08-19,ILI incidence,2026-08-23,2,GB-NIR,quantile,0.85,3.923614128235414
2026-08-19,ILI incidence,2026-08-23,2,GB-NIR,quantile,0.95,4.221132042791857
2026-08-19,ILI incidence,2026-08-23,2,GB-NIR,quantile,0.8,3.835603741118636
2026-08-19,ILI incidence,2026-08-23,2,GB-NIR,quantile,0.15,3.0661900132121716
2026-08-19,ILI incidence,2026-08-23,2,GB-NIR,quantile,0.7,3.695430286426872
2026-08-19,ILI incidence,2026-08-23,2,GB-NIR,quantile,0.99,4.5646173444076386
2026-08-19,ILI incidence,2026-08-23,2,GB-NIR,quantile,0.75,3.764437565037096
2026-08-19,ILI incidence,2026-08-23,2,GB-NIR,quantile,0.975,4.362369820656254
2026-08-19,ILI incidence,2026-08-23,2,GB-NIR,quantile,0.55,3.5275145096292873
2026-08-19,ILI incidence,2026-08-23,2,GB-NIR,quantile,0.65,3.63717006910238
2026-08-19,ILI incidence,2026-08-23,2,GB-NIR,quantile,0.6,3.5794852894479874
2026-08-19,ILI incidence,2026-08-23,2,GB-NIR,quantile,0.5,3.4735303487701072
2026-08-19,ILI incidence,2026-08-23,2,GB-NIR,quantile,0.4,3.367015596059332
2026-08-19,ILI incidence,2026-08-23,2,GB-NIR,quantile,0.3,3.2576902833932375
2026-08-19,ILI incidence,2026-08-23,2,GB-NIR,quantile,0.45,3.4189509873890493
2026-08-19,ILI incidence,2026-08-23,2,GB-NIR,quantile,0.35,3.3122855270399607
2026-08-19,ILI incidence,2026-08-23,2,GB-NIR,median,NA,3.4735303487701072
2026-08-19,ILI incidence,2026-08-30,3,GB-NIR,quantile,0.01,2.902431525695627
2026-08-19,ILI incidence,2026-08-30,3,GB-NIR,quantile,0.1,3.2731303514600194
2026-08-19,ILI incidence,2026-08-30,3,GB-NIR,quantile,0.15,3.362239601534778
2026-08-19,ILI incidence,2026-08-30,3,GB-NIR,quantile,0.025,3.0286770802611156
2026-08-19,ILI incidence,2026-08-30,3,GB-NIR,quantile,0.05,3.1347475685753636
2026-08-19,ILI incidence,2026-08-30,3,GB-NIR,quantile,0.2,3.4356638314005266
2026-08-19,ILI incidence,2026-08-30,3,GB-NIR,quantile,0.7,4.028687729375123
2026-08-19,ILI incidence,2026-08-30,3,GB-NIR,quantile,0.75,4.100937307240476
2026-08-19,ILI incidence,2026-08-30,3,GB-NIR,quantile,0.65,3.9591892109143143
2026-08-19,ILI incidence,2026-08-30,3,GB-NIR,quantile,0.4,3.681352185230696
2026-08-19,ILI incidence,2026-08-30,3,GB-NIR,quantile,0.5,3.7888950293293626
2026-08-19,ILI incidence,2026-08-30,3,GB-NIR,quantile,0.55,3.842076484114409
2026-08-19,ILI incidence,2026-08-30,3,GB-NIR,quantile,0.99,4.979025825427887
2026-08-19,ILI incidence,2026-08-30,3,GB-NIR,quantile,0.35,3.628443713991506
2026-08-19,ILI incidence,2026-08-30,3,GB-NIR,quantile,0.6,3.898251727383784
2026-08-19,ILI incidence,2026-08-30,3,GB-NIR,quantile,0.8,4.179879711050394
2026-08-19,ILI incidence,2026-08-30,3,GB-NIR,quantile,0.45,3.7336920186366935
2026-08-19,ILI incidence,2026-08-30,3,GB-NIR,quantile,0.25,3.5057364617828024
2026-08-19,ILI incidence,2026-08-30,3,GB-NIR,quantile,0.3,3.571687418368503
2026-08-19,ILI incidence,2026-08-30,3,GB-NIR,quantile,0.85,4.271241193584187
2026-08-19,ILI incidence,2026-08-30,3,GB-NIR,quantile,0.975,4.770120223002884
2026-08-19,ILI incidence,2026-08-30,3,GB-NIR,quantile,0.95,4.590665481566159
2026-08-19,ILI incidence,2026-08-30,3,GB-NIR,quantile,0.9,4.393254040076107
2026-08-19,ILI incidence,2026-08-30,3,GB-NIR,median,NA,3.7888950293293626
2026-08-19,ILI incidence,2026-09-06,4,GB-NIR,quantile,0.99,4.44606127506738
2026-08-19,ILI incidence,2026-09-06,4,GB-NIR,quantile,0.975,4.336697159480967
2026-08-19,ILI incidence,2026-09-06,4,GB-NIR,quantile,0.95,4.23342197069621
2026-08-19,ILI incidence,2026-09-06,4,GB-NIR,quantile,0.9,4.1210390411134235
2026-08-19,ILI incidence,2026-09-06,4,GB-NIR,quantile,0.8,3.99324605131876
2026-08-19,ILI incidence,2026-09-06,4,GB-NIR,quantile,0.85,4.050149759873236
2026-08-19,ILI incidence,2026-09-06,4,GB-NIR,quantile,0.01,3.1674756122028143
2026-08-19,ILI incidence,2026-09-06,4,GB-NIR,quantile,0.75,3.946776287928426
2026-08-19,ILI incidence,2026-09-06,4,GB-NIR,quantile,0.7,3.902341438516312
2026-08-19,ILI incidence,2026-09-06,4,GB-NIR,quantile,0.65,3.864551542255777
2026-08-19,ILI incidence,2026-09-06,4,GB-NIR,quantile,0.55,3.790702365506722
2026-08-19,ILI incidence,2026-09-06,4,GB-NIR,quantile,0.25,3.566265360662048
2026-08-19,ILI incidence,2026-09-06,4,GB-NIR,quantile,0.5,3.755873925673
2026-08-19,ILI incidence,2026-09-06,4,GB-NIR,quantile,0.6,3.82577170547903
2026-08-19,ILI incidence,2026-09-06,4,GB-NIR,quantile,0.4,3.683013610249209
2026-08-19,ILI incidence,2026-09-06,4,GB-NIR,quantile,0.45,3.7220263935813103
2026-08-19,ILI incidence,2026-09-06,4,GB-NIR,quantile,0.3,3.6051049223582785
2026-08-19,ILI incidence,2026-09-06,4,GB-NIR,quantile,0.15,3.4744526539959706
2026-08-19,ILI incidence,2026-09-06,4,GB-NIR,quantile,0.2,3.521298994011633
2026-08-19,ILI incidence,2026-09-06,4,GB-NIR,quantile,0.1,3.410765778442544
2026-08-19,ILI incidence,2026-09-06,4,GB-NIR,quantile,0.35,3.6465851171326418
2026-08-19,ILI incidence,2026-09-06,4,GB-NIR,quantile,0.05,3.3194883804935973
2026-08-19,ILI incidence,2026-09-06,4,GB-NIR,quantile,0.025,3.2487691532960645
2026-08-19,ILI incidence,2026-09-06,4,GB-NIR,median,NA,3.755873925673
2026-08-19,ILI incidence,2026-08-16,1,GR,quantile,0.75,335.98730568763045
2026-08-19,ILI incidence,2026-08-16,1,GR,quantile,0.7,328.15941077774596
2026-08-19,ILI incidence,2026-08-16,1,GR,quantile,0.65,320.9428802570537
2026-08-19,ILI incidence,2026-08-16,1,GR,quantile,0.8,345.7382916522997
2026-08-19,ILI incidence,2026-08-16,1,GR,quantile,0.85,357.90352959844483
2026-08-19,ILI incidence,2026-08-16,1,GR,quantile,0.6,314.0316455285685
2026-08-19,ILI incidence,2026-08-16,1,GR,quantile,0.55,306.65883451978925
2026-08-19,ILI incidence,2026-08-16,1,GR,quantile,0.5,300.3938428992651
2026-08-19,ILI incidence,2026-08-16,1,GR,quantile,0.3,274.74428628758045
2026-08-19,ILI incidence,2026-08-16,1,GR,quantile,0.25,267.88124911566604
2026-08-19,ILI incidence,2026-08-16,1,GR,quantile,0.35,281.01088090142076
2026-08-19,ILI incidence,2026-08-16,1,GR,quantile,0.4,287.83724940296804
2026-08-19,ILI incidence,2026-08-16,1,GR,quantile,0.45,294.12058827147723
2026-08-19,ILI incidence,2026-08-16,1,GR,quantile,0.9,372.3427026077542
2026-08-19,ILI incidence,2026-08-16,1,GR,quantile,0.95,395.212669937992
2026-08-19,ILI incidence,2026-08-16,1,GR,quantile,0.15,251.40899298735508
2026-08-19,ILI incidence,2026-08-16,1,GR,quantile,0.2,260.2559177954045
2026-08-19,ILI incidence,2026-08-16,1,GR,quantile,0.025,215.03438597699432
2026-08-19,ILI incidence,2026-08-16,1,GR,quantile,0.1,241.7279424239818
2026-08-19,ILI incidence,2026-08-16,1,GR,quantile,0.99,443.61242406757106
2026-08-19,ILI incidence,2026-08-16,1,GR,quantile,0.01,201.20621417932568
2026-08-19,ILI incidence,2026-08-16,1,GR,quantile,0.05,227.39211806116455
2026-08-19,ILI incidence,2026-08-16,1,GR,quantile,0.975,416.574767175759
2026-08-19,ILI incidence,2026-08-16,1,GR,median,NA,300.3938428992651
2026-08-19,ILI incidence,2026-08-23,2,GR,quantile,0.4,308.7659102719158
2026-08-19,ILI incidence,2026-08-23,2,GR,quantile,0.45,315.5548330591677
2026-08-19,ILI incidence,2026-08-23,2,GR,quantile,0.55,328.5026403552244
2026-08-19,ILI incidence,2026-08-23,2,GR,quantile,0.6,335.00034122011726
2026-08-19,ILI incidence,2026-08-23,2,GR,quantile,0.5,322.0221175509364
2026-08-19,ILI incidence,2026-08-23,2,GR,quantile,0.35,302.8431967443055
2026-08-19,ILI incidence,2026-08-23,2,GR,quantile,0.3,295.77096802413973
2026-08-19,ILI incidence,2026-08-23,2,GR,quantile,0.65,342.1046214571267
2026-08-19,ILI incidence,2026-08-23,2,GR,quantile,0.975,436.28550403920866
2026-08-19,ILI incidence,2026-08-23,2,GR,quantile,0.99,462.7868016245829
2026-08-19,ILI incidence,2026-08-23,2,GR,quantile,0.95,415.28750902536615
2026-08-19,ILI incidence,2026-08-23,2,GR,quantile,0.9,392.6763321293679
2026-08-19,ILI incidence,2026-08-23,2,GR,quantile,0.8,366.47274053824685
2026-08-19,ILI incidence,2026-08-23,2,GR,quantile,0.85,378.3040621831698
2026-08-19,ILI incidence,2026-08-23,2,GR,quantile,0.7,349.5354649600369
2026-08-19,ILI incidence,2026-08-23,2,GR,quantile,0.75,357.6355355775237
2026-08-19,ILI incidence,2026-08-23,2,GR,quantile,0.25,288.34548605653094
2026-08-19,ILI incidence,2026-08-23,2,GR,quantile,0.2,280.9490718623502
2026-08-19,ILI incidence,2026-08-23,2,GR,quantile,0.15,272.1892494296767
2026-08-19,ILI incidence,2026-08-23,2,GR,quantile,0.01,221.20251818393703
2026-08-19,ILI incidence,2026-08-23,2,GR,quantile,0.1,261.777635096498
2026-08-19,ILI incidence,2026-08-23,2,GR,quantile,0.025,235.39172832089992
2026-08-19,ILI incidence,2026-08-23,2,GR,quantile,0.05,246.5930395709312
2026-08-19,ILI incidence,2026-08-23,2,GR,median,NA,322.0221175509364
2026-08-19,ILI incidence,2026-08-30,3,GR,quantile,0.99,500.9404223640336
2026-08-19,ILI incidence,2026-08-30,3,GR,quantile,0.01,274.37334034308725
2026-08-19,ILI incidence,2026-08-30,3,GR,quantile,0.975,475.79750909913633
2026-08-19,ILI incidence,2026-08-30,3,GR,quantile,0.025,286.000847227659
2026-08-19,ILI incidence,2026-08-30,3,GR,quantile,0.05,298.99448746257394
2026-08-19,ILI incidence,2026-08-30,3,GR,quantile,0.35,351.337028354921
2026-08-19,ILI incidence,2026-08-30,3,GR,quantile,0.9,433.9015181869196
2026-08-19,ILI incidence,2026-08-30,3,GR,quantile,0.95,455.3184853708208
2026-08-19,ILI incidence,2026-08-30,3,GR,quantile,0.1,313.3078036103765
2026-08-19,ILI incidence,2026-08-30,3,GR,quantile,0.85,420.2544633178216
2026-08-19,ILI incidence,2026-08-30,3,GR,quantile,0.2,331.1085217443623
2026-08-19,ILI incidence,2026-08-30,3,GR,quantile,0.25,338.2101396446627
2026-08-19,ILI incidence,2026-08-30,3,GR,quantile,0.4,357.3650278602797
2026-08-19,ILI incidence,2026-08-30,3,GR,quantile,0.15,323.1079585805856
2026-08-19,ILI incidence,2026-08-30,3,GR,quantile,0.8,411.0889669927834
2026-08-19,ILI incidence,2026-08-30,3,GR,quantile,0.3,344.89899082979946
2026-08-19,ILI incidence,2026-08-30,3,GR,quantile,0.45,362.857097078264
2026-08-19,ILI incidence,2026-08-30,3,GR,quantile,0.75,402.18962943050656
2026-08-19,ILI incidence,2026-08-30,3,GR,quantile,0.55,374.5002865002276
2026-08-19,ILI incidence,2026-08-30,3,GR,quantile,0.6,380.9971064155135
2026-08-19,ILI incidence,2026-08-30,3,GR,quantile,0.5,368.81840107011135
2026-08-19,ILI incidence,2026-08-30,3,GR,quantile,0.65,387.6422173347785
2026-08-19,ILI incidence,2026-08-30,3,GR,quantile,0.7,394.80953659891463
2026-08-19,ILI incidence,2026-08-30,3,GR,median,NA,368.81840107011135
2026-08-19,ILI incidence,2026-09-06,4,GR,quantile,0.15,317.47196386484495
2026-08-19,ILI incidence,2026-09-06,4,GR,quantile,0.99,476.23658258018173
2026-08-19,ILI incidence,2026-09-06,4,GR,quantile,0.2,325.49582056589645
2026-08-19,ILI incidence,2026-09-06,4,GR,quantile,0.95,439.24432750084446
2026-08-19,ILI incidence,2026-09-06,4,GR,quantile,0.975,456.1501985820282
2026-08-19,ILI incidence,2026-09-06,4,GR,quantile,0.6,371.6290160920395
2026-08-19,ILI incidence,2026-09-06,4,GR,quantile,0.25,332.3788737403539
2026-08-19,ILI incidence,2026-09-06,4,GR,quantile,0.3,338.40794439290875
2026-08-19,ILI incidence,2026-09-06,4,GR,quantile,0.1,308.2998931896867
2026-08-19,ILI incidence,2026-09-06,4,GR,quantile,0.65,377.8808121976888
2026-08-19,ILI incidence,2026-09-06,4,GR,quantile,0.9,419.50240922896216
2026-08-19,ILI incidence,2026-09-06,4,GR,quantile,0.4,349.9761381890977
2026-08-19,ILI incidence,2026-09-06,4,GR,quantile,0.01,270.94727793150906
2026-08-19,ILI incidence,2026-09-06,4,GR,quantile,0.5,360.7701046818576
2026-08-19,ILI incidence,2026-09-06,4,GR,quantile,0.55,366.52250135487594
2026-08-19,ILI incidence,2026-09-06,4,GR,quantile,0.7,383.8293498898647
2026-08-19,ILI incidence,2026-09-06,4,GR,quantile,0.85,407.91991184604865
2026-08-19,ILI incidence,2026-09-06,4,GR,quantile,0.05,295.505580912211
2026-08-19,ILI incidence,2026-09-06,4,GR,quantile,0.025,284.273520135285
2026-08-19,ILI incidence,2026-09-06,4,GR,quantile,0.45,355.26574711547664
2026-08-19,ILI incidence,2026-09-06,4,GR,quantile,0.75,390.4717966902971
2026-08-19,ILI incidence,2026-09-06,4,GR,quantile,0.35,344.4337722975814
2026-08-19,ILI incidence,2026-09-06,4,GR,quantile,0.8,398.7360802649811
2026-08-19,ILI incidence,2026-09-06,4,GR,median,NA,360.7701046818576
2026-08-19,ILI incidence,2026-08-16,1,HR,quantile,0.5,0.2395878297980809
2026-08-19,ILI incidence,2026-08-16,1,HR,quantile,0.45,0.2130411348275918
2026-08-19,ILI incidence,2026-08-16,1,HR,quantile,0.975,1.4039986147944348
2026-08-19,ILI incidence,2026-08-16,1,HR,quantile,0.99,1.9225526670134971
2026-08-19,ILI incidence,2026-08-16,1,HR,quantile,0.7,0.3847014664190314
2026-08-19,ILI incidence,2026-08-16,1,HR,quantile,0.75,0.44630370637324
2026-08-19,ILI incidence,2026-08-16,1,HR,quantile,0.8,0.5193276885736066
2026-08-19,ILI incidence,2026-08-16,1,HR,quantile,0.85,0.618160128174215
2026-08-19,ILI incidence,2026-08-16,1,HR,quantile,0.01,0.0315989936531572
2026-08-19,ILI incidence,2026-08-16,1,HR,quantile,0.025,0.0433200266139553
2026-08-19,ILI incidence,2026-08-16,1,HR,quantile,0.05,0.05608003870314326
2026-08-19,ILI incidence,2026-08-16,1,HR,quantile,0.1,0.07578094523874156
2026-08-19,ILI incidence,2026-08-16,1,HR,quantile,0.15,0.09531081579263052
2026-08-19,ILI incidence,2026-08-16,1,HR,quantile,0.2,0.11360265408008098
2026-08-19,ILI incidence,2026-08-16,1,HR,quantile,0.25,0.1301871563361023
2026-08-19,ILI incidence,2026-08-16,1,HR,quantile,0.3,0.1497939540834991
2026-08-19,ILI incidence,2026-08-16,1,HR,quantile,0.35,0.16801140525427066
2026-08-19,ILI incidence,2026-08-16,1,HR,quantile,0.4,0.19017938626226463
2026-08-19,ILI incidence,2026-08-16,1,HR,quantile,0.55,0.2656809535070888
2026-08-19,ILI incidence,2026-08-16,1,HR,quantile,0.6,0.2988775654746166
2026-08-19,ILI incidence,2026-08-16,1,HR,quantile,0.65,0.3373941082162163
2026-08-19,ILI incidence,2026-08-16,1,HR,quantile,0.9,0.7543834136884437
2026-08-19,ILI incidence,2026-08-16,1,HR,quantile,0.95,1.051855496170831
2026-08-19,ILI incidence,2026-08-16,1,HR,median,NA,0.2395878297980809
2026-08-19,ILI incidence,2026-09-06,4,HR,quantile,0.01,0.16217217396165765
2026-08-19,ILI incidence,2026-09-06,4,HR,quantile,0.025,0.209794245538424
2026-08-19,ILI incidence,2026-09-06,4,HR,quantile,0.05,0.2666713970393888
2026-08-19,ILI incidence,2026-09-06,4,HR,quantile,0.1,0.3424133251516016
2026-08-19,ILI incidence,2026-09-06,4,HR,quantile,0.15,0.4067062594654804
2026-08-19,ILI incidence,2026-09-06,4,HR,quantile,0.3,0.5869001465565544
2026-08-19,ILI incidence,2026-09-06,4,HR,quantile,0.35,0.6499756122373851
2026-08-19,ILI incidence,2026-09-06,4,HR,quantile,0.4,0.7151643708780817
2026-08-19,ILI incidence,2026-09-06,4,HR,quantile,0.75,1.3631968913462125
2026-08-19,ILI incidence,2026-09-06,4,HR,quantile,0.9,2.053223173158934
2026-08-19,ILI incidence,2026-09-06,4,HR,quantile,0.55,0.9281147385056798
2026-08-19,ILI incidence,2026-09-06,4,HR,quantile,0.95,2.6782480502873103
2026-08-19,ILI incidence,2026-09-06,4,HR,quantile,0.975,3.407441060633791
2026-08-19,ILI incidence,2026-09-06,4,HR,quantile,0.99,4.499623654117053
2026-08-19,ILI incidence,2026-09-06,4,HR,quantile,0.45,0.7800488944989128
2026-08-19,ILI incidence,2026-09-06,4,HR,quantile,0.6,1.0172578058632624
2026-08-19,ILI incidence,2026-09-06,4,HR,quantile,0.65,1.119083854681454
2026-08-19,ILI incidence,2026-09-06,4,HR,quantile,0.8,1.5353270224442694
2026-08-19,ILI incidence,2026-09-06,4,HR,quantile,0.85,1.73552881254007
2026-08-19,ILI incidence,2026-09-06,4,HR,quantile,0.2,0.4690818130301963
2026-08-19,ILI incidence,2026-09-06,4,HR,quantile,0.25,0.5264781904913207
2026-08-19,ILI incidence,2026-09-06,4,HR,quantile,0.5,0.849639647916016
2026-08-19,ILI incidence,2026-09-06,4,HR,quantile,0.7,1.2323792571132233
2026-08-19,ILI incidence,2026-09-06,4,HR,median,NA,0.849639647916016
2026-08-19,ILI incidence,2026-08-16,1,HU,quantile,0.15,9.94274827352302
2026-08-19,ILI incidence,2026-08-16,1,HU,quantile,0.1,8.860826300454576
2026-08-19,ILI incidence,2026-08-16,1,HU,quantile,0.5,16.8833951538617
2026-08-19,ILI incidence,2026-08-16,1,HU,quantile,0.05,7.277240939010624
2026-08-19,ILI incidence,2026-08-16,1,HU,quantile,0.55,18.083092410333222
2026-08-19,ILI incidence,2026-08-16,1,HU,quantile,0.025,6.19964744220626
2026-08-19,ILI incidence,2026-08-16,1,HU,quantile,0.4,14.798143569838144
2026-08-19,ILI incidence,2026-08-16,1,HU,quantile,0.3,12.939311662224396
2026-08-19,ILI incidence,2026-08-16,1,HU,quantile,0.25,12.005029363472644
2026-08-19,ILI incidence,2026-08-16,1,HU,quantile,0.35,13.856357660919535
2026-08-19,ILI incidence,2026-08-16,1,HU,quantile,0.45,15.851071839295216
2026-08-19,ILI incidence,2026-08-16,1,HU,quantile,0.01,5.034137786808168
2026-08-19,ILI incidence,2026-08-16,1,HU,quantile,0.2,11.007808441203416
2026-08-19,ILI incidence,2026-08-16,1,HU,quantile,0.6,19.404830413033416
2026-08-19,ILI incidence,2026-08-16,1,HU,quantile,0.99,58.39920118814253
2026-08-19,ILI incidence,2026-08-16,1,HU,quantile,0.975,47.318690830054415
2026-08-19,ILI incidence,2026-08-16,1,HU,quantile,0.65,20.867905276617083
2026-08-19,ILI incidence,2026-08-16,1,HU,quantile,0.95,40.154795078065845
2026-08-19,ILI incidence,2026-08-16,1,HU,quantile,0.9,33.74250843856902
2026-08-19,ILI incidence,2026-08-16,1,HU,quantile,0.7,22.402949003377092
2026-08-19,ILI incidence,2026-08-16,1,HU,quantile,0.85,29.54670853201706
2026-08-19,ILI incidence,2026-08-16,1,HU,quantile,0.75,24.2848250237127
2026-08-19,ILI incidence,2026-08-16,1,HU,quantile,0.8,26.681775670992806
2026-08-19,ILI incidence,2026-08-16,1,HU,median,NA,16.8833951538617
2026-08-19,ILI incidence,2026-08-23,2,HU,quantile,0.99,57.13952334270584
2026-08-19,ILI incidence,2026-08-23,2,HU,quantile,0.975,48.91475850316486
2026-08-19,ILI incidence,2026-08-23,2,HU,quantile,0.85,32.34988887878448
2026-08-19,ILI incidence,2026-08-23,2,HU,quantile,0.95,42.557362302017424
2026-08-19,ILI incidence,2026-08-23,2,HU,quantile,0.9,36.25393760099932
2026-08-19,ILI incidence,2026-08-23,2,HU,quantile,0.75,27.707280037405816
2026-08-19,ILI incidence,2026-08-23,2,HU,quantile,0.8,29.819510453602827
2026-08-19,ILI incidence,2026-08-23,2,HU,quantile,0.7,25.90463021435601
2026-08-19,ILI incidence,2026-08-23,2,HU,quantile,0.65,24.43065398592818
2026-08-19,ILI incidence,2026-08-23,2,HU,quantile,0.55,21.874962439899186
2026-08-19,ILI incidence,2026-08-23,2,HU,quantile,0.6,23.16453413403915
2026-08-19,ILI incidence,2026-08-23,2,HU,quantile,0.5,20.601149518299287
2026-08-19,ILI incidence,2026-08-23,2,HU,quantile,0.45,19.4658578179361
2026-08-19,ILI incidence,2026-08-23,2,HU,quantile,0.4,18.383442019150884
2026-08-19,ILI incidence,2026-08-23,2,HU,quantile,0.35,17.36622011618696
2026-08-19,ILI incidence,2026-08-23,2,HU,quantile,0.3,16.354751236091825
2026-08-19,ILI incidence,2026-08-23,2,HU,quantile,0.15,13.08411506729575
2026-08-19,ILI incidence,2026-08-23,2,HU,quantile,0.2,14.228731195902466
2026-08-19,ILI incidence,2026-08-23,2,HU,quantile,0.25,15.315334140938068
2026-08-19,ILI incidence,2026-08-23,2,HU,quantile,0.05,10.054855848749142
2026-08-19,ILI incidence,2026-08-23,2,HU,quantile,0.1,11.708639872621015
2026-08-19,ILI incidence,2026-08-23,2,HU,quantile,0.01,7.402583859524296
2026-08-19,ILI incidence,2026-08-23,2,HU,quantile,0.025,8.750830367830968
2026-08-19,ILI incidence,2026-08-23,2,HU,median,NA,20.601149518299287
2026-08-19,ILI incidence,2026-08-30,3,HU,quantile,0.99,20.594366425212417
2026-08-19,ILI incidence,2026-08-30,3,HU,quantile,0.75,17.167710242322688
2026-08-19,ILI incidence,2026-08-30,3,HU,quantile,0.7,16.885215061658354
2026-08-19,ILI incidence,2026-08-30,3,HU,quantile,0.8,17.484026397037038
2026-08-19,ILI incidence,2026-08-30,3,HU,quantile,0.975,19.808172895678084
2026-08-19,ILI incidence,2026-08-30,3,HU,quantile,0.85,17.88910621005717
2026-08-19,ILI incidence,2026-08-30,3,HU,quantile,0.9,18.390310440480487
2026-08-19,ILI incidence,2026-08-30,3,HU,quantile,0.65,16.612585329348697
2026-08-19,ILI incidence,2026-08-30,3,HU,quantile,0.35,15.23268636512478
2026-08-19,ILI incidence,2026-08-30,3,HU,quantile,0.3,14.993602634939888
2026-08-19,ILI incidence,2026-08-30,3,HU,quantile,0.95,19.13069861111789
2026-08-19,ILI incidence,2026-08-30,3,HU,quantile,0.4,15.480047470994126
2026-08-19,ILI incidence,2026-08-30,3,HU,quantile,0.45,15.693701828460531
2026-08-19,ILI incidence,2026-08-30,3,HU,quantile,0.6,16.38073980424672
2026-08-19,ILI incidence,2026-08-30,3,HU,quantile,0.5,15.92094771261552
2026-08-19,ILI incidence,2026-08-30,3,HU,quantile,0.55,16.149651558339947
2026-08-19,ILI incidence,2026-08-30,3,HU,quantile,0.2,14.464252189745377
2026-08-19,ILI incidence,2026-08-30,3,HU,quantile,0.1,13.750870325004698
2026-08-19,ILI incidence,2026-08-30,3,HU,quantile,0.025,12.732377755368038
2026-08-19,ILI incidence,2026-08-30,3,HU,quantile,0.05,13.20806730585399
2026-08-19,ILI incidence,2026-08-30,3,HU,quantile,0.25,14.721466326363451
2026-08-19,ILI incidence,2026-08-30,3,HU,quantile,0.01,12.2152396958361
2026-08-19,ILI incidence,2026-08-30,3,HU,quantile,0.15,14.129633188915948
2026-08-19,ILI incidence,2026-08-30,3,HU,median,NA,15.92094771261552
2026-08-19,ILI incidence,2026-09-06,4,HU,quantile,0.025,6.621888754805206
2026-08-19,ILI incidence,2026-09-06,4,HU,quantile,0.01,5.373375385711526
2026-08-19,ILI incidence,2026-09-06,4,HU,quantile,0.25,14.108839161990646
2026-08-19,ILI incidence,2026-09-06,4,HU,quantile,0.15,11.404053061119786
2026-08-19,ILI incidence,2026-09-06,4,HU,quantile,0.2,12.775494268664191
2026-08-19,ILI incidence,2026-09-06,4,HU,quantile,0.05,8.261234706353234
2026-08-19,ILI incidence,2026-09-06,4,HU,quantile,0.1,10.015802993398792
2026-08-19,ILI incidence,2026-09-06,4,HU,quantile,0.3,15.38357019207976
2026-08-19,ILI incidence,2026-09-06,4,HU,quantile,0.35,16.73026942937754
2026-08-19,ILI incidence,2026-09-06,4,HU,quantile,0.7,28.49759112844349
2026-08-19,ILI incidence,2026-09-06,4,HU,quantile,0.4,18.093897842582884
2026-08-19,ILI incidence,2026-09-06,4,HU,quantile,0.45,19.53059407729217
2026-08-19,ILI incidence,2026-09-06,4,HU,quantile,0.5,20.91326524732269
2026-08-19,ILI incidence,2026-09-06,4,HU,quantile,0.65,26.183363909131096
2026-08-19,ILI incidence,2026-09-06,4,HU,quantile,0.55,22.639321544822277
2026-08-19,ILI incidence,2026-09-06,4,HU,quantile,0.75,31.097508904373587
2026-08-19,ILI incidence,2026-09-06,4,HU,quantile,0.6,24.30346115658689
2026-08-19,ILI incidence,2026-09-06,4,HU,quantile,0.8,34.184442375451084
2026-08-19,ILI incidence,2026-09-06,4,HU,quantile,0.95,54.206476118747
2026-08-19,ILI incidence,2026-09-06,4,HU,quantile,0.85,38.1345257189696
2026-08-19,ILI incidence,2026-09-06,4,HU,quantile,0.9,44.39383413005641
2026-08-19,ILI incidence,2026-09-06,4,HU,quantile,0.99,80.30478113242924
2026-08-19,ILI incidence,2026-09-06,4,HU,quantile,0.975,65.1980635186904
2026-08-19,ILI incidence,2026-09-06,4,HU,median,NA,20.91326524732269
2026-08-19,ILI incidence,2026-08-16,1,IE,quantile,0.4,0.8570094986346332
2026-08-19,ILI incidence,2026-08-16,1,IE,quantile,0.45,0.8728258836364904
2026-08-19,ILI incidence,2026-08-16,1,IE,quantile,0.3,0.823543222842978
2026-08-19,ILI incidence,2026-08-16,1,IE,quantile,0.5,0.8887164605741327
2026-08-19,ILI incidence,2026-08-16,1,IE,quantile,0.35,0.8402180783293152
2026-08-19,ILI incidence,2026-08-16,1,IE,quantile,0.55,0.9053924928910204
2026-08-19,ILI incidence,2026-08-16,1,IE,quantile,0.01,0.6269028831096385
2026-08-19,ILI incidence,2026-08-16,1,IE,quantile,0.025,0.6663548934937413
2026-08-19,ILI incidence,2026-08-16,1,IE,quantile,0.05,0.6991575032627706
2026-08-19,ILI incidence,2026-08-16,1,IE,quantile,0.1,0.7374018435789587
2026-08-19,ILI incidence,2026-08-16,1,IE,quantile,0.15,0.7645360896309207
2026-08-19,ILI incidence,2026-08-16,1,IE,quantile,0.25,0.8052870784547328
2026-08-19,ILI incidence,2026-08-16,1,IE,quantile,0.6,0.9230277858885528
2026-08-19,ILI incidence,2026-08-16,1,IE,quantile,0.65,0.9408424142633964
2026-08-19,ILI incidence,2026-08-16,1,IE,quantile,0.7,0.959870557330914
2026-08-19,ILI incidence,2026-08-16,1,IE,quantile,0.2,0.7854408559619427
2026-08-19,ILI incidence,2026-08-16,1,IE,quantile,0.8,1.0069705207802464
2026-08-19,ILI incidence,2026-08-16,1,IE,quantile,0.85,1.0378713038342176
2026-08-19,ILI incidence,2026-08-16,1,IE,quantile,0.75,0.9818807194703416
2026-08-19,ILI incidence,2026-08-16,1,IE,quantile,0.975,1.195937867184817
2026-08-19,ILI incidence,2026-08-16,1,IE,quantile,0.95,1.1390364306611505
2026-08-19,ILI incidence,2026-08-16,1,IE,quantile,0.99,1.2549074521856285
2026-08-19,ILI incidence,2026-08-16,1,IE,quantile,0.9,1.076470745432084
2026-08-19,ILI incidence,2026-08-16,1,IE,median,NA,0.8887164605741327
2026-08-19,ILI incidence,2026-08-23,2,IE,quantile,0.4,0.963547397669544
2026-08-19,ILI incidence,2026-08-23,2,IE,quantile,0.35,0.9466708689669084
2026-08-19,ILI incidence,2026-08-23,2,IE,quantile,0.99,1.3517621655418792
2026-08-19,ILI incidence,2026-08-23,2,IE,quantile,0.3,0.9291301646236156
2026-08-19,ILI incidence,2026-08-23,2,IE,quantile,0.45,0.9793914321945164
2026-08-19,ILI incidence,2026-08-23,2,IE,quantile,0.5,0.9953897666960848
2026-08-19,ILI incidence,2026-08-23,2,IE,quantile,0.95,1.2285312551330592
2026-08-19,ILI incidence,2026-08-23,2,IE,quantile,0.975,1.2829494544273756
2026-08-19,ILI incidence,2026-08-23,2,IE,quantile,0.9,1.1722829731710442
2026-08-19,ILI incidence,2026-08-23,2,IE,quantile,0.15,0.8684153626523993
2026-08-19,ILI incidence,2026-08-23,2,IE,quantile,0.25,0.9114099973511804
2026-08-19,ILI incidence,2026-08-23,2,IE,quantile,0.75,1.0852150936664606
2026-08-19,ILI incidence,2026-08-23,2,IE,quantile,0.8,1.108051315507077
2026-08-19,ILI incidence,2026-08-23,2,IE,quantile,0.85,1.1362263565555888
2026-08-19,ILI incidence,2026-08-23,2,IE,quantile,0.025,0.7672735008416192
2026-08-19,ILI incidence,2026-08-23,2,IE,quantile,0.1,0.8412271936067874
2026-08-19,ILI incidence,2026-08-23,2,IE,quantile,0.2,0.8914304500542568
2026-08-19,ILI incidence,2026-08-23,2,IE,quantile,0.55,1.0123182634190808
2026-08-19,ILI incidence,2026-08-23,2,IE,quantile,0.6,1.0283765458663627
2026-08-19,ILI incidence,2026-08-23,2,IE,quantile,0.65,1.0452391596476962
2026-08-19,ILI incidence,2026-08-23,2,IE,quantile,0.7,1.0649926621655197
2026-08-19,ILI incidence,2026-08-23,2,IE,quantile,0.01,0.7294129306897689
2026-08-19,ILI incidence,2026-08-23,2,IE,quantile,0.05,0.803888335232471
2026-08-19,ILI incidence,2026-08-23,2,IE,median,NA,0.9953897666960848
2026-08-19,ILI incidence,2026-08-30,3,IE,quantile,0.5,0.7413613558719787
2026-08-19,ILI incidence,2026-08-30,3,IE,quantile,0.7,0.8377195292461646
2026-08-19,ILI incidence,2026-08-30,3,IE,quantile,0.8,0.907286367044553
2026-08-19,ILI incidence,2026-08-30,3,IE,quantile,0.55,0.7641176716590959
2026-08-19,ILI incidence,2026-08-30,3,IE,quantile,0.6,0.788126971933204
2026-08-19,ILI incidence,2026-08-30,3,IE,quantile,0.75,0.8705129619681491
2026-08-19,ILI incidence,2026-08-30,3,IE,quantile,0.45,0.7209697515312039
2026-08-19,ILI incidence,2026-08-30,3,IE,quantile,0.65,0.8114241257218483
2026-08-19,ILI incidence,2026-08-30,3,IE,quantile,0.85,0.949042195630075
2026-08-19,ILI incidence,2026-08-30,3,IE,quantile,0.9,1.005629822690614
2026-08-19,ILI incidence,2026-08-30,3,IE,quantile,0.99,1.2937920994867451
2026-08-19,ILI incidence,2026-08-30,3,IE,quantile,0.95,1.1026280815114011
2026-08-19,ILI incidence,2026-08-30,3,IE,quantile,0.975,1.1879991959191727
2026-08-19,ILI incidence,2026-08-30,3,IE,quantile,0.3,0.6563940002849641
2026-08-19,ILI incidence,2026-08-30,3,IE,quantile,0.35,0.6776805139839285
2026-08-19,ILI incidence,2026-08-30,3,IE,quantile,0.4,0.6986014425751144
2026-08-19,ILI incidence,2026-08-30,3,IE,quantile,0.01,0.4264876520370246
2026-08-19,ILI incidence,2026-08-30,3,IE,quantile,0.025,0.4658042976072186
2026-08-19,ILI incidence,2026-08-30,3,IE,quantile,0.05,0.5035878550707439
2026-08-19,ILI incidence,2026-08-30,3,IE,quantile,0.1,0.5504045697468376
2026-08-19,ILI incidence,2026-08-30,3,IE,quantile,0.25,0.6342021761491776
2026-08-19,ILI incidence,2026-08-30,3,IE,quantile,0.2,0.607821959768034
2026-08-19,ILI incidence,2026-08-30,3,IE,quantile,0.15,0.5825721923067549
2026-08-19,ILI incidence,2026-08-30,3,IE,median,NA,0.7413613558719787
2026-08-19,ILI incidence,2026-09-06,4,IE,quantile,0.1,0.8394409272227411
2026-08-19,ILI incidence,2026-09-06,4,IE,quantile,0.15,0.8661458704732143
2026-08-19,ILI incidence,2026-09-06,4,IE,quantile,0.2,0.8884626639613836
2026-08-19,ILI incidence,2026-09-06,4,IE,quantile,0.99,1.3454994270989422
2026-08-19,ILI incidence,2026-09-06,4,IE,quantile,0.975,1.283663028050916
2026-08-19,ILI incidence,2026-09-06,4,IE,quantile,0.025,0.7670253492387762
2026-08-19,ILI incidence,2026-09-06,4,IE,quantile,0.95,1.2319959080141472
2026-08-19,ILI incidence,2026-09-06,4,IE,quantile,0.01,0.7310396669396357
2026-08-19,ILI incidence,2026-09-06,4,IE,quantile,0.05,0.8004475814665343
2026-08-19,ILI incidence,2026-09-06,4,IE,quantile,0.75,1.0816062477696269
2026-08-19,ILI incidence,2026-09-06,4,IE,quantile,0.85,1.1350206532261116
2026-08-19,ILI incidence,2026-09-06,4,IE,quantile,0.9,1.1725702600333243
2026-08-19,ILI incidence,2026-09-06,4,IE,quantile,0.7,1.0609007221968247
2026-08-19,ILI incidence,2026-09-06,4,IE,quantile,0.8,1.1066115511497094
2026-08-19,ILI incidence,2026-09-06,4,IE,quantile,0.25,0.9067040553359724
2026-08-19,ILI incidence,2026-09-06,4,IE,quantile,0.3,0.9246860329420749
2026-08-19,ILI incidence,2026-09-06,4,IE,quantile,0.35,0.9427793706453824
2026-08-19,ILI incidence,2026-09-06,4,IE,quantile,0.4,0.9588715474511722
2026-08-19,ILI incidence,2026-09-06,4,IE,quantile,0.45,0.9741111415058292
2026-08-19,ILI incidence,2026-09-06,4,IE,quantile,0.6,1.0242318613794674
2026-08-19,ILI incidence,2026-09-06,4,IE,quantile,0.65,1.0413213695676933
2026-08-19,ILI incidence,2026-09-06,4,IE,quantile,0.5,0.9908353644652248
2026-08-19,ILI incidence,2026-09-06,4,IE,quantile,0.55,1.0074192464779257
2026-08-19,ILI incidence,2026-09-06,4,IE,median,NA,0.9908353644652248
2026-08-19,ILI incidence,2026-08-16,1,IS,quantile,0.45,0.16341099838063916
2026-08-19,ILI incidence,2026-08-16,1,IS,quantile,0.5,0.17442096464605317
2026-08-19,ILI incidence,2026-08-16,1,IS,quantile,0.01,0.04940832117681409
2026-08-19,ILI incidence,2026-08-16,1,IS,quantile,0.1,0.0865537613777454
2026-08-19,ILI incidence,2026-08-16,1,IS,quantile,0.2,0.1103831216334458
2026-08-19,ILI incidence,2026-08-16,1,IS,quantile,0.25,0.12096443217515016
2026-08-19,ILI incidence,2026-08-16,1,IS,quantile,0.3,0.13139914800819386
2026-08-19,ILI incidence,2026-08-16,1,IS,quantile,0.35,0.1420575391156007
2026-08-19,ILI incidence,2026-08-16,1,IS,quantile,0.4,0.152387988666488
2026-08-19,ILI incidence,2026-08-16,1,IS,quantile,0.95,0.42767430645244414
2026-08-19,ILI incidence,2026-08-16,1,IS,quantile,0.975,0.4962084890300189
2026-08-19,ILI incidence,2026-08-16,1,IS,quantile,0.025,0.06000425788582216
2026-08-19,ILI incidence,2026-08-16,1,IS,quantile,0.55,0.18726776544655543
2026-08-19,ILI incidence,2026-08-16,1,IS,quantile,0.65,0.21490776243521817
2026-08-19,ILI incidence,2026-08-16,1,IS,quantile,0.7,0.23168333707944488
2026-08-19,ILI incidence,2026-08-16,1,IS,quantile,0.75,0.2510285131171661
2026-08-19,ILI incidence,2026-08-16,1,IS,quantile,0.8,0.2761802404427776
2026-08-19,ILI incidence,2026-08-16,1,IS,quantile,0.85,0.3079038559593731
2026-08-19,ILI incidence,2026-08-16,1,IS,quantile,0.9,0.35132107773216914
2026-08-19,ILI incidence,2026-08-16,1,IS,quantile,0.99,0.6137727653057822
2026-08-19,ILI incidence,2026-08-16,1,IS,quantile,0.05,0.0715091005736403
2026-08-19,ILI incidence,2026-08-16,1,IS,quantile,0.15,0.0988590623977558
2026-08-19,ILI incidence,2026-08-16,1,IS,quantile,0.6,0.20025388094602348
2026-08-19,ILI incidence,2026-08-16,1,IS,median,NA,0.17442096464605317
2026-08-19,ILI incidence,2026-08-30,3,IS,quantile,0.8,0.6740851496532816
2026-08-19,ILI incidence,2026-08-30,3,IS,quantile,0.75,0.589190648706059
2026-08-19,ILI incidence,2026-08-30,3,IS,quantile,0.7,0.5198590988253892
2026-08-19,ILI incidence,2026-08-30,3,IS,quantile,0.9,0.9849023819752208
2026-08-19,ILI incidence,2026-08-30,3,IS,quantile,0.85,0.7984948061299169
2026-08-19,ILI incidence,2026-08-30,3,IS,quantile,0.4,0.2695439513231266
2026-08-19,ILI incidence,2026-08-30,3,IS,quantile,0.95,1.3298409243944571
2026-08-19,ILI incidence,2026-08-30,3,IS,quantile,0.35,0.24019404167657063
2026-08-19,ILI incidence,2026-08-30,3,IS,quantile,0.45,0.2976359151329946
2026-08-19,ILI incidence,2026-08-30,3,IS,quantile,0.1,0.11612910728295464
2026-08-19,ILI incidence,2026-08-30,3,IS,quantile,0.025,0.06565903699137109
2026-08-19,ILI incidence,2026-08-30,3,IS,quantile,0.15,0.14044961779341786
2026-08-19,ILI incidence,2026-08-30,3,IS,quantile,0.2,0.16447971294851685
2026-08-19,ILI incidence,2026-08-30,3,IS,quantile,0.05,0.08748086498257353
2026-08-19,ILI incidence,2026-08-30,3,IS,quantile,0.01,0.048015813729191933
2026-08-19,ILI incidence,2026-08-30,3,IS,quantile,0.25,0.188679283978031
2026-08-19,ILI incidence,2026-08-30,3,IS,quantile,0.5,0.3323330488936599
2026-08-19,ILI incidence,2026-08-30,3,IS,quantile,0.3,0.21262996129875728
2026-08-19,ILI incidence,2026-08-30,3,IS,quantile,0.55,0.36919410468110914
2026-08-19,ILI incidence,2026-08-30,3,IS,quantile,0.6,0.4133490574944567
2026-08-19,ILI incidence,2026-08-30,3,IS,quantile,0.99,2.2216160809672325
2026-08-19,ILI incidence,2026-08-30,3,IS,quantile,0.65,0.46206597549994616
2026-08-19,ILI incidence,2026-08-30,3,IS,quantile,0.975,1.6928710649847012
2026-08-19,ILI incidence,2026-08-30,3,IS,median,NA,0.3323330488936599
2026-08-19,ILI incidence,2026-09-06,4,IS,quantile,0.99,3.2860432004998557
2026-08-19,ILI incidence,2026-09-06,4,IS,quantile,0.975,2.6142824068283046
2026-08-19,ILI incidence,2026-09-06,4,IS,quantile,0.9,1.6863563784930244
2026-08-19,ILI incidence,2026-09-06,4,IS,quantile,0.95,2.1233785990081557
2026-08-19,ILI incidence,2026-09-06,4,IS,quantile,0.85,1.4402224502072654
2026-08-19,ILI incidence,2026-09-06,4,IS,quantile,0.8,1.2797644122552008
2026-08-19,ILI incidence,2026-09-06,4,IS,quantile,0.55,0.811303394712286
2026-08-19,ILI incidence,2026-09-06,4,IS,quantile,0.75,1.1505987584819617
2026-08-19,ILI incidence,2026-09-06,4,IS,quantile,0.6,0.8809281090887198
2026-08-19,ILI incidence,2026-09-06,4,IS,quantile,0.5,0.7492424589736737
2026-08-19,ILI incidence,2026-09-06,4,IS,quantile,0.65,0.9543696305082504
2026-08-19,ILI incidence,2026-09-06,4,IS,quantile,0.7,1.0445713075685532
2026-08-19,ILI incidence,2026-09-06,4,IS,quantile,0.3,0.5345790120300238
2026-08-19,ILI incidence,2026-09-06,4,IS,quantile,0.45,0.6928605981594819
2026-08-19,ILI incidence,2026-09-06,4,IS,quantile,0.2,0.43879799153892673
2026-08-19,ILI incidence,2026-09-06,4,IS,quantile,0.35,0.5838630048586789
2026-08-19,ILI incidence,2026-09-06,4,IS,quantile,0.01,0.1732275608354346
2026-08-19,ILI incidence,2026-09-06,4,IS,quantile,0.4,0.638052366263096
2026-08-19,ILI incidence,2026-09-06,4,IS,quantile,0.025,0.21490281211448764
2026-08-19,ILI incidence,2026-09-06,4,IS,quantile,0.05,0.26324920018678666
2026-08-19,ILI incidence,2026-09-06,4,IS,quantile,0.1,0.33430302008607404
2026-08-19,ILI incidence,2026-09-06,4,IS,quantile,0.25,0.48677017325766175
2026-08-19,ILI incidence,2026-09-06,4,IS,quantile,0.15,0.386814000135172
2026-08-19,ILI incidence,2026-09-06,4,IS,median,NA,0.7492424589736737
2026-08-19,ILI incidence,2026-08-16,1,LT,quantile,0.45,1.3590233409884631
2026-08-19,ILI incidence,2026-08-16,1,LT,quantile,0.4,1.317508029126112
2026-08-19,ILI incidence,2026-08-16,1,LT,quantile,0.5,1.396081744284796
2026-08-19,ILI incidence,2026-08-16,1,LT,quantile,0.55,1.4343647086098543
2026-08-19,ILI incidence,2026-08-16,1,LT,quantile,0.99,2.3863802783257424
2026-08-19,ILI incidence,2026-08-16,1,LT,quantile,0.975,2.1938402787169036
2026-08-19,ILI incidence,2026-08-16,1,LT,quantile,0.9,1.8620391367850533
2026-08-19,ILI incidence,2026-08-16,1,LT,quantile,0.95,2.0295144695858855
2026-08-19,ILI incidence,2026-08-16,1,LT,quantile,0.8,1.68922667981802
2026-08-19,ILI incidence,2026-08-16,1,LT,quantile,0.85,1.762702451383217
2026-08-19,ILI incidence,2026-08-16,1,LT,quantile,0.6,1.4757399353339458
2026-08-19,ILI incidence,2026-08-16,1,LT,quantile,0.65,1.5229771361946596
2026-08-19,ILI incidence,2026-08-16,1,LT,quantile,0.75,1.6252881174635594
2026-08-19,ILI incidence,2026-08-16,1,LT,quantile,0.15,1.101576912000165
2026-08-19,ILI incidence,2026-08-16,1,LT,quantile,0.35,1.2794030103326763
2026-08-19,ILI incidence,2026-08-16,1,LT,quantile,0.7,1.5708297832217768
2026-08-19,ILI incidence,2026-08-16,1,LT,quantile,0.3,1.2370597110471069
2026-08-19,ILI incidence,2026-08-16,1,LT,quantile,0.25,1.1956363141802318
2026-08-19,ILI incidence,2026-08-16,1,LT,quantile,0.05,0.956620010063716
2026-08-19,ILI incidence,2026-08-16,1,LT,quantile,0.025,0.8974953104573515
2026-08-19,ILI incidence,2026-08-16,1,LT,quantile,0.2,1.15121611677148
2026-08-19,ILI incidence,2026-08-16,1,LT,quantile,0.1,1.0429241543047347
2026-08-19,ILI incidence,2026-08-16,1,LT,quantile,0.01,0.8348776759847438
2026-08-19,ILI incidence,2026-08-16,1,LT,median,NA,1.396081744284796
2026-08-19,ILI incidence,2026-08-23,2,LT,quantile,0.6,1.1687670116177464
2026-08-19,ILI incidence,2026-08-23,2,LT,quantile,0.5,1.1340007033837
2026-08-19,ILI incidence,2026-08-23,2,LT,quantile,0.55,1.150349078469174
2026-08-19,ILI incidence,2026-08-23,2,LT,quantile,0.45,1.118088880680672
2026-08-19,ILI incidence,2026-08-23,2,LT,quantile,0.7,1.205142653479105
2026-08-19,ILI incidence,2026-08-23,2,LT,quantile,0.65,1.1862790841813535
2026-08-19,ILI incidence,2026-08-23,2,LT,quantile,0.75,1.2262051647012415
2026-08-19,ILI incidence,2026-08-23,2,LT,quantile,0.4,1.1014326305628728
2026-08-19,ILI incidence,2026-08-23,2,LT,quantile,0.8,1.2526114079198574
2026-08-19,ILI incidence,2026-08-23,2,LT,quantile,0.85,1.282453877382308
2026-08-19,ILI incidence,2026-08-23,2,LT,quantile,0.9,1.320557343928638
2026-08-19,ILI incidence,2026-08-23,2,LT,quantile,0.35,1.084149057040512
2026-08-19,ILI incidence,2026-08-23,2,LT,quantile,0.975,1.4319551938229391
2026-08-19,ILI incidence,2026-08-23,2,LT,quantile,0.99,1.4907087412900777
2026-08-19,ILI incidence,2026-08-23,2,LT,quantile,0.95,1.3805196302882508
2026-08-19,ILI incidence,2026-08-23,2,LT,quantile,0.025,0.9032144726206331
2026-08-19,ILI incidence,2026-08-23,2,LT,quantile,0.2,1.0278312027347356
2026-08-19,ILI incidence,2026-08-23,2,LT,quantile,0.15,1.0059741668760949
2026-08-19,ILI incidence,2026-08-23,2,LT,quantile,0.05,0.937203660364888
2026-08-19,ILI incidence,2026-08-23,2,LT,quantile,0.25,1.0479267071526952
2026-08-19,ILI incidence,2026-08-23,2,LT,quantile,0.3,1.066643003349796
2026-08-19,ILI incidence,2026-08-23,2,LT,quantile,0.01,0.8622891457467514
2026-08-19,ILI incidence,2026-08-23,2,LT,quantile,0.1,0.9780135584611284
2026-08-19,ILI incidence,2026-08-23,2,LT,median,NA,1.1340007033837
2026-08-19,ILI incidence,2026-08-30,3,LT,quantile,0.01,0.4918481393837037
2026-08-19,ILI incidence,2026-08-30,3,LT,quantile,0.025,0.6199447918886654
2026-08-19,ILI incidence,2026-08-30,3,LT,quantile,0.35,1.6119959626880842
2026-08-19,ILI incidence,2026-08-30,3,LT,quantile,0.4,1.737876347527704
2026-08-19,ILI incidence,2026-08-30,3,LT,quantile,0.1,0.9252641049515312
2026-08-19,ILI incidence,2026-08-30,3,LT,quantile,0.45,1.875780890212401
2026-08-19,ILI incidence,2026-08-30,3,LT,quantile,0.7,2.76079254921135
2026-08-19,ILI incidence,2026-08-30,3,LT,quantile,0.05,0.7492435814033312
2026-08-19,ILI incidence,2026-08-30,3,LT,quantile,0.75,3.030808692942247
2026-08-19,ILI incidence,2026-08-30,3,LT,quantile,0.5,2.020227916427131
2026-08-19,ILI incidence,2026-08-30,3,LT,quantile,0.55,2.1812889757549647
2026-08-19,ILI incidence,2026-08-30,3,LT,quantile,0.8,3.3571947610392927
2026-08-19,ILI incidence,2026-08-30,3,LT,quantile,0.65,2.554955243627462
2026-08-19,ILI incidence,2026-08-30,3,LT,quantile,0.6,2.369401654500958
2026-08-19,ILI incidence,2026-08-30,3,LT,quantile,0.85,3.7648089640422913
2026-08-19,ILI incidence,2026-08-30,3,LT,quantile,0.15,1.0773574358022535
2026-08-19,ILI incidence,2026-08-30,3,LT,quantile,0.3,1.4739060033196365
2026-08-19,ILI incidence,2026-08-30,3,LT,quantile,0.2,1.208974881600738
2026-08-19,ILI incidence,2026-08-30,3,LT,quantile,0.25,1.3448224313727817
2026-08-19,ILI incidence,2026-08-30,3,LT,quantile,0.9,4.36300052278304
2026-08-19,ILI incidence,2026-08-30,3,LT,quantile,0.95,5.401882518597518
2026-08-19,ILI incidence,2026-08-30,3,LT,quantile,0.975,6.580459405426023
2026-08-19,ILI incidence,2026-08-30,3,LT,quantile,0.99,8.270394969601401
2026-08-19,ILI incidence,2026-08-30,3,LT,median,NA,2.020227916427131
2026-08-19,ILI incidence,2026-09-06,4,LT,quantile,0.75,4.878888095880258
2026-08-19,ILI incidence,2026-09-06,4,LT,quantile,0.99,22.26848120391413
2026-08-19,ILI incidence,2026-09-06,4,LT,quantile,0.975,15.970059993770946
2026-08-19,ILI incidence,2026-09-06,4,LT,quantile,0.6,3.2886027997642655
2026-08-19,ILI incidence,2026-09-06,4,LT,quantile,0.95,12.241876427102458
2026-08-19,ILI incidence,2026-09-06,4,LT,quantile,0.55,2.9113557716568814
2026-08-19,ILI incidence,2026-09-06,4,LT,quantile,0.9,8.613264748556642
2026-08-19,ILI incidence,2026-09-06,4,LT,quantile,0.45,2.314142632237128
2026-08-19,ILI incidence,2026-09-06,4,LT,quantile,0.65,3.72770393993893
2026-08-19,ILI incidence,2026-09-06,4,LT,quantile,0.5,2.5906307693761157
2026-08-19,ILI incidence,2026-09-06,4,LT,quantile,0.8,5.739678884522839
2026-08-19,ILI incidence,2026-09-06,4,LT,quantile,0.85,6.863117787650209
2026-08-19,ILI incidence,2026-09-06,4,LT,quantile,0.15,0.972699124933657
2026-08-19,ILI incidence,2026-09-06,4,LT,quantile,0.1,0.7740464500839794
2026-08-19,ILI incidence,2026-09-06,4,LT,quantile,0.2,1.1709759578252017
2026-08-19,ILI incidence,2026-09-06,4,LT,quantile,0.7,4.28625894780055
2026-08-19,ILI incidence,2026-09-06,4,LT,quantile,0.4,2.06100276086954
2026-08-19,ILI incidence,2026-09-06,4,LT,quantile,0.25,1.3851183458201608
2026-08-19,ILI incidence,2026-09-06,4,LT,quantile,0.35,1.8183815491965407
2026-08-19,ILI incidence,2026-09-06,4,LT,quantile,0.3,1.5942887845369038
2026-08-19,ILI incidence,2026-09-06,4,LT,quantile,0.05,0.5437666393230184
2026-08-19,ILI incidence,2026-09-06,4,LT,quantile,0.025,0.41207677185989455
2026-08-19,ILI incidence,2026-09-06,4,LT,quantile,0.01,0.2705585917178712
2026-08-19,ILI incidence,2026-09-06,4,LT,median,NA,2.5906307693761157
2026-08-19,ILI incidence,2026-08-16,1,LU,quantile,0.8,0.00174943061161084
2026-08-19,ILI incidence,2026-08-16,1,LU,quantile,0.99,0.00431156953117286
2026-08-19,ILI incidence,2026-08-16,1,LU,quantile,0.975,0.00339353582896981
2026-08-19,ILI incidence,2026-08-16,1,LU,quantile,0.95,0.00282851797614378
2026-08-19,ILI incidence,2026-08-16,1,LU,quantile,0.9,0.00229378098560752
2026-08-19,ILI incidence,2026-08-16,1,LU,quantile,0.85,0.00199766351795719
2026-08-19,ILI incidence,2026-08-16,1,LU,quantile,0.6,0.00123029276403848
2026-08-19,ILI incidence,2026-08-16,1,LU,quantile,0.75,0.00158554158894647
2026-08-19,ILI incidence,2026-08-16,1,LU,quantile,0.35,8.281490257881527e-4
2026-08-19,ILI incidence,2026-08-16,1,LU,quantile,0.4,9.029991505109816e-4
2026-08-19,ILI incidence,2026-08-16,1,LU,quantile,0.5,0.00104880276365232
2026-08-19,ILI incidence,2026-08-16,1,LU,quantile,0.45,9.743174761534114e-4
2026-08-19,ILI incidence,2026-08-16,1,LU,quantile,0.65,0.00133140166875019
2026-08-19,ILI incidence,2026-08-16,1,LU,quantile,0.55,0.00113391733243605
2026-08-19,ILI incidence,2026-08-16,1,LU,quantile,0.7,0.00145253287397583
2026-08-19,ILI incidence,2026-08-16,1,LU,quantile,0.3,7.630546259427395e-4
2026-08-19,ILI incidence,2026-08-16,1,LU,quantile,0.1,4.810439707351998e-4
2026-08-19,ILI incidence,2026-08-16,1,LU,quantile,0.15,5.616969368830097e-4
2026-08-19,ILI incidence,2026-08-16,1,LU,quantile,0.2,6.326832649082622e-4
2026-08-19,ILI incidence,2026-08-16,1,LU,quantile,0.05,3.8310747328154594e-4
2026-08-19,ILI incidence,2026-08-16,1,LU,quantile,0.25,6.963693266662568e-4
2026-08-19,ILI incidence,2026-08-16,1,LU,quantile,0.025,3.074042135815417e-4
2026-08-19,ILI incidence,2026-08-16,1,LU,quantile,0.01,2.508314535220589e-4
2026-08-19,ILI incidence,2026-08-16,1,LU,median,NA,0.00104880276365232
2026-08-19,ILI incidence,2026-08-23,2,LU,quantile,0.4,0.00100440921967737
2026-08-19,ILI incidence,2026-08-23,2,LU,quantile,0.55,0.00123515019292536
2026-08-19,ILI incidence,2026-08-23,2,LU,quantile,0.6,0.00131907024051825
2026-08-19,ILI incidence,2026-08-23,2,LU,quantile,0.45,0.0010761519428362
2026-08-19,ILI incidence,2026-08-23,2,LU,quantile,0.25,8.075429419466977e-4
2026-08-19,ILI incidence,2026-08-23,2,LU,quantile,0.3,8.73468571629743e-4
2026-08-19,ILI incidence,2026-08-23,2,LU,quantile,0.65,0.00141230510230279
2026-08-19,ILI incidence,2026-08-23,2,LU,quantile,0.2,7.422619250882379e-4
2026-08-19,ILI incidence,2026-08-23,2,LU,quantile,0.35,9.376098973173536e-4
2026-08-19,ILI incidence,2026-08-23,2,LU,quantile,0.5,0.00115214421928595
2026-08-19,ILI incidence,2026-08-23,2,LU,quantile,0.7,0.00151832128928921
2026-08-19,ILI incidence,2026-08-23,2,LU,quantile,0.05,4.8577047944709873e-4
2026-08-19,ILI incidence,2026-08-23,2,LU,quantile,0.1,5.884229915195283e-4
2026-08-19,ILI incidence,2026-08-23,2,LU,quantile,0.85,0.00200102429358303
2026-08-19,ILI incidence,2026-08-23,2,LU,quantile,0.15,6.712787669958469e-4
2026-08-19,ILI incidence,2026-08-23,2,LU,quantile,0.75,0.0016510351204352
2026-08-19,ILI incidence,2026-08-23,2,LU,quantile,0.8,0.001802641739647
2026-08-19,ILI incidence,2026-08-23,2,LU,quantile,0.025,4.1310585605213986e-4
2026-08-19,ILI incidence,2026-08-23,2,LU,quantile,0.01,3.408098181864143e-4
2026-08-19,ILI incidence,2026-08-23,2,LU,quantile,0.9,0.00226658355071499
2026-08-19,ILI incidence,2026-08-23,2,LU,quantile,0.99,0.00401987284172752
2026-08-19,ILI incidence,2026-08-23,2,LU,quantile,0.975,0.00320737605605953
2026-08-19,ILI incidence,2026-08-23,2,LU,quantile,0.95,0.00268295641624077
2026-08-19,ILI incidence,2026-08-23,2,LU,median,NA,0.00115214421928595
2026-08-19,ILI incidence,2026-08-30,3,LU,quantile,0.1,3.825020847598967e-4
2026-08-19,ILI incidence,2026-08-30,3,LU,quantile,0.15,4.383385992763519e-4
2026-08-19,ILI incidence,2026-08-30,3,LU,quantile,0.2,4.898473287189355e-4
2026-08-19,ILI incidence,2026-08-30,3,LU,quantile,0.25,5.420222610861095e-4
2026-08-19,ILI incidence,2026-08-30,3,LU,quantile,0.01,2.06807264274854e-4
2026-08-19,ILI incidence,2026-08-30,3,LU,quantile,0.025,2.5671128529415263e-4
2026-08-19,ILI incidence,2026-08-30,3,LU,quantile,0.05,3.063579712320581e-4
2026-08-19,ILI incidence,2026-08-30,3,LU,quantile,0.85,0.0014888133019762
2026-08-19,ILI incidence,2026-08-30,3,LU,quantile,0.8,0.00132241567400542
2026-08-19,ILI incidence,2026-08-30,3,LU,quantile,0.65,0.00101446016479885
2026-08-19,ILI incidence,2026-08-30,3,LU,quantile,0.9,0.00170716038067527
2026-08-19,ILI incidence,2026-08-30,3,LU,quantile,0.95,0.00213188347259616
2026-08-19,ILI incidence,2026-08-30,3,LU,quantile,0.45,7.521604667792128e-4
2026-08-19,ILI incidence,2026-08-30,3,LU,quantile,0.5,8.094438736496172e-4
2026-08-19,ILI incidence,2026-08-30,3,LU,quantile,0.75,0.00119844373736765
2026-08-19,ILI incidence,2026-08-30,3,LU,quantile,0.4,6.96312341564656e-4
2026-08-19,ILI incidence,2026-08-30,3,LU,quantile,0.35,6.440121101138565e-4
2026-08-19,ILI incidence,2026-08-30,3,LU,quantile,0.6,9.357807368718158e-4
2026-08-19,ILI incidence,2026-08-30,3,LU,quantile,0.3,5.963152982576137e-4
2026-08-19,ILI incidence,2026-08-30,3,LU,quantile,0.55,8.691312308572471e-4
2026-08-19,ILI incidence,2026-08-30,3,LU,quantile,0.7,0.00109586839171122
2026-08-19,ILI incidence,2026-08-30,3,LU,quantile,0.975,0.00253771740846596
2026-08-19,ILI incidence,2026-08-30,3,LU,quantile,0.99,0.0031144480894605
2026-08-19,ILI incidence,2026-08-30,3,LU,median,NA,8.094438736496172e-4
2026-08-19,ILI incidence,2026-09-06,4,LU,quantile,0.1,5.039992535228434e-4
2026-08-19,ILI incidence,2026-09-06,4,LU,quantile,0.2,6.197415419521503e-4
2026-08-19,ILI incidence,2026-09-06,4,LU,quantile,0.15,5.65345567131174e-4
2026-08-19,ILI incidence,2026-09-06,4,LU,quantile,0.05,4.232380783071345e-4
2026-08-19,ILI incidence,2026-09-06,4,LU,quantile,0.01,3.1462624146803804e-4
2026-08-19,ILI incidence,2026-09-06,4,LU,quantile,0.025,3.693430546749092e-4
2026-08-19,ILI incidence,2026-09-06,4,LU,quantile,0.25,6.698511770561358e-4
2026-08-19,ILI incidence,2026-09-06,4,LU,quantile,0.35,7.60857538799602e-4
2026-08-19,ILI incidence,2026-09-06,4,LU,quantile,0.3,7.162571857416364e-4
2026-08-19,ILI incidence,2026-09-06,4,LU,quantile,0.5,9.19720532127939e-4
2026-08-19,ILI incidence,2026-09-06,4,LU,quantile,0.55,9.733040886832488e-4
2026-08-19,ILI incidence,2026-09-06,4,LU,quantile,0.4,8.098264627561808e-4
2026-08-19,ILI incidence,2026-09-06,4,LU,quantile,0.6,0.00103300312812671
2026-08-19,ILI incidence,2026-09-06,4,LU,quantile,0.45,8.619577914987955e-4
2026-08-19,ILI incidence,2026-09-06,4,LU,quantile,0.95,0.00200916541172986
2026-08-19,ILI incidence,2026-09-06,4,LU,quantile,0.975,0.00231675328169668
2026-08-19,ILI incidence,2026-09-06,4,LU,quantile,0.99,0.00276655130954628
2026-08-19,ILI incidence,2026-09-06,4,LU,quantile,0.65,0.00110045732875453
2026-08-19,ILI incidence,2026-09-06,4,LU,quantile,0.85,0.00151842932175281
2026-08-19,ILI incidence,2026-09-06,4,LU,quantile,0.9,0.00169068276277258
2026-08-19,ILI incidence,2026-09-06,4,LU,quantile,0.8,0.00138578260027169
2026-08-19,ILI incidence,2026-09-06,4,LU,quantile,0.75,0.0012702584317592
2026-08-19,ILI incidence,2026-09-06,4,LU,quantile,0.7,0.0011782100372139
2026-08-19,ILI incidence,2026-09-06,4,LU,median,NA,9.19720532127939e-4
2026-08-19,ILI incidence,2026-08-16,1,MT,quantile,0.99,13042.946949889762
2026-08-19,ILI incidence,2026-08-16,1,MT,quantile,0.975,10284.529950317525
2026-08-19,ILI incidence,2026-08-16,1,MT,quantile,0.75,4865.61332825138
2026-08-19,ILI incidence,2026-08-16,1,MT,quantile,0.9,6902.243727815247
2026-08-19,ILI incidence,2026-08-16,1,MT,quantile,0.35,2630.7502242930477
2026-08-19,ILI incidence,2026-08-16,1,MT,quantile,0.3,2415.4332097674433
2026-08-19,ILI incidence,2026-08-16,1,MT,quantile,0.95,8535.300651352192
2026-08-19,ILI incidence,2026-08-16,1,MT,quantile,0.25,2221.0136572338197
2026-08-19,ILI incidence,2026-08-16,1,MT,quantile,0.4,2844.047205256721
2026-08-19,ILI incidence,2026-08-16,1,MT,quantile,0.45,3063.3618847795847
2026-08-19,ILI incidence,2026-08-16,1,MT,quantile,0.7,4461.252439731574
2026-08-19,ILI incidence,2026-08-16,1,MT,quantile,0.65,4098.147371062895
2026-08-19,ILI incidence,2026-08-16,1,MT,quantile,0.8,5380.914587731459
2026-08-19,ILI incidence,2026-08-16,1,MT,quantile,0.85,5991.754096679095
2026-08-19,ILI incidence,2026-08-16,1,MT,quantile,0.05,1287.3749383070876
2026-08-19,ILI incidence,2026-08-16,1,MT,quantile,0.025,1064.9609385143951
2026-08-19,ILI incidence,2026-08-16,1,MT,quantile,0.1,1574.2863170172795
2026-08-19,ILI incidence,2026-08-16,1,MT,quantile,0.15,1815.465159518973
2026-08-19,ILI incidence,2026-08-16,1,MT,quantile,0.2,2012.8980582287895
2026-08-19,ILI incidence,2026-08-16,1,MT,quantile,0.55,3528.1491884794523
2026-08-19,ILI incidence,2026-08-16,1,MT,quantile,0.6,3780.54793650338
2026-08-19,ILI incidence,2026-08-16,1,MT,quantile,0.5,3288.7105464438027
2026-08-19,ILI incidence,2026-08-16,1,MT,quantile,0.01,855.5302398875547
2026-08-19,ILI incidence,2026-08-16,1,MT,median,NA,3288.7105464438027
2026-08-19,ILI incidence,2026-08-23,2,MT,quantile,0.05,1773.1259480615256
2026-08-19,ILI incidence,2026-08-23,2,MT,quantile,0.025,1526.6181718983933
2026-08-19,ILI incidence,2026-08-23,2,MT,quantile,0.01,1273.9197262198463
2026-08-19,ILI incidence,2026-08-23,2,MT,quantile,0.1,2095.489227627477
2026-08-19,ILI incidence,2026-08-23,2,MT,quantile,0.15,2346.8277679642106
2026-08-19,ILI incidence,2026-08-23,2,MT,quantile,0.75,5348.809004800595
2026-08-19,ILI incidence,2026-08-23,2,MT,quantile,0.975,9661.832532625507
2026-08-19,ILI incidence,2026-08-23,2,MT,quantile,0.99,11514.4349617379
2026-08-19,ILI incidence,2026-08-23,2,MT,quantile,0.8,5796.053787445515
2026-08-19,ILI incidence,2026-08-23,2,MT,quantile,0.95,8362.116268293814
2026-08-19,ILI incidence,2026-08-23,2,MT,quantile,0.35,3192.675778333574
2026-08-19,ILI incidence,2026-08-23,2,MT,quantile,0.4,3406.797952670483
2026-08-19,ILI incidence,2026-08-23,2,MT,quantile,0.45,3631.174499725196
2026-08-19,ILI incidence,2026-08-23,2,MT,quantile,0.2,2581.627459070069
2026-08-19,ILI incidence,2026-08-23,2,MT,quantile,0.3,3012.132055845362
2026-08-19,ILI incidence,2026-08-23,2,MT,quantile,0.25,2791.058232800457
2026-08-19,ILI incidence,2026-08-23,2,MT,quantile,0.85,6312.480331961235
2026-08-19,ILI incidence,2026-08-23,2,MT,quantile,0.9,7096.336199973821
2026-08-19,ILI incidence,2026-08-23,2,MT,quantile,0.5,3848.393634108024
2026-08-19,ILI incidence,2026-08-23,2,MT,quantile,0.55,4088.402892637815
2026-08-19,ILI incidence,2026-08-23,2,MT,quantile,0.7,4961.484016155503
2026-08-19,ILI incidence,2026-08-23,2,MT,quantile,0.6,4363.708601433891
2026-08-19,ILI incidence,2026-08-23,2,MT,quantile,0.65,4643.079502893497
2026-08-19,ILI incidence,2026-08-23,2,MT,median,NA,3848.393634108024
2026-08-19,ILI incidence,2026-08-30,3,MT,quantile,0.975,10820.849897356024
2026-08-19,ILI incidence,2026-08-30,3,MT,quantile,0.95,8981.104601975569
2026-08-19,ILI incidence,2026-08-30,3,MT,quantile,0.75,5240.140797643961
2026-08-19,ILI incidence,2026-08-30,3,MT,quantile,0.99,12972.302265978631
2026-08-19,ILI incidence,2026-08-30,3,MT,quantile,0.65,4510.879939170474
2026-08-19,ILI incidence,2026-08-30,3,MT,quantile,0.7,4887.361773444868
2026-08-19,ILI incidence,2026-08-30,3,MT,quantile,0.9,7341.694559047189
2026-08-19,ILI incidence,2026-08-30,3,MT,quantile,0.6,4191.760005579381
2026-08-19,ILI incidence,2026-08-30,3,MT,quantile,0.55,3913.7890581737
2026-08-19,ILI incidence,2026-08-30,3,MT,quantile,0.85,6438.597425369371
2026-08-19,ILI incidence,2026-08-30,3,MT,quantile,0.5,3650.4535826655183
2026-08-19,ILI incidence,2026-08-30,3,MT,quantile,0.8,5755.798057224917
2026-08-19,ILI incidence,2026-08-30,3,MT,quantile,0.2,2234.5273633418906
2026-08-19,ILI incidence,2026-08-30,3,MT,quantile,0.3,2698.232950366228
2026-08-19,ILI incidence,2026-08-30,3,MT,quantile,0.25,2467.4785769607497
2026-08-19,ILI incidence,2026-08-30,3,MT,quantile,0.1,1736.4511563077265
2026-08-19,ILI incidence,2026-08-30,3,MT,quantile,0.15,2017.4695554024825
2026-08-19,ILI incidence,2026-08-30,3,MT,quantile,0.05,1412.6601357205668
2026-08-19,ILI incidence,2026-08-30,3,MT,quantile,0.35,2918.3885964012006
2026-08-19,ILI incidence,2026-08-30,3,MT,quantile,0.45,3400.1831211057256
2026-08-19,ILI incidence,2026-08-30,3,MT,quantile,0.4,3151.02240832415
2026-08-19,ILI incidence,2026-08-30,3,MT,quantile,0.025,1182.4074926870464
2026-08-19,ILI incidence,2026-08-30,3,MT,quantile,0.01,967.2413436011489
2026-08-19,ILI incidence,2026-08-30,3,MT,median,NA,3650.4535826655183
2026-08-19,ILI incidence,2026-09-06,4,MT,quantile,0.99,11824.009589805491
2026-08-19,ILI incidence,2026-09-06,4,MT,quantile,0.025,1555.9940262542336
2026-08-19,ILI incidence,2026-09-06,4,MT,quantile,0.05,1796.2703015589352
2026-08-19,ILI incidence,2026-09-06,4,MT,quantile,0.9,7246.204669933037
2026-08-19,ILI incidence,2026-09-06,4,MT,quantile,0.15,2391.893029127803
2026-08-19,ILI incidence,2026-09-06,4,MT,quantile,0.01,1303.8347965109676
2026-08-19,ILI incidence,2026-09-06,4,MT,quantile,0.1,2139.1286833319487
2026-08-19,ILI incidence,2026-09-06,4,MT,quantile,0.95,8589.239339891585
2026-08-19,ILI incidence,2026-09-06,4,MT,quantile,0.25,2851.514483748807
2026-08-19,ILI incidence,2026-09-06,4,MT,quantile,0.3,3067.7107993695327
2026-08-19,ILI incidence,2026-09-06,4,MT,quantile,0.975,10080.789650715762
2026-08-19,ILI incidence,2026-09-06,4,MT,quantile,0.2,2632.4986250252705
2026-08-19,ILI incidence,2026-09-06,4,MT,quantile,0.8,5912.144824777894
2026-08-19,ILI incidence,2026-09-06,4,MT,quantile,0.85,6476.974046453928
2026-08-19,ILI incidence,2026-09-06,4,MT,quantile,0.7,5058.5829530744695
2026-08-19,ILI incidence,2026-09-06,4,MT,quantile,0.75,5446.845132962092
2026-08-19,ILI incidence,2026-09-06,4,MT,quantile,0.55,4175.530193616466
2026-08-19,ILI incidence,2026-09-06,4,MT,quantile,0.4,3474.017118559756
2026-08-19,ILI incidence,2026-09-06,4,MT,quantile,0.5,3928.1028016707105
2026-08-19,ILI incidence,2026-09-06,4,MT,quantile,0.65,4726.349465343235
2026-08-19,ILI incidence,2026-09-06,4,MT,quantile,0.45,3694.9969490343738
2026-08-19,ILI incidence,2026-09-06,4,MT,quantile,0.35,3275.909459852639
2026-08-19,ILI incidence,2026-09-06,4,MT,quantile,0.6,4426.8983315130645
2026-08-19,ILI incidence,2026-09-06,4,MT,median,NA,3928.1028016707105
2026-08-19,ILI incidence,2026-08-16,1,NO,quantile,0.01,2.208304398514046
2026-08-19,ILI incidence,2026-08-16,1,NO,quantile,0.025,2.6006562147870116
2026-08-19,ILI incidence,2026-08-16,1,NO,quantile,0.05,2.948226558945024
2026-08-19,ILI incidence,2026-08-16,1,NO,quantile,0.99,16.740248379247383
2026-08-19,ILI incidence,2026-08-16,1,NO,quantile,0.1,3.51147397409206
2026-08-19,ILI incidence,2026-08-16,1,NO,quantile,0.15,3.885891505386599
2026-08-19,ILI incidence,2026-08-16,1,NO,quantile,0.75,8.150131761314942
2026-08-19,ILI incidence,2026-08-16,1,NO,quantile,0.55,6.410812904918982
2026-08-19,ILI incidence,2026-08-16,1,NO,quantile,0.6,6.784253174141147
2026-08-19,ILI incidence,2026-08-16,1,NO,quantile,0.2,4.222143679074596
2026-08-19,ILI incidence,2026-08-16,1,NO,quantile,0.5,6.0626239002477735
2026-08-19,ILI incidence,2026-08-16,1,NO,quantile,0.4,5.417965904662124
2026-08-19,ILI incidence,2026-08-16,1,NO,quantile,0.8,8.73726902048095
2026-08-19,ILI incidence,2026-08-16,1,NO,quantile,0.45,5.742493846544416
2026-08-19,ILI incidence,2026-08-16,1,NO,quantile,0.25,4.513352469673777
2026-08-19,ILI incidence,2026-08-16,1,NO,quantile,0.3,4.816955724870377
2026-08-19,ILI incidence,2026-08-16,1,NO,quantile,0.35,5.1119498018950615
2026-08-19,ILI incidence,2026-08-16,1,NO,quantile,0.65,7.1861394608509706
2026-08-19,ILI incidence,2026-08-16,1,NO,quantile,0.85,9.496914306639724
2026-08-19,ILI incidence,2026-08-16,1,NO,quantile,0.9,10.594402056249862
2026-08-19,ILI incidence,2026-08-16,1,NO,quantile,0.95,12.27191050049722
2026-08-19,ILI incidence,2026-08-16,1,NO,quantile,0.975,14.237350140179377
2026-08-19,ILI incidence,2026-08-16,1,NO,quantile,0.7,7.661915856895106
2026-08-19,ILI incidence,2026-08-16,1,NO,median,NA,6.0626239002477735
2026-08-19,ILI incidence,2026-08-23,2,NO,quantile,0.025,4.902835896551053
2026-08-19,ILI incidence,2026-08-23,2,NO,quantile,0.05,5.314061419674509
2026-08-19,ILI incidence,2026-08-23,2,NO,quantile,0.1,5.808298627000638
2026-08-19,ILI incidence,2026-08-23,2,NO,quantile,0.15,6.167144923976943
2026-08-19,ILI incidence,2026-08-23,2,NO,quantile,0.01,4.492319473729934
2026-08-19,ILI incidence,2026-08-23,2,NO,quantile,0.2,6.478270393198351
2026-08-19,ILI incidence,2026-08-23,2,NO,quantile,0.25,6.733090423573601
2026-08-19,ILI incidence,2026-08-23,2,NO,quantile,0.3,6.959049068088717
2026-08-19,ILI incidence,2026-08-23,2,NO,quantile,0.45,7.663574833264306
2026-08-19,ILI incidence,2026-08-23,2,NO,quantile,0.55,8.139113384927152
2026-08-19,ILI incidence,2026-08-23,2,NO,quantile,0.4,7.44112220922729
2026-08-19,ILI incidence,2026-08-23,2,NO,quantile,0.35,7.205143723844472
2026-08-19,ILI incidence,2026-08-23,2,NO,quantile,0.5,7.904684969123476
2026-08-19,ILI incidence,2026-08-23,2,NO,quantile,0.6,8.38661265418133
2026-08-19,ILI incidence,2026-08-23,2,NO,quantile,0.9,10.853531948185458
2026-08-19,ILI incidence,2026-08-23,2,NO,quantile,0.65,8.676485451670718
2026-08-19,ILI incidence,2026-08-23,2,NO,quantile,0.95,11.798317487562713
2026-08-19,ILI incidence,2026-08-23,2,NO,quantile,0.7,8.975912263857698
2026-08-19,ILI incidence,2026-08-23,2,NO,quantile,0.8,9.695163464981574
2026-08-19,ILI incidence,2026-08-23,2,NO,quantile,0.975,12.798909822683566
2026-08-19,ILI incidence,2026-08-23,2,NO,quantile,0.99,14.052744218582577
2026-08-19,ILI incidence,2026-08-23,2,NO,quantile,0.85,10.211764608229783
2026-08-19,ILI incidence,2026-08-23,2,NO,quantile,0.75,9.300295107477972
2026-08-19,ILI incidence,2026-08-23,2,NO,median,NA,7.904684969123476
2026-08-19,ILI incidence,2026-08-30,3,NO,quantile,0.99,13.900348361480509
2026-08-19,ILI incidence,2026-08-30,3,NO,quantile,0.15,4.321073005454301
2026-08-19,ILI incidence,2026-08-30,3,NO,quantile,0.85,8.858551645386532
2026-08-19,ILI incidence,2026-08-30,3,NO,quantile,0.9,9.639203767826071
2026-08-19,ILI incidence,2026-08-30,3,NO,quantile,0.2,4.603437264595222
2026-08-19,ILI incidence,2026-08-30,3,NO,quantile,0.975,12.232061511689473
2026-08-19,ILI incidence,2026-08-30,3,NO,quantile,0.7,7.427482173317602
2026-08-19,ILI incidence,2026-08-30,3,NO,quantile,0.65,7.110311724037012
2026-08-19,ILI incidence,2026-08-30,3,NO,quantile,0.75,7.828876754067178
2026-08-19,ILI incidence,2026-08-30,3,NO,quantile,0.25,4.884977068427608
2026-08-19,ILI incidence,2026-08-30,3,NO,quantile,0.8,8.281240197955253
2026-08-19,ILI incidence,2026-08-30,3,NO,quantile,0.95,10.904076938656672
2026-08-19,ILI incidence,2026-08-30,3,NO,quantile,0.3,5.16613867727062
2026-08-19,ILI incidence,2026-08-30,3,NO,quantile,0.35,5.407700518920766
2026-08-19,ILI incidence,2026-08-30,3,NO,quantile,0.45,5.941936901831806
2026-08-19,ILI incidence,2026-08-30,3,NO,quantile,0.4,5.673902336506854
2026-08-19,ILI incidence,2026-08-30,3,NO,quantile,0.1,3.977081777397481
2026-08-19,ILI incidence,2026-08-30,3,NO,quantile,0.6,6.771922384456267
2026-08-19,ILI incidence,2026-08-30,3,NO,quantile,0.5,6.222594311660858
2026-08-19,ILI incidence,2026-08-30,3,NO,quantile,0.55,6.494538079305977
2026-08-19,ILI incidence,2026-08-30,3,NO,quantile,0.05,3.4837781744252925
2026-08-19,ILI incidence,2026-08-30,3,NO,quantile,0.01,2.798784888061338
2026-08-19,ILI incidence,2026-08-30,3,NO,quantile,0.025,3.1258365110625035
2026-08-19,ILI incidence,2026-08-30,3,NO,median,NA,6.222594311660858
2026-08-19,ILI incidence,2026-09-06,4,NO,quantile,0.99,13.4759221845003
2026-08-19,ILI incidence,2026-09-06,4,NO,quantile,0.95,11.344443824773538
2026-08-19,ILI incidence,2026-09-06,4,NO,quantile,0.9,10.389665653847027
2026-08-19,ILI incidence,2026-09-06,4,NO,quantile,0.975,12.267120963739464
2026-08-19,ILI incidence,2026-09-06,4,NO,quantile,0.85,9.798398683072737
2026-08-19,ILI incidence,2026-09-06,4,NO,quantile,0.8,9.347017732334262
2026-08-19,ILI incidence,2026-09-06,4,NO,quantile,0.65,8.357945578960951
2026-08-19,ILI incidence,2026-09-06,4,NO,quantile,0.75,8.981607278024004
2026-08-19,ILI incidence,2026-09-06,4,NO,quantile,0.15,5.836642956931808
2026-08-19,ILI incidence,2026-09-06,4,NO,quantile,0.025,4.627467152326683
2026-08-19,ILI incidence,2026-09-06,4,NO,quantile,0.1,5.473922387056655
2026-08-19,ILI incidence,2026-09-06,4,NO,quantile,0.05,5.004160278059352
2026-08-19,ILI incidence,2026-09-06,4,NO,quantile,0.01,4.21332925874955
2026-08-19,ILI incidence,2026-09-06,4,NO,quantile,0.6,8.071704223910706
2026-08-19,ILI incidence,2026-09-06,4,NO,quantile,0.2,6.11506250526209
2026-08-19,ILI incidence,2026-09-06,4,NO,quantile,0.7,8.6447003676049
2026-08-19,ILI incidence,2026-09-06,4,NO,quantile,0.5,7.552575583493995
2026-08-19,ILI incidence,2026-09-06,4,NO,quantile,0.45,7.296432332501734
2026-08-19,ILI incidence,2026-09-06,4,NO,quantile,0.25,6.366570649305482
2026-08-19,ILI incidence,2026-09-06,4,NO,quantile,0.3,6.596917243566491
2026-08-19,ILI incidence,2026-09-06,4,NO,quantile,0.55,7.8041811000055805
2026-08-19,ILI incidence,2026-09-06,4,NO,quantile,0.35,6.83865878978286
2026-08-19,ILI incidence,2026-09-06,4,NO,quantile,0.4,7.076431470108282
2026-08-19,ILI incidence,2026-09-06,4,NO,median,NA,7.552575583493995
2026-08-19,ILI incidence,2026-09-06,4,SI,quantile,0.25,9.063622059573728e-4
2026-08-19,ILI incidence,2026-09-06,4,SI,quantile,0.3,9.47349279815878e-4
2026-08-19,ILI incidence,2026-09-06,4,SI,quantile,0.025,6.408920033552363e-4
2026-08-19,ILI incidence,2026-09-06,4,SI,quantile,0.05,6.950185202721424e-4
2026-08-19,ILI incidence,2026-09-06,4,SI,quantile,0.1,7.685347745498605e-4
2026-08-19,ILI incidence,2026-09-06,4,SI,quantile,0.15,8.222550647670772e-4
2026-08-19,ILI incidence,2026-09-06,4,SI,quantile,0.95,0.00171459800323386
2026-08-19,ILI incidence,2026-09-06,4,SI,quantile,0.975,0.00189244156888174
2026-08-19,ILI incidence,2026-09-06,4,SI,quantile,0.99,0.00206577731933861
2026-08-19,ILI incidence,2026-09-06,4,SI,quantile,0.01,5.841501892055217e-4
2026-08-19,ILI incidence,2026-09-06,4,SI,quantile,0.2,8.688347742514574e-4
2026-08-19,ILI incidence,2026-09-06,4,SI,quantile,0.5,0.00109567809585743
2026-08-19,ILI incidence,2026-09-06,4,SI,quantile,0.55,0.00113293974555954
2026-08-19,ILI incidence,2026-09-06,4,SI,quantile,0.6,0.00117193253559419
2026-08-19,ILI incidence,2026-09-06,4,SI,quantile,0.65,0.00121537759388123
2026-08-19,ILI incidence,2026-09-06,4,SI,quantile,0.75,0.00130956749421554
2026-08-19,ILI incidence,2026-09-06,4,SI,quantile,0.8,0.00137193518726536
2026-08-19,ILI incidence,2026-09-06,4,SI,quantile,0.85,0.00144979612166471
2026-08-19,ILI incidence,2026-09-06,4,SI,quantile,0.9,0.00154840331814039
2026-08-19,ILI incidence,2026-09-06,4,SI,quantile,0.7,0.00125943571318311
2026-08-19,ILI incidence,2026-09-06,4,SI,quantile,0.35,9.85557245716943e-4
2026-08-19,ILI incidence,2026-09-06,4,SI,quantile,0.4,0.00102103049315868
2026-08-19,ILI incidence,2026-09-06,4,SI,quantile,0.45,0.00105595783390157
2026-08-19,ILI incidence,2026-09-06,4,SI,median,NA,0.00109567809585743
2026-08-19,ARI incidence,2026-08-16,1,BE,quantile,0.7,191.69869238640757
2026-08-19,ARI incidence,2026-08-16,1,BE,quantile,0.75,193.6139274996686
2026-08-19,ARI incidence,2026-08-16,1,BE,quantile,0.8,195.78196813347537
2026-08-19,ARI incidence,2026-08-16,1,BE,quantile,0.85,197.99913453473283
2026-08-19,ARI incidence,2026-08-16,1,BE,quantile,0.9,201.33413374493227
2026-08-19,ARI incidence,2026-08-16,1,BE,quantile,0.95,206.143706452498
2026-08-19,ARI incidence,2026-08-16,1,BE,quantile,0.975,210.6803743119026
2026-08-19,ARI incidence,2026-08-16,1,BE,quantile,0.99,216.28153494093985
2026-08-19,ARI incidence,2026-08-16,1,BE,quantile,0.01,158.27686125869917
2026-08-19,ARI incidence,2026-08-16,1,BE,quantile,0.025,161.897226979485
2026-08-19,ARI incidence,2026-08-16,1,BE,quantile,0.2,174.5936420825927
2026-08-19,ARI incidence,2026-08-16,1,BE,quantile,0.25,176.58808051287056
2026-08-19,ARI incidence,2026-08-16,1,BE,quantile,0.3,178.46244163671165
2026-08-19,ARI incidence,2026-08-16,1,BE,quantile,0.35,180.24486483576715
2026-08-19,ARI incidence,2026-08-16,1,BE,quantile,0.4,181.8277771403531
2026-08-19,ARI incidence,2026-08-16,1,BE,quantile,0.45,183.41437435030977
2026-08-19,ARI incidence,2026-08-16,1,BE,quantile,0.5,184.98437734360132
2026-08-19,ARI incidence,2026-08-16,1,BE,quantile,0.55,186.4970029847028
2026-08-19,ARI incidence,2026-08-16,1,BE,quantile,0.6,188.1232629570984
2026-08-19,ARI incidence,2026-08-16,1,BE,quantile,0.65,189.89045791320265
2026-08-19,ARI incidence,2026-08-16,1,BE,quantile,0.05,165.41111543192997
2026-08-19,ARI incidence,2026-08-16,1,BE,quantile,0.1,169.7013103768106
2026-08-19,ARI incidence,2026-08-16,1,BE,quantile,0.15,172.40012012533504
2026-08-19,ARI incidence,2026-08-16,1,BE,median,NA,184.98437734360132
2026-08-19,ARI incidence,2026-08-23,2,BE,quantile,0.3,200.35731856634425
2026-08-19,ARI incidence,2026-08-23,2,BE,quantile,0.9,248.1467221657722
2026-08-19,ARI incidence,2026-08-23,2,BE,quantile,0.95,259.7789841835557
2026-08-19,ARI incidence,2026-08-23,2,BE,quantile,0.975,270.15846102334336
2026-08-19,ARI incidence,2026-08-23,2,BE,quantile,0.99,282.2744758927948
2026-08-19,ARI incidence,2026-08-23,2,BE,quantile,0.2,192.36531321646208
2026-08-19,ARI incidence,2026-08-23,2,BE,quantile,0.25,196.2949214608896
2026-08-19,ARI incidence,2026-08-23,2,BE,quantile,0.35,203.69775680276632
2026-08-19,ARI incidence,2026-08-23,2,BE,quantile,0.4,206.72762767716517
2026-08-19,ARI incidence,2026-08-23,2,BE,quantile,0.45,209.82855222083697
2026-08-19,ARI incidence,2026-08-23,2,BE,quantile,0.5,212.94710561002165
2026-08-19,ARI incidence,2026-08-23,2,BE,quantile,0.55,216.1154280416276
2026-08-19,ARI incidence,2026-08-23,2,BE,quantile,0.6,219.4555803691235
2026-08-19,ARI incidence,2026-08-23,2,BE,quantile,0.65,223.0733354183223
2026-08-19,ARI incidence,2026-08-23,2,BE,quantile,0.7,226.6551032251945
2026-08-19,ARI incidence,2026-08-23,2,BE,quantile,0.75,230.9687586509956
2026-08-19,ARI incidence,2026-08-23,2,BE,quantile,0.8,235.96850370098977
2026-08-19,ARI incidence,2026-08-23,2,BE,quantile,0.85,241.24978597112397
2026-08-19,ARI incidence,2026-08-23,2,BE,quantile,0.025,168.42582240237633
2026-08-19,ARI incidence,2026-08-23,2,BE,quantile,0.05,175.11479928456137
2026-08-19,ARI incidence,2026-08-23,2,BE,quantile,0.1,182.87492132558705
2026-08-19,ARI incidence,2026-08-23,2,BE,quantile,0.15,187.9044579510189
2026-08-19,ARI incidence,2026-08-23,2,BE,quantile,0.01,161.13370642876853
2026-08-19,ARI incidence,2026-08-23,2,BE,median,NA,212.94710561002165
2026-08-19,ARI incidence,2026-08-30,3,BE,quantile,0.01,134.43751162400193
2026-08-19,ARI incidence,2026-08-30,3,BE,quantile,0.025,138.46875512762273
2026-08-19,ARI incidence,2026-08-30,3,BE,quantile,0.05,142.13783412832368
2026-08-19,ARI incidence,2026-08-30,3,BE,quantile,0.9,182.14245053669168
2026-08-19,ARI incidence,2026-08-30,3,BE,quantile,0.99,198.61919582918415
2026-08-19,ARI incidence,2026-08-30,3,BE,quantile,0.975,192.63381879938
2026-08-19,ARI incidence,2026-08-30,3,BE,quantile,0.95,187.87519938718685
2026-08-19,ARI incidence,2026-08-30,3,BE,quantile,0.85,178.20799341914935
2026-08-19,ARI incidence,2026-08-30,3,BE,quantile,0.8,175.17836692687214
2026-08-19,ARI incidence,2026-08-30,3,BE,quantile,0.75,172.66864153604803
2026-08-19,ARI incidence,2026-08-30,3,BE,quantile,0.1,146.73169232475223
2026-08-19,ARI incidence,2026-08-30,3,BE,quantile,0.15,149.78478664117404
2026-08-19,ARI incidence,2026-08-30,3,BE,quantile,0.2,152.16383174870097
2026-08-19,ARI incidence,2026-08-30,3,BE,quantile,0.25,154.36213725177154
2026-08-19,ARI incidence,2026-08-30,3,BE,quantile,0.7,170.5396332716666
2026-08-19,ARI incidence,2026-08-30,3,BE,quantile,0.3,156.369251928873
2026-08-19,ARI incidence,2026-08-30,3,BE,quantile,0.35,158.0907033149616
2026-08-19,ARI incidence,2026-08-30,3,BE,quantile,0.4,159.78157275219263
2026-08-19,ARI incidence,2026-08-30,3,BE,quantile,0.45,161.5673524219711
2026-08-19,ARI incidence,2026-08-30,3,BE,quantile,0.5,163.2351295296191
2026-08-19,ARI incidence,2026-08-30,3,BE,quantile,0.55,165.01837296476998
2026-08-19,ARI incidence,2026-08-30,3,BE,quantile,0.6,166.8214638378757
2026-08-19,ARI incidence,2026-08-30,3,BE,quantile,0.65,168.66551746226162
2026-08-19,ARI incidence,2026-08-30,3,BE,median,NA,163.2351295296191
2026-08-19,ARI incidence,2026-09-06,4,BE,quantile,0.5,237.37903410833655
2026-08-19,ARI incidence,2026-09-06,4,BE,quantile,0.4,232.0686911720772
2026-08-19,ARI incidence,2026-09-06,4,BE,quantile,0.55,240.0301561590194
2026-08-19,ARI incidence,2026-09-06,4,BE,quantile,0.45,234.91718932577376
2026-08-19,ARI incidence,2026-09-06,4,BE,quantile,0.35,229.2265995879198
2026-08-19,ARI incidence,2026-09-06,4,BE,quantile,0.9,266.9983927416856
2026-08-19,ARI incidence,2026-09-06,4,BE,quantile,0.05,204.18027806963397
2026-08-19,ARI incidence,2026-09-06,4,BE,quantile,0.75,252.369216275788
2026-08-19,ARI incidence,2026-09-06,4,BE,quantile,0.65,245.91235050755063
2026-08-19,ARI incidence,2026-09-06,4,BE,quantile,0.7,248.9850198660418
2026-08-19,ARI incidence,2026-09-06,4,BE,quantile,0.85,260.511155445332
2026-08-19,ARI incidence,2026-09-06,4,BE,quantile,0.025,197.8150142457976
2026-08-19,ARI incidence,2026-09-06,4,BE,quantile,0.6,242.97958354845912
2026-08-19,ARI incidence,2026-09-06,4,BE,quantile,0.8,256.29079811148483
2026-08-19,ARI incidence,2026-09-06,4,BE,quantile,0.95,275.9701702198854
2026-08-19,ARI incidence,2026-09-06,4,BE,quantile,0.975,283.5427353210004
2026-08-19,ARI incidence,2026-09-06,4,BE,quantile,0.99,293.2253174412285
2026-08-19,ARI incidence,2026-09-06,4,BE,quantile,0.2,219.5526607293452
2026-08-19,ARI incidence,2026-09-06,4,BE,quantile,0.25,223.07776769747488
2026-08-19,ARI incidence,2026-09-06,4,BE,quantile,0.3,226.28958595821257
2026-08-19,ARI incidence,2026-09-06,4,BE,quantile,0.01,191.5211284420988
2026-08-19,ARI incidence,2026-09-06,4,BE,quantile,0.15,215.52500951196075
2026-08-19,ARI incidence,2026-09-06,4,BE,quantile,0.1,211.20953641471328
2026-08-19,ARI incidence,2026-09-06,4,BE,median,NA,237.37903410833655
2026-08-19,ARI incidence,2026-08-16,1,BG,quantile,0.01,155.68689188537698
2026-08-19,ARI incidence,2026-08-16,1,BG,quantile,0.9,187.09727166408493
2026-08-19,ARI incidence,2026-08-16,1,BG,quantile,0.025,158.73581612816557
2026-08-19,ARI incidence,2026-08-16,1,BG,quantile,0.95,190.656890176506
2026-08-19,ARI incidence,2026-08-16,1,BG,quantile,0.85,184.8812860339441
2026-08-19,ARI incidence,2026-08-16,1,BG,quantile,0.975,193.46430250297135
2026-08-19,ARI incidence,2026-08-16,1,BG,quantile,0.05,161.3248025993061
2026-08-19,ARI incidence,2026-08-16,1,BG,quantile,0.99,197.18058799350155
2026-08-19,ARI incidence,2026-08-16,1,BG,quantile,0.7,180.1638121916825
2026-08-19,ARI incidence,2026-08-16,1,BG,quantile,0.65,178.8058979777711
2026-08-19,ARI incidence,2026-08-16,1,BG,quantile,0.75,181.61146369259913
2026-08-19,ARI incidence,2026-08-16,1,BG,quantile,0.8,183.16495176825688
2026-08-19,ARI incidence,2026-08-16,1,BG,quantile,0.1,164.23223704463902
2026-08-19,ARI incidence,2026-08-16,1,BG,quantile,0.45,174.16610554615067
2026-08-19,ARI incidence,2026-08-16,1,BG,quantile,0.25,169.4459919793398
2026-08-19,ARI incidence,2026-08-16,1,BG,quantile,0.6,177.59543921590378
2026-08-19,ARI incidence,2026-08-16,1,BG,quantile,0.15,166.43811280401076
2026-08-19,ARI incidence,2026-08-16,1,BG,quantile,0.55,176.45322938762678
2026-08-19,ARI incidence,2026-08-16,1,BG,quantile,0.5,175.27906069045008
2026-08-19,ARI incidence,2026-08-16,1,BG,quantile,0.2,168.06704681631643
2026-08-19,ARI incidence,2026-08-16,1,BG,quantile,0.4,173.0684510603038
2026-08-19,ARI incidence,2026-08-16,1,BG,quantile,0.3,170.71929442148192
2026-08-19,ARI incidence,2026-08-16,1,BG,quantile,0.35,171.83840162158472
2026-08-19,ARI incidence,2026-08-16,1,BG,median,NA,175.27906069045008
2026-08-19,ARI incidence,2026-08-23,2,BG,quantile,0.99,214.23234549348356
2026-08-19,ARI incidence,2026-08-23,2,BG,quantile,0.9,203.80593330549615
2026-08-19,ARI incidence,2026-08-23,2,BG,quantile,0.975,210.43203908958893
2026-08-19,ARI incidence,2026-08-23,2,BG,quantile,0.85,201.50924840984345
2026-08-19,ARI incidence,2026-08-23,2,BG,quantile,0.05,176.7843421815316
2026-08-19,ARI incidence,2026-08-23,2,BG,quantile,0.1,180.09829821415573
2026-08-19,ARI incidence,2026-08-23,2,BG,quantile,0.15,182.22528636456664
2026-08-19,ARI incidence,2026-08-23,2,BG,quantile,0.2,183.98817064458703
2026-08-19,ARI incidence,2026-08-23,2,BG,quantile,0.025,174.26026844527578
2026-08-19,ARI incidence,2026-08-23,2,BG,quantile,0.01,170.96526489255942
2026-08-19,ARI incidence,2026-08-23,2,BG,quantile,0.95,207.01238174871017
2026-08-19,ARI incidence,2026-08-23,2,BG,quantile,0.25,185.5914437987523
2026-08-19,ARI incidence,2026-08-23,2,BG,quantile,0.3,186.96021959008257
2026-08-19,ARI incidence,2026-08-23,2,BG,quantile,0.75,198.04427095783828
2026-08-19,ARI incidence,2026-08-23,2,BG,quantile,0.55,192.8017677083177
2026-08-19,ARI incidence,2026-08-23,2,BG,quantile,0.65,195.29552671363896
2026-08-19,ARI incidence,2026-08-23,2,BG,quantile,0.7,196.63020491886044
2026-08-19,ARI incidence,2026-08-23,2,BG,quantile,0.6,194.0269892507869
2026-08-19,ARI incidence,2026-08-23,2,BG,quantile,0.8,199.5329848417087
2026-08-19,ARI incidence,2026-08-23,2,BG,quantile,0.5,191.71312694951712
2026-08-19,ARI incidence,2026-08-23,2,BG,quantile,0.45,190.622059100322
2026-08-19,ARI incidence,2026-08-23,2,BG,quantile,0.4,189.43940383243176
2026-08-19,ARI incidence,2026-08-23,2,BG,quantile,0.35,188.26964200819287
2026-08-19,ARI incidence,2026-08-23,2,BG,median,NA,191.71312694951712
2026-08-19,ARI incidence,2026-08-30,3,BG,quantile,0.95,212.0855238771228
2026-08-19,ARI incidence,2026-08-30,3,BG,quantile,0.85,203.0890671996028
2026-08-19,ARI incidence,2026-08-30,3,BG,quantile,0.975,217.75948008756623
2026-08-19,ARI incidence,2026-08-30,3,BG,quantile,0.2,177.02345513585715
2026-08-19,ARI incidence,2026-08-30,3,BG,quantile,0.01,158.01993566918577
2026-08-19,ARI incidence,2026-08-30,3,BG,quantile,0.3,181.08491426620685
2026-08-19,ARI incidence,2026-08-30,3,BG,quantile,0.99,223.4908507711171
2026-08-19,ARI incidence,2026-08-30,3,BG,quantile,0.55,189.824371339202
2026-08-19,ARI incidence,2026-08-30,3,BG,quantile,0.8,200.18659155301592
2026-08-19,ARI incidence,2026-08-30,3,BG,quantile,0.9,206.85493063216165
2026-08-19,ARI incidence,2026-08-30,3,BG,quantile,0.25,179.19098267235535
2026-08-19,ARI incidence,2026-08-30,3,BG,quantile,0.35,182.83048885512537
2026-08-19,ARI incidence,2026-08-30,3,BG,quantile,0.45,186.3169110970559
2026-08-19,ARI incidence,2026-08-30,3,BG,quantile,0.5,188.0436267096515
2026-08-19,ARI incidence,2026-08-30,3,BG,quantile,0.6,191.6738640911436
2026-08-19,ARI incidence,2026-08-30,3,BG,quantile,0.15,174.51066369168814
2026-08-19,ARI incidence,2026-08-30,3,BG,quantile,0.4,184.6263462712723
2026-08-19,ARI incidence,2026-08-30,3,BG,quantile,0.7,195.58412925571997
2026-08-19,ARI incidence,2026-08-30,3,BG,quantile,0.75,197.749882349984
2026-08-19,ARI incidence,2026-08-30,3,BG,quantile,0.025,163.0899607762968
2026-08-19,ARI incidence,2026-08-30,3,BG,quantile,0.65,193.58101270968223
2026-08-19,ARI incidence,2026-08-30,3,BG,quantile,0.1,171.3685530673227
2026-08-19,ARI incidence,2026-08-30,3,BG,quantile,0.05,166.96004260107267
2026-08-19,ARI incidence,2026-08-30,3,BG,median,NA,188.0436267096515
2026-08-19,ARI incidence,2026-09-06,4,BG,quantile,0.7,187.8732608417353
2026-08-19,ARI incidence,2026-09-06,4,BG,quantile,0.75,189.05877457993896
2026-08-19,ARI incidence,2026-09-06,4,BG,quantile,0.55,184.93513149851833
2026-08-19,ARI incidence,2026-09-06,4,BG,quantile,0.65,186.8476274198459
2026-08-19,ARI incidence,2026-09-06,4,BG,quantile,0.6,185.90178124103988
2026-08-19,ARI incidence,2026-09-06,4,BG,quantile,0.8,190.3071488308917
2026-08-19,ARI incidence,2026-09-06,4,BG,quantile,0.5,184.02403315268384
2026-08-19,ARI incidence,2026-09-06,4,BG,quantile,0.3,180.49240957782095
2026-08-19,ARI incidence,2026-09-06,4,BG,quantile,0.35,181.38505264724512
2026-08-19,ARI incidence,2026-09-06,4,BG,quantile,0.45,183.1274214389462
2026-08-19,ARI incidence,2026-09-06,4,BG,quantile,0.4,182.2648793986558
2026-08-19,ARI incidence,2026-09-06,4,BG,quantile,0.15,177.0196473858285
2026-08-19,ARI incidence,2026-09-06,4,BG,quantile,0.1,175.37995043665114
2026-08-19,ARI incidence,2026-09-06,4,BG,quantile,0.05,172.7831619223037
2026-08-19,ARI incidence,2026-09-06,4,BG,quantile,0.01,168.45890253392562
2026-08-19,ARI incidence,2026-09-06,4,BG,quantile,0.85,191.8048688693368
2026-08-19,ARI incidence,2026-09-06,4,BG,quantile,0.2,178.3444662190397
2026-08-19,ARI incidence,2026-09-06,4,BG,quantile,0.25,179.49761405132512
2026-08-19,ARI incidence,2026-09-06,4,BG,quantile,0.025,170.66019047617104
2026-08-19,ARI incidence,2026-09-06,4,BG,quantile,0.9,193.7109430468092
2026-08-19,ARI incidence,2026-09-06,4,BG,quantile,0.95,196.4302947911315
2026-08-19,ARI incidence,2026-09-06,4,BG,quantile,0.975,198.53276502625505
2026-08-19,ARI incidence,2026-09-06,4,BG,quantile,0.99,201.41493040904825
2026-08-19,ARI incidence,2026-09-06,4,BG,median,NA,184.02403315268384
2026-08-19,ARI incidence,2026-08-16,1,CY,quantile,0.975,11676.455399684564
2026-08-19,ARI incidence,2026-08-16,1,CY,quantile,0.99,15038.32563296387
2026-08-19,ARI incidence,2026-08-16,1,CY,quantile,0.75,4350.721917368694
2026-08-19,ARI incidence,2026-08-16,1,CY,quantile,0.01,444.9699225032436
2026-08-19,ARI incidence,2026-08-16,1,CY,quantile,0.025,576.1952247133572
2026-08-19,ARI incidence,2026-08-16,1,CY,quantile,0.05,739.2092213163618
2026-08-19,ARI incidence,2026-08-16,1,CY,quantile,0.1,974.4929901114388
2026-08-19,ARI incidence,2026-08-16,1,CY,quantile,0.15,1168.937966362296
2026-08-19,ARI incidence,2026-08-16,1,CY,quantile,0.2,1359.5191095211376
2026-08-19,ARI incidence,2026-08-16,1,CY,quantile,0.25,1550.2945403243498
2026-08-19,ARI incidence,2026-08-16,1,CY,quantile,0.3,1722.4629583110836
2026-08-19,ARI incidence,2026-08-16,1,CY,quantile,0.35,1926.212302073156
2026-08-19,ARI incidence,2026-08-16,1,CY,quantile,0.4,2129.3729893507743
2026-08-19,ARI incidence,2026-08-16,1,CY,quantile,0.45,2348.853813498635
2026-08-19,ARI incidence,2026-08-16,1,CY,quantile,0.5,2589.7904126711715
2026-08-19,ARI incidence,2026-08-16,1,CY,quantile,0.55,2836.439142004032
2026-08-19,ARI incidence,2026-08-16,1,CY,quantile,0.6,3131.779400192682
2026-08-19,ARI incidence,2026-08-16,1,CY,quantile,0.8,4937.198225676262
2026-08-19,ARI incidence,2026-08-16,1,CY,quantile,0.85,5752.498585794749
2026-08-19,ARI incidence,2026-08-16,1,CY,quantile,0.9,6934.821063914597
2026-08-19,ARI incidence,2026-08-16,1,CY,quantile,0.95,9186.440087633426
2026-08-19,ARI incidence,2026-08-16,1,CY,quantile,0.65,3460.975240653525
2026-08-19,ARI incidence,2026-08-16,1,CY,quantile,0.7,3885.332439393005
2026-08-19,ARI incidence,2026-08-16,1,CY,median,NA,2589.7904126711715
2026-08-19,ARI incidence,2026-08-23,2,CY,quantile,0.75,4640.689254302869
2026-08-19,ARI incidence,2026-08-23,2,CY,quantile,0.8,4784.889609286458
2026-08-19,ARI incidence,2026-08-23,2,CY,quantile,0.85,4978.8446273767295
2026-08-19,ARI incidence,2026-08-23,2,CY,quantile,0.95,5553.470215542547
2026-08-19,ARI incidence,2026-08-23,2,CY,quantile,0.975,5857.839667653887
2026-08-19,ARI incidence,2026-08-23,2,CY,quantile,0.99,6256.433399684872
2026-08-19,ARI incidence,2026-08-23,2,CY,quantile,0.9,5204.073243606412
2026-08-19,ARI incidence,2026-08-23,2,CY,quantile,0.01,2676.085257022542
2026-08-19,ARI incidence,2026-08-23,2,CY,quantile,0.025,2852.6667570506324
2026-08-19,ARI incidence,2026-08-23,2,CY,quantile,0.05,3017.054214274086
2026-08-19,ARI incidence,2026-08-23,2,CY,quantile,0.1,3226.5960671599946
2026-08-19,ARI incidence,2026-08-23,2,CY,quantile,0.15,3378.4560391990767
2026-08-19,ARI incidence,2026-08-23,2,CY,quantile,0.2,3510.00946445759
2026-08-19,ARI incidence,2026-08-23,2,CY,quantile,0.25,3621.26097698097
2026-08-19,ARI incidence,2026-08-23,2,CY,quantile,0.3,3724.653870596366
2026-08-19,ARI incidence,2026-08-23,2,CY,quantile,0.35,3812.653287989719
2026-08-19,ARI incidence,2026-08-23,2,CY,quantile,0.4,3908.2756088949745
2026-08-19,ARI incidence,2026-08-23,2,CY,quantile,0.45,4004.819836438224
2026-08-19,ARI incidence,2026-08-23,2,CY,quantile,0.5,4095.068538425645
2026-08-19,ARI incidence,2026-08-23,2,CY,quantile,0.55,4185.221198957287
2026-08-19,ARI incidence,2026-08-23,2,CY,quantile,0.6,4279.6186383306795
2026-08-19,ARI incidence,2026-08-23,2,CY,quantile,0.65,4388.24561704058
2026-08-19,ARI incidence,2026-08-23,2,CY,quantile,0.7,4506.5544252868085
2026-08-19,ARI incidence,2026-08-23,2,CY,median,NA,4095.068538425645
2026-08-19,ARI incidence,2026-08-30,3,CY,quantile,0.01,2349.222523423588
2026-08-19,ARI incidence,2026-08-30,3,CY,quantile,0.025,2585.046011720146
2026-08-19,ARI incidence,2026-08-30,3,CY,quantile,0.05,2807.6571117646763
2026-08-19,ARI incidence,2026-08-30,3,CY,quantile,0.1,3128.9546402769533
2026-08-19,ARI incidence,2026-08-30,3,CY,quantile,0.15,3353.434563628005
2026-08-19,ARI incidence,2026-08-30,3,CY,quantile,0.2,3533.0122525120005
2026-08-19,ARI incidence,2026-08-30,3,CY,quantile,0.25,3699.785517300444
2026-08-19,ARI incidence,2026-08-30,3,CY,quantile,0.3,3856.234954545932
2026-08-19,ARI incidence,2026-08-30,3,CY,quantile,0.35,4016.0931600916974
2026-08-19,ARI incidence,2026-08-30,3,CY,quantile,0.4,4163.485975735788
2026-08-19,ARI incidence,2026-08-30,3,CY,quantile,0.45,4301.366291544775
2026-08-19,ARI incidence,2026-08-30,3,CY,quantile,0.5,4455.417841562577
2026-08-19,ARI incidence,2026-08-30,3,CY,quantile,0.55,4616.366485678738
2026-08-19,ARI incidence,2026-08-30,3,CY,quantile,0.6,4776.173884685412
2026-08-19,ARI incidence,2026-08-30,3,CY,quantile,0.65,4957.795216657908
2026-08-19,ARI incidence,2026-08-30,3,CY,quantile,0.7,5159.937626718154
2026-08-19,ARI incidence,2026-08-30,3,CY,quantile,0.75,5388.095605074397
2026-08-19,ARI incidence,2026-08-30,3,CY,quantile,0.8,5647.809944317386
2026-08-19,ARI incidence,2026-08-30,3,CY,quantile,0.85,5994.042219822337
2026-08-19,ARI incidence,2026-08-30,3,CY,quantile,0.9,6407.78754954903
2026-08-19,ARI incidence,2026-08-30,3,CY,quantile,0.95,7086.4090174455605
2026-08-19,ARI incidence,2026-08-30,3,CY,quantile,0.975,7795.020735757529
2026-08-19,ARI incidence,2026-08-30,3,CY,quantile,0.99,8663.984950375418
2026-08-19,ARI incidence,2026-08-30,3,CY,median,NA,4455.417841562577
2026-08-19,ARI incidence,2026-08-16,1,DE,quantile,0.85,476.4618930306658
2026-08-19,ARI incidence,2026-08-16,1,DE,quantile,0.95,495.4662253101597
2026-08-19,ARI incidence,2026-08-16,1,DE,quantile,0.99,516.1422967747833
2026-08-19,ARI incidence,2026-08-16,1,DE,quantile,0.9,483.94939073486694
2026-08-19,ARI incidence,2026-08-16,1,DE,quantile,0.975,505.1367168277217
2026-08-19,ARI incidence,2026-08-16,1,DE,quantile,0.8,470.52126983908965
2026-08-19,ARI incidence,2026-08-16,1,DE,quantile,0.4,439.8419351871362
2026-08-19,ARI incidence,2026-08-16,1,DE,quantile,0.5,446.67647312049166
2026-08-19,ARI incidence,2026-08-16,1,DE,quantile,0.45,443.3686330470534
2026-08-19,ARI incidence,2026-08-16,1,DE,quantile,0.55,450.2494822587514
2026-08-19,ARI incidence,2026-08-16,1,DE,quantile,0.6,453.77417875032984
2026-08-19,ARI incidence,2026-08-16,1,DE,quantile,0.3,432.5424994436813
2026-08-19,ARI incidence,2026-08-16,1,DE,quantile,0.25,428.46157299540954
2026-08-19,ARI incidence,2026-08-16,1,DE,quantile,0.75,465.8304086332772
2026-08-19,ARI incidence,2026-08-16,1,DE,quantile,0.2,423.9817985350901
2026-08-19,ARI incidence,2026-08-16,1,DE,quantile,0.15,418.78834773902395
2026-08-19,ARI incidence,2026-08-16,1,DE,quantile,0.7,461.5207387952401
2026-08-19,ARI incidence,2026-08-16,1,DE,quantile,0.65,457.451786173226
2026-08-19,ARI incidence,2026-08-16,1,DE,quantile,0.1,413.0743071546328
2026-08-19,ARI incidence,2026-08-16,1,DE,quantile,0.35,436.179844257162
2026-08-19,ARI incidence,2026-08-16,1,DE,quantile,0.05,403.3866809963809
2026-08-19,ARI incidence,2026-08-16,1,DE,quantile,0.025,396.0906333649908
2026-08-19,ARI incidence,2026-08-16,1,DE,quantile,0.01,387.80440213222954
2026-08-19,ARI incidence,2026-08-16,1,DE,median,NA,446.67647312049166
2026-08-19,ARI incidence,2026-08-23,2,DE,quantile,0.95,515.1219409632179
2026-08-19,ARI incidence,2026-08-23,2,DE,quantile,0.85,483.8495432692853
2026-08-19,ARI incidence,2026-08-23,2,DE,quantile,0.9,495.592952113724
2026-08-19,ARI incidence,2026-08-23,2,DE,quantile,0.975,530.2980572933526
2026-08-19,ARI incidence,2026-08-23,2,DE,quantile,0.35,418.58718212768827
2026-08-19,ARI incidence,2026-08-23,2,DE,quantile,0.4,424.1345912182702
2026-08-19,ARI incidence,2026-08-23,2,DE,quantile,0.8,474.45778268497
2026-08-19,ARI incidence,2026-08-23,2,DE,quantile,0.3,412.703438635795
2026-08-19,ARI incidence,2026-08-23,2,DE,quantile,0.45,429.4765361499648
2026-08-19,ARI incidence,2026-08-23,2,DE,quantile,0.75,466.24730470166713
2026-08-19,ARI incidence,2026-08-23,2,DE,quantile,0.25,406.3426672408308
2026-08-19,ARI incidence,2026-08-23,2,DE,quantile,0.99,548.8445636411733
2026-08-19,ARI incidence,2026-08-23,2,DE,quantile,0.65,452.946886114721
2026-08-19,ARI incidence,2026-08-23,2,DE,quantile,0.7,459.3538802068948
2026-08-19,ARI incidence,2026-08-23,2,DE,quantile,0.01,342.932613957954
2026-08-19,ARI incidence,2026-08-23,2,DE,quantile,0.025,356.50690243257094
2026-08-19,ARI incidence,2026-08-23,2,DE,quantile,0.2,399.85845694391566
2026-08-19,ARI incidence,2026-08-23,2,DE,quantile,0.5,435.10957622737715
2026-08-19,ARI incidence,2026-08-23,2,DE,quantile,0.55,440.8631446519677
2026-08-19,ARI incidence,2026-08-23,2,DE,quantile,0.6,446.65451434336126
2026-08-19,ARI incidence,2026-08-23,2,DE,quantile,0.15,392.1045195160249
2026-08-19,ARI incidence,2026-08-23,2,DE,quantile,0.05,367.9748260487257
2026-08-19,ARI incidence,2026-08-23,2,DE,quantile,0.1,382.47764900175946
2026-08-19,ARI incidence,2026-08-23,2,DE,median,NA,435.10957622737715
2026-08-19,ARI incidence,2026-08-30,3,DE,quantile,0.975,479.9559938118835
2026-08-19,ARI incidence,2026-08-30,3,DE,quantile,0.99,490.2604495061
2026-08-19,ARI incidence,2026-08-30,3,DE,quantile,0.95,471.4819108080751
2026-08-19,ARI incidence,2026-08-30,3,DE,quantile,0.8,452.24286201380875
2026-08-19,ARI incidence,2026-08-30,3,DE,quantile,0.85,456.7174167327035
2026-08-19,ARI incidence,2026-08-30,3,DE,quantile,0.9,462.90524578855354
2026-08-19,ARI incidence,2026-08-30,3,DE,quantile,0.75,448.252441630574
2026-08-19,ARI incidence,2026-08-30,3,DE,quantile,0.7,444.638129585687
2026-08-19,ARI incidence,2026-08-30,3,DE,quantile,0.25,417.1747239374047
2026-08-19,ARI incidence,2026-08-30,3,DE,quantile,0.025,389.8654447491304
2026-08-19,ARI incidence,2026-08-30,3,DE,quantile,0.01,382.6181760523267
2026-08-19,ARI incidence,2026-08-30,3,DE,quantile,0.2,413.70902109430233
2026-08-19,ARI incidence,2026-08-30,3,DE,quantile,0.4,426.5473256899786
2026-08-19,ARI incidence,2026-08-30,3,DE,quantile,0.05,396.3372882610861
2026-08-19,ARI incidence,2026-08-30,3,DE,quantile,0.6,438.24916417170755
2026-08-19,ARI incidence,2026-08-30,3,DE,quantile,0.45,429.4057586231438
2026-08-19,ARI incidence,2026-08-30,3,DE,quantile,0.65,441.40149933937505
2026-08-19,ARI incidence,2026-08-30,3,DE,quantile,0.5,432.4310497612904
2026-08-19,ARI incidence,2026-08-30,3,DE,quantile,0.35,423.5035538053927
2026-08-19,ARI incidence,2026-08-30,3,DE,quantile,0.55,435.36529047475017
2026-08-19,ARI incidence,2026-08-30,3,DE,quantile,0.15,409.3305885408624
2026-08-19,ARI incidence,2026-08-30,3,DE,quantile,0.3,420.32623839921587
2026-08-19,ARI incidence,2026-08-30,3,DE,quantile,0.1,403.7547341964675
2026-08-19,ARI incidence,2026-08-30,3,DE,median,NA,432.4310497612904
2026-08-19,ARI incidence,2026-09-06,4,DE,quantile,0.7,476.54989434322147
2026-08-19,ARI incidence,2026-09-06,4,DE,quantile,0.65,474.1003086280613
2026-08-19,ARI incidence,2026-09-06,4,DE,quantile,0.9,490.08844491962617
2026-08-19,ARI incidence,2026-09-06,4,DE,quantile,0.8,482.49766439572886
2026-08-19,ARI incidence,2026-09-06,4,DE,quantile,0.6,471.8130864034963
2026-08-19,ARI incidence,2026-09-06,4,DE,quantile,0.75,479.36108776446986
2026-08-19,ARI incidence,2026-09-06,4,DE,quantile,0.85,485.82498653467405
2026-08-19,ARI incidence,2026-09-06,4,DE,quantile,0.95,496.55012834109215
2026-08-19,ARI incidence,2026-09-06,4,DE,quantile,0.3,458.2385178708631
2026-08-19,ARI incidence,2026-09-06,4,DE,quantile,0.25,455.73458141739616
2026-08-19,ARI incidence,2026-09-06,4,DE,quantile,0.2,452.8630041193585
2026-08-19,ARI incidence,2026-09-06,4,DE,quantile,0.55,469.55494293583627
2026-08-19,ARI incidence,2026-09-06,4,DE,quantile,0.5,467.104946678478
2026-08-19,ARI incidence,2026-09-06,4,DE,quantile,0.15,449.39721522390744
2026-08-19,ARI incidence,2026-09-06,4,DE,quantile,0.45,464.9075738006538
2026-08-19,ARI incidence,2026-09-06,4,DE,quantile,0.99,509.5090187671668
2026-08-19,ARI incidence,2026-09-06,4,DE,quantile,0.4,462.7488208732428
2026-08-19,ARI incidence,2026-09-06,4,DE,quantile,0.01,428.1135188980001
2026-08-19,ARI incidence,2026-09-06,4,DE,quantile,0.975,502.4707237893397
2026-08-19,ARI incidence,2026-09-06,4,DE,quantile,0.35,460.52569331383256
2026-08-19,ARI incidence,2026-09-06,4,DE,quantile,0.1,445.4012661936626
2026-08-19,ARI incidence,2026-09-06,4,DE,quantile,0.05,439.3420414024656
2026-08-19,ARI incidence,2026-09-06,4,DE,quantile,0.025,434.2704216979244
2026-08-19,ARI incidence,2026-09-06,4,DE,median,NA,467.104946678478
2026-08-19,ARI incidence,2026-08-16,1,EE,quantile,0.65,95.11510311054468
2026-08-19,ARI incidence,2026-08-16,1,EE,quantile,0.975,123.89668028717507
2026-08-19,ARI incidence,2026-08-16,1,EE,quantile,0.05,67.97801374147876
2026-08-19,ARI incidence,2026-08-16,1,EE,quantile,0.55,90.9747893676448
2026-08-19,ARI incidence,2026-08-16,1,EE,quantile,0.6,92.88423382418938
2026-08-19,ARI incidence,2026-08-16,1,EE,quantile,0.7,97.47767253809684
2026-08-19,ARI incidence,2026-08-16,1,EE,quantile,0.025,64.07678732381875
2026-08-19,ARI incidence,2026-08-16,1,EE,quantile,0.1,71.99954646875415
2026-08-19,ARI incidence,2026-08-16,1,EE,quantile,0.15,75.15651805808365
2026-08-19,ARI incidence,2026-08-16,1,EE,quantile,0.2,77.67303150778828
2026-08-19,ARI incidence,2026-08-16,1,EE,quantile,0.45,87.41821448651132
2026-08-19,ARI incidence,2026-08-16,1,EE,quantile,0.4,85.56945820484509
2026-08-19,ARI incidence,2026-08-16,1,EE,quantile,0.5,89.2367924799735
2026-08-19,ARI incidence,2026-08-16,1,EE,quantile,0.85,105.94574832243904
2026-08-19,ARI incidence,2026-08-16,1,EE,quantile,0.95,117.63192288766844
2026-08-19,ARI incidence,2026-08-16,1,EE,quantile,0.99,132.08931034152647
2026-08-19,ARI incidence,2026-08-16,1,EE,quantile,0.9,110.44960342946496
2026-08-19,ARI incidence,2026-08-16,1,EE,quantile,0.35,83.79801734808032
2026-08-19,ARI incidence,2026-08-16,1,EE,quantile,0.3,81.82774255999145
2026-08-19,ARI incidence,2026-08-16,1,EE,quantile,0.8,102.5711498912736
2026-08-19,ARI incidence,2026-08-16,1,EE,quantile,0.25,79.86833363442531
2026-08-19,ARI incidence,2026-08-16,1,EE,quantile,0.75,99.7632205305029
2026-08-19,ARI incidence,2026-08-16,1,EE,quantile,0.01,60.28715036397248
2026-08-19,ARI incidence,2026-08-16,1,EE,median,NA,89.2367924799735
2026-08-19,ARI incidence,2026-08-23,2,EE,quantile,0.15,76.75631408650943
2026-08-19,ARI incidence,2026-08-23,2,EE,quantile,0.1,71.8151894029798
2026-08-19,ARI incidence,2026-08-23,2,EE,quantile,0.35,91.1261630597974
2026-08-19,ARI incidence,2026-08-23,2,EE,quantile,0.3,87.79595384031849
2026-08-19,ARI incidence,2026-08-23,2,EE,quantile,0.25,84.50405581832867
2026-08-19,ARI incidence,2026-08-23,2,EE,quantile,0.025,59.72062761232137
2026-08-19,ARI incidence,2026-08-23,2,EE,quantile,0.2,80.71552857695781
2026-08-19,ARI incidence,2026-08-23,2,EE,quantile,0.05,65.12783199135629
2026-08-19,ARI incidence,2026-08-23,2,EE,quantile,0.01,54.817992446240474
2026-08-19,ARI incidence,2026-08-23,2,EE,quantile,0.65,111.44361540512612
2026-08-19,ARI incidence,2026-08-23,2,EE,quantile,0.6,107.79144516157164
2026-08-19,ARI incidence,2026-08-23,2,EE,quantile,0.7,115.66015408310162
2026-08-19,ARI incidence,2026-08-23,2,EE,quantile,0.4,94.3443744047519
2026-08-19,ARI incidence,2026-08-23,2,EE,quantile,0.45,97.64712475264054
2026-08-19,ARI incidence,2026-08-23,2,EE,quantile,0.55,103.94725392811787
2026-08-19,ARI incidence,2026-08-23,2,EE,quantile,0.975,169.14677263643776
2026-08-19,ARI incidence,2026-08-23,2,EE,quantile,0.5,100.6039054365198
2026-08-19,ARI incidence,2026-08-23,2,EE,quantile,0.9,141.16286032342637
2026-08-19,ARI incidence,2026-08-23,2,EE,quantile,0.85,132.31587580448144
2026-08-19,ARI incidence,2026-08-23,2,EE,quantile,0.95,154.91337937747193
2026-08-19,ARI incidence,2026-08-23,2,EE,quantile,0.75,120.58915135337271
2026-08-19,ARI incidence,2026-08-23,2,EE,quantile,0.8,125.83255512577576
2026-08-19,ARI incidence,2026-08-23,2,EE,quantile,0.99,186.63929110477747
2026-08-19,ARI incidence,2026-08-23,2,EE,median,NA,100.6039054365198
2026-08-19,ARI incidence,2026-08-30,3,EE,quantile,0.6,127.65209597900412
2026-08-19,ARI incidence,2026-08-30,3,EE,quantile,0.65,132.41051395626118
2026-08-19,ARI incidence,2026-08-30,3,EE,quantile,0.55,123.04310233924048
2026-08-19,ARI incidence,2026-08-30,3,EE,quantile,0.5,118.31773837037233
2026-08-19,ARI incidence,2026-08-30,3,EE,quantile,0.45,113.99069420701734
2026-08-19,ARI incidence,2026-08-30,3,EE,quantile,0.7,137.94512952961844
2026-08-19,ARI incidence,2026-08-30,3,EE,quantile,0.4,109.89941352591674
2026-08-19,ARI incidence,2026-08-30,3,EE,quantile,0.15,87.69572338633658
2026-08-19,ARI incidence,2026-08-30,3,EE,quantile,0.75,144.10618243473652
2026-08-19,ARI incidence,2026-08-30,3,EE,quantile,0.2,92.67646887888874
2026-08-19,ARI incidence,2026-08-30,3,EE,quantile,0.35,105.83924896134344
2026-08-19,ARI incidence,2026-08-30,3,EE,quantile,0.1,81.35025282518168
2026-08-19,ARI incidence,2026-08-30,3,EE,quantile,0.25,97.2341269576654
2026-08-19,ARI incidence,2026-08-30,3,EE,quantile,0.05,72.8362156460767
2026-08-19,ARI incidence,2026-08-30,3,EE,quantile,0.95,191.150386130905
2026-08-19,ARI incidence,2026-08-30,3,EE,quantile,0.3,101.68199213480202
2026-08-19,ARI incidence,2026-08-30,3,EE,quantile,0.8,151.33356219167172
2026-08-19,ARI incidence,2026-08-30,3,EE,quantile,0.85,159.92925503364978
2026-08-19,ARI incidence,2026-08-30,3,EE,quantile,0.975,208.24976607906015
2026-08-19,ARI incidence,2026-08-30,3,EE,quantile,0.025,66.26060628207735
2026-08-19,ARI incidence,2026-08-30,3,EE,quantile,0.01,59.50808994446787
2026-08-19,ARI incidence,2026-08-30,3,EE,quantile,0.9,172.55712940714184
2026-08-19,ARI incidence,2026-08-30,3,EE,quantile,0.99,231.16840102401
2026-08-19,ARI incidence,2026-08-30,3,EE,median,NA,118.31773837037233
2026-08-19,ARI incidence,2026-09-06,4,EE,quantile,0.01,78.79184561838316
2026-08-19,ARI incidence,2026-09-06,4,EE,quantile,0.025,86.8568201772972
2026-08-19,ARI incidence,2026-09-06,4,EE,quantile,0.1,103.31469369933126
2026-08-19,ARI incidence,2026-09-06,4,EE,quantile,0.05,94.20548280814174
2026-08-19,ARI incidence,2026-09-06,4,EE,quantile,0.99,265.09739809518965
2026-08-19,ARI incidence,2026-09-06,4,EE,quantile,0.9,200.3522337014635
2026-08-19,ARI incidence,2026-09-06,4,EE,quantile,0.85,188.22379498543492
2026-08-19,ARI incidence,2026-09-06,4,EE,quantile,0.8,179.04867546527424
2026-08-19,ARI incidence,2026-09-06,4,EE,quantile,0.65,159.17373021519958
2026-08-19,ARI incidence,2026-09-06,4,EE,quantile,0.975,239.88442207392632
2026-08-19,ARI incidence,2026-09-06,4,EE,quantile,0.75,171.58137333152206
2026-08-19,ARI incidence,2026-09-06,4,EE,quantile,0.95,219.29009497615823
2026-08-19,ARI incidence,2026-09-06,4,EE,quantile,0.7,164.9931966180394
2026-08-19,ARI incidence,2026-09-06,4,EE,quantile,0.15,110.29379858543945
2026-08-19,ARI incidence,2026-09-06,4,EE,quantile,0.6,153.45179703245398
2026-08-19,ARI incidence,2026-09-06,4,EE,quantile,0.5,143.51681819319433
2026-08-19,ARI incidence,2026-09-06,4,EE,quantile,0.55,148.2956276338723
2026-08-19,ARI incidence,2026-09-06,4,EE,quantile,0.2,115.65254683251864
2026-08-19,ARI incidence,2026-09-06,4,EE,quantile,0.25,120.91686146176508
2026-08-19,ARI incidence,2026-09-06,4,EE,quantile,0.45,139.12515387665007
2026-08-19,ARI incidence,2026-09-06,4,EE,quantile,0.35,130.07218563787995
2026-08-19,ARI incidence,2026-09-06,4,EE,quantile,0.4,134.70603778928896
2026-08-19,ARI incidence,2026-09-06,4,EE,quantile,0.3,125.6866409175732
2026-08-19,ARI incidence,2026-09-06,4,EE,median,NA,143.51681819319433
2026-08-19,ARI incidence,2026-08-16,1,ES,quantile,0.99,271.0629321253007
2026-08-19,ARI incidence,2026-08-16,1,ES,quantile,0.975,258.82930716908396
2026-08-19,ARI incidence,2026-08-16,1,ES,quantile,0.95,249.1195687591176
2026-08-19,ARI incidence,2026-08-16,1,ES,quantile,0.025,154.15209140857849
2026-08-19,ARI incidence,2026-08-16,1,ES,quantile,0.9,237.03190987664524
2026-08-19,ARI incidence,2026-08-16,1,ES,quantile,0.05,160.7652919612949
2026-08-19,ARI incidence,2026-08-16,1,ES,quantile,0.85,229.64065340300647
2026-08-19,ARI incidence,2026-08-16,1,ES,quantile,0.8,223.69518536505817
2026-08-19,ARI incidence,2026-08-16,1,ES,quantile,0.75,218.4832202119329
2026-08-19,ARI incidence,2026-08-16,1,ES,quantile,0.01,147.46097558643888
2026-08-19,ARI incidence,2026-08-16,1,ES,quantile,0.7,213.89885363501827
2026-08-19,ARI incidence,2026-08-16,1,ES,quantile,0.1,168.63117738093672
2026-08-19,ARI incidence,2026-08-16,1,ES,quantile,0.15,174.08630009250646
2026-08-19,ARI incidence,2026-08-16,1,ES,quantile,0.25,182.83638389019225
2026-08-19,ARI incidence,2026-08-16,1,ES,quantile,0.2,178.85199053124654
2026-08-19,ARI incidence,2026-08-16,1,ES,quantile,0.6,206.46667784101504
2026-08-19,ARI incidence,2026-08-16,1,ES,quantile,0.65,209.96823251643076
2026-08-19,ARI incidence,2026-08-16,1,ES,quantile,0.3,186.46849903748745
2026-08-19,ARI incidence,2026-08-16,1,ES,quantile,0.55,203.0734521427375
2026-08-19,ARI incidence,2026-08-16,1,ES,quantile,0.4,193.1194040998832
2026-08-19,ARI incidence,2026-08-16,1,ES,quantile,0.35,190.00709382605407
2026-08-19,ARI incidence,2026-08-16,1,ES,quantile,0.5,199.60952622539048
2026-08-19,ARI incidence,2026-08-16,1,ES,quantile,0.45,196.33335138940456
2026-08-19,ARI incidence,2026-08-16,1,ES,median,NA,199.60952622539048
2026-08-19,ARI incidence,2026-08-23,2,ES,quantile,0.2,191.93499690321815
2026-08-19,ARI incidence,2026-08-23,2,ES,quantile,0.15,185.90063080321528
2026-08-19,ARI incidence,2026-08-23,2,ES,quantile,0.25,196.81114578592997
2026-08-19,ARI incidence,2026-08-23,2,ES,quantile,0.75,242.1989428112613
2026-08-19,ARI incidence,2026-08-23,2,ES,quantile,0.8,249.02150619824124
2026-08-19,ARI incidence,2026-08-23,2,ES,quantile,0.95,281.01919592491595
2026-08-19,ARI incidence,2026-08-23,2,ES,quantile,0.975,293.6658037194582
2026-08-19,ARI incidence,2026-08-23,2,ES,quantile,0.99,312.99271366894436
2026-08-19,ARI incidence,2026-08-23,2,ES,quantile,0.1,179.52842440232928
2026-08-19,ARI incidence,2026-08-23,2,ES,quantile,0.05,169.94869633859443
2026-08-19,ARI incidence,2026-08-23,2,ES,quantile,0.3,201.59238108318476
2026-08-19,ARI incidence,2026-08-23,2,ES,quantile,0.01,152.98210457045013
2026-08-19,ARI incidence,2026-08-23,2,ES,quantile,0.025,161.84102142545603
2026-08-19,ARI incidence,2026-08-23,2,ES,quantile,0.85,256.03803793476317
2026-08-19,ARI incidence,2026-08-23,2,ES,quantile,0.9,266.47072344576895
2026-08-19,ARI incidence,2026-08-23,2,ES,quantile,0.35,205.6096315432625
2026-08-19,ARI incidence,2026-08-23,2,ES,quantile,0.45,213.90302850335505
2026-08-19,ARI incidence,2026-08-23,2,ES,quantile,0.5,218.29176110785713
2026-08-19,ARI incidence,2026-08-23,2,ES,quantile,0.4,209.64774857259312
2026-08-19,ARI incidence,2026-08-23,2,ES,quantile,0.55,222.69442050038103
2026-08-19,ARI incidence,2026-08-23,2,ES,quantile,0.7,236.9765986835371
2026-08-19,ARI incidence,2026-08-23,2,ES,quantile,0.65,231.81052880204135
2026-08-19,ARI incidence,2026-08-23,2,ES,quantile,0.6,227.0884335093362
2026-08-19,ARI incidence,2026-08-23,2,ES,median,NA,218.29176110785713
2026-08-19,ARI incidence,2026-08-30,3,ES,quantile,0.975,279.2899619445484
2026-08-19,ARI incidence,2026-08-30,3,ES,quantile,0.99,297.3973654866007
2026-08-19,ARI incidence,2026-08-30,3,ES,quantile,0.95,264.30407065789706
2026-08-19,ARI incidence,2026-08-30,3,ES,quantile,0.4,192.58879275981363
2026-08-19,ARI incidence,2026-08-30,3,ES,quantile,0.45,196.8996005362966
2026-08-19,ARI incidence,2026-08-30,3,ES,quantile,0.9,248.1916453214207
2026-08-19,ARI incidence,2026-08-30,3,ES,quantile,0.75,225.2111972915584
2026-08-19,ARI incidence,2026-08-30,3,ES,quantile,0.85,238.2552431344953
2026-08-19,ARI incidence,2026-08-30,3,ES,quantile,0.5,201.08801662767328
2026-08-19,ARI incidence,2026-08-30,3,ES,quantile,0.35,188.41337873712504
2026-08-19,ARI incidence,2026-08-30,3,ES,quantile,0.7,219.5790404070868
2026-08-19,ARI incidence,2026-08-30,3,ES,quantile,0.8,231.28371211643457
2026-08-19,ARI incidence,2026-08-30,3,ES,quantile,0.3,183.90506753594937
2026-08-19,ARI incidence,2026-08-30,3,ES,quantile,0.55,205.88676955661077
2026-08-19,ARI incidence,2026-08-30,3,ES,quantile,0.2,174.2388053963796
2026-08-19,ARI incidence,2026-08-30,3,ES,quantile,0.25,179.20994055106462
2026-08-19,ARI incidence,2026-08-30,3,ES,quantile,0.65,214.77509591377708
2026-08-19,ARI incidence,2026-08-30,3,ES,quantile,0.6,210.2728945202686
2026-08-19,ARI incidence,2026-08-30,3,ES,quantile,0.1,162.11868920432673
2026-08-19,ARI incidence,2026-08-30,3,ES,quantile,0.15,168.66616047774818
2026-08-19,ARI incidence,2026-08-30,3,ES,quantile,0.01,136.2211923256594
2026-08-19,ARI incidence,2026-08-30,3,ES,quantile,0.05,152.77186699098
2026-08-19,ARI incidence,2026-08-30,3,ES,quantile,0.025,145.92483258587615
2026-08-19,ARI incidence,2026-08-30,3,ES,median,NA,201.08801662767328
2026-08-19,ARI incidence,2026-09-06,4,ES,quantile,0.15,205.48546418222097
2026-08-19,ARI incidence,2026-09-06,4,ES,quantile,0.1,200.3717357780268
2026-08-19,ARI incidence,2026-09-06,4,ES,quantile,0.01,181.20139912213105
2026-08-19,ARI incidence,2026-09-06,4,ES,quantile,0.05,193.26433892191483
2026-08-19,ARI incidence,2026-09-06,4,ES,quantile,0.25,213.41187023694735
2026-08-19,ARI incidence,2026-09-06,4,ES,quantile,0.025,187.6529427645819
2026-08-19,ARI incidence,2026-09-06,4,ES,quantile,0.2,209.72510779783337
2026-08-19,ARI incidence,2026-09-06,4,ES,quantile,0.65,237.26131216085977
2026-08-19,ARI incidence,2026-09-06,4,ES,quantile,0.8,248.39856799388477
2026-08-19,ARI incidence,2026-09-06,4,ES,quantile,0.85,253.4554627689681
2026-08-19,ARI incidence,2026-09-06,4,ES,quantile,0.5,228.4250996939935
2026-08-19,ARI incidence,2026-09-06,4,ES,quantile,0.55,231.19884318687724
2026-08-19,ARI incidence,2026-09-06,4,ES,quantile,0.6,234.24149327818944
2026-08-19,ARI incidence,2026-09-06,4,ES,quantile,0.7,240.72161805216865
2026-08-19,ARI incidence,2026-09-06,4,ES,quantile,0.75,244.4775937253967
2026-08-19,ARI incidence,2026-09-06,4,ES,quantile,0.3,216.6397487715152
2026-08-19,ARI incidence,2026-09-06,4,ES,quantile,0.35,219.79188156226456
2026-08-19,ARI incidence,2026-09-06,4,ES,quantile,0.4,222.6264694756115
2026-08-19,ARI incidence,2026-09-06,4,ES,quantile,0.45,225.41899117445325
2026-08-19,ARI incidence,2026-09-06,4,ES,quantile,0.9,259.5270299200959
2026-08-19,ARI incidence,2026-09-06,4,ES,quantile,0.95,269.08680311374667
2026-08-19,ARI incidence,2026-09-06,4,ES,quantile,0.975,277.9871745800557
2026-08-19,ARI incidence,2026-09-06,4,ES,quantile,0.99,288.83697222856665
2026-08-19,ARI incidence,2026-09-06,4,ES,median,NA,228.4250996939935
2026-08-19,ARI incidence,2026-08-16,1,FI,quantile,0.01,1387.1171016342769
2026-08-19,ARI incidence,2026-08-16,1,FI,quantile,0.75,1735.2335335469838
2026-08-19,ARI incidence,2026-08-16,1,FI,quantile,0.85,1781.857307104248
2026-08-19,ARI incidence,2026-08-16,1,FI,quantile,0.9,1816.9257656563211
2026-08-19,ARI incidence,2026-08-16,1,FI,quantile,0.025,1424.1896068433366
2026-08-19,ARI incidence,2026-08-16,1,FI,quantile,0.05,1457.753513949914
2026-08-19,ARI incidence,2026-08-16,1,FI,quantile,0.35,1601.0152020555438
2026-08-19,ARI incidence,2026-08-16,1,FI,quantile,0.15,1524.78835437728
2026-08-19,ARI incidence,2026-08-16,1,FI,quantile,0.4,1617.3109485468008
2026-08-19,ARI incidence,2026-08-16,1,FI,quantile,0.7,1715.8996325619264
2026-08-19,ARI incidence,2026-08-16,1,FI,quantile,0.1,1495.743114893064
2026-08-19,ARI incidence,2026-08-16,1,FI,quantile,0.8,1757.865801530169
2026-08-19,ARI incidence,2026-08-16,1,FI,quantile,0.975,1911.593013697828
2026-08-19,ARI incidence,2026-08-16,1,FI,quantile,0.99,1966.394216393259
2026-08-19,ARI incidence,2026-08-16,1,FI,quantile,0.2,1547.9106376428565
2026-08-19,ARI incidence,2026-08-16,1,FI,quantile,0.25,1567.1272770175449
2026-08-19,ARI incidence,2026-08-16,1,FI,quantile,0.3,1584.6041397612405
2026-08-19,ARI incidence,2026-08-16,1,FI,quantile,0.95,1865.7930874121903
2026-08-19,ARI incidence,2026-08-16,1,FI,quantile,0.45,1632.8083797725428
2026-08-19,ARI incidence,2026-08-16,1,FI,quantile,0.5,1647.7464580696685
2026-08-19,ARI incidence,2026-08-16,1,FI,quantile,0.55,1663.1133486818876
2026-08-19,ARI incidence,2026-08-16,1,FI,quantile,0.6,1679.6367911689545
2026-08-19,ARI incidence,2026-08-16,1,FI,quantile,0.65,1698.2783922770132
2026-08-19,ARI incidence,2026-08-16,1,FI,median,NA,1647.7464580696685
2026-08-19,ARI incidence,2026-08-23,2,FI,quantile,0.01,1301.3021355491917
2026-08-19,ARI incidence,2026-08-23,2,FI,quantile,0.025,1345.5046872324683
2026-08-19,ARI incidence,2026-08-23,2,FI,quantile,0.05,1387.3706025590022
2026-08-19,ARI incidence,2026-08-23,2,FI,quantile,0.1,1441.2630656735405
2026-08-19,ARI incidence,2026-08-23,2,FI,quantile,0.2,1508.3612378577109
2026-08-19,ARI incidence,2026-08-23,2,FI,quantile,0.65,1708.3789955696004
2026-08-19,ARI incidence,2026-08-23,2,FI,quantile,0.7,1731.0780469029255
2026-08-19,ARI incidence,2026-08-23,2,FI,quantile,0.99,2068.7335943849425
2026-08-19,ARI incidence,2026-08-23,2,FI,quantile,0.6,1685.7135611413755
2026-08-19,ARI incidence,2026-08-23,2,FI,quantile,0.15,1478.0753144209905
2026-08-19,ARI incidence,2026-08-23,2,FI,quantile,0.25,1533.689137694057
2026-08-19,ARI incidence,2026-08-23,2,FI,quantile,0.3,1558.223519352747
2026-08-19,ARI incidence,2026-08-23,2,FI,quantile,0.35,1579.1420103732166
2026-08-19,ARI incidence,2026-08-23,2,FI,quantile,0.95,1937.6122065339405
2026-08-19,ARI incidence,2026-08-23,2,FI,quantile,0.975,1996.8615918677845
2026-08-19,ARI incidence,2026-08-23,2,FI,quantile,0.5,1641.811890463222
2026-08-19,ARI incidence,2026-08-23,2,FI,quantile,0.55,1662.45266820721
2026-08-19,ARI incidence,2026-08-23,2,FI,quantile,0.45,1620.8803430410194
2026-08-19,ARI incidence,2026-08-23,2,FI,quantile,0.9,1868.3034260512004
2026-08-19,ARI incidence,2026-08-23,2,FI,quantile,0.4,1600.5920073309076
2026-08-19,ARI incidence,2026-08-23,2,FI,quantile,0.85,1820.8364565624968
2026-08-19,ARI incidence,2026-08-23,2,FI,quantile,0.8,1786.3137186987824
2026-08-19,ARI incidence,2026-08-23,2,FI,quantile,0.75,1757.4061913589576
2026-08-19,ARI incidence,2026-08-23,2,FI,median,NA,1641.811890463222
2026-08-19,ARI incidence,2026-08-30,3,FI,quantile,0.025,1381.0423734879084
2026-08-19,ARI incidence,2026-08-30,3,FI,quantile,0.15,1489.9116804624073
2026-08-19,ARI incidence,2026-08-30,3,FI,quantile,0.05,1417.256728411871
2026-08-19,ARI incidence,2026-08-30,3,FI,quantile,0.99,1963.551531249933
2026-08-19,ARI incidence,2026-08-30,3,FI,quantile,0.1,1460.7410800700316
2026-08-19,ARI incidence,2026-08-30,3,FI,quantile,0.65,1677.4861821716902
2026-08-19,ARI incidence,2026-08-30,3,FI,quantile,0.7,1695.948102090064
2026-08-19,ARI incidence,2026-08-30,3,FI,quantile,0.01,1342.5875963670533
2026-08-19,ARI incidence,2026-08-30,3,FI,quantile,0.6,1658.841627648012
2026-08-19,ARI incidence,2026-08-30,3,FI,quantile,0.75,1716.7373385809856
2026-08-19,ARI incidence,2026-08-30,3,FI,quantile,0.8,1741.4243016152195
2026-08-19,ARI incidence,2026-08-30,3,FI,quantile,0.85,1768.445509890072
2026-08-19,ARI incidence,2026-08-30,3,FI,quantile,0.9,1806.8615011141076
2026-08-19,ARI incidence,2026-08-30,3,FI,quantile,0.975,1914.372896740978
2026-08-19,ARI incidence,2026-08-30,3,FI,quantile,0.55,1641.046460451579
2026-08-19,ARI incidence,2026-08-30,3,FI,quantile,0.2,1512.8880961525726
2026-08-19,ARI incidence,2026-08-30,3,FI,quantile,0.5,1623.0046520833023
2026-08-19,ARI incidence,2026-08-30,3,FI,quantile,0.25,1533.801089511823
2026-08-19,ARI incidence,2026-08-30,3,FI,quantile,0.3,1554.4652425312518
2026-08-19,ARI incidence,2026-08-30,3,FI,quantile,0.95,1863.153879838769
2026-08-19,ARI incidence,2026-08-30,3,FI,quantile,0.4,1589.1922211316328
2026-08-19,ARI incidence,2026-08-30,3,FI,quantile,0.35,1571.2444215532644
2026-08-19,ARI incidence,2026-08-30,3,FI,quantile,0.45,1606.2958899132032
2026-08-19,ARI incidence,2026-08-30,3,FI,median,NA,1623.0046520833023
2026-08-19,ARI incidence,2026-09-06,4,FI,quantile,0.99,1866.977892614413
2026-08-19,ARI incidence,2026-09-06,4,FI,quantile,0.9,1739.2245503237814
2026-08-19,ARI incidence,2026-09-06,4,FI,quantile,0.975,1821.652885727559
2026-08-19,ARI incidence,2026-09-06,4,FI,quantile,0.95,1782.876034522219
2026-08-19,ARI incidence,2026-09-06,4,FI,quantile,0.75,1667.3543104338037
2026-08-19,ARI incidence,2026-09-06,4,FI,quantile,0.8,1686.2302852713426
2026-08-19,ARI incidence,2026-09-06,4,FI,quantile,0.85,1709.7362999723694
2026-08-19,ARI incidence,2026-09-06,4,FI,quantile,0.7,1649.7047551548824
2026-08-19,ARI incidence,2026-09-06,4,FI,quantile,0.65,1633.978062143773
2026-08-19,ARI incidence,2026-09-06,4,FI,quantile,0.2,1500.8200901611526
2026-08-19,ARI incidence,2026-09-06,4,FI,quantile,0.5,1590.9713137087333
2026-08-19,ARI incidence,2026-09-06,4,FI,quantile,0.25,1518.464992072804
2026-08-19,ARI incidence,2026-09-06,4,FI,quantile,0.45,1578.0192248675644
2026-08-19,ARI incidence,2026-09-06,4,FI,quantile,0.55,1604.9744086901828
2026-08-19,ARI incidence,2026-09-06,4,FI,quantile,0.6,1618.6844532855243
2026-08-19,ARI incidence,2026-09-06,4,FI,quantile,0.4,1564.064621150438
2026-08-19,ARI incidence,2026-09-06,4,FI,quantile,0.3,1535.1090651178856
2026-08-19,ARI incidence,2026-09-06,4,FI,quantile,0.35,1550.6584397244249
2026-08-19,ARI incidence,2026-09-06,4,FI,quantile,0.15,1481.2543038325682
2026-08-19,ARI incidence,2026-09-06,4,FI,quantile,0.01,1355.2783235162167
2026-08-19,ARI incidence,2026-09-06,4,FI,quantile,0.025,1389.426358979667
2026-08-19,ARI incidence,2026-09-06,4,FI,quantile,0.05,1419.532132637604
2026-08-19,ARI incidence,2026-09-06,4,FI,quantile,0.1,1455.9986829734678
2026-08-19,ARI incidence,2026-09-06,4,FI,median,NA,1590.9713137087333
2026-08-19,ARI incidence,2026-08-16,1,GB-ENG,quantile,0.65,159.9936026570432
2026-08-19,ARI incidence,2026-08-16,1,GB-ENG,quantile,0.75,162.70606322342607
2026-08-19,ARI incidence,2026-08-16,1,GB-ENG,quantile,0.7,161.31142874318377
2026-08-19,ARI incidence,2026-08-16,1,GB-ENG,quantile,0.1,145.53679247045957
2026-08-19,ARI incidence,2026-08-16,1,GB-ENG,quantile,0.15,147.63457904643906
2026-08-19,ARI incidence,2026-08-16,1,GB-ENG,quantile,0.2,149.28423308363236
2026-08-19,ARI incidence,2026-08-16,1,GB-ENG,quantile,0.25,150.6633951129523
2026-08-19,ARI incidence,2026-08-16,1,GB-ENG,quantile,0.4,154.3466438841491
2026-08-19,ARI incidence,2026-08-16,1,GB-ENG,quantile,0.55,157.67813494459955
2026-08-19,ARI incidence,2026-08-16,1,GB-ENG,quantile,0.3,151.96501733476214
2026-08-19,ARI incidence,2026-08-16,1,GB-ENG,quantile,0.35,153.22567814996967
2026-08-19,ARI incidence,2026-08-16,1,GB-ENG,quantile,0.45,155.50537436616025
2026-08-19,ARI incidence,2026-08-16,1,GB-ENG,quantile,0.5,156.55115933169586
2026-08-19,ARI incidence,2026-08-16,1,GB-ENG,quantile,0.9,168.23670507160955
2026-08-19,ARI incidence,2026-08-16,1,GB-ENG,quantile,0.6,158.8424828662073
2026-08-19,ARI incidence,2026-08-16,1,GB-ENG,quantile,0.8,164.2308532711115
2026-08-19,ARI incidence,2026-08-16,1,GB-ENG,quantile,0.85,166.00160837588157
2026-08-19,ARI incidence,2026-08-16,1,GB-ENG,quantile,0.95,171.52325386612114
2026-08-19,ARI incidence,2026-08-16,1,GB-ENG,quantile,0.975,174.5087611557075
2026-08-19,ARI incidence,2026-08-16,1,GB-ENG,quantile,0.99,177.81303722404996
2026-08-19,ARI incidence,2026-08-16,1,GB-ENG,quantile,0.01,137.34853835736885
2026-08-19,ARI incidence,2026-08-16,1,GB-ENG,quantile,0.025,140.05707665795566
2026-08-19,ARI incidence,2026-08-16,1,GB-ENG,quantile,0.05,142.76968592014725
2026-08-19,ARI incidence,2026-08-16,1,GB-ENG,median,NA,156.55115933169586
2026-08-19,ARI incidence,2026-08-23,2,GB-ENG,quantile,0.01,121.41861830267966
2026-08-19,ARI incidence,2026-08-23,2,GB-ENG,quantile,0.025,126.74435459397957
2026-08-19,ARI incidence,2026-08-23,2,GB-ENG,quantile,0.05,131.2156925048003
2026-08-19,ARI incidence,2026-08-23,2,GB-ENG,quantile,0.1,136.264794272219
2026-08-19,ARI incidence,2026-08-23,2,GB-ENG,quantile,0.15,140.05376259366454
2026-08-19,ARI incidence,2026-08-23,2,GB-ENG,quantile,0.2,143.18117832524632
2026-08-19,ARI incidence,2026-08-23,2,GB-ENG,quantile,0.25,145.79197777703422
2026-08-19,ARI incidence,2026-08-23,2,GB-ENG,quantile,0.3,148.05075084755595
2026-08-19,ARI incidence,2026-08-23,2,GB-ENG,quantile,0.35,150.24773304658558
2026-08-19,ARI incidence,2026-08-23,2,GB-ENG,quantile,0.4,152.38500754686294
2026-08-19,ARI incidence,2026-08-23,2,GB-ENG,quantile,0.45,154.45052846192414
2026-08-19,ARI incidence,2026-08-23,2,GB-ENG,quantile,0.5,156.35577766002808
2026-08-19,ARI incidence,2026-08-23,2,GB-ENG,quantile,0.55,158.34658729438797
2026-08-19,ARI incidence,2026-08-23,2,GB-ENG,quantile,0.6,160.5147677857828
2026-08-19,ARI incidence,2026-08-23,2,GB-ENG,quantile,0.65,162.9938745926826
2026-08-19,ARI incidence,2026-08-23,2,GB-ENG,quantile,0.7,165.40971832610666
2026-08-19,ARI incidence,2026-08-23,2,GB-ENG,quantile,0.75,168.15200193082796
2026-08-19,ARI incidence,2026-08-23,2,GB-ENG,quantile,0.8,171.42992476683466
2026-08-19,ARI incidence,2026-08-23,2,GB-ENG,quantile,0.85,174.98373114609936
2026-08-19,ARI incidence,2026-08-23,2,GB-ENG,quantile,0.9,179.55733206998192
2026-08-19,ARI incidence,2026-08-23,2,GB-ENG,quantile,0.975,193.9796646822971
2026-08-19,ARI incidence,2026-08-23,2,GB-ENG,quantile,0.99,200.99616601612055
2026-08-19,ARI incidence,2026-08-23,2,GB-ENG,quantile,0.95,187.2498086761405
2026-08-19,ARI incidence,2026-08-23,2,GB-ENG,median,NA,156.35577766002808
2026-08-19,ARI incidence,2026-08-30,3,GB-ENG,quantile,0.7,161.48709751354437
2026-08-19,ARI incidence,2026-08-30,3,GB-ENG,quantile,0.2,154.1091434479171
2026-08-19,ARI incidence,2026-08-30,3,GB-ENG,quantile,0.65,160.72755474195685
2026-08-19,ARI incidence,2026-08-30,3,GB-ENG,quantile,0.1,151.68642909171612
2026-08-19,ARI incidence,2026-08-30,3,GB-ENG,quantile,0.15,153.06561229849146
2026-08-19,ARI incidence,2026-08-30,3,GB-ENG,quantile,0.3,155.77330808120837
2026-08-19,ARI incidence,2026-08-30,3,GB-ENG,quantile,0.35,156.50691084464876
2026-08-19,ARI incidence,2026-08-30,3,GB-ENG,quantile,0.4,157.2471541343155
2026-08-19,ARI incidence,2026-08-30,3,GB-ENG,quantile,0.45,157.8625896366608
2026-08-19,ARI incidence,2026-08-30,3,GB-ENG,quantile,0.5,158.54944239658928
2026-08-19,ARI incidence,2026-08-30,3,GB-ENG,quantile,0.25,155.01411072732265
2026-08-19,ARI incidence,2026-08-30,3,GB-ENG,quantile,0.55,159.22391574978792
2026-08-19,ARI incidence,2026-08-30,3,GB-ENG,quantile,0.6,160.00266701087952
2026-08-19,ARI incidence,2026-08-30,3,GB-ENG,quantile,0.01,146.5350077966261
2026-08-19,ARI incidence,2026-08-30,3,GB-ENG,quantile,0.025,148.4055737499591
2026-08-19,ARI incidence,2026-08-30,3,GB-ENG,quantile,0.05,149.95582277385122
2026-08-19,ARI incidence,2026-08-30,3,GB-ENG,quantile,0.75,162.35999233687352
2026-08-19,ARI incidence,2026-08-30,3,GB-ENG,quantile,0.8,163.29120387473313
2026-08-19,ARI incidence,2026-08-30,3,GB-ENG,quantile,0.85,164.3872810959609
2026-08-19,ARI incidence,2026-08-30,3,GB-ENG,quantile,0.95,167.81785031735885
2026-08-19,ARI incidence,2026-08-30,3,GB-ENG,quantile,0.9,165.812661414282
2026-08-19,ARI incidence,2026-08-30,3,GB-ENG,quantile,0.975,169.628677651091
2026-08-19,ARI incidence,2026-08-30,3,GB-ENG,quantile,0.99,171.86468931089215
2026-08-19,ARI incidence,2026-08-30,3,GB-ENG,median,NA,158.54944239658928
2026-08-19,ARI incidence,2026-09-06,4,GB-ENG,quantile,0.75,147.7306312942192
2026-08-19,ARI incidence,2026-09-06,4,GB-ENG,quantile,0.8,150.83337493041057
2026-08-19,ARI incidence,2026-09-06,4,GB-ENG,quantile,0.15,118.89725710059268
2026-08-19,ARI incidence,2026-09-06,4,GB-ENG,quantile,0.9,159.47101793622286
2026-08-19,ARI incidence,2026-09-06,4,GB-ENG,quantile,0.95,166.73545811309123
2026-08-19,ARI incidence,2026-09-06,4,GB-ENG,quantile,0.975,173.18753686610668
2026-08-19,ARI incidence,2026-09-06,4,GB-ENG,quantile,0.99,181.3473600126705
2026-08-19,ARI incidence,2026-09-06,4,GB-ENG,quantile,0.65,142.4973370572468
2026-08-19,ARI incidence,2026-09-06,4,GB-ENG,quantile,0.7,145.02335067173044
2026-08-19,ARI incidence,2026-09-06,4,GB-ENG,quantile,0.85,154.58897571756742
2026-08-19,ARI incidence,2026-09-06,4,GB-ENG,quantile,0.01,101.75797963055652
2026-08-19,ARI incidence,2026-09-06,4,GB-ENG,quantile,0.025,105.91248004508012
2026-08-19,ARI incidence,2026-09-06,4,GB-ENG,quantile,0.05,110.20082035322058
2026-08-19,ARI incidence,2026-09-06,4,GB-ENG,quantile,0.2,121.84160948131056
2026-08-19,ARI incidence,2026-09-06,4,GB-ENG,quantile,0.25,124.39656476676696
2026-08-19,ARI incidence,2026-09-06,4,GB-ENG,quantile,0.3,126.79783484137904
2026-08-19,ARI incidence,2026-09-06,4,GB-ENG,quantile,0.35,129.12079104775734
2026-08-19,ARI incidence,2026-09-06,4,GB-ENG,quantile,0.4,131.15429717056543
2026-08-19,ARI incidence,2026-09-06,4,GB-ENG,quantile,0.45,133.38001385883166
2026-08-19,ARI incidence,2026-09-06,4,GB-ENG,quantile,0.5,135.64605559399243
2026-08-19,ARI incidence,2026-09-06,4,GB-ENG,quantile,0.55,137.8393016408192
2026-08-19,ARI incidence,2026-09-06,4,GB-ENG,quantile,0.6,140.0635448860776
2026-08-19,ARI incidence,2026-09-06,4,GB-ENG,quantile,0.1,115.12018566512914
2026-08-19,ARI incidence,2026-09-06,4,GB-ENG,median,NA,135.64605559399243
2026-08-19,ARI incidence,2026-08-16,1,GB-NIR,quantile,0.01,48.360063529624576
2026-08-19,ARI incidence,2026-08-16,1,GB-NIR,quantile,0.35,84.91827941621368
2026-08-19,ARI incidence,2026-08-16,1,GB-NIR,quantile,0.3,81.67235391123307
2026-08-19,ARI incidence,2026-08-16,1,GB-NIR,quantile,0.025,53.63282017441509
2026-08-19,ARI incidence,2026-08-16,1,GB-NIR,quantile,0.15,70.41420283424578
2026-08-19,ARI incidence,2026-08-16,1,GB-NIR,quantile,0.1,65.68694960715757
2026-08-19,ARI incidence,2026-08-16,1,GB-NIR,quantile,0.05,59.0477310013731
2026-08-19,ARI incidence,2026-08-16,1,GB-NIR,quantile,0.85,129.55906775803302
2026-08-19,ARI incidence,2026-08-16,1,GB-NIR,quantile,0.4,88.42312610936091
2026-08-19,ARI incidence,2026-08-16,1,GB-NIR,quantile,0.25,78.27845808832828
2026-08-19,ARI incidence,2026-08-16,1,GB-NIR,quantile,0.95,155.37398661745542
2026-08-19,ARI incidence,2026-08-16,1,GB-NIR,quantile,0.6,102.22545049184232
2026-08-19,ARI incidence,2026-08-16,1,GB-NIR,quantile,0.55,98.7372355681579
2026-08-19,ARI incidence,2026-08-16,1,GB-NIR,quantile,0.45,91.74182223547538
2026-08-19,ARI incidence,2026-08-16,1,GB-NIR,quantile,0.7,111.05163757199576
2026-08-19,ARI incidence,2026-08-16,1,GB-NIR,quantile,0.975,169.62120576409075
2026-08-19,ARI incidence,2026-08-16,1,GB-NIR,quantile,0.75,116.29412944817696
2026-08-19,ARI incidence,2026-08-16,1,GB-NIR,quantile,0.9,139.14232478586135
2026-08-19,ARI incidence,2026-08-16,1,GB-NIR,quantile,0.65,106.2864212338022
2026-08-19,ARI incidence,2026-08-16,1,GB-NIR,quantile,0.8,122.2299986782778
2026-08-19,ARI incidence,2026-08-16,1,GB-NIR,quantile,0.99,189.9136884216191
2026-08-19,ARI incidence,2026-08-16,1,GB-NIR,quantile,0.5,95.0945993761574
2026-08-19,ARI incidence,2026-08-16,1,GB-NIR,quantile,0.2,74.39295036239977
2026-08-19,ARI incidence,2026-08-16,1,GB-NIR,median,NA,95.0945993761574
2026-08-19,ARI incidence,2026-08-23,2,GB-NIR,quantile,0.99,197.3354151068484
2026-08-19,ARI incidence,2026-08-23,2,GB-NIR,quantile,0.975,177.11530955868528
2026-08-19,ARI incidence,2026-08-23,2,GB-NIR,quantile,0.85,133.59639751955876
2026-08-19,ARI incidence,2026-08-23,2,GB-NIR,quantile,0.9,143.89055068730147
2026-08-19,ARI incidence,2026-08-23,2,GB-NIR,quantile,0.8,126.303464701587
2026-08-19,ARI incidence,2026-08-23,2,GB-NIR,quantile,0.95,160.8247073219549
2026-08-19,ARI incidence,2026-08-23,2,GB-NIR,quantile,0.35,87.40377695460495
2026-08-19,ARI incidence,2026-08-23,2,GB-NIR,quantile,0.75,120.02915409633876
2026-08-19,ARI incidence,2026-08-23,2,GB-NIR,quantile,0.025,54.130906906828415
2026-08-19,ARI incidence,2026-08-23,2,GB-NIR,quantile,0.05,59.51761538878067
2026-08-19,ARI incidence,2026-08-23,2,GB-NIR,quantile,0.65,110.10942820458985
2026-08-19,ARI incidence,2026-08-23,2,GB-NIR,quantile,0.4,90.82331926927056
2026-08-19,ARI incidence,2026-08-23,2,GB-NIR,quantile,0.01,48.18172391902903
2026-08-19,ARI incidence,2026-08-23,2,GB-NIR,quantile,0.1,66.83243683388656
2026-08-19,ARI incidence,2026-08-23,2,GB-NIR,quantile,0.7,114.55994509365036
2026-08-19,ARI incidence,2026-08-23,2,GB-NIR,quantile,0.15,71.7011423104979
2026-08-19,ARI incidence,2026-08-23,2,GB-NIR,quantile,0.25,80.0942284930517
2026-08-19,ARI incidence,2026-08-23,2,GB-NIR,quantile,0.55,101.83897118490292
2026-08-19,ARI incidence,2026-08-23,2,GB-NIR,quantile,0.45,94.53562850729551
2026-08-19,ARI incidence,2026-08-23,2,GB-NIR,quantile,0.6,105.79256608118462
2026-08-19,ARI incidence,2026-08-23,2,GB-NIR,quantile,0.2,76.26299422746612
2026-08-19,ARI incidence,2026-08-23,2,GB-NIR,quantile,0.5,98.1485439951726
2026-08-19,ARI incidence,2026-08-23,2,GB-NIR,quantile,0.3,84.05129052675437
2026-08-19,ARI incidence,2026-08-23,2,GB-NIR,median,NA,98.1485439951726
2026-08-19,ARI incidence,2026-08-30,3,GB-NIR,quantile,0.975,162.02807435898856
2026-08-19,ARI incidence,2026-08-30,3,GB-NIR,quantile,0.99,179.60482984962889
2026-08-19,ARI incidence,2026-08-30,3,GB-NIR,quantile,0.75,113.72943212659877
2026-08-19,ARI incidence,2026-08-30,3,GB-NIR,quantile,0.8,119.01231564773322
2026-08-19,ARI incidence,2026-08-30,3,GB-NIR,quantile,0.9,133.4614567641838
2026-08-19,ARI incidence,2026-08-30,3,GB-NIR,quantile,0.95,148.01410778064502
2026-08-19,ARI incidence,2026-08-30,3,GB-NIR,quantile,0.85,124.96890112604402
2026-08-19,ARI incidence,2026-08-30,3,GB-NIR,quantile,0.7,109.29365956440546
2026-08-19,ARI incidence,2026-08-30,3,GB-NIR,quantile,0.5,95.08257409060924
2026-08-19,ARI incidence,2026-08-30,3,GB-NIR,quantile,0.55,98.28544149948564
2026-08-19,ARI incidence,2026-08-30,3,GB-NIR,quantile,0.4,88.84215081652133
2026-08-19,ARI incidence,2026-08-30,3,GB-NIR,quantile,0.45,92.052541697798
2026-08-19,ARI incidence,2026-08-30,3,GB-NIR,quantile,0.3,82.3852354135984
2026-08-19,ARI incidence,2026-08-30,3,GB-NIR,quantile,0.35,85.59235009922857
2026-08-19,ARI incidence,2026-08-30,3,GB-NIR,quantile,0.25,79.05599897856189
2026-08-19,ARI incidence,2026-08-30,3,GB-NIR,quantile,0.6,101.76472702129954
2026-08-19,ARI incidence,2026-08-30,3,GB-NIR,quantile,0.65,105.32804047138508
2026-08-19,ARI incidence,2026-08-30,3,GB-NIR,quantile,0.2,75.70207853665265
2026-08-19,ARI incidence,2026-08-30,3,GB-NIR,quantile,0.15,71.76589536778096
2026-08-19,ARI incidence,2026-08-30,3,GB-NIR,quantile,0.025,55.980980827422776
2026-08-19,ARI incidence,2026-08-30,3,GB-NIR,quantile,0.05,60.81973054719166
2026-08-19,ARI incidence,2026-08-30,3,GB-NIR,quantile,0.1,67.19773814085143
2026-08-19,ARI incidence,2026-08-30,3,GB-NIR,quantile,0.01,51.26677323039761
2026-08-19,ARI incidence,2026-08-30,3,GB-NIR,median,NA,95.08257409060924
2026-08-19,ARI incidence,2026-09-06,4,GB-NIR,quantile,0.35,81.48902538394532
2026-08-19,ARI incidence,2026-09-06,4,GB-NIR,quantile,0.4,85.6863918864155
2026-08-19,ARI incidence,2026-09-06,4,GB-NIR,quantile,0.6,102.15355531452178
2026-08-19,ARI incidence,2026-09-06,4,GB-NIR,quantile,0.1,59.94696771759473
2026-08-19,ARI incidence,2026-09-06,4,GB-NIR,quantile,0.15,65.07836439949392
2026-08-19,ARI incidence,2026-09-06,4,GB-NIR,quantile,0.2,69.76558541989343
2026-08-19,ARI incidence,2026-09-06,4,GB-NIR,quantile,0.25,73.80243738099034
2026-08-19,ARI incidence,2026-09-06,4,GB-NIR,quantile,0.45,89.61954905633249
2026-08-19,ARI incidence,2026-09-06,4,GB-NIR,quantile,0.5,93.63131746676932
2026-08-19,ARI incidence,2026-09-06,4,GB-NIR,quantile,0.65,106.74903362987186
2026-08-19,ARI incidence,2026-09-06,4,GB-NIR,quantile,0.3,77.72096092694542
2026-08-19,ARI incidence,2026-09-06,4,GB-NIR,quantile,0.55,97.9954308274516
2026-08-19,ARI incidence,2026-09-06,4,GB-NIR,quantile,0.8,125.21015178940831
2026-08-19,ARI incidence,2026-09-06,4,GB-NIR,quantile,0.01,42.20896321643353
2026-08-19,ARI incidence,2026-09-06,4,GB-NIR,quantile,0.025,47.70621276120111
2026-08-19,ARI incidence,2026-09-06,4,GB-NIR,quantile,0.05,53.08531805754682
2026-08-19,ARI incidence,2026-09-06,4,GB-NIR,quantile,0.85,134.77578432959558
2026-08-19,ARI incidence,2026-09-06,4,GB-NIR,quantile,0.9,146.4750712502928
2026-08-19,ARI incidence,2026-09-06,4,GB-NIR,quantile,0.99,211.31302136046463
2026-08-19,ARI incidence,2026-09-06,4,GB-NIR,quantile,0.7,112.30829199217568
2026-08-19,ARI incidence,2026-09-06,4,GB-NIR,quantile,0.75,118.43612367139283
2026-08-19,ARI incidence,2026-09-06,4,GB-NIR,quantile,0.95,167.27076408660787
2026-08-19,ARI incidence,2026-09-06,4,GB-NIR,quantile,0.975,186.37893567768097
2026-08-19,ARI incidence,2026-09-06,4,GB-NIR,median,NA,93.63131746676932
2026-08-19,ARI incidence,2026-08-16,1,HU,quantile,0.05,315.4226534132802
2026-08-19,ARI incidence,2026-08-16,1,HU,quantile,0.01,296.3518640748059
2026-08-19,ARI incidence,2026-08-16,1,HU,quantile,0.025,306.07061702911574
2026-08-19,ARI incidence,2026-08-16,1,HU,quantile,0.1,325.862439523327
2026-08-19,ARI incidence,2026-08-16,1,HU,quantile,0.8,396.78670414853315
2026-08-19,ARI incidence,2026-08-16,1,HU,quantile,0.6,375.9537516748686
2026-08-19,ARI incidence,2026-08-16,1,HU,quantile,0.75,390.94236380887565
2026-08-19,ARI incidence,2026-08-16,1,HU,quantile,0.55,371.512475226834
2026-08-19,ARI incidence,2026-08-16,1,HU,quantile,0.4,359.02290887604164
2026-08-19,ARI incidence,2026-08-16,1,HU,quantile,0.2,340.2866608073649
2026-08-19,ARI incidence,2026-08-16,1,HU,quantile,0.3,350.0317763507701
2026-08-19,ARI incidence,2026-08-16,1,HU,quantile,0.15,333.6601430989511
2026-08-19,ARI incidence,2026-08-16,1,HU,quantile,0.95,427.26380616947654
2026-08-19,ARI incidence,2026-08-16,1,HU,quantile,0.35,354.535614946084
2026-08-19,ARI incidence,2026-08-16,1,HU,quantile,0.85,404.1491497908068
2026-08-19,ARI incidence,2026-08-16,1,HU,quantile,0.25,345.42576589180834
2026-08-19,ARI incidence,2026-08-16,1,HU,quantile,0.9,413.04604362402466
2026-08-19,ARI incidence,2026-08-16,1,HU,quantile,0.45,363.1620262652947
2026-08-19,ARI incidence,2026-08-16,1,HU,quantile,0.65,380.70197702247094
2026-08-19,ARI incidence,2026-08-16,1,HU,quantile,0.7,385.5029419718584
2026-08-19,ARI incidence,2026-08-16,1,HU,quantile,0.5,367.33704097150815
2026-08-19,ARI incidence,2026-08-16,1,HU,quantile,0.975,437.99634771295337
2026-08-19,ARI incidence,2026-08-16,1,HU,quantile,0.99,455.54247051185274
2026-08-19,ARI incidence,2026-08-16,1,HU,median,NA,367.33704097150815
2026-08-19,ARI incidence,2026-08-23,2,HU,quantile,0.95,412.9048872942821
2026-08-19,ARI incidence,2026-08-23,2,HU,quantile,0.975,429.69732229906174
2026-08-19,ARI incidence,2026-08-23,2,HU,quantile,0.99,452.7053090670286
2026-08-19,ARI incidence,2026-08-23,2,HU,quantile,0.9,396.546108807861
2026-08-19,ARI incidence,2026-08-23,2,HU,quantile,0.7,358.5074351816687
2026-08-19,ARI incidence,2026-08-23,2,HU,quantile,0.85,383.6805532898241
2026-08-19,ARI incidence,2026-08-23,2,HU,quantile,0.65,352.15589831458954
2026-08-19,ARI incidence,2026-08-23,2,HU,quantile,0.75,365.485538277983
2026-08-19,ARI incidence,2026-08-23,2,HU,quantile,0.6,345.6568950107756
2026-08-19,ARI incidence,2026-08-23,2,HU,quantile,0.8,373.9562489647372
2026-08-19,ARI incidence,2026-08-23,2,HU,quantile,0.45,328.7880035802252
2026-08-19,ARI incidence,2026-08-23,2,HU,quantile,0.5,334.6906619688143
2026-08-19,ARI incidence,2026-08-23,2,HU,quantile,0.55,340.13901416549834
2026-08-19,ARI incidence,2026-08-23,2,HU,quantile,0.3,311.7765747413435
2026-08-19,ARI incidence,2026-08-23,2,HU,quantile,0.35,317.371955394124
2026-08-19,ARI incidence,2026-08-23,2,HU,quantile,0.4,323.3408649069925
2026-08-19,ARI incidence,2026-08-23,2,HU,quantile,0.01,244.9213879994928
2026-08-19,ARI incidence,2026-08-23,2,HU,quantile,0.025,257.945094337414
2026-08-19,ARI incidence,2026-08-23,2,HU,quantile,0.05,268.5571342637494
2026-08-19,ARI incidence,2026-08-23,2,HU,quantile,0.2,299.56436981924134
2026-08-19,ARI incidence,2026-08-23,2,HU,quantile,0.1,282.62505054157907
2026-08-19,ARI incidence,2026-08-23,2,HU,quantile,0.15,291.8277885841833
2026-08-19,ARI incidence,2026-08-23,2,HU,quantile,0.25,306.0364800783731
2026-08-19,ARI incidence,2026-08-23,2,HU,median,NA,334.6906619688143
2026-08-19,ARI incidence,2026-08-30,3,HU,quantile,0.5,343.2148540446382
2026-08-19,ARI incidence,2026-08-30,3,HU,quantile,0.3,308.31198779220216
2026-08-19,ARI incidence,2026-08-30,3,HU,quantile,0.35,317.35682358805093
2026-08-19,ARI incidence,2026-08-30,3,HU,quantile,0.4,325.8773517769715
2026-08-19,ARI incidence,2026-08-30,3,HU,quantile,0.45,334.5392688888501
2026-08-19,ARI incidence,2026-08-30,3,HU,quantile,0.05,242.85161539668695
2026-08-19,ARI incidence,2026-08-30,3,HU,quantile,0.1,261.92222299675683
2026-08-19,ARI incidence,2026-08-30,3,HU,quantile,0.15,275.6724139995141
2026-08-19,ARI incidence,2026-08-30,3,HU,quantile,0.2,287.3715902399317
2026-08-19,ARI incidence,2026-08-30,3,HU,quantile,0.25,298.10601974604583
2026-08-19,ARI incidence,2026-08-30,3,HU,quantile,0.01,211.6328024009652
2026-08-19,ARI incidence,2026-08-30,3,HU,quantile,0.025,228.24459514078063
2026-08-19,ARI incidence,2026-08-30,3,HU,quantile,0.55,353.51608234617055
2026-08-19,ARI incidence,2026-08-30,3,HU,quantile,0.6,363.7339351256453
2026-08-19,ARI incidence,2026-08-30,3,HU,quantile,0.65,374.19441205100406
2026-08-19,ARI incidence,2026-08-30,3,HU,quantile,0.99,564.7676635067567
2026-08-19,ARI incidence,2026-08-30,3,HU,quantile,0.975,524.9794008236415
2026-08-19,ARI incidence,2026-08-30,3,HU,quantile,0.7,385.06942465148626
2026-08-19,ARI incidence,2026-08-30,3,HU,quantile,0.75,397.4389515694603
2026-08-19,ARI incidence,2026-08-30,3,HU,quantile,0.8,411.5900914746061
2026-08-19,ARI incidence,2026-08-30,3,HU,quantile,0.85,428.7554778369035
2026-08-19,ARI incidence,2026-08-30,3,HU,quantile,0.9,450.85953082203247
2026-08-19,ARI incidence,2026-08-30,3,HU,quantile,0.95,485.87594502494784
2026-08-19,ARI incidence,2026-08-30,3,HU,median,NA,343.2148540446382
2026-08-19,ARI incidence,2026-09-06,4,HU,quantile,0.2,295.6209725421976
2026-08-19,ARI incidence,2026-09-06,4,HU,quantile,0.15,285.0496829687995
2026-08-19,ARI incidence,2026-09-06,4,HU,quantile,0.1,270.67181443466916
2026-08-19,ARI incidence,2026-09-06,4,HU,quantile,0.05,251.0428714607648
2026-08-19,ARI incidence,2026-09-06,4,HU,quantile,0.025,233.9725728067302
2026-08-19,ARI incidence,2026-09-06,4,HU,quantile,0.25,306.1083382654127
2026-08-19,ARI incidence,2026-09-06,4,HU,quantile,0.3,315.5220287688158
2026-08-19,ARI incidence,2026-09-06,4,HU,quantile,0.99,563.5025612900963
2026-08-19,ARI incidence,2026-09-06,4,HU,quantile,0.65,378.9857122995493
2026-08-19,ARI incidence,2026-09-06,4,HU,quantile,0.7,390.5936020805972
2026-08-19,ARI incidence,2026-09-06,4,HU,quantile,0.75,401.8955146392576
2026-08-19,ARI incidence,2026-09-06,4,HU,quantile,0.8,417.2951927644067
2026-08-19,ARI incidence,2026-09-06,4,HU,quantile,0.35,324.1912086718357
2026-08-19,ARI incidence,2026-09-06,4,HU,quantile,0.4,333.320833280232
2026-08-19,ARI incidence,2026-09-06,4,HU,quantile,0.45,341.67885842493206
2026-08-19,ARI incidence,2026-09-06,4,HU,quantile,0.5,350.18007247242645
2026-08-19,ARI incidence,2026-09-06,4,HU,quantile,0.55,358.8109867871752
2026-08-19,ARI incidence,2026-09-06,4,HU,quantile,0.6,368.0398083744467
2026-08-19,ARI incidence,2026-09-06,4,HU,quantile,0.85,433.246373212935
2026-08-19,ARI incidence,2026-09-06,4,HU,quantile,0.9,454.7855736162199
2026-08-19,ARI incidence,2026-09-06,4,HU,quantile,0.01,218.51926142116625
2026-08-19,ARI incidence,2026-09-06,4,HU,quantile,0.95,491.3066618361257
2026-08-19,ARI incidence,2026-09-06,4,HU,quantile,0.975,526.5240314859429
2026-08-19,ARI incidence,2026-09-06,4,HU,median,NA,350.18007247242645
2026-08-19,ARI incidence,2026-08-16,1,IE,quantile,0.2,15.61873521456268
2026-08-19,ARI incidence,2026-08-16,1,IE,quantile,0.15,15.155317681410114
2026-08-19,ARI incidence,2026-08-16,1,IE,quantile,0.25,16.000593525505693
2026-08-19,ARI incidence,2026-08-16,1,IE,quantile,0.3,16.355154151835432
2026-08-19,ARI incidence,2026-08-16,1,IE,quantile,0.1,14.644077227457425
2026-08-19,ARI incidence,2026-08-16,1,IE,quantile,0.8,20.019943161084537
2026-08-19,ARI incidence,2026-08-16,1,IE,quantile,0.01,12.57561990396394
2026-08-19,ARI incidence,2026-08-16,1,IE,quantile,0.05,13.898609499420578
2026-08-19,ARI incidence,2026-08-16,1,IE,quantile,0.7,19.159179387694856
2026-08-19,ARI incidence,2026-08-16,1,IE,quantile,0.75,19.565768599586896
2026-08-19,ARI incidence,2026-08-16,1,IE,quantile,0.65,18.747451064238405
2026-08-19,ARI incidence,2026-08-16,1,IE,quantile,0.9,21.415002833192453
2026-08-19,ARI incidence,2026-08-16,1,IE,quantile,0.025,13.250860873977713
2026-08-19,ARI incidence,2026-08-16,1,IE,quantile,0.85,20.627677344541823
2026-08-19,ARI incidence,2026-08-16,1,IE,quantile,0.4,17.039425885520892
2026-08-19,ARI incidence,2026-08-16,1,IE,quantile,0.6,18.37742559555105
2026-08-19,ARI incidence,2026-08-16,1,IE,quantile,0.35,16.69905569244679
2026-08-19,ARI incidence,2026-08-16,1,IE,quantile,0.45,17.376102299385806
2026-08-19,ARI incidence,2026-08-16,1,IE,quantile,0.5,17.69311527805461
2026-08-19,ARI incidence,2026-08-16,1,IE,quantile,0.55,18.03347926893467
2026-08-19,ARI incidence,2026-08-16,1,IE,quantile,0.975,23.643844079431492
2026-08-19,ARI incidence,2026-08-16,1,IE,quantile,0.99,25.010209474100925
2026-08-19,ARI incidence,2026-08-16,1,IE,quantile,0.95,22.58862299141984
2026-08-19,ARI incidence,2026-08-16,1,IE,median,NA,17.69311527805461
2026-08-19,ARI incidence,2026-08-23,2,IE,quantile,0.25,19.840870231751985
2026-08-19,ARI incidence,2026-08-23,2,IE,quantile,0.3,20.37435073435796
2026-08-19,ARI incidence,2026-08-23,2,IE,quantile,0.15,18.650182489507433
2026-08-19,ARI incidence,2026-08-23,2,IE,quantile,0.2,19.278923073393077
2026-08-19,ARI incidence,2026-08-23,2,IE,quantile,0.05,16.74522323684769
2026-08-19,ARI incidence,2026-08-23,2,IE,quantile,0.1,17.885726465479657
2026-08-19,ARI incidence,2026-08-23,2,IE,quantile,0.7,24.42144327161838
2026-08-19,ARI incidence,2026-08-23,2,IE,quantile,0.5,22.313786188159668
2026-08-19,ARI incidence,2026-08-23,2,IE,quantile,0.55,22.81482444918354
2026-08-19,ARI incidence,2026-08-23,2,IE,quantile,0.025,15.76251377698668
2026-08-19,ARI incidence,2026-08-23,2,IE,quantile,0.35,20.89173568219376
2026-08-19,ARI incidence,2026-08-23,2,IE,quantile,0.45,21.841408244178595
2026-08-19,ARI incidence,2026-08-23,2,IE,quantile,0.75,25.142893493376423
2026-08-19,ARI incidence,2026-08-23,2,IE,quantile,0.8,25.894570093745976
2026-08-19,ARI incidence,2026-08-23,2,IE,quantile,0.85,26.732343705736763
2026-08-19,ARI incidence,2026-08-23,2,IE,quantile,0.9,27.733363234981987
2026-08-19,ARI incidence,2026-08-23,2,IE,quantile,0.95,29.54116008229358
2026-08-19,ARI incidence,2026-08-23,2,IE,quantile,0.975,31.209958890265547
2026-08-19,ARI incidence,2026-08-23,2,IE,quantile,0.99,33.44525690941221
2026-08-19,ARI incidence,2026-08-23,2,IE,quantile,0.01,14.73815780918614
2026-08-19,ARI incidence,2026-08-23,2,IE,quantile,0.4,21.381749533868778
2026-08-19,ARI incidence,2026-08-23,2,IE,quantile,0.6,23.28982350889764
2026-08-19,ARI incidence,2026-08-23,2,IE,quantile,0.65,23.84314178479771
2026-08-19,ARI incidence,2026-08-23,2,IE,median,NA,22.313786188159668
2026-08-19,ARI incidence,2026-08-30,3,IE,quantile,0.45,19.283694947985097
2026-08-19,ARI incidence,2026-08-30,3,IE,quantile,0.6,19.913901333268157
2026-08-19,ARI incidence,2026-08-30,3,IE,quantile,0.55,19.697498820386055
2026-08-19,ARI incidence,2026-08-30,3,IE,quantile,0.5,19.485111910852517
2026-08-19,ARI incidence,2026-08-30,3,IE,quantile,0.4,19.084396939208307
2026-08-19,ARI incidence,2026-08-30,3,IE,quantile,0.025,16.5491286256443
2026-08-19,ARI incidence,2026-08-30,3,IE,quantile,0.05,16.94693480904953
2026-08-19,ARI incidence,2026-08-30,3,IE,quantile,0.1,17.485759431484396
2026-08-19,ARI incidence,2026-08-30,3,IE,quantile,0.15,17.858907189563702
2026-08-19,ARI incidence,2026-08-30,3,IE,quantile,0.2,18.148549019420912
2026-08-19,ARI incidence,2026-08-30,3,IE,quantile,0.25,18.40769322433579
2026-08-19,ARI incidence,2026-08-30,3,IE,quantile,0.3,18.64492390806339
2026-08-19,ARI incidence,2026-08-30,3,IE,quantile,0.35,18.87365180239211
2026-08-19,ARI incidence,2026-08-30,3,IE,quantile,0.65,20.126920458093707
2026-08-19,ARI incidence,2026-08-30,3,IE,quantile,0.7,20.369314537984344
2026-08-19,ARI incidence,2026-08-30,3,IE,quantile,0.8,20.930269059251323
2026-08-19,ARI incidence,2026-08-30,3,IE,quantile,0.85,21.275260223964658
2026-08-19,ARI incidence,2026-08-30,3,IE,quantile,0.9,21.71718745176751
2026-08-19,ARI incidence,2026-08-30,3,IE,quantile,0.95,22.390217601130367
2026-08-19,ARI incidence,2026-08-30,3,IE,quantile,0.975,22.979950201019555
2026-08-19,ARI incidence,2026-08-30,3,IE,quantile,0.99,23.68509573013085
2026-08-19,ARI incidence,2026-08-30,3,IE,quantile,0.75,20.65113220470264
2026-08-19,ARI incidence,2026-08-30,3,IE,quantile,0.01,16.09693871339922
2026-08-19,ARI incidence,2026-08-30,3,IE,median,NA,19.485111910852517
2026-08-19,ARI incidence,2026-09-06,4,IE,quantile,0.99,37.10050890467406
2026-08-19,ARI incidence,2026-09-06,4,IE,quantile,0.975,34.22279170422759
2026-08-19,ARI incidence,2026-09-06,4,IE,quantile,0.65,23.476448323885833
2026-08-19,ARI incidence,2026-09-06,4,IE,quantile,0.95,31.65785999756855
2026-08-19,ARI incidence,2026-09-06,4,IE,quantile,0.6,22.792578403230856
2026-08-19,ARI incidence,2026-09-06,4,IE,quantile,0.5,21.546080159149927
2026-08-19,ARI incidence,2026-09-06,4,IE,quantile,0.4,20.333126632081548
2026-08-19,ARI incidence,2026-09-06,4,IE,quantile,0.55,22.154317586933736
2026-08-19,ARI incidence,2026-09-06,4,IE,quantile,0.45,20.930307310314916
2026-08-19,ARI incidence,2026-09-06,4,IE,quantile,0.35,19.682654920958917
2026-08-19,ARI incidence,2026-09-06,4,IE,quantile,0.9,28.99672041549312
2026-08-19,ARI incidence,2026-09-06,4,IE,quantile,0.85,27.36784737717229
2026-08-19,ARI incidence,2026-09-06,4,IE,quantile,0.7,24.291057002169275
2026-08-19,ARI incidence,2026-09-06,4,IE,quantile,0.75,25.19538498443488
2026-08-19,ARI incidence,2026-09-06,4,IE,quantile,0.8,26.13879820337493
2026-08-19,ARI incidence,2026-09-06,4,IE,quantile,0.2,17.712416829697347
2026-08-19,ARI incidence,2026-09-06,4,IE,quantile,0.25,18.39561336762772
2026-08-19,ARI incidence,2026-09-06,4,IE,quantile,0.3,19.057341402269373
2026-08-19,ARI incidence,2026-09-06,4,IE,quantile,0.1,15.938928963794025
2026-08-19,ARI incidence,2026-09-06,4,IE,quantile,0.15,16.888279676547366
2026-08-19,ARI incidence,2026-09-06,4,IE,quantile,0.05,14.663978966216922
2026-08-19,ARI incidence,2026-09-06,4,IE,quantile,0.01,12.439484945178362
2026-08-19,ARI incidence,2026-09-06,4,IE,quantile,0.025,13.563047442479707
2026-08-19,ARI incidence,2026-09-06,4,IE,median,NA,21.546080159149927
2026-08-19,ARI incidence,2026-08-16,1,IS,quantile,0.5,28.812760415823274
2026-08-19,ARI incidence,2026-08-16,1,IS,quantile,0.1,26.048836491920284
2026-08-19,ARI incidence,2026-08-16,1,IS,quantile,0.2,26.96121227297698
2026-08-19,ARI incidence,2026-08-16,1,IS,quantile,0.25,27.324654388151355
2026-08-19,ARI incidence,2026-08-16,1,IS,quantile,0.15,26.554398716291747
2026-08-19,ARI incidence,2026-08-16,1,IS,quantile,0.55,29.107050882415898
2026-08-19,ARI incidence,2026-08-16,1,IS,quantile,0.3,27.668579890013746
2026-08-19,ARI incidence,2026-08-16,1,IS,quantile,0.45,28.53161241055241
2026-08-19,ARI incidence,2026-08-16,1,IS,quantile,0.4,28.26714394263669
2026-08-19,ARI incidence,2026-08-16,1,IS,quantile,0.35,27.97180378061291
2026-08-19,ARI incidence,2026-08-16,1,IS,quantile,0.05,25.32297574573588
2026-08-19,ARI incidence,2026-08-16,1,IS,quantile,0.01,23.98243920212324
2026-08-19,ARI incidence,2026-08-16,1,IS,quantile,0.6,29.371411158397756
2026-08-19,ARI incidence,2026-08-16,1,IS,quantile,0.65,29.67183933849362
2026-08-19,ARI incidence,2026-08-16,1,IS,quantile,0.7,29.970293387854056
2026-08-19,ARI incidence,2026-08-16,1,IS,quantile,0.025,24.7215802620433
2026-08-19,ARI incidence,2026-08-16,1,IS,quantile,0.75,30.34493119722998
2026-08-19,ARI incidence,2026-08-16,1,IS,quantile,0.8,30.745809556176688
2026-08-19,ARI incidence,2026-08-16,1,IS,quantile,0.85,31.173152865625138
2026-08-19,ARI incidence,2026-08-16,1,IS,quantile,0.9,31.82845888294202
2026-08-19,ARI incidence,2026-08-16,1,IS,quantile,0.975,33.66522128074785
2026-08-19,ARI incidence,2026-08-16,1,IS,quantile,0.99,34.75112123706348
2026-08-19,ARI incidence,2026-08-16,1,IS,quantile,0.95,32.74195258237955
2026-08-19,ARI incidence,2026-08-16,1,IS,median,NA,28.812760415823274
2026-08-19,ARI incidence,2026-08-23,2,IS,quantile,0.7,32.62417974787048
2026-08-19,ARI incidence,2026-08-23,2,IS,quantile,0.75,32.801324056730614
2026-08-19,ARI incidence,2026-08-23,2,IS,quantile,0.85,33.194367838308956
2026-08-19,ARI incidence,2026-08-23,2,IS,quantile,0.8,32.98558850243559
2026-08-19,ARI incidence,2026-08-23,2,IS,quantile,0.65,32.47422103446648
2026-08-19,ARI incidence,2026-08-23,2,IS,quantile,0.55,32.1916861611102
2026-08-19,ARI incidence,2026-08-23,2,IS,quantile,0.6,32.32922640748924
2026-08-19,ARI incidence,2026-08-23,2,IS,quantile,0.975,34.254721495827866
2026-08-19,ARI incidence,2026-08-23,2,IS,quantile,0.99,34.67729209878955
2026-08-19,ARI incidence,2026-08-23,2,IS,quantile,0.35,31.640041098373743
2026-08-19,ARI incidence,2026-08-23,2,IS,quantile,0.95,33.879204230605524
2026-08-19,ARI incidence,2026-08-23,2,IS,quantile,0.05,30.27986939284219
2026-08-19,ARI incidence,2026-08-23,2,IS,quantile,0.9,33.464191991859856
2026-08-19,ARI incidence,2026-08-23,2,IS,quantile,0.15,30.93558960818401
2026-08-19,ARI incidence,2026-08-23,2,IS,quantile,0.25,31.323260404991807
2026-08-19,ARI incidence,2026-08-23,2,IS,quantile,0.1,30.67597122034465
2026-08-19,ARI incidence,2026-08-23,2,IS,quantile,0.2,31.14127247275209
2026-08-19,ARI incidence,2026-08-23,2,IS,quantile,0.5,32.049831282670056
2026-08-19,ARI incidence,2026-08-23,2,IS,quantile,0.01,29.562507509452853
2026-08-19,ARI incidence,2026-08-23,2,IS,quantile,0.45,31.9038089170693
2026-08-19,ARI incidence,2026-08-23,2,IS,quantile,0.4,31.7704406351862
2026-08-19,ARI incidence,2026-08-23,2,IS,quantile,0.3,31.488416091734877
2026-08-19,ARI incidence,2026-08-23,2,IS,quantile,0.025,29.92681577800184
2026-08-19,ARI incidence,2026-08-23,2,IS,median,NA,32.049831282670056
2026-08-19,ARI incidence,2026-08-30,3,IS,quantile,0.05,25.0849002892057
2026-08-19,ARI incidence,2026-08-30,3,IS,quantile,0.01,24.06875999590963
2026-08-19,ARI incidence,2026-08-30,3,IS,quantile,0.025,24.622329702865887
2026-08-19,ARI incidence,2026-08-30,3,IS,quantile,0.25,26.615432037647743
2026-08-19,ARI incidence,2026-08-30,3,IS,quantile,0.15,26.039387616005357
2026-08-19,ARI incidence,2026-08-30,3,IS,quantile,0.2,26.347815176250144
2026-08-19,ARI incidence,2026-08-30,3,IS,quantile,0.6,28.13223173055046
2026-08-19,ARI incidence,2026-08-30,3,IS,quantile,0.85,29.50237095986318
2026-08-19,ARI incidence,2026-08-30,3,IS,quantile,0.1,25.654594998802164
2026-08-19,ARI incidence,2026-08-30,3,IS,quantile,0.65,28.359314481857144
2026-08-19,ARI incidence,2026-08-30,3,IS,quantile,0.75,28.861343863178153
2026-08-19,ARI incidence,2026-08-30,3,IS,quantile,0.7,28.602730714001535
2026-08-19,ARI incidence,2026-08-30,3,IS,quantile,0.8,29.149329033948955
2026-08-19,ARI incidence,2026-08-30,3,IS,quantile,0.5,27.72569045905832
2026-08-19,ARI incidence,2026-08-30,3,IS,quantile,0.45,27.509744029830394
2026-08-19,ARI incidence,2026-08-30,3,IS,quantile,0.3,26.838835111373054
2026-08-19,ARI incidence,2026-08-30,3,IS,quantile,0.35,27.06564693737305
2026-08-19,ARI incidence,2026-08-30,3,IS,quantile,0.4,27.27756704971812
2026-08-19,ARI incidence,2026-08-30,3,IS,quantile,0.55,27.931570424516813
2026-08-19,ARI incidence,2026-08-30,3,IS,quantile,0.9,29.960257565056615
2026-08-19,ARI incidence,2026-08-30,3,IS,quantile,0.99,31.856161956734997
2026-08-19,ARI incidence,2026-08-30,3,IS,quantile,0.975,31.162573326896847
2026-08-19,ARI incidence,2026-08-30,3,IS,quantile,0.95,30.61656359801536
2026-08-19,ARI incidence,2026-08-30,3,IS,median,NA,27.72569045905832
2026-08-19,ARI incidence,2026-09-06,4,IS,quantile,0.4,27.770332298199005
2026-08-19,ARI incidence,2026-09-06,4,IS,quantile,0.45,28.114626709546076
2026-08-19,ARI incidence,2026-09-06,4,IS,quantile,0.5,28.442909645559613
2026-08-19,ARI incidence,2026-09-06,4,IS,quantile,0.7,29.85895455001565
2026-08-19,ARI incidence,2026-09-06,4,IS,quantile,0.35,27.42072314152299
2026-08-19,ARI incidence,2026-09-06,4,IS,quantile,0.3,27.069457467163485
2026-08-19,ARI incidence,2026-09-06,4,IS,quantile,0.55,28.770888595241356
2026-08-19,ARI incidence,2026-09-06,4,IS,quantile,0.6,29.100044742408684
2026-08-19,ARI incidence,2026-09-06,4,IS,quantile,0.25,26.705225851571186
2026-08-19,ARI incidence,2026-09-06,4,IS,quantile,0.2,26.31023652234566
2026-08-19,ARI incidence,2026-09-06,4,IS,quantile,0.15,25.85714074819904
2026-08-19,ARI incidence,2026-09-06,4,IS,quantile,0.65,29.4751505224557
2026-08-19,ARI incidence,2026-09-06,4,IS,quantile,0.01,22.915982972536632
2026-08-19,ARI incidence,2026-09-06,4,IS,quantile,0.75,30.261338466654845
2026-08-19,ARI incidence,2026-09-06,4,IS,quantile,0.8,30.721202109043624
2026-08-19,ARI incidence,2026-09-06,4,IS,quantile,0.1,25.2970580952958
2026-08-19,ARI incidence,2026-09-06,4,IS,quantile,0.025,23.788560611904742
2026-08-19,ARI incidence,2026-09-06,4,IS,quantile,0.05,24.46957848607391
2026-08-19,ARI incidence,2026-09-06,4,IS,quantile,0.95,33.07504943957088
2026-08-19,ARI incidence,2026-09-06,4,IS,quantile,0.99,35.31490225243561
2026-08-19,ARI incidence,2026-09-06,4,IS,quantile,0.9,31.96537518366634
2026-08-19,ARI incidence,2026-09-06,4,IS,quantile,0.85,31.28138855635237
2026-08-19,ARI incidence,2026-09-06,4,IS,quantile,0.975,33.99802233394675
2026-08-19,ARI incidence,2026-09-06,4,IS,median,NA,28.442909645559613
2026-08-19,ARI incidence,2026-08-16,1,LT,quantile,0.99,369.37227139793583
2026-08-19,ARI incidence,2026-08-16,1,LT,quantile,0.975,327.2038346450751
2026-08-19,ARI incidence,2026-08-16,1,LT,quantile,0.95,294.690734642872
2026-08-19,ARI incidence,2026-08-16,1,LT,quantile,0.75,210.6162449178016
2026-08-19,ARI incidence,2026-08-16,1,LT,quantile,0.65,191.28100731070043
2026-08-19,ARI incidence,2026-08-16,1,LT,quantile,0.9,260.8101272151434
2026-08-19,ARI incidence,2026-08-16,1,LT,quantile,0.6,182.77137556104103
2026-08-19,ARI incidence,2026-08-16,1,LT,quantile,0.8,223.9900742818334
2026-08-19,ARI incidence,2026-08-16,1,LT,quantile,0.55,175.62931062216416
2026-08-19,ARI incidence,2026-08-16,1,LT,quantile,0.7,200.62136144804057
2026-08-19,ARI incidence,2026-08-16,1,LT,quantile,0.25,133.35441540416906
2026-08-19,ARI incidence,2026-08-16,1,LT,quantile,0.85,238.97137887152587
2026-08-19,ARI incidence,2026-08-16,1,LT,quantile,0.1,108.02298961000872
2026-08-19,ARI incidence,2026-08-16,1,LT,quantile,0.5,168.31572402419528
2026-08-19,ARI incidence,2026-08-16,1,LT,quantile,0.45,161.6117730798934
2026-08-19,ARI incidence,2026-08-16,1,LT,quantile,0.05,95.68857669524353
2026-08-19,ARI incidence,2026-08-16,1,LT,quantile,0.2,125.47464740900358
2026-08-19,ARI incidence,2026-08-16,1,LT,quantile,0.4,154.7249805306123
2026-08-19,ARI incidence,2026-08-16,1,LT,quantile,0.35,147.55953516134332
2026-08-19,ARI incidence,2026-08-16,1,LT,quantile,0.3,140.5421290581376
2026-08-19,ARI incidence,2026-08-16,1,LT,quantile,0.15,117.17560316141169
2026-08-19,ARI incidence,2026-08-16,1,LT,quantile,0.025,85.7409271299782
2026-08-19,ARI incidence,2026-08-16,1,LT,quantile,0.01,76.21941544299173
2026-08-19,ARI incidence,2026-08-16,1,LT,median,NA,168.31572402419528
2026-08-19,ARI incidence,2026-08-23,2,LT,quantile,0.8,252.5451798944977
2026-08-19,ARI incidence,2026-08-23,2,LT,quantile,0.9,301.5243925938538
2026-08-19,ARI incidence,2026-08-23,2,LT,quantile,0.85,274.79198222581846
2026-08-19,ARI incidence,2026-08-23,2,LT,quantile,0.01,75.4555990507363
2026-08-19,ARI incidence,2026-08-23,2,LT,quantile,0.05,96.21692164803798
2026-08-19,ARI incidence,2026-08-23,2,LT,quantile,0.025,84.90685428375245
2026-08-19,ARI incidence,2026-08-23,2,LT,quantile,0.975,390.6715852850512
2026-08-19,ARI incidence,2026-08-23,2,LT,quantile,0.75,236.60521899402335
2026-08-19,ARI incidence,2026-08-23,2,LT,quantile,0.5,180.96718539956464
2026-08-19,ARI incidence,2026-08-23,2,LT,quantile,0.1,111.2954043892421
2026-08-19,ARI incidence,2026-08-23,2,LT,quantile,0.95,347.9037509279862
2026-08-19,ARI incidence,2026-08-23,2,LT,quantile,0.45,172.85511801783952
2026-08-19,ARI incidence,2026-08-23,2,LT,quantile,0.7,221.97804919294109
2026-08-19,ARI incidence,2026-08-23,2,LT,quantile,0.65,210.80859865571972
2026-08-19,ARI incidence,2026-08-23,2,LT,quantile,0.15,122.48549979684216
2026-08-19,ARI incidence,2026-08-23,2,LT,quantile,0.55,190.94936872947756
2026-08-19,ARI incidence,2026-08-23,2,LT,quantile,0.6,200.76854208539393
2026-08-19,ARI incidence,2026-08-23,2,LT,quantile,0.99,452.8209763120959
2026-08-19,ARI incidence,2026-08-23,2,LT,quantile,0.4,164.6578082431594
2026-08-19,ARI incidence,2026-08-23,2,LT,quantile,0.2,131.63116523367765
2026-08-19,ARI incidence,2026-08-23,2,LT,quantile,0.35,156.21298498880876
2026-08-19,ARI incidence,2026-08-23,2,LT,quantile,0.3,148.61141499567515
2026-08-19,ARI incidence,2026-08-23,2,LT,quantile,0.25,140.05852746179983
2026-08-19,ARI incidence,2026-08-23,2,LT,median,NA,180.96718539956464
2026-08-19,ARI incidence,2026-08-30,3,LT,quantile,0.75,236.90542995965137
2026-08-19,ARI incidence,2026-08-30,3,LT,quantile,0.6,195.57642201629443
2026-08-19,ARI incidence,2026-08-30,3,LT,quantile,0.65,207.09004356477263
2026-08-19,ARI incidence,2026-08-30,3,LT,quantile,0.55,184.02587582823116
2026-08-19,ARI incidence,2026-08-30,3,LT,quantile,0.8,256.47207100495604
2026-08-19,ARI incidence,2026-08-30,3,LT,quantile,0.01,60.61524889268953
2026-08-19,ARI incidence,2026-08-30,3,LT,quantile,0.45,163.87849956716963
2026-08-19,ARI incidence,2026-08-30,3,LT,quantile,0.025,71.22975435301896
2026-08-19,ARI incidence,2026-08-30,3,LT,quantile,0.85,279.38001126579167
2026-08-19,ARI incidence,2026-08-30,3,LT,quantile,0.9,311.18844536813106
2026-08-19,ARI incidence,2026-08-30,3,LT,quantile,0.5,173.43533047736946
2026-08-19,ARI incidence,2026-08-30,3,LT,quantile,0.7,221.27769914144577
2026-08-19,ARI incidence,2026-08-30,3,LT,quantile,0.975,421.89451969209114
2026-08-19,ARI incidence,2026-08-30,3,LT,quantile,0.99,493.1847664389966
2026-08-19,ARI incidence,2026-08-30,3,LT,quantile,0.4,154.5664967607928
2026-08-19,ARI incidence,2026-08-30,3,LT,quantile,0.35,145.50250725051205
2026-08-19,ARI incidence,2026-08-30,3,LT,quantile,0.2,119.02231336739987
2026-08-19,ARI incidence,2026-08-30,3,LT,quantile,0.3,136.62637412079914
2026-08-19,ARI incidence,2026-08-30,3,LT,quantile,0.1,96.99955399569272
2026-08-19,ARI incidence,2026-08-30,3,LT,quantile,0.25,128.15048883149103
2026-08-19,ARI incidence,2026-08-30,3,LT,quantile,0.15,108.87207022608963
2026-08-19,ARI incidence,2026-08-30,3,LT,quantile,0.95,366.5703238386528
2026-08-19,ARI incidence,2026-08-30,3,LT,quantile,0.05,82.43035603910519
2026-08-19,ARI incidence,2026-08-30,3,LT,median,NA,173.43533047736946
2026-08-19,ARI incidence,2026-09-06,4,LT,quantile,0.025,196.5051188519353
2026-08-19,ARI incidence,2026-09-06,4,LT,quantile,0.01,187.9593114345549
2026-08-19,ARI incidence,2026-09-06,4,LT,quantile,0.05,204.184753548638
2026-08-19,ARI incidence,2026-09-06,4,LT,quantile,0.1,214.52016448585056
2026-08-19,ARI incidence,2026-09-06,4,LT,quantile,0.15,221.05048577240424
2026-08-19,ARI incidence,2026-09-06,4,LT,quantile,0.2,226.5099884177324
2026-08-19,ARI incidence,2026-09-06,4,LT,quantile,0.25,231.29627019160688
2026-08-19,ARI incidence,2026-09-06,4,LT,quantile,0.3,235.70078033697345
2026-08-19,ARI incidence,2026-09-06,4,LT,quantile,0.35,239.5581662390283
2026-08-19,ARI incidence,2026-09-06,4,LT,quantile,0.4,243.26317109472456
2026-08-19,ARI incidence,2026-09-06,4,LT,quantile,0.6,258.43806304281156
2026-08-19,ARI incidence,2026-09-06,4,LT,quantile,0.45,246.99828945280865
2026-08-19,ARI incidence,2026-09-06,4,LT,quantile,0.65,262.6827726054893
2026-08-19,ARI incidence,2026-09-06,4,LT,quantile,0.55,254.1099426778228
2026-08-19,ARI incidence,2026-09-06,4,LT,quantile,0.5,250.42177769088784
2026-08-19,ARI incidence,2026-09-06,4,LT,quantile,0.7,267.0879799500249
2026-08-19,ARI incidence,2026-09-06,4,LT,quantile,0.75,272.16635103584645
2026-08-19,ARI incidence,2026-09-06,4,LT,quantile,0.9,293.7320214662498
2026-08-19,ARI incidence,2026-09-06,4,LT,quantile,0.85,284.70637062738024
2026-08-19,ARI incidence,2026-09-06,4,LT,quantile,0.8,277.5856492719331
2026-08-19,ARI incidence,2026-09-06,4,LT,quantile,0.975,320.95956445556027
2026-08-19,ARI incidence,2026-09-06,4,LT,quantile,0.99,335.2715556032242
2026-08-19,ARI incidence,2026-09-06,4,LT,quantile,0.95,308.11370520820356
2026-08-19,ARI incidence,2026-09-06,4,LT,median,NA,250.42177769088784
2026-08-19,ARI incidence,2026-08-16,1,LU,quantile,0.05,3561.706248641912
2026-08-19,ARI incidence,2026-08-16,1,LU,quantile,0.025,3189.8787219667897
2026-08-19,ARI incidence,2026-08-16,1,LU,quantile,0.01,2837.1098734041116
2026-08-19,ARI incidence,2026-08-16,1,LU,quantile,0.1,4049.146421032093
2026-08-19,ARI incidence,2026-08-16,1,LU,quantile,0.15,4383.9585064804905
2026-08-19,ARI incidence,2026-08-16,1,LU,quantile,0.2,4684.250016585053
2026-08-19,ARI incidence,2026-08-16,1,LU,quantile,0.25,4966.072875135251
2026-08-19,ARI incidence,2026-08-16,1,LU,quantile,0.3,5213.247163720665
2026-08-19,ARI incidence,2026-08-16,1,LU,quantile,0.35,5475.685998033993
2026-08-19,ARI incidence,2026-08-16,1,LU,quantile,0.4,5730.030483934968
2026-08-19,ARI incidence,2026-08-16,1,LU,quantile,0.99,13403.863022708376
2026-08-19,ARI incidence,2026-08-16,1,LU,quantile,0.45,5989.546208484192
2026-08-19,ARI incidence,2026-08-16,1,LU,quantile,0.975,11951.59919859032
2026-08-19,ARI incidence,2026-08-16,1,LU,quantile,0.55,6483.463054733227
2026-08-19,ARI incidence,2026-08-16,1,LU,quantile,0.6,6758.547244235244
2026-08-19,ARI incidence,2026-08-16,1,LU,quantile,0.7,7377.670715747539
2026-08-19,ARI incidence,2026-08-16,1,LU,quantile,0.5,6242.871763875564
2026-08-19,ARI incidence,2026-08-16,1,LU,quantile,0.65,7051.421742411227
2026-08-19,ARI incidence,2026-08-16,1,LU,quantile,0.75,7750.262004261639
2026-08-19,ARI incidence,2026-08-16,1,LU,quantile,0.8,8203.430050386907
2026-08-19,ARI incidence,2026-08-16,1,LU,quantile,0.85,8764.365077821814
2026-08-19,ARI incidence,2026-08-16,1,LU,quantile,0.9,9443.2838398876
2026-08-19,ARI incidence,2026-08-16,1,LU,quantile,0.95,10693.4601824521
2026-08-19,ARI incidence,2026-08-16,1,LU,median,NA,6242.871763875564
2026-08-19,ARI incidence,2026-08-23,2,LU,quantile,0.3,5053.905492634767
2026-08-19,ARI incidence,2026-08-23,2,LU,quantile,0.025,2599.723680534078
2026-08-19,ARI incidence,2026-08-23,2,LU,quantile,0.55,6697.050380540944
2026-08-19,ARI incidence,2026-08-23,2,LU,quantile,0.65,7521.737409742424
2026-08-19,ARI incidence,2026-08-23,2,LU,quantile,0.05,3028.5730926756487
2026-08-19,ARI incidence,2026-08-23,2,LU,quantile,0.9,11194.84127630342
2026-08-19,ARI incidence,2026-08-23,2,LU,quantile,0.01,2237.7485143788126
2026-08-19,ARI incidence,2026-08-23,2,LU,quantile,0.25,4744.78740338649
2026-08-19,ARI incidence,2026-08-23,2,LU,quantile,0.5,6321.557338611297
2026-08-19,ARI incidence,2026-08-23,2,LU,quantile,0.99,17868.89112004234
2026-08-19,ARI incidence,2026-08-23,2,LU,quantile,0.85,9972.409321886827
2026-08-19,ARI incidence,2026-08-23,2,LU,quantile,0.35,5359.049724972152
2026-08-19,ARI incidence,2026-08-23,2,LU,quantile,0.2,4383.222323488494
2026-08-19,ARI incidence,2026-08-23,2,LU,quantile,0.6,7093.3347195944525
2026-08-19,ARI incidence,2026-08-23,2,LU,quantile,0.15,4002.216308581144
2026-08-19,ARI incidence,2026-08-23,2,LU,quantile,0.4,5676.002999677441
2026-08-19,ARI incidence,2026-08-23,2,LU,quantile,0.7,8011.657614587266
2026-08-19,ARI incidence,2026-08-23,2,LU,quantile,0.95,13161.412825423264
2026-08-19,ARI incidence,2026-08-23,2,LU,quantile,0.75,8532.678306249933
2026-08-19,ARI incidence,2026-08-23,2,LU,quantile,0.45,5992.580201843413
2026-08-19,ARI incidence,2026-08-23,2,LU,quantile,0.8,9152.273691095552
2026-08-19,ARI incidence,2026-08-23,2,LU,quantile,0.1,3595.829472418388
2026-08-19,ARI incidence,2026-08-23,2,LU,quantile,0.975,15241.638221730853
2026-08-19,ARI incidence,2026-08-23,2,LU,median,NA,6321.557338611297
2026-08-19,ARI incidence,2026-08-30,3,LU,quantile,0.8,12104.955936640414
2026-08-19,ARI incidence,2026-08-30,3,LU,quantile,0.85,13361.804270218334
2026-08-19,ARI incidence,2026-08-30,3,LU,quantile,0.99,26758.957686921796
2026-08-19,ARI incidence,2026-08-30,3,LU,quantile,0.9,15177.11437050604
2026-08-19,ARI incidence,2026-08-30,3,LU,quantile,0.75,11086.937856681954
2026-08-19,ARI incidence,2026-08-30,3,LU,quantile,0.7,10222.930032539492
2026-08-19,ARI incidence,2026-08-30,3,LU,quantile,0.45,7294.250572382167
2026-08-19,ARI incidence,2026-08-30,3,LU,quantile,0.5,7798.738270621274
2026-08-19,ARI incidence,2026-08-30,3,LU,quantile,0.55,8324.464626169856
2026-08-19,ARI incidence,2026-08-30,3,LU,quantile,0.6,8870.573992635002
2026-08-19,ARI incidence,2026-08-30,3,LU,quantile,0.975,21715.044361670352
2026-08-19,ARI incidence,2026-08-30,3,LU,quantile,0.01,2291.2893396384184
2026-08-19,ARI incidence,2026-08-30,3,LU,quantile,0.95,18213.53982040036
2026-08-19,ARI incidence,2026-08-30,3,LU,quantile,0.65,9542.144472098127
2026-08-19,ARI incidence,2026-08-30,3,LU,quantile,0.15,4556.11068477977
2026-08-19,ARI incidence,2026-08-30,3,LU,quantile,0.025,2866.3793526566487
2026-08-19,ARI incidence,2026-08-30,3,LU,quantile,0.4,6856.429002450748
2026-08-19,ARI incidence,2026-08-30,3,LU,quantile,0.05,3330.5791789980394
2026-08-19,ARI incidence,2026-08-30,3,LU,quantile,0.1,4019.159291314249
2026-08-19,ARI incidence,2026-08-30,3,LU,quantile,0.2,5009.642203910752
2026-08-19,ARI incidence,2026-08-30,3,LU,quantile,0.25,5484.029640109889
2026-08-19,ARI incidence,2026-08-30,3,LU,quantile,0.3,5911.262444140019
2026-08-19,ARI incidence,2026-08-30,3,LU,quantile,0.35,6382.031251349435
2026-08-19,ARI incidence,2026-08-30,3,LU,median,NA,7798.738270621274
2026-08-19,ARI incidence,2026-09-06,4,LU,quantile,0.4,9359.429070789734
2026-08-19,ARI incidence,2026-09-06,4,LU,quantile,0.7,12479.455316993031
2026-08-19,ARI incidence,2026-09-06,4,LU,quantile,0.65,11868.56097869757
2026-08-19,ARI incidence,2026-09-06,4,LU,quantile,0.6,11277.234397259195
2026-08-19,ARI incidence,2026-09-06,4,LU,quantile,0.55,10787.00405324004
2026-08-19,ARI incidence,2026-09-06,4,LU,quantile,0.35,8915.903319531195
2026-08-19,ARI incidence,2026-09-06,4,LU,quantile,0.45,9812.451144042316
2026-08-19,ARI incidence,2026-09-06,4,LU,quantile,0.5,10289.175597205318
2026-08-19,ARI incidence,2026-09-06,4,LU,quantile,0.3,8495.605923791427
2026-08-19,ARI incidence,2026-09-06,4,LU,quantile,0.25,8063.56886192349
2026-08-19,ARI incidence,2026-09-06,4,LU,quantile,0.95,19067.535705007092
2026-08-19,ARI incidence,2026-09-06,4,LU,quantile,0.75,13225.794464108058
2026-08-19,ARI incidence,2026-09-06,4,LU,quantile,0.2,7591.795194634554
2026-08-19,ARI incidence,2026-09-06,4,LU,quantile,0.05,5679.812629081275
2026-08-19,ARI incidence,2026-09-06,4,LU,quantile,0.8,14096.774243783344
2026-08-19,ARI incidence,2026-09-06,4,LU,quantile,0.85,15080.708110012603
2026-08-19,ARI incidence,2026-09-06,4,LU,quantile,0.15,7090.265373813179
2026-08-19,ARI incidence,2026-09-06,4,LU,quantile,0.025,5071.38141038654
2026-08-19,ARI incidence,2026-09-06,4,LU,quantile,0.1,6484.0446188310525
2026-08-19,ARI incidence,2026-09-06,4,LU,quantile,0.01,4436.117719220659
2026-08-19,ARI incidence,2026-09-06,4,LU,quantile,0.975,21277.25680133982
2026-08-19,ARI incidence,2026-09-06,4,LU,quantile,0.9,16547.514365524126
2026-08-19,ARI incidence,2026-09-06,4,LU,quantile,0.99,23755.793468652613
2026-08-19,ARI incidence,2026-09-06,4,LU,median,NA,10289.175597205318
2026-08-19,ARI incidence,2026-08-16,1,NL,quantile,0.99,116.72598456478624
2026-08-19,ARI incidence,2026-08-16,1,NL,quantile,0.5,93.67180295701824
2026-08-19,ARI incidence,2026-08-16,1,NL,quantile,0.45,92.66894251892823
2026-08-19,ARI incidence,2026-08-16,1,NL,quantile,0.975,112.753282419427
2026-08-19,ARI incidence,2026-08-16,1,NL,quantile,0.85,103.24588788306096
2026-08-19,ARI incidence,2026-08-16,1,NL,quantile,0.35,90.46607481325256
2026-08-19,ARI incidence,2026-08-16,1,NL,quantile,0.3,89.29962220879865
2026-08-19,ARI incidence,2026-08-16,1,NL,quantile,0.9,105.66411788066968
2026-08-19,ARI incidence,2026-08-16,1,NL,quantile,0.4,91.63455634156809
2026-08-19,ARI incidence,2026-08-16,1,NL,quantile,0.1,83.14640574667038
2026-08-19,ARI incidence,2026-08-16,1,NL,quantile,0.95,109.63724962592784
2026-08-19,ARI incidence,2026-08-16,1,NL,quantile,0.25,88.16534545493079
2026-08-19,ARI incidence,2026-08-16,1,NL,quantile,0.01,75.20598120377142
2026-08-19,ARI incidence,2026-08-16,1,NL,quantile,0.75,99.84042063449246
2026-08-19,ARI incidence,2026-08-16,1,NL,quantile,0.8,101.35244398818242
2026-08-19,ARI incidence,2026-08-16,1,NL,quantile,0.2,86.82805635998552
2026-08-19,ARI incidence,2026-08-16,1,NL,quantile,0.05,80.14948216591922
2026-08-19,ARI incidence,2026-08-16,1,NL,quantile,0.025,77.74505524134109
2026-08-19,ARI incidence,2026-08-16,1,NL,quantile,0.15,85.18068883348187
2026-08-19,ARI incidence,2026-08-16,1,NL,quantile,0.55,94.80789978000924
2026-08-19,ARI incidence,2026-08-16,1,NL,quantile,0.6,95.94113638519364
2026-08-19,ARI incidence,2026-08-16,1,NL,quantile,0.7,98.3721654549976
2026-08-19,ARI incidence,2026-08-16,1,NL,quantile,0.65,97.0924583242321
2026-08-19,ARI incidence,2026-08-16,1,NL,median,NA,93.67180295701824
2026-08-19,ARI incidence,2026-08-23,2,NL,quantile,0.9,109.65232733200364
2026-08-19,ARI incidence,2026-08-23,2,NL,quantile,0.95,114.10033054954285
2026-08-19,ARI incidence,2026-08-23,2,NL,quantile,0.99,122.68666536747833
2026-08-19,ARI incidence,2026-08-23,2,NL,quantile,0.7,100.87651560806734
2026-08-19,ARI incidence,2026-08-23,2,NL,quantile,0.75,102.6539768822618
2026-08-19,ARI incidence,2026-08-23,2,NL,quantile,0.8,104.61932128114708
2026-08-19,ARI incidence,2026-08-23,2,NL,quantile,0.975,118.30722782278949
2026-08-19,ARI incidence,2026-08-23,2,NL,quantile,0.85,106.84247888324929
2026-08-19,ARI incidence,2026-08-23,2,NL,quantile,0.65,99.289407800953
2026-08-19,ARI incidence,2026-08-23,2,NL,quantile,0.01,73.97422449384436
2026-08-19,ARI incidence,2026-08-23,2,NL,quantile,0.025,76.87553231045511
2026-08-19,ARI incidence,2026-08-23,2,NL,quantile,0.35,91.41255087008476
2026-08-19,ARI incidence,2026-08-23,2,NL,quantile,0.15,85.12077966413855
2026-08-19,ARI incidence,2026-08-23,2,NL,quantile,0.4,92.694369879218
2026-08-19,ARI incidence,2026-08-23,2,NL,quantile,0.05,79.7048242984031
2026-08-19,ARI incidence,2026-08-23,2,NL,quantile,0.25,88.56737755931135
2026-08-19,ARI incidence,2026-08-23,2,NL,quantile,0.1,82.84200809186835
2026-08-19,ARI incidence,2026-08-23,2,NL,quantile,0.2,87.06019871209767
2026-08-19,ARI incidence,2026-08-23,2,NL,quantile,0.3,90.04427088708005
2026-08-19,ARI incidence,2026-08-23,2,NL,quantile,0.45,93.94355319249404
2026-08-19,ARI incidence,2026-08-23,2,NL,quantile,0.6,97.82581224188029
2026-08-19,ARI incidence,2026-08-23,2,NL,quantile,0.55,96.52187350497556
2026-08-19,ARI incidence,2026-08-23,2,NL,quantile,0.5,95.21128740682532
2026-08-19,ARI incidence,2026-08-23,2,NL,median,NA,95.21128740682532
2026-08-19,ARI incidence,2026-08-30,3,NL,quantile,0.45,92.09931356576024
2026-08-19,ARI incidence,2026-08-30,3,NL,quantile,0.5,93.54951698427942
2026-08-19,ARI incidence,2026-08-30,3,NL,quantile,0.65,98.32309411582727
2026-08-19,ARI incidence,2026-08-30,3,NL,quantile,0.35,89.18303835331157
2026-08-19,ARI incidence,2026-08-30,3,NL,quantile,0.55,95.0124209729785
2026-08-19,ARI incidence,2026-08-30,3,NL,quantile,0.1,79.83636273060259
2026-08-19,ARI incidence,2026-08-30,3,NL,quantile,0.15,82.1704410111867
2026-08-19,ARI incidence,2026-08-30,3,NL,quantile,0.6,96.58744550074672
2026-08-19,ARI incidence,2026-08-30,3,NL,quantile,0.2,84.26729302410853
2026-08-19,ARI incidence,2026-08-30,3,NL,quantile,0.05,76.37186391397418
2026-08-19,ARI incidence,2026-08-30,3,NL,quantile,0.25,85.98305427687701
2026-08-19,ARI incidence,2026-08-30,3,NL,quantile,0.4,90.6440766744179
2026-08-19,ARI incidence,2026-08-30,3,NL,quantile,0.3,87.65326344329974
2026-08-19,ARI incidence,2026-08-30,3,NL,quantile,0.025,72.85300068919317
2026-08-19,ARI incidence,2026-08-30,3,NL,quantile,0.7,100.10075670620944
2026-08-19,ARI incidence,2026-08-30,3,NL,quantile,0.75,101.98588371897412
2026-08-19,ARI incidence,2026-08-30,3,NL,quantile,0.975,119.57450462592384
2026-08-19,ARI incidence,2026-08-30,3,NL,quantile,0.99,124.5489308707297
2026-08-19,ARI incidence,2026-08-30,3,NL,quantile,0.95,115.51483786303808
2026-08-19,ARI incidence,2026-08-30,3,NL,quantile,0.01,69.46545855817304
2026-08-19,ARI incidence,2026-08-30,3,NL,quantile,0.9,110.30922268076688
2026-08-19,ARI incidence,2026-08-30,3,NL,quantile,0.85,107.003949166058
2026-08-19,ARI incidence,2026-08-30,3,NL,quantile,0.8,104.20303241998474
2026-08-19,ARI incidence,2026-08-30,3,NL,median,NA,93.54951698427942
2026-08-19,ARI incidence,2026-09-06,4,NL,quantile,0.65,97.59608420649406
2026-08-19,ARI incidence,2026-09-06,4,NL,quantile,0.7,99.42814809963924
2026-08-19,ARI incidence,2026-09-06,4,NL,quantile,0.5,92.59544368217271
2026-08-19,ARI incidence,2026-09-06,4,NL,quantile,0.3,86.25839775181194
2026-08-19,ARI incidence,2026-09-06,4,NL,quantile,0.25,84.4819694216024
2026-08-19,ARI incidence,2026-09-06,4,NL,quantile,0.45,90.96440639599572
2026-08-19,ARI incidence,2026-09-06,4,NL,quantile,0.55,94.16409431559056
2026-08-19,ARI incidence,2026-09-06,4,NL,quantile,0.6,95.91681242092092
2026-08-19,ARI incidence,2026-09-06,4,NL,quantile,0.4,89.38855159431286
2026-08-19,ARI incidence,2026-09-06,4,NL,quantile,0.15,80.18827518295367
2026-08-19,ARI incidence,2026-09-06,4,NL,quantile,0.2,82.46925072868895
2026-08-19,ARI incidence,2026-09-06,4,NL,quantile,0.35,87.86688022198679
2026-08-19,ARI incidence,2026-09-06,4,NL,quantile,0.1,77.66819838170571
2026-08-19,ARI incidence,2026-09-06,4,NL,quantile,0.75,101.44775804857431
2026-08-19,ARI incidence,2026-09-06,4,NL,quantile,0.8,103.69301339354904
2026-08-19,ARI incidence,2026-09-06,4,NL,quantile,0.85,106.30961565932124
2026-08-19,ARI incidence,2026-09-06,4,NL,quantile,0.95,115.15028585321596
2026-08-19,ARI incidence,2026-09-06,4,NL,quantile,0.9,110.00235478422736
2026-08-19,ARI incidence,2026-09-06,4,NL,quantile,0.05,73.98458467163218
2026-08-19,ARI incidence,2026-09-06,4,NL,quantile,0.975,120.38431371046649
2026-08-19,ARI incidence,2026-09-06,4,NL,quantile,0.99,126.62405408486354
2026-08-19,ARI incidence,2026-09-06,4,NL,quantile,0.01,67.86267698259246
2026-08-19,ARI incidence,2026-09-06,4,NL,quantile,0.025,71.03409877866392
2026-08-19,ARI incidence,2026-09-06,4,NL,median,NA,92.59544368217271
2026-08-19,ARI incidence,2026-08-16,1,SI,quantile,0.95,347.57752416909824
2026-08-19,ARI incidence,2026-08-16,1,SI,quantile,0.9,324.90291511487976
2026-08-19,ARI incidence,2026-08-16,1,SI,quantile,0.975,367.9467008980517
2026-08-19,ARI incidence,2026-08-16,1,SI,quantile,0.35,244.27303365799665
2026-08-19,ARI incidence,2026-08-16,1,SI,quantile,0.7,286.5076960559169
2026-08-19,ARI incidence,2026-08-16,1,SI,quantile,0.99,392.36001592740354
2026-08-19,ARI incidence,2026-08-16,1,SI,quantile,0.8,302.18856429246716
2026-08-19,ARI incidence,2026-08-16,1,SI,quantile,0.5,261.4378542294364
2026-08-19,ARI incidence,2026-08-16,1,SI,quantile,0.55,266.95239642094566
2026-08-19,ARI incidence,2026-08-16,1,SI,quantile,0.75,293.69495893377814
2026-08-19,ARI incidence,2026-08-16,1,SI,quantile,0.3,238.66069166811633
2026-08-19,ARI incidence,2026-08-16,1,SI,quantile,0.85,312.1189412845621
2026-08-19,ARI incidence,2026-08-16,1,SI,quantile,0.025,186.44917440224688
2026-08-19,ARI incidence,2026-08-16,1,SI,quantile,0.65,279.23966207358836
2026-08-19,ARI incidence,2026-08-16,1,SI,quantile,0.6,272.97625268559824
2026-08-19,ARI incidence,2026-08-16,1,SI,quantile,0.45,255.9218520884378
2026-08-19,ARI incidence,2026-08-16,1,SI,quantile,0.4,250.29603955903823
2026-08-19,ARI incidence,2026-08-16,1,SI,quantile,0.25,232.52680633869343
2026-08-19,ARI incidence,2026-08-16,1,SI,quantile,0.05,196.88396282960304
2026-08-19,ARI incidence,2026-08-16,1,SI,quantile,0.1,209.99751300747556
2026-08-19,ARI incidence,2026-08-16,1,SI,quantile,0.15,218.84433039661545
2026-08-19,ARI incidence,2026-08-16,1,SI,quantile,0.2,226.22295165415355
2026-08-19,ARI incidence,2026-08-16,1,SI,quantile,0.01,177.40028657858798
2026-08-19,ARI incidence,2026-08-16,1,SI,median,NA,261.4378542294364
2026-08-19,ARI incidence,2026-08-23,2,SI,quantile,0.99,327.61854534041055
2026-08-19,ARI incidence,2026-08-23,2,SI,quantile,0.8,283.2364639858905
2026-08-19,ARI incidence,2026-08-23,2,SI,quantile,0.9,295.65416364206214
2026-08-19,ARI incidence,2026-08-23,2,SI,quantile,0.975,316.23029575214986
2026-08-19,ARI incidence,2026-08-23,2,SI,quantile,0.95,306.4412458648386
2026-08-19,ARI incidence,2026-08-23,2,SI,quantile,0.85,288.659304452426
2026-08-19,ARI incidence,2026-08-23,2,SI,quantile,0.5,260.75236513558707
2026-08-19,ARI incidence,2026-08-23,2,SI,quantile,0.55,264.2115106531315
2026-08-19,ARI incidence,2026-08-23,2,SI,quantile,0.75,278.75534094055723
2026-08-19,ARI incidence,2026-08-23,2,SI,quantile,0.4,254.28712250375744
2026-08-19,ARI incidence,2026-08-23,2,SI,quantile,0.45,257.58404309312346
2026-08-19,ARI incidence,2026-08-23,2,SI,quantile,0.35,251.3134438981184
2026-08-19,ARI incidence,2026-08-23,2,SI,quantile,0.7,274.5406323675673
2026-08-19,ARI incidence,2026-08-23,2,SI,quantile,0.65,270.7771201425211
2026-08-19,ARI incidence,2026-08-23,2,SI,quantile,0.6,267.3315539164435
2026-08-19,ARI incidence,2026-08-23,2,SI,quantile,0.3,247.84534192848344
2026-08-19,ARI incidence,2026-08-23,2,SI,quantile,0.25,244.40569051776157
2026-08-19,ARI incidence,2026-08-23,2,SI,quantile,0.01,207.53744975914728
2026-08-19,ARI incidence,2026-08-23,2,SI,quantile,0.2,240.41388364536533
2026-08-19,ARI incidence,2026-08-23,2,SI,quantile,0.025,215.04630074730952
2026-08-19,ARI incidence,2026-08-23,2,SI,quantile,0.15,235.7580368166286
2026-08-19,ARI incidence,2026-08-23,2,SI,quantile,0.1,229.79406411906675
2026-08-19,ARI incidence,2026-08-23,2,SI,quantile,0.05,222.4876261094577
2026-08-19,ARI incidence,2026-08-23,2,SI,median,NA,260.75236513558707
2026-08-19,ARI incidence,2026-08-30,3,SI,quantile,0.99,330.29276219092026
2026-08-19,ARI incidence,2026-08-30,3,SI,quantile,0.95,293.4445424417827
2026-08-19,ARI incidence,2026-08-30,3,SI,quantile,0.9,273.63703074600596
2026-08-19,ARI incidence,2026-08-30,3,SI,quantile,0.975,310.28203643703085
2026-08-19,ARI incidence,2026-08-30,3,SI,quantile,0.01,141.4665961163766
2026-08-19,ARI incidence,2026-08-30,3,SI,quantile,0.85,262.02770812949166
2026-08-19,ARI incidence,2026-08-30,3,SI,quantile,0.025,150.3923967856503
2026-08-19,ARI incidence,2026-08-30,3,SI,quantile,0.7,238.9886555548532
2026-08-19,ARI incidence,2026-08-30,3,SI,quantile,0.75,245.7333586825635
2026-08-19,ARI incidence,2026-08-30,3,SI,quantile,0.8,252.9211242085691
2026-08-19,ARI incidence,2026-08-30,3,SI,quantile,0.35,202.0957647804213
2026-08-19,ARI incidence,2026-08-30,3,SI,quantile,0.05,159.6409243025362
2026-08-19,ARI incidence,2026-08-30,3,SI,quantile,0.4,206.77937848050263
2026-08-19,ARI incidence,2026-08-30,3,SI,quantile,0.45,211.54420387866503
2026-08-19,ARI incidence,2026-08-30,3,SI,quantile,0.5,216.9376458888892
2026-08-19,ARI incidence,2026-08-30,3,SI,quantile,0.65,233.11850570971197
2026-08-19,ARI incidence,2026-08-30,3,SI,quantile,0.6,227.44680115191608
2026-08-19,ARI incidence,2026-08-30,3,SI,quantile,0.55,222.04223748703333
2026-08-19,ARI incidence,2026-08-30,3,SI,quantile,0.25,191.98449101982305
2026-08-19,ARI incidence,2026-08-30,3,SI,quantile,0.3,197.1503694577784
2026-08-19,ARI incidence,2026-08-30,3,SI,quantile,0.15,179.25411711233943
2026-08-19,ARI incidence,2026-08-30,3,SI,quantile,0.1,171.59732107451146
2026-08-19,ARI incidence,2026-08-30,3,SI,quantile,0.2,185.983326961012
2026-08-19,ARI incidence,2026-08-30,3,SI,median,NA,216.9376458888892
2026-08-19,ARI incidence,2026-09-06,4,SI,quantile,0.7,337.67235125952107
2026-08-19,ARI incidence,2026-09-06,4,SI,quantile,0.75,348.11087110903867
2026-08-19,ARI incidence,2026-09-06,4,SI,quantile,0.8,359.8744585643397
2026-08-19,ARI incidence,2026-09-06,4,SI,quantile,0.9,395.2908652159731
2026-08-19,ARI incidence,2026-09-06,4,SI,quantile,0.85,375.1218199089289
2026-08-19,ARI incidence,2026-09-06,4,SI,quantile,0.1,233.04428959779383
2026-08-19,ARI incidence,2026-09-06,4,SI,quantile,0.05,216.5744217422162
2026-08-19,ARI incidence,2026-09-06,4,SI,quantile,0.025,202.63967396759813
2026-08-19,ARI incidence,2026-09-06,4,SI,quantile,0.95,423.24905827185586
2026-08-19,ARI incidence,2026-09-06,4,SI,quantile,0.01,188.61007287321812
2026-08-19,ARI incidence,2026-09-06,4,SI,quantile,0.3,271.5120700667129
2026-08-19,ARI incidence,2026-09-06,4,SI,quantile,0.6,319.6722592578441
2026-08-19,ARI incidence,2026-09-06,4,SI,quantile,0.975,447.8957743632995
2026-08-19,ARI incidence,2026-09-06,4,SI,quantile,0.99,483.1847057149275
2026-08-19,ARI incidence,2026-09-06,4,SI,quantile,0.65,329.12804581530224
2026-08-19,ARI incidence,2026-09-06,4,SI,quantile,0.55,311.20251284643655
2026-08-19,ARI incidence,2026-09-06,4,SI,quantile,0.15,244.97786674303356
2026-08-19,ARI incidence,2026-09-06,4,SI,quantile,0.35,279.75530252519627
2026-08-19,ARI incidence,2026-09-06,4,SI,quantile,0.5,303.6910273008417
2026-08-19,ARI incidence,2026-09-06,4,SI,quantile,0.2,254.51467840176588
2026-08-19,ARI incidence,2026-09-06,4,SI,quantile,0.4,287.8526760801991
2026-08-19,ARI incidence,2026-09-06,4,SI,quantile,0.45,295.7689756344265
2026-08-19,ARI incidence,2026-09-06,4,SI,quantile,0.25,263.1498660940057
2026-08-19,ARI incidence,2026-09-06,4,SI,median,NA,303.6910273008417
