origin_date,target,target_end_date,horizon,location,output_type,output_type_id,value
2026-08-26,ILI incidence,2026-08-23,1,BE,quantile,0.85,62.17613673200571
2026-08-26,ILI incidence,2026-08-23,1,BE,quantile,0.9,67.33815029720165
2026-08-26,ILI incidence,2026-08-23,1,BE,quantile,0.95,75.98772771028729
2026-08-26,ILI incidence,2026-08-23,1,BE,quantile,0.975,83.64875965374256
2026-08-26,ILI incidence,2026-08-23,1,BE,quantile,0.8,58.067763671410475
2026-08-26,ILI incidence,2026-08-23,1,BE,quantile,0.99,94.14087380369196
2026-08-26,ILI incidence,2026-08-23,1,BE,quantile,0.75,54.95687028091288
2026-08-26,ILI incidence,2026-08-23,1,BE,quantile,0.6,47.81804547134641
2026-08-26,ILI incidence,2026-08-23,1,BE,quantile,0.65,49.77715243479146
2026-08-26,ILI incidence,2026-08-23,1,BE,quantile,0.3,37.26329902209676
2026-08-26,ILI incidence,2026-08-23,1,BE,quantile,0.7,52.20208656939589
2026-08-26,ILI incidence,2026-08-23,1,BE,quantile,0.45,42.30968525172764
2026-08-26,ILI incidence,2026-08-23,1,BE,quantile,0.5,44.12899817552077
2026-08-26,ILI incidence,2026-08-23,1,BE,quantile,0.55,45.94170197349449
2026-08-26,ILI incidence,2026-08-23,1,BE,quantile,0.25,35.337808133392194
2026-08-26,ILI incidence,2026-08-23,1,BE,quantile,0.35,38.93680646668143
2026-08-26,ILI incidence,2026-08-23,1,BE,quantile,0.4,40.469572746136016
2026-08-26,ILI incidence,2026-08-23,1,BE,quantile,0.2,33.50081736418807
2026-08-26,ILI incidence,2026-08-23,1,BE,quantile,0.1,28.91849091291074
2026-08-26,ILI incidence,2026-08-23,1,BE,quantile,0.025,23.079483960067712
2026-08-26,ILI incidence,2026-08-23,1,BE,quantile,0.15,31.332138761521083
2026-08-26,ILI incidence,2026-08-23,1,BE,quantile,0.05,25.60556930932644
2026-08-26,ILI incidence,2026-08-23,1,BE,quantile,0.01,20.42771938501109
2026-08-26,ILI incidence,2026-08-23,1,BE,median,NA,44.12899817552077
2026-08-26,ILI incidence,2026-08-30,2,BE,quantile,0.99,90.7342144491427
2026-08-26,ILI incidence,2026-08-30,2,BE,quantile,0.75,40.997606766700315
2026-08-26,ILI incidence,2026-08-30,2,BE,quantile,0.8,44.345044599329135
2026-08-26,ILI incidence,2026-08-30,2,BE,quantile,0.975,74.62597901622296
2026-08-26,ILI incidence,2026-08-30,2,BE,quantile,0.85,48.59619924636768
2026-08-26,ILI incidence,2026-08-30,2,BE,quantile,0.7,38.112563914145895
2026-08-26,ILI incidence,2026-08-30,2,BE,quantile,0.9,54.10031362858296
2026-08-26,ILI incidence,2026-08-30,2,BE,quantile,0.95,64.22244746212628
2026-08-26,ILI incidence,2026-08-30,2,BE,quantile,0.65,35.762270887213845
2026-08-26,ILI incidence,2026-08-30,2,BE,quantile,0.6,33.60575419064432
2026-08-26,ILI incidence,2026-08-30,2,BE,quantile,0.2,19.77747790300757
2026-08-26,ILI incidence,2026-08-30,2,BE,quantile,0.25,21.372810197082515
2026-08-26,ILI incidence,2026-08-30,2,BE,quantile,0.55,31.536171800998243
2026-08-26,ILI incidence,2026-08-30,2,BE,quantile,0.5,29.596077478953333
2026-08-26,ILI incidence,2026-08-30,2,BE,quantile,0.45,27.923227586894622
2026-08-26,ILI incidence,2026-08-30,2,BE,quantile,0.4,26.23955701530398
2026-08-26,ILI incidence,2026-08-30,2,BE,quantile,0.35,24.607552112779317
2026-08-26,ILI incidence,2026-08-30,2,BE,quantile,0.3,22.99651663869768
2026-08-26,ILI incidence,2026-08-30,2,BE,quantile,0.01,9.7260942703824
2026-08-26,ILI incidence,2026-08-30,2,BE,quantile,0.025,11.562490518671392
2026-08-26,ILI incidence,2026-08-30,2,BE,quantile,0.15,18.027619260936262
2026-08-26,ILI incidence,2026-08-30,2,BE,quantile,0.05,13.387855650137093
2026-08-26,ILI incidence,2026-08-30,2,BE,quantile,0.1,15.91300126215457
2026-08-26,ILI incidence,2026-08-30,2,BE,median,NA,29.596077478953333
2026-08-26,ILI incidence,2026-09-06,3,BE,quantile,0.95,54.07457104469664
2026-08-26,ILI incidence,2026-09-06,3,BE,quantile,0.975,60.59460305610923
2026-08-26,ILI incidence,2026-09-06,3,BE,quantile,0.9,47.44078755516389
2026-08-26,ILI incidence,2026-09-06,3,BE,quantile,0.99,71.3196272026306
2026-08-26,ILI incidence,2026-09-06,3,BE,quantile,0.75,37.66322517634517
2026-08-26,ILI incidence,2026-09-06,3,BE,quantile,0.85,43.044684814517304
2026-08-26,ILI incidence,2026-09-06,3,BE,quantile,0.7,35.609158597901555
2026-08-26,ILI incidence,2026-09-06,3,BE,quantile,0.8,39.9935826202574
2026-08-26,ILI incidence,2026-09-06,3,BE,quantile,0.01,12.426491010870183
2026-08-26,ILI incidence,2026-09-06,3,BE,quantile,0.65,33.781644267321056
2026-08-26,ILI incidence,2026-09-06,3,BE,quantile,0.55,30.771240051242092
2026-08-26,ILI incidence,2026-09-06,3,BE,quantile,0.4,26.952687905549546
2026-08-26,ILI incidence,2026-09-06,3,BE,quantile,0.6,32.29882102718783
2026-08-26,ILI incidence,2026-09-06,3,BE,quantile,0.5,29.471880266811414
2026-08-26,ILI incidence,2026-09-06,3,BE,quantile,0.45,28.161850461472095
2026-08-26,ILI incidence,2026-09-06,3,BE,quantile,0.05,15.89316028820326
2026-08-26,ILI incidence,2026-09-06,3,BE,quantile,0.025,14.227406035137456
2026-08-26,ILI incidence,2026-09-06,3,BE,quantile,0.1,18.22801602931112
2026-08-26,ILI incidence,2026-09-06,3,BE,quantile,0.15,20.015831984285125
2026-08-26,ILI incidence,2026-09-06,3,BE,quantile,0.2,21.624695005909903
2026-08-26,ILI incidence,2026-09-06,3,BE,quantile,0.3,24.319468532867297
2026-08-26,ILI incidence,2026-09-06,3,BE,quantile,0.35,25.63515510559736
2026-08-26,ILI incidence,2026-09-06,3,BE,quantile,0.25,23.065446529113444
2026-08-26,ILI incidence,2026-09-06,3,BE,median,NA,29.471880266811414
2026-08-26,ILI incidence,2026-09-13,4,BE,quantile,0.4,28.914133324792445
2026-08-26,ILI incidence,2026-09-13,4,BE,quantile,0.45,30.530116123315914
2026-08-26,ILI incidence,2026-09-13,4,BE,quantile,0.5,32.25006558516422
2026-08-26,ILI incidence,2026-09-13,4,BE,quantile,0.975,79.85850124913256
2026-08-26,ILI incidence,2026-09-13,4,BE,quantile,0.35,27.25953779070329
2026-08-26,ILI incidence,2026-09-13,4,BE,quantile,0.2,22.1971416575446
2026-08-26,ILI incidence,2026-09-13,4,BE,quantile,0.55,34.2662558454969
2026-08-26,ILI incidence,2026-09-13,4,BE,quantile,0.95,68.77670554130829
2026-08-26,ILI incidence,2026-09-13,4,BE,quantile,0.99,93.14315645376242
2026-08-26,ILI incidence,2026-09-13,4,BE,quantile,0.25,23.944429608039645
2026-08-26,ILI incidence,2026-09-13,4,BE,quantile,0.3,25.59215880096509
2026-08-26,ILI incidence,2026-09-13,4,BE,quantile,0.75,43.869255153092574
2026-08-26,ILI incidence,2026-09-13,4,BE,quantile,0.8,47.264199484724
2026-08-26,ILI incidence,2026-09-13,4,BE,quantile,0.9,58.08982250567152
2026-08-26,ILI incidence,2026-09-13,4,BE,quantile,0.85,51.85659505783549
2026-08-26,ILI incidence,2026-09-13,4,BE,quantile,0.1,18.169887961794473
2026-08-26,ILI incidence,2026-09-13,4,BE,quantile,0.15,20.363296940826917
2026-08-26,ILI incidence,2026-09-13,4,BE,quantile,0.025,13.43783413529822
2026-08-26,ILI incidence,2026-09-13,4,BE,quantile,0.6,36.20582114661053
2026-08-26,ILI incidence,2026-09-13,4,BE,quantile,0.7,40.885770243037726
2026-08-26,ILI incidence,2026-09-13,4,BE,quantile,0.05,15.460157069981442
2026-08-26,ILI incidence,2026-09-13,4,BE,quantile,0.65,38.33019631231696
2026-08-26,ILI incidence,2026-09-13,4,BE,quantile,0.01,11.101278541814152
2026-08-26,ILI incidence,2026-09-13,4,BE,median,NA,32.25006558516422
2026-08-26,ILI incidence,2026-08-23,1,CH,quantile,0.2,6.191631501596193
2026-08-26,ILI incidence,2026-08-23,1,CH,quantile,0.15,5.224201638049556
2026-08-26,ILI incidence,2026-08-23,1,CH,quantile,0.25,7.067186623102135
2026-08-26,ILI incidence,2026-08-23,1,CH,quantile,0.3,7.980414736921835
2026-08-26,ILI incidence,2026-08-23,1,CH,quantile,0.1,4.231277841826806
2026-08-26,ILI incidence,2026-08-23,1,CH,quantile,0.05,3.1519849712282992
2026-08-26,ILI incidence,2026-08-23,1,CH,quantile,0.025,2.3966441911217475
2026-08-26,ILI incidence,2026-08-23,1,CH,quantile,0.01,1.824970548628439
2026-08-26,ILI incidence,2026-08-23,1,CH,quantile,0.99,82.22842619918562
2026-08-26,ILI incidence,2026-08-23,1,CH,quantile,0.6,15.043124613947622
2026-08-26,ILI incidence,2026-08-23,1,CH,quantile,0.975,62.3467684278559
2026-08-26,ILI incidence,2026-08-23,1,CH,quantile,0.95,46.926536215862626
2026-08-26,ILI incidence,2026-08-23,1,CH,quantile,0.55,13.601110983116744
2026-08-26,ILI incidence,2026-08-23,1,CH,quantile,0.9,34.55928849179261
2026-08-26,ILI incidence,2026-08-23,1,CH,quantile,0.75,21.21695885356857
2026-08-26,ILI incidence,2026-08-23,1,CH,quantile,0.35,8.932161566492416
2026-08-26,ILI incidence,2026-08-23,1,CH,quantile,0.85,28.283328832326625
2026-08-26,ILI incidence,2026-08-23,1,CH,quantile,0.45,11.114414113503564
2026-08-26,ILI incidence,2026-08-23,1,CH,quantile,0.5,12.320533766839391
2026-08-26,ILI incidence,2026-08-23,1,CH,quantile,0.65,16.808941114619167
2026-08-26,ILI incidence,2026-08-23,1,CH,quantile,0.8,24.30378473029718
2026-08-26,ILI incidence,2026-08-23,1,CH,quantile,0.7,18.89177168599012
2026-08-26,ILI incidence,2026-08-23,1,CH,quantile,0.4,9.972782792822422
2026-08-26,ILI incidence,2026-08-23,1,CH,median,NA,12.320533766839391
2026-08-26,ILI incidence,2026-08-30,2,CH,quantile,0.99,21.71821968157896
2026-08-26,ILI incidence,2026-08-30,2,CH,quantile,0.975,18.302291798847023
2026-08-26,ILI incidence,2026-08-30,2,CH,quantile,0.95,15.838565667029464
2026-08-26,ILI incidence,2026-08-30,2,CH,quantile,0.9,13.567140321887516
2026-08-26,ILI incidence,2026-08-30,2,CH,quantile,0.85,12.032454544708347
2026-08-26,ILI incidence,2026-08-30,2,CH,quantile,0.8,10.965065229836796
2026-08-26,ILI incidence,2026-08-30,2,CH,quantile,0.65,8.886475346650698
2026-08-26,ILI incidence,2026-08-30,2,CH,quantile,0.7,9.496685677940167
2026-08-26,ILI incidence,2026-08-30,2,CH,quantile,0.75,10.126296803061944
2026-08-26,ILI incidence,2026-08-30,2,CH,quantile,0.6,8.378340602144544
2026-08-26,ILI incidence,2026-08-30,2,CH,quantile,0.55,7.908086316571436
2026-08-26,ILI incidence,2026-08-30,2,CH,quantile,0.3,5.876108972017282
2026-08-26,ILI incidence,2026-08-30,2,CH,quantile,0.4,6.648175306201101
2026-08-26,ILI incidence,2026-08-30,2,CH,quantile,0.35,6.248852525996458
2026-08-26,ILI incidence,2026-08-30,2,CH,quantile,0.25,5.470380635444052
2026-08-26,ILI incidence,2026-08-30,2,CH,quantile,0.45,7.031406987929117
2026-08-26,ILI incidence,2026-08-30,2,CH,quantile,0.15,4.614292321300006
2026-08-26,ILI incidence,2026-08-30,2,CH,quantile,0.2,5.067453538803019
2026-08-26,ILI incidence,2026-08-30,2,CH,quantile,0.5,7.459192091566044
2026-08-26,ILI incidence,2026-08-30,2,CH,quantile,0.05,3.478300394048161
2026-08-26,ILI incidence,2026-08-30,2,CH,quantile,0.1,4.091176314288925
2026-08-26,ILI incidence,2026-08-30,2,CH,quantile,0.025,3.0111261780610983
2026-08-26,ILI incidence,2026-08-30,2,CH,quantile,0.01,2.528047384915657
2026-08-26,ILI incidence,2026-08-30,2,CH,median,NA,7.459192091566044
2026-08-26,ILI incidence,2026-09-06,3,CH,quantile,0.99,148.10016426597323
2026-08-26,ILI incidence,2026-09-06,3,CH,quantile,0.95,81.43379427633278
2026-08-26,ILI incidence,2026-09-06,3,CH,quantile,0.85,46.749426585916694
2026-08-26,ILI incidence,2026-09-06,3,CH,quantile,0.9,58.81105809926345
2026-08-26,ILI incidence,2026-09-06,3,CH,quantile,0.1,6.1894003375898645
2026-08-26,ILI incidence,2026-09-06,3,CH,quantile,0.01,2.2771696368269123
2026-08-26,ILI incidence,2026-09-06,3,CH,quantile,0.3,11.89700783096355
2026-08-26,ILI incidence,2026-09-06,3,CH,quantile,0.15,7.627958364713253
2026-08-26,ILI incidence,2026-09-06,3,CH,quantile,0.45,16.987995516221243
2026-08-26,ILI incidence,2026-09-06,3,CH,quantile,0.05,4.438575356438087
2026-08-26,ILI incidence,2026-09-06,3,CH,quantile,0.4,15.07846637579066
2026-08-26,ILI incidence,2026-09-06,3,CH,quantile,0.025,3.3741924429344508
2026-08-26,ILI incidence,2026-09-06,3,CH,quantile,0.975,106.83151171570816
2026-08-26,ILI incidence,2026-09-06,3,CH,quantile,0.2,9.082044017632606
2026-08-26,ILI incidence,2026-09-06,3,CH,quantile,0.35,13.361567902636368
2026-08-26,ILI incidence,2026-09-06,3,CH,quantile,0.55,21.07015226195827
2026-08-26,ILI incidence,2026-09-06,3,CH,quantile,0.5,18.818953752930803
2026-08-26,ILI incidence,2026-09-06,3,CH,quantile,0.25,10.45712416984257
2026-08-26,ILI incidence,2026-09-06,3,CH,quantile,0.6,23.55730909659387
2026-08-26,ILI incidence,2026-09-06,3,CH,quantile,0.65,26.512069392855032
2026-08-26,ILI incidence,2026-09-06,3,CH,quantile,0.7,29.87648241321581
2026-08-26,ILI incidence,2026-09-06,3,CH,quantile,0.8,39.435313101746225
2026-08-26,ILI incidence,2026-09-06,3,CH,quantile,0.75,33.853178161418526
2026-08-26,ILI incidence,2026-09-06,3,CH,median,NA,18.818953752930803
2026-08-26,ILI incidence,2026-09-13,4,CH,quantile,0.975,19.21691470314056
2026-08-26,ILI incidence,2026-09-13,4,CH,quantile,0.9,13.774986831131915
2026-08-26,ILI incidence,2026-09-13,4,CH,quantile,0.99,23.18564846057482
2026-08-26,ILI incidence,2026-09-13,4,CH,quantile,0.95,16.49718563077019
2026-08-26,ILI incidence,2026-09-13,4,CH,quantile,0.8,10.830458761982388
2026-08-26,ILI incidence,2026-09-13,4,CH,quantile,0.85,11.980885412033494
2026-08-26,ILI incidence,2026-09-13,4,CH,quantile,0.7,9.18297706721107
2026-08-26,ILI incidence,2026-09-13,4,CH,quantile,0.75,9.88296552956077
2026-08-26,ILI incidence,2026-09-13,4,CH,quantile,0.65,8.504544341776395
2026-08-26,ILI incidence,2026-09-13,4,CH,quantile,0.6,7.961416563143923
2026-08-26,ILI incidence,2026-09-13,4,CH,quantile,0.55,7.454696629459711
2026-08-26,ILI incidence,2026-09-13,4,CH,quantile,0.5,6.9501666467012395
2026-08-26,ILI incidence,2026-09-13,4,CH,quantile,0.45,6.522727295770354
2026-08-26,ILI incidence,2026-09-13,4,CH,quantile,0.15,4.124036083974134
2026-08-26,ILI incidence,2026-09-13,4,CH,quantile,0.4,6.100897599478639
2026-08-26,ILI incidence,2026-09-13,4,CH,quantile,0.35,5.708591611653358
2026-08-26,ILI incidence,2026-09-13,4,CH,quantile,0.1,3.649328874194836
2026-08-26,ILI incidence,2026-09-13,4,CH,quantile,0.025,2.578519027350585
2026-08-26,ILI incidence,2026-09-13,4,CH,quantile,0.25,4.925233109589502
2026-08-26,ILI incidence,2026-09-13,4,CH,quantile,0.01,2.181390713455927
2026-08-26,ILI incidence,2026-09-13,4,CH,quantile,0.05,3.046492959463143
2026-08-26,ILI incidence,2026-09-13,4,CH,quantile,0.3,5.306868685216296
2026-08-26,ILI incidence,2026-09-13,4,CH,quantile,0.2,4.546524293421228
2026-08-26,ILI incidence,2026-09-13,4,CH,median,NA,6.9501666467012395
2026-08-26,ILI incidence,2026-08-23,1,DK,quantile,0.6,61.323118574348705
2026-08-26,ILI incidence,2026-08-23,1,DK,quantile,0.55,60.65277979085094
2026-08-26,ILI incidence,2026-08-23,1,DK,quantile,0.15,54.615974751018754
2026-08-26,ILI incidence,2026-08-23,1,DK,quantile,0.7,62.94895696174133
2026-08-26,ILI incidence,2026-08-23,1,DK,quantile,0.2,55.63425962090968
2026-08-26,ILI incidence,2026-08-23,1,DK,quantile,0.1,53.428278772955814
2026-08-26,ILI incidence,2026-08-23,1,DK,quantile,0.65,62.07527537495905
2026-08-26,ILI incidence,2026-08-23,1,DK,quantile,0.25,56.49768058709781
2026-08-26,ILI incidence,2026-08-23,1,DK,quantile,0.01,48.54995996442825
2026-08-26,ILI incidence,2026-08-23,1,DK,quantile,0.05,51.70137702726642
2026-08-26,ILI incidence,2026-08-23,1,DK,quantile,0.45,59.31897153961527
2026-08-26,ILI incidence,2026-08-23,1,DK,quantile,0.025,50.274808428100954
2026-08-26,ILI incidence,2026-08-23,1,DK,quantile,0.4,58.669969352149415
2026-08-26,ILI incidence,2026-08-23,1,DK,quantile,0.5,59.977655422686325
2026-08-26,ILI incidence,2026-08-23,1,DK,quantile,0.3,57.242430609579074
2026-08-26,ILI incidence,2026-08-23,1,DK,quantile,0.75,63.79618422081458
2026-08-26,ILI incidence,2026-08-23,1,DK,quantile,0.35,58.00069391895503
2026-08-26,ILI incidence,2026-08-23,1,DK,quantile,0.975,71.65586767024882
2026-08-26,ILI incidence,2026-08-23,1,DK,quantile,0.95,69.72779463562472
2026-08-26,ILI incidence,2026-08-23,1,DK,quantile,0.9,67.41305014488943
2026-08-26,ILI incidence,2026-08-23,1,DK,quantile,0.99,74.13977240995992
2026-08-26,ILI incidence,2026-08-23,1,DK,quantile,0.8,64.78331553365015
2026-08-26,ILI incidence,2026-08-23,1,DK,quantile,0.85,65.87468019249528
2026-08-26,ILI incidence,2026-08-23,1,DK,median,NA,59.977655422686325
2026-08-26,ILI incidence,2026-08-30,2,DK,quantile,0.05,49.86877927628578
2026-08-26,ILI incidence,2026-08-30,2,DK,quantile,0.1,52.83138687040176
2026-08-26,ILI incidence,2026-08-30,2,DK,quantile,0.025,47.59377620022409
2026-08-26,ILI incidence,2026-08-30,2,DK,quantile,0.01,45.20638526851658
2026-08-26,ILI incidence,2026-08-30,2,DK,quantile,0.25,57.73866392983719
2026-08-26,ILI incidence,2026-08-30,2,DK,quantile,0.15,54.74903980532474
2026-08-26,ILI incidence,2026-08-30,2,DK,quantile,0.45,62.774745582859566
2026-08-26,ILI incidence,2026-08-30,2,DK,quantile,0.2,56.28404438939092
2026-08-26,ILI incidence,2026-08-30,2,DK,quantile,0.85,74.59349910108612
2026-08-26,ILI incidence,2026-08-30,2,DK,quantile,0.5,63.886054131253545
2026-08-26,ILI incidence,2026-08-30,2,DK,quantile,0.3,58.99124349520534
2026-08-26,ILI incidence,2026-08-30,2,DK,quantile,0.55,65.03330446928013
2026-08-26,ILI incidence,2026-08-30,2,DK,quantile,0.9,77.22417076249592
2026-08-26,ILI incidence,2026-08-30,2,DK,quantile,0.95,81.86065127526133
2026-08-26,ILI incidence,2026-08-30,2,DK,quantile,0.975,85.96289087203239
2026-08-26,ILI incidence,2026-08-30,2,DK,quantile,0.35,60.315343878722544
2026-08-26,ILI incidence,2026-08-30,2,DK,quantile,0.99,90.43030371950852
2026-08-26,ILI incidence,2026-08-30,2,DK,quantile,0.8,72.45169991493707
2026-08-26,ILI incidence,2026-08-30,2,DK,quantile,0.4,61.56284944069265
2026-08-26,ILI incidence,2026-08-30,2,DK,quantile,0.7,69.08075636594299
2026-08-26,ILI incidence,2026-08-30,2,DK,quantile,0.75,70.6764811886154
2026-08-26,ILI incidence,2026-08-30,2,DK,quantile,0.65,67.56177594017322
2026-08-26,ILI incidence,2026-08-30,2,DK,quantile,0.6,66.29529490960235
2026-08-26,ILI incidence,2026-08-30,2,DK,median,NA,63.886054131253545
2026-08-26,ILI incidence,2026-09-06,3,DK,quantile,0.99,112.0075265127148
2026-08-26,ILI incidence,2026-09-06,3,DK,quantile,0.975,104.1889976452234
2026-08-26,ILI incidence,2026-09-06,3,DK,quantile,0.9,90.58873542872864
2026-08-26,ILI incidence,2026-09-06,3,DK,quantile,0.85,86.38644178686262
2026-08-26,ILI incidence,2026-09-06,3,DK,quantile,0.6,73.82788932185282
2026-08-26,ILI incidence,2026-09-06,3,DK,quantile,0.95,97.21472737470772
2026-08-26,ILI incidence,2026-09-06,3,DK,quantile,0.4,66.73814481134022
2026-08-26,ILI incidence,2026-09-06,3,DK,quantile,0.45,68.49036301659478
2026-08-26,ILI incidence,2026-09-06,3,DK,quantile,0.8,82.9769058883957
2026-08-26,ILI incidence,2026-09-06,3,DK,quantile,0.65,75.771526516889125
2026-08-26,ILI incidence,2026-09-06,3,DK,quantile,0.7,77.94493241294403
2026-08-26,ILI incidence,2026-09-06,3,DK,quantile,0.75,80.33428428316716
2026-08-26,ILI incidence,2026-09-06,3,DK,quantile,0.5,70.23103766249369
2026-08-26,ILI incidence,2026-09-06,3,DK,quantile,0.55,71.995442461896
2026-08-26,ILI incidence,2026-09-06,3,DK,quantile,0.3,63.26764975506512
2026-08-26,ILI incidence,2026-09-06,3,DK,quantile,0.35,65.02649041153238
2026-08-26,ILI incidence,2026-09-06,3,DK,quantile,0.05,51.06026367170454
2026-08-26,ILI incidence,2026-09-06,3,DK,quantile,0.2,59.51410358644303
2026-08-26,ILI incidence,2026-09-06,3,DK,quantile,0.01,43.97849170068999
2026-08-26,ILI incidence,2026-09-06,3,DK,quantile,0.025,47.69007093365007
2026-08-26,ILI incidence,2026-09-06,3,DK,quantile,0.25,61.51455530023094
2026-08-26,ILI incidence,2026-09-06,3,DK,quantile,0.15,57.34645372517512
2026-08-26,ILI incidence,2026-09-06,3,DK,quantile,0.1,54.74280265761975
2026-08-26,ILI incidence,2026-09-06,3,DK,median,NA,70.23103766249369
2026-08-26,ILI incidence,2026-09-13,4,DK,quantile,0.05,71.2876602532948
2026-08-26,ILI incidence,2026-09-13,4,DK,quantile,0.025,69.96437613221731
2026-08-26,ILI incidence,2026-09-13,4,DK,quantile,0.01,68.29526147902473
2026-08-26,ILI incidence,2026-09-13,4,DK,quantile,0.6,79.3444472827686
2026-08-26,ILI incidence,2026-09-13,4,DK,quantile,0.1,72.78940906251081
2026-08-26,ILI incidence,2026-09-13,4,DK,quantile,0.5,78.27948357596277
2026-08-26,ILI incidence,2026-09-13,4,DK,quantile,0.55,78.80693458377503
2026-08-26,ILI incidence,2026-09-13,4,DK,quantile,0.65,79.933389967957865
2026-08-26,ILI incidence,2026-09-13,4,DK,quantile,0.4,77.21247872579542
2026-08-26,ILI incidence,2026-09-13,4,DK,quantile,0.35,76.61766098825308
2026-08-26,ILI incidence,2026-09-13,4,DK,quantile,0.45,77.74411858199404
2026-08-26,ILI incidence,2026-09-13,4,DK,quantile,0.25,75.34520851157453
2026-08-26,ILI incidence,2026-09-13,4,DK,quantile,0.99,89.30332783054902
2026-08-26,ILI incidence,2026-09-13,4,DK,quantile,0.3,75.9821770585505
2026-08-26,ILI incidence,2026-09-13,4,DK,quantile,0.15,73.75917812522859
2026-08-26,ILI incidence,2026-09-13,4,DK,quantile,0.2,74.61469883494463
2026-08-26,ILI incidence,2026-09-13,4,DK,quantile,0.75,81.28713616316463
2026-08-26,ILI incidence,2026-09-13,4,DK,quantile,0.7,80.59540895472466
2026-08-26,ILI incidence,2026-09-13,4,DK,quantile,0.95,85.92187992103453
2026-08-26,ILI incidence,2026-09-13,4,DK,quantile,0.975,87.5065385640666
2026-08-26,ILI incidence,2026-09-13,4,DK,quantile,0.8,82.08294634459148
2026-08-26,ILI incidence,2026-09-13,4,DK,quantile,0.9,84.17453846626773
2026-08-26,ILI incidence,2026-09-13,4,DK,quantile,0.85,82.97605966004902
2026-08-26,ILI incidence,2026-09-13,4,DK,median,NA,78.27948357596277
2026-08-26,ILI incidence,2026-08-23,1,EE,quantile,0.99,224.981718744762
2026-08-26,ILI incidence,2026-08-23,1,EE,quantile,0.95,120.8434486252695
2026-08-26,ILI incidence,2026-08-23,1,EE,quantile,0.975,160.61457858152792
2026-08-26,ILI incidence,2026-08-23,1,EE,quantile,0.9,85.92523910614449
2026-08-26,ILI incidence,2026-08-23,1,EE,quantile,0.85,69.21018569890083
2026-08-26,ILI incidence,2026-08-23,1,EE,quantile,0.8,57.427727821499175
2026-08-26,ILI incidence,2026-08-23,1,EE,quantile,0.75,48.78427339918183
2026-08-26,ILI incidence,2026-08-23,1,EE,quantile,0.7,42.181032654096306
2026-08-26,ILI incidence,2026-08-23,1,EE,quantile,0.55,28.65648426444183
2026-08-26,ILI incidence,2026-08-23,1,EE,quantile,0.6,32.52188007335569
2026-08-26,ILI incidence,2026-08-23,1,EE,quantile,0.45,22.7492418240821
2026-08-26,ILI incidence,2026-08-23,1,EE,quantile,0.5,25.37969441026952
2026-08-26,ILI incidence,2026-08-23,1,EE,quantile,0.4,20.10377602194946
2026-08-26,ILI incidence,2026-08-23,1,EE,quantile,0.65,36.889875181126946
2026-08-26,ILI incidence,2026-08-23,1,EE,quantile,0.35,17.84302866358833
2026-08-26,ILI incidence,2026-08-23,1,EE,quantile,0.3,15.615671762690791
2026-08-26,ILI incidence,2026-08-23,1,EE,quantile,0.25,13.649841997142712
2026-08-26,ILI incidence,2026-08-23,1,EE,quantile,0.15,9.605950099063234
2026-08-26,ILI incidence,2026-08-23,1,EE,quantile,0.01,2.79121924646584
2026-08-26,ILI incidence,2026-08-23,1,EE,quantile,0.2,11.69686655270911
2026-08-26,ILI incidence,2026-08-23,1,EE,quantile,0.05,5.427341985563198
2026-08-26,ILI incidence,2026-08-23,1,EE,quantile,0.025,3.901276271113525
2026-08-26,ILI incidence,2026-08-23,1,EE,quantile,0.1,7.519727019462527
2026-08-26,ILI incidence,2026-08-23,1,EE,median,NA,25.37969441026952
2026-08-26,ILI incidence,2026-08-30,2,EE,quantile,0.5,10.223055344562624
2026-08-26,ILI incidence,2026-08-30,2,EE,quantile,0.55,10.303007168993748
2026-08-26,ILI incidence,2026-08-30,2,EE,quantile,0.6,10.394718301043268
2026-08-26,ILI incidence,2026-08-30,2,EE,quantile,0.8,10.845810515023228
2026-08-26,ILI incidence,2026-08-30,2,EE,quantile,0.7,10.605162104356266
2026-08-26,ILI incidence,2026-08-30,2,EE,quantile,0.75,10.717489188860888
2026-08-26,ILI incidence,2026-08-30,2,EE,quantile,0.85,10.996590076858274
2026-08-26,ILI incidence,2026-08-30,2,EE,quantile,0.99,12.05891050067704
2026-08-26,ILI incidence,2026-08-30,2,EE,quantile,0.65,10.492705002222934
2026-08-26,ILI incidence,2026-08-30,2,EE,quantile,0.45,10.130343122685376
2026-08-26,ILI incidence,2026-08-30,2,EE,quantile,0.9,11.186810910726257
2026-08-26,ILI incidence,2026-08-30,2,EE,quantile,0.95,11.46159119910537
2026-08-26,ILI incidence,2026-08-30,2,EE,quantile,0.25,9.742027072864175
2026-08-26,ILI incidence,2026-08-30,2,EE,quantile,0.05,9.121055439991745
2026-08-26,ILI incidence,2026-08-30,2,EE,quantile,0.4,10.0336702797573
2026-08-26,ILI incidence,2026-08-30,2,EE,quantile,0.3,9.847824780351244
2026-08-26,ILI incidence,2026-08-30,2,EE,quantile,0.1,9.352449439166705
2026-08-26,ILI incidence,2026-08-30,2,EE,quantile,0.025,8.921476891651519
2026-08-26,ILI incidence,2026-08-30,2,EE,quantile,0.35,9.94938657975396
2026-08-26,ILI incidence,2026-08-30,2,EE,quantile,0.2,9.63604604969848
2026-08-26,ILI incidence,2026-08-30,2,EE,quantile,0.01,8.689984762017232
2026-08-26,ILI incidence,2026-08-30,2,EE,quantile,0.15,9.51473780855186
2026-08-26,ILI incidence,2026-08-30,2,EE,quantile,0.975,11.720341890134767
2026-08-26,ILI incidence,2026-08-30,2,EE,median,NA,10.223055344562624
2026-08-26,ILI incidence,2026-09-06,3,EE,quantile,0.9,19.99669408333707
2026-08-26,ILI incidence,2026-09-06,3,EE,quantile,0.85,14.89894173980048
2026-08-26,ILI incidence,2026-09-06,3,EE,quantile,0.65,6.66279446499847
2026-08-26,ILI incidence,2026-09-06,3,EE,quantile,0.8,11.736843865064529
2026-08-26,ILI incidence,2026-09-06,3,EE,quantile,0.7,7.90603408325549
2026-08-26,ILI incidence,2026-09-06,3,EE,quantile,0.99,70.38785558383677
2026-08-26,ILI incidence,2026-09-06,3,EE,quantile,0.95,32.10165732553018
2026-08-26,ILI incidence,2026-09-06,3,EE,quantile,0.75,9.549794534661132
2026-08-26,ILI incidence,2026-09-06,3,EE,quantile,0.6,5.590549196607776
2026-08-26,ILI incidence,2026-09-06,3,EE,quantile,0.975,46.176899756355255
2026-08-26,ILI incidence,2026-09-06,3,EE,quantile,0.25,1.704739371726076
2026-08-26,ILI incidence,2026-09-06,3,EE,quantile,0.55,4.70567965156987
2026-08-26,ILI incidence,2026-09-06,3,EE,quantile,0.2,1.3750826130574856
2026-08-26,ILI incidence,2026-09-06,3,EE,quantile,0.1,0.7810338197566411
2026-08-26,ILI incidence,2026-09-06,3,EE,quantile,0.5,3.995300389607405
2026-08-26,ILI incidence,2026-09-06,3,EE,quantile,0.35,2.4777728866117776
2026-08-26,ILI incidence,2026-09-06,3,EE,quantile,0.4,2.931791047571905
2026-08-26,ILI incidence,2026-09-06,3,EE,quantile,0.15,1.0635462714373325
2026-08-26,ILI incidence,2026-09-06,3,EE,quantile,0.45,3.4290381888967687
2026-08-26,ILI incidence,2026-09-06,3,EE,quantile,0.3,2.069254600740448
2026-08-26,ILI incidence,2026-09-06,3,EE,quantile,0.05,0.49415057828430625
2026-08-26,ILI incidence,2026-09-06,3,EE,quantile,0.025,0.3330184109100454
2026-08-26,ILI incidence,2026-09-06,3,EE,quantile,0.01,0.20569639074435045
2026-08-26,ILI incidence,2026-09-06,3,EE,median,NA,3.995300389607405
2026-08-26,ILI incidence,2026-09-13,4,EE,quantile,0.01,1.5145932361320456
2026-08-26,ILI incidence,2026-09-13,4,EE,quantile,0.05,3.189208814474101
2026-08-26,ILI incidence,2026-09-13,4,EE,quantile,0.025,2.2525372044113965
2026-08-26,ILI incidence,2026-09-13,4,EE,quantile,0.1,4.723825516310332
2026-08-26,ILI incidence,2026-09-13,4,EE,quantile,0.15,6.164971819132299
2026-08-26,ILI incidence,2026-09-13,4,EE,quantile,0.25,8.964593503299643
2026-08-26,ILI incidence,2026-09-13,4,EE,quantile,0.3,10.53512309719986
2026-08-26,ILI incidence,2026-09-13,4,EE,quantile,0.2,7.614753177020601
2026-08-26,ILI incidence,2026-09-13,4,EE,quantile,0.35,12.262049897927408
2026-08-26,ILI incidence,2026-09-13,4,EE,quantile,0.4,14.126968653096558
2026-08-26,ILI incidence,2026-09-13,4,EE,quantile,0.85,57.50388388949839
2026-08-26,ILI incidence,2026-09-13,4,EE,quantile,0.45,16.213868912418647
2026-08-26,ILI incidence,2026-09-13,4,EE,quantile,0.8,46.43638031690091
2026-08-26,ILI incidence,2026-09-13,4,EE,quantile,0.5,18.614271051988496
2026-08-26,ILI incidence,2026-09-13,4,EE,quantile,0.75,38.852823326754155
2026-08-26,ILI incidence,2026-09-13,4,EE,quantile,0.9,74.84675071412352
2026-08-26,ILI incidence,2026-09-13,4,EE,quantile,0.7,33.05693475001226
2026-08-26,ILI incidence,2026-09-13,4,EE,quantile,0.55,21.18269641340032
2026-08-26,ILI incidence,2026-09-13,4,EE,quantile,0.65,28.15042631941844
2026-08-26,ILI incidence,2026-09-13,4,EE,quantile,0.6,24.285271842286228
2026-08-26,ILI incidence,2026-09-13,4,EE,quantile,0.95,109.84627445539532
2026-08-26,ILI incidence,2026-09-13,4,EE,quantile,0.975,149.70255532138876
2026-08-26,ILI incidence,2026-09-13,4,EE,quantile,0.99,228.44734494420865
2026-08-26,ILI incidence,2026-09-13,4,EE,median,NA,18.614271051988496
2026-08-26,ILI incidence,2026-08-23,1,ES,quantile,0.01,5.261121844652459
2026-08-26,ILI incidence,2026-08-23,1,ES,quantile,0.45,7.435060137461823
2026-08-26,ILI incidence,2026-08-23,1,ES,quantile,0.35,7.146593822088834
2026-08-26,ILI incidence,2026-08-23,1,ES,quantile,0.5,7.576506256316371
2026-08-26,ILI incidence,2026-08-23,1,ES,quantile,0.6,7.893885402743047
2026-08-26,ILI incidence,2026-08-23,1,ES,quantile,0.25,6.818498212372812
2026-08-26,ILI incidence,2026-08-23,1,ES,quantile,0.3,6.986489568985904
2026-08-26,ILI incidence,2026-08-23,1,ES,quantile,0.4,7.291335615779346
2026-08-26,ILI incidence,2026-08-23,1,ES,quantile,0.55,7.729197701540106
2026-08-26,ILI incidence,2026-08-23,1,ES,quantile,0.2,6.636375629842892
2026-08-26,ILI incidence,2026-08-23,1,ES,quantile,0.15,6.432041621485041
2026-08-26,ILI incidence,2026-08-23,1,ES,quantile,0.025,5.563540103074278
2026-08-26,ILI incidence,2026-08-23,1,ES,quantile,0.05,5.8447890143071115
2026-08-26,ILI incidence,2026-08-23,1,ES,quantile,0.1,6.184819241351798
2026-08-26,ILI incidence,2026-08-23,1,ES,quantile,0.65,8.070220264177921
2026-08-26,ILI incidence,2026-08-23,1,ES,quantile,0.7,8.2385378829548
2026-08-26,ILI incidence,2026-08-23,1,ES,quantile,0.75,8.425749231190661
2026-08-26,ILI incidence,2026-08-23,1,ES,quantile,0.975,10.257963190956074
2026-08-26,ILI incidence,2026-08-23,1,ES,quantile,0.99,10.807597569925072
2026-08-26,ILI incidence,2026-08-23,1,ES,quantile,0.95,9.747519131301283
2026-08-26,ILI incidence,2026-08-23,1,ES,quantile,0.9,9.221273687923816
2026-08-26,ILI incidence,2026-08-23,1,ES,quantile,0.85,8.895122403759087
2026-08-26,ILI incidence,2026-08-23,1,ES,quantile,0.8,8.64648302426317
2026-08-26,ILI incidence,2026-08-23,1,ES,median,NA,7.576506256316371
2026-08-26,ILI incidence,2026-08-30,2,ES,quantile,0.15,6.698243284886345
2026-08-26,ILI incidence,2026-08-30,2,ES,quantile,0.025,5.662316265011136
2026-08-26,ILI incidence,2026-08-30,2,ES,quantile,0.01,5.257854435447201
2026-08-26,ILI incidence,2026-08-30,2,ES,quantile,0.2,6.94108728156228
2026-08-26,ILI incidence,2026-08-30,2,ES,quantile,0.05,5.9991843578607025
2026-08-26,ILI incidence,2026-08-30,2,ES,quantile,0.1,6.421828555559656
2026-08-26,ILI incidence,2026-08-30,2,ES,quantile,0.25,7.145395863951695
2026-08-26,ILI incidence,2026-08-30,2,ES,quantile,0.3,7.347164813775174
2026-08-26,ILI incidence,2026-08-30,2,ES,quantile,0.35,7.547283991799384
2026-08-26,ILI incidence,2026-08-30,2,ES,quantile,0.4,7.715368888263736
2026-08-26,ILI incidence,2026-08-30,2,ES,quantile,0.45,7.9039306292162355
2026-08-26,ILI incidence,2026-08-30,2,ES,quantile,0.975,11.64244365182908
2026-08-26,ILI incidence,2026-08-30,2,ES,quantile,0.99,12.577595794279624
2026-08-26,ILI incidence,2026-08-30,2,ES,quantile,0.55,8.269221120873837
2026-08-26,ILI incidence,2026-08-30,2,ES,quantile,0.95,10.959135260558307
2026-08-26,ILI incidence,2026-08-30,2,ES,quantile,0.5,8.087726073687357
2026-08-26,ILI incidence,2026-08-30,2,ES,quantile,0.8,9.44200820397827
2026-08-26,ILI incidence,2026-08-30,2,ES,quantile,0.75,9.155100840902026
2026-08-26,ILI incidence,2026-08-30,2,ES,quantile,0.85,9.781988394125635
2026-08-26,ILI incidence,2026-08-30,2,ES,quantile,0.9,10.246074668885694
2026-08-26,ILI incidence,2026-08-30,2,ES,quantile,0.7,8.921067851502722
2026-08-26,ILI incidence,2026-08-30,2,ES,quantile,0.6,8.472970759552474
2026-08-26,ILI incidence,2026-08-30,2,ES,quantile,0.65,8.67591952843858
2026-08-26,ILI incidence,2026-08-30,2,ES,median,NA,8.087726073687357
2026-08-26,ILI incidence,2026-09-06,3,ES,quantile,0.15,7.051960891783215
2026-08-26,ILI incidence,2026-09-06,3,ES,quantile,0.25,7.514020800172567
2026-08-26,ILI incidence,2026-09-06,3,ES,quantile,0.1,6.758902192417159
2026-08-26,ILI incidence,2026-09-06,3,ES,quantile,0.3,7.700374847379636
2026-08-26,ILI incidence,2026-09-06,3,ES,quantile,0.45,8.2771596100172
2026-08-26,ILI incidence,2026-09-06,3,ES,quantile,0.35,7.893210226554935
2026-08-26,ILI incidence,2026-09-06,3,ES,quantile,0.4,8.087435904829078
2026-08-26,ILI incidence,2026-09-06,3,ES,quantile,0.2,7.288453615182161
2026-08-26,ILI incidence,2026-09-06,3,ES,quantile,0.99,12.549338214008577
2026-08-26,ILI incidence,2026-09-06,3,ES,quantile,0.05,6.384047401807916
2026-08-26,ILI incidence,2026-09-06,3,ES,quantile,0.025,6.0368714784112
2026-08-26,ILI incidence,2026-09-06,3,ES,quantile,0.5,8.450460045634152
2026-08-26,ILI incidence,2026-09-06,3,ES,quantile,0.8,9.81106862939702
2026-08-26,ILI incidence,2026-09-06,3,ES,quantile,0.6,8.825615266696264
2026-08-26,ILI incidence,2026-09-06,3,ES,quantile,0.75,9.530112773182552
2026-08-26,ILI incidence,2026-09-06,3,ES,quantile,0.85,10.15316262305776
2026-08-26,ILI incidence,2026-09-06,3,ES,quantile,0.9,10.555899319668985
2026-08-26,ILI incidence,2026-09-06,3,ES,quantile,0.975,11.798430075754842
2026-08-26,ILI incidence,2026-09-06,3,ES,quantile,0.95,11.213746518743685
2026-08-26,ILI incidence,2026-09-06,3,ES,quantile,0.55,8.641225819988936
2026-08-26,ILI incidence,2026-09-06,3,ES,quantile,0.7,9.274187906723148
2026-08-26,ILI incidence,2026-09-06,3,ES,quantile,0.01,5.67863471319534
2026-08-26,ILI incidence,2026-09-06,3,ES,quantile,0.65,9.043542402885054
2026-08-26,ILI incidence,2026-09-06,3,ES,median,NA,8.450460045634152
2026-08-26,ILI incidence,2026-09-13,4,ES,quantile,0.01,4.512070794664687
2026-08-26,ILI incidence,2026-09-13,4,ES,quantile,0.85,11.751777616717613
2026-08-26,ILI incidence,2026-09-13,4,ES,quantile,0.95,13.973926887688922
2026-08-26,ILI incidence,2026-09-13,4,ES,quantile,0.9,12.599091536023131
2026-08-26,ILI incidence,2026-09-13,4,ES,quantile,0.65,9.723886016009937
2026-08-26,ILI incidence,2026-09-13,4,ES,quantile,0.975,15.29334985974162
2026-08-26,ILI incidence,2026-09-13,4,ES,quantile,0.8,11.095569025534688
2026-08-26,ILI incidence,2026-09-13,4,ES,quantile,0.99,16.955400050896703
2026-08-26,ILI incidence,2026-09-13,4,ES,quantile,0.45,8.409780530796995
2026-08-26,ILI incidence,2026-09-13,4,ES,quantile,0.6,9.352834688020211
2026-08-26,ILI incidence,2026-09-13,4,ES,quantile,0.55,9.027809033871776
2026-08-26,ILI incidence,2026-09-13,4,ES,quantile,0.75,10.566828675673936
2026-08-26,ILI incidence,2026-09-13,4,ES,quantile,0.3,7.493344647125461
2026-08-26,ILI incidence,2026-09-13,4,ES,quantile,0.5,8.704546592240735
2026-08-26,ILI incidence,2026-09-13,4,ES,quantile,0.7,10.111781189754645
2026-08-26,ILI incidence,2026-09-13,4,ES,quantile,0.025,5.016771291605644
2026-08-26,ILI incidence,2026-09-13,4,ES,quantile,0.25,7.172317354683954
2026-08-26,ILI incidence,2026-09-13,4,ES,quantile,0.35,7.776808561682844
2026-08-26,ILI incidence,2026-09-13,4,ES,quantile,0.4,8.07157925028481
2026-08-26,ILI incidence,2026-09-13,4,ES,quantile,0.05,5.448919956684474
2026-08-26,ILI incidence,2026-09-13,4,ES,quantile,0.1,6.034075776651103
2026-08-26,ILI incidence,2026-09-13,4,ES,quantile,0.2,6.825797849806772
2026-08-26,ILI incidence,2026-09-13,4,ES,quantile,0.15,6.448101222260711
2026-08-26,ILI incidence,2026-09-13,4,ES,median,NA,8.704546592240735
2026-08-26,ILI incidence,2026-08-23,1,FI,quantile,0.1,7.99426388527816
2026-08-26,ILI incidence,2026-08-23,1,FI,quantile,0.15,8.769478609430182
2026-08-26,ILI incidence,2026-08-23,1,FI,quantile,0.2,9.486693791389294
2026-08-26,ILI incidence,2026-08-23,1,FI,quantile,0.975,27.58251517257619
2026-08-26,ILI incidence,2026-08-23,1,FI,quantile,0.3,10.6719576371122
2026-08-26,ILI incidence,2026-08-23,1,FI,quantile,0.99,31.9289454325616
2026-08-26,ILI incidence,2026-08-23,1,FI,quantile,0.01,5.409857886095737
2026-08-26,ILI incidence,2026-08-23,1,FI,quantile,0.5,12.93707293899847
2026-08-26,ILI incidence,2026-08-23,1,FI,quantile,0.35,11.234891513952256
2026-08-26,ILI incidence,2026-08-23,1,FI,quantile,0.45,12.3045559121554
2026-08-26,ILI incidence,2026-08-23,1,FI,quantile,0.025,6.144184471998405
2026-08-26,ILI incidence,2026-08-23,1,FI,quantile,0.05,6.9515471143414835
2026-08-26,ILI incidence,2026-08-23,1,FI,quantile,0.25,10.06802616353459
2026-08-26,ILI incidence,2026-08-23,1,FI,quantile,0.55,13.569373806224965
2026-08-26,ILI incidence,2026-08-23,1,FI,quantile,0.6,14.279970990054135
2026-08-26,ILI incidence,2026-08-23,1,FI,quantile,0.4,11.800109254701884
2026-08-26,ILI incidence,2026-08-23,1,FI,quantile,0.9,21.00176754436967
2026-08-26,ILI incidence,2026-08-23,1,FI,quantile,0.95,24.39852154721639
2026-08-26,ILI incidence,2026-08-23,1,FI,quantile,0.65,15.007703352623905
2026-08-26,ILI incidence,2026-08-23,1,FI,quantile,0.7,15.788605343595568
2026-08-26,ILI incidence,2026-08-23,1,FI,quantile,0.75,16.658699629071698
2026-08-26,ILI incidence,2026-08-23,1,FI,quantile,0.8,17.824279440513493
2026-08-26,ILI incidence,2026-08-23,1,FI,quantile,0.85,19.250653852571897
2026-08-26,ILI incidence,2026-08-23,1,FI,median,NA,12.93707293899847
2026-08-26,ILI incidence,2026-08-30,2,FI,quantile,0.025,6.6315322349386365
2026-08-26,ILI incidence,2026-08-30,2,FI,quantile,0.1,8.755012135039795
2026-08-26,ILI incidence,2026-08-30,2,FI,quantile,0.05,7.577506545862927
2026-08-26,ILI incidence,2026-08-30,2,FI,quantile,0.2,10.7028431106765
2026-08-26,ILI incidence,2026-08-30,2,FI,quantile,0.15,9.80507098905265
2026-08-26,ILI incidence,2026-08-30,2,FI,quantile,0.01,5.589097743229034
2026-08-26,ILI incidence,2026-08-30,2,FI,quantile,0.25,11.426080126089396
2026-08-26,ILI incidence,2026-08-30,2,FI,quantile,0.3,12.24747075004856
2026-08-26,ILI incidence,2026-08-30,2,FI,quantile,0.4,13.765690007111496
2026-08-26,ILI incidence,2026-08-30,2,FI,quantile,0.35,12.996452402789696
2026-08-26,ILI incidence,2026-08-30,2,FI,quantile,0.975,35.655527423913234
2026-08-26,ILI incidence,2026-08-30,2,FI,quantile,0.99,41.66417736474426
2026-08-26,ILI incidence,2026-08-30,2,FI,quantile,0.5,15.337800694027546
2026-08-26,ILI incidence,2026-08-30,2,FI,quantile,0.65,18.04999290239936
2026-08-26,ILI incidence,2026-08-30,2,FI,quantile,0.55,16.217059632554953
2026-08-26,ILI incidence,2026-08-30,2,FI,quantile,0.6,17.092298241088965
2026-08-26,ILI incidence,2026-08-30,2,FI,quantile,0.7,19.15024435185755
2026-08-26,ILI incidence,2026-08-30,2,FI,quantile,0.45,14.527973834239766
2026-08-26,ILI incidence,2026-08-30,2,FI,quantile,0.75,20.374630005044445
2026-08-26,ILI incidence,2026-08-30,2,FI,quantile,0.8,21.734435638018745
2026-08-26,ILI incidence,2026-08-30,2,FI,quantile,0.85,23.766225868095333
2026-08-26,ILI incidence,2026-08-30,2,FI,quantile,0.9,26.600005234450933
2026-08-26,ILI incidence,2026-08-30,2,FI,quantile,0.95,31.013930075495303
2026-08-26,ILI incidence,2026-08-30,2,FI,median,NA,15.337800694027546
2026-08-26,ILI incidence,2026-09-06,3,FI,quantile,0.9,28.073524099940418
2026-08-26,ILI incidence,2026-09-06,3,FI,quantile,0.95,33.989175987385956
2026-08-26,ILI incidence,2026-09-06,3,FI,quantile,0.85,24.613073132110404
2026-08-26,ILI incidence,2026-09-06,3,FI,quantile,0.25,9.681091889326463
2026-08-26,ILI incidence,2026-09-06,3,FI,quantile,0.3,10.541101201408644
2026-08-26,ILI incidence,2026-09-06,3,FI,quantile,0.35,11.342885057991158
2026-08-26,ILI incidence,2026-09-06,3,FI,quantile,0.2,8.8497860943339
2026-08-26,ILI incidence,2026-09-06,3,FI,quantile,0.4,12.180783827312869
2026-08-26,ILI incidence,2026-09-06,3,FI,quantile,0.45,13.03499533058984
2026-08-26,ILI incidence,2026-09-06,3,FI,quantile,0.5,14.032382997347016
2026-08-26,ILI incidence,2026-09-06,3,FI,quantile,0.8,22.15570903589808
2026-08-26,ILI incidence,2026-09-06,3,FI,quantile,0.975,40.430085681439266
2026-08-26,ILI incidence,2026-09-06,3,FI,quantile,0.15,8.01040134071108
2026-08-26,ILI incidence,2026-09-06,3,FI,quantile,0.99,48.97197854079656
2026-08-26,ILI incidence,2026-09-06,3,FI,quantile,0.1,7.0059412226613995
2026-08-26,ILI incidence,2026-09-06,3,FI,quantile,0.7,18.69361448155265
2026-08-26,ILI incidence,2026-09-06,3,FI,quantile,0.75,20.212342574650012
2026-08-26,ILI incidence,2026-09-06,3,FI,quantile,0.05,5.746391672314994
2026-08-26,ILI incidence,2026-09-06,3,FI,quantile,0.65,17.302256252506112
2026-08-26,ILI incidence,2026-09-06,3,FI,quantile,0.025,4.8102703879341
2026-08-26,ILI incidence,2026-09-06,3,FI,quantile,0.01,3.858814099028967
2026-08-26,ILI incidence,2026-09-06,3,FI,quantile,0.6,16.122530427717493
2026-08-26,ILI incidence,2026-09-06,3,FI,quantile,0.55,15.119140348340988
2026-08-26,ILI incidence,2026-09-06,3,FI,median,NA,14.032382997347016
2026-08-26,ILI incidence,2026-09-13,4,FI,quantile,0.7,20.45427407375467
2026-08-26,ILI incidence,2026-09-13,4,FI,quantile,0.75,22.1683142768374
2026-08-26,ILI incidence,2026-09-13,4,FI,quantile,0.6,17.93471065455625
2026-08-26,ILI incidence,2026-09-13,4,FI,quantile,0.65,19.086487029047227
2026-08-26,ILI incidence,2026-09-13,4,FI,quantile,0.45,14.790241774958233
2026-08-26,ILI incidence,2026-09-13,4,FI,quantile,0.35,13.028542934543104
2026-08-26,ILI incidence,2026-09-13,4,FI,quantile,0.4,13.8866002171158
2026-08-26,ILI incidence,2026-09-13,4,FI,quantile,0.5,15.79373155692554
2026-08-26,ILI incidence,2026-09-13,4,FI,quantile,0.55,16.82465617170569
2026-08-26,ILI incidence,2026-09-13,4,FI,quantile,0.8,23.999994893176204
2026-08-26,ILI incidence,2026-09-13,4,FI,quantile,0.85,26.526160386126396
2026-08-26,ILI incidence,2026-09-13,4,FI,quantile,0.9,29.88720216717056
2026-08-26,ILI incidence,2026-09-13,4,FI,quantile,0.95,35.75225460530502
2026-08-26,ILI incidence,2026-09-13,4,FI,quantile,0.99,49.9783503428042
2026-08-26,ILI incidence,2026-09-13,4,FI,quantile,0.975,42.30094609711263
2026-08-26,ILI incidence,2026-09-13,4,FI,quantile,0.05,6.9895964977244205
2026-08-26,ILI incidence,2026-09-13,4,FI,quantile,0.025,5.9814977366142745
2026-08-26,ILI incidence,2026-09-13,4,FI,quantile,0.2,10.498127465498108
2026-08-26,ILI incidence,2026-09-13,4,FI,quantile,0.3,12.146033084217386
2026-08-26,ILI incidence,2026-09-13,4,FI,quantile,0.25,11.338152554497515
2026-08-26,ILI incidence,2026-09-13,4,FI,quantile,0.1,8.411009353520496
2026-08-26,ILI incidence,2026-09-13,4,FI,quantile,0.15,9.521688256261294
2026-08-26,ILI incidence,2026-09-13,4,FI,quantile,0.01,4.950825602542536
2026-08-26,ILI incidence,2026-09-13,4,FI,median,NA,15.79373155692554
2026-08-26,ILI incidence,2026-08-23,1,GB-ENG,quantile,0.975,1.3812807703882697
2026-08-26,ILI incidence,2026-08-23,1,GB-ENG,quantile,0.99,1.5060951520255772
2026-08-26,ILI incidence,2026-08-23,1,GB-ENG,quantile,0.95,1.2748999514795334
2026-08-26,ILI incidence,2026-08-23,1,GB-ENG,quantile,0.9,1.1516971027114808
2026-08-26,ILI incidence,2026-08-23,1,GB-ENG,quantile,0.65,0.90793309425258
2026-08-26,ILI incidence,2026-08-23,1,GB-ENG,quantile,0.8,1.0281331268987384
2026-08-26,ILI incidence,2026-08-23,1,GB-ENG,quantile,0.85,1.0812866445232734
2026-08-26,ILI incidence,2026-08-23,1,GB-ENG,quantile,0.75,0.9814886319734644
2026-08-26,ILI incidence,2026-08-23,1,GB-ENG,quantile,0.6,0.8732843076010649
2026-08-26,ILI incidence,2026-08-23,1,GB-ENG,quantile,0.1,0.5809423753134833
2026-08-26,ILI incidence,2026-08-23,1,GB-ENG,quantile,0.7,0.9424955176263166
2026-08-26,ILI incidence,2026-08-23,1,GB-ENG,quantile,0.55,0.846007026638702
2026-08-26,ILI incidence,2026-08-23,1,GB-ENG,quantile,0.45,0.790548193206093
2026-08-26,ILI incidence,2026-08-23,1,GB-ENG,quantile,0.5,0.8181699442228053
2026-08-26,ILI incidence,2026-08-23,1,GB-ENG,quantile,0.4,0.7637206760120299
2026-08-26,ILI incidence,2026-08-23,1,GB-ENG,quantile,0.05,0.5245156543766638
2026-08-26,ILI incidence,2026-08-23,1,GB-ENG,quantile,0.35,0.735152846236824
2026-08-26,ILI incidence,2026-08-23,1,GB-ENG,quantile,0.025,0.4840195414180292
2026-08-26,ILI incidence,2026-08-23,1,GB-ENG,quantile,0.3,0.7080340781837428
2026-08-26,ILI incidence,2026-08-23,1,GB-ENG,quantile,0.25,0.6818123943742224
2026-08-26,ILI incidence,2026-08-23,1,GB-ENG,quantile,0.2,0.6510329358931286
2026-08-26,ILI incidence,2026-08-23,1,GB-ENG,quantile,0.01,0.442129405939677
2026-08-26,ILI incidence,2026-08-23,1,GB-ENG,quantile,0.15,0.6188198506206553
2026-08-26,ILI incidence,2026-08-23,1,GB-ENG,median,NA,0.8181699442228053
2026-08-26,ILI incidence,2026-08-30,2,GB-ENG,quantile,0.1,0.5614222746451968
2026-08-26,ILI incidence,2026-08-30,2,GB-ENG,quantile,0.35,0.7193162661620993
2026-08-26,ILI incidence,2026-08-30,2,GB-ENG,quantile,0.4,0.7445198928692123
2026-08-26,ILI incidence,2026-08-30,2,GB-ENG,quantile,0.025,0.4665213289522245
2026-08-26,ILI incidence,2026-08-30,2,GB-ENG,quantile,0.05,0.5075360542713812
2026-08-26,ILI incidence,2026-08-30,2,GB-ENG,quantile,0.2,0.6340996965058612
2026-08-26,ILI incidence,2026-08-30,2,GB-ENG,quantile,0.65,0.8843132878978026
2026-08-26,ILI incidence,2026-08-30,2,GB-ENG,quantile,0.6,0.853544907115015
2026-08-26,ILI incidence,2026-08-30,2,GB-ENG,quantile,0.25,0.6634882487633676
2026-08-26,ILI incidence,2026-08-30,2,GB-ENG,quantile,0.7,0.919917077920612
2026-08-26,ILI incidence,2026-08-30,2,GB-ENG,quantile,0.55,0.8254141304568489
2026-08-26,ILI incidence,2026-08-30,2,GB-ENG,quantile,0.3,0.6928776605441893
2026-08-26,ILI incidence,2026-08-30,2,GB-ENG,quantile,0.45,0.7711120424681608
2026-08-26,ILI incidence,2026-08-30,2,GB-ENG,quantile,0.5,0.7968922173780069
2026-08-26,ILI incidence,2026-08-30,2,GB-ENG,quantile,0.75,0.961867506076264
2026-08-26,ILI incidence,2026-08-30,2,GB-ENG,quantile,0.15,0.5998038140311034
2026-08-26,ILI incidence,2026-08-30,2,GB-ENG,quantile,0.8,1.0090795384957312
2026-08-26,ILI incidence,2026-08-30,2,GB-ENG,quantile,0.975,1.380410258717173
2026-08-26,ILI incidence,2026-08-30,2,GB-ENG,quantile,0.85,1.0666045099907049
2026-08-26,ILI incidence,2026-08-30,2,GB-ENG,quantile,0.95,1.2639593298585126
2026-08-26,ILI incidence,2026-08-30,2,GB-ENG,quantile,0.99,1.5275800638574228
2026-08-26,ILI incidence,2026-08-30,2,GB-ENG,quantile,0.9,1.142157654776475
2026-08-26,ILI incidence,2026-08-30,2,GB-ENG,quantile,0.01,0.4208358535687978
2026-08-26,ILI incidence,2026-08-30,2,GB-ENG,median,NA,0.7968922173780069
2026-08-26,ILI incidence,2026-09-06,3,GB-ENG,quantile,0.1,0.6734701598874681
2026-08-26,ILI incidence,2026-09-06,3,GB-ENG,quantile,0.025,0.5841589131414424
2026-08-26,ILI incidence,2026-09-06,3,GB-ENG,quantile,0.01,0.5401890235383587
2026-08-26,ILI incidence,2026-09-06,3,GB-ENG,quantile,0.05,0.6240211219491577
2026-08-26,ILI incidence,2026-09-06,3,GB-ENG,quantile,0.15,0.7073663374229389
2026-08-26,ILI incidence,2026-09-06,3,GB-ENG,quantile,0.2,0.7392307247683584
2026-08-26,ILI incidence,2026-09-06,3,GB-ENG,quantile,0.99,1.4668884044584092
2026-08-26,ILI incidence,2026-09-06,3,GB-ENG,quantile,0.25,0.7672066520335279
2026-08-26,ILI incidence,2026-09-06,3,GB-ENG,quantile,0.95,1.2675066192034523
2026-08-26,ILI incidence,2026-09-06,3,GB-ENG,quantile,0.9,1.171519231615962
2026-08-26,ILI incidence,2026-09-06,3,GB-ENG,quantile,0.975,1.3547866203778918
2026-08-26,ILI incidence,2026-09-06,3,GB-ENG,quantile,0.65,0.9642809660725916
2026-08-26,ILI incidence,2026-09-06,3,GB-ENG,quantile,0.85,1.1112384008413778
2026-08-26,ILI incidence,2026-09-06,3,GB-ENG,quantile,0.6,0.9377622055853464
2026-08-26,ILI incidence,2026-09-06,3,GB-ENG,quantile,0.8,1.063579773470272
2026-08-26,ILI incidence,2026-09-06,3,GB-ENG,quantile,0.3,0.7944086617270287
2026-08-26,ILI incidence,2026-09-06,3,GB-ENG,quantile,0.55,0.9126887856873078
2026-08-26,ILI incidence,2026-09-06,3,GB-ENG,quantile,0.75,1.0276746764128015
2026-08-26,ILI incidence,2026-09-06,3,GB-ENG,quantile,0.7,0.9936064550803136
2026-08-26,ILI incidence,2026-09-06,3,GB-ENG,quantile,0.35,0.8198792599701052
2026-08-26,ILI incidence,2026-09-06,3,GB-ENG,quantile,0.5,0.8876101523385826
2026-08-26,ILI incidence,2026-09-06,3,GB-ENG,quantile,0.4,0.8412825410027542
2026-08-26,ILI incidence,2026-09-06,3,GB-ENG,quantile,0.45,0.8641915620475856
2026-08-26,ILI incidence,2026-09-06,3,GB-ENG,median,NA,0.8876101523385826
2026-08-26,ILI incidence,2026-09-13,4,GB-ENG,quantile,0.975,1.9521200850855325
2026-08-26,ILI incidence,2026-09-13,4,GB-ENG,quantile,0.99,2.2581886695520628
2026-08-26,ILI incidence,2026-09-13,4,GB-ENG,quantile,0.6,0.9911250465974156
2026-08-26,ILI incidence,2026-09-13,4,GB-ENG,quantile,0.95,1.7287207405956888
2026-08-26,ILI incidence,2026-09-13,4,GB-ENG,quantile,0.85,1.3571976920575013
2026-08-26,ILI incidence,2026-09-13,4,GB-ENG,quantile,0.025,0.4083423671073163
2026-08-26,ILI incidence,2026-09-13,4,GB-ENG,quantile,0.05,0.4665884020016739
2026-08-26,ILI incidence,2026-09-13,4,GB-ENG,quantile,0.01,0.3534364122748061
2026-08-26,ILI incidence,2026-09-13,4,GB-ENG,quantile,0.1,0.536494769712586
2026-08-26,ILI incidence,2026-09-13,4,GB-ENG,quantile,0.4,0.8077416478637094
2026-08-26,ILI incidence,2026-09-13,4,GB-ENG,quantile,0.35,0.7679698552564451
2026-08-26,ILI incidence,2026-09-13,4,GB-ENG,quantile,0.75,1.1771759242467246
2026-08-26,ILI incidence,2026-09-13,4,GB-ENG,quantile,0.65,1.043957594990856
2026-08-26,ILI incidence,2026-09-13,4,GB-ENG,quantile,0.15,0.5919792422658495
2026-08-26,ILI incidence,2026-09-13,4,GB-ENG,quantile,0.9,1.4951529206475331
2026-08-26,ILI incidence,2026-09-13,4,GB-ENG,quantile,0.8,1.2595485176536512
2026-08-26,ILI incidence,2026-09-13,4,GB-ENG,quantile,0.45,0.8487640074931584
2026-08-26,ILI incidence,2026-09-13,4,GB-ENG,quantile,0.5,0.8923579572057245
2026-08-26,ILI incidence,2026-09-13,4,GB-ENG,quantile,0.2,0.6369624126375013
2026-08-26,ILI incidence,2026-09-13,4,GB-ENG,quantile,0.25,0.6820169295719763
2026-08-26,ILI incidence,2026-09-13,4,GB-ENG,quantile,0.7,1.1077876968731233
2026-08-26,ILI incidence,2026-09-13,4,GB-ENG,quantile,0.3,0.7263073978046549
2026-08-26,ILI incidence,2026-09-13,4,GB-ENG,quantile,0.55,0.9417625366456676
2026-08-26,ILI incidence,2026-09-13,4,GB-ENG,median,NA,0.8923579572057245
2026-08-26,ILI incidence,2026-08-23,1,GB-NIR,quantile,0.25,3.2019385544960532
2026-08-26,ILI incidence,2026-08-23,1,GB-NIR,quantile,0.35,3.309359458456526
2026-08-26,ILI incidence,2026-08-23,1,GB-NIR,quantile,0.3,3.2575051827814963
2026-08-26,ILI incidence,2026-08-23,1,GB-NIR,quantile,0.2,3.136768610550537
2026-08-26,ILI incidence,2026-08-23,1,GB-NIR,quantile,0.9,4.036529385385094
2026-08-26,ILI incidence,2026-08-23,1,GB-NIR,quantile,0.15,3.0657028743662473
2026-08-26,ILI incidence,2026-08-23,1,GB-NIR,quantile,0.99,4.6265485530558905
2026-08-26,ILI incidence,2026-08-23,1,GB-NIR,quantile,0.4,3.35840173901926
2026-08-26,ILI incidence,2026-08-23,1,GB-NIR,quantile,0.75,3.746075090445801
2026-08-26,ILI incidence,2026-08-23,1,GB-NIR,quantile,0.85,3.9113585317668313
2026-08-26,ILI incidence,2026-08-23,1,GB-NIR,quantile,0.1,2.976267905927539
2026-08-26,ILI incidence,2026-08-23,1,GB-NIR,quantile,0.7,3.678597464463791
2026-08-26,ILI incidence,2026-08-23,1,GB-NIR,quantile,0.6,3.5615466249534613
2026-08-26,ILI incidence,2026-08-23,1,GB-NIR,quantile,0.55,3.5090100334621113
2026-08-26,ILI incidence,2026-08-23,1,GB-NIR,quantile,0.8,3.8227923369394
2026-08-26,ILI incidence,2026-08-23,1,GB-NIR,quantile,0.45,3.407932423302424
2026-08-26,ILI incidence,2026-08-23,1,GB-NIR,quantile,0.95,4.226585677555987
2026-08-26,ILI incidence,2026-08-23,1,GB-NIR,quantile,0.5,3.457977368911849
2026-08-26,ILI incidence,2026-08-23,1,GB-NIR,quantile,0.65,3.619685503783528
2026-08-26,ILI incidence,2026-08-23,1,GB-NIR,quantile,0.975,4.398114801938762
2026-08-26,ILI incidence,2026-08-23,1,GB-NIR,quantile,0.01,2.6370746365810867
2026-08-26,ILI incidence,2026-08-23,1,GB-NIR,quantile,0.05,2.855440631717623
2026-08-26,ILI incidence,2026-08-23,1,GB-NIR,quantile,0.025,2.7455524156108004
2026-08-26,ILI incidence,2026-08-23,1,GB-NIR,median,NA,3.457977368911849
2026-08-26,ILI incidence,2026-08-30,2,GB-NIR,quantile,0.1,3.2622517785519713
2026-08-26,ILI incidence,2026-08-30,2,GB-NIR,quantile,0.05,3.12254689934014
2026-08-26,ILI incidence,2026-08-30,2,GB-NIR,quantile,0.025,3.026402746148183
2026-08-26,ILI incidence,2026-08-30,2,GB-NIR,quantile,0.15,3.358089161523013
2026-08-26,ILI incidence,2026-08-30,2,GB-NIR,quantile,0.01,2.9052737540702216
2026-08-26,ILI incidence,2026-08-30,2,GB-NIR,quantile,0.8,4.185479035637715
2026-08-26,ILI incidence,2026-08-30,2,GB-NIR,quantile,0.85,4.288357593148159
2026-08-26,ILI incidence,2026-08-30,2,GB-NIR,quantile,0.95,4.6075533472759735
2026-08-26,ILI incidence,2026-08-30,2,GB-NIR,quantile,0.9,4.416036733336787
2026-08-26,ILI incidence,2026-08-30,2,GB-NIR,quantile,0.99,4.965597756422377
2026-08-26,ILI incidence,2026-08-30,2,GB-NIR,quantile,0.975,4.774650720804715
2026-08-26,ILI incidence,2026-08-30,2,GB-NIR,quantile,0.75,4.106434966093896
2026-08-26,ILI incidence,2026-08-30,2,GB-NIR,quantile,0.7,4.032178989629927
2026-08-26,ILI incidence,2026-08-30,2,GB-NIR,quantile,0.65,3.9673545346715136
2026-08-26,ILI incidence,2026-08-30,2,GB-NIR,quantile,0.2,3.43741966069256
2026-08-26,ILI incidence,2026-08-30,2,GB-NIR,quantile,0.5,3.7904658227085735
2026-08-26,ILI incidence,2026-08-30,2,GB-NIR,quantile,0.6,3.904673534846233
2026-08-26,ILI incidence,2026-08-30,2,GB-NIR,quantile,0.55,3.8469276348342607
2026-08-26,ILI incidence,2026-08-30,2,GB-NIR,quantile,0.4,3.679922985421653
2026-08-26,ILI incidence,2026-08-30,2,GB-NIR,quantile,0.45,3.7322739537513927
2026-08-26,ILI incidence,2026-08-30,2,GB-NIR,quantile,0.25,3.5036774013774252
2026-08-26,ILI incidence,2026-08-30,2,GB-NIR,quantile,0.35,3.6268752978079655
2026-08-26,ILI incidence,2026-08-30,2,GB-NIR,quantile,0.3,3.5661425779665414
2026-08-26,ILI incidence,2026-08-30,2,GB-NIR,median,NA,3.7904658227085735
2026-08-26,ILI incidence,2026-09-06,3,GB-NIR,quantile,0.9,4.110903527600751
2026-08-26,ILI incidence,2026-09-06,3,GB-NIR,quantile,0.55,3.78548659722714
2026-08-26,ILI incidence,2026-09-06,3,GB-NIR,quantile,0.7,3.8933837581672215
2026-08-26,ILI incidence,2026-09-06,3,GB-NIR,quantile,0.95,4.219739221671508
2026-08-26,ILI incidence,2026-09-06,3,GB-NIR,quantile,0.6,3.820038890545188
2026-08-26,ILI incidence,2026-09-06,3,GB-NIR,quantile,0.75,3.9396034964107183
2026-08-26,ILI incidence,2026-09-06,3,GB-NIR,quantile,0.8,3.984424114923683
2026-08-26,ILI incidence,2026-09-06,3,GB-NIR,quantile,0.85,4.042763234822369
2026-08-26,ILI incidence,2026-09-06,3,GB-NIR,quantile,0.65,3.8535168352705584
2026-08-26,ILI incidence,2026-09-06,3,GB-NIR,quantile,0.35,3.6436171772104946
2026-08-26,ILI incidence,2026-09-06,3,GB-NIR,quantile,0.025,3.253107036963101
2026-08-26,ILI incidence,2026-09-06,3,GB-NIR,quantile,0.45,3.7180672427843184
2026-08-26,ILI incidence,2026-09-06,3,GB-NIR,quantile,0.5,3.750440984026376
2026-08-26,ILI incidence,2026-09-06,3,GB-NIR,quantile,0.01,3.1719442199531236
2026-08-26,ILI incidence,2026-09-06,3,GB-NIR,quantile,0.975,4.314913434264769
2026-08-26,ILI incidence,2026-09-06,3,GB-NIR,quantile,0.99,4.4419372654483755
2026-08-26,ILI incidence,2026-09-06,3,GB-NIR,quantile,0.2,3.522922583207905
2026-08-26,ILI incidence,2026-09-06,3,GB-NIR,quantile,0.25,3.5646928342921194
2026-08-26,ILI incidence,2026-09-06,3,GB-NIR,quantile,0.4,3.6807573725358393
2026-08-26,ILI incidence,2026-09-06,3,GB-NIR,quantile,0.05,3.3259871460657164
2026-08-26,ILI incidence,2026-09-06,3,GB-NIR,quantile,0.3,3.607970605862884
2026-08-26,ILI incidence,2026-09-06,3,GB-NIR,quantile,0.15,3.4729364236605944
2026-08-26,ILI incidence,2026-09-06,3,GB-NIR,quantile,0.1,3.417353273311908
2026-08-26,ILI incidence,2026-09-06,3,GB-NIR,median,NA,3.750440984026376
2026-08-26,ILI incidence,2026-09-13,4,GB-NIR,quantile,0.35,4.153846521635437
2026-08-26,ILI incidence,2026-09-13,4,GB-NIR,quantile,0.4,4.232912042289742
2026-08-26,ILI incidence,2026-09-13,4,GB-NIR,quantile,0.2,3.8588339704958594
2026-08-26,ILI incidence,2026-09-13,4,GB-NIR,quantile,0.25,3.961720688380032
2026-08-26,ILI incidence,2026-09-13,4,GB-NIR,quantile,0.3,4.0571329852397495
2026-08-26,ILI incidence,2026-09-13,4,GB-NIR,quantile,0.025,3.250501708456185
2026-08-26,ILI incidence,2026-09-13,4,GB-NIR,quantile,0.15,3.7390130179433863
2026-08-26,ILI incidence,2026-09-13,4,GB-NIR,quantile,0.01,3.0591309295291067
2026-08-26,ILI incidence,2026-09-13,4,GB-NIR,quantile,0.1,3.6095204149366222
2026-08-26,ILI incidence,2026-09-13,4,GB-NIR,quantile,0.55,4.485250042644145
2026-08-26,ILI incidence,2026-09-13,4,GB-NIR,quantile,0.05,3.410433742493569
2026-08-26,ILI incidence,2026-09-13,4,GB-NIR,quantile,0.5,4.399480009336563
2026-08-26,ILI incidence,2026-09-13,4,GB-NIR,quantile,0.6,4.570021062936179
2026-08-26,ILI incidence,2026-09-13,4,GB-NIR,quantile,0.45,4.318375598869346
2026-08-26,ILI incidence,2026-09-13,4,GB-NIR,quantile,0.65,4.657127956894946
2026-08-26,ILI incidence,2026-09-13,4,GB-NIR,quantile,0.7,4.763126038387198
2026-08-26,ILI incidence,2026-09-13,4,GB-NIR,quantile,0.75,4.884192794498533
2026-08-26,ILI incidence,2026-09-13,4,GB-NIR,quantile,0.975,5.96728162302975
2026-08-26,ILI incidence,2026-09-13,4,GB-NIR,quantile,0.85,5.163275215299555
2026-08-26,ILI incidence,2026-09-13,4,GB-NIR,quantile,0.8,5.0094623566296725
2026-08-26,ILI incidence,2026-09-13,4,GB-NIR,quantile,0.99,6.291828852110891
2026-08-26,ILI incidence,2026-09-13,4,GB-NIR,quantile,0.9,5.359505811254991
2026-08-26,ILI incidence,2026-09-13,4,GB-NIR,quantile,0.95,5.683046017647298
2026-08-26,ILI incidence,2026-09-13,4,GB-NIR,median,NA,4.399480009336563
2026-08-26,ILI incidence,2026-08-23,1,GB-WLS,quantile,0.1,0.5280170080227605
2026-08-26,ILI incidence,2026-08-23,1,GB-WLS,quantile,0.025,0.3921819269372472
2026-08-26,ILI incidence,2026-08-23,1,GB-WLS,quantile,0.01,0.34027235158891034
2026-08-26,ILI incidence,2026-08-23,1,GB-WLS,quantile,0.3,0.7406389547177126
2026-08-26,ILI incidence,2026-08-23,1,GB-WLS,quantile,0.05,0.4569947866725575
2026-08-26,ILI incidence,2026-08-23,1,GB-WLS,quantile,0.2,0.643437524934992
2026-08-26,ILI incidence,2026-08-23,1,GB-WLS,quantile,0.15,0.5889676069030213
2026-08-26,ILI incidence,2026-08-23,1,GB-WLS,quantile,0.25,0.6933337783293625
2026-08-26,ILI incidence,2026-08-23,1,GB-WLS,quantile,0.35,0.7888121846991735
2026-08-26,ILI incidence,2026-08-23,1,GB-WLS,quantile,0.4,0.8379690062850966
2026-08-26,ILI incidence,2026-08-23,1,GB-WLS,quantile,0.45,0.8895659822083055
2026-08-26,ILI incidence,2026-08-23,1,GB-WLS,quantile,0.5,0.9356614760956166
2026-08-26,ILI incidence,2026-08-23,1,GB-WLS,quantile,0.55,0.9901135048430822
2026-08-26,ILI incidence,2026-08-23,1,GB-WLS,quantile,0.65,1.1084500083254047
2026-08-26,ILI incidence,2026-08-23,1,GB-WLS,quantile,0.7,1.1768079542653995
2026-08-26,ILI incidence,2026-08-23,1,GB-WLS,quantile,0.6,1.048916861715161
2026-08-26,ILI incidence,2026-08-23,1,GB-WLS,quantile,0.8,1.3556192393969213
2026-08-26,ILI incidence,2026-08-23,1,GB-WLS,quantile,0.75,1.2599877133291737
2026-08-26,ILI incidence,2026-08-23,1,GB-WLS,quantile,0.85,1.4804103583228725
2026-08-26,ILI incidence,2026-08-23,1,GB-WLS,quantile,0.9,1.6469211120942846
2026-08-26,ILI incidence,2026-08-23,1,GB-WLS,quantile,0.95,1.9177704447993285
2026-08-26,ILI incidence,2026-08-23,1,GB-WLS,quantile,0.975,2.188700111914904
2026-08-26,ILI incidence,2026-08-23,1,GB-WLS,quantile,0.99,2.5786460406566234
2026-08-26,ILI incidence,2026-08-23,1,GB-WLS,median,NA,0.9356614760956166
2026-08-26,ILI incidence,2026-09-13,4,GB-WLS,quantile,0.05,0.2374331913344013
2026-08-26,ILI incidence,2026-09-13,4,GB-WLS,quantile,0.01,0.14584691243824846
2026-08-26,ILI incidence,2026-09-13,4,GB-WLS,quantile,0.2,0.4126552886675767
2026-08-26,ILI incidence,2026-09-13,4,GB-WLS,quantile,0.025,0.1912930863121172
2026-08-26,ILI incidence,2026-09-13,4,GB-WLS,quantile,0.25,0.46268568133163845
2026-08-26,ILI incidence,2026-09-13,4,GB-WLS,quantile,0.3,0.5178539470654493
2026-08-26,ILI incidence,2026-09-13,4,GB-WLS,quantile,0.6,0.8925679702605124
2026-08-26,ILI incidence,2026-09-13,4,GB-WLS,quantile,0.65,0.9774936872267466
2026-08-26,ILI incidence,2026-09-13,4,GB-WLS,quantile,0.55,0.8169300686061809
2026-08-26,ILI incidence,2026-09-13,4,GB-WLS,quantile,0.7,1.0725345008245006
2026-08-26,ILI incidence,2026-09-13,4,GB-WLS,quantile,0.1,0.30663711021599804
2026-08-26,ILI incidence,2026-09-13,4,GB-WLS,quantile,0.15,0.3630148453994682
2026-08-26,ILI incidence,2026-09-13,4,GB-WLS,quantile,0.5,0.7458808243872553
2026-08-26,ILI incidence,2026-09-13,4,GB-WLS,quantile,0.35,0.5710771023495438
2026-08-26,ILI incidence,2026-09-13,4,GB-WLS,quantile,0.45,0.6816567327645953
2026-08-26,ILI incidence,2026-09-13,4,GB-WLS,quantile,0.4,0.6244489678362094
2026-08-26,ILI incidence,2026-09-13,4,GB-WLS,quantile,0.75,1.193120206816313
2026-08-26,ILI incidence,2026-09-13,4,GB-WLS,quantile,0.8,1.341141391231698
2026-08-26,ILI incidence,2026-09-13,4,GB-WLS,quantile,0.85,1.5392069182153008
2026-08-26,ILI incidence,2026-09-13,4,GB-WLS,quantile,0.9,1.8528154968298696
2026-08-26,ILI incidence,2026-09-13,4,GB-WLS,quantile,0.95,2.417272815869812
2026-08-26,ILI incidence,2026-09-13,4,GB-WLS,quantile,0.975,3.072739001532748
2026-08-26,ILI incidence,2026-09-13,4,GB-WLS,quantile,0.99,3.8844726250554737
2026-08-26,ILI incidence,2026-09-13,4,GB-WLS,median,NA,0.7458808243872553
2026-08-26,ILI incidence,2026-08-23,1,GR,quantile,0.3,304.0095072567683
2026-08-26,ILI incidence,2026-08-23,1,GR,quantile,0.45,324.7794377582052
2026-08-26,ILI incidence,2026-08-23,1,GR,quantile,0.25,297.0092537523564
2026-08-26,ILI incidence,2026-08-23,1,GR,quantile,0.15,279.6062351387743
2026-08-26,ILI incidence,2026-08-23,1,GR,quantile,0.95,432.1093632275832
2026-08-26,ILI incidence,2026-08-23,1,GR,quantile,0.2,288.8497005474334
2026-08-26,ILI incidence,2026-08-23,1,GR,quantile,0.35,310.9978151617695
2026-08-26,ILI incidence,2026-08-23,1,GR,quantile,0.4,317.95405000183735
2026-08-26,ILI incidence,2026-08-23,1,GR,quantile,0.01,226.2684860189701
2026-08-26,ILI incidence,2026-08-23,1,GR,quantile,0.5,331.5916635409794
2026-08-26,ILI incidence,2026-08-23,1,GR,quantile,0.975,456.2883717733204
2026-08-26,ILI incidence,2026-08-23,1,GR,quantile,0.99,484.5841313990944
2026-08-26,ILI incidence,2026-08-23,1,GR,quantile,0.025,239.28160920470097
2026-08-26,ILI incidence,2026-08-23,1,GR,quantile,0.1,268.6023276560598
2026-08-26,ILI incidence,2026-08-23,1,GR,quantile,0.05,252.23338634415677
2026-08-26,ILI incidence,2026-08-23,1,GR,quantile,0.9,409.3624023484562
2026-08-26,ILI incidence,2026-08-23,1,GR,quantile,0.85,393.513539905224
2026-08-26,ILI incidence,2026-08-23,1,GR,quantile,0.8,381.0470128719611
2026-08-26,ILI incidence,2026-08-23,1,GR,quantile,0.65,353.64689339757433
2026-08-26,ILI incidence,2026-08-23,1,GR,quantile,0.7,361.3556688920915
2026-08-26,ILI incidence,2026-08-23,1,GR,quantile,0.75,370.29126519698366
2026-08-26,ILI incidence,2026-08-23,1,GR,quantile,0.55,338.4491605332486
2026-08-26,ILI incidence,2026-08-23,1,GR,quantile,0.6,345.74973402782166
2026-08-26,ILI incidence,2026-08-23,1,GR,median,NA,331.5916635409794
2026-08-26,ILI incidence,2026-08-30,2,GR,quantile,0.75,376.399439145471
2026-08-26,ILI incidence,2026-08-30,2,GR,quantile,0.85,400.5950787186651
2026-08-26,ILI incidence,2026-08-30,2,GR,quantile,0.9,417.6450155259453
2026-08-26,ILI incidence,2026-08-30,2,GR,quantile,0.8,387.3933624650488
2026-08-26,ILI incidence,2026-08-30,2,GR,quantile,0.95,443.2650705083598
2026-08-26,ILI incidence,2026-08-30,2,GR,quantile,0.7,366.99827945395407
2026-08-26,ILI incidence,2026-08-30,2,GR,quantile,0.55,341.9165388855389
2026-08-26,ILI incidence,2026-08-30,2,GR,quantile,0.4,320.20832094220924
2026-08-26,ILI incidence,2026-08-30,2,GR,quantile,0.45,327.3604850511882
2026-08-26,ILI incidence,2026-08-30,2,GR,quantile,0.35,312.5247420101133
2026-08-26,ILI incidence,2026-08-30,2,GR,quantile,0.975,471.140080871975
2026-08-26,ILI incidence,2026-08-30,2,GR,quantile,0.6,349.8155902408581
2026-08-26,ILI incidence,2026-08-30,2,GR,quantile,0.99,505.91213145027194
2026-08-26,ILI incidence,2026-08-30,2,GR,quantile,0.25,296.9029957125802
2026-08-26,ILI incidence,2026-08-30,2,GR,quantile,0.3,304.8307196576965
2026-08-26,ILI incidence,2026-08-30,2,GR,quantile,0.65,358.1700687968466
2026-08-26,ILI incidence,2026-08-30,2,GR,quantile,0.01,225.01520325211976
2026-08-26,ILI incidence,2026-08-30,2,GR,quantile,0.2,288.68157747803275
2026-08-26,ILI incidence,2026-08-30,2,GR,quantile,0.5,334.56617116398235
2026-08-26,ILI incidence,2026-08-30,2,GR,quantile,0.025,238.70384404998583
2026-08-26,ILI incidence,2026-08-30,2,GR,quantile,0.05,251.7928096710844
2026-08-26,ILI incidence,2026-08-30,2,GR,quantile,0.15,279.21245074253477
2026-08-26,ILI incidence,2026-08-30,2,GR,quantile,0.1,268.08819339926873
2026-08-26,ILI incidence,2026-08-30,2,GR,median,NA,334.56617116398235
2026-08-26,ILI incidence,2026-09-06,3,GR,quantile,0.975,439.1071891943517
2026-08-26,ILI incidence,2026-09-06,3,GR,quantile,0.9,398.4688795659163
2026-08-26,ILI incidence,2026-09-06,3,GR,quantile,0.95,420.355157777201
2026-08-26,ILI incidence,2026-09-06,3,GR,quantile,0.85,385.08435135250215
2026-08-26,ILI incidence,2026-09-06,3,GR,quantile,0.3,307.27927185037566
2026-08-26,ILI incidence,2026-09-06,3,GR,quantile,0.8,374.17032364699855
2026-08-26,ILI incidence,2026-09-06,3,GR,quantile,0.7,357.8093242464096
2026-08-26,ILI incidence,2026-09-06,3,GR,quantile,0.75,365.0873348106147
2026-08-26,ILI incidence,2026-09-06,3,GR,quantile,0.99,463.7722799324918
2026-08-26,ILI incidence,2026-09-06,3,GR,quantile,0.25,300.24135394134333
2026-08-26,ILI incidence,2026-09-06,3,GR,quantile,0.6,343.9388682523446
2026-08-26,ILI incidence,2026-09-06,3,GR,quantile,0.5,330.93247063173555
2026-08-26,ILI incidence,2026-09-06,3,GR,quantile,0.55,337.4618261942809
2026-08-26,ILI incidence,2026-09-06,3,GR,quantile,0.65,350.62909941305975
2026-08-26,ILI incidence,2026-09-06,3,GR,quantile,0.45,325.24330776786746
2026-08-26,ILI incidence,2026-09-06,3,GR,quantile,0.35,313.55276043808544
2026-08-26,ILI incidence,2026-09-06,3,GR,quantile,0.4,319.4984469936423
2026-08-26,ILI incidence,2026-09-06,3,GR,quantile,0.1,274.95122589559264
2026-08-26,ILI incidence,2026-09-06,3,GR,quantile,0.2,292.8426823092967
2026-08-26,ILI incidence,2026-09-06,3,GR,quantile,0.05,260.75413461048345
2026-08-26,ILI incidence,2026-09-06,3,GR,quantile,0.025,249.83672990608412
2026-08-26,ILI incidence,2026-09-06,3,GR,quantile,0.15,284.8036517144909
2026-08-26,ILI incidence,2026-09-06,3,GR,quantile,0.01,236.55673219524735
2026-08-26,ILI incidence,2026-09-06,3,GR,median,NA,330.93247063173555
2026-08-26,ILI incidence,2026-09-13,4,GR,quantile,0.9,407.881735558173
2026-08-26,ILI incidence,2026-09-13,4,GR,quantile,0.75,371.4942917016802
2026-08-26,ILI incidence,2026-09-13,4,GR,quantile,0.85,393.03567895564254
2026-08-26,ILI incidence,2026-09-13,4,GR,quantile,0.7,362.4213328389848
2026-08-26,ILI incidence,2026-09-13,4,GR,quantile,0.65,355.11997174801115
2026-08-26,ILI incidence,2026-09-13,4,GR,quantile,0.8,381.7176654026477
2026-08-26,ILI incidence,2026-09-13,4,GR,quantile,0.6,347.71337314264656
2026-08-26,ILI incidence,2026-09-13,4,GR,quantile,0.55,340.91691271977595
2026-08-26,ILI incidence,2026-09-13,4,GR,quantile,0.3,308.66709205315397
2026-08-26,ILI incidence,2026-09-13,4,GR,quantile,0.25,301.4055687925768
2026-08-26,ILI incidence,2026-09-13,4,GR,quantile,0.95,433.0469062304295
2026-08-26,ILI incidence,2026-09-13,4,GR,quantile,0.5,334.6811397294553
2026-08-26,ILI incidence,2026-09-13,4,GR,quantile,0.45,328.2559653591961
2026-08-26,ILI incidence,2026-09-13,4,GR,quantile,0.2,293.8647201093816
2026-08-26,ILI incidence,2026-09-13,4,GR,quantile,0.4,321.91781353736894
2026-08-26,ILI incidence,2026-09-13,4,GR,quantile,0.99,483.222419120184
2026-08-26,ILI incidence,2026-09-13,4,GR,quantile,0.35,315.53987240824756
2026-08-26,ILI incidence,2026-09-13,4,GR,quantile,0.01,232.8879966725314
2026-08-26,ILI incidence,2026-09-13,4,GR,quantile,0.15,285.51826790161704
2026-08-26,ILI incidence,2026-09-13,4,GR,quantile,0.975,453.5246585368021
2026-08-26,ILI incidence,2026-09-13,4,GR,quantile,0.1,275.5969402430716
2026-08-26,ILI incidence,2026-09-13,4,GR,quantile,0.05,260.70363534819137
2026-08-26,ILI incidence,2026-09-13,4,GR,quantile,0.025,248.24313048711736
2026-08-26,ILI incidence,2026-09-13,4,GR,median,NA,334.6811397294553
2026-08-26,ILI incidence,2026-09-06,3,HR,quantile,0.95,2.6047541738950843
2026-08-26,ILI incidence,2026-09-06,3,HR,quantile,0.975,3.2189283130135204
2026-08-26,ILI incidence,2026-09-06,3,HR,quantile,0.99,4.047351579442457
2026-08-26,ILI incidence,2026-09-06,3,HR,quantile,0.55,0.9115936904570004
2026-08-26,ILI incidence,2026-09-06,3,HR,quantile,0.7,1.1898762310448212
2026-08-26,ILI incidence,2026-09-06,3,HR,quantile,0.75,1.324633233302246
2026-08-26,ILI incidence,2026-09-06,3,HR,quantile,0.8,1.488367175443509
2026-08-26,ILI incidence,2026-09-06,3,HR,quantile,0.85,1.6951072442105115
2026-08-26,ILI incidence,2026-09-06,3,HR,quantile,0.9,2.022478032370177
2026-08-26,ILI incidence,2026-09-06,3,HR,quantile,0.6,0.9966762492895158
2026-08-26,ILI incidence,2026-09-06,3,HR,quantile,0.65,1.087806137936485
2026-08-26,ILI incidence,2026-09-06,3,HR,quantile,0.45,0.7653362450166981
2026-08-26,ILI incidence,2026-09-06,3,HR,quantile,0.5,0.8339466520195457
2026-08-26,ILI incidence,2026-09-06,3,HR,quantile,0.05,0.2644191452564786
2026-08-26,ILI incidence,2026-09-06,3,HR,quantile,0.1,0.3465416130377291
2026-08-26,ILI incidence,2026-09-06,3,HR,quantile,0.15,0.4080828318625827
2026-08-26,ILI incidence,2026-09-06,3,HR,quantile,0.35,0.6384468205242636
2026-08-26,ILI incidence,2026-09-06,3,HR,quantile,0.4,0.6988826922305814
2026-08-26,ILI incidence,2026-09-06,3,HR,quantile,0.01,0.1676116047968826
2026-08-26,ILI incidence,2026-09-06,3,HR,quantile,0.025,0.21347542606375253
2026-08-26,ILI incidence,2026-09-06,3,HR,quantile,0.2,0.46815129296230806
2026-08-26,ILI incidence,2026-09-06,3,HR,quantile,0.25,0.5276163529418558
2026-08-26,ILI incidence,2026-09-06,3,HR,quantile,0.3,0.583825895330295
2026-08-26,ILI incidence,2026-09-06,3,HR,median,NA,0.8339466520195457
2026-08-26,ILI incidence,2026-08-23,1,HU,quantile,0.975,24.072853392379887
2026-08-26,ILI incidence,2026-08-23,1,HU,quantile,0.99,25.649955281568488
2026-08-26,ILI incidence,2026-08-23,1,HU,quantile,0.8,20.261546976265286
2026-08-26,ILI incidence,2026-08-23,1,HU,quantile,0.95,22.905896215330976
2026-08-26,ILI incidence,2026-08-23,1,HU,quantile,0.75,19.76090987938831
2026-08-26,ILI incidence,2026-08-23,1,HU,quantile,0.9,21.673765692522224
2026-08-26,ILI incidence,2026-08-23,1,HU,quantile,0.45,17.48133720631104
2026-08-26,ILI incidence,2026-08-23,1,HU,quantile,0.85,20.88318877597315
2026-08-26,ILI incidence,2026-08-23,1,HU,quantile,0.35,16.80447435822435
2026-08-26,ILI incidence,2026-08-23,1,HU,quantile,0.4,17.157996707463337
2026-08-26,ILI incidence,2026-08-23,1,HU,quantile,0.3,16.44113218888524
2026-08-26,ILI incidence,2026-08-23,1,HU,quantile,0.01,12.559967585827836
2026-08-26,ILI incidence,2026-08-23,1,HU,quantile,0.025,13.164771567323964
2026-08-26,ILI incidence,2026-08-23,1,HU,quantile,0.7,19.30849074399437
2026-08-26,ILI incidence,2026-08-23,1,HU,quantile,0.55,18.176535401562543
2026-08-26,ILI incidence,2026-08-23,1,HU,quantile,0.5,17.844459775422628
2026-08-26,ILI incidence,2026-08-23,1,HU,quantile,0.6,18.51855490595177
2026-08-26,ILI incidence,2026-08-23,1,HU,quantile,0.65,18.911221402873352
2026-08-26,ILI incidence,2026-08-23,1,HU,quantile,0.15,15.21952311559592
2026-08-26,ILI incidence,2026-08-23,1,HU,quantile,0.25,16.077096955656067
2026-08-26,ILI incidence,2026-08-23,1,HU,quantile,0.1,14.66448820453719
2026-08-26,ILI incidence,2026-08-23,1,HU,quantile,0.2,15.67604027722547
2026-08-26,ILI incidence,2026-08-23,1,HU,quantile,0.05,13.839985076301854
2026-08-26,ILI incidence,2026-08-23,1,HU,median,NA,17.844459775422628
2026-08-26,ILI incidence,2026-08-30,2,HU,quantile,0.6,23.35747768023733
2026-08-26,ILI incidence,2026-08-30,2,HU,quantile,0.65,24.654541683222412
2026-08-26,ILI incidence,2026-08-30,2,HU,quantile,0.55,22.18936810877489
2026-08-26,ILI incidence,2026-08-30,2,HU,quantile,0.4,19.05370989276303
2026-08-26,ILI incidence,2026-08-30,2,HU,quantile,0.5,21.033815362050497
2026-08-26,ILI incidence,2026-08-30,2,HU,quantile,0.01,8.406926847501442
2026-08-26,ILI incidence,2026-08-30,2,HU,quantile,0.025,9.610090116585466
2026-08-26,ILI incidence,2026-08-30,2,HU,quantile,0.45,20.02681523311503
2026-08-26,ILI incidence,2026-08-30,2,HU,quantile,0.35,18.08870657758803
2026-08-26,ILI incidence,2026-08-30,2,HU,quantile,0.3,17.099540113855824
2026-08-26,ILI incidence,2026-08-30,2,HU,quantile,0.05,10.878394650009108
2026-08-26,ILI incidence,2026-08-30,2,HU,quantile,0.1,12.644282058218277
2026-08-26,ILI incidence,2026-08-30,2,HU,quantile,0.2,15.109980613882788
2026-08-26,ILI incidence,2026-08-30,2,HU,quantile,0.25,16.14577943124626
2026-08-26,ILI incidence,2026-08-30,2,HU,quantile,0.15,14.015340202813157
2026-08-26,ILI incidence,2026-08-30,2,HU,quantile,0.975,47.437180980848254
2026-08-26,ILI incidence,2026-08-30,2,HU,quantile,0.9,35.681669955422215
2026-08-26,ILI incidence,2026-08-30,2,HU,quantile,0.99,53.656544487401824
2026-08-26,ILI incidence,2026-08-30,2,HU,quantile,0.8,29.755057309536284
2026-08-26,ILI incidence,2026-08-30,2,HU,quantile,0.85,32.320267556794526
2026-08-26,ILI incidence,2026-08-30,2,HU,quantile,0.95,41.41935306242844
2026-08-26,ILI incidence,2026-08-30,2,HU,quantile,0.75,27.773190416147493
2026-08-26,ILI incidence,2026-08-30,2,HU,quantile,0.7,26.19986386333996
2026-08-26,ILI incidence,2026-08-30,2,HU,median,NA,21.033815362050497
2026-08-26,ILI incidence,2026-09-06,3,HU,quantile,0.05,14.363808406754304
2026-08-26,ILI incidence,2026-09-06,3,HU,quantile,0.1,15.38145015473117
2026-08-26,ILI incidence,2026-09-06,3,HU,quantile,0.01,12.61893564492951
2026-08-26,ILI incidence,2026-09-06,3,HU,quantile,0.025,13.617502896551317
2026-08-26,ILI incidence,2026-09-06,3,HU,quantile,0.2,16.68316363038208
2026-08-26,ILI incidence,2026-09-06,3,HU,quantile,0.15,16.111061251522845
2026-08-26,ILI incidence,2026-09-06,3,HU,quantile,0.25,17.234365787273404
2026-08-26,ILI incidence,2026-09-06,3,HU,quantile,0.3,17.73397491265279
2026-08-26,ILI incidence,2026-09-06,3,HU,quantile,0.55,19.93515256145646
2026-08-26,ILI incidence,2026-09-06,3,HU,quantile,0.6,20.43174977177562
2026-08-26,ILI incidence,2026-09-06,3,HU,quantile,0.45,19.062988946140575
2026-08-26,ILI incidence,2026-09-06,3,HU,quantile,0.5,19.51657927463708
2026-08-26,ILI incidence,2026-09-06,3,HU,quantile,0.65,20.964889066373765
2026-08-26,ILI incidence,2026-09-06,3,HU,quantile,0.7,21.570396532100375
2026-08-26,ILI incidence,2026-09-06,3,HU,quantile,0.4,18.631307300656783
2026-08-26,ILI incidence,2026-09-06,3,HU,quantile,0.8,22.795245688483355
2026-08-26,ILI incidence,2026-09-06,3,HU,quantile,0.35,18.17241926969376
2026-08-26,ILI incidence,2026-09-06,3,HU,quantile,0.85,23.61645638846744
2026-08-26,ILI incidence,2026-09-06,3,HU,quantile,0.95,26.36848881092181
2026-08-26,ILI incidence,2026-09-06,3,HU,quantile,0.975,27.98655847527646
2026-08-26,ILI incidence,2026-09-06,3,HU,quantile,0.75,22.125661346603437
2026-08-26,ILI incidence,2026-09-06,3,HU,quantile,0.99,29.84091223353829
2026-08-26,ILI incidence,2026-09-06,3,HU,quantile,0.9,24.666708270689437
2026-08-26,ILI incidence,2026-09-06,3,HU,median,NA,19.51657927463708
2026-08-26,ILI incidence,2026-09-13,4,HU,quantile,0.55,19.92701106934619
2026-08-26,ILI incidence,2026-09-13,4,HU,quantile,0.6,20.22337970284295
2026-08-26,ILI incidence,2026-09-13,4,HU,quantile,0.7,20.87316348830805
2026-08-26,ILI incidence,2026-09-13,4,HU,quantile,0.9,22.733208267212333
2026-08-26,ILI incidence,2026-09-13,4,HU,quantile,0.95,23.659935188953582
2026-08-26,ILI incidence,2026-09-13,4,HU,quantile,0.5,19.65644517601796
2026-08-26,ILI incidence,2026-09-13,4,HU,quantile,0.25,18.20572927433432
2026-08-26,ILI incidence,2026-09-13,4,HU,quantile,0.3,18.52460671347984
2026-08-26,ILI incidence,2026-09-13,4,HU,quantile,0.025,15.740413888690597
2026-08-26,ILI incidence,2026-09-13,4,HU,quantile,0.05,16.334524658260733
2026-08-26,ILI incidence,2026-09-13,4,HU,quantile,0.2,17.876596014735576
2026-08-26,ILI incidence,2026-09-13,4,HU,quantile,0.01,15.164754752107854
2026-08-26,ILI incidence,2026-09-13,4,HU,quantile,0.15,17.484960587475115
2026-08-26,ILI incidence,2026-09-13,4,HU,quantile,0.65,20.536384372837027
2026-08-26,ILI incidence,2026-09-13,4,HU,quantile,0.1,17.014793795814484
2026-08-26,ILI incidence,2026-09-13,4,HU,quantile,0.35,18.809062971433125
2026-08-26,ILI incidence,2026-09-13,4,HU,quantile,0.975,24.42088015217842
2026-08-26,ILI incidence,2026-09-13,4,HU,quantile,0.45,19.37183416852885
2026-08-26,ILI incidence,2026-09-13,4,HU,quantile,0.4,19.091744058296634
2026-08-26,ILI incidence,2026-09-13,4,HU,quantile,0.99,25.36530533798344
2026-08-26,ILI incidence,2026-09-13,4,HU,quantile,0.75,21.23174378557168
2026-08-26,ILI incidence,2026-09-13,4,HU,quantile,0.8,21.65151104684018
2026-08-26,ILI incidence,2026-09-13,4,HU,quantile,0.85,22.130062062579334
2026-08-26,ILI incidence,2026-09-13,4,HU,median,NA,19.65644517601796
2026-08-26,ILI incidence,2026-08-23,1,IE,quantile,0.01,0.483903083461021
2026-08-26,ILI incidence,2026-08-23,1,IE,quantile,0.025,0.5810347879921104
2026-08-26,ILI incidence,2026-08-23,1,IE,quantile,0.05,0.6761153474860778
2026-08-26,ILI incidence,2026-08-23,1,IE,quantile,0.1,0.8178097281688812
2026-08-26,ILI incidence,2026-08-23,1,IE,quantile,0.15,0.9155609908986536
2026-08-26,ILI incidence,2026-08-23,1,IE,quantile,0.2,1.0144522701576175
2026-08-26,ILI incidence,2026-08-23,1,IE,quantile,0.25,1.1037733137681862
2026-08-26,ILI incidence,2026-08-23,1,IE,quantile,0.3,1.1892161069782403
2026-08-26,ILI incidence,2026-08-23,1,IE,quantile,0.7,2.0247822250685754
2026-08-26,ILI incidence,2026-08-23,1,IE,quantile,0.75,2.184036169169457
2026-08-26,ILI incidence,2026-08-23,1,IE,quantile,0.8,2.3828923018718515
2026-08-26,ILI incidence,2026-08-23,1,IE,quantile,0.85,2.627482303987507
2026-08-26,ILI incidence,2026-08-23,1,IE,quantile,0.65,1.8785145395032168
2026-08-26,ILI incidence,2026-08-23,1,IE,quantile,0.9,2.9364799838348756
2026-08-26,ILI incidence,2026-08-23,1,IE,quantile,0.99,5.057813910999084
2026-08-26,ILI incidence,2026-08-23,1,IE,quantile,0.95,3.5359314602639382
2026-08-26,ILI incidence,2026-08-23,1,IE,quantile,0.975,4.123005516892414
2026-08-26,ILI incidence,2026-08-23,1,IE,quantile,0.6,1.7480754915666092
2026-08-26,ILI incidence,2026-08-23,1,IE,quantile,0.55,1.6467506511842518
2026-08-26,ILI incidence,2026-08-23,1,IE,quantile,0.45,1.4561011309144756
2026-08-26,ILI incidence,2026-08-23,1,IE,quantile,0.5,1.5457462655759906
2026-08-26,ILI incidence,2026-08-23,1,IE,quantile,0.4,1.364281132632252
2026-08-26,ILI incidence,2026-08-23,1,IE,quantile,0.35,1.2759434994037182
2026-08-26,ILI incidence,2026-08-23,1,IE,median,NA,1.5457462655759906
2026-08-26,ILI incidence,2026-08-30,2,IE,quantile,0.55,2.099129088680475
2026-08-26,ILI incidence,2026-08-30,2,IE,quantile,0.99,7.757315225666401
2026-08-26,ILI incidence,2026-08-30,2,IE,quantile,0.4,1.6792851688668715
2026-08-26,ILI incidence,2026-08-30,2,IE,quantile,0.45,1.810859554473004
2026-08-26,ILI incidence,2026-08-30,2,IE,quantile,0.5,1.949069731241752
2026-08-26,ILI incidence,2026-08-30,2,IE,quantile,0.25,1.3146327996674838
2026-08-26,ILI incidence,2026-08-30,2,IE,quantile,0.35,1.5527807853397295
2026-08-26,ILI incidence,2026-08-30,2,IE,quantile,0.95,5.160117424056143
2026-08-26,ILI incidence,2026-08-30,2,IE,quantile,0.975,6.211528233155769
2026-08-26,ILI incidence,2026-08-30,2,IE,quantile,0.3,1.4317788984224622
2026-08-26,ILI incidence,2026-08-30,2,IE,quantile,0.8,3.2184808748586655
2026-08-26,ILI incidence,2026-08-30,2,IE,quantile,0.025,0.6254627746286306
2026-08-26,ILI incidence,2026-08-30,2,IE,quantile,0.05,0.7309865548302287
2026-08-26,ILI incidence,2026-08-30,2,IE,quantile,0.85,3.603396106948275
2026-08-26,ILI incidence,2026-08-30,2,IE,quantile,0.9,4.169588662128863
2026-08-26,ILI incidence,2026-08-30,2,IE,quantile,0.1,0.902805035895924
2026-08-26,ILI incidence,2026-08-30,2,IE,quantile,0.15,1.0600730578752728
2026-08-26,ILI incidence,2026-08-30,2,IE,quantile,0.2,1.1893871215436542
2026-08-26,ILI incidence,2026-08-30,2,IE,quantile,0.6,2.2510882054469894
2026-08-26,ILI incidence,2026-08-30,2,IE,quantile,0.65,2.438768670854588
2026-08-26,ILI incidence,2026-08-30,2,IE,quantile,0.7,2.677524549201323
2026-08-26,ILI incidence,2026-08-30,2,IE,quantile,0.75,2.9173096525660123
2026-08-26,ILI incidence,2026-08-30,2,IE,quantile,0.01,0.49612586544644066
2026-08-26,ILI incidence,2026-08-30,2,IE,median,NA,1.949069731241752
2026-08-26,ILI incidence,2026-09-06,3,IE,quantile,0.9,4.1186026408409
2026-08-26,ILI incidence,2026-09-06,3,IE,quantile,0.99,7.1701186146452605
2026-08-26,ILI incidence,2026-09-06,3,IE,quantile,0.65,2.5332798378879833
2026-08-26,ILI incidence,2026-09-06,3,IE,quantile,0.7,2.7343481286576203
2026-08-26,ILI incidence,2026-09-06,3,IE,quantile,0.75,2.981516620509261
2026-08-26,ILI incidence,2026-09-06,3,IE,quantile,0.8,3.266641914468991
2026-08-26,ILI incidence,2026-09-06,3,IE,quantile,0.85,3.61708596044233
2026-08-26,ILI incidence,2026-09-06,3,IE,quantile,0.95,5.09041540078614
2026-08-26,ILI incidence,2026-09-06,3,IE,quantile,0.975,6.055181672025957
2026-08-26,ILI incidence,2026-09-06,3,IE,quantile,0.01,0.5634336704231834
2026-08-26,ILI incidence,2026-09-06,3,IE,quantile,0.025,0.6987714948002315
2026-08-26,ILI incidence,2026-09-06,3,IE,quantile,0.05,0.8286073580131036
2026-08-26,ILI incidence,2026-09-06,3,IE,quantile,0.55,2.192334379124914
2026-08-26,ILI incidence,2026-09-06,3,IE,quantile,0.6,2.3548483954991193
2026-08-26,ILI incidence,2026-09-06,3,IE,quantile,0.1,1.0080070497169729
2026-08-26,ILI incidence,2026-09-06,3,IE,quantile,0.45,1.9057061609017731
2026-08-26,ILI incidence,2026-09-06,3,IE,quantile,0.2,1.284596508617385
2026-08-26,ILI incidence,2026-09-06,3,IE,quantile,0.25,1.4103783286414695
2026-08-26,ILI incidence,2026-09-06,3,IE,quantile,0.3,1.5296598724023311
2026-08-26,ILI incidence,2026-09-06,3,IE,quantile,0.35,1.6592760200215413
2026-08-26,ILI incidence,2026-09-06,3,IE,quantile,0.4,1.775157964119809
2026-08-26,ILI incidence,2026-09-06,3,IE,quantile,0.5,2.0461301556107236
2026-08-26,ILI incidence,2026-09-06,3,IE,quantile,0.15,1.1523770111251066
2026-08-26,ILI incidence,2026-09-06,3,IE,median,NA,2.0461301556107236
2026-08-26,ILI incidence,2026-09-13,4,IE,quantile,0.25,1.0079526978330962
2026-08-26,ILI incidence,2026-09-13,4,IE,quantile,0.3,1.1382362860935706
2026-08-26,ILI incidence,2026-09-13,4,IE,quantile,0.35,1.3065673262959994
2026-08-26,ILI incidence,2026-09-13,4,IE,quantile,0.65,2.6157340486215475
2026-08-26,ILI incidence,2026-09-13,4,IE,quantile,0.99,14.568550683634086
2026-08-26,ILI incidence,2026-09-13,4,IE,quantile,0.975,10.85429951388149
2026-08-26,ILI incidence,2026-09-13,4,IE,quantile,0.95,8.055881351379254
2026-08-26,ILI incidence,2026-09-13,4,IE,quantile,0.01,0.2229474771091423
2026-08-26,ILI incidence,2026-09-13,4,IE,quantile,0.05,0.4119731584529639
2026-08-26,ILI incidence,2026-09-13,4,IE,quantile,0.85,4.7274819150265674
2026-08-26,ILI incidence,2026-09-13,4,IE,quantile,0.9,5.828120585544889
2026-08-26,ILI incidence,2026-09-13,4,IE,quantile,0.1,0.5680209196960087
2026-08-26,ILI incidence,2026-09-13,4,IE,quantile,0.4,1.4596100040687658
2026-08-26,ILI incidence,2026-09-13,4,IE,quantile,0.45,1.6376068860432316
2026-08-26,ILI incidence,2026-09-13,4,IE,quantile,0.025,0.3104281197796495
2026-08-26,ILI incidence,2026-09-13,4,IE,quantile,0.15,0.7061458984376147
2026-08-26,ILI incidence,2026-09-13,4,IE,quantile,0.5,1.8265318246515068
2026-08-26,ILI incidence,2026-09-13,4,IE,quantile,0.55,2.048736750286402
2026-08-26,ILI incidence,2026-09-13,4,IE,quantile,0.6,2.31661712575546
2026-08-26,ILI incidence,2026-09-13,4,IE,quantile,0.2,0.8590707395292468
2026-08-26,ILI incidence,2026-09-13,4,IE,quantile,0.75,3.4141402346451732
2026-08-26,ILI incidence,2026-09-13,4,IE,quantile,0.8,3.963839960705866
2026-08-26,ILI incidence,2026-09-13,4,IE,quantile,0.7,2.972841122532522
2026-08-26,ILI incidence,2026-09-13,4,IE,median,NA,1.8265318246515068
2026-08-26,ILI incidence,2026-08-30,2,IS,quantile,0.05,0.24029296374618409
2026-08-26,ILI incidence,2026-08-30,2,IS,quantile,0.15,0.27713688741932174
2026-08-26,ILI incidence,2026-08-30,2,IS,quantile,0.01,0.2033925513278443
2026-08-26,ILI incidence,2026-08-30,2,IS,quantile,0.2,0.2906905373893589
2026-08-26,ILI incidence,2026-08-30,2,IS,quantile,0.025,0.22167895909664068
2026-08-26,ILI incidence,2026-08-30,2,IS,quantile,0.25,0.3019293211157562
2026-08-26,ILI incidence,2026-08-30,2,IS,quantile,0.1,0.26209884763552027
2026-08-26,ILI incidence,2026-08-30,2,IS,quantile,0.45,0.34391491642063854
2026-08-26,ILI incidence,2026-08-30,2,IS,quantile,0.3,0.3129001617246457
2026-08-26,ILI incidence,2026-08-30,2,IS,quantile,0.35,0.3235473510952712
2026-08-26,ILI incidence,2026-08-30,2,IS,quantile,0.4,0.33328298202634854
2026-08-26,ILI incidence,2026-08-30,2,IS,quantile,0.5,0.354592321275434
2026-08-26,ILI incidence,2026-08-30,2,IS,quantile,0.9,0.4829933608000838
2026-08-26,ILI incidence,2026-08-30,2,IS,quantile,0.55,0.365642409104572
2026-08-26,ILI incidence,2026-08-30,2,IS,quantile,0.95,0.5265130720367179
2026-08-26,ILI incidence,2026-08-30,2,IS,quantile,0.7,0.4024605432248629
2026-08-26,ILI incidence,2026-08-30,2,IS,quantile,0.75,0.4168828029291789
2026-08-26,ILI incidence,2026-08-30,2,IS,quantile,0.99,0.6245966536426162
2026-08-26,ILI incidence,2026-08-30,2,IS,quantile,0.975,0.5702629601793425
2026-08-26,ILI incidence,2026-08-30,2,IS,quantile,0.8,0.43489853621986696
2026-08-26,ILI incidence,2026-08-30,2,IS,quantile,0.85,0.45509875673212896
2026-08-26,ILI incidence,2026-08-30,2,IS,quantile,0.6,0.3767565899781381
2026-08-26,ILI incidence,2026-08-30,2,IS,quantile,0.65,0.38892492272629053
2026-08-26,ILI incidence,2026-08-30,2,IS,median,NA,0.354592321275434
2026-08-26,ILI incidence,2026-09-06,3,IS,quantile,0.7,0.5280264752674516
2026-08-26,ILI incidence,2026-09-06,3,IS,quantile,0.75,0.5632901449574781
2026-08-26,ILI incidence,2026-09-06,3,IS,quantile,0.8,0.6096807339714363
2026-08-26,ILI incidence,2026-09-06,3,IS,quantile,0.99,1.197942670147051
2026-08-26,ILI incidence,2026-09-06,3,IS,quantile,0.65,0.49417697311991055
2026-08-26,ILI incidence,2026-09-06,3,IS,quantile,0.6,0.4652817137427419
2026-08-26,ILI incidence,2026-09-06,3,IS,quantile,0.975,1.0280889274035558
2026-08-26,ILI incidence,2026-09-06,3,IS,quantile,0.5,0.4149537566000928
2026-08-26,ILI incidence,2026-09-06,3,IS,quantile,0.95,0.8929526761938626
2026-08-26,ILI incidence,2026-09-06,3,IS,quantile,0.4,0.3691489568090174
2026-08-26,ILI incidence,2026-09-06,3,IS,quantile,0.55,0.4385879598016405
2026-08-26,ILI incidence,2026-09-06,3,IS,quantile,0.9,0.7542539613224029
2026-08-26,ILI incidence,2026-09-06,3,IS,quantile,0.85,0.6737380477619745
2026-08-26,ILI incidence,2026-09-06,3,IS,quantile,0.45,0.3916442007318399
2026-08-26,ILI incidence,2026-09-06,3,IS,quantile,0.3,0.3242125011487028
2026-08-26,ILI incidence,2026-09-06,3,IS,quantile,0.35,0.3472130761007346
2026-08-26,ILI incidence,2026-09-06,3,IS,quantile,0.15,0.25337140205441083
2026-08-26,ILI incidence,2026-09-06,3,IS,quantile,0.1,0.22746215949269497
2026-08-26,ILI incidence,2026-09-06,3,IS,quantile,0.01,0.13841861369069358
2026-08-26,ILI incidence,2026-09-06,3,IS,quantile,0.2,0.27803574300561673
2026-08-26,ILI incidence,2026-09-06,3,IS,quantile,0.05,0.19247378215062952
2026-08-26,ILI incidence,2026-09-06,3,IS,quantile,0.025,0.1669597914387705
2026-08-26,ILI incidence,2026-09-06,3,IS,quantile,0.25,0.3010072061454798
2026-08-26,ILI incidence,2026-09-06,3,IS,median,NA,0.4149537566000928
2026-08-26,ILI incidence,2026-08-23,1,LT,quantile,0.2,0.7082083506633067
2026-08-26,ILI incidence,2026-08-23,1,LT,quantile,0.025,0.4043869104512496
2026-08-26,ILI incidence,2026-08-23,1,LT,quantile,0.05,0.4703900851211133
2026-08-26,ILI incidence,2026-08-23,1,LT,quantile,0.01,0.3341075331728076
2026-08-26,ILI incidence,2026-08-23,1,LT,quantile,0.1,0.5683076687016372
2026-08-26,ILI incidence,2026-08-23,1,LT,quantile,0.15,0.6392400093474624
2026-08-26,ILI incidence,2026-08-23,1,LT,quantile,0.25,0.7751853283210162
2026-08-26,ILI incidence,2026-08-23,1,LT,quantile,0.3,0.836524629829726
2026-08-26,ILI incidence,2026-08-23,1,LT,quantile,0.35,0.8994914598682822
2026-08-26,ILI incidence,2026-08-23,1,LT,quantile,0.5,1.1020808728728435
2026-08-26,ILI incidence,2026-08-23,1,LT,quantile,0.55,1.1822549316787705
2026-08-26,ILI incidence,2026-08-23,1,LT,quantile,0.6,1.2636551806468814
2026-08-26,ILI incidence,2026-08-23,1,LT,quantile,0.65,1.350583885479162
2026-08-26,ILI incidence,2026-08-23,1,LT,quantile,0.45,1.030874568343271
2026-08-26,ILI incidence,2026-08-23,1,LT,quantile,0.4,0.9644980282405946
2026-08-26,ILI incidence,2026-08-23,1,LT,quantile,0.7,1.4512652713595176
2026-08-26,ILI incidence,2026-08-23,1,LT,quantile,0.95,2.5993534222867636
2026-08-26,ILI incidence,2026-08-23,1,LT,quantile,0.9,2.174114921785296
2026-08-26,ILI incidence,2026-08-23,1,LT,quantile,0.975,3.021791540009793
2026-08-26,ILI incidence,2026-08-23,1,LT,quantile,0.85,1.907506925032707
2026-08-26,ILI incidence,2026-08-23,1,LT,quantile,0.99,3.7261759980959224
2026-08-26,ILI incidence,2026-08-23,1,LT,quantile,0.8,1.7181499909237106
2026-08-26,ILI incidence,2026-08-23,1,LT,quantile,0.75,1.5744022820369563
2026-08-26,ILI incidence,2026-08-23,1,LT,median,NA,1.1020808728728435
2026-08-26,ILI incidence,2026-08-30,2,LT,quantile,0.01,0.3646105800654512
2026-08-26,ILI incidence,2026-08-30,2,LT,quantile,0.025,0.4377526889380147
2026-08-26,ILI incidence,2026-08-30,2,LT,quantile,0.05,0.5044418125624921
2026-08-26,ILI incidence,2026-08-30,2,LT,quantile,0.15,0.6751335216431146
2026-08-26,ILI incidence,2026-08-30,2,LT,quantile,0.1,0.6046781393934592
2026-08-26,ILI incidence,2026-08-30,2,LT,quantile,0.2,0.7397456392169441
2026-08-26,ILI incidence,2026-08-30,2,LT,quantile,0.25,0.7957520532289477
2026-08-26,ILI incidence,2026-08-30,2,LT,quantile,0.75,1.4831527404471414
2026-08-26,ILI incidence,2026-08-30,2,LT,quantile,0.7,1.3809713684207554
2026-08-26,ILI incidence,2026-08-30,2,LT,quantile,0.65,1.2962467260816624
2026-08-26,ILI incidence,2026-08-30,2,LT,quantile,0.55,1.154831019320449
2026-08-26,ILI incidence,2026-08-30,2,LT,quantile,0.8,1.6080623329680312
2026-08-26,ILI incidence,2026-08-30,2,LT,quantile,0.6,1.2242383183484795
2026-08-26,ILI incidence,2026-08-30,2,LT,quantile,0.3,0.8543547490752679
2026-08-26,ILI incidence,2026-08-30,2,LT,quantile,0.5,1.0865098238298612
2026-08-26,ILI incidence,2026-08-30,2,LT,quantile,0.45,1.0248612638311474
2026-08-26,ILI incidence,2026-08-30,2,LT,quantile,0.85,1.7532620488663757
2026-08-26,ILI incidence,2026-08-30,2,LT,quantile,0.35,0.9113603431668484
2026-08-26,ILI incidence,2026-08-30,2,LT,quantile,0.9,1.9760535691237824
2026-08-26,ILI incidence,2026-08-30,2,LT,quantile,0.4,0.9642532158070488
2026-08-26,ILI incidence,2026-08-30,2,LT,quantile,0.99,3.165975112391564
2026-08-26,ILI incidence,2026-08-30,2,LT,quantile,0.95,2.3443639782187407
2026-08-26,ILI incidence,2026-08-30,2,LT,quantile,0.975,2.7169958105173264
2026-08-26,ILI incidence,2026-08-30,2,LT,median,NA,1.0865098238298612
2026-08-26,ILI incidence,2026-09-06,3,LT,quantile,0.01,0.7269620628475455
2026-08-26,ILI incidence,2026-09-06,3,LT,quantile,0.5,1.240719985382806
2026-08-26,ILI incidence,2026-09-06,3,LT,quantile,0.55,1.278959506148519
2026-08-26,ILI incidence,2026-09-06,3,LT,quantile,0.35,1.1352279325830537
2026-08-26,ILI incidence,2026-09-06,3,LT,quantile,0.4,1.1714867987540902
2026-08-26,ILI incidence,2026-09-06,3,LT,quantile,0.025,0.7800464889260356
2026-08-26,ILI incidence,2026-09-06,3,LT,quantile,0.45,1.204769054341539
2026-08-26,ILI incidence,2026-09-06,3,LT,quantile,0.6,1.3189449384871297
2026-08-26,ILI incidence,2026-09-06,3,LT,quantile,0.1,0.9172575816254318
2026-08-26,ILI incidence,2026-09-06,3,LT,quantile,0.05,0.8427890356164723
2026-08-26,ILI incidence,2026-09-06,3,LT,quantile,0.15,0.9749302578066072
2026-08-26,ILI incidence,2026-09-06,3,LT,quantile,0.3,1.0980180225358835
2026-08-26,ILI incidence,2026-09-06,3,LT,quantile,0.25,1.0626978552156188
2026-08-26,ILI incidence,2026-09-06,3,LT,quantile,0.65,1.3591784939976483
2026-08-26,ILI incidence,2026-09-06,3,LT,quantile,0.2,1.0211275355702756
2026-08-26,ILI incidence,2026-09-06,3,LT,quantile,0.7,1.4059076174962208
2026-08-26,ILI incidence,2026-09-06,3,LT,quantile,0.75,1.452553715612181
2026-08-26,ILI incidence,2026-09-06,3,LT,quantile,0.8,1.509775680230613
2026-08-26,ILI incidence,2026-09-06,3,LT,quantile,0.975,1.9718059464999704
2026-08-26,ILI incidence,2026-09-06,3,LT,quantile,0.9,1.6815800214275034
2026-08-26,ILI incidence,2026-09-06,3,LT,quantile,0.99,2.1349612086786456
2026-08-26,ILI incidence,2026-09-06,3,LT,quantile,0.95,1.8321820430003213
2026-08-26,ILI incidence,2026-09-06,3,LT,quantile,0.85,1.5889599713685152
2026-08-26,ILI incidence,2026-09-06,3,LT,median,NA,1.240719985382806
2026-08-26,ILI incidence,2026-09-13,4,LT,quantile,0.2,0.9777092059693162
2026-08-26,ILI incidence,2026-09-13,4,LT,quantile,0.15,0.9315607675879884
2026-08-26,ILI incidence,2026-09-13,4,LT,quantile,0.25,1.0145558245219002
2026-08-26,ILI incidence,2026-09-13,4,LT,quantile,0.01,0.6904686629634826
2026-08-26,ILI incidence,2026-09-13,4,LT,quantile,0.1,0.8812524117163602
2026-08-26,ILI incidence,2026-09-13,4,LT,quantile,0.3,1.0505204370533172
2026-08-26,ILI incidence,2026-09-13,4,LT,quantile,0.05,0.8096429010485068
2026-08-26,ILI incidence,2026-09-13,4,LT,quantile,0.4,1.1221296586933
2026-08-26,ILI incidence,2026-09-13,4,LT,quantile,0.5,1.1943469144358525
2026-08-26,ILI incidence,2026-09-13,4,LT,quantile,0.45,1.1572353607197745
2026-08-26,ILI incidence,2026-09-13,4,LT,quantile,0.55,1.232073284264732
2026-08-26,ILI incidence,2026-09-13,4,LT,quantile,0.025,0.7492507163960409
2026-08-26,ILI incidence,2026-09-13,4,LT,quantile,0.65,1.306500024740336
2026-08-26,ILI incidence,2026-09-13,4,LT,quantile,0.35,1.085606860745146
2026-08-26,ILI incidence,2026-09-13,4,LT,quantile,0.6,1.2660698229155454
2026-08-26,ILI incidence,2026-09-13,4,LT,quantile,0.7,1.350166151797363
2026-08-26,ILI incidence,2026-09-13,4,LT,quantile,0.95,1.751672736316947
2026-08-26,ILI incidence,2026-09-13,4,LT,quantile,0.75,1.3998627365106686
2026-08-26,ILI incidence,2026-09-13,4,LT,quantile,0.8,1.4544899547096986
2026-08-26,ILI incidence,2026-09-13,4,LT,quantile,0.85,1.522806551588502
2026-08-26,ILI incidence,2026-09-13,4,LT,quantile,0.9,1.6079191359129217
2026-08-26,ILI incidence,2026-09-13,4,LT,quantile,0.975,1.884356906609104
2026-08-26,ILI incidence,2026-09-13,4,LT,quantile,0.99,2.053827544979225
2026-08-26,ILI incidence,2026-09-13,4,LT,median,NA,1.1943469144358525
2026-08-26,ILI incidence,2026-08-23,1,LU,quantile,0.01,3.342824655444583e-4
2026-08-26,ILI incidence,2026-08-23,1,LU,quantile,0.025,4.156058106515612e-4
2026-08-26,ILI incidence,2026-08-23,1,LU,quantile,0.05,4.937038603999832e-4
2026-08-26,ILI incidence,2026-08-23,1,LU,quantile,0.1,5.990414019227555e-4
2026-08-26,ILI incidence,2026-08-23,1,LU,quantile,0.15,6.918996886701072e-4
2026-08-26,ILI incidence,2026-08-23,1,LU,quantile,0.2,7.722436087978027e-4
2026-08-26,ILI incidence,2026-08-23,1,LU,quantile,0.25,8.42616700437385e-4
2026-08-26,ILI incidence,2026-08-23,1,LU,quantile,0.3,9.09283325431061e-4
2026-08-26,ILI incidence,2026-08-23,1,LU,quantile,0.85,0.00213416592213315
2026-08-26,ILI incidence,2026-08-23,1,LU,quantile,0.9,0.0024565335851529
2026-08-26,ILI incidence,2026-08-23,1,LU,quantile,0.95,0.00296987943347718
2026-08-26,ILI incidence,2026-08-23,1,LU,quantile,0.975,0.00348100629489576
2026-08-26,ILI incidence,2026-08-23,1,LU,quantile,0.99,0.00423301805055181
2026-08-26,ILI incidence,2026-08-23,1,LU,quantile,0.35,9.811428717249838e-4
2026-08-26,ILI incidence,2026-08-23,1,LU,quantile,0.4,0.00105271695936673
2026-08-26,ILI incidence,2026-08-23,1,LU,quantile,0.45,0.0011289584718166
2026-08-26,ILI incidence,2026-08-23,1,LU,quantile,0.5,0.0012036476083416
2026-08-26,ILI incidence,2026-08-23,1,LU,quantile,0.55,0.00129590840857854
2026-08-26,ILI incidence,2026-08-23,1,LU,quantile,0.6,0.00138942508793483
2026-08-26,ILI incidence,2026-08-23,1,LU,quantile,0.65,0.00149551618182257
2026-08-26,ILI incidence,2026-08-23,1,LU,quantile,0.7,0.00160865599184762
2026-08-26,ILI incidence,2026-08-23,1,LU,quantile,0.75,0.00175284836567974
2026-08-26,ILI incidence,2026-08-23,1,LU,quantile,0.8,0.001911133085156
2026-08-26,ILI incidence,2026-08-23,1,LU,median,NA,0.0012036476083416
2026-08-26,ILI incidence,2026-08-30,2,LU,quantile,0.01,1.8558274279763528e-4
2026-08-26,ILI incidence,2026-08-30,2,LU,quantile,0.025,2.407363210378183e-4
2026-08-26,ILI incidence,2026-08-30,2,LU,quantile,0.05,2.995371812948653e-4
2026-08-26,ILI incidence,2026-08-30,2,LU,quantile,0.1,3.781099488692422e-4
2026-08-26,ILI incidence,2026-08-30,2,LU,quantile,0.15,4.439073748434139e-4
2026-08-26,ILI incidence,2026-08-30,2,LU,quantile,0.2,5.092291064778364e-4
2026-08-26,ILI incidence,2026-08-30,2,LU,quantile,0.25,5.663946511017063e-4
2026-08-26,ILI incidence,2026-08-30,2,LU,quantile,0.3,6.276110776444703e-4
2026-08-26,ILI incidence,2026-08-30,2,LU,quantile,0.35,6.892975563422827e-4
2026-08-26,ILI incidence,2026-08-30,2,LU,quantile,0.4,7.523003265268711e-4
2026-08-26,ILI incidence,2026-08-30,2,LU,quantile,0.45,8.24462400885517e-4
2026-08-26,ILI incidence,2026-08-30,2,LU,quantile,0.5,8.986503344989975e-4
2026-08-26,ILI incidence,2026-08-30,2,LU,quantile,0.55,9.77441291070409e-4
2026-08-26,ILI incidence,2026-08-30,2,LU,quantile,0.6,0.00106613721400798
2026-08-26,ILI incidence,2026-08-30,2,LU,quantile,0.75,0.00141399277806945
2026-08-26,ILI incidence,2026-08-30,2,LU,quantile,0.8,0.00157772105729229
2026-08-26,ILI incidence,2026-08-30,2,LU,quantile,0.975,0.00333927126047837
2026-08-26,ILI incidence,2026-08-30,2,LU,quantile,0.99,0.0042614294431685
2026-08-26,ILI incidence,2026-08-30,2,LU,quantile,0.65,0.00116251526383804
2026-08-26,ILI incidence,2026-08-30,2,LU,quantile,0.7,0.00127288941889437
2026-08-26,ILI incidence,2026-08-30,2,LU,quantile,0.85,0.00179417502989749
2026-08-26,ILI incidence,2026-08-30,2,LU,quantile,0.9,0.0021271771644535
2026-08-26,ILI incidence,2026-08-30,2,LU,quantile,0.95,0.00275462688662949
2026-08-26,ILI incidence,2026-08-30,2,LU,median,NA,8.986503344989975e-4
2026-08-26,ILI incidence,2026-09-06,3,LU,quantile,0.7,0.00134328071485317
2026-08-26,ILI incidence,2026-09-06,3,LU,quantile,0.6,0.00120795619687121
2026-08-26,ILI incidence,2026-09-06,3,LU,quantile,0.65,0.00126917066663959
2026-08-26,ILI incidence,2026-09-06,3,LU,quantile,0.55,0.00114790093287681
2026-08-26,ILI incidence,2026-09-06,3,LU,quantile,0.35,9.376927261305696e-4
2026-08-26,ILI incidence,2026-09-06,3,LU,quantile,0.4,9.855623361802676e-4
2026-08-26,ILI incidence,2026-09-06,3,LU,quantile,0.3,8.872530504183554e-4
2026-08-26,ILI incidence,2026-09-06,3,LU,quantile,0.45,0.00103906030328319
2026-08-26,ILI incidence,2026-09-06,3,LU,quantile,0.5,0.00109017678544905
2026-08-26,ILI incidence,2026-09-06,3,LU,quantile,0.25,8.36988957506562e-4
2026-08-26,ILI incidence,2026-09-06,3,LU,quantile,0.2,7.837358898580967e-4
2026-08-26,ILI incidence,2026-09-06,3,LU,quantile,0.15,7.2110194595304e-4
2026-08-26,ILI incidence,2026-09-06,3,LU,quantile,0.1,6.526921089055855e-4
2026-08-26,ILI incidence,2026-09-06,3,LU,quantile,0.05,5.624556328874794e-4
2026-08-26,ILI incidence,2026-09-06,3,LU,quantile,0.01,4.34849665145492e-4
2026-08-26,ILI incidence,2026-09-06,3,LU,quantile,0.025,5.030454142744487e-4
2026-08-26,ILI incidence,2026-09-06,3,LU,quantile,0.75,0.00142638297494598
2026-08-26,ILI incidence,2026-09-06,3,LU,quantile,0.8,0.00152758084266683
2026-08-26,ILI incidence,2026-09-06,3,LU,quantile,0.85,0.00164669823199196
2026-08-26,ILI incidence,2026-09-06,3,LU,quantile,0.9,0.001807237107316
2026-08-26,ILI incidence,2026-09-06,3,LU,quantile,0.95,0.00209559799481022
2026-08-26,ILI incidence,2026-09-06,3,LU,quantile,0.975,0.0023839402446169
2026-08-26,ILI incidence,2026-09-06,3,LU,quantile,0.99,0.00277439979345175
2026-08-26,ILI incidence,2026-09-06,3,LU,median,NA,0.00109017678544905
2026-08-26,ILI incidence,2026-09-13,4,LU,quantile,0.01,2.3177331728846512e-4
2026-08-26,ILI incidence,2026-09-13,4,LU,quantile,0.025,2.822224993922376e-4
2026-08-26,ILI incidence,2026-09-13,4,LU,quantile,0.05,3.31596036554891e-4
2026-08-26,ILI incidence,2026-09-13,4,LU,quantile,0.1,3.9852005027733343e-4
2026-08-26,ILI incidence,2026-09-13,4,LU,quantile,0.15,4.5315771049053136e-4
2026-08-26,ILI incidence,2026-09-13,4,LU,quantile,0.4,6.869241770664953e-4
2026-08-26,ILI incidence,2026-09-13,4,LU,quantile,0.45,7.338500745867549e-4
2026-08-26,ILI incidence,2026-09-13,4,LU,quantile,0.2,5.028635516797689e-4
2026-08-26,ILI incidence,2026-09-13,4,LU,quantile,0.25,5.448283267417246e-4
2026-08-26,ILI incidence,2026-09-13,4,LU,quantile,0.3,5.921160590870284e-4
2026-08-26,ILI incidence,2026-09-13,4,LU,quantile,0.35,6.395298471873828e-4
2026-08-26,ILI incidence,2026-09-13,4,LU,quantile,0.5,7.828075355930115e-4
2026-08-26,ILI incidence,2026-09-13,4,LU,quantile,0.55,8.357561935400952e-4
2026-08-26,ILI incidence,2026-09-13,4,LU,quantile,0.6,8.931045677214953e-4
2026-08-26,ILI incidence,2026-09-13,4,LU,quantile,0.65,9.540758055194272e-4
2026-08-26,ILI incidence,2026-09-13,4,LU,quantile,0.7,0.00102473763348097
2026-08-26,ILI incidence,2026-09-13,4,LU,quantile,0.75,0.00110286904683811
2026-08-26,ILI incidence,2026-09-13,4,LU,quantile,0.8,0.00120292635943719
2026-08-26,ILI incidence,2026-09-13,4,LU,quantile,0.85,0.00132811617017944
2026-08-26,ILI incidence,2026-09-13,4,LU,quantile,0.9,0.00149920428096602
2026-08-26,ILI incidence,2026-09-13,4,LU,quantile,0.95,0.00182952964644884
2026-08-26,ILI incidence,2026-09-13,4,LU,quantile,0.975,0.00219120267512694
2026-08-26,ILI incidence,2026-09-13,4,LU,quantile,0.99,0.00261725409118464
2026-08-26,ILI incidence,2026-09-13,4,LU,median,NA,7.828075355930115e-4
2026-08-26,ILI incidence,2026-08-23,1,MT,quantile,0.3,3594.944762832117
2026-08-26,ILI incidence,2026-08-23,1,MT,quantile,0.2,3353.414364225827
2026-08-26,ILI incidence,2026-08-23,1,MT,quantile,0.25,3478.5735087693047
2026-08-26,ILI incidence,2026-08-23,1,MT,quantile,0.01,2390.9213768996065
2026-08-26,ILI incidence,2026-08-23,1,MT,quantile,0.025,2576.6323571222997
2026-08-26,ILI incidence,2026-08-23,1,MT,quantile,0.05,2776.4585601517892
2026-08-26,ILI incidence,2026-08-23,1,MT,quantile,0.35,3715.165603414393
2026-08-26,ILI incidence,2026-08-23,1,MT,quantile,0.15,3201.448907116993
2026-08-26,ILI incidence,2026-08-23,1,MT,quantile,0.8,4961.970280251183
2026-08-26,ILI incidence,2026-08-23,1,MT,quantile,0.1,3014.5440137957985
2026-08-26,ILI incidence,2026-08-23,1,MT,quantile,0.4,3832.584708782289
2026-08-26,ILI incidence,2026-08-23,1,MT,quantile,0.85,5196.554965588215
2026-08-26,ILI incidence,2026-08-23,1,MT,quantile,0.5,4070.3297843066393
2026-08-26,ILI incidence,2026-08-23,1,MT,quantile,0.55,4198.629192457243
2026-08-26,ILI incidence,2026-08-23,1,MT,quantile,0.6,4320.589043077726
2026-08-26,ILI incidence,2026-08-23,1,MT,quantile,0.95,5994.923507796235
2026-08-26,ILI incidence,2026-08-23,1,MT,quantile,0.99,6998.064613841272
2026-08-26,ILI incidence,2026-08-23,1,MT,quantile,0.7,4607.777561687235
2026-08-26,ILI incidence,2026-08-23,1,MT,quantile,0.65,4451.848209312529
2026-08-26,ILI incidence,2026-08-23,1,MT,quantile,0.75,4773.65578161788
2026-08-26,ILI incidence,2026-08-23,1,MT,quantile,0.975,6412.276504032826
2026-08-26,ILI incidence,2026-08-23,1,MT,quantile,0.9,5482.093148807537
2026-08-26,ILI incidence,2026-08-23,1,MT,quantile,0.45,3947.539863445049
2026-08-26,ILI incidence,2026-08-23,1,MT,median,NA,4070.3297843066393
2026-08-26,ILI incidence,2026-08-30,2,MT,quantile,0.15,3461.9840611071104
2026-08-26,ILI incidence,2026-08-30,2,MT,quantile,0.6,4485.3751091417125
2026-08-26,ILI incidence,2026-08-30,2,MT,quantile,0.2,3605.6906113364503
2026-08-26,ILI incidence,2026-08-30,2,MT,quantile,0.25,3732.3769075417113
2026-08-26,ILI incidence,2026-08-30,2,MT,quantile,0.1,3293.1699422218076
2026-08-26,ILI incidence,2026-08-30,2,MT,quantile,0.3,3850.207190413736
2026-08-26,ILI incidence,2026-08-30,2,MT,quantile,0.45,4153.817864411254
2026-08-26,ILI incidence,2026-08-30,2,MT,quantile,0.65,4597.359346033958
2026-08-26,ILI incidence,2026-08-30,2,MT,quantile,0.35,3960.1719910493857
2026-08-26,ILI incidence,2026-08-30,2,MT,quantile,0.5,4257.742766904145
2026-08-26,ILI incidence,2026-08-30,2,MT,quantile,0.55,4361.819225786033
2026-08-26,ILI incidence,2026-08-30,2,MT,quantile,0.4,4056.0701723466264
2026-08-26,ILI incidence,2026-08-30,2,MT,quantile,0.01,2676.896560367096
2026-08-26,ILI incidence,2026-08-30,2,MT,quantile,0.025,2875.2263766362657
2026-08-26,ILI incidence,2026-08-30,2,MT,quantile,0.05,3063.20510057319
2026-08-26,ILI incidence,2026-08-30,2,MT,quantile,0.7,4724.042770284488
2026-08-26,ILI incidence,2026-08-30,2,MT,quantile,0.8,5031.373552482437
2026-08-26,ILI incidence,2026-08-30,2,MT,quantile,0.85,5250.407608999715
2026-08-26,ILI incidence,2026-08-30,2,MT,quantile,0.75,4864.808541198901
2026-08-26,ILI incidence,2026-08-30,2,MT,quantile,0.99,6743.139091849128
2026-08-26,ILI incidence,2026-08-30,2,MT,quantile,0.9,5534.480813252783
2026-08-26,ILI incidence,2026-08-30,2,MT,quantile,0.95,5910.8061863660805
2026-08-26,ILI incidence,2026-08-30,2,MT,quantile,0.975,6292.313362266873
2026-08-26,ILI incidence,2026-08-30,2,MT,median,NA,4257.742766904145
2026-08-26,ILI incidence,2026-09-06,3,MT,quantile,0.025,3621.651427529502
2026-08-26,ILI incidence,2026-09-06,3,MT,quantile,0.01,3407.0879108315535
2026-08-26,ILI incidence,2026-09-06,3,MT,quantile,0.05,3825.157700946227
2026-08-26,ILI incidence,2026-09-06,3,MT,quantile,0.15,4235.1698252877795
2026-08-26,ILI incidence,2026-09-06,3,MT,quantile,0.2,4379.844076352787
2026-08-26,ILI incidence,2026-09-06,3,MT,quantile,0.1,4059.672679089834
2026-08-26,ILI incidence,2026-09-06,3,MT,quantile,0.8,5840.468422000275
2026-08-26,ILI incidence,2026-09-06,3,MT,quantile,0.75,5679.647572840424
2026-08-26,ILI incidence,2026-09-06,3,MT,quantile,0.85,6024.511250994137
2026-08-26,ILI incidence,2026-09-06,3,MT,quantile,0.55,5171.335154114577
2026-08-26,ILI incidence,2026-09-06,3,MT,quantile,0.3,4627.895795530079
2026-08-26,ILI incidence,2026-09-06,3,MT,quantile,0.6,5276.651089905528
2026-08-26,ILI incidence,2026-09-06,3,MT,quantile,0.7,5524.4180490680155
2026-08-26,ILI incidence,2026-09-06,3,MT,quantile,0.25,4503.023489042415
2026-08-26,ILI incidence,2026-09-06,3,MT,quantile,0.5,5059.924708928492
2026-08-26,ILI incidence,2026-09-06,3,MT,quantile,0.4,4848.249896917363
2026-08-26,ILI incidence,2026-09-06,3,MT,quantile,0.65,5389.421481556752
2026-08-26,ILI incidence,2026-09-06,3,MT,quantile,0.9,6263.353117313195
2026-08-26,ILI incidence,2026-09-06,3,MT,quantile,0.45,4954.121619132398
2026-08-26,ILI incidence,2026-09-06,3,MT,quantile,0.95,6670.51551080211
2026-08-26,ILI incidence,2026-09-06,3,MT,quantile,0.99,7498.539288043
2026-08-26,ILI incidence,2026-09-06,3,MT,quantile,0.35,4747.5943566839915
2026-08-26,ILI incidence,2026-09-06,3,MT,quantile,0.975,7036.066730397004
2026-08-26,ILI incidence,2026-09-06,3,MT,median,NA,5059.924708928492
2026-08-26,ILI incidence,2026-09-13,4,MT,quantile,0.99,8534.508402128433
2026-08-26,ILI incidence,2026-09-13,4,MT,quantile,0.9,6229.674754417403
2026-08-26,ILI incidence,2026-09-13,4,MT,quantile,0.975,7681.530707677304
2026-08-26,ILI incidence,2026-09-13,4,MT,quantile,0.95,7014.385944992601
2026-08-26,ILI incidence,2026-09-13,4,MT,quantile,0.8,5479.227218393202
2026-08-26,ILI incidence,2026-09-13,4,MT,quantile,0.85,5787.315569045814
2026-08-26,ILI incidence,2026-09-13,4,MT,quantile,0.75,5218.808888439065
2026-08-26,ILI incidence,2026-09-13,4,MT,quantile,0.6,4604.78694761446
2026-08-26,ILI incidence,2026-09-13,4,MT,quantile,0.65,4790.672440517209
2026-08-26,ILI incidence,2026-09-13,4,MT,quantile,0.45,4118.30400581003
2026-08-26,ILI incidence,2026-09-13,4,MT,quantile,0.7,4990.76397816783
2026-08-26,ILI incidence,2026-09-13,4,MT,quantile,0.55,4427.862846658683
2026-08-26,ILI incidence,2026-09-13,4,MT,quantile,0.4,3955.6515100329702
2026-08-26,ILI incidence,2026-09-13,4,MT,quantile,0.5,4269.6568978409705
2026-08-26,ILI incidence,2026-09-13,4,MT,quantile,0.35,3790.759846824585
2026-08-26,ILI incidence,2026-09-13,4,MT,quantile,0.3,3637.356460625601
2026-08-26,ILI incidence,2026-09-13,4,MT,quantile,0.25,3481.8803776713626
2026-08-26,ILI incidence,2026-09-13,4,MT,quantile,0.15,3107.214176355209
2026-08-26,ILI incidence,2026-09-13,4,MT,quantile,0.2,3310.5130597620623
2026-08-26,ILI incidence,2026-09-13,4,MT,quantile,0.1,2913.950651798345
2026-08-26,ILI incidence,2026-09-13,4,MT,quantile,0.05,2611.2969357627157
2026-08-26,ILI incidence,2026-09-13,4,MT,quantile,0.025,2374.0477036733996
2026-08-26,ILI incidence,2026-09-13,4,MT,quantile,0.01,2116.271182468767
2026-08-26,ILI incidence,2026-09-13,4,MT,median,NA,4269.6568978409705
2026-08-26,ILI incidence,2026-08-23,1,NO,quantile,0.85,9.382179789314897
2026-08-26,ILI incidence,2026-08-23,1,NO,quantile,0.75,8.962601294312455
2026-08-26,ILI incidence,2026-08-23,1,NO,quantile,0.8,9.159549066083793
2026-08-26,ILI incidence,2026-08-23,1,NO,quantile,0.9,9.677459107821122
2026-08-26,ILI incidence,2026-08-23,1,NO,quantile,0.95,10.119065532558748
2026-08-26,ILI incidence,2026-08-23,1,NO,quantile,0.975,10.56664898801221
2026-08-26,ILI incidence,2026-08-23,1,NO,quantile,0.65,8.651178352074528
2026-08-26,ILI incidence,2026-08-23,1,NO,quantile,0.99,11.071413215614124
2026-08-26,ILI incidence,2026-08-23,1,NO,quantile,0.6,8.514871790048662
2026-08-26,ILI incidence,2026-08-23,1,NO,quantile,0.7,8.793381014645373
2026-08-26,ILI incidence,2026-08-23,1,NO,quantile,0.4,7.996171119913091
2026-08-26,ILI incidence,2026-08-23,1,NO,quantile,0.45,8.131750824371132
2026-08-26,ILI incidence,2026-08-23,1,NO,quantile,0.55,8.38365059633701
2026-08-26,ILI incidence,2026-08-23,1,NO,quantile,0.5,8.261972575993935
2026-08-26,ILI incidence,2026-08-23,1,NO,quantile,0.35,7.865226508981128
2026-08-26,ILI incidence,2026-08-23,1,NO,quantile,0.05,6.73474460889701
2026-08-26,ILI incidence,2026-08-23,1,NO,quantile,0.1,7.05293504083988
2026-08-26,ILI incidence,2026-08-23,1,NO,quantile,0.15,7.27439073291087
2026-08-26,ILI incidence,2026-08-23,1,NO,quantile,0.2,7.4586955583073005
2026-08-26,ILI incidence,2026-08-23,1,NO,quantile,0.25,7.612564334508627
2026-08-26,ILI incidence,2026-08-23,1,NO,quantile,0.3,7.745738066406211
2026-08-26,ILI incidence,2026-08-23,1,NO,quantile,0.025,6.482884222569787
2026-08-26,ILI incidence,2026-08-23,1,NO,quantile,0.01,6.1822897238453525
2026-08-26,ILI incidence,2026-08-23,1,NO,median,NA,8.261972575993935
2026-08-26,ILI incidence,2026-08-30,2,NO,quantile,0.5,7.431039482297628
2026-08-26,ILI incidence,2026-08-30,2,NO,quantile,0.55,7.590069043401073
2026-08-26,ILI incidence,2026-08-30,2,NO,quantile,0.6,7.739085020426167
2026-08-26,ILI incidence,2026-08-30,2,NO,quantile,0.99,10.886550629766193
2026-08-26,ILI incidence,2026-08-30,2,NO,quantile,0.45,7.285639912223221
2026-08-26,ILI incidence,2026-08-30,2,NO,quantile,0.05,5.645870072298343
2026-08-26,ILI incidence,2026-08-30,2,NO,quantile,0.4,7.127355392341745
2026-08-26,ILI incidence,2026-08-30,2,NO,quantile,0.15,6.261327018221705
2026-08-26,ILI incidence,2026-08-30,2,NO,quantile,0.2,6.46883648765945
2026-08-26,ILI incidence,2026-08-30,2,NO,quantile,0.35,6.975236468697073
2026-08-26,ILI incidence,2026-08-30,2,NO,quantile,0.025,5.364655833307097
2026-08-26,ILI incidence,2026-08-30,2,NO,quantile,0.01,5.029196273658838
2026-08-26,ILI incidence,2026-08-30,2,NO,quantile,0.1,6.012435476172372
2026-08-26,ILI incidence,2026-08-30,2,NO,quantile,0.8,8.562074173238653
2026-08-26,ILI incidence,2026-08-30,2,NO,quantile,0.75,8.329339784320315
2026-08-26,ILI incidence,2026-08-30,2,NO,quantile,0.7,8.115562705017819
2026-08-26,ILI incidence,2026-08-30,2,NO,quantile,0.85,8.849564711803977
2026-08-26,ILI incidence,2026-08-30,2,NO,quantile,0.3,6.812953786841598
2026-08-26,ILI incidence,2026-08-30,2,NO,quantile,0.65,7.917879294218396
2026-08-26,ILI incidence,2026-08-30,2,NO,quantile,0.25,6.650592447596594
2026-08-26,ILI incidence,2026-08-30,2,NO,quantile,0.975,10.264592585612156
2026-08-26,ILI incidence,2026-08-30,2,NO,quantile,0.9,9.221413025442349
2026-08-26,ILI incidence,2026-08-30,2,NO,quantile,0.95,9.778860424813738
2026-08-26,ILI incidence,2026-08-30,2,NO,median,NA,7.431039482297628
2026-08-26,ILI incidence,2026-09-06,3,NO,quantile,0.975,12.951815574580673
2026-08-26,ILI incidence,2026-09-06,3,NO,quantile,0.95,12.02700429344998
2026-08-26,ILI incidence,2026-09-06,3,NO,quantile,0.99,14.16800918532197
2026-08-26,ILI incidence,2026-09-06,3,NO,quantile,0.9,10.998935669671816
2026-08-26,ILI incidence,2026-09-06,3,NO,quantile,0.85,10.277526876003762
2026-08-26,ILI incidence,2026-09-06,3,NO,quantile,0.8,9.790261669770455
2026-08-26,ILI incidence,2026-09-06,3,NO,quantile,0.75,9.374168622244142
2026-08-26,ILI incidence,2026-09-06,3,NO,quantile,0.55,8.093492992206599
2026-08-26,ILI incidence,2026-09-06,3,NO,quantile,0.65,8.662886486251484
2026-08-26,ILI incidence,2026-09-06,3,NO,quantile,0.6,8.382769961757777
2026-08-26,ILI incidence,2026-09-06,3,NO,quantile,0.7,8.994771372821013
2026-08-26,ILI incidence,2026-09-06,3,NO,quantile,0.5,7.824123696774294
2026-08-26,ILI incidence,2026-09-06,3,NO,quantile,0.45,7.577070434336973
2026-08-26,ILI incidence,2026-09-06,3,NO,quantile,0.2,6.269735762506313
2026-08-26,ILI incidence,2026-09-06,3,NO,quantile,0.25,6.571420207319973
2026-08-26,ILI incidence,2026-09-06,3,NO,quantile,0.4,7.351681042751959
2026-08-26,ILI incidence,2026-09-06,3,NO,quantile,0.35,7.0847428399625745
2026-08-26,ILI incidence,2026-09-06,3,NO,quantile,0.3,6.825606876403152
2026-08-26,ILI incidence,2026-09-06,3,NO,quantile,0.15,5.959699995412561
2026-08-26,ILI incidence,2026-09-06,3,NO,quantile,0.1,5.580941063754004
2026-08-26,ILI incidence,2026-09-06,3,NO,quantile,0.05,5.082193684615403
2026-08-26,ILI incidence,2026-09-06,3,NO,quantile,0.01,4.279874156682906
2026-08-26,ILI incidence,2026-09-06,3,NO,quantile,0.025,4.648788296549966
2026-08-26,ILI incidence,2026-09-06,3,NO,median,NA,7.824123696774294
2026-08-26,ILI incidence,2026-09-13,4,NO,quantile,0.15,8.07496385774768
2026-08-26,ILI incidence,2026-09-13,4,NO,quantile,0.75,9.358581296855348
2026-08-26,ILI incidence,2026-09-13,4,NO,quantile,0.85,9.66269239413264
2026-08-26,ILI incidence,2026-09-13,4,NO,quantile,0.25,8.32546762876178
2026-08-26,ILI incidence,2026-09-13,4,NO,quantile,0.8,9.49033399557367
2026-08-26,ILI incidence,2026-09-13,4,NO,quantile,0.3,8.43069308179453
2026-08-26,ILI incidence,2026-09-13,4,NO,quantile,0.65,9.122291535823727
2026-08-26,ILI incidence,2026-09-13,4,NO,quantile,0.45,8.727831254410516
2026-08-26,ILI incidence,2026-09-13,4,NO,quantile,0.4,8.63706852075864
2026-08-26,ILI incidence,2026-09-13,4,NO,quantile,0.6,9.018104803160597
2026-08-26,ILI incidence,2026-09-13,4,NO,quantile,0.7,9.240177366240523
2026-08-26,ILI incidence,2026-09-13,4,NO,quantile,0.2,8.213880112232296
2026-08-26,ILI incidence,2026-09-13,4,NO,quantile,0.5,8.823479012385166
2026-08-26,ILI incidence,2026-09-13,4,NO,quantile,0.35,8.5334202393791
2026-08-26,ILI incidence,2026-09-13,4,NO,quantile,0.1,7.909233130912194
2026-08-26,ILI incidence,2026-09-13,4,NO,quantile,0.05,7.652648324945257
2026-08-26,ILI incidence,2026-09-13,4,NO,quantile,0.55,8.924479808382202
2026-08-26,ILI incidence,2026-09-13,4,NO,quantile,0.01,7.247009954739535
2026-08-26,ILI incidence,2026-09-13,4,NO,quantile,0.025,7.442192722684121
2026-08-26,ILI incidence,2026-09-13,4,NO,quantile,0.9,9.879719745223936
2026-08-26,ILI incidence,2026-09-13,4,NO,quantile,0.95,10.21506365202939
2026-08-26,ILI incidence,2026-09-13,4,NO,quantile,0.975,10.496229335081477
2026-08-26,ILI incidence,2026-09-13,4,NO,quantile,0.99,10.866862138694062
2026-08-26,ILI incidence,2026-09-13,4,NO,median,NA,8.823479012385166
2026-08-26,ARI incidence,2026-08-23,1,BE,quantile,0.75,207.9275890675593
2026-08-26,ARI incidence,2026-08-23,1,BE,quantile,0.99,267.15853112662165
2026-08-26,ARI incidence,2026-08-23,1,BE,quantile,0.8,213.35187157450451
2026-08-26,ARI incidence,2026-08-23,1,BE,quantile,0.6,194.8919119985854
2026-08-26,ARI incidence,2026-08-23,1,BE,quantile,0.2,165.7991767822815
2026-08-26,ARI incidence,2026-08-23,1,BE,quantile,0.65,198.83261301455448
2026-08-26,ARI incidence,2026-08-23,1,BE,quantile,0.4,180.81703069081328
2026-08-26,ARI incidence,2026-08-23,1,BE,quantile,0.975,252.5323893767495
2026-08-26,ARI incidence,2026-08-23,1,BE,quantile,0.25,169.95784877812108
2026-08-26,ARI incidence,2026-08-23,1,BE,quantile,0.5,187.6117834068819
2026-08-26,ARI incidence,2026-08-23,1,BE,quantile,0.7,203.05953350841764
2026-08-26,ARI incidence,2026-08-23,1,BE,quantile,0.85,219.3806830460392
2026-08-26,ARI incidence,2026-08-23,1,BE,quantile,0.15,160.89751840363158
2026-08-26,ARI incidence,2026-08-23,1,BE,quantile,0.35,177.30728861329646
2026-08-26,ARI incidence,2026-08-23,1,BE,quantile,0.45,184.34238230887703
2026-08-26,ARI incidence,2026-08-23,1,BE,quantile,0.55,191.4659019461753
2026-08-26,ARI incidence,2026-08-23,1,BE,quantile,0.3,173.8144978276726
2026-08-26,ARI incidence,2026-08-23,1,BE,quantile,0.9,227.51516775913512
2026-08-26,ARI incidence,2026-08-23,1,BE,quantile,0.025,141.2119625487146
2026-08-26,ARI incidence,2026-08-23,1,BE,quantile,0.05,147.56407275035903
2026-08-26,ARI incidence,2026-08-23,1,BE,quantile,0.1,155.62790496533935
2026-08-26,ARI incidence,2026-08-23,1,BE,quantile,0.95,240.9188469282026
2026-08-26,ARI incidence,2026-08-23,1,BE,quantile,0.01,132.79967240325763
2026-08-26,ARI incidence,2026-08-23,1,BE,median,NA,187.6117834068819
2026-08-26,ARI incidence,2026-08-30,2,BE,quantile,0.05,192.809626812519
2026-08-26,ARI incidence,2026-08-30,2,BE,quantile,0.025,186.0067663757318
2026-08-26,ARI incidence,2026-08-30,2,BE,quantile,0.1,202.2839343673317
2026-08-26,ARI incidence,2026-08-30,2,BE,quantile,0.01,177.21443618625858
2026-08-26,ARI incidence,2026-08-30,2,BE,quantile,0.15,208.76887155344815
2026-08-26,ARI incidence,2026-08-30,2,BE,quantile,0.4,230.6284349277953
2026-08-26,ARI incidence,2026-08-30,2,BE,quantile,0.45,234.28635460819515
2026-08-26,ARI incidence,2026-08-30,2,BE,quantile,0.2,213.85314539134757
2026-08-26,ARI incidence,2026-08-30,2,BE,quantile,0.25,218.69997441686488
2026-08-26,ARI incidence,2026-08-30,2,BE,quantile,0.3,222.9327224532195
2026-08-26,ARI incidence,2026-08-30,2,BE,quantile,0.35,226.83456983740265
2026-08-26,ARI incidence,2026-08-30,2,BE,quantile,0.5,238.24180580198828
2026-08-26,ARI incidence,2026-08-30,2,BE,quantile,0.55,241.92357226824885
2026-08-26,ARI incidence,2026-08-30,2,BE,quantile,0.9,279.26978230374493
2026-08-26,ARI incidence,2026-08-30,2,BE,quantile,0.95,292.6572177978588
2026-08-26,ARI incidence,2026-08-30,2,BE,quantile,0.975,304.7053638848659
2026-08-26,ARI incidence,2026-08-30,2,BE,quantile,0.85,271.07160608352973
2026-08-26,ARI incidence,2026-08-30,2,BE,quantile,0.8,264.42691765147987
2026-08-26,ARI incidence,2026-08-30,2,BE,quantile,0.99,318.9582286395382
2026-08-26,ARI incidence,2026-08-30,2,BE,quantile,0.6,245.7208568157648
2026-08-26,ARI incidence,2026-08-30,2,BE,quantile,0.7,253.8015076884573
2026-08-26,ARI incidence,2026-08-30,2,BE,quantile,0.65,249.5570159173064
2026-08-26,ARI incidence,2026-08-30,2,BE,quantile,0.75,258.83260546887095
2026-08-26,ARI incidence,2026-08-30,2,BE,median,NA,238.24180580198828
2026-08-26,ARI incidence,2026-09-06,3,BE,quantile,0.99,258.09521101148346
2026-08-26,ARI incidence,2026-09-06,3,BE,quantile,0.9,243.4692725500783
2026-08-26,ARI incidence,2026-09-06,3,BE,quantile,0.95,248.15000970711552
2026-08-26,ARI incidence,2026-09-06,3,BE,quantile,0.975,252.71204351591865
2026-08-26,ARI incidence,2026-09-06,3,BE,quantile,0.7,233.33706264747295
2026-08-26,ARI incidence,2026-09-06,3,BE,quantile,0.6,229.7257994160869
2026-08-26,ARI incidence,2026-09-06,3,BE,quantile,0.65,231.41963779538207
2026-08-26,ARI incidence,2026-09-06,3,BE,quantile,0.55,228.01748693884588
2026-08-26,ARI incidence,2026-09-06,3,BE,quantile,0.4,223.1390153086828
2026-08-26,ARI incidence,2026-09-06,3,BE,quantile,0.85,240.0678970197984
2026-08-26,ARI incidence,2026-09-06,3,BE,quantile,0.15,213.4938813041732
2026-08-26,ARI incidence,2026-09-06,3,BE,quantile,0.75,235.2428543759803
2026-08-26,ARI incidence,2026-09-06,3,BE,quantile,0.01,198.77435361524425
2026-08-26,ARI incidence,2026-09-06,3,BE,quantile,0.8,237.4217259135865
2026-08-26,ARI incidence,2026-09-06,3,BE,quantile,0.3,219.6491719860583
2026-08-26,ARI incidence,2026-09-06,3,BE,quantile,0.25,217.80289909452785
2026-08-26,ARI incidence,2026-09-06,3,BE,quantile,0.35,221.44599814846072
2026-08-26,ARI incidence,2026-09-06,3,BE,quantile,0.1,210.72288424789645
2026-08-26,ARI incidence,2026-09-06,3,BE,quantile,0.2,215.79113768837772
2026-08-26,ARI incidence,2026-09-06,3,BE,quantile,0.5,226.33113822215196
2026-08-26,ARI incidence,2026-09-06,3,BE,quantile,0.45,224.674044742849
2026-08-26,ARI incidence,2026-09-06,3,BE,quantile,0.05,206.2390459373376
2026-08-26,ARI incidence,2026-09-06,3,BE,quantile,0.025,202.7635486606497
2026-08-26,ARI incidence,2026-09-06,3,BE,median,NA,226.33113822215196
2026-08-26,ARI incidence,2026-09-13,4,BE,quantile,0.7,318.40055403928545
2026-08-26,ARI incidence,2026-09-13,4,BE,quantile,0.75,332.49568722889717
2026-08-26,ARI incidence,2026-09-13,4,BE,quantile,0.85,368.2124926299496
2026-08-26,ARI incidence,2026-09-13,4,BE,quantile,0.9,393.8186090505968
2026-08-26,ARI incidence,2026-09-13,4,BE,quantile,0.4,257.31042310381895
2026-08-26,ARI incidence,2026-09-13,4,BE,quantile,0.45,266.5994354281929
2026-08-26,ARI incidence,2026-09-13,4,BE,quantile,0.5,276.3664056143466
2026-08-26,ARI incidence,2026-09-13,4,BE,quantile,0.55,285.6698435085075
2026-08-26,ARI incidence,2026-09-13,4,BE,quantile,0.65,306.36402305552423
2026-08-26,ARI incidence,2026-09-13,4,BE,quantile,0.6,295.26593911162456
2026-08-26,ARI incidence,2026-09-13,4,BE,quantile,0.8,348.7758625807153
2026-08-26,ARI incidence,2026-09-13,4,BE,quantile,0.35,247.7795955705814
2026-08-26,ARI incidence,2026-09-13,4,BE,quantile,0.99,525.1956711084349
2026-08-26,ARI incidence,2026-09-13,4,BE,quantile,0.01,145.77292029441455
2026-08-26,ARI incidence,2026-09-13,4,BE,quantile,0.3,237.72129114813276
2026-08-26,ARI incidence,2026-09-13,4,BE,quantile,0.25,228.01316112673229
2026-08-26,ARI incidence,2026-09-13,4,BE,quantile,0.15,207.2369577589617
2026-08-26,ARI incidence,2026-09-13,4,BE,quantile,0.2,218.17422926307023
2026-08-26,ARI incidence,2026-09-13,4,BE,quantile,0.025,161.05185223021553
2026-08-26,ARI incidence,2026-09-13,4,BE,quantile,0.95,434.5347429700306
2026-08-26,ARI incidence,2026-09-13,4,BE,quantile,0.975,474.4478389731997
2026-08-26,ARI incidence,2026-09-13,4,BE,quantile,0.1,193.45585068979443
2026-08-26,ARI incidence,2026-09-13,4,BE,quantile,0.05,176.0974236027204
2026-08-26,ARI incidence,2026-09-13,4,BE,median,NA,276.3664056143466
2026-08-26,ARI incidence,2026-08-23,1,BG,quantile,0.9,200.2455368184495
2026-08-26,ARI incidence,2026-08-23,1,BG,quantile,0.85,197.2872309414472
2026-08-26,ARI incidence,2026-08-23,1,BG,quantile,0.99,212.6562881792649
2026-08-26,ARI incidence,2026-08-23,1,BG,quantile,0.975,208.21370902740443
2026-08-26,ARI incidence,2026-08-23,1,BG,quantile,0.95,204.4949469360127
2026-08-26,ARI incidence,2026-08-23,1,BG,quantile,0.8,195.00468700047412
2026-08-26,ARI incidence,2026-08-23,1,BG,quantile,0.55,186.83328968687647
2026-08-26,ARI incidence,2026-08-23,1,BG,quantile,0.5,185.43820331476607
2026-08-26,ARI incidence,2026-08-23,1,BG,quantile,0.75,193.02499797090627
2026-08-26,ARI incidence,2026-08-23,1,BG,quantile,0.4,182.7483827111811
2026-08-26,ARI incidence,2026-08-23,1,BG,quantile,0.01,162.15396872549374
2026-08-26,ARI incidence,2026-08-23,1,BG,quantile,0.05,168.08835214913802
2026-08-26,ARI incidence,2026-08-23,1,BG,quantile,0.6,188.26465353235855
2026-08-26,ARI incidence,2026-08-23,1,BG,quantile,0.7,191.2465014551934
2026-08-26,ARI incidence,2026-08-23,1,BG,quantile,0.025,165.12557343999757
2026-08-26,ARI incidence,2026-08-23,1,BG,quantile,0.35,181.31554254990135
2026-08-26,ARI incidence,2026-08-23,1,BG,quantile,0.45,184.14466479465875
2026-08-26,ARI incidence,2026-08-23,1,BG,quantile,0.65,189.69781796397103
2026-08-26,ARI incidence,2026-08-23,1,BG,quantile,0.1,171.898722558871
2026-08-26,ARI incidence,2026-08-23,1,BG,quantile,0.15,174.37288076712048
2026-08-26,ARI incidence,2026-08-23,1,BG,quantile,0.3,179.66232263794453
2026-08-26,ARI incidence,2026-08-23,1,BG,quantile,0.2,176.27590753061148
2026-08-26,ARI incidence,2026-08-23,1,BG,quantile,0.25,178.06631465506015
2026-08-26,ARI incidence,2026-08-23,1,BG,median,NA,185.43820331476607
2026-08-26,ARI incidence,2026-08-30,2,BG,quantile,0.01,134.60545205371992
2026-08-26,ARI incidence,2026-08-30,2,BG,quantile,0.05,146.64616989799052
2026-08-26,ARI incidence,2026-08-30,2,BG,quantile,0.025,140.5373930010871
2026-08-26,ARI incidence,2026-08-30,2,BG,quantile,0.1,153.65977807378053
2026-08-26,ARI incidence,2026-08-30,2,BG,quantile,0.2,162.22050011930548
2026-08-26,ARI incidence,2026-08-30,2,BG,quantile,0.15,158.22833534840817
2026-08-26,ARI incidence,2026-08-30,2,BG,quantile,0.5,181.52386920575725
2026-08-26,ARI incidence,2026-08-30,2,BG,quantile,0.55,184.6733135936283
2026-08-26,ARI incidence,2026-08-30,2,BG,quantile,0.45,178.4418561555947
2026-08-26,ARI incidence,2026-08-30,2,BG,quantile,0.25,166.23049377721924
2026-08-26,ARI incidence,2026-08-30,2,BG,quantile,0.35,172.57790930475534
2026-08-26,ARI incidence,2026-08-30,2,BG,quantile,0.6,188.0262343283746
2026-08-26,ARI incidence,2026-08-30,2,BG,quantile,0.4,175.64709467305204
2026-08-26,ARI incidence,2026-08-30,2,BG,quantile,0.7,194.83368258999505
2026-08-26,ARI incidence,2026-08-30,2,BG,quantile,0.3,169.6389095083188
2026-08-26,ARI incidence,2026-08-30,2,BG,quantile,0.8,202.47604228702377
2026-08-26,ARI incidence,2026-08-30,2,BG,quantile,0.85,207.35138434941257
2026-08-26,ARI incidence,2026-08-30,2,BG,quantile,0.65,191.20245859652832
2026-08-26,ARI incidence,2026-08-30,2,BG,quantile,0.75,198.3892801698046
2026-08-26,ARI incidence,2026-08-30,2,BG,quantile,0.95,224.15436780089703
2026-08-26,ARI incidence,2026-08-30,2,BG,quantile,0.975,233.5062793724797
2026-08-26,ARI incidence,2026-08-30,2,BG,quantile,0.99,244.6788485681304
2026-08-26,ARI incidence,2026-08-30,2,BG,quantile,0.9,213.67379429056896
2026-08-26,ARI incidence,2026-08-30,2,BG,median,NA,181.52386920575725
2026-08-26,ARI incidence,2026-09-06,3,BG,quantile,0.6,259.5489192595449
2026-08-26,ARI incidence,2026-09-06,3,BG,quantile,0.65,266.93212874109736
2026-08-26,ARI incidence,2026-09-06,3,BG,quantile,0.55,252.74842666138971
2026-08-26,ARI incidence,2026-09-06,3,BG,quantile,0.5,246.36940688051945
2026-08-26,ARI incidence,2026-09-06,3,BG,quantile,0.4,233.96464510741652
2026-08-26,ARI incidence,2026-09-06,3,BG,quantile,0.3,220.92233441313317
2026-08-26,ARI incidence,2026-09-06,3,BG,quantile,0.45,240.18325657614247
2026-08-26,ARI incidence,2026-09-06,3,BG,quantile,0.25,214.58006003591407
2026-08-26,ARI incidence,2026-09-06,3,BG,quantile,0.35,227.74959467115295
2026-08-26,ARI incidence,2026-09-06,3,BG,quantile,0.2,207.0576245969666
2026-08-26,ARI incidence,2026-09-06,3,BG,quantile,0.15,198.39804220270284
2026-08-26,ARI incidence,2026-09-06,3,BG,quantile,0.8,293.1876734934907
2026-08-26,ARI incidence,2026-09-06,3,BG,quantile,0.75,283.2477271733185
2026-08-26,ARI incidence,2026-09-06,3,BG,quantile,0.1,188.486686420494
2026-08-26,ARI incidence,2026-09-06,3,BG,quantile,0.025,162.83364710327842
2026-08-26,ARI incidence,2026-09-06,3,BG,quantile,0.7,274.92975956276996
2026-08-26,ARI incidence,2026-09-06,3,BG,quantile,0.01,151.67162105913943
2026-08-26,ARI incidence,2026-09-06,3,BG,quantile,0.05,174.21750962455235
2026-08-26,ARI incidence,2026-09-06,3,BG,quantile,0.85,305.65001910849975
2026-08-26,ARI incidence,2026-09-06,3,BG,quantile,0.95,345.95424382251304
2026-08-26,ARI incidence,2026-09-06,3,BG,quantile,0.9,322.3443851228562
2026-08-26,ARI incidence,2026-09-06,3,BG,quantile,0.975,370.84661373856983
2026-08-26,ARI incidence,2026-09-06,3,BG,quantile,0.99,399.6978187171337
2026-08-26,ARI incidence,2026-09-06,3,BG,median,NA,246.36940688051945
2026-08-26,ARI incidence,2026-09-13,4,BG,quantile,0.975,227.68395171866263
2026-08-26,ARI incidence,2026-09-13,4,BG,quantile,0.99,236.9523183881711
2026-08-26,ARI incidence,2026-09-13,4,BG,quantile,0.95,218.77786036091948
2026-08-26,ARI incidence,2026-09-13,4,BG,quantile,0.9,210.5818238359068
2026-08-26,ARI incidence,2026-09-13,4,BG,quantile,0.85,204.65926703460272
2026-08-26,ARI incidence,2026-09-13,4,BG,quantile,0.75,196.14983054531385
2026-08-26,ARI incidence,2026-09-13,4,BG,quantile,0.8,200.11443825559095
2026-08-26,ARI incidence,2026-09-13,4,BG,quantile,0.7,192.741621409822
2026-08-26,ARI incidence,2026-09-13,4,BG,quantile,0.5,181.4834975720784
2026-08-26,ARI incidence,2026-09-13,4,BG,quantile,0.65,189.76491563704587
2026-08-26,ARI incidence,2026-09-13,4,BG,quantile,0.6,186.9382522354771
2026-08-26,ARI incidence,2026-09-13,4,BG,quantile,0.45,178.9790137898196
2026-08-26,ARI incidence,2026-09-13,4,BG,quantile,0.55,184.30511675437907
2026-08-26,ARI incidence,2026-09-13,4,BG,quantile,0.4,176.59368542422737
2026-08-26,ARI incidence,2026-09-13,4,BG,quantile,0.35,173.84030432946176
2026-08-26,ARI incidence,2026-09-13,4,BG,quantile,0.3,171.30274178274692
2026-08-26,ARI incidence,2026-09-13,4,BG,quantile,0.25,168.41391321464556
2026-08-26,ARI incidence,2026-09-13,4,BG,quantile,0.15,161.6733107568807
2026-08-26,ARI incidence,2026-09-13,4,BG,quantile,0.01,139.0740451066475
2026-08-26,ARI incidence,2026-09-13,4,BG,quantile,0.1,157.02444254834168
2026-08-26,ARI incidence,2026-09-13,4,BG,quantile,0.05,150.55674290258506
2026-08-26,ARI incidence,2026-09-13,4,BG,quantile,0.2,165.19387968428902
2026-08-26,ARI incidence,2026-09-13,4,BG,quantile,0.025,145.41040595058857
2026-08-26,ARI incidence,2026-09-13,4,BG,median,NA,181.4834975720784
2026-08-26,ARI incidence,2026-08-23,1,DE,quantile,0.1,456.8627479550651
2026-08-26,ARI incidence,2026-08-23,1,DE,quantile,0.05,440.3896489907107
2026-08-26,ARI incidence,2026-08-23,1,DE,quantile,0.2,478.2855925757028
2026-08-26,ARI incidence,2026-08-23,1,DE,quantile,0.025,426.6472635621652
2026-08-26,ARI incidence,2026-08-23,1,DE,quantile,0.15,468.43884114687216
2026-08-26,ARI incidence,2026-08-23,1,DE,quantile,0.3,493.589590110992
2026-08-26,ARI incidence,2026-08-23,1,DE,quantile,0.25,486.3011144205125
2026-08-26,ARI incidence,2026-08-23,1,DE,quantile,0.5,519.6830921818226
2026-08-26,ARI incidence,2026-08-23,1,DE,quantile,0.6,533.6168692283425
2026-08-26,ARI incidence,2026-08-23,1,DE,quantile,0.55,526.1629684204898
2026-08-26,ARI incidence,2026-08-23,1,DE,quantile,0.01,410.77161595807854
2026-08-26,ARI incidence,2026-08-23,1,DE,quantile,0.35,500.8094230136187
2026-08-26,ARI incidence,2026-08-23,1,DE,quantile,0.4,506.95402875512104
2026-08-26,ARI incidence,2026-08-23,1,DE,quantile,0.45,513.0176542388349
2026-08-26,ARI incidence,2026-08-23,1,DE,quantile,0.65,540.0243344843175
2026-08-26,ARI incidence,2026-08-23,1,DE,quantile,0.975,634.3543372806753
2026-08-26,ARI incidence,2026-08-23,1,DE,quantile,0.95,615.3060443563047
2026-08-26,ARI incidence,2026-08-23,1,DE,quantile,0.9,591.9715936622129
2026-08-26,ARI incidence,2026-08-23,1,DE,quantile,0.7,548.2842379634944
2026-08-26,ARI incidence,2026-08-23,1,DE,quantile,0.85,577.4937090254066
2026-08-26,ARI incidence,2026-08-23,1,DE,quantile,0.8,566.5253951032495
2026-08-26,ARI incidence,2026-08-23,1,DE,quantile,0.99,658.4614622114119
2026-08-26,ARI incidence,2026-08-23,1,DE,quantile,0.75,556.7488463172645
2026-08-26,ARI incidence,2026-08-23,1,DE,median,NA,519.6830921818226
2026-08-26,ARI incidence,2026-08-30,2,DE,quantile,0.99,678.8517946559041
2026-08-26,ARI incidence,2026-08-30,2,DE,quantile,0.975,654.1446742247119
2026-08-26,ARI incidence,2026-08-30,2,DE,quantile,0.8,588.9921929748783
2026-08-26,ARI incidence,2026-08-30,2,DE,quantile,0.9,615.4201105656323
2026-08-26,ARI incidence,2026-08-30,2,DE,quantile,0.75,578.7506307388932
2026-08-26,ARI incidence,2026-08-30,2,DE,quantile,0.85,600.3185710064861
2026-08-26,ARI incidence,2026-08-30,2,DE,quantile,0.95,636.4182802601613
2026-08-26,ARI incidence,2026-08-30,2,DE,quantile,0.6,554.4987919765335
2026-08-26,ARI incidence,2026-08-30,2,DE,quantile,0.7,570.6058191612932
2026-08-26,ARI incidence,2026-08-30,2,DE,quantile,0.55,547.9111996008247
2026-08-26,ARI incidence,2026-08-30,2,DE,quantile,0.65,562.581873175684
2026-08-26,ARI incidence,2026-08-30,2,DE,quantile,0.5,541.0606637190187
2026-08-26,ARI incidence,2026-08-30,2,DE,quantile,0.4,528.0702839622916
2026-08-26,ARI incidence,2026-08-30,2,DE,quantile,0.45,534.6070931232275
2026-08-26,ARI incidence,2026-08-30,2,DE,quantile,0.35,520.7259932924793
2026-08-26,ARI incidence,2026-08-30,2,DE,quantile,0.25,506.5132586529724
2026-08-26,ARI incidence,2026-08-30,2,DE,quantile,0.2,498.442493060945
2026-08-26,ARI incidence,2026-08-30,2,DE,quantile,0.3,513.6266677592678
2026-08-26,ARI incidence,2026-08-30,2,DE,quantile,0.15,489.44233949918623
2026-08-26,ARI incidence,2026-08-30,2,DE,quantile,0.1,476.81300921934456
2026-08-26,ARI incidence,2026-08-30,2,DE,quantile,0.05,459.849954060666
2026-08-26,ARI incidence,2026-08-30,2,DE,quantile,0.025,445.7821254261749
2026-08-26,ARI incidence,2026-08-30,2,DE,quantile,0.01,431.78047474060264
2026-08-26,ARI incidence,2026-08-30,2,DE,median,NA,541.0606637190187
2026-08-26,ARI incidence,2026-09-06,3,DE,quantile,0.99,712.8066092459774
2026-08-26,ARI incidence,2026-09-06,3,DE,quantile,0.975,692.2089653950596
2026-08-26,ARI incidence,2026-09-06,3,DE,quantile,0.95,673.5793863053884
2026-08-26,ARI incidence,2026-09-06,3,DE,quantile,0.9,652.8335119247972
2026-08-26,ARI incidence,2026-09-06,3,DE,quantile,0.85,639.3697111677277
2026-08-26,ARI incidence,2026-09-06,3,DE,quantile,0.1,524.7982496137868
2026-08-26,ARI incidence,2026-09-06,3,DE,quantile,0.15,535.6242298840054
2026-08-26,ARI incidence,2026-09-06,3,DE,quantile,0.45,578.8840451583976
2026-08-26,ARI incidence,2026-09-06,3,DE,quantile,0.05,509.26979228126913
2026-08-26,ARI incidence,2026-09-06,3,DE,quantile,0.8,628.7892749202043
2026-08-26,ARI incidence,2026-09-06,3,DE,quantile,0.75,620.0521063138357
2026-08-26,ARI incidence,2026-09-06,3,DE,quantile,0.3,559.4095964549012
2026-08-26,ARI incidence,2026-09-06,3,DE,quantile,0.35,566.3571853886747
2026-08-26,ARI incidence,2026-09-06,3,DE,quantile,0.25,552.1167369340719
2026-08-26,ARI incidence,2026-09-06,3,DE,quantile,0.6,598.3015867172476
2026-08-26,ARI incidence,2026-09-06,3,DE,quantile,0.7,612.1308740430267
2026-08-26,ARI incidence,2026-09-06,3,DE,quantile,0.5,585.0358151377357
2026-08-26,ARI incidence,2026-09-06,3,DE,quantile,0.55,591.7687942055453
2026-08-26,ARI incidence,2026-09-06,3,DE,quantile,0.025,495.0068822540147
2026-08-26,ARI incidence,2026-09-06,3,DE,quantile,0.2,544.5174054158795
2026-08-26,ARI incidence,2026-09-06,3,DE,quantile,0.4,572.376540465157
2026-08-26,ARI incidence,2026-09-06,3,DE,quantile,0.01,479.4147845113523
2026-08-26,ARI incidence,2026-09-06,3,DE,quantile,0.65,604.6910555957436
2026-08-26,ARI incidence,2026-09-06,3,DE,median,NA,585.0358151377357
2026-08-26,ARI incidence,2026-09-13,4,DE,quantile,0.75,639.324098469415
2026-08-26,ARI incidence,2026-09-13,4,DE,quantile,0.8,650.0579649096289
2026-08-26,ARI incidence,2026-09-13,4,DE,quantile,0.7,631.8044973840165
2026-08-26,ARI incidence,2026-09-13,4,DE,quantile,0.65,624.1837858919407
2026-08-26,ARI incidence,2026-09-13,4,DE,quantile,0.85,661.5595239634044
2026-08-26,ARI incidence,2026-09-13,4,DE,quantile,0.9,674.940876561782
2026-08-26,ARI incidence,2026-09-13,4,DE,quantile,0.01,494.4010824459951
2026-08-26,ARI incidence,2026-09-13,4,DE,quantile,0.025,511.4391256668726
2026-08-26,ARI incidence,2026-09-13,4,DE,quantile,0.05,525.0532084227383
2026-08-26,ARI incidence,2026-09-13,4,DE,quantile,0.6,617.381405440113
2026-08-26,ARI incidence,2026-09-13,4,DE,quantile,0.99,734.9026721248626
2026-08-26,ARI incidence,2026-09-13,4,DE,quantile,0.1,541.3309986242333
2026-08-26,ARI incidence,2026-09-13,4,DE,quantile,0.2,561.4511303731352
2026-08-26,ARI incidence,2026-09-13,4,DE,quantile,0.975,715.112592163664
2026-08-26,ARI incidence,2026-09-13,4,DE,quantile,0.15,552.0665147028154
2026-08-26,ARI incidence,2026-09-13,4,DE,quantile,0.95,697.4341035100662
2026-08-26,ARI incidence,2026-09-13,4,DE,quantile,0.25,570.1504804933293
2026-08-26,ARI incidence,2026-09-13,4,DE,quantile,0.3,577.8818796999958
2026-08-26,ARI incidence,2026-09-13,4,DE,quantile,0.5,603.5546075719236
2026-08-26,ARI incidence,2026-09-13,4,DE,quantile,0.55,610.1677579533268
2026-08-26,ARI incidence,2026-09-13,4,DE,quantile,0.35,584.5276861910527
2026-08-26,ARI incidence,2026-09-13,4,DE,quantile,0.45,597.1786664613778
2026-08-26,ARI incidence,2026-09-13,4,DE,quantile,0.4,590.9202022209207
2026-08-26,ARI incidence,2026-09-13,4,DE,median,NA,603.5546075719236
2026-08-26,ARI incidence,2026-08-23,1,EE,quantile,0.15,22.15962140773569
2026-08-26,ARI incidence,2026-08-23,1,EE,quantile,0.2,26.022892988871
2026-08-26,ARI incidence,2026-08-23,1,EE,quantile,0.1,18.168629507981695
2026-08-26,ARI incidence,2026-08-23,1,EE,quantile,0.25,30.057836638976926
2026-08-26,ARI incidence,2026-08-23,1,EE,quantile,0.05,13.367129519685513
2026-08-26,ARI incidence,2026-08-23,1,EE,quantile,0.01,7.633798530126089
2026-08-26,ARI incidence,2026-08-23,1,EE,quantile,0.025,10.277906557420511
2026-08-26,ARI incidence,2026-08-23,1,EE,quantile,0.75,95.12723608841694
2026-08-26,ARI incidence,2026-08-23,1,EE,quantile,0.3,33.94138262946527
2026-08-26,ARI incidence,2026-08-23,1,EE,quantile,0.8,109.7370258033887
2026-08-26,ARI incidence,2026-08-23,1,EE,quantile,0.99,379.1155125180412
2026-08-26,ARI incidence,2026-08-23,1,EE,quantile,0.65,74.02862911766056
2026-08-26,ARI incidence,2026-08-23,1,EE,quantile,0.975,280.5808366501691
2026-08-26,ARI incidence,2026-08-23,1,EE,quantile,0.55,59.568121676946106
2026-08-26,ARI incidence,2026-08-23,1,EE,quantile,0.6,66.71136402598155
2026-08-26,ARI incidence,2026-08-23,1,EE,quantile,0.85,128.39400798526736
2026-08-26,ARI incidence,2026-08-23,1,EE,quantile,0.9,156.89896244268564
2026-08-26,ARI incidence,2026-08-23,1,EE,quantile,0.35,38.67115456359477
2026-08-26,ARI incidence,2026-08-23,1,EE,quantile,0.4,43.26939925827687
2026-08-26,ARI incidence,2026-08-23,1,EE,quantile,0.95,216.39819163165677
2026-08-26,ARI incidence,2026-08-23,1,EE,quantile,0.45,47.98936624743271
2026-08-26,ARI incidence,2026-08-23,1,EE,quantile,0.5,53.52235778155915
2026-08-26,ARI incidence,2026-08-23,1,EE,quantile,0.7,83.9115895325998
2026-08-26,ARI incidence,2026-08-23,1,EE,median,NA,53.52235778155915
2026-08-26,ARI incidence,2026-08-30,2,EE,quantile,0.025,20.69363673551236
2026-08-26,ARI incidence,2026-08-30,2,EE,quantile,0.01,14.546462196097837
2026-08-26,ARI incidence,2026-08-30,2,EE,quantile,0.05,27.43860830116119
2026-08-26,ARI incidence,2026-08-30,2,EE,quantile,0.2,60.15196972105941
2026-08-26,ARI incidence,2026-08-30,2,EE,quantile,0.25,71.64350622139703
2026-08-26,ARI incidence,2026-08-30,2,EE,quantile,0.1,39.13411846269867
2026-08-26,ARI incidence,2026-08-30,2,EE,quantile,0.3,82.69393589136449
2026-08-26,ARI incidence,2026-08-30,2,EE,quantile,0.35,95.20742708524593
2026-08-26,ARI incidence,2026-08-30,2,EE,quantile,0.4,109.0408054754476
2026-08-26,ARI incidence,2026-08-30,2,EE,quantile,0.45,123.79959606007644
2026-08-26,ARI incidence,2026-08-30,2,EE,quantile,0.95,705.6151165634565
2026-08-26,ARI incidence,2026-08-30,2,EE,quantile,0.975,996.8138733977568
2026-08-26,ARI incidence,2026-08-30,2,EE,quantile,0.65,206.06232379745344
2026-08-26,ARI incidence,2026-08-30,2,EE,quantile,0.15,50.039643951302544
2026-08-26,ARI incidence,2026-08-30,2,EE,quantile,0.55,158.75205615977774
2026-08-26,ARI incidence,2026-08-30,2,EE,quantile,0.6,179.93282653392816
2026-08-26,ARI incidence,2026-08-30,2,EE,quantile,0.75,277.2399015009235
2026-08-26,ARI incidence,2026-08-30,2,EE,quantile,0.7,237.9419348625048
2026-08-26,ARI incidence,2026-08-30,2,EE,quantile,0.9,500.0568981834798
2026-08-26,ARI incidence,2026-08-30,2,EE,quantile,0.5,140.4403633212142
2026-08-26,ARI incidence,2026-08-30,2,EE,quantile,0.99,1466.6733866717657
2026-08-26,ARI incidence,2026-08-30,2,EE,quantile,0.8,330.56788526591504
2026-08-26,ARI incidence,2026-08-30,2,EE,quantile,0.85,398.8555543762451
2026-08-26,ARI incidence,2026-08-30,2,EE,median,NA,140.4403633212142
2026-08-26,ARI incidence,2026-09-06,3,EE,quantile,0.2,84.33338524373767
2026-08-26,ARI incidence,2026-09-06,3,EE,quantile,0.15,80.62782144146222
2026-08-26,ARI incidence,2026-09-06,3,EE,quantile,0.25,87.39093090119641
2026-08-26,ARI incidence,2026-09-06,3,EE,quantile,0.3,90.69304238356132
2026-08-26,ARI incidence,2026-09-06,3,EE,quantile,0.1,76.10100649601013
2026-08-26,ARI incidence,2026-09-06,3,EE,quantile,0.4,96.49807319257894
2026-08-26,ARI incidence,2026-09-06,3,EE,quantile,0.05,70.07782026285096
2026-08-26,ARI incidence,2026-09-06,3,EE,quantile,0.35,93.54659368183232
2026-08-26,ARI incidence,2026-09-06,3,EE,quantile,0.45,99.53612573544171
2026-08-26,ARI incidence,2026-09-06,3,EE,quantile,0.01,59.408298558846326
2026-08-26,ARI incidence,2026-09-06,3,EE,quantile,0.025,65.23139550959814
2026-08-26,ARI incidence,2026-09-06,3,EE,quantile,0.5,102.46361156210683
2026-08-26,ARI incidence,2026-09-06,3,EE,quantile,0.65,112.36068947638162
2026-08-26,ARI incidence,2026-09-06,3,EE,quantile,0.7,116.1498876028698
2026-08-26,ARI incidence,2026-09-06,3,EE,quantile,0.975,162.09433875489196
2026-08-26,ARI incidence,2026-09-06,3,EE,quantile,0.95,150.81231239581948
2026-08-26,ARI incidence,2026-09-06,3,EE,quantile,0.75,120.11128897258487
2026-08-26,ARI incidence,2026-09-06,3,EE,quantile,0.8,124.78193154636529
2026-08-26,ARI incidence,2026-09-06,3,EE,quantile,0.6,109.04268628535311
2026-08-26,ARI incidence,2026-09-06,3,EE,quantile,0.85,130.47623753075496
2026-08-26,ARI incidence,2026-09-06,3,EE,quantile,0.9,138.35377748020048
2026-08-26,ARI incidence,2026-09-06,3,EE,quantile,0.55,105.79458833654948
2026-08-26,ARI incidence,2026-09-06,3,EE,quantile,0.99,176.87689087433208
2026-08-26,ARI incidence,2026-09-06,3,EE,median,NA,102.46361156210683
2026-08-26,ARI incidence,2026-09-13,4,EE,quantile,0.85,108.6312388431615
2026-08-26,ARI incidence,2026-09-13,4,EE,quantile,0.8,105.6679914631126
2026-08-26,ARI incidence,2026-09-13,4,EE,quantile,0.75,103.18314259695724
2026-08-26,ARI incidence,2026-09-13,4,EE,quantile,0.99,130.11688052760528
2026-08-26,ARI incidence,2026-09-13,4,EE,quantile,0.9,112.33046394981132
2026-08-26,ARI incidence,2026-09-13,4,EE,quantile,0.95,118.10877984166488
2026-08-26,ARI incidence,2026-09-13,4,EE,quantile,0.975,123.1591933894632
2026-08-26,ARI incidence,2026-09-13,4,EE,quantile,0.7,101.07712915314396
2026-08-26,ARI incidence,2026-09-13,4,EE,quantile,0.6,97.48444982651948
2026-08-26,ARI incidence,2026-09-13,4,EE,quantile,0.5,94.4990342410728
2026-08-26,ARI incidence,2026-09-13,4,EE,quantile,0.65,99.2559041247586
2026-08-26,ARI incidence,2026-09-13,4,EE,quantile,0.45,92.98506387484836
2026-08-26,ARI incidence,2026-09-13,4,EE,quantile,0.55,95.96536088049214
2026-08-26,ARI incidence,2026-09-13,4,EE,quantile,0.4,91.40993108358204
2026-08-26,ARI incidence,2026-09-13,4,EE,quantile,0.15,82.11164718469611
2026-08-26,ARI incidence,2026-09-13,4,EE,quantile,0.3,88.19118912165739
2026-08-26,ARI incidence,2026-09-13,4,EE,quantile,0.35,89.88299920742298
2026-08-26,ARI incidence,2026-09-13,4,EE,quantile,0.1,79.51264792545062
2026-08-26,ARI incidence,2026-09-13,4,EE,quantile,0.2,84.32431034582906
2026-08-26,ARI incidence,2026-09-13,4,EE,quantile,0.25,86.49514350212146
2026-08-26,ARI incidence,2026-09-13,4,EE,quantile,0.05,75.46422975349351
2026-08-26,ARI incidence,2026-09-13,4,EE,quantile,0.01,68.95686238119438
2026-08-26,ARI incidence,2026-09-13,4,EE,quantile,0.025,72.30589776138422
2026-08-26,ARI incidence,2026-09-13,4,EE,median,NA,94.4990342410728
2026-08-26,ARI incidence,2026-08-23,1,ES,quantile,0.2,200.19091159990015
2026-08-26,ARI incidence,2026-08-23,1,ES,quantile,0.3,202.46401246054836
2026-08-26,ARI incidence,2026-08-23,1,ES,quantile,0.15,198.84986208923897
2026-08-26,ARI incidence,2026-08-23,1,ES,quantile,0.25,201.35533502368187
2026-08-26,ARI incidence,2026-08-23,1,ES,quantile,0.1,197.15230007903492
2026-08-26,ARI incidence,2026-08-23,1,ES,quantile,0.025,192.2682126895513
2026-08-26,ARI incidence,2026-08-23,1,ES,quantile,0.05,194.4354647570108
2026-08-26,ARI incidence,2026-08-23,1,ES,quantile,0.01,189.8406032593704
2026-08-26,ARI incidence,2026-08-23,1,ES,quantile,0.6,208.085728774887
2026-08-26,ARI incidence,2026-08-23,1,ES,quantile,0.35,203.44994326223895
2026-08-26,ARI incidence,2026-08-23,1,ES,quantile,0.4,204.4038548698745
2026-08-26,ARI incidence,2026-08-23,1,ES,quantile,0.45,205.33635980019864
2026-08-26,ARI incidence,2026-08-23,1,ES,quantile,0.5,206.2134426965104
2026-08-26,ARI incidence,2026-08-23,1,ES,quantile,0.55,207.1483193168001
2026-08-26,ARI incidence,2026-08-23,1,ES,quantile,0.65,209.0700388840059
2026-08-26,ARI incidence,2026-08-23,1,ES,quantile,0.99,223.7596141196681
2026-08-26,ARI incidence,2026-08-23,1,ES,quantile,0.975,220.99419888261679
2026-08-26,ARI incidence,2026-08-23,1,ES,quantile,0.9,215.8229600296473
2026-08-26,ARI incidence,2026-08-23,1,ES,quantile,0.95,218.5188763532712
2026-08-26,ARI incidence,2026-08-23,1,ES,quantile,0.7,210.11732851307107
2026-08-26,ARI incidence,2026-08-23,1,ES,quantile,0.85,213.9817542946191
2026-08-26,ARI incidence,2026-08-23,1,ES,quantile,0.8,212.45282787249295
2026-08-26,ARI incidence,2026-08-23,1,ES,quantile,0.75,211.2113591633975
2026-08-26,ARI incidence,2026-08-23,1,ES,median,NA,206.2134426965104
2026-08-26,ARI incidence,2026-08-30,2,ES,quantile,0.99,277.1503868164979
2026-08-26,ARI incidence,2026-08-30,2,ES,quantile,0.75,223.06808953436467
2026-08-26,ARI incidence,2026-08-30,2,ES,quantile,0.975,264.68789638038714
2026-08-26,ARI incidence,2026-08-30,2,ES,quantile,0.7,218.81979352847537
2026-08-26,ARI incidence,2026-08-30,2,ES,quantile,0.8,227.98386171451364
2026-08-26,ARI incidence,2026-08-30,2,ES,quantile,0.9,242.2227582394259
2026-08-26,ARI incidence,2026-08-30,2,ES,quantile,0.85,234.44390278710335
2026-08-26,ARI incidence,2026-08-30,2,ES,quantile,0.95,254.2456021185452
2026-08-26,ARI incidence,2026-08-30,2,ES,quantile,0.35,193.84680720865433
2026-08-26,ARI incidence,2026-08-30,2,ES,quantile,0.4,197.33946178946633
2026-08-26,ARI incidence,2026-08-30,2,ES,quantile,0.3,190.3807696060865
2026-08-26,ARI incidence,2026-08-30,2,ES,quantile,0.5,204.18230425850177
2026-08-26,ARI incidence,2026-08-30,2,ES,quantile,0.2,182.6455052463187
2026-08-26,ARI incidence,2026-08-30,2,ES,quantile,0.25,186.88109307857889
2026-08-26,ARI incidence,2026-08-30,2,ES,quantile,0.45,200.5947246711544
2026-08-26,ARI incidence,2026-08-30,2,ES,quantile,0.55,207.5002901232778
2026-08-26,ARI incidence,2026-08-30,2,ES,quantile,0.1,172.0995199474933
2026-08-26,ARI incidence,2026-08-30,2,ES,quantile,0.15,178.0995856348601
2026-08-26,ARI incidence,2026-08-30,2,ES,quantile,0.05,164.12697469464476
2026-08-26,ARI incidence,2026-08-30,2,ES,quantile,0.6,210.9574175964402
2026-08-26,ARI incidence,2026-08-30,2,ES,quantile,0.01,149.82478490434443
2026-08-26,ARI incidence,2026-08-30,2,ES,quantile,0.65,214.88173516472767
2026-08-26,ARI incidence,2026-08-30,2,ES,quantile,0.025,157.23199034829054
2026-08-26,ARI incidence,2026-08-30,2,ES,median,NA,204.18230425850177
2026-08-26,ARI incidence,2026-09-06,3,ES,quantile,0.15,180.25284816701347
2026-08-26,ARI incidence,2026-09-06,3,ES,quantile,0.3,197.7123790147471
2026-08-26,ARI incidence,2026-09-06,3,ES,quantile,0.1,172.66331738968867
2026-08-26,ARI incidence,2026-09-06,3,ES,quantile,0.2,187.1440959033841
2026-08-26,ARI incidence,2026-09-06,3,ES,quantile,0.25,192.5025230753045
2026-08-26,ARI incidence,2026-09-06,3,ES,quantile,0.35,202.3108144790347
2026-08-26,ARI incidence,2026-09-06,3,ES,quantile,0.05,162.30711069187342
2026-08-26,ARI incidence,2026-09-06,3,ES,quantile,0.025,152.7225332488894
2026-08-26,ARI incidence,2026-09-06,3,ES,quantile,0.4,207.39601535051028
2026-08-26,ARI incidence,2026-09-06,3,ES,quantile,0.45,211.6153244345861
2026-08-26,ARI incidence,2026-09-06,3,ES,quantile,0.55,220.5653247286196
2026-08-26,ARI incidence,2026-09-06,3,ES,quantile,0.5,216.1132236194115
2026-08-26,ARI incidence,2026-09-06,3,ES,quantile,0.6,225.14366083727327
2026-08-26,ARI incidence,2026-09-06,3,ES,quantile,0.65,230.35021861149585
2026-08-26,ARI incidence,2026-09-06,3,ES,quantile,0.7,235.79259894216483
2026-08-26,ARI incidence,2026-09-06,3,ES,quantile,0.75,241.80384532757955
2026-08-26,ARI incidence,2026-09-06,3,ES,quantile,0.8,248.86578877354185
2026-08-26,ARI incidence,2026-09-06,3,ES,quantile,0.85,257.5459277720059
2026-08-26,ARI incidence,2026-09-06,3,ES,quantile,0.9,268.1156478516351
2026-08-26,ARI incidence,2026-09-06,3,ES,quantile,0.95,284.6880795530582
2026-08-26,ARI incidence,2026-09-06,3,ES,quantile,0.975,302.63339812190276
2026-08-26,ARI incidence,2026-09-06,3,ES,quantile,0.99,322.33415405006605
2026-08-26,ARI incidence,2026-09-06,3,ES,quantile,0.01,144.0421119628502
2026-08-26,ARI incidence,2026-09-06,3,ES,median,NA,216.1132236194115
2026-08-26,ARI incidence,2026-09-13,4,ES,quantile,0.025,181.2372014802008
2026-08-26,ARI incidence,2026-09-13,4,ES,quantile,0.01,175.95094304964775
2026-08-26,ARI incidence,2026-09-13,4,ES,quantile,0.05,185.9961879159432
2026-08-26,ARI incidence,2026-09-13,4,ES,quantile,0.1,191.4054384101227
2026-08-26,ARI incidence,2026-09-13,4,ES,quantile,0.6,216.56604418484477
2026-08-26,ARI incidence,2026-09-13,4,ES,quantile,0.35,205.62221967296549
2026-08-26,ARI incidence,2026-09-13,4,ES,quantile,0.55,214.3259874240841
2026-08-26,ARI incidence,2026-09-13,4,ES,quantile,0.4,207.77383602304633
2026-08-26,ARI incidence,2026-09-13,4,ES,quantile,0.45,210.01766454015495
2026-08-26,ARI incidence,2026-09-13,4,ES,quantile,0.5,212.19287991677103
2026-08-26,ARI incidence,2026-09-13,4,ES,quantile,0.2,198.4306182966563
2026-08-26,ARI incidence,2026-09-13,4,ES,quantile,0.15,195.0695554697329
2026-08-26,ARI incidence,2026-09-13,4,ES,quantile,0.25,200.99646335502436
2026-08-26,ARI incidence,2026-09-13,4,ES,quantile,0.3,203.4727855638237
2026-08-26,ARI incidence,2026-09-13,4,ES,quantile,0.65,218.86845019621
2026-08-26,ARI incidence,2026-09-13,4,ES,quantile,0.99,256.5887081357681
2026-08-26,ARI incidence,2026-09-13,4,ES,quantile,0.7,221.34847304038456
2026-08-26,ARI incidence,2026-09-13,4,ES,quantile,0.75,224.00642763939703
2026-08-26,ARI incidence,2026-09-13,4,ES,quantile,0.8,227.05894595075753
2026-08-26,ARI incidence,2026-09-13,4,ES,quantile,0.85,230.42308090123856
2026-08-26,ARI incidence,2026-09-13,4,ES,quantile,0.9,235.17505880841625
2026-08-26,ARI incidence,2026-09-13,4,ES,quantile,0.95,242.8901981305576
2026-08-26,ARI incidence,2026-09-13,4,ES,quantile,0.975,248.502619989585
2026-08-26,ARI incidence,2026-09-13,4,ES,median,NA,212.19287991677103
2026-08-26,ARI incidence,2026-08-23,1,FI,quantile,0.975,2006.6351467842253
2026-08-26,ARI incidence,2026-08-23,1,FI,quantile,0.95,1933.0379714526523
2026-08-26,ARI incidence,2026-08-23,1,FI,quantile,0.99,2082.817485917793
2026-08-26,ARI incidence,2026-08-23,1,FI,quantile,0.55,1659.6583796506145
2026-08-26,ARI incidence,2026-08-23,1,FI,quantile,0.6,1680.5967624916254
2026-08-26,ARI incidence,2026-08-23,1,FI,quantile,0.9,1868.0233782506784
2026-08-26,ARI incidence,2026-08-23,1,FI,quantile,0.75,1753.1483345529562
2026-08-26,ARI incidence,2026-08-23,1,FI,quantile,0.85,1822.1919000563732
2026-08-26,ARI incidence,2026-08-23,1,FI,quantile,0.45,1618.0812365354468
2026-08-26,ARI incidence,2026-08-23,1,FI,quantile,0.8,1783.007096006228
2026-08-26,ARI incidence,2026-08-23,1,FI,quantile,0.3,1556.3168748799778
2026-08-26,ARI incidence,2026-08-23,1,FI,quantile,0.65,1703.5735595695787
2026-08-26,ARI incidence,2026-08-23,1,FI,quantile,0.7,1726.406517462456
2026-08-26,ARI incidence,2026-08-23,1,FI,quantile,0.5,1639.0075740659142
2026-08-26,ARI incidence,2026-08-23,1,FI,quantile,0.25,1533.2594969356264
2026-08-26,ARI incidence,2026-08-23,1,FI,quantile,0.35,1577.710580706461
2026-08-26,ARI incidence,2026-08-23,1,FI,quantile,0.01,1297.2765434511084
2026-08-26,ARI incidence,2026-08-23,1,FI,quantile,0.2,1508.0630739108851
2026-08-26,ARI incidence,2026-08-23,1,FI,quantile,0.4,1598.4773511055246
2026-08-26,ARI incidence,2026-08-23,1,FI,quantile,0.025,1348.403083800859
2026-08-26,ARI incidence,2026-08-23,1,FI,quantile,0.05,1392.9364831294956
2026-08-26,ARI incidence,2026-08-23,1,FI,quantile,0.1,1445.0243789101855
2026-08-26,ARI incidence,2026-08-23,1,FI,quantile,0.15,1478.455125792295
2026-08-26,ARI incidence,2026-08-23,1,FI,median,NA,1639.0075740659142
2026-08-26,ARI incidence,2026-08-30,2,FI,quantile,0.5,1622.6348437606098
2026-08-26,ARI incidence,2026-08-30,2,FI,quantile,0.55,1639.1985192300697
2026-08-26,ARI incidence,2026-08-30,2,FI,quantile,0.025,1373.7368420059254
2026-08-26,ARI incidence,2026-08-30,2,FI,quantile,0.01,1335.4606019327714
2026-08-26,ARI incidence,2026-08-30,2,FI,quantile,0.35,1569.9742709965135
2026-08-26,ARI incidence,2026-08-30,2,FI,quantile,0.45,1605.4779805615565
2026-08-26,ARI incidence,2026-08-30,2,FI,quantile,0.4,1589.231355149304
2026-08-26,ARI incidence,2026-08-30,2,FI,quantile,0.05,1414.3896894111338
2026-08-26,ARI incidence,2026-08-30,2,FI,quantile,0.6,1656.879424914856
2026-08-26,ARI incidence,2026-08-30,2,FI,quantile,0.2,1511.264487998188
2026-08-26,ARI incidence,2026-08-30,2,FI,quantile,0.1,1457.772653148833
2026-08-26,ARI incidence,2026-08-30,2,FI,quantile,0.25,1533.5491904067228
2026-08-26,ARI incidence,2026-08-30,2,FI,quantile,0.15,1486.6314457896628
2026-08-26,ARI incidence,2026-08-30,2,FI,quantile,0.65,1675.5192291926624
2026-08-26,ARI incidence,2026-08-30,2,FI,quantile,0.3,1552.0758892817512
2026-08-26,ARI incidence,2026-08-30,2,FI,quantile,0.975,1910.6550454064077
2026-08-26,ARI incidence,2026-08-30,2,FI,quantile,0.99,1968.313731954213
2026-08-26,ARI incidence,2026-08-30,2,FI,quantile,0.9,1803.6683017662256
2026-08-26,ARI incidence,2026-08-30,2,FI,quantile,0.95,1860.8209015822172
2026-08-26,ARI incidence,2026-08-30,2,FI,quantile,0.7,1693.5922467794524
2026-08-26,ARI incidence,2026-08-30,2,FI,quantile,0.75,1714.9366511941057
2026-08-26,ARI incidence,2026-08-30,2,FI,quantile,0.85,1767.449707315683
2026-08-26,ARI incidence,2026-08-30,2,FI,quantile,0.8,1738.736749842792
2026-08-26,ARI incidence,2026-08-30,2,FI,median,NA,1622.6348437606098
2026-08-26,ARI incidence,2026-09-06,3,FI,quantile,0.9,1737.1210405666754
2026-08-26,ARI incidence,2026-09-06,3,FI,quantile,0.99,1871.86233135784
2026-08-26,ARI incidence,2026-09-06,3,FI,quantile,0.975,1821.832968916783
2026-08-26,ARI incidence,2026-09-06,3,FI,quantile,0.95,1782.8862699769516
2026-08-26,ARI incidence,2026-09-06,3,FI,quantile,0.65,1633.295682752821
2026-08-26,ARI incidence,2026-09-06,3,FI,quantile,0.7,1647.726683863023
2026-08-26,ARI incidence,2026-09-06,3,FI,quantile,0.8,1686.0865147778372
2026-08-26,ARI incidence,2026-09-06,3,FI,quantile,0.85,1709.986178072889
2026-08-26,ARI incidence,2026-09-06,3,FI,quantile,0.1,1456.3097589644335
2026-08-26,ARI incidence,2026-09-06,3,FI,quantile,0.75,1665.543358651602
2026-08-26,ARI incidence,2026-09-06,3,FI,quantile,0.05,1421.062911666898
2026-08-26,ARI incidence,2026-09-06,3,FI,quantile,0.025,1388.1287774422367
2026-08-26,ARI incidence,2026-09-06,3,FI,quantile,0.15,1482.2663112384953
2026-08-26,ARI incidence,2026-09-06,3,FI,quantile,0.2,1503.2906662275414
2026-08-26,ARI incidence,2026-09-06,3,FI,quantile,0.25,1520.1604565631674
2026-08-26,ARI incidence,2026-09-06,3,FI,quantile,0.3,1536.6109494019518
2026-08-26,ARI incidence,2026-09-06,3,FI,quantile,0.35,1551.2855360241144
2026-08-26,ARI incidence,2026-09-06,3,FI,quantile,0.6,1618.972599844623
2026-08-26,ARI incidence,2026-09-06,3,FI,quantile,0.45,1578.998790318133
2026-08-26,ARI incidence,2026-09-06,3,FI,quantile,0.5,1593.48643635362
2026-08-26,ARI incidence,2026-09-06,3,FI,quantile,0.4,1565.433762069062
2026-08-26,ARI incidence,2026-09-06,3,FI,quantile,0.55,1605.6987055173074
2026-08-26,ARI incidence,2026-09-06,3,FI,quantile,0.01,1353.035061103587
2026-08-26,ARI incidence,2026-09-06,3,FI,median,NA,1593.48643635362
2026-08-26,ARI incidence,2026-09-13,4,FI,quantile,0.99,1955.630380356576
2026-08-26,ARI incidence,2026-09-13,4,FI,quantile,0.975,1919.766087804058
2026-08-26,ARI incidence,2026-09-13,4,FI,quantile,0.95,1885.0496846943408
2026-08-26,ARI incidence,2026-09-13,4,FI,quantile,0.9,1846.269279900087
2026-08-26,ARI incidence,2026-09-13,4,FI,quantile,0.85,1818.7732923388849
2026-08-26,ARI incidence,2026-09-13,4,FI,quantile,0.8,1798.9183135455785
2026-08-26,ARI incidence,2026-09-13,4,FI,quantile,0.7,1767.0545425554396
2026-08-26,ARI incidence,2026-09-13,4,FI,quantile,0.75,1781.7225023051506
2026-08-26,ARI incidence,2026-09-13,4,FI,quantile,0.35,1678.340459841629
2026-08-26,ARI incidence,2026-09-13,4,FI,quantile,0.4,1691.4516542213605
2026-08-26,ARI incidence,2026-09-13,4,FI,quantile,0.45,1703.4086087914586
2026-08-26,ARI incidence,2026-09-13,4,FI,quantile,0.2,1633.8375481172186
2026-08-26,ARI incidence,2026-09-13,4,FI,quantile,0.25,1649.4515105578653
2026-08-26,ARI incidence,2026-09-13,4,FI,quantile,0.65,1753.6046202508903
2026-08-26,ARI incidence,2026-09-13,4,FI,quantile,0.05,1561.342824630916
2026-08-26,ARI incidence,2026-09-13,4,FI,quantile,0.5,1715.910628920188
2026-08-26,ARI incidence,2026-09-13,4,FI,quantile,0.01,1502.56729146688
2026-08-26,ARI incidence,2026-09-13,4,FI,quantile,0.1,1593.8593370841484
2026-08-26,ARI incidence,2026-09-13,4,FI,quantile,0.55,1728.8132467640023
2026-08-26,ARI incidence,2026-09-13,4,FI,quantile,0.6,1740.183725668423
2026-08-26,ARI incidence,2026-09-13,4,FI,quantile,0.15,1616.3535949335164
2026-08-26,ARI incidence,2026-09-13,4,FI,quantile,0.3,1664.2511977676545
2026-08-26,ARI incidence,2026-09-13,4,FI,quantile,0.025,1532.1319961176384
2026-08-26,ARI incidence,2026-09-13,4,FI,median,NA,1715.910628920188
2026-08-26,ARI incidence,2026-08-23,1,GB-ENG,quantile,0.975,194.7379985454349
2026-08-26,ARI incidence,2026-08-23,1,GB-ENG,quantile,0.025,126.29661001211804
2026-08-26,ARI incidence,2026-08-23,1,GB-ENG,quantile,0.05,130.94695672056935
2026-08-26,ARI incidence,2026-08-23,1,GB-ENG,quantile,0.95,187.9781493622665
2026-08-26,ARI incidence,2026-08-23,1,GB-ENG,quantile,0.99,201.09344186440063
2026-08-26,ARI incidence,2026-08-23,1,GB-ENG,quantile,0.01,121.28037371297351
2026-08-26,ARI incidence,2026-08-23,1,GB-ENG,quantile,0.75,168.5827845197793
2026-08-26,ARI incidence,2026-08-23,1,GB-ENG,quantile,0.8,171.64496175357905
2026-08-26,ARI incidence,2026-08-23,1,GB-ENG,quantile,0.35,150.27630781606294
2026-08-26,ARI incidence,2026-08-23,1,GB-ENG,quantile,0.7,165.8018826881966
2026-08-26,ARI incidence,2026-08-23,1,GB-ENG,quantile,0.85,175.3353248430217
2026-08-26,ARI incidence,2026-08-23,1,GB-ENG,quantile,0.9,180.16704478988729
2026-08-26,ARI incidence,2026-08-23,1,GB-ENG,quantile,0.2,143.22171204427383
2026-08-26,ARI incidence,2026-08-23,1,GB-ENG,quantile,0.4,152.51342570587377
2026-08-26,ARI incidence,2026-08-23,1,GB-ENG,quantile,0.45,154.66801908654531
2026-08-26,ARI incidence,2026-08-23,1,GB-ENG,quantile,0.5,156.61274892134537
2026-08-26,ARI incidence,2026-08-23,1,GB-ENG,quantile,0.6,160.94606632728494
2026-08-26,ARI incidence,2026-08-23,1,GB-ENG,quantile,0.65,163.37951251415933
2026-08-26,ARI incidence,2026-08-23,1,GB-ENG,quantile,0.55,158.7772166583312
2026-08-26,ARI incidence,2026-08-23,1,GB-ENG,quantile,0.1,136.23438738746603
2026-08-26,ARI incidence,2026-08-23,1,GB-ENG,quantile,0.15,140.25957955622368
2026-08-26,ARI incidence,2026-08-23,1,GB-ENG,quantile,0.25,145.707899930777
2026-08-26,ARI incidence,2026-08-23,1,GB-ENG,quantile,0.3,148.08220201080297
2026-08-26,ARI incidence,2026-08-23,1,GB-ENG,median,NA,156.61274892134537
2026-08-26,ARI incidence,2026-08-30,2,GB-ENG,quantile,0.6,159.97069386525425
2026-08-26,ARI incidence,2026-08-30,2,GB-ENG,quantile,0.65,160.7191993575857
2026-08-26,ARI incidence,2026-08-30,2,GB-ENG,quantile,0.55,159.3155595345998
2026-08-26,ARI incidence,2026-08-30,2,GB-ENG,quantile,0.7,161.47415304147364
2026-08-26,ARI incidence,2026-08-30,2,GB-ENG,quantile,0.45,157.94729614905896
2026-08-26,ARI incidence,2026-08-30,2,GB-ENG,quantile,0.5,158.6301589821652
2026-08-26,ARI incidence,2026-08-30,2,GB-ENG,quantile,0.4,157.3045104609749
2026-08-26,ARI incidence,2026-08-30,2,GB-ENG,quantile,0.35,156.57535535461415
2026-08-26,ARI incidence,2026-08-30,2,GB-ENG,quantile,0.3,155.79418692272657
2026-08-26,ARI incidence,2026-08-30,2,GB-ENG,quantile,0.05,149.96950494606037
2026-08-26,ARI incidence,2026-08-30,2,GB-ENG,quantile,0.1,151.762777288597
2026-08-26,ARI incidence,2026-08-30,2,GB-ENG,quantile,0.15,153.03280551601523
2026-08-26,ARI incidence,2026-08-30,2,GB-ENG,quantile,0.2,154.0765747964853
2026-08-26,ARI incidence,2026-08-30,2,GB-ENG,quantile,0.025,148.16048136258192
2026-08-26,ARI incidence,2026-08-30,2,GB-ENG,quantile,0.25,155.00347198176874
2026-08-26,ARI incidence,2026-08-30,2,GB-ENG,quantile,0.975,169.70963191376455
2026-08-26,ARI incidence,2026-08-30,2,GB-ENG,quantile,0.9,165.64527118595268
2026-08-26,ARI incidence,2026-08-30,2,GB-ENG,quantile,0.99,171.65705060637174
2026-08-26,ARI incidence,2026-08-30,2,GB-ENG,quantile,0.01,146.18728870787064
2026-08-26,ARI incidence,2026-08-30,2,GB-ENG,quantile,0.85,164.3188030104491
2026-08-26,ARI incidence,2026-08-30,2,GB-ENG,quantile,0.95,167.79544214504438
2026-08-26,ARI incidence,2026-08-30,2,GB-ENG,quantile,0.75,162.28927396763726
2026-08-26,ARI incidence,2026-08-30,2,GB-ENG,quantile,0.8,163.22279341216392
2026-08-26,ARI incidence,2026-08-30,2,GB-ENG,median,NA,158.6301589821652
2026-08-26,ARI incidence,2026-09-06,3,GB-ENG,quantile,0.7,144.67853409787483
2026-08-26,ARI incidence,2026-09-06,3,GB-ENG,quantile,0.75,147.508400259178
2026-08-26,ARI incidence,2026-09-06,3,GB-ENG,quantile,0.8,150.59090747637654
2026-08-26,ARI incidence,2026-09-06,3,GB-ENG,quantile,0.85,154.30763485826793
2026-08-26,ARI incidence,2026-09-06,3,GB-ENG,quantile,0.9,158.89494027132775
2026-08-26,ARI incidence,2026-09-06,3,GB-ENG,quantile,0.95,166.01700019054465
2026-08-26,ARI incidence,2026-09-06,3,GB-ENG,quantile,0.975,173.0223638416018
2026-08-26,ARI incidence,2026-09-06,3,GB-ENG,quantile,0.99,181.13995121776213
2026-08-26,ARI incidence,2026-09-06,3,GB-ENG,quantile,0.6,139.74796688139986
2026-08-26,ARI incidence,2026-09-06,3,GB-ENG,quantile,0.65,142.11305391668674
2026-08-26,ARI incidence,2026-09-06,3,GB-ENG,quantile,0.01,101.14070745714928
2026-08-26,ARI incidence,2026-09-06,3,GB-ENG,quantile,0.025,105.78405488459292
2026-08-26,ARI incidence,2026-09-06,3,GB-ENG,quantile,0.55,137.5137467121299
2026-08-26,ARI incidence,2026-09-06,3,GB-ENG,quantile,0.5,135.52096556127674
2026-08-26,ARI incidence,2026-09-06,3,GB-ENG,quantile,0.4,131.4020482137576
2026-08-26,ARI incidence,2026-09-06,3,GB-ENG,quantile,0.45,133.50384525766376
2026-08-26,ARI incidence,2026-09-06,3,GB-ENG,quantile,0.25,124.40681726643176
2026-08-26,ARI incidence,2026-09-06,3,GB-ENG,quantile,0.3,126.85360268923522
2026-08-26,ARI incidence,2026-09-06,3,GB-ENG,quantile,0.05,110.4134735871003
2026-08-26,ARI incidence,2026-09-06,3,GB-ENG,quantile,0.1,115.34522010715582
2026-08-26,ARI incidence,2026-09-06,3,GB-ENG,quantile,0.35,129.18299474097216
2026-08-26,ARI incidence,2026-09-06,3,GB-ENG,quantile,0.2,121.71979331544073
2026-08-26,ARI incidence,2026-09-06,3,GB-ENG,quantile,0.15,118.81267477935172
2026-08-26,ARI incidence,2026-09-06,3,GB-ENG,median,NA,135.52096556127674
2026-08-26,ARI incidence,2026-09-13,4,GB-ENG,quantile,0.01,135.54884619514482
2026-08-26,ARI incidence,2026-09-13,4,GB-ENG,quantile,0.025,137.22460659806362
2026-08-26,ARI incidence,2026-09-13,4,GB-ENG,quantile,0.6,147.50348138541565
2026-08-26,ARI incidence,2026-09-13,4,GB-ENG,quantile,0.65,148.14824892870445
2026-08-26,ARI incidence,2026-09-13,4,GB-ENG,quantile,0.7,148.84847626365973
2026-08-26,ARI incidence,2026-09-13,4,GB-ENG,quantile,0.975,156.04007612979603
2026-08-26,ARI incidence,2026-09-13,4,GB-ENG,quantile,0.99,158.02444429893896
2026-08-26,ARI incidence,2026-09-13,4,GB-ENG,quantile,0.5,146.26893121166523
2026-08-26,ARI incidence,2026-09-13,4,GB-ENG,quantile,0.55,146.89166767442543
2026-08-26,ARI incidence,2026-09-13,4,GB-ENG,quantile,0.75,149.59630098812974
2026-08-26,ARI incidence,2026-09-13,4,GB-ENG,quantile,0.05,138.68095919596266
2026-08-26,ARI incidence,2026-09-13,4,GB-ENG,quantile,0.45,145.60395900832262
2026-08-26,ARI incidence,2026-09-13,4,GB-ENG,quantile,0.1,140.32142566135377
2026-08-26,ARI incidence,2026-09-13,4,GB-ENG,quantile,0.15,141.4072598811832
2026-08-26,ARI incidence,2026-09-13,4,GB-ENG,quantile,0.2,142.27514929917794
2026-08-26,ARI incidence,2026-09-13,4,GB-ENG,quantile,0.25,143.02719919495564
2026-08-26,ARI incidence,2026-09-13,4,GB-ENG,quantile,0.3,143.69390342713362
2026-08-26,ARI incidence,2026-09-13,4,GB-ENG,quantile,0.8,150.51002429525585
2026-08-26,ARI incidence,2026-09-13,4,GB-ENG,quantile,0.9,152.56894767337275
2026-08-26,ARI incidence,2026-09-13,4,GB-ENG,quantile,0.95,154.44328150733693
2026-08-26,ARI incidence,2026-09-13,4,GB-ENG,quantile,0.35,144.33458555584303
2026-08-26,ARI incidence,2026-09-13,4,GB-ENG,quantile,0.4,144.9749862346502
2026-08-26,ARI incidence,2026-09-13,4,GB-ENG,quantile,0.85,151.37871215024046
2026-08-26,ARI incidence,2026-09-13,4,GB-ENG,median,NA,146.26893121166523
2026-08-26,ARI incidence,2026-08-23,1,GB-NIR,quantile,0.05,59.79860257926913
2026-08-26,ARI incidence,2026-08-23,1,GB-NIR,quantile,0.01,49.57072303991095
2026-08-26,ARI incidence,2026-08-23,1,GB-NIR,quantile,0.025,54.719535008764154
2026-08-26,ARI incidence,2026-08-23,1,GB-NIR,quantile,0.2,76.241702143589407
2026-08-26,ARI incidence,2026-08-23,1,GB-NIR,quantile,0.3,83.71985153194865
2026-08-26,ARI incidence,2026-08-23,1,GB-NIR,quantile,0.25,80.0431454270506
2026-08-26,ARI incidence,2026-08-23,1,GB-NIR,quantile,0.15,71.72615416572476
2026-08-26,ARI incidence,2026-08-23,1,GB-NIR,quantile,0.1,66.80419401766531
2026-08-26,ARI incidence,2026-08-23,1,GB-NIR,quantile,0.35,87.2650258358655
2026-08-26,ARI incidence,2026-08-23,1,GB-NIR,quantile,0.45,94.61615740638788
2026-08-26,ARI incidence,2026-08-23,1,GB-NIR,quantile,0.5,98.24844954244624
2026-08-26,ARI incidence,2026-08-23,1,GB-NIR,quantile,0.4,90.83872418266232
2026-08-26,ARI incidence,2026-08-23,1,GB-NIR,quantile,0.55,102.1646361380982
2026-08-26,ARI incidence,2026-08-23,1,GB-NIR,quantile,0.9,144.49909014478473
2026-08-26,ARI incidence,2026-08-23,1,GB-NIR,quantile,0.95,160.73587272877265
2026-08-26,ARI incidence,2026-08-23,1,GB-NIR,quantile,0.8,126.66506746074376
2026-08-26,ARI incidence,2026-08-23,1,GB-NIR,quantile,0.99,195.66217243001216
2026-08-26,ARI incidence,2026-08-23,1,GB-NIR,quantile,0.85,134.43007696283158
2026-08-26,ARI incidence,2026-08-23,1,GB-NIR,quantile,0.975,176.99369642899703
2026-08-26,ARI incidence,2026-08-23,1,GB-NIR,quantile,0.65,110.2781677796066
2026-08-26,ARI incidence,2026-08-23,1,GB-NIR,quantile,0.75,120.21820738914084
2026-08-26,ARI incidence,2026-08-23,1,GB-NIR,quantile,0.7,114.9196923363484
2026-08-26,ARI incidence,2026-08-23,1,GB-NIR,quantile,0.6,106.14835258151892
2026-08-26,ARI incidence,2026-08-23,1,GB-NIR,median,NA,98.24844954244624
2026-08-26,ARI incidence,2026-08-30,2,GB-NIR,quantile,0.99,177.92693237713934
2026-08-26,ARI incidence,2026-08-30,2,GB-NIR,quantile,0.95,147.37293027876132
2026-08-26,ARI incidence,2026-08-30,2,GB-NIR,quantile,0.975,160.43374420665262
2026-08-26,ARI incidence,2026-08-30,2,GB-NIR,quantile,0.25,79.1273659083362
2026-08-26,ARI incidence,2026-08-30,2,GB-NIR,quantile,0.3,82.4153885413314
2026-08-26,ARI incidence,2026-08-30,2,GB-NIR,quantile,0.01,50.33559572207892
2026-08-26,ARI incidence,2026-08-30,2,GB-NIR,quantile,0.025,55.33872913893471
2026-08-26,ARI incidence,2026-08-30,2,GB-NIR,quantile,0.1,66.74840735554127
2026-08-26,ARI incidence,2026-08-30,2,GB-NIR,quantile,0.9,133.80762868541825
2026-08-26,ARI incidence,2026-08-30,2,GB-NIR,quantile,0.15,71.56646618238986
2026-08-26,ARI incidence,2026-08-30,2,GB-NIR,quantile,0.2,75.6508443097996
2026-08-26,ARI incidence,2026-08-30,2,GB-NIR,quantile,0.05,60.60524532015291
2026-08-26,ARI incidence,2026-08-30,2,GB-NIR,quantile,0.35,85.39766455243807
2026-08-26,ARI incidence,2026-08-30,2,GB-NIR,quantile,0.4,88.50274472308888
2026-08-26,ARI incidence,2026-08-30,2,GB-NIR,quantile,0.45,91.50677302225516
2026-08-26,ARI incidence,2026-08-30,2,GB-NIR,quantile,0.5,94.75140343205352
2026-08-26,ARI incidence,2026-08-30,2,GB-NIR,quantile,0.55,97.845854569829
2026-08-26,ARI incidence,2026-08-30,2,GB-NIR,quantile,0.8,118.412743694387
2026-08-26,ARI incidence,2026-08-30,2,GB-NIR,quantile,0.85,124.5995450630308
2026-08-26,ARI incidence,2026-08-30,2,GB-NIR,quantile,0.6,101.36300706974764
2026-08-26,ARI incidence,2026-08-30,2,GB-NIR,quantile,0.75,113.06552073388512
2026-08-26,ARI incidence,2026-08-30,2,GB-NIR,quantile,0.65,105.0230818416972
2026-08-26,ARI incidence,2026-08-30,2,GB-NIR,quantile,0.7,108.82526305127304
2026-08-26,ARI incidence,2026-08-30,2,GB-NIR,median,NA,94.75140343205352
2026-08-26,ARI incidence,2026-09-06,3,GB-NIR,quantile,0.6,102.58398561748508
2026-08-26,ARI incidence,2026-09-06,3,GB-NIR,quantile,0.65,107.52118663824832
2026-08-26,ARI incidence,2026-09-06,3,GB-NIR,quantile,0.95,167.8896403410132
2026-08-26,ARI incidence,2026-09-06,3,GB-NIR,quantile,0.975,186.87438523181385
2026-08-26,ARI incidence,2026-09-06,3,GB-NIR,quantile,0.7,112.63399558158078
2026-08-26,ARI incidence,2026-09-06,3,GB-NIR,quantile,0.75,118.61092415788616
2026-08-26,ARI incidence,2026-09-06,3,GB-NIR,quantile,0.55,97.74459068409868
2026-08-26,ARI incidence,2026-09-06,3,GB-NIR,quantile,0.9,146.36345137874642
2026-08-26,ARI incidence,2026-09-06,3,GB-NIR,quantile,0.5,93.41283539752465
2026-08-26,ARI incidence,2026-09-06,3,GB-NIR,quantile,0.8,125.93780081711834
2026-08-26,ARI incidence,2026-09-06,3,GB-NIR,quantile,0.99,212.66647957245013
2026-08-26,ARI incidence,2026-09-06,3,GB-NIR,quantile,0.85,134.75561320928918
2026-08-26,ARI incidence,2026-09-06,3,GB-NIR,quantile,0.35,81.82402655273286
2026-08-26,ARI incidence,2026-09-06,3,GB-NIR,quantile,0.4,85.83598816478839
2026-08-26,ARI incidence,2026-09-06,3,GB-NIR,quantile,0.45,89.53272057613049
2026-08-26,ARI incidence,2026-09-06,3,GB-NIR,quantile,0.01,41.37678230343365
2026-08-26,ARI incidence,2026-09-06,3,GB-NIR,quantile,0.025,47.38666328159093
2026-08-26,ARI incidence,2026-09-06,3,GB-NIR,quantile,0.05,52.374195229354825
2026-08-26,ARI incidence,2026-09-06,3,GB-NIR,quantile,0.1,59.78203145950198
2026-08-26,ARI incidence,2026-09-06,3,GB-NIR,quantile,0.15,65.16280397641462
2026-08-26,ARI incidence,2026-09-06,3,GB-NIR,quantile,0.2,69.71057387007323
2026-08-26,ARI incidence,2026-09-06,3,GB-NIR,quantile,0.25,74.26144243495854
2026-08-26,ARI incidence,2026-09-06,3,GB-NIR,quantile,0.3,77.98041396940788
2026-08-26,ARI incidence,2026-09-06,3,GB-NIR,median,NA,93.41283539752465
2026-08-26,ARI incidence,2026-09-13,4,GB-NIR,quantile,0.25,103.75714629496478
2026-08-26,ARI incidence,2026-09-13,4,GB-NIR,quantile,0.2,99.16761771956352
2026-08-26,ARI incidence,2026-09-13,4,GB-NIR,quantile,0.45,119.581093582228
2026-08-26,ARI incidence,2026-09-13,4,GB-NIR,quantile,0.65,137.23090908578985
2026-08-26,ARI incidence,2026-09-13,4,GB-NIR,quantile,0.35,111.7735982854926
2026-08-26,ARI incidence,2026-09-13,4,GB-NIR,quantile,0.15,94.16664304106372
2026-08-26,ARI incidence,2026-09-13,4,GB-NIR,quantile,0.3,107.74858145021204
2026-08-26,ARI incidence,2026-09-13,4,GB-NIR,quantile,0.55,127.97453386857684
2026-08-26,ARI incidence,2026-09-13,4,GB-NIR,quantile,0.4,115.51876235225087
2026-08-26,ARI incidence,2026-09-13,4,GB-NIR,quantile,0.5,123.6244473538364
2026-08-26,ARI incidence,2026-09-13,4,GB-NIR,quantile,0.025,74.25700428501058
2026-08-26,ARI incidence,2026-09-13,4,GB-NIR,quantile,0.05,80.15760363666422
2026-08-26,ARI incidence,2026-09-13,4,GB-NIR,quantile,0.1,87.96046771836524
2026-08-26,ARI incidence,2026-09-13,4,GB-NIR,quantile,0.01,65.91072587841116
2026-08-26,ARI incidence,2026-09-13,4,GB-NIR,quantile,0.6,132.3247273098421
2026-08-26,ARI incidence,2026-09-13,4,GB-NIR,quantile,0.7,142.48384037871563
2026-08-26,ARI incidence,2026-09-13,4,GB-NIR,quantile,0.8,154.5368095262806
2026-08-26,ARI incidence,2026-09-13,4,GB-NIR,quantile,0.85,162.72109671966106
2026-08-26,ARI incidence,2026-09-13,4,GB-NIR,quantile,0.99,228.89268043639473
2026-08-26,ARI incidence,2026-09-13,4,GB-NIR,quantile,0.975,207.2606883448783
2026-08-26,ARI incidence,2026-09-13,4,GB-NIR,quantile,0.95,190.98856256645368
2026-08-26,ARI incidence,2026-09-13,4,GB-NIR,quantile,0.75,148.06309349000662
2026-08-26,ARI incidence,2026-09-13,4,GB-NIR,quantile,0.9,174.04724170821365
2026-08-26,ARI incidence,2026-09-13,4,GB-NIR,median,NA,123.6244473538364
2026-08-26,ARI incidence,2026-08-23,1,GB-WLS,quantile,0.01,42.97221444376775
2026-08-26,ARI incidence,2026-08-23,1,GB-WLS,quantile,0.025,47.06473718094967
2026-08-26,ARI incidence,2026-08-23,1,GB-WLS,quantile,0.05,50.11471474358317
2026-08-26,ARI incidence,2026-08-23,1,GB-WLS,quantile,0.85,94.79412516114988
2026-08-26,ARI incidence,2026-08-23,1,GB-WLS,quantile,0.9,100.44939627205656
2026-08-26,ARI incidence,2026-08-23,1,GB-WLS,quantile,0.95,109.5546057995814
2026-08-26,ARI incidence,2026-08-23,1,GB-WLS,quantile,0.99,128.48313041744086
2026-08-26,ARI incidence,2026-08-23,1,GB-WLS,quantile,0.975,117.49244060742994
2026-08-26,ARI incidence,2026-08-23,1,GB-WLS,quantile,0.2,60.718557484008294
2026-08-26,ARI incidence,2026-08-23,1,GB-WLS,quantile,0.25,63.08301632241647
2026-08-26,ARI incidence,2026-08-23,1,GB-WLS,quantile,0.3,65.39968164245431
2026-08-26,ARI incidence,2026-08-23,1,GB-WLS,quantile,0.35,67.73788518774309
2026-08-26,ARI incidence,2026-08-23,1,GB-WLS,quantile,0.4,69.89338718813086
2026-08-26,ARI incidence,2026-08-23,1,GB-WLS,quantile,0.45,72.10287952039612
2026-08-26,ARI incidence,2026-08-23,1,GB-WLS,quantile,0.5,74.33376689750708
2026-08-26,ARI incidence,2026-08-23,1,GB-WLS,quantile,0.55,76.57312670313735
2026-08-26,ARI incidence,2026-08-23,1,GB-WLS,quantile,0.6,79.02691114941918
2026-08-26,ARI incidence,2026-08-23,1,GB-WLS,quantile,0.65,81.4302163597754
2026-08-26,ARI incidence,2026-08-23,1,GB-WLS,quantile,0.7,84.01245794097106
2026-08-26,ARI incidence,2026-08-23,1,GB-WLS,quantile,0.75,87.00581583997567
2026-08-26,ARI incidence,2026-08-23,1,GB-WLS,quantile,0.8,90.47855814869357
2026-08-26,ARI incidence,2026-08-23,1,GB-WLS,quantile,0.1,54.45353786511271
2026-08-26,ARI incidence,2026-08-23,1,GB-WLS,quantile,0.15,57.795708102367286
2026-08-26,ARI incidence,2026-08-23,1,GB-WLS,median,NA,74.33376689750708
2026-08-26,ARI incidence,2026-08-30,2,GB-WLS,quantile,0.01,25.606889161247036
2026-08-26,ARI incidence,2026-08-30,2,GB-WLS,quantile,0.025,29.180430419036018
2026-08-26,ARI incidence,2026-08-30,2,GB-WLS,quantile,0.05,32.250308517187825
2026-08-26,ARI incidence,2026-08-30,2,GB-WLS,quantile,0.1,36.29748929199639
2026-08-26,ARI incidence,2026-08-30,2,GB-WLS,quantile,0.15,39.33007304959568
2026-08-26,ARI incidence,2026-08-30,2,GB-WLS,quantile,0.2,42.064426957415826
2026-08-26,ARI incidence,2026-08-30,2,GB-WLS,quantile,0.25,44.24130609340864
2026-08-26,ARI incidence,2026-08-30,2,GB-WLS,quantile,0.3,46.46466817809803
2026-08-26,ARI incidence,2026-08-30,2,GB-WLS,quantile,0.35,48.848197288194186
2026-08-26,ARI incidence,2026-08-30,2,GB-WLS,quantile,0.4,50.93731917249622
2026-08-26,ARI incidence,2026-08-30,2,GB-WLS,quantile,0.45,53.14027408727276
2026-08-26,ARI incidence,2026-08-30,2,GB-WLS,quantile,0.5,55.54760184601406
2026-08-26,ARI incidence,2026-08-30,2,GB-WLS,quantile,0.55,58.15315246650762
2026-08-26,ARI incidence,2026-08-30,2,GB-WLS,quantile,0.6,60.52465522576944
2026-08-26,ARI incidence,2026-08-30,2,GB-WLS,quantile,0.65,63.25119029535337
2026-08-26,ARI incidence,2026-08-30,2,GB-WLS,quantile,0.7,66.18526729475498
2026-08-26,ARI incidence,2026-08-30,2,GB-WLS,quantile,0.75,69.36268164332033
2026-08-26,ARI incidence,2026-08-30,2,GB-WLS,quantile,0.8,73.29840101417736
2026-08-26,ARI incidence,2026-08-30,2,GB-WLS,quantile,0.85,78.30103893864623
2026-08-26,ARI incidence,2026-08-30,2,GB-WLS,quantile,0.9,85.10674029080128
2026-08-26,ARI incidence,2026-08-30,2,GB-WLS,quantile,0.95,95.9013985171906
2026-08-26,ARI incidence,2026-08-30,2,GB-WLS,quantile,0.975,106.36689558840142
2026-08-26,ARI incidence,2026-08-30,2,GB-WLS,quantile,0.99,120.40571050067594
2026-08-26,ARI incidence,2026-08-30,2,GB-WLS,median,NA,55.54760184601406
2026-08-26,ARI incidence,2026-09-06,3,GB-WLS,quantile,0.99,101.76967755893266
2026-08-26,ARI incidence,2026-09-06,3,GB-WLS,quantile,0.35,57.12498229245564
2026-08-26,ARI incidence,2026-09-06,3,GB-WLS,quantile,0.4,58.80426214276976
2026-08-26,ARI incidence,2026-09-06,3,GB-WLS,quantile,0.45,60.61525364054536
2026-08-26,ARI incidence,2026-09-06,3,GB-WLS,quantile,0.55,63.953555141125094
2026-08-26,ARI incidence,2026-09-06,3,GB-WLS,quantile,0.6,65.6894615938752
2026-08-26,ARI incidence,2026-09-06,3,GB-WLS,quantile,0.5,62.22125369217354
2026-08-26,ARI incidence,2026-09-06,3,GB-WLS,quantile,0.65,67.56382894381346
2026-08-26,ARI incidence,2026-09-06,3,GB-WLS,quantile,0.7,69.5065861484858
2026-08-26,ARI incidence,2026-09-06,3,GB-WLS,quantile,0.75,71.8273343954309
2026-08-26,ARI incidence,2026-09-06,3,GB-WLS,quantile,0.8,74.20089935971524
2026-08-26,ARI incidence,2026-09-06,3,GB-WLS,quantile,0.85,77.32434208523243
2026-08-26,ARI incidence,2026-09-06,3,GB-WLS,quantile,0.9,81.6606885038004
2026-08-26,ARI incidence,2026-09-06,3,GB-WLS,quantile,0.95,87.94976059438459
2026-08-26,ARI incidence,2026-09-06,3,GB-WLS,quantile,0.975,93.63465813407409
2026-08-26,ARI incidence,2026-09-06,3,GB-WLS,quantile,0.01,37.9906214407488
2026-08-26,ARI incidence,2026-09-06,3,GB-WLS,quantile,0.025,40.63460822002271
2026-08-26,ARI incidence,2026-09-06,3,GB-WLS,quantile,0.05,43.510954189407286
2026-08-26,ARI incidence,2026-09-06,3,GB-WLS,quantile,0.1,47.24239228581727
2026-08-26,ARI incidence,2026-09-06,3,GB-WLS,quantile,0.15,49.705605323280786
2026-08-26,ARI incidence,2026-09-06,3,GB-WLS,quantile,0.2,51.90968356955517
2026-08-26,ARI incidence,2026-09-06,3,GB-WLS,quantile,0.25,53.76105023329959
2026-08-26,ARI incidence,2026-09-06,3,GB-WLS,quantile,0.3,55.518048878683885
2026-08-26,ARI incidence,2026-09-06,3,GB-WLS,median,NA,62.22125369217354
2026-08-26,ARI incidence,2026-09-13,4,GB-WLS,quantile,0.05,30.032809253126455
2026-08-26,ARI incidence,2026-09-13,4,GB-WLS,quantile,0.1,34.580588912169375
2026-08-26,ARI incidence,2026-09-13,4,GB-WLS,quantile,0.15,37.778102054059616
2026-08-26,ARI incidence,2026-09-13,4,GB-WLS,quantile,0.2,40.65217000843535
2026-08-26,ARI incidence,2026-09-13,4,GB-WLS,quantile,0.25,43.21663109813959
2026-08-26,ARI incidence,2026-09-13,4,GB-WLS,quantile,0.3,45.73688796974715
2026-08-26,ARI incidence,2026-09-13,4,GB-WLS,quantile,0.35,48.183460984434134
2026-08-26,ARI incidence,2026-09-13,4,GB-WLS,quantile,0.4,50.654553228542696
2026-08-26,ARI incidence,2026-09-13,4,GB-WLS,quantile,0.45,53.045876817865384
2026-08-26,ARI incidence,2026-09-13,4,GB-WLS,quantile,0.7,67.67747142935315
2026-08-26,ARI incidence,2026-09-13,4,GB-WLS,quantile,0.75,71.72500589339765
2026-08-26,ARI incidence,2026-09-13,4,GB-WLS,quantile,0.8,76.3391921275189
2026-08-26,ARI incidence,2026-09-13,4,GB-WLS,quantile,0.85,81.90833512768253
2026-08-26,ARI incidence,2026-09-13,4,GB-WLS,quantile,0.9,90.04001114928934
2026-08-26,ARI incidence,2026-09-13,4,GB-WLS,quantile,0.95,104.37132885165072
2026-08-26,ARI incidence,2026-09-13,4,GB-WLS,quantile,0.975,118.53592141186029
2026-08-26,ARI incidence,2026-09-13,4,GB-WLS,quantile,0.99,134.97309201576687
2026-08-26,ARI incidence,2026-09-13,4,GB-WLS,quantile,0.5,55.540251816782416
2026-08-26,ARI incidence,2026-09-13,4,GB-WLS,quantile,0.55,58.23433340719836
2026-08-26,ARI incidence,2026-09-13,4,GB-WLS,quantile,0.6,61.2635046785919
2026-08-26,ARI incidence,2026-09-13,4,GB-WLS,quantile,0.65,64.4442120562262
2026-08-26,ARI incidence,2026-09-13,4,GB-WLS,quantile,0.025,26.68605491588899
2026-08-26,ARI incidence,2026-09-13,4,GB-WLS,quantile,0.01,23.327323963534152
2026-08-26,ARI incidence,2026-09-13,4,GB-WLS,median,NA,55.540251816782416
2026-08-26,ARI incidence,2026-08-23,1,HU,quantile,0.9,398.17082106699166
2026-08-26,ARI incidence,2026-08-23,1,HU,quantile,0.85,386.8751101236344
2026-08-26,ARI incidence,2026-08-23,1,HU,quantile,0.8,377.97553844737166
2026-08-26,ARI incidence,2026-08-23,1,HU,quantile,0.975,431.49040387263585
2026-08-26,ARI incidence,2026-08-23,1,HU,quantile,0.99,450.4746048681679
2026-08-26,ARI incidence,2026-08-23,1,HU,quantile,0.95,415.7102526419752
2026-08-26,ARI incidence,2026-08-23,1,HU,quantile,0.55,346.70326385134246
2026-08-26,ARI incidence,2026-08-23,1,HU,quantile,0.6,352.03359504119305
2026-08-26,ARI incidence,2026-08-23,1,HU,quantile,0.65,357.32476805245784
2026-08-26,ARI incidence,2026-08-23,1,HU,quantile,0.7,363.50786648785527
2026-08-26,ARI incidence,2026-08-23,1,HU,quantile,0.75,370.0777407910488
2026-08-26,ARI incidence,2026-08-23,1,HU,quantile,0.35,326.01877794541696
2026-08-26,ARI incidence,2026-08-23,1,HU,quantile,0.4,331.0231541765894
2026-08-26,ARI incidence,2026-08-23,1,HU,quantile,0.45,336.1284995935172
2026-08-26,ARI incidence,2026-08-23,1,HU,quantile,0.5,341.5119797604426
2026-08-26,ARI incidence,2026-08-23,1,HU,quantile,0.3,320.8197651739458
2026-08-26,ARI incidence,2026-08-23,1,HU,quantile,0.25,315.0002252339941
2026-08-26,ARI incidence,2026-08-23,1,HU,quantile,0.2,308.1502939036943
2026-08-26,ARI incidence,2026-08-23,1,HU,quantile,0.15,300.70891573410796
2026-08-26,ARI incidence,2026-08-23,1,HU,quantile,0.1,292.97345807911074
2026-08-26,ARI incidence,2026-08-23,1,HU,quantile,0.01,258.44638263465436
2026-08-26,ARI incidence,2026-08-23,1,HU,quantile,0.05,280.2677542147576
2026-08-26,ARI incidence,2026-08-23,1,HU,quantile,0.025,270.65121162572405
2026-08-26,ARI incidence,2026-08-23,1,HU,median,NA,341.5119797604426
2026-08-26,ARI incidence,2026-08-30,2,HU,quantile,0.01,231.04183653971359
2026-08-26,ARI incidence,2026-08-30,2,HU,quantile,0.025,244.70161393049457
2026-08-26,ARI incidence,2026-08-30,2,HU,quantile,0.05,254.5092890776569
2026-08-26,ARI incidence,2026-08-30,2,HU,quantile,0.2,285.59437626358897
2026-08-26,ARI incidence,2026-08-30,2,HU,quantile,0.99,439.5010258418342
2026-08-26,ARI incidence,2026-08-30,2,HU,quantile,0.1,269.0403739135541
2026-08-26,ARI incidence,2026-08-30,2,HU,quantile,0.25,292.46143117009444
2026-08-26,ARI incidence,2026-08-30,2,HU,quantile,0.15,278.05022359318684
2026-08-26,ARI incidence,2026-08-30,2,HU,quantile,0.7,345.1318813877836
2026-08-26,ARI incidence,2026-08-30,2,HU,quantile,0.35,304.436110569426
2026-08-26,ARI incidence,2026-08-30,2,HU,quantile,0.4,309.99143414646244
2026-08-26,ARI incidence,2026-08-30,2,HU,quantile,0.5,320.8625287037975
2026-08-26,ARI incidence,2026-08-30,2,HU,quantile,0.75,352.12861158364603
2026-08-26,ARI incidence,2026-08-30,2,HU,quantile,0.8,359.42993644892323
2026-08-26,ARI incidence,2026-08-30,2,HU,quantile,0.85,369.6602209996824
2026-08-26,ARI incidence,2026-08-30,2,HU,quantile,0.9,382.08776996570367
2026-08-26,ARI incidence,2026-08-30,2,HU,quantile,0.95,401.6821382929443
2026-08-26,ARI incidence,2026-08-30,2,HU,quantile,0.975,419.5783321679938
2026-08-26,ARI incidence,2026-08-30,2,HU,quantile,0.45,315.58241725338416
2026-08-26,ARI incidence,2026-08-30,2,HU,quantile,0.55,326.3623578160083
2026-08-26,ARI incidence,2026-08-30,2,HU,quantile,0.3,298.45790041791355
2026-08-26,ARI incidence,2026-08-30,2,HU,quantile,0.65,338.89665459101434
2026-08-26,ARI incidence,2026-08-30,2,HU,quantile,0.6,332.5833850830322
2026-08-26,ARI incidence,2026-08-30,2,HU,median,NA,320.8625287037975
2026-08-26,ARI incidence,2026-09-06,3,HU,quantile,0.55,349.6842850294575
2026-08-26,ARI incidence,2026-09-06,3,HU,quantile,0.65,367.6352364242133
2026-08-26,ARI incidence,2026-09-06,3,HU,quantile,0.6,358.2361460757641
2026-08-26,ARI incidence,2026-09-06,3,HU,quantile,0.5,341.84951859537625
2026-08-26,ARI incidence,2026-09-06,3,HU,quantile,0.975,500.5549516278126
2026-08-26,ARI incidence,2026-09-06,3,HU,quantile,0.4,325.0109026167175
2026-08-26,ARI incidence,2026-09-06,3,HU,quantile,0.95,469.5901001773312
2026-08-26,ARI incidence,2026-09-06,3,HU,quantile,0.99,541.0790850534968
2026-08-26,ARI incidence,2026-09-06,3,HU,quantile,0.35,316.65686030243614
2026-08-26,ARI incidence,2026-09-06,3,HU,quantile,0.45,333.204536728357
2026-08-26,ARI incidence,2026-09-06,3,HU,quantile,0.3,307.6769542854179
2026-08-26,ARI incidence,2026-09-06,3,HU,quantile,0.7,377.6538827564429
2026-08-26,ARI incidence,2026-09-06,3,HU,quantile,0.85,416.7391527098596
2026-08-26,ARI incidence,2026-09-06,3,HU,quantile,0.9,436.64745814002856
2026-08-26,ARI incidence,2026-09-06,3,HU,quantile,0.75,388.9427133147281
2026-08-26,ARI incidence,2026-09-06,3,HU,quantile,0.25,298.65806359820385
2026-08-26,ARI incidence,2026-09-06,3,HU,quantile,0.8,401.0412869050661
2026-08-26,ARI incidence,2026-09-06,3,HU,quantile,0.2,289.66796483081225
2026-08-26,ARI incidence,2026-09-06,3,HU,quantile,0.05,247.83028800342737
2026-08-26,ARI incidence,2026-09-06,3,HU,quantile,0.15,278.5506865182111
2026-08-26,ARI incidence,2026-09-06,3,HU,quantile,0.1,266.0699659368799
2026-08-26,ARI incidence,2026-09-06,3,HU,quantile,0.025,233.2710539393244
2026-08-26,ARI incidence,2026-09-06,3,HU,quantile,0.01,216.71859865635625
2026-08-26,ARI incidence,2026-09-06,3,HU,median,NA,341.84951859537625
2026-08-26,ARI incidence,2026-09-13,4,HU,quantile,0.1,277.95625941234493
2026-08-26,ARI incidence,2026-09-13,4,HU,quantile,0.95,554.5887087596723
2026-08-26,ARI incidence,2026-09-13,4,HU,quantile,0.975,594.9021156573972
2026-08-26,ARI incidence,2026-09-13,4,HU,quantile,0.99,655.490761085085
2026-08-26,ARI incidence,2026-09-13,4,HU,quantile,0.9,506.74927172132334
2026-08-26,ARI incidence,2026-09-13,4,HU,quantile,0.8,457.2271115182518
2026-08-26,ARI incidence,2026-09-13,4,HU,quantile,0.025,233.959083071875
2026-08-26,ARI incidence,2026-09-13,4,HU,quantile,0.05,254.5202549859596
2026-08-26,ARI incidence,2026-09-13,4,HU,quantile,0.85,478.8098483878323
2026-08-26,ARI incidence,2026-09-13,4,HU,quantile,0.75,440.2615569904652
2026-08-26,ARI incidence,2026-09-13,4,HU,quantile,0.7,424.3918729253059
2026-08-26,ARI incidence,2026-09-13,4,HU,quantile,0.01,211.67453257453795
2026-08-26,ARI incidence,2026-09-13,4,HU,quantile,0.6,397.4045864701633
2026-08-26,ARI incidence,2026-09-13,4,HU,quantile,0.25,320.10529723593197
2026-08-26,ARI incidence,2026-09-13,4,HU,quantile,0.3,331.3913727607585
2026-08-26,ARI incidence,2026-09-13,4,HU,quantile,0.65,410.65489922273105
2026-08-26,ARI incidence,2026-09-13,4,HU,quantile,0.55,385.24237072201913
2026-08-26,ARI incidence,2026-09-13,4,HU,quantile,0.5,375.1409419259503
2026-08-26,ARI incidence,2026-09-13,4,HU,quantile,0.45,364.0306273335576
2026-08-26,ARI incidence,2026-09-13,4,HU,quantile,0.35,341.9030544998012
2026-08-26,ARI incidence,2026-09-13,4,HU,quantile,0.4,353.49653966361416
2026-08-26,ARI incidence,2026-09-13,4,HU,quantile,0.2,308.22170499765605
2026-08-26,ARI incidence,2026-09-13,4,HU,quantile,0.15,294.0217516199993
2026-08-26,ARI incidence,2026-09-13,4,HU,median,NA,375.1409419259503
2026-08-26,ARI incidence,2026-08-23,1,IE,quantile,0.05,13.37730698816106
2026-08-26,ARI incidence,2026-08-23,1,IE,quantile,0.01,10.616471707736851
2026-08-26,ARI incidence,2026-08-23,1,IE,quantile,0.025,12.145432367989054
2026-08-26,ARI incidence,2026-08-23,1,IE,quantile,0.1,15.231149155422983
2026-08-26,ARI incidence,2026-08-23,1,IE,quantile,0.15,16.54937981080753
2026-08-26,ARI incidence,2026-08-23,1,IE,quantile,0.2,17.687658540409593
2026-08-26,ARI incidence,2026-08-23,1,IE,quantile,0.25,18.707583347439822
2026-08-26,ARI incidence,2026-08-23,1,IE,quantile,0.3,19.727656867767028
2026-08-26,ARI incidence,2026-08-23,1,IE,quantile,0.99,52.7916282494614
2026-08-26,ARI incidence,2026-08-23,1,IE,quantile,0.975,46.477117799452905
2026-08-26,ARI incidence,2026-08-23,1,IE,quantile,0.6,25.8660153466871
2026-08-26,ARI incidence,2026-08-23,1,IE,quantile,0.55,24.861521712804063
2026-08-26,ARI incidence,2026-08-23,1,IE,quantile,0.35,20.758756964204395
2026-08-26,ARI incidence,2026-08-23,1,IE,quantile,0.4,21.73129471433674
2026-08-26,ARI incidence,2026-08-23,1,IE,quantile,0.5,23.72351472755222
2026-08-26,ARI incidence,2026-08-23,1,IE,quantile,0.95,41.49648140599635
2026-08-26,ARI incidence,2026-08-23,1,IE,quantile,0.7,28.272046609961343
2026-08-26,ARI incidence,2026-08-23,1,IE,quantile,0.9,36.78904081075011
2026-08-26,ARI incidence,2026-08-23,1,IE,quantile,0.8,31.711803494449015
2026-08-26,ARI incidence,2026-08-23,1,IE,quantile,0.65,27.011587399609056
2026-08-26,ARI incidence,2026-08-23,1,IE,quantile,0.85,33.93580642816581
2026-08-26,ARI incidence,2026-08-23,1,IE,quantile,0.45,22.750190208596734
2026-08-26,ARI incidence,2026-08-23,1,IE,quantile,0.75,29.844657136491197
2026-08-26,ARI incidence,2026-08-23,1,IE,median,NA,23.72351472755222
2026-08-26,ARI incidence,2026-08-30,2,IE,quantile,0.15,23.72680609294804
2026-08-26,ARI incidence,2026-08-30,2,IE,quantile,0.85,28.770483457867797
2026-08-26,ARI incidence,2026-08-30,2,IE,quantile,0.2,24.174374860871325
2026-08-26,ARI incidence,2026-08-30,2,IE,quantile,0.25,24.596522891362337
2026-08-26,ARI incidence,2026-08-30,2,IE,quantile,0.3,24.933961347945935
2026-08-26,ARI incidence,2026-08-30,2,IE,quantile,0.35,25.27314321225098
2026-08-26,ARI incidence,2026-08-30,2,IE,quantile,0.1,23.19767884985867
2026-08-26,ARI incidence,2026-08-30,2,IE,quantile,0.4,25.59391586649621
2026-08-26,ARI incidence,2026-08-30,2,IE,quantile,0.45,25.879596043859813
2026-08-26,ARI incidence,2026-08-30,2,IE,quantile,0.5,26.186698721614476
2026-08-26,ARI incidence,2026-08-30,2,IE,quantile,0.55,26.483346602513173
2026-08-26,ARI incidence,2026-08-30,2,IE,quantile,0.6,26.75208212247488
2026-08-26,ARI incidence,2026-08-30,2,IE,quantile,0.01,21.09612431831335
2026-08-26,ARI incidence,2026-08-30,2,IE,quantile,0.9,29.42917106013353
2026-08-26,ARI incidence,2026-08-30,2,IE,quantile,0.95,30.414520283060543
2026-08-26,ARI incidence,2026-08-30,2,IE,quantile,0.975,31.255756222731417
2026-08-26,ARI incidence,2026-08-30,2,IE,quantile,0.05,22.408786475928967
2026-08-26,ARI incidence,2026-08-30,2,IE,quantile,0.8,28.263164976009445
2026-08-26,ARI incidence,2026-08-30,2,IE,quantile,0.025,21.808910488147916
2026-08-26,ARI incidence,2026-08-30,2,IE,quantile,0.65,27.05841991791336
2026-08-26,ARI incidence,2026-08-30,2,IE,quantile,0.7,27.436190948862173
2026-08-26,ARI incidence,2026-08-30,2,IE,quantile,0.75,27.827814041632873
2026-08-26,ARI incidence,2026-08-30,2,IE,quantile,0.99,32.39618654797274
2026-08-26,ARI incidence,2026-08-30,2,IE,median,NA,26.186698721614476
2026-08-26,ARI incidence,2026-09-06,3,IE,quantile,0.15,20.300566469096527
2026-08-26,ARI incidence,2026-09-06,3,IE,quantile,0.25,22.2991626450678
2026-08-26,ARI incidence,2026-09-06,3,IE,quantile,0.01,14.591946401094592
2026-08-26,ARI incidence,2026-09-06,3,IE,quantile,0.2,21.380146306931596
2026-08-26,ARI incidence,2026-09-06,3,IE,quantile,0.4,24.871934333883765
2026-08-26,ARI incidence,2026-09-06,3,IE,quantile,0.45,25.684733689535005
2026-08-26,ARI incidence,2026-09-06,3,IE,quantile,0.5,26.53462054759811
2026-08-26,ARI incidence,2026-09-06,3,IE,quantile,0.025,15.963366904853416
2026-08-26,ARI incidence,2026-09-06,3,IE,quantile,0.05,17.296763588656436
2026-08-26,ARI incidence,2026-09-06,3,IE,quantile,0.3,23.209747790422437
2026-08-26,ARI incidence,2026-09-06,3,IE,quantile,0.1,19.066997345693355
2026-08-26,ARI incidence,2026-09-06,3,IE,quantile,0.35,24.07481458978233
2026-08-26,ARI incidence,2026-09-06,3,IE,quantile,0.55,27.39001257830455
2026-08-26,ARI incidence,2026-09-06,3,IE,quantile,0.6,28.21609419312572
2026-08-26,ARI incidence,2026-09-06,3,IE,quantile,0.65,29.124742869612582
2026-08-26,ARI incidence,2026-09-06,3,IE,quantile,0.8,32.71951270063206
2026-08-26,ARI incidence,2026-09-06,3,IE,quantile,0.85,34.43877976157358
2026-08-26,ARI incidence,2026-09-06,3,IE,quantile,0.7,30.1903429774657
2026-08-26,ARI incidence,2026-09-06,3,IE,quantile,0.75,31.303924720497086
2026-08-26,ARI incidence,2026-09-06,3,IE,quantile,0.9,36.85543544638616
2026-08-26,ARI incidence,2026-09-06,3,IE,quantile,0.99,47.824224922650664
2026-08-26,ARI incidence,2026-09-06,3,IE,quantile,0.95,40.22716998234792
2026-08-26,ARI incidence,2026-09-06,3,IE,quantile,0.975,43.659243884655424
2026-08-26,ARI incidence,2026-09-06,3,IE,median,NA,26.53462054759811
2026-08-26,ARI incidence,2026-09-13,4,IE,quantile,0.25,17.642196892371977
2026-08-26,ARI incidence,2026-09-13,4,IE,quantile,0.2,17.28143731513796
2026-08-26,ARI incidence,2026-09-13,4,IE,quantile,0.05,15.727191723454537
2026-08-26,ARI incidence,2026-09-13,4,IE,quantile,0.6,19.601915817664903
2026-08-26,ARI incidence,2026-09-13,4,IE,quantile,0.55,19.32724407267002
2026-08-26,ARI incidence,2026-09-13,4,IE,quantile,0.3,17.951446206682746
2026-08-26,ARI incidence,2026-09-13,4,IE,quantile,0.01,14.611810216786555
2026-08-26,ARI incidence,2026-09-13,4,IE,quantile,0.025,15.19042253503047
2026-08-26,ARI incidence,2026-09-13,4,IE,quantile,0.65,19.884207627197178
2026-08-26,ARI incidence,2026-09-13,4,IE,quantile,0.15,16.910586151375448
2026-08-26,ARI incidence,2026-09-13,4,IE,quantile,0.1,16.452229448141544
2026-08-26,ARI incidence,2026-09-13,4,IE,quantile,0.35,18.224706535460182
2026-08-26,ARI incidence,2026-09-13,4,IE,quantile,0.5,19.046892557814036
2026-08-26,ARI incidence,2026-09-13,4,IE,quantile,0.4,18.506629601180567
2026-08-26,ARI incidence,2026-09-13,4,IE,quantile,0.45,18.78009963565828
2026-08-26,ARI incidence,2026-09-13,4,IE,quantile,0.8,20.96416864204228
2026-08-26,ARI incidence,2026-09-13,4,IE,quantile,0.9,22.00832701172501
2026-08-26,ARI incidence,2026-09-13,4,IE,quantile,0.7,20.227641797003542
2026-08-26,ARI incidence,2026-09-13,4,IE,quantile,0.85,21.43456295463809
2026-08-26,ARI incidence,2026-09-13,4,IE,quantile,0.975,23.713912249406977
2026-08-26,ARI incidence,2026-09-13,4,IE,quantile,0.99,24.647794030612097
2026-08-26,ARI incidence,2026-09-13,4,IE,quantile,0.75,20.583596802389508
2026-08-26,ARI incidence,2026-09-13,4,IE,quantile,0.95,22.930644908782487
2026-08-26,ARI incidence,2026-09-13,4,IE,median,NA,19.046892557814036
2026-08-26,ARI incidence,2026-08-23,1,IS,quantile,0.75,32.19052011675329
2026-08-26,ARI incidence,2026-08-23,1,IS,quantile,0.8,32.697909445006886
2026-08-26,ARI incidence,2026-08-23,1,IS,quantile,0.65,31.364606164576543
2026-08-26,ARI incidence,2026-08-23,1,IS,quantile,0.85,33.31124244908933
2026-08-26,ARI incidence,2026-08-23,1,IS,quantile,0.9,34.06092661569063
2026-08-26,ARI incidence,2026-08-23,1,IS,quantile,0.6,30.971087599306426
2026-08-26,ARI incidence,2026-08-23,1,IS,quantile,0.7,31.749385015942323
2026-08-26,ARI incidence,2026-08-23,1,IS,quantile,0.55,30.616528031817715
2026-08-26,ARI incidence,2026-08-23,1,IS,quantile,0.95,35.308534405972615
2026-08-26,ARI incidence,2026-08-23,1,IS,quantile,0.975,36.343865524514335
2026-08-26,ARI incidence,2026-08-23,1,IS,quantile,0.4,29.55981442176045
2026-08-26,ARI incidence,2026-08-23,1,IS,quantile,0.45,29.8986156928039
2026-08-26,ARI incidence,2026-08-23,1,IS,quantile,0.35,29.217170434587437
2026-08-26,ARI incidence,2026-08-23,1,IS,quantile,0.5,30.275553118394033
2026-08-26,ARI incidence,2026-08-23,1,IS,quantile,0.99,37.50956257794911
2026-08-26,ARI incidence,2026-08-23,1,IS,quantile,0.025,25.27171775011362
2026-08-26,ARI incidence,2026-08-23,1,IS,quantile,0.01,24.538940366249193
2026-08-26,ARI incidence,2026-08-23,1,IS,quantile,0.2,27.95379761077793
2026-08-26,ARI incidence,2026-08-23,1,IS,quantile,0.25,28.412707034493224
2026-08-26,ARI incidence,2026-08-23,1,IS,quantile,0.3,28.820304818583473
2026-08-26,ARI incidence,2026-08-23,1,IS,quantile,0.15,27.466505439318706
2026-08-26,ARI incidence,2026-08-23,1,IS,quantile,0.05,26.019881377994448
2026-08-26,ARI incidence,2026-08-23,1,IS,quantile,0.1,26.89619958639458
2026-08-26,ARI incidence,2026-08-23,1,IS,median,NA,30.275553118394033
2026-08-26,ARI incidence,2026-08-30,2,IS,quantile,0.01,24.036101845603227
2026-08-26,ARI incidence,2026-08-30,2,IS,quantile,0.025,24.55250301334902
2026-08-26,ARI incidence,2026-08-30,2,IS,quantile,0.9,29.286861440701973
2026-08-26,ARI incidence,2026-08-30,2,IS,quantile,0.95,29.838661773576305
2026-08-26,ARI incidence,2026-08-30,2,IS,quantile,0.975,30.356157155950093
2026-08-26,ARI incidence,2026-08-30,2,IS,quantile,0.99,30.991346736800462
2026-08-26,ARI incidence,2026-08-30,2,IS,quantile,0.05,25.013369605900063
2026-08-26,ARI incidence,2026-08-30,2,IS,quantile,0.15,25.89668097837896
2026-08-26,ARI incidence,2026-08-30,2,IS,quantile,0.1,25.542883570001827
2026-08-26,ARI incidence,2026-08-30,2,IS,quantile,0.2,26.167336285871645
2026-08-26,ARI incidence,2026-08-30,2,IS,quantile,0.25,26.388241767934616
2026-08-26,ARI incidence,2026-08-30,2,IS,quantile,0.45,27.17207549149069
2026-08-26,ARI incidence,2026-08-30,2,IS,quantile,0.5,27.37929798409659
2026-08-26,ARI incidence,2026-08-30,2,IS,quantile,0.55,27.570737565109994
2026-08-26,ARI incidence,2026-08-30,2,IS,quantile,0.3,26.613361200304247
2026-08-26,ARI incidence,2026-08-30,2,IS,quantile,0.35,26.804528554989496
2026-08-26,ARI incidence,2026-08-30,2,IS,quantile,0.6,27.761542457242907
2026-08-26,ARI incidence,2026-08-30,2,IS,quantile,0.85,28.918790111422872
2026-08-26,ARI incidence,2026-08-30,2,IS,quantile,0.75,28.375558526580573
2026-08-26,ARI incidence,2026-08-30,2,IS,quantile,0.8,28.628097026802617
2026-08-26,ARI incidence,2026-08-30,2,IS,quantile,0.7,28.156283799119905
2026-08-26,ARI incidence,2026-08-30,2,IS,quantile,0.4,26.99000226650928
2026-08-26,ARI incidence,2026-08-30,2,IS,quantile,0.65,27.94962386770083
2026-08-26,ARI incidence,2026-08-30,2,IS,median,NA,27.37929798409659
2026-08-26,ARI incidence,2026-09-06,3,IS,quantile,0.85,34.66213049515266
2026-08-26,ARI incidence,2026-09-06,3,IS,quantile,0.7,34.05010718059535
2026-08-26,ARI incidence,2026-09-06,3,IS,quantile,0.6,33.71658387220435
2026-08-26,ARI incidence,2026-09-06,3,IS,quantile,0.99,36.29555046037036
2026-08-26,ARI incidence,2026-09-06,3,IS,quantile,0.75,34.22807262815165
2026-08-26,ARI incidence,2026-09-06,3,IS,quantile,0.8,34.42276913200578
2026-08-26,ARI incidence,2026-09-06,3,IS,quantile,0.975,35.82094107108945
2026-08-26,ARI incidence,2026-09-06,3,IS,quantile,0.65,33.88195948855208
2026-08-26,ARI incidence,2026-09-06,3,IS,quantile,0.95,35.45138928044519
2026-08-26,ARI incidence,2026-09-06,3,IS,quantile,0.9,34.9682903939857
2026-08-26,ARI incidence,2026-09-06,3,IS,quantile,0.4,33.10870719319336
2026-08-26,ARI incidence,2026-09-06,3,IS,quantile,0.15,32.19138758561296
2026-08-26,ARI incidence,2026-09-06,3,IS,quantile,0.3,32.79338428556264
2026-08-26,ARI incidence,2026-09-06,3,IS,quantile,0.35,32.9498038591538
2026-08-26,ARI incidence,2026-09-06,3,IS,quantile,0.5,33.40789886928581
2026-08-26,ARI incidence,2026-09-06,3,IS,quantile,0.01,30.73620548257334
2026-08-26,ARI incidence,2026-09-06,3,IS,quantile,0.025,31.184366610394225
2026-08-26,ARI incidence,2026-09-06,3,IS,quantile,0.05,31.500375743517058
2026-08-26,ARI incidence,2026-09-06,3,IS,quantile,0.25,32.61771699965809
2026-08-26,ARI incidence,2026-09-06,3,IS,quantile,0.45,33.260148321899536
2026-08-26,ARI incidence,2026-09-06,3,IS,quantile,0.55,33.5691893092055
2026-08-26,ARI incidence,2026-09-06,3,IS,quantile,0.1,31.924956251606428
2026-08-26,ARI incidence,2026-09-06,3,IS,quantile,0.2,32.422817854179726
2026-08-26,ARI incidence,2026-09-06,3,IS,median,NA,33.40789886928581
2026-08-26,ARI incidence,2026-09-13,4,IS,quantile,0.65,26.963125066428173
2026-08-26,ARI incidence,2026-09-13,4,IS,quantile,0.99,32.61859059615368
2026-08-26,ARI incidence,2026-09-13,4,IS,quantile,0.7,27.33132034979765
2026-08-26,ARI incidence,2026-09-13,4,IS,quantile,0.975,31.459683580614843
2026-08-26,ARI incidence,2026-09-13,4,IS,quantile,0.45,25.64519975638587
2026-08-26,ARI incidence,2026-09-13,4,IS,quantile,0.35,25.025447879326855
2026-08-26,ARI incidence,2026-09-13,4,IS,quantile,0.15,23.489809137057996
2026-08-26,ARI incidence,2026-09-13,4,IS,quantile,0.75,27.744240357566227
2026-08-26,ARI incidence,2026-09-13,4,IS,quantile,0.95,30.51748553098031
2026-08-26,ARI incidence,2026-09-13,4,IS,quantile,0.025,21.504637711966343
2026-08-26,ARI incidence,2026-09-13,4,IS,quantile,0.4,25.342178901190714
2026-08-26,ARI incidence,2026-09-13,4,IS,quantile,0.5,25.973864738188333
2026-08-26,ARI incidence,2026-09-13,4,IS,quantile,0.55,26.295745390667147
2026-08-26,ARI incidence,2026-09-13,4,IS,quantile,0.8,28.223206232590805
2026-08-26,ARI incidence,2026-09-13,4,IS,quantile,0.9,29.49543726472182
2026-08-26,ARI incidence,2026-09-13,4,IS,quantile,0.6,26.6384795178163
2026-08-26,ARI incidence,2026-09-13,4,IS,quantile,0.85,28.751854888373565
2026-08-26,ARI incidence,2026-09-13,4,IS,quantile,0.2,23.94222457348949
2026-08-26,ARI incidence,2026-09-13,4,IS,quantile,0.05,22.192639319441245
2026-08-26,ARI incidence,2026-09-13,4,IS,quantile,0.3,24.701894119179872
2026-08-26,ARI incidence,2026-09-13,4,IS,quantile,0.01,20.800636029784297
2026-08-26,ARI incidence,2026-09-13,4,IS,quantile,0.25,24.339378174389
2026-08-26,ARI incidence,2026-09-13,4,IS,quantile,0.1,22.997846392320753
2026-08-26,ARI incidence,2026-09-13,4,IS,median,NA,25.973864738188333
2026-08-26,ARI incidence,2026-08-23,1,LT,quantile,0.9,264.7849315624633
2026-08-26,ARI incidence,2026-08-23,1,LT,quantile,0.75,227.6402688097029
2026-08-26,ARI incidence,2026-08-23,1,LT,quantile,0.95,290.24603353102304
2026-08-26,ARI incidence,2026-08-23,1,LT,quantile,0.8,237.98648200782853
2026-08-26,ARI incidence,2026-08-23,1,LT,quantile,0.975,310.8815854694496
2026-08-26,ARI incidence,2026-08-23,1,LT,quantile,0.65,211.89735774064505
2026-08-26,ARI incidence,2026-08-23,1,LT,quantile,0.85,249.5189912270903
2026-08-26,ARI incidence,2026-08-23,1,LT,quantile,0.99,337.69779865696495
2026-08-26,ARI incidence,2026-08-23,1,LT,quantile,0.7,219.2032607799109
2026-08-26,ARI incidence,2026-08-23,1,LT,quantile,0.55,197.48507483048644
2026-08-26,ARI incidence,2026-08-23,1,LT,quantile,0.25,162.60520437219753
2026-08-26,ARI incidence,2026-08-23,1,LT,quantile,0.6,204.4711952635442
2026-08-26,ARI incidence,2026-08-23,1,LT,quantile,0.45,185.68142464758137
2026-08-26,ARI incidence,2026-08-23,1,LT,quantile,0.3,169.0876573440026
2026-08-26,ARI incidence,2026-08-23,1,LT,quantile,0.35,174.81032586763982
2026-08-26,ARI incidence,2026-08-23,1,LT,quantile,0.5,191.20346343729815
2026-08-26,ARI incidence,2026-08-23,1,LT,quantile,0.4,180.13835328281607
2026-08-26,ARI incidence,2026-08-23,1,LT,quantile,0.2,156.12657477471254
2026-08-26,ARI incidence,2026-08-23,1,LT,quantile,0.1,141.13294214176082
2026-08-26,ARI incidence,2026-08-23,1,LT,quantile,0.15,149.177518592789
2026-08-26,ARI incidence,2026-08-23,1,LT,quantile,0.05,128.41170891026155
2026-08-26,ARI incidence,2026-08-23,1,LT,quantile,0.01,109.3810995904353
2026-08-26,ARI incidence,2026-08-23,1,LT,quantile,0.025,119.13761085511052
2026-08-26,ARI incidence,2026-08-23,1,LT,median,NA,191.20346343729815
2026-08-26,ARI incidence,2026-08-30,2,LT,quantile,0.55,188.38130346378023
2026-08-26,ARI incidence,2026-08-30,2,LT,quantile,0.5,181.00641327188384
2026-08-26,ARI incidence,2026-08-30,2,LT,quantile,0.6,196.42596898313633
2026-08-26,ARI incidence,2026-08-30,2,LT,quantile,0.65,205.29591949439435
2026-08-26,ARI incidence,2026-08-30,2,LT,quantile,0.75,225.62852621731304
2026-08-26,ARI incidence,2026-08-30,2,LT,quantile,0.8,238.56376767032333
2026-08-26,ARI incidence,2026-08-30,2,LT,quantile,0.99,382.3733818856319
2026-08-26,ARI incidence,2026-08-30,2,LT,quantile,0.25,146.1145335057898
2026-08-26,ARI incidence,2026-08-30,2,LT,quantile,0.3,153.4890052548843
2026-08-26,ARI incidence,2026-08-30,2,LT,quantile,0.45,173.90164662990117
2026-08-26,ARI incidence,2026-08-30,2,LT,quantile,0.7,215.1439346016392
2026-08-26,ARI incidence,2026-08-30,2,LT,quantile,0.975,338.333279581706
2026-08-26,ARI incidence,2026-08-30,2,LT,quantile,0.85,253.65837326624265
2026-08-26,ARI incidence,2026-08-30,2,LT,quantile,0.9,273.5645528203837
2026-08-26,ARI incidence,2026-08-30,2,LT,quantile,0.95,305.17063372011046
2026-08-26,ARI incidence,2026-08-30,2,LT,quantile,0.35,160.30582753745844
2026-08-26,ARI incidence,2026-08-30,2,LT,quantile,0.4,166.9042624387199
2026-08-26,ARI incidence,2026-08-30,2,LT,quantile,0.2,138.52048233271287
2026-08-26,ARI incidence,2026-08-30,2,LT,quantile,0.1,120.17844947092055
2026-08-26,ARI incidence,2026-08-30,2,LT,quantile,0.01,87.60262900647272
2026-08-26,ARI incidence,2026-08-30,2,LT,quantile,0.15,130.05218014465513
2026-08-26,ARI incidence,2026-08-30,2,LT,quantile,0.025,97.88261402942838
2026-08-26,ARI incidence,2026-08-30,2,LT,quantile,0.05,106.74781012868024
2026-08-26,ARI incidence,2026-08-30,2,LT,median,NA,181.00641327188384
2026-08-26,ARI incidence,2026-09-06,3,LT,quantile,0.9,337.9637717479596
2026-08-26,ARI incidence,2026-09-06,3,LT,quantile,0.85,303.6838394628331
2026-08-26,ARI incidence,2026-09-06,3,LT,quantile,0.75,258.9051309470884
2026-08-26,ARI incidence,2026-09-06,3,LT,quantile,0.65,229.0423083372937
2026-08-26,ARI incidence,2026-09-06,3,LT,quantile,0.8,279.7423324434467
2026-08-26,ARI incidence,2026-09-06,3,LT,quantile,0.7,243.14222395418665
2026-08-26,ARI incidence,2026-09-06,3,LT,quantile,0.6,216.9773827789514
2026-08-26,ARI incidence,2026-09-06,3,LT,quantile,0.99,516.6942844364871
2026-08-26,ARI incidence,2026-09-06,3,LT,quantile,0.95,392.1816654249867
2026-08-26,ARI incidence,2026-09-06,3,LT,quantile,0.5,194.57904859745264
2026-08-26,ARI incidence,2026-09-06,3,LT,quantile,0.975,451.97755165480095
2026-08-26,ARI incidence,2026-09-06,3,LT,quantile,0.55,204.61085180667095
2026-08-26,ARI incidence,2026-09-06,3,LT,quantile,0.3,155.38119348604775
2026-08-26,ARI incidence,2026-09-06,3,LT,quantile,0.45,184.56305382176788
2026-08-26,ARI incidence,2026-09-06,3,LT,quantile,0.25,146.0608792306126
2026-08-26,ARI incidence,2026-09-06,3,LT,quantile,0.4,174.08626411422193
2026-08-26,ARI incidence,2026-09-06,3,LT,quantile,0.15,124.78866722759514
2026-08-26,ARI incidence,2026-09-06,3,LT,quantile,0.35,165.02853660668512
2026-08-26,ARI incidence,2026-09-06,3,LT,quantile,0.2,135.8530252365965
2026-08-26,ARI incidence,2026-09-06,3,LT,quantile,0.1,112.20642539891692
2026-08-26,ARI incidence,2026-09-06,3,LT,quantile,0.01,71.28935458393595
2026-08-26,ARI incidence,2026-09-06,3,LT,quantile,0.05,94.74675529760952
2026-08-26,ARI incidence,2026-09-06,3,LT,quantile,0.025,83.1239541620493
2026-08-26,ARI incidence,2026-09-06,3,LT,median,NA,194.57904859745264
2026-08-26,ARI incidence,2026-09-13,4,LT,quantile,0.975,815.9094399813491
2026-08-26,ARI incidence,2026-09-13,4,LT,quantile,0.99,1069.1565331773372
2026-08-26,ARI incidence,2026-09-13,4,LT,quantile,0.45,217.1862753158461
2026-08-26,ARI incidence,2026-09-13,4,LT,quantile,0.5,234.75773486939696
2026-08-26,ARI incidence,2026-09-13,4,LT,quantile,0.6,275.4317980968792
2026-08-26,ARI incidence,2026-09-13,4,LT,quantile,0.95,657.4409131324892
2026-08-26,ARI incidence,2026-09-13,4,LT,quantile,0.4,200.7565215015968
2026-08-26,ARI incidence,2026-09-13,4,LT,quantile,0.9,515.3951678485209
2026-08-26,ARI incidence,2026-09-13,4,LT,quantile,0.35,184.49068888562735
2026-08-26,ARI incidence,2026-09-13,4,LT,quantile,0.55,254.32692837413927
2026-08-26,ARI incidence,2026-09-13,4,LT,quantile,0.85,445.3699746575117
2026-08-26,ARI incidence,2026-09-13,4,LT,quantile,0.65,298.10694963892496
2026-08-26,ARI incidence,2026-09-13,4,LT,quantile,0.75,356.5528968848976
2026-08-26,ARI incidence,2026-09-13,4,LT,quantile,0.7,324.0966528657416
2026-08-26,ARI incidence,2026-09-13,4,LT,quantile,0.8,393.6243100698173
2026-08-26,ARI incidence,2026-09-13,4,LT,quantile,0.25,153.12354556205315
2026-08-26,ARI incidence,2026-09-13,4,LT,quantile,0.3,168.55625436168586
2026-08-26,ARI incidence,2026-09-13,4,LT,quantile,0.2,135.72973753656274
2026-08-26,ARI incidence,2026-09-13,4,LT,quantile,0.1,101.23781715238928
2026-08-26,ARI incidence,2026-09-13,4,LT,quantile,0.15,119.2922747919834
2026-08-26,ARI incidence,2026-09-13,4,LT,quantile,0.05,79.04064521904466
2026-08-26,ARI incidence,2026-09-13,4,LT,quantile,0.01,50.87939220155128
2026-08-26,ARI incidence,2026-09-13,4,LT,quantile,0.025,64.23984192095607
2026-08-26,ARI incidence,2026-09-13,4,LT,median,NA,234.75773486939696
2026-08-26,ARI incidence,2026-08-23,1,LU,quantile,0.975,14655.577092112148
2026-08-26,ARI incidence,2026-08-23,1,LU,quantile,0.95,12733.377194121183
2026-08-26,ARI incidence,2026-08-23,1,LU,quantile,0.9,10785.658289212925
2026-08-26,ARI incidence,2026-08-23,1,LU,quantile,0.99,17468.09418272624
2026-08-26,ARI incidence,2026-08-23,1,LU,quantile,0.85,9655.677017633794
2026-08-26,ARI incidence,2026-08-23,1,LU,quantile,0.25,4480.788171804788
2026-08-26,ARI incidence,2026-08-23,1,LU,quantile,0.2,4160.76971981592
2026-08-26,ARI incidence,2026-08-23,1,LU,quantile,0.3,4814.745870628218
2026-08-26,ARI incidence,2026-08-23,1,LU,quantile,0.8,8831.346983392323
2026-08-26,ARI incidence,2026-08-23,1,LU,quantile,0.55,6451.356143125269
2026-08-26,ARI incidence,2026-08-23,1,LU,quantile,0.5,6096.509135779439
2026-08-26,ARI incidence,2026-08-23,1,LU,quantile,0.75,8226.593705333795
2026-08-26,ARI incidence,2026-08-23,1,LU,quantile,0.45,5773.5909091689055
2026-08-26,ARI incidence,2026-08-23,1,LU,quantile,0.6,6824.385924309655
2026-08-26,ARI incidence,2026-08-23,1,LU,quantile,0.15,3821.890143880414
2026-08-26,ARI incidence,2026-08-23,1,LU,quantile,0.7,7697.574231606717
2026-08-26,ARI incidence,2026-08-23,1,LU,quantile,0.65,7239.85976178711
2026-08-26,ARI incidence,2026-08-23,1,LU,quantile,0.4,5435.226945196673
2026-08-26,ARI incidence,2026-08-23,1,LU,quantile,0.35,5127.799767189186
2026-08-26,ARI incidence,2026-08-23,1,LU,quantile,0.1,3405.4211168454244
2026-08-26,ARI incidence,2026-08-23,1,LU,quantile,0.01,2110.488131418863
2026-08-26,ARI incidence,2026-08-23,1,LU,quantile,0.05,2878.634770640831
2026-08-26,ARI incidence,2026-08-23,1,LU,quantile,0.025,2513.2235222828044
2026-08-26,ARI incidence,2026-08-23,1,LU,median,NA,6096.509135779439
2026-08-26,ARI incidence,2026-08-30,2,LU,quantile,0.99,9897.9620507767
2026-08-26,ARI incidence,2026-08-30,2,LU,quantile,0.8,7125.848252901724
2026-08-26,ARI incidence,2026-08-30,2,LU,quantile,0.85,7436.58606719851
2026-08-26,ARI incidence,2026-08-30,2,LU,quantile,0.9,7826.383560549935
2026-08-26,ARI incidence,2026-08-30,2,LU,quantile,0.95,8492.571084256699
2026-08-26,ARI incidence,2026-08-30,2,LU,quantile,0.975,9103.351948306456
2026-08-26,ARI incidence,2026-08-30,2,LU,quantile,0.75,6865.17784587593
2026-08-26,ARI incidence,2026-08-30,2,LU,quantile,0.4,5593.02064926412
2026-08-26,ARI incidence,2026-08-30,2,LU,quantile,0.3,5261.490100510206
2026-08-26,ARI incidence,2026-08-30,2,LU,quantile,0.35,5418.947160072912
2026-08-26,ARI incidence,2026-08-30,2,LU,quantile,0.6,6241.537750641281
2026-08-26,ARI incidence,2026-08-30,2,LU,quantile,0.45,5754.253562088387
2026-08-26,ARI incidence,2026-08-30,2,LU,quantile,0.25,5077.920210565282
2026-08-26,ARI incidence,2026-08-30,2,LU,quantile,0.05,4077.305019045387
2026-08-26,ARI incidence,2026-08-30,2,LU,quantile,0.025,3798.2918341700665
2026-08-26,ARI incidence,2026-08-30,2,LU,quantile,0.01,3519.126316110058
2026-08-26,ARI incidence,2026-08-30,2,LU,quantile,0.15,4694.415206075375
2026-08-26,ARI incidence,2026-08-30,2,LU,quantile,0.2,4899.242155628084
2026-08-26,ARI incidence,2026-08-30,2,LU,quantile,0.1,4449.79967044937
2026-08-26,ARI incidence,2026-08-30,2,LU,quantile,0.55,6077.7702661664
2026-08-26,ARI incidence,2026-08-30,2,LU,quantile,0.5,5908.518949364661
2026-08-26,ARI incidence,2026-08-30,2,LU,quantile,0.7,6633.749368141831
2026-08-26,ARI incidence,2026-08-30,2,LU,quantile,0.65,6422.554988300633
2026-08-26,ARI incidence,2026-08-30,2,LU,median,NA,5908.518949364661
2026-08-26,ARI incidence,2026-09-06,3,LU,quantile,0.8,10091.49071159183
2026-08-26,ARI incidence,2026-09-06,3,LU,quantile,0.85,11135.404190284182
2026-08-26,ARI incidence,2026-09-06,3,LU,quantile,0.9,12662.30852923046
2026-08-26,ARI incidence,2026-09-06,3,LU,quantile,0.95,15226.953274759237
2026-08-26,ARI incidence,2026-09-06,3,LU,quantile,0.7,8628.179860148437
2026-08-26,ARI incidence,2026-09-06,3,LU,quantile,0.975,18024.05498999996
2026-08-26,ARI incidence,2026-09-06,3,LU,quantile,0.75,9304.988793008946
2026-08-26,ARI incidence,2026-09-06,3,LU,quantile,0.65,8056.324445396767
2026-08-26,ARI incidence,2026-09-06,3,LU,quantile,0.99,22132.462052658644
2026-08-26,ARI incidence,2026-09-06,3,LU,quantile,0.1,3373.5871407192776
2026-08-26,ARI incidence,2026-09-06,3,LU,quantile,0.55,7045.923827351611
2026-08-26,ARI incidence,2026-09-06,3,LU,quantile,0.6,7516.834464978019
2026-08-26,ARI incidence,2026-09-06,3,LU,quantile,0.15,3833.93988119959
2026-08-26,ARI incidence,2026-09-06,3,LU,quantile,0.2,4247.853639210423
2026-08-26,ARI incidence,2026-09-06,3,LU,quantile,0.25,4624.203244285809
2026-08-26,ARI incidence,2026-09-06,3,LU,quantile,0.05,2803.0798971182817
2026-08-26,ARI incidence,2026-09-06,3,LU,quantile,0.35,5371.7716954674725
2026-08-26,ARI incidence,2026-09-06,3,LU,quantile,0.025,2369.1651815168752
2026-08-26,ARI incidence,2026-09-06,3,LU,quantile,0.3,4997.018595196967
2026-08-26,ARI incidence,2026-09-06,3,LU,quantile,0.4,5756.57297261562
2026-08-26,ARI incidence,2026-09-06,3,LU,quantile,0.01,1963.5477044541256
2026-08-26,ARI incidence,2026-09-06,3,LU,quantile,0.45,6197.570873203945
2026-08-26,ARI incidence,2026-09-06,3,LU,quantile,0.5,6596.873418748684
2026-08-26,ARI incidence,2026-09-06,3,LU,median,NA,6596.873418748684
2026-08-26,ARI incidence,2026-09-13,4,LU,quantile,0.15,2345.773110805026
2026-08-26,ARI incidence,2026-09-13,4,LU,quantile,0.05,1656.3333087488038
2026-08-26,ARI incidence,2026-09-13,4,LU,quantile,0.1,2025.9006017869656
2026-08-26,ARI incidence,2026-09-13,4,LU,quantile,0.2,2630.357085547602
2026-08-26,ARI incidence,2026-09-13,4,LU,quantile,0.25,2918.660645672672
2026-08-26,ARI incidence,2026-09-13,4,LU,quantile,0.3,3184.464486065484
2026-08-26,ARI incidence,2026-09-13,4,LU,quantile,0.01,1088.7122450078662
2026-08-26,ARI incidence,2026-09-13,4,LU,quantile,0.025,1370.1868058958223
2026-08-26,ARI incidence,2026-09-13,4,LU,quantile,0.975,14254.61752921817
2026-08-26,ARI incidence,2026-09-13,4,LU,quantile,0.75,6488.034575918107
2026-08-26,ARI incidence,2026-09-13,4,LU,quantile,0.8,7219.747024500944
2026-08-26,ARI incidence,2026-09-13,4,LU,quantile,0.99,17799.86449897928
2026-08-26,ARI incidence,2026-09-13,4,LU,quantile,0.95,11692.131621624489
2026-08-26,ARI incidence,2026-09-13,4,LU,quantile,0.85,8072.785400246952
2026-08-26,ARI incidence,2026-09-13,4,LU,quantile,0.7,5953.870983972934
2026-08-26,ARI incidence,2026-09-13,4,LU,quantile,0.9,9417.892101488353
2026-08-26,ARI incidence,2026-09-13,4,LU,quantile,0.65,5509.882773236753
2026-08-26,ARI incidence,2026-09-13,4,LU,quantile,0.6,5075.536487695848
2026-08-26,ARI incidence,2026-09-13,4,LU,quantile,0.55,4691.511119048828
2026-08-26,ARI incidence,2026-09-13,4,LU,quantile,0.4,3727.1227650932087
2026-08-26,ARI incidence,2026-09-13,4,LU,quantile,0.45,4029.3404504799687
2026-08-26,ARI incidence,2026-09-13,4,LU,quantile,0.35,3449.004586636405
2026-08-26,ARI incidence,2026-09-13,4,LU,quantile,0.5,4336.400848500577
2026-08-26,ARI incidence,2026-09-13,4,LU,median,NA,4336.400848500577
2026-08-26,ARI incidence,2026-08-23,1,NL,quantile,0.01,78.04928443507652
2026-08-26,ARI incidence,2026-08-23,1,NL,quantile,0.025,80.564763847948
2026-08-26,ARI incidence,2026-08-23,1,NL,quantile,0.05,83.11710709667322
2026-08-26,ARI incidence,2026-08-23,1,NL,quantile,0.25,90.58954729869396
2026-08-26,ARI incidence,2026-08-23,1,NL,quantile,0.1,85.72461105047572
2026-08-26,ARI incidence,2026-08-23,1,NL,quantile,0.2,89.28399145770531
2026-08-26,ARI incidence,2026-08-23,1,NL,quantile,0.3,91.8907554248481
2026-08-26,ARI incidence,2026-08-23,1,NL,quantile,0.4,94.10788764987262
2026-08-26,ARI incidence,2026-08-23,1,NL,quantile,0.45,95.21481881860586
2026-08-26,ARI incidence,2026-08-23,1,NL,quantile,0.35,92.98452427711288
2026-08-26,ARI incidence,2026-08-23,1,NL,quantile,0.15,87.6499177717901
2026-08-26,ARI incidence,2026-08-23,1,NL,quantile,0.55,97.39569647792176
2026-08-26,ARI incidence,2026-08-23,1,NL,quantile,0.975,114.58850983398266
2026-08-26,ARI incidence,2026-08-23,1,NL,quantile,0.99,118.23469325774629
2026-08-26,ARI incidence,2026-08-23,1,NL,quantile,0.5,96.28519840818224
2026-08-26,ARI incidence,2026-08-23,1,NL,quantile,0.95,111.54314394914611
2026-08-26,ARI incidence,2026-08-23,1,NL,quantile,0.9,108.2484463657034
2026-08-26,ARI incidence,2026-08-23,1,NL,quantile,0.85,105.8534025588638
2026-08-26,ARI incidence,2026-08-23,1,NL,quantile,0.6,98.52348861345104
2026-08-26,ARI incidence,2026-08-23,1,NL,quantile,0.65,99.73403439978694
2026-08-26,ARI incidence,2026-08-23,1,NL,quantile,0.7,100.931061834061
2026-08-26,ARI incidence,2026-08-23,1,NL,quantile,0.75,102.25378047270104
2026-08-26,ARI incidence,2026-08-23,1,NL,quantile,0.8,103.8893286715546
2026-08-26,ARI incidence,2026-08-23,1,NL,median,NA,96.28519840818224
2026-08-26,ARI incidence,2026-08-30,2,NL,quantile,0.85,108.13701055004458
2026-08-26,ARI incidence,2026-08-30,2,NL,quantile,0.95,115.9721428250772
2026-08-26,ARI incidence,2026-08-30,2,NL,quantile,0.01,75.10607209132057
2026-08-26,ARI incidence,2026-08-30,2,NL,quantile,0.025,78.08495241469662
2026-08-26,ARI incidence,2026-08-30,2,NL,quantile,0.05,80.93350227519709
2026-08-26,ARI incidence,2026-08-30,2,NL,quantile,0.1,84.39812938871894
2026-08-26,ARI incidence,2026-08-30,2,NL,quantile,0.15,86.57301478223859
2026-08-26,ARI incidence,2026-08-30,2,NL,quantile,0.2,88.37383202506346
2026-08-26,ARI incidence,2026-08-30,2,NL,quantile,0.25,89.97223096787215
2026-08-26,ARI incidence,2026-08-30,2,NL,quantile,0.3,91.52254009812822
2026-08-26,ARI incidence,2026-08-30,2,NL,quantile,0.9,111.11794779573134
2026-08-26,ARI incidence,2026-08-30,2,NL,quantile,0.975,119.92589516609648
2026-08-26,ARI incidence,2026-08-30,2,NL,quantile,0.99,124.55015571230456
2026-08-26,ARI incidence,2026-08-30,2,NL,quantile,0.6,99.5583448332224
2026-08-26,ARI incidence,2026-08-30,2,NL,quantile,0.7,102.33238234411915
2026-08-26,ARI incidence,2026-08-30,2,NL,quantile,0.75,103.8519090046772
2026-08-26,ARI incidence,2026-08-30,2,NL,quantile,0.65,100.96745048623724
2026-08-26,ARI incidence,2026-08-30,2,NL,quantile,0.45,95.4753147251468
2026-08-26,ARI incidence,2026-08-30,2,NL,quantile,0.5,96.76929968661118
2026-08-26,ARI incidence,2026-08-30,2,NL,quantile,0.55,98.11397234766793
2026-08-26,ARI incidence,2026-08-30,2,NL,quantile,0.8,105.76462771670587
2026-08-26,ARI incidence,2026-08-30,2,NL,quantile,0.35,92.78892546986256
2026-08-26,ARI incidence,2026-08-30,2,NL,quantile,0.4,94.10881949697712
2026-08-26,ARI incidence,2026-08-30,2,NL,median,NA,96.76929968661118
2026-08-26,ARI incidence,2026-09-06,3,NL,quantile,0.05,76.02297534306601
2026-08-26,ARI incidence,2026-09-06,3,NL,quantile,0.1,79.45374895590768
2026-08-26,ARI incidence,2026-09-06,3,NL,quantile,0.15,82.19197008462434
2026-08-26,ARI incidence,2026-09-06,3,NL,quantile,0.2,84.28247798044062
2026-08-26,ARI incidence,2026-09-06,3,NL,quantile,0.25,86.1973613582104
2026-08-26,ARI incidence,2026-09-06,3,NL,quantile,0.3,87.9122403467438
2026-08-26,ARI incidence,2026-09-06,3,NL,quantile,0.01,69.5124488082281
2026-08-26,ARI incidence,2026-09-06,3,NL,quantile,0.025,72.73805038622754
2026-08-26,ARI incidence,2026-09-06,3,NL,quantile,0.35,89.58696525150141
2026-08-26,ARI incidence,2026-09-06,3,NL,quantile,0.4,91.03037173279694
2026-08-26,ARI incidence,2026-09-06,3,NL,quantile,0.45,92.54028117126634
2026-08-26,ARI incidence,2026-09-06,3,NL,quantile,0.5,94.05701685905304
2026-08-26,ARI incidence,2026-09-06,3,NL,quantile,0.55,95.59599756159945
2026-08-26,ARI incidence,2026-09-06,3,NL,quantile,0.6,97.1509999610972
2026-08-26,ARI incidence,2026-09-06,3,NL,quantile,0.65,98.85059435418196
2026-08-26,ARI incidence,2026-09-06,3,NL,quantile,0.7,100.85756034027028
2026-08-26,ARI incidence,2026-09-06,3,NL,quantile,0.75,102.88531625918442
2026-08-26,ARI incidence,2026-09-06,3,NL,quantile,0.9,111.36492516042486
2026-08-26,ARI incidence,2026-09-06,3,NL,quantile,0.95,117.08381997125387
2026-08-26,ARI incidence,2026-09-06,3,NL,quantile,0.8,105.25295301935734
2026-08-26,ARI incidence,2026-09-06,3,NL,quantile,0.85,108.10104787672024
2026-08-26,ARI incidence,2026-09-06,3,NL,quantile,0.99,128.536798808857
2026-08-26,ARI incidence,2026-09-06,3,NL,quantile,0.975,122.27098812036049
2026-08-26,ARI incidence,2026-09-06,3,NL,median,NA,94.05701685905304
2026-08-26,ARI incidence,2026-09-13,4,NL,quantile,0.8,109.26117021011318
2026-08-26,ARI incidence,2026-09-13,4,NL,quantile,0.99,133.07290092008532
2026-08-26,ARI incidence,2026-09-13,4,NL,quantile,0.75,106.6932556700842
2026-08-26,ARI incidence,2026-09-13,4,NL,quantile,0.9,115.80363068181516
2026-08-26,ARI incidence,2026-09-13,4,NL,quantile,0.95,122.00734962468188
2026-08-26,ARI incidence,2026-09-13,4,NL,quantile,0.7,104.42981255305055
2026-08-26,ARI incidence,2026-09-13,4,NL,quantile,0.975,127.07321794578696
2026-08-26,ARI incidence,2026-09-13,4,NL,quantile,0.85,112.02494066835794
2026-08-26,ARI incidence,2026-09-13,4,NL,quantile,0.65,102.289741046939
2026-08-26,ARI incidence,2026-09-13,4,NL,quantile,0.6,100.57276601502296
2026-08-26,ARI incidence,2026-09-13,4,NL,quantile,0.5,97.16110366986618
2026-08-26,ARI incidence,2026-09-13,4,NL,quantile,0.55,98.92806237105836
2026-08-26,ARI incidence,2026-09-13,4,NL,quantile,0.45,95.51698471307664
2026-08-26,ARI incidence,2026-09-13,4,NL,quantile,0.4,93.85482398347412
2026-08-26,ARI incidence,2026-09-13,4,NL,quantile,0.01,70.78968139600507
2026-08-26,ARI incidence,2026-09-13,4,NL,quantile,0.025,74.48791144173295
2026-08-26,ARI incidence,2026-09-13,4,NL,quantile,0.05,77.57550205128206
2026-08-26,ARI incidence,2026-09-13,4,NL,quantile,0.1,81.44240346919335
2026-08-26,ARI incidence,2026-09-13,4,NL,quantile,0.15,84.37920188726584
2026-08-26,ARI incidence,2026-09-13,4,NL,quantile,0.2,86.72870623529181
2026-08-26,ARI incidence,2026-09-13,4,NL,quantile,0.35,92.16990473869716
2026-08-26,ARI incidence,2026-09-13,4,NL,quantile,0.25,88.76125260067589
2026-08-26,ARI incidence,2026-09-13,4,NL,quantile,0.3,90.48176088669436
2026-08-26,ARI incidence,2026-09-13,4,NL,median,NA,97.16110366986618
2026-08-26,ARI incidence,2026-08-23,1,SI,quantile,0.2,233.886777590601
2026-08-26,ARI incidence,2026-08-23,1,SI,quantile,0.15,231.7601823038425
2026-08-26,ARI incidence,2026-08-23,1,SI,quantile,0.25,235.93618195634335
2026-08-26,ARI incidence,2026-08-23,1,SI,quantile,0.1,228.5845371762436
2026-08-26,ARI incidence,2026-08-23,1,SI,quantile,0.45,242.49522330626291
2026-08-26,ARI incidence,2026-08-23,1,SI,quantile,0.4,241.0151727607057
2026-08-26,ARI incidence,2026-08-23,1,SI,quantile,0.5,244.07471945414795
2026-08-26,ARI incidence,2026-08-23,1,SI,quantile,0.05,224.5113482056827
2026-08-26,ARI incidence,2026-08-23,1,SI,quantile,0.01,217.08957627948175
2026-08-26,ARI incidence,2026-08-23,1,SI,quantile,0.025,221.10706222879165
2026-08-26,ARI incidence,2026-08-23,1,SI,quantile,0.3,237.7510947897306
2026-08-26,ARI incidence,2026-08-23,1,SI,quantile,0.35,239.38836350653753
2026-08-26,ARI incidence,2026-08-23,1,SI,quantile,0.55,245.59788498238464
2026-08-26,ARI incidence,2026-08-23,1,SI,quantile,0.6,247.0725188587742
2026-08-26,ARI incidence,2026-08-23,1,SI,quantile,0.975,269.52048847139304
2026-08-26,ARI incidence,2026-08-23,1,SI,quantile,0.99,275.0091374362044
2026-08-26,ARI incidence,2026-08-23,1,SI,quantile,0.9,260.2791587884769
2026-08-26,ARI incidence,2026-08-23,1,SI,quantile,0.75,252.60710832822136
2026-08-26,ARI incidence,2026-08-23,1,SI,quantile,0.95,265.1990376323671
2026-08-26,ARI incidence,2026-08-23,1,SI,quantile,0.85,257.32192249840125
2026-08-26,ARI incidence,2026-08-23,1,SI,quantile,0.8,254.8773846516662
2026-08-26,ARI incidence,2026-08-23,1,SI,quantile,0.65,248.87232099975984
2026-08-26,ARI incidence,2026-08-23,1,SI,quantile,0.7,250.72086937539905
2026-08-26,ARI incidence,2026-08-23,1,SI,median,NA,244.07471945414795
2026-08-26,ARI incidence,2026-08-30,2,SI,quantile,0.1,260.4744802488573
2026-08-26,ARI incidence,2026-08-30,2,SI,quantile,0.05,253.8829190979151
2026-08-26,ARI incidence,2026-08-30,2,SI,quantile,0.99,333.33978255313195
2026-08-26,ARI incidence,2026-08-30,2,SI,quantile,0.95,318.6090881394039
2026-08-26,ARI incidence,2026-08-30,2,SI,quantile,0.975,325.59558672002174
2026-08-26,ARI incidence,2026-08-30,2,SI,quantile,0.9,310.9347301063496
2026-08-26,ARI incidence,2026-08-30,2,SI,quantile,0.15,264.95700665928445
2026-08-26,ARI incidence,2026-08-30,2,SI,quantile,0.2,268.4157387400227
2026-08-26,ARI incidence,2026-08-30,2,SI,quantile,0.85,305.46857625329875
2026-08-26,ARI incidence,2026-08-30,2,SI,quantile,0.8,301.3633550000984
2026-08-26,ARI incidence,2026-08-30,2,SI,quantile,0.7,294.63651624858437
2026-08-26,ARI incidence,2026-08-30,2,SI,quantile,0.75,297.7212504977783
2026-08-26,ARI incidence,2026-08-30,2,SI,quantile,0.35,276.8586884043516
2026-08-26,ARI incidence,2026-08-30,2,SI,quantile,0.4,279.4969574198086
2026-08-26,ARI incidence,2026-08-30,2,SI,quantile,0.65,291.96492978014135
2026-08-26,ARI incidence,2026-08-30,2,SI,quantile,0.25,271.2715405510537
2026-08-26,ARI incidence,2026-08-30,2,SI,quantile,0.3,274.1465907898763
2026-08-26,ARI incidence,2026-08-30,2,SI,quantile,0.6,289.18914770329616
2026-08-26,ARI incidence,2026-08-30,2,SI,quantile,0.025,248.473845248893
2026-08-26,ARI incidence,2026-08-30,2,SI,quantile,0.45,281.7943832242348
2026-08-26,ARI incidence,2026-08-30,2,SI,quantile,0.55,286.60197031615735
2026-08-26,ARI incidence,2026-08-30,2,SI,quantile,0.5,284.2517404554602
2026-08-26,ARI incidence,2026-08-30,2,SI,quantile,0.01,242.1101010073924
2026-08-26,ARI incidence,2026-08-30,2,SI,median,NA,284.2517404554602
2026-08-26,ARI incidence,2026-09-06,3,SI,quantile,0.975,400.3475806421037
2026-08-26,ARI incidence,2026-09-06,3,SI,quantile,0.65,262.80604176647927
2026-08-26,ARI incidence,2026-09-06,3,SI,quantile,0.55,245.5882282579387
2026-08-26,ARI incidence,2026-09-06,3,SI,quantile,0.6,254.05349070847305
2026-08-26,ARI incidence,2026-09-06,3,SI,quantile,0.99,440.13438813892014
2026-08-26,ARI incidence,2026-09-06,3,SI,quantile,0.85,312.093894296503
2026-08-26,ARI incidence,2026-09-06,3,SI,quantile,0.9,333.0801205695691
2026-08-26,ARI incidence,2026-09-06,3,SI,quantile,0.95,366.6509042708092
2026-08-26,ARI incidence,2026-09-06,3,SI,quantile,0.5,237.5764980778496
2026-08-26,ARI incidence,2026-09-06,3,SI,quantile,0.45,230.063883949702
2026-08-26,ARI incidence,2026-09-06,3,SI,quantile,0.4,222.70694141076916
2026-08-26,ARI incidence,2026-09-06,3,SI,quantile,0.35,214.75847575034211
2026-08-26,ARI incidence,2026-09-06,3,SI,quantile,0.25,199.1410896161815
2026-08-26,ARI incidence,2026-09-06,3,SI,quantile,0.3,207.0419427147234
2026-08-26,ARI incidence,2026-09-06,3,SI,quantile,0.1,169.91058327773163
2026-08-26,ARI incidence,2026-09-06,3,SI,quantile,0.7,273.4294480572559
2026-08-26,ARI incidence,2026-09-06,3,SI,quantile,0.75,284.5075535088876
2026-08-26,ARI incidence,2026-09-06,3,SI,quantile,0.8,296.6723756496664
2026-08-26,ARI incidence,2026-09-06,3,SI,quantile,0.05,152.96298583674195
2026-08-26,ARI incidence,2026-09-06,3,SI,quantile,0.2,190.97873442954165
2026-08-26,ARI incidence,2026-09-06,3,SI,quantile,0.15,181.0105884602935
2026-08-26,ARI incidence,2026-09-06,3,SI,quantile,0.025,140.01918919391505
2026-08-26,ARI incidence,2026-09-06,3,SI,quantile,0.01,128.11228828869997
2026-08-26,ARI incidence,2026-09-06,3,SI,median,NA,237.5764980778496
2026-08-26,ARI incidence,2026-09-13,4,SI,quantile,0.99,543.726307401155
2026-08-26,ARI incidence,2026-09-13,4,SI,quantile,0.9,409.4311121690358
2026-08-26,ARI incidence,2026-09-13,4,SI,quantile,0.975,492.7198574592295
2026-08-26,ARI incidence,2026-09-13,4,SI,quantile,0.85,382.7141864256121
2026-08-26,ARI incidence,2026-09-13,4,SI,quantile,0.8,362.0731492875069
2026-08-26,ARI incidence,2026-09-13,4,SI,quantile,0.7,331.2638358257979
2026-08-26,ARI incidence,2026-09-13,4,SI,quantile,0.95,450.824113406418
2026-08-26,ARI incidence,2026-09-13,4,SI,quantile,0.75,345.87369925240034
2026-08-26,ARI incidence,2026-09-13,4,SI,quantile,0.6,306.8902632063363
2026-08-26,ARI incidence,2026-09-13,4,SI,quantile,0.5,286.0418018226576
2026-08-26,ARI incidence,2026-09-13,4,SI,quantile,0.65,318.639818171806
2026-08-26,ARI incidence,2026-09-13,4,SI,quantile,0.55,295.61770608158145
2026-08-26,ARI incidence,2026-09-13,4,SI,quantile,0.45,276.8002364569249
2026-08-26,ARI incidence,2026-09-13,4,SI,quantile,0.3,248.50809314190371
2026-08-26,ARI incidence,2026-09-13,4,SI,quantile,0.35,258.3163080162035
2026-08-26,ARI incidence,2026-09-13,4,SI,quantile,0.4,267.6770563048193
2026-08-26,ARI incidence,2026-09-13,4,SI,quantile,0.1,203.28877780813676
2026-08-26,ARI incidence,2026-09-13,4,SI,quantile,0.15,217.74392443670135
2026-08-26,ARI incidence,2026-09-13,4,SI,quantile,0.01,151.97924129515957
2026-08-26,ARI incidence,2026-09-13,4,SI,quantile,0.2,229.38187887671432
2026-08-26,ARI incidence,2026-09-13,4,SI,quantile,0.05,183.41797288125417
2026-08-26,ARI incidence,2026-09-13,4,SI,quantile,0.025,168.40513515432983
2026-08-26,ARI incidence,2026-09-13,4,SI,quantile,0.25,239.1397153103424
2026-08-26,ARI incidence,2026-09-13,4,SI,median,NA,286.0418018226576
