origin_date,target,target_end_date,horizon,location,output_type,output_type_id,value
2026-09-09,ARI incidence,2026-09-06,1,BE,quantile,0.1,226.2489078209484
2026-09-09,ARI incidence,2026-09-06,1,BE,quantile,0.01,153.17891700489722
2026-09-09,ARI incidence,2026-09-06,1,BE,quantile,0.025,175.70221708148955
2026-09-09,ARI incidence,2026-09-06,1,BE,quantile,0.35,313.84872889764074
2026-09-09,ARI incidence,2026-09-06,1,BE,quantile,0.15,247.41178564928646
2026-09-09,ARI incidence,2026-09-06,1,BE,quantile,0.55,381.39665617165355
2026-09-09,ARI incidence,2026-09-06,1,BE,quantile,0.6,399.94773476275043
2026-09-09,ARI incidence,2026-09-06,1,BE,quantile,0.65,421.46563501999594
2026-09-09,ARI incidence,2026-09-06,1,BE,quantile,0.2,264.4999028178808
2026-09-09,ARI incidence,2026-09-06,1,BE,quantile,0.25,281.3128623645081
2026-09-09,ARI incidence,2026-09-06,1,BE,quantile,0.7,443.0521778627233
2026-09-09,ARI incidence,2026-09-06,1,BE,quantile,0.75,469.16461456138427
2026-09-09,ARI incidence,2026-09-06,1,BE,quantile,0.8,500.305858501934
2026-09-09,ARI incidence,2026-09-06,1,BE,quantile,0.5,363.79901489794884
2026-09-09,ARI incidence,2026-09-06,1,BE,quantile,0.05,197.2704863656803
2026-09-09,ARI incidence,2026-09-06,1,BE,quantile,0.95,677.8839684096794
2026-09-09,ARI incidence,2026-09-06,1,BE,quantile,0.4,330.14461641158346
2026-09-09,ARI incidence,2026-09-06,1,BE,quantile,0.85,540.5942774582014
2026-09-09,ARI incidence,2026-09-06,1,BE,quantile,0.9,591.8520526349854
2026-09-09,ARI incidence,2026-09-06,1,BE,quantile,0.45,346.63406595912056
2026-09-09,ARI incidence,2026-09-06,1,BE,quantile,0.975,771.5614448588889
2026-09-09,ARI incidence,2026-09-06,1,BE,quantile,0.3,297.62628503014275
2026-09-09,ARI incidence,2026-09-06,1,BE,quantile,0.99,885.6977342351796
2026-09-09,ARI incidence,2026-09-06,1,BE,median,,363.79901489794884
2026-09-09,ARI incidence,2026-09-13,2,BE,quantile,0.7,532.6692695028476
2026-09-09,ARI incidence,2026-09-13,2,BE,quantile,0.6,483.9380835223984
2026-09-09,ARI incidence,2026-09-13,2,BE,quantile,0.75,561.176441291899
2026-09-09,ARI incidence,2026-09-13,2,BE,quantile,0.85,630.7449780526173
2026-09-09,ARI incidence,2026-09-13,2,BE,quantile,0.55,464.0454573915881
2026-09-09,ARI incidence,2026-09-13,2,BE,quantile,0.65,506.27652446349435
2026-09-09,ARI incidence,2026-09-13,2,BE,quantile,0.8,591.9454563074266
2026-09-09,ARI incidence,2026-09-13,2,BE,quantile,0.01,200.36457695558062
2026-09-09,ARI incidence,2026-09-13,2,BE,quantile,0.35,390.0404668799064
2026-09-09,ARI incidence,2026-09-13,2,BE,quantile,0.4,407.2249071267843
2026-09-09,ARI incidence,2026-09-13,2,BE,quantile,0.45,426.65089783894894
2026-09-09,ARI incidence,2026-09-13,2,BE,quantile,0.5,446.21439280498214
2026-09-09,ARI incidence,2026-09-13,2,BE,quantile,0.9,683.819987880322
2026-09-09,ARI incidence,2026-09-13,2,BE,quantile,0.95,771.6353072934163
2026-09-09,ARI incidence,2026-09-13,2,BE,quantile,0.1,286.85338091998176
2026-09-09,ARI incidence,2026-09-13,2,BE,quantile,0.15,311.43942942886304
2026-09-09,ARI incidence,2026-09-13,2,BE,quantile,0.025,225.45975124268014
2026-09-09,ARI incidence,2026-09-13,2,BE,quantile,0.05,253.16501530245844
2026-09-09,ARI incidence,2026-09-13,2,BE,quantile,0.2,332.41301851807543
2026-09-09,ARI incidence,2026-09-13,2,BE,quantile,0.25,352.08718687144193
2026-09-09,ARI incidence,2026-09-13,2,BE,quantile,0.3,371.60478322671497
2026-09-09,ARI incidence,2026-09-13,2,BE,quantile,0.975,867.5410215912099
2026-09-09,ARI incidence,2026-09-13,2,BE,quantile,0.99,985.6856582504772
2026-09-09,ARI incidence,2026-09-13,2,BE,median,,446.21439280498214
2026-09-09,ARI incidence,2026-09-20,3,BE,quantile,0.5,506.20245101783377
2026-09-09,ARI incidence,2026-09-20,3,BE,quantile,0.55,540.1293802527382
2026-09-09,ARI incidence,2026-09-20,3,BE,quantile,0.45,476.5508763788248
2026-09-09,ARI incidence,2026-09-20,3,BE,quantile,0.85,860.8287061695598
2026-09-09,ARI incidence,2026-09-20,3,BE,quantile,0.3,391.0133910503296
2026-09-09,ARI incidence,2026-09-20,3,BE,quantile,0.9,979.4627783497208
2026-09-09,ARI incidence,2026-09-20,3,BE,quantile,0.7,664.3889646766104
2026-09-09,ARI incidence,2026-09-20,3,BE,quantile,0.8,777.9882423247429
2026-09-09,ARI incidence,2026-09-20,3,BE,quantile,0.975,1378.571130292913
2026-09-09,ARI incidence,2026-09-20,3,BE,quantile,0.99,1639.7302849451057
2026-09-09,ARI incidence,2026-09-20,3,BE,quantile,0.35,416.7769613527073
2026-09-09,ARI incidence,2026-09-20,3,BE,quantile,0.75,714.497409825809
2026-09-09,ARI incidence,2026-09-20,3,BE,quantile,0.25,361.2724634832095
2026-09-09,ARI incidence,2026-09-20,3,BE,quantile,0.4,447.30081367632636
2026-09-09,ARI incidence,2026-09-20,3,BE,quantile,0.05,216.76931706847148
2026-09-09,ARI incidence,2026-09-20,3,BE,quantile,0.025,188.35718259976926
2026-09-09,ARI incidence,2026-09-20,3,BE,quantile,0.01,157.39416996491613
2026-09-09,ARI incidence,2026-09-20,3,BE,quantile,0.15,300.88633726626375
2026-09-09,ARI incidence,2026-09-20,3,BE,quantile,0.6,575.1162339592868
2026-09-09,ARI incidence,2026-09-20,3,BE,quantile,0.95,1179.89799909336
2026-09-09,ARI incidence,2026-09-20,3,BE,quantile,0.65,617.6052193163621
2026-09-09,ARI incidence,2026-09-20,3,BE,quantile,0.2,331.52612696628375
2026-09-09,ARI incidence,2026-09-20,3,BE,quantile,0.1,264.54615987779636
2026-09-09,ARI incidence,2026-09-20,3,BE,median,,506.20245101783377
2026-09-09,ARI incidence,2026-09-27,4,BE,quantile,0.9,1281.039277152155
2026-09-09,ARI incidence,2026-09-27,4,BE,quantile,0.8,969.398426037089
2026-09-09,ARI incidence,2026-09-27,4,BE,quantile,0.85,1095.036071284632
2026-09-09,ARI incidence,2026-09-27,4,BE,quantile,0.99,2575.7648735002713
2026-09-09,ARI incidence,2026-09-27,4,BE,quantile,0.75,873.1359944084996
2026-09-09,ARI incidence,2026-09-27,4,BE,quantile,0.95,1611.7473858531123
2026-09-09,ARI incidence,2026-09-27,4,BE,quantile,0.975,1971.983519571569
2026-09-09,ARI incidence,2026-09-27,4,BE,quantile,0.7,798.2325220123103
2026-09-09,ARI incidence,2026-09-27,4,BE,quantile,0.65,729.5808468040775
2026-09-09,ARI incidence,2026-09-27,4,BE,quantile,0.025,165.03003853377044
2026-09-09,ARI incidence,2026-09-27,4,BE,quantile,0.05,201.9579663593481
2026-09-09,ARI incidence,2026-09-27,4,BE,quantile,0.1,250.85012368500176
2026-09-09,ARI incidence,2026-09-27,4,BE,quantile,0.15,294.67094737992187
2026-09-09,ARI incidence,2026-09-27,4,BE,quantile,0.3,406.9560716922888
2026-09-09,ARI incidence,2026-09-27,4,BE,quantile,0.2,335.33941830956405
2026-09-09,ARI incidence,2026-09-27,4,BE,quantile,0.35,441.57022707034037
2026-09-09,ARI incidence,2026-09-27,4,BE,quantile,0.25,371.982143050279
2026-09-09,ARI incidence,2026-09-27,4,BE,quantile,0.4,479.1280204074001
2026-09-09,ARI incidence,2026-09-27,4,BE,quantile,0.01,131.12311298305258
2026-09-09,ARI incidence,2026-09-27,4,BE,quantile,0.5,569.7462971468622
2026-09-09,ARI incidence,2026-09-27,4,BE,quantile,0.45,522.2451976525145
2026-09-09,ARI incidence,2026-09-27,4,BE,quantile,0.55,619.2612651031145
2026-09-09,ARI incidence,2026-09-27,4,BE,quantile,0.6,670.8742255921459
2026-09-09,ARI incidence,2026-09-27,4,BE,median,,569.7462971468622
2026-09-09,ARI incidence,2026-09-06,1,BG,quantile,0.025,193.7548845417864
2026-09-09,ARI incidence,2026-09-06,1,BG,quantile,0.05,195.28288188647082
2026-09-09,ARI incidence,2026-09-06,1,BG,quantile,0.01,192.23987306841258
2026-09-09,ARI incidence,2026-09-06,1,BG,quantile,0.1,197.00586513279865
2026-09-09,ARI incidence,2026-09-06,1,BG,quantile,0.4,201.93817685765606
2026-09-09,ARI incidence,2026-09-06,1,BG,quantile,0.15,198.15362693562145
2026-09-09,ARI incidence,2026-09-06,1,BG,quantile,0.2,199.06672644645278
2026-09-09,ARI incidence,2026-09-06,1,BG,quantile,0.45,202.5509523062119
2026-09-09,ARI incidence,2026-09-06,1,BG,quantile,0.25,199.93486697698796
2026-09-09,ARI incidence,2026-09-06,1,BG,quantile,0.5,203.1628753479983
2026-09-09,ARI incidence,2026-09-06,1,BG,quantile,0.3,200.6809977000024
2026-09-09,ARI incidence,2026-09-06,1,BG,quantile,0.35,201.33840055710732
2026-09-09,ARI incidence,2026-09-06,1,BG,quantile,0.8,207.30146607526257
2026-09-09,ARI incidence,2026-09-06,1,BG,quantile,0.75,206.49881874624543
2026-09-09,ARI incidence,2026-09-06,1,BG,quantile,0.65,205.02627227757904
2026-09-09,ARI incidence,2026-09-06,1,BG,quantile,0.55,203.75508186102093
2026-09-09,ARI incidence,2026-09-06,1,BG,quantile,0.7,205.73466471867178
2026-09-09,ARI incidence,2026-09-06,1,BG,quantile,0.6,204.4077739442691
2026-09-09,ARI incidence,2026-09-06,1,BG,quantile,0.85,208.24731073740958
2026-09-09,ARI incidence,2026-09-06,1,BG,quantile,0.9,209.40682362528668
2026-09-09,ARI incidence,2026-09-06,1,BG,quantile,0.95,211.35535557764965
2026-09-09,ARI incidence,2026-09-06,1,BG,quantile,0.975,212.84073943781587
2026-09-09,ARI incidence,2026-09-06,1,BG,quantile,0.99,214.49686713777058
2026-09-09,ARI incidence,2026-09-06,1,BG,median,,203.1628753479983
2026-09-09,ARI incidence,2026-09-13,2,BG,quantile,0.9,214.7996229297992
2026-09-09,ARI incidence,2026-09-13,2,BG,quantile,0.99,219.18235630246377
2026-09-09,ARI incidence,2026-09-13,2,BG,quantile,0.1,204.2109699105549
2026-09-09,ARI incidence,2026-09-13,2,BG,quantile,0.05,202.74704474023974
2026-09-09,ARI incidence,2026-09-13,2,BG,quantile,0.8,213.01736889574923
2026-09-09,ARI incidence,2026-09-13,2,BG,quantile,0.85,213.81418770529982
2026-09-09,ARI incidence,2026-09-13,2,BG,quantile,0.975,217.66361760592517
2026-09-09,ARI incidence,2026-09-13,2,BG,quantile,0.25,206.74874315317743
2026-09-09,ARI incidence,2026-09-13,2,BG,quantile,0.45,208.9565140538291
2026-09-09,ARI incidence,2026-09-13,2,BG,quantile,0.5,209.48694414422067
2026-09-09,ARI incidence,2026-09-13,2,BG,quantile,0.15,205.23733269755985
2026-09-09,ARI incidence,2026-09-13,2,BG,quantile,0.55,210.02688322814603
2026-09-09,ARI incidence,2026-09-13,2,BG,quantile,0.75,212.3117947192527
2026-09-09,ARI incidence,2026-09-13,2,BG,quantile,0.95,216.32260509650393
2026-09-09,ARI incidence,2026-09-13,2,BG,quantile,0.2,206.04520072825807
2026-09-09,ARI incidence,2026-09-13,2,BG,quantile,0.01,199.92580390366356
2026-09-09,ARI incidence,2026-09-13,2,BG,quantile,0.6,210.57262422334514
2026-09-09,ARI incidence,2026-09-13,2,BG,quantile,0.4,208.43650909152333
2026-09-09,ARI incidence,2026-09-13,2,BG,quantile,0.7,211.6698646585337
2026-09-09,ARI incidence,2026-09-13,2,BG,quantile,0.65,211.13811757346087
2026-09-09,ARI incidence,2026-09-13,2,BG,quantile,0.35,207.91153036659904
2026-09-09,ARI incidence,2026-09-13,2,BG,quantile,0.3,207.33858763416498
2026-09-09,ARI incidence,2026-09-13,2,BG,quantile,0.025,201.48993420277318
2026-09-09,ARI incidence,2026-09-13,2,BG,median,,209.48694414422067
2026-09-09,ARI incidence,2026-09-20,3,BG,quantile,0.8,217.62268138305865
2026-09-09,ARI incidence,2026-09-20,3,BG,quantile,0.65,216.07135837011958
2026-09-09,ARI incidence,2026-09-20,3,BG,quantile,0.55,215.2138324459978
2026-09-09,ARI incidence,2026-09-20,3,BG,quantile,0.2,211.90064932471483
2026-09-09,ARI incidence,2026-09-20,3,BG,quantile,0.35,213.44162674038753
2026-09-09,ARI incidence,2026-09-20,3,BG,quantile,0.6,215.63519568078266
2026-09-09,ARI incidence,2026-09-20,3,BG,quantile,0.75,217.1045292067408
2026-09-09,ARI incidence,2026-09-20,3,BG,quantile,0.4,213.8895837118513
2026-09-09,ARI incidence,2026-09-20,3,BG,quantile,0.45,214.3254749477873
2026-09-09,ARI incidence,2026-09-20,3,BG,quantile,0.7,216.5741270598367
2026-09-09,ARI incidence,2026-09-20,3,BG,quantile,0.85,218.31089776029643
2026-09-09,ARI incidence,2026-09-20,3,BG,quantile,0.3,212.95995914320292
2026-09-09,ARI incidence,2026-09-20,3,BG,quantile,0.25,212.4246493500588
2026-09-09,ARI incidence,2026-09-20,3,BG,quantile,0.15,211.20247053038952
2026-09-09,ARI incidence,2026-09-20,3,BG,quantile,0.1,210.42091539651872
2026-09-09,ARI incidence,2026-09-20,3,BG,quantile,0.05,209.27121271131207
2026-09-09,ARI incidence,2026-09-20,3,BG,quantile,0.9,219.11798638249434
2026-09-09,ARI incidence,2026-09-20,3,BG,quantile,0.025,208.27547973050133
2026-09-09,ARI incidence,2026-09-20,3,BG,quantile,0.01,207.09295049911844
2026-09-09,ARI incidence,2026-09-20,3,BG,quantile,0.5,214.77240733197658
2026-09-09,ARI incidence,2026-09-20,3,BG,quantile,0.975,221.4384164215944
2026-09-09,ARI incidence,2026-09-20,3,BG,quantile,0.99,222.5576687111629
2026-09-09,ARI incidence,2026-09-20,3,BG,quantile,0.95,220.4367914382352
2026-09-09,ARI incidence,2026-09-20,3,BG,median,,214.77240733197658
2026-09-09,ARI incidence,2026-09-27,4,BG,quantile,0.95,248.20006064444078
2026-09-09,ARI incidence,2026-09-27,4,BG,quantile,0.9,242.57277184881974
2026-09-09,ARI incidence,2026-09-27,4,BG,quantile,0.99,258.88221685345536
2026-09-09,ARI incidence,2026-09-27,4,BG,quantile,0.85,239.1796336887803
2026-09-09,ARI incidence,2026-09-27,4,BG,quantile,0.8,236.34537411477856
2026-09-09,ARI incidence,2026-09-27,4,BG,quantile,0.7,231.88829918180534
2026-09-09,ARI incidence,2026-09-27,4,BG,quantile,0.75,233.9751287586076
2026-09-09,ARI incidence,2026-09-27,4,BG,quantile,0.65,230.01235102960501
2026-09-09,ARI incidence,2026-09-27,4,BG,quantile,0.6,228.16393063728864
2026-09-09,ARI incidence,2026-09-27,4,BG,quantile,0.975,253.2276638950039
2026-09-09,ARI incidence,2026-09-27,4,BG,quantile,0.4,221.35643327771015
2026-09-09,ARI incidence,2026-09-27,4,BG,quantile,0.5,224.73936113187975
2026-09-09,ARI incidence,2026-09-27,4,BG,quantile,0.55,226.4436901697801
2026-09-09,ARI incidence,2026-09-27,4,BG,quantile,0.45,223.07325428539548
2026-09-09,ARI incidence,2026-09-27,4,BG,quantile,0.35,219.47845052928113
2026-09-09,ARI incidence,2026-09-27,4,BG,quantile,0.25,215.64013569785948
2026-09-09,ARI incidence,2026-09-27,4,BG,quantile,0.3,217.64587525998556
2026-09-09,ARI incidence,2026-09-27,4,BG,quantile,0.1,207.9028135913867
2026-09-09,ARI incidence,2026-09-27,4,BG,quantile,0.15,211.06540792333726
2026-09-09,ARI incidence,2026-09-27,4,BG,quantile,0.2,213.43516543017336
2026-09-09,ARI incidence,2026-09-27,4,BG,quantile,0.05,203.0944469210519
2026-09-09,ARI incidence,2026-09-27,4,BG,quantile,0.01,194.8853484672133
2026-09-09,ARI incidence,2026-09-27,4,BG,quantile,0.025,199.63179399957423
2026-09-09,ARI incidence,2026-09-27,4,BG,median,,224.73936113187975
2026-09-09,ARI incidence,2026-09-06,1,CY,quantile,0.5,4150.45942921572
2026-09-09,ARI incidence,2026-09-06,1,CY,quantile,0.45,4043.287658402789
2026-09-09,ARI incidence,2026-09-06,1,CY,quantile,0.7,4653.011258227276
2026-09-09,ARI incidence,2026-09-06,1,CY,quantile,0.4,3940.218009802912
2026-09-09,ARI incidence,2026-09-06,1,CY,quantile,0.3,3711.2049522399857
2026-09-09,ARI incidence,2026-09-06,1,CY,quantile,0.25,3580.333163784521
2026-09-09,ARI incidence,2026-09-06,1,CY,quantile,0.35,3834.0957781057764
2026-09-09,ARI incidence,2026-09-06,1,CY,quantile,0.55,4270.855624431987
2026-09-09,ARI incidence,2026-09-06,1,CY,quantile,0.6,4390.765232012145
2026-09-09,ARI incidence,2026-09-06,1,CY,quantile,0.65,4515.136335347783
2026-09-09,ARI incidence,2026-09-06,1,CY,quantile,0.75,4801.744947825375
2026-09-09,ARI incidence,2026-09-06,1,CY,quantile,0.05,2905.078483421816
2026-09-09,ARI incidence,2026-09-06,1,CY,quantile,0.1,3147.9938576983227
2026-09-09,ARI incidence,2026-09-06,1,CY,quantile,0.8,4987.415602710914
2026-09-09,ARI incidence,2026-09-06,1,CY,quantile,0.2,3461.663482237299
2026-09-09,ARI incidence,2026-09-06,1,CY,quantile,0.85,5193.0342816123875
2026-09-09,ARI incidence,2026-09-06,1,CY,quantile,0.9,5462.384332018631
2026-09-09,ARI incidence,2026-09-06,1,CY,quantile,0.01,2533.885599604098
2026-09-09,ARI incidence,2026-09-06,1,CY,quantile,0.025,2725.0528774050867
2026-09-09,ARI incidence,2026-09-06,1,CY,quantile,0.15,3324.3680905011406
2026-09-09,ARI incidence,2026-09-06,1,CY,quantile,0.99,6785.871097016715
2026-09-09,ARI incidence,2026-09-06,1,CY,quantile,0.95,5913.82199976723
2026-09-09,ARI incidence,2026-09-06,1,CY,quantile,0.975,6290.90321548373
2026-09-09,ARI incidence,2026-09-06,1,CY,median,,4150.45942921572
2026-09-09,ARI incidence,2026-09-13,2,CY,quantile,0.45,3534.5285299665393
2026-09-09,ARI incidence,2026-09-13,2,CY,quantile,0.5,3623.8355076007656
2026-09-09,ARI incidence,2026-09-13,2,CY,quantile,0.55,3709.200099427401
2026-09-09,ARI incidence,2026-09-13,2,CY,quantile,0.4,3444.350130893067
2026-09-09,ARI incidence,2026-09-13,2,CY,quantile,0.8,4247.195965162737
2026-09-09,ARI incidence,2026-09-13,2,CY,quantile,0.3,3263.983047225375
2026-09-09,ARI incidence,2026-09-13,2,CY,quantile,0.6,3798.692749478015
2026-09-09,ARI incidence,2026-09-13,2,CY,quantile,0.35,3356.3701489891264
2026-09-09,ARI incidence,2026-09-13,2,CY,quantile,0.75,4116.326022824923
2026-09-09,ARI incidence,2026-09-13,2,CY,quantile,0.99,5572.807883165013
2026-09-09,ARI incidence,2026-09-13,2,CY,quantile,0.65,3891.679309912112
2026-09-09,ARI incidence,2026-09-13,2,CY,quantile,0.7,3993.261044271967
2026-09-09,ARI incidence,2026-09-13,2,CY,quantile,0.25,3170.5961319525436
2026-09-09,ARI incidence,2026-09-13,2,CY,quantile,0.01,2329.968805627855
2026-09-09,ARI incidence,2026-09-13,2,CY,quantile,0.9,4606.198654578725
2026-09-09,ARI incidence,2026-09-13,2,CY,quantile,0.025,2517.6760504980393
2026-09-09,ARI incidence,2026-09-13,2,CY,quantile,0.05,2655.726505480485
2026-09-09,ARI incidence,2026-09-13,2,CY,quantile,0.85,4398.456529611323
2026-09-09,ARI incidence,2026-09-13,2,CY,quantile,0.15,2957.912615396055
2026-09-09,ARI incidence,2026-09-13,2,CY,quantile,0.2,3071.818026324644
2026-09-09,ARI incidence,2026-09-13,2,CY,quantile,0.1,2826.928722998356
2026-09-09,ARI incidence,2026-09-13,2,CY,quantile,0.975,5231.945030569888
2026-09-09,ARI incidence,2026-09-13,2,CY,quantile,0.95,4932.378411972365
2026-09-09,ARI incidence,2026-09-13,2,CY,median,,3623.8355076007656
2026-09-09,ARI incidence,2026-09-20,3,CY,quantile,0.25,3125.4824774936687
2026-09-09,ARI incidence,2026-09-20,3,CY,quantile,0.2,3045.868183129821
2026-09-09,ARI incidence,2026-09-20,3,CY,quantile,0.1,2839.993890440162
2026-09-09,ARI incidence,2026-09-20,3,CY,quantile,0.01,2413.024458846972
2026-09-09,ARI incidence,2026-09-20,3,CY,quantile,0.3,3199.403547596261
2026-09-09,ARI incidence,2026-09-20,3,CY,quantile,0.15,2955.753630316826
2026-09-09,ARI incidence,2026-09-20,3,CY,quantile,0.05,2681.6216128699316
2026-09-09,ARI incidence,2026-09-20,3,CY,quantile,0.025,2560.8058892670415
2026-09-09,ARI incidence,2026-09-20,3,CY,quantile,0.6,3614.508092851444
2026-09-09,ARI incidence,2026-09-20,3,CY,quantile,0.4,3338.080656444319
2026-09-09,ARI incidence,2026-09-20,3,CY,quantile,0.45,3406.1473747077143
2026-09-09,ARI incidence,2026-09-20,3,CY,quantile,0.35,3268.0228310007956
2026-09-09,ARI incidence,2026-09-20,3,CY,quantile,0.55,3540.720203002712
2026-09-09,ARI incidence,2026-09-20,3,CY,quantile,0.5,3473.4145712588474
2026-09-09,ARI incidence,2026-09-20,3,CY,quantile,0.65,3692.3880800904753
2026-09-09,ARI incidence,2026-09-20,3,CY,quantile,0.7,3779.4140455537076
2026-09-09,ARI incidence,2026-09-20,3,CY,quantile,0.75,3861.2696496880108
2026-09-09,ARI incidence,2026-09-20,3,CY,quantile,0.8,3977.379748020002
2026-09-09,ARI incidence,2026-09-20,3,CY,quantile,0.85,4104.2744779092955
2026-09-09,ARI incidence,2026-09-20,3,CY,quantile,0.9,4269.419767612905
2026-09-09,ARI incidence,2026-09-20,3,CY,quantile,0.95,4520.630590946259
2026-09-09,ARI incidence,2026-09-20,3,CY,quantile,0.975,4760.034021022594
2026-09-09,ARI incidence,2026-09-20,3,CY,quantile,0.99,5063.99379128038
2026-09-09,ARI incidence,2026-09-20,3,CY,median,,3473.4145712588474
2026-09-09,ARI incidence,2026-09-27,4,CY,quantile,0.975,7139.607344165607
2026-09-09,ARI incidence,2026-09-27,4,CY,quantile,0.95,6386.874725889145
2026-09-09,ARI incidence,2026-09-27,4,CY,quantile,0.85,5195.251467939162
2026-09-09,ARI incidence,2026-09-27,4,CY,quantile,0.9,5658.572217210728
2026-09-09,ARI incidence,2026-09-27,4,CY,quantile,0.65,4147.444628581883
2026-09-09,ARI incidence,2026-09-27,4,CY,quantile,0.6,3976.1746011550085
2026-09-09,ARI incidence,2026-09-27,4,CY,quantile,0.7,4361.7445234955985
2026-09-09,ARI incidence,2026-09-27,4,CY,quantile,0.55,3811.0903891219236
2026-09-09,ARI incidence,2026-09-27,4,CY,quantile,0.75,4583.212365878473
2026-09-09,ARI incidence,2026-09-27,4,CY,quantile,0.99,8293.0380700378
2026-09-09,ARI incidence,2026-09-27,4,CY,quantile,0.8,4863.127599942376
2026-09-09,ARI incidence,2026-09-27,4,CY,quantile,0.5,3639.3001206721988
2026-09-09,ARI incidence,2026-09-27,4,CY,quantile,0.4,3329.0482841930743
2026-09-09,ARI incidence,2026-09-27,4,CY,quantile,0.45,3479.190795968404
2026-09-09,ARI incidence,2026-09-27,4,CY,quantile,0.35,3180.4415170754796
2026-09-09,ARI incidence,2026-09-27,4,CY,quantile,0.2,2722.2831933961465
2026-09-09,ARI incidence,2026-09-27,4,CY,quantile,0.3,3032.9612750588585
2026-09-09,ARI incidence,2026-09-27,4,CY,quantile,0.05,2064.299128342083
2026-09-09,ARI incidence,2026-09-27,4,CY,quantile,0.25,2882.6206200177494
2026-09-09,ARI incidence,2026-09-27,4,CY,quantile,0.15,2530.8232926671403
2026-09-09,ARI incidence,2026-09-27,4,CY,quantile,0.025,1834.5946361793426
2026-09-09,ARI incidence,2026-09-27,4,CY,quantile,0.1,2337.0495393155643
2026-09-09,ARI incidence,2026-09-27,4,CY,quantile,0.01,1621.5609814840238
2026-09-09,ARI incidence,2026-09-27,4,CY,median,,3639.3001206721988
2026-09-09,ARI incidence,2026-09-06,1,DE,quantile,0.975,659.9312923154971
2026-09-09,ARI incidence,2026-09-06,1,DE,quantile,0.99,676.1085854568835
2026-09-09,ARI incidence,2026-09-06,1,DE,quantile,0.95,646.6876514935739
2026-09-09,ARI incidence,2026-09-06,1,DE,quantile,0.9,629.8287817784479
2026-09-09,ARI incidence,2026-09-06,1,DE,quantile,0.85,618.2178485347094
2026-09-09,ARI incidence,2026-09-06,1,DE,quantile,0.65,589.6657727167956
2026-09-09,ARI incidence,2026-09-06,1,DE,quantile,0.01,487.17815180751666
2026-09-09,ARI incidence,2026-09-06,1,DE,quantile,0.8,609.0218110199519
2026-09-09,ARI incidence,2026-09-06,1,DE,quantile,0.7,595.7038578553108
2026-09-09,ARI incidence,2026-09-06,1,DE,quantile,0.6,583.8791178009201
2026-09-09,ARI incidence,2026-09-06,1,DE,quantile,0.025,500.01672525300853
2026-09-09,ARI incidence,2026-09-06,1,DE,quantile,0.75,601.9834326602759
2026-09-09,ARI incidence,2026-09-06,1,DE,quantile,0.55,578.3307093872043
2026-09-09,ARI incidence,2026-09-06,1,DE,quantile,0.1,523.1577046236512
2026-09-09,ARI incidence,2026-09-06,1,DE,quantile,0.5,573.3381914154646
2026-09-09,ARI incidence,2026-09-06,1,DE,quantile,0.45,567.7451016643963
2026-09-09,ARI incidence,2026-09-06,1,DE,quantile,0.4,562.9862058370688
2026-09-09,ARI incidence,2026-09-06,1,DE,quantile,0.05,510.5680384754661
2026-09-09,ARI incidence,2026-09-06,1,DE,quantile,0.25,546.121325972576
2026-09-09,ARI incidence,2026-09-06,1,DE,quantile,0.2,539.559594951841
2026-09-09,ARI incidence,2026-09-06,1,DE,quantile,0.35,557.4026701655644
2026-09-09,ARI incidence,2026-09-06,1,DE,quantile,0.3,552.2799034627205
2026-09-09,ARI incidence,2026-09-06,1,DE,quantile,0.15,532.5769424236978
2026-09-09,ARI incidence,2026-09-06,1,DE,median,,573.3381914154646
2026-09-09,ARI incidence,2026-09-13,2,DE,quantile,0.025,500.64466826542406
2026-09-09,ARI incidence,2026-09-13,2,DE,quantile,0.5,600.334869259779
2026-09-09,ARI incidence,2026-09-13,2,DE,quantile,0.35,579.3286136730349
2026-09-09,ARI incidence,2026-09-13,2,DE,quantile,0.05,515.9126279036551
2026-09-09,ARI incidence,2026-09-13,2,DE,quantile,0.75,638.8502437223158
2026-09-09,ARI incidence,2026-09-13,2,DE,quantile,0.975,721.2111720898274
2026-09-09,ARI incidence,2026-09-13,2,DE,quantile,0.95,699.9947718914524
2026-09-09,ARI incidence,2026-09-13,2,DE,quantile,0.85,660.3015013814754
2026-09-09,ARI incidence,2026-09-13,2,DE,quantile,0.9,675.5928653747213
2026-09-09,ARI incidence,2026-09-13,2,DE,quantile,0.45,593.6969065659147
2026-09-09,ARI incidence,2026-09-13,2,DE,quantile,0.99,744.1158037474597
2026-09-09,ARI incidence,2026-09-13,2,DE,quantile,0.8,648.451770339286
2026-09-09,ARI incidence,2026-09-13,2,DE,quantile,0.4,586.6448993221713
2026-09-09,ARI incidence,2026-09-13,2,DE,quantile,0.7,630.063847899877
2026-09-09,ARI incidence,2026-09-13,2,DE,quantile,0.1,534.1448123485219
2026-09-09,ARI incidence,2026-09-13,2,DE,quantile,0.2,556.0170709131218
2026-09-09,ARI incidence,2026-09-13,2,DE,quantile,0.15,546.0798598788955
2026-09-09,ARI incidence,2026-09-13,2,DE,quantile,0.01,485.2586623033461
2026-09-09,ARI incidence,2026-09-13,2,DE,quantile,0.55,607.3637838385721
2026-09-09,ARI incidence,2026-09-13,2,DE,quantile,0.3,572.0885062858152
2026-09-09,ARI incidence,2026-09-13,2,DE,quantile,0.25,564.662389238313
2026-09-09,ARI incidence,2026-09-13,2,DE,quantile,0.6,614.4435614279646
2026-09-09,ARI incidence,2026-09-13,2,DE,quantile,0.65,621.7199134225223
2026-09-09,ARI incidence,2026-09-13,2,DE,median,,600.334869259779
2026-09-09,ARI incidence,2026-09-20,3,DE,quantile,0.01,486.71968183803733
2026-09-09,ARI incidence,2026-09-20,3,DE,quantile,0.025,516.6706107495423
2026-09-09,ARI incidence,2026-09-20,3,DE,quantile,0.05,537.2679090707629
2026-09-09,ARI incidence,2026-09-20,3,DE,quantile,0.7,722.5388092820629
2026-09-09,ARI incidence,2026-09-20,3,DE,quantile,0.1,564.2280103952928
2026-09-09,ARI incidence,2026-09-20,3,DE,quantile,0.15,584.4359008551389
2026-09-09,ARI incidence,2026-09-20,3,DE,quantile,0.2,600.5335792887057
2026-09-09,ARI incidence,2026-09-20,3,DE,quantile,0.975,880.061669782823
2026-09-09,ARI incidence,2026-09-20,3,DE,quantile,0.99,919.2444480918897
2026-09-09,ARI incidence,2026-09-20,3,DE,quantile,0.25,614.2485667913405
2026-09-09,ARI incidence,2026-09-20,3,DE,quantile,0.65,709.447332287104
2026-09-09,ARI incidence,2026-09-20,3,DE,quantile,0.6,696.2994798823911
2026-09-09,ARI incidence,2026-09-20,3,DE,quantile,0.9,799.8674045022283
2026-09-09,ARI incidence,2026-09-20,3,DE,quantile,0.95,841.5653670915323
2026-09-09,ARI incidence,2026-09-20,3,DE,quantile,0.45,662.2414985087487
2026-09-09,ARI incidence,2026-09-20,3,DE,quantile,0.5,673.7086427314039
2026-09-09,ARI incidence,2026-09-20,3,DE,quantile,0.55,685.3716580847081
2026-09-09,ARI incidence,2026-09-20,3,DE,quantile,0.3,625.9916377832401
2026-09-09,ARI incidence,2026-09-20,3,DE,quantile,0.35,638.4927745068671
2026-09-09,ARI incidence,2026-09-20,3,DE,quantile,0.75,736.3757298611699
2026-09-09,ARI incidence,2026-09-20,3,DE,quantile,0.4,650.0881437627021
2026-09-09,ARI incidence,2026-09-20,3,DE,quantile,0.8,753.0537532619296
2026-09-09,ARI incidence,2026-09-20,3,DE,quantile,0.85,773.4202568847824
2026-09-09,ARI incidence,2026-09-20,3,DE,median,,673.7086427314039
2026-09-09,ARI incidence,2026-09-27,4,DE,quantile,0.01,486.79011609218185
2026-09-09,ARI incidence,2026-09-27,4,DE,quantile,0.025,520.6747980964003
2026-09-09,ARI incidence,2026-09-27,4,DE,quantile,0.05,554.1211051422752
2026-09-09,ARI incidence,2026-09-27,4,DE,quantile,0.65,820.2781518251601
2026-09-09,ARI incidence,2026-09-27,4,DE,quantile,0.1,595.5625369452392
2026-09-09,ARI incidence,2026-09-27,4,DE,quantile,0.15,624.7439573663291
2026-09-09,ARI incidence,2026-09-27,4,DE,quantile,0.6,800.6863202412422
2026-09-09,ARI incidence,2026-09-27,4,DE,quantile,0.55,780.9301787873394
2026-09-09,ARI incidence,2026-09-27,4,DE,quantile,0.2,649.9229654202119
2026-09-09,ARI incidence,2026-09-27,4,DE,quantile,0.5,764.1823902384822
2026-09-09,ARI incidence,2026-09-27,4,DE,quantile,0.8,896.3782370631934
2026-09-09,ARI incidence,2026-09-27,4,DE,quantile,0.85,932.3503327373307
2026-09-09,ARI incidence,2026-09-27,4,DE,quantile,0.975,1116.0092081148337
2026-09-09,ARI incidence,2026-09-27,4,DE,quantile,0.9,977.2058957491632
2026-09-09,ARI incidence,2026-09-27,4,DE,quantile,0.95,1048.5238759860044
2026-09-09,ARI incidence,2026-09-27,4,DE,quantile,0.75,867.4585889681484
2026-09-09,ARI incidence,2026-09-27,4,DE,quantile,0.45,746.695126841182
2026-09-09,ARI incidence,2026-09-27,4,DE,quantile,0.99,1202.8566628037843
2026-09-09,ARI incidence,2026-09-27,4,DE,quantile,0.7,842.3648772066026
2026-09-09,ARI incidence,2026-09-27,4,DE,quantile,0.4,728.4356875982312
2026-09-09,ARI incidence,2026-09-27,4,DE,quantile,0.35,709.4462009876771
2026-09-09,ARI incidence,2026-09-27,4,DE,quantile,0.3,690.1560881845782
2026-09-09,ARI incidence,2026-09-27,4,DE,quantile,0.25,671.6377211669128
2026-09-09,ARI incidence,2026-09-27,4,DE,median,,764.1823902384822
2026-09-09,ARI incidence,2026-09-06,1,ES,quantile,0.7,223.06592243684912
2026-09-09,ARI incidence,2026-09-06,1,ES,quantile,0.1,177.77759804894356
2026-09-09,ARI incidence,2026-09-06,1,ES,quantile,0.2,187.79416088918853
2026-09-09,ARI incidence,2026-09-06,1,ES,quantile,0.05,169.35859315183026
2026-09-09,ARI incidence,2026-09-06,1,ES,quantile,0.15,183.39393479906414
2026-09-09,ARI incidence,2026-09-06,1,ES,quantile,0.45,205.42931847705114
2026-09-09,ARI incidence,2026-09-06,1,ES,quantile,0.55,212.08331397738652
2026-09-09,ARI incidence,2026-09-06,1,ES,quantile,0.6,215.65054863733104
2026-09-09,ARI incidence,2026-09-06,1,ES,quantile,0.65,219.23818523762947
2026-09-09,ARI incidence,2026-09-06,1,ES,quantile,0.9,245.50757376353428
2026-09-09,ARI incidence,2026-09-06,1,ES,quantile,0.025,162.70012237149044
2026-09-09,ARI incidence,2026-09-06,1,ES,quantile,0.4,202.11440997103534
2026-09-09,ARI incidence,2026-09-06,1,ES,quantile,0.3,195.53591310727623
2026-09-09,ARI incidence,2026-09-06,1,ES,quantile,0.5,208.8509912039908
2026-09-09,ARI incidence,2026-09-06,1,ES,quantile,0.75,227.12097031666997
2026-09-09,ARI incidence,2026-09-06,1,ES,quantile,0.8,232.14340051385508
2026-09-09,ARI incidence,2026-09-06,1,ES,quantile,0.85,237.97041955634893
2026-09-09,ARI incidence,2026-09-06,1,ES,quantile,0.95,258.0039710335057
2026-09-09,ARI incidence,2026-09-06,1,ES,quantile,0.25,192.05257210233492
2026-09-09,ARI incidence,2026-09-06,1,ES,quantile,0.35,198.87277837096076
2026-09-09,ARI incidence,2026-09-06,1,ES,quantile,0.975,268.2819320400152
2026-09-09,ARI incidence,2026-09-06,1,ES,quantile,0.99,280.50512069472313
2026-09-09,ARI incidence,2026-09-06,1,ES,quantile,0.01,155.25156062155028
2026-09-09,ARI incidence,2026-09-06,1,ES,median,,208.8509912039908
2026-09-09,ARI incidence,2026-09-13,2,ES,quantile,0.9,281.6678625787757
2026-09-09,ARI incidence,2026-09-13,2,ES,quantile,0.95,298.71896301929684
2026-09-09,ARI incidence,2026-09-13,2,ES,quantile,0.85,269.7349629550303
2026-09-09,ARI incidence,2026-09-13,2,ES,quantile,0.15,188.47191792490273
2026-09-09,ARI incidence,2026-09-13,2,ES,quantile,0.975,317.8136208581614
2026-09-09,ARI incidence,2026-09-13,2,ES,quantile,0.1,180.97853169424363
2026-09-09,ARI incidence,2026-09-13,2,ES,quantile,0.25,200.7618661527677
2026-09-09,ARI incidence,2026-09-13,2,ES,quantile,0.2,194.9232125213313
2026-09-09,ARI incidence,2026-09-13,2,ES,quantile,0.55,230.24916874636335
2026-09-09,ARI incidence,2026-09-13,2,ES,quantile,0.35,210.31255479496622
2026-09-09,ARI incidence,2026-09-13,2,ES,quantile,0.8,260.40692494647703
2026-09-09,ARI incidence,2026-09-13,2,ES,quantile,0.99,337.2851186316338
2026-09-09,ARI incidence,2026-09-13,2,ES,quantile,0.65,240.39727029894897
2026-09-09,ARI incidence,2026-09-13,2,ES,quantile,0.4,215.34502406484324
2026-09-09,ARI incidence,2026-09-13,2,ES,quantile,0.025,162.94918736053506
2026-09-09,ARI incidence,2026-09-13,2,ES,quantile,0.75,252.58188564237363
2026-09-09,ARI incidence,2026-09-13,2,ES,quantile,0.05,170.49522202537258
2026-09-09,ARI incidence,2026-09-13,2,ES,quantile,0.01,152.51568974735713
2026-09-09,ARI incidence,2026-09-13,2,ES,quantile,0.7,246.4401363244126
2026-09-09,ARI incidence,2026-09-13,2,ES,quantile,0.6,235.26476811569773
2026-09-09,ARI incidence,2026-09-13,2,ES,quantile,0.5,224.66629315186648
2026-09-09,ARI incidence,2026-09-13,2,ES,quantile,0.3,205.47586714261254
2026-09-09,ARI incidence,2026-09-13,2,ES,quantile,0.45,220.16695352594581
2026-09-09,ARI incidence,2026-09-13,2,ES,median,,224.66629315186648
2026-09-09,ARI incidence,2026-09-20,3,ES,quantile,0.1,203.61334021509654
2026-09-09,ARI incidence,2026-09-20,3,ES,quantile,0.025,190.1833529411547
2026-09-09,ARI incidence,2026-09-20,3,ES,quantile,0.05,196.19612845869187
2026-09-09,ARI incidence,2026-09-20,3,ES,quantile,0.975,276.4962464982915
2026-09-09,ARI incidence,2026-09-20,3,ES,quantile,0.01,184.1987801329477
2026-09-09,ARI incidence,2026-09-20,3,ES,quantile,0.99,286.4541490004254
2026-09-09,ARI incidence,2026-09-20,3,ES,quantile,0.95,268.55361069600724
2026-09-09,ARI incidence,2026-09-20,3,ES,quantile,0.75,245.23856577032473
2026-09-09,ARI incidence,2026-09-20,3,ES,quantile,0.55,232.9004244025582
2026-09-09,ARI incidence,2026-09-20,3,ES,quantile,0.7,241.89981443898876
2026-09-09,ARI incidence,2026-09-20,3,ES,quantile,0.65,238.8916756922844
2026-09-09,ARI incidence,2026-09-20,3,ES,quantile,0.8,249.04671805158443
2026-09-09,ARI incidence,2026-09-20,3,ES,quantile,0.9,260.1152076247868
2026-09-09,ARI incidence,2026-09-20,3,ES,quantile,0.6,235.72453245024033
2026-09-09,ARI incidence,2026-09-20,3,ES,quantile,0.85,253.86242681075547
2026-09-09,ARI incidence,2026-09-20,3,ES,quantile,0.5,229.97933374502054
2026-09-09,ARI incidence,2026-09-20,3,ES,quantile,0.45,227.44942917020268
2026-09-09,ARI incidence,2026-09-20,3,ES,quantile,0.3,218.86635651721406
2026-09-09,ARI incidence,2026-09-20,3,ES,quantile,0.15,208.5677220651764
2026-09-09,ARI incidence,2026-09-20,3,ES,quantile,0.4,224.78808338346835
2026-09-09,ARI incidence,2026-09-20,3,ES,quantile,0.2,212.26846059522123
2026-09-09,ARI incidence,2026-09-20,3,ES,quantile,0.25,215.66375577072222
2026-09-09,ARI incidence,2026-09-20,3,ES,quantile,0.35,221.94619731399877
2026-09-09,ARI incidence,2026-09-20,3,ES,median,,229.97933374502054
2026-09-09,ARI incidence,2026-09-27,4,ES,quantile,0.75,243.11741207932758
2026-09-09,ARI incidence,2026-09-27,4,ES,quantile,0.85,257.4182049359106
2026-09-09,ARI incidence,2026-09-27,4,ES,quantile,0.95,282.3792067180492
2026-09-09,ARI incidence,2026-09-27,4,ES,quantile,0.975,296.67201160773357
2026-09-09,ARI incidence,2026-09-27,4,ES,quantile,0.8,250.06291648319376
2026-09-09,ARI incidence,2026-09-27,4,ES,quantile,0.7,237.57538657348283
2026-09-09,ARI incidence,2026-09-27,4,ES,quantile,0.55,222.81439815249126
2026-09-09,ARI incidence,2026-09-27,4,ES,quantile,0.65,232.19416798279337
2026-09-09,ARI incidence,2026-09-27,4,ES,quantile,0.5,218.87606787561867
2026-09-09,ARI incidence,2026-09-27,4,ES,quantile,0.45,215.0704229858771
2026-09-09,ARI incidence,2026-09-27,4,ES,quantile,0.99,314.67718016264115
2026-09-09,ARI incidence,2026-09-27,4,ES,quantile,0.6,227.49710587460123
2026-09-09,ARI incidence,2026-09-27,4,ES,quantile,0.2,191.3814961466733
2026-09-09,ARI incidence,2026-09-27,4,ES,quantile,0.9,267.137406075652
2026-09-09,ARI incidence,2026-09-27,4,ES,quantile,0.05,169.5774990078396
2026-09-09,ARI incidence,2026-09-27,4,ES,quantile,0.025,160.92808135078297
2026-09-09,ARI incidence,2026-09-27,4,ES,quantile,0.01,152.59752062963315
2026-09-09,ARI incidence,2026-09-27,4,ES,quantile,0.4,210.79028348660458
2026-09-09,ARI incidence,2026-09-27,4,ES,quantile,0.15,185.87456012041858
2026-09-09,ARI incidence,2026-09-27,4,ES,quantile,0.25,196.70820469808595
2026-09-09,ARI incidence,2026-09-27,4,ES,quantile,0.3,201.33753119852292
2026-09-09,ARI incidence,2026-09-27,4,ES,quantile,0.35,206.18412836480846
2026-09-09,ARI incidence,2026-09-27,4,ES,quantile,0.1,179.41848160490503
2026-09-09,ARI incidence,2026-09-27,4,ES,median,,218.87606787561867
2026-09-09,ARI incidence,2026-09-06,1,FI,quantile,0.99,1895.1599455091734
2026-09-09,ARI incidence,2026-09-06,1,FI,quantile,0.975,1847.5985673106984
2026-09-09,ARI incidence,2026-09-06,1,FI,quantile,0.9,1754.500942953453
2026-09-09,ARI incidence,2026-09-06,1,FI,quantile,0.95,1803.3009184209866
2026-09-09,ARI incidence,2026-09-06,1,FI,quantile,0.6,1631.2917805121288
2026-09-09,ARI incidence,2026-09-06,1,FI,quantile,0.65,1648.1879092570025
2026-09-09,ARI incidence,2026-09-06,1,FI,quantile,0.55,1616.7413319400198
2026-09-09,ARI incidence,2026-09-06,1,FI,quantile,0.8,1702.7100714276023
2026-09-09,ARI incidence,2026-09-06,1,FI,quantile,0.85,1725.8244968907843
2026-09-09,ARI incidence,2026-09-06,1,FI,quantile,0.7,1663.8509204891016
2026-09-09,ARI incidence,2026-09-06,1,FI,quantile,0.3,1542.7441389321143
2026-09-09,ARI incidence,2026-09-06,1,FI,quantile,0.2,1508.7554665907182
2026-09-09,ARI incidence,2026-09-06,1,FI,quantile,0.45,1588.198180486846
2026-09-09,ARI incidence,2026-09-06,1,FI,quantile,0.25,1527.3178617090502
2026-09-09,ARI incidence,2026-09-06,1,FI,quantile,0.75,1682.2016640150014
2026-09-09,ARI incidence,2026-09-06,1,FI,quantile,0.4,1572.2062117090318
2026-09-09,ARI incidence,2026-09-06,1,FI,quantile,0.5,1602.9330217092452
2026-09-09,ARI incidence,2026-09-06,1,FI,quantile,0.35,1556.741211568606
2026-09-09,ARI incidence,2026-09-06,1,FI,quantile,0.1,1462.6458426122613
2026-09-09,ARI incidence,2026-09-06,1,FI,quantile,0.025,1391.395704133802
2026-09-09,ARI incidence,2026-09-06,1,FI,quantile,0.15,1488.7946748897823
2026-09-09,ARI incidence,2026-09-06,1,FI,quantile,0.05,1424.7333507581745
2026-09-09,ARI incidence,2026-09-06,1,FI,quantile,0.01,1355.5809665434201
2026-09-09,ARI incidence,2026-09-06,1,FI,median,,1602.9330217092452
2026-09-09,ARI incidence,2026-09-13,2,FI,quantile,0.35,1681.8076149177828
2026-09-09,ARI incidence,2026-09-13,2,FI,quantile,0.25,1650.5975955702684
2026-09-09,ARI incidence,2026-09-13,2,FI,quantile,0.2,1632.9108408069458
2026-09-09,ARI incidence,2026-09-13,2,FI,quantile,0.45,1710.2988970881033
2026-09-09,ARI incidence,2026-09-13,2,FI,quantile,0.4,1696.1576074672826
2026-09-09,ARI incidence,2026-09-13,2,FI,quantile,0.5,1725.0378914314156
2026-09-09,ARI incidence,2026-09-13,2,FI,quantile,0.8,1821.521022219441
2026-09-09,ARI incidence,2026-09-13,2,FI,quantile,0.75,1801.1750233229245
2026-09-09,ARI incidence,2026-09-13,2,FI,quantile,0.85,1844.3856971083626
2026-09-09,ARI incidence,2026-09-13,2,FI,quantile,0.55,1738.574147445868
2026-09-09,ARI incidence,2026-09-13,2,FI,quantile,0.1,1586.3433104387036
2026-09-09,ARI incidence,2026-09-13,2,FI,quantile,0.9,1873.182312711277
2026-09-09,ARI incidence,2026-09-13,2,FI,quantile,0.15,1613.8352323824174
2026-09-09,ARI incidence,2026-09-13,2,FI,quantile,0.7,1783.9155118369972
2026-09-09,ARI incidence,2026-09-13,2,FI,quantile,0.3,1666.6959933770445
2026-09-09,ARI incidence,2026-09-13,2,FI,quantile,0.99,2000.6448867712895
2026-09-09,ARI incidence,2026-09-13,2,FI,quantile,0.6,1753.375792277261
2026-09-09,ARI incidence,2026-09-13,2,FI,quantile,0.95,1920.5035895128526
2026-09-09,ARI incidence,2026-09-13,2,FI,quantile,0.01,1481.6743458368326
2026-09-09,ARI incidence,2026-09-13,2,FI,quantile,0.65,1768.471362453979
2026-09-09,ARI incidence,2026-09-13,2,FI,quantile,0.975,1957.8995791776204
2026-09-09,ARI incidence,2026-09-13,2,FI,quantile,0.05,1549.658253773711
2026-09-09,ARI incidence,2026-09-13,2,FI,quantile,0.025,1517.9477398573354
2026-09-09,ARI incidence,2026-09-13,2,FI,median,,1725.0378914314156
2026-09-09,ARI incidence,2026-09-20,3,FI,quantile,0.8,1848.5114618148716
2026-09-09,ARI incidence,2026-09-20,3,FI,quantile,0.7,1783.9551637032914
2026-09-09,ARI incidence,2026-09-20,3,FI,quantile,0.01,1277.4085023293198
2026-09-09,ARI incidence,2026-09-20,3,FI,quantile,0.025,1328.6770959270368
2026-09-09,ARI incidence,2026-09-20,3,FI,quantile,0.65,1754.7460313240153
2026-09-09,ARI incidence,2026-09-20,3,FI,quantile,0.75,1814.4903687827916
2026-09-09,ARI incidence,2026-09-20,3,FI,quantile,0.2,1518.4388336906818
2026-09-09,ARI incidence,2026-09-20,3,FI,quantile,0.05,1374.8244609460883
2026-09-09,ARI incidence,2026-09-20,3,FI,quantile,0.55,1700.0156292567763
2026-09-09,ARI incidence,2026-09-20,3,FI,quantile,0.6,1726.4146253333595
2026-09-09,ARI incidence,2026-09-20,3,FI,quantile,0.1,1441.744156618367
2026-09-09,ARI incidence,2026-09-20,3,FI,quantile,0.45,1650.9276639767668
2026-09-09,ARI incidence,2026-09-20,3,FI,quantile,0.15,1485.5780125528374
2026-09-09,ARI incidence,2026-09-20,3,FI,quantile,0.5,1676.2295074269919
2026-09-09,ARI incidence,2026-09-20,3,FI,quantile,0.35,1601.350055563939
2026-09-09,ARI incidence,2026-09-20,3,FI,quantile,0.975,2112.3107212061545
2026-09-09,ARI incidence,2026-09-20,3,FI,quantile,0.99,2224.148305815857
2026-09-09,ARI incidence,2026-09-20,3,FI,quantile,0.9,1949.8249946324038
2026-09-09,ARI incidence,2026-09-20,3,FI,quantile,0.3,1576.077145632319
2026-09-09,ARI incidence,2026-09-20,3,FI,quantile,0.95,2041.5327752596556
2026-09-09,ARI incidence,2026-09-20,3,FI,quantile,0.85,1891.6438549438165
2026-09-09,ARI incidence,2026-09-20,3,FI,quantile,0.25,1548.2024774138172
2026-09-09,ARI incidence,2026-09-20,3,FI,quantile,0.4,1626.3132246252771
2026-09-09,ARI incidence,2026-09-20,3,FI,median,,1676.2295074269919
2026-09-09,ARI incidence,2026-09-06,1,GB-NIR,quantile,0.3,136.68928577515914
2026-09-09,ARI incidence,2026-09-06,1,GB-NIR,quantile,0.35,138.2169512332335
2026-09-09,ARI incidence,2026-09-06,1,GB-NIR,quantile,0.4,139.75646778866238
2026-09-09,ARI incidence,2026-09-06,1,GB-NIR,quantile,0.45,141.20244389879025
2026-09-09,ARI incidence,2026-09-06,1,GB-NIR,quantile,0.95,162.39946874289785
2026-09-09,ARI incidence,2026-09-06,1,GB-NIR,quantile,0.025,121.40500546312832
2026-09-09,ARI incidence,2026-09-06,1,GB-NIR,quantile,0.05,124.99311040541383
2026-09-09,ARI incidence,2026-09-06,1,GB-NIR,quantile,0.5,142.61912428460244
2026-09-09,ARI incidence,2026-09-06,1,GB-NIR,quantile,0.65,147.1938193156974
2026-09-09,ARI incidence,2026-09-06,1,GB-NIR,quantile,0.85,154.95703813855033
2026-09-09,ARI incidence,2026-09-06,1,GB-NIR,quantile,0.9,157.88904902208196
2026-09-09,ARI incidence,2026-09-06,1,GB-NIR,quantile,0.975,166.40831414346312
2026-09-09,ARI incidence,2026-09-06,1,GB-NIR,quantile,0.99,171.00240163753588
2026-09-09,ARI incidence,2026-09-06,1,GB-NIR,quantile,0.1,128.66162316224376
2026-09-09,ARI incidence,2026-09-06,1,GB-NIR,quantile,0.15,131.09770556479663
2026-09-09,ARI incidence,2026-09-06,1,GB-NIR,quantile,0.75,150.7803220883963
2026-09-09,ARI incidence,2026-09-06,1,GB-NIR,quantile,0.01,118.30062242849304
2026-09-09,ARI incidence,2026-09-06,1,GB-NIR,quantile,0.25,134.93507152161226
2026-09-09,ARI incidence,2026-09-06,1,GB-NIR,quantile,0.2,133.15001936429744
2026-09-09,ARI incidence,2026-09-06,1,GB-NIR,quantile,0.55,144.06653335158134
2026-09-09,ARI incidence,2026-09-06,1,GB-NIR,quantile,0.6,145.6681265127715
2026-09-09,ARI incidence,2026-09-06,1,GB-NIR,quantile,0.8,152.70202694710926
2026-09-09,ARI incidence,2026-09-06,1,GB-NIR,quantile,0.7,148.84697996322
2026-09-09,ARI incidence,2026-09-06,1,GB-NIR,median,,142.61912428460244
2026-09-09,ARI incidence,2026-09-13,2,GB-NIR,quantile,0.9,142.814883872302
2026-09-09,ARI incidence,2026-09-13,2,GB-NIR,quantile,0.975,171.2524827844349
2026-09-09,ARI incidence,2026-09-13,2,GB-NIR,quantile,0.95,156.28832811358882
2026-09-09,ARI incidence,2026-09-13,2,GB-NIR,quantile,0.99,189.09509295528534
2026-09-09,ARI incidence,2026-09-13,2,GB-NIR,quantile,0.15,77.68688265668173
2026-09-09,ARI incidence,2026-09-13,2,GB-NIR,quantile,0.2,81.46696469686813
2026-09-09,ARI incidence,2026-09-13,2,GB-NIR,quantile,0.1,73.21283635906313
2026-09-09,ARI incidence,2026-09-13,2,GB-NIR,quantile,0.75,121.92860509759511
2026-09-09,ARI incidence,2026-09-13,2,GB-NIR,quantile,0.8,127.20784561936873
2026-09-09,ARI incidence,2026-09-13,2,GB-NIR,quantile,0.25,85.26674169567511
2026-09-09,ARI incidence,2026-09-13,2,GB-NIR,quantile,0.4,95.47018308422307
2026-09-09,ARI incidence,2026-09-13,2,GB-NIR,quantile,0.45,98.9025549659794
2026-09-09,ARI incidence,2026-09-13,2,GB-NIR,quantile,0.5,102.35040999235153
2026-09-09,ARI incidence,2026-09-13,2,GB-NIR,quantile,0.55,105.59276236130094
2026-09-09,ARI incidence,2026-09-13,2,GB-NIR,quantile,0.6,109.14382057969999
2026-09-09,ARI incidence,2026-09-13,2,GB-NIR,quantile,0.65,112.8773917936737
2026-09-09,ARI incidence,2026-09-13,2,GB-NIR,quantile,0.7,117.24185680821545
2026-09-09,ARI incidence,2026-09-13,2,GB-NIR,quantile,0.85,133.3937089883256
2026-09-09,ARI incidence,2026-09-13,2,GB-NIR,quantile,0.05,66.53385207623809
2026-09-09,ARI incidence,2026-09-13,2,GB-NIR,quantile,0.35,92.19493675916863
2026-09-09,ARI incidence,2026-09-13,2,GB-NIR,quantile,0.3,88.80293277271072
2026-09-09,ARI incidence,2026-09-13,2,GB-NIR,quantile,0.01,54.40663789117493
2026-09-09,ARI incidence,2026-09-13,2,GB-NIR,quantile,0.025,60.63366402021089
2026-09-09,ARI incidence,2026-09-13,2,GB-NIR,median,,102.35040999235153
2026-09-09,ARI incidence,2026-09-20,3,GB-NIR,quantile,0.975,184.35327881945236
2026-09-09,ARI incidence,2026-09-20,3,GB-NIR,quantile,0.55,142.83243425234423
2026-09-09,ARI incidence,2026-09-20,3,GB-NIR,quantile,0.95,176.50352073552125
2026-09-09,ARI incidence,2026-09-20,3,GB-NIR,quantile,0.5,140.34224401027976
2026-09-09,ARI incidence,2026-09-20,3,GB-NIR,quantile,0.6,145.49383956906172
2026-09-09,ARI incidence,2026-09-20,3,GB-NIR,quantile,0.65,148.03632723190478
2026-09-09,ARI incidence,2026-09-20,3,GB-NIR,quantile,0.9,167.50826793168983
2026-09-09,ARI incidence,2026-09-20,3,GB-NIR,quantile,0.45,137.97893433736056
2026-09-09,ARI incidence,2026-09-20,3,GB-NIR,quantile,0.85,161.92760754495075
2026-09-09,ARI incidence,2026-09-20,3,GB-NIR,quantile,0.99,194.629417263729
2026-09-09,ARI incidence,2026-09-20,3,GB-NIR,quantile,0.15,121.68678322111623
2026-09-09,ARI incidence,2026-09-20,3,GB-NIR,quantile,0.4,135.63427514183206
2026-09-09,ARI incidence,2026-09-20,3,GB-NIR,quantile,0.75,154.05150372574894
2026-09-09,ARI incidence,2026-09-20,3,GB-NIR,quantile,0.1,117.65003985244084
2026-09-09,ARI incidence,2026-09-20,3,GB-NIR,quantile,0.05,112.05855156070149
2026-09-09,ARI incidence,2026-09-20,3,GB-NIR,quantile,0.2,124.82604998382988
2026-09-09,ARI incidence,2026-09-20,3,GB-NIR,quantile,0.25,127.80572492532363
2026-09-09,ARI incidence,2026-09-20,3,GB-NIR,quantile,0.8,157.45454502256501
2026-09-09,ARI incidence,2026-09-20,3,GB-NIR,quantile,0.35,133.1686587625028
2026-09-09,ARI incidence,2026-09-20,3,GB-NIR,quantile,0.3,130.62170231311939
2026-09-09,ARI incidence,2026-09-20,3,GB-NIR,quantile,0.025,107.33434320876587
2026-09-09,ARI incidence,2026-09-20,3,GB-NIR,quantile,0.7,150.8981183819212
2026-09-09,ARI incidence,2026-09-20,3,GB-NIR,quantile,0.01,102.03493658969718
2026-09-09,ARI incidence,2026-09-20,3,GB-NIR,median,,140.34224401027976
2026-09-09,ARI incidence,2026-09-27,4,GB-NIR,quantile,0.99,338.68020639285237
2026-09-09,ARI incidence,2026-09-27,4,GB-NIR,quantile,0.7,174.1279362453475
2026-09-09,ARI incidence,2026-09-27,4,GB-NIR,quantile,0.75,183.8268019101751
2026-09-09,ARI incidence,2026-09-27,4,GB-NIR,quantile,0.8,196.03906079790372
2026-09-09,ARI incidence,2026-09-27,4,GB-NIR,quantile,0.9,230.9483513711898
2026-09-09,ARI incidence,2026-09-27,4,GB-NIR,quantile,0.01,61.4757167350737
2026-09-09,ARI incidence,2026-09-27,4,GB-NIR,quantile,0.025,69.32136944195027
2026-09-09,ARI incidence,2026-09-27,4,GB-NIR,quantile,0.15,97.19878896326593
2026-09-09,ARI incidence,2026-09-27,4,GB-NIR,quantile,0.1,89.22133634707507
2026-09-09,ARI incidence,2026-09-27,4,GB-NIR,quantile,0.2,104.37512043515437
2026-09-09,ARI incidence,2026-09-27,4,GB-NIR,quantile,0.25,111.66555022457894
2026-09-09,ARI incidence,2026-09-27,4,GB-NIR,quantile,0.3,117.54541520690879
2026-09-09,ARI incidence,2026-09-27,4,GB-NIR,quantile,0.35,123.75446890362008
2026-09-09,ARI incidence,2026-09-27,4,GB-NIR,quantile,0.4,130.09517224682006
2026-09-09,ARI incidence,2026-09-27,4,GB-NIR,quantile,0.45,137.11519792689876
2026-09-09,ARI incidence,2026-09-27,4,GB-NIR,quantile,0.5,143.1153475192679
2026-09-09,ARI incidence,2026-09-27,4,GB-NIR,quantile,0.55,150.18735686453704
2026-09-09,ARI incidence,2026-09-27,4,GB-NIR,quantile,0.975,296.6450391613684
2026-09-09,ARI incidence,2026-09-27,4,GB-NIR,quantile,0.6,157.63575606595717
2026-09-09,ARI incidence,2026-09-27,4,GB-NIR,quantile,0.85,210.23561656588825
2026-09-09,ARI incidence,2026-09-27,4,GB-NIR,quantile,0.65,165.70445201366434
2026-09-09,ARI incidence,2026-09-27,4,GB-NIR,quantile,0.95,263.3259708229071
2026-09-09,ARI incidence,2026-09-27,4,GB-NIR,quantile,0.05,78.48242610343935
2026-09-09,ARI incidence,2026-09-27,4,GB-NIR,median,,143.1153475192679
2026-09-09,ARI incidence,2026-09-06,1,GB-WLS,quantile,0.01,26.019830031030267
2026-09-09,ARI incidence,2026-09-06,1,GB-WLS,quantile,0.05,37.75734808864961
2026-09-09,ARI incidence,2026-09-06,1,GB-WLS,quantile,0.1,45.39316073775333
2026-09-09,ARI incidence,2026-09-06,1,GB-WLS,quantile,0.025,31.598804148243087
2026-09-09,ARI incidence,2026-09-06,1,GB-WLS,quantile,0.3,68.13929567716232
2026-09-09,ARI incidence,2026-09-06,1,GB-WLS,quantile,0.15,52.08138353914022
2026-09-09,ARI incidence,2026-09-06,1,GB-WLS,quantile,0.2,57.975398117464806
2026-09-09,ARI incidence,2026-09-06,1,GB-WLS,quantile,0.25,62.94781104747723
2026-09-09,ARI incidence,2026-09-06,1,GB-WLS,quantile,0.35,73.20077791875836
2026-09-09,ARI incidence,2026-09-06,1,GB-WLS,quantile,0.4,78.34817469251028
2026-09-09,ARI incidence,2026-09-06,1,GB-WLS,quantile,0.45,83.69455628024559
2026-09-09,ARI incidence,2026-09-06,1,GB-WLS,quantile,0.5,89.30599849648198
2026-09-09,ARI incidence,2026-09-06,1,GB-WLS,quantile,0.55,95.1785134022711
2026-09-09,ARI incidence,2026-09-06,1,GB-WLS,quantile,0.6,102.3236907303224
2026-09-09,ARI incidence,2026-09-06,1,GB-WLS,quantile,0.65,109.68353442948104
2026-09-09,ARI incidence,2026-09-06,1,GB-WLS,quantile,0.7,117.61907584689328
2026-09-09,ARI incidence,2026-09-06,1,GB-WLS,quantile,0.75,126.93733870177867
2026-09-09,ARI incidence,2026-09-06,1,GB-WLS,quantile,0.8,139.30313218894676
2026-09-09,ARI incidence,2026-09-06,1,GB-WLS,quantile,0.85,153.9528182919097
2026-09-09,ARI incidence,2026-09-06,1,GB-WLS,quantile,0.9,175.22702798091748
2026-09-09,ARI incidence,2026-09-06,1,GB-WLS,quantile,0.95,214.040096450766
2026-09-09,ARI incidence,2026-09-06,1,GB-WLS,quantile,0.975,250.29084533599388
2026-09-09,ARI incidence,2026-09-06,1,GB-WLS,quantile,0.99,309.2903376372607
2026-09-09,ARI incidence,2026-09-06,1,GB-WLS,median,,89.30599849648198
2026-09-09,ARI incidence,2026-09-13,2,GB-WLS,quantile,0.01,18.730613530813837
2026-09-09,ARI incidence,2026-09-13,2,GB-WLS,quantile,0.025,25.07794197801066
2026-09-09,ARI incidence,2026-09-13,2,GB-WLS,quantile,0.05,31.413143205799834
2026-09-09,ARI incidence,2026-09-13,2,GB-WLS,quantile,0.1,41.05652617797261
2026-09-09,ARI incidence,2026-09-13,2,GB-WLS,quantile,0.15,49.185723772414875
2026-09-09,ARI incidence,2026-09-13,2,GB-WLS,quantile,0.2,56.62113599704158
2026-09-09,ARI incidence,2026-09-13,2,GB-WLS,quantile,0.25,64.53206693696961
2026-09-09,ARI incidence,2026-09-13,2,GB-WLS,quantile,0.3,72.77633877964196
2026-09-09,ARI incidence,2026-09-13,2,GB-WLS,quantile,0.35,81.29779936460588
2026-09-09,ARI incidence,2026-09-13,2,GB-WLS,quantile,0.4,89.81416520735185
2026-09-09,ARI incidence,2026-09-13,2,GB-WLS,quantile,0.45,99.18472728011812
2026-09-09,ARI incidence,2026-09-13,2,GB-WLS,quantile,0.5,108.15466981780624
2026-09-09,ARI incidence,2026-09-13,2,GB-WLS,quantile,0.55,118.63572459390537
2026-09-09,ARI incidence,2026-09-13,2,GB-WLS,quantile,0.6,130.93072540264737
2026-09-09,ARI incidence,2026-09-13,2,GB-WLS,quantile,0.65,144.53685513676706
2026-09-09,ARI incidence,2026-09-13,2,GB-WLS,quantile,0.7,159.06372808679922
2026-09-09,ARI incidence,2026-09-13,2,GB-WLS,quantile,0.75,178.53925954873458
2026-09-09,ARI incidence,2026-09-13,2,GB-WLS,quantile,0.8,202.23005349914453
2026-09-09,ARI incidence,2026-09-13,2,GB-WLS,quantile,0.85,231.8349972404257
2026-09-09,ARI incidence,2026-09-13,2,GB-WLS,quantile,0.9,272.34289210143766
2026-09-09,ARI incidence,2026-09-13,2,GB-WLS,quantile,0.95,360.5099946019647
2026-09-09,ARI incidence,2026-09-13,2,GB-WLS,quantile,0.975,459.7036177746245
2026-09-09,ARI incidence,2026-09-13,2,GB-WLS,quantile,0.99,610.3352595936439
2026-09-09,ARI incidence,2026-09-13,2,GB-WLS,median,,108.15466981780624
2026-09-09,ARI incidence,2026-09-20,3,GB-WLS,quantile,0.55,135.97882794091115
2026-09-09,ARI incidence,2026-09-20,3,GB-WLS,quantile,0.5,125.31990419224707
2026-09-09,ARI incidence,2026-09-20,3,GB-WLS,quantile,0.99,539.5840839943231
2026-09-09,ARI incidence,2026-09-20,3,GB-WLS,quantile,0.65,160.69854960124283
2026-09-09,ARI incidence,2026-09-20,3,GB-WLS,quantile,0.6,147.53933263500755
2026-09-09,ARI incidence,2026-09-20,3,GB-WLS,quantile,0.7,176.4131862343107
2026-09-09,ARI incidence,2026-09-20,3,GB-WLS,quantile,0.975,416.22733889887564
2026-09-09,ARI incidence,2026-09-20,3,GB-WLS,quantile,0.95,345.4772637358024
2026-09-09,ARI incidence,2026-09-20,3,GB-WLS,quantile,0.8,213.76570337455192
2026-09-09,ARI incidence,2026-09-20,3,GB-WLS,quantile,0.85,240.66075532423287
2026-09-09,ARI incidence,2026-09-20,3,GB-WLS,quantile,0.9,278.67794568274144
2026-09-09,ARI incidence,2026-09-20,3,GB-WLS,quantile,0.45,115.65543128076608
2026-09-09,ARI incidence,2026-09-20,3,GB-WLS,quantile,0.75,193.55563156087157
2026-09-09,ARI incidence,2026-09-20,3,GB-WLS,quantile,0.35,98.22482585727224
2026-09-09,ARI incidence,2026-09-20,3,GB-WLS,quantile,0.4,106.54231423734555
2026-09-09,ARI incidence,2026-09-20,3,GB-WLS,quantile,0.3,89.88223884732321
2026-09-09,ARI incidence,2026-09-20,3,GB-WLS,quantile,0.25,81.87009619140252
2026-09-09,ARI incidence,2026-09-20,3,GB-WLS,quantile,0.2,73.60025520820487
2026-09-09,ARI incidence,2026-09-20,3,GB-WLS,quantile,0.15,64.91972445811355
2026-09-09,ARI incidence,2026-09-20,3,GB-WLS,quantile,0.1,56.191819676709116
2026-09-09,ARI incidence,2026-09-20,3,GB-WLS,quantile,0.01,28.821159206135967
2026-09-09,ARI incidence,2026-09-20,3,GB-WLS,quantile,0.025,36.76184967051292
2026-09-09,ARI incidence,2026-09-20,3,GB-WLS,quantile,0.05,44.882957532058356
2026-09-09,ARI incidence,2026-09-20,3,GB-WLS,median,,125.31990419224707
2026-09-09,ARI incidence,2026-09-27,4,GB-WLS,quantile,0.01,74.93098157922138
2026-09-09,ARI incidence,2026-09-27,4,GB-WLS,quantile,0.025,82.15264133253255
2026-09-09,ARI incidence,2026-09-27,4,GB-WLS,quantile,0.05,87.77995171892033
2026-09-09,ARI incidence,2026-09-27,4,GB-WLS,quantile,0.45,124.02831792544629
2026-09-09,ARI incidence,2026-09-27,4,GB-WLS,quantile,0.6,135.45101553525842
2026-09-09,ARI incidence,2026-09-27,4,GB-WLS,quantile,0.35,116.86866034924691
2026-09-09,ARI incidence,2026-09-27,4,GB-WLS,quantile,0.4,120.41814872560339
2026-09-09,ARI incidence,2026-09-27,4,GB-WLS,quantile,0.5,127.49068767482092
2026-09-09,ARI incidence,2026-09-27,4,GB-WLS,quantile,0.55,131.55914797233632
2026-09-09,ARI incidence,2026-09-27,4,GB-WLS,quantile,0.3,113.37432646871451
2026-09-09,ARI incidence,2026-09-27,4,GB-WLS,quantile,0.1,95.09157236234367
2026-09-09,ARI incidence,2026-09-27,4,GB-WLS,quantile,0.15,100.36600010758929
2026-09-09,ARI incidence,2026-09-27,4,GB-WLS,quantile,0.2,105.11990196062644
2026-09-09,ARI incidence,2026-09-27,4,GB-WLS,quantile,0.25,109.38307902634648
2026-09-09,ARI incidence,2026-09-27,4,GB-WLS,quantile,0.65,139.58516014930714
2026-09-09,ARI incidence,2026-09-27,4,GB-WLS,quantile,0.7,144.19549713738772
2026-09-09,ARI incidence,2026-09-27,4,GB-WLS,quantile,0.75,149.24188635258292
2026-09-09,ARI incidence,2026-09-27,4,GB-WLS,quantile,0.8,155.20396128775897
2026-09-09,ARI incidence,2026-09-27,4,GB-WLS,quantile,0.85,162.60640060430458
2026-09-09,ARI incidence,2026-09-27,4,GB-WLS,quantile,0.9,171.90421095030416
2026-09-09,ARI incidence,2026-09-27,4,GB-WLS,quantile,0.95,187.51421051511056
2026-09-09,ARI incidence,2026-09-27,4,GB-WLS,quantile,0.975,201.45608528489242
2026-09-09,ARI incidence,2026-09-27,4,GB-WLS,quantile,0.99,220.05931295168386
2026-09-09,ARI incidence,2026-09-27,4,GB-WLS,median,,127.49068767482092
2026-09-09,ARI incidence,2026-09-06,1,HU,quantile,0.6,485.5364391511181
2026-09-09,ARI incidence,2026-09-06,1,HU,quantile,0.55,475.23173265435094
2026-09-09,ARI incidence,2026-09-06,1,HU,quantile,0.25,416.3327314513507
2026-09-09,ARI incidence,2026-09-06,1,HU,quantile,0.2,405.7553611558509
2026-09-09,ARI incidence,2026-09-06,1,HU,quantile,0.65,495.67380918126514
2026-09-09,ARI incidence,2026-09-06,1,HU,quantile,0.5,465.44026512312763
2026-09-09,ARI incidence,2026-09-06,1,HU,quantile,0.1,376.97533019351926
2026-09-09,ARI incidence,2026-09-06,1,HU,quantile,0.975,641.0867618110615
2026-09-09,ARI incidence,2026-09-06,1,HU,quantile,0.15,393.23901898126974
2026-09-09,ARI incidence,2026-09-06,1,HU,quantile,0.05,355.61089391932666
2026-09-09,ARI incidence,2026-09-06,1,HU,quantile,0.3,426.6747990022599
2026-09-09,ARI incidence,2026-09-06,1,HU,quantile,0.35,437.0890794277953
2026-09-09,ARI incidence,2026-09-06,1,HU,quantile,0.4,446.64457602540887
2026-09-09,ARI incidence,2026-09-06,1,HU,quantile,0.99,679.4073974274103
2026-09-09,ARI incidence,2026-09-06,1,HU,quantile,0.025,338.4003153113803
2026-09-09,ARI incidence,2026-09-06,1,HU,quantile,0.45,456.3138131283743
2026-09-09,ARI incidence,2026-09-06,1,HU,quantile,0.01,315.78134117555174
2026-09-09,ARI incidence,2026-09-06,1,HU,quantile,0.9,574.5696307308916
2026-09-09,ARI incidence,2026-09-06,1,HU,quantile,0.75,520.0595505960932
2026-09-09,ARI incidence,2026-09-06,1,HU,quantile,0.8,534.82338544241
2026-09-09,ARI incidence,2026-09-06,1,HU,quantile,0.95,608.3084511946382
2026-09-09,ARI incidence,2026-09-06,1,HU,quantile,0.85,553.2178985005995
2026-09-09,ARI incidence,2026-09-06,1,HU,quantile,0.7,506.67104357177163
2026-09-09,ARI incidence,2026-09-06,1,HU,median,,465.44026512312763
2026-09-09,ARI incidence,2026-09-13,2,HU,quantile,0.9,520.1014287495742
2026-09-09,ARI incidence,2026-09-13,2,HU,quantile,0.75,503.68133012978626
2026-09-09,ARI incidence,2026-09-13,2,HU,quantile,0.85,513.6199776394551
2026-09-09,ARI incidence,2026-09-13,2,HU,quantile,0.99,551.3594732089651
2026-09-09,ARI incidence,2026-09-13,2,HU,quantile,0.975,539.9555678793545
2026-09-09,ARI incidence,2026-09-13,2,HU,quantile,0.95,530.5827045276997
2026-09-09,ARI incidence,2026-09-13,2,HU,quantile,0.8,508.26934717050244
2026-09-09,ARI incidence,2026-09-13,2,HU,quantile,0.6,492.7623306830823
2026-09-09,ARI incidence,2026-09-13,2,HU,quantile,0.55,489.31451165471776
2026-09-09,ARI incidence,2026-09-13,2,HU,quantile,0.65,496.19214902232625
2026-09-09,ARI incidence,2026-09-13,2,HU,quantile,0.7,499.78064354275705
2026-09-09,ARI incidence,2026-09-13,2,HU,quantile,0.5,486.13449236331815
2026-09-09,ARI incidence,2026-09-13,2,HU,quantile,0.25,468.7613594176483
2026-09-09,ARI incidence,2026-09-13,2,HU,quantile,0.3,472.4982414002119
2026-09-09,ARI incidence,2026-09-13,2,HU,quantile,0.45,482.7264787826135
2026-09-09,ARI incidence,2026-09-13,2,HU,quantile,0.35,475.835120754812
2026-09-09,ARI incidence,2026-09-13,2,HU,quantile,0.4,479.18309879214337
2026-09-09,ARI incidence,2026-09-13,2,HU,quantile,0.01,429.9780590631282
2026-09-09,ARI incidence,2026-09-13,2,HU,quantile,0.025,437.95943612419353
2026-09-09,ARI incidence,2026-09-13,2,HU,quantile,0.05,445.4366512509099
2026-09-09,ARI incidence,2026-09-13,2,HU,quantile,0.1,454.14024933512746
2026-09-09,ARI incidence,2026-09-13,2,HU,quantile,0.15,460.0054582303386
2026-09-09,ARI incidence,2026-09-13,2,HU,quantile,0.2,464.5713859797665
2026-09-09,ARI incidence,2026-09-13,2,HU,median,,486.13449236331815
2026-09-09,ARI incidence,2026-09-20,3,HU,quantile,0.55,451.4724516095665
2026-09-09,ARI incidence,2026-09-20,3,HU,quantile,0.6,457.51558760673015
2026-09-09,ARI incidence,2026-09-20,3,HU,quantile,0.65,463.77535567319853
2026-09-09,ARI incidence,2026-09-20,3,HU,quantile,0.1,390.29729017249105
2026-09-09,ARI incidence,2026-09-20,3,HU,quantile,0.01,350.7145099000698
2026-09-09,ARI incidence,2026-09-20,3,HU,quantile,0.025,363.0964508191191
2026-09-09,ARI incidence,2026-09-20,3,HU,quantile,0.15,400.2682798759542
2026-09-09,ARI incidence,2026-09-20,3,HU,quantile,0.5,445.71451623351436
2026-09-09,ARI incidence,2026-09-20,3,HU,quantile,0.75,478.23030667060243
2026-09-09,ARI incidence,2026-09-20,3,HU,quantile,0.05,376.11447112556107
2026-09-09,ARI incidence,2026-09-20,3,HU,quantile,0.2,408.3653764734007
2026-09-09,ARI incidence,2026-09-20,3,HU,quantile,0.25,415.67080312019186
2026-09-09,ARI incidence,2026-09-20,3,HU,quantile,0.3,421.91378536437145
2026-09-09,ARI incidence,2026-09-20,3,HU,quantile,0.35,428.0779666921005
2026-09-09,ARI incidence,2026-09-20,3,HU,quantile,0.4,433.6549168007193
2026-09-09,ARI incidence,2026-09-20,3,HU,quantile,0.45,440.0071944170753
2026-09-09,ARI incidence,2026-09-20,3,HU,quantile,0.7,470.69059417807944
2026-09-09,ARI incidence,2026-09-20,3,HU,quantile,0.8,486.8794215951631
2026-09-09,ARI incidence,2026-09-20,3,HU,quantile,0.85,497.4202821770121
2026-09-09,ARI incidence,2026-09-20,3,HU,quantile,0.9,511.18346270909666
2026-09-09,ARI incidence,2026-09-20,3,HU,quantile,0.99,561.7692939939606
2026-09-09,ARI incidence,2026-09-20,3,HU,quantile,0.975,545.739401717121
2026-09-09,ARI incidence,2026-09-20,3,HU,quantile,0.95,530.8881324532218
2026-09-09,ARI incidence,2026-09-20,3,HU,median,,445.71451623351436
2026-09-09,ARI incidence,2026-09-27,4,HU,quantile,0.025,301.66067265221744
2026-09-09,ARI incidence,2026-09-27,4,HU,quantile,0.99,577.4312767155551
2026-09-09,ARI incidence,2026-09-27,4,HU,quantile,0.01,285.67517303278163
2026-09-09,ARI incidence,2026-09-27,4,HU,quantile,0.1,334.22700947689117
2026-09-09,ARI incidence,2026-09-27,4,HU,quantile,0.05,315.6488297025689
2026-09-09,ARI incidence,2026-09-27,4,HU,quantile,0.2,355.7850670467267
2026-09-09,ARI incidence,2026-09-27,4,HU,quantile,0.15,345.72926475189547
2026-09-09,ARI incidence,2026-09-27,4,HU,quantile,0.6,421.3937439621962
2026-09-09,ARI incidence,2026-09-27,4,HU,quantile,0.25,365.2841371317079
2026-09-09,ARI incidence,2026-09-27,4,HU,quantile,0.975,544.2286974380454
2026-09-09,ARI incidence,2026-09-27,4,HU,quantile,0.95,517.6932721964695
2026-09-09,ARI incidence,2026-09-27,4,HU,quantile,0.65,430.13993562279086
2026-09-09,ARI incidence,2026-09-27,4,HU,quantile,0.5,404.945088335982
2026-09-09,ARI incidence,2026-09-27,4,HU,quantile,0.4,389.66172379123304
2026-09-09,ARI incidence,2026-09-27,4,HU,quantile,0.55,412.8230092346349
2026-09-09,ARI incidence,2026-09-27,4,HU,quantile,0.75,449.3435279276385
2026-09-09,ARI incidence,2026-09-27,4,HU,quantile,0.35,381.96467130907115
2026-09-09,ARI incidence,2026-09-27,4,HU,quantile,0.8,460.64196480939756
2026-09-09,ARI incidence,2026-09-27,4,HU,quantile,0.9,491.4259232554472
2026-09-09,ARI incidence,2026-09-27,4,HU,quantile,0.7,439.5660903025305
2026-09-09,ARI incidence,2026-09-27,4,HU,quantile,0.3,373.47804881114007
2026-09-09,ARI incidence,2026-09-27,4,HU,quantile,0.45,397.3585859517667
2026-09-09,ARI incidence,2026-09-27,4,HU,quantile,0.85,474.36685123022914
2026-09-09,ARI incidence,2026-09-27,4,HU,median,,404.945088335982
2026-09-09,ARI incidence,2026-09-06,1,IE,quantile,0.6,24.961354709586935
2026-09-09,ARI incidence,2026-09-06,1,IE,quantile,0.65,25.705735727693472
2026-09-09,ARI incidence,2026-09-06,1,IE,quantile,0.45,22.909042904017085
2026-09-09,ARI incidence,2026-09-06,1,IE,quantile,0.8,28.580593807286128
2026-09-09,ARI incidence,2026-09-06,1,IE,quantile,0.75,27.471574101731864
2026-09-09,ARI incidence,2026-09-06,1,IE,quantile,0.4,22.290487559930057
2026-09-09,ARI incidence,2026-09-06,1,IE,quantile,0.55,24.267516701052717
2026-09-09,ARI incidence,2026-09-06,1,IE,quantile,0.5,23.549259870476597
2026-09-09,ARI incidence,2026-09-06,1,IE,quantile,0.35,21.698011235918592
2026-09-09,ARI incidence,2026-09-06,1,IE,quantile,0.7,26.555495740202904
2026-09-09,ARI incidence,2026-09-06,1,IE,quantile,0.01,13.695347165696706
2026-09-09,ARI incidence,2026-09-06,1,IE,quantile,0.85,29.76786765123726
2026-09-09,ARI incidence,2026-09-06,1,IE,quantile,0.9,31.466804546409737
2026-09-09,ARI incidence,2026-09-06,1,IE,quantile,0.025,14.981289815659313
2026-09-09,ARI incidence,2026-09-06,1,IE,quantile,0.05,16.160719627800823
2026-09-09,ARI incidence,2026-09-06,1,IE,quantile,0.95,34.201805335890214
2026-09-09,ARI incidence,2026-09-06,1,IE,quantile,0.99,40.30167214396141
2026-09-09,ARI incidence,2026-09-06,1,IE,quantile,0.975,36.88942234069697
2026-09-09,ARI incidence,2026-09-06,1,IE,quantile,0.1,17.699079523869813
2026-09-09,ARI incidence,2026-09-06,1,IE,quantile,0.15,18.720123449551352
2026-09-09,ARI incidence,2026-09-06,1,IE,quantile,0.2,19.60393839120666
2026-09-09,ARI incidence,2026-09-06,1,IE,quantile,0.25,20.374675431401187
2026-09-09,ARI incidence,2026-09-06,1,IE,quantile,0.3,21.02989261150718
2026-09-09,ARI incidence,2026-09-06,1,IE,median,,23.549259870476597
2026-09-09,ARI incidence,2026-09-13,2,IE,quantile,0.95,47.09132639342166
2026-09-09,ARI incidence,2026-09-13,2,IE,quantile,0.975,51.81863168484314
2026-09-09,ARI incidence,2026-09-13,2,IE,quantile,0.85,38.684245785708576
2026-09-09,ARI incidence,2026-09-13,2,IE,quantile,0.9,42.0030897439127
2026-09-09,ARI incidence,2026-09-13,2,IE,quantile,0.99,58.1826579795546
2026-09-09,ARI incidence,2026-09-13,2,IE,quantile,0.2,21.140153824689094
2026-09-09,ARI incidence,2026-09-13,2,IE,quantile,0.25,22.33797083495903
2026-09-09,ARI incidence,2026-09-13,2,IE,quantile,0.1,18.30264178293096
2026-09-09,ARI incidence,2026-09-13,2,IE,quantile,0.15,19.868681625326975
2026-09-09,ARI incidence,2026-09-13,2,IE,quantile,0.7,32.920565167258665
2026-09-09,ARI incidence,2026-09-13,2,IE,quantile,0.75,34.45278104939857
2026-09-09,ARI incidence,2026-09-13,2,IE,quantile,0.8,36.396903508637976
2026-09-09,ARI incidence,2026-09-13,2,IE,quantile,0.01,13.183828808361639
2026-09-09,ARI incidence,2026-09-13,2,IE,quantile,0.025,14.727051564060051
2026-09-09,ARI incidence,2026-09-13,2,IE,quantile,0.05,16.385514750164855
2026-09-09,ARI incidence,2026-09-13,2,IE,quantile,0.3,23.432875146758157
2026-09-09,ARI incidence,2026-09-13,2,IE,quantile,0.5,27.6863878083418
2026-09-09,ARI incidence,2026-09-13,2,IE,quantile,0.55,28.778683230459066
2026-09-09,ARI incidence,2026-09-13,2,IE,quantile,0.6,30.052660177128143
2026-09-09,ARI incidence,2026-09-13,2,IE,quantile,0.65,31.418737092142102
2026-09-09,ARI incidence,2026-09-13,2,IE,quantile,0.35,24.43202682600497
2026-09-09,ARI incidence,2026-09-13,2,IE,quantile,0.4,25.5211146487699
2026-09-09,ARI incidence,2026-09-13,2,IE,quantile,0.45,26.631087685953098
2026-09-09,ARI incidence,2026-09-13,2,IE,median,,27.6863878083418
2026-09-09,ARI incidence,2026-09-20,3,IE,quantile,0.8,48.006728657240636
2026-09-09,ARI incidence,2026-09-20,3,IE,quantile,0.85,51.89244722548472
2026-09-09,ARI incidence,2026-09-20,3,IE,quantile,0.9,57.17637533705279
2026-09-09,ARI incidence,2026-09-20,3,IE,quantile,0.95,66.93107267104394
2026-09-09,ARI incidence,2026-09-20,3,IE,quantile,0.975,76.3018867671909
2026-09-09,ARI incidence,2026-09-20,3,IE,quantile,0.99,87.49606539912504
2026-09-09,ARI incidence,2026-09-20,3,IE,quantile,0.6,38.4272431714085
2026-09-09,ARI incidence,2026-09-20,3,IE,quantile,0.65,40.42849855710167
2026-09-09,ARI incidence,2026-09-20,3,IE,quantile,0.75,45.05272342051063
2026-09-09,ARI incidence,2026-09-20,3,IE,quantile,0.1,21.26778534549374
2026-09-09,ARI incidence,2026-09-20,3,IE,quantile,0.55,36.58384650155048
2026-09-09,ARI incidence,2026-09-20,3,IE,quantile,0.7,42.666600766182285
2026-09-09,ARI incidence,2026-09-20,3,IE,quantile,0.05,18.61295972790838
2026-09-09,ARI incidence,2026-09-20,3,IE,quantile,0.45,33.163167059821745
2026-09-09,ARI incidence,2026-09-20,3,IE,quantile,0.5,34.836795116030665
2026-09-09,ARI incidence,2026-09-20,3,IE,quantile,0.4,31.611784601744812
2026-09-09,ARI incidence,2026-09-20,3,IE,quantile,0.3,28.422156151382392
2026-09-09,ARI incidence,2026-09-20,3,IE,quantile,0.01,14.407362233716729
2026-09-09,ARI incidence,2026-09-20,3,IE,quantile,0.025,16.55045544602377
2026-09-09,ARI incidence,2026-09-20,3,IE,quantile,0.35,29.969614577800392
2026-09-09,ARI incidence,2026-09-20,3,IE,quantile,0.25,26.874244144564784
2026-09-09,ARI incidence,2026-09-20,3,IE,quantile,0.2,25.130336506538008
2026-09-09,ARI incidence,2026-09-20,3,IE,quantile,0.15,23.333883508022225
2026-09-09,ARI incidence,2026-09-20,3,IE,median,,34.836795116030665
2026-09-09,ARI incidence,2026-09-27,4,IE,quantile,0.85,60.59746142047208
2026-09-09,ARI incidence,2026-09-27,4,IE,quantile,0.975,81.64801255389877
2026-09-09,ARI incidence,2026-09-27,4,IE,quantile,0.99,91.68278322692588
2026-09-09,ARI incidence,2026-09-27,4,IE,quantile,0.75,54.06079036775198
2026-09-09,ARI incidence,2026-09-27,4,IE,quantile,0.8,57.00775873793411
2026-09-09,ARI incidence,2026-09-27,4,IE,quantile,0.7,51.51920284876381
2026-09-09,ARI incidence,2026-09-27,4,IE,quantile,0.45,41.46171419466084
2026-09-09,ARI incidence,2026-09-27,4,IE,quantile,0.5,43.189402443378114
2026-09-09,ARI incidence,2026-09-27,4,IE,quantile,0.4,39.87851640450982
2026-09-09,ARI incidence,2026-09-27,4,IE,quantile,0.55,45.0280620438036
2026-09-09,ARI incidence,2026-09-27,4,IE,quantile,0.9,65.55057244426798
2026-09-09,ARI incidence,2026-09-27,4,IE,quantile,0.95,73.73053169257884
2026-09-09,ARI incidence,2026-09-27,4,IE,quantile,0.3,36.4541196353774
2026-09-09,ARI incidence,2026-09-27,4,IE,quantile,0.35,38.172817303005345
2026-09-09,ARI incidence,2026-09-27,4,IE,quantile,0.6,47.03402337131074
2026-09-09,ARI incidence,2026-09-27,4,IE,quantile,0.65,49.25381547927773
2026-09-09,ARI incidence,2026-09-27,4,IE,quantile,0.05,25.156528385114804
2026-09-09,ARI incidence,2026-09-27,4,IE,quantile,0.025,22.87982671706138
2026-09-09,ARI incidence,2026-09-27,4,IE,quantile,0.1,28.444355780872172
2026-09-09,ARI incidence,2026-09-27,4,IE,quantile,0.15,30.776548525009332
2026-09-09,ARI incidence,2026-09-27,4,IE,quantile,0.25,34.653586388946664
2026-09-09,ARI incidence,2026-09-27,4,IE,quantile,0.01,19.814812189479845
2026-09-09,ARI incidence,2026-09-27,4,IE,quantile,0.2,32.88780801786771
2026-09-09,ARI incidence,2026-09-27,4,IE,median,,43.189402443378114
2026-09-09,ARI incidence,2026-09-06,1,IS,quantile,0.975,56.86276776821135
2026-09-09,ARI incidence,2026-09-06,1,IS,quantile,0.99,59.34987041823874
2026-09-09,ARI incidence,2026-09-06,1,IS,quantile,0.7,47.87621525951968
2026-09-09,ARI incidence,2026-09-06,1,IS,quantile,0.75,48.742363069441744
2026-09-09,ARI incidence,2026-09-06,1,IS,quantile,0.9,52.49423517040778
2026-09-09,ARI incidence,2026-09-06,1,IS,quantile,0.8,49.792348037786574
2026-09-09,ARI incidence,2026-09-06,1,IS,quantile,0.85,50.9383808788285
2026-09-09,ARI incidence,2026-09-06,1,IS,quantile,0.65,47.07477170802906
2026-09-09,ARI incidence,2026-09-06,1,IS,quantile,0.95,54.88086071782846
2026-09-09,ARI incidence,2026-09-06,1,IS,quantile,0.55,45.72649654345111
2026-09-09,ARI incidence,2026-09-06,1,IS,quantile,0.6,46.40327049858948
2026-09-09,ARI incidence,2026-09-06,1,IS,quantile,0.5,45.07862176202119
2026-09-09,ARI incidence,2026-09-06,1,IS,quantile,0.45,44.41383800614935
2026-09-09,ARI incidence,2026-09-06,1,IS,quantile,0.05,37.082963834226554
2026-09-09,ARI incidence,2026-09-06,1,IS,quantile,0.1,38.70695754276463
2026-09-09,ARI incidence,2026-09-06,1,IS,quantile,0.025,35.828541854000626
2026-09-09,ARI incidence,2026-09-06,1,IS,quantile,0.4,43.74275041024776
2026-09-09,ARI incidence,2026-09-06,1,IS,quantile,0.35,43.05541133957784
2026-09-09,ARI incidence,2026-09-06,1,IS,quantile,0.3,42.34172247590407
2026-09-09,ARI incidence,2026-09-06,1,IS,quantile,0.01,34.202275282825624
2026-09-09,ARI incidence,2026-09-06,1,IS,quantile,0.25,41.63411864891194
2026-09-09,ARI incidence,2026-09-06,1,IS,quantile,0.15,39.88666652157025
2026-09-09,ARI incidence,2026-09-06,1,IS,quantile,0.2,40.799264275609005
2026-09-09,ARI incidence,2026-09-06,1,IS,median,,45.07862176202119
2026-09-09,ARI incidence,2026-09-13,2,IS,quantile,0.05,29.26031778472721
2026-09-09,ARI incidence,2026-09-13,2,IS,quantile,0.1,31.835500634651563
2026-09-09,ARI incidence,2026-09-13,2,IS,quantile,0.025,27.528458412666478
2026-09-09,ARI incidence,2026-09-13,2,IS,quantile,0.85,53.9654679296186
2026-09-09,ARI incidence,2026-09-13,2,IS,quantile,0.75,49.76873480458093
2026-09-09,ARI incidence,2026-09-13,2,IS,quantile,0.8,51.71007929525645
2026-09-09,ARI incidence,2026-09-13,2,IS,quantile,0.7,48.165472395211125
2026-09-09,ARI incidence,2026-09-13,2,IS,quantile,0.01,25.26995151114438
2026-09-09,ARI incidence,2026-09-13,2,IS,quantile,0.15,33.78346291912743
2026-09-09,ARI incidence,2026-09-13,2,IS,quantile,0.2,35.36839676790449
2026-09-09,ARI incidence,2026-09-13,2,IS,quantile,0.65,46.76689812645165
2026-09-09,ARI incidence,2026-09-13,2,IS,quantile,0.6,45.48815304795058
2026-09-09,ARI incidence,2026-09-13,2,IS,quantile,0.9,56.931736318501194
2026-09-09,ARI incidence,2026-09-13,2,IS,quantile,0.5,42.994819322917984
2026-09-09,ARI incidence,2026-09-13,2,IS,quantile,0.25,36.74952295167076
2026-09-09,ARI incidence,2026-09-13,2,IS,quantile,0.55,44.176180770896636
2026-09-09,ARI incidence,2026-09-13,2,IS,quantile,0.3,38.132948492451035
2026-09-09,ARI incidence,2026-09-13,2,IS,quantile,0.35,39.36526848675554
2026-09-09,ARI incidence,2026-09-13,2,IS,quantile,0.45,41.80272195061289
2026-09-09,ARI incidence,2026-09-13,2,IS,quantile,0.99,72.16718551754614
2026-09-09,ARI incidence,2026-09-13,2,IS,quantile,0.4,40.6085227162702
2026-09-09,ARI incidence,2026-09-13,2,IS,quantile,0.95,61.69739914480646
2026-09-09,ARI incidence,2026-09-13,2,IS,quantile,0.975,66.18415832075725
2026-09-09,ARI incidence,2026-09-13,2,IS,median,,42.994819322917984
2026-09-09,ARI incidence,2026-09-20,3,IS,quantile,0.65,50.06331914883444
2026-09-09,ARI incidence,2026-09-20,3,IS,quantile,0.95,65.70356089092373
2026-09-09,ARI incidence,2026-09-20,3,IS,quantile,0.6,48.67084783780875
2026-09-09,ARI incidence,2026-09-20,3,IS,quantile,0.7,51.50880475925711
2026-09-09,ARI incidence,2026-09-20,3,IS,quantile,0.75,53.155856703357024
2026-09-09,ARI incidence,2026-09-20,3,IS,quantile,0.55,47.285283241753504
2026-09-09,ARI incidence,2026-09-20,3,IS,quantile,0.5,46.02864576076461
2026-09-09,ARI incidence,2026-09-20,3,IS,quantile,0.45,44.818150131415194
2026-09-09,ARI incidence,2026-09-20,3,IS,quantile,0.975,70.05947184878454
2026-09-09,ARI incidence,2026-09-20,3,IS,quantile,0.99,75.75031076692485
2026-09-09,ARI incidence,2026-09-20,3,IS,quantile,0.1,34.69862933476978
2026-09-09,ARI incidence,2026-09-20,3,IS,quantile,0.15,36.573780574885426
2026-09-09,ARI incidence,2026-09-20,3,IS,quantile,0.05,32.18904930778605
2026-09-09,ARI incidence,2026-09-20,3,IS,quantile,0.8,54.93542339937102
2026-09-09,ARI incidence,2026-09-20,3,IS,quantile,0.35,42.30914637266643
2026-09-09,ARI incidence,2026-09-20,3,IS,quantile,0.4,43.58817620058221
2026-09-09,ARI incidence,2026-09-20,3,IS,quantile,0.3,41.038344851080815
2026-09-09,ARI incidence,2026-09-20,3,IS,quantile,0.025,30.217664338462654
2026-09-09,ARI incidence,2026-09-20,3,IS,quantile,0.25,39.77766136372665
2026-09-09,ARI incidence,2026-09-20,3,IS,quantile,0.2,38.26996850769649
2026-09-09,ARI incidence,2026-09-20,3,IS,quantile,0.01,27.89938685709267
2026-09-09,ARI incidence,2026-09-20,3,IS,quantile,0.85,57.244633135852354
2026-09-09,ARI incidence,2026-09-20,3,IS,quantile,0.9,60.403982306485084
2026-09-09,ARI incidence,2026-09-20,3,IS,median,,46.02864576076461
2026-09-09,ARI incidence,2026-09-27,4,IS,quantile,0.01,36.71947297074042
2026-09-09,ARI incidence,2026-09-27,4,IS,quantile,0.05,38.982617042252
2026-09-09,ARI incidence,2026-09-27,4,IS,quantile,0.025,37.93113745024788
2026-09-09,ARI incidence,2026-09-27,4,IS,quantile,0.1,40.2559647093303
2026-09-09,ARI incidence,2026-09-27,4,IS,quantile,0.15,41.09117163466532
2026-09-09,ARI incidence,2026-09-27,4,IS,quantile,0.55,45.51869519358307
2026-09-09,ARI incidence,2026-09-27,4,IS,quantile,0.6,46.0203862099643
2026-09-09,ARI incidence,2026-09-27,4,IS,quantile,0.5,45.04150823813986
2026-09-09,ARI incidence,2026-09-27,4,IS,quantile,0.2,41.82489419325519
2026-09-09,ARI incidence,2026-09-27,4,IS,quantile,0.4,44.07883562049453
2026-09-09,ARI incidence,2026-09-27,4,IS,quantile,0.25,42.45279009235216
2026-09-09,ARI incidence,2026-09-27,4,IS,quantile,0.3,43.00402430338545
2026-09-09,ARI incidence,2026-09-27,4,IS,quantile,0.45,44.56760098003723
2026-09-09,ARI incidence,2026-09-27,4,IS,quantile,0.35,43.56041151395467
2026-09-09,ARI incidence,2026-09-27,4,IS,quantile,0.65,46.57483576766661
2026-09-09,ARI incidence,2026-09-27,4,IS,quantile,0.7,47.156474740458876
2026-09-09,ARI incidence,2026-09-27,4,IS,quantile,0.75,47.772150591630954
2026-09-09,ARI incidence,2026-09-27,4,IS,quantile,0.85,49.22093838497558
2026-09-09,ARI incidence,2026-09-27,4,IS,quantile,0.8,48.48368749351325
2026-09-09,ARI incidence,2026-09-27,4,IS,quantile,0.99,55.38258619380733
2026-09-09,ARI incidence,2026-09-27,4,IS,quantile,0.975,53.44919128831487
2026-09-09,ARI incidence,2026-09-27,4,IS,quantile,0.95,51.98258489281165
2026-09-09,ARI incidence,2026-09-27,4,IS,quantile,0.9,50.323446076656765
2026-09-09,ARI incidence,2026-09-27,4,IS,median,,45.04150823813986
2026-09-09,ARI incidence,2026-09-06,1,LT,quantile,0.99,325.5945430142725
2026-09-09,ARI incidence,2026-09-06,1,LT,quantile,0.85,222.06761334152444
2026-09-09,ARI incidence,2026-09-06,1,LT,quantile,0.75,200.8789809393876
2026-09-09,ARI incidence,2026-09-06,1,LT,quantile,0.8,210.14286911213094
2026-09-09,ARI incidence,2026-09-06,1,LT,quantile,0.5,166.723514603007
2026-09-09,ARI incidence,2026-09-06,1,LT,quantile,0.975,291.55470972464343
2026-09-09,ARI incidence,2026-09-06,1,LT,quantile,0.7,192.84983867671303
2026-09-09,ARI incidence,2026-09-06,1,LT,quantile,0.45,161.02464149795802
2026-09-09,ARI incidence,2026-09-06,1,LT,quantile,0.55,172.34890586972824
2026-09-09,ARI incidence,2026-09-06,1,LT,quantile,0.9,238.07700979213357
2026-09-09,ARI incidence,2026-09-06,1,LT,quantile,0.95,264.0924358859371
2026-09-09,ARI incidence,2026-09-06,1,LT,quantile,0.6,178.6400121945749
2026-09-09,ARI incidence,2026-09-06,1,LT,quantile,0.35,149.74403436666256
2026-09-09,ARI incidence,2026-09-06,1,LT,quantile,0.65,185.09782320950973
2026-09-09,ARI incidence,2026-09-06,1,LT,quantile,0.4,155.60898176773375
2026-09-09,ARI incidence,2026-09-06,1,LT,quantile,0.3,144.02279788996987
2026-09-09,ARI incidence,2026-09-06,1,LT,quantile,0.01,87.09320739377296
2026-09-09,ARI incidence,2026-09-06,1,LT,quantile,0.2,131.54763441627685
2026-09-09,ARI incidence,2026-09-06,1,LT,quantile,0.05,105.37621224178477
2026-09-09,ARI incidence,2026-09-06,1,LT,quantile,0.25,137.7819927541929
2026-09-09,ARI incidence,2026-09-06,1,LT,quantile,0.025,96.85329016638893
2026-09-09,ARI incidence,2026-09-06,1,LT,quantile,0.1,116.6411360612227
2026-09-09,ARI incidence,2026-09-06,1,LT,quantile,0.15,125.04343920394477
2026-09-09,ARI incidence,2026-09-06,1,LT,median,,166.723514603007
2026-09-09,ARI incidence,2026-09-13,2,LT,quantile,0.2,147.15219024211183
2026-09-09,ARI incidence,2026-09-13,2,LT,quantile,0.15,138.46844856297758
2026-09-09,ARI incidence,2026-09-13,2,LT,quantile,0.05,115.9889561686092
2026-09-09,ARI incidence,2026-09-13,2,LT,quantile,0.025,104.91881795660922
2026-09-09,ARI incidence,2026-09-13,2,LT,quantile,0.25,154.65308078364438
2026-09-09,ARI incidence,2026-09-13,2,LT,quantile,0.7,221.15948140543634
2026-09-09,ARI incidence,2026-09-13,2,LT,quantile,0.01,95.51185386131826
2026-09-09,ARI incidence,2026-09-13,2,LT,quantile,0.1,128.85443368195342
2026-09-09,ARI incidence,2026-09-13,2,LT,quantile,0.65,212.29780179156015
2026-09-09,ARI incidence,2026-09-13,2,LT,quantile,0.35,167.89223291087256
2026-09-09,ARI incidence,2026-09-13,2,LT,quantile,0.45,182.08421554500455
2026-09-09,ARI incidence,2026-09-13,2,LT,quantile,0.5,188.78744022652725
2026-09-09,ARI incidence,2026-09-13,2,LT,quantile,0.3,161.53900215992985
2026-09-09,ARI incidence,2026-09-13,2,LT,quantile,0.4,174.98133721513886
2026-09-09,ARI incidence,2026-09-13,2,LT,quantile,0.6,204.22070272256084
2026-09-09,ARI incidence,2026-09-13,2,LT,quantile,0.55,196.58994204441856
2026-09-09,ARI incidence,2026-09-13,2,LT,quantile,0.8,242.12578004648242
2026-09-09,ARI incidence,2026-09-13,2,LT,quantile,0.75,230.5488479209442
2026-09-09,ARI incidence,2026-09-13,2,LT,quantile,0.975,338.6298449281958
2026-09-09,ARI incidence,2026-09-13,2,LT,quantile,0.85,257.34961461575995
2026-09-09,ARI incidence,2026-09-13,2,LT,quantile,0.9,276.4138383519056
2026-09-09,ARI incidence,2026-09-13,2,LT,quantile,0.95,308.3849162283427
2026-09-09,ARI incidence,2026-09-13,2,LT,quantile,0.99,384.11603107260464
2026-09-09,ARI incidence,2026-09-13,2,LT,median,,188.78744022652725
2026-09-09,ARI incidence,2026-09-20,3,LT,quantile,0.95,299.0293299904918
2026-09-09,ARI incidence,2026-09-20,3,LT,quantile,0.99,327.6683633755893
2026-09-09,ARI incidence,2026-09-20,3,LT,quantile,0.975,312.6585117311378
2026-09-09,ARI incidence,2026-09-20,3,LT,quantile,0.25,220.5325799358344
2026-09-09,ARI incidence,2026-09-20,3,LT,quantile,0.8,268.6103559784963
2026-09-09,ARI incidence,2026-09-20,3,LT,quantile,0.2,216.23740343444314
2026-09-09,ARI incidence,2026-09-20,3,LT,quantile,0.15,210.29381331026343
2026-09-09,ARI incidence,2026-09-20,3,LT,quantile,0.9,284.1142146686851
2026-09-09,ARI incidence,2026-09-20,3,LT,quantile,0.85,275.39713889814476
2026-09-09,ARI incidence,2026-09-20,3,LT,quantile,0.1,203.85495434997443
2026-09-09,ARI incidence,2026-09-20,3,LT,quantile,0.75,262.94813652438603
2026-09-09,ARI incidence,2026-09-20,3,LT,quantile,0.6,248.5139247437131
2026-09-09,ARI incidence,2026-09-20,3,LT,quantile,0.65,253.1135864108798
2026-09-09,ARI incidence,2026-09-20,3,LT,quantile,0.35,228.91086049715602
2026-09-09,ARI incidence,2026-09-20,3,LT,quantile,0.4,232.91784216350288
2026-09-09,ARI incidence,2026-09-20,3,LT,quantile,0.55,244.71662415448804
2026-09-09,ARI incidence,2026-09-20,3,LT,quantile,0.5,240.81266962044032
2026-09-09,ARI incidence,2026-09-20,3,LT,quantile,0.45,236.9193995283004
2026-09-09,ARI incidence,2026-09-20,3,LT,quantile,0.05,194.6530860393762
2026-09-09,ARI incidence,2026-09-20,3,LT,quantile,0.025,186.6323958055832
2026-09-09,ARI incidence,2026-09-20,3,LT,quantile,0.7,257.61374911045374
2026-09-09,ARI incidence,2026-09-20,3,LT,quantile,0.3,224.95516684286818
2026-09-09,ARI incidence,2026-09-20,3,LT,quantile,0.01,176.6155878866592
2026-09-09,ARI incidence,2026-09-20,3,LT,median,,240.81266962044032
2026-09-09,ARI incidence,2026-09-27,4,LT,quantile,0.7,213.46459710897662
2026-09-09,ARI incidence,2026-09-27,4,LT,quantile,0.75,217.20759261731615
2026-09-09,ARI incidence,2026-09-27,4,LT,quantile,0.2,182.17818953898944
2026-09-09,ARI incidence,2026-09-27,4,LT,quantile,0.3,188.82143104192954
2026-09-09,ARI incidence,2026-09-27,4,LT,quantile,0.35,191.8713407304221
2026-09-09,ARI incidence,2026-09-27,4,LT,quantile,0.8,221.00636837708322
2026-09-09,ARI incidence,2026-09-27,4,LT,quantile,0.85,226.27682083287073
2026-09-09,ARI incidence,2026-09-27,4,LT,quantile,0.15,178.25353815991286
2026-09-09,ARI incidence,2026-09-27,4,LT,quantile,0.95,242.93624962044524
2026-09-09,ARI incidence,2026-09-27,4,LT,quantile,0.1,173.21042138795247
2026-09-09,ARI incidence,2026-09-27,4,LT,quantile,0.05,165.9823324037589
2026-09-09,ARI incidence,2026-09-27,4,LT,quantile,0.9,232.80889438011644
2026-09-09,ARI incidence,2026-09-27,4,LT,quantile,0.25,185.5185346047612
2026-09-09,ARI incidence,2026-09-27,4,LT,quantile,0.4,194.75910470210215
2026-09-09,ARI incidence,2026-09-27,4,LT,quantile,0.025,160.35985185786944
2026-09-09,ARI incidence,2026-09-27,4,LT,quantile,0.45,197.66058779860035
2026-09-09,ARI incidence,2026-09-27,4,LT,quantile,0.5,200.6264590345512
2026-09-09,ARI incidence,2026-09-27,4,LT,quantile,0.55,203.73297790069967
2026-09-09,ARI incidence,2026-09-27,4,LT,quantile,0.6,206.78842992763856
2026-09-09,ARI incidence,2026-09-27,4,LT,quantile,0.01,153.26756502178435
2026-09-09,ARI incidence,2026-09-27,4,LT,quantile,0.65,209.9642240913741
2026-09-09,ARI incidence,2026-09-27,4,LT,quantile,0.975,252.94002328359088
2026-09-09,ARI incidence,2026-09-27,4,LT,quantile,0.99,263.2380585777078
2026-09-09,ARI incidence,2026-09-27,4,LT,median,,200.6264590345512
2026-09-09,ARI incidence,2026-09-06,1,LU,quantile,0.45,2904.943281081276
2026-09-09,ARI incidence,2026-09-06,1,LU,quantile,0.99,4300.866025735897
2026-09-09,ARI incidence,2026-09-06,1,LU,quantile,0.55,3022.928587962722
2026-09-09,ARI incidence,2026-09-06,1,LU,quantile,0.6,3082.919514112863
2026-09-09,ARI incidence,2026-09-06,1,LU,quantile,0.65,3141.850084034902
2026-09-09,ARI incidence,2026-09-06,1,LU,quantile,0.7,3208.989218468524
2026-09-09,ARI incidence,2026-09-06,1,LU,quantile,0.025,2186.8063897264747
2026-09-09,ARI incidence,2026-09-06,1,LU,quantile,0.05,2296.2024331874427
2026-09-09,ARI incidence,2026-09-06,1,LU,quantile,0.1,2426.9577561119904
2026-09-09,ARI incidence,2026-09-06,1,LU,quantile,0.15,2521.3106616025325
2026-09-09,ARI incidence,2026-09-06,1,LU,quantile,0.2,2597.6620578573434
2026-09-09,ARI incidence,2026-09-06,1,LU,quantile,0.5,2962.6193255161616
2026-09-09,ARI incidence,2026-09-06,1,LU,quantile,0.75,3287.6522437512976
2026-09-09,ARI incidence,2026-09-06,1,LU,quantile,0.8,3374.5666411939137
2026-09-09,ARI incidence,2026-09-06,1,LU,quantile,0.85,3481.115961439455
2026-09-09,ARI incidence,2026-09-06,1,LU,quantile,0.9,3621.191978000048
2026-09-09,ARI incidence,2026-09-06,1,LU,quantile,0.95,3829.546645475503
2026-09-09,ARI incidence,2026-09-06,1,LU,quantile,0.975,4038.282739309892
2026-09-09,ARI incidence,2026-09-06,1,LU,quantile,0.4,2847.804480120098
2026-09-09,ARI incidence,2026-09-06,1,LU,quantile,0.35,2791.643932349978
2026-09-09,ARI incidence,2026-09-06,1,LU,quantile,0.25,2665.0663371482256
2026-09-09,ARI incidence,2026-09-06,1,LU,quantile,0.3,2729.118059732191
2026-09-09,ARI incidence,2026-09-06,1,LU,quantile,0.01,2063.9444521565197
2026-09-09,ARI incidence,2026-09-06,1,LU,median,,2962.6193255161616
2026-09-09,ARI incidence,2026-09-13,2,LU,quantile,0.4,3142.8787895792448
2026-09-09,ARI incidence,2026-09-13,2,LU,quantile,0.35,3076.212576477607
2026-09-09,ARI incidence,2026-09-13,2,LU,quantile,0.45,3215.921441571005
2026-09-09,ARI incidence,2026-09-13,2,LU,quantile,0.5,3285.614135261834
2026-09-09,ARI incidence,2026-09-13,2,LU,quantile,0.55,3360.499178959486
2026-09-09,ARI incidence,2026-09-13,2,LU,quantile,0.6,3438.5336581095917
2026-09-09,ARI incidence,2026-09-13,2,LU,quantile,0.65,3510.2933675995187
2026-09-09,ARI incidence,2026-09-13,2,LU,quantile,0.7,3596.300203821459
2026-09-09,ARI incidence,2026-09-13,2,LU,quantile,0.25,2927.2954602814298
2026-09-09,ARI incidence,2026-09-13,2,LU,quantile,0.3,3003.820967243885
2026-09-09,ARI incidence,2026-09-13,2,LU,quantile,0.15,2755.330935069494
2026-09-09,ARI incidence,2026-09-13,2,LU,quantile,0.2,2843.531625507106
2026-09-09,ARI incidence,2026-09-13,2,LU,quantile,0.1,2627.4855107354942
2026-09-09,ARI incidence,2026-09-13,2,LU,quantile,0.01,2183.498243133544
2026-09-09,ARI incidence,2026-09-13,2,LU,quantile,0.025,2337.220062287495
2026-09-09,ARI incidence,2026-09-13,2,LU,quantile,0.05,2467.795864509968
2026-09-09,ARI incidence,2026-09-13,2,LU,quantile,0.975,4604.536693780783
2026-09-09,ARI incidence,2026-09-13,2,LU,quantile,0.99,4926.8601632025775
2026-09-09,ARI incidence,2026-09-13,2,LU,quantile,0.75,3694.402704205732
2026-09-09,ARI incidence,2026-09-13,2,LU,quantile,0.8,3798.0433012223716
2026-09-09,ARI incidence,2026-09-13,2,LU,quantile,0.85,3919.2128317775305
2026-09-09,ARI incidence,2026-09-13,2,LU,quantile,0.9,4082.834869083474
2026-09-09,ARI incidence,2026-09-13,2,LU,quantile,0.95,4370.154615176402
2026-09-09,ARI incidence,2026-09-13,2,LU,median,,3285.614135261834
2026-09-09,ARI incidence,2026-09-20,3,LU,quantile,0.15,2279.87197513778
2026-09-09,ARI incidence,2026-09-20,3,LU,quantile,0.025,1915.9883646536043
2026-09-09,ARI incidence,2026-09-20,3,LU,quantile,0.5,2756.6263911021615
2026-09-09,ARI incidence,2026-09-20,3,LU,quantile,0.25,2439.892245309527
2026-09-09,ARI incidence,2026-09-20,3,LU,quantile,0.2,2363.2932810089533
2026-09-09,ARI incidence,2026-09-20,3,LU,quantile,0.35,2568.0848603411696
2026-09-09,ARI incidence,2026-09-20,3,LU,quantile,0.05,2039.1992489749473
2026-09-09,ARI incidence,2026-09-20,3,LU,quantile,0.4,2632.687948650521
2026-09-09,ARI incidence,2026-09-20,3,LU,quantile,0.3,2506.625953237072
2026-09-09,ARI incidence,2026-09-20,3,LU,quantile,0.45,2695.5242359854533
2026-09-09,ARI incidence,2026-09-20,3,LU,quantile,0.1,2178.8631081551107
2026-09-09,ARI incidence,2026-09-20,3,LU,quantile,0.01,1786.5178886437388
2026-09-09,ARI incidence,2026-09-20,3,LU,quantile,0.975,3990.6679748258407
2026-09-09,ARI incidence,2026-09-20,3,LU,quantile,0.99,4246.803935495243
2026-09-09,ARI incidence,2026-09-20,3,LU,quantile,0.6,2889.252692786037
2026-09-09,ARI incidence,2026-09-20,3,LU,quantile,0.65,2960.162806282995
2026-09-09,ARI incidence,2026-09-20,3,LU,quantile,0.7,3039.273911883843
2026-09-09,ARI incidence,2026-09-20,3,LU,quantile,0.9,3510.9429732216
2026-09-09,ARI incidence,2026-09-20,3,LU,quantile,0.95,3753.2475137425245
2026-09-09,ARI incidence,2026-09-20,3,LU,quantile,0.55,2827.4312317191457
2026-09-09,ARI incidence,2026-09-20,3,LU,quantile,0.75,3128.5648799529076
2026-09-09,ARI incidence,2026-09-20,3,LU,quantile,0.8,3231.0413208478617
2026-09-09,ARI incidence,2026-09-20,3,LU,quantile,0.85,3354.6083113242826
2026-09-09,ARI incidence,2026-09-20,3,LU,median,,2756.6263911021615
2026-09-09,ARI incidence,2026-09-27,4,LU,quantile,0.05,2592.5504333568897
2026-09-09,ARI incidence,2026-09-27,4,LU,quantile,0.025,2264.599114474533
2026-09-09,ARI incidence,2026-09-27,4,LU,quantile,0.1,3020.551641369421
2026-09-09,ARI incidence,2026-09-27,4,LU,quantile,0.01,1964.8482437040725
2026-09-09,ARI incidence,2026-09-27,4,LU,quantile,0.15,3325.2789651912162
2026-09-09,ARI incidence,2026-09-27,4,LU,quantile,0.25,3861.088611141931
2026-09-09,ARI incidence,2026-09-27,4,LU,quantile,0.3,4098.1219923573
2026-09-09,ARI incidence,2026-09-27,4,LU,quantile,0.2,3605.393880484371
2026-09-09,ARI incidence,2026-09-27,4,LU,quantile,0.35,4333.478317600679
2026-09-09,ARI incidence,2026-09-27,4,LU,quantile,0.4,4564.666579631208
2026-09-09,ARI incidence,2026-09-27,4,LU,quantile,0.45,4798.198744259584
2026-09-09,ARI incidence,2026-09-27,4,LU,quantile,0.5,5054.539500676653
2026-09-09,ARI incidence,2026-09-27,4,LU,quantile,0.55,5325.597794163835
2026-09-09,ARI incidence,2026-09-27,4,LU,quantile,0.6,5611.9206231644175
2026-09-09,ARI incidence,2026-09-27,4,LU,quantile,0.65,5933.398834583102
2026-09-09,ARI incidence,2026-09-27,4,LU,quantile,0.7,6289.327499255138
2026-09-09,ARI incidence,2026-09-27,4,LU,quantile,0.9,8485.21107874702
2026-09-09,ARI incidence,2026-09-27,4,LU,quantile,0.95,9911.550381407376
2026-09-09,ARI incidence,2026-09-27,4,LU,quantile,0.975,11202.330580002637
2026-09-09,ARI incidence,2026-09-27,4,LU,quantile,0.99,12855.677102051251
2026-09-09,ARI incidence,2026-09-27,4,LU,quantile,0.75,6675.161115609523
2026-09-09,ARI incidence,2026-09-27,4,LU,quantile,0.8,7106.668299532465
2026-09-09,ARI incidence,2026-09-27,4,LU,quantile,0.85,7702.608264836803
2026-09-09,ARI incidence,2026-09-27,4,LU,median,,5054.539500676653
2026-09-09,ARI incidence,2026-09-06,1,NL,quantile,0.01,64.80724065633873
2026-09-09,ARI incidence,2026-09-06,1,NL,quantile,0.025,67.12190780439603
2026-09-09,ARI incidence,2026-09-06,1,NL,quantile,0.35,78.07866581758438
2026-09-09,ARI incidence,2026-09-06,1,NL,quantile,0.05,69.23035484008687
2026-09-09,ARI incidence,2026-09-06,1,NL,quantile,0.1,71.79157642790155
2026-09-09,ARI incidence,2026-09-06,1,NL,quantile,0.15,73.383534187744
2026-09-09,ARI incidence,2026-09-06,1,NL,quantile,0.2,74.80047541835762
2026-09-09,ARI incidence,2026-09-06,1,NL,quantile,0.25,75.95607678795423
2026-09-09,ARI incidence,2026-09-06,1,NL,quantile,0.3,77.03584840944826
2026-09-09,ARI incidence,2026-09-06,1,NL,quantile,0.4,79.11470354615267
2026-09-09,ARI incidence,2026-09-06,1,NL,quantile,0.45,80.10807173483869
2026-09-09,ARI incidence,2026-09-06,1,NL,quantile,0.5,81.12382109989787
2026-09-09,ARI incidence,2026-09-06,1,NL,quantile,0.55,82.0039439147449
2026-09-09,ARI incidence,2026-09-06,1,NL,quantile,0.8,87.81274085147403
2026-09-09,ARI incidence,2026-09-06,1,NL,quantile,0.85,89.55640924574459
2026-09-09,ARI incidence,2026-09-06,1,NL,quantile,0.9,91.71780916344086
2026-09-09,ARI incidence,2026-09-06,1,NL,quantile,0.6,83.06103049713406
2026-09-09,ARI incidence,2026-09-06,1,NL,quantile,0.65,84.06585998883304
2026-09-09,ARI incidence,2026-09-06,1,NL,quantile,0.7,85.21582720920988
2026-09-09,ARI incidence,2026-09-06,1,NL,quantile,0.75,86.43186603853684
2026-09-09,ARI incidence,2026-09-06,1,NL,quantile,0.99,100.72622480082497
2026-09-09,ARI incidence,2026-09-06,1,NL,quantile,0.95,94.97096254076912
2026-09-09,ARI incidence,2026-09-06,1,NL,quantile,0.975,97.7504074539777
2026-09-09,ARI incidence,2026-09-06,1,NL,median,,81.12382109989787
2026-09-09,ARI incidence,2026-09-13,2,NL,quantile,0.01,74.37265932959941
2026-09-09,ARI incidence,2026-09-13,2,NL,quantile,0.025,75.66285796935641
2026-09-09,ARI incidence,2026-09-13,2,NL,quantile,0.05,76.82443160057925
2026-09-09,ARI incidence,2026-09-13,2,NL,quantile,0.1,78.10737558103173
2026-09-09,ARI incidence,2026-09-13,2,NL,quantile,0.15,79.04235698566
2026-09-09,ARI incidence,2026-09-13,2,NL,quantile,0.2,79.72952693329384
2026-09-09,ARI incidence,2026-09-13,2,NL,quantile,0.25,80.40700304032069
2026-09-09,ARI incidence,2026-09-13,2,NL,quantile,0.3,80.96978311813595
2026-09-09,ARI incidence,2026-09-13,2,NL,quantile,0.65,84.55598038362368
2026-09-09,ARI incidence,2026-09-13,2,NL,quantile,0.5,83.01715137549687
2026-09-09,ARI incidence,2026-09-13,2,NL,quantile,0.55,83.47879113358769
2026-09-09,ARI incidence,2026-09-13,2,NL,quantile,0.6,84.02341393590191
2026-09-09,ARI incidence,2026-09-13,2,NL,quantile,0.7,85.1585924255501
2026-09-09,ARI incidence,2026-09-13,2,NL,quantile,0.75,85.78501777911671
2026-09-09,ARI incidence,2026-09-13,2,NL,quantile,0.8,86.49893659056757
2026-09-09,ARI incidence,2026-09-13,2,NL,quantile,0.35,81.52213290782191
2026-09-09,ARI incidence,2026-09-13,2,NL,quantile,0.4,82.0323387049051
2026-09-09,ARI incidence,2026-09-13,2,NL,quantile,0.45,82.54811054281396
2026-09-09,ARI incidence,2026-09-13,2,NL,quantile,0.85,87.27704741109783
2026-09-09,ARI incidence,2026-09-13,2,NL,quantile,0.9,88.26517518748402
2026-09-09,ARI incidence,2026-09-13,2,NL,quantile,0.95,89.76586249269845
2026-09-09,ARI incidence,2026-09-13,2,NL,quantile,0.975,90.97556061918371
2026-09-09,ARI incidence,2026-09-13,2,NL,quantile,0.99,92.56227233780365
2026-09-09,ARI incidence,2026-09-13,2,NL,median,,83.01715137549687
2026-09-09,ARI incidence,2026-09-20,3,NL,quantile,0.99,115.01572083274259
2026-09-09,ARI incidence,2026-09-20,3,NL,quantile,0.95,101.80840802332331
2026-09-09,ARI incidence,2026-09-20,3,NL,quantile,0.975,107.57784318705092
2026-09-09,ARI incidence,2026-09-20,3,NL,quantile,0.9,94.8050149980872
2026-09-09,ARI incidence,2026-09-20,3,NL,quantile,0.85,90.77608547975902
2026-09-09,ARI incidence,2026-09-20,3,NL,quantile,0.8,87.51662709159488
2026-09-09,ARI incidence,2026-09-20,3,NL,quantile,0.2,64.18330539797431
2026-09-09,ARI incidence,2026-09-20,3,NL,quantile,0.25,66.18282670300349
2026-09-09,ARI incidence,2026-09-20,3,NL,quantile,0.3,68.05615051071103
2026-09-09,ARI incidence,2026-09-20,3,NL,quantile,0.35,69.80616550861934
2026-09-09,ARI incidence,2026-09-20,3,NL,quantile,0.7,82.70018019276719
2026-09-09,ARI incidence,2026-09-20,3,NL,quantile,0.75,84.92079687658618
2026-09-09,ARI incidence,2026-09-20,3,NL,quantile,0.5,75.0073345858514
2026-09-09,ARI incidence,2026-09-20,3,NL,quantile,0.025,52.456158781219315
2026-09-09,ARI incidence,2026-09-20,3,NL,quantile,0.05,55.44731192227251
2026-09-09,ARI incidence,2026-09-20,3,NL,quantile,0.1,59.28389290181071
2026-09-09,ARI incidence,2026-09-20,3,NL,quantile,0.15,62.02460583532496
2026-09-09,ARI incidence,2026-09-20,3,NL,quantile,0.45,73.20761835353088
2026-09-09,ARI incidence,2026-09-20,3,NL,quantile,0.6,78.73983188884856
2026-09-09,ARI incidence,2026-09-20,3,NL,quantile,0.4,71.53857120895252
2026-09-09,ARI incidence,2026-09-20,3,NL,quantile,0.55,76.92143898502769
2026-09-09,ARI incidence,2026-09-20,3,NL,quantile,0.65,80.60135360427269
2026-09-09,ARI incidence,2026-09-20,3,NL,quantile,0.01,49.05702236482363
2026-09-09,ARI incidence,2026-09-20,3,NL,median,,75.0073345858514
2026-09-09,ARI incidence,2026-09-27,4,NL,quantile,0.9,102.10146388336054
2026-09-09,ARI incidence,2026-09-27,4,NL,quantile,0.95,107.96773836690353
2026-09-09,ARI incidence,2026-09-27,4,NL,quantile,0.975,113.26651495937888
2026-09-09,ARI incidence,2026-09-27,4,NL,quantile,0.99,120.4584740253135
2026-09-09,ARI incidence,2026-09-27,4,NL,quantile,0.85,98.49006369965198
2026-09-09,ARI incidence,2026-09-27,4,NL,quantile,0.8,95.58792565181511
2026-09-09,ARI incidence,2026-09-27,4,NL,quantile,0.7,91.03404819001041
2026-09-09,ARI incidence,2026-09-27,4,NL,quantile,0.75,93.04869804766449
2026-09-09,ARI incidence,2026-09-27,4,NL,quantile,0.65,88.89449166107417
2026-09-09,ARI incidence,2026-09-27,4,NL,quantile,0.6,87.17079693683564
2026-09-09,ARI incidence,2026-09-27,4,NL,quantile,0.55,85.47240327663224
2026-09-09,ARI incidence,2026-09-27,4,NL,quantile,0.35,78.9765668852302
2026-09-09,ARI incidence,2026-09-27,4,NL,quantile,0.45,82.1530711135631
2026-09-09,ARI incidence,2026-09-27,4,NL,quantile,0.4,80.5915903615031
2026-09-09,ARI incidence,2026-09-27,4,NL,quantile,0.1,68.70621980480908
2026-09-09,ARI incidence,2026-09-27,4,NL,quantile,0.3,77.29259557260895
2026-09-09,ARI incidence,2026-09-27,4,NL,quantile,0.15,71.3205957657362
2026-09-09,ARI incidence,2026-09-27,4,NL,quantile,0.25,75.49042525859865
2026-09-09,ARI incidence,2026-09-27,4,NL,quantile,0.5,83.73687951286881
2026-09-09,ARI incidence,2026-09-27,4,NL,quantile,0.01,59.086922031431484
2026-09-09,ARI incidence,2026-09-27,4,NL,quantile,0.2,73.49863808828171
2026-09-09,ARI incidence,2026-09-27,4,NL,quantile,0.025,62.19982210216399
2026-09-09,ARI incidence,2026-09-27,4,NL,quantile,0.05,65.24032514240405
2026-09-09,ARI incidence,2026-09-27,4,NL,median,,83.73687951286881
2026-09-09,ARI incidence,2026-09-06,1,SI,quantile,0.99,446.42925128917943
2026-09-09,ARI incidence,2026-09-06,1,SI,quantile,0.8,350.4198413794387
2026-09-09,ARI incidence,2026-09-06,1,SI,quantile,0.85,361.46008712877125
2026-09-09,ARI incidence,2026-09-06,1,SI,quantile,0.9,375.88903232684413
2026-09-09,ARI incidence,2026-09-06,1,SI,quantile,0.95,397.27363755609144
2026-09-09,ARI incidence,2026-09-06,1,SI,quantile,0.975,420.4247578492907
2026-09-09,ARI incidence,2026-09-06,1,SI,quantile,0.55,310.57490287325595
2026-09-09,ARI incidence,2026-09-06,1,SI,quantile,0.6,317.53065165762416
2026-09-09,ARI incidence,2026-09-06,1,SI,quantile,0.5,304.7122750767901
2026-09-09,ARI incidence,2026-09-06,1,SI,quantile,0.45,298.5826333034509
2026-09-09,ARI incidence,2026-09-06,1,SI,quantile,0.3,279.78257076694996
2026-09-09,ARI incidence,2026-09-06,1,SI,quantile,0.75,340.3796621545704
2026-09-09,ARI incidence,2026-09-06,1,SI,quantile,0.4,292.40537045118623
2026-09-09,ARI incidence,2026-09-06,1,SI,quantile,0.05,233.99446350985832
2026-09-09,ARI incidence,2026-09-06,1,SI,quantile,0.25,273.1937558208107
2026-09-09,ARI incidence,2026-09-06,1,SI,quantile,0.35,286.0368332512936
2026-09-09,ARI incidence,2026-09-06,1,SI,quantile,0.2,266.0168479690524
2026-09-09,ARI incidence,2026-09-06,1,SI,quantile,0.01,210.06232135738517
2026-09-09,ARI incidence,2026-09-06,1,SI,quantile,0.7,332.3494911593549
2026-09-09,ARI incidence,2026-09-06,1,SI,quantile,0.15,257.3385523005635
2026-09-09,ARI incidence,2026-09-06,1,SI,quantile,0.025,222.11643392458214
2026-09-09,ARI incidence,2026-09-06,1,SI,quantile,0.1,247.67093943274136
2026-09-09,ARI incidence,2026-09-06,1,SI,quantile,0.65,324.874859892216
2026-09-09,ARI incidence,2026-09-06,1,SI,median,,304.7122750767901
2026-09-09,ARI incidence,2026-09-13,2,SI,quantile,0.95,399.5420711242845
2026-09-09,ARI incidence,2026-09-13,2,SI,quantile,0.975,422.4026874008431
2026-09-09,ARI incidence,2026-09-13,2,SI,quantile,0.99,445.98505984159414
2026-09-09,ARI incidence,2026-09-13,2,SI,quantile,0.9,375.5496519698495
2026-09-09,ARI incidence,2026-09-13,2,SI,quantile,0.8,348.04767224122156
2026-09-09,ARI incidence,2026-09-13,2,SI,quantile,0.85,359.77963476684056
2026-09-09,ARI incidence,2026-09-13,2,SI,quantile,0.75,337.94125888283816
2026-09-09,ARI incidence,2026-09-13,2,SI,quantile,0.7,328.79286847585144
2026-09-09,ARI incidence,2026-09-13,2,SI,quantile,0.45,294.76711607023617
2026-09-09,ARI incidence,2026-09-13,2,SI,quantile,0.5,300.8389455109035
2026-09-09,ARI incidence,2026-09-13,2,SI,quantile,0.55,307.0188315033362
2026-09-09,ARI incidence,2026-09-13,2,SI,quantile,0.65,320.4975344847423
2026-09-09,ARI incidence,2026-09-13,2,SI,quantile,0.6,313.68192778588343
2026-09-09,ARI incidence,2026-09-13,2,SI,quantile,0.4,288.2461010376877
2026-09-09,ARI incidence,2026-09-13,2,SI,quantile,0.3,274.0937588363717
2026-09-09,ARI incidence,2026-09-13,2,SI,quantile,0.2,260.0714147511395
2026-09-09,ARI incidence,2026-09-13,2,SI,quantile,0.25,267.1862786863962
2026-09-09,ARI incidence,2026-09-13,2,SI,quantile,0.15,251.61792456090802
2026-09-09,ARI incidence,2026-09-13,2,SI,quantile,0.35,280.9990885914741
2026-09-09,ARI incidence,2026-09-13,2,SI,quantile,0.01,204.11083682481234
2026-09-09,ARI incidence,2026-09-13,2,SI,quantile,0.025,215.6403164958656
2026-09-09,ARI incidence,2026-09-13,2,SI,quantile,0.05,226.69073367666311
2026-09-09,ARI incidence,2026-09-13,2,SI,quantile,0.1,240.94090446642656
2026-09-09,ARI incidence,2026-09-13,2,SI,median,,300.8389455109035
2026-09-09,ARI incidence,2026-09-20,3,SI,quantile,0.15,243.2329984070809
2026-09-09,ARI incidence,2026-09-20,3,SI,quantile,0.1,230.36771619975917
2026-09-09,ARI incidence,2026-09-20,3,SI,quantile,0.025,200.70791253595894
2026-09-09,ARI incidence,2026-09-20,3,SI,quantile,0.05,214.8237727535734
2026-09-09,ARI incidence,2026-09-20,3,SI,quantile,0.35,279.7314449207577
2026-09-09,ARI incidence,2026-09-20,3,SI,quantile,0.01,184.2217663318127
2026-09-09,ARI incidence,2026-09-20,3,SI,quantile,0.3,271.5733919817119
2026-09-09,ARI incidence,2026-09-20,3,SI,quantile,0.25,263.02991940062356
2026-09-09,ARI incidence,2026-09-20,3,SI,quantile,0.2,254.47702413611475
2026-09-09,ARI incidence,2026-09-20,3,SI,quantile,0.4,287.3582780259308
2026-09-09,ARI incidence,2026-09-20,3,SI,quantile,0.45,295.4995563037404
2026-09-09,ARI incidence,2026-09-20,3,SI,quantile,0.5,302.8471919255191
2026-09-09,ARI incidence,2026-09-20,3,SI,quantile,0.6,319.0043618689062
2026-09-09,ARI incidence,2026-09-20,3,SI,quantile,0.55,310.70468115544884
2026-09-09,ARI incidence,2026-09-20,3,SI,quantile,0.7,337.98000970040255
2026-09-09,ARI incidence,2026-09-20,3,SI,quantile,0.65,327.74233737760886
2026-09-09,ARI incidence,2026-09-20,3,SI,quantile,0.75,348.44821368843964
2026-09-09,ARI incidence,2026-09-20,3,SI,quantile,0.8,360.339333154038
2026-09-09,ARI incidence,2026-09-20,3,SI,quantile,0.85,375.9647953310664
2026-09-09,ARI incidence,2026-09-20,3,SI,quantile,0.99,496.3571435466617
2026-09-09,ARI incidence,2026-09-20,3,SI,quantile,0.975,456.187383050027
2026-09-09,ARI incidence,2026-09-20,3,SI,quantile,0.95,426.88106381016314
2026-09-09,ARI incidence,2026-09-20,3,SI,quantile,0.9,395.29369050114576
2026-09-09,ARI incidence,2026-09-20,3,SI,median,,302.8471919255191
2026-09-09,ARI incidence,2026-09-27,4,SI,quantile,0.9,333.9294385471492
2026-09-09,ARI incidence,2026-09-27,4,SI,quantile,0.85,330.8776676753807
2026-09-09,ARI incidence,2026-09-27,4,SI,quantile,0.99,347.4893575361318
2026-09-09,ARI incidence,2026-09-27,4,SI,quantile,0.6,321.08624602571496
2026-09-09,ARI incidence,2026-09-27,4,SI,quantile,0.7,324.4026392095021
2026-09-09,ARI incidence,2026-09-27,4,SI,quantile,0.975,342.69262586770196
2026-09-09,ARI incidence,2026-09-27,4,SI,quantile,0.4,314.76933118618183
2026-09-09,ARI incidence,2026-09-27,4,SI,quantile,0.55,319.5533074507226
2026-09-09,ARI incidence,2026-09-27,4,SI,quantile,0.65,322.6988015644753
2026-09-09,ARI incidence,2026-09-27,4,SI,quantile,0.95,338.48783036850307
2026-09-09,ARI incidence,2026-09-27,4,SI,quantile,0.8,328.35736470496573
2026-09-09,ARI incidence,2026-09-27,4,SI,quantile,0.75,326.19671769971603
2026-09-09,ARI incidence,2026-09-27,4,SI,quantile,0.45,316.35555892873583
2026-09-09,ARI incidence,2026-09-27,4,SI,quantile,0.5,317.99721887190844
2026-09-09,ARI incidence,2026-09-27,4,SI,quantile,0.35,313.06354246199635
2026-09-09,ARI incidence,2026-09-27,4,SI,quantile,0.3,311.26926490042354
2026-09-09,ARI incidence,2026-09-27,4,SI,quantile,0.25,309.3591321911768
2026-09-09,ARI incidence,2026-09-27,4,SI,quantile,0.2,307.46965875351856
2026-09-09,ARI incidence,2026-09-27,4,SI,quantile,0.05,297.9400579194874
2026-09-09,ARI incidence,2026-09-27,4,SI,quantile,0.1,301.9643781572633
2026-09-09,ARI incidence,2026-09-27,4,SI,quantile,0.15,305.12351583109285
2026-09-09,ARI incidence,2026-09-27,4,SI,quantile,0.025,294.470241026714
2026-09-09,ARI incidence,2026-09-27,4,SI,quantile,0.01,290.6212131665867
2026-09-09,ARI incidence,2026-09-27,4,SI,median,,317.99721887190844
