origin_date,target,target_end_date,horizon,location,output_type,output_type_id,value
2026-08-19,ARI incidence,2026-08-16,1,BE,quantile,0.7,191.69869238640757
2026-08-19,ARI incidence,2026-08-16,1,BE,quantile,0.75,193.6139274996686
2026-08-19,ARI incidence,2026-08-16,1,BE,quantile,0.8,195.78196813347537
2026-08-19,ARI incidence,2026-08-16,1,BE,quantile,0.85,197.99913453473283
2026-08-19,ARI incidence,2026-08-16,1,BE,quantile,0.9,201.33413374493227
2026-08-19,ARI incidence,2026-08-16,1,BE,quantile,0.95,206.143706452498
2026-08-19,ARI incidence,2026-08-16,1,BE,quantile,0.975,210.6803743119026
2026-08-19,ARI incidence,2026-08-16,1,BE,quantile,0.99,216.28153494093985
2026-08-19,ARI incidence,2026-08-16,1,BE,quantile,0.01,158.27686125869917
2026-08-19,ARI incidence,2026-08-16,1,BE,quantile,0.025,161.897226979485
2026-08-19,ARI incidence,2026-08-16,1,BE,quantile,0.2,174.5936420825927
2026-08-19,ARI incidence,2026-08-16,1,BE,quantile,0.25,176.58808051287056
2026-08-19,ARI incidence,2026-08-16,1,BE,quantile,0.3,178.46244163671165
2026-08-19,ARI incidence,2026-08-16,1,BE,quantile,0.35,180.24486483576715
2026-08-19,ARI incidence,2026-08-16,1,BE,quantile,0.4,181.82777714035313
2026-08-19,ARI incidence,2026-08-16,1,BE,quantile,0.45,183.41437435030974
2026-08-19,ARI incidence,2026-08-16,1,BE,quantile,0.5,184.98437734360132
2026-08-19,ARI incidence,2026-08-16,1,BE,quantile,0.55,186.49700298470282
2026-08-19,ARI incidence,2026-08-16,1,BE,quantile,0.6,188.1232629570984
2026-08-19,ARI incidence,2026-08-16,1,BE,quantile,0.65,189.89045791320262
2026-08-19,ARI incidence,2026-08-16,1,BE,quantile,0.05,165.41111543192997
2026-08-19,ARI incidence,2026-08-16,1,BE,quantile,0.1,169.7013103768106
2026-08-19,ARI incidence,2026-08-16,1,BE,quantile,0.15,172.40012012533504
2026-08-19,ARI incidence,2026-08-16,1,BE,median,,184.98437734360132
2026-08-19,ARI incidence,2026-08-23,2,BE,quantile,0.3,200.35731856634425
2026-08-19,ARI incidence,2026-08-23,2,BE,quantile,0.9,248.1467221657722
2026-08-19,ARI incidence,2026-08-23,2,BE,quantile,0.95,259.7789841835557
2026-08-19,ARI incidence,2026-08-23,2,BE,quantile,0.975,270.15846102334336
2026-08-19,ARI incidence,2026-08-23,2,BE,quantile,0.99,282.2744758927948
2026-08-19,ARI incidence,2026-08-23,2,BE,quantile,0.2,192.36531321646206
2026-08-19,ARI incidence,2026-08-23,2,BE,quantile,0.25,196.29492146088958
2026-08-19,ARI incidence,2026-08-23,2,BE,quantile,0.35,203.69775680276632
2026-08-19,ARI incidence,2026-08-23,2,BE,quantile,0.4,206.72762767716517
2026-08-19,ARI incidence,2026-08-23,2,BE,quantile,0.45,209.82855222083694
2026-08-19,ARI incidence,2026-08-23,2,BE,quantile,0.5,212.94710561002165
2026-08-19,ARI incidence,2026-08-23,2,BE,quantile,0.55,216.1154280416276
2026-08-19,ARI incidence,2026-08-23,2,BE,quantile,0.6,219.4555803691235
2026-08-19,ARI incidence,2026-08-23,2,BE,quantile,0.65,223.0733354183223
2026-08-19,ARI incidence,2026-08-23,2,BE,quantile,0.7,226.6551032251945
2026-08-19,ARI incidence,2026-08-23,2,BE,quantile,0.75,230.96875865099562
2026-08-19,ARI incidence,2026-08-23,2,BE,quantile,0.8,235.96850370098977
2026-08-19,ARI incidence,2026-08-23,2,BE,quantile,0.85,241.24978597112397
2026-08-19,ARI incidence,2026-08-23,2,BE,quantile,0.025,168.42582240237633
2026-08-19,ARI incidence,2026-08-23,2,BE,quantile,0.05,175.11479928456137
2026-08-19,ARI incidence,2026-08-23,2,BE,quantile,0.1,182.87492132558702
2026-08-19,ARI incidence,2026-08-23,2,BE,quantile,0.15,187.9044579510189
2026-08-19,ARI incidence,2026-08-23,2,BE,quantile,0.01,161.13370642876853
2026-08-19,ARI incidence,2026-08-23,2,BE,median,,212.94710561002165
2026-08-19,ARI incidence,2026-08-30,3,BE,quantile,0.01,134.43751162400193
2026-08-19,ARI incidence,2026-08-30,3,BE,quantile,0.025,138.46875512762273
2026-08-19,ARI incidence,2026-08-30,3,BE,quantile,0.05,142.13783412832368
2026-08-19,ARI incidence,2026-08-30,3,BE,quantile,0.9,182.14245053669168
2026-08-19,ARI incidence,2026-08-30,3,BE,quantile,0.99,198.61919582918415
2026-08-19,ARI incidence,2026-08-30,3,BE,quantile,0.975,192.63381879938
2026-08-19,ARI incidence,2026-08-30,3,BE,quantile,0.95,187.87519938718685
2026-08-19,ARI incidence,2026-08-30,3,BE,quantile,0.85,178.20799341914935
2026-08-19,ARI incidence,2026-08-30,3,BE,quantile,0.8,175.17836692687214
2026-08-19,ARI incidence,2026-08-30,3,BE,quantile,0.75,172.66864153604803
2026-08-19,ARI incidence,2026-08-30,3,BE,quantile,0.1,146.73169232475223
2026-08-19,ARI incidence,2026-08-30,3,BE,quantile,0.15,149.78478664117404
2026-08-19,ARI incidence,2026-08-30,3,BE,quantile,0.2,152.16383174870097
2026-08-19,ARI incidence,2026-08-30,3,BE,quantile,0.25,154.36213725177154
2026-08-19,ARI incidence,2026-08-30,3,BE,quantile,0.7,170.5396332716666
2026-08-19,ARI incidence,2026-08-30,3,BE,quantile,0.3,156.369251928873
2026-08-19,ARI incidence,2026-08-30,3,BE,quantile,0.35,158.0907033149616
2026-08-19,ARI incidence,2026-08-30,3,BE,quantile,0.4,159.78157275219263
2026-08-19,ARI incidence,2026-08-30,3,BE,quantile,0.45,161.56735242197107
2026-08-19,ARI incidence,2026-08-30,3,BE,quantile,0.5,163.2351295296191
2026-08-19,ARI incidence,2026-08-30,3,BE,quantile,0.55,165.01837296476998
2026-08-19,ARI incidence,2026-08-30,3,BE,quantile,0.6,166.8214638378757
2026-08-19,ARI incidence,2026-08-30,3,BE,quantile,0.65,168.66551746226162
2026-08-19,ARI incidence,2026-08-30,3,BE,median,,163.2351295296191
2026-08-19,ARI incidence,2026-09-06,4,BE,quantile,0.5,237.37903410833655
2026-08-19,ARI incidence,2026-09-06,4,BE,quantile,0.4,232.0686911720772
2026-08-19,ARI incidence,2026-09-06,4,BE,quantile,0.55,240.0301561590194
2026-08-19,ARI incidence,2026-09-06,4,BE,quantile,0.45,234.91718932577376
2026-08-19,ARI incidence,2026-09-06,4,BE,quantile,0.35,229.2265995879198
2026-08-19,ARI incidence,2026-09-06,4,BE,quantile,0.9,266.9983927416856
2026-08-19,ARI incidence,2026-09-06,4,BE,quantile,0.05,204.18027806963397
2026-08-19,ARI incidence,2026-09-06,4,BE,quantile,0.75,252.369216275788
2026-08-19,ARI incidence,2026-09-06,4,BE,quantile,0.65,245.91235050755063
2026-08-19,ARI incidence,2026-09-06,4,BE,quantile,0.7,248.9850198660418
2026-08-19,ARI incidence,2026-09-06,4,BE,quantile,0.85,260.511155445332
2026-08-19,ARI incidence,2026-09-06,4,BE,quantile,0.025,197.81501424579758
2026-08-19,ARI incidence,2026-09-06,4,BE,quantile,0.6,242.97958354845912
2026-08-19,ARI incidence,2026-09-06,4,BE,quantile,0.8,256.29079811148483
2026-08-19,ARI incidence,2026-09-06,4,BE,quantile,0.95,275.9701702198854
2026-08-19,ARI incidence,2026-09-06,4,BE,quantile,0.975,283.5427353210004
2026-08-19,ARI incidence,2026-09-06,4,BE,quantile,0.99,293.2253174412285
2026-08-19,ARI incidence,2026-09-06,4,BE,quantile,0.2,219.55266072934518
2026-08-19,ARI incidence,2026-09-06,4,BE,quantile,0.25,223.07776769747488
2026-08-19,ARI incidence,2026-09-06,4,BE,quantile,0.3,226.28958595821257
2026-08-19,ARI incidence,2026-09-06,4,BE,quantile,0.01,191.52112844209879
2026-08-19,ARI incidence,2026-09-06,4,BE,quantile,0.15,215.52500951196075
2026-08-19,ARI incidence,2026-09-06,4,BE,quantile,0.1,211.20953641471328
2026-08-19,ARI incidence,2026-09-06,4,BE,median,,237.37903410833655
2026-08-19,ARI incidence,2026-08-16,1,BG,quantile,0.01,155.68689188537698
2026-08-19,ARI incidence,2026-08-16,1,BG,quantile,0.9,187.09727166408493
2026-08-19,ARI incidence,2026-08-16,1,BG,quantile,0.025,158.73581612816557
2026-08-19,ARI incidence,2026-08-16,1,BG,quantile,0.95,190.65689017650598
2026-08-19,ARI incidence,2026-08-16,1,BG,quantile,0.85,184.8812860339441
2026-08-19,ARI incidence,2026-08-16,1,BG,quantile,0.975,193.46430250297135
2026-08-19,ARI incidence,2026-08-16,1,BG,quantile,0.05,161.3248025993061
2026-08-19,ARI incidence,2026-08-16,1,BG,quantile,0.99,197.18058799350155
2026-08-19,ARI incidence,2026-08-16,1,BG,quantile,0.7,180.1638121916825
2026-08-19,ARI incidence,2026-08-16,1,BG,quantile,0.65,178.8058979777711
2026-08-19,ARI incidence,2026-08-16,1,BG,quantile,0.75,181.61146369259913
2026-08-19,ARI incidence,2026-08-16,1,BG,quantile,0.8,183.16495176825686
2026-08-19,ARI incidence,2026-08-16,1,BG,quantile,0.1,164.23223704463902
2026-08-19,ARI incidence,2026-08-16,1,BG,quantile,0.45,174.16610554615067
2026-08-19,ARI incidence,2026-08-16,1,BG,quantile,0.25,169.4459919793398
2026-08-19,ARI incidence,2026-08-16,1,BG,quantile,0.6,177.59543921590378
2026-08-19,ARI incidence,2026-08-16,1,BG,quantile,0.15,166.43811280401076
2026-08-19,ARI incidence,2026-08-16,1,BG,quantile,0.55,176.45322938762678
2026-08-19,ARI incidence,2026-08-16,1,BG,quantile,0.5,175.27906069045008
2026-08-19,ARI incidence,2026-08-16,1,BG,quantile,0.2,168.06704681631643
2026-08-19,ARI incidence,2026-08-16,1,BG,quantile,0.4,173.0684510603038
2026-08-19,ARI incidence,2026-08-16,1,BG,quantile,0.3,170.71929442148192
2026-08-19,ARI incidence,2026-08-16,1,BG,quantile,0.35,171.83840162158472
2026-08-19,ARI incidence,2026-08-16,1,BG,median,,175.27906069045008
2026-08-19,ARI incidence,2026-08-23,2,BG,quantile,0.99,214.23234549348356
2026-08-19,ARI incidence,2026-08-23,2,BG,quantile,0.9,203.80593330549618
2026-08-19,ARI incidence,2026-08-23,2,BG,quantile,0.975,210.43203908958893
2026-08-19,ARI incidence,2026-08-23,2,BG,quantile,0.85,201.50924840984342
2026-08-19,ARI incidence,2026-08-23,2,BG,quantile,0.05,176.7843421815316
2026-08-19,ARI incidence,2026-08-23,2,BG,quantile,0.1,180.09829821415573
2026-08-19,ARI incidence,2026-08-23,2,BG,quantile,0.15,182.22528636456664
2026-08-19,ARI incidence,2026-08-23,2,BG,quantile,0.2,183.98817064458703
2026-08-19,ARI incidence,2026-08-23,2,BG,quantile,0.025,174.26026844527578
2026-08-19,ARI incidence,2026-08-23,2,BG,quantile,0.01,170.96526489255942
2026-08-19,ARI incidence,2026-08-23,2,BG,quantile,0.95,207.01238174871014
2026-08-19,ARI incidence,2026-08-23,2,BG,quantile,0.25,185.5914437987523
2026-08-19,ARI incidence,2026-08-23,2,BG,quantile,0.3,186.96021959008254
2026-08-19,ARI incidence,2026-08-23,2,BG,quantile,0.75,198.04427095783828
2026-08-19,ARI incidence,2026-08-23,2,BG,quantile,0.55,192.8017677083177
2026-08-19,ARI incidence,2026-08-23,2,BG,quantile,0.65,195.29552671363894
2026-08-19,ARI incidence,2026-08-23,2,BG,quantile,0.7,196.63020491886044
2026-08-19,ARI incidence,2026-08-23,2,BG,quantile,0.6,194.0269892507869
2026-08-19,ARI incidence,2026-08-23,2,BG,quantile,0.8,199.5329848417087
2026-08-19,ARI incidence,2026-08-23,2,BG,quantile,0.5,191.71312694951712
2026-08-19,ARI incidence,2026-08-23,2,BG,quantile,0.45,190.62205910032202
2026-08-19,ARI incidence,2026-08-23,2,BG,quantile,0.4,189.43940383243174
2026-08-19,ARI incidence,2026-08-23,2,BG,quantile,0.35,188.26964200819287
2026-08-19,ARI incidence,2026-08-23,2,BG,median,,191.71312694951712
2026-08-19,ARI incidence,2026-08-30,3,BG,quantile,0.95,212.0855238771228
2026-08-19,ARI incidence,2026-08-30,3,BG,quantile,0.85,203.0890671996028
2026-08-19,ARI incidence,2026-08-30,3,BG,quantile,0.975,217.75948008756623
2026-08-19,ARI incidence,2026-08-30,3,BG,quantile,0.2,177.02345513585715
2026-08-19,ARI incidence,2026-08-30,3,BG,quantile,0.01,158.01993566918577
2026-08-19,ARI incidence,2026-08-30,3,BG,quantile,0.3,181.08491426620685
2026-08-19,ARI incidence,2026-08-30,3,BG,quantile,0.99,223.4908507711171
2026-08-19,ARI incidence,2026-08-30,3,BG,quantile,0.55,189.824371339202
2026-08-19,ARI incidence,2026-08-30,3,BG,quantile,0.8,200.18659155301594
2026-08-19,ARI incidence,2026-08-30,3,BG,quantile,0.9,206.85493063216163
2026-08-19,ARI incidence,2026-08-30,3,BG,quantile,0.25,179.19098267235537
2026-08-19,ARI incidence,2026-08-30,3,BG,quantile,0.35,182.83048885512537
2026-08-19,ARI incidence,2026-08-30,3,BG,quantile,0.45,186.31691109705594
2026-08-19,ARI incidence,2026-08-30,3,BG,quantile,0.5,188.0436267096515
2026-08-19,ARI incidence,2026-08-30,3,BG,quantile,0.6,191.6738640911436
2026-08-19,ARI incidence,2026-08-30,3,BG,quantile,0.15,174.51066369168814
2026-08-19,ARI incidence,2026-08-30,3,BG,quantile,0.4,184.6263462712723
2026-08-19,ARI incidence,2026-08-30,3,BG,quantile,0.7,195.58412925571997
2026-08-19,ARI incidence,2026-08-30,3,BG,quantile,0.75,197.749882349984
2026-08-19,ARI incidence,2026-08-30,3,BG,quantile,0.025,163.0899607762968
2026-08-19,ARI incidence,2026-08-30,3,BG,quantile,0.65,193.58101270968226
2026-08-19,ARI incidence,2026-08-30,3,BG,quantile,0.1,171.3685530673227
2026-08-19,ARI incidence,2026-08-30,3,BG,quantile,0.05,166.96004260107267
2026-08-19,ARI incidence,2026-08-30,3,BG,median,,188.0436267096515
2026-08-19,ARI incidence,2026-09-06,4,BG,quantile,0.7,187.87326084173526
2026-08-19,ARI incidence,2026-09-06,4,BG,quantile,0.75,189.05877457993898
2026-08-19,ARI incidence,2026-09-06,4,BG,quantile,0.55,184.93513149851833
2026-08-19,ARI incidence,2026-09-06,4,BG,quantile,0.65,186.84762741984594
2026-08-19,ARI incidence,2026-09-06,4,BG,quantile,0.6,185.90178124103988
2026-08-19,ARI incidence,2026-09-06,4,BG,quantile,0.8,190.30714883089166
2026-08-19,ARI incidence,2026-09-06,4,BG,quantile,0.5,184.02403315268384
2026-08-19,ARI incidence,2026-09-06,4,BG,quantile,0.3,180.49240957782098
2026-08-19,ARI incidence,2026-09-06,4,BG,quantile,0.35,181.38505264724512
2026-08-19,ARI incidence,2026-09-06,4,BG,quantile,0.45,183.12742143894621
2026-08-19,ARI incidence,2026-09-06,4,BG,quantile,0.4,182.2648793986558
2026-08-19,ARI incidence,2026-09-06,4,BG,quantile,0.15,177.0196473858285
2026-08-19,ARI incidence,2026-09-06,4,BG,quantile,0.1,175.37995043665114
2026-08-19,ARI incidence,2026-09-06,4,BG,quantile,0.05,172.7831619223037
2026-08-19,ARI incidence,2026-09-06,4,BG,quantile,0.01,168.45890253392562
2026-08-19,ARI incidence,2026-09-06,4,BG,quantile,0.85,191.80486886933681
2026-08-19,ARI incidence,2026-09-06,4,BG,quantile,0.2,178.3444662190397
2026-08-19,ARI incidence,2026-09-06,4,BG,quantile,0.25,179.49761405132512
2026-08-19,ARI incidence,2026-09-06,4,BG,quantile,0.025,170.66019047617104
2026-08-19,ARI incidence,2026-09-06,4,BG,quantile,0.9,193.71094304680918
2026-08-19,ARI incidence,2026-09-06,4,BG,quantile,0.95,196.4302947911315
2026-08-19,ARI incidence,2026-09-06,4,BG,quantile,0.975,198.53276502625505
2026-08-19,ARI incidence,2026-09-06,4,BG,quantile,0.99,201.41493040904825
2026-08-19,ARI incidence,2026-09-06,4,BG,median,,184.02403315268384
2026-08-19,ARI incidence,2026-08-16,1,CY,quantile,0.975,11676.455399684563
2026-08-19,ARI incidence,2026-08-16,1,CY,quantile,0.99,15038.32563296387
2026-08-19,ARI incidence,2026-08-16,1,CY,quantile,0.75,4350.721917368694
2026-08-19,ARI incidence,2026-08-16,1,CY,quantile,0.01,444.9699225032436
2026-08-19,ARI incidence,2026-08-16,1,CY,quantile,0.025,576.1952247133572
2026-08-19,ARI incidence,2026-08-16,1,CY,quantile,0.05,739.2092213163618
2026-08-19,ARI incidence,2026-08-16,1,CY,quantile,0.1,974.4929901114389
2026-08-19,ARI incidence,2026-08-16,1,CY,quantile,0.15,1168.937966362296
2026-08-19,ARI incidence,2026-08-16,1,CY,quantile,0.2,1359.5191095211376
2026-08-19,ARI incidence,2026-08-16,1,CY,quantile,0.25,1550.2945403243498
2026-08-19,ARI incidence,2026-08-16,1,CY,quantile,0.3,1722.4629583110836
2026-08-19,ARI incidence,2026-08-16,1,CY,quantile,0.35,1926.212302073156
2026-08-19,ARI incidence,2026-08-16,1,CY,quantile,0.4,2129.3729893507743
2026-08-19,ARI incidence,2026-08-16,1,CY,quantile,0.45,2348.853813498635
2026-08-19,ARI incidence,2026-08-16,1,CY,quantile,0.5,2589.7904126711715
2026-08-19,ARI incidence,2026-08-16,1,CY,quantile,0.55,2836.439142004032
2026-08-19,ARI incidence,2026-08-16,1,CY,quantile,0.6,3131.7794001926814
2026-08-19,ARI incidence,2026-08-16,1,CY,quantile,0.8,4937.198225676262
2026-08-19,ARI incidence,2026-08-16,1,CY,quantile,0.85,5752.498585794749
2026-08-19,ARI incidence,2026-08-16,1,CY,quantile,0.9,6934.821063914597
2026-08-19,ARI incidence,2026-08-16,1,CY,quantile,0.95,9186.440087633426
2026-08-19,ARI incidence,2026-08-16,1,CY,quantile,0.65,3460.975240653525
2026-08-19,ARI incidence,2026-08-16,1,CY,quantile,0.7,3885.332439393005
2026-08-19,ARI incidence,2026-08-16,1,CY,median,,2589.7904126711715
2026-08-19,ARI incidence,2026-08-23,2,CY,quantile,0.75,4640.689254302869
2026-08-19,ARI incidence,2026-08-23,2,CY,quantile,0.8,4784.889609286458
2026-08-19,ARI incidence,2026-08-23,2,CY,quantile,0.85,4978.8446273767295
2026-08-19,ARI incidence,2026-08-23,2,CY,quantile,0.95,5553.470215542547
2026-08-19,ARI incidence,2026-08-23,2,CY,quantile,0.975,5857.839667653887
2026-08-19,ARI incidence,2026-08-23,2,CY,quantile,0.99,6256.433399684872
2026-08-19,ARI incidence,2026-08-23,2,CY,quantile,0.9,5204.073243606412
2026-08-19,ARI incidence,2026-08-23,2,CY,quantile,0.01,2676.085257022542
2026-08-19,ARI incidence,2026-08-23,2,CY,quantile,0.025,2852.6667570506324
2026-08-19,ARI incidence,2026-08-23,2,CY,quantile,0.05,3017.054214274086
2026-08-19,ARI incidence,2026-08-23,2,CY,quantile,0.1,3226.5960671599946
2026-08-19,ARI incidence,2026-08-23,2,CY,quantile,0.15,3378.4560391990767
2026-08-19,ARI incidence,2026-08-23,2,CY,quantile,0.2,3510.00946445759
2026-08-19,ARI incidence,2026-08-23,2,CY,quantile,0.25,3621.26097698097
2026-08-19,ARI incidence,2026-08-23,2,CY,quantile,0.3,3724.6538705963653
2026-08-19,ARI incidence,2026-08-23,2,CY,quantile,0.35,3812.653287989719
2026-08-19,ARI incidence,2026-08-23,2,CY,quantile,0.4,3908.2756088949745
2026-08-19,ARI incidence,2026-08-23,2,CY,quantile,0.45,4004.819836438224
2026-08-19,ARI incidence,2026-08-23,2,CY,quantile,0.5,4095.068538425645
2026-08-19,ARI incidence,2026-08-23,2,CY,quantile,0.55,4185.221198957287
2026-08-19,ARI incidence,2026-08-23,2,CY,quantile,0.6,4279.6186383306795
2026-08-19,ARI incidence,2026-08-23,2,CY,quantile,0.65,4388.24561704058
2026-08-19,ARI incidence,2026-08-23,2,CY,quantile,0.7,4506.5544252868085
2026-08-19,ARI incidence,2026-08-23,2,CY,median,,4095.068538425645
2026-08-19,ARI incidence,2026-08-30,3,CY,quantile,0.01,2349.222523423588
2026-08-19,ARI incidence,2026-08-30,3,CY,quantile,0.025,2585.046011720146
2026-08-19,ARI incidence,2026-08-30,3,CY,quantile,0.05,2807.6571117646763
2026-08-19,ARI incidence,2026-08-30,3,CY,quantile,0.1,3128.9546402769533
2026-08-19,ARI incidence,2026-08-30,3,CY,quantile,0.15,3353.434563628005
2026-08-19,ARI incidence,2026-08-30,3,CY,quantile,0.2,3533.0122525120005
2026-08-19,ARI incidence,2026-08-30,3,CY,quantile,0.25,3699.785517300444
2026-08-19,ARI incidence,2026-08-30,3,CY,quantile,0.3,3856.234954545932
2026-08-19,ARI incidence,2026-08-30,3,CY,quantile,0.35,4016.0931600916974
2026-08-19,ARI incidence,2026-08-30,3,CY,quantile,0.4,4163.485975735788
2026-08-19,ARI incidence,2026-08-30,3,CY,quantile,0.45,4301.366291544775
2026-08-19,ARI incidence,2026-08-30,3,CY,quantile,0.5,4455.417841562577
2026-08-19,ARI incidence,2026-08-30,3,CY,quantile,0.55,4616.366485678738
2026-08-19,ARI incidence,2026-08-30,3,CY,quantile,0.6,4776.173884685412
2026-08-19,ARI incidence,2026-08-30,3,CY,quantile,0.65,4957.795216657908
2026-08-19,ARI incidence,2026-08-30,3,CY,quantile,0.7,5159.937626718154
2026-08-19,ARI incidence,2026-08-30,3,CY,quantile,0.75,5388.095605074397
2026-08-19,ARI incidence,2026-08-30,3,CY,quantile,0.8,5647.809944317386
2026-08-19,ARI incidence,2026-08-30,3,CY,quantile,0.85,5994.042219822337
2026-08-19,ARI incidence,2026-08-30,3,CY,quantile,0.9,6407.78754954903
2026-08-19,ARI incidence,2026-08-30,3,CY,quantile,0.95,7086.4090174455605
2026-08-19,ARI incidence,2026-08-30,3,CY,quantile,0.975,7795.020735757529
2026-08-19,ARI incidence,2026-08-30,3,CY,quantile,0.99,8663.984950375418
2026-08-19,ARI incidence,2026-08-30,3,CY,median,,4455.417841562577
2026-08-19,ARI incidence,2026-08-16,1,DE,quantile,0.85,476.4618930306658
2026-08-19,ARI incidence,2026-08-16,1,DE,quantile,0.95,495.4662253101597
2026-08-19,ARI incidence,2026-08-16,1,DE,quantile,0.99,516.1422967747833
2026-08-19,ARI incidence,2026-08-16,1,DE,quantile,0.9,483.94939073486694
2026-08-19,ARI incidence,2026-08-16,1,DE,quantile,0.975,505.1367168277217
2026-08-19,ARI incidence,2026-08-16,1,DE,quantile,0.8,470.52126983908965
2026-08-19,ARI incidence,2026-08-16,1,DE,quantile,0.4,439.8419351871362
2026-08-19,ARI incidence,2026-08-16,1,DE,quantile,0.5,446.67647312049166
2026-08-19,ARI incidence,2026-08-16,1,DE,quantile,0.45,443.3686330470534
2026-08-19,ARI incidence,2026-08-16,1,DE,quantile,0.55,450.2494822587514
2026-08-19,ARI incidence,2026-08-16,1,DE,quantile,0.6,453.77417875032984
2026-08-19,ARI incidence,2026-08-16,1,DE,quantile,0.3,432.5424994436813
2026-08-19,ARI incidence,2026-08-16,1,DE,quantile,0.25,428.46157299540954
2026-08-19,ARI incidence,2026-08-16,1,DE,quantile,0.75,465.8304086332772
2026-08-19,ARI incidence,2026-08-16,1,DE,quantile,0.2,423.98179853509004
2026-08-19,ARI incidence,2026-08-16,1,DE,quantile,0.15,418.78834773902395
2026-08-19,ARI incidence,2026-08-16,1,DE,quantile,0.7,461.52073879524005
2026-08-19,ARI incidence,2026-08-16,1,DE,quantile,0.65,457.451786173226
2026-08-19,ARI incidence,2026-08-16,1,DE,quantile,0.1,413.07430715463283
2026-08-19,ARI incidence,2026-08-16,1,DE,quantile,0.35,436.179844257162
2026-08-19,ARI incidence,2026-08-16,1,DE,quantile,0.05,403.38668099638085
2026-08-19,ARI incidence,2026-08-16,1,DE,quantile,0.025,396.0906333649908
2026-08-19,ARI incidence,2026-08-16,1,DE,quantile,0.01,387.80440213222954
2026-08-19,ARI incidence,2026-08-16,1,DE,median,,446.67647312049166
2026-08-19,ARI incidence,2026-08-23,2,DE,quantile,0.95,515.1219409632179
2026-08-19,ARI incidence,2026-08-23,2,DE,quantile,0.85,483.8495432692853
2026-08-19,ARI incidence,2026-08-23,2,DE,quantile,0.9,495.592952113724
2026-08-19,ARI incidence,2026-08-23,2,DE,quantile,0.975,530.2980572933526
2026-08-19,ARI incidence,2026-08-23,2,DE,quantile,0.35,418.58718212768827
2026-08-19,ARI incidence,2026-08-23,2,DE,quantile,0.4,424.1345912182702
2026-08-19,ARI incidence,2026-08-23,2,DE,quantile,0.8,474.45778268497
2026-08-19,ARI incidence,2026-08-23,2,DE,quantile,0.3,412.703438635795
2026-08-19,ARI incidence,2026-08-23,2,DE,quantile,0.45,429.47653614996483
2026-08-19,ARI incidence,2026-08-23,2,DE,quantile,0.75,466.24730470166713
2026-08-19,ARI incidence,2026-08-23,2,DE,quantile,0.25,406.3426672408308
2026-08-19,ARI incidence,2026-08-23,2,DE,quantile,0.99,548.8445636411733
2026-08-19,ARI incidence,2026-08-23,2,DE,quantile,0.65,452.946886114721
2026-08-19,ARI incidence,2026-08-23,2,DE,quantile,0.7,459.3538802068948
2026-08-19,ARI incidence,2026-08-23,2,DE,quantile,0.01,342.932613957954
2026-08-19,ARI incidence,2026-08-23,2,DE,quantile,0.025,356.50690243257094
2026-08-19,ARI incidence,2026-08-23,2,DE,quantile,0.2,399.85845694391566
2026-08-19,ARI incidence,2026-08-23,2,DE,quantile,0.5,435.10957622737715
2026-08-19,ARI incidence,2026-08-23,2,DE,quantile,0.55,440.8631446519677
2026-08-19,ARI incidence,2026-08-23,2,DE,quantile,0.6,446.65451434336126
2026-08-19,ARI incidence,2026-08-23,2,DE,quantile,0.15,392.1045195160249
2026-08-19,ARI incidence,2026-08-23,2,DE,quantile,0.05,367.9748260487257
2026-08-19,ARI incidence,2026-08-23,2,DE,quantile,0.1,382.47764900175946
2026-08-19,ARI incidence,2026-08-23,2,DE,median,,435.10957622737715
2026-08-19,ARI incidence,2026-08-30,3,DE,quantile,0.975,479.95599381188356
2026-08-19,ARI incidence,2026-08-30,3,DE,quantile,0.99,490.26044950610003
2026-08-19,ARI incidence,2026-08-30,3,DE,quantile,0.95,471.4819108080751
2026-08-19,ARI incidence,2026-08-30,3,DE,quantile,0.8,452.24286201380875
2026-08-19,ARI incidence,2026-08-30,3,DE,quantile,0.85,456.71741673270355
2026-08-19,ARI incidence,2026-08-30,3,DE,quantile,0.9,462.90524578855354
2026-08-19,ARI incidence,2026-08-30,3,DE,quantile,0.75,448.252441630574
2026-08-19,ARI incidence,2026-08-30,3,DE,quantile,0.7,444.638129585687
2026-08-19,ARI incidence,2026-08-30,3,DE,quantile,0.25,417.1747239374047
2026-08-19,ARI incidence,2026-08-30,3,DE,quantile,0.025,389.8654447491304
2026-08-19,ARI incidence,2026-08-30,3,DE,quantile,0.01,382.6181760523267
2026-08-19,ARI incidence,2026-08-30,3,DE,quantile,0.2,413.70902109430233
2026-08-19,ARI incidence,2026-08-30,3,DE,quantile,0.4,426.5473256899786
2026-08-19,ARI incidence,2026-08-30,3,DE,quantile,0.05,396.3372882610861
2026-08-19,ARI incidence,2026-08-30,3,DE,quantile,0.6,438.24916417170755
2026-08-19,ARI incidence,2026-08-30,3,DE,quantile,0.45,429.4057586231438
2026-08-19,ARI incidence,2026-08-30,3,DE,quantile,0.65,441.40149933937505
2026-08-19,ARI incidence,2026-08-30,3,DE,quantile,0.5,432.4310497612904
2026-08-19,ARI incidence,2026-08-30,3,DE,quantile,0.35,423.5035538053927
2026-08-19,ARI incidence,2026-08-30,3,DE,quantile,0.55,435.36529047475017
2026-08-19,ARI incidence,2026-08-30,3,DE,quantile,0.15,409.33058854086244
2026-08-19,ARI incidence,2026-08-30,3,DE,quantile,0.3,420.32623839921587
2026-08-19,ARI incidence,2026-08-30,3,DE,quantile,0.1,403.75473419646755
2026-08-19,ARI incidence,2026-08-30,3,DE,median,,432.4310497612904
2026-08-19,ARI incidence,2026-09-06,4,DE,quantile,0.7,476.54989434322147
2026-08-19,ARI incidence,2026-09-06,4,DE,quantile,0.65,474.1003086280613
2026-08-19,ARI incidence,2026-09-06,4,DE,quantile,0.9,490.08844491962617
2026-08-19,ARI incidence,2026-09-06,4,DE,quantile,0.8,482.49766439572886
2026-08-19,ARI incidence,2026-09-06,4,DE,quantile,0.6,471.8130864034963
2026-08-19,ARI incidence,2026-09-06,4,DE,quantile,0.75,479.36108776446986
2026-08-19,ARI incidence,2026-09-06,4,DE,quantile,0.85,485.82498653467405
2026-08-19,ARI incidence,2026-09-06,4,DE,quantile,0.95,496.55012834109215
2026-08-19,ARI incidence,2026-09-06,4,DE,quantile,0.3,458.2385178708631
2026-08-19,ARI incidence,2026-09-06,4,DE,quantile,0.25,455.73458141739616
2026-08-19,ARI incidence,2026-09-06,4,DE,quantile,0.2,452.8630041193585
2026-08-19,ARI incidence,2026-09-06,4,DE,quantile,0.55,469.55494293583627
2026-08-19,ARI incidence,2026-09-06,4,DE,quantile,0.5,467.10494667847803
2026-08-19,ARI incidence,2026-09-06,4,DE,quantile,0.15,449.39721522390744
2026-08-19,ARI incidence,2026-09-06,4,DE,quantile,0.45,464.9075738006538
2026-08-19,ARI incidence,2026-09-06,4,DE,quantile,0.99,509.5090187671668
2026-08-19,ARI incidence,2026-09-06,4,DE,quantile,0.4,462.7488208732428
2026-08-19,ARI incidence,2026-09-06,4,DE,quantile,0.01,428.1135188980001
2026-08-19,ARI incidence,2026-09-06,4,DE,quantile,0.975,502.4707237893397
2026-08-19,ARI incidence,2026-09-06,4,DE,quantile,0.35,460.52569331383256
2026-08-19,ARI incidence,2026-09-06,4,DE,quantile,0.1,445.4012661936626
2026-08-19,ARI incidence,2026-09-06,4,DE,quantile,0.05,439.3420414024656
2026-08-19,ARI incidence,2026-09-06,4,DE,quantile,0.025,434.2704216979244
2026-08-19,ARI incidence,2026-09-06,4,DE,median,,467.10494667847803
2026-08-19,ARI incidence,2026-08-16,1,EE,quantile,0.65,95.11510311054467
2026-08-19,ARI incidence,2026-08-16,1,EE,quantile,0.975,123.89668028717507
2026-08-19,ARI incidence,2026-08-16,1,EE,quantile,0.05,67.97801374147876
2026-08-19,ARI incidence,2026-08-16,1,EE,quantile,0.55,90.97478936764479
2026-08-19,ARI incidence,2026-08-16,1,EE,quantile,0.6,92.88423382418938
2026-08-19,ARI incidence,2026-08-16,1,EE,quantile,0.7,97.47767253809683
2026-08-19,ARI incidence,2026-08-16,1,EE,quantile,0.025,64.07678732381875
2026-08-19,ARI incidence,2026-08-16,1,EE,quantile,0.1,71.99954646875415
2026-08-19,ARI incidence,2026-08-16,1,EE,quantile,0.15,75.15651805808365
2026-08-19,ARI incidence,2026-08-16,1,EE,quantile,0.2,77.67303150778828
2026-08-19,ARI incidence,2026-08-16,1,EE,quantile,0.45,87.41821448651132
2026-08-19,ARI incidence,2026-08-16,1,EE,quantile,0.4,85.56945820484509
2026-08-19,ARI incidence,2026-08-16,1,EE,quantile,0.5,89.2367924799735
2026-08-19,ARI incidence,2026-08-16,1,EE,quantile,0.85,105.94574832243904
2026-08-19,ARI incidence,2026-08-16,1,EE,quantile,0.95,117.63192288766844
2026-08-19,ARI incidence,2026-08-16,1,EE,quantile,0.99,132.08931034152647
2026-08-19,ARI incidence,2026-08-16,1,EE,quantile,0.9,110.44960342946496
2026-08-19,ARI incidence,2026-08-16,1,EE,quantile,0.35,83.79801734808032
2026-08-19,ARI incidence,2026-08-16,1,EE,quantile,0.3,81.82774255999145
2026-08-19,ARI incidence,2026-08-16,1,EE,quantile,0.8,102.5711498912736
2026-08-19,ARI incidence,2026-08-16,1,EE,quantile,0.25,79.86833363442531
2026-08-19,ARI incidence,2026-08-16,1,EE,quantile,0.75,99.7632205305029
2026-08-19,ARI incidence,2026-08-16,1,EE,quantile,0.01,60.28715036397248
2026-08-19,ARI incidence,2026-08-16,1,EE,median,,89.2367924799735
2026-08-19,ARI incidence,2026-08-23,2,EE,quantile,0.15,76.75631408650943
2026-08-19,ARI incidence,2026-08-23,2,EE,quantile,0.1,71.8151894029798
2026-08-19,ARI incidence,2026-08-23,2,EE,quantile,0.35,91.12616305979739
2026-08-19,ARI incidence,2026-08-23,2,EE,quantile,0.3,87.79595384031849
2026-08-19,ARI incidence,2026-08-23,2,EE,quantile,0.25,84.50405581832867
2026-08-19,ARI incidence,2026-08-23,2,EE,quantile,0.025,59.72062761232137
2026-08-19,ARI incidence,2026-08-23,2,EE,quantile,0.2,80.71552857695781
2026-08-19,ARI incidence,2026-08-23,2,EE,quantile,0.05,65.12783199135629
2026-08-19,ARI incidence,2026-08-23,2,EE,quantile,0.01,54.817992446240474
2026-08-19,ARI incidence,2026-08-23,2,EE,quantile,0.65,111.44361540512612
2026-08-19,ARI incidence,2026-08-23,2,EE,quantile,0.6,107.79144516157163
2026-08-19,ARI incidence,2026-08-23,2,EE,quantile,0.7,115.66015408310162
2026-08-19,ARI incidence,2026-08-23,2,EE,quantile,0.4,94.3443744047519
2026-08-19,ARI incidence,2026-08-23,2,EE,quantile,0.45,97.64712475264054
2026-08-19,ARI incidence,2026-08-23,2,EE,quantile,0.55,103.94725392811787
2026-08-19,ARI incidence,2026-08-23,2,EE,quantile,0.975,169.14677263643776
2026-08-19,ARI incidence,2026-08-23,2,EE,quantile,0.5,100.60390543651981
2026-08-19,ARI incidence,2026-08-23,2,EE,quantile,0.9,141.16286032342637
2026-08-19,ARI incidence,2026-08-23,2,EE,quantile,0.85,132.31587580448144
2026-08-19,ARI incidence,2026-08-23,2,EE,quantile,0.95,154.91337937747193
2026-08-19,ARI incidence,2026-08-23,2,EE,quantile,0.75,120.58915135337273
2026-08-19,ARI incidence,2026-08-23,2,EE,quantile,0.8,125.83255512577576
2026-08-19,ARI incidence,2026-08-23,2,EE,quantile,0.99,186.63929110477747
2026-08-19,ARI incidence,2026-08-23,2,EE,median,,100.60390543651981
2026-08-19,ARI incidence,2026-08-30,3,EE,quantile,0.6,127.65209597900412
2026-08-19,ARI incidence,2026-08-30,3,EE,quantile,0.65,132.41051395626118
2026-08-19,ARI incidence,2026-08-30,3,EE,quantile,0.55,123.04310233924049
2026-08-19,ARI incidence,2026-08-30,3,EE,quantile,0.5,118.31773837037233
2026-08-19,ARI incidence,2026-08-30,3,EE,quantile,0.45,113.99069420701734
2026-08-19,ARI incidence,2026-08-30,3,EE,quantile,0.7,137.94512952961844
2026-08-19,ARI incidence,2026-08-30,3,EE,quantile,0.4,109.89941352591674
2026-08-19,ARI incidence,2026-08-30,3,EE,quantile,0.15,87.69572338633658
2026-08-19,ARI incidence,2026-08-30,3,EE,quantile,0.75,144.10618243473652
2026-08-19,ARI incidence,2026-08-30,3,EE,quantile,0.2,92.67646887888874
2026-08-19,ARI incidence,2026-08-30,3,EE,quantile,0.35,105.83924896134344
2026-08-19,ARI incidence,2026-08-30,3,EE,quantile,0.1,81.35025282518168
2026-08-19,ARI incidence,2026-08-30,3,EE,quantile,0.25,97.2341269576654
2026-08-19,ARI incidence,2026-08-30,3,EE,quantile,0.05,72.8362156460767
2026-08-19,ARI incidence,2026-08-30,3,EE,quantile,0.95,191.150386130905
2026-08-19,ARI incidence,2026-08-30,3,EE,quantile,0.3,101.68199213480202
2026-08-19,ARI incidence,2026-08-30,3,EE,quantile,0.8,151.33356219167172
2026-08-19,ARI incidence,2026-08-30,3,EE,quantile,0.85,159.92925503364978
2026-08-19,ARI incidence,2026-08-30,3,EE,quantile,0.975,208.24976607906018
2026-08-19,ARI incidence,2026-08-30,3,EE,quantile,0.025,66.26060628207735
2026-08-19,ARI incidence,2026-08-30,3,EE,quantile,0.01,59.508089944467876
2026-08-19,ARI incidence,2026-08-30,3,EE,quantile,0.9,172.55712940714184
2026-08-19,ARI incidence,2026-08-30,3,EE,quantile,0.99,231.16840102401
2026-08-19,ARI incidence,2026-08-30,3,EE,median,,118.31773837037233
2026-08-19,ARI incidence,2026-09-06,4,EE,quantile,0.01,78.79184561838316
2026-08-19,ARI incidence,2026-09-06,4,EE,quantile,0.025,86.8568201772972
2026-08-19,ARI incidence,2026-09-06,4,EE,quantile,0.1,103.31469369933126
2026-08-19,ARI incidence,2026-09-06,4,EE,quantile,0.05,94.20548280814174
2026-08-19,ARI incidence,2026-09-06,4,EE,quantile,0.99,265.09739809518965
2026-08-19,ARI incidence,2026-09-06,4,EE,quantile,0.9,200.3522337014635
2026-08-19,ARI incidence,2026-09-06,4,EE,quantile,0.85,188.22379498543492
2026-08-19,ARI incidence,2026-09-06,4,EE,quantile,0.8,179.04867546527424
2026-08-19,ARI incidence,2026-09-06,4,EE,quantile,0.65,159.17373021519958
2026-08-19,ARI incidence,2026-09-06,4,EE,quantile,0.975,239.88442207392634
2026-08-19,ARI incidence,2026-09-06,4,EE,quantile,0.75,171.58137333152206
2026-08-19,ARI incidence,2026-09-06,4,EE,quantile,0.95,219.29009497615826
2026-08-19,ARI incidence,2026-09-06,4,EE,quantile,0.7,164.9931966180394
2026-08-19,ARI incidence,2026-09-06,4,EE,quantile,0.15,110.29379858543945
2026-08-19,ARI incidence,2026-09-06,4,EE,quantile,0.6,153.45179703245398
2026-08-19,ARI incidence,2026-09-06,4,EE,quantile,0.5,143.51681819319433
2026-08-19,ARI incidence,2026-09-06,4,EE,quantile,0.55,148.2956276338723
2026-08-19,ARI incidence,2026-09-06,4,EE,quantile,0.2,115.65254683251865
2026-08-19,ARI incidence,2026-09-06,4,EE,quantile,0.25,120.91686146176508
2026-08-19,ARI incidence,2026-09-06,4,EE,quantile,0.45,139.12515387665007
2026-08-19,ARI incidence,2026-09-06,4,EE,quantile,0.35,130.07218563787995
2026-08-19,ARI incidence,2026-09-06,4,EE,quantile,0.4,134.70603778928896
2026-08-19,ARI incidence,2026-09-06,4,EE,quantile,0.3,125.68664091757321
2026-08-19,ARI incidence,2026-09-06,4,EE,median,,143.51681819319433
2026-08-19,ARI incidence,2026-08-16,1,ES,quantile,0.99,271.0629321253007
2026-08-19,ARI incidence,2026-08-16,1,ES,quantile,0.975,258.82930716908396
2026-08-19,ARI incidence,2026-08-16,1,ES,quantile,0.95,249.11956875911758
2026-08-19,ARI incidence,2026-08-16,1,ES,quantile,0.025,154.15209140857849
2026-08-19,ARI incidence,2026-08-16,1,ES,quantile,0.9,237.03190987664524
2026-08-19,ARI incidence,2026-08-16,1,ES,quantile,0.05,160.7652919612949
2026-08-19,ARI incidence,2026-08-16,1,ES,quantile,0.85,229.64065340300647
2026-08-19,ARI incidence,2026-08-16,1,ES,quantile,0.8,223.69518536505814
2026-08-19,ARI incidence,2026-08-16,1,ES,quantile,0.75,218.48322021193286
2026-08-19,ARI incidence,2026-08-16,1,ES,quantile,0.01,147.46097558643888
2026-08-19,ARI incidence,2026-08-16,1,ES,quantile,0.7,213.89885363501827
2026-08-19,ARI incidence,2026-08-16,1,ES,quantile,0.1,168.63117738093672
2026-08-19,ARI incidence,2026-08-16,1,ES,quantile,0.15,174.08630009250646
2026-08-19,ARI incidence,2026-08-16,1,ES,quantile,0.25,182.83638389019222
2026-08-19,ARI incidence,2026-08-16,1,ES,quantile,0.2,178.85199053124654
2026-08-19,ARI incidence,2026-08-16,1,ES,quantile,0.6,206.46667784101504
2026-08-19,ARI incidence,2026-08-16,1,ES,quantile,0.65,209.96823251643076
2026-08-19,ARI incidence,2026-08-16,1,ES,quantile,0.3,186.46849903748745
2026-08-19,ARI incidence,2026-08-16,1,ES,quantile,0.55,203.0734521427375
2026-08-19,ARI incidence,2026-08-16,1,ES,quantile,0.4,193.11940409988318
2026-08-19,ARI incidence,2026-08-16,1,ES,quantile,0.35,190.00709382605407
2026-08-19,ARI incidence,2026-08-16,1,ES,quantile,0.5,199.60952622539048
2026-08-19,ARI incidence,2026-08-16,1,ES,quantile,0.45,196.33335138940458
2026-08-19,ARI incidence,2026-08-16,1,ES,median,,199.60952622539048
2026-08-19,ARI incidence,2026-08-23,2,ES,quantile,0.2,191.93499690321815
2026-08-19,ARI incidence,2026-08-23,2,ES,quantile,0.15,185.90063080321528
2026-08-19,ARI incidence,2026-08-23,2,ES,quantile,0.25,196.81114578592997
2026-08-19,ARI incidence,2026-08-23,2,ES,quantile,0.75,242.1989428112613
2026-08-19,ARI incidence,2026-08-23,2,ES,quantile,0.8,249.02150619824124
2026-08-19,ARI incidence,2026-08-23,2,ES,quantile,0.95,281.01919592491595
2026-08-19,ARI incidence,2026-08-23,2,ES,quantile,0.975,293.6658037194582
2026-08-19,ARI incidence,2026-08-23,2,ES,quantile,0.99,312.99271366894436
2026-08-19,ARI incidence,2026-08-23,2,ES,quantile,0.1,179.52842440232928
2026-08-19,ARI incidence,2026-08-23,2,ES,quantile,0.05,169.94869633859443
2026-08-19,ARI incidence,2026-08-23,2,ES,quantile,0.3,201.59238108318476
2026-08-19,ARI incidence,2026-08-23,2,ES,quantile,0.01,152.98210457045013
2026-08-19,ARI incidence,2026-08-23,2,ES,quantile,0.025,161.84102142545603
2026-08-19,ARI incidence,2026-08-23,2,ES,quantile,0.85,256.03803793476317
2026-08-19,ARI incidence,2026-08-23,2,ES,quantile,0.9,266.47072344576895
2026-08-19,ARI incidence,2026-08-23,2,ES,quantile,0.35,205.6096315432625
2026-08-19,ARI incidence,2026-08-23,2,ES,quantile,0.45,213.90302850335505
2026-08-19,ARI incidence,2026-08-23,2,ES,quantile,0.5,218.29176110785713
2026-08-19,ARI incidence,2026-08-23,2,ES,quantile,0.4,209.64774857259314
2026-08-19,ARI incidence,2026-08-23,2,ES,quantile,0.55,222.69442050038106
2026-08-19,ARI incidence,2026-08-23,2,ES,quantile,0.7,236.9765986835371
2026-08-19,ARI incidence,2026-08-23,2,ES,quantile,0.65,231.81052880204135
2026-08-19,ARI incidence,2026-08-23,2,ES,quantile,0.6,227.0884335093362
2026-08-19,ARI incidence,2026-08-23,2,ES,median,,218.29176110785713
2026-08-19,ARI incidence,2026-08-30,3,ES,quantile,0.975,279.2899619445484
2026-08-19,ARI incidence,2026-08-30,3,ES,quantile,0.99,297.3973654866007
2026-08-19,ARI incidence,2026-08-30,3,ES,quantile,0.95,264.30407065789706
2026-08-19,ARI incidence,2026-08-30,3,ES,quantile,0.4,192.58879275981363
2026-08-19,ARI incidence,2026-08-30,3,ES,quantile,0.45,196.8996005362966
2026-08-19,ARI incidence,2026-08-30,3,ES,quantile,0.9,248.19164532142074
2026-08-19,ARI incidence,2026-08-30,3,ES,quantile,0.75,225.2111972915584
2026-08-19,ARI incidence,2026-08-30,3,ES,quantile,0.85,238.2552431344953
2026-08-19,ARI incidence,2026-08-30,3,ES,quantile,0.5,201.08801662767328
2026-08-19,ARI incidence,2026-08-30,3,ES,quantile,0.35,188.41337873712502
2026-08-19,ARI incidence,2026-08-30,3,ES,quantile,0.7,219.57904040708678
2026-08-19,ARI incidence,2026-08-30,3,ES,quantile,0.8,231.28371211643454
2026-08-19,ARI incidence,2026-08-30,3,ES,quantile,0.3,183.90506753594934
2026-08-19,ARI incidence,2026-08-30,3,ES,quantile,0.55,205.88676955661077
2026-08-19,ARI incidence,2026-08-30,3,ES,quantile,0.2,174.2388053963796
2026-08-19,ARI incidence,2026-08-30,3,ES,quantile,0.25,179.20994055106462
2026-08-19,ARI incidence,2026-08-30,3,ES,quantile,0.65,214.77509591377708
2026-08-19,ARI incidence,2026-08-30,3,ES,quantile,0.6,210.2728945202686
2026-08-19,ARI incidence,2026-08-30,3,ES,quantile,0.1,162.11868920432673
2026-08-19,ARI incidence,2026-08-30,3,ES,quantile,0.15,168.66616047774818
2026-08-19,ARI incidence,2026-08-30,3,ES,quantile,0.01,136.2211923256594
2026-08-19,ARI incidence,2026-08-30,3,ES,quantile,0.05,152.77186699098
2026-08-19,ARI incidence,2026-08-30,3,ES,quantile,0.025,145.92483258587617
2026-08-19,ARI incidence,2026-08-30,3,ES,median,,201.08801662767328
2026-08-19,ARI incidence,2026-09-06,4,ES,quantile,0.15,205.48546418222094
2026-08-19,ARI incidence,2026-09-06,4,ES,quantile,0.1,200.3717357780268
2026-08-19,ARI incidence,2026-09-06,4,ES,quantile,0.01,181.20139912213102
2026-08-19,ARI incidence,2026-09-06,4,ES,quantile,0.05,193.26433892191483
2026-08-19,ARI incidence,2026-09-06,4,ES,quantile,0.25,213.41187023694738
2026-08-19,ARI incidence,2026-09-06,4,ES,quantile,0.025,187.6529427645819
2026-08-19,ARI incidence,2026-09-06,4,ES,quantile,0.2,209.72510779783337
2026-08-19,ARI incidence,2026-09-06,4,ES,quantile,0.65,237.26131216085975
2026-08-19,ARI incidence,2026-09-06,4,ES,quantile,0.8,248.39856799388477
2026-08-19,ARI incidence,2026-09-06,4,ES,quantile,0.85,253.4554627689681
2026-08-19,ARI incidence,2026-09-06,4,ES,quantile,0.5,228.4250996939935
2026-08-19,ARI incidence,2026-09-06,4,ES,quantile,0.55,231.19884318687724
2026-08-19,ARI incidence,2026-09-06,4,ES,quantile,0.6,234.24149327818944
2026-08-19,ARI incidence,2026-09-06,4,ES,quantile,0.7,240.72161805216865
2026-08-19,ARI incidence,2026-09-06,4,ES,quantile,0.75,244.4775937253967
2026-08-19,ARI incidence,2026-09-06,4,ES,quantile,0.3,216.6397487715152
2026-08-19,ARI incidence,2026-09-06,4,ES,quantile,0.35,219.79188156226456
2026-08-19,ARI incidence,2026-09-06,4,ES,quantile,0.4,222.6264694756115
2026-08-19,ARI incidence,2026-09-06,4,ES,quantile,0.45,225.41899117445325
2026-08-19,ARI incidence,2026-09-06,4,ES,quantile,0.9,259.5270299200959
2026-08-19,ARI incidence,2026-09-06,4,ES,quantile,0.95,269.08680311374667
2026-08-19,ARI incidence,2026-09-06,4,ES,quantile,0.975,277.9871745800557
2026-08-19,ARI incidence,2026-09-06,4,ES,quantile,0.99,288.83697222856665
2026-08-19,ARI incidence,2026-09-06,4,ES,median,,228.4250996939935
2026-08-19,ARI incidence,2026-08-16,1,FI,quantile,0.01,1387.1171016342769
2026-08-19,ARI incidence,2026-08-16,1,FI,quantile,0.75,1735.2335335469838
2026-08-19,ARI incidence,2026-08-16,1,FI,quantile,0.85,1781.8573071042479
2026-08-19,ARI incidence,2026-08-16,1,FI,quantile,0.9,1816.9257656563213
2026-08-19,ARI incidence,2026-08-16,1,FI,quantile,0.025,1424.1896068433366
2026-08-19,ARI incidence,2026-08-16,1,FI,quantile,0.05,1457.7535139499141
2026-08-19,ARI incidence,2026-08-16,1,FI,quantile,0.35,1601.0152020555438
2026-08-19,ARI incidence,2026-08-16,1,FI,quantile,0.15,1524.78835437728
2026-08-19,ARI incidence,2026-08-16,1,FI,quantile,0.4,1617.3109485468008
2026-08-19,ARI incidence,2026-08-16,1,FI,quantile,0.7,1715.8996325619264
2026-08-19,ARI incidence,2026-08-16,1,FI,quantile,0.1,1495.7431148930639
2026-08-19,ARI incidence,2026-08-16,1,FI,quantile,0.8,1757.865801530169
2026-08-19,ARI incidence,2026-08-16,1,FI,quantile,0.975,1911.593013697828
2026-08-19,ARI incidence,2026-08-16,1,FI,quantile,0.99,1966.394216393259
2026-08-19,ARI incidence,2026-08-16,1,FI,quantile,0.2,1547.9106376428563
2026-08-19,ARI incidence,2026-08-16,1,FI,quantile,0.25,1567.1272770175447
2026-08-19,ARI incidence,2026-08-16,1,FI,quantile,0.3,1584.6041397612403
2026-08-19,ARI incidence,2026-08-16,1,FI,quantile,0.95,1865.7930874121903
2026-08-19,ARI incidence,2026-08-16,1,FI,quantile,0.45,1632.8083797725428
2026-08-19,ARI incidence,2026-08-16,1,FI,quantile,0.5,1647.7464580696685
2026-08-19,ARI incidence,2026-08-16,1,FI,quantile,0.55,1663.1133486818876
2026-08-19,ARI incidence,2026-08-16,1,FI,quantile,0.6,1679.6367911689545
2026-08-19,ARI incidence,2026-08-16,1,FI,quantile,0.65,1698.2783922770132
2026-08-19,ARI incidence,2026-08-16,1,FI,median,,1647.7464580696685
2026-08-19,ARI incidence,2026-08-23,2,FI,quantile,0.01,1301.3021355491915
2026-08-19,ARI incidence,2026-08-23,2,FI,quantile,0.025,1345.5046872324683
2026-08-19,ARI incidence,2026-08-23,2,FI,quantile,0.05,1387.3706025590022
2026-08-19,ARI incidence,2026-08-23,2,FI,quantile,0.1,1441.2630656735403
2026-08-19,ARI incidence,2026-08-23,2,FI,quantile,0.2,1508.3612378577109
2026-08-19,ARI incidence,2026-08-23,2,FI,quantile,0.65,1708.3789955696004
2026-08-19,ARI incidence,2026-08-23,2,FI,quantile,0.7,1731.0780469029257
2026-08-19,ARI incidence,2026-08-23,2,FI,quantile,0.99,2068.7335943849425
2026-08-19,ARI incidence,2026-08-23,2,FI,quantile,0.6,1685.7135611413755
2026-08-19,ARI incidence,2026-08-23,2,FI,quantile,0.15,1478.0753144209903
2026-08-19,ARI incidence,2026-08-23,2,FI,quantile,0.25,1533.689137694057
2026-08-19,ARI incidence,2026-08-23,2,FI,quantile,0.3,1558.223519352747
2026-08-19,ARI incidence,2026-08-23,2,FI,quantile,0.35,1579.1420103732166
2026-08-19,ARI incidence,2026-08-23,2,FI,quantile,0.95,1937.6122065339405
2026-08-19,ARI incidence,2026-08-23,2,FI,quantile,0.975,1996.8615918677845
2026-08-19,ARI incidence,2026-08-23,2,FI,quantile,0.5,1641.811890463222
2026-08-19,ARI incidence,2026-08-23,2,FI,quantile,0.55,1662.45266820721
2026-08-19,ARI incidence,2026-08-23,2,FI,quantile,0.45,1620.8803430410194
2026-08-19,ARI incidence,2026-08-23,2,FI,quantile,0.9,1868.3034260512004
2026-08-19,ARI incidence,2026-08-23,2,FI,quantile,0.4,1600.5920073309076
2026-08-19,ARI incidence,2026-08-23,2,FI,quantile,0.85,1820.8364565624968
2026-08-19,ARI incidence,2026-08-23,2,FI,quantile,0.8,1786.3137186987824
2026-08-19,ARI incidence,2026-08-23,2,FI,quantile,0.75,1757.4061913589576
2026-08-19,ARI incidence,2026-08-23,2,FI,median,,1641.811890463222
2026-08-19,ARI incidence,2026-08-30,3,FI,quantile,0.025,1381.0423734879084
2026-08-19,ARI incidence,2026-08-30,3,FI,quantile,0.15,1489.9116804624073
2026-08-19,ARI incidence,2026-08-30,3,FI,quantile,0.05,1417.256728411871
2026-08-19,ARI incidence,2026-08-30,3,FI,quantile,0.99,1963.551531249933
2026-08-19,ARI incidence,2026-08-30,3,FI,quantile,0.1,1460.7410800700316
2026-08-19,ARI incidence,2026-08-30,3,FI,quantile,0.65,1677.4861821716902
2026-08-19,ARI incidence,2026-08-30,3,FI,quantile,0.7,1695.9481020900641
2026-08-19,ARI incidence,2026-08-30,3,FI,quantile,0.01,1342.5875963670533
2026-08-19,ARI incidence,2026-08-30,3,FI,quantile,0.6,1658.841627648012
2026-08-19,ARI incidence,2026-08-30,3,FI,quantile,0.75,1716.7373385809856
2026-08-19,ARI incidence,2026-08-30,3,FI,quantile,0.8,1741.4243016152195
2026-08-19,ARI incidence,2026-08-30,3,FI,quantile,0.85,1768.4455098900721
2026-08-19,ARI incidence,2026-08-30,3,FI,quantile,0.9,1806.8615011141076
2026-08-19,ARI incidence,2026-08-30,3,FI,quantile,0.975,1914.372896740978
2026-08-19,ARI incidence,2026-08-30,3,FI,quantile,0.55,1641.046460451579
2026-08-19,ARI incidence,2026-08-30,3,FI,quantile,0.2,1512.8880961525726
2026-08-19,ARI incidence,2026-08-30,3,FI,quantile,0.5,1623.0046520833025
2026-08-19,ARI incidence,2026-08-30,3,FI,quantile,0.25,1533.801089511823
2026-08-19,ARI incidence,2026-08-30,3,FI,quantile,0.3,1554.4652425312518
2026-08-19,ARI incidence,2026-08-30,3,FI,quantile,0.95,1863.153879838769
2026-08-19,ARI incidence,2026-08-30,3,FI,quantile,0.4,1589.1922211316328
2026-08-19,ARI incidence,2026-08-30,3,FI,quantile,0.35,1571.2444215532644
2026-08-19,ARI incidence,2026-08-30,3,FI,quantile,0.45,1606.2958899132032
2026-08-19,ARI incidence,2026-08-30,3,FI,median,,1623.0046520833025
2026-08-19,ARI incidence,2026-09-06,4,FI,quantile,0.99,1866.977892614413
2026-08-19,ARI incidence,2026-09-06,4,FI,quantile,0.9,1739.2245503237814
2026-08-19,ARI incidence,2026-09-06,4,FI,quantile,0.975,1821.652885727559
2026-08-19,ARI incidence,2026-09-06,4,FI,quantile,0.95,1782.876034522219
2026-08-19,ARI incidence,2026-09-06,4,FI,quantile,0.75,1667.3543104338037
2026-08-19,ARI incidence,2026-09-06,4,FI,quantile,0.8,1686.2302852713426
2026-08-19,ARI incidence,2026-09-06,4,FI,quantile,0.85,1709.7362999723694
2026-08-19,ARI incidence,2026-09-06,4,FI,quantile,0.7,1649.7047551548824
2026-08-19,ARI incidence,2026-09-06,4,FI,quantile,0.65,1633.978062143773
2026-08-19,ARI incidence,2026-09-06,4,FI,quantile,0.2,1500.8200901611526
2026-08-19,ARI incidence,2026-09-06,4,FI,quantile,0.5,1590.9713137087333
2026-08-19,ARI incidence,2026-09-06,4,FI,quantile,0.25,1518.4649920728039
2026-08-19,ARI incidence,2026-09-06,4,FI,quantile,0.45,1578.0192248675644
2026-08-19,ARI incidence,2026-09-06,4,FI,quantile,0.55,1604.9744086901828
2026-08-19,ARI incidence,2026-09-06,4,FI,quantile,0.6,1618.6844532855243
2026-08-19,ARI incidence,2026-09-06,4,FI,quantile,0.4,1564.0646211504381
2026-08-19,ARI incidence,2026-09-06,4,FI,quantile,0.3,1535.1090651178856
2026-08-19,ARI incidence,2026-09-06,4,FI,quantile,0.35,1550.6584397244249
2026-08-19,ARI incidence,2026-09-06,4,FI,quantile,0.15,1481.2543038325682
2026-08-19,ARI incidence,2026-09-06,4,FI,quantile,0.01,1355.2783235162167
2026-08-19,ARI incidence,2026-09-06,4,FI,quantile,0.025,1389.426358979667
2026-08-19,ARI incidence,2026-09-06,4,FI,quantile,0.05,1419.532132637604
2026-08-19,ARI incidence,2026-09-06,4,FI,quantile,0.1,1455.9986829734678
2026-08-19,ARI incidence,2026-09-06,4,FI,median,,1590.9713137087333
2026-08-19,ARI incidence,2026-08-16,1,GB-ENG,quantile,0.65,159.9936026570432
2026-08-19,ARI incidence,2026-08-16,1,GB-ENG,quantile,0.75,162.70606322342607
2026-08-19,ARI incidence,2026-08-16,1,GB-ENG,quantile,0.7,161.31142874318377
2026-08-19,ARI incidence,2026-08-16,1,GB-ENG,quantile,0.1,145.53679247045955
2026-08-19,ARI incidence,2026-08-16,1,GB-ENG,quantile,0.15,147.63457904643906
2026-08-19,ARI incidence,2026-08-16,1,GB-ENG,quantile,0.2,149.28423308363236
2026-08-19,ARI incidence,2026-08-16,1,GB-ENG,quantile,0.25,150.6633951129523
2026-08-19,ARI incidence,2026-08-16,1,GB-ENG,quantile,0.4,154.3466438841491
2026-08-19,ARI incidence,2026-08-16,1,GB-ENG,quantile,0.55,157.67813494459955
2026-08-19,ARI incidence,2026-08-16,1,GB-ENG,quantile,0.3,151.96501733476214
2026-08-19,ARI incidence,2026-08-16,1,GB-ENG,quantile,0.35,153.22567814996967
2026-08-19,ARI incidence,2026-08-16,1,GB-ENG,quantile,0.45,155.50537436616025
2026-08-19,ARI incidence,2026-08-16,1,GB-ENG,quantile,0.5,156.55115933169586
2026-08-19,ARI incidence,2026-08-16,1,GB-ENG,quantile,0.9,168.23670507160955
2026-08-19,ARI incidence,2026-08-16,1,GB-ENG,quantile,0.6,158.8424828662073
2026-08-19,ARI incidence,2026-08-16,1,GB-ENG,quantile,0.8,164.2308532711115
2026-08-19,ARI incidence,2026-08-16,1,GB-ENG,quantile,0.85,166.00160837588155
2026-08-19,ARI incidence,2026-08-16,1,GB-ENG,quantile,0.95,171.52325386612114
2026-08-19,ARI incidence,2026-08-16,1,GB-ENG,quantile,0.975,174.5087611557075
2026-08-19,ARI incidence,2026-08-16,1,GB-ENG,quantile,0.99,177.81303722404996
2026-08-19,ARI incidence,2026-08-16,1,GB-ENG,quantile,0.01,137.34853835736885
2026-08-19,ARI incidence,2026-08-16,1,GB-ENG,quantile,0.025,140.05707665795566
2026-08-19,ARI incidence,2026-08-16,1,GB-ENG,quantile,0.05,142.76968592014723
2026-08-19,ARI incidence,2026-08-16,1,GB-ENG,median,,156.55115933169586
2026-08-19,ARI incidence,2026-08-23,2,GB-ENG,quantile,0.01,121.41861830267966
2026-08-19,ARI incidence,2026-08-23,2,GB-ENG,quantile,0.025,126.74435459397957
2026-08-19,ARI incidence,2026-08-23,2,GB-ENG,quantile,0.05,131.2156925048003
2026-08-19,ARI incidence,2026-08-23,2,GB-ENG,quantile,0.1,136.264794272219
2026-08-19,ARI incidence,2026-08-23,2,GB-ENG,quantile,0.15,140.05376259366454
2026-08-19,ARI incidence,2026-08-23,2,GB-ENG,quantile,0.2,143.18117832524632
2026-08-19,ARI incidence,2026-08-23,2,GB-ENG,quantile,0.25,145.79197777703422
2026-08-19,ARI incidence,2026-08-23,2,GB-ENG,quantile,0.3,148.05075084755597
2026-08-19,ARI incidence,2026-08-23,2,GB-ENG,quantile,0.35,150.24773304658558
2026-08-19,ARI incidence,2026-08-23,2,GB-ENG,quantile,0.4,152.38500754686294
2026-08-19,ARI incidence,2026-08-23,2,GB-ENG,quantile,0.45,154.45052846192414
2026-08-19,ARI incidence,2026-08-23,2,GB-ENG,quantile,0.5,156.35577766002808
2026-08-19,ARI incidence,2026-08-23,2,GB-ENG,quantile,0.55,158.34658729438797
2026-08-19,ARI incidence,2026-08-23,2,GB-ENG,quantile,0.6,160.5147677857828
2026-08-19,ARI incidence,2026-08-23,2,GB-ENG,quantile,0.65,162.9938745926826
2026-08-19,ARI incidence,2026-08-23,2,GB-ENG,quantile,0.7,165.40971832610666
2026-08-19,ARI incidence,2026-08-23,2,GB-ENG,quantile,0.75,168.15200193082796
2026-08-19,ARI incidence,2026-08-23,2,GB-ENG,quantile,0.8,171.42992476683466
2026-08-19,ARI incidence,2026-08-23,2,GB-ENG,quantile,0.85,174.98373114609936
2026-08-19,ARI incidence,2026-08-23,2,GB-ENG,quantile,0.9,179.55733206998192
2026-08-19,ARI incidence,2026-08-23,2,GB-ENG,quantile,0.975,193.97966468229714
2026-08-19,ARI incidence,2026-08-23,2,GB-ENG,quantile,0.99,200.99616601612055
2026-08-19,ARI incidence,2026-08-23,2,GB-ENG,quantile,0.95,187.2498086761405
2026-08-19,ARI incidence,2026-08-23,2,GB-ENG,median,,156.35577766002808
2026-08-19,ARI incidence,2026-08-30,3,GB-ENG,quantile,0.7,161.48709751354437
2026-08-19,ARI incidence,2026-08-30,3,GB-ENG,quantile,0.2,154.1091434479171
2026-08-19,ARI incidence,2026-08-30,3,GB-ENG,quantile,0.65,160.72755474195685
2026-08-19,ARI incidence,2026-08-30,3,GB-ENG,quantile,0.1,151.68642909171612
2026-08-19,ARI incidence,2026-08-30,3,GB-ENG,quantile,0.15,153.06561229849146
2026-08-19,ARI incidence,2026-08-30,3,GB-ENG,quantile,0.3,155.77330808120837
2026-08-19,ARI incidence,2026-08-30,3,GB-ENG,quantile,0.35,156.50691084464876
2026-08-19,ARI incidence,2026-08-30,3,GB-ENG,quantile,0.4,157.2471541343155
2026-08-19,ARI incidence,2026-08-30,3,GB-ENG,quantile,0.45,157.8625896366608
2026-08-19,ARI incidence,2026-08-30,3,GB-ENG,quantile,0.5,158.54944239658928
2026-08-19,ARI incidence,2026-08-30,3,GB-ENG,quantile,0.25,155.01411072732265
2026-08-19,ARI incidence,2026-08-30,3,GB-ENG,quantile,0.55,159.22391574978792
2026-08-19,ARI incidence,2026-08-30,3,GB-ENG,quantile,0.6,160.00266701087952
2026-08-19,ARI incidence,2026-08-30,3,GB-ENG,quantile,0.01,146.5350077966261
2026-08-19,ARI incidence,2026-08-30,3,GB-ENG,quantile,0.025,148.4055737499591
2026-08-19,ARI incidence,2026-08-30,3,GB-ENG,quantile,0.05,149.95582277385122
2026-08-19,ARI incidence,2026-08-30,3,GB-ENG,quantile,0.75,162.35999233687352
2026-08-19,ARI incidence,2026-08-30,3,GB-ENG,quantile,0.8,163.29120387473313
2026-08-19,ARI incidence,2026-08-30,3,GB-ENG,quantile,0.85,164.3872810959609
2026-08-19,ARI incidence,2026-08-30,3,GB-ENG,quantile,0.95,167.81785031735885
2026-08-19,ARI incidence,2026-08-30,3,GB-ENG,quantile,0.9,165.812661414282
2026-08-19,ARI incidence,2026-08-30,3,GB-ENG,quantile,0.975,169.628677651091
2026-08-19,ARI incidence,2026-08-30,3,GB-ENG,quantile,0.99,171.86468931089217
2026-08-19,ARI incidence,2026-08-30,3,GB-ENG,median,,158.54944239658928
2026-08-19,ARI incidence,2026-09-06,4,GB-ENG,quantile,0.75,147.7306312942192
2026-08-19,ARI incidence,2026-09-06,4,GB-ENG,quantile,0.8,150.83337493041057
2026-08-19,ARI incidence,2026-09-06,4,GB-ENG,quantile,0.15,118.89725710059268
2026-08-19,ARI incidence,2026-09-06,4,GB-ENG,quantile,0.9,159.47101793622286
2026-08-19,ARI incidence,2026-09-06,4,GB-ENG,quantile,0.95,166.73545811309123
2026-08-19,ARI incidence,2026-09-06,4,GB-ENG,quantile,0.975,173.18753686610668
2026-08-19,ARI incidence,2026-09-06,4,GB-ENG,quantile,0.99,181.34736001267046
2026-08-19,ARI incidence,2026-09-06,4,GB-ENG,quantile,0.65,142.4973370572468
2026-08-19,ARI incidence,2026-09-06,4,GB-ENG,quantile,0.7,145.02335067173044
2026-08-19,ARI incidence,2026-09-06,4,GB-ENG,quantile,0.85,154.58897571756742
2026-08-19,ARI incidence,2026-09-06,4,GB-ENG,quantile,0.01,101.75797963055653
2026-08-19,ARI incidence,2026-09-06,4,GB-ENG,quantile,0.025,105.91248004508013
2026-08-19,ARI incidence,2026-09-06,4,GB-ENG,quantile,0.05,110.20082035322058
2026-08-19,ARI incidence,2026-09-06,4,GB-ENG,quantile,0.2,121.84160948131057
2026-08-19,ARI incidence,2026-09-06,4,GB-ENG,quantile,0.25,124.39656476676697
2026-08-19,ARI incidence,2026-09-06,4,GB-ENG,quantile,0.3,126.79783484137904
2026-08-19,ARI incidence,2026-09-06,4,GB-ENG,quantile,0.35,129.12079104775734
2026-08-19,ARI incidence,2026-09-06,4,GB-ENG,quantile,0.4,131.15429717056543
2026-08-19,ARI incidence,2026-09-06,4,GB-ENG,quantile,0.45,133.38001385883166
2026-08-19,ARI incidence,2026-09-06,4,GB-ENG,quantile,0.5,135.64605559399243
2026-08-19,ARI incidence,2026-09-06,4,GB-ENG,quantile,0.55,137.8393016408192
2026-08-19,ARI incidence,2026-09-06,4,GB-ENG,quantile,0.6,140.0635448860776
2026-08-19,ARI incidence,2026-09-06,4,GB-ENG,quantile,0.1,115.12018566512914
2026-08-19,ARI incidence,2026-09-06,4,GB-ENG,median,,135.64605559399243
2026-08-19,ARI incidence,2026-08-16,1,GB-NIR,quantile,0.01,48.360063529624576
2026-08-19,ARI incidence,2026-08-16,1,GB-NIR,quantile,0.35,84.91827941621368
2026-08-19,ARI incidence,2026-08-16,1,GB-NIR,quantile,0.3,81.67235391123307
2026-08-19,ARI incidence,2026-08-16,1,GB-NIR,quantile,0.025,53.63282017441509
2026-08-19,ARI incidence,2026-08-16,1,GB-NIR,quantile,0.15,70.41420283424578
2026-08-19,ARI incidence,2026-08-16,1,GB-NIR,quantile,0.1,65.68694960715757
2026-08-19,ARI incidence,2026-08-16,1,GB-NIR,quantile,0.05,59.0477310013731
2026-08-19,ARI incidence,2026-08-16,1,GB-NIR,quantile,0.85,129.55906775803302
2026-08-19,ARI incidence,2026-08-16,1,GB-NIR,quantile,0.4,88.42312610936091
2026-08-19,ARI incidence,2026-08-16,1,GB-NIR,quantile,0.25,78.27845808832828
2026-08-19,ARI incidence,2026-08-16,1,GB-NIR,quantile,0.95,155.37398661745542
2026-08-19,ARI incidence,2026-08-16,1,GB-NIR,quantile,0.6,102.22545049184231
2026-08-19,ARI incidence,2026-08-16,1,GB-NIR,quantile,0.55,98.7372355681579
2026-08-19,ARI incidence,2026-08-16,1,GB-NIR,quantile,0.45,91.74182223547538
2026-08-19,ARI incidence,2026-08-16,1,GB-NIR,quantile,0.7,111.05163757199576
2026-08-19,ARI incidence,2026-08-16,1,GB-NIR,quantile,0.975,169.62120576409075
2026-08-19,ARI incidence,2026-08-16,1,GB-NIR,quantile,0.75,116.29412944817696
2026-08-19,ARI incidence,2026-08-16,1,GB-NIR,quantile,0.9,139.14232478586135
2026-08-19,ARI incidence,2026-08-16,1,GB-NIR,quantile,0.65,106.28642123380219
2026-08-19,ARI incidence,2026-08-16,1,GB-NIR,quantile,0.8,122.22999867827781
2026-08-19,ARI incidence,2026-08-16,1,GB-NIR,quantile,0.99,189.9136884216191
2026-08-19,ARI incidence,2026-08-16,1,GB-NIR,quantile,0.5,95.09459937615739
2026-08-19,ARI incidence,2026-08-16,1,GB-NIR,quantile,0.2,74.39295036239977
2026-08-19,ARI incidence,2026-08-16,1,GB-NIR,median,,95.09459937615739
2026-08-19,ARI incidence,2026-08-23,2,GB-NIR,quantile,0.99,197.33541510684842
2026-08-19,ARI incidence,2026-08-23,2,GB-NIR,quantile,0.975,177.11530955868528
2026-08-19,ARI incidence,2026-08-23,2,GB-NIR,quantile,0.85,133.59639751955876
2026-08-19,ARI incidence,2026-08-23,2,GB-NIR,quantile,0.9,143.89055068730147
2026-08-19,ARI incidence,2026-08-23,2,GB-NIR,quantile,0.8,126.30346470158699
2026-08-19,ARI incidence,2026-08-23,2,GB-NIR,quantile,0.95,160.8247073219549
2026-08-19,ARI incidence,2026-08-23,2,GB-NIR,quantile,0.35,87.40377695460495
2026-08-19,ARI incidence,2026-08-23,2,GB-NIR,quantile,0.75,120.02915409633877
2026-08-19,ARI incidence,2026-08-23,2,GB-NIR,quantile,0.025,54.130906906828415
2026-08-19,ARI incidence,2026-08-23,2,GB-NIR,quantile,0.05,59.51761538878067
2026-08-19,ARI incidence,2026-08-23,2,GB-NIR,quantile,0.65,110.10942820458985
2026-08-19,ARI incidence,2026-08-23,2,GB-NIR,quantile,0.4,90.82331926927057
2026-08-19,ARI incidence,2026-08-23,2,GB-NIR,quantile,0.01,48.18172391902903
2026-08-19,ARI incidence,2026-08-23,2,GB-NIR,quantile,0.1,66.83243683388656
2026-08-19,ARI incidence,2026-08-23,2,GB-NIR,quantile,0.7,114.55994509365036
2026-08-19,ARI incidence,2026-08-23,2,GB-NIR,quantile,0.15,71.7011423104979
2026-08-19,ARI incidence,2026-08-23,2,GB-NIR,quantile,0.25,80.0942284930517
2026-08-19,ARI incidence,2026-08-23,2,GB-NIR,quantile,0.55,101.83897118490293
2026-08-19,ARI incidence,2026-08-23,2,GB-NIR,quantile,0.45,94.53562850729551
2026-08-19,ARI incidence,2026-08-23,2,GB-NIR,quantile,0.6,105.79256608118462
2026-08-19,ARI incidence,2026-08-23,2,GB-NIR,quantile,0.2,76.26299422746612
2026-08-19,ARI incidence,2026-08-23,2,GB-NIR,quantile,0.5,98.14854399517259
2026-08-19,ARI incidence,2026-08-23,2,GB-NIR,quantile,0.3,84.05129052675437
2026-08-19,ARI incidence,2026-08-23,2,GB-NIR,median,,98.14854399517259
2026-08-19,ARI incidence,2026-08-30,3,GB-NIR,quantile,0.975,162.02807435898856
2026-08-19,ARI incidence,2026-08-30,3,GB-NIR,quantile,0.99,179.60482984962889
2026-08-19,ARI incidence,2026-08-30,3,GB-NIR,quantile,0.75,113.72943212659877
2026-08-19,ARI incidence,2026-08-30,3,GB-NIR,quantile,0.8,119.01231564773322
2026-08-19,ARI incidence,2026-08-30,3,GB-NIR,quantile,0.9,133.4614567641838
2026-08-19,ARI incidence,2026-08-30,3,GB-NIR,quantile,0.95,148.01410778064502
2026-08-19,ARI incidence,2026-08-30,3,GB-NIR,quantile,0.85,124.96890112604402
2026-08-19,ARI incidence,2026-08-30,3,GB-NIR,quantile,0.7,109.29365956440546
2026-08-19,ARI incidence,2026-08-30,3,GB-NIR,quantile,0.5,95.08257409060924
2026-08-19,ARI incidence,2026-08-30,3,GB-NIR,quantile,0.55,98.28544149948564
2026-08-19,ARI incidence,2026-08-30,3,GB-NIR,quantile,0.4,88.84215081652133
2026-08-19,ARI incidence,2026-08-30,3,GB-NIR,quantile,0.45,92.052541697798
2026-08-19,ARI incidence,2026-08-30,3,GB-NIR,quantile,0.3,82.3852354135984
2026-08-19,ARI incidence,2026-08-30,3,GB-NIR,quantile,0.35,85.59235009922857
2026-08-19,ARI incidence,2026-08-30,3,GB-NIR,quantile,0.25,79.05599897856189
2026-08-19,ARI incidence,2026-08-30,3,GB-NIR,quantile,0.6,101.76472702129954
2026-08-19,ARI incidence,2026-08-30,3,GB-NIR,quantile,0.65,105.32804047138507
2026-08-19,ARI incidence,2026-08-30,3,GB-NIR,quantile,0.2,75.70207853665265
2026-08-19,ARI incidence,2026-08-30,3,GB-NIR,quantile,0.15,71.76589536778096
2026-08-19,ARI incidence,2026-08-30,3,GB-NIR,quantile,0.025,55.980980827422776
2026-08-19,ARI incidence,2026-08-30,3,GB-NIR,quantile,0.05,60.81973054719166
2026-08-19,ARI incidence,2026-08-30,3,GB-NIR,quantile,0.1,67.19773814085143
2026-08-19,ARI incidence,2026-08-30,3,GB-NIR,quantile,0.01,51.26677323039761
2026-08-19,ARI incidence,2026-08-30,3,GB-NIR,median,,95.08257409060924
2026-08-19,ARI incidence,2026-09-06,4,GB-NIR,quantile,0.35,81.48902538394532
2026-08-19,ARI incidence,2026-09-06,4,GB-NIR,quantile,0.4,85.6863918864155
2026-08-19,ARI incidence,2026-09-06,4,GB-NIR,quantile,0.6,102.15355531452178
2026-08-19,ARI incidence,2026-09-06,4,GB-NIR,quantile,0.1,59.94696771759473
2026-08-19,ARI incidence,2026-09-06,4,GB-NIR,quantile,0.15,65.07836439949392
2026-08-19,ARI incidence,2026-09-06,4,GB-NIR,quantile,0.2,69.76558541989343
2026-08-19,ARI incidence,2026-09-06,4,GB-NIR,quantile,0.25,73.80243738099034
2026-08-19,ARI incidence,2026-09-06,4,GB-NIR,quantile,0.45,89.61954905633249
2026-08-19,ARI incidence,2026-09-06,4,GB-NIR,quantile,0.5,93.63131746676933
2026-08-19,ARI incidence,2026-09-06,4,GB-NIR,quantile,0.65,106.74903362987186
2026-08-19,ARI incidence,2026-09-06,4,GB-NIR,quantile,0.3,77.72096092694542
2026-08-19,ARI incidence,2026-09-06,4,GB-NIR,quantile,0.55,97.99543082745159
2026-08-19,ARI incidence,2026-09-06,4,GB-NIR,quantile,0.8,125.21015178940831
2026-08-19,ARI incidence,2026-09-06,4,GB-NIR,quantile,0.01,42.20896321643353
2026-08-19,ARI incidence,2026-09-06,4,GB-NIR,quantile,0.025,47.70621276120111
2026-08-19,ARI incidence,2026-09-06,4,GB-NIR,quantile,0.05,53.08531805754682
2026-08-19,ARI incidence,2026-09-06,4,GB-NIR,quantile,0.85,134.77578432959558
2026-08-19,ARI incidence,2026-09-06,4,GB-NIR,quantile,0.9,146.4750712502928
2026-08-19,ARI incidence,2026-09-06,4,GB-NIR,quantile,0.99,211.31302136046466
2026-08-19,ARI incidence,2026-09-06,4,GB-NIR,quantile,0.7,112.30829199217568
2026-08-19,ARI incidence,2026-09-06,4,GB-NIR,quantile,0.75,118.43612367139283
2026-08-19,ARI incidence,2026-09-06,4,GB-NIR,quantile,0.95,167.27076408660787
2026-08-19,ARI incidence,2026-09-06,4,GB-NIR,quantile,0.975,186.37893567768094
2026-08-19,ARI incidence,2026-09-06,4,GB-NIR,median,,93.63131746676933
2026-08-19,ARI incidence,2026-08-16,1,HU,quantile,0.05,315.4226534132802
2026-08-19,ARI incidence,2026-08-16,1,HU,quantile,0.01,296.3518640748059
2026-08-19,ARI incidence,2026-08-16,1,HU,quantile,0.025,306.07061702911574
2026-08-19,ARI incidence,2026-08-16,1,HU,quantile,0.1,325.862439523327
2026-08-19,ARI incidence,2026-08-16,1,HU,quantile,0.8,396.78670414853315
2026-08-19,ARI incidence,2026-08-16,1,HU,quantile,0.6,375.9537516748686
2026-08-19,ARI incidence,2026-08-16,1,HU,quantile,0.75,390.94236380887565
2026-08-19,ARI incidence,2026-08-16,1,HU,quantile,0.55,371.512475226834
2026-08-19,ARI incidence,2026-08-16,1,HU,quantile,0.4,359.02290887604164
2026-08-19,ARI incidence,2026-08-16,1,HU,quantile,0.2,340.2866608073649
2026-08-19,ARI incidence,2026-08-16,1,HU,quantile,0.3,350.0317763507701
2026-08-19,ARI incidence,2026-08-16,1,HU,quantile,0.15,333.6601430989511
2026-08-19,ARI incidence,2026-08-16,1,HU,quantile,0.95,427.26380616947654
2026-08-19,ARI incidence,2026-08-16,1,HU,quantile,0.35,354.535614946084
2026-08-19,ARI incidence,2026-08-16,1,HU,quantile,0.85,404.1491497908068
2026-08-19,ARI incidence,2026-08-16,1,HU,quantile,0.25,345.42576589180834
2026-08-19,ARI incidence,2026-08-16,1,HU,quantile,0.9,413.04604362402466
2026-08-19,ARI incidence,2026-08-16,1,HU,quantile,0.45,363.1620262652947
2026-08-19,ARI incidence,2026-08-16,1,HU,quantile,0.65,380.70197702247094
2026-08-19,ARI incidence,2026-08-16,1,HU,quantile,0.7,385.50294197185843
2026-08-19,ARI incidence,2026-08-16,1,HU,quantile,0.5,367.33704097150815
2026-08-19,ARI incidence,2026-08-16,1,HU,quantile,0.975,437.99634771295337
2026-08-19,ARI incidence,2026-08-16,1,HU,quantile,0.99,455.54247051185274
2026-08-19,ARI incidence,2026-08-16,1,HU,median,,367.33704097150815
2026-08-19,ARI incidence,2026-08-23,2,HU,quantile,0.95,412.90488729428205
2026-08-19,ARI incidence,2026-08-23,2,HU,quantile,0.975,429.69732229906174
2026-08-19,ARI incidence,2026-08-23,2,HU,quantile,0.99,452.7053090670286
2026-08-19,ARI incidence,2026-08-23,2,HU,quantile,0.9,396.546108807861
2026-08-19,ARI incidence,2026-08-23,2,HU,quantile,0.7,358.5074351816687
2026-08-19,ARI incidence,2026-08-23,2,HU,quantile,0.85,383.68055328982405
2026-08-19,ARI incidence,2026-08-23,2,HU,quantile,0.65,352.15589831458954
2026-08-19,ARI incidence,2026-08-23,2,HU,quantile,0.75,365.485538277983
2026-08-19,ARI incidence,2026-08-23,2,HU,quantile,0.6,345.6568950107756
2026-08-19,ARI incidence,2026-08-23,2,HU,quantile,0.8,373.9562489647372
2026-08-19,ARI incidence,2026-08-23,2,HU,quantile,0.45,328.7880035802252
2026-08-19,ARI incidence,2026-08-23,2,HU,quantile,0.5,334.6906619688143
2026-08-19,ARI incidence,2026-08-23,2,HU,quantile,0.55,340.13901416549834
2026-08-19,ARI incidence,2026-08-23,2,HU,quantile,0.3,311.7765747413435
2026-08-19,ARI incidence,2026-08-23,2,HU,quantile,0.35,317.371955394124
2026-08-19,ARI incidence,2026-08-23,2,HU,quantile,0.4,323.3408649069925
2026-08-19,ARI incidence,2026-08-23,2,HU,quantile,0.01,244.9213879994928
2026-08-19,ARI incidence,2026-08-23,2,HU,quantile,0.025,257.945094337414
2026-08-19,ARI incidence,2026-08-23,2,HU,quantile,0.05,268.5571342637494
2026-08-19,ARI incidence,2026-08-23,2,HU,quantile,0.2,299.56436981924134
2026-08-19,ARI incidence,2026-08-23,2,HU,quantile,0.1,282.62505054157907
2026-08-19,ARI incidence,2026-08-23,2,HU,quantile,0.15,291.8277885841833
2026-08-19,ARI incidence,2026-08-23,2,HU,quantile,0.25,306.0364800783731
2026-08-19,ARI incidence,2026-08-23,2,HU,median,,334.6906619688143
2026-08-19,ARI incidence,2026-08-30,3,HU,quantile,0.5,343.2148540446382
2026-08-19,ARI incidence,2026-08-30,3,HU,quantile,0.3,308.31198779220216
2026-08-19,ARI incidence,2026-08-30,3,HU,quantile,0.35,317.35682358805093
2026-08-19,ARI incidence,2026-08-30,3,HU,quantile,0.4,325.8773517769715
2026-08-19,ARI incidence,2026-08-30,3,HU,quantile,0.45,334.5392688888501
2026-08-19,ARI incidence,2026-08-30,3,HU,quantile,0.05,242.85161539668698
2026-08-19,ARI incidence,2026-08-30,3,HU,quantile,0.1,261.92222299675683
2026-08-19,ARI incidence,2026-08-30,3,HU,quantile,0.15,275.6724139995141
2026-08-19,ARI incidence,2026-08-30,3,HU,quantile,0.2,287.3715902399317
2026-08-19,ARI incidence,2026-08-30,3,HU,quantile,0.25,298.10601974604583
2026-08-19,ARI incidence,2026-08-30,3,HU,quantile,0.01,211.63280240096518
2026-08-19,ARI incidence,2026-08-30,3,HU,quantile,0.025,228.24459514078063
2026-08-19,ARI incidence,2026-08-30,3,HU,quantile,0.55,353.51608234617055
2026-08-19,ARI incidence,2026-08-30,3,HU,quantile,0.6,363.7339351256453
2026-08-19,ARI incidence,2026-08-30,3,HU,quantile,0.65,374.19441205100406
2026-08-19,ARI incidence,2026-08-30,3,HU,quantile,0.99,564.7676635067567
2026-08-19,ARI incidence,2026-08-30,3,HU,quantile,0.975,524.9794008236415
2026-08-19,ARI incidence,2026-08-30,3,HU,quantile,0.7,385.06942465148626
2026-08-19,ARI incidence,2026-08-30,3,HU,quantile,0.75,397.4389515694603
2026-08-19,ARI incidence,2026-08-30,3,HU,quantile,0.8,411.5900914746061
2026-08-19,ARI incidence,2026-08-30,3,HU,quantile,0.85,428.7554778369035
2026-08-19,ARI incidence,2026-08-30,3,HU,quantile,0.9,450.85953082203247
2026-08-19,ARI incidence,2026-08-30,3,HU,quantile,0.95,485.87594502494784
2026-08-19,ARI incidence,2026-08-30,3,HU,median,,343.2148540446382
2026-08-19,ARI incidence,2026-09-06,4,HU,quantile,0.2,295.6209725421976
2026-08-19,ARI incidence,2026-09-06,4,HU,quantile,0.15,285.0496829687995
2026-08-19,ARI incidence,2026-09-06,4,HU,quantile,0.1,270.67181443466916
2026-08-19,ARI incidence,2026-09-06,4,HU,quantile,0.05,251.0428714607648
2026-08-19,ARI incidence,2026-09-06,4,HU,quantile,0.025,233.9725728067302
2026-08-19,ARI incidence,2026-09-06,4,HU,quantile,0.25,306.1083382654127
2026-08-19,ARI incidence,2026-09-06,4,HU,quantile,0.3,315.5220287688158
2026-08-19,ARI incidence,2026-09-06,4,HU,quantile,0.99,563.5025612900963
2026-08-19,ARI incidence,2026-09-06,4,HU,quantile,0.65,378.9857122995493
2026-08-19,ARI incidence,2026-09-06,4,HU,quantile,0.7,390.5936020805972
2026-08-19,ARI incidence,2026-09-06,4,HU,quantile,0.75,401.8955146392576
2026-08-19,ARI incidence,2026-09-06,4,HU,quantile,0.8,417.29519276440675
2026-08-19,ARI incidence,2026-09-06,4,HU,quantile,0.35,324.1912086718357
2026-08-19,ARI incidence,2026-09-06,4,HU,quantile,0.4,333.320833280232
2026-08-19,ARI incidence,2026-09-06,4,HU,quantile,0.45,341.67885842493206
2026-08-19,ARI incidence,2026-09-06,4,HU,quantile,0.5,350.18007247242645
2026-08-19,ARI incidence,2026-09-06,4,HU,quantile,0.55,358.8109867871752
2026-08-19,ARI incidence,2026-09-06,4,HU,quantile,0.6,368.0398083744467
2026-08-19,ARI incidence,2026-09-06,4,HU,quantile,0.85,433.246373212935
2026-08-19,ARI incidence,2026-09-06,4,HU,quantile,0.9,454.7855736162199
2026-08-19,ARI incidence,2026-09-06,4,HU,quantile,0.01,218.51926142116625
2026-08-19,ARI incidence,2026-09-06,4,HU,quantile,0.95,491.3066618361257
2026-08-19,ARI incidence,2026-09-06,4,HU,quantile,0.975,526.5240314859429
2026-08-19,ARI incidence,2026-09-06,4,HU,median,,350.18007247242645
2026-08-19,ARI incidence,2026-08-16,1,IE,quantile,0.2,15.61873521456268
2026-08-19,ARI incidence,2026-08-16,1,IE,quantile,0.15,15.155317681410114
2026-08-19,ARI incidence,2026-08-16,1,IE,quantile,0.25,16.000593525505693
2026-08-19,ARI incidence,2026-08-16,1,IE,quantile,0.3,16.355154151835432
2026-08-19,ARI incidence,2026-08-16,1,IE,quantile,0.1,14.644077227457423
2026-08-19,ARI incidence,2026-08-16,1,IE,quantile,0.8,20.019943161084534
2026-08-19,ARI incidence,2026-08-16,1,IE,quantile,0.01,12.57561990396394
2026-08-19,ARI incidence,2026-08-16,1,IE,quantile,0.05,13.898609499420578
2026-08-19,ARI incidence,2026-08-16,1,IE,quantile,0.7,19.159179387694856
2026-08-19,ARI incidence,2026-08-16,1,IE,quantile,0.75,19.565768599586896
2026-08-19,ARI incidence,2026-08-16,1,IE,quantile,0.65,18.747451064238405
2026-08-19,ARI incidence,2026-08-16,1,IE,quantile,0.9,21.415002833192453
2026-08-19,ARI incidence,2026-08-16,1,IE,quantile,0.025,13.250860873977711
2026-08-19,ARI incidence,2026-08-16,1,IE,quantile,0.85,20.627677344541826
2026-08-19,ARI incidence,2026-08-16,1,IE,quantile,0.4,17.039425885520892
2026-08-19,ARI incidence,2026-08-16,1,IE,quantile,0.6,18.37742559555105
2026-08-19,ARI incidence,2026-08-16,1,IE,quantile,0.35,16.69905569244679
2026-08-19,ARI incidence,2026-08-16,1,IE,quantile,0.45,17.376102299385806
2026-08-19,ARI incidence,2026-08-16,1,IE,quantile,0.5,17.69311527805461
2026-08-19,ARI incidence,2026-08-16,1,IE,quantile,0.55,18.03347926893467
2026-08-19,ARI incidence,2026-08-16,1,IE,quantile,0.975,23.643844079431492
2026-08-19,ARI incidence,2026-08-16,1,IE,quantile,0.99,25.010209474100925
2026-08-19,ARI incidence,2026-08-16,1,IE,quantile,0.95,22.58862299141984
2026-08-19,ARI incidence,2026-08-16,1,IE,median,,17.69311527805461
2026-08-19,ARI incidence,2026-08-23,2,IE,quantile,0.25,19.840870231751982
2026-08-19,ARI incidence,2026-08-23,2,IE,quantile,0.3,20.37435073435796
2026-08-19,ARI incidence,2026-08-23,2,IE,quantile,0.15,18.650182489507433
2026-08-19,ARI incidence,2026-08-23,2,IE,quantile,0.2,19.278923073393077
2026-08-19,ARI incidence,2026-08-23,2,IE,quantile,0.05,16.74522323684769
2026-08-19,ARI incidence,2026-08-23,2,IE,quantile,0.1,17.885726465479657
2026-08-19,ARI incidence,2026-08-23,2,IE,quantile,0.7,24.42144327161838
2026-08-19,ARI incidence,2026-08-23,2,IE,quantile,0.5,22.313786188159668
2026-08-19,ARI incidence,2026-08-23,2,IE,quantile,0.55,22.81482444918354
2026-08-19,ARI incidence,2026-08-23,2,IE,quantile,0.025,15.762513776986681
2026-08-19,ARI incidence,2026-08-23,2,IE,quantile,0.35,20.89173568219376
2026-08-19,ARI incidence,2026-08-23,2,IE,quantile,0.45,21.841408244178595
2026-08-19,ARI incidence,2026-08-23,2,IE,quantile,0.75,25.142893493376423
2026-08-19,ARI incidence,2026-08-23,2,IE,quantile,0.8,25.894570093745976
2026-08-19,ARI incidence,2026-08-23,2,IE,quantile,0.85,26.732343705736763
2026-08-19,ARI incidence,2026-08-23,2,IE,quantile,0.9,27.733363234981987
2026-08-19,ARI incidence,2026-08-23,2,IE,quantile,0.95,29.54116008229358
2026-08-19,ARI incidence,2026-08-23,2,IE,quantile,0.975,31.209958890265547
2026-08-19,ARI incidence,2026-08-23,2,IE,quantile,0.99,33.44525690941221
2026-08-19,ARI incidence,2026-08-23,2,IE,quantile,0.01,14.738157809186141
2026-08-19,ARI incidence,2026-08-23,2,IE,quantile,0.4,21.381749533868774
2026-08-19,ARI incidence,2026-08-23,2,IE,quantile,0.6,23.28982350889764
2026-08-19,ARI incidence,2026-08-23,2,IE,quantile,0.65,23.84314178479771
2026-08-19,ARI incidence,2026-08-23,2,IE,median,,22.313786188159668
2026-08-19,ARI incidence,2026-08-30,3,IE,quantile,0.45,19.283694947985097
2026-08-19,ARI incidence,2026-08-30,3,IE,quantile,0.6,19.913901333268157
2026-08-19,ARI incidence,2026-08-30,3,IE,quantile,0.55,19.697498820386055
2026-08-19,ARI incidence,2026-08-30,3,IE,quantile,0.5,19.485111910852517
2026-08-19,ARI incidence,2026-08-30,3,IE,quantile,0.4,19.084396939208307
2026-08-19,ARI incidence,2026-08-30,3,IE,quantile,0.025,16.5491286256443
2026-08-19,ARI incidence,2026-08-30,3,IE,quantile,0.05,16.94693480904953
2026-08-19,ARI incidence,2026-08-30,3,IE,quantile,0.1,17.485759431484396
2026-08-19,ARI incidence,2026-08-30,3,IE,quantile,0.15,17.858907189563702
2026-08-19,ARI incidence,2026-08-30,3,IE,quantile,0.2,18.148549019420912
2026-08-19,ARI incidence,2026-08-30,3,IE,quantile,0.25,18.407693224335794
2026-08-19,ARI incidence,2026-08-30,3,IE,quantile,0.3,18.64492390806339
2026-08-19,ARI incidence,2026-08-30,3,IE,quantile,0.35,18.87365180239211
2026-08-19,ARI incidence,2026-08-30,3,IE,quantile,0.65,20.126920458093707
2026-08-19,ARI incidence,2026-08-30,3,IE,quantile,0.7,20.369314537984344
2026-08-19,ARI incidence,2026-08-30,3,IE,quantile,0.8,20.930269059251323
2026-08-19,ARI incidence,2026-08-30,3,IE,quantile,0.85,21.275260223964658
2026-08-19,ARI incidence,2026-08-30,3,IE,quantile,0.9,21.71718745176751
2026-08-19,ARI incidence,2026-08-30,3,IE,quantile,0.95,22.390217601130367
2026-08-19,ARI incidence,2026-08-30,3,IE,quantile,0.975,22.979950201019555
2026-08-19,ARI incidence,2026-08-30,3,IE,quantile,0.99,23.68509573013085
2026-08-19,ARI incidence,2026-08-30,3,IE,quantile,0.75,20.651132204702638
2026-08-19,ARI incidence,2026-08-30,3,IE,quantile,0.01,16.09693871339922
2026-08-19,ARI incidence,2026-08-30,3,IE,median,,19.485111910852517
2026-08-19,ARI incidence,2026-09-06,4,IE,quantile,0.99,37.10050890467406
2026-08-19,ARI incidence,2026-09-06,4,IE,quantile,0.975,34.22279170422759
2026-08-19,ARI incidence,2026-09-06,4,IE,quantile,0.65,23.476448323885833
2026-08-19,ARI incidence,2026-09-06,4,IE,quantile,0.95,31.657859997568554
2026-08-19,ARI incidence,2026-09-06,4,IE,quantile,0.6,22.792578403230856
2026-08-19,ARI incidence,2026-09-06,4,IE,quantile,0.5,21.546080159149927
2026-08-19,ARI incidence,2026-09-06,4,IE,quantile,0.4,20.333126632081548
2026-08-19,ARI incidence,2026-09-06,4,IE,quantile,0.55,22.154317586933736
2026-08-19,ARI incidence,2026-09-06,4,IE,quantile,0.45,20.930307310314916
2026-08-19,ARI incidence,2026-09-06,4,IE,quantile,0.35,19.682654920958917
2026-08-19,ARI incidence,2026-09-06,4,IE,quantile,0.9,28.99672041549312
2026-08-19,ARI incidence,2026-09-06,4,IE,quantile,0.85,27.36784737717229
2026-08-19,ARI incidence,2026-09-06,4,IE,quantile,0.7,24.291057002169275
2026-08-19,ARI incidence,2026-09-06,4,IE,quantile,0.75,25.19538498443488
2026-08-19,ARI incidence,2026-09-06,4,IE,quantile,0.8,26.13879820337493
2026-08-19,ARI incidence,2026-09-06,4,IE,quantile,0.2,17.712416829697347
2026-08-19,ARI incidence,2026-09-06,4,IE,quantile,0.25,18.39561336762772
2026-08-19,ARI incidence,2026-09-06,4,IE,quantile,0.3,19.057341402269373
2026-08-19,ARI incidence,2026-09-06,4,IE,quantile,0.1,15.938928963794023
2026-08-19,ARI incidence,2026-09-06,4,IE,quantile,0.15,16.888279676547366
2026-08-19,ARI incidence,2026-09-06,4,IE,quantile,0.05,14.663978966216922
2026-08-19,ARI incidence,2026-09-06,4,IE,quantile,0.01,12.439484945178362
2026-08-19,ARI incidence,2026-09-06,4,IE,quantile,0.025,13.563047442479709
2026-08-19,ARI incidence,2026-09-06,4,IE,median,,21.546080159149927
2026-08-19,ARI incidence,2026-08-16,1,IS,quantile,0.5,28.812760415823274
2026-08-19,ARI incidence,2026-08-16,1,IS,quantile,0.1,26.048836491920284
2026-08-19,ARI incidence,2026-08-16,1,IS,quantile,0.2,26.96121227297698
2026-08-19,ARI incidence,2026-08-16,1,IS,quantile,0.25,27.324654388151355
2026-08-19,ARI incidence,2026-08-16,1,IS,quantile,0.15,26.554398716291747
2026-08-19,ARI incidence,2026-08-16,1,IS,quantile,0.55,29.107050882415898
2026-08-19,ARI incidence,2026-08-16,1,IS,quantile,0.3,27.668579890013746
2026-08-19,ARI incidence,2026-08-16,1,IS,quantile,0.45,28.53161241055241
2026-08-19,ARI incidence,2026-08-16,1,IS,quantile,0.4,28.267143942636686
2026-08-19,ARI incidence,2026-08-16,1,IS,quantile,0.35,27.97180378061291
2026-08-19,ARI incidence,2026-08-16,1,IS,quantile,0.05,25.32297574573588
2026-08-19,ARI incidence,2026-08-16,1,IS,quantile,0.01,23.98243920212324
2026-08-19,ARI incidence,2026-08-16,1,IS,quantile,0.6,29.371411158397756
2026-08-19,ARI incidence,2026-08-16,1,IS,quantile,0.65,29.67183933849362
2026-08-19,ARI incidence,2026-08-16,1,IS,quantile,0.7,29.970293387854056
2026-08-19,ARI incidence,2026-08-16,1,IS,quantile,0.025,24.7215802620433
2026-08-19,ARI incidence,2026-08-16,1,IS,quantile,0.75,30.34493119722998
2026-08-19,ARI incidence,2026-08-16,1,IS,quantile,0.8,30.745809556176688
2026-08-19,ARI incidence,2026-08-16,1,IS,quantile,0.85,31.173152865625134
2026-08-19,ARI incidence,2026-08-16,1,IS,quantile,0.9,31.82845888294202
2026-08-19,ARI incidence,2026-08-16,1,IS,quantile,0.975,33.66522128074785
2026-08-19,ARI incidence,2026-08-16,1,IS,quantile,0.99,34.75112123706348
2026-08-19,ARI incidence,2026-08-16,1,IS,quantile,0.95,32.74195258237955
2026-08-19,ARI incidence,2026-08-16,1,IS,median,,28.812760415823274
2026-08-19,ARI incidence,2026-08-23,2,IS,quantile,0.7,32.62417974787048
2026-08-19,ARI incidence,2026-08-23,2,IS,quantile,0.75,32.801324056730614
2026-08-19,ARI incidence,2026-08-23,2,IS,quantile,0.85,33.194367838308956
2026-08-19,ARI incidence,2026-08-23,2,IS,quantile,0.8,32.98558850243559
2026-08-19,ARI incidence,2026-08-23,2,IS,quantile,0.65,32.47422103446648
2026-08-19,ARI incidence,2026-08-23,2,IS,quantile,0.55,32.1916861611102
2026-08-19,ARI incidence,2026-08-23,2,IS,quantile,0.6,32.32922640748924
2026-08-19,ARI incidence,2026-08-23,2,IS,quantile,0.975,34.254721495827866
2026-08-19,ARI incidence,2026-08-23,2,IS,quantile,0.99,34.67729209878955
2026-08-19,ARI incidence,2026-08-23,2,IS,quantile,0.35,31.640041098373743
2026-08-19,ARI incidence,2026-08-23,2,IS,quantile,0.95,33.879204230605524
2026-08-19,ARI incidence,2026-08-23,2,IS,quantile,0.05,30.279869392842194
2026-08-19,ARI incidence,2026-08-23,2,IS,quantile,0.9,33.464191991859856
2026-08-19,ARI incidence,2026-08-23,2,IS,quantile,0.15,30.93558960818401
2026-08-19,ARI incidence,2026-08-23,2,IS,quantile,0.25,31.323260404991807
2026-08-19,ARI incidence,2026-08-23,2,IS,quantile,0.1,30.67597122034465
2026-08-19,ARI incidence,2026-08-23,2,IS,quantile,0.2,31.14127247275209
2026-08-19,ARI incidence,2026-08-23,2,IS,quantile,0.5,32.049831282670056
2026-08-19,ARI incidence,2026-08-23,2,IS,quantile,0.01,29.562507509452853
2026-08-19,ARI incidence,2026-08-23,2,IS,quantile,0.45,31.9038089170693
2026-08-19,ARI incidence,2026-08-23,2,IS,quantile,0.4,31.770440635186198
2026-08-19,ARI incidence,2026-08-23,2,IS,quantile,0.3,31.488416091734877
2026-08-19,ARI incidence,2026-08-23,2,IS,quantile,0.025,29.926815778001842
2026-08-19,ARI incidence,2026-08-23,2,IS,median,,32.049831282670056
2026-08-19,ARI incidence,2026-08-30,3,IS,quantile,0.05,25.0849002892057
2026-08-19,ARI incidence,2026-08-30,3,IS,quantile,0.01,24.06875999590963
2026-08-19,ARI incidence,2026-08-30,3,IS,quantile,0.025,24.622329702865887
2026-08-19,ARI incidence,2026-08-30,3,IS,quantile,0.25,26.615432037647746
2026-08-19,ARI incidence,2026-08-30,3,IS,quantile,0.15,26.039387616005357
2026-08-19,ARI incidence,2026-08-30,3,IS,quantile,0.2,26.347815176250144
2026-08-19,ARI incidence,2026-08-30,3,IS,quantile,0.6,28.13223173055046
2026-08-19,ARI incidence,2026-08-30,3,IS,quantile,0.85,29.50237095986318
2026-08-19,ARI incidence,2026-08-30,3,IS,quantile,0.1,25.654594998802164
2026-08-19,ARI incidence,2026-08-30,3,IS,quantile,0.65,28.359314481857144
2026-08-19,ARI incidence,2026-08-30,3,IS,quantile,0.75,28.861343863178153
2026-08-19,ARI incidence,2026-08-30,3,IS,quantile,0.7,28.602730714001538
2026-08-19,ARI incidence,2026-08-30,3,IS,quantile,0.8,29.149329033948955
2026-08-19,ARI incidence,2026-08-30,3,IS,quantile,0.5,27.72569045905832
2026-08-19,ARI incidence,2026-08-30,3,IS,quantile,0.45,27.509744029830394
2026-08-19,ARI incidence,2026-08-30,3,IS,quantile,0.3,26.838835111373054
2026-08-19,ARI incidence,2026-08-30,3,IS,quantile,0.35,27.065646937373046
2026-08-19,ARI incidence,2026-08-30,3,IS,quantile,0.4,27.277567049718122
2026-08-19,ARI incidence,2026-08-30,3,IS,quantile,0.55,27.931570424516813
2026-08-19,ARI incidence,2026-08-30,3,IS,quantile,0.9,29.960257565056615
2026-08-19,ARI incidence,2026-08-30,3,IS,quantile,0.99,31.856161956734997
2026-08-19,ARI incidence,2026-08-30,3,IS,quantile,0.975,31.162573326896847
2026-08-19,ARI incidence,2026-08-30,3,IS,quantile,0.95,30.61656359801536
2026-08-19,ARI incidence,2026-08-30,3,IS,median,,27.72569045905832
2026-08-19,ARI incidence,2026-09-06,4,IS,quantile,0.4,27.770332298199005
2026-08-19,ARI incidence,2026-09-06,4,IS,quantile,0.45,28.114626709546076
2026-08-19,ARI incidence,2026-09-06,4,IS,quantile,0.5,28.442909645559613
2026-08-19,ARI incidence,2026-09-06,4,IS,quantile,0.7,29.85895455001565
2026-08-19,ARI incidence,2026-09-06,4,IS,quantile,0.35,27.42072314152299
2026-08-19,ARI incidence,2026-09-06,4,IS,quantile,0.3,27.069457467163485
2026-08-19,ARI incidence,2026-09-06,4,IS,quantile,0.55,28.770888595241356
2026-08-19,ARI incidence,2026-09-06,4,IS,quantile,0.6,29.100044742408684
2026-08-19,ARI incidence,2026-09-06,4,IS,quantile,0.25,26.705225851571182
2026-08-19,ARI incidence,2026-09-06,4,IS,quantile,0.2,26.31023652234566
2026-08-19,ARI incidence,2026-09-06,4,IS,quantile,0.15,25.85714074819904
2026-08-19,ARI incidence,2026-09-06,4,IS,quantile,0.65,29.4751505224557
2026-08-19,ARI incidence,2026-09-06,4,IS,quantile,0.01,22.915982972536632
2026-08-19,ARI incidence,2026-09-06,4,IS,quantile,0.75,30.261338466654845
2026-08-19,ARI incidence,2026-09-06,4,IS,quantile,0.8,30.721202109043624
2026-08-19,ARI incidence,2026-09-06,4,IS,quantile,0.1,25.2970580952958
2026-08-19,ARI incidence,2026-09-06,4,IS,quantile,0.025,23.788560611904742
2026-08-19,ARI incidence,2026-09-06,4,IS,quantile,0.05,24.469578486073914
2026-08-19,ARI incidence,2026-09-06,4,IS,quantile,0.95,33.07504943957088
2026-08-19,ARI incidence,2026-09-06,4,IS,quantile,0.99,35.31490225243561
2026-08-19,ARI incidence,2026-09-06,4,IS,quantile,0.9,31.96537518366634
2026-08-19,ARI incidence,2026-09-06,4,IS,quantile,0.85,31.28138855635237
2026-08-19,ARI incidence,2026-09-06,4,IS,quantile,0.975,33.99802233394675
2026-08-19,ARI incidence,2026-09-06,4,IS,median,,28.442909645559613
2026-08-19,ARI incidence,2026-08-16,1,LT,quantile,0.99,369.37227139793583
2026-08-19,ARI incidence,2026-08-16,1,LT,quantile,0.975,327.2038346450751
2026-08-19,ARI incidence,2026-08-16,1,LT,quantile,0.95,294.690734642872
2026-08-19,ARI incidence,2026-08-16,1,LT,quantile,0.75,210.61624491780162
2026-08-19,ARI incidence,2026-08-16,1,LT,quantile,0.65,191.28100731070043
2026-08-19,ARI incidence,2026-08-16,1,LT,quantile,0.9,260.8101272151434
2026-08-19,ARI incidence,2026-08-16,1,LT,quantile,0.6,182.77137556104105
2026-08-19,ARI incidence,2026-08-16,1,LT,quantile,0.8,223.9900742818334
2026-08-19,ARI incidence,2026-08-16,1,LT,quantile,0.55,175.62931062216416
2026-08-19,ARI incidence,2026-08-16,1,LT,quantile,0.7,200.62136144804055
2026-08-19,ARI incidence,2026-08-16,1,LT,quantile,0.25,133.35441540416906
2026-08-19,ARI incidence,2026-08-16,1,LT,quantile,0.85,238.97137887152587
2026-08-19,ARI incidence,2026-08-16,1,LT,quantile,0.1,108.02298961000872
2026-08-19,ARI incidence,2026-08-16,1,LT,quantile,0.5,168.31572402419528
2026-08-19,ARI incidence,2026-08-16,1,LT,quantile,0.45,161.6117730798934
2026-08-19,ARI incidence,2026-08-16,1,LT,quantile,0.05,95.68857669524351
2026-08-19,ARI incidence,2026-08-16,1,LT,quantile,0.2,125.47464740900358
2026-08-19,ARI incidence,2026-08-16,1,LT,quantile,0.4,154.7249805306123
2026-08-19,ARI incidence,2026-08-16,1,LT,quantile,0.35,147.55953516134332
2026-08-19,ARI incidence,2026-08-16,1,LT,quantile,0.3,140.5421290581376
2026-08-19,ARI incidence,2026-08-16,1,LT,quantile,0.15,117.17560316141167
2026-08-19,ARI incidence,2026-08-16,1,LT,quantile,0.025,85.7409271299782
2026-08-19,ARI incidence,2026-08-16,1,LT,quantile,0.01,76.21941544299173
2026-08-19,ARI incidence,2026-08-16,1,LT,median,,168.31572402419528
2026-08-19,ARI incidence,2026-08-23,2,LT,quantile,0.8,252.54517989449766
2026-08-19,ARI incidence,2026-08-23,2,LT,quantile,0.9,301.5243925938538
2026-08-19,ARI incidence,2026-08-23,2,LT,quantile,0.85,274.79198222581846
2026-08-19,ARI incidence,2026-08-23,2,LT,quantile,0.01,75.4555990507363
2026-08-19,ARI incidence,2026-08-23,2,LT,quantile,0.05,96.21692164803798
2026-08-19,ARI incidence,2026-08-23,2,LT,quantile,0.025,84.90685428375245
2026-08-19,ARI incidence,2026-08-23,2,LT,quantile,0.975,390.6715852850512
2026-08-19,ARI incidence,2026-08-23,2,LT,quantile,0.75,236.60521899402335
2026-08-19,ARI incidence,2026-08-23,2,LT,quantile,0.5,180.96718539956464
2026-08-19,ARI incidence,2026-08-23,2,LT,quantile,0.1,111.2954043892421
2026-08-19,ARI incidence,2026-08-23,2,LT,quantile,0.95,347.9037509279862
2026-08-19,ARI incidence,2026-08-23,2,LT,quantile,0.45,172.85511801783952
2026-08-19,ARI incidence,2026-08-23,2,LT,quantile,0.7,221.97804919294109
2026-08-19,ARI incidence,2026-08-23,2,LT,quantile,0.65,210.80859865571972
2026-08-19,ARI incidence,2026-08-23,2,LT,quantile,0.15,122.48549979684216
2026-08-19,ARI incidence,2026-08-23,2,LT,quantile,0.55,190.94936872947756
2026-08-19,ARI incidence,2026-08-23,2,LT,quantile,0.6,200.76854208539393
2026-08-19,ARI incidence,2026-08-23,2,LT,quantile,0.99,452.8209763120959
2026-08-19,ARI incidence,2026-08-23,2,LT,quantile,0.4,164.6578082431594
2026-08-19,ARI incidence,2026-08-23,2,LT,quantile,0.2,131.63116523367765
2026-08-19,ARI incidence,2026-08-23,2,LT,quantile,0.35,156.21298498880876
2026-08-19,ARI incidence,2026-08-23,2,LT,quantile,0.3,148.61141499567515
2026-08-19,ARI incidence,2026-08-23,2,LT,quantile,0.25,140.05852746179983
2026-08-19,ARI incidence,2026-08-23,2,LT,median,,180.96718539956464
2026-08-19,ARI incidence,2026-08-30,3,LT,quantile,0.75,236.90542995965137
2026-08-19,ARI incidence,2026-08-30,3,LT,quantile,0.6,195.57642201629443
2026-08-19,ARI incidence,2026-08-30,3,LT,quantile,0.65,207.09004356477266
2026-08-19,ARI incidence,2026-08-30,3,LT,quantile,0.55,184.02587582823116
2026-08-19,ARI incidence,2026-08-30,3,LT,quantile,0.8,256.47207100495604
2026-08-19,ARI incidence,2026-08-30,3,LT,quantile,0.01,60.61524889268953
2026-08-19,ARI incidence,2026-08-30,3,LT,quantile,0.45,163.87849956716963
2026-08-19,ARI incidence,2026-08-30,3,LT,quantile,0.025,71.22975435301896
2026-08-19,ARI incidence,2026-08-30,3,LT,quantile,0.85,279.38001126579167
2026-08-19,ARI incidence,2026-08-30,3,LT,quantile,0.9,311.18844536813106
2026-08-19,ARI incidence,2026-08-30,3,LT,quantile,0.5,173.43533047736946
2026-08-19,ARI incidence,2026-08-30,3,LT,quantile,0.7,221.27769914144574
2026-08-19,ARI incidence,2026-08-30,3,LT,quantile,0.975,421.89451969209114
2026-08-19,ARI incidence,2026-08-30,3,LT,quantile,0.99,493.1847664389966
2026-08-19,ARI incidence,2026-08-30,3,LT,quantile,0.4,154.5664967607928
2026-08-19,ARI incidence,2026-08-30,3,LT,quantile,0.35,145.50250725051205
2026-08-19,ARI incidence,2026-08-30,3,LT,quantile,0.2,119.02231336739987
2026-08-19,ARI incidence,2026-08-30,3,LT,quantile,0.3,136.62637412079914
2026-08-19,ARI incidence,2026-08-30,3,LT,quantile,0.1,96.99955399569271
2026-08-19,ARI incidence,2026-08-30,3,LT,quantile,0.25,128.15048883149103
2026-08-19,ARI incidence,2026-08-30,3,LT,quantile,0.15,108.87207022608963
2026-08-19,ARI incidence,2026-08-30,3,LT,quantile,0.95,366.5703238386528
2026-08-19,ARI incidence,2026-08-30,3,LT,quantile,0.05,82.43035603910519
2026-08-19,ARI incidence,2026-08-30,3,LT,median,,173.43533047736946
2026-08-19,ARI incidence,2026-09-06,4,LT,quantile,0.025,196.50511885193526
2026-08-19,ARI incidence,2026-09-06,4,LT,quantile,0.01,187.9593114345549
2026-08-19,ARI incidence,2026-09-06,4,LT,quantile,0.05,204.184753548638
2026-08-19,ARI incidence,2026-09-06,4,LT,quantile,0.1,214.52016448585056
2026-08-19,ARI incidence,2026-09-06,4,LT,quantile,0.15,221.05048577240424
2026-08-19,ARI incidence,2026-09-06,4,LT,quantile,0.2,226.5099884177324
2026-08-19,ARI incidence,2026-09-06,4,LT,quantile,0.25,231.29627019160688
2026-08-19,ARI incidence,2026-09-06,4,LT,quantile,0.3,235.70078033697345
2026-08-19,ARI incidence,2026-09-06,4,LT,quantile,0.35,239.5581662390283
2026-08-19,ARI incidence,2026-09-06,4,LT,quantile,0.4,243.26317109472456
2026-08-19,ARI incidence,2026-09-06,4,LT,quantile,0.6,258.43806304281156
2026-08-19,ARI incidence,2026-09-06,4,LT,quantile,0.45,246.99828945280862
2026-08-19,ARI incidence,2026-09-06,4,LT,quantile,0.65,262.6827726054893
2026-08-19,ARI incidence,2026-09-06,4,LT,quantile,0.55,254.1099426778228
2026-08-19,ARI incidence,2026-09-06,4,LT,quantile,0.5,250.42177769088784
2026-08-19,ARI incidence,2026-09-06,4,LT,quantile,0.7,267.0879799500249
2026-08-19,ARI incidence,2026-09-06,4,LT,quantile,0.75,272.16635103584645
2026-08-19,ARI incidence,2026-09-06,4,LT,quantile,0.9,293.7320214662498
2026-08-19,ARI incidence,2026-09-06,4,LT,quantile,0.85,284.70637062738024
2026-08-19,ARI incidence,2026-09-06,4,LT,quantile,0.8,277.5856492719331
2026-08-19,ARI incidence,2026-09-06,4,LT,quantile,0.975,320.95956445556027
2026-08-19,ARI incidence,2026-09-06,4,LT,quantile,0.99,335.2715556032242
2026-08-19,ARI incidence,2026-09-06,4,LT,quantile,0.95,308.11370520820356
2026-08-19,ARI incidence,2026-09-06,4,LT,median,,250.42177769088784
2026-08-19,ARI incidence,2026-08-16,1,LU,quantile,0.05,3561.7062486419118
2026-08-19,ARI incidence,2026-08-16,1,LU,quantile,0.025,3189.8787219667897
2026-08-19,ARI incidence,2026-08-16,1,LU,quantile,0.01,2837.1098734041116
2026-08-19,ARI incidence,2026-08-16,1,LU,quantile,0.1,4049.146421032093
2026-08-19,ARI incidence,2026-08-16,1,LU,quantile,0.15,4383.9585064804905
2026-08-19,ARI incidence,2026-08-16,1,LU,quantile,0.2,4684.250016585053
2026-08-19,ARI incidence,2026-08-16,1,LU,quantile,0.25,4966.072875135251
2026-08-19,ARI incidence,2026-08-16,1,LU,quantile,0.3,5213.247163720665
2026-08-19,ARI incidence,2026-08-16,1,LU,quantile,0.35,5475.685998033993
2026-08-19,ARI incidence,2026-08-16,1,LU,quantile,0.4,5730.030483934968
2026-08-19,ARI incidence,2026-08-16,1,LU,quantile,0.99,13403.863022708376
2026-08-19,ARI incidence,2026-08-16,1,LU,quantile,0.45,5989.546208484192
2026-08-19,ARI incidence,2026-08-16,1,LU,quantile,0.975,11951.59919859032
2026-08-19,ARI incidence,2026-08-16,1,LU,quantile,0.55,6483.463054733227
2026-08-19,ARI incidence,2026-08-16,1,LU,quantile,0.6,6758.547244235244
2026-08-19,ARI incidence,2026-08-16,1,LU,quantile,0.7,7377.670715747539
2026-08-19,ARI incidence,2026-08-16,1,LU,quantile,0.5,6242.871763875564
2026-08-19,ARI incidence,2026-08-16,1,LU,quantile,0.65,7051.421742411227
2026-08-19,ARI incidence,2026-08-16,1,LU,quantile,0.75,7750.262004261639
2026-08-19,ARI incidence,2026-08-16,1,LU,quantile,0.8,8203.430050386907
2026-08-19,ARI incidence,2026-08-16,1,LU,quantile,0.85,8764.365077821814
2026-08-19,ARI incidence,2026-08-16,1,LU,quantile,0.9,9443.283839887601
2026-08-19,ARI incidence,2026-08-16,1,LU,quantile,0.95,10693.4601824521
2026-08-19,ARI incidence,2026-08-16,1,LU,median,,6242.871763875564
2026-08-19,ARI incidence,2026-08-23,2,LU,quantile,0.3,5053.905492634767
2026-08-19,ARI incidence,2026-08-23,2,LU,quantile,0.025,2599.723680534078
2026-08-19,ARI incidence,2026-08-23,2,LU,quantile,0.55,6697.050380540944
2026-08-19,ARI incidence,2026-08-23,2,LU,quantile,0.65,7521.737409742424
2026-08-19,ARI incidence,2026-08-23,2,LU,quantile,0.05,3028.5730926756487
2026-08-19,ARI incidence,2026-08-23,2,LU,quantile,0.9,11194.84127630342
2026-08-19,ARI incidence,2026-08-23,2,LU,quantile,0.01,2237.7485143788126
2026-08-19,ARI incidence,2026-08-23,2,LU,quantile,0.25,4744.78740338649
2026-08-19,ARI incidence,2026-08-23,2,LU,quantile,0.5,6321.557338611297
2026-08-19,ARI incidence,2026-08-23,2,LU,quantile,0.99,17868.89112004234
2026-08-19,ARI incidence,2026-08-23,2,LU,quantile,0.85,9972.409321886827
2026-08-19,ARI incidence,2026-08-23,2,LU,quantile,0.35,5359.049724972152
2026-08-19,ARI incidence,2026-08-23,2,LU,quantile,0.2,4383.222323488494
2026-08-19,ARI incidence,2026-08-23,2,LU,quantile,0.6,7093.3347195944525
2026-08-19,ARI incidence,2026-08-23,2,LU,quantile,0.15,4002.216308581144
2026-08-19,ARI incidence,2026-08-23,2,LU,quantile,0.4,5676.002999677441
2026-08-19,ARI incidence,2026-08-23,2,LU,quantile,0.7,8011.657614587266
2026-08-19,ARI incidence,2026-08-23,2,LU,quantile,0.95,13161.412825423264
2026-08-19,ARI incidence,2026-08-23,2,LU,quantile,0.75,8532.678306249933
2026-08-19,ARI incidence,2026-08-23,2,LU,quantile,0.45,5992.580201843413
2026-08-19,ARI incidence,2026-08-23,2,LU,quantile,0.8,9152.273691095552
2026-08-19,ARI incidence,2026-08-23,2,LU,quantile,0.1,3595.829472418388
2026-08-19,ARI incidence,2026-08-23,2,LU,quantile,0.975,15241.638221730853
2026-08-19,ARI incidence,2026-08-23,2,LU,median,,6321.557338611297
2026-08-19,ARI incidence,2026-08-30,3,LU,quantile,0.8,12104.955936640414
2026-08-19,ARI incidence,2026-08-30,3,LU,quantile,0.85,13361.804270218334
2026-08-19,ARI incidence,2026-08-30,3,LU,quantile,0.99,26758.957686921796
2026-08-19,ARI incidence,2026-08-30,3,LU,quantile,0.9,15177.114370506039
2026-08-19,ARI incidence,2026-08-30,3,LU,quantile,0.75,11086.937856681954
2026-08-19,ARI incidence,2026-08-30,3,LU,quantile,0.7,10222.930032539492
2026-08-19,ARI incidence,2026-08-30,3,LU,quantile,0.45,7294.250572382167
2026-08-19,ARI incidence,2026-08-30,3,LU,quantile,0.5,7798.738270621274
2026-08-19,ARI incidence,2026-08-30,3,LU,quantile,0.55,8324.464626169856
2026-08-19,ARI incidence,2026-08-30,3,LU,quantile,0.6,8870.573992635002
2026-08-19,ARI incidence,2026-08-30,3,LU,quantile,0.975,21715.044361670352
2026-08-19,ARI incidence,2026-08-30,3,LU,quantile,0.01,2291.2893396384184
2026-08-19,ARI incidence,2026-08-30,3,LU,quantile,0.95,18213.539820400358
2026-08-19,ARI incidence,2026-08-30,3,LU,quantile,0.65,9542.144472098129
2026-08-19,ARI incidence,2026-08-30,3,LU,quantile,0.15,4556.11068477977
2026-08-19,ARI incidence,2026-08-30,3,LU,quantile,0.025,2866.3793526566487
2026-08-19,ARI incidence,2026-08-30,3,LU,quantile,0.4,6856.429002450748
2026-08-19,ARI incidence,2026-08-30,3,LU,quantile,0.05,3330.5791789980394
2026-08-19,ARI incidence,2026-08-30,3,LU,quantile,0.1,4019.1592913142485
2026-08-19,ARI incidence,2026-08-30,3,LU,quantile,0.2,5009.642203910752
2026-08-19,ARI incidence,2026-08-30,3,LU,quantile,0.25,5484.029640109889
2026-08-19,ARI incidence,2026-08-30,3,LU,quantile,0.3,5911.262444140019
2026-08-19,ARI incidence,2026-08-30,3,LU,quantile,0.35,6382.031251349435
2026-08-19,ARI incidence,2026-08-30,3,LU,median,,7798.738270621274
2026-08-19,ARI incidence,2026-09-06,4,LU,quantile,0.4,9359.429070789734
2026-08-19,ARI incidence,2026-09-06,4,LU,quantile,0.7,12479.455316993031
2026-08-19,ARI incidence,2026-09-06,4,LU,quantile,0.65,11868.56097869757
2026-08-19,ARI incidence,2026-09-06,4,LU,quantile,0.6,11277.234397259195
2026-08-19,ARI incidence,2026-09-06,4,LU,quantile,0.55,10787.00405324004
2026-08-19,ARI incidence,2026-09-06,4,LU,quantile,0.35,8915.903319531195
2026-08-19,ARI incidence,2026-09-06,4,LU,quantile,0.45,9812.451144042316
2026-08-19,ARI incidence,2026-09-06,4,LU,quantile,0.5,10289.175597205318
2026-08-19,ARI incidence,2026-09-06,4,LU,quantile,0.3,8495.605923791427
2026-08-19,ARI incidence,2026-09-06,4,LU,quantile,0.25,8063.56886192349
2026-08-19,ARI incidence,2026-09-06,4,LU,quantile,0.95,19067.535705007092
2026-08-19,ARI incidence,2026-09-06,4,LU,quantile,0.75,13225.794464108058
2026-08-19,ARI incidence,2026-09-06,4,LU,quantile,0.2,7591.795194634554
2026-08-19,ARI incidence,2026-09-06,4,LU,quantile,0.05,5679.812629081275
2026-08-19,ARI incidence,2026-09-06,4,LU,quantile,0.8,14096.774243783344
2026-08-19,ARI incidence,2026-09-06,4,LU,quantile,0.85,15080.708110012605
2026-08-19,ARI incidence,2026-09-06,4,LU,quantile,0.15,7090.265373813179
2026-08-19,ARI incidence,2026-09-06,4,LU,quantile,0.025,5071.38141038654
2026-08-19,ARI incidence,2026-09-06,4,LU,quantile,0.1,6484.0446188310525
2026-08-19,ARI incidence,2026-09-06,4,LU,quantile,0.01,4436.117719220659
2026-08-19,ARI incidence,2026-09-06,4,LU,quantile,0.975,21277.25680133982
2026-08-19,ARI incidence,2026-09-06,4,LU,quantile,0.9,16547.514365524126
2026-08-19,ARI incidence,2026-09-06,4,LU,quantile,0.99,23755.793468652613
2026-08-19,ARI incidence,2026-09-06,4,LU,median,,10289.175597205318
2026-08-19,ARI incidence,2026-08-16,1,NL,quantile,0.99,116.72598456478623
2026-08-19,ARI incidence,2026-08-16,1,NL,quantile,0.5,93.67180295701823
2026-08-19,ARI incidence,2026-08-16,1,NL,quantile,0.45,92.66894251892825
2026-08-19,ARI incidence,2026-08-16,1,NL,quantile,0.975,112.75328241942701
2026-08-19,ARI incidence,2026-08-16,1,NL,quantile,0.85,103.24588788306097
2026-08-19,ARI incidence,2026-08-16,1,NL,quantile,0.35,90.46607481325255
2026-08-19,ARI incidence,2026-08-16,1,NL,quantile,0.3,89.29962220879865
2026-08-19,ARI incidence,2026-08-16,1,NL,quantile,0.9,105.66411788066968
2026-08-19,ARI incidence,2026-08-16,1,NL,quantile,0.4,91.63455634156809
2026-08-19,ARI incidence,2026-08-16,1,NL,quantile,0.1,83.14640574667038
2026-08-19,ARI incidence,2026-08-16,1,NL,quantile,0.95,109.63724962592785
2026-08-19,ARI incidence,2026-08-16,1,NL,quantile,0.25,88.16534545493079
2026-08-19,ARI incidence,2026-08-16,1,NL,quantile,0.01,75.20598120377142
2026-08-19,ARI incidence,2026-08-16,1,NL,quantile,0.75,99.84042063449246
2026-08-19,ARI incidence,2026-08-16,1,NL,quantile,0.8,101.35244398818242
2026-08-19,ARI incidence,2026-08-16,1,NL,quantile,0.2,86.82805635998552
2026-08-19,ARI incidence,2026-08-16,1,NL,quantile,0.05,80.14948216591922
2026-08-19,ARI incidence,2026-08-16,1,NL,quantile,0.025,77.74505524134109
2026-08-19,ARI incidence,2026-08-16,1,NL,quantile,0.15,85.18068883348187
2026-08-19,ARI incidence,2026-08-16,1,NL,quantile,0.55,94.80789978000925
2026-08-19,ARI incidence,2026-08-16,1,NL,quantile,0.6,95.94113638519363
2026-08-19,ARI incidence,2026-08-16,1,NL,quantile,0.7,98.3721654549976
2026-08-19,ARI incidence,2026-08-16,1,NL,quantile,0.65,97.0924583242321
2026-08-19,ARI incidence,2026-08-16,1,NL,median,,93.67180295701823
2026-08-19,ARI incidence,2026-08-23,2,NL,quantile,0.9,109.65232733200364
2026-08-19,ARI incidence,2026-08-23,2,NL,quantile,0.95,114.10033054954285
2026-08-19,ARI incidence,2026-08-23,2,NL,quantile,0.99,122.68666536747831
2026-08-19,ARI incidence,2026-08-23,2,NL,quantile,0.7,100.87651560806734
2026-08-19,ARI incidence,2026-08-23,2,NL,quantile,0.75,102.6539768822618
2026-08-19,ARI incidence,2026-08-23,2,NL,quantile,0.8,104.61932128114707
2026-08-19,ARI incidence,2026-08-23,2,NL,quantile,0.975,118.30722782278947
2026-08-19,ARI incidence,2026-08-23,2,NL,quantile,0.85,106.84247888324927
2026-08-19,ARI incidence,2026-08-23,2,NL,quantile,0.65,99.28940780095299
2026-08-19,ARI incidence,2026-08-23,2,NL,quantile,0.01,73.97422449384436
2026-08-19,ARI incidence,2026-08-23,2,NL,quantile,0.025,76.87553231045511
2026-08-19,ARI incidence,2026-08-23,2,NL,quantile,0.35,91.41255087008477
2026-08-19,ARI incidence,2026-08-23,2,NL,quantile,0.15,85.12077966413855
2026-08-19,ARI incidence,2026-08-23,2,NL,quantile,0.4,92.69436987921799
2026-08-19,ARI incidence,2026-08-23,2,NL,quantile,0.05,79.7048242984031
2026-08-19,ARI incidence,2026-08-23,2,NL,quantile,0.25,88.56737755931135
2026-08-19,ARI incidence,2026-08-23,2,NL,quantile,0.1,82.84200809186835
2026-08-19,ARI incidence,2026-08-23,2,NL,quantile,0.2,87.06019871209767
2026-08-19,ARI incidence,2026-08-23,2,NL,quantile,0.3,90.04427088708005
2026-08-19,ARI incidence,2026-08-23,2,NL,quantile,0.45,93.94355319249405
2026-08-19,ARI incidence,2026-08-23,2,NL,quantile,0.6,97.82581224188029
2026-08-19,ARI incidence,2026-08-23,2,NL,quantile,0.55,96.52187350497557
2026-08-19,ARI incidence,2026-08-23,2,NL,quantile,0.5,95.21128740682533
2026-08-19,ARI incidence,2026-08-23,2,NL,median,,95.21128740682533
2026-08-19,ARI incidence,2026-08-30,3,NL,quantile,0.45,92.09931356576024
2026-08-19,ARI incidence,2026-08-30,3,NL,quantile,0.5,93.54951698427942
2026-08-19,ARI incidence,2026-08-30,3,NL,quantile,0.65,98.32309411582727
2026-08-19,ARI incidence,2026-08-30,3,NL,quantile,0.35,89.18303835331157
2026-08-19,ARI incidence,2026-08-30,3,NL,quantile,0.55,95.0124209729785
2026-08-19,ARI incidence,2026-08-30,3,NL,quantile,0.1,79.83636273060259
2026-08-19,ARI incidence,2026-08-30,3,NL,quantile,0.15,82.1704410111867
2026-08-19,ARI incidence,2026-08-30,3,NL,quantile,0.6,96.58744550074671
2026-08-19,ARI incidence,2026-08-30,3,NL,quantile,0.2,84.26729302410853
2026-08-19,ARI incidence,2026-08-30,3,NL,quantile,0.05,76.37186391397418
2026-08-19,ARI incidence,2026-08-30,3,NL,quantile,0.25,85.98305427687701
2026-08-19,ARI incidence,2026-08-30,3,NL,quantile,0.4,90.6440766744179
2026-08-19,ARI incidence,2026-08-30,3,NL,quantile,0.3,87.65326344329974
2026-08-19,ARI incidence,2026-08-30,3,NL,quantile,0.025,72.85300068919317
2026-08-19,ARI incidence,2026-08-30,3,NL,quantile,0.7,100.10075670620944
2026-08-19,ARI incidence,2026-08-30,3,NL,quantile,0.75,101.98588371897412
2026-08-19,ARI incidence,2026-08-30,3,NL,quantile,0.975,119.57450462592384
2026-08-19,ARI incidence,2026-08-30,3,NL,quantile,0.99,124.5489308707297
2026-08-19,ARI incidence,2026-08-30,3,NL,quantile,0.95,115.51483786303808
2026-08-19,ARI incidence,2026-08-30,3,NL,quantile,0.01,69.46545855817304
2026-08-19,ARI incidence,2026-08-30,3,NL,quantile,0.9,110.30922268076688
2026-08-19,ARI incidence,2026-08-30,3,NL,quantile,0.85,107.00394916605799
2026-08-19,ARI incidence,2026-08-30,3,NL,quantile,0.8,104.20303241998474
2026-08-19,ARI incidence,2026-08-30,3,NL,median,,93.54951698427942
2026-08-19,ARI incidence,2026-09-06,4,NL,quantile,0.65,97.59608420649406
2026-08-19,ARI incidence,2026-09-06,4,NL,quantile,0.7,99.42814809963923
2026-08-19,ARI incidence,2026-09-06,4,NL,quantile,0.5,92.59544368217271
2026-08-19,ARI incidence,2026-09-06,4,NL,quantile,0.3,86.25839775181194
2026-08-19,ARI incidence,2026-09-06,4,NL,quantile,0.25,84.4819694216024
2026-08-19,ARI incidence,2026-09-06,4,NL,quantile,0.45,90.96440639599572
2026-08-19,ARI incidence,2026-09-06,4,NL,quantile,0.55,94.16409431559055
2026-08-19,ARI incidence,2026-09-06,4,NL,quantile,0.6,95.91681242092093
2026-08-19,ARI incidence,2026-09-06,4,NL,quantile,0.4,89.38855159431286
2026-08-19,ARI incidence,2026-09-06,4,NL,quantile,0.15,80.18827518295367
2026-08-19,ARI incidence,2026-09-06,4,NL,quantile,0.2,82.46925072868895
2026-08-19,ARI incidence,2026-09-06,4,NL,quantile,0.35,87.86688022198679
2026-08-19,ARI incidence,2026-09-06,4,NL,quantile,0.1,77.66819838170571
2026-08-19,ARI incidence,2026-09-06,4,NL,quantile,0.75,101.44775804857431
2026-08-19,ARI incidence,2026-09-06,4,NL,quantile,0.8,103.69301339354905
2026-08-19,ARI incidence,2026-09-06,4,NL,quantile,0.85,106.30961565932125
2026-08-19,ARI incidence,2026-09-06,4,NL,quantile,0.95,115.15028585321595
2026-08-19,ARI incidence,2026-09-06,4,NL,quantile,0.9,110.00235478422736
2026-08-19,ARI incidence,2026-09-06,4,NL,quantile,0.05,73.98458467163218
2026-08-19,ARI incidence,2026-09-06,4,NL,quantile,0.975,120.38431371046647
2026-08-19,ARI incidence,2026-09-06,4,NL,quantile,0.99,126.62405408486354
2026-08-19,ARI incidence,2026-09-06,4,NL,quantile,0.01,67.86267698259246
2026-08-19,ARI incidence,2026-09-06,4,NL,quantile,0.025,71.03409877866392
2026-08-19,ARI incidence,2026-09-06,4,NL,median,,92.59544368217271
2026-08-19,ARI incidence,2026-08-16,1,SI,quantile,0.95,347.57752416909824
2026-08-19,ARI incidence,2026-08-16,1,SI,quantile,0.9,324.90291511487976
2026-08-19,ARI incidence,2026-08-16,1,SI,quantile,0.975,367.9467008980517
2026-08-19,ARI incidence,2026-08-16,1,SI,quantile,0.35,244.27303365799665
2026-08-19,ARI incidence,2026-08-16,1,SI,quantile,0.7,286.5076960559169
2026-08-19,ARI incidence,2026-08-16,1,SI,quantile,0.99,392.36001592740354
2026-08-19,ARI incidence,2026-08-16,1,SI,quantile,0.8,302.18856429246716
2026-08-19,ARI incidence,2026-08-16,1,SI,quantile,0.5,261.4378542294364
2026-08-19,ARI incidence,2026-08-16,1,SI,quantile,0.55,266.95239642094566
2026-08-19,ARI incidence,2026-08-16,1,SI,quantile,0.75,293.69495893377814
2026-08-19,ARI incidence,2026-08-16,1,SI,quantile,0.3,238.66069166811633
2026-08-19,ARI incidence,2026-08-16,1,SI,quantile,0.85,312.1189412845621
2026-08-19,ARI incidence,2026-08-16,1,SI,quantile,0.025,186.44917440224688
2026-08-19,ARI incidence,2026-08-16,1,SI,quantile,0.65,279.23966207358836
2026-08-19,ARI incidence,2026-08-16,1,SI,quantile,0.6,272.97625268559824
2026-08-19,ARI incidence,2026-08-16,1,SI,quantile,0.45,255.9218520884378
2026-08-19,ARI incidence,2026-08-16,1,SI,quantile,0.4,250.29603955903826
2026-08-19,ARI incidence,2026-08-16,1,SI,quantile,0.25,232.52680633869346
2026-08-19,ARI incidence,2026-08-16,1,SI,quantile,0.05,196.88396282960304
2026-08-19,ARI incidence,2026-08-16,1,SI,quantile,0.1,209.99751300747556
2026-08-19,ARI incidence,2026-08-16,1,SI,quantile,0.15,218.84433039661545
2026-08-19,ARI incidence,2026-08-16,1,SI,quantile,0.2,226.22295165415355
2026-08-19,ARI incidence,2026-08-16,1,SI,quantile,0.01,177.40028657858798
2026-08-19,ARI incidence,2026-08-16,1,SI,median,,261.4378542294364
2026-08-19,ARI incidence,2026-08-23,2,SI,quantile,0.99,327.61854534041055
2026-08-19,ARI incidence,2026-08-23,2,SI,quantile,0.8,283.2364639858905
2026-08-19,ARI incidence,2026-08-23,2,SI,quantile,0.9,295.65416364206214
2026-08-19,ARI incidence,2026-08-23,2,SI,quantile,0.975,316.23029575214986
2026-08-19,ARI incidence,2026-08-23,2,SI,quantile,0.95,306.4412458648386
2026-08-19,ARI incidence,2026-08-23,2,SI,quantile,0.85,288.659304452426
2026-08-19,ARI incidence,2026-08-23,2,SI,quantile,0.5,260.75236513558707
2026-08-19,ARI incidence,2026-08-23,2,SI,quantile,0.55,264.2115106531315
2026-08-19,ARI incidence,2026-08-23,2,SI,quantile,0.75,278.75534094055723
2026-08-19,ARI incidence,2026-08-23,2,SI,quantile,0.4,254.28712250375742
2026-08-19,ARI incidence,2026-08-23,2,SI,quantile,0.45,257.58404309312346
2026-08-19,ARI incidence,2026-08-23,2,SI,quantile,0.35,251.3134438981184
2026-08-19,ARI incidence,2026-08-23,2,SI,quantile,0.7,274.5406323675673
2026-08-19,ARI incidence,2026-08-23,2,SI,quantile,0.65,270.7771201425211
2026-08-19,ARI incidence,2026-08-23,2,SI,quantile,0.6,267.3315539164435
2026-08-19,ARI incidence,2026-08-23,2,SI,quantile,0.3,247.84534192848344
2026-08-19,ARI incidence,2026-08-23,2,SI,quantile,0.25,244.40569051776157
2026-08-19,ARI incidence,2026-08-23,2,SI,quantile,0.01,207.53744975914728
2026-08-19,ARI incidence,2026-08-23,2,SI,quantile,0.2,240.41388364536533
2026-08-19,ARI incidence,2026-08-23,2,SI,quantile,0.025,215.04630074730954
2026-08-19,ARI incidence,2026-08-23,2,SI,quantile,0.15,235.7580368166286
2026-08-19,ARI incidence,2026-08-23,2,SI,quantile,0.1,229.79406411906677
2026-08-19,ARI incidence,2026-08-23,2,SI,quantile,0.05,222.4876261094577
2026-08-19,ARI incidence,2026-08-23,2,SI,median,,260.75236513558707
2026-08-19,ARI incidence,2026-08-30,3,SI,quantile,0.99,330.29276219092026
2026-08-19,ARI incidence,2026-08-30,3,SI,quantile,0.95,293.4445424417827
2026-08-19,ARI incidence,2026-08-30,3,SI,quantile,0.9,273.63703074600596
2026-08-19,ARI incidence,2026-08-30,3,SI,quantile,0.975,310.28203643703085
2026-08-19,ARI incidence,2026-08-30,3,SI,quantile,0.01,141.4665961163766
2026-08-19,ARI incidence,2026-08-30,3,SI,quantile,0.85,262.02770812949166
2026-08-19,ARI incidence,2026-08-30,3,SI,quantile,0.025,150.3923967856503
2026-08-19,ARI incidence,2026-08-30,3,SI,quantile,0.7,238.9886555548532
2026-08-19,ARI incidence,2026-08-30,3,SI,quantile,0.75,245.7333586825635
2026-08-19,ARI incidence,2026-08-30,3,SI,quantile,0.8,252.9211242085691
2026-08-19,ARI incidence,2026-08-30,3,SI,quantile,0.35,202.09576478042126
2026-08-19,ARI incidence,2026-08-30,3,SI,quantile,0.05,159.6409243025362
2026-08-19,ARI incidence,2026-08-30,3,SI,quantile,0.4,206.77937848050266
2026-08-19,ARI incidence,2026-08-30,3,SI,quantile,0.45,211.54420387866503
2026-08-19,ARI incidence,2026-08-30,3,SI,quantile,0.5,216.93764588888922
2026-08-19,ARI incidence,2026-08-30,3,SI,quantile,0.65,233.11850570971197
2026-08-19,ARI incidence,2026-08-30,3,SI,quantile,0.6,227.44680115191608
2026-08-19,ARI incidence,2026-08-30,3,SI,quantile,0.55,222.04223748703333
2026-08-19,ARI incidence,2026-08-30,3,SI,quantile,0.25,191.98449101982305
2026-08-19,ARI incidence,2026-08-30,3,SI,quantile,0.3,197.1503694577784
2026-08-19,ARI incidence,2026-08-30,3,SI,quantile,0.15,179.25411711233943
2026-08-19,ARI incidence,2026-08-30,3,SI,quantile,0.1,171.59732107451146
2026-08-19,ARI incidence,2026-08-30,3,SI,quantile,0.2,185.98332696101198
2026-08-19,ARI incidence,2026-08-30,3,SI,median,,216.93764588888922
2026-08-19,ARI incidence,2026-09-06,4,SI,quantile,0.7,337.67235125952107
2026-08-19,ARI incidence,2026-09-06,4,SI,quantile,0.75,348.11087110903867
2026-08-19,ARI incidence,2026-09-06,4,SI,quantile,0.8,359.8744585643397
2026-08-19,ARI incidence,2026-09-06,4,SI,quantile,0.9,395.29086521597316
2026-08-19,ARI incidence,2026-09-06,4,SI,quantile,0.85,375.1218199089289
2026-08-19,ARI incidence,2026-09-06,4,SI,quantile,0.1,233.04428959779383
2026-08-19,ARI incidence,2026-09-06,4,SI,quantile,0.05,216.5744217422162
2026-08-19,ARI incidence,2026-09-06,4,SI,quantile,0.025,202.63967396759813
2026-08-19,ARI incidence,2026-09-06,4,SI,quantile,0.95,423.24905827185586
2026-08-19,ARI incidence,2026-09-06,4,SI,quantile,0.01,188.61007287321812
2026-08-19,ARI incidence,2026-09-06,4,SI,quantile,0.3,271.5120700667129
2026-08-19,ARI incidence,2026-09-06,4,SI,quantile,0.6,319.6722592578441
2026-08-19,ARI incidence,2026-09-06,4,SI,quantile,0.975,447.8957743632995
2026-08-19,ARI incidence,2026-09-06,4,SI,quantile,0.99,483.1847057149275
2026-08-19,ARI incidence,2026-09-06,4,SI,quantile,0.65,329.12804581530224
2026-08-19,ARI incidence,2026-09-06,4,SI,quantile,0.55,311.20251284643655
2026-08-19,ARI incidence,2026-09-06,4,SI,quantile,0.15,244.97786674303356
2026-08-19,ARI incidence,2026-09-06,4,SI,quantile,0.35,279.75530252519627
2026-08-19,ARI incidence,2026-09-06,4,SI,quantile,0.5,303.6910273008417
2026-08-19,ARI incidence,2026-09-06,4,SI,quantile,0.2,254.51467840176588
2026-08-19,ARI incidence,2026-09-06,4,SI,quantile,0.4,287.8526760801991
2026-08-19,ARI incidence,2026-09-06,4,SI,quantile,0.45,295.7689756344265
2026-08-19,ARI incidence,2026-09-06,4,SI,quantile,0.25,263.1498660940057
2026-08-19,ARI incidence,2026-09-06,4,SI,median,,303.6910273008417
