origin_date,target,target_end_date,horizon,location,output_type,output_type_id,value
2026-08-12,ARI incidence,2026-08-09,1,BE,quantile,0.5,233.53838584654375
2026-08-12,ARI incidence,2026-08-09,1,BE,quantile,0.35,218.37800418441918
2026-08-12,ARI incidence,2026-08-09,1,BE,quantile,0.45,228.33921395511902
2026-08-12,ARI incidence,2026-08-09,1,BE,quantile,0.4,223.263362496308
2026-08-12,ARI incidence,2026-08-09,1,BE,quantile,0.2,201.27747333697536
2026-08-12,ARI incidence,2026-08-09,1,BE,quantile,0.25,207.34156195297805
2026-08-12,ARI incidence,2026-08-09,1,BE,quantile,0.55,238.67197633238797
2026-08-12,ARI incidence,2026-08-09,1,BE,quantile,0.6,243.97139089345467
2026-08-12,ARI incidence,2026-08-09,1,BE,quantile,0.65,249.46473543437452
2026-08-12,ARI incidence,2026-08-09,1,BE,quantile,0.7,255.6319091552873
2026-08-12,ARI incidence,2026-08-09,1,BE,quantile,0.3,213.14851088591848
2026-08-12,ARI incidence,2026-08-09,1,BE,quantile,0.75,262.55923368798767
2026-08-12,ARI incidence,2026-08-09,1,BE,quantile,0.1,186.41376800344534
2026-08-12,ARI incidence,2026-08-09,1,BE,quantile,0.15,194.80147596049957
2026-08-12,ARI incidence,2026-08-09,1,BE,quantile,0.8,270.20602484223906
2026-08-12,ARI incidence,2026-08-09,1,BE,quantile,0.05,175.19623748315882
2026-08-12,ARI incidence,2026-08-09,1,BE,quantile,0.025,166.33953068639684
2026-08-12,ARI incidence,2026-08-09,1,BE,quantile,0.85,279.44418510216644
2026-08-12,ARI incidence,2026-08-09,1,BE,quantile,0.9,292.89405707075434
2026-08-12,ARI incidence,2026-08-09,1,BE,quantile,0.01,156.77870152187558
2026-08-12,ARI incidence,2026-08-09,1,BE,quantile,0.95,311.59369715547035
2026-08-12,ARI incidence,2026-08-09,1,BE,quantile,0.99,351.44884779244336
2026-08-12,ARI incidence,2026-08-09,1,BE,quantile,0.975,329.4739075728532
2026-08-12,ARI incidence,2026-08-09,1,BE,median,,233.53838584654375
2026-08-12,ARI incidence,2026-08-16,2,BE,quantile,0.5,179.20813203662192
2026-08-12,ARI incidence,2026-08-16,2,BE,quantile,0.45,175.52327423386157
2026-08-12,ARI incidence,2026-08-16,2,BE,quantile,0.55,183.1113142107398
2026-08-12,ARI incidence,2026-08-16,2,BE,quantile,0.05,134.19231415675532
2026-08-12,ARI incidence,2026-08-16,2,BE,quantile,0.7,196.58394884981385
2026-08-12,ARI incidence,2026-08-16,2,BE,quantile,0.01,118.91270726508183
2026-08-12,ARI incidence,2026-08-16,2,BE,quantile,0.2,154.1005796206646
2026-08-12,ARI incidence,2026-08-16,2,BE,quantile,0.1,142.64463745352995
2026-08-12,ARI incidence,2026-08-16,2,BE,quantile,0.15,149.0045512662921
2026-08-12,ARI incidence,2026-08-16,2,BE,quantile,0.4,171.4968698576232
2026-08-12,ARI incidence,2026-08-16,2,BE,quantile,0.025,127.41684458809098
2026-08-12,ARI incidence,2026-08-16,2,BE,quantile,0.3,163.42587416330912
2026-08-12,ARI incidence,2026-08-16,2,BE,quantile,0.6,187.47141953030768
2026-08-12,ARI incidence,2026-08-16,2,BE,quantile,0.65,191.95675504529606
2026-08-12,ARI incidence,2026-08-16,2,BE,quantile,0.35,167.5520813447746
2026-08-12,ARI incidence,2026-08-16,2,BE,quantile,0.25,158.99099600087354
2026-08-12,ARI incidence,2026-08-16,2,BE,quantile,0.75,201.6493705757964
2026-08-12,ARI incidence,2026-08-16,2,BE,quantile,0.8,207.80235885351692
2026-08-12,ARI incidence,2026-08-16,2,BE,quantile,0.975,252.13083309695148
2026-08-12,ARI incidence,2026-08-16,2,BE,quantile,0.85,215.36427144396404
2026-08-12,ARI incidence,2026-08-16,2,BE,quantile,0.9,224.45065520165292
2026-08-12,ARI incidence,2026-08-16,2,BE,quantile,0.99,268.92501511712845
2026-08-12,ARI incidence,2026-08-16,2,BE,quantile,0.95,238.47106113980814
2026-08-12,ARI incidence,2026-08-16,2,BE,median,,179.20813203662192
2026-08-12,ARI incidence,2026-08-23,3,BE,quantile,0.9,222.5359133572919
2026-08-12,ARI incidence,2026-08-23,3,BE,quantile,0.6,213.59467553923196
2026-08-12,ARI incidence,2026-08-23,3,BE,quantile,0.65,214.66542477843313
2026-08-12,ARI incidence,2026-08-23,3,BE,quantile,0.7,215.88427456942378
2026-08-12,ARI incidence,2026-08-23,3,BE,quantile,0.75,217.2033062101602
2026-08-12,ARI incidence,2026-08-23,3,BE,quantile,0.8,218.65656255685502
2026-08-12,ARI incidence,2026-08-23,3,BE,quantile,0.45,210.29609438289077
2026-08-12,ARI incidence,2026-08-23,3,BE,quantile,0.85,220.3491885044834
2026-08-12,ARI incidence,2026-08-23,3,BE,quantile,0.35,208.11879235815508
2026-08-12,ARI incidence,2026-08-23,3,BE,quantile,0.4,209.24251462362275
2026-08-12,ARI incidence,2026-08-23,3,BE,quantile,0.55,212.39653489398893
2026-08-12,ARI incidence,2026-08-23,3,BE,quantile,0.5,211.37737621564838
2026-08-12,ARI incidence,2026-08-23,3,BE,quantile,0.1,200.76239972007872
2026-08-12,ARI incidence,2026-08-23,3,BE,quantile,0.05,197.83953104346364
2026-08-12,ARI incidence,2026-08-23,3,BE,quantile,0.95,225.84238580847222
2026-08-12,ARI incidence,2026-08-23,3,BE,quantile,0.975,228.53708036257166
2026-08-12,ARI incidence,2026-08-23,3,BE,quantile,0.15,202.87822286517007
2026-08-12,ARI incidence,2026-08-23,3,BE,quantile,0.99,231.98738613602416
2026-08-12,ARI incidence,2026-08-23,3,BE,quantile,0.025,195.30253392774318
2026-08-12,ARI incidence,2026-08-23,3,BE,quantile,0.2,204.55865097567664
2026-08-12,ARI incidence,2026-08-23,3,BE,quantile,0.3,206.97426820935058
2026-08-12,ARI incidence,2026-08-23,3,BE,quantile,0.25,205.77561216568907
2026-08-12,ARI incidence,2026-08-23,3,BE,quantile,0.01,192.63906625912213
2026-08-12,ARI incidence,2026-08-23,3,BE,median,,211.37737621564838
2026-08-12,ARI incidence,2026-08-30,4,BE,quantile,0.95,221.7866229655246
2026-08-12,ARI incidence,2026-08-30,4,BE,quantile,0.9,216.6454590023852
2026-08-12,ARI incidence,2026-08-30,4,BE,quantile,0.85,213.0694105512447
2026-08-12,ARI incidence,2026-08-30,4,BE,quantile,0.8,210.19836232951207
2026-08-12,ARI incidence,2026-08-30,4,BE,quantile,0.975,226.3889434404274
2026-08-12,ARI incidence,2026-08-30,4,BE,quantile,0.75,207.8071633898074
2026-08-12,ARI incidence,2026-08-30,4,BE,quantile,0.6,202.1146303353283
2026-08-12,ARI incidence,2026-08-30,4,BE,quantile,0.65,203.90393932617516
2026-08-12,ARI incidence,2026-08-30,4,BE,quantile,0.99,231.83947166456548
2026-08-12,ARI incidence,2026-08-30,4,BE,quantile,0.15,186.06387270205815
2026-08-12,ARI incidence,2026-08-30,4,BE,quantile,0.35,193.92343636518484
2026-08-12,ARI incidence,2026-08-30,4,BE,quantile,0.45,197.2176811908489
2026-08-12,ARI incidence,2026-08-30,4,BE,quantile,0.5,198.80511398488795
2026-08-12,ARI incidence,2026-08-30,4,BE,quantile,0.7,205.7858102241244
2026-08-12,ARI incidence,2026-08-30,4,BE,quantile,0.1,183.22698501650603
2026-08-12,ARI incidence,2026-08-30,4,BE,quantile,0.2,188.38295287158556
2026-08-12,ARI incidence,2026-08-30,4,BE,quantile,0.25,190.26775374903332
2026-08-12,ARI incidence,2026-08-30,4,BE,quantile,0.3,192.23244013241535
2026-08-12,ARI incidence,2026-08-30,4,BE,quantile,0.4,195.49810045455817
2026-08-12,ARI incidence,2026-08-30,4,BE,quantile,0.05,179.14582474817587
2026-08-12,ARI incidence,2026-08-30,4,BE,quantile,0.55,200.44136516711532
2026-08-12,ARI incidence,2026-08-30,4,BE,quantile,0.025,175.56560228049744
2026-08-12,ARI incidence,2026-08-30,4,BE,quantile,0.01,171.52108436352867
2026-08-12,ARI incidence,2026-08-30,4,BE,median,,198.80511398488795
2026-08-12,ARI incidence,2026-08-09,1,BG,quantile,0.1,75.45767198396719
2026-08-12,ARI incidence,2026-08-09,1,BG,quantile,0.025,51.386006753842715
2026-08-12,ARI incidence,2026-08-09,1,BG,quantile,0.8,238.62449846402566
2026-08-12,ARI incidence,2026-08-09,1,BG,quantile,0.99,525.0428962318613
2026-08-12,ARI incidence,2026-08-09,1,BG,quantile,0.65,186.82333728682218
2026-08-12,ARI incidence,2026-08-09,1,BG,quantile,0.9,303.0063923824502
2026-08-12,ARI incidence,2026-08-09,1,BG,quantile,0.01,42.200870964567564
2026-08-12,ARI incidence,2026-08-09,1,BG,quantile,0.975,436.18659445179435
2026-08-12,ARI incidence,2026-08-09,1,BG,quantile,0.05,61.25967105149862
2026-08-12,ARI incidence,2026-08-09,1,BG,quantile,0.15,86.12712904217602
2026-08-12,ARI incidence,2026-08-09,1,BG,quantile,0.95,365.66977827615005
2026-08-12,ARI incidence,2026-08-09,1,BG,quantile,0.75,217.9474621113138
2026-08-12,ARI incidence,2026-08-09,1,BG,quantile,0.85,264.0789647453026
2026-08-12,ARI incidence,2026-08-09,1,BG,quantile,0.7,201.29960458898418
2026-08-12,ARI incidence,2026-08-09,1,BG,quantile,0.6,173.4725096254992
2026-08-12,ARI incidence,2026-08-09,1,BG,quantile,0.55,162.59808863561693
2026-08-12,ARI incidence,2026-08-09,1,BG,quantile,0.3,114.31259137589713
2026-08-12,ARI incidence,2026-08-09,1,BG,quantile,0.2,95.86909009866473
2026-08-12,ARI incidence,2026-08-09,1,BG,quantile,0.25,105.25657762482956
2026-08-12,ARI incidence,2026-08-09,1,BG,quantile,0.5,151.5593694562505
2026-08-12,ARI incidence,2026-08-09,1,BG,quantile,0.45,141.5459738340869
2026-08-12,ARI incidence,2026-08-09,1,BG,quantile,0.35,122.95474859299611
2026-08-12,ARI incidence,2026-08-09,1,BG,quantile,0.4,132.83936760660532
2026-08-12,ARI incidence,2026-08-09,1,BG,median,,151.5593694562505
2026-08-12,ARI incidence,2026-08-16,2,BG,quantile,0.3,173.0261034118336
2026-08-12,ARI incidence,2026-08-16,2,BG,quantile,0.25,170.2593594397572
2026-08-12,ARI incidence,2026-08-16,2,BG,quantile,0.35,175.65361163258586
2026-08-12,ARI incidence,2026-08-16,2,BG,quantile,0.15,163.6381417365963
2026-08-12,ARI incidence,2026-08-16,2,BG,quantile,0.2,167.27315143621573
2026-08-12,ARI incidence,2026-08-16,2,BG,quantile,0.1,159.34227886946792
2026-08-12,ARI incidence,2026-08-16,2,BG,quantile,0.4,178.21725054462536
2026-08-12,ARI incidence,2026-08-16,2,BG,quantile,0.05,153.53247347540443
2026-08-12,ARI incidence,2026-08-16,2,BG,quantile,0.025,148.5377286748988
2026-08-12,ARI incidence,2026-08-16,2,BG,quantile,0.5,183.0826442910299
2026-08-12,ARI incidence,2026-08-16,2,BG,quantile,0.55,185.56734031195697
2026-08-12,ARI incidence,2026-08-16,2,BG,quantile,0.01,143.4501666451298
2026-08-12,ARI incidence,2026-08-16,2,BG,quantile,0.45,180.79147522351593
2026-08-12,ARI incidence,2026-08-16,2,BG,quantile,0.6,188.07885196859897
2026-08-12,ARI incidence,2026-08-16,2,BG,quantile,0.65,190.76926945978624
2026-08-12,ARI incidence,2026-08-16,2,BG,quantile,0.99,234.8772087004282
2026-08-12,ARI incidence,2026-08-16,2,BG,quantile,0.7,193.812356794096
2026-08-12,ARI incidence,2026-08-16,2,BG,quantile,0.75,197.00831652447923
2026-08-12,ARI incidence,2026-08-16,2,BG,quantile,0.8,200.50555600523856
2026-08-12,ARI incidence,2026-08-16,2,BG,quantile,0.85,204.73604837636137
2026-08-12,ARI incidence,2026-08-16,2,BG,quantile,0.9,210.1660221669099
2026-08-12,ARI incidence,2026-08-16,2,BG,quantile,0.95,218.21550770384695
2026-08-12,ARI incidence,2026-08-16,2,BG,quantile,0.975,225.50237784056512
2026-08-12,ARI incidence,2026-08-16,2,BG,median,,183.0826442910299
2026-08-12,ARI incidence,2026-08-23,3,BG,quantile,0.5,181.4713101503915
2026-08-12,ARI incidence,2026-08-23,3,BG,quantile,0.6,183.05452191550907
2026-08-12,ARI incidence,2026-08-23,3,BG,quantile,0.55,182.1912934147803
2026-08-12,ARI incidence,2026-08-23,3,BG,quantile,0.45,180.74334071038726
2026-08-12,ARI incidence,2026-08-23,3,BG,quantile,0.975,193.2728771557827
2026-08-12,ARI incidence,2026-08-23,3,BG,quantile,0.85,187.79971951716615
2026-08-12,ARI incidence,2026-08-23,3,BG,quantile,0.8,186.57111635899014
2026-08-12,ARI incidence,2026-08-23,3,BG,quantile,0.9,189.29949038204393
2026-08-12,ARI incidence,2026-08-23,3,BG,quantile,0.95,191.44844239780574
2026-08-12,ARI incidence,2026-08-23,3,BG,quantile,0.99,195.72115786938585
2026-08-12,ARI incidence,2026-08-23,3,BG,quantile,0.75,185.55513873980806
2026-08-12,ARI incidence,2026-08-23,3,BG,quantile,0.3,178.47150695034864
2026-08-12,ARI incidence,2026-08-23,3,BG,quantile,0.7,184.70601804717734
2026-08-12,ARI incidence,2026-08-23,3,BG,quantile,0.35,179.2977360527713
2026-08-12,ARI incidence,2026-08-23,3,BG,quantile,0.65,183.8653187812362
2026-08-12,ARI incidence,2026-08-23,3,BG,quantile,0.25,177.55106651489325
2026-08-12,ARI incidence,2026-08-23,3,BG,quantile,0.4,180.04270488926304
2026-08-12,ARI incidence,2026-08-23,3,BG,quantile,0.1,174.1530632325146
2026-08-12,ARI incidence,2026-08-23,3,BG,quantile,0.05,172.1012883169418
2026-08-12,ARI incidence,2026-08-23,3,BG,quantile,0.2,176.59730531946403
2026-08-12,ARI incidence,2026-08-23,3,BG,quantile,0.025,170.50068784803747
2026-08-12,ARI incidence,2026-08-23,3,BG,quantile,0.15,175.53456206216106
2026-08-12,ARI incidence,2026-08-23,3,BG,quantile,0.01,168.34921043716793
2026-08-12,ARI incidence,2026-08-23,3,BG,median,,181.4713101503915
2026-08-12,ARI incidence,2026-08-30,4,BG,quantile,0.01,162.704549230852
2026-08-12,ARI incidence,2026-08-30,4,BG,quantile,0.025,163.83351464013433
2026-08-12,ARI incidence,2026-08-30,4,BG,quantile,0.05,164.70683741151612
2026-08-12,ARI incidence,2026-08-30,4,BG,quantile,0.2,167.15332299011135
2026-08-12,ARI incidence,2026-08-30,4,BG,quantile,0.1,165.89316028128854
2026-08-12,ARI incidence,2026-08-30,4,BG,quantile,0.15,166.56503433124578
2026-08-12,ARI incidence,2026-08-30,4,BG,quantile,0.25,167.68577101279678
2026-08-12,ARI incidence,2026-08-30,4,BG,quantile,0.3,168.1612730222066
2026-08-12,ARI incidence,2026-08-30,4,BG,quantile,0.35,168.57919752752406
2026-08-12,ARI incidence,2026-08-30,4,BG,quantile,0.4,168.97745156862274
2026-08-12,ARI incidence,2026-08-30,4,BG,quantile,0.95,175.0335433855071
2026-08-12,ARI incidence,2026-08-30,4,BG,quantile,0.85,173.01217096957583
2026-08-12,ARI incidence,2026-08-30,4,BG,quantile,0.45,169.35179998731155
2026-08-12,ARI incidence,2026-08-30,4,BG,quantile,0.5,169.7360494394744
2026-08-12,ARI incidence,2026-08-30,4,BG,quantile,0.975,175.9518215455148
2026-08-12,ARI incidence,2026-08-30,4,BG,quantile,0.6,170.49026753889464
2026-08-12,ARI incidence,2026-08-30,4,BG,quantile,0.65,170.91102185256432
2026-08-12,ARI incidence,2026-08-30,4,BG,quantile,0.99,177.1188892371685
2026-08-12,ARI incidence,2026-08-30,4,BG,quantile,0.9,173.8680670286355
2026-08-12,ARI incidence,2026-08-30,4,BG,quantile,0.75,171.78294543557087
2026-08-12,ARI incidence,2026-08-30,4,BG,quantile,0.7,171.31806065544674
2026-08-12,ARI incidence,2026-08-30,4,BG,quantile,0.8,172.3286286696506
2026-08-12,ARI incidence,2026-08-30,4,BG,quantile,0.55,170.1223953135089
2026-08-12,ARI incidence,2026-08-30,4,BG,median,,169.7360494394744
2026-08-12,ARI incidence,2026-08-09,1,CY,quantile,0.01,2058.0646837350205
2026-08-12,ARI incidence,2026-08-09,1,CY,quantile,0.025,2276.472966605864
2026-08-12,ARI incidence,2026-08-09,1,CY,quantile,0.05,2503.082037672422
2026-08-12,ARI incidence,2026-08-09,1,CY,quantile,0.1,2747.5132453173137
2026-08-12,ARI incidence,2026-08-09,1,CY,quantile,0.15,2939.883193780924
2026-08-12,ARI incidence,2026-08-09,1,CY,quantile,0.2,3100.0377165823797
2026-08-12,ARI incidence,2026-08-09,1,CY,quantile,0.25,3226.1830765429813
2026-08-12,ARI incidence,2026-08-09,1,CY,quantile,0.3,3361.3291762153563
2026-08-12,ARI incidence,2026-08-09,1,CY,quantile,0.35,3492.03487865257
2026-08-12,ARI incidence,2026-08-09,1,CY,quantile,0.4,3620.620139011402
2026-08-12,ARI incidence,2026-08-09,1,CY,quantile,0.45,3745.6866318964767
2026-08-12,ARI incidence,2026-08-09,1,CY,quantile,0.5,3882.9630885259094
2026-08-12,ARI incidence,2026-08-09,1,CY,quantile,0.55,4026.7875968547005
2026-08-12,ARI incidence,2026-08-09,1,CY,quantile,0.6,4154.83813721633
2026-08-12,ARI incidence,2026-08-09,1,CY,quantile,0.65,4309.889620146219
2026-08-12,ARI incidence,2026-08-09,1,CY,quantile,0.7,4470.685828621973
2026-08-12,ARI incidence,2026-08-09,1,CY,quantile,0.75,4660.583316720106
2026-08-12,ARI incidence,2026-08-09,1,CY,quantile,0.8,4871.485910508994
2026-08-12,ARI incidence,2026-08-09,1,CY,quantile,0.85,5140.174790935788
2026-08-12,ARI incidence,2026-08-09,1,CY,quantile,0.9,5489.333208416018
2026-08-12,ARI incidence,2026-08-09,1,CY,quantile,0.95,6016.422871248344
2026-08-12,ARI incidence,2026-08-09,1,CY,quantile,0.975,6563.847474151791
2026-08-12,ARI incidence,2026-08-09,1,CY,quantile,0.99,7257.430173087825
2026-08-12,ARI incidence,2026-08-09,1,CY,median,,3882.9630885259094
2026-08-12,ARI incidence,2026-08-16,2,CY,quantile,0.95,4527.69673082845
2026-08-12,ARI incidence,2026-08-16,2,CY,quantile,0.9,4157.207024575764
2026-08-12,ARI incidence,2026-08-16,2,CY,quantile,0.85,3932.143303374027
2026-08-12,ARI incidence,2026-08-16,2,CY,quantile,0.975,4889.186797492252
2026-08-12,ARI incidence,2026-08-16,2,CY,quantile,0.99,5271.389207524685
2026-08-12,ARI incidence,2026-08-16,2,CY,quantile,0.25,2609.627612739898
2026-08-12,ARI incidence,2026-08-16,2,CY,quantile,0.2,2513.666069604903
2026-08-12,ARI incidence,2026-08-16,2,CY,quantile,0.8,3741.429407241775
2026-08-12,ARI incidence,2026-08-16,2,CY,quantile,0.75,3588.4894247602892
2026-08-12,ARI incidence,2026-08-16,2,CY,quantile,0.15,2399.104837213396
2026-08-12,ARI incidence,2026-08-16,2,CY,quantile,0.025,1934.0857878259937
2026-08-12,ARI incidence,2026-08-16,2,CY,quantile,0.65,3351.7132599429015
2026-08-12,ARI incidence,2026-08-16,2,CY,quantile,0.7,3461.6436698415137
2026-08-12,ARI incidence,2026-08-16,2,CY,quantile,0.6,3248.5222565442605
2026-08-12,ARI incidence,2026-08-16,2,CY,quantile,0.1,2262.5942396998107
2026-08-12,ARI incidence,2026-08-16,2,CY,quantile,0.05,2079.8745159737214
2026-08-12,ARI incidence,2026-08-16,2,CY,quantile,0.55,3156.293206313687
2026-08-12,ARI incidence,2026-08-16,2,CY,quantile,0.4,2878.079596432716
2026-08-12,ARI incidence,2026-08-16,2,CY,quantile,0.35,2793.907142385069
2026-08-12,ARI incidence,2026-08-16,2,CY,quantile,0.3,2707.3224965965164
2026-08-12,ARI incidence,2026-08-16,2,CY,quantile,0.5,3059.433977319728
2026-08-12,ARI incidence,2026-08-16,2,CY,quantile,0.45,2968.357604997724
2026-08-12,ARI incidence,2026-08-16,2,CY,quantile,0.01,1787.4347498857833
2026-08-12,ARI incidence,2026-08-16,2,CY,median,,3059.433977319728
2026-08-12,ARI incidence,2026-08-23,3,CY,quantile,0.45,3747.455321252055
2026-08-12,ARI incidence,2026-08-23,3,CY,quantile,0.4,3667.6430665638272
2026-08-12,ARI incidence,2026-08-23,3,CY,quantile,0.2,3301.5592542470235
2026-08-12,ARI incidence,2026-08-23,3,CY,quantile,0.25,3405.26506324545
2026-08-12,ARI incidence,2026-08-23,3,CY,quantile,0.3,3498.3569397488163
2026-08-12,ARI incidence,2026-08-23,3,CY,quantile,0.15,3187.7534156905176
2026-08-12,ARI incidence,2026-08-23,3,CY,quantile,0.35,3587.0437483571677
2026-08-12,ARI incidence,2026-08-23,3,CY,quantile,0.1,3044.3425649051123
2026-08-12,ARI incidence,2026-08-23,3,CY,quantile,0.5,3840.341460284737
2026-08-12,ARI incidence,2026-08-23,3,CY,quantile,0.55,3931.483188713091
2026-08-12,ARI incidence,2026-08-23,3,CY,quantile,0.6,4026.011664414271
2026-08-12,ARI incidence,2026-08-23,3,CY,quantile,0.65,4118.116319162862
2026-08-12,ARI incidence,2026-08-23,3,CY,quantile,0.7,4222.804693168443
2026-08-12,ARI incidence,2026-08-23,3,CY,quantile,0.75,4337.540204710525
2026-08-12,ARI incidence,2026-08-23,3,CY,quantile,0.8,4492.153313646075
2026-08-12,ARI incidence,2026-08-23,3,CY,quantile,0.85,4636.54946122484
2026-08-12,ARI incidence,2026-08-23,3,CY,quantile,0.05,2858.501887646308
2026-08-12,ARI incidence,2026-08-23,3,CY,quantile,0.9,4852.334073161534
2026-08-12,ARI incidence,2026-08-23,3,CY,quantile,0.95,5186.402468171581
2026-08-12,ARI incidence,2026-08-23,3,CY,quantile,0.975,5475.155470629998
2026-08-12,ARI incidence,2026-08-23,3,CY,quantile,0.99,5813.629869905657
2026-08-12,ARI incidence,2026-08-23,3,CY,quantile,0.01,2538.2269753828978
2026-08-12,ARI incidence,2026-08-23,3,CY,quantile,0.025,2698.0505055461686
2026-08-12,ARI incidence,2026-08-23,3,CY,median,,3840.341460284737
2026-08-12,ARI incidence,2026-08-30,4,CY,quantile,0.01,1943.9016542268114
2026-08-12,ARI incidence,2026-08-30,4,CY,quantile,0.025,2203.672494826199
2026-08-12,ARI incidence,2026-08-30,4,CY,quantile,0.05,2407.324135524717
2026-08-12,ARI incidence,2026-08-30,4,CY,quantile,0.1,2684.8679570719096
2026-08-12,ARI incidence,2026-08-30,4,CY,quantile,0.15,2876.8334050940266
2026-08-12,ARI incidence,2026-08-30,4,CY,quantile,0.2,3050.6398096888133
2026-08-12,ARI incidence,2026-08-30,4,CY,quantile,0.25,3201.8681608637353
2026-08-12,ARI incidence,2026-08-30,4,CY,quantile,0.3,3344.9101430859764
2026-08-12,ARI incidence,2026-08-30,4,CY,quantile,0.35,3475.526615893732
2026-08-12,ARI incidence,2026-08-30,4,CY,quantile,0.4,3605.3017663818673
2026-08-12,ARI incidence,2026-08-30,4,CY,quantile,0.45,3740.1084308205454
2026-08-12,ARI incidence,2026-08-30,4,CY,quantile,0.5,3891.8304243291877
2026-08-12,ARI incidence,2026-08-30,4,CY,quantile,0.55,4037.961068762441
2026-08-12,ARI incidence,2026-08-30,4,CY,quantile,0.6,4197.698374801244
2026-08-12,ARI incidence,2026-08-30,4,CY,quantile,0.65,4363.272458371075
2026-08-12,ARI incidence,2026-08-30,4,CY,quantile,0.7,4548.510750240642
2026-08-12,ARI incidence,2026-08-30,4,CY,quantile,0.75,4736.557769278808
2026-08-12,ARI incidence,2026-08-30,4,CY,quantile,0.8,4967.731185184999
2026-08-12,ARI incidence,2026-08-30,4,CY,quantile,0.85,5251.392788417865
2026-08-12,ARI incidence,2026-08-30,4,CY,quantile,0.9,5654.962075013366
2026-08-12,ARI incidence,2026-08-30,4,CY,quantile,0.95,6264.0693601428
2026-08-12,ARI incidence,2026-08-30,4,CY,quantile,0.975,6894.249036927074
2026-08-12,ARI incidence,2026-08-30,4,CY,quantile,0.99,7783.290466954313
2026-08-12,ARI incidence,2026-08-30,4,CY,median,,3891.8304243291877
2026-08-12,ARI incidence,2026-08-09,1,DE,quantile,0.01,502.8116613453139
2026-08-12,ARI incidence,2026-08-09,1,DE,quantile,0.3,534.1283767737175
2026-08-12,ARI incidence,2026-08-09,1,DE,quantile,0.55,545.9169794404864
2026-08-12,ARI incidence,2026-08-09,1,DE,quantile,0.35,536.6607262703795
2026-08-12,ARI incidence,2026-08-09,1,DE,quantile,0.025,508.83807194985957
2026-08-12,ARI incidence,2026-08-09,1,DE,quantile,0.05,514.1531344481795
2026-08-12,ARI incidence,2026-08-09,1,DE,quantile,0.1,520.5022842972352
2026-08-12,ARI incidence,2026-08-09,1,DE,quantile,0.4,539.0460329486735
2026-08-12,ARI incidence,2026-08-09,1,DE,quantile,0.45,541.3710883891177
2026-08-12,ARI incidence,2026-08-09,1,DE,quantile,0.5,543.6206094292213
2026-08-12,ARI incidence,2026-08-09,1,DE,quantile,0.2,528.1656316162548
2026-08-12,ARI incidence,2026-08-09,1,DE,quantile,0.6,548.1408804642406
2026-08-12,ARI incidence,2026-08-09,1,DE,quantile,0.15,524.6447915782114
2026-08-12,ARI incidence,2026-08-09,1,DE,quantile,0.65,550.6505539127721
2026-08-12,ARI incidence,2026-08-09,1,DE,quantile,0.25,531.260951930573
2026-08-12,ARI incidence,2026-08-09,1,DE,quantile,0.7,553.1857867371684
2026-08-12,ARI incidence,2026-08-09,1,DE,quantile,0.9,567.7476846661352
2026-08-12,ARI incidence,2026-08-09,1,DE,quantile,0.99,588.4931293111806
2026-08-12,ARI incidence,2026-08-09,1,DE,quantile,0.85,562.9363917268962
2026-08-12,ARI incidence,2026-08-09,1,DE,quantile,0.95,574.9874085138961
2026-08-12,ARI incidence,2026-08-09,1,DE,quantile,0.975,581.2699918739303
2026-08-12,ARI incidence,2026-08-09,1,DE,quantile,0.8,559.2477682271858
2026-08-12,ARI incidence,2026-08-09,1,DE,quantile,0.75,556.0621192091323
2026-08-12,ARI incidence,2026-08-09,1,DE,median,,543.6206094292213
2026-08-12,ARI incidence,2026-08-16,2,DE,quantile,0.25,541.3886624933259
2026-08-12,ARI incidence,2026-08-16,2,DE,quantile,0.2,535.101890053507
2026-08-12,ARI incidence,2026-08-16,2,DE,quantile,0.15,528.3569506352901
2026-08-12,ARI incidence,2026-08-16,2,DE,quantile,0.1,520.1529240053748
2026-08-12,ARI incidence,2026-08-16,2,DE,quantile,0.3,547.1405792309597
2026-08-12,ARI incidence,2026-08-16,2,DE,quantile,0.025,496.7713130592917
2026-08-12,ARI incidence,2026-08-16,2,DE,quantile,0.05,507.25536244935614
2026-08-12,ARI incidence,2026-08-16,2,DE,quantile,0.45,562.4421747576521
2026-08-12,ARI incidence,2026-08-16,2,DE,quantile,0.35,552.1459609008762
2026-08-12,ARI incidence,2026-08-16,2,DE,quantile,0.4,557.1927526968952
2026-08-12,ARI incidence,2026-08-16,2,DE,quantile,0.01,483.19227497558893
2026-08-12,ARI incidence,2026-08-16,2,DE,quantile,0.5,567.0890465743037
2026-08-12,ARI incidence,2026-08-16,2,DE,quantile,0.6,577.3204390892253
2026-08-12,ARI incidence,2026-08-16,2,DE,quantile,0.55,572.2524067232396
2026-08-12,ARI incidence,2026-08-16,2,DE,quantile,0.65,582.8327674929019
2026-08-12,ARI incidence,2026-08-16,2,DE,quantile,0.8,601.3556478603687
2026-08-12,ARI incidence,2026-08-16,2,DE,quantile,0.7,588.3350426790262
2026-08-12,ARI incidence,2026-08-16,2,DE,quantile,0.75,594.3793484159601
2026-08-12,ARI incidence,2026-08-16,2,DE,quantile,0.85,609.3475151941041
2026-08-12,ARI incidence,2026-08-16,2,DE,quantile,0.9,618.8280104259836
2026-08-12,ARI incidence,2026-08-16,2,DE,quantile,0.95,635.4111013542646
2026-08-12,ARI incidence,2026-08-16,2,DE,quantile,0.975,647.5236624080883
2026-08-12,ARI incidence,2026-08-16,2,DE,quantile,0.99,664.6340858585021
2026-08-12,ARI incidence,2026-08-16,2,DE,median,,567.0890465743037
2026-08-12,ARI incidence,2026-08-23,3,DE,quantile,0.99,748.2304350525587
2026-08-12,ARI incidence,2026-08-23,3,DE,quantile,0.975,724.7604736905918
2026-08-12,ARI incidence,2026-08-23,3,DE,quantile,0.95,705.7019232294588
2026-08-12,ARI incidence,2026-08-23,3,DE,quantile,0.8,653.3354971371765
2026-08-12,ARI incidence,2026-08-23,3,DE,quantile,0.9,681.0224996622458
2026-08-12,ARI incidence,2026-08-23,3,DE,quantile,0.85,665.6738630004406
2026-08-12,ARI incidence,2026-08-23,3,DE,quantile,0.75,643.056899218461
2026-08-12,ARI incidence,2026-08-23,3,DE,quantile,0.6,617.0720125544224
2026-08-12,ARI incidence,2026-08-23,3,DE,quantile,0.65,625.4610967110381
2026-08-12,ARI incidence,2026-08-23,3,DE,quantile,0.55,609.973578687059
2026-08-12,ARI incidence,2026-08-23,3,DE,quantile,0.7,634.4995368102025
2026-08-12,ARI incidence,2026-08-23,3,DE,quantile,0.5,603.1421102797531
2026-08-12,ARI incidence,2026-08-23,3,DE,quantile,0.45,595.64059701771
2026-08-12,ARI incidence,2026-08-23,3,DE,quantile,0.4,588.3342399586055
2026-08-12,ARI incidence,2026-08-23,3,DE,quantile,0.35,581.0901141854607
2026-08-12,ARI incidence,2026-08-23,3,DE,quantile,0.3,573.6800996278432
2026-08-12,ARI incidence,2026-08-23,3,DE,quantile,0.2,556.6625315031837
2026-08-12,ARI incidence,2026-08-23,3,DE,quantile,0.15,546.022783684131
2026-08-12,ARI incidence,2026-08-23,3,DE,quantile,0.25,565.3567128987597
2026-08-12,ARI incidence,2026-08-23,3,DE,quantile,0.1,533.1034807046308
2026-08-12,ARI incidence,2026-08-23,3,DE,quantile,0.01,481.0375628040848
2026-08-12,ARI incidence,2026-08-23,3,DE,quantile,0.025,496.75219277258014
2026-08-12,ARI incidence,2026-08-23,3,DE,quantile,0.05,514.8443495285311
2026-08-12,ARI incidence,2026-08-23,3,DE,median,,603.1421102797531
2026-08-12,ARI incidence,2026-08-30,4,DE,quantile,0.8,741.1397759951551
2026-08-12,ARI incidence,2026-08-30,4,DE,quantile,0.25,619.7221788055926
2026-08-12,ARI incidence,2026-08-30,4,DE,quantile,0.2,607.9160340706451
2026-08-12,ARI incidence,2026-08-30,4,DE,quantile,0.85,757.8209202741147
2026-08-12,ARI incidence,2026-08-30,4,DE,quantile,0.025,529.6303793258018
2026-08-12,ARI incidence,2026-08-30,4,DE,quantile,0.9,780.8492820496724
2026-08-12,ARI incidence,2026-08-30,4,DE,quantile,0.15,593.5192161274281
2026-08-12,ARI incidence,2026-08-30,4,DE,quantile,0.1,575.8820229719614
2026-08-12,ARI incidence,2026-08-30,4,DE,quantile,0.95,813.1489724992782
2026-08-12,ARI incidence,2026-08-30,4,DE,quantile,0.75,727.3430918812834
2026-08-12,ARI incidence,2026-08-30,4,DE,quantile,0.05,551.208912510115
2026-08-12,ARI incidence,2026-08-30,4,DE,quantile,0.7,714.9401861615726
2026-08-12,ARI incidence,2026-08-30,4,DE,quantile,0.01,507.2597529204926
2026-08-12,ARI incidence,2026-08-30,4,DE,quantile,0.45,661.2971655561812
2026-08-12,ARI incidence,2026-08-30,4,DE,quantile,0.35,641.3866432982686
2026-08-12,ARI incidence,2026-08-30,4,DE,quantile,0.3,630.9828569859721
2026-08-12,ARI incidence,2026-08-30,4,DE,quantile,0.65,703.0818647263666
2026-08-12,ARI incidence,2026-08-30,4,DE,quantile,0.975,844.570524919734
2026-08-12,ARI incidence,2026-08-30,4,DE,quantile,0.6,692.6282566022902
2026-08-12,ARI incidence,2026-08-30,4,DE,quantile,0.4,651.5781592400783
2026-08-12,ARI incidence,2026-08-30,4,DE,quantile,0.5,671.1984486242529
2026-08-12,ARI incidence,2026-08-30,4,DE,quantile,0.55,682.0373948740028
2026-08-12,ARI incidence,2026-08-30,4,DE,quantile,0.99,883.4098893643151
2026-08-12,ARI incidence,2026-08-30,4,DE,median,,671.1984486242529
2026-08-12,ARI incidence,2026-08-09,1,EE,quantile,0.85,80.58863431754565
2026-08-12,ARI incidence,2026-08-09,1,EE,quantile,0.75,77.22315721657537
2026-08-12,ARI incidence,2026-08-09,1,EE,quantile,0.2,65.20837508693835
2026-08-12,ARI incidence,2026-08-09,1,EE,quantile,0.7,75.98933966679573
2026-08-12,ARI incidence,2026-08-09,1,EE,quantile,0.6,73.72840307620069
2026-08-12,ARI incidence,2026-08-09,1,EE,quantile,0.35,68.67461592834047
2026-08-12,ARI incidence,2026-08-09,1,EE,quantile,0.15,63.79806683760617
2026-08-12,ARI incidence,2026-08-09,1,EE,quantile,0.45,70.70986326032451
2026-08-12,ARI incidence,2026-08-09,1,EE,quantile,0.3,67.56085412045954
2026-08-12,ARI incidence,2026-08-09,1,EE,quantile,0.01,55.26766417236941
2026-08-12,ARI incidence,2026-08-09,1,EE,quantile,0.5,71.66110316681736
2026-08-12,ARI incidence,2026-08-09,1,EE,quantile,0.1,62.162863469353034
2026-08-12,ARI incidence,2026-08-09,1,EE,quantile,0.8,78.71019246457149
2026-08-12,ARI incidence,2026-08-09,1,EE,quantile,0.05,59.65483612209814
2026-08-12,ARI incidence,2026-08-09,1,EE,quantile,0.25,66.4170732911001
2026-08-12,ARI incidence,2026-08-09,1,EE,quantile,0.9,82.63112048459512
2026-08-12,ARI incidence,2026-08-09,1,EE,quantile,0.65,74.77556753686275
2026-08-12,ARI incidence,2026-08-09,1,EE,quantile,0.55,72.69784645654464
2026-08-12,ARI incidence,2026-08-09,1,EE,quantile,0.95,86.10009682025407
2026-08-12,ARI incidence,2026-08-09,1,EE,quantile,0.975,88.94263633114102
2026-08-12,ARI incidence,2026-08-09,1,EE,quantile,0.99,92.65638711234618
2026-08-12,ARI incidence,2026-08-09,1,EE,quantile,0.4,69.7258941683452
2026-08-12,ARI incidence,2026-08-09,1,EE,quantile,0.025,57.54794835401025
2026-08-12,ARI incidence,2026-08-09,1,EE,median,,71.66110316681736
2026-08-12,ARI incidence,2026-08-16,2,EE,quantile,0.85,55.31172008452578
2026-08-12,ARI incidence,2026-08-16,2,EE,quantile,0.7,53.002278837964234
2026-08-12,ARI incidence,2026-08-16,2,EE,quantile,0.99,62.05674187254782
2026-08-12,ARI incidence,2026-08-16,2,EE,quantile,0.65,52.36982326534798
2026-08-12,ARI incidence,2026-08-16,2,EE,quantile,0.75,53.65240856990741
2026-08-12,ARI incidence,2026-08-16,2,EE,quantile,0.95,58.16932296550515
2026-08-12,ARI incidence,2026-08-16,2,EE,quantile,0.6,51.74501281140908
2026-08-12,ARI incidence,2026-08-16,2,EE,quantile,0.8,54.413441879831275
2026-08-12,ARI incidence,2026-08-16,2,EE,quantile,0.55,51.2039071392245
2026-08-12,ARI incidence,2026-08-16,2,EE,quantile,0.975,59.918856397113
2026-08-12,ARI incidence,2026-08-16,2,EE,quantile,0.9,56.377821440565505
2026-08-12,ARI incidence,2026-08-16,2,EE,quantile,0.5,50.66946780117199
2026-08-12,ARI incidence,2026-08-16,2,EE,quantile,0.2,47.21882242410995
2026-08-12,ARI incidence,2026-08-16,2,EE,quantile,0.45,50.14728190710011
2026-08-12,ARI incidence,2026-08-16,2,EE,quantile,0.35,49.08448038295448
2026-08-12,ARI incidence,2026-08-16,2,EE,quantile,0.4,49.629309560019465
2026-08-12,ARI incidence,2026-08-16,2,EE,quantile,0.3,48.51399992411855
2026-08-12,ARI incidence,2026-08-16,2,EE,quantile,0.25,47.896865801893505
2026-08-12,ARI incidence,2026-08-16,2,EE,quantile,0.15,46.455692183255515
2026-08-12,ARI incidence,2026-08-16,2,EE,quantile,0.01,41.633565629765975
2026-08-12,ARI incidence,2026-08-16,2,EE,quantile,0.025,42.96001879544249
2026-08-12,ARI incidence,2026-08-16,2,EE,quantile,0.1,45.531655485058096
2026-08-12,ARI incidence,2026-08-16,2,EE,quantile,0.05,44.089228244472494
2026-08-12,ARI incidence,2026-08-16,2,EE,median,,50.66946780117199
2026-08-12,ARI incidence,2026-08-23,3,EE,quantile,0.99,56.36367400068189
2026-08-12,ARI incidence,2026-08-23,3,EE,quantile,0.975,55.60665212507947
2026-08-12,ARI incidence,2026-08-23,3,EE,quantile,0.95,54.963530403348656
2026-08-12,ARI incidence,2026-08-23,3,EE,quantile,0.9,54.21649759121827
2026-08-12,ARI incidence,2026-08-23,3,EE,quantile,0.8,53.33125525293911
2026-08-12,ARI incidence,2026-08-23,3,EE,quantile,0.85,53.72860526129203
2026-08-12,ARI incidence,2026-08-23,3,EE,quantile,0.5,51.710165832212155
2026-08-12,ARI incidence,2026-08-23,3,EE,quantile,0.55,51.955792971502845
2026-08-12,ARI incidence,2026-08-23,3,EE,quantile,0.45,51.477813700528515
2026-08-12,ARI incidence,2026-08-23,3,EE,quantile,0.4,51.23414201979722
2026-08-12,ARI incidence,2026-08-23,3,EE,quantile,0.6,52.20857416946315
2026-08-12,ARI incidence,2026-08-23,3,EE,quantile,0.35,50.988973714414186
2026-08-12,ARI incidence,2026-08-23,3,EE,quantile,0.65,52.4470340986483
2026-08-12,ARI incidence,2026-08-23,3,EE,quantile,0.7,52.724770744685756
2026-08-12,ARI incidence,2026-08-23,3,EE,quantile,0.75,52.99630718465271
2026-08-12,ARI incidence,2026-08-23,3,EE,quantile,0.3,50.71265781737805
2026-08-12,ARI incidence,2026-08-23,3,EE,quantile,0.01,47.45052705019679
2026-08-12,ARI incidence,2026-08-23,3,EE,quantile,0.025,48.01530444616506
2026-08-12,ARI incidence,2026-08-23,3,EE,quantile,0.05,48.598842546987264
2026-08-12,ARI incidence,2026-08-23,3,EE,quantile,0.1,49.276677319204545
2026-08-12,ARI incidence,2026-08-23,3,EE,quantile,0.25,50.42959142578206
2026-08-12,ARI incidence,2026-08-23,3,EE,quantile,0.2,50.09759619860026
2026-08-12,ARI incidence,2026-08-23,3,EE,quantile,0.15,49.72356917745736
2026-08-12,ARI incidence,2026-08-23,3,EE,median,,51.710165832212155
2026-08-12,ARI incidence,2026-08-30,4,EE,quantile,0.01,37.83868830121454
2026-08-12,ARI incidence,2026-08-30,4,EE,quantile,0.025,39.904748933315666
2026-08-12,ARI incidence,2026-08-30,4,EE,quantile,0.05,41.789784951308
2026-08-12,ARI incidence,2026-08-30,4,EE,quantile,0.15,45.396133103852456
2026-08-12,ARI incidence,2026-08-30,4,EE,quantile,0.1,43.91446386967063
2026-08-12,ARI incidence,2026-08-30,4,EE,quantile,0.4,50.34978002362388
2026-08-12,ARI incidence,2026-08-30,4,EE,quantile,0.35,49.487540619212524
2026-08-12,ARI incidence,2026-08-30,4,EE,quantile,0.2,46.58625100543521
2026-08-12,ARI incidence,2026-08-30,4,EE,quantile,0.3,48.588692696906996
2026-08-12,ARI incidence,2026-08-30,4,EE,quantile,0.45,51.22767521415304
2026-08-12,ARI incidence,2026-08-30,4,EE,quantile,0.55,52.946339816626285
2026-08-12,ARI incidence,2026-08-30,4,EE,quantile,0.5,52.04166126081519
2026-08-12,ARI incidence,2026-08-30,4,EE,quantile,0.25,47.58164172049873
2026-08-12,ARI incidence,2026-08-30,4,EE,quantile,0.6,53.81833323292989
2026-08-12,ARI incidence,2026-08-30,4,EE,quantile,0.65,54.79819619168828
2026-08-12,ARI incidence,2026-08-30,4,EE,quantile,0.7,55.80392906898538
2026-08-12,ARI incidence,2026-08-30,4,EE,quantile,0.75,56.942882094052415
2026-08-12,ARI incidence,2026-08-30,4,EE,quantile,0.8,58.29814514892695
2026-08-12,ARI incidence,2026-08-30,4,EE,quantile,0.85,59.83052668824535
2026-08-12,ARI incidence,2026-08-30,4,EE,quantile,0.9,61.966217558108454
2026-08-12,ARI incidence,2026-08-30,4,EE,quantile,0.95,65.05809009770284
2026-08-12,ARI incidence,2026-08-30,4,EE,quantile,0.99,71.19106196298415
2026-08-12,ARI incidence,2026-08-30,4,EE,quantile,0.975,67.75113117396516
2026-08-12,ARI incidence,2026-08-30,4,EE,median,,52.04166126081519
2026-08-12,ARI incidence,2026-08-09,1,ES,quantile,0.05,186.42275473385388
2026-08-12,ARI incidence,2026-08-09,1,ES,quantile,0.55,202.2652693240148
2026-08-12,ARI incidence,2026-08-09,1,ES,quantile,0.1,189.72593626509968
2026-08-12,ARI incidence,2026-08-09,1,ES,quantile,0.01,180.83144725045096
2026-08-12,ARI incidence,2026-08-09,1,ES,quantile,0.025,183.9683956484762
2026-08-12,ARI incidence,2026-08-09,1,ES,quantile,0.35,197.57139986132682
2026-08-12,ARI incidence,2026-08-09,1,ES,quantile,0.5,201.1154252588758
2026-08-12,ARI incidence,2026-08-09,1,ES,quantile,0.2,193.63520339922417
2026-08-12,ARI incidence,2026-08-09,1,ES,quantile,0.45,199.98774877537863
2026-08-12,ARI incidence,2026-08-09,1,ES,quantile,0.15,191.93275234924954
2026-08-12,ARI incidence,2026-08-09,1,ES,quantile,0.4,198.79729701627627
2026-08-12,ARI incidence,2026-08-09,1,ES,quantile,0.25,195.06515313686316
2026-08-12,ARI incidence,2026-08-09,1,ES,quantile,0.3,196.3214378113866
2026-08-12,ARI incidence,2026-08-09,1,ES,quantile,0.99,223.3455755080358
2026-08-12,ARI incidence,2026-08-09,1,ES,quantile,0.6,203.48544904038818
2026-08-12,ARI incidence,2026-08-09,1,ES,quantile,0.65,204.83278795475061
2026-08-12,ARI incidence,2026-08-09,1,ES,quantile,0.7,206.2312104996173
2026-08-12,ARI incidence,2026-08-09,1,ES,quantile,0.975,220.22389184752313
2026-08-12,ARI incidence,2026-08-09,1,ES,quantile,0.9,213.5611953521392
2026-08-12,ARI incidence,2026-08-09,1,ES,quantile,0.95,217.0454129799085
2026-08-12,ARI incidence,2026-08-09,1,ES,quantile,0.85,211.10295458269263
2026-08-12,ARI incidence,2026-08-09,1,ES,quantile,0.8,209.31865364322397
2026-08-12,ARI incidence,2026-08-09,1,ES,quantile,0.75,207.6854216032865
2026-08-12,ARI incidence,2026-08-09,1,ES,median,,201.1154252588758
2026-08-12,ARI incidence,2026-08-16,2,ES,quantile,0.7,200.08976287902055
2026-08-12,ARI incidence,2026-08-16,2,ES,quantile,0.65,196.06290179639478
2026-08-12,ARI incidence,2026-08-16,2,ES,quantile,0.6,192.6105428095855
2026-08-12,ARI incidence,2026-08-16,2,ES,quantile,0.55,189.07759473752822
2026-08-12,ARI incidence,2026-08-16,2,ES,quantile,0.5,185.24179109496606
2026-08-12,ARI incidence,2026-08-16,2,ES,quantile,0.35,174.3071565100638
2026-08-12,ARI incidence,2026-08-16,2,ES,quantile,0.25,166.6359247883031
2026-08-12,ARI incidence,2026-08-16,2,ES,quantile,0.4,178.20063733832694
2026-08-12,ARI incidence,2026-08-16,2,ES,quantile,0.75,204.86961921482424
2026-08-12,ARI incidence,2026-08-16,2,ES,quantile,0.1,152.1111245182637
2026-08-12,ARI incidence,2026-08-16,2,ES,quantile,0.3,170.73768670673155
2026-08-12,ARI incidence,2026-08-16,2,ES,quantile,0.45,181.6662883328889
2026-08-12,ARI incidence,2026-08-16,2,ES,quantile,0.8,210.40987055206702
2026-08-12,ARI incidence,2026-08-16,2,ES,quantile,0.2,162.51784496714333
2026-08-12,ARI incidence,2026-08-16,2,ES,quantile,0.99,264.72541758234956
2026-08-12,ARI incidence,2026-08-16,2,ES,quantile,0.15,157.7399318595394
2026-08-12,ARI incidence,2026-08-16,2,ES,quantile,0.05,143.27737124114978
2026-08-12,ARI incidence,2026-08-16,2,ES,quantile,0.975,249.07311957869797
2026-08-12,ARI incidence,2026-08-16,2,ES,quantile,0.01,130.414858302504
2026-08-12,ARI incidence,2026-08-16,2,ES,quantile,0.025,137.33341474615304
2026-08-12,ARI incidence,2026-08-16,2,ES,quantile,0.95,236.9341829080537
2026-08-12,ARI incidence,2026-08-16,2,ES,quantile,0.9,224.9695502567178
2026-08-12,ARI incidence,2026-08-16,2,ES,quantile,0.85,216.6971498057573
2026-08-12,ARI incidence,2026-08-16,2,ES,median,,185.24179109496606
2026-08-12,ARI incidence,2026-08-23,3,ES,quantile,0.01,151.4205261243779
2026-08-12,ARI incidence,2026-08-23,3,ES,quantile,0.05,166.8378430781297
2026-08-12,ARI incidence,2026-08-23,3,ES,quantile,0.025,159.87085996465314
2026-08-12,ARI incidence,2026-08-23,3,ES,quantile,0.15,180.19596367830638
2026-08-12,ARI incidence,2026-08-23,3,ES,quantile,0.1,174.88304031743678
2026-08-12,ARI incidence,2026-08-23,3,ES,quantile,0.3,193.49090521582067
2026-08-12,ARI incidence,2026-08-23,3,ES,quantile,0.99,284.7261205612296
2026-08-12,ARI incidence,2026-08-23,3,ES,quantile,0.975,269.00572879999305
2026-08-12,ARI incidence,2026-08-23,3,ES,quantile,0.25,189.63345157537918
2026-08-12,ARI incidence,2026-08-23,3,ES,quantile,0.95,258.3319634260677
2026-08-12,ARI incidence,2026-08-23,3,ES,quantile,0.2,185.1464887751067
2026-08-12,ARI incidence,2026-08-23,3,ES,quantile,0.35,197.1287853359284
2026-08-12,ARI incidence,2026-08-23,3,ES,quantile,0.4,200.7510837500546
2026-08-12,ARI incidence,2026-08-23,3,ES,quantile,0.45,204.39206316277722
2026-08-12,ARI incidence,2026-08-23,3,ES,quantile,0.9,246.14887423079406
2026-08-12,ARI incidence,2026-08-23,3,ES,quantile,0.5,207.92601544570425
2026-08-12,ARI incidence,2026-08-23,3,ES,quantile,0.75,227.47157920275467
2026-08-12,ARI incidence,2026-08-23,3,ES,quantile,0.85,238.08441262408263
2026-08-12,ARI incidence,2026-08-23,3,ES,quantile,0.8,232.25512025118852
2026-08-12,ARI incidence,2026-08-23,3,ES,quantile,0.7,223.0275695447504
2026-08-12,ARI incidence,2026-08-23,3,ES,quantile,0.6,215.1941397920568
2026-08-12,ARI incidence,2026-08-23,3,ES,quantile,0.65,218.72421746497793
2026-08-12,ARI incidence,2026-08-23,3,ES,quantile,0.55,211.44318890899348
2026-08-12,ARI incidence,2026-08-23,3,ES,median,,207.92601544570425
2026-08-12,ARI incidence,2026-08-30,4,ES,quantile,0.7,179.91786416348572
2026-08-12,ARI incidence,2026-08-30,4,ES,quantile,0.35,163.0765632993991
2026-08-12,ARI incidence,2026-08-30,4,ES,quantile,0.5,169.77995910253412
2026-08-12,ARI incidence,2026-08-30,4,ES,quantile,0.4,165.20005182666915
2026-08-12,ARI incidence,2026-08-30,4,ES,quantile,0.45,167.44724238519984
2026-08-12,ARI incidence,2026-08-30,4,ES,quantile,0.65,176.76486174667866
2026-08-12,ARI incidence,2026-08-30,4,ES,quantile,0.3,160.54776708522024
2026-08-12,ARI incidence,2026-08-30,4,ES,quantile,0.99,219.57882383898536
2026-08-12,ARI incidence,2026-08-30,4,ES,quantile,0.2,154.98875961015995
2026-08-12,ARI incidence,2026-08-30,4,ES,quantile,0.25,157.74702480376808
2026-08-12,ARI incidence,2026-08-30,4,ES,quantile,0.55,171.86456048539918
2026-08-12,ARI incidence,2026-08-30,4,ES,quantile,0.6,174.19177847502817
2026-08-12,ARI incidence,2026-08-30,4,ES,quantile,0.15,151.86645516642199
2026-08-12,ARI incidence,2026-08-30,4,ES,quantile,0.1,147.73487712937484
2026-08-12,ARI incidence,2026-08-30,4,ES,quantile,0.01,132.3837097171297
2026-08-12,ARI incidence,2026-08-30,4,ES,quantile,0.05,141.9297681819838
2026-08-12,ARI incidence,2026-08-30,4,ES,quantile,0.75,182.921328642387
2026-08-12,ARI incidence,2026-08-30,4,ES,quantile,0.9,195.0203731476804
2026-08-12,ARI incidence,2026-08-30,4,ES,quantile,0.95,202.8547065673234
2026-08-12,ARI incidence,2026-08-30,4,ES,quantile,0.975,210.0780278795121
2026-08-12,ARI incidence,2026-08-30,4,ES,quantile,0.8,186.19284633952952
2026-08-12,ARI incidence,2026-08-30,4,ES,quantile,0.85,190.22799647048427
2026-08-12,ARI incidence,2026-08-30,4,ES,quantile,0.025,136.98229841431572
2026-08-12,ARI incidence,2026-08-30,4,ES,median,,169.77995910253412
2026-08-12,ARI incidence,2026-08-09,1,GB-ENG,quantile,0.9,168.55698234923344
2026-08-12,ARI incidence,2026-08-09,1,GB-ENG,quantile,0.85,165.6007709738312
2026-08-12,ARI incidence,2026-08-09,1,GB-ENG,quantile,0.75,161.32754299661934
2026-08-12,ARI incidence,2026-08-09,1,GB-ENG,quantile,0.8,163.24591368454335
2026-08-12,ARI incidence,2026-08-09,1,GB-ENG,quantile,0.99,181.57968978848754
2026-08-12,ARI incidence,2026-08-09,1,GB-ENG,quantile,0.975,177.331326852172
2026-08-12,ARI incidence,2026-08-09,1,GB-ENG,quantile,0.7,159.6568967127983
2026-08-12,ARI incidence,2026-08-09,1,GB-ENG,quantile,0.65,158.08968938273472
2026-08-12,ARI incidence,2026-08-09,1,GB-ENG,quantile,0.95,173.05558916878792
2026-08-12,ARI incidence,2026-08-09,1,GB-ENG,quantile,0.4,150.74278604659858
2026-08-12,ARI incidence,2026-08-09,1,GB-ENG,quantile,0.55,155.06763073482205
2026-08-12,ARI incidence,2026-08-09,1,GB-ENG,quantile,0.6,156.5478611002276
2026-08-12,ARI incidence,2026-08-09,1,GB-ENG,quantile,0.45,152.18799001914527
2026-08-12,ARI incidence,2026-08-09,1,GB-ENG,quantile,0.5,153.56937221781425
2026-08-12,ARI incidence,2026-08-09,1,GB-ENG,quantile,0.15,142.3962480879691
2026-08-12,ARI incidence,2026-08-09,1,GB-ENG,quantile,0.3,147.78196338978347
2026-08-12,ARI incidence,2026-08-09,1,GB-ENG,quantile,0.1,139.93693068617816
2026-08-12,ARI incidence,2026-08-09,1,GB-ENG,quantile,0.25,146.17883989207914
2026-08-12,ARI incidence,2026-08-09,1,GB-ENG,quantile,0.2,144.34229103562984
2026-08-12,ARI incidence,2026-08-09,1,GB-ENG,quantile,0.35,149.2459919670829
2026-08-12,ARI incidence,2026-08-09,1,GB-ENG,quantile,0.01,130.42213438793968
2026-08-12,ARI incidence,2026-08-09,1,GB-ENG,quantile,0.025,133.61014324320405
2026-08-12,ARI incidence,2026-08-09,1,GB-ENG,quantile,0.05,136.38055766116
2026-08-12,ARI incidence,2026-08-09,1,GB-ENG,median,,153.56937221781425
2026-08-12,ARI incidence,2026-08-16,2,GB-ENG,quantile,0.4,152.90821144751598
2026-08-12,ARI incidence,2026-08-16,2,GB-ENG,quantile,0.3,149.62325977705478
2026-08-12,ARI incidence,2026-08-16,2,GB-ENG,quantile,0.35,151.36179733931635
2026-08-12,ARI incidence,2026-08-16,2,GB-ENG,quantile,0.25,147.7840390320864
2026-08-12,ARI incidence,2026-08-16,2,GB-ENG,quantile,0.45,154.47751004697255
2026-08-12,ARI incidence,2026-08-16,2,GB-ENG,quantile,0.5,156.03951546537047
2026-08-12,ARI incidence,2026-08-16,2,GB-ENG,quantile,0.1,140.96719159523062
2026-08-12,ARI incidence,2026-08-16,2,GB-ENG,quantile,0.55,157.57026803315728
2026-08-12,ARI incidence,2026-08-16,2,GB-ENG,quantile,0.05,136.89065896978738
2026-08-12,ARI incidence,2026-08-16,2,GB-ENG,quantile,0.2,145.8349330299136
2026-08-12,ARI incidence,2026-08-16,2,GB-ENG,quantile,0.15,143.63574316386817
2026-08-12,ARI incidence,2026-08-16,2,GB-ENG,quantile,0.025,133.0904335309197
2026-08-12,ARI incidence,2026-08-16,2,GB-ENG,quantile,0.01,128.68379815527746
2026-08-12,ARI incidence,2026-08-16,2,GB-ENG,quantile,0.6,159.14355345138011
2026-08-12,ARI incidence,2026-08-16,2,GB-ENG,quantile,0.75,164.70293270193076
2026-08-12,ARI incidence,2026-08-16,2,GB-ENG,quantile,0.65,160.83181384372313
2026-08-12,ARI incidence,2026-08-16,2,GB-ENG,quantile,0.7,162.6357143589824
2026-08-12,ARI incidence,2026-08-16,2,GB-ENG,quantile,0.8,167.00558860774655
2026-08-12,ARI incidence,2026-08-16,2,GB-ENG,quantile,0.99,187.9716078650863
2026-08-12,ARI incidence,2026-08-16,2,GB-ENG,quantile,0.85,169.54289875434685
2026-08-12,ARI incidence,2026-08-16,2,GB-ENG,quantile,0.9,173.01425524777528
2026-08-12,ARI incidence,2026-08-16,2,GB-ENG,quantile,0.95,178.21247904680746
2026-08-12,ARI incidence,2026-08-16,2,GB-ENG,quantile,0.975,182.7261747387655
2026-08-12,ARI incidence,2026-08-16,2,GB-ENG,median,,156.03951546537047
2026-08-12,ARI incidence,2026-08-23,3,GB-ENG,quantile,0.9,168.19387283688465
2026-08-12,ARI incidence,2026-08-23,3,GB-ENG,quantile,0.85,166.46947967751422
2026-08-12,ARI incidence,2026-08-23,3,GB-ENG,quantile,0.95,170.91365444536805
2026-08-12,ARI incidence,2026-08-23,3,GB-ENG,quantile,0.975,173.28550172622477
2026-08-12,ARI incidence,2026-08-23,3,GB-ENG,quantile,0.01,144.2664102012989
2026-08-12,ARI incidence,2026-08-23,3,GB-ENG,quantile,0.15,152.22671903206964
2026-08-12,ARI incidence,2026-08-23,3,GB-ENG,quantile,0.2,153.5432440953689
2026-08-12,ARI incidence,2026-08-23,3,GB-ENG,quantile,0.75,163.83857011859232
2026-08-12,ARI incidence,2026-08-23,3,GB-ENG,quantile,0.99,175.96526851855194
2026-08-12,ARI incidence,2026-08-23,3,GB-ENG,quantile,0.7,162.74167253558448
2026-08-12,ARI incidence,2026-08-23,3,GB-ENG,quantile,0.8,164.98654670552406
2026-08-12,ARI incidence,2026-08-23,3,GB-ENG,quantile,0.1,150.58151982500428
2026-08-12,ARI incidence,2026-08-23,3,GB-ENG,quantile,0.65,161.8144692250533
2026-08-12,ARI incidence,2026-08-23,3,GB-ENG,quantile,0.05,148.35901963580864
2026-08-12,ARI incidence,2026-08-23,3,GB-ENG,quantile,0.25,154.62459004905642
2026-08-12,ARI incidence,2026-08-23,3,GB-ENG,quantile,0.6,160.8491000297779
2026-08-12,ARI incidence,2026-08-23,3,GB-ENG,quantile,0.3,155.64061101341667
2026-08-12,ARI incidence,2026-08-23,3,GB-ENG,quantile,0.025,146.43573614449406
2026-08-12,ARI incidence,2026-08-23,3,GB-ENG,quantile,0.55,160.003161250699
2026-08-12,ARI incidence,2026-08-23,3,GB-ENG,quantile,0.45,158.35109861683722
2026-08-12,ARI incidence,2026-08-23,3,GB-ENG,quantile,0.5,159.16262876240393
2026-08-12,ARI incidence,2026-08-23,3,GB-ENG,quantile,0.4,157.4797406929199
2026-08-12,ARI incidence,2026-08-23,3,GB-ENG,quantile,0.35,156.57086196629302
2026-08-12,ARI incidence,2026-08-23,3,GB-ENG,median,,159.16262876240393
2026-08-12,ARI incidence,2026-08-30,4,GB-ENG,quantile,0.4,156.73999564460976
2026-08-12,ARI incidence,2026-08-30,4,GB-ENG,quantile,0.35,155.16439209609638
2026-08-12,ARI incidence,2026-08-30,4,GB-ENG,quantile,0.45,158.61227380127428
2026-08-12,ARI incidence,2026-08-30,4,GB-ENG,quantile,0.05,139.78259097490098
2026-08-12,ARI incidence,2026-08-30,4,GB-ENG,quantile,0.5,160.29271526789904
2026-08-12,ARI incidence,2026-08-30,4,GB-ENG,quantile,0.01,132.28465873980073
2026-08-12,ARI incidence,2026-08-30,4,GB-ENG,quantile,0.2,149.5860268278339
2026-08-12,ARI incidence,2026-08-30,4,GB-ENG,quantile,0.55,161.89719073656187
2026-08-12,ARI incidence,2026-08-30,4,GB-ENG,quantile,0.1,144.1528672420725
2026-08-12,ARI incidence,2026-08-30,4,GB-ENG,quantile,0.9,178.36826994211722
2026-08-12,ARI incidence,2026-08-30,4,GB-ENG,quantile,0.15,147.05487368090402
2026-08-12,ARI incidence,2026-08-30,4,GB-ENG,quantile,0.025,136.08264278246648
2026-08-12,ARI incidence,2026-08-30,4,GB-ENG,quantile,0.99,195.2250392587705
2026-08-12,ARI incidence,2026-08-30,4,GB-ENG,quantile,0.85,174.75183138627602
2026-08-12,ARI incidence,2026-08-30,4,GB-ENG,quantile,0.3,153.45063897793221
2026-08-12,ARI incidence,2026-08-30,4,GB-ENG,quantile,0.65,165.35235425290867
2026-08-12,ARI incidence,2026-08-30,4,GB-ENG,quantile,0.25,151.6252639149022
2026-08-12,ARI incidence,2026-08-30,4,GB-ENG,quantile,0.95,183.6103458047919
2026-08-12,ARI incidence,2026-08-30,4,GB-ENG,quantile,0.6,163.639634302518
2026-08-12,ARI incidence,2026-08-30,4,GB-ENG,quantile,0.75,169.6406124741033
2026-08-12,ARI incidence,2026-08-30,4,GB-ENG,quantile,0.8,172.1056146008546
2026-08-12,ARI incidence,2026-08-30,4,GB-ENG,quantile,0.975,188.7420653048906
2026-08-12,ARI incidence,2026-08-30,4,GB-ENG,quantile,0.7,167.4106576688286
2026-08-12,ARI incidence,2026-08-30,4,GB-ENG,median,,160.29271526789904
2026-08-12,ARI incidence,2026-08-09,1,GB-NIR,quantile,0.85,108.75114647346794
2026-08-12,ARI incidence,2026-08-09,1,GB-NIR,quantile,0.9,112.4137130153642
2026-08-12,ARI incidence,2026-08-09,1,GB-NIR,quantile,0.95,118.18370432395864
2026-08-12,ARI incidence,2026-08-09,1,GB-NIR,quantile,0.99,128.74248900455368
2026-08-12,ARI incidence,2026-08-09,1,GB-NIR,quantile,0.65,99.9208236708205
2026-08-12,ARI incidence,2026-08-09,1,GB-NIR,quantile,0.01,70.55301322864625
2026-08-12,ARI incidence,2026-08-09,1,GB-NIR,quantile,0.975,122.77239430527878
2026-08-12,ARI incidence,2026-08-09,1,GB-NIR,quantile,0.1,80.78531670495457
2026-08-12,ARI incidence,2026-08-09,1,GB-NIR,quantile,0.025,73.71859315341686
2026-08-12,ARI incidence,2026-08-09,1,GB-NIR,quantile,0.75,103.7499583282108
2026-08-12,ARI incidence,2026-08-09,1,GB-NIR,quantile,0.3,89.1498524554975
2026-08-12,ARI incidence,2026-08-09,1,GB-NIR,quantile,0.8,106.05240546325385
2026-08-12,ARI incidence,2026-08-09,1,GB-NIR,quantile,0.5,95.21276362461718
2026-08-12,ARI incidence,2026-08-09,1,GB-NIR,quantile,0.55,96.67737282126454
2026-08-12,ARI incidence,2026-08-09,1,GB-NIR,quantile,0.35,90.66064000163533
2026-08-12,ARI incidence,2026-08-09,1,GB-NIR,quantile,0.7,101.80595714706112
2026-08-12,ARI incidence,2026-08-09,1,GB-NIR,quantile,0.6,98.19545838203706
2026-08-12,ARI incidence,2026-08-09,1,GB-NIR,quantile,0.05,77.06466107550389
2026-08-12,ARI incidence,2026-08-09,1,GB-NIR,quantile,0.2,85.53138623222816
2026-08-12,ARI incidence,2026-08-09,1,GB-NIR,quantile,0.45,93.66027601195128
2026-08-12,ARI incidence,2026-08-09,1,GB-NIR,quantile,0.25,87.43382231968548
2026-08-12,ARI incidence,2026-08-09,1,GB-NIR,quantile,0.15,83.3624110001759
2026-08-12,ARI incidence,2026-08-09,1,GB-NIR,quantile,0.4,92.14004722605678
2026-08-12,ARI incidence,2026-08-09,1,GB-NIR,median,,95.21276362461718
2026-08-12,ARI incidence,2026-08-16,2,GB-NIR,quantile,0.35,84.97721569871034
2026-08-12,ARI incidence,2026-08-16,2,GB-NIR,quantile,0.5,91.05807711438364
2026-08-12,ARI incidence,2026-08-16,2,GB-NIR,quantile,0.65,97.5433037804847
2026-08-12,ARI incidence,2026-08-16,2,GB-NIR,quantile,0.4,87.04969070445712
2026-08-12,ARI incidence,2026-08-16,2,GB-NIR,quantile,0.6,95.29209560945002
2026-08-12,ARI incidence,2026-08-16,2,GB-NIR,quantile,0.7,99.87461782250986
2026-08-12,ARI incidence,2026-08-16,2,GB-NIR,quantile,0.55,93.23025307962429
2026-08-12,ARI incidence,2026-08-16,2,GB-NIR,quantile,0.45,89.02774359079095
2026-08-12,ARI incidence,2026-08-16,2,GB-NIR,quantile,0.99,137.27648575040837
2026-08-12,ARI incidence,2026-08-16,2,GB-NIR,quantile,0.2,78.34792767402591
2026-08-12,ARI incidence,2026-08-16,2,GB-NIR,quantile,0.15,75.91259718378664
2026-08-12,ARI incidence,2026-08-16,2,GB-NIR,quantile,0.25,80.82314539487894
2026-08-12,ARI incidence,2026-08-16,2,GB-NIR,quantile,0.3,83.027974366015
2026-08-12,ARI incidence,2026-08-16,2,GB-NIR,quantile,0.01,60.92660878702048
2026-08-12,ARI incidence,2026-08-16,2,GB-NIR,quantile,0.975,128.14197763622016
2026-08-12,ARI incidence,2026-08-16,2,GB-NIR,quantile,0.1,72.86783097951309
2026-08-12,ARI incidence,2026-08-16,2,GB-NIR,quantile,0.05,68.44924608062556
2026-08-12,ARI incidence,2026-08-16,2,GB-NIR,quantile,0.95,121.71873491744076
2026-08-12,ARI incidence,2026-08-16,2,GB-NIR,quantile,0.025,64.42729704871117
2026-08-12,ARI incidence,2026-08-16,2,GB-NIR,quantile,0.9,113.99692764641205
2026-08-12,ARI incidence,2026-08-16,2,GB-NIR,quantile,0.85,109.13889508954762
2026-08-12,ARI incidence,2026-08-16,2,GB-NIR,quantile,0.75,102.37093272115986
2026-08-12,ARI incidence,2026-08-16,2,GB-NIR,quantile,0.8,105.34004847798315
2026-08-12,ARI incidence,2026-08-16,2,GB-NIR,median,,91.05807711438364
2026-08-12,ARI incidence,2026-08-23,3,GB-NIR,quantile,0.55,88.90087289201438
2026-08-12,ARI incidence,2026-08-23,3,GB-NIR,quantile,0.6,92.08723573255068
2026-08-12,ARI incidence,2026-08-23,3,GB-NIR,quantile,0.25,70.87977511677754
2026-08-12,ARI incidence,2026-08-23,3,GB-NIR,quantile,0.2,67.58980122155718
2026-08-12,ARI incidence,2026-08-23,3,GB-NIR,quantile,0.65,95.64018856577599
2026-08-12,ARI incidence,2026-08-23,3,GB-NIR,quantile,0.05,53.88264272021501
2026-08-12,ARI incidence,2026-08-23,3,GB-NIR,quantile,0.1,59.55542745301433
2026-08-12,ARI incidence,2026-08-23,3,GB-NIR,quantile,0.8,109.00001180805816
2026-08-12,ARI incidence,2026-08-23,3,GB-NIR,quantile,0.5,85.73203771248993
2026-08-12,ARI incidence,2026-08-23,3,GB-NIR,quantile,0.15,64.04292494847198
2026-08-12,ARI incidence,2026-08-23,3,GB-NIR,quantile,0.3,73.8981210877112
2026-08-12,ARI incidence,2026-08-23,3,GB-NIR,quantile,0.35,76.78246669945437
2026-08-12,ARI incidence,2026-08-23,3,GB-NIR,quantile,0.75,103.99776685525566
2026-08-12,ARI incidence,2026-08-23,3,GB-NIR,quantile,0.025,49.27721279806468
2026-08-12,ARI incidence,2026-08-23,3,GB-NIR,quantile,0.45,82.86350860830916
2026-08-12,ARI incidence,2026-08-23,3,GB-NIR,quantile,0.4,79.75758466259188
2026-08-12,ARI incidence,2026-08-23,3,GB-NIR,quantile,0.01,44.50905248192891
2026-08-12,ARI incidence,2026-08-23,3,GB-NIR,quantile,0.95,138.71435983339444
2026-08-12,ARI incidence,2026-08-23,3,GB-NIR,quantile,0.85,115.73416588566172
2026-08-12,ARI incidence,2026-08-23,3,GB-NIR,quantile,0.9,124.12463239902286
2026-08-12,ARI incidence,2026-08-23,3,GB-NIR,quantile,0.7,99.57428439760432
2026-08-12,ARI incidence,2026-08-23,3,GB-NIR,quantile,0.99,167.87362457877094
2026-08-12,ARI incidence,2026-08-23,3,GB-NIR,quantile,0.975,150.81420548148387
2026-08-12,ARI incidence,2026-08-23,3,GB-NIR,median,,85.73203771248993
2026-08-12,ARI incidence,2026-08-30,4,GB-NIR,quantile,0.05,46.699556919285214
2026-08-12,ARI incidence,2026-08-30,4,GB-NIR,quantile,0.025,41.963766262296275
2026-08-12,ARI incidence,2026-08-30,4,GB-NIR,quantile,0.1,52.94340315117634
2026-08-12,ARI incidence,2026-08-30,4,GB-NIR,quantile,0.01,37.223029388981935
2026-08-12,ARI incidence,2026-08-30,4,GB-NIR,quantile,0.9,130.94002526307787
2026-08-12,ARI incidence,2026-08-30,4,GB-NIR,quantile,0.95,151.6864918932294
2026-08-12,ARI incidence,2026-08-30,4,GB-NIR,quantile,0.85,120.76429980017198
2026-08-12,ARI incidence,2026-08-30,4,GB-NIR,quantile,0.15,57.624217203514824
2026-08-12,ARI incidence,2026-08-30,4,GB-NIR,quantile,0.99,201.1097149124073
2026-08-12,ARI incidence,2026-08-30,4,GB-NIR,quantile,0.975,172.2308472047623
2026-08-12,ARI incidence,2026-08-30,4,GB-NIR,quantile,0.45,79.54829245281044
2026-08-12,ARI incidence,2026-08-30,4,GB-NIR,quantile,0.65,96.04091149099798
2026-08-12,ARI incidence,2026-08-30,4,GB-NIR,quantile,0.2,61.84412955192487
2026-08-12,ARI incidence,2026-08-30,4,GB-NIR,quantile,0.25,65.61729909639172
2026-08-12,ARI incidence,2026-08-30,4,GB-NIR,quantile,0.8,112.89976275267887
2026-08-12,ARI incidence,2026-08-30,4,GB-NIR,quantile,0.35,72.83841305099247
2026-08-12,ARI incidence,2026-08-30,4,GB-NIR,quantile,0.5,83.41860426036618
2026-08-12,ARI incidence,2026-08-30,4,GB-NIR,quantile,0.55,87.40835080570105
2026-08-12,ARI incidence,2026-08-30,4,GB-NIR,quantile,0.3,69.4807822737056
2026-08-12,ARI incidence,2026-08-30,4,GB-NIR,quantile,0.4,76.16783572185842
2026-08-12,ARI incidence,2026-08-30,4,GB-NIR,quantile,0.75,106.4750049080632
2026-08-12,ARI incidence,2026-08-30,4,GB-NIR,quantile,0.6,91.58880448698001
2026-08-12,ARI incidence,2026-08-30,4,GB-NIR,quantile,0.7,100.9527331098161
2026-08-12,ARI incidence,2026-08-30,4,GB-NIR,median,,83.41860426036618
2026-08-12,ARI incidence,2026-08-09,1,HU,quantile,0.99,445.25477739072136
2026-08-12,ARI incidence,2026-08-09,1,HU,quantile,0.95,432.18791522434947
2026-08-12,ARI incidence,2026-08-09,1,HU,quantile,0.975,438.6954567224574
2026-08-12,ARI incidence,2026-08-09,1,HU,quantile,0.9,424.3259021795123
2026-08-12,ARI incidence,2026-08-09,1,HU,quantile,0.85,419.36707518115094
2026-08-12,ARI incidence,2026-08-09,1,HU,quantile,0.8,415.6405671125561
2026-08-12,ARI incidence,2026-08-09,1,HU,quantile,0.75,412.47626532421634
2026-08-12,ARI incidence,2026-08-09,1,HU,quantile,0.65,406.9297604055369
2026-08-12,ARI incidence,2026-08-09,1,HU,quantile,0.7,409.6256048415544
2026-08-12,ARI incidence,2026-08-09,1,HU,quantile,0.6,404.39169603970606
2026-08-12,ARI incidence,2026-08-09,1,HU,quantile,0.25,386.9918892651736
2026-08-12,ARI incidence,2026-08-09,1,HU,quantile,0.55,402.057026772822
2026-08-12,ARI incidence,2026-08-09,1,HU,quantile,0.35,391.9385254815047
2026-08-12,ARI incidence,2026-08-09,1,HU,quantile,0.01,357.94322537124
2026-08-12,ARI incidence,2026-08-09,1,HU,quantile,0.45,397.1704747493376
2026-08-12,ARI incidence,2026-08-09,1,HU,quantile,0.4,394.5811361193699
2026-08-12,ARI incidence,2026-08-09,1,HU,quantile,0.15,380.551097588103
2026-08-12,ARI incidence,2026-08-09,1,HU,quantile,0.2,383.9438320404973
2026-08-12,ARI incidence,2026-08-09,1,HU,quantile,0.3,389.4580067555707
2026-08-12,ARI incidence,2026-08-09,1,HU,quantile,0.5,399.6380463070912
2026-08-12,ARI incidence,2026-08-09,1,HU,quantile,0.025,363.98238265859015
2026-08-12,ARI incidence,2026-08-09,1,HU,quantile,0.1,375.9184744839913
2026-08-12,ARI incidence,2026-08-09,1,HU,quantile,0.05,369.16765737650405
2026-08-12,ARI incidence,2026-08-09,1,HU,median,,399.6380463070912
2026-08-12,ARI incidence,2026-08-16,2,HU,quantile,0.45,418.54760546240755
2026-08-12,ARI incidence,2026-08-16,2,HU,quantile,0.65,432.2123922262422
2026-08-12,ARI incidence,2026-08-16,2,HU,quantile,0.4,415.20277272458964
2026-08-12,ARI incidence,2026-08-16,2,HU,quantile,0.25,403.85567117718404
2026-08-12,ARI incidence,2026-08-16,2,HU,quantile,0.35,411.430056374172
2026-08-12,ARI incidence,2026-08-16,2,HU,quantile,0.3,407.54977857417146
2026-08-12,ARI incidence,2026-08-16,2,HU,quantile,0.5,421.72465373805903
2026-08-12,ARI incidence,2026-08-16,2,HU,quantile,0.55,425.2903640093324
2026-08-12,ARI incidence,2026-08-16,2,HU,quantile,0.7,436.11677484855613
2026-08-12,ARI incidence,2026-08-16,2,HU,quantile,0.75,440.3271139745276
2026-08-12,ARI incidence,2026-08-16,2,HU,quantile,0.2,399.53801501638424
2026-08-12,ARI incidence,2026-08-16,2,HU,quantile,0.1,388.1790133586318
2026-08-12,ARI incidence,2026-08-16,2,HU,quantile,0.15,394.7661100309367
2026-08-12,ARI incidence,2026-08-16,2,HU,quantile,0.05,379.0271371578882
2026-08-12,ARI incidence,2026-08-16,2,HU,quantile,0.025,371.9638505611921
2026-08-12,ARI incidence,2026-08-16,2,HU,quantile,0.6,428.7110130084823
2026-08-12,ARI incidence,2026-08-16,2,HU,quantile,0.01,364.1945359984066
2026-08-12,ARI incidence,2026-08-16,2,HU,quantile,0.8,445.31696663238756
2026-08-12,ARI incidence,2026-08-16,2,HU,quantile,0.85,450.4773132409334
2026-08-12,ARI incidence,2026-08-16,2,HU,quantile,0.9,457.55324000612404
2026-08-12,ARI incidence,2026-08-16,2,HU,quantile,0.95,467.60463391668736
2026-08-12,ARI incidence,2026-08-16,2,HU,quantile,0.975,477.16999284389425
2026-08-12,ARI incidence,2026-08-16,2,HU,quantile,0.99,489.76978207932575
2026-08-12,ARI incidence,2026-08-16,2,HU,median,,421.72465373805903
2026-08-12,ARI incidence,2026-08-23,3,HU,quantile,0.975,471.54196334530496
2026-08-12,ARI incidence,2026-08-23,3,HU,quantile,0.99,486.95979006005535
2026-08-12,ARI incidence,2026-08-23,3,HU,quantile,0.9,447.50036902243477
2026-08-12,ARI incidence,2026-08-23,3,HU,quantile,0.95,459.3974951965162
2026-08-12,ARI incidence,2026-08-23,3,HU,quantile,0.85,439.1198389129145
2026-08-12,ARI incidence,2026-08-23,3,HU,quantile,0.8,432.3957493619106
2026-08-12,ARI incidence,2026-08-23,3,HU,quantile,0.75,426.51977732969186
2026-08-12,ARI incidence,2026-08-23,3,HU,quantile,0.7,421.7893147856911
2026-08-12,ARI incidence,2026-08-23,3,HU,quantile,0.35,393.21682165091903
2026-08-12,ARI incidence,2026-08-23,3,HU,quantile,0.4,396.9751644083203
2026-08-12,ARI incidence,2026-08-23,3,HU,quantile,0.45,400.92115103395577
2026-08-12,ARI incidence,2026-08-23,3,HU,quantile,0.25,384.60091768469397
2026-08-12,ARI incidence,2026-08-23,3,HU,quantile,0.5,405.11588406133467
2026-08-12,ARI incidence,2026-08-23,3,HU,quantile,0.3,389.07351053686034
2026-08-12,ARI incidence,2026-08-23,3,HU,quantile,0.55,409.02543518259654
2026-08-12,ARI incidence,2026-08-23,3,HU,quantile,0.65,417.1670651066239
2026-08-12,ARI incidence,2026-08-23,3,HU,quantile,0.6,413.04765950607094
2026-08-12,ARI incidence,2026-08-23,3,HU,quantile,0.1,366.8048589424538
2026-08-12,ARI incidence,2026-08-23,3,HU,quantile,0.15,373.608413787057
2026-08-12,ARI incidence,2026-08-23,3,HU,quantile,0.05,355.9992881068383
2026-08-12,ARI incidence,2026-08-23,3,HU,quantile,0.2,379.5235881196097
2026-08-12,ARI incidence,2026-08-23,3,HU,quantile,0.01,338.34472066699163
2026-08-12,ARI incidence,2026-08-23,3,HU,quantile,0.025,347.4186961707167
2026-08-12,ARI incidence,2026-08-23,3,HU,median,,405.11588406133467
2026-08-12,ARI incidence,2026-08-30,4,HU,quantile,0.99,514.6404153380116
2026-08-12,ARI incidence,2026-08-30,4,HU,quantile,0.85,441.4131766212526
2026-08-12,ARI incidence,2026-08-30,4,HU,quantile,0.9,455.36087250245816
2026-08-12,ARI incidence,2026-08-30,4,HU,quantile,0.95,475.542372613832
2026-08-12,ARI incidence,2026-08-30,4,HU,quantile,0.975,494.8188774868628
2026-08-12,ARI incidence,2026-08-30,4,HU,quantile,0.75,422.5891800879612
2026-08-12,ARI incidence,2026-08-30,4,HU,quantile,0.2,350.50846242818744
2026-08-12,ARI incidence,2026-08-30,4,HU,quantile,0.7,414.6710773630805
2026-08-12,ARI incidence,2026-08-30,4,HU,quantile,0.8,430.99884554077494
2026-08-12,ARI incidence,2026-08-30,4,HU,quantile,0.25,357.33478934777145
2026-08-12,ARI incidence,2026-08-30,4,HU,quantile,0.6,401.0398906024916
2026-08-12,ARI incidence,2026-08-30,4,HU,quantile,0.65,407.75603089465045
2026-08-12,ARI incidence,2026-08-30,4,HU,quantile,0.5,388.70732708550037
2026-08-12,ARI incidence,2026-08-30,4,HU,quantile,0.55,394.6926155663271
2026-08-12,ARI incidence,2026-08-30,4,HU,quantile,0.05,318.0001794465559
2026-08-12,ARI incidence,2026-08-30,4,HU,quantile,0.15,342.1625269121988
2026-08-12,ARI incidence,2026-08-30,4,HU,quantile,0.35,370.15137027743026
2026-08-12,ARI incidence,2026-08-30,4,HU,quantile,0.3,363.82543140946746
2026-08-12,ARI incidence,2026-08-30,4,HU,quantile,0.01,292.98266304755276
2026-08-12,ARI incidence,2026-08-30,4,HU,quantile,0.4,376.37616223357935
2026-08-12,ARI incidence,2026-08-30,4,HU,quantile,0.025,305.58016763133594
2026-08-12,ARI incidence,2026-08-30,4,HU,quantile,0.45,382.4502330524279
2026-08-12,ARI incidence,2026-08-30,4,HU,quantile,0.1,332.1953560030366
2026-08-12,ARI incidence,2026-08-30,4,HU,median,,388.70732708550037
2026-08-12,ARI incidence,2026-08-09,1,IE,quantile,0.75,17.356636513905404
2026-08-12,ARI incidence,2026-08-09,1,IE,quantile,0.7,16.956583647177112
2026-08-12,ARI incidence,2026-08-09,1,IE,quantile,0.8,17.843216033948256
2026-08-12,ARI incidence,2026-08-09,1,IE,quantile,0.85,18.400238425141474
2026-08-12,ARI incidence,2026-08-09,1,IE,quantile,0.9,19.122743186410165
2026-08-12,ARI incidence,2026-08-09,1,IE,quantile,0.6,16.18647455129045
2026-08-12,ARI incidence,2026-08-09,1,IE,quantile,0.65,16.559225525302967
2026-08-12,ARI incidence,2026-08-09,1,IE,quantile,0.55,15.862130601388028
2026-08-12,ARI incidence,2026-08-09,1,IE,quantile,0.95,20.265420601909724
2026-08-12,ARI incidence,2026-08-09,1,IE,quantile,0.5,15.535106589176735
2026-08-12,ARI incidence,2026-08-09,1,IE,quantile,0.975,21.171735724355813
2026-08-12,ARI incidence,2026-08-09,1,IE,quantile,0.99,22.512013201119885
2026-08-12,ARI incidence,2026-08-09,1,IE,quantile,0.025,11.424762333517634
2026-08-12,ARI incidence,2026-08-09,1,IE,quantile,0.1,12.725496068558575
2026-08-12,ARI incidence,2026-08-09,1,IE,quantile,0.05,12.034973694982108
2026-08-12,ARI incidence,2026-08-09,1,IE,quantile,0.45,15.226635328152348
2026-08-12,ARI incidence,2026-08-09,1,IE,quantile,0.15,13.22471789853731
2026-08-12,ARI incidence,2026-08-09,1,IE,quantile,0.3,14.323659824568473
2026-08-12,ARI incidence,2026-08-09,1,IE,quantile,0.25,13.978294773707427
2026-08-12,ARI incidence,2026-08-09,1,IE,quantile,0.35,14.635385726843431
2026-08-12,ARI incidence,2026-08-09,1,IE,quantile,0.4,14.922078036751447
2026-08-12,ARI incidence,2026-08-09,1,IE,quantile,0.2,13.61611406732958
2026-08-12,ARI incidence,2026-08-09,1,IE,quantile,0.01,10.761276609375372
2026-08-12,ARI incidence,2026-08-09,1,IE,median,,15.535106589176735
2026-08-12,ARI incidence,2026-08-16,2,IE,quantile,0.25,15.500770265979702
2026-08-12,ARI incidence,2026-08-16,2,IE,quantile,0.1,14.852920458373378
2026-08-12,ARI incidence,2026-08-16,2,IE,quantile,0.01,13.854080642871653
2026-08-12,ARI incidence,2026-08-16,2,IE,quantile,0.95,18.292238338209827
2026-08-12,ARI incidence,2026-08-16,2,IE,quantile,0.05,14.489218561774113
2026-08-12,ARI incidence,2026-08-16,2,IE,quantile,0.75,17.066064303675525
2026-08-12,ARI incidence,2026-08-16,2,IE,quantile,0.025,14.179904199999655
2026-08-12,ARI incidence,2026-08-16,2,IE,quantile,0.15,15.11334153017668
2026-08-12,ARI incidence,2026-08-16,2,IE,quantile,0.8,17.266689905176698
2026-08-12,ARI incidence,2026-08-16,2,IE,quantile,0.975,18.75844789370443
2026-08-12,ARI incidence,2026-08-16,2,IE,quantile,0.99,19.219097308466246
2026-08-12,ARI incidence,2026-08-16,2,IE,quantile,0.2,15.323584951740383
2026-08-12,ARI incidence,2026-08-16,2,IE,quantile,0.3,15.670034502431012
2026-08-12,ARI incidence,2026-08-16,2,IE,quantile,0.65,16.724634930823974
2026-08-12,ARI incidence,2026-08-16,2,IE,quantile,0.7,16.892438149017227
2026-08-12,ARI incidence,2026-08-16,2,IE,quantile,0.85,17.513264198184757
2026-08-12,ARI incidence,2026-08-16,2,IE,quantile,0.4,15.988241900021297
2026-08-12,ARI incidence,2026-08-16,2,IE,quantile,0.35,15.833042714497024
2026-08-12,ARI incidence,2026-08-16,2,IE,quantile,0.45,16.12960739982718
2026-08-12,ARI incidence,2026-08-16,2,IE,quantile,0.9,17.803981679611987
2026-08-12,ARI incidence,2026-08-16,2,IE,quantile,0.55,16.41414952545012
2026-08-12,ARI incidence,2026-08-16,2,IE,quantile,0.6,16.56185590629799
2026-08-12,ARI incidence,2026-08-16,2,IE,quantile,0.5,16.27196811134791
2026-08-12,ARI incidence,2026-08-16,2,IE,median,,16.27196811134791
2026-08-12,ARI incidence,2026-08-23,3,IE,quantile,0.99,22.709872541389924
2026-08-12,ARI incidence,2026-08-23,3,IE,quantile,0.85,17.760909856754456
2026-08-12,ARI incidence,2026-08-23,3,IE,quantile,0.7,16.145776642807327
2026-08-12,ARI incidence,2026-08-23,3,IE,quantile,0.975,21.16438512652066
2026-08-12,ARI incidence,2026-08-23,3,IE,quantile,0.95,19.956999289040823
2026-08-12,ARI incidence,2026-08-23,3,IE,quantile,0.65,15.730855537656932
2026-08-12,ARI incidence,2026-08-23,3,IE,quantile,0.6,15.345809908182034
2026-08-12,ARI incidence,2026-08-23,3,IE,quantile,0.8,17.139754407945297
2026-08-12,ARI incidence,2026-08-23,3,IE,quantile,0.75,16.626703889710463
2026-08-12,ARI incidence,2026-08-23,3,IE,quantile,0.9,18.606150923346274
2026-08-12,ARI incidence,2026-08-23,3,IE,quantile,0.55,14.975276258362129
2026-08-12,ARI incidence,2026-08-23,3,IE,quantile,0.5,14.6328403194001
2026-08-12,ARI incidence,2026-08-23,3,IE,quantile,0.3,13.260607296542558
2026-08-12,ARI incidence,2026-08-23,3,IE,quantile,0.45,14.290467098776222
2026-08-12,ARI incidence,2026-08-23,3,IE,quantile,0.4,13.972613722813907
2026-08-12,ARI incidence,2026-08-23,3,IE,quantile,0.25,12.879656951667492
2026-08-12,ARI incidence,2026-08-23,3,IE,quantile,0.15,12.056457070667909
2026-08-12,ARI incidence,2026-08-23,3,IE,quantile,0.35,13.613014198377009
2026-08-12,ARI incidence,2026-08-23,3,IE,quantile,0.2,12.478535933587535
2026-08-12,ARI incidence,2026-08-23,3,IE,quantile,0.1,11.51379821130868
2026-08-12,ARI incidence,2026-08-23,3,IE,quantile,0.05,10.832240308632082
2026-08-12,ARI incidence,2026-08-23,3,IE,quantile,0.01,9.384133522213697
2026-08-12,ARI incidence,2026-08-23,3,IE,quantile,0.025,10.136996481818786
2026-08-12,ARI incidence,2026-08-23,3,IE,median,,14.6328403194001
2026-08-12,ARI incidence,2026-08-30,4,IE,quantile,0.95,15.900401428522283
2026-08-12,ARI incidence,2026-08-30,4,IE,quantile,0.99,16.517269782141526
2026-08-12,ARI incidence,2026-08-30,4,IE,quantile,0.975,16.186586157231865
2026-08-12,ARI incidence,2026-08-30,4,IE,quantile,0.9,15.55900373520452
2026-08-12,ARI incidence,2026-08-30,4,IE,quantile,0.75,14.966615350394008
2026-08-12,ARI incidence,2026-08-30,4,IE,quantile,0.8,15.123088216595368
2026-08-12,ARI incidence,2026-08-30,4,IE,quantile,0.55,14.477414380795818
2026-08-12,ARI incidence,2026-08-30,4,IE,quantile,0.6,14.586967134976305
2026-08-12,ARI incidence,2026-08-30,4,IE,quantile,0.85,15.3123611102332
2026-08-12,ARI incidence,2026-08-30,4,IE,quantile,0.65,14.709735018012097
2026-08-12,ARI incidence,2026-08-30,4,IE,quantile,0.3,13.891702465499293
2026-08-12,ARI incidence,2026-08-30,4,IE,quantile,0.7,14.830215341818626
2026-08-12,ARI incidence,2026-08-30,4,IE,quantile,0.2,13.632768629352498
2026-08-12,ARI incidence,2026-08-30,4,IE,quantile,0.25,13.776369328939328
2026-08-12,ARI incidence,2026-08-30,4,IE,quantile,0.5,14.358158931415797
2026-08-12,ARI incidence,2026-08-30,4,IE,quantile,0.05,12.969111866012984
2026-08-12,ARI incidence,2026-08-30,4,IE,quantile,0.35,14.01132062677026
2026-08-12,ARI incidence,2026-08-30,4,IE,quantile,0.1,13.267444383232261
2026-08-12,ARI incidence,2026-08-30,4,IE,quantile,0.01,12.440783764719288
2026-08-12,ARI incidence,2026-08-30,4,IE,quantile,0.4,14.123624233674548
2026-08-12,ARI incidence,2026-08-30,4,IE,quantile,0.15,13.459170986767813
2026-08-12,ARI incidence,2026-08-30,4,IE,quantile,0.45,14.239874322755544
2026-08-12,ARI incidence,2026-08-30,4,IE,quantile,0.025,12.710200428849095
2026-08-12,ARI incidence,2026-08-30,4,IE,median,,14.358158931415797
2026-08-12,ARI incidence,2026-08-09,1,IS,quantile,0.01,19.269332991002962
2026-08-12,ARI incidence,2026-08-09,1,IS,quantile,0.05,21.445820359736548
2026-08-12,ARI incidence,2026-08-09,1,IS,quantile,0.025,20.403638239047726
2026-08-12,ARI incidence,2026-08-09,1,IS,quantile,0.1,22.64483406353208
2026-08-12,ARI incidence,2026-08-09,1,IS,quantile,0.85,31.872617031733203
2026-08-12,ARI incidence,2026-08-09,1,IS,quantile,0.7,29.585362786957667
2026-08-12,ARI incidence,2026-08-09,1,IS,quantile,0.65,28.955974734523117
2026-08-12,ARI incidence,2026-08-09,1,IS,quantile,0.95,34.94503348707285
2026-08-12,ARI incidence,2026-08-09,1,IS,quantile,0.975,36.807826453165454
2026-08-12,ARI incidence,2026-08-09,1,IS,quantile,0.6,28.397283911915693
2026-08-12,ARI incidence,2026-08-09,1,IS,quantile,0.45,26.87002631465404
2026-08-12,ARI incidence,2026-08-09,1,IS,quantile,0.55,27.869733258740787
2026-08-12,ARI incidence,2026-08-09,1,IS,quantile,0.9,33.04312569587904
2026-08-12,ARI incidence,2026-08-09,1,IS,quantile,0.5,27.350703026860664
2026-08-12,ARI incidence,2026-08-09,1,IS,quantile,0.35,25.844304183226782
2026-08-12,ARI incidence,2026-08-09,1,IS,quantile,0.3,25.30300134353576
2026-08-12,ARI incidence,2026-08-09,1,IS,quantile,0.4,26.37696747644985
2026-08-12,ARI incidence,2026-08-09,1,IS,quantile,0.15,23.495599101954266
2026-08-12,ARI incidence,2026-08-09,1,IS,quantile,0.2,24.204456042992042
2026-08-12,ARI incidence,2026-08-09,1,IS,quantile,0.75,30.23444908469108
2026-08-12,ARI incidence,2026-08-09,1,IS,quantile,0.8,31.01196192583142
2026-08-12,ARI incidence,2026-08-09,1,IS,quantile,0.25,24.76785008159919
2026-08-12,ARI incidence,2026-08-09,1,IS,quantile,0.99,38.82328956848409
2026-08-12,ARI incidence,2026-08-09,1,IS,median,,27.350703026860664
2026-08-12,ARI incidence,2026-08-16,2,IS,quantile,0.95,30.79940689527294
2026-08-12,ARI incidence,2026-08-16,2,IS,quantile,0.75,26.41840937516788
2026-08-12,ARI incidence,2026-08-16,2,IS,quantile,0.8,27.139565795636305
2026-08-12,ARI incidence,2026-08-16,2,IS,quantile,0.7,25.793890161954366
2026-08-12,ARI incidence,2026-08-16,2,IS,quantile,0.85,28.03767884668759
2026-08-12,ARI incidence,2026-08-16,2,IS,quantile,0.9,29.097006326106136
2026-08-12,ARI incidence,2026-08-16,2,IS,quantile,0.99,34.30790054063225
2026-08-12,ARI incidence,2026-08-16,2,IS,quantile,0.65,25.231035484680028
2026-08-12,ARI incidence,2026-08-16,2,IS,quantile,0.975,32.466302477867814
2026-08-12,ARI incidence,2026-08-16,2,IS,quantile,0.35,22.339672669666058
2026-08-12,ARI incidence,2026-08-16,2,IS,quantile,0.3,21.88606244412829
2026-08-12,ARI incidence,2026-08-16,2,IS,quantile,0.5,23.783834225447453
2026-08-12,ARI incidence,2026-08-16,2,IS,quantile,0.15,20.269819219237228
2026-08-12,ARI incidence,2026-08-16,2,IS,quantile,0.6,24.702076684455513
2026-08-12,ARI incidence,2026-08-16,2,IS,quantile,0.55,24.249410871604567
2026-08-12,ARI incidence,2026-08-16,2,IS,quantile,0.2,20.86747048636753
2026-08-12,ARI incidence,2026-08-16,2,IS,quantile,0.05,18.461945700185193
2026-08-12,ARI incidence,2026-08-16,2,IS,quantile,0.25,21.394806072915394
2026-08-12,ARI incidence,2026-08-16,2,IS,quantile,0.4,22.833612300992076
2026-08-12,ARI incidence,2026-08-16,2,IS,quantile,0.45,23.30246780337255
2026-08-12,ARI incidence,2026-08-16,2,IS,quantile,0.1,19.535569673291246
2026-08-12,ARI incidence,2026-08-16,2,IS,quantile,0.025,17.626971339509268
2026-08-12,ARI incidence,2026-08-16,2,IS,quantile,0.01,16.64565492830332
2026-08-12,ARI incidence,2026-08-16,2,IS,median,,23.783834225447453
2026-08-12,ARI incidence,2026-08-23,3,IS,quantile,0.01,31.92159311236197
2026-08-12,ARI incidence,2026-08-23,3,IS,quantile,0.025,32.37990020802054
2026-08-12,ARI incidence,2026-08-23,3,IS,quantile,0.05,32.78544966427585
2026-08-12,ARI incidence,2026-08-23,3,IS,quantile,0.1,33.27162830441276
2026-08-12,ARI incidence,2026-08-23,3,IS,quantile,0.15,33.642468346319575
2026-08-12,ARI incidence,2026-08-23,3,IS,quantile,0.2,33.92480258633027
2026-08-12,ARI incidence,2026-08-23,3,IS,quantile,0.25,34.14257920504843
2026-08-12,ARI incidence,2026-08-23,3,IS,quantile,0.3,34.373506674148594
2026-08-12,ARI incidence,2026-08-23,3,IS,quantile,0.35,34.559014645270565
2026-08-12,ARI incidence,2026-08-23,3,IS,quantile,0.6,35.525179622460094
2026-08-12,ARI incidence,2026-08-23,3,IS,quantile,0.45,34.941276453512224
2026-08-12,ARI incidence,2026-08-23,3,IS,quantile,0.9,37.10601329902944
2026-08-12,ARI incidence,2026-08-23,3,IS,quantile,0.4,34.75550350385411
2026-08-12,ARI incidence,2026-08-23,3,IS,quantile,0.5,35.13959552379572
2026-08-12,ARI incidence,2026-08-23,3,IS,quantile,0.95,37.70156471902213
2026-08-12,ARI incidence,2026-08-23,3,IS,quantile,0.975,38.240916365051326
2026-08-12,ARI incidence,2026-08-23,3,IS,quantile,0.75,36.14727191763017
2026-08-12,ARI incidence,2026-08-23,3,IS,quantile,0.55,35.33329544512292
2026-08-12,ARI incidence,2026-08-23,3,IS,quantile,0.99,38.818024402187135
2026-08-12,ARI incidence,2026-08-23,3,IS,quantile,0.85,36.70676852230294
2026-08-12,ARI incidence,2026-08-23,3,IS,quantile,0.65,35.72052692151999
2026-08-12,ARI incidence,2026-08-23,3,IS,quantile,0.7,35.925395974545765
2026-08-12,ARI incidence,2026-08-23,3,IS,quantile,0.8,36.408973002612754
2026-08-12,ARI incidence,2026-08-23,3,IS,median,,35.13959552379572
2026-08-12,ARI incidence,2026-08-30,4,IS,quantile,0.4,22.517457529419445
2026-08-12,ARI incidence,2026-08-30,4,IS,quantile,0.15,18.672564035744166
2026-08-12,ARI incidence,2026-08-30,4,IS,quantile,0.45,23.226497200817818
2026-08-12,ARI incidence,2026-08-30,4,IS,quantile,0.35,21.800308469381537
2026-08-12,ARI incidence,2026-08-30,4,IS,quantile,0.3,21.108724363888705
2026-08-12,ARI incidence,2026-08-30,4,IS,quantile,0.1,17.633521626156433
2026-08-12,ARI incidence,2026-08-30,4,IS,quantile,0.2,19.607619871044133
2026-08-12,ARI incidence,2026-08-30,4,IS,quantile,0.025,15.081304360521145
2026-08-12,ARI incidence,2026-08-30,4,IS,quantile,0.05,16.20711209375089
2026-08-12,ARI incidence,2026-08-30,4,IS,quantile,0.01,13.827096423504548
2026-08-12,ARI incidence,2026-08-30,4,IS,quantile,0.99,41.78329854239616
2026-08-12,ARI incidence,2026-08-30,4,IS,quantile,0.25,20.381002446387487
2026-08-12,ARI incidence,2026-08-30,4,IS,quantile,0.5,23.95202184216184
2026-08-12,ARI incidence,2026-08-30,4,IS,quantile,0.55,24.716395710252407
2026-08-12,ARI incidence,2026-08-30,4,IS,quantile,0.975,38.17530102416294
2026-08-12,ARI incidence,2026-08-30,4,IS,quantile,0.8,29.426518279024634
2026-08-12,ARI incidence,2026-08-30,4,IS,quantile,0.95,35.51084699093271
2026-08-12,ARI incidence,2026-08-30,4,IS,quantile,0.85,30.886561381670244
2026-08-12,ARI incidence,2026-08-30,4,IS,quantile,0.6,25.513084969452315
2026-08-12,ARI incidence,2026-08-30,4,IS,quantile,0.9,32.692890733178515
2026-08-12,ARI incidence,2026-08-30,4,IS,quantile,0.7,27.22889589421515
2026-08-12,ARI incidence,2026-08-30,4,IS,quantile,0.65,26.34619630729617
2026-08-12,ARI incidence,2026-08-30,4,IS,quantile,0.75,28.236653698531214
2026-08-12,ARI incidence,2026-08-30,4,IS,median,,23.95202184216184
2026-08-12,ARI incidence,2026-08-09,1,LT,quantile,0.99,239.38578216012613
2026-08-12,ARI incidence,2026-08-09,1,LT,quantile,0.95,231.61012696293105
2026-08-12,ARI incidence,2026-08-09,1,LT,quantile,0.975,235.49979304464227
2026-08-12,ARI incidence,2026-08-09,1,LT,quantile,0.01,190.33017610951293
2026-08-12,ARI incidence,2026-08-09,1,LT,quantile,0.8,222.57394664144496
2026-08-12,ARI incidence,2026-08-09,1,LT,quantile,0.85,224.82468526944393
2026-08-12,ARI incidence,2026-08-09,1,LT,quantile,0.9,227.5685370236119
2026-08-12,ARI incidence,2026-08-09,1,LT,quantile,0.025,193.50852348041911
2026-08-12,ARI incidence,2026-08-09,1,LT,quantile,0.05,196.2496219617852
2026-08-12,ARI incidence,2026-08-09,1,LT,quantile,0.1,200.13789424680078
2026-08-12,ARI incidence,2026-08-09,1,LT,quantile,0.15,202.56662424971415
2026-08-12,ARI incidence,2026-08-09,1,LT,quantile,0.75,220.7765744340222
2026-08-12,ARI incidence,2026-08-09,1,LT,quantile,0.2,204.46200330780277
2026-08-12,ARI incidence,2026-08-09,1,LT,quantile,0.25,206.30120371703833
2026-08-12,ARI incidence,2026-08-09,1,LT,quantile,0.3,207.91506650618422
2026-08-12,ARI incidence,2026-08-09,1,LT,quantile,0.35,209.40638385655345
2026-08-12,ARI incidence,2026-08-09,1,LT,quantile,0.4,210.77458631628582
2026-08-12,ARI incidence,2026-08-09,1,LT,quantile,0.45,212.15311505361132
2026-08-12,ARI incidence,2026-08-09,1,LT,quantile,0.5,213.51160193296465
2026-08-12,ARI incidence,2026-08-09,1,LT,quantile,0.55,214.8845927660209
2026-08-12,ARI incidence,2026-08-09,1,LT,quantile,0.6,216.2252033034057
2026-08-12,ARI incidence,2026-08-09,1,LT,quantile,0.65,217.61457688105946
2026-08-12,ARI incidence,2026-08-09,1,LT,quantile,0.7,219.0954077635081
2026-08-12,ARI incidence,2026-08-09,1,LT,median,,213.51160193296465
2026-08-12,ARI incidence,2026-08-16,2,LT,quantile,0.99,375.5698088275925
2026-08-12,ARI incidence,2026-08-16,2,LT,quantile,0.975,329.1583444111857
2026-08-12,ARI incidence,2026-08-16,2,LT,quantile,0.95,297.3971877312939
2026-08-12,ARI incidence,2026-08-16,2,LT,quantile,0.85,240.66125671268316
2026-08-12,ARI incidence,2026-08-16,2,LT,quantile,0.9,262.1228514793498
2026-08-12,ARI incidence,2026-08-16,2,LT,quantile,0.75,213.3023074025427
2026-08-12,ARI incidence,2026-08-16,2,LT,quantile,0.7,202.55967757736673
2026-08-12,ARI incidence,2026-08-16,2,LT,quantile,0.8,225.4776506871089
2026-08-12,ARI incidence,2026-08-16,2,LT,quantile,0.65,192.65649209376502
2026-08-12,ARI incidence,2026-08-16,2,LT,quantile,0.2,126.31293234869372
2026-08-12,ARI incidence,2026-08-16,2,LT,quantile,0.25,134.11604983695145
2026-08-12,ARI incidence,2026-08-16,2,LT,quantile,0.3,140.80541521898812
2026-08-12,ARI incidence,2026-08-16,2,LT,quantile,0.1,107.81165876121361
2026-08-12,ARI incidence,2026-08-16,2,LT,quantile,0.15,117.84175850725504
2026-08-12,ARI incidence,2026-08-16,2,LT,quantile,0.35,147.49740101058637
2026-08-12,ARI incidence,2026-08-16,2,LT,quantile,0.4,154.42171969147643
2026-08-12,ARI incidence,2026-08-16,2,LT,quantile,0.45,161.01233691934456
2026-08-12,ARI incidence,2026-08-16,2,LT,quantile,0.5,168.6845654775828
2026-08-12,ARI incidence,2026-08-16,2,LT,quantile,0.6,183.69275360218336
2026-08-12,ARI incidence,2026-08-16,2,LT,quantile,0.05,95.66863124362692
2026-08-12,ARI incidence,2026-08-16,2,LT,quantile,0.55,175.93459332683472
2026-08-12,ARI incidence,2026-08-16,2,LT,quantile,0.01,75.69600272887266
2026-08-12,ARI incidence,2026-08-16,2,LT,quantile,0.025,84.68858527621695
2026-08-12,ARI incidence,2026-08-16,2,LT,median,,168.6845654775828
2026-08-12,ARI incidence,2026-08-23,3,LT,quantile,0.01,74.81511117946306
2026-08-12,ARI incidence,2026-08-23,3,LT,quantile,0.99,444.1663916526528
2026-08-12,ARI incidence,2026-08-23,3,LT,quantile,0.8,251.4016890887485
2026-08-12,ARI incidence,2026-08-23,3,LT,quantile,0.05,95.36921303207293
2026-08-12,ARI incidence,2026-08-23,3,LT,quantile,0.1,109.50624031271006
2026-08-12,ARI incidence,2026-08-23,3,LT,quantile,0.2,130.21369329177531
2026-08-12,ARI incidence,2026-08-23,3,LT,quantile,0.15,120.9198350658316
2026-08-12,ARI incidence,2026-08-23,3,LT,quantile,0.25,139.30328671420932
2026-08-12,ARI incidence,2026-08-23,3,LT,quantile,0.025,85.74171054176671
2026-08-12,ARI incidence,2026-08-23,3,LT,quantile,0.45,172.54214211295442
2026-08-12,ARI incidence,2026-08-23,3,LT,quantile,0.75,235.73025189491366
2026-08-12,ARI incidence,2026-08-23,3,LT,quantile,0.4,164.00590292511163
2026-08-12,ARI incidence,2026-08-23,3,LT,quantile,0.5,181.89382726073563
2026-08-12,ARI incidence,2026-08-23,3,LT,quantile,0.55,191.46271857730562
2026-08-12,ARI incidence,2026-08-23,3,LT,quantile,0.6,201.03783072902334
2026-08-12,ARI incidence,2026-08-23,3,LT,quantile,0.65,211.63503907903737
2026-08-12,ARI incidence,2026-08-23,3,LT,quantile,0.3,148.14607915198772
2026-08-12,ARI incidence,2026-08-23,3,LT,quantile,0.35,155.99833701358932
2026-08-12,ARI incidence,2026-08-23,3,LT,quantile,0.7,223.62239451292237
2026-08-12,ARI incidence,2026-08-23,3,LT,quantile,0.85,270.6615041275111
2026-08-12,ARI incidence,2026-08-23,3,LT,quantile,0.9,298.60518874225295
2026-08-12,ARI incidence,2026-08-23,3,LT,quantile,0.95,343.4358359413885
2026-08-12,ARI incidence,2026-08-23,3,LT,quantile,0.975,385.53052809954085
2026-08-12,ARI incidence,2026-08-23,3,LT,median,,181.89382726073563
2026-08-12,ARI incidence,2026-08-30,4,LT,quantile,0.7,221.82260970384527
2026-08-12,ARI incidence,2026-08-30,4,LT,quantile,0.8,258.6096378713069
2026-08-12,ARI incidence,2026-08-30,4,LT,quantile,0.75,238.9575843435911
2026-08-12,ARI incidence,2026-08-30,4,LT,quantile,0.95,374.7403806002381
2026-08-12,ARI incidence,2026-08-30,4,LT,quantile,0.55,183.12876574888185
2026-08-12,ARI incidence,2026-08-30,4,LT,quantile,0.6,194.85112642483492
2026-08-12,ARI incidence,2026-08-30,4,LT,quantile,0.65,206.64920152740774
2026-08-12,ARI incidence,2026-08-30,4,LT,quantile,0.85,284.23985623293987
2026-08-12,ARI incidence,2026-08-30,4,LT,quantile,0.9,318.00712714105657
2026-08-12,ARI incidence,2026-08-30,4,LT,quantile,0.975,427.6064438253764
2026-08-12,ARI incidence,2026-08-30,4,LT,quantile,0.99,516.7594072595224
2026-08-12,ARI incidence,2026-08-30,4,LT,quantile,0.05,82.72532127973035
2026-08-12,ARI incidence,2026-08-30,4,LT,quantile,0.1,97.84697047372735
2026-08-12,ARI incidence,2026-08-30,4,LT,quantile,0.15,108.59647610413413
2026-08-12,ARI incidence,2026-08-30,4,LT,quantile,0.2,118.73661323240091
2026-08-12,ARI incidence,2026-08-30,4,LT,quantile,0.25,127.7128893146261
2026-08-12,ARI incidence,2026-08-30,4,LT,quantile,0.3,137.29085764867048
2026-08-12,ARI incidence,2026-08-30,4,LT,quantile,0.35,146.03732866308914
2026-08-12,ARI incidence,2026-08-30,4,LT,quantile,0.4,154.5007094399705
2026-08-12,ARI incidence,2026-08-30,4,LT,quantile,0.45,163.4353090040309
2026-08-12,ARI incidence,2026-08-30,4,LT,quantile,0.5,172.68943380157663
2026-08-12,ARI incidence,2026-08-30,4,LT,quantile,0.01,61.061272537989545
2026-08-12,ARI incidence,2026-08-30,4,LT,quantile,0.025,71.84423067032628
2026-08-12,ARI incidence,2026-08-30,4,LT,median,,172.68943380157663
2026-08-12,ARI incidence,2026-08-09,1,LU,quantile,0.95,8638.512295286733
2026-08-12,ARI incidence,2026-08-09,1,LU,quantile,0.9,6346.9568104286245
2026-08-12,ARI incidence,2026-08-09,1,LU,quantile,0.85,5093.044987841151
2026-08-12,ARI incidence,2026-08-09,1,LU,quantile,0.99,15661.387538578449
2026-08-12,ARI incidence,2026-08-09,1,LU,quantile,0.4,1635.8023178970855
2026-08-12,ARI incidence,2026-08-09,1,LU,quantile,0.45,1823.8679876954216
2026-08-12,ARI incidence,2026-08-09,1,LU,quantile,0.975,11621.169657550598
2026-08-12,ARI incidence,2026-08-09,1,LU,quantile,0.01,260.5587284189578
2026-08-12,ARI incidence,2026-08-09,1,LU,quantile,0.35,1444.9181466125958
2026-08-12,ARI incidence,2026-08-09,1,LU,quantile,0.05,472.0511716270121
2026-08-12,ARI incidence,2026-08-09,1,LU,quantile,0.025,358.52310291470576
2026-08-12,ARI incidence,2026-08-09,1,LU,quantile,0.1,645.3152402992181
2026-08-12,ARI incidence,2026-08-09,1,LU,quantile,0.15,806.394356281301
2026-08-12,ARI incidence,2026-08-09,1,LU,quantile,0.8,4287.271911638863
2026-08-12,ARI incidence,2026-08-09,1,LU,quantile,0.2,953.3269710495906
2026-08-12,ARI incidence,2026-08-09,1,LU,quantile,0.25,1100.8708876562173
2026-08-12,ARI incidence,2026-08-09,1,LU,quantile,0.3,1268.7043253271784
2026-08-12,ARI incidence,2026-08-09,1,LU,quantile,0.5,2036.2996300063505
2026-08-12,ARI incidence,2026-08-09,1,LU,quantile,0.55,2279.7683724879334
2026-08-12,ARI incidence,2026-08-09,1,LU,quantile,0.75,3688.0801439918355
2026-08-12,ARI incidence,2026-08-09,1,LU,quantile,0.65,2859.314015781201
2026-08-12,ARI incidence,2026-08-09,1,LU,quantile,0.7,3225.5227289416457
2026-08-12,ARI incidence,2026-08-09,1,LU,quantile,0.6,2553.605545011155
2026-08-12,ARI incidence,2026-08-09,1,LU,median,,2036.2996300063505
2026-08-12,ARI incidence,2026-08-16,2,LU,quantile,0.99,68270.00327238928
2026-08-12,ARI incidence,2026-08-16,2,LU,quantile,0.975,45796.51194041575
2026-08-12,ARI incidence,2026-08-16,2,LU,quantile,0.95,30872.676250682045
2026-08-12,ARI incidence,2026-08-16,2,LU,quantile,0.9,19203.139366833417
2026-08-12,ARI incidence,2026-08-16,2,LU,quantile,0.7,7001.913221337822
2026-08-12,ARI incidence,2026-08-16,2,LU,quantile,0.75,8454.20504732517
2026-08-12,ARI incidence,2026-08-16,2,LU,quantile,0.8,10581.818097152045
2026-08-12,ARI incidence,2026-08-16,2,LU,quantile,0.85,13641.050948979038
2026-08-12,ARI incidence,2026-08-16,2,LU,quantile,0.55,4233.0984484149485
2026-08-12,ARI incidence,2026-08-16,2,LU,quantile,0.6,4996.527158547129
2026-08-12,ARI incidence,2026-08-16,2,LU,quantile,0.65,5931.994133404221
2026-08-12,ARI incidence,2026-08-16,2,LU,quantile,0.5,3600.1963399486467
2026-08-12,ARI incidence,2026-08-16,2,LU,quantile,0.45,3059.126676519665
2026-08-12,ARI incidence,2026-08-16,2,LU,quantile,0.4,2600.133886211965
2026-08-12,ARI incidence,2026-08-16,2,LU,quantile,0.025,290.883728068624
2026-08-12,ARI incidence,2026-08-16,2,LU,quantile,0.01,179.57539042426086
2026-08-12,ARI incidence,2026-08-16,2,LU,quantile,0.35,2210.30376689835
2026-08-12,ARI incidence,2026-08-16,2,LU,quantile,0.05,442.6591211981716
2026-08-12,ARI incidence,2026-08-16,2,LU,quantile,0.15,977.3357832909801
2026-08-12,ARI incidence,2026-08-16,2,LU,quantile,0.3,1859.4153648764648
2026-08-12,ARI incidence,2026-08-16,2,LU,quantile,0.1,699.6261323351054
2026-08-12,ARI incidence,2026-08-16,2,LU,quantile,0.2,1248.3102257613264
2026-08-12,ARI incidence,2026-08-16,2,LU,quantile,0.25,1545.52657793949
2026-08-12,ARI incidence,2026-08-16,2,LU,median,,3600.1963399486467
2026-08-12,ARI incidence,2026-08-30,4,LU,quantile,0.9,16647.319858270246
2026-08-12,ARI incidence,2026-08-30,4,LU,quantile,0.01,1650.1226698939247
2026-08-12,ARI incidence,2026-08-30,4,LU,quantile,0.95,20931.3116035081
2026-08-12,ARI incidence,2026-08-30,4,LU,quantile,0.75,11111.846175383856
2026-08-12,ARI incidence,2026-08-30,4,LU,quantile,0.55,7831.576004079067
2026-08-12,ARI incidence,2026-08-30,4,LU,quantile,0.025,2103.9403332332013
2026-08-12,ARI incidence,2026-08-30,4,LU,quantile,0.6,8530.08171931583
2026-08-12,ARI incidence,2026-08-30,4,LU,quantile,0.85,14146.891230969874
2026-08-12,ARI incidence,2026-08-30,4,LU,quantile,0.975,25355.88803139846
2026-08-12,ARI incidence,2026-08-30,4,LU,quantile,0.99,31751.607938297628
2026-08-12,ARI incidence,2026-08-30,4,LU,quantile,0.5,7222.98786441136
2026-08-12,ARI incidence,2026-08-30,4,LU,quantile,0.05,2576.5413780056037
2026-08-12,ARI incidence,2026-08-30,4,LU,quantile,0.7,10109.552681076642
2026-08-12,ARI incidence,2026-08-30,4,LU,quantile,0.65,9278.36878826504
2026-08-12,ARI incidence,2026-08-30,4,LU,quantile,0.8,12412.339981348217
2026-08-12,ARI incidence,2026-08-30,4,LU,quantile,0.3,5188.64919003031
2026-08-12,ARI incidence,2026-08-30,4,LU,quantile,0.4,6168.4648399321
2026-08-12,ARI incidence,2026-08-30,4,LU,quantile,0.45,6710.149952666668
2026-08-12,ARI incidence,2026-08-30,4,LU,quantile,0.1,3186.6630844670835
2026-08-12,ARI incidence,2026-08-30,4,LU,quantile,0.25,4742.638328330448
2026-08-12,ARI incidence,2026-08-30,4,LU,quantile,0.35,5685.003766648224
2026-08-12,ARI incidence,2026-08-30,4,LU,quantile,0.2,4273.840033161403
2026-08-12,ARI incidence,2026-08-30,4,LU,quantile,0.15,3729.4668632911
2026-08-12,ARI incidence,2026-08-30,4,LU,median,,7222.98786441136
2026-08-12,ARI incidence,2026-08-09,1,NL,quantile,0.99,127.94888305268941
2026-08-12,ARI incidence,2026-08-09,1,NL,quantile,0.975,122.56048471984002
2026-08-12,ARI incidence,2026-08-09,1,NL,quantile,0.6,99.6301031555295
2026-08-12,ARI incidence,2026-08-09,1,NL,quantile,0.7,103.0694776499769
2026-08-12,ARI incidence,2026-08-09,1,NL,quantile,0.25,89.31575907699369
2026-08-12,ARI incidence,2026-08-09,1,NL,quantile,0.95,117.82146929758886
2026-08-12,ARI incidence,2026-08-09,1,NL,quantile,0.15,85.47764798936589
2026-08-12,ARI incidence,2026-08-09,1,NL,quantile,0.65,101.2748152672842
2026-08-12,ARI incidence,2026-08-09,1,NL,quantile,0.3,90.86123584837996
2026-08-12,ARI incidence,2026-08-09,1,NL,quantile,0.45,95.27838310210024
2026-08-12,ARI incidence,2026-08-09,1,NL,quantile,0.2,87.52519398719068
2026-08-12,ARI incidence,2026-08-09,1,NL,quantile,0.5,96.67132668287866
2026-08-12,ARI incidence,2026-08-09,1,NL,quantile,0.35,92.40205233492705
2026-08-12,ARI incidence,2026-08-09,1,NL,quantile,0.4,93.83925095086278
2026-08-12,ARI incidence,2026-08-09,1,NL,quantile,0.85,109.47548269680041
2026-08-12,ARI incidence,2026-08-09,1,NL,quantile,0.1,82.89858261886111
2026-08-12,ARI incidence,2026-08-09,1,NL,quantile,0.75,104.91180120876788
2026-08-12,ARI incidence,2026-08-09,1,NL,quantile,0.55,98.08781352629103
2026-08-12,ARI incidence,2026-08-09,1,NL,quantile,0.01,73.13799496479018
2026-08-12,ARI incidence,2026-08-09,1,NL,quantile,0.025,76.36693719877377
2026-08-12,ARI incidence,2026-08-09,1,NL,quantile,0.9,112.77974757969888
2026-08-12,ARI incidence,2026-08-09,1,NL,quantile,0.05,79.4230468829989
2026-08-12,ARI incidence,2026-08-09,1,NL,quantile,0.8,106.89619766748642
2026-08-12,ARI incidence,2026-08-09,1,NL,median,,96.67132668287866
2026-08-12,ARI incidence,2026-08-16,2,NL,quantile,0.01,77.95449127169265
2026-08-12,ARI incidence,2026-08-16,2,NL,quantile,0.025,81.04384667715532
2026-08-12,ARI incidence,2026-08-16,2,NL,quantile,0.05,83.68492888639474
2026-08-12,ARI incidence,2026-08-16,2,NL,quantile,0.1,87.02039598387042
2026-08-12,ARI incidence,2026-08-16,2,NL,quantile,0.15,89.3992646776804
2026-08-12,ARI incidence,2026-08-16,2,NL,quantile,0.2,91.4431986442761
2026-08-12,ARI incidence,2026-08-16,2,NL,quantile,0.7,105.89630540428986
2026-08-12,ARI incidence,2026-08-16,2,NL,quantile,0.75,107.62993296337912
2026-08-12,ARI incidence,2026-08-16,2,NL,quantile,0.65,104.2664085742571
2026-08-12,ARI incidence,2026-08-16,2,NL,quantile,0.8,109.62218861079788
2026-08-12,ARI incidence,2026-08-16,2,NL,quantile,0.6,102.67086123063208
2026-08-12,ARI incidence,2026-08-16,2,NL,quantile,0.99,128.62843522509058
2026-08-12,ARI incidence,2026-08-16,2,NL,quantile,0.25,93.08793013689076
2026-08-12,ARI incidence,2026-08-16,2,NL,quantile,0.4,97.28796889776139
2026-08-12,ARI incidence,2026-08-16,2,NL,quantile,0.5,99.9310873516344
2026-08-12,ARI incidence,2026-08-16,2,NL,quantile,0.45,98.59853832446441
2026-08-12,ARI incidence,2026-08-16,2,NL,quantile,0.85,111.75453880513831
2026-08-12,ARI incidence,2026-08-16,2,NL,quantile,0.3,94.51286477475522
2026-08-12,ARI incidence,2026-08-16,2,NL,quantile,0.55,101.21433266442652
2026-08-12,ARI incidence,2026-08-16,2,NL,quantile,0.9,114.73693373677497
2026-08-12,ARI incidence,2026-08-16,2,NL,quantile,0.975,123.59795084582045
2026-08-12,ARI incidence,2026-08-16,2,NL,quantile,0.35,95.91713424228163
2026-08-12,ARI incidence,2026-08-16,2,NL,quantile,0.95,119.42146370019944
2026-08-12,ARI incidence,2026-08-16,2,NL,median,,99.9310873516344
2026-08-12,ARI incidence,2026-08-23,3,NL,quantile,0.85,109.48574568106335
2026-08-12,ARI incidence,2026-08-23,3,NL,quantile,0.9,112.95626315250813
2026-08-12,ARI incidence,2026-08-23,3,NL,quantile,0.975,122.78306235549292
2026-08-12,ARI incidence,2026-08-23,3,NL,quantile,0.99,129.1712903510934
2026-08-12,ARI incidence,2026-08-23,3,NL,quantile,0.7,102.53198890581226
2026-08-12,ARI incidence,2026-08-23,3,NL,quantile,0.75,104.5936410568217
2026-08-12,ARI incidence,2026-08-23,3,NL,quantile,0.8,106.86415554695088
2026-08-12,ARI incidence,2026-08-23,3,NL,quantile,0.95,118.11476615904968
2026-08-12,ARI incidence,2026-08-23,3,NL,quantile,0.65,100.7956445825144
2026-08-12,ARI incidence,2026-08-23,3,NL,quantile,0.45,94.6984452722107
2026-08-12,ARI incidence,2026-08-23,3,NL,quantile,0.5,96.25901744398001
2026-08-12,ARI incidence,2026-08-23,3,NL,quantile,0.55,97.73867403510542
2026-08-12,ARI incidence,2026-08-23,3,NL,quantile,0.4,93.19986745759186
2026-08-12,ARI incidence,2026-08-23,3,NL,quantile,0.6,99.23022259654795
2026-08-12,ARI incidence,2026-08-23,3,NL,quantile,0.35,91.724336872912545
2026-08-12,ARI incidence,2026-08-23,3,NL,quantile,0.025,74.90000675450436
2026-08-12,ARI incidence,2026-08-23,3,NL,quantile,0.01,71.23118565209867
2026-08-12,ARI incidence,2026-08-23,3,NL,quantile,0.05,77.93489393179698
2026-08-12,ARI incidence,2026-08-23,3,NL,quantile,0.15,84.34465055483395
2026-08-12,ARI incidence,2026-08-23,3,NL,quantile,0.3,89.99946284582178
2026-08-12,ARI incidence,2026-08-23,3,NL,quantile,0.1,81.8431143960954
2026-08-12,ARI incidence,2026-08-23,3,NL,quantile,0.25,88.30059651503235
2026-08-12,ARI incidence,2026-08-23,3,NL,quantile,0.2,86.36962136986864
2026-08-12,ARI incidence,2026-08-23,3,NL,median,,96.25901744398001
2026-08-12,ARI incidence,2026-08-30,4,NL,quantile,0.25,84.0128798278769
2026-08-12,ARI incidence,2026-08-30,4,NL,quantile,0.99,144.13891181590233
2026-08-12,ARI incidence,2026-08-30,4,NL,quantile,0.2,81.20565914627666
2026-08-12,ARI incidence,2026-08-30,4,NL,quantile,0.3,86.1571848414288
2026-08-12,ARI incidence,2026-08-30,4,NL,quantile,0.975,134.78962666833058
2026-08-12,ARI incidence,2026-08-30,4,NL,quantile,0.01,61.937905372144805
2026-08-12,ARI incidence,2026-08-30,4,NL,quantile,0.95,126.80645401809554
2026-08-12,ARI incidence,2026-08-30,4,NL,quantile,0.8,110.32515873871924
2026-08-12,ARI incidence,2026-08-30,4,NL,quantile,0.85,114.21330468728554
2026-08-12,ARI incidence,2026-08-30,4,NL,quantile,0.9,119.41292302802131
2026-08-12,ARI incidence,2026-08-30,4,NL,quantile,0.025,66.6454546938338
2026-08-12,ARI incidence,2026-08-30,4,NL,quantile,0.05,70.41732747506975
2026-08-12,ARI incidence,2026-08-30,4,NL,quantile,0.1,75.1241563779883
2026-08-12,ARI incidence,2026-08-30,4,NL,quantile,0.15,78.2750562344741
2026-08-12,ARI incidence,2026-08-30,4,NL,quantile,0.7,104.27201928970827
2026-08-12,ARI incidence,2026-08-30,4,NL,quantile,0.75,107.22941550940466
2026-08-12,ARI incidence,2026-08-30,4,NL,quantile,0.65,101.7529334957612
2026-08-12,ARI incidence,2026-08-30,4,NL,quantile,0.5,94.68202461242753
2026-08-12,ARI incidence,2026-08-30,4,NL,quantile,0.55,96.85220361754594
2026-08-12,ARI incidence,2026-08-30,4,NL,quantile,0.6,99.51990037073492
2026-08-12,ARI incidence,2026-08-30,4,NL,quantile,0.45,92.56905043376378
2026-08-12,ARI incidence,2026-08-30,4,NL,quantile,0.35,88.41600987753948
2026-08-12,ARI incidence,2026-08-30,4,NL,quantile,0.4,90.53164396610461
2026-08-12,ARI incidence,2026-08-30,4,NL,median,,94.68202461242753
2026-08-12,ARI incidence,2026-08-09,1,SI,quantile,0.9,302.0341940890478
2026-08-12,ARI incidence,2026-08-09,1,SI,quantile,0.95,308.1674187053889
2026-08-12,ARI incidence,2026-08-09,1,SI,quantile,0.85,298.07053976541965
2026-08-12,ARI incidence,2026-08-09,1,SI,quantile,0.8,295.1469130529391
2026-08-12,ARI incidence,2026-08-09,1,SI,quantile,0.75,292.5987151679135
2026-08-12,ARI incidence,2026-08-09,1,SI,quantile,0.65,288.09379670171813
2026-08-12,ARI incidence,2026-08-09,1,SI,quantile,0.7,290.2473765609642
2026-08-12,ARI incidence,2026-08-09,1,SI,quantile,0.6,286.0108423125488
2026-08-12,ARI incidence,2026-08-09,1,SI,quantile,0.975,313.5345771530609
2026-08-12,ARI incidence,2026-08-09,1,SI,quantile,0.99,319.7219025330152
2026-08-12,ARI incidence,2026-08-09,1,SI,quantile,0.55,284.20819732404965
2026-08-12,ARI incidence,2026-08-09,1,SI,quantile,0.45,280.46524829316843
2026-08-12,ARI incidence,2026-08-09,1,SI,quantile,0.2,269.8911413579974
2026-08-12,ARI incidence,2026-08-09,1,SI,quantile,0.5,282.30989223638323
2026-08-12,ARI incidence,2026-08-09,1,SI,quantile,0.4,278.5486514579968
2026-08-12,ARI incidence,2026-08-09,1,SI,quantile,0.15,267.36702732961453
2026-08-12,ARI incidence,2026-08-09,1,SI,quantile,0.35,276.5398578105528
2026-08-12,ARI incidence,2026-08-09,1,SI,quantile,0.1,263.8196898040464
2026-08-12,ARI incidence,2026-08-09,1,SI,quantile,0.05,258.67936062341795
2026-08-12,ARI incidence,2026-08-09,1,SI,quantile,0.3,274.4294428730846
2026-08-12,ARI incidence,2026-08-09,1,SI,quantile,0.25,272.33656126890287
2026-08-12,ARI incidence,2026-08-09,1,SI,quantile,0.025,254.48795925168258
2026-08-12,ARI incidence,2026-08-09,1,SI,quantile,0.01,249.62572707481343
2026-08-12,ARI incidence,2026-08-09,1,SI,median,,282.30989223638323
2026-08-12,ARI incidence,2026-08-16,2,SI,quantile,0.99,330.3552735330209
2026-08-12,ARI incidence,2026-08-16,2,SI,quantile,0.975,319.7324661325058
2026-08-12,ARI incidence,2026-08-16,2,SI,quantile,0.95,311.7221001085837
2026-08-12,ARI incidence,2026-08-16,2,SI,quantile,0.75,287.48163413737973
2026-08-12,ARI incidence,2026-08-16,2,SI,quantile,0.9,302.5887556476342
2026-08-12,ARI incidence,2026-08-16,2,SI,quantile,0.6,277.7554542301348
2026-08-12,ARI incidence,2026-08-16,2,SI,quantile,0.8,291.40147150362947
2026-08-12,ARI incidence,2026-08-16,2,SI,quantile,0.85,295.9124367278402
2026-08-12,ARI incidence,2026-08-16,2,SI,quantile,0.7,283.9229684733594
2026-08-12,ARI incidence,2026-08-16,2,SI,quantile,0.65,280.7852001505387
2026-08-12,ARI incidence,2026-08-16,2,SI,quantile,0.55,274.604425499503
2026-08-12,ARI incidence,2026-08-16,2,SI,quantile,0.3,260.0080358075857
2026-08-12,ARI incidence,2026-08-16,2,SI,quantile,0.25,256.8265025834883
2026-08-12,ARI incidence,2026-08-16,2,SI,quantile,0.01,223.3823352400823
2026-08-12,ARI incidence,2026-08-16,2,SI,quantile,0.5,271.5008497757489
2026-08-12,ARI incidence,2026-08-16,2,SI,quantile,0.4,265.6849993101703
2026-08-12,ARI incidence,2026-08-16,2,SI,quantile,0.2,253.2820577938604
2026-08-12,ARI incidence,2026-08-16,2,SI,quantile,0.45,268.68645861869646
2026-08-12,ARI incidence,2026-08-16,2,SI,quantile,0.35,262.99037087996714
2026-08-12,ARI incidence,2026-08-16,2,SI,quantile,0.1,244.4188966184646
2026-08-12,ARI incidence,2026-08-16,2,SI,quantile,0.15,249.1690598618539
2026-08-12,ARI incidence,2026-08-16,2,SI,quantile,0.05,236.54415970456117
2026-08-12,ARI incidence,2026-08-16,2,SI,quantile,0.025,230.4118337004088
2026-08-12,ARI incidence,2026-08-16,2,SI,median,,271.5008497757489
2026-08-12,ARI incidence,2026-08-23,3,SI,quantile,0.1,256.03580699443893
2026-08-12,ARI incidence,2026-08-23,3,SI,quantile,0.05,241.96667449254463
2026-08-12,ARI incidence,2026-08-23,3,SI,quantile,0.95,402.2545661133492
2026-08-12,ARI incidence,2026-08-23,3,SI,quantile,0.3,287.5396631613294
2026-08-12,ARI incidence,2026-08-23,3,SI,quantile,0.75,345.78561589937317
2026-08-12,ARI incidence,2026-08-23,3,SI,quantile,0.025,230.87144047242526
2026-08-12,ARI incidence,2026-08-23,3,SI,quantile,0.15,265.9215525066936
2026-08-12,ARI incidence,2026-08-23,3,SI,quantile,0.25,281.29656821305304
2026-08-12,ARI incidence,2026-08-23,3,SI,quantile,0.2,274.25374454243683
2026-08-12,ARI incidence,2026-08-23,3,SI,quantile,0.01,218.5113393735466
2026-08-12,ARI incidence,2026-08-23,3,SI,quantile,0.975,422.89184784057466
2026-08-12,ARI incidence,2026-08-23,3,SI,quantile,0.99,449.4909670778699
2026-08-12,ARI incidence,2026-08-23,3,SI,quantile,0.9,378.43048759199985
2026-08-12,ARI incidence,2026-08-23,3,SI,quantile,0.8,355.1788347658893
2026-08-12,ARI incidence,2026-08-23,3,SI,quantile,0.85,365.58364441395906
2026-08-12,ARI incidence,2026-08-23,3,SI,quantile,0.35,293.9041188239988
2026-08-12,ARI incidence,2026-08-23,3,SI,quantile,0.45,305.5589164281963
2026-08-12,ARI incidence,2026-08-23,3,SI,quantile,0.5,311.47615071583834
2026-08-12,ARI incidence,2026-08-23,3,SI,quantile,0.55,317.58487489906463
2026-08-12,ARI incidence,2026-08-23,3,SI,quantile,0.6,323.76954423579883
2026-08-12,ARI incidence,2026-08-23,3,SI,quantile,0.65,330.707828598447
2026-08-12,ARI incidence,2026-08-23,3,SI,quantile,0.7,337.77378592007807
2026-08-12,ARI incidence,2026-08-23,3,SI,quantile,0.4,299.6837374160537
2026-08-12,ARI incidence,2026-08-23,3,SI,median,,311.47615071583834
2026-08-12,ARI incidence,2026-08-30,4,SI,quantile,0.95,349.7744155103965
2026-08-12,ARI incidence,2026-08-30,4,SI,quantile,0.85,312.8177813899504
2026-08-12,ARI incidence,2026-08-30,4,SI,quantile,0.9,327.4864940392135
2026-08-12,ARI incidence,2026-08-30,4,SI,quantile,0.8,302.5972914391892
2026-08-12,ARI incidence,2026-08-30,4,SI,quantile,0.75,294.0307887179893
2026-08-12,ARI incidence,2026-08-30,4,SI,quantile,0.45,255.07210380162678
2026-08-12,ARI incidence,2026-08-30,4,SI,quantile,0.5,260.5309636756948
2026-08-12,ARI incidence,2026-08-30,4,SI,quantile,0.7,286.0943197351636
2026-08-12,ARI incidence,2026-08-30,4,SI,quantile,0.35,243.64473166612657
2026-08-12,ARI incidence,2026-08-30,4,SI,quantile,0.4,249.23527722044557
2026-08-12,ARI incidence,2026-08-30,4,SI,quantile,0.55,266.31106738714794
2026-08-12,ARI incidence,2026-08-30,4,SI,quantile,0.6,272.18427320631156
2026-08-12,ARI incidence,2026-08-30,4,SI,quantile,0.65,278.8193232216248
2026-08-12,ARI incidence,2026-08-30,4,SI,quantile,0.975,370.28594309711156
2026-08-12,ARI incidence,2026-08-30,4,SI,quantile,0.99,392.58131740854077
2026-08-12,ARI incidence,2026-08-30,4,SI,quantile,0.05,193.89992790368964
2026-08-12,ARI incidence,2026-08-30,4,SI,quantile,0.1,207.3712838479078
2026-08-12,ARI incidence,2026-08-30,4,SI,quantile,0.01,172.45817754327862
2026-08-12,ARI incidence,2026-08-30,4,SI,quantile,0.025,183.83400919285145
2026-08-12,ARI incidence,2026-08-30,4,SI,quantile,0.15,216.83976730154853
2026-08-12,ARI incidence,2026-08-30,4,SI,quantile,0.2,224.45599251133865
2026-08-12,ARI incidence,2026-08-30,4,SI,quantile,0.25,231.19331880440188
2026-08-12,ARI incidence,2026-08-30,4,SI,quantile,0.3,237.82925305962368
2026-08-12,ARI incidence,2026-08-30,4,SI,median,,260.5309636756948
