"origin_date","target","target_end_date","horizon","location","output_type","output_type_id","value"
2026-08-19,"ARI incidence",2026-08-16,1,"BE","median","",232.863806930066
2026-08-19,"ARI incidence",2026-08-16,1,"BE","quantile","0.01",73.9951347821669
2026-08-19,"ARI incidence",2026-08-16,1,"BE","quantile","0.025",93.4163944774392
2026-08-19,"ARI incidence",2026-08-16,1,"BE","quantile","0.05",111.425821668028
2026-08-19,"ARI incidence",2026-08-16,1,"BE","quantile","0.1",135.520121118204
2026-08-19,"ARI incidence",2026-08-16,1,"BE","quantile","0.15",151.859646389405
2026-08-19,"ARI incidence",2026-08-16,1,"BE","quantile","0.2",166.382979744359
2026-08-19,"ARI incidence",2026-08-16,1,"BE","quantile","0.25",178.026068265151
2026-08-19,"ARI incidence",2026-08-16,1,"BE","quantile","0.3",188.675943242409
2026-08-19,"ARI incidence",2026-08-16,1,"BE","quantile","0.35",200.77961067528
2026-08-19,"ARI incidence",2026-08-16,1,"BE","quantile","0.4",212.472746447023
2026-08-19,"ARI incidence",2026-08-16,1,"BE","quantile","0.45",222.961699959522
2026-08-19,"ARI incidence",2026-08-16,1,"BE","quantile","0.5",233.686704471649
2026-08-19,"ARI incidence",2026-08-16,1,"BE","quantile","0.55",244.348574680678
2026-08-19,"ARI incidence",2026-08-16,1,"BE","quantile","0.6",255.785655319356
2026-08-19,"ARI incidence",2026-08-16,1,"BE","quantile","0.65",268.157808602317
2026-08-19,"ARI incidence",2026-08-16,1,"BE","quantile","0.7",281.712194836959
2026-08-19,"ARI incidence",2026-08-16,1,"BE","quantile","0.75",297.213879865877
2026-08-19,"ARI incidence",2026-08-16,1,"BE","quantile","0.8",314.205218969657
2026-08-19,"ARI incidence",2026-08-16,1,"BE","quantile","0.85",333.323991896555
2026-08-19,"ARI incidence",2026-08-16,1,"BE","quantile","0.9",359.358406548638
2026-08-19,"ARI incidence",2026-08-16,1,"BE","quantile","0.95",399.398424969788
2026-08-19,"ARI incidence",2026-08-16,1,"BE","quantile","0.975",436.279625900636
2026-08-19,"ARI incidence",2026-08-16,1,"BE","quantile","0.99",481.434738644408
2026-08-19,"ARI incidence",2026-08-23,2,"BE","median","",267.111169748431
2026-08-19,"ARI incidence",2026-08-23,2,"BE","quantile","0.01",54.747401301221
2026-08-19,"ARI incidence",2026-08-23,2,"BE","quantile","0.025",78.1477051719054
2026-08-19,"ARI incidence",2026-08-23,2,"BE","quantile","0.05",100.422190257644
2026-08-19,"ARI incidence",2026-08-23,2,"BE","quantile","0.1",131.818963081698
2026-08-19,"ARI incidence",2026-08-23,2,"BE","quantile","0.15",153.044644084689
2026-08-19,"ARI incidence",2026-08-23,2,"BE","quantile","0.2",171.915488322367
2026-08-19,"ARI incidence",2026-08-23,2,"BE","quantile","0.25",190.404678012334
2026-08-19,"ARI incidence",2026-08-23,2,"BE","quantile","0.3",206.927549675839
2026-08-19,"ARI incidence",2026-08-23,2,"BE","quantile","0.35",222.96894000319
2026-08-19,"ARI incidence",2026-08-23,2,"BE","quantile","0.4",237.587379019017
2026-08-19,"ARI incidence",2026-08-23,2,"BE","quantile","0.45",253.291076058554
2026-08-19,"ARI incidence",2026-08-23,2,"BE","quantile","0.5",269.314386422035
2026-08-19,"ARI incidence",2026-08-23,2,"BE","quantile","0.55",286.252353713249
2026-08-19,"ARI incidence",2026-08-23,2,"BE","quantile","0.6",303.065992861455
2026-08-19,"ARI incidence",2026-08-23,2,"BE","quantile","0.65",319.752636424962
2026-08-19,"ARI incidence",2026-08-23,2,"BE","quantile","0.7",338.516029224872
2026-08-19,"ARI incidence",2026-08-23,2,"BE","quantile","0.75",359.496115624914
2026-08-19,"ARI incidence",2026-08-23,2,"BE","quantile","0.8",384.840298452837
2026-08-19,"ARI incidence",2026-08-23,2,"BE","quantile","0.85",413.914043711632
2026-08-19,"ARI incidence",2026-08-23,2,"BE","quantile","0.9",454.012005240407
2026-08-19,"ARI incidence",2026-08-23,2,"BE","quantile","0.95",515.025119448326
2026-08-19,"ARI incidence",2026-08-23,2,"BE","quantile","0.975",575.203004134161
2026-08-19,"ARI incidence",2026-08-23,2,"BE","quantile","0.99",637.738075801411
2026-08-19,"ARI incidence",2026-08-30,3,"BE","median","",302.177224169951
2026-08-19,"ARI incidence",2026-08-30,3,"BE","quantile","0.01",40.755261832567
2026-08-19,"ARI incidence",2026-08-30,3,"BE","quantile","0.025",64.7824989142277
2026-08-19,"ARI incidence",2026-08-30,3,"BE","quantile","0.05",89.2315171663153
2026-08-19,"ARI incidence",2026-08-30,3,"BE","quantile","0.1",126.500880494272
2026-08-19,"ARI incidence",2026-08-30,3,"BE","quantile","0.15",153.678220071616
2026-08-19,"ARI incidence",2026-08-30,3,"BE","quantile","0.2",179.419516731032
2026-08-19,"ARI incidence",2026-08-30,3,"BE","quantile","0.25",200.10465484666
2026-08-19,"ARI incidence",2026-08-30,3,"BE","quantile","0.3",220.352066866905
2026-08-19,"ARI incidence",2026-08-30,3,"BE","quantile","0.35",242.051661505996
2026-08-19,"ARI incidence",2026-08-30,3,"BE","quantile","0.4",262.433474489436
2026-08-19,"ARI incidence",2026-08-30,3,"BE","quantile","0.45",283.46601802864
2026-08-19,"ARI incidence",2026-08-30,3,"BE","quantile","0.5",304.125416258907
2026-08-19,"ARI incidence",2026-08-30,3,"BE","quantile","0.55",326.271773511685
2026-08-19,"ARI incidence",2026-08-30,3,"BE","quantile","0.6",349.578991228167
2026-08-19,"ARI incidence",2026-08-30,3,"BE","quantile","0.65",374.600021049219
2026-08-19,"ARI incidence",2026-08-30,3,"BE","quantile","0.7",400.753738240128
2026-08-19,"ARI incidence",2026-08-30,3,"BE","quantile","0.75",429.676887569584
2026-08-19,"ARI incidence",2026-08-30,3,"BE","quantile","0.8",465.17056710301
2026-08-19,"ARI incidence",2026-08-30,3,"BE","quantile","0.85",506.401033954057
2026-08-19,"ARI incidence",2026-08-30,3,"BE","quantile","0.9",560.907300783319
2026-08-19,"ARI incidence",2026-08-30,3,"BE","quantile","0.95",650.149447134231
2026-08-19,"ARI incidence",2026-08-30,3,"BE","quantile","0.975",730.080248621605
2026-08-19,"ARI incidence",2026-08-30,3,"BE","quantile","0.99",828.570821903065
2026-08-19,"ARI incidence",2026-09-06,4,"BE","median","",335.297140875342
2026-08-19,"ARI incidence",2026-09-06,4,"BE","quantile","0.01",30.8171791751781
2026-08-19,"ARI incidence",2026-09-06,4,"BE","quantile","0.025",58.1033379632821
2026-08-19,"ARI incidence",2026-09-06,4,"BE","quantile","0.05",87.4359145442785
2026-08-19,"ARI incidence",2026-09-06,4,"BE","quantile","0.1",129.63604845697
2026-08-19,"ARI incidence",2026-09-06,4,"BE","quantile","0.15",161.853327758113
2026-08-19,"ARI incidence",2026-09-06,4,"BE","quantile","0.2",188.707615445727
2026-08-19,"ARI incidence",2026-09-06,4,"BE","quantile","0.25",214.65719905072
2026-08-19,"ARI incidence",2026-09-06,4,"BE","quantile","0.3",239.317302977482
2026-08-19,"ARI incidence",2026-09-06,4,"BE","quantile","0.35",262.238396960472
2026-08-19,"ARI incidence",2026-09-06,4,"BE","quantile","0.4",285.617279848989
2026-08-19,"ARI incidence",2026-09-06,4,"BE","quantile","0.45",310.729648901527
2026-08-19,"ARI incidence",2026-09-06,4,"BE","quantile","0.5",335.32635290165
2026-08-19,"ARI incidence",2026-09-06,4,"BE","quantile","0.55",359.662870079297
2026-08-19,"ARI incidence",2026-09-06,4,"BE","quantile","0.6",388.088873672034
2026-08-19,"ARI incidence",2026-09-06,4,"BE","quantile","0.65",416.197410149324
2026-08-19,"ARI incidence",2026-09-06,4,"BE","quantile","0.7",448.878149973205
2026-08-19,"ARI incidence",2026-09-06,4,"BE","quantile","0.75",485.590961483865
2026-08-19,"ARI incidence",2026-09-06,4,"BE","quantile","0.8",525.901266845538
2026-08-19,"ARI incidence",2026-09-06,4,"BE","quantile","0.85",577.280434088517
2026-08-19,"ARI incidence",2026-09-06,4,"BE","quantile","0.9",652.180858972458
2026-08-19,"ARI incidence",2026-09-06,4,"BE","quantile","0.95",754.528765823895
2026-08-19,"ARI incidence",2026-09-06,4,"BE","quantile","0.975",865.223401312344
2026-08-19,"ARI incidence",2026-09-06,4,"BE","quantile","0.99",974.537175402195
2026-08-19,"ARI incidence",2026-08-16,1,"BG","median","",200.039087228278
2026-08-19,"ARI incidence",2026-08-16,1,"BG","quantile","0.01",57.7187612830128
2026-08-19,"ARI incidence",2026-08-16,1,"BG","quantile","0.025",74.1786995418406
2026-08-19,"ARI incidence",2026-08-16,1,"BG","quantile","0.05",89.6126243567065
2026-08-19,"ARI incidence",2026-08-16,1,"BG","quantile","0.1",111.289756088043
2026-08-19,"ARI incidence",2026-08-16,1,"BG","quantile","0.15",125.711250495558
2026-08-19,"ARI incidence",2026-08-16,1,"BG","quantile","0.2",138.276767739767
2026-08-19,"ARI incidence",2026-08-16,1,"BG","quantile","0.25",149.251999645449
2026-08-19,"ARI incidence",2026-08-16,1,"BG","quantile","0.3",159.767000659009
2026-08-19,"ARI incidence",2026-08-16,1,"BG","quantile","0.35",169.960222381713
2026-08-19,"ARI incidence",2026-08-16,1,"BG","quantile","0.4",179.739315253518
2026-08-19,"ARI incidence",2026-08-16,1,"BG","quantile","0.45",189.705163859486
2026-08-19,"ARI incidence",2026-08-16,1,"BG","quantile","0.5",199.818854911335
2026-08-19,"ARI incidence",2026-08-16,1,"BG","quantile","0.55",209.83426535358
2026-08-19,"ARI incidence",2026-08-16,1,"BG","quantile","0.6",220.6064244317
2026-08-19,"ARI incidence",2026-08-16,1,"BG","quantile","0.65",232.088286988201
2026-08-19,"ARI incidence",2026-08-16,1,"BG","quantile","0.7",243.68304759392
2026-08-19,"ARI incidence",2026-08-16,1,"BG","quantile","0.75",255.808713018084
2026-08-19,"ARI incidence",2026-08-16,1,"BG","quantile","0.8",270.777122760173
2026-08-19,"ARI incidence",2026-08-16,1,"BG","quantile","0.85",289.175865237523
2026-08-19,"ARI incidence",2026-08-16,1,"BG","quantile","0.9",313.915316084134
2026-08-19,"ARI incidence",2026-08-16,1,"BG","quantile","0.95",353.948398505049
2026-08-19,"ARI incidence",2026-08-16,1,"BG","quantile","0.975",389.497356446892
2026-08-19,"ARI incidence",2026-08-16,1,"BG","quantile","0.99",432.347130113225
2026-08-19,"ARI incidence",2026-08-23,2,"BG","median","",221.118575075675
2026-08-19,"ARI incidence",2026-08-23,2,"BG","quantile","0.01",29.1220078322354
2026-08-19,"ARI incidence",2026-08-23,2,"BG","quantile","0.025",47.485580450169
2026-08-19,"ARI incidence",2026-08-23,2,"BG","quantile","0.05",66.7751584500993
2026-08-19,"ARI incidence",2026-08-23,2,"BG","quantile","0.1",92.3520225672087
2026-08-19,"ARI incidence",2026-08-23,2,"BG","quantile","0.15",113.767602787634
2026-08-19,"ARI incidence",2026-08-23,2,"BG","quantile","0.2",131.318336127586
2026-08-19,"ARI incidence",2026-08-23,2,"BG","quantile","0.25",147.094110280216
2026-08-19,"ARI incidence",2026-08-23,2,"BG","quantile","0.3",161.360920029104
2026-08-19,"ARI incidence",2026-08-23,2,"BG","quantile","0.35",175.93598482988
2026-08-19,"ARI incidence",2026-08-23,2,"BG","quantile","0.4",190.339259813264
2026-08-19,"ARI incidence",2026-08-23,2,"BG","quantile","0.45",204.9600859716
2026-08-19,"ARI incidence",2026-08-23,2,"BG","quantile","0.5",221.504838561031
2026-08-19,"ARI incidence",2026-08-23,2,"BG","quantile","0.55",236.753957281511
2026-08-19,"ARI incidence",2026-08-23,2,"BG","quantile","0.6",252.283688437697
2026-08-19,"ARI incidence",2026-08-23,2,"BG","quantile","0.65",270.777690559751
2026-08-19,"ARI incidence",2026-08-23,2,"BG","quantile","0.7",292.063324234147
2026-08-19,"ARI incidence",2026-08-23,2,"BG","quantile","0.75",313.132976975319
2026-08-19,"ARI incidence",2026-08-23,2,"BG","quantile","0.8",336.520826390601
2026-08-19,"ARI incidence",2026-08-23,2,"BG","quantile","0.85",367.217723657803
2026-08-19,"ARI incidence",2026-08-23,2,"BG","quantile","0.9",404.88681703904
2026-08-19,"ARI incidence",2026-08-23,2,"BG","quantile","0.95",466.394910932088
2026-08-19,"ARI incidence",2026-08-23,2,"BG","quantile","0.975",521.077471884031
2026-08-19,"ARI incidence",2026-08-23,2,"BG","quantile","0.99",594.118380393002
2026-08-19,"ARI incidence",2026-08-30,3,"BG","median","",239.71967132856
2026-08-19,"ARI incidence",2026-08-30,3,"BG","quantile","0.01",20.6831411063926
2026-08-19,"ARI incidence",2026-08-30,3,"BG","quantile","0.025",40.0976596751452
2026-08-19,"ARI incidence",2026-08-30,3,"BG","quantile","0.05",61.5829894241874
2026-08-19,"ARI incidence",2026-08-30,3,"BG","quantile","0.1",88.7712555720983
2026-08-19,"ARI incidence",2026-08-30,3,"BG","quantile","0.15",112.505177439037
2026-08-19,"ARI incidence",2026-08-30,3,"BG","quantile","0.2",132.380787609243
2026-08-19,"ARI incidence",2026-08-30,3,"BG","quantile","0.25",151.11444937598
2026-08-19,"ARI incidence",2026-08-30,3,"BG","quantile","0.3",169.443642221054
2026-08-19,"ARI incidence",2026-08-30,3,"BG","quantile","0.35",187.289445635686
2026-08-19,"ARI incidence",2026-08-30,3,"BG","quantile","0.4",205.236361834454
2026-08-19,"ARI incidence",2026-08-30,3,"BG","quantile","0.45",221.667305061104
2026-08-19,"ARI incidence",2026-08-30,3,"BG","quantile","0.5",239.277419424037
2026-08-19,"ARI incidence",2026-08-30,3,"BG","quantile","0.55",258.233929786936
2026-08-19,"ARI incidence",2026-08-30,3,"BG","quantile","0.6",277.568891201973
2026-08-19,"ARI incidence",2026-08-30,3,"BG","quantile","0.65",300.793904809542
2026-08-19,"ARI incidence",2026-08-30,3,"BG","quantile","0.7",323.699384063432
2026-08-19,"ARI incidence",2026-08-30,3,"BG","quantile","0.75",351.421002519068
2026-08-19,"ARI incidence",2026-08-30,3,"BG","quantile","0.8",383.583381481035
2026-08-19,"ARI incidence",2026-08-30,3,"BG","quantile","0.85",418.957858174511
2026-08-19,"ARI incidence",2026-08-30,3,"BG","quantile","0.9",467.861521352394
2026-08-19,"ARI incidence",2026-08-30,3,"BG","quantile","0.95",542.779524421569
2026-08-19,"ARI incidence",2026-08-30,3,"BG","quantile","0.975",615.113160326038
2026-08-19,"ARI incidence",2026-08-30,3,"BG","quantile","0.99",699.63709588905
2026-08-19,"ARI incidence",2026-09-06,4,"BG","median","",257.698980271008
2026-08-19,"ARI incidence",2026-09-06,4,"BG","quantile","0.01",15.4610494433649
2026-08-19,"ARI incidence",2026-09-06,4,"BG","quantile","0.025",34.6067655366652
2026-08-19,"ARI incidence",2026-09-06,4,"BG","quantile","0.05",56.6602372881603
2026-08-19,"ARI incidence",2026-09-06,4,"BG","quantile","0.1",88.8226155267676
2026-08-19,"ARI incidence",2026-09-06,4,"BG","quantile","0.15",114.117415815728
2026-08-19,"ARI incidence",2026-09-06,4,"BG","quantile","0.2",136.313260413196
2026-08-19,"ARI incidence",2026-09-06,4,"BG","quantile","0.25",157.220921960691
2026-08-19,"ARI incidence",2026-09-06,4,"BG","quantile","0.3",175.906681997249
2026-08-19,"ARI incidence",2026-09-06,4,"BG","quantile","0.35",195.55722239458
2026-08-19,"ARI incidence",2026-09-06,4,"BG","quantile","0.4",216.703800546299
2026-08-19,"ARI incidence",2026-09-06,4,"BG","quantile","0.45",235.988706477787
2026-08-19,"ARI incidence",2026-09-06,4,"BG","quantile","0.5",257.605853758164
2026-08-19,"ARI incidence",2026-09-06,4,"BG","quantile","0.55",279.268844471165
2026-08-19,"ARI incidence",2026-09-06,4,"BG","quantile","0.6",302.505910472473
2026-08-19,"ARI incidence",2026-09-06,4,"BG","quantile","0.65",325.722281762168
2026-08-19,"ARI incidence",2026-09-06,4,"BG","quantile","0.7",352.415975613164
2026-08-19,"ARI incidence",2026-09-06,4,"BG","quantile","0.75",381.341505163235
2026-08-19,"ARI incidence",2026-09-06,4,"BG","quantile","0.8",418.775879712327
2026-08-19,"ARI incidence",2026-09-06,4,"BG","quantile","0.85",463.698820698796
2026-08-19,"ARI incidence",2026-09-06,4,"BG","quantile","0.9",520.616015511035
2026-08-19,"ARI incidence",2026-09-06,4,"BG","quantile","0.95",613.109385741662
2026-08-19,"ARI incidence",2026-09-06,4,"BG","quantile","0.975",702.738611351785
2026-08-19,"ARI incidence",2026-09-06,4,"BG","quantile","0.99",803.224705154179
2026-08-19,"ARI incidence",2026-08-16,1,"DE","median","",497.840431903712
2026-08-19,"ARI incidence",2026-08-16,1,"DE","quantile","0.01",184.530463149879
2026-08-19,"ARI incidence",2026-08-16,1,"DE","quantile","0.025",224.911088276274
2026-08-19,"ARI incidence",2026-08-16,1,"DE","quantile","0.05",262.113342422887
2026-08-19,"ARI incidence",2026-08-16,1,"DE","quantile","0.1",307.735480122399
2026-08-19,"ARI incidence",2026-08-16,1,"DE","quantile","0.15",340.311428956207
2026-08-19,"ARI incidence",2026-08-16,1,"DE","quantile","0.2",364.931011436641
2026-08-19,"ARI incidence",2026-08-16,1,"DE","quantile","0.25",388.959862284029
2026-08-19,"ARI incidence",2026-08-16,1,"DE","quantile","0.3",410.651299045838
2026-08-19,"ARI incidence",2026-08-16,1,"DE","quantile","0.35",430.637870112395
2026-08-19,"ARI incidence",2026-08-16,1,"DE","quantile","0.4",451.066841249617
2026-08-19,"ARI incidence",2026-08-16,1,"DE","quantile","0.45",471.990729423325
2026-08-19,"ARI incidence",2026-08-16,1,"DE","quantile","0.5",493.602781033359
2026-08-19,"ARI incidence",2026-08-16,1,"DE","quantile","0.55",515.268533053736
2026-08-19,"ARI incidence",2026-08-16,1,"DE","quantile","0.6",537.736770211822
2026-08-19,"ARI incidence",2026-08-16,1,"DE","quantile","0.65",561.311382375385
2026-08-19,"ARI incidence",2026-08-16,1,"DE","quantile","0.7",586.158026394705
2026-08-19,"ARI incidence",2026-08-16,1,"DE","quantile","0.75",614.577556258555
2026-08-19,"ARI incidence",2026-08-16,1,"DE","quantile","0.8",645.125731461944
2026-08-19,"ARI incidence",2026-08-16,1,"DE","quantile","0.85",681.444794943724
2026-08-19,"ARI incidence",2026-08-16,1,"DE","quantile","0.9",731.084964444066
2026-08-19,"ARI incidence",2026-08-16,1,"DE","quantile","0.95",808.001043825825
2026-08-19,"ARI incidence",2026-08-16,1,"DE","quantile","0.975",878.2523371819
2026-08-19,"ARI incidence",2026-08-16,1,"DE","quantile","0.99",964.5791323476
2026-08-19,"ARI incidence",2026-08-23,2,"DE","median","",501.230011096017
2026-08-19,"ARI incidence",2026-08-23,2,"DE","quantile","0.01",127.511170861801
2026-08-19,"ARI incidence",2026-08-23,2,"DE","quantile","0.025",168.67567835187
2026-08-19,"ARI incidence",2026-08-23,2,"DE","quantile","0.05",205.244675007584
2026-08-19,"ARI incidence",2026-08-23,2,"DE","quantile","0.1",259.316553528396
2026-08-19,"ARI incidence",2026-08-23,2,"DE","quantile","0.15",298.389227053617
2026-08-19,"ARI incidence",2026-08-23,2,"DE","quantile","0.2",330.308430055422
2026-08-19,"ARI incidence",2026-08-23,2,"DE","quantile","0.25",359.283577747015
2026-08-19,"ARI incidence",2026-08-23,2,"DE","quantile","0.3",387.842204225578
2026-08-19,"ARI incidence",2026-08-23,2,"DE","quantile","0.35",414.696893118909
2026-08-19,"ARI incidence",2026-08-23,2,"DE","quantile","0.4",440.811002306324
2026-08-19,"ARI incidence",2026-08-23,2,"DE","quantile","0.45",466.788049094567
2026-08-19,"ARI incidence",2026-08-23,2,"DE","quantile","0.5",494.13335408719
2026-08-19,"ARI incidence",2026-08-23,2,"DE","quantile","0.55",524.949678108148
2026-08-19,"ARI incidence",2026-08-23,2,"DE","quantile","0.6",552.012655874523
2026-08-19,"ARI incidence",2026-08-23,2,"DE","quantile","0.65",580.497936643516
2026-08-19,"ARI incidence",2026-08-23,2,"DE","quantile","0.7",614.904563419875
2026-08-19,"ARI incidence",2026-08-23,2,"DE","quantile","0.75",651.873287288564
2026-08-19,"ARI incidence",2026-08-23,2,"DE","quantile","0.8",696.857963170777
2026-08-19,"ARI incidence",2026-08-23,2,"DE","quantile","0.85",748.162968934018
2026-08-19,"ARI incidence",2026-08-23,2,"DE","quantile","0.9",817.21862999162
2026-08-19,"ARI incidence",2026-08-23,2,"DE","quantile","0.95",917.42334966287
2026-08-19,"ARI incidence",2026-08-23,2,"DE","quantile","0.975",1027.0525619258
2026-08-19,"ARI incidence",2026-08-23,2,"DE","quantile","0.99",1138.90126114275
2026-08-19,"ARI incidence",2026-08-30,3,"DE","median","",493.902104058134
2026-08-19,"ARI incidence",2026-08-30,3,"DE","quantile","0.01",80.6530157846599
2026-08-19,"ARI incidence",2026-08-30,3,"DE","quantile","0.025",119.640036733086
2026-08-19,"ARI incidence",2026-08-30,3,"DE","quantile","0.05",161.767119000904
2026-08-19,"ARI incidence",2026-08-30,3,"DE","quantile","0.1",217.53899469099
2026-08-19,"ARI incidence",2026-08-30,3,"DE","quantile","0.15",258.767598173445
2026-08-19,"ARI incidence",2026-08-30,3,"DE","quantile","0.2",296.59962793974
2026-08-19,"ARI incidence",2026-08-30,3,"DE","quantile","0.25",333.308490788735
2026-08-19,"ARI incidence",2026-08-30,3,"DE","quantile","0.3",367.558284009573
2026-08-19,"ARI incidence",2026-08-30,3,"DE","quantile","0.35",398.268242733231
2026-08-19,"ARI incidence",2026-08-30,3,"DE","quantile","0.4",427.648195710627
2026-08-19,"ARI incidence",2026-08-30,3,"DE","quantile","0.45",457.887741865036
2026-08-19,"ARI incidence",2026-08-30,3,"DE","quantile","0.5",487.734885618419
2026-08-19,"ARI incidence",2026-08-30,3,"DE","quantile","0.55",521.102230476886
2026-08-19,"ARI incidence",2026-08-30,3,"DE","quantile","0.6",554.673363158921
2026-08-19,"ARI incidence",2026-08-30,3,"DE","quantile","0.65",593.591001763098
2026-08-19,"ARI incidence",2026-08-30,3,"DE","quantile","0.7",633.091903538426
2026-08-19,"ARI incidence",2026-08-30,3,"DE","quantile","0.75",681.42836274114
2026-08-19,"ARI incidence",2026-08-30,3,"DE","quantile","0.8",729.478921398942
2026-08-19,"ARI incidence",2026-08-30,3,"DE","quantile","0.85",789.024332914324
2026-08-19,"ARI incidence",2026-08-30,3,"DE","quantile","0.9",880.979330199391
2026-08-19,"ARI incidence",2026-08-30,3,"DE","quantile","0.95",1011.99649358353
2026-08-19,"ARI incidence",2026-08-30,3,"DE","quantile","0.975",1132.59198552737
2026-08-19,"ARI incidence",2026-08-30,3,"DE","quantile","0.99",1279.36628914054
2026-08-19,"ARI incidence",2026-09-06,4,"DE","median","",507.549731934943
2026-08-19,"ARI incidence",2026-09-06,4,"DE","quantile","0.01",46.8855153225722
2026-08-19,"ARI incidence",2026-09-06,4,"DE","quantile","0.025",83.3526908344756
2026-08-19,"ARI incidence",2026-09-06,4,"DE","quantile","0.05",129.139969363129
2026-08-19,"ARI incidence",2026-09-06,4,"DE","quantile","0.1",190.986288332135
2026-08-19,"ARI incidence",2026-09-06,4,"DE","quantile","0.15",236.919777465526
2026-08-19,"ARI incidence",2026-09-06,4,"DE","quantile","0.2",283.02644818717
2026-08-19,"ARI incidence",2026-09-06,4,"DE","quantile","0.25",321.329358348031
2026-08-19,"ARI incidence",2026-09-06,4,"DE","quantile","0.3",358.959175804011
2026-08-19,"ARI incidence",2026-09-06,4,"DE","quantile","0.35",393.57512389557
2026-08-19,"ARI incidence",2026-09-06,4,"DE","quantile","0.4",428.154972744543
2026-08-19,"ARI incidence",2026-09-06,4,"DE","quantile","0.45",466.013241390103
2026-08-19,"ARI incidence",2026-09-06,4,"DE","quantile","0.5",503.91315563333
2026-08-19,"ARI incidence",2026-09-06,4,"DE","quantile","0.55",544.661631214513
2026-08-19,"ARI incidence",2026-09-06,4,"DE","quantile","0.6",584.235806795716
2026-08-19,"ARI incidence",2026-09-06,4,"DE","quantile","0.65",630.191477911287
2026-08-19,"ARI incidence",2026-09-06,4,"DE","quantile","0.7",681.486527220299
2026-08-19,"ARI incidence",2026-09-06,4,"DE","quantile","0.75",735.35586848004
2026-08-19,"ARI incidence",2026-09-06,4,"DE","quantile","0.8",797.934345728062
2026-08-19,"ARI incidence",2026-09-06,4,"DE","quantile","0.85",875.622399537821
2026-08-19,"ARI incidence",2026-09-06,4,"DE","quantile","0.9",974.437023374405
2026-08-19,"ARI incidence",2026-09-06,4,"DE","quantile","0.95",1134.66998157908
2026-08-19,"ARI incidence",2026-09-06,4,"DE","quantile","0.975",1288.86311289989
2026-08-19,"ARI incidence",2026-09-06,4,"DE","quantile","0.99",1460.4602795326
2026-08-19,"ARI incidence",2026-08-16,1,"EE","median","",92.5120878751992
2026-08-19,"ARI incidence",2026-08-16,1,"EE","quantile","0.01",32.6280143576792
2026-08-19,"ARI incidence",2026-08-16,1,"EE","quantile","0.025",40.3103462953895
2026-08-19,"ARI incidence",2026-08-16,1,"EE","quantile","0.05",46.8944405266036
2026-08-19,"ARI incidence",2026-08-16,1,"EE","quantile","0.1",55.5755877103043
2026-08-19,"ARI incidence",2026-08-16,1,"EE","quantile","0.15",61.6023357051851
2026-08-19,"ARI incidence",2026-08-16,1,"EE","quantile","0.2",66.7973269368873
2026-08-19,"ARI incidence",2026-08-16,1,"EE","quantile","0.25",71.9465530327244
2026-08-19,"ARI incidence",2026-08-16,1,"EE","quantile","0.3",76.3375500464438
2026-08-19,"ARI incidence",2026-08-16,1,"EE","quantile","0.35",80.6505290285996
2026-08-19,"ARI incidence",2026-08-16,1,"EE","quantile","0.4",84.7437133641919
2026-08-19,"ARI incidence",2026-08-16,1,"EE","quantile","0.45",88.7115466974151
2026-08-19,"ARI incidence",2026-08-16,1,"EE","quantile","0.5",92.8457310806569
2026-08-19,"ARI incidence",2026-08-16,1,"EE","quantile","0.55",97.0053256951871
2026-08-19,"ARI incidence",2026-08-16,1,"EE","quantile","0.6",101.367497770599
2026-08-19,"ARI incidence",2026-08-16,1,"EE","quantile","0.65",105.733162140712
2026-08-19,"ARI incidence",2026-08-16,1,"EE","quantile","0.7",110.747914245805
2026-08-19,"ARI incidence",2026-08-16,1,"EE","quantile","0.75",116.157325855083
2026-08-19,"ARI incidence",2026-08-16,1,"EE","quantile","0.8",122.4721840731
2026-08-19,"ARI incidence",2026-08-16,1,"EE","quantile","0.85",129.705679612814
2026-08-19,"ARI incidence",2026-08-16,1,"EE","quantile","0.9",139.547218088163
2026-08-19,"ARI incidence",2026-08-16,1,"EE","quantile","0.95",154.113407253261
2026-08-19,"ARI incidence",2026-08-16,1,"EE","quantile","0.975",167.242913853503
2026-08-19,"ARI incidence",2026-08-16,1,"EE","quantile","0.99",183.072581468523
2026-08-19,"ARI incidence",2026-08-23,2,"EE","median","",97.2640103728453
2026-08-19,"ARI incidence",2026-08-23,2,"EE","quantile","0.01",26.6486899521859
2026-08-19,"ARI incidence",2026-08-23,2,"EE","quantile","0.025",35.9294180881297
2026-08-19,"ARI incidence",2026-08-23,2,"EE","quantile","0.05",43.5211249490323
2026-08-19,"ARI incidence",2026-08-23,2,"EE","quantile","0.1",53.2015477384656
2026-08-19,"ARI incidence",2026-08-23,2,"EE","quantile","0.15",60.6930408615585
2026-08-19,"ARI incidence",2026-08-23,2,"EE","quantile","0.2",67.14835414784
2026-08-19,"ARI incidence",2026-08-23,2,"EE","quantile","0.25",72.5066196632551
2026-08-19,"ARI incidence",2026-08-23,2,"EE","quantile","0.3",77.5060361612087
2026-08-19,"ARI incidence",2026-08-23,2,"EE","quantile","0.35",82.1457771348798
2026-08-19,"ARI incidence",2026-08-23,2,"EE","quantile","0.4",86.7835267573882
2026-08-19,"ARI incidence",2026-08-23,2,"EE","quantile","0.45",92.0672449553583
2026-08-19,"ARI incidence",2026-08-23,2,"EE","quantile","0.5",97.1446924440792
2026-08-19,"ARI incidence",2026-08-23,2,"EE","quantile","0.55",102.513890724229
2026-08-19,"ARI incidence",2026-08-23,2,"EE","quantile","0.6",107.997596976718
2026-08-19,"ARI incidence",2026-08-23,2,"EE","quantile","0.65",114.166176126394
2026-08-19,"ARI incidence",2026-08-23,2,"EE","quantile","0.7",120.144730720462
2026-08-19,"ARI incidence",2026-08-23,2,"EE","quantile","0.75",126.370314456094
2026-08-19,"ARI incidence",2026-08-23,2,"EE","quantile","0.8",134.321415685562
2026-08-19,"ARI incidence",2026-08-23,2,"EE","quantile","0.85",144.220793083918
2026-08-19,"ARI incidence",2026-08-23,2,"EE","quantile","0.9",155.591717730247
2026-08-19,"ARI incidence",2026-08-23,2,"EE","quantile","0.95",174.6697368816
2026-08-19,"ARI incidence",2026-08-23,2,"EE","quantile","0.975",189.594118504097
2026-08-19,"ARI incidence",2026-08-23,2,"EE","quantile","0.99",212.555757187417
2026-08-19,"ARI incidence",2026-08-30,3,"EE","median","",104.44418988306
2026-08-19,"ARI incidence",2026-08-30,3,"EE","quantile","0.01",24.6005208525796
2026-08-19,"ARI incidence",2026-08-30,3,"EE","quantile","0.025",33.2004433595655
2026-08-19,"ARI incidence",2026-08-30,3,"EE","quantile","0.05",41.7940541108457
2026-08-19,"ARI incidence",2026-08-30,3,"EE","quantile","0.1",53.090672832974
2026-08-19,"ARI incidence",2026-08-30,3,"EE","quantile","0.15",61.3545998580808
2026-08-19,"ARI incidence",2026-08-30,3,"EE","quantile","0.2",68.6282162426038
2026-08-19,"ARI incidence",2026-08-30,3,"EE","quantile","0.25",75.6035700826221
2026-08-19,"ARI incidence",2026-08-30,3,"EE","quantile","0.3",81.7141093455514
2026-08-19,"ARI incidence",2026-08-30,3,"EE","quantile","0.35",87.6621275270417
2026-08-19,"ARI incidence",2026-08-30,3,"EE","quantile","0.4",93.6353343049812
2026-08-19,"ARI incidence",2026-08-30,3,"EE","quantile","0.45",99.5019981432868
2026-08-19,"ARI incidence",2026-08-30,3,"EE","quantile","0.5",105.349677511955
2026-08-19,"ARI incidence",2026-08-30,3,"EE","quantile","0.55",111.191089942143
2026-08-19,"ARI incidence",2026-08-30,3,"EE","quantile","0.6",116.853685733458
2026-08-19,"ARI incidence",2026-08-30,3,"EE","quantile","0.65",123.505128573273
2026-08-19,"ARI incidence",2026-08-30,3,"EE","quantile","0.7",130.832492661033
2026-08-19,"ARI incidence",2026-08-30,3,"EE","quantile","0.75",139.215685360632
2026-08-19,"ARI incidence",2026-08-30,3,"EE","quantile","0.8",148.882408091938
2026-08-19,"ARI incidence",2026-08-30,3,"EE","quantile","0.85",159.906894810036
2026-08-19,"ARI incidence",2026-08-30,3,"EE","quantile","0.9",175.944193141602
2026-08-19,"ARI incidence",2026-08-30,3,"EE","quantile","0.95",197.445551163121
2026-08-19,"ARI incidence",2026-08-30,3,"EE","quantile","0.975",219.341734156489
2026-08-19,"ARI incidence",2026-08-30,3,"EE","quantile","0.99",246.835387740265
2026-08-19,"ARI incidence",2026-09-06,4,"EE","median","",110.459734220367
2026-08-19,"ARI incidence",2026-09-06,4,"EE","quantile","0.01",21.4794764629407
2026-08-19,"ARI incidence",2026-09-06,4,"EE","quantile","0.025",32.3935031712372
2026-08-19,"ARI incidence",2026-09-06,4,"EE","quantile","0.05",41.1575680748383
2026-08-19,"ARI incidence",2026-09-06,4,"EE","quantile","0.1",53.6426569706325
2026-08-19,"ARI incidence",2026-09-06,4,"EE","quantile","0.15",62.3483978397863
2026-08-19,"ARI incidence",2026-09-06,4,"EE","quantile","0.2",70.4525242314749
2026-08-19,"ARI incidence",2026-09-06,4,"EE","quantile","0.25",77.9622922011893
2026-08-19,"ARI incidence",2026-09-06,4,"EE","quantile","0.3",84.7207094381504
2026-08-19,"ARI incidence",2026-09-06,4,"EE","quantile","0.35",91.1734828664595
2026-08-19,"ARI incidence",2026-09-06,4,"EE","quantile","0.4",97.5010587279121
2026-08-19,"ARI incidence",2026-09-06,4,"EE","quantile","0.45",104.03037471675
2026-08-19,"ARI incidence",2026-09-06,4,"EE","quantile","0.5",110.935720096732
2026-08-19,"ARI incidence",2026-09-06,4,"EE","quantile","0.55",117.470766556511
2026-08-19,"ARI incidence",2026-09-06,4,"EE","quantile","0.6",123.989998873844
2026-08-19,"ARI incidence",2026-09-06,4,"EE","quantile","0.65",132.49453917635
2026-08-19,"ARI incidence",2026-09-06,4,"EE","quantile","0.7",141.556485392403
2026-08-19,"ARI incidence",2026-09-06,4,"EE","quantile","0.75",150.790382088243
2026-08-19,"ARI incidence",2026-09-06,4,"EE","quantile","0.8",161.617409840409
2026-08-19,"ARI incidence",2026-09-06,4,"EE","quantile","0.85",175.154077595917
2026-08-19,"ARI incidence",2026-09-06,4,"EE","quantile","0.9",191.416158293402
2026-08-19,"ARI incidence",2026-09-06,4,"EE","quantile","0.95",217.306414705845
2026-08-19,"ARI incidence",2026-09-06,4,"EE","quantile","0.975",242.029495998967
2026-08-19,"ARI incidence",2026-09-06,4,"EE","quantile","0.99",266.692758678847
2026-08-19,"ARI incidence",2026-08-16,1,"ES","median","",222.458969852287
2026-08-19,"ARI incidence",2026-08-16,1,"ES","quantile","0.01",130.650925463172
2026-08-19,"ARI incidence",2026-08-16,1,"ES","quantile","0.025",143.535341410062
2026-08-19,"ARI incidence",2026-08-16,1,"ES","quantile","0.05",155.278372744667
2026-08-19,"ARI incidence",2026-08-16,1,"ES","quantile","0.1",169.333316841619
2026-08-19,"ARI incidence",2026-08-16,1,"ES","quantile","0.15",178.703982942271
2026-08-19,"ARI incidence",2026-08-16,1,"ES","quantile","0.2",186.497965191444
2026-08-19,"ARI incidence",2026-08-16,1,"ES","quantile","0.25",193.365709087715
2026-08-19,"ARI incidence",2026-08-16,1,"ES","quantile","0.3",199.678627594118
2026-08-19,"ARI incidence",2026-08-16,1,"ES","quantile","0.35",205.31637844827
2026-08-19,"ARI incidence",2026-08-16,1,"ES","quantile","0.4",210.989918182199
2026-08-19,"ARI incidence",2026-08-16,1,"ES","quantile","0.45",216.244127544497
2026-08-19,"ARI incidence",2026-08-16,1,"ES","quantile","0.5",222.042781131078
2026-08-19,"ARI incidence",2026-08-16,1,"ES","quantile","0.55",227.396755295075
2026-08-19,"ARI incidence",2026-08-16,1,"ES","quantile","0.6",232.839351571726
2026-08-19,"ARI incidence",2026-08-16,1,"ES","quantile","0.65",238.983115744053
2026-08-19,"ARI incidence",2026-08-16,1,"ES","quantile","0.7",245.602005199167
2026-08-19,"ARI incidence",2026-08-16,1,"ES","quantile","0.75",253.027062358732
2026-08-19,"ARI incidence",2026-08-16,1,"ES","quantile","0.8",261.404486038196
2026-08-19,"ARI incidence",2026-08-16,1,"ES","quantile","0.85",270.422281917974
2026-08-19,"ARI incidence",2026-08-16,1,"ES","quantile","0.9",281.623190093805
2026-08-19,"ARI incidence",2026-08-16,1,"ES","quantile","0.95",301.364840478385
2026-08-19,"ARI incidence",2026-08-16,1,"ES","quantile","0.975",319.813585297361
2026-08-19,"ARI incidence",2026-08-16,1,"ES","quantile","0.99",339.454731799399
2026-08-19,"ARI incidence",2026-08-23,2,"ES","median","",233.436816270931
2026-08-19,"ARI incidence",2026-08-23,2,"ES","quantile","0.01",106.428483514685
2026-08-19,"ARI incidence",2026-08-23,2,"ES","quantile","0.025",122.654906615308
2026-08-19,"ARI incidence",2026-08-23,2,"ES","quantile","0.05",137.659692199696
2026-08-19,"ARI incidence",2026-08-23,2,"ES","quantile","0.1",156.631529740931
2026-08-19,"ARI incidence",2026-08-23,2,"ES","quantile","0.15",170.374377482833
2026-08-19,"ARI incidence",2026-08-23,2,"ES","quantile","0.2",181.233186564826
2026-08-19,"ARI incidence",2026-08-23,2,"ES","quantile","0.25",191.433532652586
2026-08-19,"ARI incidence",2026-08-23,2,"ES","quantile","0.3",200.322663534593
2026-08-19,"ARI incidence",2026-08-23,2,"ES","quantile","0.35",209.115367129666
2026-08-19,"ARI incidence",2026-08-23,2,"ES","quantile","0.4",217.579174307348
2026-08-19,"ARI incidence",2026-08-23,2,"ES","quantile","0.45",225.661769431935
2026-08-19,"ARI incidence",2026-08-23,2,"ES","quantile","0.5",233.901071065008
2026-08-19,"ARI incidence",2026-08-23,2,"ES","quantile","0.55",242.249943110198
2026-08-19,"ARI incidence",2026-08-23,2,"ES","quantile","0.6",251.143095228864
2026-08-19,"ARI incidence",2026-08-23,2,"ES","quantile","0.65",259.601720639953
2026-08-19,"ARI incidence",2026-08-23,2,"ES","quantile","0.7",268.722550687427
2026-08-19,"ARI incidence",2026-08-23,2,"ES","quantile","0.75",279.409746042008
2026-08-19,"ARI incidence",2026-08-23,2,"ES","quantile","0.8",291.696128522691
2026-08-19,"ARI incidence",2026-08-23,2,"ES","quantile","0.85",306.5418097683
2026-08-19,"ARI incidence",2026-08-23,2,"ES","quantile","0.9",325.251813777634
2026-08-19,"ARI incidence",2026-08-23,2,"ES","quantile","0.95",355.781149334976
2026-08-19,"ARI incidence",2026-08-23,2,"ES","quantile","0.975",383.825413211708
2026-08-19,"ARI incidence",2026-08-23,2,"ES","quantile","0.99",416.030687897813
2026-08-19,"ARI incidence",2026-08-30,3,"ES","median","",245.760094666411
2026-08-19,"ARI incidence",2026-08-30,3,"ES","quantile","0.01",86.712868864052
2026-08-19,"ARI incidence",2026-08-30,3,"ES","quantile","0.025",105.21464092137
2026-08-19,"ARI incidence",2026-08-30,3,"ES","quantile","0.05",124.760791990193
2026-08-19,"ARI incidence",2026-08-30,3,"ES","quantile","0.1",149.756263492713
2026-08-19,"ARI incidence",2026-08-30,3,"ES","quantile","0.15",165.145630918971
2026-08-19,"ARI incidence",2026-08-30,3,"ES","quantile","0.2",179.436628455281
2026-08-19,"ARI incidence",2026-08-30,3,"ES","quantile","0.25",192.293484557384
2026-08-19,"ARI incidence",2026-08-30,3,"ES","quantile","0.3",203.899206455187
2026-08-19,"ARI incidence",2026-08-30,3,"ES","quantile","0.35",213.873491406179
2026-08-19,"ARI incidence",2026-08-30,3,"ES","quantile","0.4",224.769297885222
2026-08-19,"ARI incidence",2026-08-30,3,"ES","quantile","0.45",235.926954060391
2026-08-19,"ARI incidence",2026-08-30,3,"ES","quantile","0.5",246.807969911065
2026-08-19,"ARI incidence",2026-08-30,3,"ES","quantile","0.55",257.24408623508
2026-08-19,"ARI incidence",2026-08-30,3,"ES","quantile","0.6",268.498351768436
2026-08-19,"ARI incidence",2026-08-30,3,"ES","quantile","0.65",280.941212417853
2026-08-19,"ARI incidence",2026-08-30,3,"ES","quantile","0.7",294.485941703637
2026-08-19,"ARI incidence",2026-08-30,3,"ES","quantile","0.75",308.251156439908
2026-08-19,"ARI incidence",2026-08-30,3,"ES","quantile","0.8",324.284917717424
2026-08-19,"ARI incidence",2026-08-30,3,"ES","quantile","0.85",342.982657202792
2026-08-19,"ARI incidence",2026-08-30,3,"ES","quantile","0.9",368.20276103638
2026-08-19,"ARI incidence",2026-08-30,3,"ES","quantile","0.95",409.218381310756
2026-08-19,"ARI incidence",2026-08-30,3,"ES","quantile","0.975",445.984633462239
2026-08-19,"ARI incidence",2026-08-30,3,"ES","quantile","0.99",489.399312800102
2026-08-19,"ARI incidence",2026-09-06,4,"ES","median","",257.415089646656
2026-08-19,"ARI incidence",2026-09-06,4,"ES","quantile","0.01",73.7782522738978
2026-08-19,"ARI incidence",2026-09-06,4,"ES","quantile","0.025",96.2166688158698
2026-08-19,"ARI incidence",2026-09-06,4,"ES","quantile","0.05",115.381489002053
2026-08-19,"ARI incidence",2026-09-06,4,"ES","quantile","0.1",141.734313566161
2026-08-19,"ARI incidence",2026-09-06,4,"ES","quantile","0.15",160.796464845274
2026-08-19,"ARI incidence",2026-09-06,4,"ES","quantile","0.2",177.334077389876
2026-08-19,"ARI incidence",2026-09-06,4,"ES","quantile","0.25",193.177137185187
2026-08-19,"ARI incidence",2026-09-06,4,"ES","quantile","0.3",206.817253327396
2026-08-19,"ARI incidence",2026-09-06,4,"ES","quantile","0.35",220.428978074928
2026-08-19,"ARI incidence",2026-09-06,4,"ES","quantile","0.4",232.958882034493
2026-08-19,"ARI incidence",2026-09-06,4,"ES","quantile","0.45",245.499858175317
2026-08-19,"ARI incidence",2026-09-06,4,"ES","quantile","0.5",258.741167542424
2026-08-19,"ARI incidence",2026-09-06,4,"ES","quantile","0.55",271.804257049719
2026-08-19,"ARI incidence",2026-09-06,4,"ES","quantile","0.6",285.556812947246
2026-08-19,"ARI incidence",2026-09-06,4,"ES","quantile","0.65",300.4280661828
2026-08-19,"ARI incidence",2026-09-06,4,"ES","quantile","0.7",315.991559763033
2026-08-19,"ARI incidence",2026-09-06,4,"ES","quantile","0.75",332.313860083075
2026-08-19,"ARI incidence",2026-09-06,4,"ES","quantile","0.8",351.807194713726
2026-08-19,"ARI incidence",2026-09-06,4,"ES","quantile","0.85",375.992687076619
2026-08-19,"ARI incidence",2026-09-06,4,"ES","quantile","0.9",406.109982198333
2026-08-19,"ARI incidence",2026-09-06,4,"ES","quantile","0.95",452.414279883428
2026-08-19,"ARI incidence",2026-09-06,4,"ES","quantile","0.975",496.050031934015
2026-08-19,"ARI incidence",2026-09-06,4,"ES","quantile","0.99",550.673492867707
2026-08-19,"ARI incidence",2026-08-16,1,"FI","median","",2131.99402536612
2026-08-19,"ARI incidence",2026-08-16,1,"FI","quantile","0.01",165.873516079097
2026-08-19,"ARI incidence",2026-08-16,1,"FI","quantile","0.025",332.767636523841
2026-08-19,"ARI incidence",2026-08-16,1,"FI","quantile","0.05",492.831881004175
2026-08-19,"ARI incidence",2026-08-16,1,"FI","quantile","0.1",778.749080767548
2026-08-19,"ARI incidence",2026-08-16,1,"FI","quantile","0.15",992.551460668486
2026-08-19,"ARI incidence",2026-08-16,1,"FI","quantile","0.2",1167.11171493634
2026-08-19,"ARI incidence",2026-08-16,1,"FI","quantile","0.25",1341.05814641364
2026-08-19,"ARI incidence",2026-08-16,1,"FI","quantile","0.3",1510.20066321314
2026-08-19,"ARI incidence",2026-08-16,1,"FI","quantile","0.35",1659.39177343635
2026-08-19,"ARI incidence",2026-08-16,1,"FI","quantile","0.4",1836.66069319664
2026-08-19,"ARI incidence",2026-08-16,1,"FI","quantile","0.45",1992.82308341511
2026-08-19,"ARI incidence",2026-08-16,1,"FI","quantile","0.5",2153.44920384671
2026-08-19,"ARI incidence",2026-08-16,1,"FI","quantile","0.55",2314.35206392839
2026-08-19,"ARI incidence",2026-08-16,1,"FI","quantile","0.6",2480.38392700709
2026-08-19,"ARI incidence",2026-08-16,1,"FI","quantile","0.65",2663.08751677947
2026-08-19,"ARI incidence",2026-08-16,1,"FI","quantile","0.7",2888.75280667454
2026-08-19,"ARI incidence",2026-08-16,1,"FI","quantile","0.75",3145.75502186337
2026-08-19,"ARI incidence",2026-08-16,1,"FI","quantile","0.8",3403.46468536703
2026-08-19,"ARI incidence",2026-08-16,1,"FI","quantile","0.85",3735.23324959191
2026-08-19,"ARI incidence",2026-08-16,1,"FI","quantile","0.9",4161.28801858733
2026-08-19,"ARI incidence",2026-08-16,1,"FI","quantile","0.95",4823.82193837962
2026-08-19,"ARI incidence",2026-08-16,1,"FI","quantile","0.975",5472.86312445835
2026-08-19,"ARI incidence",2026-08-16,1,"FI","quantile","0.99",6249.94957925603
2026-08-19,"ARI incidence",2026-08-23,2,"FI","median","",2216.11660934323
2026-08-19,"ARI incidence",2026-08-23,2,"FI","quantile","0.01",175.058677860476
2026-08-19,"ARI incidence",2026-08-23,2,"FI","quantile","0.025",345.517667859394
2026-08-19,"ARI incidence",2026-08-23,2,"FI","quantile","0.05",534.954065779757
2026-08-19,"ARI incidence",2026-08-23,2,"FI","quantile","0.1",804.828928675254
2026-08-19,"ARI incidence",2026-08-23,2,"FI","quantile","0.15",1023.13233435837
2026-08-19,"ARI incidence",2026-08-23,2,"FI","quantile","0.2",1195.98048288975
2026-08-19,"ARI incidence",2026-08-23,2,"FI","quantile","0.25",1379.99097698463
2026-08-19,"ARI incidence",2026-08-23,2,"FI","quantile","0.3",1541.62707082319
2026-08-19,"ARI incidence",2026-08-23,2,"FI","quantile","0.35",1711.67304463469
2026-08-19,"ARI incidence",2026-08-23,2,"FI","quantile","0.4",1878.4118376845
2026-08-19,"ARI incidence",2026-08-23,2,"FI","quantile","0.45",2045.14000497525
2026-08-19,"ARI incidence",2026-08-23,2,"FI","quantile","0.5",2228.29117153135
2026-08-19,"ARI incidence",2026-08-23,2,"FI","quantile","0.55",2401.06220635726
2026-08-19,"ARI incidence",2026-08-23,2,"FI","quantile","0.6",2576.47389240104
2026-08-19,"ARI incidence",2026-08-23,2,"FI","quantile","0.65",2777.77983895006
2026-08-19,"ARI incidence",2026-08-23,2,"FI","quantile","0.7",2978.30722518259
2026-08-19,"ARI incidence",2026-08-23,2,"FI","quantile","0.75",3233.72095928724
2026-08-19,"ARI incidence",2026-08-23,2,"FI","quantile","0.8",3518.06118601343
2026-08-19,"ARI incidence",2026-08-23,2,"FI","quantile","0.85",3838.3274749141
2026-08-19,"ARI incidence",2026-08-23,2,"FI","quantile","0.9",4304.54343818216
2026-08-19,"ARI incidence",2026-08-23,2,"FI","quantile","0.95",4975.65778660706
2026-08-19,"ARI incidence",2026-08-23,2,"FI","quantile","0.975",5644.48020421751
2026-08-19,"ARI incidence",2026-08-23,2,"FI","quantile","0.99",6477.20537002487
2026-08-19,"ARI incidence",2026-08-30,3,"FI","median","",2285.78723040325
2026-08-19,"ARI incidence",2026-08-30,3,"FI","quantile","0.01",179.276322201097
2026-08-19,"ARI incidence",2026-08-30,3,"FI","quantile","0.025",336.330162088504
2026-08-19,"ARI incidence",2026-08-30,3,"FI","quantile","0.05",539.711553410659
2026-08-19,"ARI incidence",2026-08-30,3,"FI","quantile","0.1",826.12950276773
2026-08-19,"ARI incidence",2026-08-30,3,"FI","quantile","0.15",1036.94525174474
2026-08-19,"ARI incidence",2026-08-30,3,"FI","quantile","0.2",1244.83366305171
2026-08-19,"ARI incidence",2026-08-30,3,"FI","quantile","0.25",1417.29100279925
2026-08-19,"ARI incidence",2026-08-30,3,"FI","quantile","0.3",1589.84568944107
2026-08-19,"ARI incidence",2026-08-30,3,"FI","quantile","0.35",1759.84782155289
2026-08-19,"ARI incidence",2026-08-30,3,"FI","quantile","0.4",1936.33028846674
2026-08-19,"ARI incidence",2026-08-30,3,"FI","quantile","0.45",2111.74931252333
2026-08-19,"ARI incidence",2026-08-30,3,"FI","quantile","0.5",2287.52825349002
2026-08-19,"ARI incidence",2026-08-30,3,"FI","quantile","0.55",2476.52540683234
2026-08-19,"ARI incidence",2026-08-30,3,"FI","quantile","0.6",2648.08934945711
2026-08-19,"ARI incidence",2026-08-30,3,"FI","quantile","0.65",2854.66388358634
2026-08-19,"ARI incidence",2026-08-30,3,"FI","quantile","0.7",3086.09249464984
2026-08-19,"ARI incidence",2026-08-30,3,"FI","quantile","0.75",3343.20518006142
2026-08-19,"ARI incidence",2026-08-30,3,"FI","quantile","0.8",3677.70490058587
2026-08-19,"ARI incidence",2026-08-30,3,"FI","quantile","0.85",4034.9763714854
2026-08-19,"ARI incidence",2026-08-30,3,"FI","quantile","0.9",4501.39125950133
2026-08-19,"ARI incidence",2026-08-30,3,"FI","quantile","0.95",5229.99803019297
2026-08-19,"ARI incidence",2026-08-30,3,"FI","quantile","0.975",5880.41794038345
2026-08-19,"ARI incidence",2026-08-30,3,"FI","quantile","0.99",6611.90610004822
2026-08-19,"ARI incidence",2026-09-06,4,"FI","median","",2343.28954629393
2026-08-19,"ARI incidence",2026-09-06,4,"FI","quantile","0.01",191.123387505246
2026-08-19,"ARI incidence",2026-09-06,4,"FI","quantile","0.025",391.172533458377
2026-08-19,"ARI incidence",2026-09-06,4,"FI","quantile","0.05",605.545811024457
2026-08-19,"ARI incidence",2026-09-06,4,"FI","quantile","0.1",897.512886334812
2026-08-19,"ARI incidence",2026-09-06,4,"FI","quantile","0.15",1136.85916644358
2026-08-19,"ARI incidence",2026-09-06,4,"FI","quantile","0.2",1326.230570356
2026-08-19,"ARI incidence",2026-09-06,4,"FI","quantile","0.25",1504.29514233622
2026-08-19,"ARI incidence",2026-09-06,4,"FI","quantile","0.3",1664.09894719661
2026-08-19,"ARI incidence",2026-09-06,4,"FI","quantile","0.35",1817.92900348716
2026-08-19,"ARI incidence",2026-09-06,4,"FI","quantile","0.4",1992.24658436141
2026-08-19,"ARI incidence",2026-09-06,4,"FI","quantile","0.45",2168.83002293206
2026-08-19,"ARI incidence",2026-09-06,4,"FI","quantile","0.5",2349.03017871084
2026-08-19,"ARI incidence",2026-09-06,4,"FI","quantile","0.55",2536.85424451688
2026-08-19,"ARI incidence",2026-09-06,4,"FI","quantile","0.6",2724.58794008075
2026-08-19,"ARI incidence",2026-09-06,4,"FI","quantile","0.65",2932.13382203203
2026-08-19,"ARI incidence",2026-09-06,4,"FI","quantile","0.7",3170.56548155097
2026-08-19,"ARI incidence",2026-09-06,4,"FI","quantile","0.75",3443.09424814551
2026-08-19,"ARI incidence",2026-09-06,4,"FI","quantile","0.8",3740.9534882565
2026-08-19,"ARI incidence",2026-09-06,4,"FI","quantile","0.85",4121.09457767965
2026-08-19,"ARI incidence",2026-09-06,4,"FI","quantile","0.9",4548.08367758052
2026-08-19,"ARI incidence",2026-09-06,4,"FI","quantile","0.95",5381.61741408373
2026-08-19,"ARI incidence",2026-09-06,4,"FI","quantile","0.975",6087.69427813983
2026-08-19,"ARI incidence",2026-09-06,4,"FI","quantile","0.99",7010.61113754241
2026-08-19,"ARI incidence",2026-08-16,1,"GB-ENG","median","",152.610981081062
2026-08-19,"ARI incidence",2026-08-16,1,"GB-ENG","quantile","0.01",119.276206663653
2026-08-19,"ARI incidence",2026-08-16,1,"GB-ENG","quantile","0.025",123.444497540064
2026-08-19,"ARI incidence",2026-08-16,1,"GB-ENG","quantile","0.05",128.358704675322
2026-08-19,"ARI incidence",2026-08-16,1,"GB-ENG","quantile","0.1",133.553665514782
2026-08-19,"ARI incidence",2026-08-16,1,"GB-ENG","quantile","0.15",137.292926015621
2026-08-19,"ARI incidence",2026-08-16,1,"GB-ENG","quantile","0.2",140.282782943689
2026-08-19,"ARI incidence",2026-08-16,1,"GB-ENG","quantile","0.25",142.603797765356
2026-08-19,"ARI incidence",2026-08-16,1,"GB-ENG","quantile","0.3",144.804677921971
2026-08-19,"ARI incidence",2026-08-16,1,"GB-ENG","quantile","0.35",146.858533111224
2026-08-19,"ARI incidence",2026-08-16,1,"GB-ENG","quantile","0.4",148.943574835139
2026-08-19,"ARI incidence",2026-08-16,1,"GB-ENG","quantile","0.45",150.833213374828
2026-08-19,"ARI incidence",2026-08-16,1,"GB-ENG","quantile","0.5",152.862236770922
2026-08-19,"ARI incidence",2026-08-16,1,"GB-ENG","quantile","0.55",154.952980006478
2026-08-19,"ARI incidence",2026-08-16,1,"GB-ENG","quantile","0.6",156.84708244333
2026-08-19,"ARI incidence",2026-08-16,1,"GB-ENG","quantile","0.65",158.741323810109
2026-08-19,"ARI incidence",2026-08-16,1,"GB-ENG","quantile","0.7",160.956258110287
2026-08-19,"ARI incidence",2026-08-16,1,"GB-ENG","quantile","0.75",163.306622271323
2026-08-19,"ARI incidence",2026-08-16,1,"GB-ENG","quantile","0.8",166.01798060379
2026-08-19,"ARI incidence",2026-08-16,1,"GB-ENG","quantile","0.85",168.967638847596
2026-08-19,"ARI incidence",2026-08-16,1,"GB-ENG","quantile","0.9",173.106990821325
2026-08-19,"ARI incidence",2026-08-16,1,"GB-ENG","quantile","0.95",179.170013678914
2026-08-19,"ARI incidence",2026-08-16,1,"GB-ENG","quantile","0.975",184.603778488261
2026-08-19,"ARI incidence",2026-08-16,1,"GB-ENG","quantile","0.99",191.074658730108
2026-08-19,"ARI incidence",2026-08-23,2,"GB-ENG","median","",152.610981081062
2026-08-19,"ARI incidence",2026-08-23,2,"GB-ENG","quantile","0.01",107.690872496582
2026-08-19,"ARI incidence",2026-08-23,2,"GB-ENG","quantile","0.025",115.379453622461
2026-08-19,"ARI incidence",2026-08-23,2,"GB-ENG","quantile","0.05",121.593733742705
2026-08-19,"ARI incidence",2026-08-23,2,"GB-ENG","quantile","0.1",128.013671950837
2026-08-19,"ARI incidence",2026-08-23,2,"GB-ENG","quantile","0.15",132.413228638992
2026-08-19,"ARI incidence",2026-08-23,2,"GB-ENG","quantile","0.2",136.154540031886
2026-08-19,"ARI incidence",2026-08-23,2,"GB-ENG","quantile","0.25",139.362107440675
2026-08-19,"ARI incidence",2026-08-23,2,"GB-ENG","quantile","0.3",142.342102581846
2026-08-19,"ARI incidence",2026-08-23,2,"GB-ENG","quantile","0.35",144.990847515055
2026-08-19,"ARI incidence",2026-08-23,2,"GB-ENG","quantile","0.4",147.415281655512
2026-08-19,"ARI incidence",2026-08-23,2,"GB-ENG","quantile","0.45",149.939460619104
2026-08-19,"ARI incidence",2026-08-23,2,"GB-ENG","quantile","0.5",152.614241641888
2026-08-19,"ARI incidence",2026-08-23,2,"GB-ENG","quantile","0.55",155.151002969921
2026-08-19,"ARI incidence",2026-08-23,2,"GB-ENG","quantile","0.6",157.847687087498
2026-08-19,"ARI incidence",2026-08-23,2,"GB-ENG","quantile","0.65",160.915945727831
2026-08-19,"ARI incidence",2026-08-23,2,"GB-ENG","quantile","0.7",163.853022744329
2026-08-19,"ARI incidence",2026-08-23,2,"GB-ENG","quantile","0.75",166.946509923255
2026-08-19,"ARI incidence",2026-08-23,2,"GB-ENG","quantile","0.8",170.555828397138
2026-08-19,"ARI incidence",2026-08-23,2,"GB-ENG","quantile","0.85",175.003073586032
2026-08-19,"ARI incidence",2026-08-23,2,"GB-ENG","quantile","0.9",180.192289410547
2026-08-19,"ARI incidence",2026-08-23,2,"GB-ENG","quantile","0.95",187.972910408424
2026-08-19,"ARI incidence",2026-08-23,2,"GB-ENG","quantile","0.975",195.56481750756
2026-08-19,"ARI incidence",2026-08-23,2,"GB-ENG","quantile","0.99",203.578613245974
2026-08-19,"ARI incidence",2026-08-30,3,"GB-ENG","median","",152.610981081062
2026-08-19,"ARI incidence",2026-08-30,3,"GB-ENG","quantile","0.01",102.877813561281
2026-08-19,"ARI incidence",2026-08-30,3,"GB-ENG","quantile","0.025",109.032693551176
2026-08-19,"ARI incidence",2026-08-30,3,"GB-ENG","quantile","0.05",115.944910020438
2026-08-19,"ARI incidence",2026-08-30,3,"GB-ENG","quantile","0.1",123.5314393821
2026-08-19,"ARI incidence",2026-08-30,3,"GB-ENG","quantile","0.15",128.692680865002
2026-08-19,"ARI incidence",2026-08-30,3,"GB-ENG","quantile","0.2",132.802597571736
2026-08-19,"ARI incidence",2026-08-30,3,"GB-ENG","quantile","0.25",137.021531060243
2026-08-19,"ARI incidence",2026-08-30,3,"GB-ENG","quantile","0.3",140.389384077118
2026-08-19,"ARI incidence",2026-08-30,3,"GB-ENG","quantile","0.35",143.784665468362
2026-08-19,"ARI incidence",2026-08-30,3,"GB-ENG","quantile","0.4",146.824701568683
2026-08-19,"ARI incidence",2026-08-30,3,"GB-ENG","quantile","0.45",150.167773202439
2026-08-19,"ARI incidence",2026-08-30,3,"GB-ENG","quantile","0.5",153.512197066921
2026-08-19,"ARI incidence",2026-08-30,3,"GB-ENG","quantile","0.55",156.455328304125
2026-08-19,"ARI incidence",2026-08-30,3,"GB-ENG","quantile","0.6",159.628372713181
2026-08-19,"ARI incidence",2026-08-30,3,"GB-ENG","quantile","0.65",163.005102013065
2026-08-19,"ARI incidence",2026-08-30,3,"GB-ENG","quantile","0.7",166.464288066137
2026-08-19,"ARI incidence",2026-08-30,3,"GB-ENG","quantile","0.75",170.097632177471
2026-08-19,"ARI incidence",2026-08-30,3,"GB-ENG","quantile","0.8",174.022865682332
2026-08-19,"ARI incidence",2026-08-30,3,"GB-ENG","quantile","0.85",179.480257182653
2026-08-19,"ARI incidence",2026-08-30,3,"GB-ENG","quantile","0.9",185.683106323521
2026-08-19,"ARI incidence",2026-08-30,3,"GB-ENG","quantile","0.95",195.84419758116
2026-08-19,"ARI incidence",2026-08-30,3,"GB-ENG","quantile","0.975",205.138854304138
2026-08-19,"ARI incidence",2026-08-30,3,"GB-ENG","quantile","0.99",215.608038806015
2026-08-19,"ARI incidence",2026-09-06,4,"GB-ENG","median","",152.610981081062
2026-08-19,"ARI incidence",2026-09-06,4,"GB-ENG","quantile","0.01",95.5293179009536
2026-08-19,"ARI incidence",2026-09-06,4,"GB-ENG","quantile","0.025",103.365459305452
2026-08-19,"ARI incidence",2026-09-06,4,"GB-ENG","quantile","0.05",111.298582159329
2026-08-19,"ARI incidence",2026-09-06,4,"GB-ENG","quantile","0.1",119.628745575665
2026-08-19,"ARI incidence",2026-09-06,4,"GB-ENG","quantile","0.15",125.768155552854
2026-08-19,"ARI incidence",2026-09-06,4,"GB-ENG","quantile","0.2",130.445255107994
2026-08-19,"ARI incidence",2026-09-06,4,"GB-ENG","quantile","0.25",134.721428927422
2026-08-19,"ARI incidence",2026-09-06,4,"GB-ENG","quantile","0.3",138.866810768942
2026-08-19,"ARI incidence",2026-09-06,4,"GB-ENG","quantile","0.35",142.644867769536
2026-08-19,"ARI incidence",2026-09-06,4,"GB-ENG","quantile","0.4",146.114336504724
2026-08-19,"ARI incidence",2026-09-06,4,"GB-ENG","quantile","0.45",149.435659097218
2026-08-19,"ARI incidence",2026-09-06,4,"GB-ENG","quantile","0.5",153.30621045992
2026-08-19,"ARI incidence",2026-09-06,4,"GB-ENG","quantile","0.55",156.797175029516
2026-08-19,"ARI incidence",2026-09-06,4,"GB-ENG","quantile","0.6",160.439771345115
2026-08-19,"ARI incidence",2026-09-06,4,"GB-ENG","quantile","0.65",164.29225620595
2026-08-19,"ARI incidence",2026-09-06,4,"GB-ENG","quantile","0.7",168.557030660981
2026-08-19,"ARI incidence",2026-09-06,4,"GB-ENG","quantile","0.75",172.666317313189
2026-08-19,"ARI incidence",2026-09-06,4,"GB-ENG","quantile","0.8",177.113121651762
2026-08-19,"ARI incidence",2026-09-06,4,"GB-ENG","quantile","0.85",183.324158380319
2026-08-19,"ARI incidence",2026-09-06,4,"GB-ENG","quantile","0.9",191.103328385476
2026-08-19,"ARI incidence",2026-09-06,4,"GB-ENG","quantile","0.95",202.716897909978
2026-08-19,"ARI incidence",2026-09-06,4,"GB-ENG","quantile","0.975",213.638850632907
2026-08-19,"ARI incidence",2026-09-06,4,"GB-ENG","quantile","0.99",225.993648003996
2026-08-19,"ARI incidence",2026-08-16,1,"GB-NIR","median","",106.874029924707
2026-08-19,"ARI incidence",2026-08-16,1,"GB-NIR","quantile","0.01",72.7929884844821
2026-08-19,"ARI incidence",2026-08-16,1,"GB-NIR","quantile","0.025",77.5977460375426
2026-08-19,"ARI incidence",2026-08-16,1,"GB-NIR","quantile","0.05",81.7906947713919
2026-08-19,"ARI incidence",2026-08-16,1,"GB-NIR","quantile","0.1",87.2245020062441
2026-08-19,"ARI incidence",2026-08-16,1,"GB-NIR","quantile","0.15",90.8044873834138
2026-08-19,"ARI incidence",2026-08-16,1,"GB-NIR","quantile","0.2",93.8374054884546
2026-08-19,"ARI incidence",2026-08-16,1,"GB-NIR","quantile","0.25",96.4630401118414
2026-08-19,"ARI incidence",2026-08-16,1,"GB-NIR","quantile","0.3",98.871432005329
2026-08-19,"ARI incidence",2026-08-16,1,"GB-NIR","quantile","0.35",101.280833135355
2026-08-19,"ARI incidence",2026-08-16,1,"GB-NIR","quantile","0.4",103.294105172703
2026-08-19,"ARI incidence",2026-08-16,1,"GB-NIR","quantile","0.45",105.249987157032
2026-08-19,"ARI incidence",2026-08-16,1,"GB-NIR","quantile","0.5",107.268677840316
2026-08-19,"ARI incidence",2026-08-16,1,"GB-NIR","quantile","0.55",109.321471391709
2026-08-19,"ARI incidence",2026-08-16,1,"GB-NIR","quantile","0.6",111.357246998474
2026-08-19,"ARI incidence",2026-08-16,1,"GB-NIR","quantile","0.65",113.370105286972
2026-08-19,"ARI incidence",2026-08-16,1,"GB-NIR","quantile","0.7",115.805752493359
2026-08-19,"ARI incidence",2026-08-16,1,"GB-NIR","quantile","0.75",118.456454862654
2026-08-19,"ARI incidence",2026-08-16,1,"GB-NIR","quantile","0.8",121.111898323651
2026-08-19,"ARI incidence",2026-08-16,1,"GB-NIR","quantile","0.85",124.418614015626
2026-08-19,"ARI incidence",2026-08-16,1,"GB-NIR","quantile","0.9",128.706843974291
2026-08-19,"ARI incidence",2026-08-16,1,"GB-NIR","quantile","0.95",134.904274637523
2026-08-19,"ARI incidence",2026-08-16,1,"GB-NIR","quantile","0.975",141.334958168323
2026-08-19,"ARI incidence",2026-08-16,1,"GB-NIR","quantile","0.99",148.386815628359
2026-08-19,"ARI incidence",2026-08-23,2,"GB-NIR","median","",106.886028116199
2026-08-19,"ARI incidence",2026-08-23,2,"GB-NIR","quantile","0.01",63.2369666360463
2026-08-19,"ARI incidence",2026-08-23,2,"GB-NIR","quantile","0.025",69.0067765250107
2026-08-19,"ARI incidence",2026-08-23,2,"GB-NIR","quantile","0.05",74.705617769763
2026-08-19,"ARI incidence",2026-08-23,2,"GB-NIR","quantile","0.1",81.0471681774832
2026-08-19,"ARI incidence",2026-08-23,2,"GB-NIR","quantile","0.15",85.960831190803
2026-08-19,"ARI incidence",2026-08-23,2,"GB-NIR","quantile","0.2",89.6944138331798
2026-08-19,"ARI incidence",2026-08-23,2,"GB-NIR","quantile","0.25",93.3250587062473
2026-08-19,"ARI incidence",2026-08-23,2,"GB-NIR","quantile","0.3",96.2851679120852
2026-08-19,"ARI incidence",2026-08-23,2,"GB-NIR","quantile","0.35",99.4232143321506
2026-08-19,"ARI incidence",2026-08-23,2,"GB-NIR","quantile","0.4",102.084719980367
2026-08-19,"ARI incidence",2026-08-23,2,"GB-NIR","quantile","0.45",104.892133337386
2026-08-19,"ARI incidence",2026-08-23,2,"GB-NIR","quantile","0.5",107.694491965892
2026-08-19,"ARI incidence",2026-08-23,2,"GB-NIR","quantile","0.55",110.196433031166
2026-08-19,"ARI incidence",2026-08-23,2,"GB-NIR","quantile","0.6",112.973810169709
2026-08-19,"ARI incidence",2026-08-23,2,"GB-NIR","quantile","0.65",115.892706885524
2026-08-19,"ARI incidence",2026-08-23,2,"GB-NIR","quantile","0.7",119.137120838458
2026-08-19,"ARI incidence",2026-08-23,2,"GB-NIR","quantile","0.75",122.515444377108
2026-08-19,"ARI incidence",2026-08-23,2,"GB-NIR","quantile","0.8",126.480702194767
2026-08-19,"ARI incidence",2026-08-23,2,"GB-NIR","quantile","0.85",131.018470765224
2026-08-19,"ARI incidence",2026-08-23,2,"GB-NIR","quantile","0.9",136.77235438823
2026-08-19,"ARI incidence",2026-08-23,2,"GB-NIR","quantile","0.95",145.010029036966
2026-08-19,"ARI incidence",2026-08-23,2,"GB-NIR","quantile","0.975",152.429898461559
2026-08-19,"ARI incidence",2026-08-23,2,"GB-NIR","quantile","0.99",161.866936398716
2026-08-19,"ARI incidence",2026-08-30,3,"GB-NIR","median","",106.884766146788
2026-08-19,"ARI incidence",2026-08-30,3,"GB-NIR","quantile","0.01",55.7630200089561
2026-08-19,"ARI incidence",2026-08-30,3,"GB-NIR","quantile","0.025",61.9323668834195
2026-08-19,"ARI incidence",2026-08-30,3,"GB-NIR","quantile","0.05",68.688684226501
2026-08-19,"ARI incidence",2026-08-30,3,"GB-NIR","quantile","0.1",76.2120427157296
2026-08-19,"ARI incidence",2026-08-30,3,"GB-NIR","quantile","0.15",81.8998756219295
2026-08-19,"ARI incidence",2026-08-30,3,"GB-NIR","quantile","0.2",86.5870045110347
2026-08-19,"ARI incidence",2026-08-30,3,"GB-NIR","quantile","0.25",90.3109948845669
2026-08-19,"ARI incidence",2026-08-30,3,"GB-NIR","quantile","0.3",94.0944400827494
2026-08-19,"ARI incidence",2026-08-30,3,"GB-NIR","quantile","0.35",97.3974384411634
2026-08-19,"ARI incidence",2026-08-30,3,"GB-NIR","quantile","0.4",100.741036803548
2026-08-19,"ARI incidence",2026-08-30,3,"GB-NIR","quantile","0.45",104.154124737997
2026-08-19,"ARI incidence",2026-08-30,3,"GB-NIR","quantile","0.5",107.376985304009
2026-08-19,"ARI incidence",2026-08-30,3,"GB-NIR","quantile","0.55",110.6323560446
2026-08-19,"ARI incidence",2026-08-30,3,"GB-NIR","quantile","0.6",114.409779827676
2026-08-19,"ARI incidence",2026-08-30,3,"GB-NIR","quantile","0.65",118.004633354638
2026-08-19,"ARI incidence",2026-08-30,3,"GB-NIR","quantile","0.7",121.762079526219
2026-08-19,"ARI incidence",2026-08-30,3,"GB-NIR","quantile","0.75",125.783668695891
2026-08-19,"ARI incidence",2026-08-30,3,"GB-NIR","quantile","0.8",130.466989164388
2026-08-19,"ARI incidence",2026-08-30,3,"GB-NIR","quantile","0.85",135.705595976394
2026-08-19,"ARI incidence",2026-08-30,3,"GB-NIR","quantile","0.9",143.064206851583
2026-08-19,"ARI incidence",2026-08-30,3,"GB-NIR","quantile","0.95",154.589802326339
2026-08-19,"ARI incidence",2026-08-30,3,"GB-NIR","quantile","0.975",165.61620203642
2026-08-19,"ARI incidence",2026-08-30,3,"GB-NIR","quantile","0.99",180.344833197028
2026-08-19,"ARI incidence",2026-09-06,4,"GB-NIR","median","",106.884898877008
2026-08-19,"ARI incidence",2026-09-06,4,"GB-NIR","quantile","0.01",49.5916135469936
2026-08-19,"ARI incidence",2026-09-06,4,"GB-NIR","quantile","0.025",56.3457438638233
2026-08-19,"ARI incidence",2026-09-06,4,"GB-NIR","quantile","0.05",63.4483746623501
2026-08-19,"ARI incidence",2026-09-06,4,"GB-NIR","quantile","0.1",72.9234995672735
2026-08-19,"ARI incidence",2026-09-06,4,"GB-NIR","quantile","0.15",79.0538627769825
2026-08-19,"ARI incidence",2026-09-06,4,"GB-NIR","quantile","0.2",83.8336634690012
2026-08-19,"ARI incidence",2026-09-06,4,"GB-NIR","quantile","0.25",88.2063736617991
2026-08-19,"ARI incidence",2026-09-06,4,"GB-NIR","quantile","0.3",92.0635160567973
2026-08-19,"ARI incidence",2026-09-06,4,"GB-NIR","quantile","0.35",95.8245090409965
2026-08-19,"ARI incidence",2026-09-06,4,"GB-NIR","quantile","0.4",99.4629811771398
2026-08-19,"ARI incidence",2026-09-06,4,"GB-NIR","quantile","0.45",103.228384236414
2026-08-19,"ARI incidence",2026-09-06,4,"GB-NIR","quantile","0.5",107.181273246997
2026-08-19,"ARI incidence",2026-09-06,4,"GB-NIR","quantile","0.55",110.733241374651
2026-08-19,"ARI incidence",2026-09-06,4,"GB-NIR","quantile","0.6",114.586668627788
2026-08-19,"ARI incidence",2026-09-06,4,"GB-NIR","quantile","0.65",118.715960996349
2026-08-19,"ARI incidence",2026-09-06,4,"GB-NIR","quantile","0.7",123.325669034061
2026-08-19,"ARI incidence",2026-09-06,4,"GB-NIR","quantile","0.75",128.446954971938
2026-08-19,"ARI incidence",2026-09-06,4,"GB-NIR","quantile","0.8",134.058906389319
2026-08-19,"ARI incidence",2026-09-06,4,"GB-NIR","quantile","0.85",140.996622676897
2026-08-19,"ARI incidence",2026-09-06,4,"GB-NIR","quantile","0.9",149.268363270493
2026-08-19,"ARI incidence",2026-09-06,4,"GB-NIR","quantile","0.95",162.786526685629
2026-08-19,"ARI incidence",2026-09-06,4,"GB-NIR","quantile","0.975",174.882679087244
2026-08-19,"ARI incidence",2026-09-06,4,"GB-NIR","quantile","0.99",190.678776071031
2026-08-19,"ARI incidence",2026-08-16,1,"HU","median","",498.557538490856
2026-08-19,"ARI incidence",2026-08-16,1,"HU","quantile","0.01",206.428823941535
2026-08-19,"ARI incidence",2026-08-16,1,"HU","quantile","0.025",244.373918970533
2026-08-19,"ARI incidence",2026-08-16,1,"HU","quantile","0.05",276.74224810165
2026-08-19,"ARI incidence",2026-08-16,1,"HU","quantile","0.1",320.578405150807
2026-08-19,"ARI incidence",2026-08-16,1,"HU","quantile","0.15",350.137646736701
2026-08-19,"ARI incidence",2026-08-16,1,"HU","quantile","0.2",375.962022712801
2026-08-19,"ARI incidence",2026-08-16,1,"HU","quantile","0.25",398.902673852536
2026-08-19,"ARI incidence",2026-08-16,1,"HU","quantile","0.3",420.227272675928
2026-08-19,"ARI incidence",2026-08-16,1,"HU","quantile","0.35",439.434520898135
2026-08-19,"ARI incidence",2026-08-16,1,"HU","quantile","0.4",458.657171595287
2026-08-19,"ARI incidence",2026-08-16,1,"HU","quantile","0.45",479.501706861533
2026-08-19,"ARI incidence",2026-08-16,1,"HU","quantile","0.5",499.342871248465
2026-08-19,"ARI incidence",2026-08-16,1,"HU","quantile","0.55",520.458611019756
2026-08-19,"ARI incidence",2026-08-16,1,"HU","quantile","0.6",539.21557598766
2026-08-19,"ARI incidence",2026-08-16,1,"HU","quantile","0.65",560.784077260672
2026-08-19,"ARI incidence",2026-08-16,1,"HU","quantile","0.7",583.35504480132
2026-08-19,"ARI incidence",2026-08-16,1,"HU","quantile","0.75",607.635365813051
2026-08-19,"ARI incidence",2026-08-16,1,"HU","quantile","0.8",638.328889847052
2026-08-19,"ARI incidence",2026-08-16,1,"HU","quantile","0.85",676.240218850767
2026-08-19,"ARI incidence",2026-08-16,1,"HU","quantile","0.9",719.258988001111
2026-08-19,"ARI incidence",2026-08-16,1,"HU","quantile","0.95",791.763272875779
2026-08-19,"ARI incidence",2026-08-16,1,"HU","quantile","0.975",851.871567964275
2026-08-19,"ARI incidence",2026-08-16,1,"HU","quantile","0.99",926.074576657758
2026-08-19,"ARI incidence",2026-08-23,2,"HU","median","",635.946503078115
2026-08-19,"ARI incidence",2026-08-23,2,"HU","quantile","0.01",165.410056615413
2026-08-19,"ARI incidence",2026-08-23,2,"HU","quantile","0.025",220.755129747411
2026-08-19,"ARI incidence",2026-08-23,2,"HU","quantile","0.05",273.925636413595
2026-08-19,"ARI incidence",2026-08-23,2,"HU","quantile","0.1",335.975528190649
2026-08-19,"ARI incidence",2026-08-23,2,"HU","quantile","0.15",388.232958022835
2026-08-19,"ARI incidence",2026-08-23,2,"HU","quantile","0.2",427.094834639864
2026-08-19,"ARI incidence",2026-08-23,2,"HU","quantile","0.25",465.486191415226
2026-08-19,"ARI incidence",2026-08-23,2,"HU","quantile","0.3",502.590158968455
2026-08-19,"ARI incidence",2026-08-23,2,"HU","quantile","0.35",534.700766779236
2026-08-19,"ARI incidence",2026-08-23,2,"HU","quantile","0.4",566.468953734234
2026-08-19,"ARI incidence",2026-08-23,2,"HU","quantile","0.45",599.482607414887
2026-08-19,"ARI incidence",2026-08-23,2,"HU","quantile","0.5",634.220661645918
2026-08-19,"ARI incidence",2026-08-23,2,"HU","quantile","0.55",668.698701737123
2026-08-19,"ARI incidence",2026-08-23,2,"HU","quantile","0.6",702.919094604475
2026-08-19,"ARI incidence",2026-08-23,2,"HU","quantile","0.65",743.439616928122
2026-08-19,"ARI incidence",2026-08-23,2,"HU","quantile","0.7",783.2878075469
2026-08-19,"ARI incidence",2026-08-23,2,"HU","quantile","0.75",829.782071668753
2026-08-19,"ARI incidence",2026-08-23,2,"HU","quantile","0.8",882.190072962934
2026-08-19,"ARI incidence",2026-08-23,2,"HU","quantile","0.85",947.486717838961
2026-08-19,"ARI incidence",2026-08-23,2,"HU","quantile","0.9",1028.19334309668
2026-08-19,"ARI incidence",2026-08-23,2,"HU","quantile","0.95",1148.66216359376
2026-08-19,"ARI incidence",2026-08-23,2,"HU","quantile","0.975",1267.86716799764
2026-08-19,"ARI incidence",2026-08-23,2,"HU","quantile","0.99",1409.60781619075
2026-08-19,"ARI incidence",2026-08-30,3,"HU","median","",753.036746924371
2026-08-19,"ARI incidence",2026-08-30,3,"HU","quantile","0.01",175.757318491964
2026-08-19,"ARI incidence",2026-08-30,3,"HU","quantile","0.025",236.387437023148
2026-08-19,"ARI incidence",2026-08-30,3,"HU","quantile","0.05",289.977247594111
2026-08-19,"ARI incidence",2026-08-30,3,"HU","quantile","0.1",372.770425498421
2026-08-19,"ARI incidence",2026-08-30,3,"HU","quantile","0.15",437.393344760352
2026-08-19,"ARI incidence",2026-08-30,3,"HU","quantile","0.2",491.713170880503
2026-08-19,"ARI incidence",2026-08-30,3,"HU","quantile","0.25",537.566914968415
2026-08-19,"ARI incidence",2026-08-30,3,"HU","quantile","0.3",583.146459644158
2026-08-19,"ARI incidence",2026-08-30,3,"HU","quantile","0.35",627.819453670176
2026-08-19,"ARI incidence",2026-08-30,3,"HU","quantile","0.4",670.527148763725
2026-08-19,"ARI incidence",2026-08-30,3,"HU","quantile","0.45",709.753940432311
2026-08-19,"ARI incidence",2026-08-30,3,"HU","quantile","0.5",751.974399863642
2026-08-19,"ARI incidence",2026-08-30,3,"HU","quantile","0.55",792.264056198597
2026-08-19,"ARI incidence",2026-08-30,3,"HU","quantile","0.6",836.397726528241
2026-08-19,"ARI incidence",2026-08-30,3,"HU","quantile","0.65",887.664519941607
2026-08-19,"ARI incidence",2026-08-30,3,"HU","quantile","0.7",942.498780010719
2026-08-19,"ARI incidence",2026-08-30,3,"HU","quantile","0.75",1003.91816273118
2026-08-19,"ARI incidence",2026-08-30,3,"HU","quantile","0.8",1070.62287623114
2026-08-19,"ARI incidence",2026-08-30,3,"HU","quantile","0.85",1153.69146892708
2026-08-19,"ARI incidence",2026-08-30,3,"HU","quantile","0.9",1262.45374082553
2026-08-19,"ARI incidence",2026-08-30,3,"HU","quantile","0.95",1420.62209187081
2026-08-19,"ARI incidence",2026-08-30,3,"HU","quantile","0.975",1572.82447109517
2026-08-19,"ARI incidence",2026-08-30,3,"HU","quantile","0.99",1747.86363129469
2026-08-19,"ARI incidence",2026-09-06,4,"HU","median","",849.869972627124
2026-08-19,"ARI incidence",2026-09-06,4,"HU","quantile","0.01",187.58560022704
2026-08-19,"ARI incidence",2026-09-06,4,"HU","quantile","0.025",256.935662580158
2026-08-19,"ARI incidence",2026-09-06,4,"HU","quantile","0.05",326.091390261402
2026-08-19,"ARI incidence",2026-09-06,4,"HU","quantile","0.1",420.103574215842
2026-08-19,"ARI incidence",2026-09-06,4,"HU","quantile","0.15",491.536781506265
2026-08-19,"ARI incidence",2026-09-06,4,"HU","quantile","0.2",553.642391360847
2026-08-19,"ARI incidence",2026-09-06,4,"HU","quantile","0.25",607.263721789768
2026-08-19,"ARI incidence",2026-09-06,4,"HU","quantile","0.3",656.822243448609
2026-08-19,"ARI incidence",2026-09-06,4,"HU","quantile","0.35",705.687687926361
2026-08-19,"ARI incidence",2026-09-06,4,"HU","quantile","0.4",757.26096915666
2026-08-19,"ARI incidence",2026-09-06,4,"HU","quantile","0.45",802.355493601613
2026-08-19,"ARI incidence",2026-09-06,4,"HU","quantile","0.5",849.289244011965
2026-08-19,"ARI incidence",2026-09-06,4,"HU","quantile","0.55",897.928334604421
2026-08-19,"ARI incidence",2026-09-06,4,"HU","quantile","0.6",947.672505963217
2026-08-19,"ARI incidence",2026-09-06,4,"HU","quantile","0.65",1006.36439632461
2026-08-19,"ARI incidence",2026-09-06,4,"HU","quantile","0.7",1064.33291272865
2026-08-19,"ARI incidence",2026-09-06,4,"HU","quantile","0.75",1130.32164547538
2026-08-19,"ARI incidence",2026-09-06,4,"HU","quantile","0.8",1214.7358894678
2026-08-19,"ARI incidence",2026-09-06,4,"HU","quantile","0.85",1312.25536358117
2026-08-19,"ARI incidence",2026-09-06,4,"HU","quantile","0.9",1431.06811560668
2026-08-19,"ARI incidence",2026-09-06,4,"HU","quantile","0.95",1623.92833523062
2026-08-19,"ARI incidence",2026-09-06,4,"HU","quantile","0.975",1804.59803745869
2026-08-19,"ARI incidence",2026-09-06,4,"HU","quantile","0.99",2018.58817840921
2026-08-19,"ARI incidence",2026-08-16,1,"IE","median","",22.4781970341835
2026-08-19,"ARI incidence",2026-08-16,1,"IE","quantile","0.01",12.5094877044905
2026-08-19,"ARI incidence",2026-08-16,1,"IE","quantile","0.025",13.8875163670116
2026-08-19,"ARI incidence",2026-08-16,1,"IE","quantile","0.05",15.1973197095102
2026-08-19,"ARI incidence",2026-08-16,1,"IE","quantile","0.1",16.6836789167698
2026-08-19,"ARI incidence",2026-08-16,1,"IE","quantile","0.15",17.7418552774646
2026-08-19,"ARI incidence",2026-08-16,1,"IE","quantile","0.2",18.5442254640556
2026-08-19,"ARI incidence",2026-08-16,1,"IE","quantile","0.25",19.2790796327343
2026-08-19,"ARI incidence",2026-08-16,1,"IE","quantile","0.3",19.9850172572499
2026-08-19,"ARI incidence",2026-08-16,1,"IE","quantile","0.35",20.6458332279962
2026-08-19,"ARI incidence",2026-08-16,1,"IE","quantile","0.4",21.2799859980977
2026-08-19,"ARI incidence",2026-08-16,1,"IE","quantile","0.45",21.899435464439
2026-08-19,"ARI incidence",2026-08-16,1,"IE","quantile","0.5",22.4902775043057
2026-08-19,"ARI incidence",2026-08-16,1,"IE","quantile","0.55",23.1175484254182
2026-08-19,"ARI incidence",2026-08-16,1,"IE","quantile","0.6",23.8005455388722
2026-08-19,"ARI incidence",2026-08-16,1,"IE","quantile","0.65",24.4450803801151
2026-08-19,"ARI incidence",2026-08-16,1,"IE","quantile","0.7",25.2125669550642
2026-08-19,"ARI incidence",2026-08-16,1,"IE","quantile","0.75",25.9945601391062
2026-08-19,"ARI incidence",2026-08-16,1,"IE","quantile","0.8",26.8204070671059
2026-08-19,"ARI incidence",2026-08-16,1,"IE","quantile","0.85",27.885995038658
2026-08-19,"ARI incidence",2026-08-16,1,"IE","quantile","0.9",29.1789794940859
2026-08-19,"ARI incidence",2026-08-16,1,"IE","quantile","0.95",31.2366516146005
2026-08-19,"ARI incidence",2026-08-16,1,"IE","quantile","0.975",33.2116900176041
2026-08-19,"ARI incidence",2026-08-16,1,"IE","quantile","0.99",35.4772957426748
2026-08-19,"ARI incidence",2026-08-23,2,"IE","median","",21.8571014992136
2026-08-19,"ARI incidence",2026-08-23,2,"IE","quantile","0.01",9.26981062064728
2026-08-19,"ARI incidence",2026-08-23,2,"IE","quantile","0.025",10.8640567686762
2026-08-19,"ARI incidence",2026-08-23,2,"IE","quantile","0.05",12.2953107225678
2026-08-19,"ARI incidence",2026-08-23,2,"IE","quantile","0.1",14.1744228633033
2026-08-19,"ARI incidence",2026-08-23,2,"IE","quantile","0.15",15.571110830436
2026-08-19,"ARI incidence",2026-08-23,2,"IE","quantile","0.2",16.5786661128643
2026-08-19,"ARI incidence",2026-08-23,2,"IE","quantile","0.25",17.6657400217556
2026-08-19,"ARI incidence",2026-08-23,2,"IE","quantile","0.3",18.5340051165095
2026-08-19,"ARI incidence",2026-08-23,2,"IE","quantile","0.35",19.3669951575721
2026-08-19,"ARI incidence",2026-08-23,2,"IE","quantile","0.4",20.1899738215004
2026-08-19,"ARI incidence",2026-08-23,2,"IE","quantile","0.45",20.993945265814
2026-08-19,"ARI incidence",2026-08-23,2,"IE","quantile","0.5",21.8394354560486
2026-08-19,"ARI incidence",2026-08-23,2,"IE","quantile","0.55",22.7053329653001
2026-08-19,"ARI incidence",2026-08-23,2,"IE","quantile","0.6",23.5797738605192
2026-08-19,"ARI incidence",2026-08-23,2,"IE","quantile","0.65",24.6069203706232
2026-08-19,"ARI incidence",2026-08-23,2,"IE","quantile","0.7",25.5778966725335
2026-08-19,"ARI incidence",2026-08-23,2,"IE","quantile","0.75",26.7172513313506
2026-08-19,"ARI incidence",2026-08-23,2,"IE","quantile","0.8",27.9012092210111
2026-08-19,"ARI incidence",2026-08-23,2,"IE","quantile","0.85",29.3673038337703
2026-08-19,"ARI incidence",2026-08-23,2,"IE","quantile","0.9",31.3534983266806
2026-08-19,"ARI incidence",2026-08-23,2,"IE","quantile","0.95",34.4690434428976
2026-08-19,"ARI incidence",2026-08-23,2,"IE","quantile","0.975",36.8887156408733
2026-08-19,"ARI incidence",2026-08-23,2,"IE","quantile","0.99",39.719145861745
2026-08-19,"ARI incidence",2026-08-30,3,"IE","median","",22.5701484430846
2026-08-19,"ARI incidence",2026-08-30,3,"IE","quantile","0.01",8.16771175894318
2026-08-19,"ARI incidence",2026-08-30,3,"IE","quantile","0.025",9.91305925529159
2026-08-19,"ARI incidence",2026-08-30,3,"IE","quantile","0.05",11.4375424031001
2026-08-19,"ARI incidence",2026-08-30,3,"IE","quantile","0.1",13.5194393047108
2026-08-19,"ARI incidence",2026-08-30,3,"IE","quantile","0.15",15.1239901347569
2026-08-19,"ARI incidence",2026-08-30,3,"IE","quantile","0.2",16.459966093488
2026-08-19,"ARI incidence",2026-08-30,3,"IE","quantile","0.25",17.5316875277901
2026-08-19,"ARI incidence",2026-08-30,3,"IE","quantile","0.3",18.6781107274908
2026-08-19,"ARI incidence",2026-08-30,3,"IE","quantile","0.35",19.6777031875085
2026-08-19,"ARI incidence",2026-08-30,3,"IE","quantile","0.4",20.6651813495698
2026-08-19,"ARI incidence",2026-08-30,3,"IE","quantile","0.45",21.5993483917758
2026-08-19,"ARI incidence",2026-08-30,3,"IE","quantile","0.5",22.5727996659219
2026-08-19,"ARI incidence",2026-08-30,3,"IE","quantile","0.55",23.6084145292673
2026-08-19,"ARI incidence",2026-08-30,3,"IE","quantile","0.6",24.6682042194691
2026-08-19,"ARI incidence",2026-08-30,3,"IE","quantile","0.65",25.7358413654412
2026-08-19,"ARI incidence",2026-08-30,3,"IE","quantile","0.7",26.8998971050119
2026-08-19,"ARI incidence",2026-08-30,3,"IE","quantile","0.75",28.271269740843
2026-08-19,"ARI incidence",2026-08-30,3,"IE","quantile","0.8",29.7969090669458
2026-08-19,"ARI incidence",2026-08-30,3,"IE","quantile","0.85",31.6125825510961
2026-08-19,"ARI incidence",2026-08-30,3,"IE","quantile","0.9",33.8725629714204
2026-08-19,"ARI incidence",2026-08-30,3,"IE","quantile","0.95",37.3263100887723
2026-08-19,"ARI incidence",2026-08-30,3,"IE","quantile","0.975",40.7070220097853
2026-08-19,"ARI incidence",2026-08-30,3,"IE","quantile","0.99",44.2691000588834
2026-08-19,"ARI incidence",2026-09-06,4,"IE","median","",27.1081558243479
2026-08-19,"ARI incidence",2026-09-06,4,"IE","quantile","0.01",9.55845769387812
2026-08-19,"ARI incidence",2026-09-06,4,"IE","quantile","0.025",11.5954467967531
2026-08-19,"ARI incidence",2026-09-06,4,"IE","quantile","0.05",13.4386966159907
2026-08-19,"ARI incidence",2026-09-06,4,"IE","quantile","0.1",15.9494210877165
2026-08-19,"ARI incidence",2026-09-06,4,"IE","quantile","0.15",17.950357396627
2026-08-19,"ARI incidence",2026-09-06,4,"IE","quantile","0.2",19.5776658960526
2026-08-19,"ARI incidence",2026-09-06,4,"IE","quantile","0.25",20.862402916641
2026-08-19,"ARI incidence",2026-09-06,4,"IE","quantile","0.3",22.1951506133375
2026-08-19,"ARI incidence",2026-09-06,4,"IE","quantile","0.35",23.5148762660815
2026-08-19,"ARI incidence",2026-09-06,4,"IE","quantile","0.4",24.6955000049783
2026-08-19,"ARI incidence",2026-09-06,4,"IE","quantile","0.45",25.9000260795002
2026-08-19,"ARI incidence",2026-09-06,4,"IE","quantile","0.5",27.2155444753035
2026-08-19,"ARI incidence",2026-09-06,4,"IE","quantile","0.55",28.4748953984501
2026-08-19,"ARI incidence",2026-09-06,4,"IE","quantile","0.6",29.7438731628814
2026-08-19,"ARI incidence",2026-09-06,4,"IE","quantile","0.65",31.0469819724934
2026-08-19,"ARI incidence",2026-09-06,4,"IE","quantile","0.7",32.5095443356731
2026-08-19,"ARI incidence",2026-09-06,4,"IE","quantile","0.75",34.1577716239373
2026-08-19,"ARI incidence",2026-09-06,4,"IE","quantile","0.8",36.0874926642022
2026-08-19,"ARI incidence",2026-09-06,4,"IE","quantile","0.85",38.2812200190913
2026-08-19,"ARI incidence",2026-09-06,4,"IE","quantile","0.9",41.1406465645534
2026-08-19,"ARI incidence",2026-09-06,4,"IE","quantile","0.95",45.6080947595846
2026-08-19,"ARI incidence",2026-09-06,4,"IE","quantile","0.975",49.8804482100665
2026-08-19,"ARI incidence",2026-09-06,4,"IE","quantile","0.99",55.5401629954792
2026-08-19,"ARI incidence",2026-08-16,1,"IS","median","",31.2878412372498
2026-08-19,"ARI incidence",2026-08-16,1,"IS","quantile","0.01",22.803908107583
2026-08-19,"ARI incidence",2026-08-16,1,"IS","quantile","0.025",24.0465238710547
2026-08-19,"ARI incidence",2026-08-16,1,"IS","quantile","0.05",25.1449540876353
2026-08-19,"ARI incidence",2026-08-16,1,"IS","quantile","0.1",26.4904397990213
2026-08-19,"ARI incidence",2026-08-16,1,"IS","quantile","0.15",27.3858149767626
2026-08-19,"ARI incidence",2026-08-16,1,"IS","quantile","0.2",28.1180324993421
2026-08-19,"ARI incidence",2026-08-16,1,"IS","quantile","0.25",28.7441102190813
2026-08-19,"ARI incidence",2026-08-16,1,"IS","quantile","0.3",29.3059204947705
2026-08-19,"ARI incidence",2026-08-16,1,"IS","quantile","0.35",29.8593539970985
2026-08-19,"ARI incidence",2026-08-16,1,"IS","quantile","0.4",30.3450666206537
2026-08-19,"ARI incidence",2026-08-16,1,"IS","quantile","0.45",30.8457970054264
2026-08-19,"ARI incidence",2026-08-16,1,"IS","quantile","0.5",31.3316395302499
2026-08-19,"ARI incidence",2026-08-16,1,"IS","quantile","0.55",31.8158131382541
2026-08-19,"ARI incidence",2026-08-16,1,"IS","quantile","0.6",32.3082175779874
2026-08-19,"ARI incidence",2026-08-16,1,"IS","quantile","0.65",32.8673111737923
2026-08-19,"ARI incidence",2026-08-16,1,"IS","quantile","0.7",33.4432525805109
2026-08-19,"ARI incidence",2026-08-16,1,"IS","quantile","0.75",34.0410963687894
2026-08-19,"ARI incidence",2026-08-16,1,"IS","quantile","0.8",34.7589352474828
2026-08-19,"ARI incidence",2026-08-16,1,"IS","quantile","0.85",35.592118559883
2026-08-19,"ARI incidence",2026-08-16,1,"IS","quantile","0.9",36.6218307295679
2026-08-19,"ARI incidence",2026-08-16,1,"IS","quantile","0.95",38.1582070541774
2026-08-19,"ARI incidence",2026-08-16,1,"IS","quantile","0.975",39.483865243028
2026-08-19,"ARI incidence",2026-08-16,1,"IS","quantile","0.99",41.2903000276556
2026-08-19,"ARI incidence",2026-08-23,2,"IS","median","",33.2659327976167
2026-08-19,"ARI incidence",2026-08-23,2,"IS","quantile","0.01",21.6486811953545
2026-08-19,"ARI incidence",2026-08-23,2,"IS","quantile","0.025",23.2420492194786
2026-08-19,"ARI incidence",2026-08-23,2,"IS","quantile","0.05",24.8578059908079
2026-08-19,"ARI incidence",2026-08-23,2,"IS","quantile","0.1",26.6836174764475
2026-08-19,"ARI incidence",2026-08-23,2,"IS","quantile","0.15",27.8288617432475
2026-08-19,"ARI incidence",2026-08-23,2,"IS","quantile","0.2",28.812899803895
2026-08-19,"ARI incidence",2026-08-23,2,"IS","quantile","0.25",29.6577613047422
2026-08-19,"ARI incidence",2026-08-23,2,"IS","quantile","0.3",30.4605462460974
2026-08-19,"ARI incidence",2026-08-23,2,"IS","quantile","0.35",31.2427375744561
2026-08-19,"ARI incidence",2026-08-23,2,"IS","quantile","0.4",31.9583523070625
2026-08-19,"ARI incidence",2026-08-23,2,"IS","quantile","0.45",32.6476895624382
2026-08-19,"ARI incidence",2026-08-23,2,"IS","quantile","0.5",33.3727047293299
2026-08-19,"ARI incidence",2026-08-23,2,"IS","quantile","0.55",34.0265473739519
2026-08-19,"ARI incidence",2026-08-23,2,"IS","quantile","0.6",34.7934132390193
2026-08-19,"ARI incidence",2026-08-23,2,"IS","quantile","0.65",35.5515120986152
2026-08-19,"ARI incidence",2026-08-23,2,"IS","quantile","0.7",36.341819229064
2026-08-19,"ARI incidence",2026-08-23,2,"IS","quantile","0.75",37.1893467090569
2026-08-19,"ARI incidence",2026-08-23,2,"IS","quantile","0.8",38.1111309478652
2026-08-19,"ARI incidence",2026-08-23,2,"IS","quantile","0.85",39.3572211325618
2026-08-19,"ARI incidence",2026-08-23,2,"IS","quantile","0.9",40.9070787433722
2026-08-19,"ARI incidence",2026-08-23,2,"IS","quantile","0.95",43.2264466458765
2026-08-19,"ARI incidence",2026-08-23,2,"IS","quantile","0.975",44.9677546189082
2026-08-19,"ARI incidence",2026-08-23,2,"IS","quantile","0.99",47.2986525197785
2026-08-19,"ARI incidence",2026-08-30,3,"IS","median","",35.1333017647999
2026-08-19,"ARI incidence",2026-08-30,3,"IS","quantile","0.01",21.2627271652586
2026-08-19,"ARI incidence",2026-08-30,3,"IS","quantile","0.025",23.3105061409681
2026-08-19,"ARI incidence",2026-08-30,3,"IS","quantile","0.05",25.1256586720055
2026-08-19,"ARI incidence",2026-08-30,3,"IS","quantile","0.1",27.2716557636681
2026-08-19,"ARI incidence",2026-08-30,3,"IS","quantile","0.15",28.6037839348037
2026-08-19,"ARI incidence",2026-08-30,3,"IS","quantile","0.2",29.8105791361502
2026-08-19,"ARI incidence",2026-08-30,3,"IS","quantile","0.25",30.8218422335876
2026-08-19,"ARI incidence",2026-08-30,3,"IS","quantile","0.3",31.7979444225326
2026-08-19,"ARI incidence",2026-08-30,3,"IS","quantile","0.35",32.6749787619628
2026-08-19,"ARI incidence",2026-08-30,3,"IS","quantile","0.4",33.4666981907511
2026-08-19,"ARI incidence",2026-08-30,3,"IS","quantile","0.45",34.3233193146812
2026-08-19,"ARI incidence",2026-08-30,3,"IS","quantile","0.5",35.210427767757
2026-08-19,"ARI incidence",2026-08-30,3,"IS","quantile","0.55",36.0985166019036
2026-08-19,"ARI incidence",2026-08-30,3,"IS","quantile","0.6",37.0024848836021
2026-08-19,"ARI incidence",2026-08-30,3,"IS","quantile","0.65",37.9009376603624
2026-08-19,"ARI incidence",2026-08-30,3,"IS","quantile","0.7",38.9275316549583
2026-08-19,"ARI incidence",2026-08-30,3,"IS","quantile","0.75",40.0704871245432
2026-08-19,"ARI incidence",2026-08-30,3,"IS","quantile","0.8",41.3273386672725
2026-08-19,"ARI incidence",2026-08-30,3,"IS","quantile","0.85",42.7919293274716
2026-08-19,"ARI incidence",2026-08-30,3,"IS","quantile","0.9",44.6393430590172
2026-08-19,"ARI incidence",2026-08-30,3,"IS","quantile","0.95",47.4385894341011
2026-08-19,"ARI incidence",2026-08-30,3,"IS","quantile","0.975",49.9343507873101
2026-08-19,"ARI incidence",2026-08-30,3,"IS","quantile","0.99",52.8193146905974
2026-08-19,"ARI incidence",2026-09-06,4,"IS","median","",36.8906571070921
2026-08-19,"ARI incidence",2026-09-06,4,"IS","quantile","0.01",21.2735279150122
2026-08-19,"ARI incidence",2026-09-06,4,"IS","quantile","0.025",23.6662029654306
2026-08-19,"ARI incidence",2026-09-06,4,"IS","quantile","0.05",25.5140475635208
2026-08-19,"ARI incidence",2026-09-06,4,"IS","quantile","0.1",27.8801195571927
2026-08-19,"ARI incidence",2026-09-06,4,"IS","quantile","0.15",29.5812890708379
2026-08-19,"ARI incidence",2026-09-06,4,"IS","quantile","0.2",30.8836658118534
2026-08-19,"ARI incidence",2026-09-06,4,"IS","quantile","0.25",32.021920739918
2026-08-19,"ARI incidence",2026-09-06,4,"IS","quantile","0.3",33.1389778727105
2026-08-19,"ARI incidence",2026-09-06,4,"IS","quantile","0.35",34.1161846378114
2026-08-19,"ARI incidence",2026-09-06,4,"IS","quantile","0.4",35.1494316832947
2026-08-19,"ARI incidence",2026-09-06,4,"IS","quantile","0.45",36.1244852065561
2026-08-19,"ARI incidence",2026-09-06,4,"IS","quantile","0.5",37.0818207668628
2026-08-19,"ARI incidence",2026-09-06,4,"IS","quantile","0.55",37.9956253766545
2026-08-19,"ARI incidence",2026-09-06,4,"IS","quantile","0.6",38.9570062103126
2026-08-19,"ARI incidence",2026-09-06,4,"IS","quantile","0.65",40.0694354939621
2026-08-19,"ARI incidence",2026-09-06,4,"IS","quantile","0.7",41.206839177857
2026-08-19,"ARI incidence",2026-09-06,4,"IS","quantile","0.75",42.4264816142901
2026-08-19,"ARI incidence",2026-09-06,4,"IS","quantile","0.8",43.8503286179086
2026-08-19,"ARI incidence",2026-09-06,4,"IS","quantile","0.85",45.4949461664998
2026-08-19,"ARI incidence",2026-09-06,4,"IS","quantile","0.9",47.600927760632
2026-08-19,"ARI incidence",2026-09-06,4,"IS","quantile","0.95",50.8503144148469
2026-08-19,"ARI incidence",2026-09-06,4,"IS","quantile","0.975",53.6822897548939
2026-08-19,"ARI incidence",2026-09-06,4,"IS","quantile","0.99",57.4299142144609
2026-08-19,"ARI incidence",2026-08-16,1,"LU","median","",7282.91116566006
2026-08-19,"ARI incidence",2026-08-16,1,"LU","quantile","0.01",1986.8649707155
2026-08-19,"ARI incidence",2026-08-16,1,"LU","quantile","0.025",2597.50156438877
2026-08-19,"ARI incidence",2026-08-16,1,"LU","quantile","0.05",3202.2470770621
2026-08-19,"ARI incidence",2026-08-16,1,"LU","quantile","0.1",3906.14778620983
2026-08-19,"ARI incidence",2026-08-16,1,"LU","quantile","0.15",4493.6141312202
2026-08-19,"ARI incidence",2026-08-16,1,"LU","quantile","0.2",4966.21005026341
2026-08-19,"ARI incidence",2026-08-16,1,"LU","quantile","0.25",5407.00726040951
2026-08-19,"ARI incidence",2026-08-16,1,"LU","quantile","0.3",5831.92390550383
2026-08-19,"ARI incidence",2026-08-16,1,"LU","quantile","0.35",6180.45159649278
2026-08-19,"ARI incidence",2026-08-16,1,"LU","quantile","0.4",6570.88899510701
2026-08-19,"ARI incidence",2026-08-16,1,"LU","quantile","0.45",6970.11167551012
2026-08-19,"ARI incidence",2026-08-16,1,"LU","quantile","0.5",7334.18688606125
2026-08-19,"ARI incidence",2026-08-16,1,"LU","quantile","0.55",7720.15911412075
2026-08-19,"ARI incidence",2026-08-16,1,"LU","quantile","0.6",8113.18091217723
2026-08-19,"ARI incidence",2026-08-16,1,"LU","quantile","0.65",8502.12614720721
2026-08-19,"ARI incidence",2026-08-16,1,"LU","quantile","0.7",8947.57888448598
2026-08-19,"ARI incidence",2026-08-16,1,"LU","quantile","0.75",9410.75214200858
2026-08-19,"ARI incidence",2026-08-16,1,"LU","quantile","0.8",9975.84450254486
2026-08-19,"ARI incidence",2026-08-16,1,"LU","quantile","0.85",10629.9189977959
2026-08-19,"ARI incidence",2026-08-16,1,"LU","quantile","0.9",11564.5224347897
2026-08-19,"ARI incidence",2026-08-16,1,"LU","quantile","0.95",13029.1867497467
2026-08-19,"ARI incidence",2026-08-16,1,"LU","quantile","0.975",14165.3160169912
2026-08-19,"ARI incidence",2026-08-16,1,"LU","quantile","0.99",15831.669854475
2026-08-19,"ARI incidence",2026-08-23,2,"LU","median","",7712.81987183437
2026-08-19,"ARI incidence",2026-08-23,2,"LU","quantile","0.01",1805.53914554831
2026-08-19,"ARI incidence",2026-08-23,2,"LU","quantile","0.025",2436.78111769196
2026-08-19,"ARI incidence",2026-08-23,2,"LU","quantile","0.05",3071.61359418356
2026-08-19,"ARI incidence",2026-08-23,2,"LU","quantile","0.1",3907.32455430324
2026-08-19,"ARI incidence",2026-08-23,2,"LU","quantile","0.15",4551.68439691199
2026-08-19,"ARI incidence",2026-08-23,2,"LU","quantile","0.2",5091.68243008621
2026-08-19,"ARI incidence",2026-08-23,2,"LU","quantile","0.25",5553.01858251656
2026-08-19,"ARI incidence",2026-08-23,2,"LU","quantile","0.3",5997.39915462482
2026-08-19,"ARI incidence",2026-08-23,2,"LU","quantile","0.35",6405.36140176652
2026-08-19,"ARI incidence",2026-08-23,2,"LU","quantile","0.4",6835.50356891387
2026-08-19,"ARI incidence",2026-08-23,2,"LU","quantile","0.45",7234.9433114658
2026-08-19,"ARI incidence",2026-08-23,2,"LU","quantile","0.5",7669.49346844324
2026-08-19,"ARI incidence",2026-08-23,2,"LU","quantile","0.55",8108.77424129788
2026-08-19,"ARI incidence",2026-08-23,2,"LU","quantile","0.6",8546.62529134064
2026-08-19,"ARI incidence",2026-08-23,2,"LU","quantile","0.65",9053.1485023502
2026-08-19,"ARI incidence",2026-08-23,2,"LU","quantile","0.7",9586.2006763495
2026-08-19,"ARI incidence",2026-08-23,2,"LU","quantile","0.75",10181.9830878108
2026-08-19,"ARI incidence",2026-08-23,2,"LU","quantile","0.8",10861.8273027099
2026-08-19,"ARI incidence",2026-08-23,2,"LU","quantile","0.85",11711.782436301
2026-08-19,"ARI incidence",2026-08-23,2,"LU","quantile","0.9",12744.5969819952
2026-08-19,"ARI incidence",2026-08-23,2,"LU","quantile","0.95",14457.1381946369
2026-08-19,"ARI incidence",2026-08-23,2,"LU","quantile","0.975",16091.4491834705
2026-08-19,"ARI incidence",2026-08-23,2,"LU","quantile","0.99",17896.8993502513
2026-08-19,"ARI incidence",2026-08-30,3,"LU","median","",8098.09270932338
2026-08-19,"ARI incidence",2026-08-30,3,"LU","quantile","0.01",1629.780211908
2026-08-19,"ARI incidence",2026-08-30,3,"LU","quantile","0.025",2319.15314864956
2026-08-19,"ARI incidence",2026-08-30,3,"LU","quantile","0.05",3066.15345199699
2026-08-19,"ARI incidence",2026-08-30,3,"LU","quantile","0.1",3910.62611889191
2026-08-19,"ARI incidence",2026-08-30,3,"LU","quantile","0.15",4641.64211101142
2026-08-19,"ARI incidence",2026-08-30,3,"LU","quantile","0.2",5220.05047086502
2026-08-19,"ARI incidence",2026-08-30,3,"LU","quantile","0.25",5746.93388245855
2026-08-19,"ARI incidence",2026-08-30,3,"LU","quantile","0.3",6233.8064007936
2026-08-19,"ARI incidence",2026-08-30,3,"LU","quantile","0.35",6707.85731575332
2026-08-19,"ARI incidence",2026-08-30,3,"LU","quantile","0.4",7143.745459895
2026-08-19,"ARI incidence",2026-08-30,3,"LU","quantile","0.45",7573.29169681547
2026-08-19,"ARI incidence",2026-08-30,3,"LU","quantile","0.5",8034.59711328323
2026-08-19,"ARI incidence",2026-08-30,3,"LU","quantile","0.55",8483.67446956019
2026-08-19,"ARI incidence",2026-08-30,3,"LU","quantile","0.6",9018.21367968549
2026-08-19,"ARI incidence",2026-08-30,3,"LU","quantile","0.65",9600.22223003425
2026-08-19,"ARI incidence",2026-08-30,3,"LU","quantile","0.7",10183.6270953184
2026-08-19,"ARI incidence",2026-08-30,3,"LU","quantile","0.75",10873.9165678692
2026-08-19,"ARI incidence",2026-08-30,3,"LU","quantile","0.8",11677.191774276
2026-08-19,"ARI incidence",2026-08-30,3,"LU","quantile","0.85",12588.5702992621
2026-08-19,"ARI incidence",2026-08-30,3,"LU","quantile","0.9",13665.9663187159
2026-08-19,"ARI incidence",2026-08-30,3,"LU","quantile","0.95",15420.652165624
2026-08-19,"ARI incidence",2026-08-30,3,"LU","quantile","0.975",17215.2065184653
2026-08-19,"ARI incidence",2026-08-30,3,"LU","quantile","0.99",19312.5834101899
2026-08-19,"ARI incidence",2026-09-06,4,"LU","median","",8442.00911429325
2026-08-19,"ARI incidence",2026-09-06,4,"LU","quantile","0.01",1578.4728737262
2026-08-19,"ARI incidence",2026-09-06,4,"LU","quantile","0.025",2354.22267676646
2026-08-19,"ARI incidence",2026-09-06,4,"LU","quantile","0.05",3070.87656845761
2026-08-19,"ARI incidence",2026-09-06,4,"LU","quantile","0.1",3971.31664469878
2026-08-19,"ARI incidence",2026-09-06,4,"LU","quantile","0.15",4731.49747764471
2026-08-19,"ARI incidence",2026-09-06,4,"LU","quantile","0.2",5336.01634158283
2026-08-19,"ARI incidence",2026-09-06,4,"LU","quantile","0.25",5887.18055850622
2026-08-19,"ARI incidence",2026-09-06,4,"LU","quantile","0.3",6420.929746204
2026-08-19,"ARI incidence",2026-09-06,4,"LU","quantile","0.35",6950.56323005033
2026-08-19,"ARI incidence",2026-09-06,4,"LU","quantile","0.4",7466.56305871127
2026-08-19,"ARI incidence",2026-09-06,4,"LU","quantile","0.45",7995.28654008469
2026-08-19,"ARI incidence",2026-09-06,4,"LU","quantile","0.5",8500.93919284439
2026-08-19,"ARI incidence",2026-09-06,4,"LU","quantile","0.55",9033.09810550557
2026-08-19,"ARI incidence",2026-09-06,4,"LU","quantile","0.6",9566.3797791003
2026-08-19,"ARI incidence",2026-09-06,4,"LU","quantile","0.65",10151.2241369532
2026-08-19,"ARI incidence",2026-09-06,4,"LU","quantile","0.7",10768.5310545324
2026-08-19,"ARI incidence",2026-09-06,4,"LU","quantile","0.75",11465.3173850759
2026-08-19,"ARI incidence",2026-09-06,4,"LU","quantile","0.8",12287.5137450664
2026-08-19,"ARI incidence",2026-09-06,4,"LU","quantile","0.85",13256.3967731383
2026-08-19,"ARI incidence",2026-09-06,4,"LU","quantile","0.9",14558.5587456775
2026-08-19,"ARI incidence",2026-09-06,4,"LU","quantile","0.95",16442.9281615186
2026-08-19,"ARI incidence",2026-09-06,4,"LU","quantile","0.975",18379.6272342477
2026-08-19,"ARI incidence",2026-09-06,4,"LU","quantile","0.99",20500.0456369749
2026-08-19,"ARI incidence",2026-08-16,1,"NL","median","",100.70108188024
2026-08-19,"ARI incidence",2026-08-16,1,"NL","quantile","0.01",81.9296822055889
2026-08-19,"ARI incidence",2026-08-16,1,"NL","quantile","0.025",84.6332254769147
2026-08-19,"ARI incidence",2026-08-16,1,"NL","quantile","0.05",87.1938032807119
2026-08-19,"ARI incidence",2026-08-16,1,"NL","quantile","0.1",90.1865371173691
2026-08-19,"ARI incidence",2026-08-16,1,"NL","quantile","0.15",92.089302141909
2026-08-19,"ARI incidence",2026-08-16,1,"NL","quantile","0.2",93.5765902745561
2026-08-19,"ARI incidence",2026-08-16,1,"NL","quantile","0.25",94.9392626725227
2026-08-19,"ARI incidence",2026-08-16,1,"NL","quantile","0.3",96.1660905942231
2026-08-19,"ARI incidence",2026-08-16,1,"NL","quantile","0.35",97.3948963576089
2026-08-19,"ARI incidence",2026-08-16,1,"NL","quantile","0.4",98.5055224726397
2026-08-19,"ARI incidence",2026-08-16,1,"NL","quantile","0.45",99.5898441810226
2026-08-19,"ARI incidence",2026-08-16,1,"NL","quantile","0.5",100.620500254257
2026-08-19,"ARI incidence",2026-08-16,1,"NL","quantile","0.55",101.720251942724
2026-08-19,"ARI incidence",2026-08-16,1,"NL","quantile","0.6",102.818229216951
2026-08-19,"ARI incidence",2026-08-16,1,"NL","quantile","0.65",103.926345376116
2026-08-19,"ARI incidence",2026-08-16,1,"NL","quantile","0.7",105.113835070789
2026-08-19,"ARI incidence",2026-08-16,1,"NL","quantile","0.75",106.416498918809
2026-08-19,"ARI incidence",2026-08-16,1,"NL","quantile","0.8",108.004623424012
2026-08-19,"ARI incidence",2026-08-16,1,"NL","quantile","0.85",109.621502726348
2026-08-19,"ARI incidence",2026-08-16,1,"NL","quantile","0.9",111.886025414601
2026-08-19,"ARI incidence",2026-08-16,1,"NL","quantile","0.95",115.287200205474
2026-08-19,"ARI incidence",2026-08-16,1,"NL","quantile","0.975",118.607639296618
2026-08-19,"ARI incidence",2026-08-16,1,"NL","quantile","0.99",121.996571075447
2026-08-19,"ARI incidence",2026-08-23,2,"NL","median","",100.771584932781
2026-08-19,"ARI incidence",2026-08-23,2,"NL","quantile","0.01",77.5276341055953
2026-08-19,"ARI incidence",2026-08-23,2,"NL","quantile","0.025",81.0852382673652
2026-08-19,"ARI incidence",2026-08-23,2,"NL","quantile","0.05",83.8292192796557
2026-08-19,"ARI incidence",2026-08-23,2,"NL","quantile","0.1",87.6022594438777
2026-08-19,"ARI incidence",2026-08-23,2,"NL","quantile","0.15",90.0445776365574
2026-08-19,"ARI incidence",2026-08-23,2,"NL","quantile","0.2",92.0248268750907
2026-08-19,"ARI incidence",2026-08-23,2,"NL","quantile","0.25",93.6757355082374
2026-08-19,"ARI incidence",2026-08-23,2,"NL","quantile","0.3",95.1903739803835
2026-08-19,"ARI incidence",2026-08-23,2,"NL","quantile","0.35",96.5285967264637
2026-08-19,"ARI incidence",2026-08-23,2,"NL","quantile","0.4",97.8378438010085
2026-08-19,"ARI incidence",2026-08-23,2,"NL","quantile","0.45",99.1609171713956
2026-08-19,"ARI incidence",2026-08-23,2,"NL","quantile","0.5",100.466640356758
2026-08-19,"ARI incidence",2026-08-23,2,"NL","quantile","0.55",101.791045162149
2026-08-19,"ARI incidence",2026-08-23,2,"NL","quantile","0.6",103.147379564458
2026-08-19,"ARI incidence",2026-08-23,2,"NL","quantile","0.65",104.699418592575
2026-08-19,"ARI incidence",2026-08-23,2,"NL","quantile","0.7",106.257125375623
2026-08-19,"ARI incidence",2026-08-23,2,"NL","quantile","0.75",107.767931984067
2026-08-19,"ARI incidence",2026-08-23,2,"NL","quantile","0.8",109.650761202913
2026-08-19,"ARI incidence",2026-08-23,2,"NL","quantile","0.85",111.926356119874
2026-08-19,"ARI incidence",2026-08-23,2,"NL","quantile","0.9",114.695567756887
2026-08-19,"ARI incidence",2026-08-23,2,"NL","quantile","0.95",118.930457057821
2026-08-19,"ARI incidence",2026-08-23,2,"NL","quantile","0.975",122.735111519452
2026-08-19,"ARI incidence",2026-08-23,2,"NL","quantile","0.99",126.997612326077
2026-08-19,"ARI incidence",2026-08-30,3,"NL","median","",100.760532041725
2026-08-19,"ARI incidence",2026-08-30,3,"NL","quantile","0.01",72.4967833988676
2026-08-19,"ARI incidence",2026-08-30,3,"NL","quantile","0.025",76.7728126543605
2026-08-19,"ARI incidence",2026-08-30,3,"NL","quantile","0.05",80.6858654451857
2026-08-19,"ARI incidence",2026-08-30,3,"NL","quantile","0.1",84.6847540384102
2026-08-19,"ARI incidence",2026-08-30,3,"NL","quantile","0.15",87.6434866436393
2026-08-19,"ARI incidence",2026-08-30,3,"NL","quantile","0.2",89.9069128750806
2026-08-19,"ARI incidence",2026-08-30,3,"NL","quantile","0.25",91.98617716968
2026-08-19,"ARI incidence",2026-08-30,3,"NL","quantile","0.3",93.8649857281027
2026-08-19,"ARI incidence",2026-08-30,3,"NL","quantile","0.35",95.6268500461332
2026-08-19,"ARI incidence",2026-08-30,3,"NL","quantile","0.4",97.4895435267475
2026-08-19,"ARI incidence",2026-08-30,3,"NL","quantile","0.45",99.1701760695468
2026-08-19,"ARI incidence",2026-08-30,3,"NL","quantile","0.5",100.721644908567
2026-08-19,"ARI incidence",2026-08-30,3,"NL","quantile","0.55",102.327941481571
2026-08-19,"ARI incidence",2026-08-30,3,"NL","quantile","0.6",103.974178593436
2026-08-19,"ARI incidence",2026-08-30,3,"NL","quantile","0.65",105.710266855361
2026-08-19,"ARI incidence",2026-08-30,3,"NL","quantile","0.7",107.447598636672
2026-08-19,"ARI incidence",2026-08-30,3,"NL","quantile","0.75",109.358123591337
2026-08-19,"ARI incidence",2026-08-30,3,"NL","quantile","0.8",111.528081459797
2026-08-19,"ARI incidence",2026-08-30,3,"NL","quantile","0.85",114.175834203735
2026-08-19,"ARI incidence",2026-08-30,3,"NL","quantile","0.9",117.528468490805
2026-08-19,"ARI incidence",2026-08-30,3,"NL","quantile","0.95",122.701480742637
2026-08-19,"ARI incidence",2026-08-30,3,"NL","quantile","0.975",127.351468075991
2026-08-19,"ARI incidence",2026-08-30,3,"NL","quantile","0.99",132.578409516838
2026-08-19,"ARI incidence",2026-09-06,4,"NL","median","",103.355860838584
2026-08-19,"ARI incidence",2026-09-06,4,"NL","quantile","0.01",70.2679741005571
2026-08-19,"ARI incidence",2026-09-06,4,"NL","quantile","0.025",74.8146145857313
2026-08-19,"ARI incidence",2026-09-06,4,"NL","quantile","0.05",79.0927859048244
2026-08-19,"ARI incidence",2026-09-06,4,"NL","quantile","0.1",84.3657668339123
2026-08-19,"ARI incidence",2026-09-06,4,"NL","quantile","0.15",87.5961372855668
2026-08-19,"ARI incidence",2026-09-06,4,"NL","quantile","0.2",90.3212148066631
2026-08-19,"ARI incidence",2026-09-06,4,"NL","quantile","0.25",92.8349221849839
2026-08-19,"ARI incidence",2026-09-06,4,"NL","quantile","0.3",95.3060594057396
2026-08-19,"ARI incidence",2026-09-06,4,"NL","quantile","0.35",97.4727276936134
2026-08-19,"ARI incidence",2026-09-06,4,"NL","quantile","0.4",99.406995796009
2026-08-19,"ARI incidence",2026-09-06,4,"NL","quantile","0.45",101.322839237583
2026-08-19,"ARI incidence",2026-09-06,4,"NL","quantile","0.5",103.278670057522
2026-08-19,"ARI incidence",2026-09-06,4,"NL","quantile","0.55",105.374391744305
2026-08-19,"ARI incidence",2026-09-06,4,"NL","quantile","0.6",107.430027851342
2026-08-19,"ARI incidence",2026-09-06,4,"NL","quantile","0.65",109.452696011107
2026-08-19,"ARI incidence",2026-09-06,4,"NL","quantile","0.7",111.66227992338
2026-08-19,"ARI incidence",2026-09-06,4,"NL","quantile","0.75",114.084659486949
2026-08-19,"ARI incidence",2026-09-06,4,"NL","quantile","0.8",116.684501348573
2026-08-19,"ARI incidence",2026-09-06,4,"NL","quantile","0.85",120.176732627351
2026-08-19,"ARI incidence",2026-09-06,4,"NL","quantile","0.9",124.24842366715
2026-08-19,"ARI incidence",2026-09-06,4,"NL","quantile","0.95",130.673755369358
2026-08-19,"ARI incidence",2026-09-06,4,"NL","quantile","0.975",136.798994706427
2026-08-19,"ARI incidence",2026-09-06,4,"NL","quantile","0.99",142.458663588439
2026-08-19,"ARI incidence",2026-08-16,1,"RO","median","",450.007123163874
2026-08-19,"ARI incidence",2026-08-16,1,"RO","quantile","0.01",241.440413324031
2026-08-19,"ARI incidence",2026-08-16,1,"RO","quantile","0.025",270.676234196885
2026-08-19,"ARI incidence",2026-08-16,1,"RO","quantile","0.05",295.940647699275
2026-08-19,"ARI incidence",2026-08-16,1,"RO","quantile","0.1",325.36745238325
2026-08-19,"ARI incidence",2026-08-16,1,"RO","quantile","0.15",346.600622112108
2026-08-19,"ARI incidence",2026-08-16,1,"RO","quantile","0.2",366.103169161263
2026-08-19,"ARI incidence",2026-08-16,1,"RO","quantile","0.25",381.942526588393
2026-08-19,"ARI incidence",2026-08-16,1,"RO","quantile","0.3",396.811915426499
2026-08-19,"ARI incidence",2026-08-16,1,"RO","quantile","0.35",410.396078455316
2026-08-19,"ARI incidence",2026-08-16,1,"RO","quantile","0.4",422.392674514242
2026-08-19,"ARI incidence",2026-08-16,1,"RO","quantile","0.45",435.737824908436
2026-08-19,"ARI incidence",2026-08-16,1,"RO","quantile","0.5",449.116434010072
2026-08-19,"ARI incidence",2026-08-16,1,"RO","quantile","0.55",461.86129914167
2026-08-19,"ARI incidence",2026-08-16,1,"RO","quantile","0.6",476.438317549636
2026-08-19,"ARI incidence",2026-08-16,1,"RO","quantile","0.65",490.261053060629
2026-08-19,"ARI incidence",2026-08-16,1,"RO","quantile","0.7",506.144467143069
2026-08-19,"ARI incidence",2026-08-16,1,"RO","quantile","0.75",523.381916139475
2026-08-19,"ARI incidence",2026-08-16,1,"RO","quantile","0.8",541.636535868681
2026-08-19,"ARI incidence",2026-08-16,1,"RO","quantile","0.85",564.659575817959
2026-08-19,"ARI incidence",2026-08-16,1,"RO","quantile","0.9",594.245733299464
2026-08-19,"ARI incidence",2026-08-16,1,"RO","quantile","0.95",636.752007038318
2026-08-19,"ARI incidence",2026-08-16,1,"RO","quantile","0.975",674.901589446624
2026-08-19,"ARI incidence",2026-08-16,1,"RO","quantile","0.99",731.894489472165
2026-08-19,"ARI incidence",2026-08-23,2,"RO","median","",482.775153841776
2026-08-19,"ARI incidence",2026-08-23,2,"RO","quantile","0.01",203.967087040218
2026-08-19,"ARI incidence",2026-08-23,2,"RO","quantile","0.025",238.094238445018
2026-08-19,"ARI incidence",2026-08-23,2,"RO","quantile","0.05",272.420967631057
2026-08-19,"ARI incidence",2026-08-23,2,"RO","quantile","0.1",311.347208299389
2026-08-19,"ARI incidence",2026-08-23,2,"RO","quantile","0.15",341.203342668636
2026-08-19,"ARI incidence",2026-08-23,2,"RO","quantile","0.2",367.947805497149
2026-08-19,"ARI incidence",2026-08-23,2,"RO","quantile","0.25",388.836463228207
2026-08-19,"ARI incidence",2026-08-23,2,"RO","quantile","0.3",409.3481879426
2026-08-19,"ARI incidence",2026-08-23,2,"RO","quantile","0.35",428.707671162633
2026-08-19,"ARI incidence",2026-08-23,2,"RO","quantile","0.4",447.018748864204
2026-08-19,"ARI incidence",2026-08-23,2,"RO","quantile","0.45",464.563149772794
2026-08-19,"ARI incidence",2026-08-23,2,"RO","quantile","0.5",482.716387026127
2026-08-19,"ARI incidence",2026-08-23,2,"RO","quantile","0.55",501.405997795344
2026-08-19,"ARI incidence",2026-08-23,2,"RO","quantile","0.6",521.585043377627
2026-08-19,"ARI incidence",2026-08-23,2,"RO","quantile","0.65",541.848410191599
2026-08-19,"ARI incidence",2026-08-23,2,"RO","quantile","0.7",562.674797490474
2026-08-19,"ARI incidence",2026-08-23,2,"RO","quantile","0.75",584.790775123313
2026-08-19,"ARI incidence",2026-08-23,2,"RO","quantile","0.8",611.980810015578
2026-08-19,"ARI incidence",2026-08-23,2,"RO","quantile","0.85",646.684224387292
2026-08-19,"ARI incidence",2026-08-23,2,"RO","quantile","0.9",688.501368300741
2026-08-19,"ARI incidence",2026-08-23,2,"RO","quantile","0.95",751.746981549052
2026-08-19,"ARI incidence",2026-08-23,2,"RO","quantile","0.975",811.601831227852
2026-08-19,"ARI incidence",2026-08-23,2,"RO","quantile","0.99",885.132120895662
2026-08-19,"ARI incidence",2026-08-30,3,"RO","median","",505.668270029751
2026-08-19,"ARI incidence",2026-08-30,3,"RO","quantile","0.01",193.732056592629
2026-08-19,"ARI incidence",2026-08-30,3,"RO","quantile","0.025",227.09153392529
2026-08-19,"ARI incidence",2026-08-30,3,"RO","quantile","0.05",267.70830665786
2026-08-19,"ARI incidence",2026-08-30,3,"RO","quantile","0.1",314.020203818982
2026-08-19,"ARI incidence",2026-08-30,3,"RO","quantile","0.15",346.072467083757
2026-08-19,"ARI incidence",2026-08-30,3,"RO","quantile","0.2",373.966275864438
2026-08-19,"ARI incidence",2026-08-30,3,"RO","quantile","0.25",399.000905916517
2026-08-19,"ARI incidence",2026-08-30,3,"RO","quantile","0.3",422.268572048945
2026-08-19,"ARI incidence",2026-08-30,3,"RO","quantile","0.35",442.369192013412
2026-08-19,"ARI incidence",2026-08-30,3,"RO","quantile","0.4",465.273160260424
2026-08-19,"ARI incidence",2026-08-30,3,"RO","quantile","0.45",486.219706960565
2026-08-19,"ARI incidence",2026-08-30,3,"RO","quantile","0.5",507.178462889186
2026-08-19,"ARI incidence",2026-08-30,3,"RO","quantile","0.55",528.956841748644
2026-08-19,"ARI incidence",2026-08-30,3,"RO","quantile","0.6",551.132579984387
2026-08-19,"ARI incidence",2026-08-30,3,"RO","quantile","0.65",573.197549382938
2026-08-19,"ARI incidence",2026-08-30,3,"RO","quantile","0.7",600.002147071105
2026-08-19,"ARI incidence",2026-08-30,3,"RO","quantile","0.75",627.952107058981
2026-08-19,"ARI incidence",2026-08-30,3,"RO","quantile","0.8",656.666504830991
2026-08-19,"ARI incidence",2026-08-30,3,"RO","quantile","0.85",688.894133024545
2026-08-19,"ARI incidence",2026-08-30,3,"RO","quantile","0.9",738.454865829647
2026-08-19,"ARI incidence",2026-08-30,3,"RO","quantile","0.95",812.34934685384
2026-08-19,"ARI incidence",2026-08-30,3,"RO","quantile","0.975",885.474614954873
2026-08-19,"ARI incidence",2026-08-30,3,"RO","quantile","0.99",966.08971763366
2026-08-19,"ARI incidence",2026-09-06,4,"RO","median","",527.442174531111
2026-08-19,"ARI incidence",2026-09-06,4,"RO","quantile","0.01",191.165756661667
2026-08-19,"ARI incidence",2026-09-06,4,"RO","quantile","0.025",229.365676517332
2026-08-19,"ARI incidence",2026-09-06,4,"RO","quantile","0.05",271.161671642344
2026-08-19,"ARI incidence",2026-09-06,4,"RO","quantile","0.1",319.94272429826
2026-08-19,"ARI incidence",2026-09-06,4,"RO","quantile","0.15",354.076884895179
2026-08-19,"ARI incidence",2026-09-06,4,"RO","quantile","0.2",384.543938578417
2026-08-19,"ARI incidence",2026-09-06,4,"RO","quantile","0.25",413.450330007599
2026-08-19,"ARI incidence",2026-09-06,4,"RO","quantile","0.3",437.392037952769
2026-08-19,"ARI incidence",2026-09-06,4,"RO","quantile","0.35",461.297278413109
2026-08-19,"ARI incidence",2026-09-06,4,"RO","quantile","0.4",482.455802944712
2026-08-19,"ARI incidence",2026-09-06,4,"RO","quantile","0.45",504.019454327347
2026-08-19,"ARI incidence",2026-09-06,4,"RO","quantile","0.5",526.472098071299
2026-08-19,"ARI incidence",2026-09-06,4,"RO","quantile","0.55",548.777224634302
2026-08-19,"ARI incidence",2026-09-06,4,"RO","quantile","0.6",572.609920728381
2026-08-19,"ARI incidence",2026-09-06,4,"RO","quantile","0.65",599.477608899513
2026-08-19,"ARI incidence",2026-09-06,4,"RO","quantile","0.7",626.992770063227
2026-08-19,"ARI incidence",2026-09-06,4,"RO","quantile","0.75",656.426266322936
2026-08-19,"ARI incidence",2026-09-06,4,"RO","quantile","0.8",688.838036270556
2026-08-19,"ARI incidence",2026-09-06,4,"RO","quantile","0.85",727.130037252622
2026-08-19,"ARI incidence",2026-09-06,4,"RO","quantile","0.9",784.375236906373
2026-08-19,"ARI incidence",2026-09-06,4,"RO","quantile","0.95",862.371681338363
2026-08-19,"ARI incidence",2026-09-06,4,"RO","quantile","0.975",935.451413330891
2026-08-19,"ARI incidence",2026-09-06,4,"RO","quantile","0.99",1017.10983709469
2026-08-19,"ARI incidence",2026-08-16,1,"SI","median","",263.873959726205
2026-08-19,"ARI incidence",2026-08-16,1,"SI","quantile","0.01",59.6953636612461
2026-08-19,"ARI incidence",2026-08-16,1,"SI","quantile","0.025",79.4618805063479
2026-08-19,"ARI incidence",2026-08-16,1,"SI","quantile","0.05",100.016879972506
2026-08-19,"ARI incidence",2026-08-16,1,"SI","quantile","0.1",130.496250159353
2026-08-19,"ARI incidence",2026-08-16,1,"SI","quantile","0.15",152.148182610608
2026-08-19,"ARI incidence",2026-08-16,1,"SI","quantile","0.2",170.172904984296
2026-08-19,"ARI incidence",2026-08-16,1,"SI","quantile","0.25",185.865192872104
2026-08-19,"ARI incidence",2026-08-16,1,"SI","quantile","0.3",201.305178795462
2026-08-19,"ARI incidence",2026-08-16,1,"SI","quantile","0.35",216.387350303584
2026-08-19,"ARI incidence",2026-08-16,1,"SI","quantile","0.4",232.257788770394
2026-08-19,"ARI incidence",2026-08-16,1,"SI","quantile","0.45",247.366075791618
2026-08-19,"ARI incidence",2026-08-16,1,"SI","quantile","0.5",262.323205647224
2026-08-19,"ARI incidence",2026-08-16,1,"SI","quantile","0.55",279.431168755136
2026-08-19,"ARI incidence",2026-08-16,1,"SI","quantile","0.6",295.692724312259
2026-08-19,"ARI incidence",2026-08-16,1,"SI","quantile","0.65",312.952149154621
2026-08-19,"ARI incidence",2026-08-16,1,"SI","quantile","0.7",330.968002888574
2026-08-19,"ARI incidence",2026-08-16,1,"SI","quantile","0.75",350.284311257175
2026-08-19,"ARI incidence",2026-08-16,1,"SI","quantile","0.8",372.657904720777
2026-08-19,"ARI incidence",2026-08-16,1,"SI","quantile","0.85",401.926443732616
2026-08-19,"ARI incidence",2026-08-16,1,"SI","quantile","0.9",439.36131447556
2026-08-19,"ARI incidence",2026-08-16,1,"SI","quantile","0.95",494.233977212453
2026-08-19,"ARI incidence",2026-08-16,1,"SI","quantile","0.975",547.326269874458
2026-08-19,"ARI incidence",2026-08-16,1,"SI","quantile","0.99",626.413624463707
2026-08-19,"ARI incidence",2026-08-23,2,"SI","median","",272.807943968429
2026-08-19,"ARI incidence",2026-08-23,2,"SI","quantile","0.01",19.7858336177758
2026-08-19,"ARI incidence",2026-08-23,2,"SI","quantile","0.025",40.475910941814
2026-08-19,"ARI incidence",2026-08-23,2,"SI","quantile","0.05",62.9537924587649
2026-08-19,"ARI incidence",2026-08-23,2,"SI","quantile","0.1",96.9918838585132
2026-08-19,"ARI incidence",2026-08-23,2,"SI","quantile","0.15",124.074740271337
2026-08-19,"ARI incidence",2026-08-23,2,"SI","quantile","0.2",147.271299519316
2026-08-19,"ARI incidence",2026-08-23,2,"SI","quantile","0.25",170.799117623243
2026-08-19,"ARI incidence",2026-08-23,2,"SI","quantile","0.3",190.236851906682
2026-08-19,"ARI incidence",2026-08-23,2,"SI","quantile","0.35",210.325586756541
2026-08-19,"ARI incidence",2026-08-23,2,"SI","quantile","0.4",231.086582238669
2026-08-19,"ARI incidence",2026-08-23,2,"SI","quantile","0.45",250.684991921108
2026-08-19,"ARI incidence",2026-08-23,2,"SI","quantile","0.5",272.195660677966
2026-08-19,"ARI incidence",2026-08-23,2,"SI","quantile","0.55",292.153754450155
2026-08-19,"ARI incidence",2026-08-23,2,"SI","quantile","0.6",316.611634747345
2026-08-19,"ARI incidence",2026-08-23,2,"SI","quantile","0.65",342.98730533227
2026-08-19,"ARI incidence",2026-08-23,2,"SI","quantile","0.7",368.901369034839
2026-08-19,"ARI incidence",2026-08-23,2,"SI","quantile","0.75",400.526155203343
2026-08-19,"ARI incidence",2026-08-23,2,"SI","quantile","0.8",436.653852809481
2026-08-19,"ARI incidence",2026-08-23,2,"SI","quantile","0.85",481.189181068052
2026-08-19,"ARI incidence",2026-08-23,2,"SI","quantile","0.9",539.571576342491
2026-08-19,"ARI incidence",2026-08-23,2,"SI","quantile","0.95",626.752752493218
2026-08-19,"ARI incidence",2026-08-23,2,"SI","quantile","0.975",706.915510341555
2026-08-19,"ARI incidence",2026-08-23,2,"SI","quantile","0.99",815.09094541489
2026-08-19,"ARI incidence",2026-08-30,3,"SI","median","",286.186206855307
2026-08-19,"ARI incidence",2026-08-30,3,"SI","quantile","0.01",6.10279640773658
2026-08-19,"ARI incidence",2026-08-30,3,"SI","quantile","0.025",23.1577676820552
2026-08-19,"ARI incidence",2026-08-30,3,"SI","quantile","0.05",45.1510504577028
2026-08-19,"ARI incidence",2026-08-30,3,"SI","quantile","0.1",79.8303419999432
2026-08-19,"ARI incidence",2026-08-30,3,"SI","quantile","0.15",108.198373013995
2026-08-19,"ARI incidence",2026-08-30,3,"SI","quantile","0.2",135.854163677825
2026-08-19,"ARI incidence",2026-08-30,3,"SI","quantile","0.25",160.873270922207
2026-08-19,"ARI incidence",2026-08-30,3,"SI","quantile","0.3",186.201461319161
2026-08-19,"ARI incidence",2026-08-30,3,"SI","quantile","0.35",209.866682336011
2026-08-19,"ARI incidence",2026-08-30,3,"SI","quantile","0.4",235.475072685131
2026-08-19,"ARI incidence",2026-08-30,3,"SI","quantile","0.45",263.052342541777
2026-08-19,"ARI incidence",2026-08-30,3,"SI","quantile","0.5",287.037889428165
2026-08-19,"ARI incidence",2026-08-30,3,"SI","quantile","0.55",311.284708707908
2026-08-19,"ARI incidence",2026-08-30,3,"SI","quantile","0.6",343.281473406975
2026-08-19,"ARI incidence",2026-08-30,3,"SI","quantile","0.65",374.521925287725
2026-08-19,"ARI incidence",2026-08-30,3,"SI","quantile","0.7",409.560171973852
2026-08-19,"ARI incidence",2026-08-30,3,"SI","quantile","0.75",446.637749134006
2026-08-19,"ARI incidence",2026-08-30,3,"SI","quantile","0.8",490.238983187629
2026-08-19,"ARI incidence",2026-08-30,3,"SI","quantile","0.85",544.170480209995
2026-08-19,"ARI incidence",2026-08-30,3,"SI","quantile","0.9",623.907227914867
2026-08-19,"ARI incidence",2026-08-30,3,"SI","quantile","0.95",747.486615140815
2026-08-19,"ARI incidence",2026-08-30,3,"SI","quantile","0.975",858.185783550097
2026-08-19,"ARI incidence",2026-08-30,3,"SI","quantile","0.99",1004.02384234874
2026-08-19,"ARI incidence",2026-09-06,4,"SI","median","",299.159558398356
2026-08-19,"ARI incidence",2026-09-06,4,"SI","quantile","0.01",3.08815062691171
2026-08-19,"ARI incidence",2026-09-06,4,"SI","quantile","0.025",13.8532481753716
2026-08-19,"ARI incidence",2026-09-06,4,"SI","quantile","0.05",32.5627478489735
2026-08-19,"ARI incidence",2026-09-06,4,"SI","quantile","0.1",69.6021378984899
2026-08-19,"ARI incidence",2026-09-06,4,"SI","quantile","0.15",102.267771355435
2026-08-19,"ARI incidence",2026-09-06,4,"SI","quantile","0.2",131.054112777242
2026-08-19,"ARI incidence",2026-09-06,4,"SI","quantile","0.25",157.873602689839
2026-08-19,"ARI incidence",2026-09-06,4,"SI","quantile","0.3",185.941345268923
2026-08-19,"ARI incidence",2026-09-06,4,"SI","quantile","0.35",211.32668872393
2026-08-19,"ARI incidence",2026-09-06,4,"SI","quantile","0.4",239.116346686053
2026-08-19,"ARI incidence",2026-09-06,4,"SI","quantile","0.45",268.286368646758
2026-08-19,"ARI incidence",2026-09-06,4,"SI","quantile","0.5",299.255309982067
2026-08-19,"ARI incidence",2026-09-06,4,"SI","quantile","0.55",332.783285484547
2026-08-19,"ARI incidence",2026-09-06,4,"SI","quantile","0.6",366.943141532511
2026-08-19,"ARI incidence",2026-09-06,4,"SI","quantile","0.65",402.55111247259
2026-08-19,"ARI incidence",2026-09-06,4,"SI","quantile","0.7",440.987932486482
2026-08-19,"ARI incidence",2026-09-06,4,"SI","quantile","0.75",484.7236392772
2026-08-19,"ARI incidence",2026-09-06,4,"SI","quantile","0.8",536.577255627319
2026-08-19,"ARI incidence",2026-09-06,4,"SI","quantile","0.85",606.99092230291
2026-08-19,"ARI incidence",2026-09-06,4,"SI","quantile","0.9",694.193689258836
2026-08-19,"ARI incidence",2026-09-06,4,"SI","quantile","0.95",841.290502611445
2026-08-19,"ARI incidence",2026-09-06,4,"SI","quantile","0.975",965.410373948395
2026-08-19,"ARI incidence",2026-09-06,4,"SI","quantile","0.99",1118.43166983389
