"origin_date","target","target_end_date","horizon","location","output_type","output_type_id","value"
2026-09-23,"ARI incidence",2026-09-20,1,"BE","median","",584.66753653205
2026-09-23,"ARI incidence",2026-09-20,1,"BE","quantile","0.01",304.44419672235
2026-09-23,"ARI incidence",2026-09-20,1,"BE","quantile","0.025",342.636385473029
2026-09-23,"ARI incidence",2026-09-20,1,"BE","quantile","0.05",377.006739249071
2026-09-23,"ARI incidence",2026-09-20,1,"BE","quantile","0.1",418.550547019765
2026-09-23,"ARI incidence",2026-09-20,1,"BE","quantile","0.15",448.436815175734
2026-09-23,"ARI incidence",2026-09-20,1,"BE","quantile","0.2",472.921274653527
2026-09-23,"ARI incidence",2026-09-20,1,"BE","quantile","0.25",494.395306102021
2026-09-23,"ARI incidence",2026-09-20,1,"BE","quantile","0.3",514.465679218744
2026-09-23,"ARI incidence",2026-09-20,1,"BE","quantile","0.35",532.572323112534
2026-09-23,"ARI incidence",2026-09-20,1,"BE","quantile","0.4",550.071814450791
2026-09-23,"ARI incidence",2026-09-20,1,"BE","quantile","0.45",567.954123534575
2026-09-23,"ARI incidence",2026-09-20,1,"BE","quantile","0.5",585.268054281472
2026-09-23,"ARI incidence",2026-09-20,1,"BE","quantile","0.55",603.648306343626
2026-09-23,"ARI incidence",2026-09-20,1,"BE","quantile","0.6",622.048995716108
2026-09-23,"ARI incidence",2026-09-20,1,"BE","quantile","0.65",640.199730142525
2026-09-23,"ARI incidence",2026-09-20,1,"BE","quantile","0.7",659.327086033108
2026-09-23,"ARI incidence",2026-09-20,1,"BE","quantile","0.75",680.796235068006
2026-09-23,"ARI incidence",2026-09-20,1,"BE","quantile","0.8",705.869696988327
2026-09-23,"ARI incidence",2026-09-20,1,"BE","quantile","0.85",735.397995060452
2026-09-23,"ARI incidence",2026-09-20,1,"BE","quantile","0.9",773.902422014752
2026-09-23,"ARI incidence",2026-09-20,1,"BE","quantile","0.95",831.28078378233
2026-09-23,"ARI incidence",2026-09-20,1,"BE","quantile","0.975",881.41670040665
2026-09-23,"ARI incidence",2026-09-20,1,"BE","quantile","0.99",938.341732940231
2026-09-23,"ARI incidence",2026-09-27,2,"BE","median","",613.946611055735
2026-09-23,"ARI incidence",2026-09-27,2,"BE","quantile","0.01",251.760836943224
2026-09-23,"ARI incidence",2026-09-27,2,"BE","quantile","0.025",294.709179035819
2026-09-23,"ARI incidence",2026-09-27,2,"BE","quantile","0.05",340.363126674407
2026-09-23,"ARI incidence",2026-09-27,2,"BE","quantile","0.1",395.184980276395
2026-09-23,"ARI incidence",2026-09-27,2,"BE","quantile","0.15",432.665909326599
2026-09-23,"ARI incidence",2026-09-27,2,"BE","quantile","0.2",464.107671721237
2026-09-23,"ARI incidence",2026-09-27,2,"BE","quantile","0.25",492.469413191027
2026-09-23,"ARI incidence",2026-09-27,2,"BE","quantile","0.3",520.387507295819
2026-09-23,"ARI incidence",2026-09-27,2,"BE","quantile","0.35",546.916900457323
2026-09-23,"ARI incidence",2026-09-27,2,"BE","quantile","0.4",570.714371283247
2026-09-23,"ARI incidence",2026-09-27,2,"BE","quantile","0.45",595.288071983563
2026-09-23,"ARI incidence",2026-09-27,2,"BE","quantile","0.5",619.471589545813
2026-09-23,"ARI incidence",2026-09-27,2,"BE","quantile","0.55",643.259006294216
2026-09-23,"ARI incidence",2026-09-27,2,"BE","quantile","0.6",669.731978051826
2026-09-23,"ARI incidence",2026-09-27,2,"BE","quantile","0.65",697.547753590937
2026-09-23,"ARI incidence",2026-09-27,2,"BE","quantile","0.7",722.307520409839
2026-09-23,"ARI incidence",2026-09-27,2,"BE","quantile","0.75",751.965664051523
2026-09-23,"ARI incidence",2026-09-27,2,"BE","quantile","0.8",789.750781446322
2026-09-23,"ARI incidence",2026-09-27,2,"BE","quantile","0.85",832.414464102244
2026-09-23,"ARI incidence",2026-09-27,2,"BE","quantile","0.9",884.862388412048
2026-09-23,"ARI incidence",2026-09-27,2,"BE","quantile","0.95",972.224518459213
2026-09-23,"ARI incidence",2026-09-27,2,"BE","quantile","0.975",1049.37189662771
2026-09-23,"ARI incidence",2026-09-27,2,"BE","quantile","0.99",1136.54073217269
2026-09-23,"ARI incidence",2026-10-04,3,"BE","median","",628.382659383567
2026-09-23,"ARI incidence",2026-10-04,3,"BE","quantile","0.01",186.113160423933
2026-09-23,"ARI incidence",2026-10-04,3,"BE","quantile","0.025",245.065586143452
2026-09-23,"ARI incidence",2026-10-04,3,"BE","quantile","0.05",294.873304964437
2026-09-23,"ARI incidence",2026-10-04,3,"BE","quantile","0.1",357.061015386583
2026-09-23,"ARI incidence",2026-10-04,3,"BE","quantile","0.15",403.431130115309
2026-09-23,"ARI incidence",2026-10-04,3,"BE","quantile","0.2",443.075880164742
2026-09-23,"ARI incidence",2026-10-04,3,"BE","quantile","0.25",477.308570963722
2026-09-23,"ARI incidence",2026-10-04,3,"BE","quantile","0.3",510.320082489631
2026-09-23,"ARI incidence",2026-10-04,3,"BE","quantile","0.35",542.06404836686
2026-09-23,"ARI incidence",2026-10-04,3,"BE","quantile","0.4",571.130573065817
2026-09-23,"ARI incidence",2026-10-04,3,"BE","quantile","0.45",598.983559328257
2026-09-23,"ARI incidence",2026-10-04,3,"BE","quantile","0.5",628.313258893815
2026-09-23,"ARI incidence",2026-10-04,3,"BE","quantile","0.55",661.040284343622
2026-09-23,"ARI incidence",2026-10-04,3,"BE","quantile","0.6",695.202416209198
2026-09-23,"ARI incidence",2026-10-04,3,"BE","quantile","0.65",726.637209354138
2026-09-23,"ARI incidence",2026-10-04,3,"BE","quantile","0.7",761.190179961087
2026-09-23,"ARI incidence",2026-10-04,3,"BE","quantile","0.75",801.72088687712
2026-09-23,"ARI incidence",2026-10-04,3,"BE","quantile","0.8",848.39644877543
2026-09-23,"ARI incidence",2026-10-04,3,"BE","quantile","0.85",902.093757045411
2026-09-23,"ARI incidence",2026-10-04,3,"BE","quantile","0.9",969.48431349433
2026-09-23,"ARI incidence",2026-10-04,3,"BE","quantile","0.95",1090.94725656987
2026-09-23,"ARI incidence",2026-10-04,3,"BE","quantile","0.975",1192.17444650555
2026-09-23,"ARI incidence",2026-10-04,3,"BE","quantile","0.99",1306.50383764754
2026-09-23,"ARI incidence",2026-10-11,4,"BE","median","",641.364718400448
2026-09-23,"ARI incidence",2026-10-11,4,"BE","quantile","0.01",158.749240764947
2026-09-23,"ARI incidence",2026-10-11,4,"BE","quantile","0.025",208.433360927015
2026-09-23,"ARI incidence",2026-10-11,4,"BE","quantile","0.05",266.165754136724
2026-09-23,"ARI incidence",2026-10-11,4,"BE","quantile","0.1",339.631857540109
2026-09-23,"ARI incidence",2026-10-11,4,"BE","quantile","0.15",389.476616886559
2026-09-23,"ARI incidence",2026-10-11,4,"BE","quantile","0.2",434.187979401429
2026-09-23,"ARI incidence",2026-10-11,4,"BE","quantile","0.25",471.905458661763
2026-09-23,"ARI incidence",2026-10-11,4,"BE","quantile","0.3",506.514210031325
2026-09-23,"ARI incidence",2026-10-11,4,"BE","quantile","0.35",539.320674125993
2026-09-23,"ARI incidence",2026-10-11,4,"BE","quantile","0.4",574.34705732612
2026-09-23,"ARI incidence",2026-10-11,4,"BE","quantile","0.45",610.287463526998
2026-09-23,"ARI incidence",2026-10-11,4,"BE","quantile","0.5",643.87757970238
2026-09-23,"ARI incidence",2026-10-11,4,"BE","quantile","0.55",678.544329192931
2026-09-23,"ARI incidence",2026-10-11,4,"BE","quantile","0.6",715.643095918262
2026-09-23,"ARI incidence",2026-10-11,4,"BE","quantile","0.65",753.454990919899
2026-09-23,"ARI incidence",2026-10-11,4,"BE","quantile","0.7",797.608174405509
2026-09-23,"ARI incidence",2026-10-11,4,"BE","quantile","0.75",841.596747829229
2026-09-23,"ARI incidence",2026-10-11,4,"BE","quantile","0.8",898.549439230718
2026-09-23,"ARI incidence",2026-10-11,4,"BE","quantile","0.85",960.045184525189
2026-09-23,"ARI incidence",2026-10-11,4,"BE","quantile","0.9",1043.16549844099
2026-09-23,"ARI incidence",2026-10-11,4,"BE","quantile","0.95",1176.94705439495
2026-09-23,"ARI incidence",2026-10-11,4,"BE","quantile","0.975",1292.97637314513
2026-09-23,"ARI incidence",2026-10-11,4,"BE","quantile","0.99",1458.30901026906
2026-09-23,"ARI incidence",2026-09-20,1,"BG","median","",220.626171734951
2026-09-23,"ARI incidence",2026-09-20,1,"BG","quantile","0.01",71.2802169292084
2026-09-23,"ARI incidence",2026-09-20,1,"BG","quantile","0.025",88.3913361118139
2026-09-23,"ARI incidence",2026-09-20,1,"BG","quantile","0.05",105.68996086636
2026-09-23,"ARI incidence",2026-09-20,1,"BG","quantile","0.1",129.365565860609
2026-09-23,"ARI incidence",2026-09-20,1,"BG","quantile","0.15",144.523651717082
2026-09-23,"ARI incidence",2026-09-20,1,"BG","quantile","0.2",157.797023895392
2026-09-23,"ARI incidence",2026-09-20,1,"BG","quantile","0.25",169.38552214987
2026-09-23,"ARI incidence",2026-09-20,1,"BG","quantile","0.3",179.723896856826
2026-09-23,"ARI incidence",2026-09-20,1,"BG","quantile","0.35",189.899615866047
2026-09-23,"ARI incidence",2026-09-20,1,"BG","quantile","0.4",200.70852071224
2026-09-23,"ARI incidence",2026-09-20,1,"BG","quantile","0.45",210.423408614792
2026-09-23,"ARI incidence",2026-09-20,1,"BG","quantile","0.5",220.760236748783
2026-09-23,"ARI incidence",2026-09-20,1,"BG","quantile","0.55",231.409167218247
2026-09-23,"ARI incidence",2026-09-20,1,"BG","quantile","0.6",242.557180418098
2026-09-23,"ARI incidence",2026-09-20,1,"BG","quantile","0.65",253.635110151266
2026-09-23,"ARI incidence",2026-09-20,1,"BG","quantile","0.7",265.690632572092
2026-09-23,"ARI incidence",2026-09-20,1,"BG","quantile","0.75",280.970285607153
2026-09-23,"ARI incidence",2026-09-20,1,"BG","quantile","0.8",297.426265600623
2026-09-23,"ARI incidence",2026-09-20,1,"BG","quantile","0.85",317.420134558808
2026-09-23,"ARI incidence",2026-09-20,1,"BG","quantile","0.9",342.753978325528
2026-09-23,"ARI incidence",2026-09-20,1,"BG","quantile","0.95",378.397008699143
2026-09-23,"ARI incidence",2026-09-20,1,"BG","quantile","0.975",414.667497588162
2026-09-23,"ARI incidence",2026-09-20,1,"BG","quantile","0.99",452.302998927407
2026-09-23,"ARI incidence",2026-09-27,2,"BG","median","",239.090990436825
2026-09-23,"ARI incidence",2026-09-27,2,"BG","quantile","0.01",38.6014748794604
2026-09-23,"ARI incidence",2026-09-27,2,"BG","quantile","0.025",57.2312341698607
2026-09-23,"ARI incidence",2026-09-27,2,"BG","quantile","0.05",77.8221324803451
2026-09-23,"ARI incidence",2026-09-27,2,"BG","quantile","0.1",105.382960046783
2026-09-23,"ARI incidence",2026-09-27,2,"BG","quantile","0.15",125.528714795003
2026-09-23,"ARI incidence",2026-09-27,2,"BG","quantile","0.2",144.570373780024
2026-09-23,"ARI incidence",2026-09-27,2,"BG","quantile","0.25",161.721412826327
2026-09-23,"ARI incidence",2026-09-27,2,"BG","quantile","0.3",177.710900752833
2026-09-23,"ARI incidence",2026-09-27,2,"BG","quantile","0.35",192.860129836437
2026-09-23,"ARI incidence",2026-09-27,2,"BG","quantile","0.4",208.8243217171
2026-09-23,"ARI incidence",2026-09-27,2,"BG","quantile","0.45",224.893480783568
2026-09-23,"ARI incidence",2026-09-27,2,"BG","quantile","0.5",240.315424820037
2026-09-23,"ARI incidence",2026-09-27,2,"BG","quantile","0.55",256.123774787988
2026-09-23,"ARI incidence",2026-09-27,2,"BG","quantile","0.6",272.816730582554
2026-09-23,"ARI incidence",2026-09-27,2,"BG","quantile","0.65",290.139948890489
2026-09-23,"ARI incidence",2026-09-27,2,"BG","quantile","0.7",309.916169134875
2026-09-23,"ARI incidence",2026-09-27,2,"BG","quantile","0.75",333.342525532435
2026-09-23,"ARI incidence",2026-09-27,2,"BG","quantile","0.8",358.711692821937
2026-09-23,"ARI incidence",2026-09-27,2,"BG","quantile","0.85",388.808883578115
2026-09-23,"ARI incidence",2026-09-27,2,"BG","quantile","0.9",427.788574267801
2026-09-23,"ARI incidence",2026-09-27,2,"BG","quantile","0.95",491.113113804744
2026-09-23,"ARI incidence",2026-09-27,2,"BG","quantile","0.975",549.860139032214
2026-09-23,"ARI incidence",2026-09-27,2,"BG","quantile","0.99",626.871346144786
2026-09-23,"ARI incidence",2026-10-04,3,"BG","median","",255.955884930879
2026-09-23,"ARI incidence",2026-10-04,3,"BG","quantile","0.01",29.0727724747822
2026-09-23,"ARI incidence",2026-10-04,3,"BG","quantile","0.025",48.6583556068973
2026-09-23,"ARI incidence",2026-10-04,3,"BG","quantile","0.05",68.6107540351237
2026-09-23,"ARI incidence",2026-10-04,3,"BG","quantile","0.1",98.5434590056812
2026-09-23,"ARI incidence",2026-10-04,3,"BG","quantile","0.15",123.697319375408
2026-09-23,"ARI incidence",2026-10-04,3,"BG","quantile","0.2",144.817249843664
2026-09-23,"ARI incidence",2026-10-04,3,"BG","quantile","0.25",164.256775404243
2026-09-23,"ARI incidence",2026-10-04,3,"BG","quantile","0.3",182.775603864766
2026-09-23,"ARI incidence",2026-10-04,3,"BG","quantile","0.35",201.958342020977
2026-09-23,"ARI incidence",2026-10-04,3,"BG","quantile","0.4",220.037593567462
2026-09-23,"ARI incidence",2026-10-04,3,"BG","quantile","0.45",236.646910207584
2026-09-23,"ARI incidence",2026-10-04,3,"BG","quantile","0.5",254.215836683858
2026-09-23,"ARI incidence",2026-10-04,3,"BG","quantile","0.55",274.824353446162
2026-09-23,"ARI incidence",2026-10-04,3,"BG","quantile","0.6",295.197899694804
2026-09-23,"ARI incidence",2026-10-04,3,"BG","quantile","0.65",317.600523593128
2026-09-23,"ARI incidence",2026-10-04,3,"BG","quantile","0.7",342.507196126849
2026-09-23,"ARI incidence",2026-10-04,3,"BG","quantile","0.75",370.231068677761
2026-09-23,"ARI incidence",2026-10-04,3,"BG","quantile","0.8",401.713437112476
2026-09-23,"ARI incidence",2026-10-04,3,"BG","quantile","0.85",440.055240815862
2026-09-23,"ARI incidence",2026-10-04,3,"BG","quantile","0.9",492.131587214927
2026-09-23,"ARI incidence",2026-10-04,3,"BG","quantile","0.95",566.432202401444
2026-09-23,"ARI incidence",2026-10-04,3,"BG","quantile","0.975",638.309352335803
2026-09-23,"ARI incidence",2026-10-04,3,"BG","quantile","0.99",729.615975807684
2026-09-23,"ARI incidence",2026-10-11,4,"BG","median","",272.209782368832
2026-09-23,"ARI incidence",2026-10-11,4,"BG","quantile","0.01",17.2137724644569
2026-09-23,"ARI incidence",2026-10-11,4,"BG","quantile","0.025",40.1225464991855
2026-09-23,"ARI incidence",2026-10-11,4,"BG","quantile","0.05",63.6314637854922
2026-09-23,"ARI incidence",2026-10-11,4,"BG","quantile","0.1",98.3605696853791
2026-09-23,"ARI incidence",2026-10-11,4,"BG","quantile","0.15",124.7724640124
2026-09-23,"ARI incidence",2026-10-11,4,"BG","quantile","0.2",147.66523337679
2026-09-23,"ARI incidence",2026-10-11,4,"BG","quantile","0.25",170.667887419352
2026-09-23,"ARI incidence",2026-10-11,4,"BG","quantile","0.3",190.101649551407
2026-09-23,"ARI incidence",2026-10-11,4,"BG","quantile","0.35",210.879513987706
2026-09-23,"ARI incidence",2026-10-11,4,"BG","quantile","0.4",229.815824568979
2026-09-23,"ARI incidence",2026-10-11,4,"BG","quantile","0.45",250.340242565771
2026-09-23,"ARI incidence",2026-10-11,4,"BG","quantile","0.5",271.44448260522
2026-09-23,"ARI incidence",2026-10-11,4,"BG","quantile","0.55",292.636067720707
2026-09-23,"ARI incidence",2026-10-11,4,"BG","quantile","0.6",314.259729381924
2026-09-23,"ARI incidence",2026-10-11,4,"BG","quantile","0.65",339.127978131948
2026-09-23,"ARI incidence",2026-10-11,4,"BG","quantile","0.7",366.625663122229
2026-09-23,"ARI incidence",2026-10-11,4,"BG","quantile","0.75",398.285710289456
2026-09-23,"ARI incidence",2026-10-11,4,"BG","quantile","0.8",435.549241904606
2026-09-23,"ARI incidence",2026-10-11,4,"BG","quantile","0.85",480.838446834133
2026-09-23,"ARI incidence",2026-10-11,4,"BG","quantile","0.9",541.016222978425
2026-09-23,"ARI incidence",2026-10-11,4,"BG","quantile","0.95",628.387571978035
2026-09-23,"ARI incidence",2026-10-11,4,"BG","quantile","0.975",709.552176265257
2026-09-23,"ARI incidence",2026-10-11,4,"BG","quantile","0.99",823.871033734264
2026-09-23,"ARI incidence",2026-09-20,1,"CY","median","",4473.29278286574
2026-09-23,"ARI incidence",2026-09-20,1,"CY","quantile","0.01",1705.27746955021
2026-09-23,"ARI incidence",2026-09-20,1,"CY","quantile","0.025",2073.08577971366
2026-09-23,"ARI incidence",2026-09-20,1,"CY","quantile","0.05",2427.06726666246
2026-09-23,"ARI incidence",2026-09-20,1,"CY","quantile","0.1",2834.37029970342
2026-09-23,"ARI incidence",2026-09-20,1,"CY","quantile","0.15",3108.86187880318
2026-09-23,"ARI incidence",2026-09-20,1,"CY","quantile","0.2",3344.85847053406
2026-09-23,"ARI incidence",2026-09-20,1,"CY","quantile","0.25",3546.42099260005
2026-09-23,"ARI incidence",2026-09-20,1,"CY","quantile","0.3",3746.54586550063
2026-09-23,"ARI incidence",2026-09-20,1,"CY","quantile","0.35",3931.99622687365
2026-09-23,"ARI incidence",2026-09-20,1,"CY","quantile","0.4",4115.17489886345
2026-09-23,"ARI incidence",2026-09-20,1,"CY","quantile","0.45",4304.13183312346
2026-09-23,"ARI incidence",2026-09-20,1,"CY","quantile","0.5",4495.68336810245
2026-09-23,"ARI incidence",2026-09-20,1,"CY","quantile","0.55",4677.42766169369
2026-09-23,"ARI incidence",2026-09-20,1,"CY","quantile","0.6",4860.7798446923
2026-09-23,"ARI incidence",2026-09-20,1,"CY","quantile","0.65",5067.66670296468
2026-09-23,"ARI incidence",2026-09-20,1,"CY","quantile","0.7",5278.69900702823
2026-09-23,"ARI incidence",2026-09-20,1,"CY","quantile","0.75",5525.90208412641
2026-09-23,"ARI incidence",2026-09-20,1,"CY","quantile","0.8",5784.94035256838
2026-09-23,"ARI incidence",2026-09-20,1,"CY","quantile","0.85",6084.37626885868
2026-09-23,"ARI incidence",2026-09-20,1,"CY","quantile","0.9",6457.40128164508
2026-09-23,"ARI incidence",2026-09-20,1,"CY","quantile","0.95",7121.41174592197
2026-09-23,"ARI incidence",2026-09-20,1,"CY","quantile","0.975",7754.23403403316
2026-09-23,"ARI incidence",2026-09-20,1,"CY","quantile","0.99",8331.12969614381
2026-09-23,"ARI incidence",2026-09-27,2,"CY","median","",4811.70106509662
2026-09-23,"ARI incidence",2026-09-27,2,"CY","quantile","0.01",1247.94581140625
2026-09-23,"ARI incidence",2026-09-27,2,"CY","quantile","0.025",1645.38821323456
2026-09-23,"ARI incidence",2026-09-27,2,"CY","quantile","0.05",2063.15012323094
2026-09-23,"ARI incidence",2026-09-27,2,"CY","quantile","0.1",2535.25058807476
2026-09-23,"ARI incidence",2026-09-27,2,"CY","quantile","0.15",2922.98592985505
2026-09-23,"ARI incidence",2026-09-27,2,"CY","quantile","0.2",3260.52169318531
2026-09-23,"ARI incidence",2026-09-27,2,"CY","quantile","0.25",3529.6013338825
2026-09-23,"ARI incidence",2026-09-27,2,"CY","quantile","0.3",3819.75025271941
2026-09-23,"ARI incidence",2026-09-27,2,"CY","quantile","0.35",4068.82014905155
2026-09-23,"ARI incidence",2026-09-27,2,"CY","quantile","0.4",4304.93857676324
2026-09-23,"ARI incidence",2026-09-27,2,"CY","quantile","0.45",4551.94427016352
2026-09-23,"ARI incidence",2026-09-27,2,"CY","quantile","0.5",4805.84085431744
2026-09-23,"ARI incidence",2026-09-27,2,"CY","quantile","0.55",5058.48702656633
2026-09-23,"ARI incidence",2026-09-27,2,"CY","quantile","0.6",5322.5437715211
2026-09-23,"ARI incidence",2026-09-27,2,"CY","quantile","0.65",5597.30842162488
2026-09-23,"ARI incidence",2026-09-27,2,"CY","quantile","0.7",5912.48163081595
2026-09-23,"ARI incidence",2026-09-27,2,"CY","quantile","0.75",6242.49610834434
2026-09-23,"ARI incidence",2026-09-27,2,"CY","quantile","0.8",6634.41596016737
2026-09-23,"ARI incidence",2026-09-27,2,"CY","quantile","0.85",7090.06898972353
2026-09-23,"ARI incidence",2026-09-27,2,"CY","quantile","0.9",7684.26409428284
2026-09-23,"ARI incidence",2026-09-27,2,"CY","quantile","0.95",8671.87049735014
2026-09-23,"ARI incidence",2026-09-27,2,"CY","quantile","0.975",9499.25213693853
2026-09-23,"ARI incidence",2026-09-27,2,"CY","quantile","0.99",10597.3729822118
2026-09-23,"ARI incidence",2026-10-04,3,"CY","median","",5116.52603857335
2026-09-23,"ARI incidence",2026-10-04,3,"CY","quantile","0.01",989.078030666474
2026-09-23,"ARI incidence",2026-10-04,3,"CY","quantile","0.025",1418.61757821218
2026-09-23,"ARI incidence",2026-10-04,3,"CY","quantile","0.05",1861.83275982376
2026-09-23,"ARI incidence",2026-10-04,3,"CY","quantile","0.1",2434.65451635642
2026-09-23,"ARI incidence",2026-10-04,3,"CY","quantile","0.15",2873.45489703299
2026-09-23,"ARI incidence",2026-10-04,3,"CY","quantile","0.2",3264.1273647808
2026-09-23,"ARI incidence",2026-10-04,3,"CY","quantile","0.25",3585.71172670457
2026-09-23,"ARI incidence",2026-10-04,3,"CY","quantile","0.3",3917.19930946364
2026-09-23,"ARI incidence",2026-10-04,3,"CY","quantile","0.35",4216.83446304605
2026-09-23,"ARI incidence",2026-10-04,3,"CY","quantile","0.4",4518.80852583439
2026-09-23,"ARI incidence",2026-10-04,3,"CY","quantile","0.45",4814.30843347355
2026-09-23,"ARI incidence",2026-10-04,3,"CY","quantile","0.5",5132.89761385292
2026-09-23,"ARI incidence",2026-10-04,3,"CY","quantile","0.55",5428.73121981884
2026-09-23,"ARI incidence",2026-10-04,3,"CY","quantile","0.6",5750.25491139745
2026-09-23,"ARI incidence",2026-10-04,3,"CY","quantile","0.65",6108.1428209229
2026-09-23,"ARI incidence",2026-10-04,3,"CY","quantile","0.7",6471.91168116307
2026-09-23,"ARI incidence",2026-10-04,3,"CY","quantile","0.75",6894.98718599969
2026-09-23,"ARI incidence",2026-10-04,3,"CY","quantile","0.8",7395.43332979323
2026-09-23,"ARI incidence",2026-10-04,3,"CY","quantile","0.85",7957.45744493694
2026-09-23,"ARI incidence",2026-10-04,3,"CY","quantile","0.9",8675.1634276976
2026-09-23,"ARI incidence",2026-10-04,3,"CY","quantile","0.95",9933.11171570481
2026-09-23,"ARI incidence",2026-10-04,3,"CY","quantile","0.975",11074.6868262117
2026-09-23,"ARI incidence",2026-10-04,3,"CY","quantile","0.99",12233.84919554
2026-09-23,"ARI incidence",2026-10-11,4,"CY","median","",5389.67248025172
2026-09-23,"ARI incidence",2026-10-11,4,"CY","quantile","0.01",874.290649707789
2026-09-23,"ARI incidence",2026-10-11,4,"CY","quantile","0.025",1309.82265873671
2026-09-23,"ARI incidence",2026-10-11,4,"CY","quantile","0.05",1772.97254901746
2026-09-23,"ARI incidence",2026-10-11,4,"CY","quantile","0.1",2381.26253811888
2026-09-23,"ARI incidence",2026-10-11,4,"CY","quantile","0.15",2888.85852696428
2026-09-23,"ARI incidence",2026-10-11,4,"CY","quantile","0.2",3280.36203263473
2026-09-23,"ARI incidence",2026-10-11,4,"CY","quantile","0.25",3668.60629987311
2026-09-23,"ARI incidence",2026-10-11,4,"CY","quantile","0.3",4013.23173480826
2026-09-23,"ARI incidence",2026-10-11,4,"CY","quantile","0.35",4375.01151198416
2026-09-23,"ARI incidence",2026-10-11,4,"CY","quantile","0.4",4734.99392736015
2026-09-23,"ARI incidence",2026-10-11,4,"CY","quantile","0.45",5081.13809323971
2026-09-23,"ARI incidence",2026-10-11,4,"CY","quantile","0.5",5418.43134112386
2026-09-23,"ARI incidence",2026-10-11,4,"CY","quantile","0.55",5763.68088538894
2026-09-23,"ARI incidence",2026-10-11,4,"CY","quantile","0.6",6146.46358288824
2026-09-23,"ARI incidence",2026-10-11,4,"CY","quantile","0.65",6531.07775435621
2026-09-23,"ARI incidence",2026-10-11,4,"CY","quantile","0.7",6964.00732883347
2026-09-23,"ARI incidence",2026-10-11,4,"CY","quantile","0.75",7457.69201710932
2026-09-23,"ARI incidence",2026-10-11,4,"CY","quantile","0.8",7979.62683537551
2026-09-23,"ARI incidence",2026-10-11,4,"CY","quantile","0.85",8661.90381439105
2026-09-23,"ARI incidence",2026-10-11,4,"CY","quantile","0.9",9546.79566147815
2026-09-23,"ARI incidence",2026-10-11,4,"CY","quantile","0.95",10932.4111924728
2026-09-23,"ARI incidence",2026-10-11,4,"CY","quantile","0.975",12304.6069889625
2026-09-23,"ARI incidence",2026-10-11,4,"CY","quantile","0.99",13847.8154813516
2026-09-23,"ARI incidence",2026-09-20,1,"DE","median","",846.606632719305
2026-09-23,"ARI incidence",2026-09-20,1,"DE","quantile","0.01",425.948622030254
2026-09-23,"ARI incidence",2026-09-20,1,"DE","quantile","0.025",482.688830400395
2026-09-23,"ARI incidence",2026-09-20,1,"DE","quantile","0.05",533.280917804623
2026-09-23,"ARI incidence",2026-09-20,1,"DE","quantile","0.1",598.803383906683
2026-09-23,"ARI incidence",2026-09-20,1,"DE","quantile","0.15",643.560781929883
2026-09-23,"ARI incidence",2026-09-20,1,"DE","quantile","0.2",678.332234243964
2026-09-23,"ARI incidence",2026-09-20,1,"DE","quantile","0.25",710.500678609855
2026-09-23,"ARI incidence",2026-09-20,1,"DE","quantile","0.3",739.181722927617
2026-09-23,"ARI incidence",2026-09-20,1,"DE","quantile","0.35",765.06902515321
2026-09-23,"ARI incidence",2026-09-20,1,"DE","quantile","0.4",790.925809866754
2026-09-23,"ARI incidence",2026-09-20,1,"DE","quantile","0.45",817.940498787437
2026-09-23,"ARI incidence",2026-09-20,1,"DE","quantile","0.5",844.466433543237
2026-09-23,"ARI incidence",2026-09-20,1,"DE","quantile","0.55",871.14942206851
2026-09-23,"ARI incidence",2026-09-20,1,"DE","quantile","0.6",896.997661101605
2026-09-23,"ARI incidence",2026-09-20,1,"DE","quantile","0.65",928.260840464341
2026-09-23,"ARI incidence",2026-09-20,1,"DE","quantile","0.7",961.280160553943
2026-09-23,"ARI incidence",2026-09-20,1,"DE","quantile","0.75",995.350206198028
2026-09-23,"ARI incidence",2026-09-20,1,"DE","quantile","0.8",1033.90282265637
2026-09-23,"ARI incidence",2026-09-20,1,"DE","quantile","0.85",1078.50685725768
2026-09-23,"ARI incidence",2026-09-20,1,"DE","quantile","0.9",1144.58924284599
2026-09-23,"ARI incidence",2026-09-20,1,"DE","quantile","0.95",1231.843669338
2026-09-23,"ARI incidence",2026-09-20,1,"DE","quantile","0.975",1312.69238810055
2026-09-23,"ARI incidence",2026-09-20,1,"DE","quantile","0.99",1404.76904539493
2026-09-23,"ARI incidence",2026-09-27,2,"DE","median","",839.671339995481
2026-09-23,"ARI incidence",2026-09-27,2,"DE","quantile","0.01",301.552613159789
2026-09-23,"ARI incidence",2026-09-27,2,"DE","quantile","0.025",371.172911187666
2026-09-23,"ARI incidence",2026-09-27,2,"DE","quantile","0.05",434.340991392424
2026-09-23,"ARI incidence",2026-09-27,2,"DE","quantile","0.1",512.133129171041
2026-09-23,"ARI incidence",2026-09-27,2,"DE","quantile","0.15",567.918295953359
2026-09-23,"ARI incidence",2026-09-27,2,"DE","quantile","0.2",615.65580970332
2026-09-23,"ARI incidence",2026-09-27,2,"DE","quantile","0.25",655.825137000525
2026-09-23,"ARI incidence",2026-09-27,2,"DE","quantile","0.3",694.082840096143
2026-09-23,"ARI incidence",2026-09-27,2,"DE","quantile","0.35",730.649329816054
2026-09-23,"ARI incidence",2026-09-27,2,"DE","quantile","0.4",766.108258694756
2026-09-23,"ARI incidence",2026-09-27,2,"DE","quantile","0.45",801.55828996664
2026-09-23,"ARI incidence",2026-09-27,2,"DE","quantile","0.5",837.889587428617
2026-09-23,"ARI incidence",2026-09-27,2,"DE","quantile","0.55",873.298695601022
2026-09-23,"ARI incidence",2026-09-27,2,"DE","quantile","0.6",911.820420695571
2026-09-23,"ARI incidence",2026-09-27,2,"DE","quantile","0.65",951.566170928887
2026-09-23,"ARI incidence",2026-09-27,2,"DE","quantile","0.7",993.606045315861
2026-09-23,"ARI incidence",2026-09-27,2,"DE","quantile","0.75",1039.80723490631
2026-09-23,"ARI incidence",2026-09-27,2,"DE","quantile","0.8",1095.53993701043
2026-09-23,"ARI incidence",2026-09-27,2,"DE","quantile","0.85",1162.38583693945
2026-09-23,"ARI incidence",2026-09-27,2,"DE","quantile","0.9",1241.86594764239
2026-09-23,"ARI incidence",2026-09-27,2,"DE","quantile","0.95",1360.38181299477
2026-09-23,"ARI incidence",2026-09-27,2,"DE","quantile","0.975",1477.9122830126
2026-09-23,"ARI incidence",2026-09-27,2,"DE","quantile","0.99",1618.82278148396
2026-09-23,"ARI incidence",2026-10-04,3,"DE","median","",825.850801444481
2026-09-23,"ARI incidence",2026-10-04,3,"DE","quantile","0.01",228.000835450067
2026-09-23,"ARI incidence",2026-10-04,3,"DE","quantile","0.025",296.259937934026
2026-09-23,"ARI incidence",2026-10-04,3,"DE","quantile","0.05",364.577030954761
2026-09-23,"ARI incidence",2026-10-04,3,"DE","quantile","0.1",452.230023742815
2026-09-23,"ARI incidence",2026-10-04,3,"DE","quantile","0.15",515.295865746505
2026-09-23,"ARI incidence",2026-10-04,3,"DE","quantile","0.2",570.705456705535
2026-09-23,"ARI incidence",2026-10-04,3,"DE","quantile","0.25",616.551726822163
2026-09-23,"ARI incidence",2026-10-04,3,"DE","quantile","0.3",659.903046549399
2026-09-23,"ARI incidence",2026-10-04,3,"DE","quantile","0.35",701.131717874944
2026-09-23,"ARI incidence",2026-10-04,3,"DE","quantile","0.4",740.299426032402
2026-09-23,"ARI incidence",2026-10-04,3,"DE","quantile","0.45",783.246121608733
2026-09-23,"ARI incidence",2026-10-04,3,"DE","quantile","0.5",823.909592396711
2026-09-23,"ARI incidence",2026-10-04,3,"DE","quantile","0.55",863.741378232672
2026-09-23,"ARI incidence",2026-10-04,3,"DE","quantile","0.6",908.678250033843
2026-09-23,"ARI incidence",2026-10-04,3,"DE","quantile","0.65",953.815183148272
2026-09-23,"ARI incidence",2026-10-04,3,"DE","quantile","0.7",1003.09882938327
2026-09-23,"ARI incidence",2026-10-04,3,"DE","quantile","0.75",1059.07703497631
2026-09-23,"ARI incidence",2026-10-04,3,"DE","quantile","0.8",1124.54433533763
2026-09-23,"ARI incidence",2026-10-04,3,"DE","quantile","0.85",1202.72733701651
2026-09-23,"ARI incidence",2026-10-04,3,"DE","quantile","0.9",1310.43519608044
2026-09-23,"ARI incidence",2026-10-04,3,"DE","quantile","0.95",1464.01988594994
2026-09-23,"ARI incidence",2026-10-04,3,"DE","quantile","0.975",1604.40502508283
2026-09-23,"ARI incidence",2026-10-04,3,"DE","quantile","0.99",1774.60950357383
2026-09-23,"ARI incidence",2026-10-11,4,"DE","median","",797.744544226516
2026-09-23,"ARI incidence",2026-10-11,4,"DE","quantile","0.01",157.401082327833
2026-09-23,"ARI incidence",2026-10-11,4,"DE","quantile","0.025",218.367326897396
2026-09-23,"ARI incidence",2026-10-11,4,"DE","quantile","0.05",288.119618184309
2026-09-23,"ARI incidence",2026-10-11,4,"DE","quantile","0.1",379.88203821516
2026-09-23,"ARI incidence",2026-10-11,4,"DE","quantile","0.15",444.37262167862
2026-09-23,"ARI incidence",2026-10-11,4,"DE","quantile","0.2",504.893154772125
2026-09-23,"ARI incidence",2026-10-11,4,"DE","quantile","0.25",554.90836089576
2026-09-23,"ARI incidence",2026-10-11,4,"DE","quantile","0.3",604.457659055809
2026-09-23,"ARI incidence",2026-10-11,4,"DE","quantile","0.35",656.532299383083
2026-09-23,"ARI incidence",2026-10-11,4,"DE","quantile","0.4",702.291105569369
2026-09-23,"ARI incidence",2026-10-11,4,"DE","quantile","0.45",748.273213153831
2026-09-23,"ARI incidence",2026-10-11,4,"DE","quantile","0.5",795.230881545767
2026-09-23,"ARI incidence",2026-10-11,4,"DE","quantile","0.55",846.06241271382
2026-09-23,"ARI incidence",2026-10-11,4,"DE","quantile","0.6",896.652332691024
2026-09-23,"ARI incidence",2026-10-11,4,"DE","quantile","0.65",946.812015954551
2026-09-23,"ARI incidence",2026-10-11,4,"DE","quantile","0.7",1004.84139513512
2026-09-23,"ARI incidence",2026-10-11,4,"DE","quantile","0.75",1067.94302567814
2026-09-23,"ARI incidence",2026-10-11,4,"DE","quantile","0.8",1145.90385740725
2026-09-23,"ARI incidence",2026-10-11,4,"DE","quantile","0.85",1233.18401527253
2026-09-23,"ARI incidence",2026-10-11,4,"DE","quantile","0.9",1357.16686339913
2026-09-23,"ARI incidence",2026-10-11,4,"DE","quantile","0.95",1549.17963385678
2026-09-23,"ARI incidence",2026-10-11,4,"DE","quantile","0.975",1723.24825108711
2026-09-23,"ARI incidence",2026-10-11,4,"DE","quantile","0.99",1920.98926874765
2026-09-23,"ARI incidence",2026-09-20,1,"EE","median","",192.577539727475
2026-09-23,"ARI incidence",2026-09-20,1,"EE","quantile","0.01",97.1889848251586
2026-09-23,"ARI incidence",2026-09-20,1,"EE","quantile","0.025",110.235536597648
2026-09-23,"ARI incidence",2026-09-20,1,"EE","quantile","0.05",122.319275330462
2026-09-23,"ARI incidence",2026-09-20,1,"EE","quantile","0.1",136.7038541718
2026-09-23,"ARI incidence",2026-09-20,1,"EE","quantile","0.15",146.714418176418
2026-09-23,"ARI incidence",2026-09-20,1,"EE","quantile","0.2",154.713759136101
2026-09-23,"ARI incidence",2026-09-20,1,"EE","quantile","0.25",162.149386517399
2026-09-23,"ARI incidence",2026-09-20,1,"EE","quantile","0.3",168.674556694808
2026-09-23,"ARI incidence",2026-09-20,1,"EE","quantile","0.35",175.044898790104
2026-09-23,"ARI incidence",2026-09-20,1,"EE","quantile","0.4",181.088673629841
2026-09-23,"ARI incidence",2026-09-20,1,"EE","quantile","0.45",186.994606563036
2026-09-23,"ARI incidence",2026-09-20,1,"EE","quantile","0.5",192.827465649945
2026-09-23,"ARI incidence",2026-09-20,1,"EE","quantile","0.55",198.739817967743
2026-09-23,"ARI incidence",2026-09-20,1,"EE","quantile","0.6",205.125708259325
2026-09-23,"ARI incidence",2026-09-20,1,"EE","quantile","0.65",211.167403914612
2026-09-23,"ARI incidence",2026-09-20,1,"EE","quantile","0.7",218.137120643139
2026-09-23,"ARI incidence",2026-09-20,1,"EE","quantile","0.75",226.291013920273
2026-09-23,"ARI incidence",2026-09-20,1,"EE","quantile","0.8",234.464124778367
2026-09-23,"ARI incidence",2026-09-20,1,"EE","quantile","0.85",245.231803048225
2026-09-23,"ARI incidence",2026-09-20,1,"EE","quantile","0.9",257.807436506594
2026-09-23,"ARI incidence",2026-09-20,1,"EE","quantile","0.95",278.950084548152
2026-09-23,"ARI incidence",2026-09-20,1,"EE","quantile","0.975",297.146827288452
2026-09-23,"ARI incidence",2026-09-20,1,"EE","quantile","0.99",315.778373208843
2026-09-23,"ARI incidence",2026-09-27,2,"EE","median","",193.24486976857
2026-09-23,"ARI incidence",2026-09-27,2,"EE","quantile","0.01",86.1112166075728
2026-09-23,"ARI incidence",2026-09-27,2,"EE","quantile","0.025",99.2455055555946
2026-09-23,"ARI incidence",2026-09-27,2,"EE","quantile","0.05",110.764289851357
2026-09-23,"ARI incidence",2026-09-27,2,"EE","quantile","0.1",127.391337973448
2026-09-23,"ARI incidence",2026-09-27,2,"EE","quantile","0.15",138.585011293756
2026-09-23,"ARI incidence",2026-09-27,2,"EE","quantile","0.2",148.212178407098
2026-09-23,"ARI incidence",2026-09-27,2,"EE","quantile","0.25",156.385072827448
2026-09-23,"ARI incidence",2026-09-27,2,"EE","quantile","0.3",164.053982361944
2026-09-23,"ARI incidence",2026-09-27,2,"EE","quantile","0.35",171.834734960247
2026-09-23,"ARI incidence",2026-09-27,2,"EE","quantile","0.4",179.127946310749
2026-09-23,"ARI incidence",2026-09-27,2,"EE","quantile","0.45",186.386139332088
2026-09-23,"ARI incidence",2026-09-27,2,"EE","quantile","0.5",193.727947485757
2026-09-23,"ARI incidence",2026-09-27,2,"EE","quantile","0.55",200.736201078568
2026-09-23,"ARI incidence",2026-09-27,2,"EE","quantile","0.6",207.977295620128
2026-09-23,"ARI incidence",2026-09-27,2,"EE","quantile","0.65",215.910178429137
2026-09-23,"ARI incidence",2026-09-27,2,"EE","quantile","0.7",224.118090701516
2026-09-23,"ARI incidence",2026-09-27,2,"EE","quantile","0.75",234.352458476578
2026-09-23,"ARI incidence",2026-09-27,2,"EE","quantile","0.8",244.695320201619
2026-09-23,"ARI incidence",2026-09-27,2,"EE","quantile","0.85",257.55548332052
2026-09-23,"ARI incidence",2026-09-27,2,"EE","quantile","0.9",274.077903474017
2026-09-23,"ARI incidence",2026-09-27,2,"EE","quantile","0.95",296.740444626715
2026-09-23,"ARI incidence",2026-09-27,2,"EE","quantile","0.975",319.115631277306
2026-09-23,"ARI incidence",2026-09-27,2,"EE","quantile","0.99",341.657645711251
2026-09-23,"ARI incidence",2026-10-04,3,"EE","median","",194.004534468653
2026-09-23,"ARI incidence",2026-10-04,3,"EE","quantile","0.01",73.6389764492659
2026-09-23,"ARI incidence",2026-10-04,3,"EE","quantile","0.025",90.0982263365303
2026-09-23,"ARI incidence",2026-10-04,3,"EE","quantile","0.05",104.739414264359
2026-09-23,"ARI incidence",2026-10-04,3,"EE","quantile","0.1",122.256303115455
2026-09-23,"ARI incidence",2026-10-04,3,"EE","quantile","0.15",134.629461925769
2026-09-23,"ARI incidence",2026-10-04,3,"EE","quantile","0.2",144.750916019049
2026-09-23,"ARI incidence",2026-10-04,3,"EE","quantile","0.25",154.20345327561
2026-09-23,"ARI incidence",2026-10-04,3,"EE","quantile","0.3",162.950542382239
2026-09-23,"ARI incidence",2026-10-04,3,"EE","quantile","0.35",171.575336259791
2026-09-23,"ARI incidence",2026-10-04,3,"EE","quantile","0.4",179.265164909202
2026-09-23,"ARI incidence",2026-10-04,3,"EE","quantile","0.45",186.778691003795
2026-09-23,"ARI incidence",2026-10-04,3,"EE","quantile","0.5",194.870436782541
2026-09-23,"ARI incidence",2026-10-04,3,"EE","quantile","0.55",202.875477987503
2026-09-23,"ARI incidence",2026-10-04,3,"EE","quantile","0.6",210.597841859665
2026-09-23,"ARI incidence",2026-10-04,3,"EE","quantile","0.65",219.982511426159
2026-09-23,"ARI incidence",2026-10-04,3,"EE","quantile","0.7",229.654469818455
2026-09-23,"ARI incidence",2026-10-04,3,"EE","quantile","0.75",240.764917879418
2026-09-23,"ARI incidence",2026-10-04,3,"EE","quantile","0.8",252.767373771341
2026-09-23,"ARI incidence",2026-10-04,3,"EE","quantile","0.85",266.294890742438
2026-09-23,"ARI incidence",2026-10-04,3,"EE","quantile","0.9",284.263984188174
2026-09-23,"ARI incidence",2026-10-04,3,"EE","quantile","0.95",311.434498519347
2026-09-23,"ARI incidence",2026-10-04,3,"EE","quantile","0.975",337.213693554758
2026-09-23,"ARI incidence",2026-10-04,3,"EE","quantile","0.99",373.630756239179
2026-09-23,"ARI incidence",2026-10-11,4,"EE","median","",194.842297750339
2026-09-23,"ARI incidence",2026-10-11,4,"EE","quantile","0.01",66.5895494298827
2026-09-23,"ARI incidence",2026-10-11,4,"EE","quantile","0.025",83.2311372288436
2026-09-23,"ARI incidence",2026-10-11,4,"EE","quantile","0.05",98.1382686948938
2026-09-23,"ARI incidence",2026-10-11,4,"EE","quantile","0.1",116.176316951866
2026-09-23,"ARI incidence",2026-10-11,4,"EE","quantile","0.15",129.761571266872
2026-09-23,"ARI incidence",2026-10-11,4,"EE","quantile","0.2",141.270634410207
2026-09-23,"ARI incidence",2026-10-11,4,"EE","quantile","0.25",151.423867977049
2026-09-23,"ARI incidence",2026-10-11,4,"EE","quantile","0.3",160.672006452802
2026-09-23,"ARI incidence",2026-10-11,4,"EE","quantile","0.35",169.156965284345
2026-09-23,"ARI incidence",2026-10-11,4,"EE","quantile","0.4",178.196479449154
2026-09-23,"ARI incidence",2026-10-11,4,"EE","quantile","0.45",186.486176369999
2026-09-23,"ARI incidence",2026-10-11,4,"EE","quantile","0.5",195.520632460831
2026-09-23,"ARI incidence",2026-10-11,4,"EE","quantile","0.55",204.263780161666
2026-09-23,"ARI incidence",2026-10-11,4,"EE","quantile","0.6",213.264437392825
2026-09-23,"ARI incidence",2026-10-11,4,"EE","quantile","0.65",222.990343332005
2026-09-23,"ARI incidence",2026-10-11,4,"EE","quantile","0.7",232.922113695602
2026-09-23,"ARI incidence",2026-10-11,4,"EE","quantile","0.75",243.971098499805
2026-09-23,"ARI incidence",2026-10-11,4,"EE","quantile","0.8",257.871222004673
2026-09-23,"ARI incidence",2026-10-11,4,"EE","quantile","0.85",273.869103667921
2026-09-23,"ARI incidence",2026-10-11,4,"EE","quantile","0.9",295.815806998267
2026-09-23,"ARI incidence",2026-10-11,4,"EE","quantile","0.95",327.999830911824
2026-09-23,"ARI incidence",2026-10-11,4,"EE","quantile","0.975",355.655829020888
2026-09-23,"ARI incidence",2026-10-11,4,"EE","quantile","0.99",390.881539261424
2026-09-23,"ARI incidence",2026-09-20,1,"GB-WLS","median","",83.1138297749095
2026-09-23,"ARI incidence",2026-09-20,1,"GB-WLS","quantile","0.01",40.7949701939255
2026-09-23,"ARI incidence",2026-09-20,1,"GB-WLS","quantile","0.025",45.9850590657644
2026-09-23,"ARI incidence",2026-09-20,1,"GB-WLS","quantile","0.05",51.5197900882798
2026-09-23,"ARI incidence",2026-09-20,1,"GB-WLS","quantile","0.1",57.5945105258263
2026-09-23,"ARI incidence",2026-09-20,1,"GB-WLS","quantile","0.15",61.9687291742082
2026-09-23,"ARI incidence",2026-09-20,1,"GB-WLS","quantile","0.2",65.6593299465296
2026-09-23,"ARI incidence",2026-09-20,1,"GB-WLS","quantile","0.25",68.8715698044758
2026-09-23,"ARI incidence",2026-09-20,1,"GB-WLS","quantile","0.3",71.7515305126851
2026-09-23,"ARI incidence",2026-09-20,1,"GB-WLS","quantile","0.35",74.5678937792066
2026-09-23,"ARI incidence",2026-09-20,1,"GB-WLS","quantile","0.4",77.4336929548915
2026-09-23,"ARI incidence",2026-09-20,1,"GB-WLS","quantile","0.45",80.3875197156427
2026-09-23,"ARI incidence",2026-09-20,1,"GB-WLS","quantile","0.5",83.1551205628285
2026-09-23,"ARI incidence",2026-09-20,1,"GB-WLS","quantile","0.55",85.7711489227376
2026-09-23,"ARI incidence",2026-09-20,1,"GB-WLS","quantile","0.6",88.7165303967534
2026-09-23,"ARI incidence",2026-09-20,1,"GB-WLS","quantile","0.65",91.8344631828193
2026-09-23,"ARI incidence",2026-09-20,1,"GB-WLS","quantile","0.7",95.1277973661065
2026-09-23,"ARI incidence",2026-09-20,1,"GB-WLS","quantile","0.75",98.7098079115393
2026-09-23,"ARI incidence",2026-09-20,1,"GB-WLS","quantile","0.8",102.650202565603
2026-09-23,"ARI incidence",2026-09-20,1,"GB-WLS","quantile","0.85",107.390612044991
2026-09-23,"ARI incidence",2026-09-20,1,"GB-WLS","quantile","0.9",113.358175504875
2026-09-23,"ARI incidence",2026-09-20,1,"GB-WLS","quantile","0.95",122.514922691171
2026-09-23,"ARI incidence",2026-09-20,1,"GB-WLS","quantile","0.975",130.810194491435
2026-09-23,"ARI incidence",2026-09-20,1,"GB-WLS","quantile","0.99",140.486360719629
2026-09-23,"ARI incidence",2026-09-27,2,"GB-WLS","median","",88.1139690389276
2026-09-23,"ARI incidence",2026-09-27,2,"GB-WLS","quantile","0.01",34.6203341014296
2026-09-23,"ARI incidence",2026-09-27,2,"GB-WLS","quantile","0.025",40.6605685409575
2026-09-23,"ARI incidence",2026-09-27,2,"GB-WLS","quantile","0.05",47.5674272279501
2026-09-23,"ARI incidence",2026-09-27,2,"GB-WLS","quantile","0.1",55.6817992094238
2026-09-23,"ARI incidence",2026-09-27,2,"GB-WLS","quantile","0.15",61.009690824004
2026-09-23,"ARI incidence",2026-09-27,2,"GB-WLS","quantile","0.2",65.6747064557258
2026-09-23,"ARI incidence",2026-09-27,2,"GB-WLS","quantile","0.25",70.1208079035934
2026-09-23,"ARI incidence",2026-09-27,2,"GB-WLS","quantile","0.3",74.0955631094123
2026-09-23,"ARI incidence",2026-09-27,2,"GB-WLS","quantile","0.35",77.609235689603
2026-09-23,"ARI incidence",2026-09-27,2,"GB-WLS","quantile","0.4",80.8830943104124
2026-09-23,"ARI incidence",2026-09-27,2,"GB-WLS","quantile","0.45",84.5110295733737
2026-09-23,"ARI incidence",2026-09-27,2,"GB-WLS","quantile","0.5",87.7775728820579
2026-09-23,"ARI incidence",2026-09-27,2,"GB-WLS","quantile","0.55",91.3742584305323
2026-09-23,"ARI incidence",2026-09-27,2,"GB-WLS","quantile","0.6",94.8184024639562
2026-09-23,"ARI incidence",2026-09-27,2,"GB-WLS","quantile","0.65",98.7489236471338
2026-09-23,"ARI incidence",2026-09-27,2,"GB-WLS","quantile","0.7",102.809135227279
2026-09-23,"ARI incidence",2026-09-27,2,"GB-WLS","quantile","0.75",107.363980049969
2026-09-23,"ARI incidence",2026-09-27,2,"GB-WLS","quantile","0.8",112.329100060288
2026-09-23,"ARI incidence",2026-09-27,2,"GB-WLS","quantile","0.85",118.784002486216
2026-09-23,"ARI incidence",2026-09-27,2,"GB-WLS","quantile","0.9",127.102255355905
2026-09-23,"ARI incidence",2026-09-27,2,"GB-WLS","quantile","0.95",139.250957389244
2026-09-23,"ARI incidence",2026-09-27,2,"GB-WLS","quantile","0.975",149.685929694683
2026-09-23,"ARI incidence",2026-09-27,2,"GB-WLS","quantile","0.99",163.634922926507
2026-09-23,"ARI incidence",2026-10-04,3,"GB-WLS","median","",92.7193748713865
2026-09-23,"ARI incidence",2026-10-04,3,"GB-WLS","quantile","0.01",32.5034728572999
2026-09-23,"ARI incidence",2026-10-04,3,"GB-WLS","quantile","0.025",38.9947250901762
2026-09-23,"ARI incidence",2026-10-04,3,"GB-WLS","quantile","0.05",45.8841501368183
2026-09-23,"ARI incidence",2026-10-04,3,"GB-WLS","quantile","0.1",54.9346294400131
2026-09-23,"ARI incidence",2026-10-04,3,"GB-WLS","quantile","0.15",61.0087172099502
2026-09-23,"ARI incidence",2026-10-04,3,"GB-WLS","quantile","0.2",66.525079135431
2026-09-23,"ARI incidence",2026-10-04,3,"GB-WLS","quantile","0.25",71.5451811016229
2026-09-23,"ARI incidence",2026-10-04,3,"GB-WLS","quantile","0.3",75.9603158850575
2026-09-23,"ARI incidence",2026-10-04,3,"GB-WLS","quantile","0.35",80.2264542220261
2026-09-23,"ARI incidence",2026-10-04,3,"GB-WLS","quantile","0.4",84.4595867073043
2026-09-23,"ARI incidence",2026-10-04,3,"GB-WLS","quantile","0.45",88.4199328890303
2026-09-23,"ARI incidence",2026-10-04,3,"GB-WLS","quantile","0.5",92.1987717023276
2026-09-23,"ARI incidence",2026-10-04,3,"GB-WLS","quantile","0.55",96.2327680834744
2026-09-23,"ARI incidence",2026-10-04,3,"GB-WLS","quantile","0.6",100.574662552761
2026-09-23,"ARI incidence",2026-10-04,3,"GB-WLS","quantile","0.65",105.160904087388
2026-09-23,"ARI incidence",2026-10-04,3,"GB-WLS","quantile","0.7",109.899091490465
2026-09-23,"ARI incidence",2026-10-04,3,"GB-WLS","quantile","0.75",115.398463882518
2026-09-23,"ARI incidence",2026-10-04,3,"GB-WLS","quantile","0.8",121.523375564042
2026-09-23,"ARI incidence",2026-10-04,3,"GB-WLS","quantile","0.85",128.646737533703
2026-09-23,"ARI incidence",2026-10-04,3,"GB-WLS","quantile","0.9",138.156698328673
2026-09-23,"ARI incidence",2026-10-04,3,"GB-WLS","quantile","0.95",153.83945299464
2026-09-23,"ARI incidence",2026-10-04,3,"GB-WLS","quantile","0.975",166.004776377222
2026-09-23,"ARI incidence",2026-10-04,3,"GB-WLS","quantile","0.99",182.015872071802
2026-09-23,"ARI incidence",2026-10-11,4,"GB-WLS","median","",96.946588505269
2026-09-23,"ARI incidence",2026-10-11,4,"GB-WLS","quantile","0.01",31.1078209687926
2026-09-23,"ARI incidence",2026-10-11,4,"GB-WLS","quantile","0.025",38.8776801778395
2026-09-23,"ARI incidence",2026-10-11,4,"GB-WLS","quantile","0.05",45.7047082203273
2026-09-23,"ARI incidence",2026-10-11,4,"GB-WLS","quantile","0.1",55.734761005836
2026-09-23,"ARI incidence",2026-10-11,4,"GB-WLS","quantile","0.15",62.6850186932879
2026-09-23,"ARI incidence",2026-10-11,4,"GB-WLS","quantile","0.2",68.5884001275343
2026-09-23,"ARI incidence",2026-10-11,4,"GB-WLS","quantile","0.25",73.4460185322833
2026-09-23,"ARI incidence",2026-10-11,4,"GB-WLS","quantile","0.3",77.911999818395
2026-09-23,"ARI incidence",2026-10-11,4,"GB-WLS","quantile","0.35",82.8285072544857
2026-09-23,"ARI incidence",2026-10-11,4,"GB-WLS","quantile","0.4",87.251739098989
2026-09-23,"ARI incidence",2026-10-11,4,"GB-WLS","quantile","0.45",91.9693982604996
2026-09-23,"ARI incidence",2026-10-11,4,"GB-WLS","quantile","0.5",96.4375901124735
2026-09-23,"ARI incidence",2026-10-11,4,"GB-WLS","quantile","0.55",101.178283243804
2026-09-23,"ARI incidence",2026-10-11,4,"GB-WLS","quantile","0.6",105.927023320812
2026-09-23,"ARI incidence",2026-10-11,4,"GB-WLS","quantile","0.65",110.871687709507
2026-09-23,"ARI incidence",2026-10-11,4,"GB-WLS","quantile","0.7",116.329677027982
2026-09-23,"ARI incidence",2026-10-11,4,"GB-WLS","quantile","0.75",122.509730300859
2026-09-23,"ARI incidence",2026-10-11,4,"GB-WLS","quantile","0.8",129.261625469571
2026-09-23,"ARI incidence",2026-10-11,4,"GB-WLS","quantile","0.85",137.787955881179
2026-09-23,"ARI incidence",2026-10-11,4,"GB-WLS","quantile","0.9",148.638239473315
2026-09-23,"ARI incidence",2026-10-11,4,"GB-WLS","quantile","0.95",165.827551898877
2026-09-23,"ARI incidence",2026-10-11,4,"GB-WLS","quantile","0.975",181.010335037781
2026-09-23,"ARI incidence",2026-10-11,4,"GB-WLS","quantile","0.99",198.576444349981
2026-09-23,"ARI incidence",2026-09-20,1,"HU","median","",1388.43390960786
2026-09-23,"ARI incidence",2026-09-20,1,"HU","quantile","0.01",840.375946694071
2026-09-23,"ARI incidence",2026-09-20,1,"HU","quantile","0.025",924.22931468285
2026-09-23,"ARI incidence",2026-09-20,1,"HU","quantile","0.05",996.876397932894
2026-09-23,"ARI incidence",2026-09-20,1,"HU","quantile","0.1",1073.4943756041
2026-09-23,"ARI incidence",2026-09-20,1,"HU","quantile","0.15",1131.34985604536
2026-09-23,"ARI incidence",2026-09-20,1,"HU","quantile","0.2",1174.45990645188
2026-09-23,"ARI incidence",2026-09-20,1,"HU","quantile","0.25",1215.65477103364
2026-09-23,"ARI incidence",2026-09-20,1,"HU","quantile","0.3",1251.6951229735
2026-09-23,"ARI incidence",2026-09-20,1,"HU","quantile","0.35",1286.57764279621
2026-09-23,"ARI incidence",2026-09-20,1,"HU","quantile","0.4",1320.3087542069
2026-09-23,"ARI incidence",2026-09-20,1,"HU","quantile","0.45",1354.79971693472
2026-09-23,"ARI incidence",2026-09-20,1,"HU","quantile","0.5",1386.0090950117
2026-09-23,"ARI incidence",2026-09-20,1,"HU","quantile","0.55",1418.50508776291
2026-09-23,"ARI incidence",2026-09-20,1,"HU","quantile","0.6",1454.8627890638
2026-09-23,"ARI incidence",2026-09-20,1,"HU","quantile","0.65",1490.20165412889
2026-09-23,"ARI incidence",2026-09-20,1,"HU","quantile","0.7",1527.86907817396
2026-09-23,"ARI incidence",2026-09-20,1,"HU","quantile","0.75",1564.93767210426
2026-09-23,"ARI incidence",2026-09-20,1,"HU","quantile","0.8",1611.50431729428
2026-09-23,"ARI incidence",2026-09-20,1,"HU","quantile","0.85",1663.39783442465
2026-09-23,"ARI incidence",2026-09-20,1,"HU","quantile","0.9",1736.41429115219
2026-09-23,"ARI incidence",2026-09-20,1,"HU","quantile","0.95",1845.09509089271
2026-09-23,"ARI incidence",2026-09-20,1,"HU","quantile","0.975",1936.37421955242
2026-09-23,"ARI incidence",2026-09-20,1,"HU","quantile","0.99",2073.52355763088
2026-09-23,"ARI incidence",2026-09-27,2,"HU","median","",1386.88314360551
2026-09-23,"ARI incidence",2026-09-27,2,"HU","quantile","0.01",625.489667700936
2026-09-23,"ARI incidence",2026-09-27,2,"HU","quantile","0.025",727.779743805498
2026-09-23,"ARI incidence",2026-09-27,2,"HU","quantile","0.05",818.416748289999
2026-09-23,"ARI incidence",2026-09-27,2,"HU","quantile","0.1",922.261621625952
2026-09-23,"ARI incidence",2026-09-27,2,"HU","quantile","0.15",1006.71176845736
2026-09-23,"ARI incidence",2026-09-27,2,"HU","quantile","0.2",1074.18315405426
2026-09-23,"ARI incidence",2026-09-27,2,"HU","quantile","0.25",1133.68692506164
2026-09-23,"ARI incidence",2026-09-27,2,"HU","quantile","0.3",1186.66300940621
2026-09-23,"ARI incidence",2026-09-27,2,"HU","quantile","0.35",1238.15407993553
2026-09-23,"ARI incidence",2026-09-27,2,"HU","quantile","0.4",1287.84221833975
2026-09-23,"ARI incidence",2026-09-27,2,"HU","quantile","0.45",1334.63892727516
2026-09-23,"ARI incidence",2026-09-27,2,"HU","quantile","0.5",1384.41743368323
2026-09-23,"ARI incidence",2026-09-27,2,"HU","quantile","0.55",1432.18512580444
2026-09-23,"ARI incidence",2026-09-27,2,"HU","quantile","0.6",1480.33523091484
2026-09-23,"ARI incidence",2026-09-27,2,"HU","quantile","0.65",1538.35307462287
2026-09-23,"ARI incidence",2026-09-27,2,"HU","quantile","0.7",1597.77411528043
2026-09-23,"ARI incidence",2026-09-27,2,"HU","quantile","0.75",1664.98605056675
2026-09-23,"ARI incidence",2026-09-27,2,"HU","quantile","0.8",1739.41632875526
2026-09-23,"ARI incidence",2026-09-27,2,"HU","quantile","0.85",1827.27716258606
2026-09-23,"ARI incidence",2026-09-27,2,"HU","quantile","0.9",1934.1977285414
2026-09-23,"ARI incidence",2026-09-27,2,"HU","quantile","0.95",2110.98720513869
2026-09-23,"ARI incidence",2026-09-27,2,"HU","quantile","0.975",2267.92772938829
2026-09-23,"ARI incidence",2026-09-27,2,"HU","quantile","0.99",2464.99179322136
2026-09-23,"ARI incidence",2026-10-04,3,"HU","median","",1385.66048108822
2026-09-23,"ARI incidence",2026-10-04,3,"HU","quantile","0.01",531.442438377959
2026-09-23,"ARI incidence",2026-10-04,3,"HU","quantile","0.025",629.157313216396
2026-09-23,"ARI incidence",2026-10-04,3,"HU","quantile","0.05",727.74486139868
2026-09-23,"ARI incidence",2026-10-04,3,"HU","quantile","0.1",851.640477322529
2026-09-23,"ARI incidence",2026-10-04,3,"HU","quantile","0.15",939.766032532649
2026-09-23,"ARI incidence",2026-10-04,3,"HU","quantile","0.2",1014.39829238197
2026-09-23,"ARI incidence",2026-10-04,3,"HU","quantile","0.25",1082.57606007544
2026-09-23,"ARI incidence",2026-10-04,3,"HU","quantile","0.3",1146.54476966408
2026-09-23,"ARI incidence",2026-10-04,3,"HU","quantile","0.35",1208.98980596712
2026-09-23,"ARI incidence",2026-10-04,3,"HU","quantile","0.4",1266.53096777779
2026-09-23,"ARI incidence",2026-10-04,3,"HU","quantile","0.45",1325.38294190436
2026-09-23,"ARI incidence",2026-10-04,3,"HU","quantile","0.5",1385.10152903903
2026-09-23,"ARI incidence",2026-10-04,3,"HU","quantile","0.55",1441.98268817949
2026-09-23,"ARI incidence",2026-10-04,3,"HU","quantile","0.6",1503.68993791493
2026-09-23,"ARI incidence",2026-10-04,3,"HU","quantile","0.65",1569.2546884943
2026-09-23,"ARI incidence",2026-10-04,3,"HU","quantile","0.7",1639.0730407568
2026-09-23,"ARI incidence",2026-10-04,3,"HU","quantile","0.75",1716.72425011534
2026-09-23,"ARI incidence",2026-10-04,3,"HU","quantile","0.8",1807.31541188793
2026-09-23,"ARI incidence",2026-10-04,3,"HU","quantile","0.85",1913.84925312678
2026-09-23,"ARI incidence",2026-10-04,3,"HU","quantile","0.9",2041.83500216665
2026-09-23,"ARI incidence",2026-10-04,3,"HU","quantile","0.95",2265.63278565648
2026-09-23,"ARI incidence",2026-10-04,3,"HU","quantile","0.975",2476.25608186627
2026-09-23,"ARI incidence",2026-10-04,3,"HU","quantile","0.99",2746.96359394858
2026-09-23,"ARI incidence",2026-10-11,4,"HU","median","",1384.69640192484
2026-09-23,"ARI incidence",2026-10-11,4,"HU","quantile","0.01",470.708580270878
2026-09-23,"ARI incidence",2026-10-11,4,"HU","quantile","0.025",579.993458522845
2026-09-23,"ARI incidence",2026-10-11,4,"HU","quantile","0.05",680.853189996598
2026-09-23,"ARI incidence",2026-10-11,4,"HU","quantile","0.1",812.736560991273
2026-09-23,"ARI incidence",2026-10-11,4,"HU","quantile","0.15",904.092367477881
2026-09-23,"ARI incidence",2026-10-11,4,"HU","quantile","0.2",982.939245125549
2026-09-23,"ARI incidence",2026-10-11,4,"HU","quantile","0.25",1054.53132147072
2026-09-23,"ARI incidence",2026-10-11,4,"HU","quantile","0.3",1122.45151298097
2026-09-23,"ARI incidence",2026-10-11,4,"HU","quantile","0.35",1187.33606201972
2026-09-23,"ARI incidence",2026-10-11,4,"HU","quantile","0.4",1255.38000701778
2026-09-23,"ARI incidence",2026-10-11,4,"HU","quantile","0.45",1321.2957966989
2026-09-23,"ARI incidence",2026-10-11,4,"HU","quantile","0.5",1388.1828273052
2026-09-23,"ARI incidence",2026-10-11,4,"HU","quantile","0.55",1452.1182910255
2026-09-23,"ARI incidence",2026-10-11,4,"HU","quantile","0.6",1513.77349356312
2026-09-23,"ARI incidence",2026-10-11,4,"HU","quantile","0.65",1587.1042405873
2026-09-23,"ARI incidence",2026-10-11,4,"HU","quantile","0.7",1662.56764419825
2026-09-23,"ARI incidence",2026-10-11,4,"HU","quantile","0.75",1747.34436630626
2026-09-23,"ARI incidence",2026-10-11,4,"HU","quantile","0.8",1840.64142874811
2026-09-23,"ARI incidence",2026-10-11,4,"HU","quantile","0.85",1959.93487718671
2026-09-23,"ARI incidence",2026-10-11,4,"HU","quantile","0.9",2115.94638622724
2026-09-23,"ARI incidence",2026-10-11,4,"HU","quantile","0.95",2348.77782416651
2026-09-23,"ARI incidence",2026-10-11,4,"HU","quantile","0.975",2559.43566429462
2026-09-23,"ARI incidence",2026-10-11,4,"HU","quantile","0.99",2839.22673981508
2026-09-23,"ARI incidence",2026-09-20,1,"IE","median","",48.385634291421
2026-09-23,"ARI incidence",2026-09-20,1,"IE","quantile","0.01",32.6858271678865
2026-09-23,"ARI incidence",2026-09-20,1,"IE","quantile","0.025",35.2733457209137
2026-09-23,"ARI incidence",2026-09-20,1,"IE","quantile","0.05",37.0966588096877
2026-09-23,"ARI incidence",2026-09-20,1,"IE","quantile","0.1",39.4092389444234
2026-09-23,"ARI incidence",2026-09-20,1,"IE","quantile","0.15",41.129987941417
2026-09-23,"ARI incidence",2026-09-20,1,"IE","quantile","0.2",42.4263454130182
2026-09-23,"ARI incidence",2026-09-20,1,"IE","quantile","0.25",43.5828851051277
2026-09-23,"ARI incidence",2026-09-20,1,"IE","quantile","0.3",44.6086207998444
2026-09-23,"ARI incidence",2026-09-20,1,"IE","quantile","0.35",45.5339425997835
2026-09-23,"ARI incidence",2026-09-20,1,"IE","quantile","0.4",46.4504554369698
2026-09-23,"ARI incidence",2026-09-20,1,"IE","quantile","0.45",47.3407518668121
2026-09-23,"ARI incidence",2026-09-20,1,"IE","quantile","0.5",48.2037922140936
2026-09-23,"ARI incidence",2026-09-20,1,"IE","quantile","0.55",49.0889675383939
2026-09-23,"ARI incidence",2026-09-20,1,"IE","quantile","0.6",50.0773335944256
2026-09-23,"ARI incidence",2026-09-20,1,"IE","quantile","0.65",51.0846848803525
2026-09-23,"ARI incidence",2026-09-20,1,"IE","quantile","0.7",52.1237431823961
2026-09-23,"ARI incidence",2026-09-20,1,"IE","quantile","0.75",53.3251479120373
2026-09-23,"ARI incidence",2026-09-20,1,"IE","quantile","0.8",54.5777419708548
2026-09-23,"ARI incidence",2026-09-20,1,"IE","quantile","0.85",56.2077823511542
2026-09-23,"ARI incidence",2026-09-20,1,"IE","quantile","0.9",58.1045892837614
2026-09-23,"ARI incidence",2026-09-20,1,"IE","quantile","0.95",60.9337516797267
2026-09-23,"ARI incidence",2026-09-20,1,"IE","quantile","0.975",63.5554263836977
2026-09-23,"ARI incidence",2026-09-20,1,"IE","quantile","0.99",66.6646203734219
2026-09-23,"ARI incidence",2026-09-27,2,"IE","median","",50.8727150212207
2026-09-23,"ARI incidence",2026-09-27,2,"IE","quantile","0.01",29.4077760909427
2026-09-23,"ARI incidence",2026-09-27,2,"IE","quantile","0.025",32.1551349495281
2026-09-23,"ARI incidence",2026-09-27,2,"IE","quantile","0.05",35.0901462755068
2026-09-23,"ARI incidence",2026-09-27,2,"IE","quantile","0.1",38.2250792413407
2026-09-23,"ARI incidence",2026-09-27,2,"IE","quantile","0.15",40.6041231371254
2026-09-23,"ARI incidence",2026-09-27,2,"IE","quantile","0.2",42.5023849302399
2026-09-23,"ARI incidence",2026-09-27,2,"IE","quantile","0.25",44.0158496693453
2026-09-23,"ARI incidence",2026-09-27,2,"IE","quantile","0.3",45.5160256273446
2026-09-23,"ARI incidence",2026-09-27,2,"IE","quantile","0.35",46.940253164284
2026-09-23,"ARI incidence",2026-09-27,2,"IE","quantile","0.4",48.1446970497475
2026-09-23,"ARI incidence",2026-09-27,2,"IE","quantile","0.45",49.3657840643192
2026-09-23,"ARI incidence",2026-09-27,2,"IE","quantile","0.5",50.6385421158265
2026-09-23,"ARI incidence",2026-09-27,2,"IE","quantile","0.55",52.0108926284643
2026-09-23,"ARI incidence",2026-09-27,2,"IE","quantile","0.6",53.4029180812329
2026-09-23,"ARI incidence",2026-09-27,2,"IE","quantile","0.65",54.8375125077702
2026-09-23,"ARI incidence",2026-09-27,2,"IE","quantile","0.7",56.3168528603675
2026-09-23,"ARI incidence",2026-09-27,2,"IE","quantile","0.75",57.9728061794542
2026-09-23,"ARI incidence",2026-09-27,2,"IE","quantile","0.8",59.7413295518788
2026-09-23,"ARI incidence",2026-09-27,2,"IE","quantile","0.85",61.9466217734216
2026-09-23,"ARI incidence",2026-09-27,2,"IE","quantile","0.9",65.0011966859684
2026-09-23,"ARI incidence",2026-09-27,2,"IE","quantile","0.95",69.1715004645144
2026-09-23,"ARI incidence",2026-09-27,2,"IE","quantile","0.975",72.8507951736255
2026-09-23,"ARI incidence",2026-09-27,2,"IE","quantile","0.99",78.3081758248098
2026-09-23,"ARI incidence",2026-10-04,3,"IE","median","",47.3541697208066
2026-09-23,"ARI incidence",2026-10-04,3,"IE","quantile","0.01",23.5389369087287
2026-09-23,"ARI incidence",2026-10-04,3,"IE","quantile","0.025",27.1440784541421
2026-09-23,"ARI incidence",2026-10-04,3,"IE","quantile","0.05",29.991243084863
2026-09-23,"ARI incidence",2026-10-04,3,"IE","quantile","0.1",33.5575361851239
2026-09-23,"ARI incidence",2026-10-04,3,"IE","quantile","0.15",36.077048464064
2026-09-23,"ARI incidence",2026-10-04,3,"IE","quantile","0.2",38.0240377132107
2026-09-23,"ARI incidence",2026-10-04,3,"IE","quantile","0.25",39.736029788847
2026-09-23,"ARI incidence",2026-10-04,3,"IE","quantile","0.3",41.2603945572281
2026-09-23,"ARI incidence",2026-10-04,3,"IE","quantile","0.35",42.7675441484788
2026-09-23,"ARI incidence",2026-10-04,3,"IE","quantile","0.4",44.2417428354791
2026-09-23,"ARI incidence",2026-10-04,3,"IE","quantile","0.45",45.6213184921187
2026-09-23,"ARI incidence",2026-10-04,3,"IE","quantile","0.5",47.1679730888213
2026-09-23,"ARI incidence",2026-10-04,3,"IE","quantile","0.55",48.6496595053749
2026-09-23,"ARI incidence",2026-10-04,3,"IE","quantile","0.6",50.1901015851501
2026-09-23,"ARI incidence",2026-10-04,3,"IE","quantile","0.65",51.8192550462087
2026-09-23,"ARI incidence",2026-10-04,3,"IE","quantile","0.7",53.5636732059469
2026-09-23,"ARI incidence",2026-10-04,3,"IE","quantile","0.75",55.4555046329795
2026-09-23,"ARI incidence",2026-10-04,3,"IE","quantile","0.8",57.5352674967316
2026-09-23,"ARI incidence",2026-10-04,3,"IE","quantile","0.85",59.9813058943673
2026-09-23,"ARI incidence",2026-10-04,3,"IE","quantile","0.9",63.1706941823314
2026-09-23,"ARI incidence",2026-10-04,3,"IE","quantile","0.95",68.1109525801865
2026-09-23,"ARI incidence",2026-10-04,3,"IE","quantile","0.975",72.2599572125257
2026-09-23,"ARI incidence",2026-10-04,3,"IE","quantile","0.99",78.1047835260747
2026-09-23,"ARI incidence",2026-10-11,4,"IE","median","",49.9209923734012
2026-09-23,"ARI incidence",2026-10-11,4,"IE","quantile","0.01",23.6591302359959
2026-09-23,"ARI incidence",2026-10-11,4,"IE","quantile","0.025",27.2606783093166
2026-09-23,"ARI incidence",2026-10-11,4,"IE","quantile","0.05",30.1716547620544
2026-09-23,"ARI incidence",2026-10-11,4,"IE","quantile","0.1",34.2388394141288
2026-09-23,"ARI incidence",2026-10-11,4,"IE","quantile","0.15",36.8021219676291
2026-09-23,"ARI incidence",2026-10-11,4,"IE","quantile","0.2",39.1061770363941
2026-09-23,"ARI incidence",2026-10-11,4,"IE","quantile","0.25",41.1064272976403
2026-09-23,"ARI incidence",2026-10-11,4,"IE","quantile","0.3",42.9081872953545
2026-09-23,"ARI incidence",2026-10-11,4,"IE","quantile","0.35",44.5556559794002
2026-09-23,"ARI incidence",2026-10-11,4,"IE","quantile","0.4",46.3404433273809
2026-09-23,"ARI incidence",2026-10-11,4,"IE","quantile","0.45",47.9688540292196
2026-09-23,"ARI incidence",2026-10-11,4,"IE","quantile","0.5",49.709569107411
2026-09-23,"ARI incidence",2026-10-11,4,"IE","quantile","0.55",51.4296891600755
2026-09-23,"ARI incidence",2026-10-11,4,"IE","quantile","0.6",53.2024479679856
2026-09-23,"ARI incidence",2026-10-11,4,"IE","quantile","0.65",55.1350188765024
2026-09-23,"ARI incidence",2026-10-11,4,"IE","quantile","0.7",57.2202852373436
2026-09-23,"ARI incidence",2026-10-11,4,"IE","quantile","0.75",59.3446139809721
2026-09-23,"ARI incidence",2026-10-11,4,"IE","quantile","0.8",61.7223302579827
2026-09-23,"ARI incidence",2026-10-11,4,"IE","quantile","0.85",64.7747609851052
2026-09-23,"ARI incidence",2026-10-11,4,"IE","quantile","0.9",68.6060789071693
2026-09-23,"ARI incidence",2026-10-11,4,"IE","quantile","0.95",74.2921289279393
2026-09-23,"ARI incidence",2026-10-11,4,"IE","quantile","0.975",79.1449386799614
2026-09-23,"ARI incidence",2026-10-11,4,"IE","quantile","0.99",86.3588713704992
2026-09-23,"ARI incidence",2026-09-20,1,"IS","median","",52.9271502874355
2026-09-23,"ARI incidence",2026-09-20,1,"IS","quantile","0.01",41.6400676462975
2026-09-23,"ARI incidence",2026-09-20,1,"IS","quantile","0.025",43.2900659434173
2026-09-23,"ARI incidence",2026-09-20,1,"IS","quantile","0.05",44.9093111883842
2026-09-23,"ARI incidence",2026-09-20,1,"IS","quantile","0.1",46.5241731262697
2026-09-23,"ARI incidence",2026-09-20,1,"IS","quantile","0.15",47.6380602868882
2026-09-23,"ARI incidence",2026-09-20,1,"IS","quantile","0.2",48.5921846792893
2026-09-23,"ARI incidence",2026-09-20,1,"IS","quantile","0.25",49.4484338834511
2026-09-23,"ARI incidence",2026-09-20,1,"IS","quantile","0.3",50.27769473129
2026-09-23,"ARI incidence",2026-09-20,1,"IS","quantile","0.35",50.9696313916821
2026-09-23,"ARI incidence",2026-09-20,1,"IS","quantile","0.4",51.6860441568653
2026-09-23,"ARI incidence",2026-09-20,1,"IS","quantile","0.45",52.3846964477774
2026-09-23,"ARI incidence",2026-09-20,1,"IS","quantile","0.5",53.0320888508829
2026-09-23,"ARI incidence",2026-09-20,1,"IS","quantile","0.55",53.7144276644879
2026-09-23,"ARI incidence",2026-09-20,1,"IS","quantile","0.6",54.3568765098641
2026-09-23,"ARI incidence",2026-09-20,1,"IS","quantile","0.65",55.0525428358255
2026-09-23,"ARI incidence",2026-09-20,1,"IS","quantile","0.7",55.7797572008643
2026-09-23,"ARI incidence",2026-09-20,1,"IS","quantile","0.75",56.5717424797612
2026-09-23,"ARI incidence",2026-09-20,1,"IS","quantile","0.8",57.4620007564498
2026-09-23,"ARI incidence",2026-09-20,1,"IS","quantile","0.85",58.5452543879267
2026-09-23,"ARI incidence",2026-09-20,1,"IS","quantile","0.9",59.8034097125948
2026-09-23,"ARI incidence",2026-09-20,1,"IS","quantile","0.95",61.75622549062
2026-09-23,"ARI incidence",2026-09-20,1,"IS","quantile","0.975",63.5025682902493
2026-09-23,"ARI incidence",2026-09-20,1,"IS","quantile","0.99",65.6232135778127
2026-09-23,"ARI incidence",2026-09-27,2,"IS","median","",53.5898551995877
2026-09-23,"ARI incidence",2026-09-27,2,"IS","quantile","0.01",38.4394550208194
2026-09-23,"ARI incidence",2026-09-27,2,"IS","quantile","0.025",40.684247335253
2026-09-23,"ARI incidence",2026-09-27,2,"IS","quantile","0.05",42.7743041960974
2026-09-23,"ARI incidence",2026-09-27,2,"IS","quantile","0.1",44.9322974990461
2026-09-23,"ARI incidence",2026-09-27,2,"IS","quantile","0.15",46.6029850964637
2026-09-23,"ARI incidence",2026-09-27,2,"IS","quantile","0.2",47.847686034334
2026-09-23,"ARI incidence",2026-09-27,2,"IS","quantile","0.25",48.9589717484957
2026-09-23,"ARI incidence",2026-09-27,2,"IS","quantile","0.3",49.9976578478182
2026-09-23,"ARI incidence",2026-09-27,2,"IS","quantile","0.35",50.9939347293002
2026-09-23,"ARI incidence",2026-09-27,2,"IS","quantile","0.4",51.9120533419506
2026-09-23,"ARI incidence",2026-09-27,2,"IS","quantile","0.45",52.854363229059
2026-09-23,"ARI incidence",2026-09-27,2,"IS","quantile","0.5",53.8112806456102
2026-09-23,"ARI incidence",2026-09-27,2,"IS","quantile","0.55",54.6662027601659
2026-09-23,"ARI incidence",2026-09-27,2,"IS","quantile","0.6",55.5465062955631
2026-09-23,"ARI incidence",2026-09-27,2,"IS","quantile","0.65",56.4603378536255
2026-09-23,"ARI incidence",2026-09-27,2,"IS","quantile","0.7",57.473676089136
2026-09-23,"ARI incidence",2026-09-27,2,"IS","quantile","0.75",58.5959567277394
2026-09-23,"ARI incidence",2026-09-27,2,"IS","quantile","0.8",59.7267189971113
2026-09-23,"ARI incidence",2026-09-27,2,"IS","quantile","0.85",61.2376251276662
2026-09-23,"ARI incidence",2026-09-27,2,"IS","quantile","0.9",63.1370266298327
2026-09-23,"ARI incidence",2026-09-27,2,"IS","quantile","0.95",65.971506550341
2026-09-23,"ARI incidence",2026-09-27,2,"IS","quantile","0.975",68.4354571440329
2026-09-23,"ARI incidence",2026-09-27,2,"IS","quantile","0.99",71.4567180072296
2026-09-23,"ARI incidence",2026-10-04,3,"IS","median","",54.1934288970849
2026-09-23,"ARI incidence",2026-10-04,3,"IS","quantile","0.01",36.377289933685
2026-09-23,"ARI incidence",2026-10-04,3,"IS","quantile","0.025",39.2210358985216
2026-09-23,"ARI incidence",2026-10-04,3,"IS","quantile","0.05",41.4569830204736
2026-09-23,"ARI incidence",2026-10-04,3,"IS","quantile","0.1",44.2065153403515
2026-09-23,"ARI incidence",2026-10-04,3,"IS","quantile","0.15",45.9867807604468
2026-09-23,"ARI incidence",2026-10-04,3,"IS","quantile","0.2",47.4532506296869
2026-09-23,"ARI incidence",2026-10-04,3,"IS","quantile","0.25",48.6513533127686
2026-09-23,"ARI incidence",2026-10-04,3,"IS","quantile","0.3",49.8446296820776
2026-09-23,"ARI incidence",2026-10-04,3,"IS","quantile","0.35",50.9652546209434
2026-09-23,"ARI incidence",2026-10-04,3,"IS","quantile","0.4",52.0596448430244
2026-09-23,"ARI incidence",2026-10-04,3,"IS","quantile","0.45",53.1480724616303
2026-09-23,"ARI incidence",2026-10-04,3,"IS","quantile","0.5",54.1489202879176
2026-09-23,"ARI incidence",2026-10-04,3,"IS","quantile","0.55",55.243416759843
2026-09-23,"ARI incidence",2026-10-04,3,"IS","quantile","0.6",56.323790092058
2026-09-23,"ARI incidence",2026-10-04,3,"IS","quantile","0.65",57.4332056384084
2026-09-23,"ARI incidence",2026-10-04,3,"IS","quantile","0.7",58.6170219803483
2026-09-23,"ARI incidence",2026-10-04,3,"IS","quantile","0.75",59.9152856305974
2026-09-23,"ARI incidence",2026-10-04,3,"IS","quantile","0.8",61.3600504224399
2026-09-23,"ARI incidence",2026-10-04,3,"IS","quantile","0.85",63.1239796004877
2026-09-23,"ARI incidence",2026-10-04,3,"IS","quantile","0.9",65.3838551411418
2026-09-23,"ARI incidence",2026-10-04,3,"IS","quantile","0.95",68.6885744510044
2026-09-23,"ARI incidence",2026-10-04,3,"IS","quantile","0.975",71.5707278524719
2026-09-23,"ARI incidence",2026-10-04,3,"IS","quantile","0.99",75.5205933840178
2026-09-23,"ARI incidence",2026-10-11,4,"IS","median","",54.7428237959528
2026-09-23,"ARI incidence",2026-10-11,4,"IS","quantile","0.01",35.6038314318874
2026-09-23,"ARI incidence",2026-10-11,4,"IS","quantile","0.025",38.2275210779525
2026-09-23,"ARI incidence",2026-10-11,4,"IS","quantile","0.05",40.571410632073
2026-09-23,"ARI incidence",2026-10-11,4,"IS","quantile","0.1",43.6986396360781
2026-09-23,"ARI incidence",2026-10-11,4,"IS","quantile","0.15",45.7328262475868
2026-09-23,"ARI incidence",2026-10-11,4,"IS","quantile","0.2",47.473313258443
2026-09-23,"ARI incidence",2026-10-11,4,"IS","quantile","0.25",48.8047920765787
2026-09-23,"ARI incidence",2026-10-11,4,"IS","quantile","0.3",50.0080938351256
2026-09-23,"ARI incidence",2026-10-11,4,"IS","quantile","0.35",51.2729187485368
2026-09-23,"ARI incidence",2026-10-11,4,"IS","quantile","0.4",52.3684853860991
2026-09-23,"ARI incidence",2026-10-11,4,"IS","quantile","0.45",53.5482824587807
2026-09-23,"ARI incidence",2026-10-11,4,"IS","quantile","0.5",54.6776838605909
2026-09-23,"ARI incidence",2026-10-11,4,"IS","quantile","0.55",55.9083969065204
2026-09-23,"ARI incidence",2026-10-11,4,"IS","quantile","0.6",57.0187207603917
2026-09-23,"ARI incidence",2026-10-11,4,"IS","quantile","0.65",58.3055242336896
2026-09-23,"ARI incidence",2026-10-11,4,"IS","quantile","0.7",59.5945949567005
2026-09-23,"ARI incidence",2026-10-11,4,"IS","quantile","0.75",61.0820812929921
2026-09-23,"ARI incidence",2026-10-11,4,"IS","quantile","0.8",62.6363336569067
2026-09-23,"ARI incidence",2026-10-11,4,"IS","quantile","0.85",64.5844431654328
2026-09-23,"ARI incidence",2026-10-11,4,"IS","quantile","0.9",67.130938560598
2026-09-23,"ARI incidence",2026-10-11,4,"IS","quantile","0.95",70.9613757416735
2026-09-23,"ARI incidence",2026-10-11,4,"IS","quantile","0.975",74.1773240652504
2026-09-23,"ARI incidence",2026-10-11,4,"IS","quantile","0.99",78.1653829583519
2026-09-23,"ARI incidence",2026-09-20,1,"LT","median","",370.9
2026-09-23,"ARI incidence",2026-09-20,1,"LT","quantile","0.01",173.737218963495
2026-09-23,"ARI incidence",2026-09-20,1,"LT","quantile","0.025",201.460892897817
2026-09-23,"ARI incidence",2026-09-20,1,"LT","quantile","0.05",225.522017588618
2026-09-23,"ARI incidence",2026-09-20,1,"LT","quantile","0.1",254.241914204626
2026-09-23,"ARI incidence",2026-09-20,1,"LT","quantile","0.15",274.557152668139
2026-09-23,"ARI incidence",2026-09-20,1,"LT","quantile","0.2",292.573554756457
2026-09-23,"ARI incidence",2026-09-20,1,"LT","quantile","0.25",306.968647350126
2026-09-23,"ARI incidence",2026-09-20,1,"LT","quantile","0.3",319.824646220688
2026-09-23,"ARI incidence",2026-09-20,1,"LT","quantile","0.35",332.390547749474
2026-09-23,"ARI incidence",2026-09-20,1,"LT","quantile","0.4",345.567217832277
2026-09-23,"ARI incidence",2026-09-20,1,"LT","quantile","0.45",358.067596028949
2026-09-23,"ARI incidence",2026-09-20,1,"LT","quantile","0.5",371.149917458733
2026-09-23,"ARI incidence",2026-09-20,1,"LT","quantile","0.55",383.367739235131
2026-09-23,"ARI incidence",2026-09-20,1,"LT","quantile","0.6",396.571219746441
2026-09-23,"ARI incidence",2026-09-20,1,"LT","quantile","0.65",410.87328529538
2026-09-23,"ARI incidence",2026-09-20,1,"LT","quantile","0.7",426.986665983008
2026-09-23,"ARI incidence",2026-09-20,1,"LT","quantile","0.75",443.753854261464
2026-09-23,"ARI incidence",2026-09-20,1,"LT","quantile","0.8",463.029519076804
2026-09-23,"ARI incidence",2026-09-20,1,"LT","quantile","0.85",484.585737495275
2026-09-23,"ARI incidence",2026-09-20,1,"LT","quantile","0.9",512.003077223078
2026-09-23,"ARI incidence",2026-09-20,1,"LT","quantile","0.95",554.617527335423
2026-09-23,"ARI incidence",2026-09-20,1,"LT","quantile","0.975",595.808043906266
2026-09-23,"ARI incidence",2026-09-20,1,"LT","quantile","0.99",638.48948355171
2026-09-23,"ARI incidence",2026-09-27,2,"LT","median","",370.9
2026-09-23,"ARI incidence",2026-09-27,2,"LT","quantile","0.01",118.563162137902
2026-09-23,"ARI incidence",2026-09-27,2,"LT","quantile","0.025",144.588192062334
2026-09-23,"ARI incidence",2026-09-27,2,"LT","quantile","0.05",173.122330173138
2026-09-23,"ARI incidence",2026-09-27,2,"LT","quantile","0.1",212.559471131236
2026-09-23,"ARI incidence",2026-09-27,2,"LT","quantile","0.15",239.763994063575
2026-09-23,"ARI incidence",2026-09-27,2,"LT","quantile","0.2",261.703602325447
2026-09-23,"ARI incidence",2026-09-27,2,"LT","quantile","0.25",282.798998293358
2026-09-23,"ARI incidence",2026-09-27,2,"LT","quantile","0.3",301.53748844153
2026-09-23,"ARI incidence",2026-09-27,2,"LT","quantile","0.35",318.942544579935
2026-09-23,"ARI incidence",2026-09-27,2,"LT","quantile","0.4",337.278467999316
2026-09-23,"ARI incidence",2026-09-27,2,"LT","quantile","0.45",355.502934766168
2026-09-23,"ARI incidence",2026-09-27,2,"LT","quantile","0.5",373.333371828068
2026-09-23,"ARI incidence",2026-09-27,2,"LT","quantile","0.55",391.485412167251
2026-09-23,"ARI incidence",2026-09-27,2,"LT","quantile","0.6",410.95371796995
2026-09-23,"ARI incidence",2026-09-27,2,"LT","quantile","0.65",431.341167657507
2026-09-23,"ARI incidence",2026-09-27,2,"LT","quantile","0.7",453.246535762021
2026-09-23,"ARI incidence",2026-09-27,2,"LT","quantile","0.75",476.84861685597
2026-09-23,"ARI incidence",2026-09-27,2,"LT","quantile","0.8",506.136303849382
2026-09-23,"ARI incidence",2026-09-27,2,"LT","quantile","0.85",540.154355564585
2026-09-23,"ARI incidence",2026-09-27,2,"LT","quantile","0.9",582.812595122426
2026-09-23,"ARI incidence",2026-09-27,2,"LT","quantile","0.95",644.080633818064
2026-09-23,"ARI incidence",2026-09-27,2,"LT","quantile","0.975",703.915384284385
2026-09-23,"ARI incidence",2026-09-27,2,"LT","quantile","0.99",784.922899317281
2026-09-23,"ARI incidence",2026-10-04,3,"LT","median","",370.9
2026-09-23,"ARI incidence",2026-10-04,3,"LT","quantile","0.01",76.5980116417769
2026-09-23,"ARI incidence",2026-10-04,3,"LT","quantile","0.025",110.424766687105
2026-09-23,"ARI incidence",2026-10-04,3,"LT","quantile","0.05",143.290632002043
2026-09-23,"ARI incidence",2026-10-04,3,"LT","quantile","0.1",183.388060386855
2026-09-23,"ARI incidence",2026-10-04,3,"LT","quantile","0.15",214.217061534115
2026-09-23,"ARI incidence",2026-10-04,3,"LT","quantile","0.2",239.996697604393
2026-09-23,"ARI incidence",2026-10-04,3,"LT","quantile","0.25",263.628577004813
2026-09-23,"ARI incidence",2026-10-04,3,"LT","quantile","0.3",286.971070861677
2026-09-23,"ARI incidence",2026-10-04,3,"LT","quantile","0.35",308.793702845845
2026-09-23,"ARI incidence",2026-10-04,3,"LT","quantile","0.4",331.56949761407
2026-09-23,"ARI incidence",2026-10-04,3,"LT","quantile","0.45",354.025981965511
2026-09-23,"ARI incidence",2026-10-04,3,"LT","quantile","0.5",375.938390088155
2026-09-23,"ARI incidence",2026-10-04,3,"LT","quantile","0.55",398.488742012872
2026-09-23,"ARI incidence",2026-10-04,3,"LT","quantile","0.6",421.727476591316
2026-09-23,"ARI incidence",2026-10-04,3,"LT","quantile","0.65",445.477619287173
2026-09-23,"ARI incidence",2026-10-04,3,"LT","quantile","0.7",472.382648280237
2026-09-23,"ARI incidence",2026-10-04,3,"LT","quantile","0.75",502.606097361137
2026-09-23,"ARI incidence",2026-10-04,3,"LT","quantile","0.8",538.767285082039
2026-09-23,"ARI incidence",2026-10-04,3,"LT","quantile","0.85",583.872421699542
2026-09-23,"ARI incidence",2026-10-04,3,"LT","quantile","0.9",636.100345081914
2026-09-23,"ARI incidence",2026-10-04,3,"LT","quantile","0.95",717.597561026145
2026-09-23,"ARI incidence",2026-10-04,3,"LT","quantile","0.975",791.361859331689
2026-09-23,"ARI incidence",2026-10-04,3,"LT","quantile","0.99",890.142915131399
2026-09-23,"ARI incidence",2026-10-11,4,"LT","median","",370.9
2026-09-23,"ARI incidence",2026-10-11,4,"LT","quantile","0.01",51.0587226177342
2026-09-23,"ARI incidence",2026-10-11,4,"LT","quantile","0.025",83.2261186463555
2026-09-23,"ARI incidence",2026-10-11,4,"LT","quantile","0.05",116.242210935646
2026-09-23,"ARI incidence",2026-10-11,4,"LT","quantile","0.1",161.685909071537
2026-09-23,"ARI incidence",2026-10-11,4,"LT","quantile","0.15",194.414052879271
2026-09-23,"ARI incidence",2026-10-11,4,"LT","quantile","0.2",221.825525742388
2026-09-23,"ARI incidence",2026-10-11,4,"LT","quantile","0.25",250.598916927526
2026-09-23,"ARI incidence",2026-10-11,4,"LT","quantile","0.3",277.269559858139
2026-09-23,"ARI incidence",2026-10-11,4,"LT","quantile","0.35",301.053677242007
2026-09-23,"ARI incidence",2026-10-11,4,"LT","quantile","0.4",324.548268904478
2026-09-23,"ARI incidence",2026-10-11,4,"LT","quantile","0.45",349.529619734269
2026-09-23,"ARI incidence",2026-10-11,4,"LT","quantile","0.5",376.548660063166
2026-09-23,"ARI incidence",2026-10-11,4,"LT","quantile","0.55",402.570895937935
2026-09-23,"ARI incidence",2026-10-11,4,"LT","quantile","0.6",430.955807762596
2026-09-23,"ARI incidence",2026-10-11,4,"LT","quantile","0.65",458.355359422527
2026-09-23,"ARI incidence",2026-10-11,4,"LT","quantile","0.7",488.420974350143
2026-09-23,"ARI incidence",2026-10-11,4,"LT","quantile","0.75",527.050306319108
2026-09-23,"ARI incidence",2026-10-11,4,"LT","quantile","0.8",567.376607626654
2026-09-23,"ARI incidence",2026-10-11,4,"LT","quantile","0.85",616.501592008934
2026-09-23,"ARI incidence",2026-10-11,4,"LT","quantile","0.9",679.201160331173
2026-09-23,"ARI incidence",2026-10-11,4,"LT","quantile","0.95",790.794970281026
2026-09-23,"ARI incidence",2026-10-11,4,"LT","quantile","0.975",884.248997010254
2026-09-23,"ARI incidence",2026-10-11,4,"LT","quantile","0.99",992.942605649959
2026-09-23,"ARI incidence",2026-09-20,1,"LU","median","",3707.223973827
2026-09-23,"ARI incidence",2026-09-20,1,"LU","quantile","0.01",399.439728594099
2026-09-23,"ARI incidence",2026-09-20,1,"LU","quantile","0.025",674.426387478262
2026-09-23,"ARI incidence",2026-09-20,1,"LU","quantile","0.05",1009.58041785142
2026-09-23,"ARI incidence",2026-09-20,1,"LU","quantile","0.1",1477.58894485422
2026-09-23,"ARI incidence",2026-09-20,1,"LU","quantile","0.15",1831.77981634265
2026-09-23,"ARI incidence",2026-09-20,1,"LU","quantile","0.2",2130.61945521363
2026-09-23,"ARI incidence",2026-09-20,1,"LU","quantile","0.25",2386.44720049823
2026-09-23,"ARI incidence",2026-09-20,1,"LU","quantile","0.3",2673.6567978996
2026-09-23,"ARI incidence",2026-09-20,1,"LU","quantile","0.35",2934.91530466179
2026-09-23,"ARI incidence",2026-09-20,1,"LU","quantile","0.4",3185.49747461625
2026-09-23,"ARI incidence",2026-09-20,1,"LU","quantile","0.45",3461.16826820409
2026-09-23,"ARI incidence",2026-09-20,1,"LU","quantile","0.5",3717.34735246197
2026-09-23,"ARI incidence",2026-09-20,1,"LU","quantile","0.55",3996.70365978279
2026-09-23,"ARI incidence",2026-09-20,1,"LU","quantile","0.6",4297.35401036599
2026-09-23,"ARI incidence",2026-09-20,1,"LU","quantile","0.65",4600.12877371846
2026-09-23,"ARI incidence",2026-09-20,1,"LU","quantile","0.7",4919.78282949573
2026-09-23,"ARI incidence",2026-09-20,1,"LU","quantile","0.75",5294.18447448412
2026-09-23,"ARI incidence",2026-09-20,1,"LU","quantile","0.8",5732.66168883475
2026-09-23,"ARI incidence",2026-09-20,1,"LU","quantile","0.85",6250.64186865013
2026-09-23,"ARI incidence",2026-09-20,1,"LU","quantile","0.9",6994.78074256931
2026-09-23,"ARI incidence",2026-09-20,1,"LU","quantile","0.95",8153.94558637584
2026-09-23,"ARI incidence",2026-09-20,1,"LU","quantile","0.975",9208.37545521412
2026-09-23,"ARI incidence",2026-09-20,1,"LU","quantile","0.99",10675.5248677255
2026-09-23,"ARI incidence",2026-09-27,2,"LU","median","",3821.54870350223
2026-09-23,"ARI incidence",2026-09-27,2,"LU","quantile","0.01",222.031958373584
2026-09-23,"ARI incidence",2026-09-27,2,"LU","quantile","0.025",493.344590005868
2026-09-23,"ARI incidence",2026-09-27,2,"LU","quantile","0.05",792.362915167159
2026-09-23,"ARI incidence",2026-09-27,2,"LU","quantile","0.1",1265.08976397212
2026-09-23,"ARI incidence",2026-09-27,2,"LU","quantile","0.15",1649.97137021789
2026-09-23,"ARI incidence",2026-09-27,2,"LU","quantile","0.2",2002.76849944308
2026-09-23,"ARI incidence",2026-09-27,2,"LU","quantile","0.25",2302.67212451949
2026-09-23,"ARI incidence",2026-09-27,2,"LU","quantile","0.3",2629.54378277009
2026-09-23,"ARI incidence",2026-09-27,2,"LU","quantile","0.35",2937.11958243186
2026-09-23,"ARI incidence",2026-09-27,2,"LU","quantile","0.4",3234.99817007186
2026-09-23,"ARI incidence",2026-09-27,2,"LU","quantile","0.45",3536.95873480449
2026-09-23,"ARI incidence",2026-09-27,2,"LU","quantile","0.5",3831.20107036566
2026-09-23,"ARI incidence",2026-09-27,2,"LU","quantile","0.55",4121.28195717708
2026-09-23,"ARI incidence",2026-09-27,2,"LU","quantile","0.6",4457.30359365887
2026-09-23,"ARI incidence",2026-09-27,2,"LU","quantile","0.65",4842.7815584389
2026-09-23,"ARI incidence",2026-09-27,2,"LU","quantile","0.7",5226.85740928717
2026-09-23,"ARI incidence",2026-09-27,2,"LU","quantile","0.75",5665.15840304883
2026-09-23,"ARI incidence",2026-09-27,2,"LU","quantile","0.8",6196.66632357422
2026-09-23,"ARI incidence",2026-09-27,2,"LU","quantile","0.85",6840.21756012022
2026-09-23,"ARI incidence",2026-09-27,2,"LU","quantile","0.9",7634.99113128621
2026-09-23,"ARI incidence",2026-09-27,2,"LU","quantile","0.95",8956.29332255781
2026-09-23,"ARI incidence",2026-09-27,2,"LU","quantile","0.975",10165.7234729482
2026-09-23,"ARI incidence",2026-09-27,2,"LU","quantile","0.99",11758.7877880685
2026-09-23,"ARI incidence",2026-10-04,3,"LU","median","",3846.44186707119
2026-09-23,"ARI incidence",2026-10-04,3,"LU","quantile","0.01",141.81100089202
2026-09-23,"ARI incidence",2026-10-04,3,"LU","quantile","0.025",387.026327142399
2026-09-23,"ARI incidence",2026-10-04,3,"LU","quantile","0.05",740.456739468771
2026-09-23,"ARI incidence",2026-10-04,3,"LU","quantile","0.1",1212.63581140563
2026-09-23,"ARI incidence",2026-10-04,3,"LU","quantile","0.15",1596.12837475635
2026-09-23,"ARI incidence",2026-10-04,3,"LU","quantile","0.2",1937.43223908911
2026-09-23,"ARI incidence",2026-10-04,3,"LU","quantile","0.25",2270.7291887333
2026-09-23,"ARI incidence",2026-10-04,3,"LU","quantile","0.3",2614.14489607252
2026-09-23,"ARI incidence",2026-10-04,3,"LU","quantile","0.35",2915.4790423094
2026-09-23,"ARI incidence",2026-10-04,3,"LU","quantile","0.4",3207.85660106889
2026-09-23,"ARI incidence",2026-10-04,3,"LU","quantile","0.45",3545.16605526018
2026-09-23,"ARI incidence",2026-10-04,3,"LU","quantile","0.5",3872.80618817774
2026-09-23,"ARI incidence",2026-10-04,3,"LU","quantile","0.55",4215.01917621748
2026-09-23,"ARI incidence",2026-10-04,3,"LU","quantile","0.6",4586.18540127623
2026-09-23,"ARI incidence",2026-10-04,3,"LU","quantile","0.65",4995.71728899253
2026-09-23,"ARI incidence",2026-10-04,3,"LU","quantile","0.7",5434.35186848525
2026-09-23,"ARI incidence",2026-10-04,3,"LU","quantile","0.75",5930.63838105124
2026-09-23,"ARI incidence",2026-10-04,3,"LU","quantile","0.8",6502.9443109577
2026-09-23,"ARI incidence",2026-10-04,3,"LU","quantile","0.85",7187.59826160575
2026-09-23,"ARI incidence",2026-10-04,3,"LU","quantile","0.9",8073.92986995034
2026-09-23,"ARI incidence",2026-10-04,3,"LU","quantile","0.95",9482.6445911231
2026-09-23,"ARI incidence",2026-10-04,3,"LU","quantile","0.975",10852.7933631677
2026-09-23,"ARI incidence",2026-10-04,3,"LU","quantile","0.99",12743.6437367945
2026-09-23,"ARI incidence",2026-10-11,4,"LU","median","",3851.8231466033
2026-09-23,"ARI incidence",2026-10-11,4,"LU","quantile","0.01",100.238917011662
2026-09-23,"ARI incidence",2026-10-11,4,"LU","quantile","0.025",324.683163063667
2026-09-23,"ARI incidence",2026-10-11,4,"LU","quantile","0.05",614.82768628444
2026-09-23,"ARI incidence",2026-10-11,4,"LU","quantile","0.1",1110.86178911034
2026-09-23,"ARI incidence",2026-10-11,4,"LU","quantile","0.15",1481.94812830804
2026-09-23,"ARI incidence",2026-10-11,4,"LU","quantile","0.2",1859.27413927795
2026-09-23,"ARI incidence",2026-10-11,4,"LU","quantile","0.25",2202.15321480229
2026-09-23,"ARI incidence",2026-10-11,4,"LU","quantile","0.3",2550.96110004966
2026-09-23,"ARI incidence",2026-10-11,4,"LU","quantile","0.35",2873.30443623707
2026-09-23,"ARI incidence",2026-10-11,4,"LU","quantile","0.4",3182.57214623558
2026-09-23,"ARI incidence",2026-10-11,4,"LU","quantile","0.45",3517.37989860286
2026-09-23,"ARI incidence",2026-10-11,4,"LU","quantile","0.5",3850.73011688315
2026-09-23,"ARI incidence",2026-10-11,4,"LU","quantile","0.55",4223.44008401531
2026-09-23,"ARI incidence",2026-10-11,4,"LU","quantile","0.6",4606.29995965687
2026-09-23,"ARI incidence",2026-10-11,4,"LU","quantile","0.65",5007.79899145107
2026-09-23,"ARI incidence",2026-10-11,4,"LU","quantile","0.7",5503.48134226843
2026-09-23,"ARI incidence",2026-10-11,4,"LU","quantile","0.75",6024.22578762857
2026-09-23,"ARI incidence",2026-10-11,4,"LU","quantile","0.8",6586.31398899019
2026-09-23,"ARI incidence",2026-10-11,4,"LU","quantile","0.85",7297.03614344911
2026-09-23,"ARI incidence",2026-10-11,4,"LU","quantile","0.9",8271.10749918195
2026-09-23,"ARI incidence",2026-10-11,4,"LU","quantile","0.95",9910.83331367138
2026-09-23,"ARI incidence",2026-10-11,4,"LU","quantile","0.975",11271.869332086
2026-09-23,"ARI incidence",2026-10-11,4,"LU","quantile","0.99",12884.0899686898
2026-09-23,"ARI incidence",2026-09-20,1,"NL","median","",113.320553145333
2026-09-23,"ARI incidence",2026-09-20,1,"NL","quantile","0.01",93.0139648196269
2026-09-23,"ARI incidence",2026-09-20,1,"NL","quantile","0.025",95.7894030405628
2026-09-23,"ARI incidence",2026-09-20,1,"NL","quantile","0.05",98.4052550728542
2026-09-23,"ARI incidence",2026-09-20,1,"NL","quantile","0.1",101.740063149482
2026-09-23,"ARI incidence",2026-09-20,1,"NL","quantile","0.15",104.063803278166
2026-09-23,"ARI incidence",2026-09-20,1,"NL","quantile","0.2",105.876385399287
2026-09-23,"ARI incidence",2026-09-20,1,"NL","quantile","0.25",107.404596667569
2026-09-23,"ARI incidence",2026-09-20,1,"NL","quantile","0.3",108.615841562486
2026-09-23,"ARI incidence",2026-09-20,1,"NL","quantile","0.35",109.7384689252
2026-09-23,"ARI incidence",2026-09-20,1,"NL","quantile","0.4",110.986007464544
2026-09-23,"ARI incidence",2026-09-20,1,"NL","quantile","0.45",112.197521763585
2026-09-23,"ARI incidence",2026-09-20,1,"NL","quantile","0.5",113.322847421906
2026-09-23,"ARI incidence",2026-09-20,1,"NL","quantile","0.55",114.417790722366
2026-09-23,"ARI incidence",2026-09-20,1,"NL","quantile","0.6",115.484318494837
2026-09-23,"ARI incidence",2026-09-20,1,"NL","quantile","0.65",116.713681310628
2026-09-23,"ARI incidence",2026-09-20,1,"NL","quantile","0.7",118.140149850488
2026-09-23,"ARI incidence",2026-09-20,1,"NL","quantile","0.75",119.629932265648
2026-09-23,"ARI incidence",2026-09-20,1,"NL","quantile","0.8",121.243170585632
2026-09-23,"ARI incidence",2026-09-20,1,"NL","quantile","0.85",123.073479951165
2026-09-23,"ARI incidence",2026-09-20,1,"NL","quantile","0.9",125.27996940429
2026-09-23,"ARI incidence",2026-09-20,1,"NL","quantile","0.95",129.068154054838
2026-09-23,"ARI incidence",2026-09-20,1,"NL","quantile","0.975",132.562151522575
2026-09-23,"ARI incidence",2026-09-20,1,"NL","quantile","0.99",136.060310741458
2026-09-23,"ARI incidence",2026-09-27,2,"NL","median","",121.259696119347
2026-09-23,"ARI incidence",2026-09-27,2,"NL","quantile","0.01",93.9353680567121
2026-09-23,"ARI incidence",2026-09-27,2,"NL","quantile","0.025",97.6890198627493
2026-09-23,"ARI incidence",2026-09-27,2,"NL","quantile","0.05",101.167329485795
2026-09-23,"ARI incidence",2026-09-27,2,"NL","quantile","0.1",105.299538897889
2026-09-23,"ARI incidence",2026-09-27,2,"NL","quantile","0.15",108.456149307998
2026-09-23,"ARI incidence",2026-09-27,2,"NL","quantile","0.2",111.081848786522
2026-09-23,"ARI incidence",2026-09-27,2,"NL","quantile","0.25",113.106242663373
2026-09-23,"ARI incidence",2026-09-27,2,"NL","quantile","0.3",114.933768445119
2026-09-23,"ARI incidence",2026-09-27,2,"NL","quantile","0.35",116.566288507936
2026-09-23,"ARI incidence",2026-09-27,2,"NL","quantile","0.4",118.167691436517
2026-09-23,"ARI incidence",2026-09-27,2,"NL","quantile","0.45",119.73192995635
2026-09-23,"ARI incidence",2026-09-27,2,"NL","quantile","0.5",121.253756889119
2026-09-23,"ARI incidence",2026-09-27,2,"NL","quantile","0.55",122.781144083839
2026-09-23,"ARI incidence",2026-09-27,2,"NL","quantile","0.6",124.407061434886
2026-09-23,"ARI incidence",2026-09-27,2,"NL","quantile","0.65",125.990728133263
2026-09-23,"ARI incidence",2026-09-27,2,"NL","quantile","0.7",127.827389539275
2026-09-23,"ARI incidence",2026-09-27,2,"NL","quantile","0.75",129.912354498184
2026-09-23,"ARI incidence",2026-09-27,2,"NL","quantile","0.8",132.233902437024
2026-09-23,"ARI incidence",2026-09-27,2,"NL","quantile","0.85",134.911021844516
2026-09-23,"ARI incidence",2026-09-27,2,"NL","quantile","0.9",138.038785216301
2026-09-23,"ARI incidence",2026-09-27,2,"NL","quantile","0.95",142.671247190955
2026-09-23,"ARI incidence",2026-09-27,2,"NL","quantile","0.975",146.838606026906
2026-09-23,"ARI incidence",2026-09-27,2,"NL","quantile","0.99",151.633947920185
2026-09-23,"ARI incidence",2026-10-04,3,"NL","median","",127.538819658788
2026-09-23,"ARI incidence",2026-10-04,3,"NL","quantile","0.01",94.8077362945082
2026-09-23,"ARI incidence",2026-10-04,3,"NL","quantile","0.025",99.5569293785277
2026-09-23,"ARI incidence",2026-10-04,3,"NL","quantile","0.05",103.591447670949
2026-09-23,"ARI incidence",2026-10-04,3,"NL","quantile","0.1",108.753358891872
2026-09-23,"ARI incidence",2026-10-04,3,"NL","quantile","0.15",112.298794055042
2026-09-23,"ARI incidence",2026-10-04,3,"NL","quantile","0.2",115.224550313644
2026-09-23,"ARI incidence",2026-10-04,3,"NL","quantile","0.25",117.675361895696
2026-09-23,"ARI incidence",2026-10-04,3,"NL","quantile","0.3",119.942523444902
2026-09-23,"ARI incidence",2026-10-04,3,"NL","quantile","0.35",122.012951055337
2026-09-23,"ARI incidence",2026-10-04,3,"NL","quantile","0.4",123.992118131971
2026-09-23,"ARI incidence",2026-10-04,3,"NL","quantile","0.45",125.746335000001
2026-09-23,"ARI incidence",2026-10-04,3,"NL","quantile","0.5",127.721621407723
2026-09-23,"ARI incidence",2026-10-04,3,"NL","quantile","0.55",129.605600980194
2026-09-23,"ARI incidence",2026-10-04,3,"NL","quantile","0.6",131.708267677142
2026-09-23,"ARI incidence",2026-10-04,3,"NL","quantile","0.65",133.754451766933
2026-09-23,"ARI incidence",2026-10-04,3,"NL","quantile","0.7",135.79519764161
2026-09-23,"ARI incidence",2026-10-04,3,"NL","quantile","0.75",138.095748400622
2026-09-23,"ARI incidence",2026-10-04,3,"NL","quantile","0.8",140.594065990051
2026-09-23,"ARI incidence",2026-10-04,3,"NL","quantile","0.85",143.776391783711
2026-09-23,"ARI incidence",2026-10-04,3,"NL","quantile","0.9",147.413686092811
2026-09-23,"ARI incidence",2026-10-04,3,"NL","quantile","0.95",153.237215241933
2026-09-23,"ARI incidence",2026-10-04,3,"NL","quantile","0.975",158.558360291111
2026-09-23,"ARI incidence",2026-10-04,3,"NL","quantile","0.99",164.654044694542
2026-09-23,"ARI incidence",2026-10-11,4,"NL","median","",130.399484363889
2026-09-23,"ARI incidence",2026-10-11,4,"NL","quantile","0.01",92.0981758533574
2026-09-23,"ARI incidence",2026-10-11,4,"NL","quantile","0.025",97.8201530450801
2026-09-23,"ARI incidence",2026-10-11,4,"NL","quantile","0.05",102.540579520972
2026-09-23,"ARI incidence",2026-10-11,4,"NL","quantile","0.1",108.479394028722
2026-09-23,"ARI incidence",2026-10-11,4,"NL","quantile","0.15",112.367204283291
2026-09-23,"ARI incidence",2026-10-11,4,"NL","quantile","0.2",115.601828698475
2026-09-23,"ARI incidence",2026-10-11,4,"NL","quantile","0.25",118.546745557854
2026-09-23,"ARI incidence",2026-10-11,4,"NL","quantile","0.3",121.238621446941
2026-09-23,"ARI incidence",2026-10-11,4,"NL","quantile","0.35",123.726332699681
2026-09-23,"ARI incidence",2026-10-11,4,"NL","quantile","0.4",126.030302805049
2026-09-23,"ARI incidence",2026-10-11,4,"NL","quantile","0.45",128.461486425428
2026-09-23,"ARI incidence",2026-10-11,4,"NL","quantile","0.5",130.769498611397
2026-09-23,"ARI incidence",2026-10-11,4,"NL","quantile","0.55",132.958926147053
2026-09-23,"ARI incidence",2026-10-11,4,"NL","quantile","0.6",135.19745252485
2026-09-23,"ARI incidence",2026-10-11,4,"NL","quantile","0.65",137.645010679332
2026-09-23,"ARI incidence",2026-10-11,4,"NL","quantile","0.7",140.295353990428
2026-09-23,"ARI incidence",2026-10-11,4,"NL","quantile","0.75",142.955712526334
2026-09-23,"ARI incidence",2026-10-11,4,"NL","quantile","0.8",145.905349499594
2026-09-23,"ARI incidence",2026-10-11,4,"NL","quantile","0.85",149.63399909364
2026-09-23,"ARI incidence",2026-10-11,4,"NL","quantile","0.9",154.418113825407
2026-09-23,"ARI incidence",2026-10-11,4,"NL","quantile","0.95",161.456415510864
2026-09-23,"ARI incidence",2026-10-11,4,"NL","quantile","0.975",167.177426543891
2026-09-23,"ARI incidence",2026-10-11,4,"NL","quantile","0.99",174.436941506941
2026-09-23,"ARI incidence",2026-09-20,1,"SI","median","",475.735175650625
2026-09-23,"ARI incidence",2026-09-20,1,"SI","quantile","0.01",174.428952842819
2026-09-23,"ARI incidence",2026-09-20,1,"SI","quantile","0.025",212.467128420675
2026-09-23,"ARI incidence",2026-09-20,1,"SI","quantile","0.05",246.760136836299
2026-09-23,"ARI incidence",2026-09-20,1,"SI","quantile","0.1",290.932898853727
2026-09-23,"ARI incidence",2026-09-20,1,"SI","quantile","0.15",322.292351156171
2026-09-23,"ARI incidence",2026-09-20,1,"SI","quantile","0.2",348.099875937963
2026-09-23,"ARI incidence",2026-09-20,1,"SI","quantile","0.25",371.60211687466
2026-09-23,"ARI incidence",2026-09-20,1,"SI","quantile","0.3",394.34893564978
2026-09-23,"ARI incidence",2026-09-20,1,"SI","quantile","0.35",415.500490180799
2026-09-23,"ARI incidence",2026-09-20,1,"SI","quantile","0.4",435.162517932903
2026-09-23,"ARI incidence",2026-09-20,1,"SI","quantile","0.45",456.709190112565
2026-09-23,"ARI incidence",2026-09-20,1,"SI","quantile","0.5",476.450955284651
2026-09-23,"ARI incidence",2026-09-20,1,"SI","quantile","0.55",498.054652540136
2026-09-23,"ARI incidence",2026-09-20,1,"SI","quantile","0.6",518.74415571755
2026-09-23,"ARI incidence",2026-09-20,1,"SI","quantile","0.65",542.525930995434
2026-09-23,"ARI incidence",2026-09-20,1,"SI","quantile","0.7",568.597021896949
2026-09-23,"ARI incidence",2026-09-20,1,"SI","quantile","0.75",595.461271697559
2026-09-23,"ARI incidence",2026-09-20,1,"SI","quantile","0.8",626.724718529594
2026-09-23,"ARI incidence",2026-09-20,1,"SI","quantile","0.85",659.923795202255
2026-09-23,"ARI incidence",2026-09-20,1,"SI","quantile","0.9",705.899898025766
2026-09-23,"ARI incidence",2026-09-20,1,"SI","quantile","0.95",782.137424376078
2026-09-23,"ARI incidence",2026-09-20,1,"SI","quantile","0.975",849.598937705571
2026-09-23,"ARI incidence",2026-09-20,1,"SI","quantile","0.99",921.355572477664
2026-09-23,"ARI incidence",2026-09-27,2,"SI","median","",469.360676320917
2026-09-23,"ARI incidence",2026-09-27,2,"SI","quantile","0.01",96.6805044188041
2026-09-23,"ARI incidence",2026-09-27,2,"SI","quantile","0.025",133.611118784278
2026-09-23,"ARI incidence",2026-09-27,2,"SI","quantile","0.05",177.077768501885
2026-09-23,"ARI incidence",2026-09-27,2,"SI","quantile","0.1",227.389724228814
2026-09-23,"ARI incidence",2026-09-27,2,"SI","quantile","0.15",268.614104610846
2026-09-23,"ARI incidence",2026-09-27,2,"SI","quantile","0.2",304.299800142898
2026-09-23,"ARI incidence",2026-09-27,2,"SI","quantile","0.25",332.396051989218
2026-09-23,"ARI incidence",2026-09-27,2,"SI","quantile","0.3",361.324477621327
2026-09-23,"ARI incidence",2026-09-27,2,"SI","quantile","0.35",389.631678883901
2026-09-23,"ARI incidence",2026-09-27,2,"SI","quantile","0.4",417.539578623431
2026-09-23,"ARI incidence",2026-09-27,2,"SI","quantile","0.45",444.456879700289
2026-09-23,"ARI incidence",2026-09-27,2,"SI","quantile","0.5",470.391640975729
2026-09-23,"ARI incidence",2026-09-27,2,"SI","quantile","0.55",500.775551510259
2026-09-23,"ARI incidence",2026-09-27,2,"SI","quantile","0.6",529.539203488522
2026-09-23,"ARI incidence",2026-09-27,2,"SI","quantile","0.65",564.723600814323
2026-09-23,"ARI incidence",2026-09-27,2,"SI","quantile","0.7",600.03713518627
2026-09-23,"ARI incidence",2026-09-27,2,"SI","quantile","0.75",639.7373861251
2026-09-23,"ARI incidence",2026-09-27,2,"SI","quantile","0.8",680.85466361588
2026-09-23,"ARI incidence",2026-09-27,2,"SI","quantile","0.85",734.129705301571
2026-09-23,"ARI incidence",2026-09-27,2,"SI","quantile","0.9",807.30669429964
2026-09-23,"ARI incidence",2026-09-27,2,"SI","quantile","0.95",919.371347792853
2026-09-23,"ARI incidence",2026-09-27,2,"SI","quantile","0.975",1024.33730399673
2026-09-23,"ARI incidence",2026-09-27,2,"SI","quantile","0.99",1138.08546836048
2026-09-23,"ARI incidence",2026-10-04,3,"SI","median","",443.075271059982
2026-09-23,"ARI incidence",2026-10-04,3,"SI","quantile","0.01",46.1730465247346
2026-09-23,"ARI incidence",2026-10-04,3,"SI","quantile","0.025",80.7658603537193
2026-09-23,"ARI incidence",2026-10-04,3,"SI","quantile","0.05",119.36140416631
2026-09-23,"ARI incidence",2026-10-04,3,"SI","quantile","0.1",173.929466441412
2026-09-23,"ARI incidence",2026-10-04,3,"SI","quantile","0.15",217.517433792854
2026-09-23,"ARI incidence",2026-10-04,3,"SI","quantile","0.2",254.94183012784
2026-09-23,"ARI incidence",2026-10-04,3,"SI","quantile","0.25",286.18080064289
2026-09-23,"ARI incidence",2026-10-04,3,"SI","quantile","0.3",320.465339484502
2026-09-23,"ARI incidence",2026-10-04,3,"SI","quantile","0.35",350.421089847401
2026-09-23,"ARI incidence",2026-10-04,3,"SI","quantile","0.4",379.775006360466
2026-09-23,"ARI incidence",2026-10-04,3,"SI","quantile","0.45",412.208644352063
2026-09-23,"ARI incidence",2026-10-04,3,"SI","quantile","0.5",446.696078229942
2026-09-23,"ARI incidence",2026-10-04,3,"SI","quantile","0.55",478.940112952742
2026-09-23,"ARI incidence",2026-10-04,3,"SI","quantile","0.6",513.292771375104
2026-09-23,"ARI incidence",2026-10-04,3,"SI","quantile","0.65",550.858111254485
2026-09-23,"ARI incidence",2026-10-04,3,"SI","quantile","0.7",594.329053925046
2026-09-23,"ARI incidence",2026-10-04,3,"SI","quantile","0.75",640.370268886745
2026-09-23,"ARI incidence",2026-10-04,3,"SI","quantile","0.8",695.983199660691
2026-09-23,"ARI incidence",2026-10-04,3,"SI","quantile","0.85",757.178991345301
2026-09-23,"ARI incidence",2026-10-04,3,"SI","quantile","0.9",851.712643519752
2026-09-23,"ARI incidence",2026-10-04,3,"SI","quantile","0.95",987.187080731323
2026-09-23,"ARI incidence",2026-10-04,3,"SI","quantile","0.975",1117.84613163246
2026-09-23,"ARI incidence",2026-10-04,3,"SI","quantile","0.99",1275.87978736821
2026-09-23,"ARI incidence",2026-10-11,4,"SI","median","",409.37322196538
2026-09-23,"ARI incidence",2026-10-11,4,"SI","quantile","0.01",17.5692837565661
2026-09-23,"ARI incidence",2026-10-11,4,"SI","quantile","0.025",42.8064692193333
2026-09-23,"ARI incidence",2026-10-11,4,"SI","quantile","0.05",80.00616098781
2026-09-23,"ARI incidence",2026-10-11,4,"SI","quantile","0.1",130.491338092359
2026-09-23,"ARI incidence",2026-10-11,4,"SI","quantile","0.15",170.427455588011
2026-09-23,"ARI incidence",2026-10-11,4,"SI","quantile","0.2",210.6060082553
2026-09-23,"ARI incidence",2026-10-11,4,"SI","quantile","0.25",247.613030066232
2026-09-23,"ARI incidence",2026-10-11,4,"SI","quantile","0.3",282.915237360835
2026-09-23,"ARI incidence",2026-10-11,4,"SI","quantile","0.35",314.446951017282
2026-09-23,"ARI incidence",2026-10-11,4,"SI","quantile","0.4",349.341093788273
2026-09-23,"ARI incidence",2026-10-11,4,"SI","quantile","0.45",380.070934166381
2026-09-23,"ARI incidence",2026-10-11,4,"SI","quantile","0.5",418.597303880589
2026-09-23,"ARI incidence",2026-10-11,4,"SI","quantile","0.55",453.985189671382
2026-09-23,"ARI incidence",2026-10-11,4,"SI","quantile","0.6",490.742102154729
2026-09-23,"ARI incidence",2026-10-11,4,"SI","quantile","0.65",531.725661273596
2026-09-23,"ARI incidence",2026-10-11,4,"SI","quantile","0.7",582.839994907661
2026-09-23,"ARI incidence",2026-10-11,4,"SI","quantile","0.75",633.79839661192
2026-09-23,"ARI incidence",2026-10-11,4,"SI","quantile","0.8",694.272739660969
2026-09-23,"ARI incidence",2026-10-11,4,"SI","quantile","0.85",763.779904736632
2026-09-23,"ARI incidence",2026-10-11,4,"SI","quantile","0.9",867.284946059109
2026-09-23,"ARI incidence",2026-10-11,4,"SI","quantile","0.95",1023.58889696508
2026-09-23,"ARI incidence",2026-10-11,4,"SI","quantile","0.975",1160.53007229532
2026-09-23,"ARI incidence",2026-10-11,4,"SI","quantile","0.99",1335.31148931299
2026-09-23,"ARI incidence",2026-09-20,1,"SK","median","",1057.48169649515
2026-09-23,"ARI incidence",2026-09-20,1,"SK","quantile","0.01",661.075756983908
2026-09-23,"ARI incidence",2026-09-20,1,"SK","quantile","0.025",719.816445348099
2026-09-23,"ARI incidence",2026-09-20,1,"SK","quantile","0.05",768.479469670314
2026-09-23,"ARI incidence",2026-09-20,1,"SK","quantile","0.1",831.952015019802
2026-09-23,"ARI incidence",2026-09-20,1,"SK","quantile","0.15",872.576588744013
2026-09-23,"ARI incidence",2026-09-20,1,"SK","quantile","0.2",904.364406938638
2026-09-23,"ARI incidence",2026-09-20,1,"SK","quantile","0.25",932.353627731523
2026-09-23,"ARI incidence",2026-09-20,1,"SK","quantile","0.3",959.297526843152
2026-09-23,"ARI incidence",2026-09-20,1,"SK","quantile","0.35",986.944346156185
2026-09-23,"ARI incidence",2026-09-20,1,"SK","quantile","0.4",1012.84309494639
2026-09-23,"ARI incidence",2026-09-20,1,"SK","quantile","0.45",1035.94850079553
2026-09-23,"ARI incidence",2026-09-20,1,"SK","quantile","0.5",1058.93099776687
2026-09-23,"ARI incidence",2026-09-20,1,"SK","quantile","0.55",1082.71401700906
2026-09-23,"ARI incidence",2026-09-20,1,"SK","quantile","0.6",1107.17259616751
2026-09-23,"ARI incidence",2026-09-20,1,"SK","quantile","0.65",1133.52377734279
2026-09-23,"ARI incidence",2026-09-20,1,"SK","quantile","0.7",1158.79885010493
2026-09-23,"ARI incidence",2026-09-20,1,"SK","quantile","0.75",1188.07080232689
2026-09-23,"ARI incidence",2026-09-20,1,"SK","quantile","0.8",1220.35585266152
2026-09-23,"ARI incidence",2026-09-20,1,"SK","quantile","0.85",1262.85168518719
2026-09-23,"ARI incidence",2026-09-20,1,"SK","quantile","0.9",1314.56508501072
2026-09-23,"ARI incidence",2026-09-20,1,"SK","quantile","0.95",1392.26186419444
2026-09-23,"ARI incidence",2026-09-20,1,"SK","quantile","0.975",1456.55922367278
2026-09-23,"ARI incidence",2026-09-20,1,"SK","quantile","0.99",1538.86008690929
2026-09-23,"ARI incidence",2026-09-27,2,"SK","median","",1106.2946082259
2026-09-23,"ARI incidence",2026-09-27,2,"SK","quantile","0.01",542.742763095428
2026-09-23,"ARI incidence",2026-09-27,2,"SK","quantile","0.025",611.870446345925
2026-09-23,"ARI incidence",2026-09-27,2,"SK","quantile","0.05",691.010025132032
2026-09-23,"ARI incidence",2026-09-27,2,"SK","quantile","0.1",769.941139923679
2026-09-23,"ARI incidence",2026-09-27,2,"SK","quantile","0.15",826.668660963011
2026-09-23,"ARI incidence",2026-09-27,2,"SK","quantile","0.2",874.63049447705
2026-09-23,"ARI incidence",2026-09-27,2,"SK","quantile","0.25",918.916312719506
2026-09-23,"ARI incidence",2026-09-27,2,"SK","quantile","0.3",961.257817176376
2026-09-23,"ARI incidence",2026-09-27,2,"SK","quantile","0.35",998.666821052885
2026-09-23,"ARI incidence",2026-09-27,2,"SK","quantile","0.4",1035.10321244167
2026-09-23,"ARI incidence",2026-09-27,2,"SK","quantile","0.45",1071.45732987572
2026-09-23,"ARI incidence",2026-09-27,2,"SK","quantile","0.5",1106.39640088856
2026-09-23,"ARI incidence",2026-09-27,2,"SK","quantile","0.55",1145.06879358633
2026-09-23,"ARI incidence",2026-09-27,2,"SK","quantile","0.6",1183.99748571293
2026-09-23,"ARI incidence",2026-09-27,2,"SK","quantile","0.65",1221.68571752398
2026-09-23,"ARI incidence",2026-09-27,2,"SK","quantile","0.7",1265.04801984788
2026-09-23,"ARI incidence",2026-09-27,2,"SK","quantile","0.75",1310.39313998111
2026-09-23,"ARI incidence",2026-09-27,2,"SK","quantile","0.8",1361.06151592758
2026-09-23,"ARI incidence",2026-09-27,2,"SK","quantile","0.85",1424.92289271247
2026-09-23,"ARI incidence",2026-09-27,2,"SK","quantile","0.9",1512.48833352118
2026-09-23,"ARI incidence",2026-09-27,2,"SK","quantile","0.95",1627.1215533446
2026-09-23,"ARI incidence",2026-09-27,2,"SK","quantile","0.975",1745.44111784687
2026-09-23,"ARI incidence",2026-09-27,2,"SK","quantile","0.99",1868.387122956
2026-09-23,"ARI incidence",2026-10-04,3,"SK","median","",1141.49843465584
2026-09-23,"ARI incidence",2026-10-04,3,"SK","quantile","0.01",475.796033516323
2026-09-23,"ARI incidence",2026-10-04,3,"SK","quantile","0.025",557.233789650386
2026-09-23,"ARI incidence",2026-10-04,3,"SK","quantile","0.05",632.519935506621
2026-09-23,"ARI incidence",2026-10-04,3,"SK","quantile","0.1",729.166382358703
2026-09-23,"ARI incidence",2026-10-04,3,"SK","quantile","0.15",798.584197762227
2026-09-23,"ARI incidence",2026-10-04,3,"SK","quantile","0.2",858.158515219029
2026-09-23,"ARI incidence",2026-10-04,3,"SK","quantile","0.25",910.344053049427
2026-09-23,"ARI incidence",2026-10-04,3,"SK","quantile","0.3",958.046421191598
2026-09-23,"ARI incidence",2026-10-04,3,"SK","quantile","0.35",1008.7429045728
2026-09-23,"ARI incidence",2026-10-04,3,"SK","quantile","0.4",1053.66007442787
2026-09-23,"ARI incidence",2026-10-04,3,"SK","quantile","0.45",1099.29020618563
2026-09-23,"ARI incidence",2026-10-04,3,"SK","quantile","0.5",1146.35479926987
2026-09-23,"ARI incidence",2026-10-04,3,"SK","quantile","0.55",1191.084780321
2026-09-23,"ARI incidence",2026-10-04,3,"SK","quantile","0.6",1240.53138846181
2026-09-23,"ARI incidence",2026-10-04,3,"SK","quantile","0.65",1287.67346041697
2026-09-23,"ARI incidence",2026-10-04,3,"SK","quantile","0.7",1335.13395503505
2026-09-23,"ARI incidence",2026-10-04,3,"SK","quantile","0.75",1390.08567073399
2026-09-23,"ARI incidence",2026-10-04,3,"SK","quantile","0.8",1453.60372472433
2026-09-23,"ARI incidence",2026-10-04,3,"SK","quantile","0.85",1533.84209103656
2026-09-23,"ARI incidence",2026-10-04,3,"SK","quantile","0.9",1632.26697652665
2026-09-23,"ARI incidence",2026-10-04,3,"SK","quantile","0.95",1787.76348165206
2026-09-23,"ARI incidence",2026-10-04,3,"SK","quantile","0.975",1929.7690419025
2026-09-23,"ARI incidence",2026-10-04,3,"SK","quantile","0.99",2096.47898586087
2026-09-23,"ARI incidence",2026-10-11,4,"SK","median","",1170.98798045115
2026-09-23,"ARI incidence",2026-10-11,4,"SK","quantile","0.01",425.14260023403
2026-09-23,"ARI incidence",2026-10-11,4,"SK","quantile","0.025",514.562124911143
2026-09-23,"ARI incidence",2026-10-11,4,"SK","quantile","0.05",597.355716186972
2026-09-23,"ARI incidence",2026-10-11,4,"SK","quantile","0.1",706.526097029428
2026-09-23,"ARI incidence",2026-10-11,4,"SK","quantile","0.15",783.861456746191
2026-09-23,"ARI incidence",2026-10-11,4,"SK","quantile","0.2",846.891214802627
2026-09-23,"ARI incidence",2026-10-11,4,"SK","quantile","0.25",908.890663084619
2026-09-23,"ARI incidence",2026-10-11,4,"SK","quantile","0.3",965.416507823363
2026-09-23,"ARI incidence",2026-10-11,4,"SK","quantile","0.35",1017.88362467631
2026-09-23,"ARI incidence",2026-10-11,4,"SK","quantile","0.4",1071.41361574782
2026-09-23,"ARI incidence",2026-10-11,4,"SK","quantile","0.45",1119.15424293161
2026-09-23,"ARI incidence",2026-10-11,4,"SK","quantile","0.5",1167.23350393392
2026-09-23,"ARI incidence",2026-10-11,4,"SK","quantile","0.55",1221.42795203084
2026-09-23,"ARI incidence",2026-10-11,4,"SK","quantile","0.6",1271.97711683422
2026-09-23,"ARI incidence",2026-10-11,4,"SK","quantile","0.65",1324.06143280497
2026-09-23,"ARI incidence",2026-10-11,4,"SK","quantile","0.7",1385.93199956489
2026-09-23,"ARI incidence",2026-10-11,4,"SK","quantile","0.75",1448.77063216361
2026-09-23,"ARI incidence",2026-10-11,4,"SK","quantile","0.8",1523.64256090833
2026-09-23,"ARI incidence",2026-10-11,4,"SK","quantile","0.85",1613.04472855409
2026-09-23,"ARI incidence",2026-10-11,4,"SK","quantile","0.9",1719.96722752731
2026-09-23,"ARI incidence",2026-10-11,4,"SK","quantile","0.95",1917.18242773507
2026-09-23,"ARI incidence",2026-10-11,4,"SK","quantile","0.975",2088.55264390345
2026-09-23,"ARI incidence",2026-10-11,4,"SK","quantile","0.99",2315.29945329149
