origin_date,target,target_end_date,horizon,location,output_type,output_type_id,value
2026-09-02,ARI incidence,2026-08-30,1,BE,quantile,0.7,254.88739322188485
2026-09-02,ARI incidence,2026-08-30,1,BE,quantile,0.65,250.41989482607275
2026-09-02,ARI incidence,2026-08-30,1,BE,quantile,0.45,234.3865215158384
2026-09-02,ARI incidence,2026-08-30,1,BE,quantile,0.5,238.02042818296866
2026-09-02,ARI incidence,2026-08-30,1,BE,quantile,0.6,246.13539148303178
2026-09-02,ARI incidence,2026-08-30,1,BE,quantile,0.55,242.06478252716482
2026-09-02,ARI incidence,2026-08-30,1,BE,quantile,0.4,230.79114087009208
2026-09-02,ARI incidence,2026-08-30,1,BE,quantile,0.75,259.58893462677423
2026-09-02,ARI incidence,2026-08-30,1,BE,quantile,0.3,223.13189706790592
2026-09-02,ARI incidence,2026-08-30,1,BE,quantile,0.05,194.3490584912968
2026-09-02,ARI incidence,2026-08-30,1,BE,quantile,0.01,178.58943496964372
2026-09-02,ARI incidence,2026-08-30,1,BE,quantile,0.8,265.35542046156297
2026-09-02,ARI incidence,2026-08-30,1,BE,quantile,0.85,271.9815664103852
2026-09-02,ARI incidence,2026-08-30,1,BE,quantile,0.25,219.07846743356922
2026-09-02,ARI incidence,2026-08-30,1,BE,quantile,0.025,186.56717562773508
2026-09-02,ARI incidence,2026-08-30,1,BE,quantile,0.15,209.6852413555849
2026-09-02,ARI incidence,2026-08-30,1,BE,quantile,0.2,214.62544010838417
2026-09-02,ARI incidence,2026-08-30,1,BE,quantile,0.35,227.00854851912376
2026-09-02,ARI incidence,2026-08-30,1,BE,quantile,0.1,203.0238966048274
2026-09-02,ARI incidence,2026-08-30,1,BE,quantile,0.9,280.9274233290509
2026-09-02,ARI incidence,2026-08-30,1,BE,quantile,0.95,294.65678926225144
2026-09-02,ARI incidence,2026-08-30,1,BE,quantile,0.99,319.8158547241622
2026-09-02,ARI incidence,2026-08-30,1,BE,quantile,0.975,306.13240853756656
2026-09-02,ARI incidence,2026-08-30,1,BE,median,,238.02042818296866
2026-09-02,ARI incidence,2026-09-06,2,BE,quantile,0.99,258.3179696523748
2026-09-02,ARI incidence,2026-09-06,2,BE,quantile,0.95,248.76605789795147
2026-09-02,ARI incidence,2026-09-06,2,BE,quantile,0.85,240.26720114019855
2026-09-02,ARI incidence,2026-09-06,2,BE,quantile,0.975,253.85083453863942
2026-09-02,ARI incidence,2026-09-06,2,BE,quantile,0.9,243.8627593095745
2026-09-02,ARI incidence,2026-09-06,2,BE,quantile,0.8,237.3256448403165
2026-09-02,ARI incidence,2026-09-06,2,BE,quantile,0.75,235.12429951857575
2026-09-02,ARI incidence,2026-09-06,2,BE,quantile,0.65,231.1467124230847
2026-09-02,ARI incidence,2026-09-06,2,BE,quantile,0.05,206.15584611289555
2026-09-02,ARI incidence,2026-09-06,2,BE,quantile,0.01,198.52496426534796
2026-09-02,ARI incidence,2026-09-06,2,BE,quantile,0.025,202.56198054711166
2026-09-02,ARI incidence,2026-09-06,2,BE,quantile,0.7,233.09648579458593
2026-09-02,ARI incidence,2026-09-06,2,BE,quantile,0.1,210.35016164787535
2026-09-02,ARI incidence,2026-09-06,2,BE,quantile,0.6,229.44231665557334
2026-09-02,ARI incidence,2026-09-06,2,BE,quantile,0.55,227.83263688987586
2026-09-02,ARI incidence,2026-09-06,2,BE,quantile,0.15,213.39421412119836
2026-09-02,ARI incidence,2026-09-06,2,BE,quantile,0.35,221.48705707575687
2026-09-02,ARI incidence,2026-09-06,2,BE,quantile,0.4,222.96159755797785
2026-09-02,ARI incidence,2026-09-06,2,BE,quantile,0.45,224.63920413852225
2026-09-02,ARI incidence,2026-09-06,2,BE,quantile,0.2,215.8715290834828
2026-09-02,ARI incidence,2026-09-06,2,BE,quantile,0.3,219.69512480401707
2026-09-02,ARI incidence,2026-09-06,2,BE,quantile,0.5,226.2759443537986
2026-09-02,ARI incidence,2026-09-06,2,BE,quantile,0.25,217.89475778879458
2026-09-02,ARI incidence,2026-09-06,2,BE,median,,226.2759443537986
2026-09-02,ARI incidence,2026-09-13,3,BE,quantile,0.01,146.21819960262485
2026-09-02,ARI incidence,2026-09-13,3,BE,quantile,0.25,228.09092943950156
2026-09-02,ARI incidence,2026-09-13,3,BE,quantile,0.1,192.76241819265522
2026-09-02,ARI incidence,2026-09-13,3,BE,quantile,0.2,217.6896759753588
2026-09-02,ARI incidence,2026-09-13,3,BE,quantile,0.15,206.55287725623032
2026-09-02,ARI incidence,2026-09-13,3,BE,quantile,0.025,160.98835508750756
2026-09-02,ARI incidence,2026-09-13,3,BE,quantile,0.05,175.1339134915952
2026-09-02,ARI incidence,2026-09-13,3,BE,quantile,0.55,285.0928904131353
2026-09-02,ARI incidence,2026-09-13,3,BE,quantile,0.6,295.89409002735124
2026-09-02,ARI incidence,2026-09-13,3,BE,quantile,0.3,237.82184988217784
2026-09-02,ARI incidence,2026-09-13,3,BE,quantile,0.35,247.039596595044
2026-09-02,ARI incidence,2026-09-13,3,BE,quantile,0.65,306.93128511189605
2026-09-02,ARI incidence,2026-09-13,3,BE,quantile,0.4,256.4955209023368
2026-09-02,ARI incidence,2026-09-13,3,BE,quantile,0.5,275.70690831167536
2026-09-02,ARI incidence,2026-09-13,3,BE,quantile,0.99,524.6099590702818
2026-09-02,ARI incidence,2026-09-13,3,BE,quantile,0.45,266.15363397282636
2026-09-02,ARI incidence,2026-09-13,3,BE,quantile,0.9,389.38484512207856
2026-09-02,ARI incidence,2026-09-13,3,BE,quantile,0.8,346.76850160571763
2026-09-02,ARI incidence,2026-09-13,3,BE,quantile,0.85,363.75628757130323
2026-09-02,ARI incidence,2026-09-13,3,BE,quantile,0.975,472.06684635551363
2026-09-02,ARI incidence,2026-09-13,3,BE,quantile,0.7,319.3051422723506
2026-09-02,ARI incidence,2026-09-13,3,BE,quantile,0.95,432.84436292673166
2026-09-02,ARI incidence,2026-09-13,3,BE,quantile,0.75,331.85919236791483
2026-09-02,ARI incidence,2026-09-13,3,BE,median,,275.70690831167536
2026-09-02,ARI incidence,2026-09-20,4,BE,quantile,0.01,133.40706831101855
2026-09-02,ARI incidence,2026-09-20,4,BE,quantile,0.05,160.89593584999162
2026-09-02,ARI incidence,2026-09-20,4,BE,quantile,0.025,147.17381637442801
2026-09-02,ARI incidence,2026-09-20,4,BE,quantile,0.1,177.40139353141203
2026-09-02,ARI incidence,2026-09-20,4,BE,quantile,0.15,188.45084874503573
2026-09-02,ARI incidence,2026-09-20,4,BE,quantile,0.25,205.84671677599687
2026-09-02,ARI incidence,2026-09-20,4,BE,quantile,0.2,197.70244824201632
2026-09-02,ARI incidence,2026-09-20,4,BE,quantile,0.55,253.52667423799582
2026-09-02,ARI incidence,2026-09-20,4,BE,quantile,0.6,261.3800298582627
2026-09-02,ARI incidence,2026-09-20,4,BE,quantile,0.5,245.21032782125155
2026-09-02,ARI incidence,2026-09-20,4,BE,quantile,0.35,221.42991451262498
2026-09-02,ARI incidence,2026-09-20,4,BE,quantile,0.3,213.51523826085173
2026-09-02,ARI incidence,2026-09-20,4,BE,quantile,0.4,229.22785506405467
2026-09-02,ARI incidence,2026-09-20,4,BE,quantile,0.7,279.04267146964884
2026-09-02,ARI incidence,2026-09-20,4,BE,quantile,0.65,270.14829633714385
2026-09-02,ARI incidence,2026-09-20,4,BE,quantile,0.45,237.12349196690747
2026-09-02,ARI incidence,2026-09-20,4,BE,quantile,0.99,444.04056259603743
2026-09-02,ARI incidence,2026-09-20,4,BE,quantile,0.95,369.358857251121
2026-09-02,ARI incidence,2026-09-20,4,BE,quantile,0.975,403.4495352484915
2026-09-02,ARI incidence,2026-09-20,4,BE,quantile,0.9,337.48314796274525
2026-09-02,ARI incidence,2026-09-20,4,BE,quantile,0.85,316.46980348806056
2026-09-02,ARI incidence,2026-09-20,4,BE,quantile,0.8,301.54849001109653
2026-09-02,ARI incidence,2026-09-20,4,BE,quantile,0.75,289.6303288777889
2026-09-02,ARI incidence,2026-09-20,4,BE,median,,245.21032782125155
2026-09-02,ARI incidence,2026-08-30,1,BG,quantile,0.1,152.75032166389065
2026-09-02,ARI incidence,2026-08-30,1,BG,quantile,0.05,145.83125598255194
2026-09-02,ARI incidence,2026-08-30,1,BG,quantile,0.01,133.6539941764019
2026-09-02,ARI incidence,2026-08-30,1,BG,quantile,0.025,139.74936955638574
2026-09-02,ARI incidence,2026-08-30,1,BG,quantile,0.15,158.02174025693967
2026-09-02,ARI incidence,2026-08-30,1,BG,quantile,0.2,162.20240984805218
2026-09-02,ARI incidence,2026-08-30,1,BG,quantile,0.7,194.22163364333565
2026-09-02,ARI incidence,2026-08-30,1,BG,quantile,0.75,198.33452987783923
2026-09-02,ARI incidence,2026-08-30,1,BG,quantile,0.8,202.86305744506794
2026-09-02,ARI incidence,2026-08-30,1,BG,quantile,0.65,190.76866411726652
2026-09-02,ARI incidence,2026-08-30,1,BG,quantile,0.4,175.81770893241654
2026-09-02,ARI incidence,2026-08-30,1,BG,quantile,0.45,178.77483757116414
2026-09-02,ARI incidence,2026-08-30,1,BG,quantile,0.35,172.7671670530632
2026-09-02,ARI incidence,2026-08-30,1,BG,quantile,0.25,166.17083824051275
2026-09-02,ARI incidence,2026-08-30,1,BG,quantile,0.3,169.5415096989188
2026-09-02,ARI incidence,2026-08-30,1,BG,quantile,0.6,187.66235560882558
2026-09-02,ARI incidence,2026-08-30,1,BG,quantile,0.85,208.4909805239115
2026-09-02,ARI incidence,2026-08-30,1,BG,quantile,0.9,215.36934230574246
2026-09-02,ARI incidence,2026-08-30,1,BG,quantile,0.5,181.7722047312824
2026-09-02,ARI incidence,2026-08-30,1,BG,quantile,0.55,184.7140074684795
2026-09-02,ARI incidence,2026-08-30,1,BG,quantile,0.975,235.41463146322033
2026-09-02,ARI incidence,2026-08-30,1,BG,quantile,0.95,225.60515299080635
2026-09-02,ARI incidence,2026-08-30,1,BG,quantile,0.99,246.95051416554335
2026-09-02,ARI incidence,2026-08-30,1,BG,median,,181.7722047312824
2026-09-02,ARI incidence,2026-09-06,2,BG,quantile,0.01,151.0798210983536
2026-09-02,ARI incidence,2026-09-06,2,BG,quantile,0.2,205.30060605591143
2026-09-02,ARI incidence,2026-09-06,2,BG,quantile,0.25,212.80304964584562
2026-09-02,ARI incidence,2026-09-06,2,BG,quantile,0.15,197.38868338958602
2026-09-02,ARI incidence,2026-09-06,2,BG,quantile,0.65,267.33616345355097
2026-09-02,ARI incidence,2026-09-06,2,BG,quantile,0.1,187.6285273246977
2026-09-02,ARI incidence,2026-09-06,2,BG,quantile,0.05,174.12663909518173
2026-09-02,ARI incidence,2026-09-06,2,BG,quantile,0.6,259.7723964997914
2026-09-02,ARI incidence,2026-09-06,2,BG,quantile,0.025,162.95127908487484
2026-09-02,ARI incidence,2026-09-06,2,BG,quantile,0.55,252.93367518938015
2026-09-02,ARI incidence,2026-09-06,2,BG,quantile,0.3,219.82577728476411
2026-09-02,ARI incidence,2026-09-06,2,BG,quantile,0.5,246.69628934332871
2026-09-02,ARI incidence,2026-09-06,2,BG,quantile,0.7,275.9319000379342
2026-09-02,ARI incidence,2026-09-06,2,BG,quantile,0.45,239.7150375211676
2026-09-02,ARI incidence,2026-09-06,2,BG,quantile,0.35,226.29323493880207
2026-09-02,ARI incidence,2026-09-06,2,BG,quantile,0.4,233.00846740954273
2026-09-02,ARI incidence,2026-09-06,2,BG,quantile,0.975,372.4272023427569
2026-09-02,ARI incidence,2026-09-06,2,BG,quantile,0.8,294.1365210006227
2026-09-02,ARI incidence,2026-09-06,2,BG,quantile,0.75,284.30705924287327
2026-09-02,ARI incidence,2026-09-06,2,BG,quantile,0.95,346.5331370067224
2026-09-02,ARI incidence,2026-09-06,2,BG,quantile,0.9,322.6382452565818
2026-09-02,ARI incidence,2026-09-06,2,BG,quantile,0.99,400.2648027834125
2026-09-02,ARI incidence,2026-09-06,2,BG,quantile,0.85,305.93491401176016
2026-09-02,ARI incidence,2026-09-06,2,BG,median,,246.69628934332871
2026-09-02,ARI incidence,2026-09-13,3,BG,quantile,0.975,227.91785454018833
2026-09-02,ARI incidence,2026-09-13,3,BG,quantile,0.35,173.54041645536057
2026-09-02,ARI incidence,2026-09-13,3,BG,quantile,0.4,176.33673603484152
2026-09-02,ARI incidence,2026-09-13,3,BG,quantile,0.45,178.80765402181189
2026-09-02,ARI incidence,2026-09-13,3,BG,quantile,0.85,204.31197127005834
2026-09-02,ARI incidence,2026-09-13,3,BG,quantile,0.99,237.478399089848
2026-09-02,ARI incidence,2026-09-13,3,BG,quantile,0.3,170.8636487453939
2026-09-02,ARI incidence,2026-09-13,3,BG,quantile,0.5,181.16595088837894
2026-09-02,ARI incidence,2026-09-13,3,BG,quantile,0.55,183.9586654926885
2026-09-02,ARI incidence,2026-09-13,3,BG,quantile,0.6,186.64817511650173
2026-09-02,ARI incidence,2026-09-13,3,BG,quantile,0.8,199.69305455574292
2026-09-02,ARI incidence,2026-09-13,3,BG,quantile,0.9,210.19467713418476
2026-09-02,ARI incidence,2026-09-13,3,BG,quantile,0.2,164.59415454604198
2026-09-02,ARI incidence,2026-09-13,3,BG,quantile,0.15,160.72849787836458
2026-09-02,ARI incidence,2026-09-13,3,BG,quantile,0.1,156.4972677847561
2026-09-02,ARI incidence,2026-09-13,3,BG,quantile,0.01,138.63186653605675
2026-09-02,ARI incidence,2026-09-13,3,BG,quantile,0.7,192.6965015389693
2026-09-02,ARI incidence,2026-09-13,3,BG,quantile,0.95,219.44926617564832
2026-09-02,ARI incidence,2026-09-13,3,BG,quantile,0.25,167.91020107843119
2026-09-02,ARI incidence,2026-09-13,3,BG,quantile,0.05,149.94509026944334
2026-09-02,ARI incidence,2026-09-13,3,BG,quantile,0.025,144.71843880009618
2026-09-02,ARI incidence,2026-09-13,3,BG,quantile,0.65,189.47961792117013
2026-09-02,ARI incidence,2026-09-13,3,BG,quantile,0.75,195.96779028639818
2026-09-02,ARI incidence,2026-09-13,3,BG,median,,181.16595088837894
2026-09-02,ARI incidence,2026-09-20,4,BG,quantile,0.45,198.25344864935676
2026-09-02,ARI incidence,2026-09-20,4,BG,quantile,0.5,200.58662250104635
2026-09-02,ARI incidence,2026-09-20,4,BG,quantile,0.25,188.22692604531235
2026-09-02,ARI incidence,2026-09-20,4,BG,quantile,0.2,185.26437185204657
2026-09-02,ARI incidence,2026-09-20,4,BG,quantile,0.4,195.87948213960544
2026-09-02,ARI incidence,2026-09-20,4,BG,quantile,0.3,190.91278312608543
2026-09-02,ARI incidence,2026-09-20,4,BG,quantile,0.025,167.69670323111134
2026-09-02,ARI incidence,2026-09-20,4,BG,quantile,0.55,203.07432750139048
2026-09-02,ARI incidence,2026-09-20,4,BG,quantile,0.1,177.73145666892188
2026-09-02,ARI incidence,2026-09-20,4,BG,quantile,0.15,181.98329241944526
2026-09-02,ARI incidence,2026-09-20,4,BG,quantile,0.35,193.32838345728825
2026-09-02,ARI incidence,2026-09-20,4,BG,quantile,0.7,211.04642768875848
2026-09-02,ARI incidence,2026-09-20,4,BG,quantile,0.75,213.92688985680002
2026-09-02,ARI incidence,2026-09-20,4,BG,quantile,0.05,172.3202611206909
2026-09-02,ARI incidence,2026-09-20,4,BG,quantile,0.01,161.93364975464434
2026-09-02,ARI incidence,2026-09-20,4,BG,quantile,0.6,205.46334766422683
2026-09-02,ARI incidence,2026-09-20,4,BG,quantile,0.65,208.13375550821542
2026-09-02,ARI incidence,2026-09-20,4,BG,quantile,0.8,217.57984564880473
2026-09-02,ARI incidence,2026-09-20,4,BG,quantile,0.975,242.25605947065824
2026-09-02,ARI incidence,2026-09-20,4,BG,quantile,0.9,226.8590478853667
2026-09-02,ARI incidence,2026-09-20,4,BG,quantile,0.99,251.68040417416242
2026-09-02,ARI incidence,2026-09-20,4,BG,quantile,0.95,235.0651202392767
2026-09-02,ARI incidence,2026-09-20,4,BG,quantile,0.85,221.610977333822
2026-09-02,ARI incidence,2026-09-20,4,BG,median,,200.58662250104635
2026-09-02,ARI incidence,2026-08-30,1,DE,quantile,0.55,547.4446739917894
2026-09-02,ARI incidence,2026-08-30,1,DE,quantile,0.6,554.97659286946
2026-09-02,ARI incidence,2026-08-30,1,DE,quantile,0.15,487.739505455554
2026-09-02,ARI incidence,2026-08-30,1,DE,quantile,0.2,497.592912072696
2026-09-02,ARI incidence,2026-08-30,1,DE,quantile,0.25,505.9610402940378
2026-09-02,ARI incidence,2026-08-30,1,DE,quantile,0.05,459.66033710998494
2026-09-02,ARI incidence,2026-08-30,1,DE,quantile,0.5,540.6565911369485
2026-09-02,ARI incidence,2026-08-30,1,DE,quantile,0.65,561.9312927105259
2026-09-02,ARI incidence,2026-08-30,1,DE,quantile,0.7,569.9531700600105
2026-09-02,ARI incidence,2026-08-30,1,DE,quantile,0.1,475.6547962550433
2026-09-02,ARI incidence,2026-08-30,1,DE,quantile,0.3,512.7132682421114
2026-09-02,ARI incidence,2026-08-30,1,DE,quantile,0.35,519.7629501294123
2026-09-02,ARI incidence,2026-08-30,1,DE,quantile,0.4,526.9550475047661
2026-09-02,ARI incidence,2026-08-30,1,DE,quantile,0.45,533.7939514305095
2026-09-02,ARI incidence,2026-08-30,1,DE,quantile,0.99,679.71218901079
2026-09-02,ARI incidence,2026-08-30,1,DE,quantile,0.01,429.91115531547473
2026-09-02,ARI incidence,2026-08-30,1,DE,quantile,0.8,588.1425627486211
2026-09-02,ARI incidence,2026-08-30,1,DE,quantile,0.75,578.5212363710277
2026-09-02,ARI incidence,2026-08-30,1,DE,quantile,0.85,598.5983510997019
2026-09-02,ARI incidence,2026-08-30,1,DE,quantile,0.975,657.8679510725217
2026-09-02,ARI incidence,2026-08-30,1,DE,quantile,0.025,445.4841028334027
2026-09-02,ARI incidence,2026-08-30,1,DE,quantile,0.9,612.3662844398283
2026-09-02,ARI incidence,2026-08-30,1,DE,quantile,0.95,636.5915813038038
2026-09-02,ARI incidence,2026-08-30,1,DE,median,,540.6565911369485
2026-09-02,ARI incidence,2026-09-06,2,DE,quantile,0.01,482.10111335266356
2026-09-02,ARI incidence,2026-09-06,2,DE,quantile,0.85,638.2282165273649
2026-09-02,ARI incidence,2026-09-06,2,DE,quantile,0.9,650.9628479480892
2026-09-02,ARI incidence,2026-09-06,2,DE,quantile,0.95,671.520187353724
2026-09-02,ARI incidence,2026-09-06,2,DE,quantile,0.975,690.1002007757908
2026-09-02,ARI incidence,2026-09-06,2,DE,quantile,0.35,565.7356793351827
2026-09-02,ARI incidence,2026-09-06,2,DE,quantile,0.8,628.0631882655692
2026-09-02,ARI incidence,2026-09-06,2,DE,quantile,0.4,571.9067227308653
2026-09-02,ARI incidence,2026-09-06,2,DE,quantile,0.45,578.3579350977429
2026-09-02,ARI incidence,2026-09-06,2,DE,quantile,0.55,591.2498050940183
2026-09-02,ARI incidence,2026-09-06,2,DE,quantile,0.65,604.3182731079987
2026-09-02,ARI incidence,2026-09-06,2,DE,quantile,0.7,611.675844790324
2026-09-02,ARI incidence,2026-09-06,2,DE,quantile,0.99,713.1240707860097
2026-09-02,ARI incidence,2026-09-06,2,DE,quantile,0.1,523.6892335945197
2026-09-02,ARI incidence,2026-09-06,2,DE,quantile,0.025,495.1468533237033
2026-09-02,ARI incidence,2026-09-06,2,DE,quantile,0.5,585.1394586768567
2026-09-02,ARI incidence,2026-09-06,2,DE,quantile,0.75,619.6878057553834
2026-09-02,ARI incidence,2026-09-06,2,DE,quantile,0.3,558.9767128801949
2026-09-02,ARI incidence,2026-09-06,2,DE,quantile,0.6,597.4877871803842
2026-09-02,ARI incidence,2026-09-06,2,DE,quantile,0.05,507.94017688939834
2026-09-02,ARI incidence,2026-09-06,2,DE,quantile,0.25,551.7377609196985
2026-09-02,ARI incidence,2026-09-06,2,DE,quantile,0.15,535.2669432561855
2026-09-02,ARI incidence,2026-09-06,2,DE,quantile,0.2,544.3799920320339
2026-09-02,ARI incidence,2026-09-06,2,DE,median,,585.1394586768567
2026-09-02,ARI incidence,2026-09-13,3,DE,quantile,0.7,634.0041466188195
2026-09-02,ARI incidence,2026-09-13,3,DE,quantile,0.6,619.0290155933997
2026-09-02,ARI incidence,2026-09-13,3,DE,quantile,0.45,599.076186984985
2026-09-02,ARI incidence,2026-09-13,3,DE,quantile,0.35,585.295385124482
2026-09-02,ARI incidence,2026-09-13,3,DE,quantile,0.5,605.6045811159943
2026-09-02,ARI incidence,2026-09-13,3,DE,quantile,0.55,612.651497010298
2026-09-02,ARI incidence,2026-09-13,3,DE,quantile,0.85,662.0069815535326
2026-09-02,ARI incidence,2026-09-13,3,DE,quantile,0.01,494.2866357778399
2026-09-02,ARI incidence,2026-09-13,3,DE,quantile,0.65,626.5261233086371
2026-09-02,ARI incidence,2026-09-13,3,DE,quantile,0.025,508.7668688223021
2026-09-02,ARI incidence,2026-09-13,3,DE,quantile,0.8,651.3468580570905
2026-09-02,ARI incidence,2026-09-13,3,DE,quantile,0.1,540.2909657453387
2026-09-02,ARI incidence,2026-09-13,3,DE,quantile,0.99,735.5686826196421
2026-09-02,ARI incidence,2026-09-13,3,DE,quantile,0.25,570.530810776803
2026-09-02,ARI incidence,2026-09-13,3,DE,quantile,0.3,578.2852880309429
2026-09-02,ARI incidence,2026-09-13,3,DE,quantile,0.05,523.7920381480732
2026-09-02,ARI incidence,2026-09-13,3,DE,quantile,0.4,592.2453576415369
2026-09-02,ARI incidence,2026-09-13,3,DE,quantile,0.75,642.1065308808122
2026-09-02,ARI incidence,2026-09-13,3,DE,quantile,0.95,696.4347292979146
2026-09-02,ARI incidence,2026-09-13,3,DE,quantile,0.9,675.6337219459731
2026-09-02,ARI incidence,2026-09-13,3,DE,quantile,0.2,562.02334664647594
2026-09-02,ARI incidence,2026-09-13,3,DE,quantile,0.15,552.2700937389714
2026-09-02,ARI incidence,2026-09-13,3,DE,quantile,0.975,714.0036934948921
2026-09-02,ARI incidence,2026-09-13,3,DE,median,,605.6045811159943
2026-09-02,ARI incidence,2026-09-20,4,DE,quantile,0.01,440.79291677516136
2026-09-02,ARI incidence,2026-09-20,4,DE,quantile,0.025,465.0861613956544
2026-09-02,ARI incidence,2026-09-20,4,DE,quantile,0.99,876.9215806316381
2026-09-02,ARI incidence,2026-09-20,4,DE,quantile,0.05,488.81088346782064
2026-09-02,ARI incidence,2026-09-20,4,DE,quantile,0.975,838.6154931542159
2026-09-02,ARI incidence,2026-09-20,4,DE,quantile,0.35,588.286391488478
2026-09-02,ARI incidence,2026-09-20,4,DE,quantile,0.95,800.1579595549042
2026-09-02,ARI incidence,2026-09-20,4,DE,quantile,0.75,691.7614692262954
2026-09-02,ARI incidence,2026-09-20,4,DE,quantile,0.3,576.0246359010031
2026-09-02,ARI incidence,2026-09-20,4,DE,quantile,0.6,649.270404500925
2026-09-02,ARI incidence,2026-09-20,4,DE,quantile,0.8,709.6337053640563
2026-09-02,ARI incidence,2026-09-20,4,DE,quantile,0.7,676.072588487872
2026-09-02,ARI incidence,2026-09-20,4,DE,quantile,0.4,600.4228004934489
2026-09-02,ARI incidence,2026-09-20,4,DE,quantile,0.15,534.5353162326996
2026-09-02,ARI incidence,2026-09-20,4,DE,quantile,0.2,549.8874878590234
2026-09-02,ARI incidence,2026-09-20,4,DE,quantile,0.25,563.880860530448
2026-09-02,ARI incidence,2026-09-20,4,DE,quantile,0.9,758.8078504677794
2026-09-02,ARI incidence,2026-09-20,4,DE,quantile,0.85,731.3070278648715
2026-09-02,ARI incidence,2026-09-20,4,DE,quantile,0.65,661.8239459493323
2026-09-02,ARI incidence,2026-09-20,4,DE,quantile,0.55,636.5460845467676
2026-09-02,ARI incidence,2026-09-20,4,DE,quantile,0.1,515.9704859840112
2026-09-02,ARI incidence,2026-09-20,4,DE,quantile,0.5,624.1494287124624
2026-09-02,ARI incidence,2026-09-20,4,DE,quantile,0.45,612.5296933777497
2026-09-02,ARI incidence,2026-09-20,4,DE,median,,624.1494287124624
2026-09-02,ARI incidence,2026-08-30,1,EE,quantile,0.5,144.36253676038282
2026-09-02,ARI incidence,2026-08-30,1,EE,quantile,0.45,127.50181192191806
2026-09-02,ARI incidence,2026-08-30,1,EE,quantile,0.4,112.51228134330793
2026-09-02,ARI incidence,2026-08-30,1,EE,quantile,0.55,162.01947498632563
2026-09-02,ARI incidence,2026-08-30,1,EE,quantile,0.35,98.31979909954909
2026-09-02,ARI incidence,2026-08-30,1,EE,quantile,0.3,86.25258440072439
2026-09-02,ARI incidence,2026-08-30,1,EE,quantile,0.25,73.91610996672365
2026-09-02,ARI incidence,2026-08-30,1,EE,quantile,0.2,61.733916031866826
2026-09-02,ARI incidence,2026-08-30,1,EE,quantile,0.15,50.87685532436443
2026-09-02,ARI incidence,2026-08-30,1,EE,quantile,0.1,39.908657913303955
2026-09-02,ARI incidence,2026-08-30,1,EE,quantile,0.05,28.406349312810597
2026-09-02,ARI incidence,2026-08-30,1,EE,quantile,0.99,1419.866362666631
2026-09-02,ARI incidence,2026-08-30,1,EE,quantile,0.6,184.8489397097273
2026-09-02,ARI incidence,2026-08-30,1,EE,quantile,0.65,210.14837593407452
2026-09-02,ARI incidence,2026-08-30,1,EE,quantile,0.7,240.81445504356282
2026-09-02,ARI incidence,2026-08-30,1,EE,quantile,0.75,279.18590696941203
2026-09-02,ARI incidence,2026-08-30,1,EE,quantile,0.8,330.9244657888474
2026-09-02,ARI incidence,2026-08-30,1,EE,quantile,0.025,20.622899367288742
2026-09-02,ARI incidence,2026-08-30,1,EE,quantile,0.85,399.9032406676978
2026-09-02,ARI incidence,2026-08-30,1,EE,quantile,0.01,14.518309050877988
2026-09-02,ARI incidence,2026-08-30,1,EE,quantile,0.9,506.50314784933647
2026-09-02,ARI incidence,2026-08-30,1,EE,quantile,0.95,722.6246807131831
2026-09-02,ARI incidence,2026-08-30,1,EE,quantile,0.975,991.2261875283538
2026-09-02,ARI incidence,2026-08-30,1,EE,median,,144.36253676038282
2026-09-02,ARI incidence,2026-09-06,2,EE,quantile,0.6,109.62111803610824
2026-09-02,ARI incidence,2026-09-06,2,EE,quantile,0.55,106.45740958241092
2026-09-02,ARI incidence,2026-09-06,2,EE,quantile,0.65,113.04646054290191
2026-09-02,ARI incidence,2026-09-06,2,EE,quantile,0.7,116.82352024611652
2026-09-02,ARI incidence,2026-09-06,2,EE,quantile,0.99,176.2717650370719
2026-09-02,ARI incidence,2026-09-06,2,EE,quantile,0.8,125.27163942596016
2026-09-02,ARI incidence,2026-09-06,2,EE,quantile,0.85,131.0618992673717
2026-09-02,ARI incidence,2026-09-06,2,EE,quantile,0.9,138.52891188239136
2026-09-02,ARI incidence,2026-09-06,2,EE,quantile,0.95,150.5596505340182
2026-09-02,ARI incidence,2026-09-06,2,EE,quantile,0.975,161.1204011128375
2026-09-02,ARI incidence,2026-09-06,2,EE,quantile,0.5,103.32088384562459
2026-09-02,ARI incidence,2026-09-06,2,EE,quantile,0.35,94.13089932372114
2026-09-02,ARI incidence,2026-09-06,2,EE,quantile,0.4,97.29730353040742
2026-09-02,ARI incidence,2026-09-06,2,EE,quantile,0.75,120.66707608473834
2026-09-02,ARI incidence,2026-09-06,2,EE,quantile,0.45,100.17319328539739
2026-09-02,ARI incidence,2026-09-06,2,EE,quantile,0.3,91.27467734331465
2026-09-02,ARI incidence,2026-09-06,2,EE,quantile,0.2,84.53510420954136
2026-09-02,ARI incidence,2026-09-06,2,EE,quantile,0.05,69.71599008200651
2026-09-02,ARI incidence,2026-09-06,2,EE,quantile,0.025,65.047120630216
2026-09-02,ARI incidence,2026-09-06,2,EE,quantile,0.1,76.03296342698866
2026-09-02,ARI incidence,2026-09-06,2,EE,quantile,0.01,59.33755405575177
2026-09-02,ARI incidence,2026-09-06,2,EE,quantile,0.25,87.98369891426901
2026-09-02,ARI incidence,2026-09-06,2,EE,quantile,0.15,80.4432142953963
2026-09-02,ARI incidence,2026-09-06,2,EE,median,,103.32088384562459
2026-09-02,ARI incidence,2026-09-13,3,EE,quantile,0.025,72.23807210200678
2026-09-02,ARI incidence,2026-09-13,3,EE,quantile,0.15,82.08149670550694
2026-09-02,ARI incidence,2026-09-13,3,EE,quantile,0.01,68.75467329445162
2026-09-02,ARI incidence,2026-09-13,3,EE,quantile,0.1,79.45973308840382
2026-09-02,ARI incidence,2026-09-13,3,EE,quantile,0.05,75.58003654980645
2026-09-02,ARI incidence,2026-09-13,3,EE,quantile,0.6,97.62979502819661
2026-09-02,ARI incidence,2026-09-13,3,EE,quantile,0.35,89.54359603436754
2026-09-02,ARI incidence,2026-09-13,3,EE,quantile,0.3,87.84694343490193
2026-09-02,ARI incidence,2026-09-13,3,EE,quantile,0.4,91.32060090637289
2026-09-02,ARI incidence,2026-09-13,3,EE,quantile,0.55,96.00035351748282
2026-09-02,ARI incidence,2026-09-13,3,EE,quantile,0.45,92.89423852529566
2026-09-02,ARI incidence,2026-09-13,3,EE,quantile,0.5,94.49607830249903
2026-09-02,ARI incidence,2026-09-13,3,EE,quantile,0.25,86.16425074555123
2026-09-02,ARI incidence,2026-09-13,3,EE,quantile,0.99,129.24120366427547
2026-09-02,ARI incidence,2026-09-13,3,EE,quantile,0.2,84.22863156201548
2026-09-02,ARI incidence,2026-09-13,3,EE,quantile,0.975,122.44320530042538
2026-09-02,ARI incidence,2026-09-13,3,EE,quantile,0.75,103.22415831016743
2026-09-02,ARI incidence,2026-09-13,3,EE,quantile,0.95,117.39405085716606
2026-09-02,ARI incidence,2026-09-13,3,EE,quantile,0.65,99.28660892087099
2026-09-02,ARI incidence,2026-09-13,3,EE,quantile,0.8,105.4377620791516
2026-09-02,ARI incidence,2026-09-13,3,EE,quantile,0.9,111.92065745776387
2026-09-02,ARI incidence,2026-09-13,3,EE,quantile,0.85,108.1363675380636
2026-09-02,ARI incidence,2026-09-13,3,EE,quantile,0.7,101.15362494420751
2026-09-02,ARI incidence,2026-09-13,3,EE,median,,94.49607830249903
2026-09-02,ARI incidence,2026-09-20,4,EE,quantile,0.1,77.4582896693218
2026-09-02,ARI incidence,2026-09-20,4,EE,quantile,0.05,72.59022238249422
2026-09-02,ARI incidence,2026-09-20,4,EE,quantile,0.15,80.60476900412536
2026-09-02,ARI incidence,2026-09-20,4,EE,quantile,0.025,69.00946949462886
2026-09-02,ARI incidence,2026-09-20,4,EE,quantile,0.01,64.89109260070659
2026-09-02,ARI incidence,2026-09-20,4,EE,quantile,0.2,83.1892587568453
2026-09-02,ARI incidence,2026-09-20,4,EE,quantile,0.3,87.58465865225659
2026-09-02,ARI incidence,2026-09-20,4,EE,quantile,0.35,89.52073409124586
2026-09-02,ARI incidence,2026-09-20,4,EE,quantile,0.25,85.48287381422733
2026-09-02,ARI incidence,2026-09-20,4,EE,quantile,0.45,93.59247013587871
2026-09-02,ARI incidence,2026-09-20,4,EE,quantile,0.7,104.06049313239757
2026-09-02,ARI incidence,2026-09-20,4,EE,quantile,0.6,99.56449182536201
2026-09-02,ARI incidence,2026-09-20,4,EE,quantile,0.65,101.79350559923661
2026-09-02,ARI incidence,2026-09-20,4,EE,quantile,0.75,106.64599343736144
2026-09-02,ARI incidence,2026-09-20,4,EE,quantile,0.8,109.74516471243379
2026-09-02,ARI incidence,2026-09-20,4,EE,quantile,0.85,113.42608713299919
2026-09-02,ARI incidence,2026-09-20,4,EE,quantile,0.9,117.9816410838387
2026-09-02,ARI incidence,2026-09-20,4,EE,quantile,0.5,95.6404151818345
2026-09-02,ARI incidence,2026-09-20,4,EE,quantile,0.95,125.16983159223726
2026-09-02,ARI incidence,2026-09-20,4,EE,quantile,0.99,139.65929713138223
2026-09-02,ARI incidence,2026-09-20,4,EE,quantile,0.55,97.56298393668123
2026-09-02,ARI incidence,2026-09-20,4,EE,quantile,0.975,131.64004330012838
2026-09-02,ARI incidence,2026-09-20,4,EE,quantile,0.4,91.533443185909
2026-09-02,ARI incidence,2026-09-20,4,EE,median,,95.6404151818345
2026-09-02,ARI incidence,2026-08-30,1,ES,quantile,0.55,207.2655511824754
2026-09-02,ARI incidence,2026-08-30,1,ES,quantile,0.7,219.24578433355106
2026-09-02,ARI incidence,2026-08-30,1,ES,quantile,0.65,214.9813073768761
2026-09-02,ARI incidence,2026-08-30,1,ES,quantile,0.4,197.51569199453763
2026-09-02,ARI incidence,2026-08-30,1,ES,quantile,0.5,204.0609293643895
2026-09-02,ARI incidence,2026-08-30,1,ES,quantile,0.6,211.02127577617304
2026-09-02,ARI incidence,2026-08-30,1,ES,quantile,0.15,177.6468388022767
2026-09-02,ARI incidence,2026-08-30,1,ES,quantile,0.05,163.4030865190778
2026-09-02,ARI incidence,2026-08-30,1,ES,quantile,0.3,190.34565928832058
2026-09-02,ARI incidence,2026-08-30,1,ES,quantile,0.25,186.62564577053107
2026-09-02,ARI incidence,2026-08-30,1,ES,quantile,0.1,172.2035315046404
2026-09-02,ARI incidence,2026-08-30,1,ES,quantile,0.35,194.0391616725816
2026-09-02,ARI incidence,2026-08-30,1,ES,quantile,0.01,149.29613622611845
2026-09-02,ARI incidence,2026-08-30,1,ES,quantile,0.2,182.4264611588525
2026-09-02,ARI incidence,2026-08-30,1,ES,quantile,0.025,156.5559217556286
2026-09-02,ARI incidence,2026-08-30,1,ES,quantile,0.8,228.58229151891317
2026-09-02,ARI incidence,2026-08-30,1,ES,quantile,0.75,223.36558922270925
2026-09-02,ARI incidence,2026-08-30,1,ES,quantile,0.45,200.8450064705503
2026-09-02,ARI incidence,2026-08-30,1,ES,quantile,0.85,234.20815314310602
2026-09-02,ARI incidence,2026-08-30,1,ES,quantile,0.9,242.54436515471704
2026-09-02,ARI incidence,2026-08-30,1,ES,quantile,0.95,254.31507636026572
2026-09-02,ARI incidence,2026-08-30,1,ES,quantile,0.99,279.3356168859297
2026-09-02,ARI incidence,2026-08-30,1,ES,quantile,0.975,265.34774138330596
2026-09-02,ARI incidence,2026-08-30,1,ES,median,,204.0609293643895
2026-09-02,ARI incidence,2026-09-06,2,ES,quantile,0.7,236.16532960552183
2026-09-02,ARI incidence,2026-09-06,2,ES,quantile,0.75,241.92230039458332
2026-09-02,ARI incidence,2026-09-06,2,ES,quantile,0.6,225.40363769408083
2026-09-02,ARI incidence,2026-09-06,2,ES,quantile,0.2,186.85030522581576
2026-09-02,ARI incidence,2026-09-06,2,ES,quantile,0.5,216.00226717730175
2026-09-02,ARI incidence,2026-09-06,2,ES,quantile,0.65,230.4514241301054
2026-09-02,ARI incidence,2026-09-06,2,ES,quantile,0.15,180.29458111851227
2026-09-02,ARI incidence,2026-09-06,2,ES,quantile,0.4,206.2984219386879
2026-09-02,ARI incidence,2026-09-06,2,ES,quantile,0.35,201.49273960927056
2026-09-02,ARI incidence,2026-09-06,2,ES,quantile,0.45,211.23213608419576
2026-09-02,ARI incidence,2026-09-06,2,ES,quantile,0.8,248.88927324986298
2026-09-02,ARI incidence,2026-09-06,2,ES,quantile,0.01,142.78334426636414
2026-09-02,ARI incidence,2026-09-06,2,ES,quantile,0.3,197.0200691257541
2026-09-02,ARI incidence,2026-09-06,2,ES,quantile,0.55,220.32728680744327
2026-09-02,ARI incidence,2026-09-06,2,ES,quantile,0.25,192.09650913496932
2026-09-02,ARI incidence,2026-09-06,2,ES,quantile,0.975,302.8193970418929
2026-09-02,ARI incidence,2026-09-06,2,ES,quantile,0.1,172.2339722531817
2026-09-02,ARI incidence,2026-09-06,2,ES,quantile,0.9,269.0273226968657
2026-09-02,ARI incidence,2026-09-06,2,ES,quantile,0.05,162.3786376748044
2026-09-02,ARI incidence,2026-09-06,2,ES,quantile,0.95,286.03105777350424
2026-09-02,ARI incidence,2026-09-06,2,ES,quantile,0.99,322.5918719786513
2026-09-02,ARI incidence,2026-09-06,2,ES,quantile,0.025,153.7475141116648
2026-09-02,ARI incidence,2026-09-06,2,ES,quantile,0.85,257.4704594942297
2026-09-02,ARI incidence,2026-09-06,2,ES,median,,216.00226717730175
2026-09-02,ARI incidence,2026-09-13,3,ES,quantile,0.95,241.3417818815097
2026-09-02,ARI incidence,2026-09-13,3,ES,quantile,0.8,227.02489830202796
2026-09-02,ARI incidence,2026-09-13,3,ES,quantile,0.85,230.38435975197194
2026-09-02,ARI incidence,2026-09-13,3,ES,quantile,0.15,195.06084069859423
2026-09-02,ARI incidence,2026-09-13,3,ES,quantile,0.2,198.1104874353693
2026-09-02,ARI incidence,2026-09-13,3,ES,quantile,0.1,190.81904635871155
2026-09-02,ARI incidence,2026-09-13,3,ES,quantile,0.9,234.74789156931988
2026-09-02,ARI incidence,2026-09-13,3,ES,quantile,0.975,247.99548179311608
2026-09-02,ARI incidence,2026-09-13,3,ES,quantile,0.99,255.34565234825521
2026-09-02,ARI incidence,2026-09-13,3,ES,quantile,0.05,185.52960270895218
2026-09-02,ARI incidence,2026-09-13,3,ES,quantile,0.55,214.43396003056435
2026-09-02,ARI incidence,2026-09-13,3,ES,quantile,0.7,221.09989580793078
2026-09-02,ARI incidence,2026-09-13,3,ES,quantile,0.75,223.71868541102853
2026-09-02,ARI incidence,2026-09-13,3,ES,quantile,0.025,180.97455131866008
2026-09-02,ARI incidence,2026-09-13,3,ES,quantile,0.01,175.942968038378
2026-09-02,ARI incidence,2026-09-13,3,ES,quantile,0.6,216.56151468766527
2026-09-02,ARI incidence,2026-09-13,3,ES,quantile,0.65,218.80420943947763
2026-09-02,ARI incidence,2026-09-13,3,ES,quantile,0.25,200.92533961108563
2026-09-02,ARI incidence,2026-09-13,3,ES,quantile,0.3,203.39410765352193
2026-09-02,ARI incidence,2026-09-13,3,ES,quantile,0.5,212.2335842755441
2026-09-02,ARI incidence,2026-09-13,3,ES,quantile,0.45,210.21816614320832
2026-09-02,ARI incidence,2026-09-13,3,ES,quantile,0.35,205.83095994365056
2026-09-02,ARI incidence,2026-09-13,3,ES,quantile,0.4,208.06651399623314
2026-09-02,ARI incidence,2026-09-13,3,ES,median,,212.2335842755441
2026-09-02,ARI incidence,2026-09-20,4,ES,quantile,0.1,188.4010312217407
2026-09-02,ARI incidence,2026-09-20,4,ES,quantile,0.15,194.49498525759907
2026-09-02,ARI incidence,2026-09-20,4,ES,quantile,0.4,214.8476239674087
2026-09-02,ARI incidence,2026-09-20,4,ES,quantile,0.95,275.1035019454651
2026-09-02,ARI incidence,2026-09-20,4,ES,quantile,0.975,286.10594388970947
2026-09-02,ARI incidence,2026-09-20,4,ES,quantile,0.2,199.3158759177308
2026-09-02,ARI incidence,2026-09-20,4,ES,quantile,0.45,218.27161586369346
2026-09-02,ARI incidence,2026-09-20,4,ES,quantile,0.5,222.04167634058973
2026-09-02,ARI incidence,2026-09-20,4,ES,quantile,0.7,237.79269641818337
2026-09-02,ARI incidence,2026-09-20,4,ES,quantile,0.025,172.43243436306224
2026-09-02,ARI incidence,2026-09-20,4,ES,quantile,0.25,203.41379609448353
2026-09-02,ARI incidence,2026-09-20,4,ES,quantile,0.6,229.34154159764304
2026-09-02,ARI incidence,2026-09-20,4,ES,quantile,0.75,242.94144993453347
2026-09-02,ARI incidence,2026-09-20,4,ES,quantile,0.8,248.35893365567284
2026-09-02,ARI incidence,2026-09-20,4,ES,quantile,0.9,262.9543298300132
2026-09-02,ARI incidence,2026-09-20,4,ES,quantile,0.05,179.48519553337712
2026-09-02,ARI incidence,2026-09-20,4,ES,quantile,0.55,225.83199889609728
2026-09-02,ARI incidence,2026-09-20,4,ES,quantile,0.85,254.8262998562167
2026-09-02,ARI incidence,2026-09-20,4,ES,quantile,0.01,163.3979459353679
2026-09-02,ARI incidence,2026-09-20,4,ES,quantile,0.3,207.4619235414114
2026-09-02,ARI incidence,2026-09-20,4,ES,quantile,0.99,302.57824257172814
2026-09-02,ARI incidence,2026-09-20,4,ES,quantile,0.35,211.1194141932226
2026-09-02,ARI incidence,2026-09-20,4,ES,quantile,0.65,233.30915027076344
2026-09-02,ARI incidence,2026-09-20,4,ES,median,,222.04167634058973
2026-09-02,ARI incidence,2026-08-30,1,FI,quantile,0.85,1805.8717662652568
2026-09-02,ARI incidence,2026-08-30,1,FI,quantile,0.65,1690.601268344551
2026-09-02,ARI incidence,2026-08-30,1,FI,quantile,0.7,1716.554377834414
2026-09-02,ARI incidence,2026-08-30,1,FI,quantile,0.15,1468.7705881254305
2026-09-02,ARI incidence,2026-08-30,1,FI,quantile,0.8,1770.6063020111924
2026-09-02,ARI incidence,2026-08-30,1,FI,quantile,0.9,1851.234205647471
2026-09-02,ARI incidence,2026-08-30,1,FI,quantile,0.5,1626.8216949218352
2026-09-02,ARI incidence,2026-08-30,1,FI,quantile,0.35,1564.6958009194525
2026-09-02,ARI incidence,2026-08-30,1,FI,quantile,0.55,1646.8531064696608
2026-09-02,ARI incidence,2026-08-30,1,FI,quantile,0.95,1921.7877170717777
2026-09-02,ARI incidence,2026-08-30,1,FI,quantile,0.6,1667.9311972351275
2026-09-02,ARI incidence,2026-08-30,1,FI,quantile,0.025,1340.0418527575805
2026-09-02,ARI incidence,2026-08-30,1,FI,quantile,0.2,1496.9271419036884
2026-09-02,ARI incidence,2026-08-30,1,FI,quantile,0.25,1519.724576081385
2026-09-02,ARI incidence,2026-08-30,1,FI,quantile,0.3,1541.2724073164227
2026-09-02,ARI incidence,2026-08-30,1,FI,quantile,0.1,1433.2624229816363
2026-09-02,ARI incidence,2026-08-30,1,FI,quantile,0.75,1742.4504804427822
2026-09-02,ARI incidence,2026-08-30,1,FI,quantile,0.45,1606.7248259224043
2026-09-02,ARI incidence,2026-08-30,1,FI,quantile,0.05,1380.56083028485
2026-09-02,ARI incidence,2026-08-30,1,FI,quantile,0.4,1585.5687048344419
2026-09-02,ARI incidence,2026-08-30,1,FI,quantile,0.975,1983.2726080165014
2026-09-02,ARI incidence,2026-08-30,1,FI,quantile,0.01,1296.0744241213804
2026-09-02,ARI incidence,2026-08-30,1,FI,quantile,0.99,2058.718302797251
2026-09-02,ARI incidence,2026-08-30,1,FI,median,,1626.8216949218352
2026-09-02,ARI incidence,2026-09-06,2,FI,quantile,0.025,1350.6024012121204
2026-09-02,ARI incidence,2026-09-06,2,FI,quantile,0.01,1302.316572027761
2026-09-02,ARI incidence,2026-09-06,2,FI,quantile,0.05,1393.3973500628297
2026-09-02,ARI incidence,2026-09-06,2,FI,quantile,0.15,1474.44328566897
2026-09-02,ARI incidence,2026-09-06,2,FI,quantile,0.1,1442.3434419709902
2026-09-02,ARI incidence,2026-09-06,2,FI,quantile,0.7,1701.958543373101
2026-09-02,ARI incidence,2026-09-06,2,FI,quantile,0.2,1500.5532752660542
2026-09-02,ARI incidence,2026-09-06,2,FI,quantile,0.99,2007.3480391923658
2026-09-02,ARI incidence,2026-09-06,2,FI,quantile,0.6,1658.6141378181615
2026-09-02,ARI incidence,2026-09-06,2,FI,quantile,0.55,1639.533178850655
2026-09-02,ARI incidence,2026-09-06,2,FI,quantile,0.35,1564.409406157097
2026-09-02,ARI incidence,2026-09-06,2,FI,quantile,0.65,1679.2807586674103
2026-09-02,ARI incidence,2026-09-06,2,FI,quantile,0.3,1545.484629732228
2026-09-02,ARI incidence,2026-09-06,2,FI,quantile,0.975,1944.1766831756022
2026-09-02,ARI incidence,2026-09-06,2,FI,quantile,0.95,1892.770221255931
2026-09-02,ARI incidence,2026-09-06,2,FI,quantile,0.85,1786.7165283332276
2026-09-02,ARI incidence,2026-09-06,2,FI,quantile,0.8,1754.3966542492035
2026-09-02,ARI incidence,2026-09-06,2,FI,quantile,0.9,1824.3547247199954
2026-09-02,ARI incidence,2026-09-06,2,FI,quantile,0.25,1523.7366866460547
2026-09-02,ARI incidence,2026-09-06,2,FI,quantile,0.5,1619.4363182058978
2026-09-02,ARI incidence,2026-09-06,2,FI,quantile,0.45,1601.881232847711
2026-09-02,ARI incidence,2026-09-06,2,FI,quantile,0.75,1727.5718532493497
2026-09-02,ARI incidence,2026-09-06,2,FI,quantile,0.4,1582.791182536942
2026-09-02,ARI incidence,2026-09-06,2,FI,median,,1619.4363182058978
2026-09-02,ARI incidence,2026-09-13,3,FI,quantile,0.85,1811.1645146819724
2026-09-02,ARI incidence,2026-09-13,3,FI,quantile,0.75,1770.197709797028
2026-09-02,ARI incidence,2026-09-13,3,FI,quantile,0.7,1753.798919910404
2026-09-02,ARI incidence,2026-09-13,3,FI,quantile,0.8,1788.9723453561264
2026-09-02,ARI incidence,2026-09-13,3,FI,quantile,0.6,1722.6043934258846
2026-09-02,ARI incidence,2026-09-13,3,FI,quantile,0.95,1880.0136531597607
2026-09-02,ARI incidence,2026-09-13,3,FI,quantile,0.975,1919.7507574552326
2026-09-02,ARI incidence,2026-09-13,3,FI,quantile,0.65,1737.086620426413
2026-09-02,ARI incidence,2026-09-13,3,FI,quantile,0.9,1839.4856119515919
2026-09-02,ARI incidence,2026-09-13,3,FI,quantile,0.025,1498.6024169772857
2026-09-02,ARI incidence,2026-09-13,3,FI,quantile,0.5,1694.9947117058687
2026-09-02,ARI incidence,2026-09-13,3,FI,quantile,0.45,1682.6715210320176
2026-09-02,ARI incidence,2026-09-13,3,FI,quantile,0.4,1669.7510751122963
2026-09-02,ARI incidence,2026-09-13,3,FI,quantile,0.55,1709.4125729433222
2026-09-02,ARI incidence,2026-09-13,3,FI,quantile,0.99,1964.0289489872089
2026-09-02,ARI incidence,2026-09-13,3,FI,quantile,0.35,1655.358007282258
2026-09-02,ARI incidence,2026-09-13,3,FI,quantile,0.15,1589.3398596983236
2026-09-02,ARI incidence,2026-09-13,3,FI,quantile,0.1,1564.6816145459982
2026-09-02,ARI incidence,2026-09-13,3,FI,quantile,0.05,1528.9971805526122
2026-09-02,ARI incidence,2026-09-13,3,FI,quantile,0.01,1466.8756579938615
2026-09-02,ARI incidence,2026-09-13,3,FI,quantile,0.3,1641.5583614370257
2026-09-02,ARI incidence,2026-09-13,3,FI,quantile,0.2,1609.2598420210682
2026-09-02,ARI incidence,2026-09-13,3,FI,quantile,0.25,1626.367917253447
2026-09-02,ARI incidence,2026-09-13,3,FI,median,,1694.9947117058687
2026-09-02,ARI incidence,2026-09-20,4,FI,quantile,0.6,1702.468007580687
2026-09-02,ARI incidence,2026-09-20,4,FI,quantile,0.55,1682.6241139924311
2026-09-02,ARI incidence,2026-09-20,4,FI,quantile,0.65,1724.8347185266343
2026-09-02,ARI incidence,2026-09-20,4,FI,quantile,0.5,1662.0968246671064
2026-09-02,ARI incidence,2026-09-20,4,FI,quantile,0.7,1747.331850183089
2026-09-02,ARI incidence,2026-09-20,4,FI,quantile,0.3,1582.074440473
2026-09-02,ARI incidence,2026-09-20,4,FI,quantile,0.35,1603.4655724943168
2026-09-02,ARI incidence,2026-09-20,4,FI,quantile,0.45,1643.370751358191
2026-09-02,ARI incidence,2026-09-20,4,FI,quantile,0.75,1773.3093850248613
2026-09-02,ARI incidence,2026-09-20,4,FI,quantile,0.4,1623.3074468856335
2026-09-02,ARI incidence,2026-09-20,4,FI,quantile,0.2,1535.2097257190503
2026-09-02,ARI incidence,2026-09-20,4,FI,quantile,0.25,1559.8398586128826
2026-09-02,ARI incidence,2026-09-20,4,FI,quantile,0.8,1801.030869562303
2026-09-02,ARI incidence,2026-09-20,4,FI,quantile,0.15,1505.1485565015814
2026-09-02,ARI incidence,2026-09-20,4,FI,quantile,0.01,1332.318745764536
2026-09-02,ARI incidence,2026-09-20,4,FI,quantile,0.85,1836.0620466212404
2026-09-02,ARI incidence,2026-09-20,4,FI,quantile,0.975,2004.811953697796
2026-09-02,ARI incidence,2026-09-20,4,FI,quantile,0.1,1469.2378518624037
2026-09-02,ARI incidence,2026-09-20,4,FI,quantile,0.99,2073.3830777737467
2026-09-02,ARI incidence,2026-09-20,4,FI,quantile,0.95,1944.7644153705094
2026-09-02,ARI incidence,2026-09-20,4,FI,quantile,0.05,1419.3785455585355
2026-09-02,ARI incidence,2026-09-20,4,FI,quantile,0.9,1875.3123922301381
2026-09-02,ARI incidence,2026-09-20,4,FI,quantile,0.025,1379.2573517926637
2026-09-02,ARI incidence,2026-09-20,4,FI,median,,1662.0968246671064
2026-09-02,ARI incidence,2026-08-30,1,GB-ENG,quantile,0.85,164.39027165685366
2026-09-02,ARI incidence,2026-08-30,1,GB-ENG,quantile,0.8,163.33850005840742
2026-09-02,ARI incidence,2026-08-30,1,GB-ENG,quantile,0.9,165.73614233161382
2026-09-02,ARI incidence,2026-08-30,1,GB-ENG,quantile,0.95,167.79841381449032
2026-09-02,ARI incidence,2026-08-30,1,GB-ENG,quantile,0.975,169.4719497818316
2026-09-02,ARI incidence,2026-08-30,1,GB-ENG,quantile,0.75,162.3366542990805
2026-09-02,ARI incidence,2026-08-30,1,GB-ENG,quantile,0.99,171.57383216445695
2026-09-02,ARI incidence,2026-08-30,1,GB-ENG,quantile,0.4,157.32193776739518
2026-09-02,ARI incidence,2026-08-30,1,GB-ENG,quantile,0.45,158.03517511461888
2026-09-02,ARI incidence,2026-08-30,1,GB-ENG,quantile,0.5,158.71170684525703
2026-09-02,ARI incidence,2026-08-30,1,GB-ENG,quantile,0.55,159.3637263613403
2026-09-02,ARI incidence,2026-08-30,1,GB-ENG,quantile,0.6,160.07722178148776
2026-09-02,ARI incidence,2026-08-30,1,GB-ENG,quantile,0.65,160.78865561425573
2026-09-02,ARI incidence,2026-08-30,1,GB-ENG,quantile,0.7,161.50524755478557
2026-09-02,ARI incidence,2026-08-30,1,GB-ENG,quantile,0.2,154.09173681283866
2026-09-02,ARI incidence,2026-08-30,1,GB-ENG,quantile,0.25,154.96325303398356
2026-09-02,ARI incidence,2026-08-30,1,GB-ENG,quantile,0.3,155.80027313997968
2026-09-02,ARI incidence,2026-08-30,1,GB-ENG,quantile,0.35,156.5450232472001
2026-09-02,ARI incidence,2026-08-30,1,GB-ENG,quantile,0.01,146.26071354471588
2026-09-02,ARI incidence,2026-08-30,1,GB-ENG,quantile,0.025,148.17897540817233
2026-09-02,ARI incidence,2026-08-30,1,GB-ENG,quantile,0.05,149.77956647330655
2026-09-02,ARI incidence,2026-08-30,1,GB-ENG,quantile,0.1,151.7742744959939
2026-09-02,ARI incidence,2026-08-30,1,GB-ENG,quantile,0.15,153.0361826979348
2026-09-02,ARI incidence,2026-08-30,1,GB-ENG,median,,158.71170684525703
2026-09-02,ARI incidence,2026-09-06,2,GB-ENG,quantile,0.45,133.38698432506544
2026-09-02,ARI incidence,2026-09-06,2,GB-ENG,quantile,0.5,135.5482339948951
2026-09-02,ARI incidence,2026-09-06,2,GB-ENG,quantile,0.55,137.71701290413313
2026-09-02,ARI incidence,2026-09-06,2,GB-ENG,quantile,0.4,131.2763431634981
2026-09-02,ARI incidence,2026-09-06,2,GB-ENG,quantile,0.6,139.99396012895033
2026-09-02,ARI incidence,2026-09-06,2,GB-ENG,quantile,0.65,142.31318729714042
2026-09-02,ARI incidence,2026-09-06,2,GB-ENG,quantile,0.025,106.05407881296497
2026-09-02,ARI incidence,2026-09-06,2,GB-ENG,quantile,0.01,100.97081893699529
2026-09-02,ARI incidence,2026-09-06,2,GB-ENG,quantile,0.25,124.35603873183251
2026-09-02,ARI incidence,2026-09-06,2,GB-ENG,quantile,0.3,126.61728163396756
2026-09-02,ARI incidence,2026-09-06,2,GB-ENG,quantile,0.35,128.91034719761356
2026-09-02,ARI incidence,2026-09-06,2,GB-ENG,quantile,0.05,110.12809320230406
2026-09-02,ARI incidence,2026-09-06,2,GB-ENG,quantile,0.1,115.3309244175791
2026-09-02,ARI incidence,2026-09-06,2,GB-ENG,quantile,0.15,118.93886861913288
2026-09-02,ARI incidence,2026-09-06,2,GB-ENG,quantile,0.2,121.8803713822558
2026-09-02,ARI incidence,2026-09-06,2,GB-ENG,quantile,0.7,145.03866685804414
2026-09-02,ARI incidence,2026-09-06,2,GB-ENG,quantile,0.75,147.7023808376751
2026-09-02,ARI incidence,2026-09-06,2,GB-ENG,quantile,0.8,150.88608141157908
2026-09-02,ARI incidence,2026-09-06,2,GB-ENG,quantile,0.85,154.25819664112342
2026-09-02,ARI incidence,2026-09-06,2,GB-ENG,quantile,0.9,159.15633116377995
2026-09-02,ARI incidence,2026-09-06,2,GB-ENG,quantile,0.95,166.1423831388387
2026-09-02,ARI incidence,2026-09-06,2,GB-ENG,quantile,0.975,172.71709832804163
2026-09-02,ARI incidence,2026-09-06,2,GB-ENG,quantile,0.99,181.3074130429545
2026-09-02,ARI incidence,2026-09-06,2,GB-ENG,median,,135.5482339948951
2026-09-02,ARI incidence,2026-09-13,3,GB-ENG,quantile,0.4,144.99199365768354
2026-09-02,ARI incidence,2026-09-13,3,GB-ENG,quantile,0.45,145.6593893571673
2026-09-02,ARI incidence,2026-09-13,3,GB-ENG,quantile,0.5,146.27414905287858
2026-09-02,ARI incidence,2026-09-13,3,GB-ENG,quantile,0.55,146.8643203816053
2026-09-02,ARI incidence,2026-09-13,3,GB-ENG,quantile,0.6,147.46032529419537
2026-09-02,ARI incidence,2026-09-13,3,GB-ENG,quantile,0.65,148.0725482500037
2026-09-02,ARI incidence,2026-09-13,3,GB-ENG,quantile,0.7,148.7165584269452
2026-09-02,ARI incidence,2026-09-13,3,GB-ENG,quantile,0.75,149.43657244864937
2026-09-02,ARI incidence,2026-09-13,3,GB-ENG,quantile,0.8,150.27068192130073
2026-09-02,ARI incidence,2026-09-13,3,GB-ENG,quantile,0.85,151.21334258057502
2026-09-02,ARI incidence,2026-09-13,3,GB-ENG,quantile,0.9,152.39728371792117
2026-09-02,ARI incidence,2026-09-13,3,GB-ENG,quantile,0.95,154.194638371522
2026-09-02,ARI incidence,2026-09-13,3,GB-ENG,quantile,0.975,155.9832753331167
2026-09-02,ARI incidence,2026-09-13,3,GB-ENG,quantile,0.99,158.00868170916797
2026-09-02,ARI incidence,2026-09-13,3,GB-ENG,quantile,0.1,140.33060998427237
2026-09-02,ARI incidence,2026-09-13,3,GB-ENG,quantile,0.15,141.3382317571804
2026-09-02,ARI incidence,2026-09-13,3,GB-ENG,quantile,0.35,144.36908221108166
2026-09-02,ARI incidence,2026-09-13,3,GB-ENG,quantile,0.3,143.68034905131177
2026-09-02,ARI incidence,2026-09-13,3,GB-ENG,quantile,0.25,143.02129607116638
2026-09-02,ARI incidence,2026-09-13,3,GB-ENG,quantile,0.2,142.18847593651557
2026-09-02,ARI incidence,2026-09-13,3,GB-ENG,quantile,0.025,137.10743974639345
2026-09-02,ARI incidence,2026-09-13,3,GB-ENG,quantile,0.05,138.78293090135236
2026-09-02,ARI incidence,2026-09-13,3,GB-ENG,quantile,0.01,135.5496547693346
2026-09-02,ARI incidence,2026-09-13,3,GB-ENG,median,,146.27414905287858
2026-09-02,ARI incidence,2026-09-20,4,GB-ENG,quantile,0.2,118.25910775884506
2026-09-02,ARI incidence,2026-09-20,4,GB-ENG,quantile,0.75,151.6933028557484
2026-09-02,ARI incidence,2026-09-20,4,GB-ENG,quantile,0.025,98.42884769832875
2026-09-02,ARI incidence,2026-09-20,4,GB-ENG,quantile,0.05,103.70966043866066
2026-09-02,ARI incidence,2026-09-20,4,GB-ENG,quantile,0.1,109.9041266888297
2026-09-02,ARI incidence,2026-09-20,4,GB-ENG,quantile,0.15,114.55029098340582
2026-09-02,ARI incidence,2026-09-20,4,GB-ENG,quantile,0.25,121.55434436284858
2026-09-02,ARI incidence,2026-09-20,4,GB-ENG,quantile,0.8,155.88885469531988
2026-09-02,ARI incidence,2026-09-20,4,GB-ENG,quantile,0.85,160.92534871999476
2026-09-02,ARI incidence,2026-09-20,4,GB-ENG,quantile,0.9,167.8366743290169
2026-09-02,ARI incidence,2026-09-20,4,GB-ENG,quantile,0.95,177.1238949896233
2026-09-02,ARI incidence,2026-09-20,4,GB-ENG,quantile,0.975,186.9617940861833
2026-09-02,ARI incidence,2026-09-20,4,GB-ENG,quantile,0.7,148.11834371192683
2026-09-02,ARI incidence,2026-09-20,4,GB-ENG,quantile,0.99,196.7889897013629
2026-09-02,ARI incidence,2026-09-20,4,GB-ENG,quantile,0.3,124.63484094802857
2026-09-02,ARI incidence,2026-09-20,4,GB-ENG,quantile,0.01,92.89156764606128
2026-09-02,ARI incidence,2026-09-20,4,GB-ENG,quantile,0.35,127.54281645751301
2026-09-02,ARI incidence,2026-09-20,4,GB-ENG,quantile,0.4,130.41422750770028
2026-09-02,ARI incidence,2026-09-20,4,GB-ENG,quantile,0.55,138.54961506752272
2026-09-02,ARI incidence,2026-09-20,4,GB-ENG,quantile,0.45,133.0854701975244
2026-09-02,ARI incidence,2026-09-20,4,GB-ENG,quantile,0.5,135.76408696785256
2026-09-02,ARI incidence,2026-09-20,4,GB-ENG,quantile,0.6,141.6899602555755
2026-09-02,ARI incidence,2026-09-20,4,GB-ENG,quantile,0.65,144.89029645624078
2026-09-02,ARI incidence,2026-09-20,4,GB-ENG,median,,135.76408696785256
2026-09-02,ARI incidence,2026-08-30,1,GB-NIR,quantile,0.01,82.38338080726697
2026-09-02,ARI incidence,2026-08-30,1,GB-NIR,quantile,0.025,88.69726849956645
2026-09-02,ARI incidence,2026-08-30,1,GB-NIR,quantile,0.05,94.05893067535314
2026-09-02,ARI incidence,2026-08-30,1,GB-NIR,quantile,0.25,114.06696661267036
2026-09-02,ARI incidence,2026-08-30,1,GB-NIR,quantile,0.2,110.38660453127525
2026-09-02,ARI incidence,2026-08-30,1,GB-NIR,quantile,0.15,105.98532767274611
2026-09-02,ARI incidence,2026-08-30,1,GB-NIR,quantile,0.1,101.3173721402943
2026-09-02,ARI incidence,2026-08-30,1,GB-NIR,quantile,0.3,117.74357700711089
2026-09-02,ARI incidence,2026-08-30,1,GB-NIR,quantile,0.35,121.10841460832057
2026-09-02,ARI incidence,2026-08-30,1,GB-NIR,quantile,0.6,137.26431961843764
2026-09-02,ARI incidence,2026-08-30,1,GB-NIR,quantile,0.65,140.90017953331665
2026-09-02,ARI incidence,2026-08-30,1,GB-NIR,quantile,0.55,133.97379001799624
2026-09-02,ARI incidence,2026-08-30,1,GB-NIR,quantile,0.7,144.92409737564637
2026-09-02,ARI incidence,2026-08-30,1,GB-NIR,quantile,0.8,154.43877970590867
2026-09-02,ARI incidence,2026-08-30,1,GB-NIR,quantile,0.85,160.65532574184874
2026-09-02,ARI incidence,2026-08-30,1,GB-NIR,quantile,0.4,124.49582578415124
2026-09-02,ARI incidence,2026-08-30,1,GB-NIR,quantile,0.45,127.63564353952114
2026-09-02,ARI incidence,2026-08-30,1,GB-NIR,quantile,0.5,130.80812574631736
2026-09-02,ARI incidence,2026-08-30,1,GB-NIR,quantile,0.75,149.30139800698262
2026-09-02,ARI incidence,2026-08-30,1,GB-NIR,quantile,0.975,193.87471343552807
2026-09-02,ARI incidence,2026-08-30,1,GB-NIR,quantile,0.99,210.7611689407681
2026-09-02,ARI incidence,2026-08-30,1,GB-NIR,quantile,0.95,181.49283580361285
2026-09-02,ARI incidence,2026-08-30,1,GB-NIR,quantile,0.9,168.8003917123922
2026-09-02,ARI incidence,2026-08-30,1,GB-NIR,median,,130.80812574631736
2026-09-02,ARI incidence,2026-09-06,2,GB-NIR,quantile,0.1,128.4247717858614
2026-09-02,ARI incidence,2026-09-06,2,GB-NIR,quantile,0.15,131.14084843079533
2026-09-02,ARI incidence,2026-09-06,2,GB-NIR,quantile,0.01,118.3766968585592
2026-09-02,ARI incidence,2026-09-06,2,GB-NIR,quantile,0.025,121.97832173902722
2026-09-02,ARI incidence,2026-09-06,2,GB-NIR,quantile,0.05,124.8282833814713
2026-09-02,ARI incidence,2026-09-06,2,GB-NIR,quantile,0.2,133.27814403645365
2026-09-02,ARI incidence,2026-09-06,2,GB-NIR,quantile,0.25,135.08344886254696
2026-09-02,ARI incidence,2026-09-06,2,GB-NIR,quantile,0.3,136.74849789938858
2026-09-02,ARI incidence,2026-09-06,2,GB-NIR,quantile,0.95,162.50646439443105
2026-09-02,ARI incidence,2026-09-06,2,GB-NIR,quantile,0.975,166.75209729554317
2026-09-02,ARI incidence,2026-09-06,2,GB-NIR,quantile,0.99,171.96850556180723
2026-09-02,ARI incidence,2026-09-06,2,GB-NIR,quantile,0.45,141.23385137770563
2026-09-02,ARI incidence,2026-09-06,2,GB-NIR,quantile,0.9,157.9265613721771
2026-09-02,ARI incidence,2026-09-06,2,GB-NIR,quantile,0.85,154.76832103352925
2026-09-02,ARI incidence,2026-09-06,2,GB-NIR,quantile,0.8,152.5046011822562
2026-09-02,ARI incidence,2026-09-06,2,GB-NIR,quantile,0.75,150.49600329967066
2026-09-02,ARI incidence,2026-09-06,2,GB-NIR,quantile,0.55,144.09121551971776
2026-09-02,ARI incidence,2026-09-06,2,GB-NIR,quantile,0.7,148.60472788084087
2026-09-02,ARI incidence,2026-09-06,2,GB-NIR,quantile,0.6,145.5649099283644
2026-09-02,ARI incidence,2026-09-06,2,GB-NIR,quantile,0.65,147.07520567989337
2026-09-02,ARI incidence,2026-09-06,2,GB-NIR,quantile,0.35,138.21218420597074
2026-09-02,ARI incidence,2026-09-06,2,GB-NIR,quantile,0.4,139.70718981527313
2026-09-02,ARI incidence,2026-09-06,2,GB-NIR,quantile,0.5,142.69028747545204
2026-09-02,ARI incidence,2026-09-06,2,GB-NIR,median,,142.69028747545204
2026-09-02,ARI incidence,2026-09-13,3,GB-NIR,quantile,0.15,77.28529826017157
2026-09-02,ARI incidence,2026-09-13,3,GB-NIR,quantile,0.01,55.75823053564091
2026-09-02,ARI incidence,2026-09-13,3,GB-NIR,quantile,0.1,72.60305148089287
2026-09-02,ARI incidence,2026-09-13,3,GB-NIR,quantile,0.025,61.376722082264735
2026-09-02,ARI incidence,2026-09-13,3,GB-NIR,quantile,0.05,66.47295250279112
2026-09-02,ARI incidence,2026-09-13,3,GB-NIR,quantile,0.2,81.41763855213529
2026-09-02,ARI incidence,2026-09-13,3,GB-NIR,quantile,0.25,85.06550616414214
2026-09-02,ARI incidence,2026-09-13,3,GB-NIR,quantile,0.3,88.44847389757145
2026-09-02,ARI incidence,2026-09-13,3,GB-NIR,quantile,0.35,91.591621925425045
2026-09-02,ARI incidence,2026-09-13,3,GB-NIR,quantile,0.4,94.97482068954758
2026-09-02,ARI incidence,2026-09-13,3,GB-NIR,quantile,0.45,98.14387265799914
2026-09-02,ARI incidence,2026-09-13,3,GB-NIR,quantile,0.5,101.31400476861863
2026-09-02,ARI incidence,2026-09-13,3,GB-NIR,quantile,0.55,104.81381849265652
2026-09-02,ARI incidence,2026-09-13,3,GB-NIR,quantile,0.6,108.04482145783471
2026-09-02,ARI incidence,2026-09-13,3,GB-NIR,quantile,0.65,111.79614750039333
2026-09-02,ARI incidence,2026-09-13,3,GB-NIR,quantile,0.7,115.7339088960323
2026-09-02,ARI incidence,2026-09-13,3,GB-NIR,quantile,0.75,120.69570373258144
2026-09-02,ARI incidence,2026-09-13,3,GB-NIR,quantile,0.8,126.15855366157552
2026-09-02,ARI incidence,2026-09-13,3,GB-NIR,quantile,0.85,132.84700206326323
2026-09-02,ARI incidence,2026-09-13,3,GB-NIR,quantile,0.95,155.30648023026222
2026-09-02,ARI incidence,2026-09-13,3,GB-NIR,quantile,0.975,168.13632128492193
2026-09-02,ARI incidence,2026-09-13,3,GB-NIR,quantile,0.99,181.68884942249463
2026-09-02,ARI incidence,2026-09-13,3,GB-NIR,quantile,0.9,141.62029005424762
2026-09-02,ARI incidence,2026-09-13,3,GB-NIR,median,,101.31400476861863
2026-09-02,ARI incidence,2026-09-20,4,GB-NIR,quantile,0.99,192.98214777171896
2026-09-02,ARI incidence,2026-09-20,4,GB-NIR,quantile,0.95,175.9615860394668
2026-09-02,ARI incidence,2026-09-20,4,GB-NIR,quantile,0.975,183.3126646236835
2026-09-02,ARI incidence,2026-09-20,4,GB-NIR,quantile,0.65,147.93740731642706
2026-09-02,ARI incidence,2026-09-20,4,GB-NIR,quantile,0.7,150.93534281456925
2026-09-02,ARI incidence,2026-09-20,4,GB-NIR,quantile,0.85,161.53799761582474
2026-09-02,ARI incidence,2026-09-20,4,GB-NIR,quantile,0.9,167.07848182357213
2026-09-02,ARI incidence,2026-09-20,4,GB-NIR,quantile,0.75,154.0005038804311
2026-09-02,ARI incidence,2026-09-20,4,GB-NIR,quantile,0.8,157.5756852298231
2026-09-02,ARI incidence,2026-09-20,4,GB-NIR,quantile,0.01,102.33640141952432
2026-09-02,ARI incidence,2026-09-20,4,GB-NIR,quantile,0.025,107.34406669134518
2026-09-02,ARI incidence,2026-09-20,4,GB-NIR,quantile,0.05,111.8452641924949
2026-09-02,ARI incidence,2026-09-20,4,GB-NIR,quantile,0.1,117.87078745291528
2026-09-02,ARI incidence,2026-09-20,4,GB-NIR,quantile,0.15,122.09375465818282
2026-09-02,ARI incidence,2026-09-20,4,GB-NIR,quantile,0.35,133.43471404559693
2026-09-02,ARI incidence,2026-09-20,4,GB-NIR,quantile,0.2,125.3519522348827
2026-09-02,ARI incidence,2026-09-20,4,GB-NIR,quantile,0.3,130.75639915964808
2026-09-02,ARI incidence,2026-09-20,4,GB-NIR,quantile,0.25,128.2077428573706
2026-09-02,ARI incidence,2026-09-20,4,GB-NIR,quantile,0.4,135.88217278116343
2026-09-02,ARI incidence,2026-09-20,4,GB-NIR,quantile,0.45,138.17214202030468
2026-09-02,ARI incidence,2026-09-20,4,GB-NIR,quantile,0.55,142.88335523081486
2026-09-02,ARI incidence,2026-09-20,4,GB-NIR,quantile,0.5,140.52692877456798
2026-09-02,ARI incidence,2026-09-20,4,GB-NIR,quantile,0.6,145.4942714658433
2026-09-02,ARI incidence,2026-09-20,4,GB-NIR,median,,140.52692877456798
2026-09-02,ARI incidence,2026-08-30,1,GB-WLS,quantile,0.01,29.55912933318421
2026-09-02,ARI incidence,2026-08-30,1,GB-WLS,quantile,0.025,34.408362741418216
2026-09-02,ARI incidence,2026-08-30,1,GB-WLS,quantile,0.05,38.73153987960042
2026-09-02,ARI incidence,2026-08-30,1,GB-WLS,quantile,0.1,44.529589603858625
2026-09-02,ARI incidence,2026-08-30,1,GB-WLS,quantile,0.15,49.04394154820353
2026-09-02,ARI incidence,2026-08-30,1,GB-WLS,quantile,0.2,53.07675058598299
2026-09-02,ARI incidence,2026-08-30,1,GB-WLS,quantile,0.25,56.92279596030683
2026-09-02,ARI incidence,2026-08-30,1,GB-WLS,quantile,0.3,60.39710058798908
2026-09-02,ARI incidence,2026-08-30,1,GB-WLS,quantile,0.35,63.66768241590016
2026-09-02,ARI incidence,2026-08-30,1,GB-WLS,quantile,0.4,67.10903002060074
2026-09-02,ARI incidence,2026-08-30,1,GB-WLS,quantile,0.45,70.28382181987035
2026-09-02,ARI incidence,2026-08-30,1,GB-WLS,quantile,0.5,74.01829349682112
2026-09-02,ARI incidence,2026-08-30,1,GB-WLS,quantile,0.55,77.81375066732733
2026-09-02,ARI incidence,2026-08-30,1,GB-WLS,quantile,0.6,81.73363445418204
2026-09-02,ARI incidence,2026-08-30,1,GB-WLS,quantile,0.65,85.78773252289334
2026-09-02,ARI incidence,2026-08-30,1,GB-WLS,quantile,0.7,90.56889405209269
2026-09-02,ARI incidence,2026-08-30,1,GB-WLS,quantile,0.75,95.86949242573077
2026-09-02,ARI incidence,2026-08-30,1,GB-WLS,quantile,0.8,102.37098092341303
2026-09-02,ARI incidence,2026-08-30,1,GB-WLS,quantile,0.85,109.786277246049
2026-09-02,ARI incidence,2026-08-30,1,GB-WLS,quantile,0.9,119.93887538741629
2026-09-02,ARI incidence,2026-08-30,1,GB-WLS,quantile,0.95,138.55440925972724
2026-09-02,ARI incidence,2026-08-30,1,GB-WLS,quantile,0.975,156.3905448409048
2026-09-02,ARI incidence,2026-08-30,1,GB-WLS,quantile,0.99,179.99334831923093
2026-09-02,ARI incidence,2026-08-30,1,GB-WLS,median,,74.01829349682112
2026-09-02,ARI incidence,2026-09-06,2,GB-WLS,quantile,0.01,25.825520603523376
2026-09-02,ARI incidence,2026-09-06,2,GB-WLS,quantile,0.05,37.68975604034541
2026-09-02,ARI incidence,2026-09-06,2,GB-WLS,quantile,0.1,45.36534989431401
2026-09-02,ARI incidence,2026-09-06,2,GB-WLS,quantile,0.15,51.58546977612052
2026-09-02,ARI incidence,2026-09-06,2,GB-WLS,quantile,0.2,57.43826618568396
2026-09-02,ARI incidence,2026-09-06,2,GB-WLS,quantile,0.25,62.68834408786384
2026-09-02,ARI incidence,2026-09-06,2,GB-WLS,quantile,0.3,68.02313893689094
2026-09-02,ARI incidence,2026-09-06,2,GB-WLS,quantile,0.35,73.25497777317696
2026-09-02,ARI incidence,2026-09-06,2,GB-WLS,quantile,0.4,78.73675955250417
2026-09-02,ARI incidence,2026-09-06,2,GB-WLS,quantile,0.45,84.06382070513578
2026-09-02,ARI incidence,2026-09-06,2,GB-WLS,quantile,0.5,89.65278440856208
2026-09-02,ARI incidence,2026-09-06,2,GB-WLS,quantile,0.55,96.12192936376398
2026-09-02,ARI incidence,2026-09-06,2,GB-WLS,quantile,0.6,102.8828742588179
2026-09-02,ARI incidence,2026-09-06,2,GB-WLS,quantile,0.65,110.27548864612069
2026-09-02,ARI incidence,2026-09-06,2,GB-WLS,quantile,0.7,118.98971240842528
2026-09-02,ARI incidence,2026-09-06,2,GB-WLS,quantile,0.75,129.238060911039
2026-09-02,ARI incidence,2026-09-06,2,GB-WLS,quantile,0.8,140.35087393544936
2026-09-02,ARI incidence,2026-09-06,2,GB-WLS,quantile,0.85,155.4643791188644
2026-09-02,ARI incidence,2026-09-06,2,GB-WLS,quantile,0.9,177.16865631842384
2026-09-02,ARI incidence,2026-09-06,2,GB-WLS,quantile,0.95,211.82379111921705
2026-09-02,ARI incidence,2026-09-06,2,GB-WLS,quantile,0.975,252.32657544544543
2026-09-02,ARI incidence,2026-09-06,2,GB-WLS,quantile,0.99,312.18502325151064
2026-09-02,ARI incidence,2026-09-06,2,GB-WLS,quantile,0.025,31.516365101212315
2026-09-02,ARI incidence,2026-09-06,2,GB-WLS,median,,89.65278440856208
2026-09-02,ARI incidence,2026-09-13,3,GB-WLS,quantile,0.01,19.360307650482092
2026-09-02,ARI incidence,2026-09-13,3,GB-WLS,quantile,0.025,25.097107525003278
2026-09-02,ARI incidence,2026-09-13,3,GB-WLS,quantile,0.05,30.78776777939226
2026-09-02,ARI incidence,2026-09-13,3,GB-WLS,quantile,0.1,40.64534241661885
2026-09-02,ARI incidence,2026-09-13,3,GB-WLS,quantile,0.15,49.17880184826482
2026-09-02,ARI incidence,2026-09-13,3,GB-WLS,quantile,0.85,234.5027953250991
2026-09-02,ARI incidence,2026-09-13,3,GB-WLS,quantile,0.2,56.95462402914351
2026-09-02,ARI incidence,2026-09-13,3,GB-WLS,quantile,0.25,64.47469329983177
2026-09-02,ARI incidence,2026-09-13,3,GB-WLS,quantile,0.3,72.13792712620686
2026-09-02,ARI incidence,2026-09-13,3,GB-WLS,quantile,0.35,80.0259910331807
2026-09-02,ARI incidence,2026-09-13,3,GB-WLS,quantile,0.4,88.41059944333429
2026-09-02,ARI incidence,2026-09-13,3,GB-WLS,quantile,0.45,97.6605087092178
2026-09-02,ARI incidence,2026-09-13,3,GB-WLS,quantile,0.5,106.50992437345695
2026-09-02,ARI incidence,2026-09-13,3,GB-WLS,quantile,0.55,117.25029150429665
2026-09-02,ARI incidence,2026-09-13,3,GB-WLS,quantile,0.6,128.99750625612137
2026-09-02,ARI incidence,2026-09-13,3,GB-WLS,quantile,0.65,141.98041415422128
2026-09-02,ARI incidence,2026-09-13,3,GB-WLS,quantile,0.7,157.22090858946592
2026-09-02,ARI incidence,2026-09-13,3,GB-WLS,quantile,0.75,176.58041660911832
2026-09-02,ARI incidence,2026-09-13,3,GB-WLS,quantile,0.8,201.930530596341
2026-09-02,ARI incidence,2026-09-13,3,GB-WLS,quantile,0.9,282.603401912096
2026-09-02,ARI incidence,2026-09-13,3,GB-WLS,quantile,0.95,371.9548461504633
2026-09-02,ARI incidence,2026-09-13,3,GB-WLS,quantile,0.975,465.5222380210597
2026-09-02,ARI incidence,2026-09-13,3,GB-WLS,quantile,0.99,618.2821629898172
2026-09-02,ARI incidence,2026-09-13,3,GB-WLS,median,,106.50992437345695
2026-09-02,ARI incidence,2026-09-20,4,GB-WLS,quantile,0.01,29.188515547491683
2026-09-02,ARI incidence,2026-09-20,4,GB-WLS,quantile,0.025,36.80672557123777
2026-09-02,ARI incidence,2026-09-20,4,GB-WLS,quantile,0.05,45.3136676168243
2026-09-02,ARI incidence,2026-09-20,4,GB-WLS,quantile,0.1,57.13301080342777
2026-09-02,ARI incidence,2026-09-20,4,GB-WLS,quantile,0.15,65.62970252074099
2026-09-02,ARI incidence,2026-09-20,4,GB-WLS,quantile,0.2,74.61020904787203
2026-09-02,ARI incidence,2026-09-20,4,GB-WLS,quantile,0.25,82.99033992445047
2026-09-02,ARI incidence,2026-09-20,4,GB-WLS,quantile,0.3,90.9343179575356
2026-09-02,ARI incidence,2026-09-20,4,GB-WLS,quantile,0.35,98.92309308853747
2026-09-02,ARI incidence,2026-09-20,4,GB-WLS,quantile,0.4,107.9015431523852
2026-09-02,ARI incidence,2026-09-20,4,GB-WLS,quantile,0.45,116.67777413246691
2026-09-02,ARI incidence,2026-09-20,4,GB-WLS,quantile,0.5,126.71880743224571
2026-09-02,ARI incidence,2026-09-20,4,GB-WLS,quantile,0.55,136.20061442339625
2026-09-02,ARI incidence,2026-09-20,4,GB-WLS,quantile,0.6,147.8672042881507
2026-09-02,ARI incidence,2026-09-20,4,GB-WLS,quantile,0.65,159.69564289107907
2026-09-02,ARI incidence,2026-09-20,4,GB-WLS,quantile,0.7,173.9617443885162
2026-09-02,ARI incidence,2026-09-20,4,GB-WLS,quantile,0.75,190.54404949823206
2026-09-02,ARI incidence,2026-09-20,4,GB-WLS,quantile,0.8,210.07247100587534
2026-09-02,ARI incidence,2026-09-20,4,GB-WLS,quantile,0.85,238.30437815566094
2026-09-02,ARI incidence,2026-09-20,4,GB-WLS,quantile,0.9,278.994247650137
2026-09-02,ARI incidence,2026-09-20,4,GB-WLS,quantile,0.95,346.7270631868772
2026-09-02,ARI incidence,2026-09-20,4,GB-WLS,quantile,0.975,416.1081362383585
2026-09-02,ARI incidence,2026-09-20,4,GB-WLS,quantile,0.99,535.8341489428649
2026-09-02,ARI incidence,2026-09-20,4,GB-WLS,median,,126.71880743224571
2026-09-02,ARI incidence,2026-08-30,1,HU,quantile,0.3,299.7092266903353
2026-09-02,ARI incidence,2026-08-30,1,HU,quantile,0.4,310.63199830940084
2026-09-02,ARI incidence,2026-08-30,1,HU,quantile,0.5,321.7636213468419
2026-09-02,ARI incidence,2026-08-30,1,HU,quantile,0.25,293.71284777146224
2026-09-02,ARI incidence,2026-08-30,1,HU,quantile,0.55,327.1876150038174
2026-09-02,ARI incidence,2026-08-30,1,HU,quantile,0.6,332.88527832967867
2026-09-02,ARI incidence,2026-08-30,1,HU,quantile,0.35,305.21803388171804
2026-09-02,ARI incidence,2026-08-30,1,HU,quantile,0.01,233.57587882524308
2026-09-02,ARI incidence,2026-08-30,1,HU,quantile,0.025,246.78038818770085
2026-09-02,ARI incidence,2026-08-30,1,HU,quantile,0.2,286.85073672258295
2026-09-02,ARI incidence,2026-08-30,1,HU,quantile,0.45,315.9626283318946
2026-09-02,ARI incidence,2026-08-30,1,HU,quantile,0.65,338.59640411647325
2026-09-02,ARI incidence,2026-08-30,1,HU,quantile,0.8,359.97456062295316
2026-09-02,ARI incidence,2026-08-30,1,HU,quantile,0.85,370.4537454091649
2026-09-02,ARI incidence,2026-08-30,1,HU,quantile,0.9,383.03895781682905
2026-09-02,ARI incidence,2026-08-30,1,HU,quantile,0.95,401.9595209012382
2026-09-02,ARI incidence,2026-08-30,1,HU,quantile,0.99,439.80667146235544
2026-09-02,ARI incidence,2026-08-30,1,HU,quantile,0.15,279.834085668468
2026-09-02,ARI incidence,2026-08-30,1,HU,quantile,0.05,258.46809602604304
2026-09-02,ARI incidence,2026-08-30,1,HU,quantile,0.1,271.5916381691894
2026-09-02,ARI incidence,2026-08-30,1,HU,quantile,0.7,345.1479766852316
2026-09-02,ARI incidence,2026-08-30,1,HU,quantile,0.75,351.9563347674232
2026-09-02,ARI incidence,2026-08-30,1,HU,quantile,0.975,419.38764654903173
2026-09-02,ARI incidence,2026-08-30,1,HU,median,,321.7636213468419
2026-09-02,ARI incidence,2026-09-06,2,HU,quantile,0.95,466.51704611022257
2026-09-02,ARI incidence,2026-09-06,2,HU,quantile,0.9,435.5609204028959
2026-09-02,ARI incidence,2026-09-06,2,HU,quantile,0.975,498.57767263518866
2026-09-02,ARI incidence,2026-09-06,2,HU,quantile,0.85,415.54805416635736
2026-09-02,ARI incidence,2026-09-06,2,HU,quantile,0.01,218.76379412924788
2026-09-02,ARI incidence,2026-09-06,2,HU,quantile,0.8,399.8386329367275
2026-09-02,ARI incidence,2026-09-06,2,HU,quantile,0.75,387.2945254463651
2026-09-02,ARI incidence,2026-09-06,2,HU,quantile,0.5,341.0456230379698
2026-09-02,ARI incidence,2026-09-06,2,HU,quantile,0.1,265.66743471316926
2026-09-02,ARI incidence,2026-09-06,2,HU,quantile,0.15,278.7097176306791
2026-09-02,ARI incidence,2026-09-06,2,HU,quantile,0.2,289.53505666412786
2026-09-02,ARI incidence,2026-09-06,2,HU,quantile,0.25,298.97186916306794
2026-09-02,ARI incidence,2026-09-06,2,HU,quantile,0.7,376.9182690654766
2026-09-02,ARI incidence,2026-09-06,2,HU,quantile,0.6,357.6833150031409
2026-09-02,ARI incidence,2026-09-06,2,HU,quantile,0.025,234.31991247838212
2026-09-02,ARI incidence,2026-09-06,2,HU,quantile,0.3,308.00970020888525
2026-09-02,ARI incidence,2026-09-06,2,HU,quantile,0.35,316.24368651261636
2026-09-02,ARI incidence,2026-09-06,2,HU,quantile,0.99,535.902697315716
2026-09-02,ARI incidence,2026-09-06,2,HU,quantile,0.65,366.94915744394484
2026-09-02,ARI incidence,2026-09-06,2,HU,quantile,0.05,249.05934009050978
2026-09-02,ARI incidence,2026-09-06,2,HU,quantile,0.4,324.6648365863565
2026-09-02,ARI incidence,2026-09-06,2,HU,quantile,0.45,332.61855269556725
2026-09-02,ARI incidence,2026-09-06,2,HU,quantile,0.55,349.28823493622224
2026-09-02,ARI incidence,2026-09-06,2,HU,median,,341.0456230379698
2026-09-02,ARI incidence,2026-09-13,3,HU,quantile,0.25,319.9663183725637
2026-09-02,ARI incidence,2026-09-13,3,HU,quantile,0.2,307.8696503036894
2026-09-02,ARI incidence,2026-09-13,3,HU,quantile,0.85,481.01834076101744
2026-09-02,ARI incidence,2026-09-13,3,HU,quantile,0.975,598.6515727569978
2026-09-02,ARI incidence,2026-09-13,3,HU,quantile,0.01,218.9428082804599
2026-09-02,ARI incidence,2026-09-13,3,HU,quantile,0.025,237.97763655245691
2026-09-02,ARI incidence,2026-09-13,3,HU,quantile,0.65,411.0210505552253
2026-09-02,ARI incidence,2026-09-13,3,HU,quantile,0.9,509.53960141417934
2026-09-02,ARI incidence,2026-09-13,3,HU,quantile,0.95,554.8338006641806
2026-09-02,ARI incidence,2026-09-13,3,HU,quantile,0.1,278.47007325351206
2026-09-02,ARI incidence,2026-09-13,3,HU,quantile,0.15,294.6655543090625
2026-09-02,ARI incidence,2026-09-13,3,HU,quantile,0.7,425.4791905444578
2026-09-02,ARI incidence,2026-09-13,3,HU,quantile,0.75,440.9080123780728
2026-09-02,ARI incidence,2026-09-13,3,HU,quantile,0.4,353.43069616822476
2026-09-02,ARI incidence,2026-09-13,3,HU,quantile,0.8,459.19562475088435
2026-09-02,ARI incidence,2026-09-13,3,HU,quantile,0.3,331.39663953087677
2026-09-02,ARI incidence,2026-09-13,3,HU,quantile,0.45,363.95124496870324
2026-09-02,ARI incidence,2026-09-13,3,HU,quantile,0.05,255.89617659198152
2026-09-02,ARI incidence,2026-09-13,3,HU,quantile,0.35,342.3261960939775
2026-09-02,ARI incidence,2026-09-13,3,HU,quantile,0.5,374.5561665849565
2026-09-02,ARI incidence,2026-09-13,3,HU,quantile,0.55,385.2561289211437
2026-09-02,ARI incidence,2026-09-13,3,HU,quantile,0.99,659.2236838104643
2026-09-02,ARI incidence,2026-09-13,3,HU,quantile,0.6,397.57141679881573
2026-09-02,ARI incidence,2026-09-13,3,HU,median,,374.5561665849565
2026-09-02,ARI incidence,2026-09-20,4,HU,quantile,0.01,244.51010586717493
2026-09-02,ARI incidence,2026-09-20,4,HU,quantile,0.025,262.50604808814234
2026-09-02,ARI incidence,2026-09-20,4,HU,quantile,0.15,314.0333770525133
2026-09-02,ARI incidence,2026-09-20,4,HU,quantile,0.1,299.84850124520716
2026-09-02,ARI incidence,2026-09-20,4,HU,quantile,0.05,279.45588870699527
2026-09-02,ARI incidence,2026-09-20,4,HU,quantile,0.2,326.0972018756029
2026-09-02,ARI incidence,2026-09-20,4,HU,quantile,0.25,337.06736849859294
2026-09-02,ARI incidence,2026-09-20,4,HU,quantile,0.35,356.60813843497505
2026-09-02,ARI incidence,2026-09-20,4,HU,quantile,0.3,347.1885839440398
2026-09-02,ARI incidence,2026-09-20,4,HU,quantile,0.45,375.2569889378234
2026-09-02,ARI incidence,2026-09-20,4,HU,quantile,0.55,394.7142310521036
2026-09-02,ARI incidence,2026-09-20,4,HU,quantile,0.5,384.65887337202037
2026-09-02,ARI incidence,2026-09-20,4,HU,quantile,0.75,440.9049168446221
2026-09-02,ARI incidence,2026-09-20,4,HU,quantile,0.95,537.3722804405681
2026-09-02,ARI incidence,2026-09-20,4,HU,quantile,0.975,572.0060269612081
2026-09-02,ARI incidence,2026-09-20,4,HU,quantile,0.9,495.75125190357215
2026-09-02,ARI incidence,2026-09-20,4,HU,quantile,0.8,454.70003616477453
2026-09-02,ARI incidence,2026-09-20,4,HU,quantile,0.85,472.9145603137323
2026-09-02,ARI incidence,2026-09-20,4,HU,quantile,0.99,613.4188765237601
2026-09-02,ARI incidence,2026-09-20,4,HU,quantile,0.65,415.1501732843624
2026-09-02,ARI incidence,2026-09-20,4,HU,quantile,0.7,427.3054357512158
2026-09-02,ARI incidence,2026-09-20,4,HU,quantile,0.6,404.9173840554034
2026-09-02,ARI incidence,2026-09-20,4,HU,quantile,0.4,365.716810324304
2026-09-02,ARI incidence,2026-09-20,4,HU,median,,384.65887337202037
2026-09-02,ARI incidence,2026-08-30,1,IE,quantile,0.35,25.23776600222896
2026-09-02,ARI incidence,2026-08-30,1,IE,quantile,0.99,32.27936977830205
2026-09-02,ARI incidence,2026-08-30,1,IE,quantile,0.4,25.518662685607524
2026-09-02,ARI incidence,2026-08-30,1,IE,quantile,0.25,24.595927058979473
2026-09-02,ARI incidence,2026-08-30,1,IE,quantile,0.3,24.919155123692843
2026-09-02,ARI incidence,2026-08-30,1,IE,quantile,0.975,31.2531218875123
2026-09-02,ARI incidence,2026-08-30,1,IE,quantile,0.9,29.34983579242403
2026-09-02,ARI incidence,2026-08-30,1,IE,quantile,0.45,25.81831723012025
2026-09-02,ARI incidence,2026-08-30,1,IE,quantile,0.55,26.43961783893221
2026-09-02,ARI incidence,2026-08-30,1,IE,quantile,0.5,26.13597583325292
2026-09-02,ARI incidence,2026-08-30,1,IE,quantile,0.8,28.2206640179748
2026-09-02,ARI incidence,2026-08-30,1,IE,quantile,0.2,24.207007575433895
2026-09-02,ARI incidence,2026-08-30,1,IE,quantile,0.15,23.769331596436825
2026-09-02,ARI incidence,2026-08-30,1,IE,quantile,0.95,30.368995048625777
2026-09-02,ARI incidence,2026-08-30,1,IE,quantile,0.85,28.734976530072636
2026-09-02,ARI incidence,2026-08-30,1,IE,quantile,0.7,27.460969994191093
2026-09-02,ARI incidence,2026-08-30,1,IE,quantile,0.025,21.923347524035563
2026-09-02,ARI incidence,2026-08-30,1,IE,quantile,0.75,27.830971933248982
2026-09-02,ARI incidence,2026-08-30,1,IE,quantile,0.65,27.118892517665934
2026-09-02,ARI incidence,2026-08-30,1,IE,quantile,0.6,26.77623231454066
2026-09-02,ARI incidence,2026-08-30,1,IE,quantile,0.1,23.277014196911402
2026-09-02,ARI incidence,2026-08-30,1,IE,quantile,0.05,22.563518732351078
2026-09-02,ARI incidence,2026-08-30,1,IE,quantile,0.01,21.14315356427378
2026-09-02,ARI incidence,2026-08-30,1,IE,median,,26.13597583325292
2026-09-02,ARI incidence,2026-09-06,2,IE,quantile,0.975,43.49971563303399
2026-09-02,ARI incidence,2026-09-06,2,IE,quantile,0.75,31.396303784510494
2026-09-02,ARI incidence,2026-09-06,2,IE,quantile,0.2,21.418856759630934
2026-09-02,ARI incidence,2026-09-06,2,IE,quantile,0.35,24.04379117490457
2026-09-02,ARI incidence,2026-09-06,2,IE,quantile,0.95,40.19174859934947
2026-09-02,ARI incidence,2026-09-06,2,IE,quantile,0.15,20.305954419140576
2026-09-02,ARI incidence,2026-09-06,2,IE,quantile,0.8,32.876814740942365
2026-09-02,ARI incidence,2026-09-06,2,IE,quantile,0.85,34.595042131204124
2026-09-02,ARI incidence,2026-09-06,2,IE,quantile,0.9,36.74374228442827
2026-09-02,ARI incidence,2026-09-06,2,IE,quantile,0.99,47.56270692345604
2026-09-02,ARI incidence,2026-09-06,2,IE,quantile,0.1,19.17280768324428
2026-09-02,ARI incidence,2026-09-06,2,IE,quantile,0.7,30.22300420857179
2026-09-02,ARI incidence,2026-09-06,2,IE,quantile,0.4,24.8881563856007
2026-09-02,ARI incidence,2026-09-06,2,IE,quantile,0.45,25.675892225004375
2026-09-02,ARI incidence,2026-09-06,2,IE,quantile,0.25,22.2829723361124
2026-09-02,ARI incidence,2026-09-06,2,IE,quantile,0.55,27.409221502601362
2026-09-02,ARI incidence,2026-09-06,2,IE,quantile,0.65,29.273643020176728
2026-09-02,ARI incidence,2026-09-06,2,IE,quantile,0.05,17.658472676637953
2026-09-02,ARI incidence,2026-09-06,2,IE,quantile,0.01,14.84229903693239
2026-09-02,ARI incidence,2026-09-06,2,IE,quantile,0.5,26.536225086616064
2026-09-02,ARI incidence,2026-09-06,2,IE,quantile,0.025,16.308364603236765
2026-09-02,ARI incidence,2026-09-06,2,IE,quantile,0.3,23.22627601427399
2026-09-02,ARI incidence,2026-09-06,2,IE,quantile,0.6,28.347168433040455
2026-09-02,ARI incidence,2026-09-06,2,IE,median,,26.536225086616064
2026-09-02,ARI incidence,2026-09-13,3,IE,quantile,0.99,24.990387089104907
2026-09-02,ARI incidence,2026-09-13,3,IE,quantile,0.8,20.980427390073768
2026-09-02,ARI incidence,2026-09-13,3,IE,quantile,0.7,20.2578944010415
2026-09-02,ARI incidence,2026-09-13,3,IE,quantile,0.65,19.95748060085541
2026-09-02,ARI incidence,2026-09-13,3,IE,quantile,0.6,19.672381356212938
2026-09-02,ARI incidence,2026-09-13,3,IE,quantile,0.975,23.864208613592332
2026-09-02,ARI incidence,2026-09-13,3,IE,quantile,0.75,20.608484811059984
2026-09-02,ARI incidence,2026-09-13,3,IE,quantile,0.95,23.041366676900875
2026-09-02,ARI incidence,2026-09-13,3,IE,quantile,0.55,19.3756758880362
2026-09-02,ARI incidence,2026-09-13,3,IE,quantile,0.35,18.285494708600975
2026-09-02,ARI incidence,2026-09-13,3,IE,quantile,0.85,21.437630214632463
2026-09-02,ARI incidence,2026-09-13,3,IE,quantile,0.45,18.823512650848393
2026-09-02,ARI incidence,2026-09-13,3,IE,quantile,0.9,22.09047073741666
2026-09-02,ARI incidence,2026-09-13,3,IE,quantile,0.5,19.097969064906074
2026-09-02,ARI incidence,2026-09-13,3,IE,quantile,0.4,18.565104592721607
2026-09-02,ARI incidence,2026-09-13,3,IE,quantile,0.3,17.99911228405417
2026-09-02,ARI incidence,2026-09-13,3,IE,quantile,0.25,17.725343395879353
2026-09-02,ARI incidence,2026-09-13,3,IE,quantile,0.1,16.55538979162653
2026-09-02,ARI incidence,2026-09-13,3,IE,quantile,0.05,15.879549292195952
2026-09-02,ARI incidence,2026-09-13,3,IE,quantile,0.2,17.394685179688146
2026-09-02,ARI incidence,2026-09-13,3,IE,quantile,0.15,17.013924694892886
2026-09-02,ARI incidence,2026-09-13,3,IE,quantile,0.01,14.72074496504626
2026-09-02,ARI incidence,2026-09-13,3,IE,quantile,0.025,15.336009943350177
2026-09-02,ARI incidence,2026-09-13,3,IE,median,,19.097969064906074
2026-09-02,ARI incidence,2026-09-20,4,IE,quantile,0.99,27.955534635479907
2026-09-02,ARI incidence,2026-09-20,4,IE,quantile,0.85,25.027326145942613
2026-09-02,ARI incidence,2026-09-20,4,IE,quantile,0.7,23.892872861643692
2026-09-02,ARI incidence,2026-09-20,4,IE,quantile,0.95,26.405691932018375
2026-09-02,ARI incidence,2026-09-20,4,IE,quantile,0.9,25.57613600296377
2026-09-02,ARI incidence,2026-09-20,4,IE,quantile,0.975,27.089017260049282
2026-09-02,ARI incidence,2026-09-20,4,IE,quantile,0.8,24.619943493186103
2026-09-02,ARI incidence,2026-09-20,4,IE,quantile,0.45,22.514516484998193
2026-09-02,ARI incidence,2026-09-20,4,IE,quantile,0.5,22.760562744642606
2026-09-02,ARI incidence,2026-09-20,4,IE,quantile,0.2,21.149527637688305
2026-09-02,ARI incidence,2026-09-20,4,IE,quantile,0.25,21.451286703091093
2026-09-02,ARI incidence,2026-09-20,4,IE,quantile,0.3,21.738553053947292
2026-09-02,ARI incidence,2026-09-20,4,IE,quantile,0.025,19.12183043400322
2026-09-02,ARI incidence,2026-09-20,4,IE,quantile,0.1,20.313211470340185
2026-09-02,ARI incidence,2026-09-20,4,IE,quantile,0.15,20.77914696440942
2026-09-02,ARI incidence,2026-09-20,4,IE,quantile,0.05,19.64724265520242
2026-09-02,ARI incidence,2026-09-20,4,IE,quantile,0.35,22.020055266919215
2026-09-02,ARI incidence,2026-09-20,4,IE,quantile,0.4,22.250711297178537
2026-09-02,ARI incidence,2026-09-20,4,IE,quantile,0.55,23.027837189163186
2026-09-02,ARI incidence,2026-09-20,4,IE,quantile,0.75,24.2360653649457
2026-09-02,ARI incidence,2026-09-20,4,IE,quantile,0.6,23.29615352769418
2026-09-02,ARI incidence,2026-09-20,4,IE,quantile,0.65,23.604232196375648
2026-09-02,ARI incidence,2026-09-20,4,IE,quantile,0.01,18.537645324413774
2026-09-02,ARI incidence,2026-09-20,4,IE,median,,22.760562744642606
2026-09-02,ARI incidence,2026-08-30,1,IS,quantile,0.01,24.19044923052531
2026-09-02,ARI incidence,2026-08-30,1,IS,quantile,0.35,26.819378312666448
2026-09-02,ARI incidence,2026-08-30,1,IS,quantile,0.3,26.62916420039329
2026-09-02,ARI incidence,2026-08-30,1,IS,quantile,0.75,28.41064896748093
2026-09-02,ARI incidence,2026-08-30,1,IS,quantile,0.2,26.18160154821397
2026-09-02,ARI incidence,2026-08-30,1,IS,quantile,0.5,27.372136162159002
2026-09-02,ARI incidence,2026-08-30,1,IS,quantile,0.1,25.559450806208666
2026-09-02,ARI incidence,2026-08-30,1,IS,quantile,0.85,29.01400243559827
2026-09-02,ARI incidence,2026-08-30,1,IS,quantile,0.25,26.412640145273244
2026-09-02,ARI incidence,2026-08-30,1,IS,quantile,0.4,26.99405722988321
2026-09-02,ARI incidence,2026-08-30,1,IS,quantile,0.05,25.076250163320562
2026-09-02,ARI incidence,2026-08-30,1,IS,quantile,0.8,28.693327553776754
2026-09-02,ARI incidence,2026-08-30,1,IS,quantile,0.15,25.913413863664804
2026-09-02,ARI incidence,2026-08-30,1,IS,quantile,0.6,27.766432157827502
2026-09-02,ARI incidence,2026-08-30,1,IS,quantile,0.9,29.398821008340647
2026-09-02,ARI incidence,2026-08-30,1,IS,quantile,0.025,24.668666160568684
2026-09-02,ARI incidence,2026-08-30,1,IS,quantile,0.55,27.559203739065804
2026-09-02,ARI incidence,2026-08-30,1,IS,quantile,0.65,27.962078487979223
2026-09-02,ARI incidence,2026-08-30,1,IS,quantile,0.7,28.170356863788115
2026-09-02,ARI incidence,2026-08-30,1,IS,quantile,0.99,31.12572690225717
2026-09-02,ARI incidence,2026-08-30,1,IS,quantile,0.45,27.186028590289965
2026-09-02,ARI incidence,2026-08-30,1,IS,quantile,0.95,29.984897178646563
2026-09-02,ARI incidence,2026-08-30,1,IS,quantile,0.975,30.475003112327865
2026-09-02,ARI incidence,2026-08-30,1,IS,median,,27.372136162159002
2026-09-02,ARI incidence,2026-09-06,2,IS,quantile,0.3,32.80812499352819
2026-09-02,ARI incidence,2026-09-06,2,IS,quantile,0.25,32.648290761889925
2026-09-02,ARI incidence,2026-09-06,2,IS,quantile,0.01,30.66735558356804
2026-09-02,ARI incidence,2026-09-06,2,IS,quantile,0.1,31.95437439153118
2026-09-02,ARI incidence,2026-09-06,2,IS,quantile,0.2,32.452499960483415
2026-09-02,ARI incidence,2026-09-06,2,IS,quantile,0.025,31.11974121358874
2026-09-02,ARI incidence,2026-09-06,2,IS,quantile,0.05,31.535116753269385
2026-09-02,ARI incidence,2026-09-06,2,IS,quantile,0.15,32.22272320895347
2026-09-02,ARI incidence,2026-09-06,2,IS,quantile,0.4,33.134102011066815
2026-09-02,ARI incidence,2026-09-06,2,IS,quantile,0.35,32.975327655194135
2026-09-02,ARI incidence,2026-09-06,2,IS,quantile,0.45,33.29297816222356
2026-09-02,ARI incidence,2026-09-06,2,IS,quantile,0.5,33.442672999894334
2026-09-02,ARI incidence,2026-09-06,2,IS,quantile,0.55,33.586445187063184
2026-09-02,ARI incidence,2026-09-06,2,IS,quantile,0.65,33.898394330242574
2026-09-02,ARI incidence,2026-09-06,2,IS,quantile,0.8,34.45292420160816
2026-09-02,ARI incidence,2026-09-06,2,IS,quantile,0.6,33.73937834179733
2026-09-02,ARI incidence,2026-09-06,2,IS,quantile,0.975,35.91641197025934
2026-09-02,ARI incidence,2026-09-06,2,IS,quantile,0.85,34.6974912944398
2026-09-02,ARI incidence,2026-09-06,2,IS,quantile,0.9,35.01022688680688
2026-09-02,ARI incidence,2026-09-06,2,IS,quantile,0.7,34.05747626987592
2026-09-02,ARI incidence,2026-09-06,2,IS,quantile,0.95,35.45201787151871
2026-09-02,ARI incidence,2026-09-06,2,IS,quantile,0.99,36.359429893164325
2026-09-02,ARI incidence,2026-09-06,2,IS,quantile,0.75,34.25384850844482
2026-09-02,ARI incidence,2026-09-06,2,IS,median,,33.442672999894334
2026-09-02,ARI incidence,2026-09-13,3,IS,quantile,0.99,32.38669025189336
2026-09-02,ARI incidence,2026-09-13,3,IS,quantile,0.975,31.391471820241364
2026-09-02,ARI incidence,2026-09-13,3,IS,quantile,0.9,29.335712086975935
2026-09-02,ARI incidence,2026-09-13,3,IS,quantile,0.95,30.407031637606288
2026-09-02,ARI incidence,2026-09-13,3,IS,quantile,0.85,28.660623348268714
2026-09-02,ARI incidence,2026-09-13,3,IS,quantile,0.8,28.13323239114505
2026-09-02,ARI incidence,2026-09-13,3,IS,quantile,0.75,27.68404064879094
2026-09-02,ARI incidence,2026-09-13,3,IS,quantile,0.7,27.290368168578887
2026-09-02,ARI incidence,2026-09-13,3,IS,quantile,0.65,26.948941317576335
2026-09-02,ARI incidence,2026-09-13,3,IS,quantile,0.45,25.683324761055992
2026-09-02,ARI incidence,2026-09-13,3,IS,quantile,0.5,25.98516325683559
2026-09-02,ARI incidence,2026-09-13,3,IS,quantile,0.55,26.308491891776995
2026-09-02,ARI incidence,2026-09-13,3,IS,quantile,0.6,26.625319036838672
2026-09-02,ARI incidence,2026-09-13,3,IS,quantile,0.4,25.36076786305464
2026-09-02,ARI incidence,2026-09-13,3,IS,quantile,0.25,24.351821595952135
2026-09-02,ARI incidence,2026-09-13,3,IS,quantile,0.3,24.708460095729194
2026-09-02,ARI incidence,2026-09-13,3,IS,quantile,0.01,20.82409629872457
2026-09-02,ARI incidence,2026-09-13,3,IS,quantile,0.025,21.507542354909464
2026-09-02,ARI incidence,2026-09-13,3,IS,quantile,0.05,22.15638599871934
2026-09-02,ARI incidence,2026-09-13,3,IS,quantile,0.1,22.956843260490288
2026-09-02,ARI incidence,2026-09-13,3,IS,quantile,0.15,23.48220045811602
2026-09-02,ARI incidence,2026-09-13,3,IS,quantile,0.2,23.942374280465884
2026-09-02,ARI incidence,2026-09-13,3,IS,quantile,0.35,25.048755561034667
2026-09-02,ARI incidence,2026-09-13,3,IS,median,,25.98516325683559
2026-09-02,ARI incidence,2026-09-20,4,IS,quantile,0.55,30.30067046038409
2026-09-02,ARI incidence,2026-09-20,4,IS,quantile,0.6,30.67678358490507
2026-09-02,ARI incidence,2026-09-20,4,IS,quantile,0.5,29.951936581586803
2026-09-02,ARI incidence,2026-09-20,4,IS,quantile,0.45,29.588240884385527
2026-09-02,ARI incidence,2026-09-20,4,IS,quantile,0.65,31.05994430874388
2026-09-02,ARI incidence,2026-09-20,4,IS,quantile,0.05,25.50712473175893
2026-09-02,ARI incidence,2026-09-20,4,IS,quantile,0.25,28.02313595823405
2026-09-02,ARI incidence,2026-09-20,4,IS,quantile,0.4,29.225503303340147
2026-09-02,ARI incidence,2026-09-20,4,IS,quantile,0.7,31.488520002007558
2026-09-02,ARI incidence,2026-09-20,4,IS,quantile,0.35,28.85264579549945
2026-09-02,ARI incidence,2026-09-20,4,IS,quantile,0.1,26.456203663383484
2026-09-02,ARI incidence,2026-09-20,4,IS,quantile,0.15,27.064081897295146
2026-09-02,ARI incidence,2026-09-20,4,IS,quantile,0.025,24.69192047192873
2026-09-02,ARI incidence,2026-09-20,4,IS,quantile,0.2,27.569204956560355
2026-09-02,ARI incidence,2026-09-20,4,IS,quantile,0.3,28.467952147684134
2026-09-02,ARI incidence,2026-09-20,4,IS,quantile,0.75,31.93092719871715
2026-09-02,ARI incidence,2026-09-20,4,IS,quantile,0.9,33.83868551287334
2026-09-02,ARI incidence,2026-09-20,4,IS,quantile,0.8,32.4288351390936
2026-09-02,ARI incidence,2026-09-20,4,IS,quantile,0.85,33.028436992731066
2026-09-02,ARI incidence,2026-09-20,4,IS,quantile,0.01,23.860595735944294
2026-09-02,ARI incidence,2026-09-20,4,IS,quantile,0.95,35.02910520039942
2026-09-02,ARI incidence,2026-09-20,4,IS,quantile,0.975,36.08851573807226
2026-09-02,ARI incidence,2026-09-20,4,IS,quantile,0.99,37.44285875280035
2026-09-02,ARI incidence,2026-09-20,4,IS,median,,29.951936581586803
2026-09-02,ARI incidence,2026-08-30,1,LT,quantile,0.75,223.42409669133502
2026-09-02,ARI incidence,2026-08-30,1,LT,quantile,0.8,236.29966258873878
2026-09-02,ARI incidence,2026-08-30,1,LT,quantile,0.85,251.97934600332638
2026-09-02,ARI incidence,2026-08-30,1,LT,quantile,0.7,213.401304035875
2026-09-02,ARI incidence,2026-08-30,1,LT,quantile,0.975,338.3344704700291
2026-09-02,ARI incidence,2026-08-30,1,LT,quantile,0.99,378.91676065288357
2026-09-02,ARI incidence,2026-08-30,1,LT,quantile,0.65,204.2709454850051
2026-09-02,ARI incidence,2026-08-30,1,LT,quantile,0.9,273.02961360779767
2026-09-02,ARI incidence,2026-08-30,1,LT,quantile,0.95,306.13740442582537
2026-09-02,ARI incidence,2026-08-30,1,LT,quantile,0.6,196.2637522773781
2026-09-02,ARI incidence,2026-08-30,1,LT,quantile,0.3,154.07360944524157
2026-09-02,ARI incidence,2026-08-30,1,LT,quantile,0.1,120.87888068259436
2026-09-02,ARI incidence,2026-08-30,1,LT,quantile,0.45,174.44423470149053
2026-09-02,ARI incidence,2026-08-30,1,LT,quantile,0.5,181.72151957317465
2026-09-02,ARI incidence,2026-08-30,1,LT,quantile,0.35,160.92138948819075
2026-09-02,ARI incidence,2026-08-30,1,LT,quantile,0.025,96.68617150179156
2026-09-02,ARI incidence,2026-08-30,1,LT,quantile,0.55,188.78597613255135
2026-09-02,ARI incidence,2026-08-30,1,LT,quantile,0.15,130.52428393403483
2026-09-02,ARI incidence,2026-08-30,1,LT,quantile,0.4,167.74614514218203
2026-09-02,ARI incidence,2026-08-30,1,LT,quantile,0.25,146.7126862902039
2026-09-02,ARI incidence,2026-08-30,1,LT,quantile,0.01,85.9378259874212
2026-09-02,ARI incidence,2026-08-30,1,LT,quantile,0.05,107.15046783376553
2026-09-02,ARI incidence,2026-08-30,1,LT,quantile,0.2,138.81315526101946
2026-09-02,ARI incidence,2026-08-30,1,LT,median,,181.72151957317465
2026-09-02,ARI incidence,2026-09-06,2,LT,quantile,0.99,511.5254513464525
2026-09-02,ARI incidence,2026-09-06,2,LT,quantile,0.975,432.43644320424664
2026-09-02,ARI incidence,2026-09-06,2,LT,quantile,0.01,71.79246591184314
2026-09-02,ARI incidence,2026-09-06,2,LT,quantile,0.95,383.66759550091837
2026-09-02,ARI incidence,2026-09-06,2,LT,quantile,0.025,84.2453119913423
2026-09-02,ARI incidence,2026-09-06,2,LT,quantile,0.05,95.73515479836291
2026-09-02,ARI incidence,2026-09-06,2,LT,quantile,0.1,112.70528005733016
2026-09-02,ARI incidence,2026-09-06,2,LT,quantile,0.9,330.91960535509486
2026-09-02,ARI incidence,2026-09-06,2,LT,quantile,0.85,300.18858539114757
2026-09-02,ARI incidence,2026-09-06,2,LT,quantile,0.25,145.06154148151805
2026-09-02,ARI incidence,2026-09-06,2,LT,quantile,0.8,276.1808625520005
2026-09-02,ARI incidence,2026-09-06,2,LT,quantile,0.7,241.18059105190713
2026-09-02,ARI incidence,2026-09-06,2,LT,quantile,0.75,256.4338904442212
2026-09-02,ARI incidence,2026-09-06,2,LT,quantile,0.65,227.40225045162117
2026-09-02,ARI incidence,2026-09-06,2,LT,quantile,0.45,182.7946367528197
2026-09-02,ARI incidence,2026-09-06,2,LT,quantile,0.55,203.41828421395536
2026-09-02,ARI incidence,2026-09-06,2,LT,quantile,0.4,173.28418750898618
2026-09-02,ARI incidence,2026-09-06,2,LT,quantile,0.2,135.2938045405288
2026-09-02,ARI incidence,2026-09-06,2,LT,quantile,0.6,214.72112226140308
2026-09-02,ARI incidence,2026-09-06,2,LT,quantile,0.15,123.96177672041384
2026-09-02,ARI incidence,2026-09-06,2,LT,quantile,0.35,163.6846136129291
2026-09-02,ARI incidence,2026-09-06,2,LT,quantile,0.5,193.24929892668357
2026-09-02,ARI incidence,2026-09-06,2,LT,quantile,0.3,154.51298123078155
2026-09-02,ARI incidence,2026-09-06,2,LT,median,,193.24929892668357
2026-09-02,ARI incidence,2026-09-13,3,LT,quantile,0.25,150.70713856404095
2026-09-02,ARI incidence,2026-09-13,3,LT,quantile,0.3,166.4623004564702
2026-09-02,ARI incidence,2026-09-13,3,LT,quantile,0.5,233.1179877241144
2026-09-02,ARI incidence,2026-09-13,3,LT,quantile,0.55,252.8363361697186
2026-09-02,ARI incidence,2026-09-13,3,LT,quantile,0.85,460.38400867906995
2026-09-02,ARI incidence,2026-09-13,3,LT,quantile,0.99,1024.3791976435477
2026-09-02,ARI incidence,2026-09-13,3,LT,quantile,0.975,825.6072367320737
2026-09-02,ARI incidence,2026-09-13,3,LT,quantile,0.025,66.116336632506
2026-09-02,ARI incidence,2026-09-13,3,LT,quantile,0.4,198.3770310969666
2026-09-02,ARI incidence,2026-09-13,3,LT,quantile,0.6,276.8319357956448
2026-09-02,ARI incidence,2026-09-13,3,LT,quantile,0.75,361.2182557270478
2026-09-02,ARI incidence,2026-09-13,3,LT,quantile,0.45,215.8464661792092
2026-09-02,ARI incidence,2026-09-13,3,LT,quantile,0.8,400.8579050822424
2026-09-02,ARI incidence,2026-09-13,3,LT,quantile,0.9,540.391400069746
2026-09-02,ARI incidence,2026-09-13,3,LT,quantile,0.95,685.2802926056047
2026-09-02,ARI incidence,2026-09-13,3,LT,quantile,0.01,52.35373679703093
2026-09-02,ARI incidence,2026-09-13,3,LT,quantile,0.15,119.97808035418299
2026-09-02,ARI incidence,2026-09-13,3,LT,quantile,0.2,136.16251896969683
2026-09-02,ARI incidence,2026-09-13,3,LT,quantile,0.35,183.02351709952723
2026-09-02,ARI incidence,2026-09-13,3,LT,quantile,0.7,327.5391240997337
2026-09-02,ARI incidence,2026-09-13,3,LT,quantile,0.65,301.3745868748047
2026-09-02,ARI incidence,2026-09-13,3,LT,quantile,0.05,80.77709110384166
2026-09-02,ARI incidence,2026-09-13,3,LT,quantile,0.1,103.30177846291559
2026-09-02,ARI incidence,2026-09-13,3,LT,median,,233.1179877241144
2026-09-02,ARI incidence,2026-09-20,4,LT,quantile,0.975,1079.1069366164918
2026-09-02,ARI incidence,2026-09-20,4,LT,quantile,0.75,440.19911788396894
2026-09-02,ARI incidence,2026-09-20,4,LT,quantile,0.99,1410.8065380293897
2026-09-02,ARI incidence,2026-09-20,4,LT,quantile,0.95,856.7273600001911
2026-09-02,ARI incidence,2026-09-20,4,LT,quantile,0.8,495.07400271431004
2026-09-02,ARI incidence,2026-09-20,4,LT,quantile,0.85,565.5404398692996
2026-09-02,ARI incidence,2026-09-20,4,LT,quantile,0.9,671.8972211068252
2026-09-02,ARI incidence,2026-09-20,4,LT,quantile,0.35,206.47121571889033
2026-09-02,ARI incidence,2026-09-20,4,LT,quantile,0.25,167.09940390347265
2026-09-02,ARI incidence,2026-09-20,4,LT,quantile,0.3,186.1248132909359
2026-09-02,ARI incidence,2026-09-20,4,LT,quantile,0.5,273.92420626041445
2026-09-02,ARI incidence,2026-09-20,4,LT,quantile,0.7,396.13302089429385
2026-09-02,ARI incidence,2026-09-20,4,LT,quantile,0.01,52.158873475213085
2026-09-02,ARI incidence,2026-09-20,4,LT,quantile,0.025,67.18010933412768
2026-09-02,ARI incidence,2026-09-20,4,LT,quantile,0.2,147.28943102987307
2026-09-02,ARI incidence,2026-09-20,4,LT,quantile,0.65,358.7212179868952
2026-09-02,ARI incidence,2026-09-20,4,LT,quantile,0.05,83.59531667486291
2026-09-02,ARI incidence,2026-09-20,4,LT,quantile,0.15,129.38850975724495
2026-09-02,ARI incidence,2026-09-20,4,LT,quantile,0.55,298.9763319983098
2026-09-02,ARI incidence,2026-09-20,4,LT,quantile,0.6,326.9151965451325
2026-09-02,ARI incidence,2026-09-20,4,LT,quantile,0.45,249.74109194379827
2026-09-02,ARI incidence,2026-09-20,4,LT,quantile,0.4,227.68511989338367
2026-09-02,ARI incidence,2026-09-20,4,LT,quantile,0.1,108.90756794593749
2026-09-02,ARI incidence,2026-09-20,4,LT,median,,273.92420626041445
2026-09-02,ARI incidence,2026-08-30,1,LU,quantile,0.2,4906.630032045057
2026-09-02,ARI incidence,2026-08-30,1,LU,quantile,0.4,5580.622067528454
2026-09-02,ARI incidence,2026-08-30,1,LU,quantile,0.25,5087.591058650358
2026-09-02,ARI incidence,2026-08-30,1,LU,quantile,0.45,5738.568671177005
2026-09-02,ARI incidence,2026-08-30,1,LU,quantile,0.3,5264.967033006549
2026-09-02,ARI incidence,2026-08-30,1,LU,quantile,0.35,5422.915448848928
2026-09-02,ARI incidence,2026-08-30,1,LU,quantile,0.15,4691.061241464897
2026-09-02,ARI incidence,2026-08-30,1,LU,quantile,0.1,4448.8688178312195
2026-09-02,ARI incidence,2026-08-30,1,LU,quantile,0.55,6067.892213525332
2026-09-02,ARI incidence,2026-08-30,1,LU,quantile,0.01,3524.4252587720043
2026-09-02,ARI incidence,2026-08-30,1,LU,quantile,0.05,4105.7615559542755
2026-09-02,ARI incidence,2026-08-30,1,LU,quantile,0.5,5905.359982970651
2026-09-02,ARI incidence,2026-08-30,1,LU,quantile,0.6,6245.241888041775
2026-09-02,ARI incidence,2026-08-30,1,LU,quantile,0.65,6412.738871559128
2026-09-02,ARI incidence,2026-08-30,1,LU,quantile,0.025,3850.1828733874977
2026-09-02,ARI incidence,2026-08-30,1,LU,quantile,0.7,6619.310446411528
2026-09-02,ARI incidence,2026-08-30,1,LU,quantile,0.85,7394.871610985497
2026-09-02,ARI incidence,2026-08-30,1,LU,quantile,0.95,8488.862971304277
2026-09-02,ARI incidence,2026-08-30,1,LU,quantile,0.99,9666.284661014814
2026-09-02,ARI incidence,2026-08-30,1,LU,quantile,0.75,6846.790726376206
2026-09-02,ARI incidence,2026-08-30,1,LU,quantile,0.8,7103.1572352507965
2026-09-02,ARI incidence,2026-08-30,1,LU,quantile,0.975,9061.470243941309
2026-09-02,ARI incidence,2026-08-30,1,LU,quantile,0.9,7845.719641453405
2026-09-02,ARI incidence,2026-08-30,1,LU,median,,5905.359982970651
2026-09-02,ARI incidence,2026-09-06,2,LU,quantile,0.975,17870.047418405935
2026-09-02,ARI incidence,2026-09-06,2,LU,quantile,0.99,21179.236137825446
2026-09-02,ARI incidence,2026-09-06,2,LU,quantile,0.95,14982.633721617645
2026-09-02,ARI incidence,2026-09-06,2,LU,quantile,0.8,10048.311157356282
2026-09-02,ARI incidence,2026-09-06,2,LU,quantile,0.85,11112.848118867909
2026-09-02,ARI incidence,2026-09-06,2,LU,quantile,0.9,12581.472732352906
2026-09-02,ARI incidence,2026-09-06,2,LU,quantile,0.01,2052.5056356237096
2026-09-02,ARI incidence,2026-09-06,2,LU,quantile,0.025,2443.2862349548727
2026-09-02,ARI incidence,2026-09-06,2,LU,quantile,0.05,2850.2439165319406
2026-09-02,ARI incidence,2026-09-06,2,LU,quantile,0.1,3435.12889639169
2026-09-02,ARI incidence,2026-09-06,2,LU,quantile,0.15,3847.582460114641
2026-09-02,ARI incidence,2026-09-06,2,LU,quantile,0.2,4270.174321932859
2026-09-02,ARI incidence,2026-09-06,2,LU,quantile,0.25,4660.533808581699
2026-09-02,ARI incidence,2026-09-06,2,LU,quantile,0.3,5023.87611339927
2026-09-02,ARI incidence,2026-09-06,2,LU,quantile,0.35,5380.197912543218
2026-09-02,ARI incidence,2026-09-06,2,LU,quantile,0.4,5774.497856025372
2026-09-02,ARI incidence,2026-09-06,2,LU,quantile,0.45,6154.287547364888
2026-09-02,ARI incidence,2026-09-06,2,LU,quantile,0.5,6550.825309849997
2026-09-02,ARI incidence,2026-09-06,2,LU,quantile,0.55,6980.998973905297
2026-09-02,ARI incidence,2026-09-06,2,LU,quantile,0.65,7990.254291307606
2026-09-02,ARI incidence,2026-09-06,2,LU,quantile,0.7,8579.121735491342
2026-09-02,ARI incidence,2026-09-06,2,LU,quantile,0.75,9290.200622407594
2026-09-02,ARI incidence,2026-09-06,2,LU,quantile,0.6,7468.588454458413
2026-09-02,ARI incidence,2026-09-06,2,LU,median,,6550.825309849997
2026-09-02,ARI incidence,2026-09-13,3,LU,quantile,0.6,5137.760094889909
2026-09-02,ARI incidence,2026-09-13,3,LU,quantile,0.05,1624.7826837719545
2026-09-02,ARI incidence,2026-09-13,3,LU,quantile,0.35,3496.3065913224755
2026-09-02,ARI incidence,2026-09-13,3,LU,quantile,0.4,3761.4206223018355
2026-09-02,ARI incidence,2026-09-13,3,LU,quantile,0.45,4050.6803076657725
2026-09-02,ARI incidence,2026-09-13,3,LU,quantile,0.65,5576.740028798465
2026-09-02,ARI incidence,2026-09-13,3,LU,quantile,0.8,7379.436302173656
2026-09-02,ARI incidence,2026-09-13,3,LU,quantile,0.85,8343.820700310469
2026-09-02,ARI incidence,2026-09-13,3,LU,quantile,0.1,2043.1242272158993
2026-09-02,ARI incidence,2026-09-13,3,LU,quantile,0.15,2352.325213925002
2026-09-02,ARI incidence,2026-09-13,3,LU,quantile,0.3,3203.662046186741
2026-09-02,ARI incidence,2026-09-13,3,LU,quantile,0.2,2644.004932508388
2026-09-02,ARI incidence,2026-09-13,3,LU,quantile,0.25,2934.490242306134
2026-09-02,ARI incidence,2026-09-13,3,LU,quantile,0.5,4386.066609942967
2026-09-02,ARI incidence,2026-09-13,3,LU,quantile,0.55,4751.507595579229
2026-09-02,ARI incidence,2026-09-13,3,LU,quantile,0.7,6079.302695738999
2026-09-02,ARI incidence,2026-09-13,3,LU,quantile,0.75,6652.356318509528
2026-09-02,ARI incidence,2026-09-13,3,LU,quantile,0.9,9615.364252009942
2026-09-02,ARI incidence,2026-09-13,3,LU,quantile,0.01,1081.268992150563
2026-09-02,ARI incidence,2026-09-13,3,LU,quantile,0.025,1349.8434119693138
2026-09-02,ARI incidence,2026-09-13,3,LU,quantile,0.95,12081.126196754936
2026-09-02,ARI incidence,2026-09-13,3,LU,quantile,0.975,14859.752608676683
2026-09-02,ARI incidence,2026-09-13,3,LU,quantile,0.99,18502.334792095455
2026-09-02,ARI incidence,2026-09-13,3,LU,median,,4386.066609942967
2026-09-02,ARI incidence,2026-09-20,4,LU,quantile,0.95,17969.031027747682
2026-09-02,ARI incidence,2026-09-20,4,LU,quantile,0.9,14509.915610931446
2026-09-02,ARI incidence,2026-09-20,4,LU,quantile,0.85,12676.415992988397
2026-09-02,ARI incidence,2026-09-20,4,LU,quantile,0.65,8703.070113191705
2026-09-02,ARI incidence,2026-09-20,4,LU,quantile,0.35,5606.474462719825
2026-09-02,ARI incidence,2026-09-20,4,LU,quantile,0.8,11360.698970600091
2026-09-02,ARI incidence,2026-09-20,4,LU,quantile,0.975,21534.838049051184
2026-09-02,ARI incidence,2026-09-20,4,LU,quantile,0.6,8031.263542319338
2026-09-02,ARI incidence,2026-09-20,4,LU,quantile,0.25,4761.605857165811
2026-09-02,ARI incidence,2026-09-20,4,LU,quantile,0.3,5181.50255973763
2026-09-02,ARI incidence,2026-09-20,4,LU,quantile,0.55,7477.469380877746
2026-09-02,ARI incidence,2026-09-20,4,LU,quantile,0.99,26343.638567966587
2026-09-02,ARI incidence,2026-09-20,4,LU,quantile,0.7,9391.90871888247
2026-09-02,ARI incidence,2026-09-20,4,LU,quantile,0.75,10271.317894785341
2026-09-02,ARI incidence,2026-09-20,4,LU,quantile,0.4,6022.492222786741
2026-09-02,ARI incidence,2026-09-20,4,LU,quantile,0.5,6972.616899633267
2026-09-02,ARI incidence,2026-09-20,4,LU,quantile,0.01,1883.3320726129368
2026-09-02,ARI incidence,2026-09-20,4,LU,quantile,0.025,2302.263604656711
2026-09-02,ARI incidence,2026-09-20,4,LU,quantile,0.05,2720.700003894061
2026-09-02,ARI incidence,2026-09-20,4,LU,quantile,0.1,3376.1835037988603
2026-09-02,ARI incidence,2026-09-20,4,LU,quantile,0.15,3896.5107133247025
2026-09-02,ARI incidence,2026-09-20,4,LU,quantile,0.2,4372.276970585558
2026-09-02,ARI incidence,2026-09-20,4,LU,quantile,0.45,6480.4807298635915
2026-09-02,ARI incidence,2026-09-20,4,LU,median,,6972.616899633267
2026-09-02,ARI incidence,2026-08-30,1,NL,quantile,0.7,102.5500006796794
2026-09-02,ARI incidence,2026-08-30,1,NL,quantile,0.6,99.58547848358575
2026-09-02,ARI incidence,2026-08-30,1,NL,quantile,0.65,100.96057809348754
2026-09-02,ARI incidence,2026-08-30,1,NL,quantile,0.25,90.25578363246102
2026-09-02,ARI incidence,2026-08-30,1,NL,quantile,0.3,91.72600503966531
2026-09-02,ARI incidence,2026-08-30,1,NL,quantile,0.2,88.66625390012025
2026-09-02,ARI incidence,2026-08-30,1,NL,quantile,0.4,94.42553092200794
2026-09-02,ARI incidence,2026-08-30,1,NL,quantile,0.15,86.85163838451565
2026-09-02,ARI incidence,2026-08-30,1,NL,quantile,0.1,84.5863134254253
2026-09-02,ARI incidence,2026-08-30,1,NL,quantile,0.05,81.22479849345928
2026-09-02,ARI incidence,2026-08-30,1,NL,quantile,0.35,93.1690514218479
2026-09-02,ARI incidence,2026-08-30,1,NL,quantile,0.45,95.67272874389468
2026-09-02,ARI incidence,2026-08-30,1,NL,quantile,0.5,96.90620649022725
2026-09-02,ARI incidence,2026-08-30,1,NL,quantile,0.55,98.1959889846641
2026-09-02,ARI incidence,2026-08-30,1,NL,quantile,0.75,104.26090025930148
2026-09-02,ARI incidence,2026-08-30,1,NL,quantile,0.025,78.4601221418525
2026-09-02,ARI incidence,2026-08-30,1,NL,quantile,0.8,106.15147413317025
2026-09-02,ARI incidence,2026-08-30,1,NL,quantile,0.9,111.38788570973784
2026-09-02,ARI incidence,2026-08-30,1,NL,quantile,0.95,115.92971723573007
2026-09-02,ARI incidence,2026-08-30,1,NL,quantile,0.975,120.38687269152197
2026-09-02,ARI incidence,2026-08-30,1,NL,quantile,0.85,108.4578608155727
2026-09-02,ARI incidence,2026-08-30,1,NL,quantile,0.01,75.2597355475299
2026-09-02,ARI incidence,2026-08-30,1,NL,quantile,0.99,125.25445363665396
2026-09-02,ARI incidence,2026-08-30,1,NL,median,,96.90620649022725
2026-09-02,ARI incidence,2026-09-06,2,NL,quantile,0.01,69.54329007222356
2026-09-02,ARI incidence,2026-09-06,2,NL,quantile,0.25,86.34070398411342
2026-09-02,ARI incidence,2026-09-06,2,NL,quantile,0.975,121.24104689070353
2026-09-02,ARI incidence,2026-09-06,2,NL,quantile,0.99,127.67660258290393
2026-09-02,ARI incidence,2026-09-06,2,NL,quantile,0.025,73.1964027077202
2026-09-02,ARI incidence,2026-09-06,2,NL,quantile,0.15,82.18483969682084
2026-09-02,ARI incidence,2026-09-06,2,NL,quantile,0.2,84.42841889560947
2026-09-02,ARI incidence,2026-09-06,2,NL,quantile,0.4,91.126647904583
2026-09-02,ARI incidence,2026-09-06,2,NL,quantile,0.45,92.70223808629078
2026-09-02,ARI incidence,2026-09-06,2,NL,quantile,0.9,111.2432917246247
2026-09-02,ARI incidence,2026-09-06,2,NL,quantile,0.05,76.01312001429089
2026-09-02,ARI incidence,2026-09-06,2,NL,quantile,0.1,79.61424741850404
2026-09-02,ARI incidence,2026-09-06,2,NL,quantile,0.3,88.02226338449765
2026-09-02,ARI incidence,2026-09-06,2,NL,quantile,0.5,94.14232612151562
2026-09-02,ARI incidence,2026-09-06,2,NL,quantile,0.85,107.68285181328426
2026-09-02,ARI incidence,2026-09-06,2,NL,quantile,0.75,102.83419842570058
2026-09-02,ARI incidence,2026-09-06,2,NL,quantile,0.95,116.6767866493693
2026-09-02,ARI incidence,2026-09-06,2,NL,quantile,0.35,89.55658640933886
2026-09-02,ARI incidence,2026-09-06,2,NL,quantile,0.7,100.88217431813506
2026-09-02,ARI incidence,2026-09-06,2,NL,quantile,0.6,97.22296883271798
2026-09-02,ARI incidence,2026-09-06,2,NL,quantile,0.65,98.93835968892093
2026-09-02,ARI incidence,2026-09-06,2,NL,quantile,0.8,105.08758393169752
2026-09-02,ARI incidence,2026-09-06,2,NL,quantile,0.55,95.72665010267846
2026-09-02,ARI incidence,2026-09-06,2,NL,median,,94.14232612151562
2026-09-02,ARI incidence,2026-09-13,3,NL,quantile,0.3,90.5241051067348
2026-09-02,ARI incidence,2026-09-13,3,NL,quantile,0.01,71.07657489002945
2026-09-02,ARI incidence,2026-09-13,3,NL,quantile,0.15,84.70608529420713
2026-09-02,ARI incidence,2026-09-13,3,NL,quantile,0.2,86.79921360050332
2026-09-02,ARI incidence,2026-09-13,3,NL,quantile,0.25,88.85100890982037
2026-09-02,ARI incidence,2026-09-13,3,NL,quantile,0.45,95.59554290075151
2026-09-02,ARI incidence,2026-09-13,3,NL,quantile,0.75,106.3142755506903
2026-09-02,ARI incidence,2026-09-13,3,NL,quantile,0.8,108.70094867887515
2026-09-02,ARI incidence,2026-09-13,3,NL,quantile,0.025,74.62588581351251
2026-09-02,ARI incidence,2026-09-13,3,NL,quantile,0.05,77.59796346219004
2026-09-02,ARI incidence,2026-09-13,3,NL,quantile,0.1,81.66430854716354
2026-09-02,ARI incidence,2026-09-13,3,NL,quantile,0.35,92.2604875112346
2026-09-02,ARI incidence,2026-09-13,3,NL,quantile,0.4,93.95500918446061
2026-09-02,ARI incidence,2026-09-13,3,NL,quantile,0.85,111.75748486611428
2026-09-02,ARI incidence,2026-09-13,3,NL,quantile,0.9,115.59762183823494
2026-09-02,ARI incidence,2026-09-13,3,NL,quantile,0.95,121.45093348829084
2026-09-02,ARI incidence,2026-09-13,3,NL,quantile,0.975,126.67783829236903
2026-09-02,ARI incidence,2026-09-13,3,NL,quantile,0.99,132.52068002610312
2026-09-02,ARI incidence,2026-09-13,3,NL,quantile,0.7,104.27438963736827
2026-09-02,ARI incidence,2026-09-13,3,NL,quantile,0.5,97.24515736264286
2026-09-02,ARI incidence,2026-09-13,3,NL,quantile,0.55,98.85035813622514
2026-09-02,ARI incidence,2026-09-13,3,NL,quantile,0.6,100.4849800649085
2026-09-02,ARI incidence,2026-09-13,3,NL,quantile,0.65,102.36383649075411
2026-09-02,ARI incidence,2026-09-13,3,NL,median,,97.24515736264286
2026-09-02,ARI incidence,2026-09-20,4,NL,quantile,0.65,95.21273780009673
2026-09-02,ARI incidence,2026-09-20,4,NL,quantile,0.7,97.76809360375144
2026-09-02,ARI incidence,2026-09-20,4,NL,quantile,0.6,92.7843133008783
2026-09-02,ARI incidence,2026-09-20,4,NL,quantile,0.8,103.817113072934
2026-09-02,ARI incidence,2026-09-20,4,NL,quantile,0.75,100.54144740906469
2026-09-02,ARI incidence,2026-09-20,4,NL,quantile,0.55,90.67320689141101
2026-09-02,ARI incidence,2026-09-20,4,NL,quantile,0.9,112.97956948638628
2026-09-02,ARI incidence,2026-09-20,4,NL,quantile,0.99,137.10194656299072
2026-09-02,ARI incidence,2026-09-20,4,NL,quantile,0.85,108.01186219472986
2026-09-02,ARI incidence,2026-09-20,4,NL,quantile,0.025,60.77949482366532
2026-09-02,ARI incidence,2026-09-20,4,NL,quantile,0.3,80.12810270787831
2026-09-02,ARI incidence,2026-09-20,4,NL,quantile,0.5,88.47964471681033
2026-09-02,ARI incidence,2026-09-20,4,NL,quantile,0.45,86.46209590683674
2026-09-02,ARI incidence,2026-09-20,4,NL,quantile,0.95,120.48616711847
2026-09-02,ARI incidence,2026-09-20,4,NL,quantile,0.975,127.5325472735776
2026-09-02,ARI incidence,2026-09-20,4,NL,quantile,0.01,56.92965727625324
2026-09-02,ARI incidence,2026-09-20,4,NL,quantile,0.25,77.8961977269058
2026-09-02,ARI incidence,2026-09-20,4,NL,quantile,0.2,75.27711327613753
2026-09-02,ARI incidence,2026-09-20,4,NL,quantile,0.35,82.20046542807106
2026-09-02,ARI incidence,2026-09-20,4,NL,quantile,0.4,84.33219922517584
2026-09-02,ARI incidence,2026-09-20,4,NL,quantile,0.15,72.53108563810397
2026-09-02,ARI incidence,2026-09-20,4,NL,quantile,0.1,69.18084598489293
2026-09-02,ARI incidence,2026-09-20,4,NL,quantile,0.05,64.31668394494945
2026-09-02,ARI incidence,2026-09-20,4,NL,median,,88.47964471681033
2026-09-02,ARI incidence,2026-08-30,1,SI,quantile,0.05,254.06357580892524
2026-09-02,ARI incidence,2026-08-30,1,SI,quantile,0.025,249.03294901279278
2026-09-02,ARI incidence,2026-08-30,1,SI,quantile,0.01,242.44048766336016
2026-09-02,ARI incidence,2026-08-30,1,SI,quantile,0.1,260.77239236917666
2026-09-02,ARI incidence,2026-08-30,1,SI,quantile,0.25,271.92442877168247
2026-09-02,ARI incidence,2026-08-30,1,SI,quantile,0.15,265.02597900618406
2026-09-02,ARI incidence,2026-08-30,1,SI,quantile,0.2,268.8192413427083
2026-09-02,ARI incidence,2026-08-30,1,SI,quantile,0.3,274.61585213394204
2026-09-02,ARI incidence,2026-08-30,1,SI,quantile,0.6,289.5184472589241
2026-09-02,ARI incidence,2026-08-30,1,SI,quantile,0.55,287.0152219644612
2026-09-02,ARI incidence,2026-08-30,1,SI,quantile,0.4,279.56859265050036
2026-09-02,ARI incidence,2026-08-30,1,SI,quantile,0.45,281.8913153448259
2026-09-02,ARI incidence,2026-08-30,1,SI,quantile,0.5,284.4543275992745
2026-09-02,ARI incidence,2026-08-30,1,SI,quantile,0.95,318.6046172263638
2026-09-02,ARI incidence,2026-08-30,1,SI,quantile,0.65,292.2306176821795
2026-09-02,ARI incidence,2026-08-30,1,SI,quantile,0.7,294.91969914769817
2026-09-02,ARI incidence,2026-08-30,1,SI,quantile,0.35,276.8942123434931
2026-09-02,ARI incidence,2026-08-30,1,SI,quantile,0.9,310.7730815329646
2026-09-02,ARI incidence,2026-08-30,1,SI,quantile,0.99,335.35708609212116
2026-09-02,ARI incidence,2026-08-30,1,SI,quantile,0.975,326.10967702634525
2026-09-02,ARI incidence,2026-08-30,1,SI,quantile,0.85,305.5967888366667
2026-09-02,ARI incidence,2026-08-30,1,SI,quantile,0.8,301.5126998149331
2026-09-02,ARI incidence,2026-08-30,1,SI,quantile,0.75,298.058156454778
2026-09-02,ARI incidence,2026-08-30,1,SI,median,,284.4543275992745
2026-09-02,ARI incidence,2026-09-06,2,SI,quantile,0.6,253.39001507386354
2026-09-02,ARI incidence,2026-09-06,2,SI,quantile,0.65,263.3216095333876
2026-09-02,ARI incidence,2026-09-06,2,SI,quantile,0.55,245.93732774829505
2026-09-02,ARI incidence,2026-09-06,2,SI,quantile,0.45,230.50062833405488
2026-09-02,ARI incidence,2026-09-06,2,SI,quantile,0.95,368.94691451065296
2026-09-02,ARI incidence,2026-09-06,2,SI,quantile,0.9,334.69452976751546
2026-09-02,ARI incidence,2026-09-06,2,SI,quantile,0.99,439.59606635873814
2026-09-02,ARI incidence,2026-09-06,2,SI,quantile,0.5,238.01668853696748
2026-09-02,ARI incidence,2026-09-06,2,SI,quantile,0.85,312.9678688099364
2026-09-02,ARI incidence,2026-09-06,2,SI,quantile,0.975,399.7811603264681
2026-09-02,ARI incidence,2026-09-06,2,SI,quantile,0.4,222.58743636975163
2026-09-02,ARI incidence,2026-09-06,2,SI,quantile,0.7,273.11004115691856
2026-09-02,ARI incidence,2026-09-06,2,SI,quantile,0.75,285.00850622974673
2026-09-02,ARI incidence,2026-09-06,2,SI,quantile,0.01,131.12953568592533
2026-09-02,ARI incidence,2026-09-06,2,SI,quantile,0.05,155.75968561881155
2026-09-02,ARI incidence,2026-09-06,2,SI,quantile,0.35,215.2130033438509
2026-09-02,ARI incidence,2026-09-06,2,SI,quantile,0.8,297.24056605491256
2026-09-02,ARI incidence,2026-09-06,2,SI,quantile,0.025,143.64273342713415
2026-09-02,ARI incidence,2026-09-06,2,SI,quantile,0.1,170.4348753348016
2026-09-02,ARI incidence,2026-09-06,2,SI,quantile,0.15,181.4103575897391
2026-09-02,ARI incidence,2026-09-06,2,SI,quantile,0.25,199.37502316027303
2026-09-02,ARI incidence,2026-09-06,2,SI,quantile,0.3,207.07799865521397
2026-09-02,ARI incidence,2026-09-06,2,SI,quantile,0.2,191.21721463549935
2026-09-02,ARI incidence,2026-09-06,2,SI,median,,238.01668853696748
2026-09-02,ARI incidence,2026-09-13,3,SI,quantile,0.01,154.08810669948636
2026-09-02,ARI incidence,2026-09-13,3,SI,quantile,0.95,448.24657986157115
2026-09-02,ARI incidence,2026-09-13,3,SI,quantile,0.55,296.2662290651872
2026-09-02,ARI incidence,2026-09-13,3,SI,quantile,0.975,489.1467431553836
2026-09-02,ARI incidence,2026-09-13,3,SI,quantile,0.99,550.4693847924145
2026-09-02,ARI incidence,2026-09-13,3,SI,quantile,0.15,216.77025174773888
2026-09-02,ARI incidence,2026-09-13,3,SI,quantile,0.5,286.4358709498074
2026-09-02,ARI incidence,2026-09-13,3,SI,quantile,0.6,306.6803424201996
2026-09-02,ARI incidence,2026-09-13,3,SI,quantile,0.65,318.79843225106305
2026-09-02,ARI incidence,2026-09-13,3,SI,quantile,0.7,331.35038209841883
2026-09-02,ARI incidence,2026-09-13,3,SI,quantile,0.1,202.66234748046497
2026-09-02,ARI incidence,2026-09-13,3,SI,quantile,0.75,345.1106270969667
2026-09-02,ARI incidence,2026-09-13,3,SI,quantile,0.9,408.4841046117111
2026-09-02,ARI incidence,2026-09-13,3,SI,quantile,0.85,382.3355547071213
2026-09-02,ARI incidence,2026-09-13,3,SI,quantile,0.45,277.02892777079705
2026-09-02,ARI incidence,2026-09-13,3,SI,quantile,0.025,168.5448791589935
2026-09-02,ARI incidence,2026-09-13,3,SI,quantile,0.05,183.66800966603827
2026-09-02,ARI incidence,2026-09-13,3,SI,quantile,0.4,267.95417759610143
2026-09-02,ARI incidence,2026-09-13,3,SI,quantile,0.35,258.4482108407067
2026-09-02,ARI incidence,2026-09-13,3,SI,quantile,0.8,362.3023462462338
2026-09-02,ARI incidence,2026-09-13,3,SI,quantile,0.2,228.1800803552738
2026-09-02,ARI incidence,2026-09-13,3,SI,quantile,0.3,248.8030166370486
2026-09-02,ARI incidence,2026-09-13,3,SI,quantile,0.25,239.07897207700074
2026-09-02,ARI incidence,2026-09-13,3,SI,median,,286.4358709498074
2026-09-02,ARI incidence,2026-09-20,4,SI,quantile,0.65,292.24974761414387
2026-09-02,ARI incidence,2026-09-20,4,SI,quantile,0.7,296.06294380342706
2026-09-02,ARI incidence,2026-09-20,4,SI,quantile,0.45,278.60645979956365
2026-09-02,ARI incidence,2026-09-20,4,SI,quantile,0.55,285.1464682873242
2026-09-02,ARI incidence,2026-09-20,4,SI,quantile,0.85,311.0013082243705
2026-09-02,ARI incidence,2026-09-20,4,SI,quantile,0.5,281.95345347038045
2026-09-02,ARI incidence,2026-09-20,4,SI,quantile,0.4,275.08974564102147
2026-09-02,ARI incidence,2026-09-20,4,SI,quantile,0.8,305.095982196059
2026-09-02,ARI incidence,2026-09-20,4,SI,quantile,0.6,288.74744736291007
2026-09-02,ARI incidence,2026-09-20,4,SI,quantile,0.75,300.2827812823717
2026-09-02,ARI incidence,2026-09-20,4,SI,quantile,0.9,318.219479852712
2026-09-02,ARI incidence,2026-09-20,4,SI,quantile,0.35,271.4500338940561
2026-09-02,ARI incidence,2026-09-20,4,SI,quantile,0.3,267.7539516522786
2026-09-02,ARI incidence,2026-09-20,4,SI,quantile,0.2,259.94936008256605
2026-09-02,ARI incidence,2026-09-20,4,SI,quantile,0.95,329.7615524288053
2026-09-02,ARI incidence,2026-09-20,4,SI,quantile,0.975,340.55203165503843
2026-09-02,ARI incidence,2026-09-20,4,SI,quantile,0.25,264.0846662556793
2026-09-02,ARI incidence,2026-09-20,4,SI,quantile,0.1,248.76446050950054
2026-09-02,ARI incidence,2026-09-20,4,SI,quantile,0.99,351.7090575232863
2026-09-02,ARI incidence,2026-09-20,4,SI,quantile,0.15,254.8862839532983
2026-09-02,ARI incidence,2026-09-20,4,SI,quantile,0.05,239.91933582881472
2026-09-02,ARI incidence,2026-09-20,4,SI,quantile,0.025,232.68633917665173
2026-09-02,ARI incidence,2026-09-20,4,SI,quantile,0.01,225.37836747248207
2026-09-02,ARI incidence,2026-09-20,4,SI,median,,281.95345347038045
