origin_date,target,target_end_date,horizon,location,output_type,output_type_id,value
2026-09-16,ARI incidence,2026-09-13,1,BE,quantile,0.99,670.2182636151795
2026-09-16,ARI incidence,2026-09-13,1,BE,quantile,0.975,634.6816915370536
2026-09-16,ARI incidence,2026-09-13,1,BE,quantile,0.95,606.8420204620842
2026-09-16,ARI incidence,2026-09-13,1,BE,quantile,0.9,575.772173244405
2026-09-16,ARI incidence,2026-09-13,1,BE,quantile,0.05,388.7721695116681
2026-09-16,ARI incidence,2026-09-13,1,BE,quantile,0.1,408.82350579706986
2026-09-16,ARI incidence,2026-09-13,1,BE,quantile,0.2,432.17177041400873
2026-09-16,ARI incidence,2026-09-13,1,BE,quantile,0.15,421.4980753038351
2026-09-16,ARI incidence,2026-09-13,1,BE,quantile,0.35,459.184057488185
2026-09-16,ARI incidence,2026-09-13,1,BE,quantile,0.25,442.29279450316943
2026-09-16,ARI incidence,2026-09-13,1,BE,quantile,0.85,557.0453164147839
2026-09-16,ARI incidence,2026-09-13,1,BE,quantile,0.8,542.6139985726313
2026-09-16,ARI incidence,2026-09-13,1,BE,quantile,0.3,451.13970856389744
2026-09-16,ARI incidence,2026-09-13,1,BE,quantile,0.65,509.77444851445557
2026-09-16,ARI incidence,2026-09-13,1,BE,quantile,0.75,530.3443267554827
2026-09-16,ARI incidence,2026-09-13,1,BE,quantile,0.025,372.5408414403399
2026-09-16,ARI incidence,2026-09-13,1,BE,quantile,0.7,519.6931319688032
2026-09-16,ARI incidence,2026-09-13,1,BE,quantile,0.01,354.8203749080066
2026-09-16,ARI incidence,2026-09-13,1,BE,quantile,0.55,492.37343214485975
2026-09-16,ARI incidence,2026-09-13,1,BE,quantile,0.4,467.6861518502325
2026-09-16,ARI incidence,2026-09-13,1,BE,quantile,0.6,500.9907493757129
2026-09-16,ARI incidence,2026-09-13,1,BE,quantile,0.45,475.9743782433868
2026-09-16,ARI incidence,2026-09-13,1,BE,quantile,0.5,484.28600522348984
2026-09-16,ARI incidence,2026-09-13,1,BE,median,,484.28600522348984
2026-09-16,ARI incidence,2026-09-20,2,BE,quantile,0.3,377.55983067734496
2026-09-16,ARI incidence,2026-09-20,2,BE,quantile,0.2,352.77967374732674
2026-09-16,ARI incidence,2026-09-20,2,BE,quantile,0.25,365.58286090806814
2026-09-16,ARI incidence,2026-09-20,2,BE,quantile,0.01,258.4015779077532
2026-09-16,ARI incidence,2026-09-20,2,BE,quantile,0.025,280.1279533826713
2026-09-16,ARI incidence,2026-09-20,2,BE,quantile,0.15,338.7790919612877
2026-09-16,ARI incidence,2026-09-20,2,BE,quantile,0.05,297.4838606422284
2026-09-16,ARI incidence,2026-09-20,2,BE,quantile,0.1,320.9700381155095
2026-09-16,ARI incidence,2026-09-20,2,BE,quantile,0.8,502.95367662381295
2026-09-16,ARI incidence,2026-09-20,2,BE,quantile,0.85,523.7798022366627
2026-09-16,ARI incidence,2026-09-20,2,BE,quantile,0.45,411.6899214057933
2026-09-16,ARI incidence,2026-09-20,2,BE,quantile,0.55,433.85770515103764
2026-09-16,ARI incidence,2026-09-20,2,BE,quantile,0.6,444.3359664054234
2026-09-16,ARI incidence,2026-09-20,2,BE,quantile,0.65,456.2767905902323
2026-09-16,ARI incidence,2026-09-20,2,BE,quantile,0.7,469.57119685854144
2026-09-16,ARI incidence,2026-09-20,2,BE,quantile,0.5,422.45038344742625
2026-09-16,ARI incidence,2026-09-20,2,BE,quantile,0.75,485.27571545494834
2026-09-16,ARI incidence,2026-09-20,2,BE,quantile,0.9,551.8359121271753
2026-09-16,ARI incidence,2026-09-20,2,BE,quantile,0.99,697.2074277866083
2026-09-16,ARI incidence,2026-09-20,2,BE,quantile,0.4,400.1983723958723
2026-09-16,ARI incidence,2026-09-20,2,BE,quantile,0.35,389.3245475158551
2026-09-16,ARI incidence,2026-09-20,2,BE,quantile,0.975,645.9588781766064
2026-09-16,ARI incidence,2026-09-20,2,BE,quantile,0.95,599.1585235597516
2026-09-16,ARI incidence,2026-09-20,2,BE,median,,422.45038344742625
2026-09-16,ARI incidence,2026-09-27,3,BE,quantile,0.9,446.6940313577246
2026-09-16,ARI incidence,2026-09-27,3,BE,quantile,0.95,459.2921451355256
2026-09-16,ARI incidence,2026-09-27,3,BE,quantile,0.975,472.23648167831226
2026-09-16,ARI incidence,2026-09-27,3,BE,quantile,0.99,487.9649826359301
2026-09-16,ARI incidence,2026-09-27,3,BE,quantile,0.01,333.99984630046237
2026-09-16,ARI incidence,2026-09-27,3,BE,quantile,0.025,343.6837682587012
2026-09-16,ARI incidence,2026-09-27,3,BE,quantile,0.05,353.3445443428451
2026-09-16,ARI incidence,2026-09-27,3,BE,quantile,0.1,363.353394462941
2026-09-16,ARI incidence,2026-09-27,3,BE,quantile,0.7,419.9932931630665
2026-09-16,ARI incidence,2026-09-27,3,BE,quantile,0.75,425.3828843579897
2026-09-16,ARI incidence,2026-09-27,3,BE,quantile,0.15,370.7785583220314
2026-09-16,ARI incidence,2026-09-27,3,BE,quantile,0.25,381.19700079091956
2026-09-16,ARI incidence,2026-09-27,3,BE,quantile,0.3,385.64113617120876
2026-09-16,ARI incidence,2026-09-27,3,BE,quantile,0.2,376.2875855973686
2026-09-16,ARI incidence,2026-09-27,3,BE,quantile,0.8,431.23290354540603
2026-09-16,ARI incidence,2026-09-27,3,BE,quantile,0.35,389.81101791169647
2026-09-16,ARI incidence,2026-09-27,3,BE,quantile,0.4,394.1530301312848
2026-09-16,ARI incidence,2026-09-27,3,BE,quantile,0.65,415.36488069640814
2026-09-16,ARI incidence,2026-09-27,3,BE,quantile,0.85,438.2736938834764
2026-09-16,ARI incidence,2026-09-27,3,BE,quantile,0.6,411.08118613694967
2026-09-16,ARI incidence,2026-09-27,3,BE,quantile,0.5,403.28966881614883
2026-09-16,ARI incidence,2026-09-27,3,BE,quantile,0.55,407.2350675701751
2026-09-16,ARI incidence,2026-09-27,3,BE,quantile,0.45,398.478188094533
2026-09-16,ARI incidence,2026-09-27,3,BE,median,,403.28966881614883
2026-09-16,ARI incidence,2026-10-04,4,BE,quantile,0.25,338.12595323122883
2026-09-16,ARI incidence,2026-10-04,4,BE,quantile,0.2,325.84443858233203
2026-09-16,ARI incidence,2026-10-04,4,BE,quantile,0.1,292.6993805370075
2026-09-16,ARI incidence,2026-10-04,4,BE,quantile,0.15,311.27496572712204
2026-09-16,ARI incidence,2026-10-04,4,BE,quantile,0.05,267.5178921197736
2026-09-16,ARI incidence,2026-10-04,4,BE,quantile,0.025,247.7872664455321
2026-09-16,ARI incidence,2026-10-04,4,BE,quantile,0.65,431.72981968052204
2026-09-16,ARI incidence,2026-10-04,4,BE,quantile,0.55,407.0452965353702
2026-09-16,ARI incidence,2026-10-04,4,BE,quantile,0.6,418.7268925345254
2026-09-16,ARI incidence,2026-10-04,4,BE,quantile,0.5,394.5693300862085
2026-09-16,ARI incidence,2026-10-04,4,BE,quantile,0.35,361.1824629252344
2026-09-16,ARI incidence,2026-10-04,4,BE,quantile,0.7,445.47368073800953
2026-09-16,ARI incidence,2026-10-04,4,BE,quantile,0.75,460.5255069347465
2026-09-16,ARI incidence,2026-10-04,4,BE,quantile,0.8,477.93791226009137
2026-09-16,ARI incidence,2026-10-04,4,BE,quantile,0.85,502.1612082081367
2026-09-16,ARI incidence,2026-10-04,4,BE,quantile,0.9,533.3039357074646
2026-09-16,ARI incidence,2026-10-04,4,BE,quantile,0.3,349.84808515932417
2026-09-16,ARI incidence,2026-10-04,4,BE,quantile,0.4,372.277274483631
2026-09-16,ARI incidence,2026-10-04,4,BE,quantile,0.45,383.7578139323466
2026-09-16,ARI incidence,2026-10-04,4,BE,quantile,0.975,628.5995166601924
2026-09-16,ARI incidence,2026-10-04,4,BE,quantile,0.99,688.8174406297196
2026-09-16,ARI incidence,2026-10-04,4,BE,quantile,0.95,580.5499607601879
2026-09-16,ARI incidence,2026-10-04,4,BE,quantile,0.01,228.3385601429586
2026-09-16,ARI incidence,2026-10-04,4,BE,median,,394.5693300862085
2026-09-16,ARI incidence,2026-09-13,1,BG,quantile,0.01,137.1523424583504
2026-09-16,ARI incidence,2026-09-13,1,BG,quantile,0.025,145.76953595403458
2026-09-16,ARI incidence,2026-09-13,1,BG,quantile,0.05,154.27046689681404
2026-09-16,ARI incidence,2026-09-13,1,BG,quantile,0.1,163.13628197627912
2026-09-16,ARI incidence,2026-09-13,1,BG,quantile,0.2,174.89291288357686
2026-09-16,ARI incidence,2026-09-13,1,BG,quantile,0.25,179.32177175549361
2026-09-16,ARI incidence,2026-09-13,1,BG,quantile,0.6,207.72836802928572
2026-09-16,ARI incidence,2026-09-13,1,BG,quantile,0.15,169.6706714068145
2026-09-16,ARI incidence,2026-09-13,1,BG,quantile,0.45,195.47068358586546
2026-09-16,ARI incidence,2026-09-13,1,BG,quantile,0.3,183.742385560994
2026-09-16,ARI incidence,2026-09-13,1,BG,quantile,0.65,212.25723353478404
2026-09-16,ARI incidence,2026-09-13,1,BG,quantile,0.5,199.2812434596275
2026-09-16,ARI incidence,2026-09-13,1,BG,quantile,0.55,203.15475000862054
2026-09-16,ARI incidence,2026-09-13,1,BG,quantile,0.35,187.7215796789897
2026-09-16,ARI incidence,2026-09-13,1,BG,quantile,0.4,191.44440637674785
2026-09-16,ARI incidence,2026-09-13,1,BG,quantile,0.7,217.3365312346636
2026-09-16,ARI incidence,2026-09-13,1,BG,quantile,0.75,222.3062671518581
2026-09-16,ARI incidence,2026-09-13,1,BG,quantile,0.8,228.28935985940151
2026-09-16,ARI incidence,2026-09-13,1,BG,quantile,0.99,287.23498385704994
2026-09-16,ARI incidence,2026-09-13,1,BG,quantile,0.975,271.205809902587
2026-09-16,ARI incidence,2026-09-13,1,BG,quantile,0.85,234.8469918814018
2026-09-16,ARI incidence,2026-09-13,1,BG,quantile,0.9,244.14251171859033
2026-09-16,ARI incidence,2026-09-13,1,BG,quantile,0.95,258.6285532413169
2026-09-16,ARI incidence,2026-09-13,1,BG,median,,199.2812434596275
2026-09-16,ARI incidence,2026-09-20,2,BG,quantile,0.25,210.4899314177316
2026-09-16,ARI incidence,2026-09-20,2,BG,quantile,0.4,221.28787035285336
2026-09-16,ARI incidence,2026-09-20,2,BG,quantile,0.15,201.37605936984193
2026-09-16,ARI incidence,2026-09-20,2,BG,quantile,0.2,206.38192704688637
2026-09-16,ARI incidence,2026-09-20,2,BG,quantile,0.35,217.71028614121894
2026-09-16,ARI incidence,2026-09-20,2,BG,quantile,0.1,195.26997119822994
2026-09-16,ARI incidence,2026-09-20,2,BG,quantile,0.3,214.13573439574526
2026-09-16,ARI incidence,2026-09-20,2,BG,quantile,0.01,170.91261612721706
2026-09-16,ARI incidence,2026-09-20,2,BG,quantile,0.025,179.37299155756043
2026-09-16,ARI incidence,2026-09-20,2,BG,quantile,0.05,186.51891399465106
2026-09-16,ARI incidence,2026-09-20,2,BG,quantile,0.8,252.17415086215826
2026-09-16,ARI incidence,2026-09-20,2,BG,quantile,0.75,246.86646744888785
2026-09-16,ARI incidence,2026-09-20,2,BG,quantile,0.55,231.77698801167134
2026-09-16,ARI incidence,2026-09-20,2,BG,quantile,0.95,277.94938110788996
2026-09-16,ARI incidence,2026-09-20,2,BG,quantile,0.45,225.03392202577342
2026-09-16,ARI incidence,2026-09-20,2,BG,quantile,0.5,228.3633311140295
2026-09-16,ARI incidence,2026-09-20,2,BG,quantile,0.6,234.9409424379279
2026-09-16,ARI incidence,2026-09-20,2,BG,quantile,0.7,242.80239808720853
2026-09-16,ARI incidence,2026-09-20,2,BG,quantile,0.85,258.47228843182353
2026-09-16,ARI incidence,2026-09-20,2,BG,quantile,0.9,265.74648634854236
2026-09-16,ARI incidence,2026-09-20,2,BG,quantile,0.65,238.7876004891711
2026-09-16,ARI incidence,2026-09-20,2,BG,quantile,0.975,287.9032636993443
2026-09-16,ARI incidence,2026-09-20,2,BG,quantile,0.99,300.3231200795848
2026-09-16,ARI incidence,2026-09-20,2,BG,median,,228.3633311140295
2026-09-16,ARI incidence,2026-09-27,3,BG,quantile,0.55,235.83566249578854
2026-09-16,ARI incidence,2026-09-27,3,BG,quantile,0.4,213.7606219301692
2026-09-16,ARI incidence,2026-09-27,3,BG,quantile,0.45,221.11939055303554
2026-09-16,ARI incidence,2026-09-27,3,BG,quantile,0.5,228.06828145947554
2026-09-16,ARI incidence,2026-09-27,3,BG,quantile,0.05,148.45819693685993
2026-09-16,ARI incidence,2026-09-27,3,BG,quantile,0.15,173.90399861277837
2026-09-16,ARI incidence,2026-09-27,3,BG,quantile,0.025,136.4918726696379
2026-09-16,ARI incidence,2026-09-27,3,BG,quantile,0.1,162.6281715166858
2026-09-16,ARI incidence,2026-09-27,3,BG,quantile,0.6,244.27740872267117
2026-09-16,ARI incidence,2026-09-27,3,BG,quantile,0.65,252.80897687663816
2026-09-16,ARI incidence,2026-09-27,3,BG,quantile,0.2,183.5351716427793
2026-09-16,ARI incidence,2026-09-27,3,BG,quantile,0.35,205.94083059904185
2026-09-16,ARI incidence,2026-09-27,3,BG,quantile,0.25,191.36567965800262
2026-09-16,ARI incidence,2026-09-27,3,BG,quantile,0.01,124.23704383193846
2026-09-16,ARI incidence,2026-09-27,3,BG,quantile,0.3,199.07692429693373
2026-09-16,ARI incidence,2026-09-27,3,BG,quantile,0.7,262.1577976702531
2026-09-16,ARI incidence,2026-09-27,3,BG,quantile,0.8,284.2692073306402
2026-09-16,ARI incidence,2026-09-27,3,BG,quantile,0.99,418.5201580916567
2026-09-16,ARI incidence,2026-09-27,3,BG,quantile,0.75,272.4635564370415
2026-09-16,ARI incidence,2026-09-27,3,BG,quantile,0.95,350.8311354226484
2026-09-16,ARI incidence,2026-09-27,3,BG,quantile,0.9,319.8254140701435
2026-09-16,ARI incidence,2026-09-27,3,BG,quantile,0.975,381.12141704924153
2026-09-16,ARI incidence,2026-09-27,3,BG,quantile,0.85,299.0228775800165
2026-09-16,ARI incidence,2026-09-27,3,BG,median,,228.06828145947554
2026-09-16,ARI incidence,2026-10-04,4,BG,quantile,0.99,440.3350839480496
2026-09-16,ARI incidence,2026-10-04,4,BG,quantile,0.6,271.63592246705076
2026-09-16,ARI incidence,2026-10-04,4,BG,quantile,0.65,279.8872883801438
2026-09-16,ARI incidence,2026-10-04,4,BG,quantile,0.975,403.08542089394183
2026-09-16,ARI incidence,2026-10-04,4,BG,quantile,0.7,289.1884451954629
2026-09-16,ARI incidence,2026-10-04,4,BG,quantile,0.95,371.6925901827067
2026-09-16,ARI incidence,2026-10-04,4,BG,quantile,0.8,310.6524709158877
2026-09-16,ARI incidence,2026-10-04,4,BG,quantile,0.55,263.5593146548512
2026-09-16,ARI incidence,2026-10-04,4,BG,quantile,0.9,343.4837740030612
2026-09-16,ARI incidence,2026-10-04,4,BG,quantile,0.85,324.84643909831226
2026-09-16,ARI incidence,2026-10-04,4,BG,quantile,0.5,256.04573664678003
2026-09-16,ARI incidence,2026-10-04,4,BG,quantile,0.75,299.29208486624054
2026-09-16,ARI incidence,2026-10-04,4,BG,quantile,0.45,248.8191195151918
2026-09-16,ARI incidence,2026-10-04,4,BG,quantile,0.4,241.84178764527923
2026-09-16,ARI incidence,2026-10-04,4,BG,quantile,0.25,220.3454368598494
2026-09-16,ARI incidence,2026-10-04,4,BG,quantile,0.35,234.90766647387997
2026-09-16,ARI incidence,2026-10-04,4,BG,quantile,0.05,177.45274339982495
2026-09-16,ARI incidence,2026-10-04,4,BG,quantile,0.15,203.30631695930364
2026-09-16,ARI incidence,2026-10-04,4,BG,quantile,0.1,193.04911423033778
2026-09-16,ARI incidence,2026-10-04,4,BG,quantile,0.3,227.54069891892698
2026-09-16,ARI incidence,2026-10-04,4,BG,quantile,0.025,164.17414933791247
2026-09-16,ARI incidence,2026-10-04,4,BG,quantile,0.2,212.17085601668992
2026-09-16,ARI incidence,2026-10-04,4,BG,quantile,0.01,151.31344188861274
2026-09-16,ARI incidence,2026-10-04,4,BG,median,,256.04573664678003
2026-09-16,ARI incidence,2026-09-13,1,CY,quantile,0.3,3861.455305904281
2026-09-16,ARI incidence,2026-09-13,1,CY,quantile,0.35,3920.1525719107067
2026-09-16,ARI incidence,2026-09-13,1,CY,quantile,0.25,3794.795250051916
2026-09-16,ARI incidence,2026-09-13,1,CY,quantile,0.55,4138.386226167965
2026-09-16,ARI incidence,2026-09-13,1,CY,quantile,0.4,3973.3419015563777
2026-09-16,ARI incidence,2026-09-13,1,CY,quantile,0.65,4256.941228470192
2026-09-16,ARI incidence,2026-09-13,1,CY,quantile,0.45,4031.8889307867253
2026-09-16,ARI incidence,2026-09-13,1,CY,quantile,0.5,4082.3035557320472
2026-09-16,ARI incidence,2026-09-13,1,CY,quantile,0.6,4194.810101601898
2026-09-16,ARI incidence,2026-09-13,1,CY,quantile,0.2,3730.098883026288
2026-09-16,ARI incidence,2026-09-13,1,CY,quantile,0.15,3652.642481754532
2026-09-16,ARI incidence,2026-09-13,1,CY,quantile,0.05,3418.637015528955
2026-09-16,ARI incidence,2026-09-13,1,CY,quantile,0.1,3550.082900656696
2026-09-16,ARI incidence,2026-09-13,1,CY,quantile,0.75,4395.704607691604
2026-09-16,ARI incidence,2026-09-13,1,CY,quantile,0.7,4323.184928881944
2026-09-16,ARI incidence,2026-09-13,1,CY,quantile,0.01,3182.1752478695817
2026-09-16,ARI incidence,2026-09-13,1,CY,quantile,0.025,3316.2083291478216
2026-09-16,ARI incidence,2026-09-13,1,CY,quantile,0.85,4573.596796337733
2026-09-16,ARI incidence,2026-09-13,1,CY,quantile,0.8,4475.30941475712
2026-09-16,ARI incidence,2026-09-13,1,CY,quantile,0.9,4692.885268115878
2026-09-16,ARI incidence,2026-09-13,1,CY,quantile,0.95,4873.429613401978
2026-09-16,ARI incidence,2026-09-13,1,CY,quantile,0.99,5263.200314614593
2026-09-16,ARI incidence,2026-09-13,1,CY,quantile,0.975,5031.727695064967
2026-09-16,ARI incidence,2026-09-13,1,CY,median,,4082.3035557320472
2026-09-16,ARI incidence,2026-09-20,2,CY,quantile,0.6,4199.413014424393
2026-09-16,ARI incidence,2026-09-20,2,CY,quantile,0.4,3853.7941522542105
2026-09-16,ARI incidence,2026-09-20,2,CY,quantile,0.55,4104.517409632035
2026-09-16,ARI incidence,2026-09-20,2,CY,quantile,0.3,3684.1689413934737
2026-09-16,ARI incidence,2026-09-20,2,CY,quantile,0.35,3772.0992027681305
2026-09-16,ARI incidence,2026-09-20,2,CY,quantile,0.2,3498.3089482928344
2026-09-16,ARI incidence,2026-09-20,2,CY,quantile,0.25,3594.7049037383645
2026-09-16,ARI incidence,2026-09-20,2,CY,quantile,0.45,3934.1225035527987
2026-09-16,ARI incidence,2026-09-20,2,CY,quantile,0.5,4015.3151227339613
2026-09-16,ARI incidence,2026-09-20,2,CY,quantile,0.15,3384.5644343791932
2026-09-16,ARI incidence,2026-09-20,2,CY,quantile,0.65,4294.510565684914
2026-09-16,ARI incidence,2026-09-20,2,CY,quantile,0.99,5988.5610006737625
2026-09-16,ARI incidence,2026-09-20,2,CY,quantile,0.1,3253.499490949354
2026-09-16,ARI incidence,2026-09-20,2,CY,quantile,0.05,3062.249130937828
2026-09-16,ARI incidence,2026-09-20,2,CY,quantile,0.7,4401.034395841744
2026-09-16,ARI incidence,2026-09-20,2,CY,quantile,0.975,5663.9896217035575
2026-09-16,ARI incidence,2026-09-20,2,CY,quantile,0.025,2896.265042314783
2026-09-16,ARI incidence,2026-09-20,2,CY,quantile,0.95,5344.042696453363
2026-09-16,ARI incidence,2026-09-20,2,CY,quantile,0.8,4647.173340062805
2026-09-16,ARI incidence,2026-09-20,2,CY,quantile,0.85,4804.750019280713
2026-09-16,ARI incidence,2026-09-20,2,CY,quantile,0.9,5008.8617256913
2026-09-16,ARI incidence,2026-09-20,2,CY,quantile,0.01,2720.2862282754004
2026-09-16,ARI incidence,2026-09-20,2,CY,quantile,0.75,4513.265566042649
2026-09-16,ARI incidence,2026-09-20,2,CY,median,,4015.3151227339613
2026-09-16,ARI incidence,2026-09-27,3,CY,quantile,0.99,7312.130784703325
2026-09-16,ARI incidence,2026-09-27,3,CY,quantile,0.975,6759.2863285026615
2026-09-16,ARI incidence,2026-09-27,3,CY,quantile,0.9,5852.80391702186
2026-09-16,ARI incidence,2026-09-27,3,CY,quantile,0.95,6317.6330467391845
2026-09-16,ARI incidence,2026-09-27,3,CY,quantile,0.85,5545.692289384114
2026-09-16,ARI incidence,2026-09-27,3,CY,quantile,0.8,5319.555701808123
2026-09-16,ARI incidence,2026-09-27,3,CY,quantile,0.7,4970.465979882252
2026-09-16,ARI incidence,2026-09-27,3,CY,quantile,0.65,4830.039064580778
2026-09-16,ARI incidence,2026-09-27,3,CY,quantile,0.75,5142.112887293817
2026-09-16,ARI incidence,2026-09-27,3,CY,quantile,0.4,4192.014977400951
2026-09-16,ARI incidence,2026-09-27,3,CY,quantile,0.6,4690.747853798008
2026-09-16,ARI incidence,2026-09-27,3,CY,quantile,0.45,4316.0992721334005
2026-09-16,ARI incidence,2026-09-27,3,CY,quantile,0.5,4437.777024005454
2026-09-16,ARI incidence,2026-09-27,3,CY,quantile,0.55,4567.922140746686
2026-09-16,ARI incidence,2026-09-27,3,CY,quantile,0.25,3817.868162001785
2026-09-16,ARI incidence,2026-09-27,3,CY,quantile,0.2,3676.6994656498573
2026-09-16,ARI incidence,2026-09-27,3,CY,quantile,0.35,4069.2907599678792
2026-09-16,ARI incidence,2026-09-27,3,CY,quantile,0.3,3943.6404281989107
2026-09-16,ARI incidence,2026-09-27,3,CY,quantile,0.15,3525.636327136791
2026-09-16,ARI incidence,2026-09-27,3,CY,quantile,0.1,3337.1783918886845
2026-09-16,ARI incidence,2026-09-27,3,CY,quantile,0.05,3075.9490979946327
2026-09-16,ARI incidence,2026-09-27,3,CY,quantile,0.01,2684.4088626077073
2026-09-16,ARI incidence,2026-09-27,3,CY,quantile,0.025,2871.0684208777425
2026-09-16,ARI incidence,2026-09-27,3,CY,median,,4437.777024005454
2026-09-16,ARI incidence,2026-10-04,4,CY,quantile,0.8,5030.155427050966
2026-09-16,ARI incidence,2026-10-04,4,CY,quantile,0.85,5240.454661796799
2026-09-16,ARI incidence,2026-10-04,4,CY,quantile,0.7,4705.806523664172
2026-09-16,ARI incidence,2026-10-04,4,CY,quantile,0.9,5526.869793812271
2026-09-16,ARI incidence,2026-10-04,4,CY,quantile,0.65,4569.335894305534
2026-09-16,ARI incidence,2026-10-04,4,CY,quantile,0.95,5950.83213536537
2026-09-16,ARI incidence,2026-10-04,4,CY,quantile,0.975,6346.893757841663
2026-09-16,ARI incidence,2026-10-04,4,CY,quantile,0.75,4857.634052588949
2026-09-16,ARI incidence,2026-10-04,4,CY,quantile,0.55,4325.480189338543
2026-09-16,ARI incidence,2026-10-04,4,CY,quantile,0.5,4211.815134964319
2026-09-16,ARI incidence,2026-10-04,4,CY,quantile,0.6,4443.160954291554
2026-09-16,ARI incidence,2026-10-04,4,CY,quantile,0.45,4101.426239837352
2026-09-16,ARI incidence,2026-10-04,4,CY,quantile,0.4,3990.2477696530955
2026-09-16,ARI incidence,2026-10-04,4,CY,quantile,0.99,6837.513365225143
2026-09-16,ARI incidence,2026-10-04,4,CY,quantile,0.2,3512.471941155466
2026-09-16,ARI incidence,2026-10-04,4,CY,quantile,0.15,3367.8135963449067
2026-09-16,ARI incidence,2026-10-04,4,CY,quantile,0.025,2759.3011210520704
2026-09-16,ARI incidence,2026-10-04,4,CY,quantile,0.3,3758.674095336789
2026-09-16,ARI incidence,2026-10-04,4,CY,quantile,0.25,3642.425200248529
2026-09-16,ARI incidence,2026-10-04,4,CY,quantile,0.01,2532.246185973999
2026-09-16,ARI incidence,2026-10-04,4,CY,quantile,0.05,2978.527338313753
2026-09-16,ARI incidence,2026-10-04,4,CY,quantile,0.1,3200.6344090321513
2026-09-16,ARI incidence,2026-10-04,4,CY,quantile,0.35,3878.6470421839513
2026-09-16,ARI incidence,2026-10-04,4,CY,median,,4211.815134964319
2026-09-16,ARI incidence,2026-09-13,1,DE,quantile,0.99,777.6870131553611
2026-09-16,ARI incidence,2026-09-13,1,DE,quantile,0.975,753.2441567737876
2026-09-16,ARI incidence,2026-09-13,1,DE,quantile,0.95,732.8090373675844
2026-09-16,ARI incidence,2026-09-13,1,DE,quantile,0.8,683.3161710615562
2026-09-16,ARI incidence,2026-09-13,1,DE,quantile,0.85,695.531892919888
2026-09-16,ARI incidence,2026-09-13,1,DE,quantile,0.9,709.8051539652605
2026-09-16,ARI incidence,2026-09-13,1,DE,quantile,0.75,674.1311939884582
2026-09-16,ARI incidence,2026-09-13,1,DE,quantile,0.7,665.5770934200523
2026-09-16,ARI incidence,2026-09-13,1,DE,quantile,0.65,658.1016355426809
2026-09-16,ARI incidence,2026-09-13,1,DE,quantile,0.5,637.5375797204877
2026-09-16,ARI incidence,2026-09-13,1,DE,quantile,0.6,650.7792500343413
2026-09-16,ARI incidence,2026-09-13,1,DE,quantile,0.55,644.1551178007868
2026-09-16,ARI incidence,2026-09-13,1,DE,quantile,0.45,630.7801598537287
2026-09-16,ARI incidence,2026-09-13,1,DE,quantile,0.35,616.4042211562374
2026-09-16,ARI incidence,2026-09-13,1,DE,quantile,0.4,623.8591970195005
2026-09-16,ARI incidence,2026-09-13,1,DE,quantile,0.25,601.2244349498602
2026-09-16,ARI incidence,2026-09-13,1,DE,quantile,0.3,609.2284419796677
2026-09-16,ARI incidence,2026-09-13,1,DE,quantile,0.1,569.8967315092898
2026-09-16,ARI incidence,2026-09-13,1,DE,quantile,0.05,551.6240554274251
2026-09-16,ARI incidence,2026-09-13,1,DE,quantile,0.15,581.8071724722365
2026-09-16,ARI incidence,2026-09-13,1,DE,quantile,0.2,592.4817979754232
2026-09-16,ARI incidence,2026-09-13,1,DE,quantile,0.01,520.9209306683427
2026-09-16,ARI incidence,2026-09-13,1,DE,quantile,0.025,536.8018781733829
2026-09-16,ARI incidence,2026-09-13,1,DE,median,,637.5375797204877
2026-09-16,ARI incidence,2026-09-20,2,DE,quantile,0.975,956.9631497479971
2026-09-16,ARI incidence,2026-09-20,2,DE,quantile,0.95,910.4123955740339
2026-09-16,ARI incidence,2026-09-20,2,DE,quantile,0.9,859.6610664335851
2026-09-16,ARI incidence,2026-09-20,2,DE,quantile,0.85,826.1677429124273
2026-09-16,ARI incidence,2026-09-20,2,DE,quantile,0.99,1011.6366860746168
2026-09-16,ARI incidence,2026-09-20,2,DE,quantile,0.8,802.9176503275157
2026-09-16,ARI incidence,2026-09-20,2,DE,quantile,0.7,763.2436405510892
2026-09-16,ARI incidence,2026-09-20,2,DE,quantile,0.75,782.156398614839
2026-09-16,ARI incidence,2026-09-20,2,DE,quantile,0.65,744.6107192876084
2026-09-16,ARI incidence,2026-09-20,2,DE,quantile,0.6,730.0962013658268
2026-09-16,ARI incidence,2026-09-20,2,DE,quantile,0.55,716.2334230923691
2026-09-16,ARI incidence,2026-09-20,2,DE,quantile,0.35,659.337297404217
2026-09-16,ARI incidence,2026-09-20,2,DE,quantile,0.4,673.6257785541775
2026-09-16,ARI incidence,2026-09-20,2,DE,quantile,0.5,702.1434414658374
2026-09-16,ARI incidence,2026-09-20,2,DE,quantile,0.45,688.2577732010199
2026-09-16,ARI incidence,2026-09-20,2,DE,quantile,0.2,612.9441905329517
2026-09-16,ARI incidence,2026-09-20,2,DE,quantile,0.25,628.6212586256556
2026-09-16,ARI incidence,2026-09-20,2,DE,quantile,0.3,644.166815790887
2026-09-16,ARI incidence,2026-09-20,2,DE,quantile,0.15,594.4453396937453
2026-09-16,ARI incidence,2026-09-20,2,DE,quantile,0.025,516.7999525016417
2026-09-16,ARI incidence,2026-09-20,2,DE,quantile,0.01,483.1528179053177
2026-09-16,ARI incidence,2026-09-20,2,DE,quantile,0.1,573.0360740318417
2026-09-16,ARI incidence,2026-09-20,2,DE,quantile,0.05,543.0709996080874
2026-09-16,ARI incidence,2026-09-20,2,DE,median,,702.1434414658374
2026-09-16,ARI incidence,2026-09-27,3,DE,quantile,0.99,1484.4030947787985
2026-09-16,ARI incidence,2026-09-27,3,DE,quantile,0.85,1052.4941138161555
2026-09-16,ARI incidence,2026-09-27,3,DE,quantile,0.7,907.1763541137574
2026-09-16,ARI incidence,2026-09-27,3,DE,quantile,0.8,992.238311344868
2026-09-16,ARI incidence,2026-09-27,3,DE,quantile,0.65,871.1277815038818
2026-09-16,ARI incidence,2026-09-27,3,DE,quantile,0.55,807.6412029408417
2026-09-16,ARI incidence,2026-09-27,3,DE,quantile,0.6,839.1181505491742
2026-09-16,ARI incidence,2026-09-27,3,DE,quantile,0.75,946.4831462635746
2026-09-16,ARI incidence,2026-09-27,3,DE,quantile,0.975,1357.951131268789
2026-09-16,ARI incidence,2026-09-27,3,DE,quantile,0.5,778.0863383350802
2026-09-16,ARI incidence,2026-09-27,3,DE,quantile,0.9,1132.061610094263
2026-09-16,ARI incidence,2026-09-27,3,DE,quantile,0.95,1246.396155430296
2026-09-16,ARI incidence,2026-09-27,3,DE,quantile,0.4,725.5181971910202
2026-09-16,ARI incidence,2026-09-27,3,DE,quantile,0.45,751.3356361111289
2026-09-16,ARI incidence,2026-09-27,3,DE,quantile,0.2,613.537214683997
2026-09-16,ARI incidence,2026-09-27,3,DE,quantile,0.35,697.9113943370545
2026-09-16,ARI incidence,2026-09-27,3,DE,quantile,0.25,644.8458723231196
2026-09-16,ARI incidence,2026-09-27,3,DE,quantile,0.05,483.45929452723726
2026-09-16,ARI incidence,2026-09-27,3,DE,quantile,0.1,538.191458317841
2026-09-16,ARI incidence,2026-09-27,3,DE,quantile,0.15,578.4616191065091
2026-09-16,ARI incidence,2026-09-27,3,DE,quantile,0.3,670.4418891446155
2026-09-16,ARI incidence,2026-09-27,3,DE,quantile,0.025,440.7664940454209
2026-09-16,ARI incidence,2026-09-27,3,DE,quantile,0.01,394.75847114506485
2026-09-16,ARI incidence,2026-09-27,3,DE,median,,778.0863383350802
2026-09-16,ARI incidence,2026-10-04,4,DE,quantile,0.05,411.46269268349
2026-09-16,ARI incidence,2026-10-04,4,DE,quantile,0.25,622.1250092926334
2026-09-16,ARI incidence,2026-10-04,4,DE,quantile,0.2,581.3023321351016
2026-09-16,ARI incidence,2026-10-04,4,DE,quantile,0.15,535.8564891191868
2026-09-16,ARI incidence,2026-10-04,4,DE,quantile,0.1,481.2149300740835
2026-09-16,ARI incidence,2026-10-04,4,DE,quantile,0.025,359.34610195771467
2026-09-16,ARI incidence,2026-10-04,4,DE,quantile,0.01,312.38939427279433
2026-09-16,ARI incidence,2026-10-04,4,DE,quantile,0.35,703.8422437122031
2026-09-16,ARI incidence,2026-10-04,4,DE,quantile,0.3,663.6744687410423
2026-09-16,ARI incidence,2026-10-04,4,DE,quantile,0.45,784.5171549023323
2026-09-16,ARI incidence,2026-10-04,4,DE,quantile,0.4,741.3768466562358
2026-09-16,ARI incidence,2026-10-04,4,DE,quantile,0.5,827.8776766302439
2026-09-16,ARI incidence,2026-10-04,4,DE,quantile,0.55,875.7100371687786
2026-09-16,ARI incidence,2026-10-04,4,DE,quantile,0.6,927.5914346534244
2026-09-16,ARI incidence,2026-10-04,4,DE,quantile,0.975,1907.4705030022278
2026-09-16,ARI incidence,2026-10-04,4,DE,quantile,0.65,980.49811496969
2026-09-16,ARI incidence,2026-10-04,4,DE,quantile,0.99,2219.2617899021984
2026-09-16,ARI incidence,2026-10-04,4,DE,quantile,0.95,1661.29509509048
2026-09-16,ARI incidence,2026-10-04,4,DE,quantile,0.9,1430.4391340056982
2026-09-16,ARI incidence,2026-10-04,4,DE,quantile,0.85,1289.2711543855219
2026-09-16,ARI incidence,2026-10-04,4,DE,quantile,0.8,1190.8810099047157
2026-09-16,ARI incidence,2026-10-04,4,DE,quantile,0.7,1042.67116412369
2026-09-16,ARI incidence,2026-10-04,4,DE,quantile,0.75,1116.4690214385805
2026-09-16,ARI incidence,2026-10-04,4,DE,median,,827.8776766302439
2026-09-16,ARI incidence,2026-09-13,1,EE,quantile,0.9,161.014949203043
2026-09-16,ARI incidence,2026-09-13,1,EE,quantile,0.95,165.44355910423573
2026-09-16,ARI incidence,2026-09-13,1,EE,quantile,0.85,158.45333575857046
2026-09-16,ARI incidence,2026-09-13,1,EE,quantile,0.975,169.36105460056424
2026-09-16,ARI incidence,2026-09-13,1,EE,quantile,0.4,144.623282665023
2026-09-16,ARI incidence,2026-09-13,1,EE,quantile,0.45,145.91384948303445
2026-09-16,ARI incidence,2026-09-13,1,EE,quantile,0.99,173.5680908170285
2026-09-16,ARI incidence,2026-09-13,1,EE,quantile,0.8,156.30322322577254
2026-09-16,ARI incidence,2026-09-13,1,EE,quantile,0.75,154.51547163621328
2026-09-16,ARI incidence,2026-09-13,1,EE,quantile,0.7,152.80317987121433
2026-09-16,ARI incidence,2026-09-13,1,EE,quantile,0.2,138.86278983110506
2026-09-16,ARI incidence,2026-09-13,1,EE,quantile,0.25,140.46702620995532
2026-09-16,ARI incidence,2026-09-13,1,EE,quantile,0.35,143.31591045295002
2026-09-16,ARI incidence,2026-09-13,1,EE,quantile,0.6,149.9057280816447
2026-09-16,ARI incidence,2026-09-13,1,EE,quantile,0.65,151.3612571803916
2026-09-16,ARI incidence,2026-09-13,1,EE,quantile,0.3,141.92033343751675
2026-09-16,ARI incidence,2026-09-13,1,EE,quantile,0.025,128.16432047744235
2026-09-16,ARI incidence,2026-09-13,1,EE,quantile,0.55,148.58479357846576
2026-09-16,ARI incidence,2026-09-13,1,EE,quantile,0.01,124.91758789018527
2026-09-16,ARI incidence,2026-09-13,1,EE,quantile,0.5,147.26356371762486
2026-09-16,ARI incidence,2026-09-13,1,EE,quantile,0.1,134.45654179230542
2026-09-16,ARI incidence,2026-09-13,1,EE,quantile,0.15,136.89038271663134
2026-09-16,ARI incidence,2026-09-13,1,EE,quantile,0.05,131.1809835305212
2026-09-16,ARI incidence,2026-09-13,1,EE,median,,147.26356371762486
2026-09-16,ARI incidence,2026-09-20,2,EE,quantile,0.2,143.82762314212331
2026-09-16,ARI incidence,2026-09-20,2,EE,quantile,0.1,136.11272371841656
2026-09-16,ARI incidence,2026-09-20,2,EE,quantile,0.15,140.58040141563058
2026-09-16,ARI incidence,2026-09-20,2,EE,quantile,0.05,130.6679776333057
2026-09-16,ARI incidence,2026-09-20,2,EE,quantile,0.01,120.02109637598956
2026-09-16,ARI incidence,2026-09-20,2,EE,quantile,0.25,146.50112804118538
2026-09-16,ARI incidence,2026-09-20,2,EE,quantile,0.025,126.09281131039634
2026-09-16,ARI incidence,2026-09-20,2,EE,quantile,0.3,149.27098608634827
2026-09-16,ARI incidence,2026-09-20,2,EE,quantile,0.99,208.30019204422118
2026-09-16,ARI incidence,2026-09-20,2,EE,quantile,0.975,199.9021977257704
2026-09-16,ARI incidence,2026-09-20,2,EE,quantile,0.95,193.04017356714502
2026-09-16,ARI incidence,2026-09-20,2,EE,quantile,0.8,175.79484977495906
2026-09-16,ARI incidence,2026-09-20,2,EE,quantile,0.85,179.6575504942761
2026-09-16,ARI incidence,2026-09-20,2,EE,quantile,0.9,184.62835607090017
2026-09-16,ARI incidence,2026-09-20,2,EE,quantile,0.75,172.50415750975512
2026-09-16,ARI incidence,2026-09-20,2,EE,quantile,0.7,169.32288013910375
2026-09-16,ARI incidence,2026-09-20,2,EE,quantile,0.65,166.50795656167318
2026-09-16,ARI incidence,2026-09-20,2,EE,quantile,0.6,163.93743708069883
2026-09-16,ARI incidence,2026-09-20,2,EE,quantile,0.55,161.65580947691416
2026-09-16,ARI incidence,2026-09-20,2,EE,quantile,0.45,156.6464479610721
2026-09-16,ARI incidence,2026-09-20,2,EE,quantile,0.5,159.0657424162481
2026-09-16,ARI incidence,2026-09-20,2,EE,quantile,0.4,154.3508533244273
2026-09-16,ARI incidence,2026-09-20,2,EE,quantile,0.35,151.88748431197294
2026-09-16,ARI incidence,2026-09-20,2,EE,median,,159.0657424162481
2026-09-16,ARI incidence,2026-09-27,3,EE,quantile,0.8,167.1711389995503
2026-09-16,ARI incidence,2026-09-27,3,EE,quantile,0.85,172.07580160072527
2026-09-16,ARI incidence,2026-09-27,3,EE,quantile,0.9,178.4769221194846
2026-09-16,ARI incidence,2026-09-27,3,EE,quantile,0.7,159.75305431223606
2026-09-16,ARI incidence,2026-09-27,3,EE,quantile,0.75,163.12431938740457
2026-09-16,ARI incidence,2026-09-27,3,EE,quantile,0.65,156.8651148281897
2026-09-16,ARI incidence,2026-09-27,3,EE,quantile,0.6,153.86064805436408
2026-09-16,ARI incidence,2026-09-27,3,EE,quantile,0.55,150.80808427942486
2026-09-16,ARI incidence,2026-09-27,3,EE,quantile,0.1,122.71052684239956
2026-09-16,ARI incidence,2026-09-27,3,EE,quantile,0.5,147.7586659984149
2026-09-16,ARI incidence,2026-09-27,3,EE,quantile,0.95,188.20379160337947
2026-09-16,ARI incidence,2026-09-27,3,EE,quantile,0.45,145.17978335691907
2026-09-16,ARI incidence,2026-09-27,3,EE,quantile,0.05,116.72469786274523
2026-09-16,ARI incidence,2026-09-27,3,EE,quantile,0.025,111.52207301642134
2026-09-16,ARI incidence,2026-09-27,3,EE,quantile,0.15,127.37784786070846
2026-09-16,ARI incidence,2026-09-27,3,EE,quantile,0.35,139.9488598416853
2026-09-16,ARI incidence,2026-09-27,3,EE,quantile,0.4,142.5348236221278
2026-09-16,ARI incidence,2026-09-27,3,EE,quantile,0.975,197.07740504067195
2026-09-16,ARI incidence,2026-09-27,3,EE,quantile,0.99,208.54686047243874
2026-09-16,ARI incidence,2026-09-27,3,EE,quantile,0.01,104.8746368020876
2026-09-16,ARI incidence,2026-09-27,3,EE,quantile,0.2,130.93682224276472
2026-09-16,ARI incidence,2026-09-27,3,EE,quantile,0.3,136.95324657695704
2026-09-16,ARI incidence,2026-09-27,3,EE,quantile,0.25,134.00719570357245
2026-09-16,ARI incidence,2026-09-27,3,EE,median,,147.7586659984149
2026-09-16,ARI incidence,2026-10-04,4,EE,quantile,0.3,108.95731640759519
2026-09-16,ARI incidence,2026-10-04,4,EE,quantile,0.15,90.27711124732342
2026-09-16,ARI incidence,2026-10-04,4,EE,quantile,0.025,64.27301245313123
2026-09-16,ARI incidence,2026-10-04,4,EE,quantile,0.2,97.04181319162542
2026-09-16,ARI incidence,2026-10-04,4,EE,quantile,0.05,72.53626561120124
2026-09-16,ARI incidence,2026-10-04,4,EE,quantile,0.1,82.72770982661989
2026-09-16,ARI incidence,2026-10-04,4,EE,quantile,0.55,137.98395352205767
2026-09-16,ARI incidence,2026-10-04,4,EE,quantile,0.99,314.19374902487857
2026-09-16,ARI incidence,2026-10-04,4,EE,quantile,0.95,246.78048411634055
2026-09-16,ARI incidence,2026-10-04,4,EE,quantile,0.25,103.22274139360499
2026-09-16,ARI incidence,2026-10-04,4,EE,quantile,0.45,125.60767678709331
2026-09-16,ARI incidence,2026-10-04,4,EE,quantile,0.5,131.58821927697906
2026-09-16,ARI incidence,2026-10-04,4,EE,quantile,0.6,144.7365007019614
2026-09-16,ARI incidence,2026-10-04,4,EE,quantile,0.01,56.45128068309528
2026-09-16,ARI incidence,2026-10-04,4,EE,quantile,0.4,119.90071955400226
2026-09-16,ARI incidence,2026-10-04,4,EE,quantile,0.65,152.05755237371787
2026-09-16,ARI incidence,2026-10-04,4,EE,quantile,0.35,114.51924299194718
2026-09-16,ARI incidence,2026-10-04,4,EE,quantile,0.7,160.00236508397603
2026-09-16,ARI incidence,2026-10-04,4,EE,quantile,0.975,275.23443307276244
2026-09-16,ARI incidence,2026-10-04,4,EE,quantile,0.75,169.13158941342533
2026-09-16,ARI incidence,2026-10-04,4,EE,quantile,0.8,179.67763902022642
2026-09-16,ARI incidence,2026-10-04,4,EE,quantile,0.85,193.83518151654482
2026-09-16,ARI incidence,2026-10-04,4,EE,quantile,0.9,213.51236884796285
2026-09-16,ARI incidence,2026-10-04,4,EE,median,,131.58821927697906
2026-09-16,ARI incidence,2026-09-13,1,ES,quantile,0.9,296.9749831140769
2026-09-16,ARI incidence,2026-09-13,1,ES,quantile,0.85,292.03261081444185
2026-09-16,ARI incidence,2026-09-13,1,ES,quantile,0.75,284.7052466313194
2026-09-16,ARI incidence,2026-09-13,1,ES,quantile,0.8,288.14970822885266
2026-09-16,ARI incidence,2026-09-13,1,ES,quantile,0.95,304.6781542816278
2026-09-16,ARI incidence,2026-09-13,1,ES,quantile,0.55,273.77993701927113
2026-09-16,ARI incidence,2026-09-13,1,ES,quantile,0.7,281.5764477094437
2026-09-16,ARI incidence,2026-09-13,1,ES,quantile,0.99,320.58260948222807
2026-09-16,ARI incidence,2026-09-13,1,ES,quantile,0.65,278.66173646527386
2026-09-16,ARI incidence,2026-09-13,1,ES,quantile,0.5,271.3076198611136
2026-09-16,ARI incidence,2026-09-13,1,ES,quantile,0.6,276.2042530134553
2026-09-16,ARI incidence,2026-09-13,1,ES,quantile,0.975,311.8523324833741
2026-09-16,ARI incidence,2026-09-13,1,ES,quantile,0.45,268.81593077412515
2026-09-16,ARI incidence,2026-09-13,1,ES,quantile,0.4,266.3959198686668
2026-09-16,ARI incidence,2026-09-13,1,ES,quantile,0.2,255.22545565745946
2026-09-16,ARI incidence,2026-09-13,1,ES,quantile,0.35,263.8345173585383
2026-09-16,ARI incidence,2026-09-13,1,ES,quantile,0.3,261.2261816310882
2026-09-16,ARI incidence,2026-09-13,1,ES,quantile,0.15,251.78065111092369
2026-09-16,ARI incidence,2026-09-13,1,ES,quantile,0.1,247.4945310866647
2026-09-16,ARI incidence,2026-09-13,1,ES,quantile,0.05,241.0165776136849
2026-09-16,ARI incidence,2026-09-13,1,ES,quantile,0.25,258.47797843628103
2026-09-16,ARI incidence,2026-09-13,1,ES,quantile,0.025,235.48726242627808
2026-09-16,ARI incidence,2026-09-13,1,ES,quantile,0.01,228.52301993067744
2026-09-16,ARI incidence,2026-09-13,1,ES,median,,271.3076198611136
2026-09-16,ARI incidence,2026-09-20,2,ES,quantile,0.75,390.8396375140903
2026-09-16,ARI incidence,2026-09-20,2,ES,quantile,0.85,419.9477846732154
2026-09-16,ARI incidence,2026-09-20,2,ES,quantile,0.975,499.60155037746745
2026-09-16,ARI incidence,2026-09-20,2,ES,quantile,0.7,379.8019235149715
2026-09-16,ARI incidence,2026-09-20,2,ES,quantile,0.8,403.62078573451026
2026-09-16,ARI incidence,2026-09-20,2,ES,quantile,0.9,440.2701042647999
2026-09-16,ARI incidence,2026-09-20,2,ES,quantile,0.95,473.0518829172503
2026-09-16,ARI incidence,2026-09-20,2,ES,quantile,0.99,536.0043651781965
2026-09-16,ARI incidence,2026-09-20,2,ES,quantile,0.35,319.42500423580435
2026-09-16,ARI incidence,2026-09-20,2,ES,quantile,0.65,370.0671103599766
2026-09-16,ARI incidence,2026-09-20,2,ES,quantile,0.55,352.45494528729995
2026-09-16,ARI incidence,2026-09-20,2,ES,quantile,0.3,311.0308734271723
2026-09-16,ARI incidence,2026-09-20,2,ES,quantile,0.6,360.8486842102369
2026-09-16,ARI incidence,2026-09-20,2,ES,quantile,0.5,344.23720498306
2026-09-16,ARI incidence,2026-09-20,2,ES,quantile,0.4,327.99933083270747
2026-09-16,ARI incidence,2026-09-20,2,ES,quantile,0.45,335.5959891742774
2026-09-16,ARI incidence,2026-09-20,2,ES,quantile,0.25,301.92116454227926
2026-09-16,ARI incidence,2026-09-20,2,ES,quantile,0.2,292.7645685436715
2026-09-16,ARI incidence,2026-09-20,2,ES,quantile,0.1,269.2176405275074
2026-09-16,ARI incidence,2026-09-20,2,ES,quantile,0.15,282.0668658080631
2026-09-16,ARI incidence,2026-09-20,2,ES,quantile,0.05,249.51530042369623
2026-09-16,ARI incidence,2026-09-20,2,ES,quantile,0.025,235.31903343888493
2026-09-16,ARI incidence,2026-09-20,2,ES,quantile,0.01,219.8216508133078
2026-09-16,ARI incidence,2026-09-20,2,ES,median,,344.23720498306
2026-09-16,ARI incidence,2026-09-27,3,ES,quantile,0.85,518.2084348144094
2026-09-16,ARI incidence,2026-09-27,3,ES,quantile,0.975,658.418893575941
2026-09-16,ARI incidence,2026-09-27,3,ES,quantile,0.95,609.4160603532007
2026-09-16,ARI incidence,2026-09-27,3,ES,quantile,0.9,553.123445770394
2026-09-16,ARI incidence,2026-09-27,3,ES,quantile,0.99,722.8561612080064
2026-09-16,ARI incidence,2026-09-27,3,ES,quantile,0.65,436.58589546615144
2026-09-16,ARI incidence,2026-09-27,3,ES,quantile,0.8,493.7344636774251
2026-09-16,ARI incidence,2026-09-27,3,ES,quantile,0.75,472.3648136359976
2026-09-16,ARI incidence,2026-09-27,3,ES,quantile,0.6,422.5021774421376
2026-09-16,ARI incidence,2026-09-27,3,ES,quantile,0.7,453.9138415936769
2026-09-16,ARI incidence,2026-09-27,3,ES,quantile,0.5,394.4049707268482
2026-09-16,ARI incidence,2026-09-27,3,ES,quantile,0.4,369.1630710975438
2026-09-16,ARI incidence,2026-09-27,3,ES,quantile,0.55,407.8284642460197
2026-09-16,ARI incidence,2026-09-27,3,ES,quantile,0.45,381.39915205672094
2026-09-16,ARI incidence,2026-09-27,3,ES,quantile,0.35,356.53935997806485
2026-09-16,ARI incidence,2026-09-27,3,ES,quantile,0.1,282.565828453398
2026-09-16,ARI incidence,2026-09-27,3,ES,quantile,0.25,330.844498906858
2026-09-16,ARI incidence,2026-09-27,3,ES,quantile,0.3,344.0209242510445
2026-09-16,ARI incidence,2026-09-27,3,ES,quantile,0.025,238.36603262564242
2026-09-16,ARI incidence,2026-09-27,3,ES,quantile,0.05,256.4237741290353
2026-09-16,ARI incidence,2026-09-27,3,ES,quantile,0.2,317.9410722028252
2026-09-16,ARI incidence,2026-09-27,3,ES,quantile,0.01,216.99087912894552
2026-09-16,ARI incidence,2026-09-27,3,ES,quantile,0.15,302.15670459635146
2026-09-16,ARI incidence,2026-09-27,3,ES,median,,394.4049707268482
2026-09-16,ARI incidence,2026-10-04,4,ES,quantile,0.65,444.8847487700117
2026-09-16,ARI incidence,2026-10-04,4,ES,quantile,0.55,411.891745534922
2026-09-16,ARI incidence,2026-10-04,4,ES,quantile,0.6,427.2131755971968
2026-09-16,ARI incidence,2026-10-04,4,ES,quantile,0.9,579.5211383351076
2026-09-16,ARI incidence,2026-10-04,4,ES,quantile,0.8,508.54356240153567
2026-09-16,ARI incidence,2026-10-04,4,ES,quantile,0.85,538.9414859989566
2026-09-16,ARI incidence,2026-10-04,4,ES,quantile,0.99,790.8511371304185
2026-09-16,ARI incidence,2026-10-04,4,ES,quantile,0.975,709.888984559863
2026-09-16,ARI incidence,2026-10-04,4,ES,quantile,0.7,464.444306630252
2026-09-16,ARI incidence,2026-10-04,4,ES,quantile,0.75,484.4472522066899
2026-09-16,ARI incidence,2026-10-04,4,ES,quantile,0.95,648.3944193946041
2026-09-16,ARI incidence,2026-10-04,4,ES,quantile,0.3,339.8669229435634
2026-09-16,ARI incidence,2026-10-04,4,ES,quantile,0.5,397.178622383131
2026-09-16,ARI incidence,2026-10-04,4,ES,quantile,0.25,325.79993590485583
2026-09-16,ARI incidence,2026-10-04,4,ES,quantile,0.45,381.93634792012205
2026-09-16,ARI incidence,2026-10-04,4,ES,quantile,0.4,366.5925008651585
2026-09-16,ARI incidence,2026-10-04,4,ES,quantile,0.05,249.18919413855863
2026-09-16,ARI incidence,2026-10-04,4,ES,quantile,0.35,353.63275160816994
2026-09-16,ARI incidence,2026-10-04,4,ES,quantile,0.1,275.8070193248267
2026-09-16,ARI incidence,2026-10-04,4,ES,quantile,0.2,311.1601672646085
2026-09-16,ARI incidence,2026-10-04,4,ES,quantile,0.15,294.8868338784721
2026-09-16,ARI incidence,2026-10-04,4,ES,quantile,0.01,203.5670099179772
2026-09-16,ARI incidence,2026-10-04,4,ES,quantile,0.025,229.00026793554252
2026-09-16,ARI incidence,2026-10-04,4,ES,median,,397.178622383131
2026-09-16,ARI incidence,2026-09-13,1,GB-NIR,quantile,0.65,112.56455738473926
2026-09-16,ARI incidence,2026-09-13,1,GB-NIR,quantile,0.45,98.55628670412926
2026-09-16,ARI incidence,2026-09-13,1,GB-NIR,quantile,0.975,172.46960740306957
2026-09-16,ARI incidence,2026-09-13,1,GB-NIR,quantile,0.4,95.55700856960607
2026-09-16,ARI incidence,2026-09-13,1,GB-NIR,quantile,0.5,101.88573385776589
2026-09-16,ARI incidence,2026-09-13,1,GB-NIR,quantile,0.75,121.63565982194152
2026-09-16,ARI incidence,2026-09-13,1,GB-NIR,quantile,0.25,85.19124406229528
2026-09-16,ARI incidence,2026-09-13,1,GB-NIR,quantile,0.7,116.7421470480196
2026-09-16,ARI incidence,2026-09-13,1,GB-NIR,quantile,0.99,190.11222572708726
2026-09-16,ARI incidence,2026-09-13,1,GB-NIR,quantile,0.9,142.94137341835923
2026-09-16,ARI incidence,2026-09-13,1,GB-NIR,quantile,0.55,105.18263062095554
2026-09-16,ARI incidence,2026-09-13,1,GB-NIR,quantile,0.8,127.19097589815206
2026-09-16,ARI incidence,2026-09-13,1,GB-NIR,quantile,0.85,134.3660089995872
2026-09-16,ARI incidence,2026-09-13,1,GB-NIR,quantile,0.3,88.99494626175635
2026-09-16,ARI incidence,2026-09-13,1,GB-NIR,quantile,0.35,92.24018548056837
2026-09-16,ARI incidence,2026-09-13,1,GB-NIR,quantile,0.95,157.84949097253195
2026-09-16,ARI incidence,2026-09-13,1,GB-NIR,quantile,0.2,81.59688596315446
2026-09-16,ARI incidence,2026-09-13,1,GB-NIR,quantile,0.6,108.68874115479709
2026-09-16,ARI incidence,2026-09-13,1,GB-NIR,quantile,0.1,72.39918932198161
2026-09-16,ARI incidence,2026-09-13,1,GB-NIR,quantile,0.15,77.24501922954909
2026-09-16,ARI incidence,2026-09-13,1,GB-NIR,quantile,0.05,66.18312788758178
2026-09-16,ARI incidence,2026-09-13,1,GB-NIR,quantile,0.025,61.02335455514099
2026-09-16,ARI incidence,2026-09-13,1,GB-NIR,quantile,0.01,55.39045201726511
2026-09-16,ARI incidence,2026-09-13,1,GB-NIR,median,,101.88573385776589
2026-09-16,ARI incidence,2026-09-20,2,GB-NIR,quantile,0.3,130.5973952152282
2026-09-16,ARI incidence,2026-09-20,2,GB-NIR,quantile,0.975,184.35650426819538
2026-09-16,ARI incidence,2026-09-20,2,GB-NIR,quantile,0.99,194.8599371008438
2026-09-16,ARI incidence,2026-09-20,2,GB-NIR,quantile,0.95,175.7590635732475
2026-09-16,ARI incidence,2026-09-20,2,GB-NIR,quantile,0.01,100.7074142654321
2026-09-16,ARI incidence,2026-09-20,2,GB-NIR,quantile,0.2,125.0513461780504
2026-09-16,ARI incidence,2026-09-20,2,GB-NIR,quantile,0.75,153.9773504749832
2026-09-16,ARI incidence,2026-09-20,2,GB-NIR,quantile,0.9,167.55513424382326
2026-09-16,ARI incidence,2026-09-20,2,GB-NIR,quantile,0.8,157.71238292957347
2026-09-16,ARI incidence,2026-09-20,2,GB-NIR,quantile,0.85,161.85220945171318
2026-09-16,ARI incidence,2026-09-20,2,GB-NIR,quantile,0.5,139.93317808071413
2026-09-16,ARI incidence,2026-09-20,2,GB-NIR,quantile,0.025,106.76943974749024
2026-09-16,ARI incidence,2026-09-20,2,GB-NIR,quantile,0.05,111.48354177257318
2026-09-16,ARI incidence,2026-09-20,2,GB-NIR,quantile,0.1,117.4124467632059
2026-09-16,ARI incidence,2026-09-20,2,GB-NIR,quantile,0.6,145.38374183678457
2026-09-16,ARI incidence,2026-09-20,2,GB-NIR,quantile,0.7,150.71558922924837
2026-09-16,ARI incidence,2026-09-20,2,GB-NIR,quantile,0.45,137.64679666516378
2026-09-16,ARI incidence,2026-09-20,2,GB-NIR,quantile,0.65,147.9038222788026
2026-09-16,ARI incidence,2026-09-20,2,GB-NIR,quantile,0.55,142.56991929626514
2026-09-16,ARI incidence,2026-09-20,2,GB-NIR,quantile,0.15,121.54503040272371
2026-09-16,ARI incidence,2026-09-20,2,GB-NIR,quantile,0.4,135.16454425389054
2026-09-16,ARI incidence,2026-09-20,2,GB-NIR,quantile,0.25,128.1479261893062
2026-09-16,ARI incidence,2026-09-20,2,GB-NIR,quantile,0.35,132.9710848223529
2026-09-16,ARI incidence,2026-09-20,2,GB-NIR,median,,139.93317808071413
2026-09-16,ARI incidence,2026-09-27,3,GB-NIR,quantile,0.85,212.51291486665045
2026-09-16,ARI incidence,2026-09-27,3,GB-NIR,quantile,0.75,185.23078148704363
2026-09-16,ARI incidence,2026-09-27,3,GB-NIR,quantile,0.7,175.05727771466857
2026-09-16,ARI incidence,2026-09-27,3,GB-NIR,quantile,0.9,231.16053909768254
2026-09-16,ARI incidence,2026-09-27,3,GB-NIR,quantile,0.55,149.53662720544745
2026-09-16,ARI incidence,2026-09-27,3,GB-NIR,quantile,0.975,294.6367489757644
2026-09-16,ARI incidence,2026-09-27,3,GB-NIR,quantile,0.6,157.46336522412912
2026-09-16,ARI incidence,2026-09-27,3,GB-NIR,quantile,0.01,59.208990039398216
2026-09-16,ARI incidence,2026-09-27,3,GB-NIR,quantile,0.8,197.4415600079893
2026-09-16,ARI incidence,2026-09-27,3,GB-NIR,quantile,0.05,77.21270350259759
2026-09-16,ARI incidence,2026-09-27,3,GB-NIR,quantile,0.65,165.43068344784223
2026-09-16,ARI incidence,2026-09-27,3,GB-NIR,quantile,0.025,68.1519538321861
2026-09-16,ARI incidence,2026-09-27,3,GB-NIR,quantile,0.5,142.57959156630676
2026-09-16,ARI incidence,2026-09-27,3,GB-NIR,quantile,0.99,331.1412298505029
2026-09-16,ARI incidence,2026-09-27,3,GB-NIR,quantile,0.95,263.9935906593486
2026-09-16,ARI incidence,2026-09-27,3,GB-NIR,quantile,0.35,123.11230569959358
2026-09-16,ARI incidence,2026-09-27,3,GB-NIR,quantile,0.1,88.76832387940438
2026-09-16,ARI incidence,2026-09-27,3,GB-NIR,quantile,0.4,129.25378899781555
2026-09-16,ARI incidence,2026-09-27,3,GB-NIR,quantile,0.45,136.03559248991763
2026-09-16,ARI incidence,2026-09-27,3,GB-NIR,quantile,0.15,96.75353439364304
2026-09-16,ARI incidence,2026-09-27,3,GB-NIR,quantile,0.3,117.35656480490725
2026-09-16,ARI incidence,2026-09-27,3,GB-NIR,quantile,0.25,111.21653908633019
2026-09-16,ARI incidence,2026-09-27,3,GB-NIR,quantile,0.2,104.74015135719844
2026-09-16,ARI incidence,2026-09-27,3,GB-NIR,median,,142.57959156630676
2026-09-16,ARI incidence,2026-10-04,4,GB-NIR,quantile,0.01,94.49020093130308
2026-09-16,ARI incidence,2026-10-04,4,GB-NIR,quantile,0.3,111.43993900493146
2026-09-16,ARI incidence,2026-10-04,4,GB-NIR,quantile,0.025,97.98026456148487
2026-09-16,ARI incidence,2026-10-04,4,GB-NIR,quantile,0.2,108.3630598912381
2026-09-16,ARI incidence,2026-10-04,4,GB-NIR,quantile,0.15,106.50455047885944
2026-09-16,ARI incidence,2026-10-04,4,GB-NIR,quantile,0.25,109.92996452008485
2026-09-16,ARI incidence,2026-10-04,4,GB-NIR,quantile,0.05,100.89652892526189
2026-09-16,ARI incidence,2026-10-04,4,GB-NIR,quantile,0.35,112.89746546724678
2026-09-16,ARI incidence,2026-10-04,4,GB-NIR,quantile,0.975,138.99389384573144
2026-09-16,ARI incidence,2026-10-04,4,GB-NIR,quantile,0.99,144.16532939939765
2026-09-16,ARI incidence,2026-10-04,4,GB-NIR,quantile,0.9,130.61914024508076
2026-09-16,ARI incidence,2026-10-04,4,GB-NIR,quantile,0.1,104.08966168911907
2026-09-16,ARI incidence,2026-10-04,4,GB-NIR,quantile,0.95,134.89759095134963
2026-09-16,ARI incidence,2026-10-04,4,GB-NIR,quantile,0.85,127.78132924864985
2026-09-16,ARI incidence,2026-10-04,4,GB-NIR,quantile,0.8,125.65919914613417
2026-09-16,ARI incidence,2026-10-04,4,GB-NIR,quantile,0.65,120.93319559984485
2026-09-16,ARI incidence,2026-10-04,4,GB-NIR,quantile,0.55,118.22270044506399
2026-09-16,ARI incidence,2026-10-04,4,GB-NIR,quantile,0.6,119.65814613210117
2026-09-16,ARI incidence,2026-10-04,4,GB-NIR,quantile,0.75,123.92882803417996
2026-09-16,ARI incidence,2026-10-04,4,GB-NIR,quantile,0.7,122.39927912571082
2026-09-16,ARI incidence,2026-10-04,4,GB-NIR,quantile,0.4,114.23223494964725
2026-09-16,ARI incidence,2026-10-04,4,GB-NIR,quantile,0.5,116.89117908086456
2026-09-16,ARI incidence,2026-10-04,4,GB-NIR,quantile,0.45,115.57811540103245
2026-09-16,ARI incidence,2026-10-04,4,GB-NIR,median,,116.89117908086456
2026-09-16,ARI incidence,2026-09-13,1,GB-WLS,quantile,0.55,94.3310053373313
2026-09-16,ARI incidence,2026-09-13,1,GB-WLS,quantile,0.3,75.51650914671376
2026-09-16,ARI incidence,2026-09-13,1,GB-WLS,quantile,0.45,86.76532764796958
2026-09-16,ARI incidence,2026-09-13,1,GB-WLS,quantile,0.5,90.36545047503196
2026-09-16,ARI incidence,2026-09-13,1,GB-WLS,quantile,0.25,72.00670568534163
2026-09-16,ARI incidence,2026-09-13,1,GB-WLS,quantile,0.4,83.03342520274408
2026-09-16,ARI incidence,2026-09-13,1,GB-WLS,quantile,0.15,64.17553453948267
2026-09-16,ARI incidence,2026-09-13,1,GB-WLS,quantile,0.2,68.24972184716152
2026-09-16,ARI incidence,2026-09-13,1,GB-WLS,quantile,0.6,98.6661846378602
2026-09-16,ARI incidence,2026-09-13,1,GB-WLS,quantile,0.35,79.34938304977149
2026-09-16,ARI incidence,2026-09-13,1,GB-WLS,quantile,0.05,52.16668985267234
2026-09-16,ARI incidence,2026-09-13,1,GB-WLS,quantile,0.1,59.325728432939385
2026-09-16,ARI incidence,2026-09-13,1,GB-WLS,quantile,0.65,102.79182589154325
2026-09-16,ARI incidence,2026-09-13,1,GB-WLS,quantile,0.7,108.19736832757307
2026-09-16,ARI incidence,2026-09-13,1,GB-WLS,quantile,0.75,113.68880647017015
2026-09-16,ARI incidence,2026-09-13,1,GB-WLS,quantile,0.85,128.36602081228682
2026-09-16,ARI incidence,2026-09-13,1,GB-WLS,quantile,0.8,120.3698051299463
2026-09-16,ARI incidence,2026-09-13,1,GB-WLS,quantile,0.9,138.7086832841681
2026-09-16,ARI incidence,2026-09-13,1,GB-WLS,quantile,0.025,47.06458080656616
2026-09-16,ARI incidence,2026-09-13,1,GB-WLS,quantile,0.95,156.15269183302922
2026-09-16,ARI incidence,2026-09-13,1,GB-WLS,quantile,0.975,172.9680621386018
2026-09-16,ARI incidence,2026-09-13,1,GB-WLS,quantile,0.99,196.82690222599402
2026-09-16,ARI incidence,2026-09-13,1,GB-WLS,quantile,0.01,41.17226661804074
2026-09-16,ARI incidence,2026-09-13,1,GB-WLS,median,,90.36545047503196
2026-09-16,ARI incidence,2026-09-20,2,GB-WLS,quantile,0.01,51.124304110604385
2026-09-16,ARI incidence,2026-09-20,2,GB-WLS,quantile,0.65,100.75251735193419
2026-09-16,ARI incidence,2026-09-20,2,GB-WLS,quantile,0.7,104.83763696320085
2026-09-16,ARI incidence,2026-09-20,2,GB-WLS,quantile,0.75,109.01424370070495
2026-09-16,ARI incidence,2026-09-20,2,GB-WLS,quantile,0.8,113.29413605929145
2026-09-16,ARI incidence,2026-09-20,2,GB-WLS,quantile,0.025,55.92084767238508
2026-09-16,ARI incidence,2026-09-20,2,GB-WLS,quantile,0.55,94.19305658071448
2026-09-16,ARI incidence,2026-09-20,2,GB-WLS,quantile,0.05,60.061888875982405
2026-09-16,ARI incidence,2026-09-20,2,GB-WLS,quantile,0.9,127.0488959098153
2026-09-16,ARI incidence,2026-09-20,2,GB-WLS,quantile,0.85,119.19752407318946
2026-09-16,ARI incidence,2026-09-20,2,GB-WLS,quantile,0.6,97.33960275399326
2026-09-16,ARI incidence,2026-09-20,2,GB-WLS,quantile,0.99,164.57282849420892
2026-09-16,ARI incidence,2026-09-20,2,GB-WLS,quantile,0.95,139.00595146413588
2026-09-16,ARI incidence,2026-09-20,2,GB-WLS,quantile,0.3,79.96988032042515
2026-09-16,ARI incidence,2026-09-20,2,GB-WLS,quantile,0.1,65.98281160468918
2026-09-16,ARI incidence,2026-09-20,2,GB-WLS,quantile,0.45,88.10988841101471
2026-09-16,ARI incidence,2026-09-20,2,GB-WLS,quantile,0.5,90.93237471504857
2026-09-16,ARI incidence,2026-09-20,2,GB-WLS,quantile,0.25,77.10739642272374
2026-09-16,ARI incidence,2026-09-20,2,GB-WLS,quantile,0.975,150.06396705635473
2026-09-16,ARI incidence,2026-09-20,2,GB-WLS,quantile,0.4,85.53684507087718
2026-09-16,ARI incidence,2026-09-20,2,GB-WLS,quantile,0.35,82.86012896702269
2026-09-16,ARI incidence,2026-09-20,2,GB-WLS,quantile,0.2,73.86620799101627
2026-09-16,ARI incidence,2026-09-20,2,GB-WLS,quantile,0.15,70.41837788422066
2026-09-16,ARI incidence,2026-09-20,2,GB-WLS,median,,90.93237471504857
2026-09-16,ARI incidence,2026-09-27,3,GB-WLS,quantile,0.3,68.50057768426166
2026-09-16,ARI incidence,2026-09-27,3,GB-WLS,quantile,0.35,70.41464020063735
2026-09-16,ARI incidence,2026-09-27,3,GB-WLS,quantile,0.8,89.60269492756676
2026-09-16,ARI incidence,2026-09-27,3,GB-WLS,quantile,0.25,66.54845641902992
2026-09-16,ARI incidence,2026-09-27,3,GB-WLS,quantile,0.4,72.17264132410713
2026-09-16,ARI incidence,2026-09-27,3,GB-WLS,quantile,0.85,92.8411520148285
2026-09-16,ARI incidence,2026-09-27,3,GB-WLS,quantile,0.45,73.95697208706514
2026-09-16,ARI incidence,2026-09-27,3,GB-WLS,quantile,0.99,119.21375879116378
2026-09-16,ARI incidence,2026-09-27,3,GB-WLS,quantile,0.2,64.36548854935833
2026-09-16,ARI incidence,2026-09-27,3,GB-WLS,quantile,0.65,81.65647170117259
2026-09-16,ARI incidence,2026-09-27,3,GB-WLS,quantile,0.7,84.06886221559716
2026-09-16,ARI incidence,2026-09-27,3,GB-WLS,quantile,0.75,86.79065387783811
2026-09-16,ARI incidence,2026-09-27,3,GB-WLS,quantile,0.975,110.8766505583582
2026-09-16,ARI incidence,2026-09-27,3,GB-WLS,quantile,0.5,75.83538609850056
2026-09-16,ARI incidence,2026-09-27,3,GB-WLS,quantile,0.15,61.95964526909595
2026-09-16,ARI incidence,2026-09-27,3,GB-WLS,quantile,0.55,77.66098001905613
2026-09-16,ARI incidence,2026-09-27,3,GB-WLS,quantile,0.95,104.70632409755112
2026-09-16,ARI incidence,2026-09-27,3,GB-WLS,quantile,0.9,97.57719157511647
2026-09-16,ARI incidence,2026-09-27,3,GB-WLS,quantile,0.6,79.6732303297336
2026-09-16,ARI incidence,2026-09-27,3,GB-WLS,quantile,0.05,54.9548430319356
2026-09-16,ARI incidence,2026-09-27,3,GB-WLS,quantile,0.1,59.22393533650904
2026-09-16,ARI incidence,2026-09-27,3,GB-WLS,quantile,0.025,51.63550570105523
2026-09-16,ARI incidence,2026-09-27,3,GB-WLS,quantile,0.01,47.805619707067805
2026-09-16,ARI incidence,2026-09-27,3,GB-WLS,median,,75.83538609850056
2026-09-16,ARI incidence,2026-10-04,4,GB-WLS,quantile,0.7,107.06167046084587
2026-09-16,ARI incidence,2026-10-04,4,GB-WLS,quantile,0.75,113.45363037459906
2026-09-16,ARI incidence,2026-10-04,4,GB-WLS,quantile,0.8,120.47909062123787
2026-09-16,ARI incidence,2026-10-04,4,GB-WLS,quantile,0.65,101.03449031430355
2026-09-16,ARI incidence,2026-10-04,4,GB-WLS,quantile,0.85,129.37748577001202
2026-09-16,ARI incidence,2026-10-04,4,GB-WLS,quantile,0.6,96.12332018296416
2026-09-16,ARI incidence,2026-10-04,4,GB-WLS,quantile,0.5,88.00816788897318
2026-09-16,ARI incidence,2026-10-04,4,GB-WLS,quantile,0.55,92.04610350895129
2026-09-16,ARI incidence,2026-10-04,4,GB-WLS,quantile,0.45,83.98664097553036
2026-09-16,ARI incidence,2026-10-04,4,GB-WLS,quantile,0.3,72.88494087396963
2026-09-16,ARI incidence,2026-10-04,4,GB-WLS,quantile,0.35,76.67472063659844
2026-09-16,ARI incidence,2026-10-04,4,GB-WLS,quantile,0.25,68.93959448588723
2026-09-16,ARI incidence,2026-10-04,4,GB-WLS,quantile,0.9,141.61628152533433
2026-09-16,ARI incidence,2026-10-04,4,GB-WLS,quantile,0.4,80.1934166282011
2026-09-16,ARI incidence,2026-10-04,4,GB-WLS,quantile,0.2,65.15064504093665
2026-09-16,ARI incidence,2026-10-04,4,GB-WLS,quantile,0.15,60.77163552655887
2026-09-16,ARI incidence,2026-10-04,4,GB-WLS,quantile,0.025,43.19935150875054
2026-09-16,ARI incidence,2026-10-04,4,GB-WLS,quantile,0.05,48.810013717016936
2026-09-16,ARI incidence,2026-10-04,4,GB-WLS,quantile,0.1,55.68352968234983
2026-09-16,ARI incidence,2026-10-04,4,GB-WLS,quantile,0.95,161.35488628752037
2026-09-16,ARI incidence,2026-10-04,4,GB-WLS,quantile,0.99,203.59818437772975
2026-09-16,ARI incidence,2026-10-04,4,GB-WLS,quantile,0.01,38.104423241539735
2026-09-16,ARI incidence,2026-10-04,4,GB-WLS,quantile,0.975,180.68376226398954
2026-09-16,ARI incidence,2026-10-04,4,GB-WLS,median,,88.00816788897318
2026-09-16,ARI incidence,2026-09-13,1,HU,quantile,0.01,206.9340894498117
2026-09-16,ARI incidence,2026-09-13,1,HU,quantile,0.025,249.99736481183692
2026-09-16,ARI incidence,2026-09-13,1,HU,quantile,0.05,299.53405617493655
2026-09-16,ARI incidence,2026-09-13,1,HU,quantile,0.3,542.6787222400542
2026-09-16,ARI incidence,2026-09-13,1,HU,quantile,0.35,582.3676565864945
2026-09-16,ARI incidence,2026-09-13,1,HU,quantile,0.4,622.5920642200794
2026-09-16,ARI incidence,2026-09-13,1,HU,quantile,0.45,670.023730601801
2026-09-16,ARI incidence,2026-09-13,1,HU,quantile,0.5,713.3388791612688
2026-09-16,ARI incidence,2026-09-13,1,HU,quantile,0.55,760.3727997395096
2026-09-16,ARI incidence,2026-09-13,1,HU,quantile,0.6,814.4099916648643
2026-09-16,ARI incidence,2026-09-13,1,HU,quantile,0.15,414.82399142791456
2026-09-16,ARI incidence,2026-09-13,1,HU,quantile,0.2,460.8369628518386
2026-09-16,ARI incidence,2026-09-13,1,HU,quantile,0.25,501.5695655210618
2026-09-16,ARI incidence,2026-09-13,1,HU,quantile,0.1,365.2389830729091
2026-09-16,ARI incidence,2026-09-13,1,HU,quantile,0.75,1022.293254914358
2026-09-16,ARI incidence,2026-09-13,1,HU,quantile,0.85,1250.404657954861
2026-09-16,ARI incidence,2026-09-13,1,HU,quantile,0.8,1115.3315974487625
2026-09-16,ARI incidence,2026-09-13,1,HU,quantile,0.9,1429.5272047986086
2026-09-16,ARI incidence,2026-09-13,1,HU,quantile,0.65,874.0256981451864
2026-09-16,ARI incidence,2026-09-13,1,HU,quantile,0.7,943.2072317829193
2026-09-16,ARI incidence,2026-09-13,1,HU,quantile,0.95,1725.6826130347977
2026-09-16,ARI incidence,2026-09-13,1,HU,quantile,0.975,1997.4996947405177
2026-09-16,ARI incidence,2026-09-13,1,HU,quantile,0.99,2322.6103716694042
2026-09-16,ARI incidence,2026-09-13,1,HU,median,,713.3388791612688
2026-09-16,ARI incidence,2026-09-20,2,HU,quantile,0.025,194.2680196447342
2026-09-16,ARI incidence,2026-09-20,2,HU,quantile,0.01,154.7989719418209
2026-09-16,ARI incidence,2026-09-20,2,HU,quantile,0.6,926.3063416596051
2026-09-16,ARI incidence,2026-09-20,2,HU,quantile,0.55,841.5578941456565
2026-09-16,ARI incidence,2026-09-20,2,HU,quantile,0.65,1020.4069225037415
2026-09-16,ARI incidence,2026-09-20,2,HU,quantile,0.05,236.0698776527845
2026-09-16,ARI incidence,2026-09-20,2,HU,quantile,0.45,703.7705581763094
2026-09-16,ARI incidence,2026-09-20,2,HU,quantile,0.5,767.1243598163169
2026-09-16,ARI incidence,2026-09-20,2,HU,quantile,0.4,643.0831166662671
2026-09-16,ARI incidence,2026-09-20,2,HU,quantile,0.3,529.3889316878565
2026-09-16,ARI incidence,2026-09-20,2,HU,quantile,0.35,585.545133889058
2026-09-16,ARI incidence,2026-09-20,2,HU,quantile,0.1,307.2824171342212
2026-09-16,ARI incidence,2026-09-20,2,HU,quantile,0.15,366.6987604956948
2026-09-16,ARI incidence,2026-09-20,2,HU,quantile,0.2,423.2915269367067
2026-09-16,ARI incidence,2026-09-20,2,HU,quantile,0.7,1124.4224113039015
2026-09-16,ARI incidence,2026-09-20,2,HU,quantile,0.75,1262.2083774509613
2026-09-16,ARI incidence,2026-09-20,2,HU,quantile,0.8,1416.8395920234902
2026-09-16,ARI incidence,2026-09-20,2,HU,quantile,0.25,474.4268960917705
2026-09-16,ARI incidence,2026-09-20,2,HU,quantile,0.85,1645.0039303816072
2026-09-16,ARI incidence,2026-09-20,2,HU,quantile,0.9,1960.4335897913088
2026-09-16,ARI incidence,2026-09-20,2,HU,quantile,0.99,4125.755466408221
2026-09-16,ARI incidence,2026-09-20,2,HU,quantile,0.95,2520.215082835096
2026-09-16,ARI incidence,2026-09-20,2,HU,quantile,0.975,3162.815648190425
2026-09-16,ARI incidence,2026-09-20,2,HU,median,,767.1243598163169
2026-09-16,ARI incidence,2026-09-27,3,HU,quantile,0.4,585.1677216124067
2026-09-16,ARI incidence,2026-09-27,3,HU,quantile,0.5,720.4255235536393
2026-09-16,ARI incidence,2026-09-27,3,HU,quantile,0.35,527.8096884656169
2026-09-16,ARI incidence,2026-09-27,3,HU,quantile,0.1,264.3236686681397
2026-09-16,ARI incidence,2026-09-27,3,HU,quantile,0.45,649.6282669101568
2026-09-16,ARI incidence,2026-09-27,3,HU,quantile,0.55,798.7160141321515
2026-09-16,ARI incidence,2026-09-27,3,HU,quantile,0.6,887.2072754796545
2026-09-16,ARI incidence,2026-09-27,3,HU,quantile,0.15,318.38556366479526
2026-09-16,ARI incidence,2026-09-27,3,HU,quantile,0.99,4616.206895131514
2026-09-16,ARI incidence,2026-09-27,3,HU,quantile,0.9,2017.6020296844504
2026-09-16,ARI incidence,2026-09-27,3,HU,quantile,0.975,3433.3705486488266
2026-09-16,ARI incidence,2026-09-27,3,HU,quantile,0.65,978.3219721996654
2026-09-16,ARI incidence,2026-09-27,3,HU,quantile,0.85,1652.3726607067733
2026-09-16,ARI incidence,2026-09-27,3,HU,quantile,0.95,2700.2480121089206
2026-09-16,ARI incidence,2026-09-27,3,HU,quantile,0.75,1243.1227424035148
2026-09-16,ARI incidence,2026-09-27,3,HU,quantile,0.8,1408.6895510340682
2026-09-16,ARI incidence,2026-09-27,3,HU,quantile,0.7,1095.2805710385092
2026-09-16,ARI incidence,2026-09-27,3,HU,quantile,0.05,195.85326849196264
2026-09-16,ARI incidence,2026-09-27,3,HU,quantile,0.3,473.6533006330384
2026-09-16,ARI incidence,2026-09-27,3,HU,quantile,0.2,372.18652219434745
2026-09-16,ARI incidence,2026-09-27,3,HU,quantile,0.25,420.43844829165795
2026-09-16,ARI incidence,2026-09-27,3,HU,quantile,0.025,155.15112955361033
2026-09-16,ARI incidence,2026-09-27,3,HU,quantile,0.01,114.72486876147158
2026-09-16,ARI incidence,2026-09-27,3,HU,median,,720.4255235536393
2026-09-16,ARI incidence,2026-10-04,4,HU,quantile,0.7,974.7015366080008
2026-09-16,ARI incidence,2026-10-04,4,HU,quantile,0.99,3803.057706202529
2026-09-16,ARI incidence,2026-10-04,4,HU,quantile,0.65,881.2337434020194
2026-09-16,ARI incidence,2026-10-04,4,HU,quantile,0.95,2246.9669412172266
2026-09-16,ARI incidence,2026-10-04,4,HU,quantile,0.975,2901.4103022741947
2026-09-16,ARI incidence,2026-10-04,4,HU,quantile,0.8,1228.8347575535956
2026-09-16,ARI incidence,2026-10-04,4,HU,quantile,0.85,1423.5234069371577
2026-09-16,ARI incidence,2026-10-04,4,HU,quantile,0.75,1084.4708006031046
2026-09-16,ARI incidence,2026-10-04,4,HU,quantile,0.9,1708.8659759681339
2026-09-16,ARI incidence,2026-10-04,4,HU,quantile,0.55,715.4833513418348
2026-09-16,ARI incidence,2026-10-04,4,HU,quantile,0.6,796.0573380312112
2026-09-16,ARI incidence,2026-10-04,4,HU,quantile,0.35,491.25478196192273
2026-09-16,ARI incidence,2026-10-04,4,HU,quantile,0.4,540.1444776355058
2026-09-16,ARI incidence,2026-10-04,4,HU,quantile,0.5,652.5069426123185
2026-09-16,ARI incidence,2026-10-04,4,HU,quantile,0.45,593.0164047561584
2026-09-16,ARI incidence,2026-10-04,4,HU,quantile,0.25,393.255400359844
2026-09-16,ARI incidence,2026-10-04,4,HU,quantile,0.3,443.39421496591467
2026-09-16,ARI incidence,2026-10-04,4,HU,quantile,0.01,110.63957621923981
2026-09-16,ARI incidence,2026-10-04,4,HU,quantile,0.15,300.37354913340465
2026-09-16,ARI incidence,2026-10-04,4,HU,quantile,0.1,250.64408052527634
2026-09-16,ARI incidence,2026-10-04,4,HU,quantile,0.2,348.51781186084236
2026-09-16,ARI incidence,2026-10-04,4,HU,quantile,0.05,190.90116402490918
2026-09-16,ARI incidence,2026-10-04,4,HU,quantile,0.025,148.46936691208174
2026-09-16,ARI incidence,2026-10-04,4,HU,median,,652.5069426123185
2026-09-16,ARI incidence,2026-09-13,1,IE,quantile,0.8,42.03761598050593
2026-09-16,ARI incidence,2026-09-13,1,IE,quantile,0.7,37.40933997679483
2026-09-16,ARI incidence,2026-09-13,1,IE,quantile,0.75,39.561967546684514
2026-09-16,ARI incidence,2026-09-13,1,IE,quantile,0.5,30.39553708305489
2026-09-16,ARI incidence,2026-09-13,1,IE,quantile,0.45,28.98987141324964
2026-09-16,ARI incidence,2026-09-13,1,IE,quantile,0.4,27.6895222439687
2026-09-16,ARI incidence,2026-09-13,1,IE,quantile,0.35,26.205723907383312
2026-09-16,ARI incidence,2026-09-13,1,IE,quantile,0.65,35.505395699552594
2026-09-16,ARI incidence,2026-09-13,1,IE,quantile,0.99,74.59642512225385
2026-09-16,ARI incidence,2026-09-13,1,IE,quantile,0.6,33.59196558142747
2026-09-16,ARI incidence,2026-09-13,1,IE,quantile,0.55,32.010122636274815
2026-09-16,ARI incidence,2026-09-13,1,IE,quantile,0.85,45.44699148367828
2026-09-16,ARI incidence,2026-09-13,1,IE,quantile,0.9,49.741927727091564
2026-09-16,ARI incidence,2026-09-13,1,IE,quantile,0.975,64.53940620845293
2026-09-16,ARI incidence,2026-09-13,1,IE,quantile,0.95,56.761757602796294
2026-09-16,ARI incidence,2026-09-13,1,IE,quantile,0.3,24.926919200818944
2026-09-16,ARI incidence,2026-09-13,1,IE,quantile,0.25,23.45413461011047
2026-09-16,ARI incidence,2026-09-13,1,IE,quantile,0.15,20.202187925395144
2026-09-16,ARI incidence,2026-09-13,1,IE,quantile,0.2,21.833566949446386
2026-09-16,ARI incidence,2026-09-13,1,IE,quantile,0.05,15.996746683544806
2026-09-16,ARI incidence,2026-09-13,1,IE,quantile,0.1,18.350140725553178
2026-09-16,ARI incidence,2026-09-13,1,IE,quantile,0.025,13.96988844873802
2026-09-16,ARI incidence,2026-09-13,1,IE,quantile,0.01,12.308903656088757
2026-09-16,ARI incidence,2026-09-13,1,IE,median,,30.39553708305489
2026-09-16,ARI incidence,2026-09-20,2,IE,quantile,0.9,61.78467437219684
2026-09-16,ARI incidence,2026-09-20,2,IE,quantile,0.95,71.73256163257278
2026-09-16,ARI incidence,2026-09-20,2,IE,quantile,0.99,93.9973246980324
2026-09-16,ARI incidence,2026-09-20,2,IE,quantile,0.975,81.88126581454495
2026-09-16,ARI incidence,2026-09-20,2,IE,quantile,0.75,48.39723150437156
2026-09-16,ARI incidence,2026-09-20,2,IE,quantile,0.8,51.87304393059477
2026-09-16,ARI incidence,2026-09-20,2,IE,quantile,0.85,55.84020760466649
2026-09-16,ARI incidence,2026-09-20,2,IE,quantile,0.65,43.1070543017786
2026-09-16,ARI incidence,2026-09-20,2,IE,quantile,0.7,45.56197909970072
2026-09-16,ARI incidence,2026-09-20,2,IE,quantile,0.15,24.57620147290484
2026-09-16,ARI incidence,2026-09-20,2,IE,quantile,0.2,26.561824343250375
2026-09-16,ARI incidence,2026-09-20,2,IE,quantile,0.4,33.30249773194245
2026-09-16,ARI incidence,2026-09-20,2,IE,quantile,0.6,40.855902415562646
2026-09-16,ARI incidence,2026-09-20,2,IE,quantile,0.25,28.227054911424965
2026-09-16,ARI incidence,2026-09-20,2,IE,quantile,0.35,31.564472570630812
2026-09-16,ARI incidence,2026-09-20,2,IE,quantile,0.45,34.99103530465812
2026-09-16,ARI incidence,2026-09-20,2,IE,quantile,0.5,36.8629037977435
2026-09-16,ARI incidence,2026-09-20,2,IE,quantile,0.55,38.77873395065315
2026-09-16,ARI incidence,2026-09-20,2,IE,quantile,0.3,29.882832214164083
2026-09-16,ARI incidence,2026-09-20,2,IE,quantile,0.01,14.966108802123827
2026-09-16,ARI incidence,2026-09-20,2,IE,quantile,0.05,19.125184136364545
2026-09-16,ARI incidence,2026-09-20,2,IE,quantile,0.025,17.275351919334373
2026-09-16,ARI incidence,2026-09-20,2,IE,quantile,0.1,22.197594821796283
2026-09-16,ARI incidence,2026-09-20,2,IE,median,,36.8629037977435
2026-09-16,ARI incidence,2026-09-27,3,IE,quantile,0.3,37.52009957468989
2026-09-16,ARI incidence,2026-09-27,3,IE,quantile,0.8,59.795871010138704
2026-09-16,ARI incidence,2026-09-27,3,IE,quantile,0.65,51.06721030675365
2026-09-16,ARI incidence,2026-09-27,3,IE,quantile,0.9,69.27198961317272
2026-09-16,ARI incidence,2026-09-27,3,IE,quantile,0.95,78.41756643870121
2026-09-16,ARI incidence,2026-09-27,3,IE,quantile,0.975,86.82896930464364
2026-09-16,ARI incidence,2026-09-27,3,IE,quantile,0.99,97.256942902567
2026-09-16,ARI incidence,2026-09-27,3,IE,quantile,0.35,39.2858498498133
2026-09-16,ARI incidence,2026-09-27,3,IE,quantile,0.4,41.04788417180954
2026-09-16,ARI incidence,2026-09-27,3,IE,quantile,0.7,53.64648101612937
2026-09-16,ARI incidence,2026-09-27,3,IE,quantile,0.75,56.34609136631739
2026-09-16,ARI incidence,2026-09-27,3,IE,quantile,0.85,63.47561204192139
2026-09-16,ARI incidence,2026-09-27,3,IE,quantile,0.1,29.18726922545578
2026-09-16,ARI incidence,2026-09-27,3,IE,quantile,0.15,31.665246862648612
2026-09-16,ARI incidence,2026-09-27,3,IE,quantile,0.2,33.779481374539884
2026-09-16,ARI incidence,2026-09-27,3,IE,quantile,0.6,48.68151247448645
2026-09-16,ARI incidence,2026-09-27,3,IE,quantile,0.25,35.63535126693684
2026-09-16,ARI incidence,2026-09-27,3,IE,quantile,0.05,25.79440446324019
2026-09-16,ARI incidence,2026-09-27,3,IE,quantile,0.5,44.703136915953955
2026-09-16,ARI incidence,2026-09-27,3,IE,quantile,0.025,23.257853117364245
2026-09-16,ARI incidence,2026-09-27,3,IE,quantile,0.55,46.64168047939549
2026-09-16,ARI incidence,2026-09-27,3,IE,quantile,0.45,42.829732814639925
2026-09-16,ARI incidence,2026-09-27,3,IE,quantile,0.01,20.294957594010217
2026-09-16,ARI incidence,2026-09-27,3,IE,median,,44.703136915953955
2026-09-16,ARI incidence,2026-10-04,4,IE,quantile,0.95,69.20176662039279
2026-09-16,ARI incidence,2026-10-04,4,IE,quantile,0.975,73.40134906213505
2026-09-16,ARI incidence,2026-10-04,4,IE,quantile,0.75,57.5528925196922
2026-09-16,ARI incidence,2026-10-04,4,IE,quantile,0.65,54.57156119734037
2026-09-16,ARI incidence,2026-10-04,4,IE,quantile,0.99,78.83552129726465
2026-09-16,ARI incidence,2026-10-04,4,IE,quantile,0.6,53.1479219074544
2026-09-16,ARI incidence,2026-10-04,4,IE,quantile,0.55,51.82753083042518
2026-09-16,ARI incidence,2026-10-04,4,IE,quantile,0.7,55.97061911693828
2026-09-16,ARI incidence,2026-10-04,4,IE,quantile,0.9,64.56707909389763
2026-09-16,ARI incidence,2026-10-04,4,IE,quantile,0.5,50.67246128035151
2026-09-16,ARI incidence,2026-10-04,4,IE,quantile,0.8,59.492943571031255
2026-09-16,ARI incidence,2026-10-04,4,IE,quantile,0.85,61.59446296351038
2026-09-16,ARI incidence,2026-10-04,4,IE,quantile,0.4,48.1656030519205
2026-09-16,ARI incidence,2026-10-04,4,IE,quantile,0.45,49.40019548588877
2026-09-16,ARI incidence,2026-10-04,4,IE,quantile,0.35,46.97345417569301
2026-09-16,ARI incidence,2026-10-04,4,IE,quantile,0.025,34.653123239624335
2026-09-16,ARI incidence,2026-10-04,4,IE,quantile,0.05,36.796847540955724
2026-09-16,ARI incidence,2026-10-04,4,IE,quantile,0.1,39.6646384427557
2026-09-16,ARI incidence,2026-10-04,4,IE,quantile,0.15,41.501692084393866
2026-09-16,ARI incidence,2026-10-04,4,IE,quantile,0.2,43.14176102092127
2026-09-16,ARI incidence,2026-10-04,4,IE,quantile,0.25,44.45999744057829
2026-09-16,ARI incidence,2026-10-04,4,IE,quantile,0.3,45.75660434232761
2026-09-16,ARI incidence,2026-10-04,4,IE,quantile,0.01,32.26104922826764
2026-09-16,ARI incidence,2026-10-04,4,IE,median,,50.67246128035151
2026-09-16,ARI incidence,2026-09-13,1,IS,quantile,0.2,48.60263363947409
2026-09-16,ARI incidence,2026-09-13,1,IS,quantile,0.025,41.72731131958408
2026-09-16,ARI incidence,2026-09-13,1,IS,quantile,0.05,43.421956037768446
2026-09-16,ARI incidence,2026-09-13,1,IS,quantile,0.35,51.860012182884475
2026-09-16,ARI incidence,2026-09-13,1,IS,quantile,0.4,52.79484153691817
2026-09-16,ARI incidence,2026-09-13,1,IS,quantile,0.25,49.74773699262019
2026-09-16,ARI incidence,2026-09-13,1,IS,quantile,0.3,50.826869961517524
2026-09-16,ARI incidence,2026-09-13,1,IS,quantile,0.75,59.989154535658805
2026-09-16,ARI incidence,2026-09-13,1,IS,quantile,0.5,54.5509333146769
2026-09-16,ARI incidence,2026-09-13,1,IS,quantile,0.55,55.54226589026969
2026-09-16,ARI incidence,2026-09-13,1,IS,quantile,0.45,53.633014064240044
2026-09-16,ARI incidence,2026-09-13,1,IS,quantile,0.6,56.57362339566801
2026-09-16,ARI incidence,2026-09-13,1,IS,quantile,0.7,58.78399999414149
2026-09-16,ARI incidence,2026-09-13,1,IS,quantile,0.1,45.663369825532655
2026-09-16,ARI incidence,2026-09-13,1,IS,quantile,0.15,47.17628029003954
2026-09-16,ARI incidence,2026-09-13,1,IS,quantile,0.01,39.7220444254244
2026-09-16,ARI incidence,2026-09-13,1,IS,quantile,0.8,61.393994793709
2026-09-16,ARI incidence,2026-09-13,1,IS,quantile,0.85,63.13873984149569
2026-09-16,ARI incidence,2026-09-13,1,IS,quantile,0.65,57.69335953785951
2026-09-16,ARI incidence,2026-09-13,1,IS,quantile,0.9,65.1286421762302
2026-09-16,ARI incidence,2026-09-13,1,IS,quantile,0.99,75.61579236880732
2026-09-16,ARI incidence,2026-09-13,1,IS,quantile,0.95,68.54574908954103
2026-09-16,ARI incidence,2026-09-13,1,IS,quantile,0.975,71.68170110428852
2026-09-16,ARI incidence,2026-09-13,1,IS,median,,54.5509333146769
2026-09-16,ARI incidence,2026-09-20,2,IS,quantile,0.05,45.50184760162142
2026-09-16,ARI incidence,2026-09-20,2,IS,quantile,0.15,48.55403185730668
2026-09-16,ARI incidence,2026-09-20,2,IS,quantile,0.01,42.17395797587859
2026-09-16,ARI incidence,2026-09-20,2,IS,quantile,0.025,44.02119840262211
2026-09-16,ARI incidence,2026-09-20,2,IS,quantile,0.1,47.31706409906021
2026-09-16,ARI incidence,2026-09-20,2,IS,quantile,0.2,49.61348964568857
2026-09-16,ARI incidence,2026-09-20,2,IS,quantile,0.25,50.555772392668366
2026-09-16,ARI incidence,2026-09-20,2,IS,quantile,0.3,51.35952475535781
2026-09-16,ARI incidence,2026-09-20,2,IS,quantile,0.35,52.10412667080981
2026-09-16,ARI incidence,2026-09-20,2,IS,quantile,0.4,52.82700256974286
2026-09-16,ARI incidence,2026-09-20,2,IS,quantile,0.45,53.53535238401233
2026-09-16,ARI incidence,2026-09-20,2,IS,quantile,0.5,54.22903038066298
2026-09-16,ARI incidence,2026-09-20,2,IS,quantile,0.55,54.959805086667565
2026-09-16,ARI incidence,2026-09-20,2,IS,quantile,0.975,67.00624343312327
2026-09-16,ARI incidence,2026-09-20,2,IS,quantile,0.99,69.2964731185104
2026-09-16,ARI incidence,2026-09-20,2,IS,quantile,0.75,58.342193266720024
2026-09-16,ARI incidence,2026-09-20,2,IS,quantile,0.6,55.774398968216175
2026-09-16,ARI incidence,2026-09-20,2,IS,quantile,0.95,64.87669056832821
2026-09-16,ARI incidence,2026-09-20,2,IS,quantile,0.65,56.57342365038433
2026-09-16,ARI incidence,2026-09-20,2,IS,quantile,0.7,57.411011166045355
2026-09-16,ARI incidence,2026-09-20,2,IS,quantile,0.85,60.65016523882518
2026-09-16,ARI incidence,2026-09-20,2,IS,quantile,0.9,62.38978924251035
2026-09-16,ARI incidence,2026-09-20,2,IS,quantile,0.8,59.38408443713199
2026-09-16,ARI incidence,2026-09-20,2,IS,median,,54.22903038066298
2026-09-16,ARI incidence,2026-09-27,3,IS,quantile,0.01,31.120706469770273
2026-09-16,ARI incidence,2026-09-27,3,IS,quantile,0.99,79.96541646978233
2026-09-16,ARI incidence,2026-09-27,3,IS,quantile,0.5,49.64937141798863
2026-09-16,ARI incidence,2026-09-27,3,IS,quantile,0.45,48.444804861800336
2026-09-16,ARI incidence,2026-09-27,3,IS,quantile,0.75,57.26203018015393
2026-09-16,ARI incidence,2026-09-27,3,IS,quantile,0.975,74.48391876985252
2026-09-16,ARI incidence,2026-09-27,3,IS,quantile,0.025,33.31090480428544
2026-09-16,ARI incidence,2026-09-27,3,IS,quantile,0.4,47.281757600081676
2026-09-16,ARI incidence,2026-09-27,3,IS,quantile,0.7,55.364793147990696
2026-09-16,ARI incidence,2026-09-27,3,IS,quantile,0.05,35.61579506757664
2026-09-16,ARI incidence,2026-09-27,3,IS,quantile,0.6,52.28915408039835
2026-09-16,ARI incidence,2026-09-27,3,IS,quantile,0.65,53.820503682690166
2026-09-16,ARI incidence,2026-09-27,3,IS,quantile,0.85,61.503170808650395
2026-09-16,ARI incidence,2026-09-27,3,IS,quantile,0.55,51.01592342040465
2026-09-16,ARI incidence,2026-09-27,3,IS,quantile,0.8,59.229678843149834
2026-09-16,ARI incidence,2026-09-27,3,IS,quantile,0.2,41.96902458593765
2026-09-16,ARI incidence,2026-09-27,3,IS,quantile,0.9,64.67586135935987
2026-09-16,ARI incidence,2026-09-27,3,IS,quantile,0.3,44.759625414739034
2026-09-16,ARI incidence,2026-09-27,3,IS,quantile,0.35,46.04942175644882
2026-09-16,ARI incidence,2026-09-27,3,IS,quantile,0.25,43.35005285564737
2026-09-16,ARI incidence,2026-09-27,3,IS,quantile,0.95,69.61878016857435
2026-09-16,ARI incidence,2026-09-27,3,IS,quantile,0.15,40.25492430505554
2026-09-16,ARI incidence,2026-09-27,3,IS,quantile,0.1,38.22342611215553
2026-09-16,ARI incidence,2026-09-27,3,IS,median,,49.64937141798863
2026-09-16,ARI incidence,2026-10-04,4,IS,quantile,0.4,45.22789336725172
2026-09-16,ARI incidence,2026-10-04,4,IS,quantile,0.01,26.58629621244483
2026-09-16,ARI incidence,2026-10-04,4,IS,quantile,0.025,28.995790456843917
2026-09-16,ARI incidence,2026-10-04,4,IS,quantile,0.45,46.86869102655068
2026-09-16,ARI incidence,2026-10-04,4,IS,quantile,0.1,34.506335674921914
2026-09-16,ARI incidence,2026-10-04,4,IS,quantile,0.5,48.32099921008705
2026-09-16,ARI incidence,2026-10-04,4,IS,quantile,0.7,55.20113029875672
2026-09-16,ARI incidence,2026-10-04,4,IS,quantile,0.99,88.91249770027979
2026-09-16,ARI incidence,2026-10-04,4,IS,quantile,0.95,74.04511048988364
2026-09-16,ARI incidence,2026-10-04,4,IS,quantile,0.05,31.197726139599112
2026-09-16,ARI incidence,2026-10-04,4,IS,quantile,0.15,37.019780485925374
2026-09-16,ARI incidence,2026-10-04,4,IS,quantile,0.75,57.476652936228156
2026-09-16,ARI incidence,2026-10-04,4,IS,quantile,0.975,80.47684337097677
2026-09-16,ARI incidence,2026-10-04,4,IS,quantile,0.2,38.94097165143359
2026-09-16,ARI incidence,2026-10-04,4,IS,quantile,0.55,49.83641398049526
2026-09-16,ARI incidence,2026-10-04,4,IS,quantile,0.85,63.07040983178445
2026-09-16,ARI incidence,2026-10-04,4,IS,quantile,0.9,67.16091943107895
2026-09-16,ARI incidence,2026-10-04,4,IS,quantile,0.8,59.981140155732135
2026-09-16,ARI incidence,2026-10-04,4,IS,quantile,0.25,40.55865760497596
2026-09-16,ARI incidence,2026-10-04,4,IS,quantile,0.65,53.193715662624015
2026-09-16,ARI incidence,2026-10-04,4,IS,quantile,0.3,42.13886704957536
2026-09-16,ARI incidence,2026-10-04,4,IS,quantile,0.6,51.49585970259308
2026-09-16,ARI incidence,2026-10-04,4,IS,quantile,0.35,43.63332901143342
2026-09-16,ARI incidence,2026-10-04,4,IS,median,,48.32099921008705
2026-09-16,ARI incidence,2026-09-13,1,LT,quantile,0.99,409.06743632402225
2026-09-16,ARI incidence,2026-09-13,1,LT,quantile,0.8,245.2494159699416
2026-09-16,ARI incidence,2026-09-13,1,LT,quantile,0.95,321.4342437033299
2026-09-16,ARI incidence,2026-09-13,1,LT,quantile,0.975,360.2431534203152
2026-09-16,ARI incidence,2026-09-13,1,LT,quantile,0.85,260.63377884211366
2026-09-16,ARI incidence,2026-09-13,1,LT,quantile,0.35,157.3467842524706
2026-09-16,ARI incidence,2026-09-13,1,LT,quantile,0.4,165.1643171439609
2026-09-16,ARI incidence,2026-09-13,1,LT,quantile,0.9,283.0509420214763
2026-09-16,ARI incidence,2026-09-13,1,LT,quantile,0.3,149.59677488835564
2026-09-16,ARI incidence,2026-09-13,1,LT,quantile,0.15,124.62332663883777
2026-09-16,ARI incidence,2026-09-13,1,LT,quantile,0.2,133.0340370080226
2026-09-16,ARI incidence,2026-09-13,1,LT,quantile,0.25,141.54947691550134
2026-09-16,ARI incidence,2026-09-13,1,LT,quantile,0.45,172.916092046445
2026-09-16,ARI incidence,2026-09-13,1,LT,quantile,0.75,230.4796407739641
2026-09-16,ARI incidence,2026-09-13,1,LT,quantile,0.05,99.98636601948643
2026-09-16,ARI incidence,2026-09-13,1,LT,quantile,0.1,113.6695156078247
2026-09-16,ARI incidence,2026-09-13,1,LT,quantile,0.7,217.78593692685172
2026-09-16,ARI incidence,2026-09-13,1,LT,quantile,0.65,207.20329614046614
2026-09-16,ARI incidence,2026-09-13,1,LT,quantile,0.5,180.91386815471634
2026-09-16,ARI incidence,2026-09-13,1,LT,quantile,0.6,197.99688406751096
2026-09-16,ARI incidence,2026-09-13,1,LT,quantile,0.01,79.06209375384324
2026-09-16,ARI incidence,2026-09-13,1,LT,quantile,0.025,89.26213938652639
2026-09-16,ARI incidence,2026-09-13,1,LT,quantile,0.55,189.03167694863026
2026-09-16,ARI incidence,2026-09-13,1,LT,median,,180.91386815471634
2026-09-16,ARI incidence,2026-09-20,2,LT,quantile,0.15,158.61875954248694
2026-09-16,ARI incidence,2026-09-20,2,LT,quantile,0.2,168.09725966655046
2026-09-16,ARI incidence,2026-09-20,2,LT,quantile,0.25,177.14825528139454
2026-09-16,ARI incidence,2026-09-20,2,LT,quantile,0.01,109.37583459051457
2026-09-16,ARI incidence,2026-09-20,2,LT,quantile,0.025,120.8024090432503
2026-09-16,ARI incidence,2026-09-20,2,LT,quantile,0.05,132.44993700807393
2026-09-16,ARI incidence,2026-09-20,2,LT,quantile,0.1,147.25724400106702
2026-09-16,ARI incidence,2026-09-20,2,LT,quantile,0.3,184.99154046717382
2026-09-16,ARI incidence,2026-09-20,2,LT,quantile,0.4,200.41614082178282
2026-09-16,ARI incidence,2026-09-20,2,LT,quantile,0.35,193.3433378934883
2026-09-16,ARI incidence,2026-09-20,2,LT,quantile,0.45,208.12927512822773
2026-09-16,ARI incidence,2026-09-20,2,LT,quantile,0.5,215.77332649373403
2026-09-16,ARI incidence,2026-09-20,2,LT,quantile,0.75,263.69533681993016
2026-09-16,ARI incidence,2026-09-20,2,LT,quantile,0.8,277.78428373205753
2026-09-16,ARI incidence,2026-09-20,2,LT,quantile,0.85,294.13339818627674
2026-09-16,ARI incidence,2026-09-20,2,LT,quantile,0.55,224.131085439747
2026-09-16,ARI incidence,2026-09-20,2,LT,quantile,0.9,317.4316868646918
2026-09-16,ARI incidence,2026-09-20,2,LT,quantile,0.95,354.3101136173853
2026-09-16,ARI incidence,2026-09-20,2,LT,quantile,0.975,388.22677436293947
2026-09-16,ARI incidence,2026-09-20,2,LT,quantile,0.99,445.16623880951107
2026-09-16,ARI incidence,2026-09-20,2,LT,quantile,0.65,242.23554729169746
2026-09-16,ARI incidence,2026-09-20,2,LT,quantile,0.7,252.27327952598063
2026-09-16,ARI incidence,2026-09-20,2,LT,quantile,0.6,232.3881898879223
2026-09-16,ARI incidence,2026-09-20,2,LT,median,,215.77332649373403
2026-09-16,ARI incidence,2026-09-27,3,LT,quantile,0.99,306.6729639343482
2026-09-16,ARI incidence,2026-09-27,3,LT,quantile,0.9,282.2907665845277
2026-09-16,ARI incidence,2026-09-27,3,LT,quantile,0.975,297.449309299074
2026-09-16,ARI incidence,2026-09-27,3,LT,quantile,0.95,290.2024010431448
2026-09-16,ARI incidence,2026-09-27,3,LT,quantile,0.85,276.8856556749091
2026-09-16,ARI incidence,2026-09-27,3,LT,quantile,0.8,272.75883160435876
2026-09-16,ARI incidence,2026-09-27,3,LT,quantile,0.75,269.5138735115013
2026-09-16,ARI incidence,2026-09-27,3,LT,quantile,0.7,266.29170304043976
2026-09-16,ARI incidence,2026-09-27,3,LT,quantile,0.6,260.61302688752227
2026-09-16,ARI incidence,2026-09-27,3,LT,quantile,0.5,255.29406384215895
2026-09-16,ARI incidence,2026-09-27,3,LT,quantile,0.45,252.85408175008794
2026-09-16,ARI incidence,2026-09-27,3,LT,quantile,0.65,263.16717824551324
2026-09-16,ARI incidence,2026-09-27,3,LT,quantile,0.55,257.8949474781448
2026-09-16,ARI incidence,2026-09-27,3,LT,quantile,0.35,247.54712276297357
2026-09-16,ARI incidence,2026-09-27,3,LT,quantile,0.2,238.7687430716501
2026-09-16,ARI incidence,2026-09-27,3,LT,quantile,0.4,250.25325504204116
2026-09-16,ARI incidence,2026-09-27,3,LT,quantile,0.3,245.07174893927385
2026-09-16,ARI incidence,2026-09-27,3,LT,quantile,0.15,235.16631628428883
2026-09-16,ARI incidence,2026-09-27,3,LT,quantile,0.25,242.0694303963709
2026-09-16,ARI incidence,2026-09-27,3,LT,quantile,0.025,218.55734212017512
2026-09-16,ARI incidence,2026-09-27,3,LT,quantile,0.1,230.8150133995549
2026-09-16,ARI incidence,2026-09-27,3,LT,quantile,0.05,224.16926535180662
2026-09-16,ARI incidence,2026-09-27,3,LT,quantile,0.01,212.5599994946027
2026-09-16,ARI incidence,2026-09-27,3,LT,median,,255.29406384215895
2026-09-16,ARI incidence,2026-10-04,4,LT,quantile,0.8,230.14805873359575
2026-09-16,ARI incidence,2026-10-04,4,LT,quantile,0.75,229.93921232202248
2026-09-16,ARI incidence,2026-10-04,4,LT,quantile,0.7,229.754084762447
2026-09-16,ARI incidence,2026-10-04,4,LT,quantile,0.85,230.39470535613
2026-09-16,ARI incidence,2026-10-04,4,LT,quantile,0.65,229.56128740619
2026-09-16,ARI incidence,2026-10-04,4,LT,quantile,0.55,229.21965875605946
2026-09-16,ARI incidence,2026-10-04,4,LT,quantile,0.6,229.39690345936083
2026-09-16,ARI incidence,2026-10-04,4,LT,quantile,0.9,230.71162005668066
2026-09-16,ARI incidence,2026-10-04,4,LT,quantile,0.99,232.09851120539776
2026-09-16,ARI incidence,2026-10-04,4,LT,quantile,0.95,231.2170541811622
2026-09-16,ARI incidence,2026-10-04,4,LT,quantile,0.975,231.60882100462194
2026-09-16,ARI incidence,2026-10-04,4,LT,quantile,0.45,228.88955861451848
2026-09-16,ARI incidence,2026-10-04,4,LT,quantile,0.5,229.0564021586782
2026-09-16,ARI incidence,2026-10-04,4,LT,quantile,0.4,228.73109585389741
2026-09-16,ARI incidence,2026-10-04,4,LT,quantile,0.35,228.56546403300845
2026-09-16,ARI incidence,2026-10-04,4,LT,quantile,0.15,227.68587182289193
2026-09-16,ARI incidence,2026-10-04,4,LT,quantile,0.3,228.38882554142518
2026-09-16,ARI incidence,2026-10-04,4,LT,quantile,0.25,228.17443555985065
2026-09-16,ARI incidence,2026-10-04,4,LT,quantile,0.2,227.94749273293868
2026-09-16,ARI incidence,2026-10-04,4,LT,quantile,0.1,227.39311066028552
2026-09-16,ARI incidence,2026-10-04,4,LT,quantile,0.05,226.94185601884584
2026-09-16,ARI incidence,2026-10-04,4,LT,quantile,0.025,226.5706951666402
2026-09-16,ARI incidence,2026-10-04,4,LT,quantile,0.01,226.02599648036247
2026-09-16,ARI incidence,2026-10-04,4,LT,median,,229.0564021586782
2026-09-16,ARI incidence,2026-09-13,1,LU,quantile,0.99,20174.874175425633
2026-09-16,ARI incidence,2026-09-13,1,LU,quantile,0.85,8795.1956436829
2026-09-16,ARI incidence,2026-09-13,1,LU,quantile,0.9,10288.55251718612
2026-09-16,ARI incidence,2026-09-13,1,LU,quantile,0.975,15708.462756451903
2026-09-16,ARI incidence,2026-09-13,1,LU,quantile,0.95,13016.048272809536
2026-09-16,ARI incidence,2026-09-13,1,LU,quantile,0.01,1062.5687568714693
2026-09-16,ARI incidence,2026-09-13,1,LU,quantile,0.025,1321.2024454428613
2026-09-16,ARI incidence,2026-09-13,1,LU,quantile,0.05,1602.4165731914757
2026-09-16,ARI incidence,2026-09-13,1,LU,quantile,0.1,2003.467196185335
2026-09-16,ARI incidence,2026-09-13,1,LU,quantile,0.15,2338.3059309887085
2026-09-16,ARI incidence,2026-09-13,1,LU,quantile,0.2,2669.8776218467583
2026-09-16,ARI incidence,2026-09-13,1,LU,quantile,0.25,2970.323285996463
2026-09-16,ARI incidence,2026-09-13,1,LU,quantile,0.3,3272.0531312227827
2026-09-16,ARI incidence,2026-09-13,1,LU,quantile,0.35,3577.085897637082
2026-09-16,ARI incidence,2026-09-13,1,LU,quantile,0.4,3879.259496889766
2026-09-16,ARI incidence,2026-09-13,1,LU,quantile,0.45,4198.429500942687
2026-09-16,ARI incidence,2026-09-13,1,LU,quantile,0.5,4533.327008349466
2026-09-16,ARI incidence,2026-09-13,1,LU,quantile,0.55,4880.114439182119
2026-09-16,ARI incidence,2026-09-13,1,LU,quantile,0.6,5319.801336833996
2026-09-16,ARI incidence,2026-09-13,1,LU,quantile,0.65,5754.711476252559
2026-09-16,ARI incidence,2026-09-13,1,LU,quantile,0.7,6317.75545624793
2026-09-16,ARI incidence,2026-09-13,1,LU,quantile,0.75,6935.489455363233
2026-09-16,ARI incidence,2026-09-13,1,LU,quantile,0.8,7772.192553648339
2026-09-16,ARI incidence,2026-09-13,1,LU,median,,4533.327008349466
2026-09-16,ARI incidence,2026-09-20,2,LU,quantile,0.01,1210.4156909726237
2026-09-16,ARI incidence,2026-09-20,2,LU,quantile,0.025,1529.4524926540607
2026-09-16,ARI incidence,2026-09-20,2,LU,quantile,0.05,1882.595938708253
2026-09-16,ARI incidence,2026-09-20,2,LU,quantile,0.1,2369.189089625357
2026-09-16,ARI incidence,2026-09-20,2,LU,quantile,0.15,2753.0242074472594
2026-09-16,ARI incidence,2026-09-20,2,LU,quantile,0.2,3127.7682237964195
2026-09-16,ARI incidence,2026-09-20,2,LU,quantile,0.25,3462.113452700519
2026-09-16,ARI incidence,2026-09-20,2,LU,quantile,0.3,3794.8680513444187
2026-09-16,ARI incidence,2026-09-20,2,LU,quantile,0.35,4162.733828233289
2026-09-16,ARI incidence,2026-09-20,2,LU,quantile,0.4,4538.679325888168
2026-09-16,ARI incidence,2026-09-20,2,LU,quantile,0.45,4912.2691645795585
2026-09-16,ARI incidence,2026-09-20,2,LU,quantile,0.5,5296.627125921645
2026-09-16,ARI incidence,2026-09-20,2,LU,quantile,0.55,5709.666322854947
2026-09-16,ARI incidence,2026-09-20,2,LU,quantile,0.6,6194.328394243216
2026-09-16,ARI incidence,2026-09-20,2,LU,quantile,0.65,6748.0329563400865
2026-09-16,ARI incidence,2026-09-20,2,LU,quantile,0.7,7430.306878599661
2026-09-16,ARI incidence,2026-09-20,2,LU,quantile,0.75,8096.091870805436
2026-09-16,ARI incidence,2026-09-20,2,LU,quantile,0.8,8968.618261668702
2026-09-16,ARI incidence,2026-09-20,2,LU,quantile,0.85,10224.39745547615
2026-09-16,ARI incidence,2026-09-20,2,LU,quantile,0.9,11853.639432211567
2026-09-16,ARI incidence,2026-09-20,2,LU,quantile,0.95,14794.16861081033
2026-09-16,ARI incidence,2026-09-20,2,LU,quantile,0.975,17902.23452462976
2026-09-16,ARI incidence,2026-09-20,2,LU,quantile,0.99,22821.512492204027
2026-09-16,ARI incidence,2026-09-20,2,LU,median,,5296.627125921645
2026-09-16,ARI incidence,2026-09-27,3,LU,quantile,0.99,14188.349567361405
2026-09-16,ARI incidence,2026-09-27,3,LU,quantile,0.975,12795.896289356891
2026-09-16,ARI incidence,2026-09-27,3,LU,quantile,0.01,3154.504065276488
2026-09-16,ARI incidence,2026-09-27,3,LU,quantile,0.025,3550.577364123928
2026-09-16,ARI incidence,2026-09-27,3,LU,quantile,0.05,3931.509185295547
2026-09-16,ARI incidence,2026-09-27,3,LU,quantile,0.1,4434.755313737466
2026-09-16,ARI incidence,2026-09-27,3,LU,quantile,0.15,4821.371006418659
2026-09-16,ARI incidence,2026-09-27,3,LU,quantile,0.2,5144.847880926585
2026-09-16,ARI incidence,2026-09-27,3,LU,quantile,0.25,5434.163343502864
2026-09-16,ARI incidence,2026-09-27,3,LU,quantile,0.3,5730.5827437262715
2026-09-16,ARI incidence,2026-09-27,3,LU,quantile,0.35,5987.150332104798
2026-09-16,ARI incidence,2026-09-27,3,LU,quantile,0.4,6257.548424976856
2026-09-16,ARI incidence,2026-09-27,3,LU,quantile,0.45,6513.305079877382
2026-09-16,ARI incidence,2026-09-27,3,LU,quantile,0.5,6775.175769831306
2026-09-16,ARI incidence,2026-09-27,3,LU,quantile,0.55,7056.417398450969
2026-09-16,ARI incidence,2026-09-27,3,LU,quantile,0.6,7341.016062950508
2026-09-16,ARI incidence,2026-09-27,3,LU,quantile,0.65,7666.257726698179
2026-09-16,ARI incidence,2026-09-27,3,LU,quantile,0.7,8011.554257471475
2026-09-16,ARI incidence,2026-09-27,3,LU,quantile,0.75,8385.522972328017
2026-09-16,ARI incidence,2026-09-27,3,LU,quantile,0.8,8858.7890671864
2026-09-16,ARI incidence,2026-09-27,3,LU,quantile,0.85,9415.606596379015
2026-09-16,ARI incidence,2026-09-27,3,LU,quantile,0.9,10266.126418566808
2026-09-16,ARI incidence,2026-09-27,3,LU,quantile,0.95,11541.719926866645
2026-09-16,ARI incidence,2026-09-27,3,LU,median,,6775.175769831306
2026-09-16,ARI incidence,2026-10-04,4,LU,quantile,0.01,402.1303135060311
2026-09-16,ARI incidence,2026-10-04,4,LU,quantile,0.025,585.7737509062507
2026-09-16,ARI incidence,2026-10-04,4,LU,quantile,0.05,801.0451224507433
2026-09-16,ARI incidence,2026-10-04,4,LU,quantile,0.1,1137.5735471588378
2026-09-16,ARI incidence,2026-10-04,4,LU,quantile,0.15,1439.700834203961
2026-09-16,ARI incidence,2026-10-04,4,LU,quantile,0.2,1735.6992784922018
2026-09-16,ARI incidence,2026-10-04,4,LU,quantile,0.25,2027.4637564824502
2026-09-16,ARI incidence,2026-10-04,4,LU,quantile,0.3,2348.379935758148
2026-09-16,ARI incidence,2026-10-04,4,LU,quantile,0.35,2663.851272691476
2026-09-16,ARI incidence,2026-10-04,4,LU,quantile,0.4,3040.0227513840746
2026-09-16,ARI incidence,2026-10-04,4,LU,quantile,0.45,3430.548145248842
2026-09-16,ARI incidence,2026-10-04,4,LU,quantile,0.5,3845.21489230132
2026-09-16,ARI incidence,2026-10-04,4,LU,quantile,0.55,4378.979730181154
2026-09-16,ARI incidence,2026-10-04,4,LU,quantile,0.6,4975.7023975256
2026-09-16,ARI incidence,2026-10-04,4,LU,quantile,0.65,5671.828221430649
2026-09-16,ARI incidence,2026-10-04,4,LU,quantile,0.7,6516.378574284996
2026-09-16,ARI incidence,2026-10-04,4,LU,quantile,0.75,7583.34034318482
2026-09-16,ARI incidence,2026-10-04,4,LU,quantile,0.8,8886.78817951471
2026-09-16,ARI incidence,2026-10-04,4,LU,quantile,0.85,10544.881215788937
2026-09-16,ARI incidence,2026-10-04,4,LU,quantile,0.9,13145.89283082803
2026-09-16,ARI incidence,2026-10-04,4,LU,quantile,0.95,18626.287601306598
2026-09-16,ARI incidence,2026-10-04,4,LU,quantile,0.975,24867.63814259351
2026-09-16,ARI incidence,2026-10-04,4,LU,quantile,0.99,35702.534693315385
2026-09-16,ARI incidence,2026-10-04,4,LU,median,,3845.21489230132
2026-09-16,ARI incidence,2026-09-13,1,NL,quantile,0.85,100.40553645969291
2026-09-16,ARI incidence,2026-09-13,1,NL,quantile,0.9,102.14012520203357
2026-09-16,ARI incidence,2026-09-13,1,NL,quantile,0.95,105.03596148170942
2026-09-16,ARI incidence,2026-09-13,1,NL,quantile,0.975,107.60338133869406
2026-09-16,ARI incidence,2026-09-13,1,NL,quantile,0.99,110.33569555196868
2026-09-16,ARI incidence,2026-09-13,1,NL,quantile,0.01,76.9996583154474
2026-09-16,ARI incidence,2026-09-13,1,NL,quantile,0.025,79.18889281850188
2026-09-16,ARI incidence,2026-09-13,1,NL,quantile,0.05,81.31973385745886
2026-09-16,ARI incidence,2026-09-13,1,NL,quantile,0.1,83.69713465972629
2026-09-16,ARI incidence,2026-09-13,1,NL,quantile,0.15,85.37447747902598
2026-09-16,ARI incidence,2026-09-13,1,NL,quantile,0.2,86.76510243270374
2026-09-16,ARI incidence,2026-09-13,1,NL,quantile,0.25,87.92540898778091
2026-09-16,ARI incidence,2026-09-13,1,NL,quantile,0.3,88.97716550055779
2026-09-16,ARI incidence,2026-09-13,1,NL,quantile,0.35,89.9280493869889
2026-09-16,ARI incidence,2026-09-13,1,NL,quantile,0.4,90.88357974461414
2026-09-16,ARI incidence,2026-09-13,1,NL,quantile,0.45,91.75294389526348
2026-09-16,ARI incidence,2026-09-13,1,NL,quantile,0.5,92.67612018500239
2026-09-16,ARI incidence,2026-09-13,1,NL,quantile,0.55,93.51900387424875
2026-09-16,ARI incidence,2026-09-13,1,NL,quantile,0.6,94.50752759442153
2026-09-16,ARI incidence,2026-09-13,1,NL,quantile,0.65,95.45038146974431
2026-09-16,ARI incidence,2026-09-13,1,NL,quantile,0.7,96.42828295637565
2026-09-16,ARI incidence,2026-09-13,1,NL,quantile,0.75,97.51566750389381
2026-09-16,ARI incidence,2026-09-13,1,NL,quantile,0.8,98.8076133602883
2026-09-16,ARI incidence,2026-09-13,1,NL,median,,92.67612018500239
2026-09-16,ARI incidence,2026-09-20,2,NL,quantile,0.975,110.68620438744081
2026-09-16,ARI incidence,2026-09-20,2,NL,quantile,0.99,115.21361945594204
2026-09-16,ARI incidence,2026-09-20,2,NL,quantile,0.6,91.87093715159565
2026-09-16,ARI incidence,2026-09-20,2,NL,quantile,0.7,94.56312853808684
2026-09-16,ARI incidence,2026-09-20,2,NL,quantile,0.75,96.14328213921186
2026-09-16,ARI incidence,2026-09-20,2,NL,quantile,0.8,97.91918048664866
2026-09-16,ARI incidence,2026-09-20,2,NL,quantile,0.85,100.0580698436599
2026-09-16,ARI incidence,2026-09-20,2,NL,quantile,0.9,102.76968211465429
2026-09-16,ARI incidence,2026-09-20,2,NL,quantile,0.95,106.93853568599692
2026-09-16,ARI incidence,2026-09-20,2,NL,quantile,0.2,81.36763179078966
2026-09-16,ARI incidence,2026-09-20,2,NL,quantile,0.25,82.91259576161966
2026-09-16,ARI incidence,2026-09-20,2,NL,quantile,0.3,84.23996322192076
2026-09-16,ARI incidence,2026-09-20,2,NL,quantile,0.35,85.69514875959987
2026-09-16,ARI incidence,2026-09-20,2,NL,quantile,0.4,86.90115624442296
2026-09-16,ARI incidence,2026-09-20,2,NL,quantile,0.55,90.59418942840657
2026-09-16,ARI incidence,2026-09-20,2,NL,quantile,0.65,93.17933438055624
2026-09-16,ARI incidence,2026-09-20,2,NL,quantile,0.45,88.13855256313616
2026-09-16,ARI incidence,2026-09-20,2,NL,quantile,0.5,89.28330644411392
2026-09-16,ARI incidence,2026-09-20,2,NL,quantile,0.01,69.25526652316772
2026-09-16,ARI incidence,2026-09-20,2,NL,quantile,0.025,72.0822626214974
2026-09-16,ARI incidence,2026-09-20,2,NL,quantile,0.05,74.57952322981139
2026-09-16,ARI incidence,2026-09-20,2,NL,quantile,0.15,79.65328492462726
2026-09-16,ARI incidence,2026-09-20,2,NL,quantile,0.1,77.5262988638902
2026-09-16,ARI incidence,2026-09-20,2,NL,median,,89.28330644411392
2026-09-16,ARI incidence,2026-09-27,3,NL,quantile,0.9,99.52709236523893
2026-09-16,ARI incidence,2026-09-27,3,NL,quantile,0.8,94.5782353618024
2026-09-16,ARI incidence,2026-09-27,3,NL,quantile,0.85,96.77403987054089
2026-09-16,ARI incidence,2026-09-27,3,NL,quantile,0.99,111.82099789123242
2026-09-16,ARI incidence,2026-09-27,3,NL,quantile,0.95,103.86456916467635
2026-09-16,ARI incidence,2026-09-27,3,NL,quantile,0.975,107.50287150250726
2026-09-16,ARI incidence,2026-09-27,3,NL,quantile,0.75,92.80023012655882
2026-09-16,ARI incidence,2026-09-27,3,NL,quantile,0.5,85.76315641108336
2026-09-16,ARI incidence,2026-09-27,3,NL,quantile,0.55,87.05792108723878
2026-09-16,ARI incidence,2026-09-27,3,NL,quantile,0.7,91.2782256596812
2026-09-16,ARI incidence,2026-09-27,3,NL,quantile,0.6,88.53508862836316
2026-09-16,ARI incidence,2026-09-27,3,NL,quantile,0.65,89.81394545706736
2026-09-16,ARI incidence,2026-09-27,3,NL,quantile,0.01,65.21878516250274
2026-09-16,ARI incidence,2026-09-27,3,NL,quantile,0.025,68.03893555918991
2026-09-16,ARI incidence,2026-09-27,3,NL,quantile,0.45,84.40978140670353
2026-09-16,ARI incidence,2026-09-27,3,NL,quantile,0.2,77.54049009261786
2026-09-16,ARI incidence,2026-09-27,3,NL,quantile,0.15,75.86337751872352
2026-09-16,ARI incidence,2026-09-27,3,NL,quantile,0.4,83.1433045078034
2026-09-16,ARI incidence,2026-09-27,3,NL,quantile,0.25,79.05347277277014
2026-09-16,ARI incidence,2026-09-27,3,NL,quantile,0.35,81.81570444726452
2026-09-16,ARI incidence,2026-09-27,3,NL,quantile,0.3,80.60003813499186
2026-09-16,ARI incidence,2026-09-27,3,NL,quantile,0.05,70.62255833419142
2026-09-16,ARI incidence,2026-09-27,3,NL,quantile,0.1,73.7235091350484
2026-09-16,ARI incidence,2026-09-27,3,NL,median,,85.76315641108336
2026-09-16,ARI incidence,2026-10-04,4,NL,quantile,0.35,79.46044446658257
2026-09-16,ARI incidence,2026-10-04,4,NL,quantile,0.4,80.58639913042617
2026-09-16,ARI incidence,2026-10-04,4,NL,quantile,0.45,81.72022809270538
2026-09-16,ARI incidence,2026-10-04,4,NL,quantile,0.5,82.83348299020923
2026-09-16,ARI incidence,2026-10-04,4,NL,quantile,0.55,84.01480328240737
2026-09-16,ARI incidence,2026-10-04,4,NL,quantile,0.6,85.27579521012048
2026-09-16,ARI incidence,2026-10-04,4,NL,quantile,0.65,86.65587741762417
2026-09-16,ARI incidence,2026-10-04,4,NL,quantile,0.1,71.63896240967401
2026-09-16,ARI incidence,2026-10-04,4,NL,quantile,0.3,78.19394601531162
2026-09-16,ARI incidence,2026-10-04,4,NL,quantile,0.15,73.64750569247117
2026-09-16,ARI incidence,2026-10-04,4,NL,quantile,0.25,76.84134651748113
2026-09-16,ARI incidence,2026-10-04,4,NL,quantile,0.2,75.3123984366527
2026-09-16,ARI incidence,2026-10-04,4,NL,quantile,0.01,64.30475680422396
2026-09-16,ARI incidence,2026-10-04,4,NL,quantile,0.025,66.82439956692033
2026-09-16,ARI incidence,2026-10-04,4,NL,quantile,0.05,68.98888658880885
2026-09-16,ARI incidence,2026-10-04,4,NL,quantile,0.7,87.997578648709
2026-09-16,ARI incidence,2026-10-04,4,NL,quantile,0.75,89.41506950098847
2026-09-16,ARI incidence,2026-10-04,4,NL,quantile,0.975,103.54602627334252
2026-09-16,ARI incidence,2026-10-04,4,NL,quantile,0.8,91.17934862770996
2026-09-16,ARI incidence,2026-10-04,4,NL,quantile,0.9,95.87933478772781
2026-09-16,ARI incidence,2026-10-04,4,NL,quantile,0.85,93.19580608517352
2026-09-16,ARI incidence,2026-10-04,4,NL,quantile,0.95,100.06278694675038
2026-09-16,ARI incidence,2026-10-04,4,NL,quantile,0.99,107.58347463625758
2026-09-16,ARI incidence,2026-10-04,4,NL,median,,82.83348299020923
2026-09-16,ARI incidence,2026-09-13,1,SI,quantile,0.01,275.4077866993226
2026-09-16,ARI incidence,2026-09-13,1,SI,quantile,0.3,386.5479176535005
2026-09-16,ARI incidence,2026-09-13,1,SI,quantile,0.55,436.795845853527
2026-09-16,ARI incidence,2026-09-13,1,SI,quantile,0.6,448.46471227151824
2026-09-16,ARI incidence,2026-09-13,1,SI,quantile,0.35,396.82199336209715
2026-09-16,ARI incidence,2026-09-13,1,SI,quantile,0.45,415.6742762738031
2026-09-16,ARI incidence,2026-09-13,1,SI,quantile,0.4,405.9384358637448
2026-09-16,ARI incidence,2026-09-13,1,SI,quantile,0.5,426.2060334886714
2026-09-16,ARI incidence,2026-09-13,1,SI,quantile,0.15,349.8102238647385
2026-09-16,ARI incidence,2026-09-13,1,SI,quantile,0.025,293.66444106966276
2026-09-16,ARI incidence,2026-09-13,1,SI,quantile,0.05,312.85290277011745
2026-09-16,ARI incidence,2026-09-13,1,SI,quantile,0.95,583.1808743372383
2026-09-16,ARI incidence,2026-09-13,1,SI,quantile,0.975,615.9258869335615
2026-09-16,ARI incidence,2026-09-13,1,SI,quantile,0.2,362.52216037093297
2026-09-16,ARI incidence,2026-09-13,1,SI,quantile,0.65,459.16953565315646
2026-09-16,ARI incidence,2026-09-13,1,SI,quantile,0.9,545.8007914331541
2026-09-16,ARI incidence,2026-09-13,1,SI,quantile,0.25,374.32344371630177
2026-09-16,ARI incidence,2026-09-13,1,SI,quantile,0.8,500.5599279587442
2026-09-16,ARI incidence,2026-09-13,1,SI,quantile,0.85,519.6370058425855
2026-09-16,ARI incidence,2026-09-13,1,SI,quantile,0.99,660.9805718838662
2026-09-16,ARI incidence,2026-09-13,1,SI,quantile,0.1,334.1569865646448
2026-09-16,ARI incidence,2026-09-13,1,SI,quantile,0.7,470.9793089089481
2026-09-16,ARI incidence,2026-09-13,1,SI,quantile,0.75,484.2257530911405
2026-09-16,ARI incidence,2026-09-13,1,SI,median,,426.2060334886714
2026-09-16,ARI incidence,2026-09-20,2,SI,quantile,0.99,383.26512545226683
2026-09-16,ARI incidence,2026-09-20,2,SI,quantile,0.95,360.04809237621714
2026-09-16,ARI incidence,2026-09-20,2,SI,quantile,0.975,370.44102143585604
2026-09-16,ARI incidence,2026-09-20,2,SI,quantile,0.8,334.02482888392984
2026-09-16,ARI incidence,2026-09-20,2,SI,quantile,0.85,340.0594561618837
2026-09-16,ARI incidence,2026-09-20,2,SI,quantile,0.9,347.94847004457574
2026-09-16,ARI incidence,2026-09-20,2,SI,quantile,0.25,290.3740388559448
2026-09-16,ARI incidence,2026-09-20,2,SI,quantile,0.3,294.49344032703425
2026-09-16,ARI incidence,2026-09-20,2,SI,quantile,0.45,305.60951192775235
2026-09-16,ARI incidence,2026-09-20,2,SI,quantile,0.5,309.37080729093617
2026-09-16,ARI incidence,2026-09-20,2,SI,quantile,0.4,301.64733914846556
2026-09-16,ARI incidence,2026-09-20,2,SI,quantile,0.7,324.65505436373087
2026-09-16,ARI incidence,2026-09-20,2,SI,quantile,0.75,328.960560370273
2026-09-16,ARI incidence,2026-09-20,2,SI,quantile,0.05,266.13590619752364
2026-09-16,ARI incidence,2026-09-20,2,SI,quantile,0.15,280.95164286673503
2026-09-16,ARI incidence,2026-09-20,2,SI,quantile,0.35,298.1261013547278
2026-09-16,ARI incidence,2026-09-20,2,SI,quantile,0.1,274.9959761437604
2026-09-16,ARI incidence,2026-09-20,2,SI,quantile,0.2,285.8961444113185
2026-09-16,ARI incidence,2026-09-20,2,SI,quantile,0.6,316.49152000453137
2026-09-16,ARI incidence,2026-09-20,2,SI,quantile,0.65,320.5463975072772
2026-09-16,ARI incidence,2026-09-20,2,SI,quantile,0.01,250.85162028855095
2026-09-16,ARI incidence,2026-09-20,2,SI,quantile,0.025,259.42302561153485
2026-09-16,ARI incidence,2026-09-20,2,SI,quantile,0.55,312.6444397636971
2026-09-16,ARI incidence,2026-09-20,2,SI,median,,309.37080729093617
2026-09-16,ARI incidence,2026-09-27,3,SI,quantile,0.95,583.8010129530535
2026-09-16,ARI incidence,2026-09-27,3,SI,quantile,0.99,752.8577075249258
2026-09-16,ARI incidence,2026-09-27,3,SI,quantile,0.975,654.3561891065707
2026-09-16,ARI incidence,2026-09-27,3,SI,quantile,0.85,466.2461843242929
2026-09-16,ARI incidence,2026-09-27,3,SI,quantile,0.9,508.13485673000866
2026-09-16,ARI incidence,2026-09-27,3,SI,quantile,0.1,194.44683631997415
2026-09-16,ARI incidence,2026-09-27,3,SI,quantile,0.8,433.44811655699016
2026-09-16,ARI incidence,2026-09-27,3,SI,quantile,0.01,131.3736719993915
2026-09-16,ARI incidence,2026-09-27,3,SI,quantile,0.025,152.0917787684784
2026-09-16,ARI incidence,2026-09-27,3,SI,quantile,0.15,213.20955820453236
2026-09-16,ARI incidence,2026-09-27,3,SI,quantile,0.75,406.60813493778437
2026-09-16,ARI incidence,2026-09-27,3,SI,quantile,0.05,171.34198601672438
2026-09-16,ARI incidence,2026-09-27,3,SI,quantile,0.7,383.3191355581613
2026-09-16,ARI incidence,2026-09-27,3,SI,quantile,0.6,345.55181856134897
2026-09-16,ARI incidence,2026-09-27,3,SI,quantile,0.65,363.50283530048773
2026-09-16,ARI incidence,2026-09-27,3,SI,quantile,0.55,328.7951022986532
2026-09-16,ARI incidence,2026-09-27,3,SI,quantile,0.5,313.7292969258667
2026-09-16,ARI incidence,2026-09-27,3,SI,quantile,0.25,243.78649884186478
2026-09-16,ARI incidence,2026-09-27,3,SI,quantile,0.2,229.20891733035234
2026-09-16,ARI incidence,2026-09-27,3,SI,quantile,0.45,300.0605028338414
2026-09-16,ARI incidence,2026-09-27,3,SI,quantile,0.35,272.5955192925172
2026-09-16,ARI incidence,2026-09-27,3,SI,quantile,0.4,286.8706353055816
2026-09-16,ARI incidence,2026-09-27,3,SI,quantile,0.3,258.29974485162995
2026-09-16,ARI incidence,2026-09-27,3,SI,median,,313.7292969258667
2026-09-16,ARI incidence,2026-10-04,4,SI,quantile,0.95,352.36832788728117
2026-09-16,ARI incidence,2026-10-04,4,SI,quantile,0.975,356.7839295638211
2026-09-16,ARI incidence,2026-10-04,4,SI,quantile,0.99,360.9010115538211
2026-09-16,ARI incidence,2026-10-04,4,SI,quantile,0.7,338.44064855593757
2026-09-16,ARI incidence,2026-10-04,4,SI,quantile,0.9,347.8426072428449
2026-09-16,ARI incidence,2026-10-04,4,SI,quantile,0.65,336.7443490693754
2026-09-16,ARI incidence,2026-10-04,4,SI,quantile,0.75,340.2388584634351
2026-09-16,ARI incidence,2026-10-04,4,SI,quantile,0.55,333.5210173629215
2026-09-16,ARI incidence,2026-10-04,4,SI,quantile,0.6,335.05048136974347
2026-09-16,ARI incidence,2026-10-04,4,SI,quantile,0.3,325.7474055621236
2026-09-16,ARI incidence,2026-10-04,4,SI,quantile,0.5,332.0408454574032
2026-09-16,ARI incidence,2026-10-04,4,SI,quantile,0.8,342.33723172047917
2026-09-16,ARI incidence,2026-10-04,4,SI,quantile,0.2,321.9208239325299
2026-09-16,ARI incidence,2026-10-04,4,SI,quantile,0.1,316.44650400616496
2026-09-16,ARI incidence,2026-10-04,4,SI,quantile,0.25,323.8639231519491
2026-09-16,ARI incidence,2026-10-04,4,SI,quantile,0.85,344.7107176573832
2026-09-16,ARI incidence,2026-10-04,4,SI,quantile,0.45,330.52107284394646
2026-09-16,ARI incidence,2026-10-04,4,SI,quantile,0.05,312.4176451927668
2026-09-16,ARI incidence,2026-10-04,4,SI,quantile,0.15,319.4908823090773
2026-09-16,ARI incidence,2026-10-04,4,SI,quantile,0.4,328.8806539199271
2026-09-16,ARI incidence,2026-10-04,4,SI,quantile,0.025,308.4908865427593
2026-09-16,ARI incidence,2026-10-04,4,SI,quantile,0.35,327.3224987423954
2026-09-16,ARI incidence,2026-10-04,4,SI,quantile,0.01,304.1473024832221
2026-09-16,ARI incidence,2026-10-04,4,SI,median,,332.0408454574032
