origin_date,target,target_end_date,horizon,location,output_type,output_type_id,value
2026-08-19,ILI incidence,2026-08-16,1,BE,quantile,0.5,26.17604752899097
2026-08-19,ILI incidence,2026-08-16,1,BE,quantile,0.975,121.41618088092063
2026-08-19,ILI incidence,2026-08-16,1,BE,quantile,0.55,29.116080267804044
2026-08-19,ILI incidence,2026-08-16,1,BE,quantile,0.35,19.508749980387663
2026-08-19,ILI incidence,2026-08-16,1,BE,quantile,0.99,160.0394011762022
2026-08-19,ILI incidence,2026-08-16,1,BE,quantile,0.6,32.24869675011068
2026-08-19,ILI incidence,2026-08-16,1,BE,quantile,0.45,23.69404220578139
2026-08-19,ILI incidence,2026-08-16,1,BE,quantile,0.4,21.555890943939332
2026-08-19,ILI incidence,2026-08-16,1,BE,quantile,0.65,35.535464446040066
2026-08-19,ILI incidence,2026-08-16,1,BE,quantile,0.75,44.96869665218716
2026-08-19,ILI incidence,2026-08-16,1,BE,quantile,0.7,40.05791396189491
2026-08-19,ILI incidence,2026-08-16,1,BE,quantile,0.8,50.87971232693022
2026-08-19,ILI incidence,2026-08-16,1,BE,quantile,0.9,71.67694866915492
2026-08-19,ILI incidence,2026-08-16,1,BE,quantile,0.85,59.365890183528606
2026-08-19,ILI incidence,2026-08-16,1,BE,quantile,0.95,95.22584769038646
2026-08-19,ILI incidence,2026-08-16,1,BE,quantile,0.25,15.77848256671396
2026-08-19,ILI incidence,2026-08-16,1,BE,quantile,0.3,17.56539928378259
2026-08-19,ILI incidence,2026-08-16,1,BE,quantile,0.2,13.78129734689888
2026-08-19,ILI incidence,2026-08-16,1,BE,quantile,0.01,4.269735887910449
2026-08-19,ILI incidence,2026-08-16,1,BE,quantile,0.025,5.694446276161739
2026-08-19,ILI incidence,2026-08-16,1,BE,quantile,0.1,9.765791774564264
2026-08-19,ILI incidence,2026-08-16,1,BE,quantile,0.05,7.292951389951013
2026-08-19,ILI incidence,2026-08-16,1,BE,quantile,0.15,11.852983909337903
2026-08-19,ILI incidence,2026-08-16,1,BE,median,,26.17604752899097
2026-08-19,ILI incidence,2026-08-23,2,BE,quantile,0.99,133.1475995545861
2026-08-19,ILI incidence,2026-08-23,2,BE,quantile,0.85,63.14574753693154
2026-08-19,ILI incidence,2026-08-23,2,BE,quantile,0.8,56.417382781850364
2026-08-19,ILI incidence,2026-08-23,2,BE,quantile,0.9,72.6434306920464
2026-08-19,ILI incidence,2026-08-23,2,BE,quantile,0.95,89.09607887149616
2026-08-19,ILI incidence,2026-08-23,2,BE,quantile,0.975,105.54890616859055
2026-08-19,ILI incidence,2026-08-23,2,BE,quantile,0.7,46.76406430020142
2026-08-19,ILI incidence,2026-08-23,2,BE,quantile,0.75,50.91797757515248
2026-08-19,ILI incidence,2026-08-23,2,BE,quantile,0.55,37.52469826458208
2026-08-19,ILI incidence,2026-08-23,2,BE,quantile,0.6,40.23778321502138
2026-08-19,ILI incidence,2026-08-23,2,BE,quantile,0.65,43.30055665754426
2026-08-19,ILI incidence,2026-08-23,2,BE,quantile,0.45,32.27693296435638
2026-08-19,ILI incidence,2026-08-23,2,BE,quantile,0.5,34.8513082789948
2026-08-19,ILI incidence,2026-08-23,2,BE,quantile,0.01,9.41814520690198
2026-08-19,ILI incidence,2026-08-23,2,BE,quantile,0.025,11.655067315335248
2026-08-19,ILI incidence,2026-08-23,2,BE,quantile,0.35,27.836024156447642
2026-08-19,ILI incidence,2026-08-23,2,BE,quantile,0.05,13.781317541307022
2026-08-19,ILI incidence,2026-08-23,2,BE,quantile,0.3,25.77928801475677
2026-08-19,ILI incidence,2026-08-23,2,BE,quantile,0.4,30.015780631211282
2026-08-19,ILI incidence,2026-08-23,2,BE,quantile,0.1,17.026524605617396
2026-08-19,ILI incidence,2026-08-23,2,BE,quantile,0.2,21.438020676361
2026-08-19,ILI incidence,2026-08-23,2,BE,quantile,0.15,19.29456227576546
2026-08-19,ILI incidence,2026-08-23,2,BE,quantile,0.25,23.764199110270187
2026-08-19,ILI incidence,2026-08-23,2,BE,median,,34.8513082789948
2026-08-19,ILI incidence,2026-08-30,3,BE,quantile,0.99,46.724957391738684
2026-08-19,ILI incidence,2026-08-30,3,BE,quantile,0.55,26.002924706985638
2026-08-19,ILI incidence,2026-08-30,3,BE,quantile,0.9,35.321374471517885
2026-08-19,ILI incidence,2026-08-30,3,BE,quantile,0.95,38.833484945253645
2026-08-19,ILI incidence,2026-08-30,3,BE,quantile,0.6,26.890525606522193
2026-08-19,ILI incidence,2026-08-30,3,BE,quantile,0.65,27.82248168681442
2026-08-19,ILI incidence,2026-08-30,3,BE,quantile,0.75,30.169345366985535
2026-08-19,ILI incidence,2026-08-30,3,BE,quantile,0.85,33.128548595605224
2026-08-19,ILI incidence,2026-08-30,3,BE,quantile,0.975,42.07900356077262
2026-08-19,ILI incidence,2026-08-30,3,BE,quantile,0.35,22.58173200312781
2026-08-19,ILI incidence,2026-08-30,3,BE,quantile,0.4,23.424101386678664
2026-08-19,ILI incidence,2026-08-30,3,BE,quantile,0.45,24.29769291329326
2026-08-19,ILI incidence,2026-08-30,3,BE,quantile,0.5,25.13510736404159
2026-08-19,ILI incidence,2026-08-30,3,BE,quantile,0.8,31.48609443573134
2026-08-19,ILI incidence,2026-08-30,3,BE,quantile,0.7,28.917477380788824
2026-08-19,ILI incidence,2026-08-30,3,BE,quantile,0.1,17.72426393840834
2026-08-19,ILI incidence,2026-08-30,3,BE,quantile,0.15,18.98365956127893
2026-08-19,ILI incidence,2026-08-30,3,BE,quantile,0.2,19.905010531078275
2026-08-19,ILI incidence,2026-08-30,3,BE,quantile,0.25,20.856156629974606
2026-08-19,ILI incidence,2026-08-30,3,BE,quantile,0.3,21.72060042197552
2026-08-19,ILI incidence,2026-08-30,3,BE,quantile,0.01,13.488246897804881
2026-08-19,ILI incidence,2026-08-30,3,BE,quantile,0.025,14.847088395464025
2026-08-19,ILI incidence,2026-08-30,3,BE,quantile,0.05,16.10981431292771
2026-08-19,ILI incidence,2026-08-30,3,BE,median,,25.13510736404159
2026-08-19,ILI incidence,2026-09-06,4,BE,quantile,0.99,99.16400672136004
2026-08-19,ILI incidence,2026-09-06,4,BE,quantile,0.95,62.704005263030055
2026-08-19,ILI incidence,2026-09-06,4,BE,quantile,0.8,37.30630814638124
2026-08-19,ILI incidence,2026-09-06,4,BE,quantile,0.975,78.47880534181681
2026-08-19,ILI incidence,2026-09-06,4,BE,quantile,0.1,9.864100476391592
2026-08-19,ILI incidence,2026-09-06,4,BE,quantile,0.85,42.04229381331258
2026-08-19,ILI incidence,2026-09-06,4,BE,quantile,0.025,6.472543536705338
2026-08-19,ILI incidence,2026-09-06,4,BE,quantile,0.05,7.801668361607809
2026-08-19,ILI incidence,2026-09-06,4,BE,quantile,0.9,49.82968534172804
2026-08-19,ILI incidence,2026-09-06,4,BE,quantile,0.15,11.46374572241917
2026-08-19,ILI incidence,2026-09-06,4,BE,quantile,0.2,13.009183240402303
2026-08-19,ILI incidence,2026-09-06,4,BE,quantile,0.35,17.19900813520972
2026-08-19,ILI incidence,2026-09-06,4,BE,quantile,0.4,18.752803173102382
2026-08-19,ILI incidence,2026-09-06,4,BE,quantile,0.7,30.6029715613386
2026-08-19,ILI incidence,2026-09-06,4,BE,quantile,0.75,33.50752925382566
2026-08-19,ILI incidence,2026-09-06,4,BE,quantile,0.3,15.746551254938286
2026-08-19,ILI incidence,2026-09-06,4,BE,quantile,0.25,14.380906009758123
2026-08-19,ILI incidence,2026-09-06,4,BE,quantile,0.65,28.123760012507066
2026-08-19,ILI incidence,2026-09-06,4,BE,quantile,0.45,20.382927562803843
2026-08-19,ILI incidence,2026-09-06,4,BE,quantile,0.5,22.138185358064543
2026-08-19,ILI incidence,2026-09-06,4,BE,quantile,0.55,23.90154762464917
2026-08-19,ILI incidence,2026-09-06,4,BE,quantile,0.6,25.8177466473917
2026-08-19,ILI incidence,2026-09-06,4,BE,quantile,0.01,5.180493942139103
2026-08-19,ILI incidence,2026-09-06,4,BE,median,,22.138185358064543
2026-08-19,ILI incidence,2026-08-16,1,DK,quantile,0.7,84.86028272289215
2026-08-19,ILI incidence,2026-08-16,1,DK,quantile,0.55,75.46299954707258
2026-08-19,ILI incidence,2026-08-16,1,DK,quantile,0.99,148.34057992761797
2026-08-19,ILI incidence,2026-08-16,1,DK,quantile,0.75,88.80600104369353
2026-08-19,ILI incidence,2026-08-16,1,DK,quantile,0.85,99.55483910818295
2026-08-19,ILI incidence,2026-08-16,1,DK,quantile,0.65,81.44711971106486
2026-08-19,ILI incidence,2026-08-16,1,DK,quantile,0.975,131.86104970104032
2026-08-19,ILI incidence,2026-08-16,1,DK,quantile,0.6,78.23975415317597
2026-08-19,ILI incidence,2026-08-16,1,DK,quantile,0.8,93.57262324119291
2026-08-19,ILI incidence,2026-08-16,1,DK,quantile,0.5,72.48543601672826
2026-08-19,ILI incidence,2026-08-16,1,DK,quantile,0.45,69.84755980627153
2026-08-19,ILI incidence,2026-08-16,1,DK,quantile,0.95,120.10065044593082
2026-08-19,ILI incidence,2026-08-16,1,DK,quantile,0.35,64.42521963708778
2026-08-19,ILI incidence,2026-08-16,1,DK,quantile,0.4,67.17659422429622
2026-08-19,ILI incidence,2026-08-16,1,DK,quantile,0.9,107.61176836271096
2026-08-19,ILI incidence,2026-08-16,1,DK,quantile,0.3,61.679071569397905
2026-08-19,ILI incidence,2026-08-16,1,DK,quantile,0.25,58.865983178682086
2026-08-19,ILI incidence,2026-08-16,1,DK,quantile,0.1,49.38417449771697
2026-08-19,ILI incidence,2026-08-16,1,DK,quantile,0.15,52.89009153599934
2026-08-19,ILI incidence,2026-08-16,1,DK,quantile,0.2,56.15799542549473
2026-08-19,ILI incidence,2026-08-16,1,DK,quantile,0.01,35.91930268840557
2026-08-19,ILI incidence,2026-08-16,1,DK,quantile,0.025,40.27154877838235
2026-08-19,ILI incidence,2026-08-16,1,DK,quantile,0.05,44.2649033693627
2026-08-19,ILI incidence,2026-08-16,1,DK,median,,72.48543601672826
2026-08-19,ILI incidence,2026-08-23,2,DK,quantile,0.45,65.4749533930879
2026-08-19,ILI incidence,2026-08-23,2,DK,quantile,0.6,71.13310683799118
2026-08-19,ILI incidence,2026-08-23,2,DK,quantile,0.5,67.39689763086623
2026-08-19,ILI incidence,2026-08-23,2,DK,quantile,0.25,58.10000236936524
2026-08-19,ILI incidence,2026-08-23,2,DK,quantile,0.85,84.70359691004163
2026-08-19,ILI incidence,2026-08-23,2,DK,quantile,0.55,69.21689096765223
2026-08-19,ILI incidence,2026-08-23,2,DK,quantile,0.4,63.7550462742843
2026-08-19,ILI incidence,2026-08-23,2,DK,quantile,0.8,81.28068103656892
2026-08-19,ILI incidence,2026-08-23,2,DK,quantile,0.75,78.20225113805111
2026-08-19,ILI incidence,2026-08-23,2,DK,quantile,0.99,111.78957389221294
2026-08-19,ILI incidence,2026-08-23,2,DK,quantile,0.975,103.35175847668219
2026-08-19,ILI incidence,2026-08-23,2,DK,quantile,0.95,95.98791558484076
2026-08-19,ILI incidence,2026-08-23,2,DK,quantile,0.3,60.11477722341485
2026-08-19,ILI incidence,2026-08-23,2,DK,quantile,0.65,73.24647696846377
2026-08-19,ILI incidence,2026-08-23,2,DK,quantile,0.2,55.939041651901185
2026-08-19,ILI incidence,2026-08-23,2,DK,quantile,0.9,89.0100394017601
2026-08-19,ILI incidence,2026-08-23,2,DK,quantile,0.35,61.94739327705983
2026-08-19,ILI incidence,2026-08-23,2,DK,quantile,0.7,75.56829858133476
2026-08-19,ILI incidence,2026-08-23,2,DK,quantile,0.025,43.53186891049902
2026-08-19,ILI incidence,2026-08-23,2,DK,quantile,0.05,46.9105613893168
2026-08-19,ILI incidence,2026-08-23,2,DK,quantile,0.1,50.89494349413978
2026-08-19,ILI incidence,2026-08-23,2,DK,quantile,0.15,53.62946529255922
2026-08-19,ILI incidence,2026-08-23,2,DK,quantile,0.01,40.318898063454924
2026-08-19,ILI incidence,2026-08-23,2,DK,median,,67.39689763086623
2026-08-19,ILI incidence,2026-08-30,3,DK,quantile,0.99,122.27970978086054
2026-08-19,ILI incidence,2026-08-30,3,DK,quantile,0.975,113.1523670098641
2026-08-19,ILI incidence,2026-08-30,3,DK,quantile,0.15,59.75595664835229
2026-08-19,ILI incidence,2026-08-30,3,DK,quantile,0.95,105.87240321672284
2026-08-19,ILI incidence,2026-08-30,3,DK,quantile,0.65,80.8949409134243
2026-08-19,ILI incidence,2026-08-30,3,DK,quantile,0.85,92.55329944810214
2026-08-19,ILI incidence,2026-08-30,3,DK,quantile,0.3,66.73655086367938
2026-08-19,ILI incidence,2026-08-30,3,DK,quantile,0.9,97.52705091396915
2026-08-19,ILI incidence,2026-08-30,3,DK,quantile,0.2,62.408229329625605
2026-08-19,ILI incidence,2026-08-30,3,DK,quantile,0.4,70.73950259795343
2026-08-19,ILI incidence,2026-08-30,3,DK,quantile,0.6,78.70192179675007
2026-08-19,ILI incidence,2026-08-30,3,DK,quantile,0.75,85.96298824649678
2026-08-19,ILI incidence,2026-08-30,3,DK,quantile,0.8,88.82721025008973
2026-08-19,ILI incidence,2026-08-30,3,DK,quantile,0.55,76.51839021822569
2026-08-19,ILI incidence,2026-08-30,3,DK,quantile,0.25,64.54122397622282
2026-08-19,ILI incidence,2026-08-30,3,DK,quantile,0.35,68.78900518805568
2026-08-19,ILI incidence,2026-08-30,3,DK,quantile,0.5,74.63223567757301
2026-08-19,ILI incidence,2026-08-30,3,DK,quantile,0.7,83.28744156229193
2026-08-19,ILI incidence,2026-08-30,3,DK,quantile,0.45,72.73869210308095
2026-08-19,ILI incidence,2026-08-30,3,DK,quantile,0.1,56.56772436058871
2026-08-19,ILI incidence,2026-08-30,3,DK,quantile,0.01,44.782128860463935
2026-08-19,ILI incidence,2026-08-30,3,DK,quantile,0.05,52.31045851461243
2026-08-19,ILI incidence,2026-08-30,3,DK,quantile,0.025,48.95238286109035
2026-08-19,ILI incidence,2026-08-30,3,DK,median,,74.63223567757301
2026-08-19,ILI incidence,2026-09-06,4,DK,quantile,0.99,129.38157073257037
2026-08-19,ILI incidence,2026-09-06,4,DK,quantile,0.9,98.10955822071088
2026-08-19,ILI incidence,2026-09-06,4,DK,quantile,0.8,87.70000745495392
2026-08-19,ILI incidence,2026-09-06,4,DK,quantile,0.85,92.15753461417401
2026-08-19,ILI incidence,2026-09-06,4,DK,quantile,0.95,107.91910065343309
2026-08-19,ILI incidence,2026-09-06,4,DK,quantile,0.75,84.24903930684512
2026-08-19,ILI incidence,2026-09-06,4,DK,quantile,0.975,118.26329067807382
2026-08-19,ILI incidence,2026-09-06,4,DK,quantile,0.6,75.59714925791604
2026-08-19,ILI incidence,2026-09-06,4,DK,quantile,0.7,80.88545615234361
2026-08-19,ILI incidence,2026-09-06,4,DK,quantile,0.55,73.07006245575974
2026-08-19,ILI incidence,2026-09-06,4,DK,quantile,0.65,78.17089064857657
2026-08-19,ILI incidence,2026-09-06,4,DK,quantile,0.5,70.87335739730668
2026-08-19,ILI incidence,2026-09-06,4,DK,quantile,0.25,59.71126232291996
2026-08-19,ILI incidence,2026-09-06,4,DK,quantile,0.2,57.194212381927755
2026-08-19,ILI incidence,2026-09-06,4,DK,quantile,0.3,61.84675494329065
2026-08-19,ILI incidence,2026-09-06,4,DK,quantile,0.45,68.6966418812186
2026-08-19,ILI incidence,2026-09-06,4,DK,quantile,0.4,66.42836400557927
2026-08-19,ILI incidence,2026-09-06,4,DK,quantile,0.01,38.54991893676273
2026-08-19,ILI incidence,2026-09-06,4,DK,quantile,0.025,42.61153199716049
2026-08-19,ILI incidence,2026-09-06,4,DK,quantile,0.35,64.18286558131145
2026-08-19,ILI incidence,2026-09-06,4,DK,quantile,0.05,46.31598316032264
2026-08-19,ILI incidence,2026-09-06,4,DK,quantile,0.15,54.45792197040885
2026-08-19,ILI incidence,2026-09-06,4,DK,quantile,0.1,51.080583744489395
2026-08-19,ILI incidence,2026-09-06,4,DK,median,,70.87335739730668
2026-08-19,ILI incidence,2026-08-16,1,EE,quantile,0.4,35.75026663021032
2026-08-19,ILI incidence,2026-08-16,1,EE,quantile,0.35,34.85218725657954
2026-08-19,ILI incidence,2026-08-16,1,EE,quantile,0.5,37.495802575783685
2026-08-19,ILI incidence,2026-08-16,1,EE,quantile,0.9,48.00773727034954
2026-08-19,ILI incidence,2026-08-16,1,EE,quantile,0.6,39.29193091495996
2026-08-19,ILI incidence,2026-08-16,1,EE,quantile,0.85,45.70194734875588
2026-08-19,ILI incidence,2026-08-16,1,EE,quantile,0.7,41.40718916982595
2026-08-19,ILI incidence,2026-08-16,1,EE,quantile,0.55,38.37515865776642
2026-08-19,ILI incidence,2026-08-16,1,EE,quantile,0.45,36.6185458956469
2026-08-19,ILI incidence,2026-08-16,1,EE,quantile,0.65,40.40156298984116
2026-08-19,ILI incidence,2026-08-16,1,EE,quantile,0.975,54.521427925884446
2026-08-19,ILI incidence,2026-08-16,1,EE,quantile,0.99,58.662887141695755
2026-08-19,ILI incidence,2026-08-16,1,EE,quantile,0.8,44.0913486269875
2026-08-19,ILI incidence,2026-08-16,1,EE,quantile,0.95,51.44432496831792
2026-08-19,ILI incidence,2026-08-16,1,EE,quantile,0.75,42.63221868904042
2026-08-19,ILI incidence,2026-08-16,1,EE,quantile,0.01,23.945521934159554
2026-08-19,ILI incidence,2026-08-16,1,EE,quantile,0.3,33.975766683921194
2026-08-19,ILI incidence,2026-08-16,1,EE,quantile,0.025,25.614280196199985
2026-08-19,ILI incidence,2026-08-16,1,EE,quantile,0.05,27.335875096568802
2026-08-19,ILI incidence,2026-08-16,1,EE,quantile,0.25,33.0267316923198
2026-08-19,ILI incidence,2026-08-16,1,EE,quantile,0.15,30.85218555107909
2026-08-19,ILI incidence,2026-08-16,1,EE,quantile,0.2,31.98533331918575
2026-08-19,ILI incidence,2026-08-16,1,EE,quantile,0.1,29.349925603489464
2026-08-19,ILI incidence,2026-08-16,1,EE,median,,37.495802575783685
2026-08-19,ILI incidence,2026-08-23,2,EE,quantile,0.45,27.162541773684445
2026-08-19,ILI incidence,2026-08-23,2,EE,quantile,0.6,29.605870349089788
2026-08-19,ILI incidence,2026-08-23,2,EE,quantile,0.7,31.527319658856804
2026-08-19,ILI incidence,2026-08-23,2,EE,quantile,0.5,27.97639358837648
2026-08-19,ILI incidence,2026-08-23,2,EE,quantile,0.55,28.769510357130144
2026-08-19,ILI incidence,2026-08-23,2,EE,quantile,0.65,30.53721059156511
2026-08-19,ILI incidence,2026-08-23,2,EE,quantile,0.05,19.145613334497785
2026-08-19,ILI incidence,2026-08-23,2,EE,quantile,0.35,25.57536486775585
2026-08-19,ILI incidence,2026-08-23,2,EE,quantile,0.3,24.796600522631145
2026-08-19,ILI incidence,2026-08-23,2,EE,quantile,0.25,23.961670592693718
2026-08-19,ILI incidence,2026-08-23,2,EE,quantile,0.025,17.88616222249461
2026-08-19,ILI incidence,2026-08-23,2,EE,quantile,0.1,20.801523940518592
2026-08-19,ILI incidence,2026-08-23,2,EE,quantile,0.2,23.083793879301354
2026-08-19,ILI incidence,2026-08-23,2,EE,quantile,0.15,22.042522291360136
2026-08-19,ILI incidence,2026-08-23,2,EE,quantile,0.4,26.406868423666978
2026-08-19,ILI incidence,2026-08-23,2,EE,quantile,0.01,16.353804713588442
2026-08-19,ILI incidence,2026-08-23,2,EE,quantile,0.75,32.68261699568801
2026-08-19,ILI incidence,2026-08-23,2,EE,quantile,0.8,33.98942154822952
2026-08-19,ILI incidence,2026-08-23,2,EE,quantile,0.85,35.67170730158803
2026-08-19,ILI incidence,2026-08-23,2,EE,quantile,0.9,37.8329139474712
2026-08-19,ILI incidence,2026-08-23,2,EE,quantile,0.95,41.29209022245754
2026-08-19,ILI incidence,2026-08-23,2,EE,quantile,0.975,44.21905883240648
2026-08-19,ILI incidence,2026-08-23,2,EE,quantile,0.99,47.47678262783931
2026-08-19,ILI incidence,2026-08-23,2,EE,median,,27.97639358837648
2026-08-19,ILI incidence,2026-08-30,3,EE,quantile,0.99,55.78512332749605
2026-08-19,ILI incidence,2026-08-30,3,EE,quantile,0.975,53.54721717105246
2026-08-19,ILI incidence,2026-08-30,3,EE,quantile,0.9,49.26032742399835
2026-08-19,ILI incidence,2026-08-30,3,EE,quantile,0.85,47.70690829322315
2026-08-19,ILI incidence,2026-08-30,3,EE,quantile,0.95,51.44907386824334
2026-08-19,ILI incidence,2026-08-30,3,EE,quantile,0.8,46.48528742366756
2026-08-19,ILI incidence,2026-08-30,3,EE,quantile,0.75,45.47239787320079
2026-08-19,ILI incidence,2026-08-30,3,EE,quantile,0.7,44.547319683980234
2026-08-19,ILI incidence,2026-08-30,3,EE,quantile,0.01,30.837174288260698
2026-08-19,ILI incidence,2026-08-30,3,EE,quantile,0.025,32.340107191498646
2026-08-19,ILI incidence,2026-08-30,3,EE,quantile,0.65,43.79481381082076
2026-08-19,ILI incidence,2026-08-30,3,EE,quantile,0.2,37.39681941014918
2026-08-19,ILI incidence,2026-08-30,3,EE,quantile,0.25,38.19886686025382
2026-08-19,ILI incidence,2026-08-30,3,EE,quantile,0.3,38.989588820882986
2026-08-19,ILI incidence,2026-08-30,3,EE,quantile,0.05,33.8454688128884
2026-08-19,ILI incidence,2026-08-30,3,EE,quantile,0.35,39.70539011710642
2026-08-19,ILI incidence,2026-08-30,3,EE,quantile,0.6,43.01399684416794
2026-08-19,ILI incidence,2026-08-30,3,EE,quantile,0.4,40.380064627404785
2026-08-19,ILI incidence,2026-08-30,3,EE,quantile,0.55,42.322101621007114
2026-08-19,ILI incidence,2026-08-30,3,EE,quantile,0.1,35.356991545619856
2026-08-19,ILI incidence,2026-08-30,3,EE,quantile,0.15,36.48575954032209
2026-08-19,ILI incidence,2026-08-30,3,EE,quantile,0.45,41.063118523294506
2026-08-19,ILI incidence,2026-08-30,3,EE,quantile,0.5,41.69615864551959
2026-08-19,ILI incidence,2026-08-30,3,EE,median,,41.69615864551959
2026-08-19,ILI incidence,2026-09-06,4,EE,quantile,0.975,107.77701574384484
2026-08-19,ILI incidence,2026-09-06,4,EE,quantile,0.9,98.83624844711329
2026-08-19,ILI incidence,2026-09-06,4,EE,quantile,0.95,103.52452471197424
2026-08-19,ILI incidence,2026-09-06,4,EE,quantile,0.65,88.79737308545782
2026-08-19,ILI incidence,2026-09-06,4,EE,quantile,0.8,93.55891247021208
2026-08-19,ILI incidence,2026-09-06,4,EE,quantile,0.7,90.13059530589348
2026-08-19,ILI incidence,2026-09-06,4,EE,quantile,0.99,111.55465157150304
2026-08-19,ILI incidence,2026-09-06,4,EE,quantile,0.85,95.67225870754359
2026-08-19,ILI incidence,2026-09-06,4,EE,quantile,0.75,91.69925427651988
2026-08-19,ILI incidence,2026-09-06,4,EE,quantile,0.6,87.409766080582
2026-08-19,ILI incidence,2026-09-06,4,EE,quantile,0.55,86.06446309438006
2026-08-19,ILI incidence,2026-09-06,4,EE,quantile,0.45,83.64136245829513
2026-08-19,ILI incidence,2026-09-06,4,EE,quantile,0.5,84.86701944727051
2026-08-19,ILI incidence,2026-09-06,4,EE,quantile,0.25,78.35800752481734
2026-08-19,ILI incidence,2026-09-06,4,EE,quantile,0.01,64.19251653519342
2026-08-19,ILI incidence,2026-09-06,4,EE,quantile,0.2,76.84860019411781
2026-08-19,ILI incidence,2026-09-06,4,EE,quantile,0.025,66.86753296009067
2026-08-19,ILI incidence,2026-09-06,4,EE,quantile,0.05,69.50637514732804
2026-08-19,ILI incidence,2026-09-06,4,EE,quantile,0.4,82.29723695971728
2026-08-19,ILI incidence,2026-09-06,4,EE,quantile,0.1,72.86882548963477
2026-08-19,ILI incidence,2026-09-06,4,EE,quantile,0.3,79.76258331057682
2026-08-19,ILI incidence,2026-09-06,4,EE,quantile,0.15,75.05332329157744
2026-08-19,ILI incidence,2026-09-06,4,EE,quantile,0.35,80.97072717181592
2026-08-19,ILI incidence,2026-09-06,4,EE,median,,84.86701944727051
2026-08-19,ILI incidence,2026-08-16,1,ES,quantile,0.99,10.483307090354062
2026-08-19,ILI incidence,2026-08-16,1,ES,quantile,0.85,7.972574344872935
2026-08-19,ILI incidence,2026-08-16,1,ES,quantile,0.9,8.387781278971428
2026-08-19,ILI incidence,2026-08-16,1,ES,quantile,0.95,9.111524398412051
2026-08-19,ILI incidence,2026-08-16,1,ES,quantile,0.975,9.719536975672971
2026-08-19,ILI incidence,2026-08-16,1,ES,quantile,0.8,7.65563774978917
2026-08-19,ILI incidence,2026-08-16,1,ES,quantile,0.65,6.916453158469562
2026-08-19,ILI incidence,2026-08-16,1,ES,quantile,0.7,7.139202217274601
2026-08-19,ILI incidence,2026-08-16,1,ES,quantile,0.75,7.370673003147237
2026-08-19,ILI incidence,2026-08-16,1,ES,quantile,0.55,6.556185096805621
2026-08-19,ILI incidence,2026-08-16,1,ES,quantile,0.45,6.209640567867625
2026-08-19,ILI incidence,2026-08-16,1,ES,quantile,0.6,6.736702832403571
2026-08-19,ILI incidence,2026-08-16,1,ES,quantile,0.5,6.392111021684544
2026-08-19,ILI incidence,2026-08-16,1,ES,quantile,0.4,6.045503752787309
2026-08-19,ILI incidence,2026-08-16,1,ES,quantile,0.35,5.872056936077893
2026-08-19,ILI incidence,2026-08-16,1,ES,quantile,0.3,5.702903943575789
2026-08-19,ILI incidence,2026-08-16,1,ES,quantile,0.2,5.313049595789012
2026-08-19,ILI incidence,2026-08-16,1,ES,quantile,0.25,5.5123244195516605
2026-08-19,ILI incidence,2026-08-16,1,ES,quantile,0.1,4.836108113767653
2026-08-19,ILI incidence,2026-08-16,1,ES,quantile,0.15,5.0942007561751135
2026-08-19,ILI incidence,2026-08-16,1,ES,quantile,0.05,4.48710037442359
2026-08-19,ILI incidence,2026-08-16,1,ES,quantile,0.01,3.901378244457278
2026-08-19,ILI incidence,2026-08-16,1,ES,quantile,0.025,4.195713805176426
2026-08-19,ILI incidence,2026-08-16,1,ES,median,,6.392111021684544
2026-08-19,ILI incidence,2026-08-23,2,ES,quantile,0.99,14.330474877168129
2026-08-19,ILI incidence,2026-08-23,2,ES,quantile,0.95,11.569388822544907
2026-08-19,ILI incidence,2026-08-23,2,ES,quantile,0.975,12.851785347755536
2026-08-19,ILI incidence,2026-08-23,2,ES,quantile,0.9,10.320546221543694
2026-08-19,ILI incidence,2026-08-23,2,ES,quantile,0.8,9.039342548719251
2026-08-19,ILI incidence,2026-08-23,2,ES,quantile,0.85,9.573169311077137
2026-08-19,ILI incidence,2026-08-23,2,ES,quantile,0.75,8.570022046050964
2026-08-19,ILI incidence,2026-08-23,2,ES,quantile,0.25,5.554134243100463
2026-08-19,ILI incidence,2026-08-23,2,ES,quantile,0.65,7.816053698126433
2026-08-19,ILI incidence,2026-08-23,2,ES,quantile,0.2,5.27500507569234
2026-08-19,ILI incidence,2026-08-23,2,ES,quantile,0.15,4.947727504304453
2026-08-19,ILI incidence,2026-08-23,2,ES,quantile,0.3,5.820292201468705
2026-08-19,ILI incidence,2026-08-23,2,ES,quantile,0.7,8.17448960124721
2026-08-19,ILI incidence,2026-08-23,2,ES,quantile,0.05,4.073267672318823
2026-08-19,ILI incidence,2026-08-23,2,ES,quantile,0.1,4.562759201864061
2026-08-19,ILI incidence,2026-08-23,2,ES,quantile,0.35,6.0956666428625494
2026-08-19,ILI incidence,2026-08-23,2,ES,quantile,0.6,7.478755308224519
2026-08-19,ILI incidence,2026-08-23,2,ES,quantile,0.45,6.629884250975733
2026-08-19,ILI incidence,2026-08-23,2,ES,quantile,0.025,3.703870751910513
2026-08-19,ILI incidence,2026-08-23,2,ES,quantile,0.55,7.197030135427007
2026-08-19,ILI incidence,2026-08-23,2,ES,quantile,0.5,6.906734962082989
2026-08-19,ILI incidence,2026-08-23,2,ES,quantile,0.01,3.340918774762178
2026-08-19,ILI incidence,2026-08-23,2,ES,quantile,0.4,6.37247598196181
2026-08-19,ILI incidence,2026-08-23,2,ES,median,,6.906734962082989
2026-08-19,ILI incidence,2026-08-30,3,ES,quantile,0.85,9.045891677773703
2026-08-19,ILI incidence,2026-08-30,3,ES,quantile,0.9,9.752271733689422
2026-08-19,ILI incidence,2026-08-30,3,ES,quantile,0.8,8.522644593032012
2026-08-19,ILI incidence,2026-08-30,3,ES,quantile,0.75,8.104084209596158
2026-08-19,ILI incidence,2026-08-30,3,ES,quantile,0.95,10.808438572205041
2026-08-19,ILI incidence,2026-08-30,3,ES,quantile,0.975,11.825008220456068
2026-08-19,ILI incidence,2026-08-30,3,ES,quantile,0.4,6.137383906311152
2026-08-19,ILI incidence,2026-08-30,3,ES,quantile,0.2,5.188064138942753
2026-08-19,ILI incidence,2026-08-30,3,ES,quantile,0.7,7.745396353244871
2026-08-19,ILI incidence,2026-08-30,3,ES,quantile,0.25,5.447286125436026
2026-08-19,ILI incidence,2026-08-30,3,ES,quantile,0.05,4.076816662046708
2026-08-19,ILI incidence,2026-08-30,3,ES,quantile,0.6,7.124842310415511
2026-08-19,ILI incidence,2026-08-30,3,ES,quantile,0.35,5.9163696508259065
2026-08-19,ILI incidence,2026-08-30,3,ES,quantile,0.15,4.9082978653077305
2026-08-19,ILI incidence,2026-08-30,3,ES,quantile,0.1,4.537898841013092
2026-08-19,ILI incidence,2026-08-30,3,ES,quantile,0.3,5.673172545674172
2026-08-19,ILI incidence,2026-08-30,3,ES,quantile,0.65,7.413294898105409
2026-08-19,ILI incidence,2026-08-30,3,ES,quantile,0.025,3.715948119812093
2026-08-19,ILI incidence,2026-08-30,3,ES,quantile,0.99,13.182761861657742
2026-08-19,ILI incidence,2026-08-30,3,ES,quantile,0.01,3.3247135006641084
2026-08-19,ILI incidence,2026-08-30,3,ES,quantile,0.55,6.852554062505606
2026-08-19,ILI incidence,2026-08-30,3,ES,quantile,0.5,6.601021975235274
2026-08-19,ILI incidence,2026-08-30,3,ES,quantile,0.45,6.365125834851847
2026-08-19,ILI incidence,2026-08-30,3,ES,median,,6.601021975235274
2026-08-19,ILI incidence,2026-09-06,4,ES,quantile,0.25,5.448341504967376
2026-08-19,ILI incidence,2026-09-06,4,ES,quantile,0.1,4.932677109093628
2026-08-19,ILI incidence,2026-09-06,4,ES,quantile,0.15,5.129831509306408
2026-08-19,ILI incidence,2026-09-06,4,ES,quantile,0.2,5.299220933945094
2026-08-19,ILI incidence,2026-09-06,4,ES,quantile,0.3,5.591212398833045
2026-08-19,ILI incidence,2026-09-06,4,ES,quantile,0.35,5.72854184423235
2026-08-19,ILI incidence,2026-09-06,4,ES,quantile,0.55,6.241021932724051
2026-08-19,ILI incidence,2026-09-06,4,ES,quantile,0.6,6.378444597234958
2026-08-19,ILI incidence,2026-09-06,4,ES,quantile,0.4,5.86130869103491
2026-08-19,ILI incidence,2026-09-06,4,ES,quantile,0.5,6.11840880546758
2026-08-19,ILI incidence,2026-09-06,4,ES,quantile,0.01,4.141730985435203
2026-08-19,ILI incidence,2026-09-06,4,ES,quantile,0.45,5.994992334344322
2026-08-19,ILI incidence,2026-09-06,4,ES,quantile,0.025,4.401114357618062
2026-08-19,ILI incidence,2026-09-06,4,ES,quantile,0.05,4.63915322275273
2026-08-19,ILI incidence,2026-09-06,4,ES,quantile,0.65,6.5292498646679675
2026-08-19,ILI incidence,2026-09-06,4,ES,quantile,0.8,7.0566184415478554
2026-08-19,ILI incidence,2026-09-06,4,ES,quantile,0.75,6.853097295229352
2026-08-19,ILI incidence,2026-09-06,4,ES,quantile,0.7,6.682595074764087
2026-08-19,ILI incidence,2026-09-06,4,ES,quantile,0.99,9.040863286440874
2026-08-19,ILI incidence,2026-09-06,4,ES,quantile,0.85,7.277132570110263
2026-08-19,ILI incidence,2026-09-06,4,ES,quantile,0.9,7.5876917927196095
2026-08-19,ILI incidence,2026-09-06,4,ES,quantile,0.975,8.521644925372469
2026-08-19,ILI incidence,2026-09-06,4,ES,quantile,0.95,8.086692730881872
2026-08-19,ILI incidence,2026-09-06,4,ES,median,,6.11840880546758
2026-08-19,ILI incidence,2026-08-16,1,FI,quantile,0.99,15.783725260394856
2026-08-19,ILI incidence,2026-08-16,1,FI,quantile,0.975,15.193622315854421
2026-08-19,ILI incidence,2026-08-16,1,FI,quantile,0.95,14.743728060800699
2026-08-19,ILI incidence,2026-08-16,1,FI,quantile,0.9,14.182996811850078
2026-08-19,ILI incidence,2026-08-16,1,FI,quantile,0.85,13.852206551046903
2026-08-19,ILI incidence,2026-08-16,1,FI,quantile,0.8,13.595621620891858
2026-08-19,ILI incidence,2026-08-16,1,FI,quantile,0.7,13.174798711739124
2026-08-19,ILI incidence,2026-08-16,1,FI,quantile,0.75,13.38348490043207
2026-08-19,ILI incidence,2026-08-16,1,FI,quantile,0.5,12.489626480576764
2026-08-19,ILI incidence,2026-08-16,1,FI,quantile,0.55,12.651523304773903
2026-08-19,ILI incidence,2026-08-16,1,FI,quantile,0.6,12.827072616811048
2026-08-19,ILI incidence,2026-08-16,1,FI,quantile,0.65,12.996042962734302
2026-08-19,ILI incidence,2026-08-16,1,FI,quantile,0.45,12.341080080504298
2026-08-19,ILI incidence,2026-08-16,1,FI,quantile,0.35,12.01170603299176
2026-08-19,ILI incidence,2026-08-16,1,FI,quantile,0.4,12.181860667097187
2026-08-19,ILI incidence,2026-08-16,1,FI,quantile,0.01,9.866387222857988
2026-08-19,ILI incidence,2026-08-16,1,FI,quantile,0.025,10.204865074337343
2026-08-19,ILI incidence,2026-08-16,1,FI,quantile,0.05,10.570592511233261
2026-08-19,ILI incidence,2026-08-16,1,FI,quantile,0.1,10.992855849087428
2026-08-19,ILI incidence,2026-08-16,1,FI,quantile,0.15,11.261213250363562
2026-08-19,ILI incidence,2026-08-16,1,FI,quantile,0.25,11.680964911621894
2026-08-19,ILI incidence,2026-08-16,1,FI,quantile,0.3,11.857914039909122
2026-08-19,ILI incidence,2026-08-16,1,FI,quantile,0.2,11.479670488310308
2026-08-19,ILI incidence,2026-08-16,1,FI,median,,12.489626480576764
2026-08-19,ILI incidence,2026-08-23,2,FI,quantile,0.65,15.220967960273645
2026-08-19,ILI incidence,2026-08-23,2,FI,quantile,0.75,16.907853221982002
2026-08-19,ILI incidence,2026-08-23,2,FI,quantile,0.7,16.040589664250046
2026-08-19,ILI incidence,2026-08-23,2,FI,quantile,0.3,10.778776924380992
2026-08-19,ILI incidence,2026-08-23,2,FI,quantile,0.35,11.364925721076464
2026-08-19,ILI incidence,2026-08-23,2,FI,quantile,0.01,5.312740163778652
2026-08-19,ILI incidence,2026-08-23,2,FI,quantile,0.4,11.96786097774947
2026-08-19,ILI incidence,2026-08-23,2,FI,quantile,0.45,12.59138334252686
2026-08-19,ILI incidence,2026-08-23,2,FI,quantile,0.55,13.796981184028667
2026-08-19,ILI incidence,2026-08-23,2,FI,quantile,0.5,13.221383187667737
2026-08-19,ILI incidence,2026-08-23,2,FI,quantile,0.6,14.505926955704297
2026-08-19,ILI incidence,2026-08-23,2,FI,quantile,0.2,9.544360594729028
2026-08-19,ILI incidence,2026-08-23,2,FI,quantile,0.25,10.189417588911216
2026-08-19,ILI incidence,2026-08-23,2,FI,quantile,0.15,8.846178134794648
2026-08-19,ILI incidence,2026-08-23,2,FI,quantile,0.8,17.99312731612253
2026-08-19,ILI incidence,2026-08-23,2,FI,quantile,0.025,6.2167684835704
2026-08-19,ILI incidence,2026-08-23,2,FI,quantile,0.05,7.043272276920069
2026-08-19,ILI incidence,2026-08-23,2,FI,quantile,0.1,8.084415201173005
2026-08-19,ILI incidence,2026-08-23,2,FI,quantile,0.85,19.390520549988665
2026-08-19,ILI incidence,2026-08-23,2,FI,quantile,0.9,21.296483798447078
2026-08-19,ILI incidence,2026-08-23,2,FI,quantile,0.99,31.261530201835697
2026-08-19,ILI incidence,2026-08-23,2,FI,quantile,0.95,24.401315851450825
2026-08-19,ILI incidence,2026-08-23,2,FI,quantile,0.975,27.3078594909422
2026-08-19,ILI incidence,2026-08-23,2,FI,median,,13.221383187667737
2026-08-19,ILI incidence,2026-08-30,3,FI,quantile,0.975,35.87475337459222
2026-08-19,ILI incidence,2026-08-30,3,FI,quantile,0.99,41.33442256276928
2026-08-19,ILI incidence,2026-08-30,3,FI,quantile,0.45,14.549346221395009
2026-08-19,ILI incidence,2026-08-30,3,FI,quantile,0.5,15.368675271178521
2026-08-19,ILI incidence,2026-08-30,3,FI,quantile,0.55,16.228252777265695
2026-08-19,ILI incidence,2026-08-30,3,FI,quantile,0.6,17.159151435478528
2026-08-19,ILI incidence,2026-08-30,3,FI,quantile,0.65,18.073659352814957
2026-08-19,ILI incidence,2026-08-30,3,FI,quantile,0.95,31.444960215589653
2026-08-19,ILI incidence,2026-08-30,3,FI,quantile,0.15,9.82118079609447
2026-08-19,ILI incidence,2026-08-30,3,FI,quantile,0.2,10.687047587218911
2026-08-19,ILI incidence,2026-08-30,3,FI,quantile,0.25,11.516850246391968
2026-08-19,ILI incidence,2026-08-30,3,FI,quantile,0.3,12.261080405899062
2026-08-19,ILI incidence,2026-08-30,3,FI,quantile,0.35,13.048018187626164
2026-08-19,ILI incidence,2026-08-30,3,FI,quantile,0.4,13.7785852445608
2026-08-19,ILI incidence,2026-08-30,3,FI,quantile,0.7,19.227817720033904
2026-08-19,ILI incidence,2026-08-30,3,FI,quantile,0.75,20.476303020313743
2026-08-19,ILI incidence,2026-08-30,3,FI,quantile,0.8,21.9369037265627
2026-08-19,ILI incidence,2026-08-30,3,FI,quantile,0.85,23.91827988245187
2026-08-19,ILI incidence,2026-08-30,3,FI,quantile,0.9,26.583485799332955
2026-08-19,ILI incidence,2026-08-30,3,FI,quantile,0.1,8.838612710654866
2026-08-19,ILI incidence,2026-08-30,3,FI,quantile,0.01,5.60370971609911
2026-08-19,ILI incidence,2026-08-30,3,FI,quantile,0.05,7.571497357976008
2026-08-19,ILI incidence,2026-08-30,3,FI,quantile,0.025,6.642673817788365
2026-08-19,ILI incidence,2026-08-30,3,FI,median,,15.368675271178521
2026-08-19,ILI incidence,2026-09-06,4,FI,quantile,0.05,5.663019046693251
2026-08-19,ILI incidence,2026-09-06,4,FI,quantile,0.6,16.13388078211194
2026-08-19,ILI incidence,2026-09-06,4,FI,quantile,0.65,17.383126064628563
2026-08-19,ILI incidence,2026-09-06,4,FI,quantile,0.25,9.688425808389123
2026-08-19,ILI incidence,2026-09-06,4,FI,quantile,0.3,10.532829559332185
2026-08-19,ILI incidence,2026-09-06,4,FI,quantile,0.35,11.33297688450687
2026-08-19,ILI incidence,2026-09-06,4,FI,quantile,0.1,6.998902330214272
2026-08-19,ILI incidence,2026-09-06,4,FI,quantile,0.15,7.927676711013735
2026-08-19,ILI incidence,2026-09-06,4,FI,quantile,0.2,8.821658928398717
2026-08-19,ILI incidence,2026-09-06,4,FI,quantile,0.01,3.943647687241319
2026-08-19,ILI incidence,2026-09-06,4,FI,quantile,0.025,4.7423542716159135
2026-08-19,ILI incidence,2026-09-06,4,FI,quantile,0.4,12.280989041650582
2026-08-19,ILI incidence,2026-09-06,4,FI,quantile,0.45,13.242147947516568
2026-08-19,ILI incidence,2026-09-06,4,FI,quantile,0.5,14.095436975126486
2026-08-19,ILI incidence,2026-09-06,4,FI,quantile,0.55,15.102969455178028
2026-08-19,ILI incidence,2026-09-06,4,FI,quantile,0.7,18.654886897736333
2026-08-19,ILI incidence,2026-09-06,4,FI,quantile,0.75,20.222908068951
2026-08-19,ILI incidence,2026-09-06,4,FI,quantile,0.85,24.727414008521503
2026-08-19,ILI incidence,2026-09-06,4,FI,quantile,0.9,28.105316002240944
2026-08-19,ILI incidence,2026-09-06,4,FI,quantile,0.95,34.52906938032087
2026-08-19,ILI incidence,2026-09-06,4,FI,quantile,0.8,22.16795400776589
2026-08-19,ILI incidence,2026-09-06,4,FI,quantile,0.99,49.631461336452276
2026-08-19,ILI incidence,2026-09-06,4,FI,quantile,0.975,40.27940133315408
2026-08-19,ILI incidence,2026-09-06,4,FI,median,,14.095436975126486
2026-08-19,ILI incidence,2026-08-16,1,GB-ENG,quantile,0.975,2.04143800110032
2026-08-19,ILI incidence,2026-08-16,1,GB-ENG,quantile,0.99,2.366014346799131
2026-08-19,ILI incidence,2026-08-16,1,GB-ENG,quantile,0.55,0.976002736579989
2026-08-19,ILI incidence,2026-08-16,1,GB-ENG,quantile,0.8,1.3074806907743732
2026-08-19,ILI incidence,2026-08-16,1,GB-ENG,quantile,0.9,1.5559058874050833
2026-08-19,ILI incidence,2026-08-16,1,GB-ENG,quantile,0.025,0.4170534159210974
2026-08-19,ILI incidence,2026-08-16,1,GB-ENG,quantile,0.85,1.4011157718040248
2026-08-19,ILI incidence,2026-08-16,1,GB-ENG,quantile,0.95,1.808022039427118
2026-08-19,ILI incidence,2026-08-16,1,GB-ENG,quantile,0.35,0.7968016092240449
2026-08-19,ILI incidence,2026-08-16,1,GB-ENG,quantile,0.4,0.8403284646803146
2026-08-19,ILI incidence,2026-08-16,1,GB-ENG,quantile,0.5,0.927098980962447
2026-08-19,ILI incidence,2026-08-16,1,GB-ENG,quantile,0.3,0.7533674391293755
2026-08-19,ILI incidence,2026-08-16,1,GB-ENG,quantile,0.65,1.0899384881530496
2026-08-19,ILI incidence,2026-08-16,1,GB-ENG,quantile,0.6,1.0262959581598736
2026-08-19,ILI incidence,2026-08-16,1,GB-ENG,quantile,0.7,1.1518575865822176
2026-08-19,ILI incidence,2026-08-16,1,GB-ENG,quantile,0.75,1.2241122818200423
2026-08-19,ILI incidence,2026-08-16,1,GB-ENG,quantile,0.25,0.7074787193125917
2026-08-19,ILI incidence,2026-08-16,1,GB-ENG,quantile,0.45,0.8828980639267063
2026-08-19,ILI incidence,2026-08-16,1,GB-ENG,quantile,0.2,0.6637306137969161
2026-08-19,ILI incidence,2026-08-16,1,GB-ENG,quantile,0.1,0.5514942415426828
2026-08-19,ILI incidence,2026-08-16,1,GB-ENG,quantile,0.05,0.4748566402971931
2026-08-19,ILI incidence,2026-08-16,1,GB-ENG,quantile,0.15,0.6088649309292818
2026-08-19,ILI incidence,2026-08-16,1,GB-ENG,quantile,0.01,0.35936599874312647
2026-08-19,ILI incidence,2026-08-16,1,GB-ENG,median,,0.927098980962447
2026-08-19,ILI incidence,2026-08-23,2,GB-ENG,quantile,0.01,0.4355444376811327
2026-08-19,ILI incidence,2026-08-23,2,GB-ENG,quantile,0.025,0.47916117350693566
2026-08-19,ILI incidence,2026-08-23,2,GB-ENG,quantile,0.15,0.6204435313569506
2026-08-19,ILI incidence,2026-08-23,2,GB-ENG,quantile,0.1,0.5799880161555501
2026-08-19,ILI incidence,2026-08-23,2,GB-ENG,quantile,0.2,0.6527166925487665
2026-08-19,ILI incidence,2026-08-23,2,GB-ENG,quantile,0.25,0.6825647709548074
2026-08-19,ILI incidence,2026-08-23,2,GB-ENG,quantile,0.05,0.527021752135128
2026-08-19,ILI incidence,2026-08-23,2,GB-ENG,quantile,0.3,0.7101294074237741
2026-08-19,ILI incidence,2026-08-23,2,GB-ENG,quantile,0.55,0.842133569492465
2026-08-19,ILI incidence,2026-08-23,2,GB-ENG,quantile,0.5,0.8138379698374785
2026-08-19,ILI incidence,2026-08-23,2,GB-ENG,quantile,0.6,0.8724991301850213
2026-08-19,ILI incidence,2026-08-23,2,GB-ENG,quantile,0.975,1.4029685314786022
2026-08-19,ILI incidence,2026-08-23,2,GB-ENG,quantile,0.99,1.5349291819551523
2026-08-19,ILI incidence,2026-08-23,2,GB-ENG,quantile,0.45,0.7870741954651799
2026-08-19,ILI incidence,2026-08-23,2,GB-ENG,quantile,0.8,1.024778790717236
2026-08-19,ILI incidence,2026-08-23,2,GB-ENG,quantile,0.4,0.762375180383375
2026-08-19,ILI incidence,2026-08-23,2,GB-ENG,quantile,0.75,0.9783069367023218
2026-08-19,ILI incidence,2026-08-23,2,GB-ENG,quantile,0.35,0.7369241329109962
2026-08-19,ILI incidence,2026-08-23,2,GB-ENG,quantile,0.9,1.1589917718324363
2026-08-19,ILI incidence,2026-08-23,2,GB-ENG,quantile,0.95,1.2763744068413245
2026-08-19,ILI incidence,2026-08-23,2,GB-ENG,quantile,0.85,1.081400949129435
2026-08-19,ILI incidence,2026-08-23,2,GB-ENG,quantile,0.7,0.9410331196888302
2026-08-19,ILI incidence,2026-08-23,2,GB-ENG,quantile,0.65,0.9052626322896032
2026-08-19,ILI incidence,2026-08-23,2,GB-ENG,median,,0.8138379698374785
2026-08-19,ILI incidence,2026-08-30,3,GB-ENG,quantile,0.99,1.528073217763523
2026-08-19,ILI incidence,2026-08-30,3,GB-ENG,quantile,0.975,1.3770780714989561
2026-08-19,ILI incidence,2026-08-30,3,GB-ENG,quantile,0.05,0.49911478680657145
2026-08-19,ILI incidence,2026-08-30,3,GB-ENG,quantile,0.025,0.4546814944538931
2026-08-19,ILI incidence,2026-08-30,3,GB-ENG,quantile,0.01,0.41197121670617803
2026-08-19,ILI incidence,2026-08-30,3,GB-ENG,quantile,0.95,1.265752282883776
2026-08-19,ILI incidence,2026-08-30,3,GB-ENG,quantile,0.9,1.141367946910072
2026-08-19,ILI incidence,2026-08-30,3,GB-ENG,quantile,0.1,0.5539332365172622
2026-08-19,ILI incidence,2026-08-30,3,GB-ENG,quantile,0.15,0.5967873655996857
2026-08-19,ILI incidence,2026-08-30,3,GB-ENG,quantile,0.75,0.9632895154257192
2026-08-19,ILI incidence,2026-08-30,3,GB-ENG,quantile,0.85,1.0664405748834682
2026-08-19,ILI incidence,2026-08-30,3,GB-ENG,quantile,0.55,0.821751091445215
2026-08-19,ILI incidence,2026-08-30,3,GB-ENG,quantile,0.7,0.9242421210600538
2026-08-19,ILI incidence,2026-08-30,3,GB-ENG,quantile,0.8,1.0098912097887414
2026-08-19,ILI incidence,2026-08-30,3,GB-ENG,quantile,0.5,0.7932437434922129
2026-08-19,ILI incidence,2026-08-30,3,GB-ENG,quantile,0.45,0.7647711296626766
2026-08-19,ILI incidence,2026-08-30,3,GB-ENG,quantile,0.65,0.887151979852872
2026-08-19,ILI incidence,2026-08-30,3,GB-ENG,quantile,0.4,0.7394474732907717
2026-08-19,ILI incidence,2026-08-30,3,GB-ENG,quantile,0.6,0.8530548138702876
2026-08-19,ILI incidence,2026-08-30,3,GB-ENG,quantile,0.35,0.7137201065760185
2026-08-19,ILI incidence,2026-08-30,3,GB-ENG,quantile,0.3,0.6894738422176421
2026-08-19,ILI incidence,2026-08-30,3,GB-ENG,quantile,0.2,0.6283873110934196
2026-08-19,ILI incidence,2026-08-30,3,GB-ENG,quantile,0.25,0.6592025824948541
2026-08-19,ILI incidence,2026-08-30,3,GB-ENG,median,,0.7932437434922129
2026-08-19,ILI incidence,2026-09-06,4,GB-ENG,quantile,0.4,0.8406020240149739
2026-08-19,ILI incidence,2026-09-06,4,GB-ENG,quantile,0.85,1.1052739180677502
2026-08-19,ILI incidence,2026-09-06,4,GB-ENG,quantile,0.8,1.060527268834849
2026-08-19,ILI incidence,2026-09-06,4,GB-ENG,quantile,0.35,0.8177780000760216
2026-08-19,ILI incidence,2026-09-06,4,GB-ENG,quantile,0.45,0.8634883211041586
2026-08-19,ILI incidence,2026-09-06,4,GB-ENG,quantile,0.75,1.0222858462214484
2026-08-19,ILI incidence,2026-09-06,4,GB-ENG,quantile,0.99,1.4536727900712954
2026-08-19,ILI incidence,2026-09-06,4,GB-ENG,quantile,0.5,0.8879919760880954
2026-08-19,ILI incidence,2026-09-06,4,GB-ENG,quantile,0.55,0.9112351380445955
2026-08-19,ILI incidence,2026-09-06,4,GB-ENG,quantile,0.7,0.9903149627805747
2026-08-19,ILI incidence,2026-09-06,4,GB-ENG,quantile,0.05,0.6244788941293838
2026-08-19,ILI incidence,2026-09-06,4,GB-ENG,quantile,0.9,1.1625689588994235
2026-08-19,ILI incidence,2026-09-06,4,GB-ENG,quantile,0.025,0.583259052586741
2026-08-19,ILI incidence,2026-09-06,4,GB-ENG,quantile,0.6,0.9358905182651582
2026-08-19,ILI incidence,2026-09-06,4,GB-ENG,quantile,0.975,1.3475906981433121
2026-08-19,ILI incidence,2026-09-06,4,GB-ENG,quantile,0.01,0.5344754770663088
2026-08-19,ILI incidence,2026-09-06,4,GB-ENG,quantile,0.15,0.7110312552935183
2026-08-19,ILI incidence,2026-09-06,4,GB-ENG,quantile,0.65,0.9607597773272925
2026-08-19,ILI incidence,2026-09-06,4,GB-ENG,quantile,0.95,1.2597220673495975
2026-08-19,ILI incidence,2026-09-06,4,GB-ENG,quantile,0.1,0.6753372036650616
2026-08-19,ILI incidence,2026-09-06,4,GB-ENG,quantile,0.3,0.7936552020672543
2026-08-19,ILI incidence,2026-09-06,4,GB-ENG,quantile,0.2,0.7403498208152146
2026-08-19,ILI incidence,2026-09-06,4,GB-ENG,quantile,0.25,0.7665727316998139
2026-08-19,ILI incidence,2026-09-06,4,GB-ENG,median,,0.8879919760880954
2026-08-19,ILI incidence,2026-08-16,1,GB-NIR,quantile,0.55,3.014011397074058
2026-08-19,ILI incidence,2026-08-16,1,GB-NIR,quantile,0.4,2.7227734367227416
2026-08-19,ILI incidence,2026-08-16,1,GB-NIR,quantile,0.45,2.819221529691041
2026-08-19,ILI incidence,2026-08-16,1,GB-NIR,quantile,0.5,2.9175495170027586
2026-08-19,ILI incidence,2026-08-16,1,GB-NIR,quantile,0.01,1.5527610540468122
2026-08-19,ILI incidence,2026-08-16,1,GB-NIR,quantile,0.35,2.6369300534639697
2026-08-19,ILI incidence,2026-08-16,1,GB-NIR,quantile,0.8,3.650327591238999
2026-08-19,ILI incidence,2026-08-16,1,GB-NIR,quantile,0.85,3.832269446633565
2026-08-19,ILI incidence,2026-08-16,1,GB-NIR,quantile,0.3,2.5328826582878547
2026-08-19,ILI incidence,2026-08-16,1,GB-NIR,quantile,0.9,4.108357196672209
2026-08-19,ILI incidence,2026-08-16,1,GB-NIR,quantile,0.025,1.7175560580237739
2026-08-19,ILI incidence,2026-08-16,1,GB-NIR,quantile,0.99,5.383671754196582
2026-08-19,ILI incidence,2026-08-16,1,GB-NIR,quantile,0.975,4.903305903179623
2026-08-19,ILI incidence,2026-08-16,1,GB-NIR,quantile,0.7,3.348193211435088
2026-08-19,ILI incidence,2026-08-16,1,GB-NIR,quantile,0.75,3.4925591482540446
2026-08-19,ILI incidence,2026-08-16,1,GB-NIR,quantile,0.95,4.512802551482393
2026-08-19,ILI incidence,2026-08-16,1,GB-NIR,quantile,0.6,3.1097914943335017
2026-08-19,ILI incidence,2026-08-16,1,GB-NIR,quantile,0.05,1.8666621484911472
2026-08-19,ILI incidence,2026-08-16,1,GB-NIR,quantile,0.65,3.2249574976865243
2026-08-19,ILI incidence,2026-08-16,1,GB-NIR,quantile,0.1,2.0564779445834134
2026-08-19,ILI incidence,2026-08-16,1,GB-NIR,quantile,0.15,2.2022687493394777
2026-08-19,ILI incidence,2026-08-16,1,GB-NIR,quantile,0.2,2.3239821295690777
2026-08-19,ILI incidence,2026-08-16,1,GB-NIR,quantile,0.25,2.4330864812321407
2026-08-19,ILI incidence,2026-08-16,1,GB-NIR,median,,2.9175495170027586
2026-08-19,ILI incidence,2026-08-23,2,GB-NIR,quantile,0.01,2.6263253496798398
2026-08-19,ILI incidence,2026-08-23,2,GB-NIR,quantile,0.2,3.1413401863955177
2026-08-19,ILI incidence,2026-08-23,2,GB-NIR,quantile,0.025,2.7368191744764694
2026-08-19,ILI incidence,2026-08-23,2,GB-NIR,quantile,0.25,3.2013107150809907
2026-08-19,ILI incidence,2026-08-23,2,GB-NIR,quantile,0.9,4.041638612714986
2026-08-19,ILI incidence,2026-08-23,2,GB-NIR,quantile,0.05,2.8453207193176664
2026-08-19,ILI incidence,2026-08-23,2,GB-NIR,quantile,0.1,2.9809788730246245
2026-08-19,ILI incidence,2026-08-23,2,GB-NIR,quantile,0.85,3.923614128235414
2026-08-19,ILI incidence,2026-08-23,2,GB-NIR,quantile,0.95,4.221132042791857
2026-08-19,ILI incidence,2026-08-23,2,GB-NIR,quantile,0.8,3.835603741118636
2026-08-19,ILI incidence,2026-08-23,2,GB-NIR,quantile,0.15,3.0661900132121716
2026-08-19,ILI incidence,2026-08-23,2,GB-NIR,quantile,0.7,3.695430286426872
2026-08-19,ILI incidence,2026-08-23,2,GB-NIR,quantile,0.99,4.5646173444076386
2026-08-19,ILI incidence,2026-08-23,2,GB-NIR,quantile,0.75,3.7644375650370963
2026-08-19,ILI incidence,2026-08-23,2,GB-NIR,quantile,0.975,4.362369820656254
2026-08-19,ILI incidence,2026-08-23,2,GB-NIR,quantile,0.55,3.5275145096292873
2026-08-19,ILI incidence,2026-08-23,2,GB-NIR,quantile,0.65,3.63717006910238
2026-08-19,ILI incidence,2026-08-23,2,GB-NIR,quantile,0.6,3.5794852894479874
2026-08-19,ILI incidence,2026-08-23,2,GB-NIR,quantile,0.5,3.4735303487701072
2026-08-19,ILI incidence,2026-08-23,2,GB-NIR,quantile,0.4,3.367015596059332
2026-08-19,ILI incidence,2026-08-23,2,GB-NIR,quantile,0.3,3.2576902833932375
2026-08-19,ILI incidence,2026-08-23,2,GB-NIR,quantile,0.45,3.4189509873890493
2026-08-19,ILI incidence,2026-08-23,2,GB-NIR,quantile,0.35,3.3122855270399607
2026-08-19,ILI incidence,2026-08-23,2,GB-NIR,median,,3.4735303487701072
2026-08-19,ILI incidence,2026-08-30,3,GB-NIR,quantile,0.01,2.902431525695627
2026-08-19,ILI incidence,2026-08-30,3,GB-NIR,quantile,0.1,3.2731303514600194
2026-08-19,ILI incidence,2026-08-30,3,GB-NIR,quantile,0.15,3.362239601534778
2026-08-19,ILI incidence,2026-08-30,3,GB-NIR,quantile,0.025,3.0286770802611156
2026-08-19,ILI incidence,2026-08-30,3,GB-NIR,quantile,0.05,3.1347475685753636
2026-08-19,ILI incidence,2026-08-30,3,GB-NIR,quantile,0.2,3.4356638314005266
2026-08-19,ILI incidence,2026-08-30,3,GB-NIR,quantile,0.7,4.028687729375123
2026-08-19,ILI incidence,2026-08-30,3,GB-NIR,quantile,0.75,4.100937307240476
2026-08-19,ILI incidence,2026-08-30,3,GB-NIR,quantile,0.65,3.9591892109143143
2026-08-19,ILI incidence,2026-08-30,3,GB-NIR,quantile,0.4,3.681352185230696
2026-08-19,ILI incidence,2026-08-30,3,GB-NIR,quantile,0.5,3.7888950293293626
2026-08-19,ILI incidence,2026-08-30,3,GB-NIR,quantile,0.55,3.842076484114409
2026-08-19,ILI incidence,2026-08-30,3,GB-NIR,quantile,0.99,4.979025825427887
2026-08-19,ILI incidence,2026-08-30,3,GB-NIR,quantile,0.35,3.628443713991506
2026-08-19,ILI incidence,2026-08-30,3,GB-NIR,quantile,0.6,3.8982517273837836
2026-08-19,ILI incidence,2026-08-30,3,GB-NIR,quantile,0.8,4.179879711050394
2026-08-19,ILI incidence,2026-08-30,3,GB-NIR,quantile,0.45,3.7336920186366935
2026-08-19,ILI incidence,2026-08-30,3,GB-NIR,quantile,0.25,3.5057364617828024
2026-08-19,ILI incidence,2026-08-30,3,GB-NIR,quantile,0.3,3.571687418368503
2026-08-19,ILI incidence,2026-08-30,3,GB-NIR,quantile,0.85,4.271241193584187
2026-08-19,ILI incidence,2026-08-30,3,GB-NIR,quantile,0.975,4.770120223002884
2026-08-19,ILI incidence,2026-08-30,3,GB-NIR,quantile,0.95,4.590665481566159
2026-08-19,ILI incidence,2026-08-30,3,GB-NIR,quantile,0.9,4.393254040076107
2026-08-19,ILI incidence,2026-08-30,3,GB-NIR,median,,3.7888950293293626
2026-08-19,ILI incidence,2026-09-06,4,GB-NIR,quantile,0.99,4.44606127506738
2026-08-19,ILI incidence,2026-09-06,4,GB-NIR,quantile,0.975,4.336697159480967
2026-08-19,ILI incidence,2026-09-06,4,GB-NIR,quantile,0.95,4.23342197069621
2026-08-19,ILI incidence,2026-09-06,4,GB-NIR,quantile,0.9,4.1210390411134235
2026-08-19,ILI incidence,2026-09-06,4,GB-NIR,quantile,0.8,3.99324605131876
2026-08-19,ILI incidence,2026-09-06,4,GB-NIR,quantile,0.85,4.050149759873236
2026-08-19,ILI incidence,2026-09-06,4,GB-NIR,quantile,0.01,3.1674756122028143
2026-08-19,ILI incidence,2026-09-06,4,GB-NIR,quantile,0.75,3.946776287928426
2026-08-19,ILI incidence,2026-09-06,4,GB-NIR,quantile,0.7,3.902341438516312
2026-08-19,ILI incidence,2026-09-06,4,GB-NIR,quantile,0.65,3.864551542255777
2026-08-19,ILI incidence,2026-09-06,4,GB-NIR,quantile,0.55,3.790702365506722
2026-08-19,ILI incidence,2026-09-06,4,GB-NIR,quantile,0.25,3.566265360662048
2026-08-19,ILI incidence,2026-09-06,4,GB-NIR,quantile,0.5,3.7558739256730003
2026-08-19,ILI incidence,2026-09-06,4,GB-NIR,quantile,0.6,3.82577170547903
2026-08-19,ILI incidence,2026-09-06,4,GB-NIR,quantile,0.4,3.683013610249209
2026-08-19,ILI incidence,2026-09-06,4,GB-NIR,quantile,0.45,3.7220263935813107
2026-08-19,ILI incidence,2026-09-06,4,GB-NIR,quantile,0.3,3.6051049223582785
2026-08-19,ILI incidence,2026-09-06,4,GB-NIR,quantile,0.15,3.4744526539959706
2026-08-19,ILI incidence,2026-09-06,4,GB-NIR,quantile,0.2,3.521298994011633
2026-08-19,ILI incidence,2026-09-06,4,GB-NIR,quantile,0.1,3.410765778442544
2026-08-19,ILI incidence,2026-09-06,4,GB-NIR,quantile,0.35,3.6465851171326413
2026-08-19,ILI incidence,2026-09-06,4,GB-NIR,quantile,0.05,3.3194883804935973
2026-08-19,ILI incidence,2026-09-06,4,GB-NIR,quantile,0.025,3.2487691532960645
2026-08-19,ILI incidence,2026-09-06,4,GB-NIR,median,,3.7558739256730003
2026-08-19,ILI incidence,2026-08-16,1,GR,quantile,0.75,335.98730568763045
2026-08-19,ILI incidence,2026-08-16,1,GR,quantile,0.7,328.15941077774596
2026-08-19,ILI incidence,2026-08-16,1,GR,quantile,0.65,320.9428802570537
2026-08-19,ILI incidence,2026-08-16,1,GR,quantile,0.8,345.7382916522997
2026-08-19,ILI incidence,2026-08-16,1,GR,quantile,0.85,357.90352959844483
2026-08-19,ILI incidence,2026-08-16,1,GR,quantile,0.6,314.0316455285685
2026-08-19,ILI incidence,2026-08-16,1,GR,quantile,0.55,306.65883451978925
2026-08-19,ILI incidence,2026-08-16,1,GR,quantile,0.5,300.3938428992651
2026-08-19,ILI incidence,2026-08-16,1,GR,quantile,0.3,274.74428628758045
2026-08-19,ILI incidence,2026-08-16,1,GR,quantile,0.25,267.88124911566604
2026-08-19,ILI incidence,2026-08-16,1,GR,quantile,0.35,281.01088090142076
2026-08-19,ILI incidence,2026-08-16,1,GR,quantile,0.4,287.83724940296804
2026-08-19,ILI incidence,2026-08-16,1,GR,quantile,0.45,294.12058827147723
2026-08-19,ILI incidence,2026-08-16,1,GR,quantile,0.9,372.3427026077542
2026-08-19,ILI incidence,2026-08-16,1,GR,quantile,0.95,395.212669937992
2026-08-19,ILI incidence,2026-08-16,1,GR,quantile,0.15,251.40899298735508
2026-08-19,ILI incidence,2026-08-16,1,GR,quantile,0.2,260.2559177954045
2026-08-19,ILI incidence,2026-08-16,1,GR,quantile,0.025,215.03438597699432
2026-08-19,ILI incidence,2026-08-16,1,GR,quantile,0.1,241.7279424239818
2026-08-19,ILI incidence,2026-08-16,1,GR,quantile,0.99,443.61242406757106
2026-08-19,ILI incidence,2026-08-16,1,GR,quantile,0.01,201.20621417932566
2026-08-19,ILI incidence,2026-08-16,1,GR,quantile,0.05,227.39211806116455
2026-08-19,ILI incidence,2026-08-16,1,GR,quantile,0.975,416.574767175759
2026-08-19,ILI incidence,2026-08-16,1,GR,median,,300.3938428992651
2026-08-19,ILI incidence,2026-08-23,2,GR,quantile,0.4,308.7659102719158
2026-08-19,ILI incidence,2026-08-23,2,GR,quantile,0.45,315.5548330591677
2026-08-19,ILI incidence,2026-08-23,2,GR,quantile,0.55,328.5026403552244
2026-08-19,ILI incidence,2026-08-23,2,GR,quantile,0.6,335.00034122011726
2026-08-19,ILI incidence,2026-08-23,2,GR,quantile,0.5,322.0221175509364
2026-08-19,ILI incidence,2026-08-23,2,GR,quantile,0.35,302.8431967443055
2026-08-19,ILI incidence,2026-08-23,2,GR,quantile,0.3,295.77096802413973
2026-08-19,ILI incidence,2026-08-23,2,GR,quantile,0.65,342.1046214571267
2026-08-19,ILI incidence,2026-08-23,2,GR,quantile,0.975,436.28550403920866
2026-08-19,ILI incidence,2026-08-23,2,GR,quantile,0.99,462.7868016245829
2026-08-19,ILI incidence,2026-08-23,2,GR,quantile,0.95,415.28750902536615
2026-08-19,ILI incidence,2026-08-23,2,GR,quantile,0.9,392.67633212936795
2026-08-19,ILI incidence,2026-08-23,2,GR,quantile,0.8,366.47274053824685
2026-08-19,ILI incidence,2026-08-23,2,GR,quantile,0.85,378.3040621831698
2026-08-19,ILI incidence,2026-08-23,2,GR,quantile,0.7,349.5354649600369
2026-08-19,ILI incidence,2026-08-23,2,GR,quantile,0.75,357.6355355775237
2026-08-19,ILI incidence,2026-08-23,2,GR,quantile,0.25,288.34548605653094
2026-08-19,ILI incidence,2026-08-23,2,GR,quantile,0.2,280.9490718623502
2026-08-19,ILI incidence,2026-08-23,2,GR,quantile,0.15,272.1892494296767
2026-08-19,ILI incidence,2026-08-23,2,GR,quantile,0.01,221.20251818393703
2026-08-19,ILI incidence,2026-08-23,2,GR,quantile,0.1,261.777635096498
2026-08-19,ILI incidence,2026-08-23,2,GR,quantile,0.025,235.39172832089994
2026-08-19,ILI incidence,2026-08-23,2,GR,quantile,0.05,246.5930395709312
2026-08-19,ILI incidence,2026-08-23,2,GR,median,,322.0221175509364
2026-08-19,ILI incidence,2026-08-30,3,GR,quantile,0.99,500.9404223640336
2026-08-19,ILI incidence,2026-08-30,3,GR,quantile,0.01,274.37334034308725
2026-08-19,ILI incidence,2026-08-30,3,GR,quantile,0.975,475.79750909913633
2026-08-19,ILI incidence,2026-08-30,3,GR,quantile,0.025,286.000847227659
2026-08-19,ILI incidence,2026-08-30,3,GR,quantile,0.05,298.99448746257394
2026-08-19,ILI incidence,2026-08-30,3,GR,quantile,0.35,351.337028354921
2026-08-19,ILI incidence,2026-08-30,3,GR,quantile,0.9,433.9015181869196
2026-08-19,ILI incidence,2026-08-30,3,GR,quantile,0.95,455.31848537082084
2026-08-19,ILI incidence,2026-08-30,3,GR,quantile,0.1,313.3078036103765
2026-08-19,ILI incidence,2026-08-30,3,GR,quantile,0.85,420.2544633178216
2026-08-19,ILI incidence,2026-08-30,3,GR,quantile,0.2,331.1085217443623
2026-08-19,ILI incidence,2026-08-30,3,GR,quantile,0.25,338.2101396446627
2026-08-19,ILI incidence,2026-08-30,3,GR,quantile,0.4,357.3650278602797
2026-08-19,ILI incidence,2026-08-30,3,GR,quantile,0.15,323.1079585805856
2026-08-19,ILI incidence,2026-08-30,3,GR,quantile,0.8,411.0889669927834
2026-08-19,ILI incidence,2026-08-30,3,GR,quantile,0.3,344.89899082979946
2026-08-19,ILI incidence,2026-08-30,3,GR,quantile,0.45,362.85709707826396
2026-08-19,ILI incidence,2026-08-30,3,GR,quantile,0.75,402.18962943050656
2026-08-19,ILI incidence,2026-08-30,3,GR,quantile,0.55,374.5002865002276
2026-08-19,ILI incidence,2026-08-30,3,GR,quantile,0.6,380.9971064155135
2026-08-19,ILI incidence,2026-08-30,3,GR,quantile,0.5,368.81840107011135
2026-08-19,ILI incidence,2026-08-30,3,GR,quantile,0.65,387.6422173347785
2026-08-19,ILI incidence,2026-08-30,3,GR,quantile,0.7,394.80953659891463
2026-08-19,ILI incidence,2026-08-30,3,GR,median,,368.81840107011135
2026-08-19,ILI incidence,2026-09-06,4,GR,quantile,0.15,317.47196386484495
2026-08-19,ILI incidence,2026-09-06,4,GR,quantile,0.99,476.23658258018173
2026-08-19,ILI incidence,2026-09-06,4,GR,quantile,0.2,325.49582056589645
2026-08-19,ILI incidence,2026-09-06,4,GR,quantile,0.95,439.24432750084446
2026-08-19,ILI incidence,2026-09-06,4,GR,quantile,0.975,456.1501985820282
2026-08-19,ILI incidence,2026-09-06,4,GR,quantile,0.6,371.6290160920395
2026-08-19,ILI incidence,2026-09-06,4,GR,quantile,0.25,332.3788737403539
2026-08-19,ILI incidence,2026-09-06,4,GR,quantile,0.3,338.40794439290875
2026-08-19,ILI incidence,2026-09-06,4,GR,quantile,0.1,308.2998931896867
2026-08-19,ILI incidence,2026-09-06,4,GR,quantile,0.65,377.8808121976888
2026-08-19,ILI incidence,2026-09-06,4,GR,quantile,0.9,419.50240922896216
2026-08-19,ILI incidence,2026-09-06,4,GR,quantile,0.4,349.9761381890977
2026-08-19,ILI incidence,2026-09-06,4,GR,quantile,0.01,270.94727793150906
2026-08-19,ILI incidence,2026-09-06,4,GR,quantile,0.5,360.77010468185756
2026-08-19,ILI incidence,2026-09-06,4,GR,quantile,0.55,366.52250135487594
2026-08-19,ILI incidence,2026-09-06,4,GR,quantile,0.7,383.8293498898647
2026-08-19,ILI incidence,2026-09-06,4,GR,quantile,0.85,407.91991184604865
2026-08-19,ILI incidence,2026-09-06,4,GR,quantile,0.05,295.505580912211
2026-08-19,ILI incidence,2026-09-06,4,GR,quantile,0.025,284.273520135285
2026-08-19,ILI incidence,2026-09-06,4,GR,quantile,0.45,355.26574711547664
2026-08-19,ILI incidence,2026-09-06,4,GR,quantile,0.75,390.4717966902971
2026-08-19,ILI incidence,2026-09-06,4,GR,quantile,0.35,344.4337722975814
2026-08-19,ILI incidence,2026-09-06,4,GR,quantile,0.8,398.7360802649811
2026-08-19,ILI incidence,2026-09-06,4,GR,median,,360.77010468185756
2026-08-19,ILI incidence,2026-08-16,1,HR,quantile,0.5,0.2395878297980809
2026-08-19,ILI incidence,2026-08-16,1,HR,quantile,0.45,0.2130411348275918
2026-08-19,ILI incidence,2026-08-16,1,HR,quantile,0.975,1.4039986147944348
2026-08-19,ILI incidence,2026-08-16,1,HR,quantile,0.99,1.9225526670134971
2026-08-19,ILI incidence,2026-08-16,1,HR,quantile,0.7,0.3847014664190314
2026-08-19,ILI incidence,2026-08-16,1,HR,quantile,0.75,0.44630370637323996
2026-08-19,ILI incidence,2026-08-16,1,HR,quantile,0.8,0.5193276885736066
2026-08-19,ILI incidence,2026-08-16,1,HR,quantile,0.85,0.618160128174215
2026-08-19,ILI incidence,2026-08-16,1,HR,quantile,0.01,0.0315989936531572
2026-08-19,ILI incidence,2026-08-16,1,HR,quantile,0.025,0.0433200266139553
2026-08-19,ILI incidence,2026-08-16,1,HR,quantile,0.05,0.056080038703143265
2026-08-19,ILI incidence,2026-08-16,1,HR,quantile,0.1,0.07578094523874156
2026-08-19,ILI incidence,2026-08-16,1,HR,quantile,0.15,0.09531081579263052
2026-08-19,ILI incidence,2026-08-16,1,HR,quantile,0.2,0.11360265408008098
2026-08-19,ILI incidence,2026-08-16,1,HR,quantile,0.25,0.1301871563361023
2026-08-19,ILI incidence,2026-08-16,1,HR,quantile,0.3,0.1497939540834991
2026-08-19,ILI incidence,2026-08-16,1,HR,quantile,0.35,0.16801140525427066
2026-08-19,ILI incidence,2026-08-16,1,HR,quantile,0.4,0.19017938626226463
2026-08-19,ILI incidence,2026-08-16,1,HR,quantile,0.55,0.2656809535070888
2026-08-19,ILI incidence,2026-08-16,1,HR,quantile,0.6,0.2988775654746166
2026-08-19,ILI incidence,2026-08-16,1,HR,quantile,0.65,0.3373941082162163
2026-08-19,ILI incidence,2026-08-16,1,HR,quantile,0.9,0.7543834136884437
2026-08-19,ILI incidence,2026-08-16,1,HR,quantile,0.95,1.051855496170831
2026-08-19,ILI incidence,2026-08-16,1,HR,median,,0.2395878297980809
2026-08-19,ILI incidence,2026-09-06,4,HR,quantile,0.01,0.16217217396165765
2026-08-19,ILI incidence,2026-09-06,4,HR,quantile,0.025,0.209794245538424
2026-08-19,ILI incidence,2026-09-06,4,HR,quantile,0.05,0.2666713970393888
2026-08-19,ILI incidence,2026-09-06,4,HR,quantile,0.1,0.3424133251516016
2026-08-19,ILI incidence,2026-09-06,4,HR,quantile,0.15,0.4067062594654804
2026-08-19,ILI incidence,2026-09-06,4,HR,quantile,0.3,0.5869001465565544
2026-08-19,ILI incidence,2026-09-06,4,HR,quantile,0.35,0.6499756122373851
2026-08-19,ILI incidence,2026-09-06,4,HR,quantile,0.4,0.7151643708780817
2026-08-19,ILI incidence,2026-09-06,4,HR,quantile,0.75,1.3631968913462125
2026-08-19,ILI incidence,2026-09-06,4,HR,quantile,0.9,2.053223173158934
2026-08-19,ILI incidence,2026-09-06,4,HR,quantile,0.55,0.9281147385056798
2026-08-19,ILI incidence,2026-09-06,4,HR,quantile,0.95,2.6782480502873103
2026-08-19,ILI incidence,2026-09-06,4,HR,quantile,0.975,3.407441060633791
2026-08-19,ILI incidence,2026-09-06,4,HR,quantile,0.99,4.499623654117053
2026-08-19,ILI incidence,2026-09-06,4,HR,quantile,0.45,0.7800488944989128
2026-08-19,ILI incidence,2026-09-06,4,HR,quantile,0.6,1.0172578058632624
2026-08-19,ILI incidence,2026-09-06,4,HR,quantile,0.65,1.119083854681454
2026-08-19,ILI incidence,2026-09-06,4,HR,quantile,0.8,1.5353270224442694
2026-08-19,ILI incidence,2026-09-06,4,HR,quantile,0.85,1.7355288125400699
2026-08-19,ILI incidence,2026-09-06,4,HR,quantile,0.2,0.4690818130301963
2026-08-19,ILI incidence,2026-09-06,4,HR,quantile,0.25,0.5264781904913207
2026-08-19,ILI incidence,2026-09-06,4,HR,quantile,0.5,0.849639647916016
2026-08-19,ILI incidence,2026-09-06,4,HR,quantile,0.7,1.2323792571132233
2026-08-19,ILI incidence,2026-09-06,4,HR,median,,0.849639647916016
2026-08-19,ILI incidence,2026-08-16,1,HU,quantile,0.15,9.94274827352302
2026-08-19,ILI incidence,2026-08-16,1,HU,quantile,0.1,8.860826300454576
2026-08-19,ILI incidence,2026-08-16,1,HU,quantile,0.5,16.8833951538617
2026-08-19,ILI incidence,2026-08-16,1,HU,quantile,0.05,7.277240939010624
2026-08-19,ILI incidence,2026-08-16,1,HU,quantile,0.55,18.083092410333226
2026-08-19,ILI incidence,2026-08-16,1,HU,quantile,0.025,6.19964744220626
2026-08-19,ILI incidence,2026-08-16,1,HU,quantile,0.4,14.798143569838144
2026-08-19,ILI incidence,2026-08-16,1,HU,quantile,0.3,12.939311662224396
2026-08-19,ILI incidence,2026-08-16,1,HU,quantile,0.25,12.005029363472644
2026-08-19,ILI incidence,2026-08-16,1,HU,quantile,0.35,13.856357660919535
2026-08-19,ILI incidence,2026-08-16,1,HU,quantile,0.45,15.851071839295216
2026-08-19,ILI incidence,2026-08-16,1,HU,quantile,0.01,5.034137786808168
2026-08-19,ILI incidence,2026-08-16,1,HU,quantile,0.2,11.007808441203416
2026-08-19,ILI incidence,2026-08-16,1,HU,quantile,0.6,19.404830413033416
2026-08-19,ILI incidence,2026-08-16,1,HU,quantile,0.99,58.39920118814253
2026-08-19,ILI incidence,2026-08-16,1,HU,quantile,0.975,47.318690830054415
2026-08-19,ILI incidence,2026-08-16,1,HU,quantile,0.65,20.867905276617083
2026-08-19,ILI incidence,2026-08-16,1,HU,quantile,0.95,40.154795078065845
2026-08-19,ILI incidence,2026-08-16,1,HU,quantile,0.9,33.74250843856902
2026-08-19,ILI incidence,2026-08-16,1,HU,quantile,0.7,22.402949003377092
2026-08-19,ILI incidence,2026-08-16,1,HU,quantile,0.85,29.54670853201706
2026-08-19,ILI incidence,2026-08-16,1,HU,quantile,0.75,24.2848250237127
2026-08-19,ILI incidence,2026-08-16,1,HU,quantile,0.8,26.681775670992806
2026-08-19,ILI incidence,2026-08-16,1,HU,median,,16.8833951538617
2026-08-19,ILI incidence,2026-08-23,2,HU,quantile,0.99,57.13952334270584
2026-08-19,ILI incidence,2026-08-23,2,HU,quantile,0.975,48.91475850316486
2026-08-19,ILI incidence,2026-08-23,2,HU,quantile,0.85,32.34988887878448
2026-08-19,ILI incidence,2026-08-23,2,HU,quantile,0.95,42.557362302017424
2026-08-19,ILI incidence,2026-08-23,2,HU,quantile,0.9,36.25393760099932
2026-08-19,ILI incidence,2026-08-23,2,HU,quantile,0.75,27.707280037405816
2026-08-19,ILI incidence,2026-08-23,2,HU,quantile,0.8,29.819510453602827
2026-08-19,ILI incidence,2026-08-23,2,HU,quantile,0.7,25.90463021435601
2026-08-19,ILI incidence,2026-08-23,2,HU,quantile,0.65,24.43065398592818
2026-08-19,ILI incidence,2026-08-23,2,HU,quantile,0.55,21.874962439899186
2026-08-19,ILI incidence,2026-08-23,2,HU,quantile,0.6,23.16453413403915
2026-08-19,ILI incidence,2026-08-23,2,HU,quantile,0.5,20.601149518299287
2026-08-19,ILI incidence,2026-08-23,2,HU,quantile,0.45,19.4658578179361
2026-08-19,ILI incidence,2026-08-23,2,HU,quantile,0.4,18.383442019150884
2026-08-19,ILI incidence,2026-08-23,2,HU,quantile,0.35,17.36622011618696
2026-08-19,ILI incidence,2026-08-23,2,HU,quantile,0.3,16.354751236091825
2026-08-19,ILI incidence,2026-08-23,2,HU,quantile,0.15,13.08411506729575
2026-08-19,ILI incidence,2026-08-23,2,HU,quantile,0.2,14.228731195902466
2026-08-19,ILI incidence,2026-08-23,2,HU,quantile,0.25,15.315334140938067
2026-08-19,ILI incidence,2026-08-23,2,HU,quantile,0.05,10.054855848749142
2026-08-19,ILI incidence,2026-08-23,2,HU,quantile,0.1,11.708639872621017
2026-08-19,ILI incidence,2026-08-23,2,HU,quantile,0.01,7.402583859524296
2026-08-19,ILI incidence,2026-08-23,2,HU,quantile,0.025,8.750830367830968
2026-08-19,ILI incidence,2026-08-23,2,HU,median,,20.601149518299287
2026-08-19,ILI incidence,2026-08-30,3,HU,quantile,0.99,20.594366425212414
2026-08-19,ILI incidence,2026-08-30,3,HU,quantile,0.75,17.167710242322688
2026-08-19,ILI incidence,2026-08-30,3,HU,quantile,0.7,16.885215061658354
2026-08-19,ILI incidence,2026-08-30,3,HU,quantile,0.8,17.484026397037038
2026-08-19,ILI incidence,2026-08-30,3,HU,quantile,0.975,19.808172895678084
2026-08-19,ILI incidence,2026-08-30,3,HU,quantile,0.85,17.88910621005717
2026-08-19,ILI incidence,2026-08-30,3,HU,quantile,0.9,18.390310440480487
2026-08-19,ILI incidence,2026-08-30,3,HU,quantile,0.65,16.612585329348697
2026-08-19,ILI incidence,2026-08-30,3,HU,quantile,0.35,15.232686365124781
2026-08-19,ILI incidence,2026-08-30,3,HU,quantile,0.3,14.993602634939887
2026-08-19,ILI incidence,2026-08-30,3,HU,quantile,0.95,19.13069861111789
2026-08-19,ILI incidence,2026-08-30,3,HU,quantile,0.4,15.480047470994126
2026-08-19,ILI incidence,2026-08-30,3,HU,quantile,0.45,15.693701828460531
2026-08-19,ILI incidence,2026-08-30,3,HU,quantile,0.6,16.38073980424672
2026-08-19,ILI incidence,2026-08-30,3,HU,quantile,0.5,15.920947712615519
2026-08-19,ILI incidence,2026-08-30,3,HU,quantile,0.55,16.149651558339947
2026-08-19,ILI incidence,2026-08-30,3,HU,quantile,0.2,14.464252189745377
2026-08-19,ILI incidence,2026-08-30,3,HU,quantile,0.1,13.750870325004698
2026-08-19,ILI incidence,2026-08-30,3,HU,quantile,0.025,12.732377755368038
2026-08-19,ILI incidence,2026-08-30,3,HU,quantile,0.05,13.20806730585399
2026-08-19,ILI incidence,2026-08-30,3,HU,quantile,0.25,14.721466326363451
2026-08-19,ILI incidence,2026-08-30,3,HU,quantile,0.01,12.2152396958361
2026-08-19,ILI incidence,2026-08-30,3,HU,quantile,0.15,14.129633188915948
2026-08-19,ILI incidence,2026-08-30,3,HU,median,,15.920947712615519
2026-08-19,ILI incidence,2026-09-06,4,HU,quantile,0.025,6.621888754805206
2026-08-19,ILI incidence,2026-09-06,4,HU,quantile,0.01,5.373375385711526
2026-08-19,ILI incidence,2026-09-06,4,HU,quantile,0.25,14.108839161990646
2026-08-19,ILI incidence,2026-09-06,4,HU,quantile,0.15,11.404053061119786
2026-08-19,ILI incidence,2026-09-06,4,HU,quantile,0.2,12.775494268664191
2026-08-19,ILI incidence,2026-09-06,4,HU,quantile,0.05,8.261234706353234
2026-08-19,ILI incidence,2026-09-06,4,HU,quantile,0.1,10.015802993398792
2026-08-19,ILI incidence,2026-09-06,4,HU,quantile,0.3,15.383570192079759
2026-08-19,ILI incidence,2026-09-06,4,HU,quantile,0.35,16.73026942937754
2026-08-19,ILI incidence,2026-09-06,4,HU,quantile,0.7,28.49759112844349
2026-08-19,ILI incidence,2026-09-06,4,HU,quantile,0.4,18.093897842582884
2026-08-19,ILI incidence,2026-09-06,4,HU,quantile,0.45,19.53059407729217
2026-08-19,ILI incidence,2026-09-06,4,HU,quantile,0.5,20.91326524732269
2026-08-19,ILI incidence,2026-09-06,4,HU,quantile,0.65,26.183363909131096
2026-08-19,ILI incidence,2026-09-06,4,HU,quantile,0.55,22.639321544822277
2026-08-19,ILI incidence,2026-09-06,4,HU,quantile,0.75,31.097508904373587
2026-08-19,ILI incidence,2026-09-06,4,HU,quantile,0.6,24.30346115658689
2026-08-19,ILI incidence,2026-09-06,4,HU,quantile,0.8,34.184442375451084
2026-08-19,ILI incidence,2026-09-06,4,HU,quantile,0.95,54.206476118747
2026-08-19,ILI incidence,2026-09-06,4,HU,quantile,0.85,38.1345257189696
2026-08-19,ILI incidence,2026-09-06,4,HU,quantile,0.9,44.39383413005641
2026-08-19,ILI incidence,2026-09-06,4,HU,quantile,0.99,80.30478113242924
2026-08-19,ILI incidence,2026-09-06,4,HU,quantile,0.975,65.1980635186904
2026-08-19,ILI incidence,2026-09-06,4,HU,median,,20.91326524732269
2026-08-19,ILI incidence,2026-08-16,1,IE,quantile,0.4,0.8570094986346332
2026-08-19,ILI incidence,2026-08-16,1,IE,quantile,0.45,0.8728258836364904
2026-08-19,ILI incidence,2026-08-16,1,IE,quantile,0.3,0.823543222842978
2026-08-19,ILI incidence,2026-08-16,1,IE,quantile,0.5,0.8887164605741327
2026-08-19,ILI incidence,2026-08-16,1,IE,quantile,0.35,0.8402180783293152
2026-08-19,ILI incidence,2026-08-16,1,IE,quantile,0.55,0.9053924928910203
2026-08-19,ILI incidence,2026-08-16,1,IE,quantile,0.01,0.6269028831096385
2026-08-19,ILI incidence,2026-08-16,1,IE,quantile,0.025,0.6663548934937413
2026-08-19,ILI incidence,2026-08-16,1,IE,quantile,0.05,0.6991575032627706
2026-08-19,ILI incidence,2026-08-16,1,IE,quantile,0.1,0.7374018435789587
2026-08-19,ILI incidence,2026-08-16,1,IE,quantile,0.15,0.7645360896309207
2026-08-19,ILI incidence,2026-08-16,1,IE,quantile,0.25,0.8052870784547328
2026-08-19,ILI incidence,2026-08-16,1,IE,quantile,0.6,0.9230277858885527
2026-08-19,ILI incidence,2026-08-16,1,IE,quantile,0.65,0.9408424142633964
2026-08-19,ILI incidence,2026-08-16,1,IE,quantile,0.7,0.9598705573309139
2026-08-19,ILI incidence,2026-08-16,1,IE,quantile,0.2,0.7854408559619427
2026-08-19,ILI incidence,2026-08-16,1,IE,quantile,0.8,1.0069705207802464
2026-08-19,ILI incidence,2026-08-16,1,IE,quantile,0.85,1.0378713038342176
2026-08-19,ILI incidence,2026-08-16,1,IE,quantile,0.75,0.9818807194703417
2026-08-19,ILI incidence,2026-08-16,1,IE,quantile,0.975,1.1959378671848173
2026-08-19,ILI incidence,2026-08-16,1,IE,quantile,0.95,1.1390364306611505
2026-08-19,ILI incidence,2026-08-16,1,IE,quantile,0.99,1.2549074521856283
2026-08-19,ILI incidence,2026-08-16,1,IE,quantile,0.9,1.076470745432084
2026-08-19,ILI incidence,2026-08-16,1,IE,median,,0.8887164605741327
2026-08-19,ILI incidence,2026-08-23,2,IE,quantile,0.4,0.9635473976695441
2026-08-19,ILI incidence,2026-08-23,2,IE,quantile,0.35,0.9466708689669083
2026-08-19,ILI incidence,2026-08-23,2,IE,quantile,0.99,1.3517621655418792
2026-08-19,ILI incidence,2026-08-23,2,IE,quantile,0.3,0.9291301646236156
2026-08-19,ILI incidence,2026-08-23,2,IE,quantile,0.45,0.9793914321945164
2026-08-19,ILI incidence,2026-08-23,2,IE,quantile,0.5,0.9953897666960849
2026-08-19,ILI incidence,2026-08-23,2,IE,quantile,0.95,1.2285312551330592
2026-08-19,ILI incidence,2026-08-23,2,IE,quantile,0.975,1.2829494544273756
2026-08-19,ILI incidence,2026-08-23,2,IE,quantile,0.9,1.1722829731710442
2026-08-19,ILI incidence,2026-08-23,2,IE,quantile,0.15,0.8684153626523993
2026-08-19,ILI incidence,2026-08-23,2,IE,quantile,0.25,0.9114099973511804
2026-08-19,ILI incidence,2026-08-23,2,IE,quantile,0.75,1.0852150936664606
2026-08-19,ILI incidence,2026-08-23,2,IE,quantile,0.8,1.108051315507077
2026-08-19,ILI incidence,2026-08-23,2,IE,quantile,0.85,1.1362263565555888
2026-08-19,ILI incidence,2026-08-23,2,IE,quantile,0.025,0.7672735008416192
2026-08-19,ILI incidence,2026-08-23,2,IE,quantile,0.1,0.8412271936067874
2026-08-19,ILI incidence,2026-08-23,2,IE,quantile,0.2,0.8914304500542568
2026-08-19,ILI incidence,2026-08-23,2,IE,quantile,0.55,1.0123182634190808
2026-08-19,ILI incidence,2026-08-23,2,IE,quantile,0.6,1.0283765458663627
2026-08-19,ILI incidence,2026-08-23,2,IE,quantile,0.65,1.0452391596476962
2026-08-19,ILI incidence,2026-08-23,2,IE,quantile,0.7,1.0649926621655197
2026-08-19,ILI incidence,2026-08-23,2,IE,quantile,0.01,0.7294129306897689
2026-08-19,ILI incidence,2026-08-23,2,IE,quantile,0.05,0.803888335232471
2026-08-19,ILI incidence,2026-08-23,2,IE,median,,0.9953897666960849
2026-08-19,ILI incidence,2026-08-30,3,IE,quantile,0.5,0.7413613558719787
2026-08-19,ILI incidence,2026-08-30,3,IE,quantile,0.7,0.8377195292461646
2026-08-19,ILI incidence,2026-08-30,3,IE,quantile,0.8,0.907286367044553
2026-08-19,ILI incidence,2026-08-30,3,IE,quantile,0.55,0.7641176716590959
2026-08-19,ILI incidence,2026-08-30,3,IE,quantile,0.6,0.788126971933204
2026-08-19,ILI incidence,2026-08-30,3,IE,quantile,0.75,0.8705129619681491
2026-08-19,ILI incidence,2026-08-30,3,IE,quantile,0.45,0.7209697515312039
2026-08-19,ILI incidence,2026-08-30,3,IE,quantile,0.65,0.8114241257218483
2026-08-19,ILI incidence,2026-08-30,3,IE,quantile,0.85,0.949042195630075
2026-08-19,ILI incidence,2026-08-30,3,IE,quantile,0.9,1.005629822690614
2026-08-19,ILI incidence,2026-08-30,3,IE,quantile,0.99,1.2937920994867453
2026-08-19,ILI incidence,2026-08-30,3,IE,quantile,0.95,1.1026280815114011
2026-08-19,ILI incidence,2026-08-30,3,IE,quantile,0.975,1.1879991959191727
2026-08-19,ILI incidence,2026-08-30,3,IE,quantile,0.3,0.6563940002849641
2026-08-19,ILI incidence,2026-08-30,3,IE,quantile,0.35,0.6776805139839285
2026-08-19,ILI incidence,2026-08-30,3,IE,quantile,0.4,0.6986014425751144
2026-08-19,ILI incidence,2026-08-30,3,IE,quantile,0.01,0.4264876520370246
2026-08-19,ILI incidence,2026-08-30,3,IE,quantile,0.025,0.4658042976072186
2026-08-19,ILI incidence,2026-08-30,3,IE,quantile,0.05,0.5035878550707439
2026-08-19,ILI incidence,2026-08-30,3,IE,quantile,0.1,0.5504045697468376
2026-08-19,ILI incidence,2026-08-30,3,IE,quantile,0.25,0.6342021761491776
2026-08-19,ILI incidence,2026-08-30,3,IE,quantile,0.2,0.607821959768034
2026-08-19,ILI incidence,2026-08-30,3,IE,quantile,0.15,0.5825721923067549
2026-08-19,ILI incidence,2026-08-30,3,IE,median,,0.7413613558719787
2026-08-19,ILI incidence,2026-09-06,4,IE,quantile,0.1,0.8394409272227411
2026-08-19,ILI incidence,2026-09-06,4,IE,quantile,0.15,0.8661458704732143
2026-08-19,ILI incidence,2026-09-06,4,IE,quantile,0.2,0.8884626639613836
2026-08-19,ILI incidence,2026-09-06,4,IE,quantile,0.99,1.3454994270989422
2026-08-19,ILI incidence,2026-09-06,4,IE,quantile,0.975,1.283663028050916
2026-08-19,ILI incidence,2026-09-06,4,IE,quantile,0.025,0.7670253492387762
2026-08-19,ILI incidence,2026-09-06,4,IE,quantile,0.95,1.2319959080141472
2026-08-19,ILI incidence,2026-09-06,4,IE,quantile,0.01,0.7310396669396357
2026-08-19,ILI incidence,2026-09-06,4,IE,quantile,0.05,0.8004475814665343
2026-08-19,ILI incidence,2026-09-06,4,IE,quantile,0.75,1.0816062477696269
2026-08-19,ILI incidence,2026-09-06,4,IE,quantile,0.85,1.1350206532261116
2026-08-19,ILI incidence,2026-09-06,4,IE,quantile,0.9,1.1725702600333245
2026-08-19,ILI incidence,2026-09-06,4,IE,quantile,0.7,1.0609007221968247
2026-08-19,ILI incidence,2026-09-06,4,IE,quantile,0.8,1.1066115511497094
2026-08-19,ILI incidence,2026-09-06,4,IE,quantile,0.25,0.9067040553359723
2026-08-19,ILI incidence,2026-09-06,4,IE,quantile,0.3,0.9246860329420747
2026-08-19,ILI incidence,2026-09-06,4,IE,quantile,0.35,0.9427793706453824
2026-08-19,ILI incidence,2026-09-06,4,IE,quantile,0.4,0.9588715474511722
2026-08-19,ILI incidence,2026-09-06,4,IE,quantile,0.45,0.9741111415058291
2026-08-19,ILI incidence,2026-09-06,4,IE,quantile,0.6,1.0242318613794674
2026-08-19,ILI incidence,2026-09-06,4,IE,quantile,0.65,1.0413213695676933
2026-08-19,ILI incidence,2026-09-06,4,IE,quantile,0.5,0.9908353644652248
2026-08-19,ILI incidence,2026-09-06,4,IE,quantile,0.55,1.0074192464779257
2026-08-19,ILI incidence,2026-09-06,4,IE,median,,0.9908353644652248
2026-08-19,ILI incidence,2026-08-16,1,IS,quantile,0.45,0.16341099838063916
2026-08-19,ILI incidence,2026-08-16,1,IS,quantile,0.5,0.17442096464605317
2026-08-19,ILI incidence,2026-08-16,1,IS,quantile,0.01,0.049408321176814096
2026-08-19,ILI incidence,2026-08-16,1,IS,quantile,0.1,0.0865537613777454
2026-08-19,ILI incidence,2026-08-16,1,IS,quantile,0.2,0.11038312163344581
2026-08-19,ILI incidence,2026-08-16,1,IS,quantile,0.25,0.12096443217515017
2026-08-19,ILI incidence,2026-08-16,1,IS,quantile,0.3,0.13139914800819386
2026-08-19,ILI incidence,2026-08-16,1,IS,quantile,0.35,0.1420575391156007
2026-08-19,ILI incidence,2026-08-16,1,IS,quantile,0.4,0.152387988666488
2026-08-19,ILI incidence,2026-08-16,1,IS,quantile,0.95,0.42767430645244414
2026-08-19,ILI incidence,2026-08-16,1,IS,quantile,0.975,0.4962084890300189
2026-08-19,ILI incidence,2026-08-16,1,IS,quantile,0.025,0.060004257885822164
2026-08-19,ILI incidence,2026-08-16,1,IS,quantile,0.55,0.18726776544655543
2026-08-19,ILI incidence,2026-08-16,1,IS,quantile,0.65,0.21490776243521814
2026-08-19,ILI incidence,2026-08-16,1,IS,quantile,0.7,0.23168333707944486
2026-08-19,ILI incidence,2026-08-16,1,IS,quantile,0.75,0.2510285131171661
2026-08-19,ILI incidence,2026-08-16,1,IS,quantile,0.8,0.2761802404427776
2026-08-19,ILI incidence,2026-08-16,1,IS,quantile,0.85,0.3079038559593731
2026-08-19,ILI incidence,2026-08-16,1,IS,quantile,0.9,0.35132107773216914
2026-08-19,ILI incidence,2026-08-16,1,IS,quantile,0.99,0.6137727653057822
2026-08-19,ILI incidence,2026-08-16,1,IS,quantile,0.05,0.0715091005736403
2026-08-19,ILI incidence,2026-08-16,1,IS,quantile,0.15,0.09885906239775581
2026-08-19,ILI incidence,2026-08-16,1,IS,quantile,0.6,0.20025388094602348
2026-08-19,ILI incidence,2026-08-16,1,IS,median,,0.17442096464605317
2026-08-19,ILI incidence,2026-08-30,3,IS,quantile,0.8,0.6740851496532816
2026-08-19,ILI incidence,2026-08-30,3,IS,quantile,0.75,0.589190648706059
2026-08-19,ILI incidence,2026-08-30,3,IS,quantile,0.7,0.5198590988253892
2026-08-19,ILI incidence,2026-08-30,3,IS,quantile,0.9,0.9849023819752207
2026-08-19,ILI incidence,2026-08-30,3,IS,quantile,0.85,0.7984948061299169
2026-08-19,ILI incidence,2026-08-30,3,IS,quantile,0.4,0.2695439513231266
2026-08-19,ILI incidence,2026-08-30,3,IS,quantile,0.95,1.3298409243944573
2026-08-19,ILI incidence,2026-08-30,3,IS,quantile,0.35,0.24019404167657066
2026-08-19,ILI incidence,2026-08-30,3,IS,quantile,0.45,0.2976359151329946
2026-08-19,ILI incidence,2026-08-30,3,IS,quantile,0.1,0.11612910728295463
2026-08-19,ILI incidence,2026-08-30,3,IS,quantile,0.025,0.06565903699137109
2026-08-19,ILI incidence,2026-08-30,3,IS,quantile,0.15,0.14044961779341786
2026-08-19,ILI incidence,2026-08-30,3,IS,quantile,0.2,0.16447971294851685
2026-08-19,ILI incidence,2026-08-30,3,IS,quantile,0.05,0.08748086498257353
2026-08-19,ILI incidence,2026-08-30,3,IS,quantile,0.01,0.048015813729191933
2026-08-19,ILI incidence,2026-08-30,3,IS,quantile,0.25,0.188679283978031
2026-08-19,ILI incidence,2026-08-30,3,IS,quantile,0.5,0.3323330488936599
2026-08-19,ILI incidence,2026-08-30,3,IS,quantile,0.3,0.21262996129875728
2026-08-19,ILI incidence,2026-08-30,3,IS,quantile,0.55,0.36919410468110914
2026-08-19,ILI incidence,2026-08-30,3,IS,quantile,0.6,0.4133490574944567
2026-08-19,ILI incidence,2026-08-30,3,IS,quantile,0.99,2.2216160809672325
2026-08-19,ILI incidence,2026-08-30,3,IS,quantile,0.65,0.46206597549994616
2026-08-19,ILI incidence,2026-08-30,3,IS,quantile,0.975,1.6928710649847012
2026-08-19,ILI incidence,2026-08-30,3,IS,median,,0.3323330488936599
2026-08-19,ILI incidence,2026-09-06,4,IS,quantile,0.99,3.2860432004998557
2026-08-19,ILI incidence,2026-09-06,4,IS,quantile,0.975,2.6142824068283046
2026-08-19,ILI incidence,2026-09-06,4,IS,quantile,0.9,1.6863563784930244
2026-08-19,ILI incidence,2026-09-06,4,IS,quantile,0.95,2.1233785990081557
2026-08-19,ILI incidence,2026-09-06,4,IS,quantile,0.85,1.4402224502072654
2026-08-19,ILI incidence,2026-09-06,4,IS,quantile,0.8,1.2797644122552008
2026-08-19,ILI incidence,2026-09-06,4,IS,quantile,0.55,0.811303394712286
2026-08-19,ILI incidence,2026-09-06,4,IS,quantile,0.75,1.1505987584819617
2026-08-19,ILI incidence,2026-09-06,4,IS,quantile,0.6,0.8809281090887198
2026-08-19,ILI incidence,2026-09-06,4,IS,quantile,0.5,0.7492424589736737
2026-08-19,ILI incidence,2026-09-06,4,IS,quantile,0.65,0.9543696305082505
2026-08-19,ILI incidence,2026-09-06,4,IS,quantile,0.7,1.0445713075685532
2026-08-19,ILI incidence,2026-09-06,4,IS,quantile,0.3,0.5345790120300238
2026-08-19,ILI incidence,2026-09-06,4,IS,quantile,0.45,0.6928605981594819
2026-08-19,ILI incidence,2026-09-06,4,IS,quantile,0.2,0.43879799153892673
2026-08-19,ILI incidence,2026-09-06,4,IS,quantile,0.35,0.5838630048586789
2026-08-19,ILI incidence,2026-09-06,4,IS,quantile,0.01,0.1732275608354346
2026-08-19,ILI incidence,2026-09-06,4,IS,quantile,0.4,0.638052366263096
2026-08-19,ILI incidence,2026-09-06,4,IS,quantile,0.025,0.21490281211448764
2026-08-19,ILI incidence,2026-09-06,4,IS,quantile,0.05,0.26324920018678666
2026-08-19,ILI incidence,2026-09-06,4,IS,quantile,0.1,0.33430302008607404
2026-08-19,ILI incidence,2026-09-06,4,IS,quantile,0.25,0.48677017325766175
2026-08-19,ILI incidence,2026-09-06,4,IS,quantile,0.15,0.386814000135172
2026-08-19,ILI incidence,2026-09-06,4,IS,median,,0.7492424589736737
2026-08-19,ILI incidence,2026-08-16,1,LT,quantile,0.45,1.3590233409884633
2026-08-19,ILI incidence,2026-08-16,1,LT,quantile,0.4,1.3175080291261119
2026-08-19,ILI incidence,2026-08-16,1,LT,quantile,0.5,1.3960817442847961
2026-08-19,ILI incidence,2026-08-16,1,LT,quantile,0.55,1.4343647086098545
2026-08-19,ILI incidence,2026-08-16,1,LT,quantile,0.99,2.3863802783257424
2026-08-19,ILI incidence,2026-08-16,1,LT,quantile,0.975,2.1938402787169036
2026-08-19,ILI incidence,2026-08-16,1,LT,quantile,0.9,1.8620391367850533
2026-08-19,ILI incidence,2026-08-16,1,LT,quantile,0.95,2.0295144695858855
2026-08-19,ILI incidence,2026-08-16,1,LT,quantile,0.8,1.68922667981802
2026-08-19,ILI incidence,2026-08-16,1,LT,quantile,0.85,1.762702451383217
2026-08-19,ILI incidence,2026-08-16,1,LT,quantile,0.6,1.4757399353339458
2026-08-19,ILI incidence,2026-08-16,1,LT,quantile,0.65,1.5229771361946596
2026-08-19,ILI incidence,2026-08-16,1,LT,quantile,0.75,1.6252881174635594
2026-08-19,ILI incidence,2026-08-16,1,LT,quantile,0.15,1.101576912000165
2026-08-19,ILI incidence,2026-08-16,1,LT,quantile,0.35,1.2794030103326763
2026-08-19,ILI incidence,2026-08-16,1,LT,quantile,0.7,1.5708297832217768
2026-08-19,ILI incidence,2026-08-16,1,LT,quantile,0.3,1.2370597110471067
2026-08-19,ILI incidence,2026-08-16,1,LT,quantile,0.25,1.1956363141802318
2026-08-19,ILI incidence,2026-08-16,1,LT,quantile,0.05,0.9566200100637161
2026-08-19,ILI incidence,2026-08-16,1,LT,quantile,0.025,0.8974953104573515
2026-08-19,ILI incidence,2026-08-16,1,LT,quantile,0.2,1.15121611677148
2026-08-19,ILI incidence,2026-08-16,1,LT,quantile,0.1,1.0429241543047347
2026-08-19,ILI incidence,2026-08-16,1,LT,quantile,0.01,0.8348776759847438
2026-08-19,ILI incidence,2026-08-16,1,LT,median,,1.3960817442847961
2026-08-19,ILI incidence,2026-08-23,2,LT,quantile,0.6,1.1687670116177464
2026-08-19,ILI incidence,2026-08-23,2,LT,quantile,0.5,1.1340007033837
2026-08-19,ILI incidence,2026-08-23,2,LT,quantile,0.55,1.150349078469174
2026-08-19,ILI incidence,2026-08-23,2,LT,quantile,0.45,1.118088880680672
2026-08-19,ILI incidence,2026-08-23,2,LT,quantile,0.7,1.205142653479105
2026-08-19,ILI incidence,2026-08-23,2,LT,quantile,0.65,1.1862790841813537
2026-08-19,ILI incidence,2026-08-23,2,LT,quantile,0.75,1.2262051647012415
2026-08-19,ILI incidence,2026-08-23,2,LT,quantile,0.4,1.1014326305628728
2026-08-19,ILI incidence,2026-08-23,2,LT,quantile,0.8,1.2526114079198574
2026-08-19,ILI incidence,2026-08-23,2,LT,quantile,0.85,1.282453877382308
2026-08-19,ILI incidence,2026-08-23,2,LT,quantile,0.9,1.320557343928638
2026-08-19,ILI incidence,2026-08-23,2,LT,quantile,0.35,1.084149057040512
2026-08-19,ILI incidence,2026-08-23,2,LT,quantile,0.975,1.4319551938229393
2026-08-19,ILI incidence,2026-08-23,2,LT,quantile,0.99,1.4907087412900775
2026-08-19,ILI incidence,2026-08-23,2,LT,quantile,0.95,1.3805196302882508
2026-08-19,ILI incidence,2026-08-23,2,LT,quantile,0.025,0.9032144726206331
2026-08-19,ILI incidence,2026-08-23,2,LT,quantile,0.2,1.0278312027347356
2026-08-19,ILI incidence,2026-08-23,2,LT,quantile,0.15,1.0059741668760949
2026-08-19,ILI incidence,2026-08-23,2,LT,quantile,0.05,0.937203660364888
2026-08-19,ILI incidence,2026-08-23,2,LT,quantile,0.25,1.0479267071526952
2026-08-19,ILI incidence,2026-08-23,2,LT,quantile,0.3,1.066643003349796
2026-08-19,ILI incidence,2026-08-23,2,LT,quantile,0.01,0.8622891457467514
2026-08-19,ILI incidence,2026-08-23,2,LT,quantile,0.1,0.9780135584611283
2026-08-19,ILI incidence,2026-08-23,2,LT,median,,1.1340007033837
2026-08-19,ILI incidence,2026-08-30,3,LT,quantile,0.01,0.49184813938370364
2026-08-19,ILI incidence,2026-08-30,3,LT,quantile,0.025,0.6199447918886654
2026-08-19,ILI incidence,2026-08-30,3,LT,quantile,0.35,1.6119959626880842
2026-08-19,ILI incidence,2026-08-30,3,LT,quantile,0.4,1.737876347527704
2026-08-19,ILI incidence,2026-08-30,3,LT,quantile,0.1,0.9252641049515312
2026-08-19,ILI incidence,2026-08-30,3,LT,quantile,0.45,1.8757808902124007
2026-08-19,ILI incidence,2026-08-30,3,LT,quantile,0.7,2.76079254921135
2026-08-19,ILI incidence,2026-08-30,3,LT,quantile,0.05,0.7492435814033312
2026-08-19,ILI incidence,2026-08-30,3,LT,quantile,0.75,3.030808692942247
2026-08-19,ILI incidence,2026-08-30,3,LT,quantile,0.5,2.020227916427131
2026-08-19,ILI incidence,2026-08-30,3,LT,quantile,0.55,2.1812889757549647
2026-08-19,ILI incidence,2026-08-30,3,LT,quantile,0.8,3.3571947610392927
2026-08-19,ILI incidence,2026-08-30,3,LT,quantile,0.65,2.554955243627462
2026-08-19,ILI incidence,2026-08-30,3,LT,quantile,0.6,2.369401654500958
2026-08-19,ILI incidence,2026-08-30,3,LT,quantile,0.85,3.7648089640422913
2026-08-19,ILI incidence,2026-08-30,3,LT,quantile,0.15,1.0773574358022535
2026-08-19,ILI incidence,2026-08-30,3,LT,quantile,0.3,1.4739060033196365
2026-08-19,ILI incidence,2026-08-30,3,LT,quantile,0.2,1.208974881600738
2026-08-19,ILI incidence,2026-08-30,3,LT,quantile,0.25,1.3448224313727817
2026-08-19,ILI incidence,2026-08-30,3,LT,quantile,0.9,4.36300052278304
2026-08-19,ILI incidence,2026-08-30,3,LT,quantile,0.95,5.401882518597518
2026-08-19,ILI incidence,2026-08-30,3,LT,quantile,0.975,6.580459405426023
2026-08-19,ILI incidence,2026-08-30,3,LT,quantile,0.99,8.270394969601401
2026-08-19,ILI incidence,2026-08-30,3,LT,median,,2.020227916427131
2026-08-19,ILI incidence,2026-09-06,4,LT,quantile,0.75,4.878888095880258
2026-08-19,ILI incidence,2026-09-06,4,LT,quantile,0.99,22.26848120391413
2026-08-19,ILI incidence,2026-09-06,4,LT,quantile,0.975,15.970059993770946
2026-08-19,ILI incidence,2026-09-06,4,LT,quantile,0.6,3.2886027997642655
2026-08-19,ILI incidence,2026-09-06,4,LT,quantile,0.95,12.241876427102458
2026-08-19,ILI incidence,2026-09-06,4,LT,quantile,0.55,2.9113557716568814
2026-08-19,ILI incidence,2026-09-06,4,LT,quantile,0.9,8.613264748556642
2026-08-19,ILI incidence,2026-09-06,4,LT,quantile,0.45,2.314142632237128
2026-08-19,ILI incidence,2026-09-06,4,LT,quantile,0.65,3.7277039399389293
2026-08-19,ILI incidence,2026-09-06,4,LT,quantile,0.5,2.5906307693761157
2026-08-19,ILI incidence,2026-09-06,4,LT,quantile,0.8,5.739678884522839
2026-08-19,ILI incidence,2026-09-06,4,LT,quantile,0.85,6.863117787650209
2026-08-19,ILI incidence,2026-09-06,4,LT,quantile,0.15,0.972699124933657
2026-08-19,ILI incidence,2026-09-06,4,LT,quantile,0.1,0.7740464500839794
2026-08-19,ILI incidence,2026-09-06,4,LT,quantile,0.2,1.1709759578252015
2026-08-19,ILI incidence,2026-09-06,4,LT,quantile,0.7,4.28625894780055
2026-08-19,ILI incidence,2026-09-06,4,LT,quantile,0.4,2.06100276086954
2026-08-19,ILI incidence,2026-09-06,4,LT,quantile,0.25,1.3851183458201608
2026-08-19,ILI incidence,2026-09-06,4,LT,quantile,0.35,1.8183815491965407
2026-08-19,ILI incidence,2026-09-06,4,LT,quantile,0.3,1.5942887845369038
2026-08-19,ILI incidence,2026-09-06,4,LT,quantile,0.05,0.5437666393230184
2026-08-19,ILI incidence,2026-09-06,4,LT,quantile,0.025,0.41207677185989455
2026-08-19,ILI incidence,2026-09-06,4,LT,quantile,0.01,0.2705585917178712
2026-08-19,ILI incidence,2026-09-06,4,LT,median,,2.5906307693761157
2026-08-19,ILI incidence,2026-08-16,1,LU,quantile,0.8,0.0017494306116108485
2026-08-19,ILI incidence,2026-08-16,1,LU,quantile,0.99,0.004311569531172869
2026-08-19,ILI incidence,2026-08-16,1,LU,quantile,0.975,0.0033935358289698195
2026-08-19,ILI incidence,2026-08-16,1,LU,quantile,0.95,0.0028285179761437813
2026-08-19,ILI incidence,2026-08-16,1,LU,quantile,0.9,0.002293780985607527
2026-08-19,ILI incidence,2026-08-16,1,LU,quantile,0.85,0.0019976635179571943
2026-08-19,ILI incidence,2026-08-16,1,LU,quantile,0.6,0.001230292764038487
2026-08-19,ILI incidence,2026-08-16,1,LU,quantile,0.75,0.0015855415889464736
2026-08-19,ILI incidence,2026-08-16,1,LU,quantile,0.35,8.281490257881527e-4
2026-08-19,ILI incidence,2026-08-16,1,LU,quantile,0.4,9.029991505109817e-4
2026-08-19,ILI incidence,2026-08-16,1,LU,quantile,0.5,0.001048802763652324
2026-08-19,ILI incidence,2026-08-16,1,LU,quantile,0.45,9.743174761534114e-4
2026-08-19,ILI incidence,2026-08-16,1,LU,quantile,0.65,0.0013314016687501974
2026-08-19,ILI incidence,2026-08-16,1,LU,quantile,0.55,0.0011339173324360508
2026-08-19,ILI incidence,2026-08-16,1,LU,quantile,0.7,0.001452532873975838
2026-08-19,ILI incidence,2026-08-16,1,LU,quantile,0.3,7.630546259427395e-4
2026-08-19,ILI incidence,2026-08-16,1,LU,quantile,0.1,4.810439707351998e-4
2026-08-19,ILI incidence,2026-08-16,1,LU,quantile,0.15,5.616969368830097e-4
2026-08-19,ILI incidence,2026-08-16,1,LU,quantile,0.2,6.326832649082622e-4
2026-08-19,ILI incidence,2026-08-16,1,LU,quantile,0.05,3.8310747328154594e-4
2026-08-19,ILI incidence,2026-08-16,1,LU,quantile,0.25,6.963693266662568e-4
2026-08-19,ILI incidence,2026-08-16,1,LU,quantile,0.025,3.074042135815417e-4
2026-08-19,ILI incidence,2026-08-16,1,LU,quantile,0.01,2.508314535220589e-4
2026-08-19,ILI incidence,2026-08-16,1,LU,median,,0.001048802763652324
2026-08-19,ILI incidence,2026-08-23,2,LU,quantile,0.4,0.0010044092196773735
2026-08-19,ILI incidence,2026-08-23,2,LU,quantile,0.55,0.0012351501929253692
2026-08-19,ILI incidence,2026-08-23,2,LU,quantile,0.6,0.0013190702405182506
2026-08-19,ILI incidence,2026-08-23,2,LU,quantile,0.45,0.0010761519428362002
2026-08-19,ILI incidence,2026-08-23,2,LU,quantile,0.25,8.075429419466977e-4
2026-08-19,ILI incidence,2026-08-23,2,LU,quantile,0.3,8.73468571629743e-4
2026-08-19,ILI incidence,2026-08-23,2,LU,quantile,0.65,0.0014123051023027934
2026-08-19,ILI incidence,2026-08-23,2,LU,quantile,0.2,7.422619250882379e-4
2026-08-19,ILI incidence,2026-08-23,2,LU,quantile,0.35,9.376098973173535e-4
2026-08-19,ILI incidence,2026-08-23,2,LU,quantile,0.5,0.001152144219285956
2026-08-19,ILI incidence,2026-08-23,2,LU,quantile,0.7,0.0015183212892892137
2026-08-19,ILI incidence,2026-08-23,2,LU,quantile,0.05,4.8577047944709873e-4
2026-08-19,ILI incidence,2026-08-23,2,LU,quantile,0.1,5.884229915195283e-4
2026-08-19,ILI incidence,2026-08-23,2,LU,quantile,0.85,0.0020010242935830313
2026-08-19,ILI incidence,2026-08-23,2,LU,quantile,0.15,6.712787669958469e-4
2026-08-19,ILI incidence,2026-08-23,2,LU,quantile,0.75,0.0016510351204352077
2026-08-19,ILI incidence,2026-08-23,2,LU,quantile,0.8,0.001802641739647001
2026-08-19,ILI incidence,2026-08-23,2,LU,quantile,0.025,4.1310585605213986e-4
2026-08-19,ILI incidence,2026-08-23,2,LU,quantile,0.01,3.408098181864143e-4
2026-08-19,ILI incidence,2026-08-23,2,LU,quantile,0.9,0.0022665835507149996
2026-08-19,ILI incidence,2026-08-23,2,LU,quantile,0.99,0.0040198728417275295
2026-08-19,ILI incidence,2026-08-23,2,LU,quantile,0.975,0.0032073760560595325
2026-08-19,ILI incidence,2026-08-23,2,LU,quantile,0.95,0.002682956416240773
2026-08-19,ILI incidence,2026-08-23,2,LU,median,,0.001152144219285956
2026-08-19,ILI incidence,2026-08-30,3,LU,quantile,0.1,3.8250208475989675e-4
2026-08-19,ILI incidence,2026-08-30,3,LU,quantile,0.15,4.383385992763519e-4
2026-08-19,ILI incidence,2026-08-30,3,LU,quantile,0.2,4.898473287189355e-4
2026-08-19,ILI incidence,2026-08-30,3,LU,quantile,0.25,5.420222610861095e-4
2026-08-19,ILI incidence,2026-08-30,3,LU,quantile,0.01,2.06807264274854e-4
2026-08-19,ILI incidence,2026-08-30,3,LU,quantile,0.025,2.5671128529415263e-4
2026-08-19,ILI incidence,2026-08-30,3,LU,quantile,0.05,3.063579712320581e-4
2026-08-19,ILI incidence,2026-08-30,3,LU,quantile,0.85,0.0014888133019762054
2026-08-19,ILI incidence,2026-08-30,3,LU,quantile,0.8,0.0013224156740054224
2026-08-19,ILI incidence,2026-08-30,3,LU,quantile,0.65,0.0010144601647988508
2026-08-19,ILI incidence,2026-08-30,3,LU,quantile,0.9,0.0017071603806752737
2026-08-19,ILI incidence,2026-08-30,3,LU,quantile,0.95,0.0021318834725961647
2026-08-19,ILI incidence,2026-08-30,3,LU,quantile,0.45,7.521604667792128e-4
2026-08-19,ILI incidence,2026-08-30,3,LU,quantile,0.5,8.094438736496172e-4
2026-08-19,ILI incidence,2026-08-30,3,LU,quantile,0.75,0.0011984437373676554
2026-08-19,ILI incidence,2026-08-30,3,LU,quantile,0.4,6.96312341564656e-4
2026-08-19,ILI incidence,2026-08-30,3,LU,quantile,0.35,6.440121101138565e-4
2026-08-19,ILI incidence,2026-08-30,3,LU,quantile,0.6,9.357807368718158e-4
2026-08-19,ILI incidence,2026-08-30,3,LU,quantile,0.3,5.963152982576137e-4
2026-08-19,ILI incidence,2026-08-30,3,LU,quantile,0.55,8.691312308572471e-4
2026-08-19,ILI incidence,2026-08-30,3,LU,quantile,0.7,0.0010958683917112225
2026-08-19,ILI incidence,2026-08-30,3,LU,quantile,0.975,0.0025377174084659677
2026-08-19,ILI incidence,2026-08-30,3,LU,quantile,0.99,0.003114448089460502
2026-08-19,ILI incidence,2026-08-30,3,LU,median,,8.094438736496172e-4
2026-08-19,ILI incidence,2026-09-06,4,LU,quantile,0.1,5.039992535228434e-4
2026-08-19,ILI incidence,2026-09-06,4,LU,quantile,0.2,6.197415419521503e-4
2026-08-19,ILI incidence,2026-09-06,4,LU,quantile,0.15,5.65345567131174e-4
2026-08-19,ILI incidence,2026-09-06,4,LU,quantile,0.05,4.232380783071345e-4
2026-08-19,ILI incidence,2026-09-06,4,LU,quantile,0.01,3.1462624146803804e-4
2026-08-19,ILI incidence,2026-09-06,4,LU,quantile,0.025,3.693430546749092e-4
2026-08-19,ILI incidence,2026-09-06,4,LU,quantile,0.25,6.698511770561358e-4
2026-08-19,ILI incidence,2026-09-06,4,LU,quantile,0.35,7.60857538799602e-4
2026-08-19,ILI incidence,2026-09-06,4,LU,quantile,0.3,7.162571857416364e-4
2026-08-19,ILI incidence,2026-09-06,4,LU,quantile,0.5,9.19720532127939e-4
2026-08-19,ILI incidence,2026-09-06,4,LU,quantile,0.55,9.733040886832487e-4
2026-08-19,ILI incidence,2026-09-06,4,LU,quantile,0.4,8.098264627561808e-4
2026-08-19,ILI incidence,2026-09-06,4,LU,quantile,0.6,0.0010330031281267128
2026-08-19,ILI incidence,2026-09-06,4,LU,quantile,0.45,8.619577914987955e-4
2026-08-19,ILI incidence,2026-09-06,4,LU,quantile,0.95,0.0020091654117298605
2026-08-19,ILI incidence,2026-09-06,4,LU,quantile,0.975,0.0023167532816966846
2026-08-19,ILI incidence,2026-09-06,4,LU,quantile,0.99,0.0027665513095462826
2026-08-19,ILI incidence,2026-09-06,4,LU,quantile,0.65,0.0011004573287545347
2026-08-19,ILI incidence,2026-09-06,4,LU,quantile,0.85,0.001518429321752815
2026-08-19,ILI incidence,2026-09-06,4,LU,quantile,0.9,0.001690682762772589
2026-08-19,ILI incidence,2026-09-06,4,LU,quantile,0.8,0.001385782600271693
2026-08-19,ILI incidence,2026-09-06,4,LU,quantile,0.75,0.001270258431759205
2026-08-19,ILI incidence,2026-09-06,4,LU,quantile,0.7,0.0011782100372139002
2026-08-19,ILI incidence,2026-09-06,4,LU,median,,9.19720532127939e-4
2026-08-19,ILI incidence,2026-08-16,1,MT,quantile,0.99,13042.946949889762
2026-08-19,ILI incidence,2026-08-16,1,MT,quantile,0.975,10284.529950317525
2026-08-19,ILI incidence,2026-08-16,1,MT,quantile,0.75,4865.61332825138
2026-08-19,ILI incidence,2026-08-16,1,MT,quantile,0.9,6902.243727815247
2026-08-19,ILI incidence,2026-08-16,1,MT,quantile,0.35,2630.7502242930477
2026-08-19,ILI incidence,2026-08-16,1,MT,quantile,0.3,2415.4332097674433
2026-08-19,ILI incidence,2026-08-16,1,MT,quantile,0.95,8535.300651352192
2026-08-19,ILI incidence,2026-08-16,1,MT,quantile,0.25,2221.0136572338197
2026-08-19,ILI incidence,2026-08-16,1,MT,quantile,0.4,2844.047205256721
2026-08-19,ILI incidence,2026-08-16,1,MT,quantile,0.45,3063.3618847795847
2026-08-19,ILI incidence,2026-08-16,1,MT,quantile,0.7,4461.252439731574
2026-08-19,ILI incidence,2026-08-16,1,MT,quantile,0.65,4098.147371062895
2026-08-19,ILI incidence,2026-08-16,1,MT,quantile,0.8,5380.914587731459
2026-08-19,ILI incidence,2026-08-16,1,MT,quantile,0.85,5991.754096679095
2026-08-19,ILI incidence,2026-08-16,1,MT,quantile,0.05,1287.3749383070876
2026-08-19,ILI incidence,2026-08-16,1,MT,quantile,0.025,1064.9609385143951
2026-08-19,ILI incidence,2026-08-16,1,MT,quantile,0.1,1574.2863170172795
2026-08-19,ILI incidence,2026-08-16,1,MT,quantile,0.15,1815.465159518973
2026-08-19,ILI incidence,2026-08-16,1,MT,quantile,0.2,2012.8980582287898
2026-08-19,ILI incidence,2026-08-16,1,MT,quantile,0.55,3528.1491884794523
2026-08-19,ILI incidence,2026-08-16,1,MT,quantile,0.6,3780.5479365033802
2026-08-19,ILI incidence,2026-08-16,1,MT,quantile,0.5,3288.7105464438027
2026-08-19,ILI incidence,2026-08-16,1,MT,quantile,0.01,855.5302398875547
2026-08-19,ILI incidence,2026-08-16,1,MT,median,,3288.7105464438027
2026-08-19,ILI incidence,2026-08-23,2,MT,quantile,0.05,1773.1259480615256
2026-08-19,ILI incidence,2026-08-23,2,MT,quantile,0.025,1526.6181718983933
2026-08-19,ILI incidence,2026-08-23,2,MT,quantile,0.01,1273.9197262198463
2026-08-19,ILI incidence,2026-08-23,2,MT,quantile,0.1,2095.489227627477
2026-08-19,ILI incidence,2026-08-23,2,MT,quantile,0.15,2346.8277679642106
2026-08-19,ILI incidence,2026-08-23,2,MT,quantile,0.75,5348.809004800595
2026-08-19,ILI incidence,2026-08-23,2,MT,quantile,0.975,9661.832532625507
2026-08-19,ILI incidence,2026-08-23,2,MT,quantile,0.99,11514.434961737901
2026-08-19,ILI incidence,2026-08-23,2,MT,quantile,0.8,5796.053787445515
2026-08-19,ILI incidence,2026-08-23,2,MT,quantile,0.95,8362.116268293814
2026-08-19,ILI incidence,2026-08-23,2,MT,quantile,0.35,3192.6757783335734
2026-08-19,ILI incidence,2026-08-23,2,MT,quantile,0.4,3406.797952670483
2026-08-19,ILI incidence,2026-08-23,2,MT,quantile,0.45,3631.174499725196
2026-08-19,ILI incidence,2026-08-23,2,MT,quantile,0.2,2581.627459070069
2026-08-19,ILI incidence,2026-08-23,2,MT,quantile,0.3,3012.132055845362
2026-08-19,ILI incidence,2026-08-23,2,MT,quantile,0.25,2791.058232800457
2026-08-19,ILI incidence,2026-08-23,2,MT,quantile,0.85,6312.480331961235
2026-08-19,ILI incidence,2026-08-23,2,MT,quantile,0.9,7096.336199973821
2026-08-19,ILI incidence,2026-08-23,2,MT,quantile,0.5,3848.393634108024
2026-08-19,ILI incidence,2026-08-23,2,MT,quantile,0.55,4088.4028926378155
2026-08-19,ILI incidence,2026-08-23,2,MT,quantile,0.7,4961.484016155503
2026-08-19,ILI incidence,2026-08-23,2,MT,quantile,0.6,4363.708601433891
2026-08-19,ILI incidence,2026-08-23,2,MT,quantile,0.65,4643.079502893497
2026-08-19,ILI incidence,2026-08-23,2,MT,median,,3848.393634108024
2026-08-19,ILI incidence,2026-08-30,3,MT,quantile,0.975,10820.849897356025
2026-08-19,ILI incidence,2026-08-30,3,MT,quantile,0.95,8981.104601975569
2026-08-19,ILI incidence,2026-08-30,3,MT,quantile,0.75,5240.140797643961
2026-08-19,ILI incidence,2026-08-30,3,MT,quantile,0.99,12972.302265978633
2026-08-19,ILI incidence,2026-08-30,3,MT,quantile,0.65,4510.879939170474
2026-08-19,ILI incidence,2026-08-30,3,MT,quantile,0.7,4887.361773444868
2026-08-19,ILI incidence,2026-08-30,3,MT,quantile,0.9,7341.694559047189
2026-08-19,ILI incidence,2026-08-30,3,MT,quantile,0.6,4191.760005579381
2026-08-19,ILI incidence,2026-08-30,3,MT,quantile,0.55,3913.7890581737
2026-08-19,ILI incidence,2026-08-30,3,MT,quantile,0.85,6438.597425369371
2026-08-19,ILI incidence,2026-08-30,3,MT,quantile,0.5,3650.4535826655183
2026-08-19,ILI incidence,2026-08-30,3,MT,quantile,0.8,5755.798057224917
2026-08-19,ILI incidence,2026-08-30,3,MT,quantile,0.2,2234.5273633418906
2026-08-19,ILI incidence,2026-08-30,3,MT,quantile,0.3,2698.232950366228
2026-08-19,ILI incidence,2026-08-30,3,MT,quantile,0.25,2467.4785769607497
2026-08-19,ILI incidence,2026-08-30,3,MT,quantile,0.1,1736.4511563077265
2026-08-19,ILI incidence,2026-08-30,3,MT,quantile,0.15,2017.4695554024822
2026-08-19,ILI incidence,2026-08-30,3,MT,quantile,0.05,1412.6601357205668
2026-08-19,ILI incidence,2026-08-30,3,MT,quantile,0.35,2918.3885964012006
2026-08-19,ILI incidence,2026-08-30,3,MT,quantile,0.45,3400.1831211057256
2026-08-19,ILI incidence,2026-08-30,3,MT,quantile,0.4,3151.02240832415
2026-08-19,ILI incidence,2026-08-30,3,MT,quantile,0.025,1182.4074926870464
2026-08-19,ILI incidence,2026-08-30,3,MT,quantile,0.01,967.2413436011489
2026-08-19,ILI incidence,2026-08-30,3,MT,median,,3650.4535826655183
2026-08-19,ILI incidence,2026-09-06,4,MT,quantile,0.99,11824.009589805493
2026-08-19,ILI incidence,2026-09-06,4,MT,quantile,0.025,1555.9940262542336
2026-08-19,ILI incidence,2026-09-06,4,MT,quantile,0.05,1796.2703015589352
2026-08-19,ILI incidence,2026-09-06,4,MT,quantile,0.9,7246.204669933037
2026-08-19,ILI incidence,2026-09-06,4,MT,quantile,0.15,2391.893029127803
2026-08-19,ILI incidence,2026-09-06,4,MT,quantile,0.01,1303.8347965109676
2026-08-19,ILI incidence,2026-09-06,4,MT,quantile,0.1,2139.1286833319487
2026-08-19,ILI incidence,2026-09-06,4,MT,quantile,0.95,8589.239339891585
2026-08-19,ILI incidence,2026-09-06,4,MT,quantile,0.25,2851.514483748807
2026-08-19,ILI incidence,2026-09-06,4,MT,quantile,0.3,3067.7107993695327
2026-08-19,ILI incidence,2026-09-06,4,MT,quantile,0.975,10080.789650715762
2026-08-19,ILI incidence,2026-09-06,4,MT,quantile,0.2,2632.4986250252705
2026-08-19,ILI incidence,2026-09-06,4,MT,quantile,0.8,5912.144824777894
2026-08-19,ILI incidence,2026-09-06,4,MT,quantile,0.85,6476.974046453928
2026-08-19,ILI incidence,2026-09-06,4,MT,quantile,0.7,5058.5829530744695
2026-08-19,ILI incidence,2026-09-06,4,MT,quantile,0.75,5446.845132962092
2026-08-19,ILI incidence,2026-09-06,4,MT,quantile,0.55,4175.530193616466
2026-08-19,ILI incidence,2026-09-06,4,MT,quantile,0.4,3474.017118559756
2026-08-19,ILI incidence,2026-09-06,4,MT,quantile,0.5,3928.1028016707105
2026-08-19,ILI incidence,2026-09-06,4,MT,quantile,0.65,4726.349465343235
2026-08-19,ILI incidence,2026-09-06,4,MT,quantile,0.45,3694.9969490343733
2026-08-19,ILI incidence,2026-09-06,4,MT,quantile,0.35,3275.909459852639
2026-08-19,ILI incidence,2026-09-06,4,MT,quantile,0.6,4426.8983315130645
2026-08-19,ILI incidence,2026-09-06,4,MT,median,,3928.1028016707105
2026-08-19,ILI incidence,2026-08-16,1,NO,quantile,0.01,2.208304398514046
2026-08-19,ILI incidence,2026-08-16,1,NO,quantile,0.025,2.6006562147870116
2026-08-19,ILI incidence,2026-08-16,1,NO,quantile,0.05,2.948226558945024
2026-08-19,ILI incidence,2026-08-16,1,NO,quantile,0.99,16.740248379247383
2026-08-19,ILI incidence,2026-08-16,1,NO,quantile,0.1,3.51147397409206
2026-08-19,ILI incidence,2026-08-16,1,NO,quantile,0.15,3.885891505386599
2026-08-19,ILI incidence,2026-08-16,1,NO,quantile,0.75,8.150131761314942
2026-08-19,ILI incidence,2026-08-16,1,NO,quantile,0.55,6.410812904918982
2026-08-19,ILI incidence,2026-08-16,1,NO,quantile,0.6,6.784253174141147
2026-08-19,ILI incidence,2026-08-16,1,NO,quantile,0.2,4.222143679074596
2026-08-19,ILI incidence,2026-08-16,1,NO,quantile,0.5,6.0626239002477735
2026-08-19,ILI incidence,2026-08-16,1,NO,quantile,0.4,5.417965904662124
2026-08-19,ILI incidence,2026-08-16,1,NO,quantile,0.8,8.73726902048095
2026-08-19,ILI incidence,2026-08-16,1,NO,quantile,0.45,5.742493846544416
2026-08-19,ILI incidence,2026-08-16,1,NO,quantile,0.25,4.513352469673777
2026-08-19,ILI incidence,2026-08-16,1,NO,quantile,0.3,4.816955724870377
2026-08-19,ILI incidence,2026-08-16,1,NO,quantile,0.35,5.1119498018950615
2026-08-19,ILI incidence,2026-08-16,1,NO,quantile,0.65,7.1861394608509706
2026-08-19,ILI incidence,2026-08-16,1,NO,quantile,0.85,9.496914306639724
2026-08-19,ILI incidence,2026-08-16,1,NO,quantile,0.9,10.594402056249862
2026-08-19,ILI incidence,2026-08-16,1,NO,quantile,0.95,12.271910500497219
2026-08-19,ILI incidence,2026-08-16,1,NO,quantile,0.975,14.237350140179377
2026-08-19,ILI incidence,2026-08-16,1,NO,quantile,0.7,7.661915856895106
2026-08-19,ILI incidence,2026-08-16,1,NO,median,,6.0626239002477735
2026-08-19,ILI incidence,2026-08-23,2,NO,quantile,0.025,4.902835896551053
2026-08-19,ILI incidence,2026-08-23,2,NO,quantile,0.05,5.314061419674509
2026-08-19,ILI incidence,2026-08-23,2,NO,quantile,0.1,5.808298627000638
2026-08-19,ILI incidence,2026-08-23,2,NO,quantile,0.15,6.167144923976943
2026-08-19,ILI incidence,2026-08-23,2,NO,quantile,0.01,4.492319473729934
2026-08-19,ILI incidence,2026-08-23,2,NO,quantile,0.2,6.478270393198351
2026-08-19,ILI incidence,2026-08-23,2,NO,quantile,0.25,6.733090423573601
2026-08-19,ILI incidence,2026-08-23,2,NO,quantile,0.3,6.959049068088717
2026-08-19,ILI incidence,2026-08-23,2,NO,quantile,0.45,7.663574833264306
2026-08-19,ILI incidence,2026-08-23,2,NO,quantile,0.55,8.139113384927152
2026-08-19,ILI incidence,2026-08-23,2,NO,quantile,0.4,7.44112220922729
2026-08-19,ILI incidence,2026-08-23,2,NO,quantile,0.35,7.205143723844472
2026-08-19,ILI incidence,2026-08-23,2,NO,quantile,0.5,7.904684969123476
2026-08-19,ILI incidence,2026-08-23,2,NO,quantile,0.6,8.38661265418133
2026-08-19,ILI incidence,2026-08-23,2,NO,quantile,0.9,10.853531948185458
2026-08-19,ILI incidence,2026-08-23,2,NO,quantile,0.65,8.676485451670718
2026-08-19,ILI incidence,2026-08-23,2,NO,quantile,0.95,11.798317487562711
2026-08-19,ILI incidence,2026-08-23,2,NO,quantile,0.7,8.975912263857698
2026-08-19,ILI incidence,2026-08-23,2,NO,quantile,0.8,9.695163464981574
2026-08-19,ILI incidence,2026-08-23,2,NO,quantile,0.975,12.798909822683566
2026-08-19,ILI incidence,2026-08-23,2,NO,quantile,0.99,14.052744218582577
2026-08-19,ILI incidence,2026-08-23,2,NO,quantile,0.85,10.211764608229783
2026-08-19,ILI incidence,2026-08-23,2,NO,quantile,0.75,9.300295107477973
2026-08-19,ILI incidence,2026-08-23,2,NO,median,,7.904684969123476
2026-08-19,ILI incidence,2026-08-30,3,NO,quantile,0.99,13.900348361480509
2026-08-19,ILI incidence,2026-08-30,3,NO,quantile,0.15,4.321073005454301
2026-08-19,ILI incidence,2026-08-30,3,NO,quantile,0.85,8.858551645386532
2026-08-19,ILI incidence,2026-08-30,3,NO,quantile,0.9,9.639203767826073
2026-08-19,ILI incidence,2026-08-30,3,NO,quantile,0.2,4.603437264595222
2026-08-19,ILI incidence,2026-08-30,3,NO,quantile,0.975,12.232061511689473
2026-08-19,ILI incidence,2026-08-30,3,NO,quantile,0.7,7.427482173317602
2026-08-19,ILI incidence,2026-08-30,3,NO,quantile,0.65,7.110311724037012
2026-08-19,ILI incidence,2026-08-30,3,NO,quantile,0.75,7.828876754067178
2026-08-19,ILI incidence,2026-08-30,3,NO,quantile,0.25,4.884977068427608
2026-08-19,ILI incidence,2026-08-30,3,NO,quantile,0.8,8.281240197955253
2026-08-19,ILI incidence,2026-08-30,3,NO,quantile,0.95,10.904076938656672
2026-08-19,ILI incidence,2026-08-30,3,NO,quantile,0.3,5.16613867727062
2026-08-19,ILI incidence,2026-08-30,3,NO,quantile,0.35,5.407700518920766
2026-08-19,ILI incidence,2026-08-30,3,NO,quantile,0.45,5.941936901831806
2026-08-19,ILI incidence,2026-08-30,3,NO,quantile,0.4,5.673902336506854
2026-08-19,ILI incidence,2026-08-30,3,NO,quantile,0.1,3.977081777397481
2026-08-19,ILI incidence,2026-08-30,3,NO,quantile,0.6,6.771922384456267
2026-08-19,ILI incidence,2026-08-30,3,NO,quantile,0.5,6.222594311660858
2026-08-19,ILI incidence,2026-08-30,3,NO,quantile,0.55,6.494538079305977
2026-08-19,ILI incidence,2026-08-30,3,NO,quantile,0.05,3.4837781744252925
2026-08-19,ILI incidence,2026-08-30,3,NO,quantile,0.01,2.7987848880613386
2026-08-19,ILI incidence,2026-08-30,3,NO,quantile,0.025,3.1258365110625035
2026-08-19,ILI incidence,2026-08-30,3,NO,median,,6.222594311660858
2026-08-19,ILI incidence,2026-09-06,4,NO,quantile,0.99,13.4759221845003
2026-08-19,ILI incidence,2026-09-06,4,NO,quantile,0.95,11.344443824773538
2026-08-19,ILI incidence,2026-09-06,4,NO,quantile,0.9,10.389665653847029
2026-08-19,ILI incidence,2026-09-06,4,NO,quantile,0.975,12.267120963739465
2026-08-19,ILI incidence,2026-09-06,4,NO,quantile,0.85,9.798398683072735
2026-08-19,ILI incidence,2026-09-06,4,NO,quantile,0.8,9.347017732334262
2026-08-19,ILI incidence,2026-09-06,4,NO,quantile,0.65,8.357945578960951
2026-08-19,ILI incidence,2026-09-06,4,NO,quantile,0.75,8.981607278024004
2026-08-19,ILI incidence,2026-09-06,4,NO,quantile,0.15,5.836642956931808
2026-08-19,ILI incidence,2026-09-06,4,NO,quantile,0.025,4.627467152326683
2026-08-19,ILI incidence,2026-09-06,4,NO,quantile,0.1,5.473922387056655
2026-08-19,ILI incidence,2026-09-06,4,NO,quantile,0.05,5.004160278059352
2026-08-19,ILI incidence,2026-09-06,4,NO,quantile,0.01,4.21332925874955
2026-08-19,ILI incidence,2026-09-06,4,NO,quantile,0.6,8.071704223910706
2026-08-19,ILI incidence,2026-09-06,4,NO,quantile,0.2,6.11506250526209
2026-08-19,ILI incidence,2026-09-06,4,NO,quantile,0.7,8.6447003676049
2026-08-19,ILI incidence,2026-09-06,4,NO,quantile,0.5,7.552575583493995
2026-08-19,ILI incidence,2026-09-06,4,NO,quantile,0.45,7.296432332501734
2026-08-19,ILI incidence,2026-09-06,4,NO,quantile,0.25,6.366570649305482
2026-08-19,ILI incidence,2026-09-06,4,NO,quantile,0.3,6.596917243566491
2026-08-19,ILI incidence,2026-09-06,4,NO,quantile,0.55,7.8041811000055805
2026-08-19,ILI incidence,2026-09-06,4,NO,quantile,0.35,6.83865878978286
2026-08-19,ILI incidence,2026-09-06,4,NO,quantile,0.4,7.076431470108282
2026-08-19,ILI incidence,2026-09-06,4,NO,median,,7.552575583493995
2026-08-19,ILI incidence,2026-09-06,4,SI,quantile,0.25,9.063622059573729e-4
2026-08-19,ILI incidence,2026-09-06,4,SI,quantile,0.3,9.47349279815878e-4
2026-08-19,ILI incidence,2026-09-06,4,SI,quantile,0.025,6.408920033552363e-4
2026-08-19,ILI incidence,2026-09-06,4,SI,quantile,0.05,6.950185202721424e-4
2026-08-19,ILI incidence,2026-09-06,4,SI,quantile,0.1,7.685347745498605e-4
2026-08-19,ILI incidence,2026-09-06,4,SI,quantile,0.15,8.222550647670772e-4
2026-08-19,ILI incidence,2026-09-06,4,SI,quantile,0.95,0.0017145980032338627
2026-08-19,ILI incidence,2026-09-06,4,SI,quantile,0.975,0.001892441568881747
2026-08-19,ILI incidence,2026-09-06,4,SI,quantile,0.99,0.00206577731933861
2026-08-19,ILI incidence,2026-09-06,4,SI,quantile,0.01,5.841501892055217e-4
2026-08-19,ILI incidence,2026-09-06,4,SI,quantile,0.2,8.688347742514574e-4
2026-08-19,ILI incidence,2026-09-06,4,SI,quantile,0.5,0.0010956780958574362
2026-08-19,ILI incidence,2026-09-06,4,SI,quantile,0.55,0.0011329397455595407
2026-08-19,ILI incidence,2026-09-06,4,SI,quantile,0.6,0.0011719325355941908
2026-08-19,ILI incidence,2026-09-06,4,SI,quantile,0.65,0.001215377593881234
2026-08-19,ILI incidence,2026-09-06,4,SI,quantile,0.75,0.0013095674942155415
2026-08-19,ILI incidence,2026-09-06,4,SI,quantile,0.8,0.001371935187265368
2026-08-19,ILI incidence,2026-09-06,4,SI,quantile,0.85,0.0014497961216647114
2026-08-19,ILI incidence,2026-09-06,4,SI,quantile,0.9,0.0015484033181403956
2026-08-19,ILI incidence,2026-09-06,4,SI,quantile,0.7,0.0012594357131831154
2026-08-19,ILI incidence,2026-09-06,4,SI,quantile,0.35,9.85557245716943e-4
2026-08-19,ILI incidence,2026-09-06,4,SI,quantile,0.4,0.0010210304931586802
2026-08-19,ILI incidence,2026-09-06,4,SI,quantile,0.45,0.0010559578339015751
2026-08-19,ILI incidence,2026-09-06,4,SI,median,,0.0010956780958574362
