"origin_date","target","target_end_date","horizon","location","output_type","output_type_id","value"
2026-09-09,"ILI incidence",2026-09-06,1,"BE","median","",64.6638856157341
2026-09-09,"ILI incidence",2026-09-06,1,"BE","quantile","0.01",0
2026-09-09,"ILI incidence",2026-09-06,1,"BE","quantile","0.025",0
2026-09-09,"ILI incidence",2026-09-06,1,"BE","quantile","0.05",0
2026-09-09,"ILI incidence",2026-09-06,1,"BE","quantile","0.1",0
2026-09-09,"ILI incidence",2026-09-06,1,"BE","quantile","0.15",0
2026-09-09,"ILI incidence",2026-09-06,1,"BE","quantile","0.2",0
2026-09-09,"ILI incidence",2026-09-06,1,"BE","quantile","0.25",3.81240244469677
2026-09-09,"ILI incidence",2026-09-06,1,"BE","quantile","0.3",17.5502312025024
2026-09-09,"ILI incidence",2026-09-06,1,"BE","quantile","0.35",30.9908591736702
2026-09-09,"ILI incidence",2026-09-06,1,"BE","quantile","0.4",43.1551405356884
2026-09-09,"ILI incidence",2026-09-06,1,"BE","quantile","0.45",53.6818179353533
2026-09-09,"ILI incidence",2026-09-06,1,"BE","quantile","0.5",64.7495746747867
2026-09-09,"ILI incidence",2026-09-06,1,"BE","quantile","0.55",76.3636903275879
2026-09-09,"ILI incidence",2026-09-06,1,"BE","quantile","0.6",88.1684612817675
2026-09-09,"ILI incidence",2026-09-06,1,"BE","quantile","0.65",100.464089431432
2026-09-09,"ILI incidence",2026-09-06,1,"BE","quantile","0.7",113.003994759685
2026-09-09,"ILI incidence",2026-09-06,1,"BE","quantile","0.75",127.380160913285
2026-09-09,"ILI incidence",2026-09-06,1,"BE","quantile","0.8",142.694530656272
2026-09-09,"ILI incidence",2026-09-06,1,"BE","quantile","0.85",160.369984969663
2026-09-09,"ILI incidence",2026-09-06,1,"BE","quantile","0.9",183.553618007656
2026-09-09,"ILI incidence",2026-09-06,1,"BE","quantile","0.95",218.330580172034
2026-09-09,"ILI incidence",2026-09-06,1,"BE","quantile","0.975",250.111414584473
2026-09-09,"ILI incidence",2026-09-06,1,"BE","quantile","0.99",285.236524444779
2026-09-09,"ILI incidence",2026-09-13,2,"BE","median","",90.6677536161407
2026-09-09,"ILI incidence",2026-09-13,2,"BE","quantile","0.01",0
2026-09-09,"ILI incidence",2026-09-13,2,"BE","quantile","0.025",0
2026-09-09,"ILI incidence",2026-09-13,2,"BE","quantile","0.05",0
2026-09-09,"ILI incidence",2026-09-13,2,"BE","quantile","0.1",0
2026-09-09,"ILI incidence",2026-09-13,2,"BE","quantile","0.15",0
2026-09-09,"ILI incidence",2026-09-13,2,"BE","quantile","0.2",0
2026-09-09,"ILI incidence",2026-09-13,2,"BE","quantile","0.25",0
2026-09-09,"ILI incidence",2026-09-13,2,"BE","quantile","0.3",18.4591063893998
2026-09-09,"ILI incidence",2026-09-13,2,"BE","quantile","0.35",38.2332381811492
2026-09-09,"ILI incidence",2026-09-13,2,"BE","quantile","0.4",55.7406922057519
2026-09-09,"ILI incidence",2026-09-13,2,"BE","quantile","0.45",74.4206410121307
2026-09-09,"ILI incidence",2026-09-13,2,"BE","quantile","0.5",91.2240187434757
2026-09-09,"ILI incidence",2026-09-13,2,"BE","quantile","0.55",108.491680368508
2026-09-09,"ILI incidence",2026-09-13,2,"BE","quantile","0.6",126.522914621645
2026-09-09,"ILI incidence",2026-09-13,2,"BE","quantile","0.65",143.930543751023
2026-09-09,"ILI incidence",2026-09-13,2,"BE","quantile","0.7",164.311575023373
2026-09-09,"ILI incidence",2026-09-13,2,"BE","quantile","0.75",185.033798256944
2026-09-09,"ILI incidence",2026-09-13,2,"BE","quantile","0.8",207.909640239573
2026-09-09,"ILI incidence",2026-09-13,2,"BE","quantile","0.85",235.659853162022
2026-09-09,"ILI incidence",2026-09-13,2,"BE","quantile","0.9",269.068159902064
2026-09-09,"ILI incidence",2026-09-13,2,"BE","quantile","0.95",318.587040061797
2026-09-09,"ILI incidence",2026-09-13,2,"BE","quantile","0.975",364.506402834216
2026-09-09,"ILI incidence",2026-09-13,2,"BE","quantile","0.99",413.438631406212
2026-09-09,"ILI incidence",2026-09-20,3,"BE","median","",115.710298069521
2026-09-09,"ILI incidence",2026-09-20,3,"BE","quantile","0.01",0
2026-09-09,"ILI incidence",2026-09-20,3,"BE","quantile","0.025",0
2026-09-09,"ILI incidence",2026-09-20,3,"BE","quantile","0.05",0
2026-09-09,"ILI incidence",2026-09-20,3,"BE","quantile","0.1",0
2026-09-09,"ILI incidence",2026-09-20,3,"BE","quantile","0.15",0
2026-09-09,"ILI incidence",2026-09-20,3,"BE","quantile","0.2",0
2026-09-09,"ILI incidence",2026-09-20,3,"BE","quantile","0.25",0
2026-09-09,"ILI incidence",2026-09-20,3,"BE","quantile","0.3",25.9896935814947
2026-09-09,"ILI incidence",2026-09-20,3,"BE","quantile","0.35",51.4525431294118
2026-09-09,"ILI incidence",2026-09-20,3,"BE","quantile","0.4",72.1926960403133
2026-09-09,"ILI incidence",2026-09-20,3,"BE","quantile","0.45",95.3890772896494
2026-09-09,"ILI incidence",2026-09-20,3,"BE","quantile","0.5",116.08174341595
2026-09-09,"ILI incidence",2026-09-20,3,"BE","quantile","0.55",137.709532700926
2026-09-09,"ILI incidence",2026-09-20,3,"BE","quantile","0.6",161.086806472943
2026-09-09,"ILI incidence",2026-09-20,3,"BE","quantile","0.65",184.882953449978
2026-09-09,"ILI incidence",2026-09-20,3,"BE","quantile","0.7",208.054200059073
2026-09-09,"ILI incidence",2026-09-20,3,"BE","quantile","0.75",234.854116633085
2026-09-09,"ILI incidence",2026-09-20,3,"BE","quantile","0.8",264.294232433489
2026-09-09,"ILI incidence",2026-09-20,3,"BE","quantile","0.85",295.504898834987
2026-09-09,"ILI incidence",2026-09-20,3,"BE","quantile","0.9",336.584466481179
2026-09-09,"ILI incidence",2026-09-20,3,"BE","quantile","0.95",396.122123740259
2026-09-09,"ILI incidence",2026-09-20,3,"BE","quantile","0.975",450.813195701023
2026-09-09,"ILI incidence",2026-09-20,3,"BE","quantile","0.99",516.063824628
2026-09-09,"ILI incidence",2026-09-27,4,"BE","median","",138.520727919926
2026-09-09,"ILI incidence",2026-09-27,4,"BE","quantile","0.01",0
2026-09-09,"ILI incidence",2026-09-27,4,"BE","quantile","0.025",0
2026-09-09,"ILI incidence",2026-09-27,4,"BE","quantile","0.05",0
2026-09-09,"ILI incidence",2026-09-27,4,"BE","quantile","0.1",0
2026-09-09,"ILI incidence",2026-09-27,4,"BE","quantile","0.15",0
2026-09-09,"ILI incidence",2026-09-27,4,"BE","quantile","0.2",0
2026-09-09,"ILI incidence",2026-09-27,4,"BE","quantile","0.25",6.98584988885123
2026-09-09,"ILI incidence",2026-09-27,4,"BE","quantile","0.3",36.550602651194
2026-09-09,"ILI incidence",2026-09-27,4,"BE","quantile","0.35",63.1332488975557
2026-09-09,"ILI incidence",2026-09-27,4,"BE","quantile","0.4",87.9974528702341
2026-09-09,"ILI incidence",2026-09-27,4,"BE","quantile","0.45",116.645550613749
2026-09-09,"ILI incidence",2026-09-27,4,"BE","quantile","0.5",141.892723648187
2026-09-09,"ILI incidence",2026-09-27,4,"BE","quantile","0.55",166.76203739949
2026-09-09,"ILI incidence",2026-09-27,4,"BE","quantile","0.6",190.96077592825
2026-09-09,"ILI incidence",2026-09-27,4,"BE","quantile","0.65",216.544131687599
2026-09-09,"ILI incidence",2026-09-27,4,"BE","quantile","0.7",245.332736440521
2026-09-09,"ILI incidence",2026-09-27,4,"BE","quantile","0.75",274.316383851033
2026-09-09,"ILI incidence",2026-09-27,4,"BE","quantile","0.8",307.034429136361
2026-09-09,"ILI incidence",2026-09-27,4,"BE","quantile","0.85",346.083691377529
2026-09-09,"ILI incidence",2026-09-27,4,"BE","quantile","0.9",392.27140928688
2026-09-09,"ILI incidence",2026-09-27,4,"BE","quantile","0.95",466.262530778274
2026-09-09,"ILI incidence",2026-09-27,4,"BE","quantile","0.975",528.52355200514
2026-09-09,"ILI incidence",2026-09-27,4,"BE","quantile","0.99",596.782532156948
2026-09-09,"ILI incidence",2026-09-06,1,"CH","median","",16.8072306213681
2026-09-09,"ILI incidence",2026-09-06,1,"CH","quantile","0.01",0
2026-09-09,"ILI incidence",2026-09-06,1,"CH","quantile","0.025",0
2026-09-09,"ILI incidence",2026-09-06,1,"CH","quantile","0.05",0
2026-09-09,"ILI incidence",2026-09-06,1,"CH","quantile","0.1",0
2026-09-09,"ILI incidence",2026-09-06,1,"CH","quantile","0.15",0
2026-09-09,"ILI incidence",2026-09-06,1,"CH","quantile","0.2",0
2026-09-09,"ILI incidence",2026-09-06,1,"CH","quantile","0.25",2.38676445465068
2026-09-09,"ILI incidence",2026-09-06,1,"CH","quantile","0.3",5.4489588966201
2026-09-09,"ILI incidence",2026-09-06,1,"CH","quantile","0.35",8.71348602297604
2026-09-09,"ILI incidence",2026-09-06,1,"CH","quantile","0.4",11.4491459528498
2026-09-09,"ILI incidence",2026-09-06,1,"CH","quantile","0.45",14.1945166139378
2026-09-09,"ILI incidence",2026-09-06,1,"CH","quantile","0.5",16.8447031123358
2026-09-09,"ILI incidence",2026-09-06,1,"CH","quantile","0.55",19.4927760316949
2026-09-09,"ILI incidence",2026-09-06,1,"CH","quantile","0.6",22.158443074026
2026-09-09,"ILI incidence",2026-09-06,1,"CH","quantile","0.65",24.8583798300544
2026-09-09,"ILI incidence",2026-09-06,1,"CH","quantile","0.7",27.8262479137288
2026-09-09,"ILI incidence",2026-09-06,1,"CH","quantile","0.75",31.1127911532358
2026-09-09,"ILI incidence",2026-09-06,1,"CH","quantile","0.8",34.5907688594736
2026-09-09,"ILI incidence",2026-09-06,1,"CH","quantile","0.85",38.6507586507804
2026-09-09,"ILI incidence",2026-09-06,1,"CH","quantile","0.9",43.7297999764243
2026-09-09,"ILI incidence",2026-09-06,1,"CH","quantile","0.95",51.5349773990536
2026-09-09,"ILI incidence",2026-09-06,1,"CH","quantile","0.975",58.1715291200334
2026-09-09,"ILI incidence",2026-09-06,1,"CH","quantile","0.99",65.9277666102521
2026-09-09,"ILI incidence",2026-09-13,2,"CH","median","",16.8863013479639
2026-09-09,"ILI incidence",2026-09-13,2,"CH","quantile","0.01",0
2026-09-09,"ILI incidence",2026-09-13,2,"CH","quantile","0.025",0
2026-09-09,"ILI incidence",2026-09-13,2,"CH","quantile","0.05",0
2026-09-09,"ILI incidence",2026-09-13,2,"CH","quantile","0.1",0
2026-09-09,"ILI incidence",2026-09-13,2,"CH","quantile","0.15",0
2026-09-09,"ILI incidence",2026-09-13,2,"CH","quantile","0.2",0
2026-09-09,"ILI incidence",2026-09-13,2,"CH","quantile","0.25",0
2026-09-09,"ILI incidence",2026-09-13,2,"CH","quantile","0.3",0.469072337261692
2026-09-09,"ILI incidence",2026-09-13,2,"CH","quantile","0.35",4.89840887837333
2026-09-09,"ILI incidence",2026-09-13,2,"CH","quantile","0.4",9.13030488721694
2026-09-09,"ILI incidence",2026-09-13,2,"CH","quantile","0.45",13.0946532523984
2026-09-09,"ILI incidence",2026-09-13,2,"CH","quantile","0.5",17.2048778199488
2026-09-09,"ILI incidence",2026-09-13,2,"CH","quantile","0.55",21.0755635347425
2026-09-09,"ILI incidence",2026-09-13,2,"CH","quantile","0.6",25.3661029303731
2026-09-09,"ILI incidence",2026-09-13,2,"CH","quantile","0.65",29.2943485519656
2026-09-09,"ILI incidence",2026-09-13,2,"CH","quantile","0.7",33.8915374359482
2026-09-09,"ILI incidence",2026-09-13,2,"CH","quantile","0.75",38.4763204924458
2026-09-09,"ILI incidence",2026-09-13,2,"CH","quantile","0.8",43.8500536061478
2026-09-09,"ILI incidence",2026-09-13,2,"CH","quantile","0.85",50.0558704676284
2026-09-09,"ILI incidence",2026-09-13,2,"CH","quantile","0.9",57.3726468668424
2026-09-09,"ILI incidence",2026-09-13,2,"CH","quantile","0.95",68.2738041058786
2026-09-09,"ILI incidence",2026-09-13,2,"CH","quantile","0.975",79.1885839974756
2026-09-09,"ILI incidence",2026-09-13,2,"CH","quantile","0.99",89.1292356246723
2026-09-09,"ILI incidence",2026-09-20,3,"CH","median","",16.9791112870265
2026-09-09,"ILI incidence",2026-09-20,3,"CH","quantile","0.01",0
2026-09-09,"ILI incidence",2026-09-20,3,"CH","quantile","0.025",0
2026-09-09,"ILI incidence",2026-09-20,3,"CH","quantile","0.05",0
2026-09-09,"ILI incidence",2026-09-20,3,"CH","quantile","0.1",0
2026-09-09,"ILI incidence",2026-09-20,3,"CH","quantile","0.15",0
2026-09-09,"ILI incidence",2026-09-20,3,"CH","quantile","0.2",0
2026-09-09,"ILI incidence",2026-09-20,3,"CH","quantile","0.25",0
2026-09-09,"ILI incidence",2026-09-20,3,"CH","quantile","0.3",0
2026-09-09,"ILI incidence",2026-09-20,3,"CH","quantile","0.35",1.54439520502436
2026-09-09,"ILI incidence",2026-09-20,3,"CH","quantile","0.4",6.73305808696582
2026-09-09,"ILI incidence",2026-09-20,3,"CH","quantile","0.45",11.9265302579504
2026-09-09,"ILI incidence",2026-09-20,3,"CH","quantile","0.5",17.1362920319301
2026-09-09,"ILI incidence",2026-09-20,3,"CH","quantile","0.55",21.8932744294089
2026-09-09,"ILI incidence",2026-09-20,3,"CH","quantile","0.6",27.1851624375089
2026-09-09,"ILI incidence",2026-09-20,3,"CH","quantile","0.65",32.4830718892893
2026-09-09,"ILI incidence",2026-09-20,3,"CH","quantile","0.7",38.4073620842507
2026-09-09,"ILI incidence",2026-09-20,3,"CH","quantile","0.75",45.0248311037775
2026-09-09,"ILI incidence",2026-09-20,3,"CH","quantile","0.8",51.3750606703695
2026-09-09,"ILI incidence",2026-09-20,3,"CH","quantile","0.85",59.203731660571
2026-09-09,"ILI incidence",2026-09-20,3,"CH","quantile","0.9",68.7313052321777
2026-09-09,"ILI incidence",2026-09-20,3,"CH","quantile","0.95",85.3824364969567
2026-09-09,"ILI incidence",2026-09-20,3,"CH","quantile","0.975",98.4736019280127
2026-09-09,"ILI incidence",2026-09-20,3,"CH","quantile","0.99",113.283508593769
2026-09-09,"ILI incidence",2026-09-27,4,"CH","median","",16.9966124071446
2026-09-09,"ILI incidence",2026-09-27,4,"CH","quantile","0.01",0
2026-09-09,"ILI incidence",2026-09-27,4,"CH","quantile","0.025",0
2026-09-09,"ILI incidence",2026-09-27,4,"CH","quantile","0.05",0
2026-09-09,"ILI incidence",2026-09-27,4,"CH","quantile","0.1",0
2026-09-09,"ILI incidence",2026-09-27,4,"CH","quantile","0.15",0
2026-09-09,"ILI incidence",2026-09-27,4,"CH","quantile","0.2",0
2026-09-09,"ILI incidence",2026-09-27,4,"CH","quantile","0.25",0
2026-09-09,"ILI incidence",2026-09-27,4,"CH","quantile","0.3",0
2026-09-09,"ILI incidence",2026-09-27,4,"CH","quantile","0.35",0
2026-09-09,"ILI incidence",2026-09-27,4,"CH","quantile","0.4",4.69188115876446
2026-09-09,"ILI incidence",2026-09-27,4,"CH","quantile","0.45",10.728555096229
2026-09-09,"ILI incidence",2026-09-27,4,"CH","quantile","0.5",16.2921327401239
2026-09-09,"ILI incidence",2026-09-27,4,"CH","quantile","0.55",22.8144120239113
2026-09-09,"ILI incidence",2026-09-27,4,"CH","quantile","0.6",29.098909348363
2026-09-09,"ILI incidence",2026-09-27,4,"CH","quantile","0.65",35.2390040112804
2026-09-09,"ILI incidence",2026-09-27,4,"CH","quantile","0.7",42.1858439192579
2026-09-09,"ILI incidence",2026-09-27,4,"CH","quantile","0.75",49.2936815043441
2026-09-09,"ILI incidence",2026-09-27,4,"CH","quantile","0.8",57.433539577091
2026-09-09,"ILI incidence",2026-09-27,4,"CH","quantile","0.85",67.3959900991482
2026-09-09,"ILI incidence",2026-09-27,4,"CH","quantile","0.9",79.6166788066693
2026-09-09,"ILI incidence",2026-09-27,4,"CH","quantile","0.95",97.5189364337226
2026-09-09,"ILI incidence",2026-09-27,4,"CH","quantile","0.975",113.154630897624
2026-09-09,"ILI incidence",2026-09-27,4,"CH","quantile","0.99",130.239154512223
2026-09-09,"ILI incidence",2026-09-06,1,"DK","median","",80.1008758087542
2026-09-09,"ILI incidence",2026-09-06,1,"DK","quantile","0.01",18.7260671906347
2026-09-09,"ILI incidence",2026-09-06,1,"DK","quantile","0.025",28.742685557802
2026-09-09,"ILI incidence",2026-09-06,1,"DK","quantile","0.05",38.1766388950659
2026-09-09,"ILI incidence",2026-09-06,1,"DK","quantile","0.1",47.331924024668
2026-09-09,"ILI incidence",2026-09-06,1,"DK","quantile","0.15",53.4543520014142
2026-09-09,"ILI incidence",2026-09-06,1,"DK","quantile","0.2",58.1946909332523
2026-09-09,"ILI incidence",2026-09-06,1,"DK","quantile","0.25",62.7261739936849
2026-09-09,"ILI incidence",2026-09-06,1,"DK","quantile","0.3",66.6687567928267
2026-09-09,"ILI incidence",2026-09-06,1,"DK","quantile","0.35",70.3210637160014
2026-09-09,"ILI incidence",2026-09-06,1,"DK","quantile","0.4",73.6430223242363
2026-09-09,"ILI incidence",2026-09-06,1,"DK","quantile","0.45",76.9525535695724
2026-09-09,"ILI incidence",2026-09-06,1,"DK","quantile","0.5",80.0957674171251
2026-09-09,"ILI incidence",2026-09-06,1,"DK","quantile","0.55",83.4671486016605
2026-09-09,"ILI incidence",2026-09-06,1,"DK","quantile","0.6",87.2209037980931
2026-09-09,"ILI incidence",2026-09-06,1,"DK","quantile","0.65",90.571681104281
2026-09-09,"ILI incidence",2026-09-06,1,"DK","quantile","0.7",94.1190615310529
2026-09-09,"ILI incidence",2026-09-06,1,"DK","quantile","0.75",97.9581705089394
2026-09-09,"ILI incidence",2026-09-06,1,"DK","quantile","0.8",102.243391579454
2026-09-09,"ILI incidence",2026-09-06,1,"DK","quantile","0.85",107.224674237481
2026-09-09,"ILI incidence",2026-09-06,1,"DK","quantile","0.9",114.05442328989
2026-09-09,"ILI incidence",2026-09-06,1,"DK","quantile","0.95",123.112593820839
2026-09-09,"ILI incidence",2026-09-06,1,"DK","quantile","0.975",130.433059696923
2026-09-09,"ILI incidence",2026-09-06,1,"DK","quantile","0.99",139.861433203642
2026-09-09,"ILI incidence",2026-09-13,2,"DK","median","",87.1976342428572
2026-09-09,"ILI incidence",2026-09-13,2,"DK","quantile","0.01",16.1730951176936
2026-09-09,"ILI incidence",2026-09-13,2,"DK","quantile","0.025",25.817943681608
2026-09-09,"ILI incidence",2026-09-13,2,"DK","quantile","0.05",35.0914487237245
2026-09-09,"ILI incidence",2026-09-13,2,"DK","quantile","0.1",46.9178977863702
2026-09-09,"ILI incidence",2026-09-13,2,"DK","quantile","0.15",54.7904396304288
2026-09-09,"ILI incidence",2026-09-13,2,"DK","quantile","0.2",60.7430069960246
2026-09-09,"ILI incidence",2026-09-13,2,"DK","quantile","0.25",66.2055208495255
2026-09-09,"ILI incidence",2026-09-13,2,"DK","quantile","0.3",70.8260318571573
2026-09-09,"ILI incidence",2026-09-13,2,"DK","quantile","0.35",75.0892987124537
2026-09-09,"ILI incidence",2026-09-13,2,"DK","quantile","0.4",79.3272151676937
2026-09-09,"ILI incidence",2026-09-13,2,"DK","quantile","0.45",83.4092544004907
2026-09-09,"ILI incidence",2026-09-13,2,"DK","quantile","0.5",87.4656874162849
2026-09-09,"ILI incidence",2026-09-13,2,"DK","quantile","0.55",91.425830297205
2026-09-09,"ILI incidence",2026-09-13,2,"DK","quantile","0.6",95.3124577169869
2026-09-09,"ILI incidence",2026-09-13,2,"DK","quantile","0.65",99.5217935582052
2026-09-09,"ILI incidence",2026-09-13,2,"DK","quantile","0.7",103.693406924292
2026-09-09,"ILI incidence",2026-09-13,2,"DK","quantile","0.75",108.206491100033
2026-09-09,"ILI incidence",2026-09-13,2,"DK","quantile","0.8",113.488430529437
2026-09-09,"ILI incidence",2026-09-13,2,"DK","quantile","0.85",119.339348771434
2026-09-09,"ILI incidence",2026-09-13,2,"DK","quantile","0.9",127.145493416288
2026-09-09,"ILI incidence",2026-09-13,2,"DK","quantile","0.95",138.276507057136
2026-09-09,"ILI incidence",2026-09-13,2,"DK","quantile","0.975",147.536652106193
2026-09-09,"ILI incidence",2026-09-13,2,"DK","quantile","0.99",158.07617200532
2026-09-09,"ILI incidence",2026-09-20,3,"DK","median","",87.2014862529488
2026-09-09,"ILI incidence",2026-09-20,3,"DK","quantile","0.01",5.54211350742824
2026-09-09,"ILI incidence",2026-09-20,3,"DK","quantile","0.025",18.0753518482585
2026-09-09,"ILI incidence",2026-09-20,3,"DK","quantile","0.05",29.5123587322121
2026-09-09,"ILI incidence",2026-09-20,3,"DK","quantile","0.1",42.9616944029263
2026-09-09,"ILI incidence",2026-09-20,3,"DK","quantile","0.15",51.5729732184678
2026-09-09,"ILI incidence",2026-09-20,3,"DK","quantile","0.2",58.1961984130885
2026-09-09,"ILI incidence",2026-09-20,3,"DK","quantile","0.25",63.7275038032792
2026-09-09,"ILI incidence",2026-09-20,3,"DK","quantile","0.3",69.0370807184406
2026-09-09,"ILI incidence",2026-09-20,3,"DK","quantile","0.35",73.7377953576422
2026-09-09,"ILI incidence",2026-09-20,3,"DK","quantile","0.4",78.5159979736536
2026-09-09,"ILI incidence",2026-09-20,3,"DK","quantile","0.45",83.1890758007668
2026-09-09,"ILI incidence",2026-09-20,3,"DK","quantile","0.5",87.8183411631919
2026-09-09,"ILI incidence",2026-09-20,3,"DK","quantile","0.55",91.7470638781607
2026-09-09,"ILI incidence",2026-09-20,3,"DK","quantile","0.6",96.2252656681733
2026-09-09,"ILI incidence",2026-09-20,3,"DK","quantile","0.65",100.990152848277
2026-09-09,"ILI incidence",2026-09-20,3,"DK","quantile","0.7",106.081675896334
2026-09-09,"ILI incidence",2026-09-20,3,"DK","quantile","0.75",110.959096253524
2026-09-09,"ILI incidence",2026-09-20,3,"DK","quantile","0.8",116.537830798201
2026-09-09,"ILI incidence",2026-09-20,3,"DK","quantile","0.85",123.553862404567
2026-09-09,"ILI incidence",2026-09-20,3,"DK","quantile","0.9",132.029771403264
2026-09-09,"ILI incidence",2026-09-20,3,"DK","quantile","0.95",145.932880649108
2026-09-09,"ILI incidence",2026-09-20,3,"DK","quantile","0.975",157.039881344414
2026-09-09,"ILI incidence",2026-09-20,3,"DK","quantile","0.99",169.405414661248
2026-09-09,"ILI incidence",2026-09-27,4,"DK","median","",93.4264332541798
2026-09-09,"ILI incidence",2026-09-27,4,"DK","quantile","0.01",6.45473648666038
2026-09-09,"ILI incidence",2026-09-27,4,"DK","quantile","0.025",20.2890352914421
2026-09-09,"ILI incidence",2026-09-27,4,"DK","quantile","0.05",32.6793603259814
2026-09-09,"ILI incidence",2026-09-27,4,"DK","quantile","0.1",45.7145617823786
2026-09-09,"ILI incidence",2026-09-27,4,"DK","quantile","0.15",55.1992860283548
2026-09-09,"ILI incidence",2026-09-27,4,"DK","quantile","0.2",62.5390690634822
2026-09-09,"ILI incidence",2026-09-27,4,"DK","quantile","0.25",68.6431820325745
2026-09-09,"ILI incidence",2026-09-27,4,"DK","quantile","0.3",74.0237490573121
2026-09-09,"ILI incidence",2026-09-27,4,"DK","quantile","0.35",79.1743060771555
2026-09-09,"ILI incidence",2026-09-27,4,"DK","quantile","0.4",83.5895653372873
2026-09-09,"ILI incidence",2026-09-27,4,"DK","quantile","0.45",88.3109337854102
2026-09-09,"ILI incidence",2026-09-27,4,"DK","quantile","0.5",93.3118675896837
2026-09-09,"ILI incidence",2026-09-27,4,"DK","quantile","0.55",98.2940074224053
2026-09-09,"ILI incidence",2026-09-27,4,"DK","quantile","0.6",102.88124788167
2026-09-09,"ILI incidence",2026-09-27,4,"DK","quantile","0.65",107.87626921609
2026-09-09,"ILI incidence",2026-09-27,4,"DK","quantile","0.7",113.769011605666
2026-09-09,"ILI incidence",2026-09-27,4,"DK","quantile","0.75",119.446506889469
2026-09-09,"ILI incidence",2026-09-27,4,"DK","quantile","0.8",125.575903525726
2026-09-09,"ILI incidence",2026-09-27,4,"DK","quantile","0.85",132.758687440377
2026-09-09,"ILI incidence",2026-09-27,4,"DK","quantile","0.9",141.951225147875
2026-09-09,"ILI incidence",2026-09-27,4,"DK","quantile","0.95",155.423098815054
2026-09-09,"ILI incidence",2026-09-27,4,"DK","quantile","0.975",167.369493786202
2026-09-09,"ILI incidence",2026-09-27,4,"DK","quantile","0.99",181.190595059426
2026-09-09,"ILI incidence",2026-09-06,1,"ES","median","",10.955175143903
2026-09-09,"ILI incidence",2026-09-06,1,"ES","quantile","0.01",0
2026-09-09,"ILI incidence",2026-09-06,1,"ES","quantile","0.025",0
2026-09-09,"ILI incidence",2026-09-06,1,"ES","quantile","0.05",0
2026-09-09,"ILI incidence",2026-09-06,1,"ES","quantile","0.1",0
2026-09-09,"ILI incidence",2026-09-06,1,"ES","quantile","0.15",1.2942622448506
2026-09-09,"ILI incidence",2026-09-06,1,"ES","quantile","0.2",3.1268444286321
2026-09-09,"ILI incidence",2026-09-06,1,"ES","quantile","0.25",4.70143155065568
2026-09-09,"ILI incidence",2026-09-06,1,"ES","quantile","0.3",5.985891338945
2026-09-09,"ILI incidence",2026-09-06,1,"ES","quantile","0.35",7.23326728679756
2026-09-09,"ILI incidence",2026-09-06,1,"ES","quantile","0.4",8.4344933517885
2026-09-09,"ILI incidence",2026-09-06,1,"ES","quantile","0.45",9.68206387379864
2026-09-09,"ILI incidence",2026-09-06,1,"ES","quantile","0.5",10.7913158111079
2026-09-09,"ILI incidence",2026-09-06,1,"ES","quantile","0.55",12.0417005917624
2026-09-09,"ILI incidence",2026-09-06,1,"ES","quantile","0.6",13.1804933237849
2026-09-09,"ILI incidence",2026-09-06,1,"ES","quantile","0.65",14.3833068251231
2026-09-09,"ILI incidence",2026-09-06,1,"ES","quantile","0.7",15.7477068047113
2026-09-09,"ILI incidence",2026-09-06,1,"ES","quantile","0.75",17.0886798687801
2026-09-09,"ILI incidence",2026-09-06,1,"ES","quantile","0.8",18.5157532882816
2026-09-09,"ILI incidence",2026-09-06,1,"ES","quantile","0.85",20.2186521540501
2026-09-09,"ILI incidence",2026-09-06,1,"ES","quantile","0.9",22.5159987923509
2026-09-09,"ILI incidence",2026-09-06,1,"ES","quantile","0.95",25.6181382929606
2026-09-09,"ILI incidence",2026-09-06,1,"ES","quantile","0.975",28.4894224981054
2026-09-09,"ILI incidence",2026-09-06,1,"ES","quantile","0.99",31.4536220134265
2026-09-09,"ILI incidence",2026-09-13,2,"ES","median","",12.4091715188293
2026-09-09,"ILI incidence",2026-09-13,2,"ES","quantile","0.01",0
2026-09-09,"ILI incidence",2026-09-13,2,"ES","quantile","0.025",0
2026-09-09,"ILI incidence",2026-09-13,2,"ES","quantile","0.05",0
2026-09-09,"ILI incidence",2026-09-13,2,"ES","quantile","0.1",0
2026-09-09,"ILI incidence",2026-09-13,2,"ES","quantile","0.15",0
2026-09-09,"ILI incidence",2026-09-13,2,"ES","quantile","0.2",0
2026-09-09,"ILI incidence",2026-09-13,2,"ES","quantile","0.25",1.48257198698159
2026-09-09,"ILI incidence",2026-09-13,2,"ES","quantile","0.3",3.80053185729012
2026-09-09,"ILI incidence",2026-09-13,2,"ES","quantile","0.35",5.98140820125757
2026-09-09,"ILI incidence",2026-09-13,2,"ES","quantile","0.4",8.12063493676501
2026-09-09,"ILI incidence",2026-09-13,2,"ES","quantile","0.45",10.1444446827991
2026-09-09,"ILI incidence",2026-09-13,2,"ES","quantile","0.5",12.1785847403999
2026-09-09,"ILI incidence",2026-09-13,2,"ES","quantile","0.55",14.3208676034431
2026-09-09,"ILI incidence",2026-09-13,2,"ES","quantile","0.6",16.2919314494424
2026-09-09,"ILI incidence",2026-09-13,2,"ES","quantile","0.65",18.454859671931
2026-09-09,"ILI incidence",2026-09-13,2,"ES","quantile","0.7",20.5012725900686
2026-09-09,"ILI incidence",2026-09-13,2,"ES","quantile","0.75",23.0128786301959
2026-09-09,"ILI incidence",2026-09-13,2,"ES","quantile","0.8",25.8534825246542
2026-09-09,"ILI incidence",2026-09-13,2,"ES","quantile","0.85",28.9881685942639
2026-09-09,"ILI incidence",2026-09-13,2,"ES","quantile","0.9",33.1964325618613
2026-09-09,"ILI incidence",2026-09-13,2,"ES","quantile","0.95",38.6139811211503
2026-09-09,"ILI incidence",2026-09-13,2,"ES","quantile","0.975",43.5899918140688
2026-09-09,"ILI incidence",2026-09-13,2,"ES","quantile","0.99",49.8628226019574
2026-09-09,"ILI incidence",2026-09-20,3,"ES","median","",13.8515770885514
2026-09-09,"ILI incidence",2026-09-20,3,"ES","quantile","0.01",0
2026-09-09,"ILI incidence",2026-09-20,3,"ES","quantile","0.025",0
2026-09-09,"ILI incidence",2026-09-20,3,"ES","quantile","0.05",0
2026-09-09,"ILI incidence",2026-09-20,3,"ES","quantile","0.1",0
2026-09-09,"ILI incidence",2026-09-20,3,"ES","quantile","0.15",0
2026-09-09,"ILI incidence",2026-09-20,3,"ES","quantile","0.2",0
2026-09-09,"ILI incidence",2026-09-20,3,"ES","quantile","0.25",0
2026-09-09,"ILI incidence",2026-09-20,3,"ES","quantile","0.3",1.40178637389945
2026-09-09,"ILI incidence",2026-09-20,3,"ES","quantile","0.35",4.7630652959427
2026-09-09,"ILI incidence",2026-09-20,3,"ES","quantile","0.4",7.75600866498313
2026-09-09,"ILI incidence",2026-09-20,3,"ES","quantile","0.45",10.7740263582845
2026-09-09,"ILI incidence",2026-09-20,3,"ES","quantile","0.5",13.4086750837198
2026-09-09,"ILI incidence",2026-09-20,3,"ES","quantile","0.55",16.2166785288332
2026-09-09,"ILI incidence",2026-09-20,3,"ES","quantile","0.6",19.0446242753974
2026-09-09,"ILI incidence",2026-09-20,3,"ES","quantile","0.65",22.1790642967046
2026-09-09,"ILI incidence",2026-09-20,3,"ES","quantile","0.7",25.522111733019
2026-09-09,"ILI incidence",2026-09-20,3,"ES","quantile","0.75",29.022286950973
2026-09-09,"ILI incidence",2026-09-20,3,"ES","quantile","0.8",32.7127446201917
2026-09-09,"ILI incidence",2026-09-20,3,"ES","quantile","0.85",37.0332438274619
2026-09-09,"ILI incidence",2026-09-20,3,"ES","quantile","0.9",42.8458488810355
2026-09-09,"ILI incidence",2026-09-20,3,"ES","quantile","0.95",51.0117473570239
2026-09-09,"ILI incidence",2026-09-20,3,"ES","quantile","0.975",57.2833116458899
2026-09-09,"ILI incidence",2026-09-20,3,"ES","quantile","0.99",64.984225790484
2026-09-09,"ILI incidence",2026-09-27,4,"ES","median","",15.0258432005009
2026-09-09,"ILI incidence",2026-09-27,4,"ES","quantile","0.01",0
2026-09-09,"ILI incidence",2026-09-27,4,"ES","quantile","0.025",0
2026-09-09,"ILI incidence",2026-09-27,4,"ES","quantile","0.05",0
2026-09-09,"ILI incidence",2026-09-27,4,"ES","quantile","0.1",0
2026-09-09,"ILI incidence",2026-09-27,4,"ES","quantile","0.15",0
2026-09-09,"ILI incidence",2026-09-27,4,"ES","quantile","0.2",0
2026-09-09,"ILI incidence",2026-09-27,4,"ES","quantile","0.25",0
2026-09-09,"ILI incidence",2026-09-27,4,"ES","quantile","0.3",0.821699200945137
2026-09-09,"ILI incidence",2026-09-27,4,"ES","quantile","0.35",4.63692485634508
2026-09-09,"ILI incidence",2026-09-27,4,"ES","quantile","0.4",8.19261977408072
2026-09-09,"ILI incidence",2026-09-27,4,"ES","quantile","0.45",11.6283918761755
2026-09-09,"ILI incidence",2026-09-27,4,"ES","quantile","0.5",14.8151430909901
2026-09-09,"ILI incidence",2026-09-27,4,"ES","quantile","0.55",18.110460523733
2026-09-09,"ILI incidence",2026-09-27,4,"ES","quantile","0.6",21.4787646488155
2026-09-09,"ILI incidence",2026-09-27,4,"ES","quantile","0.65",25.0223690513108
2026-09-09,"ILI incidence",2026-09-27,4,"ES","quantile","0.7",28.641202408
2026-09-09,"ILI incidence",2026-09-27,4,"ES","quantile","0.75",32.4408193843354
2026-09-09,"ILI incidence",2026-09-27,4,"ES","quantile","0.8",36.6613551039245
2026-09-09,"ILI incidence",2026-09-27,4,"ES","quantile","0.85",41.7858750675063
2026-09-09,"ILI incidence",2026-09-27,4,"ES","quantile","0.9",48.2144682147334
2026-09-09,"ILI incidence",2026-09-27,4,"ES","quantile","0.95",57.4059019850787
2026-09-09,"ILI incidence",2026-09-27,4,"ES","quantile","0.975",65.0145890366058
2026-09-09,"ILI incidence",2026-09-27,4,"ES","quantile","0.99",74.8232222314201
2026-09-09,"ILI incidence",2026-09-06,1,"GR","median","",303.953220408424
2026-09-09,"ILI incidence",2026-09-06,1,"GR","quantile","0.01",0
2026-09-09,"ILI incidence",2026-09-06,1,"GR","quantile","0.025",0
2026-09-09,"ILI incidence",2026-09-06,1,"GR","quantile","0.05",27.8169026970484
2026-09-09,"ILI incidence",2026-09-06,1,"GR","quantile","0.1",88.2569795394918
2026-09-09,"ILI incidence",2026-09-06,1,"GR","quantile","0.15",128.560240207652
2026-09-09,"ILI incidence",2026-09-06,1,"GR","quantile","0.2",162.037206187019
2026-09-09,"ILI incidence",2026-09-06,1,"GR","quantile","0.25",191.964565957048
2026-09-09,"ILI incidence",2026-09-06,1,"GR","quantile","0.3",215.478406776556
2026-09-09,"ILI incidence",2026-09-06,1,"GR","quantile","0.35",239.302916997566
2026-09-09,"ILI incidence",2026-09-06,1,"GR","quantile","0.4",261.241155109352
2026-09-09,"ILI incidence",2026-09-06,1,"GR","quantile","0.45",283.152929486997
2026-09-09,"ILI incidence",2026-09-06,1,"GR","quantile","0.5",305.220550011555
2026-09-09,"ILI incidence",2026-09-06,1,"GR","quantile","0.55",327.385847219526
2026-09-09,"ILI incidence",2026-09-06,1,"GR","quantile","0.6",349.917825613551
2026-09-09,"ILI incidence",2026-09-06,1,"GR","quantile","0.65",373.999172090146
2026-09-09,"ILI incidence",2026-09-06,1,"GR","quantile","0.7",397.408293089918
2026-09-09,"ILI incidence",2026-09-06,1,"GR","quantile","0.75",423.671630068456
2026-09-09,"ILI incidence",2026-09-06,1,"GR","quantile","0.8",452.91011846508
2026-09-09,"ILI incidence",2026-09-06,1,"GR","quantile","0.85",486.113902818027
2026-09-09,"ILI incidence",2026-09-06,1,"GR","quantile","0.9",528.093385131555
2026-09-09,"ILI incidence",2026-09-06,1,"GR","quantile","0.95",589.256980016197
2026-09-09,"ILI incidence",2026-09-06,1,"GR","quantile","0.975",639.670849136212
2026-09-09,"ILI incidence",2026-09-06,1,"GR","quantile","0.99",703.652068030909
2026-09-09,"ILI incidence",2026-09-13,2,"GR","median","",335.618298136105
2026-09-09,"ILI incidence",2026-09-13,2,"GR","quantile","0.01",0
2026-09-09,"ILI incidence",2026-09-13,2,"GR","quantile","0.025",0
2026-09-09,"ILI incidence",2026-09-13,2,"GR","quantile","0.05",0
2026-09-09,"ILI incidence",2026-09-13,2,"GR","quantile","0.1",42.4238523783893
2026-09-09,"ILI incidence",2026-09-13,2,"GR","quantile","0.15",101.517079817307
2026-09-09,"ILI incidence",2026-09-13,2,"GR","quantile","0.2",144.179661342557
2026-09-09,"ILI incidence",2026-09-13,2,"GR","quantile","0.25",179.932997442738
2026-09-09,"ILI incidence",2026-09-13,2,"GR","quantile","0.3",212.520086158133
2026-09-09,"ILI incidence",2026-09-13,2,"GR","quantile","0.35",244.464827030774
2026-09-09,"ILI incidence",2026-09-13,2,"GR","quantile","0.4",275.410697007327
2026-09-09,"ILI incidence",2026-09-13,2,"GR","quantile","0.45",304.420525171562
2026-09-09,"ILI incidence",2026-09-13,2,"GR","quantile","0.5",334.483652734152
2026-09-09,"ILI incidence",2026-09-13,2,"GR","quantile","0.55",363.530331270631
2026-09-09,"ILI incidence",2026-09-13,2,"GR","quantile","0.6",393.829632593368
2026-09-09,"ILI incidence",2026-09-13,2,"GR","quantile","0.65",423.281829228737
2026-09-09,"ILI incidence",2026-09-13,2,"GR","quantile","0.7",455.580860719716
2026-09-09,"ILI incidence",2026-09-13,2,"GR","quantile","0.75",491.197995087274
2026-09-09,"ILI incidence",2026-09-13,2,"GR","quantile","0.8",530.357965717418
2026-09-09,"ILI incidence",2026-09-13,2,"GR","quantile","0.85",579.436922571617
2026-09-09,"ILI incidence",2026-09-13,2,"GR","quantile","0.9",635.818326045509
2026-09-09,"ILI incidence",2026-09-13,2,"GR","quantile","0.95",712.314948926835
2026-09-09,"ILI incidence",2026-09-13,2,"GR","quantile","0.975",791.717687552317
2026-09-09,"ILI incidence",2026-09-13,2,"GR","quantile","0.99",873.763091053155
2026-09-09,"ILI incidence",2026-09-20,3,"GR","median","",364.304557536067
2026-09-09,"ILI incidence",2026-09-20,3,"GR","quantile","0.01",0
2026-09-09,"ILI incidence",2026-09-20,3,"GR","quantile","0.025",0
2026-09-09,"ILI incidence",2026-09-20,3,"GR","quantile","0.05",0
2026-09-09,"ILI incidence",2026-09-20,3,"GR","quantile","0.1",18.8553330399107
2026-09-09,"ILI incidence",2026-09-20,3,"GR","quantile","0.15",81.1614236460695
2026-09-09,"ILI incidence",2026-09-20,3,"GR","quantile","0.2",136.876244315099
2026-09-09,"ILI incidence",2026-09-20,3,"GR","quantile","0.25",180.05623366297
2026-09-09,"ILI incidence",2026-09-20,3,"GR","quantile","0.3",221.070763727229
2026-09-09,"ILI incidence",2026-09-20,3,"GR","quantile","0.35",258.101566002611
2026-09-09,"ILI incidence",2026-09-20,3,"GR","quantile","0.4",294.750248092718
2026-09-09,"ILI incidence",2026-09-20,3,"GR","quantile","0.45",331.856702488137
2026-09-09,"ILI incidence",2026-09-20,3,"GR","quantile","0.5",364.47736509846
2026-09-09,"ILI incidence",2026-09-20,3,"GR","quantile","0.55",399.008702439729
2026-09-09,"ILI incidence",2026-09-20,3,"GR","quantile","0.6",436.199497863975
2026-09-09,"ILI incidence",2026-09-20,3,"GR","quantile","0.65",471.346327769904
2026-09-09,"ILI incidence",2026-09-20,3,"GR","quantile","0.7",507.302832951793
2026-09-09,"ILI incidence",2026-09-20,3,"GR","quantile","0.75",546.115162453831
2026-09-09,"ILI incidence",2026-09-20,3,"GR","quantile","0.8",591.619053475121
2026-09-09,"ILI incidence",2026-09-20,3,"GR","quantile","0.85",646.252716349677
2026-09-09,"ILI incidence",2026-09-20,3,"GR","quantile","0.9",710.665418758835
2026-09-09,"ILI incidence",2026-09-20,3,"GR","quantile","0.95",803.068507952678
2026-09-09,"ILI incidence",2026-09-20,3,"GR","quantile","0.975",888.310993002897
2026-09-09,"ILI incidence",2026-09-20,3,"GR","quantile","0.99",985.625102345275
2026-09-09,"ILI incidence",2026-09-27,4,"GR","median","",390.292223994328
2026-09-09,"ILI incidence",2026-09-27,4,"GR","quantile","0.01",0
2026-09-09,"ILI incidence",2026-09-27,4,"GR","quantile","0.025",0
2026-09-09,"ILI incidence",2026-09-27,4,"GR","quantile","0.05",0
2026-09-09,"ILI incidence",2026-09-27,4,"GR","quantile","0.1",3.15187370641531
2026-09-09,"ILI incidence",2026-09-27,4,"GR","quantile","0.15",74.6857397341424
2026-09-09,"ILI incidence",2026-09-27,4,"GR","quantile","0.2",136.349621450249
2026-09-09,"ILI incidence",2026-09-27,4,"GR","quantile","0.25",182.764210272916
2026-09-09,"ILI incidence",2026-09-27,4,"GR","quantile","0.3",229.516041827307
2026-09-09,"ILI incidence",2026-09-27,4,"GR","quantile","0.35",268.637601545003
2026-09-09,"ILI incidence",2026-09-27,4,"GR","quantile","0.4",308.138870464962
2026-09-09,"ILI incidence",2026-09-27,4,"GR","quantile","0.45",347.833127524852
2026-09-09,"ILI incidence",2026-09-27,4,"GR","quantile","0.5",386.521444420512
2026-09-09,"ILI incidence",2026-09-27,4,"GR","quantile","0.55",424.749944145122
2026-09-09,"ILI incidence",2026-09-27,4,"GR","quantile","0.6",465.197707805569
2026-09-09,"ILI incidence",2026-09-27,4,"GR","quantile","0.65",507.102882872015
2026-09-09,"ILI incidence",2026-09-27,4,"GR","quantile","0.7",550.516104746378
2026-09-09,"ILI incidence",2026-09-27,4,"GR","quantile","0.75",594.633186103105
2026-09-09,"ILI incidence",2026-09-27,4,"GR","quantile","0.8",640.707435012032
2026-09-09,"ILI incidence",2026-09-27,4,"GR","quantile","0.85",696.552467956138
2026-09-09,"ILI incidence",2026-09-27,4,"GR","quantile","0.9",775.653242738559
2026-09-09,"ILI incidence",2026-09-27,4,"GR","quantile","0.95",880.136001754825
2026-09-09,"ILI incidence",2026-09-27,4,"GR","quantile","0.975",984.404300263078
2026-09-09,"ILI incidence",2026-09-27,4,"GR","quantile","0.99",1087.956270304
2026-09-09,"ILI incidence",2026-09-06,1,"HU","median","",72.5800571023861
2026-09-09,"ILI incidence",2026-09-06,1,"HU","quantile","0.01",0
2026-09-09,"ILI incidence",2026-09-06,1,"HU","quantile","0.025",0
2026-09-09,"ILI incidence",2026-09-06,1,"HU","quantile","0.05",0
2026-09-09,"ILI incidence",2026-09-06,1,"HU","quantile","0.1",2.72071764272857
2026-09-09,"ILI incidence",2026-09-06,1,"HU","quantile","0.15",15.4989570954372
2026-09-09,"ILI incidence",2026-09-06,1,"HU","quantile","0.2",26.2729968518031
2026-09-09,"ILI incidence",2026-09-06,1,"HU","quantile","0.25",34.9922854359401
2026-09-09,"ILI incidence",2026-09-06,1,"HU","quantile","0.3",43.3106184563004
2026-09-09,"ILI incidence",2026-09-06,1,"HU","quantile","0.35",51.306760569381
2026-09-09,"ILI incidence",2026-09-06,1,"HU","quantile","0.4",58.0116276139763
2026-09-09,"ILI incidence",2026-09-06,1,"HU","quantile","0.45",64.7232878256289
2026-09-09,"ILI incidence",2026-09-06,1,"HU","quantile","0.5",71.5700731170035
2026-09-09,"ILI incidence",2026-09-06,1,"HU","quantile","0.55",78.5558767436868
2026-09-09,"ILI incidence",2026-09-06,1,"HU","quantile","0.6",85.2861816809846
2026-09-09,"ILI incidence",2026-09-06,1,"HU","quantile","0.65",92.2773894741678
2026-09-09,"ILI incidence",2026-09-06,1,"HU","quantile","0.7",100.299376255302
2026-09-09,"ILI incidence",2026-09-06,1,"HU","quantile","0.75",108.71300126245
2026-09-09,"ILI incidence",2026-09-06,1,"HU","quantile","0.8",117.825531065778
2026-09-09,"ILI incidence",2026-09-06,1,"HU","quantile","0.85",128.509119312143
2026-09-09,"ILI incidence",2026-09-06,1,"HU","quantile","0.9",142.103515785506
2026-09-09,"ILI incidence",2026-09-06,1,"HU","quantile","0.95",162.779837663479
2026-09-09,"ILI incidence",2026-09-06,1,"HU","quantile","0.975",177.9263535793
2026-09-09,"ILI incidence",2026-09-06,1,"HU","quantile","0.99",197.323070595016
2026-09-09,"ILI incidence",2026-09-13,2,"HU","median","",104.195964161769
2026-09-09,"ILI incidence",2026-09-13,2,"HU","quantile","0.01",0
2026-09-09,"ILI incidence",2026-09-13,2,"HU","quantile","0.025",0
2026-09-09,"ILI incidence",2026-09-13,2,"HU","quantile","0.05",0
2026-09-09,"ILI incidence",2026-09-13,2,"HU","quantile","0.1",0
2026-09-09,"ILI incidence",2026-09-13,2,"HU","quantile","0.15",7.92411058085331
2026-09-09,"ILI incidence",2026-09-13,2,"HU","quantile","0.2",24.9047804236716
2026-09-09,"ILI incidence",2026-09-13,2,"HU","quantile","0.25",42.1271463903787
2026-09-09,"ILI incidence",2026-09-13,2,"HU","quantile","0.3",55.1351364310612
2026-09-09,"ILI incidence",2026-09-13,2,"HU","quantile","0.35",67.2301973579632
2026-09-09,"ILI incidence",2026-09-13,2,"HU","quantile","0.4",79.9292978847955
2026-09-09,"ILI incidence",2026-09-13,2,"HU","quantile","0.45",92.3635038158307
2026-09-09,"ILI incidence",2026-09-13,2,"HU","quantile","0.5",104.009857616372
2026-09-09,"ILI incidence",2026-09-13,2,"HU","quantile","0.55",114.831058207931
2026-09-09,"ILI incidence",2026-09-13,2,"HU","quantile","0.6",126.463225465237
2026-09-09,"ILI incidence",2026-09-13,2,"HU","quantile","0.65",138.508980141939
2026-09-09,"ILI incidence",2026-09-13,2,"HU","quantile","0.7",151.14415701955
2026-09-09,"ILI incidence",2026-09-13,2,"HU","quantile","0.75",165.818373263513
2026-09-09,"ILI incidence",2026-09-13,2,"HU","quantile","0.8",180.468506159815
2026-09-09,"ILI incidence",2026-09-13,2,"HU","quantile","0.85",198.280198827113
2026-09-09,"ILI incidence",2026-09-13,2,"HU","quantile","0.9",221.807094711779
2026-09-09,"ILI incidence",2026-09-13,2,"HU","quantile","0.95",255.922619564051
2026-09-09,"ILI incidence",2026-09-13,2,"HU","quantile","0.975",284.892097729314
2026-09-09,"ILI incidence",2026-09-13,2,"HU","quantile","0.99",318.169276812282
2026-09-09,"ILI incidence",2026-09-20,3,"HU","median","",135.883469623453
2026-09-09,"ILI incidence",2026-09-20,3,"HU","quantile","0.01",0
2026-09-09,"ILI incidence",2026-09-20,3,"HU","quantile","0.025",0
2026-09-09,"ILI incidence",2026-09-20,3,"HU","quantile","0.05",0
2026-09-09,"ILI incidence",2026-09-20,3,"HU","quantile","0.1",0
2026-09-09,"ILI incidence",2026-09-20,3,"HU","quantile","0.15",12.8066094943887
2026-09-09,"ILI incidence",2026-09-20,3,"HU","quantile","0.2",37.727057935842
2026-09-09,"ILI incidence",2026-09-20,3,"HU","quantile","0.25",56.8132299618848
2026-09-09,"ILI incidence",2026-09-20,3,"HU","quantile","0.3",73.7862051651556
2026-09-09,"ILI incidence",2026-09-20,3,"HU","quantile","0.35",90.062399675209
2026-09-09,"ILI incidence",2026-09-20,3,"HU","quantile","0.4",105.404563818862
2026-09-09,"ILI incidence",2026-09-20,3,"HU","quantile","0.45",120.342969140935
2026-09-09,"ILI incidence",2026-09-20,3,"HU","quantile","0.5",134.287485715617
2026-09-09,"ILI incidence",2026-09-20,3,"HU","quantile","0.55",148.549908344803
2026-09-09,"ILI incidence",2026-09-20,3,"HU","quantile","0.6",164.158154160958
2026-09-09,"ILI incidence",2026-09-20,3,"HU","quantile","0.65",180.430438178608
2026-09-09,"ILI incidence",2026-09-20,3,"HU","quantile","0.7",196.303606064279
2026-09-09,"ILI incidence",2026-09-20,3,"HU","quantile","0.75",215.303360834226
2026-09-09,"ILI incidence",2026-09-20,3,"HU","quantile","0.8",235.174149464298
2026-09-09,"ILI incidence",2026-09-20,3,"HU","quantile","0.85",257.734454725599
2026-09-09,"ILI incidence",2026-09-20,3,"HU","quantile","0.9",287.484728416492
2026-09-09,"ILI incidence",2026-09-20,3,"HU","quantile","0.95",328.875952268292
2026-09-09,"ILI incidence",2026-09-20,3,"HU","quantile","0.975",364.060103198599
2026-09-09,"ILI incidence",2026-09-20,3,"HU","quantile","0.99",410.730749160907
2026-09-09,"ILI incidence",2026-09-27,4,"HU","median","",165.891260037095
2026-09-09,"ILI incidence",2026-09-27,4,"HU","quantile","0.01",0
2026-09-09,"ILI incidence",2026-09-27,4,"HU","quantile","0.025",0
2026-09-09,"ILI incidence",2026-09-27,4,"HU","quantile","0.05",0
2026-09-09,"ILI incidence",2026-09-27,4,"HU","quantile","0.1",0
2026-09-09,"ILI incidence",2026-09-27,4,"HU","quantile","0.15",19.3342674342919
2026-09-09,"ILI incidence",2026-09-27,4,"HU","quantile","0.2",46.7709287778959
2026-09-09,"ILI incidence",2026-09-27,4,"HU","quantile","0.25",69.9900114322962
2026-09-09,"ILI incidence",2026-09-27,4,"HU","quantile","0.3",90.9248357459742
2026-09-09,"ILI incidence",2026-09-27,4,"HU","quantile","0.35",110.361831805898
2026-09-09,"ILI incidence",2026-09-27,4,"HU","quantile","0.4",128.422371229246
2026-09-09,"ILI incidence",2026-09-27,4,"HU","quantile","0.45",146.774433815536
2026-09-09,"ILI incidence",2026-09-27,4,"HU","quantile","0.5",163.491057212533
2026-09-09,"ILI incidence",2026-09-27,4,"HU","quantile","0.55",182.214983253533
2026-09-09,"ILI incidence",2026-09-27,4,"HU","quantile","0.6",199.484441066138
2026-09-09,"ILI incidence",2026-09-27,4,"HU","quantile","0.65",217.694680548084
2026-09-09,"ILI incidence",2026-09-27,4,"HU","quantile","0.7",238.118280195817
2026-09-09,"ILI incidence",2026-09-27,4,"HU","quantile","0.75",261.933056187945
2026-09-09,"ILI incidence",2026-09-27,4,"HU","quantile","0.8",285.246368402136
2026-09-09,"ILI incidence",2026-09-27,4,"HU","quantile","0.85",311.322531139767
2026-09-09,"ILI incidence",2026-09-27,4,"HU","quantile","0.9",346.380291009236
2026-09-09,"ILI incidence",2026-09-27,4,"HU","quantile","0.95",398.053538620392
2026-09-09,"ILI incidence",2026-09-27,4,"HU","quantile","0.975",444.163621721553
2026-09-09,"ILI incidence",2026-09-27,4,"HU","quantile","0.99",490.60750611679
2026-09-09,"ILI incidence",2026-09-06,1,"IE","median","",2.52466151267408
2026-09-09,"ILI incidence",2026-09-06,1,"IE","quantile","0.01",0
2026-09-09,"ILI incidence",2026-09-06,1,"IE","quantile","0.025",0
2026-09-09,"ILI incidence",2026-09-06,1,"IE","quantile","0.05",0
2026-09-09,"ILI incidence",2026-09-06,1,"IE","quantile","0.1",0
2026-09-09,"ILI incidence",2026-09-06,1,"IE","quantile","0.15",0
2026-09-09,"ILI incidence",2026-09-06,1,"IE","quantile","0.2",0
2026-09-09,"ILI incidence",2026-09-06,1,"IE","quantile","0.25",0
2026-09-09,"ILI incidence",2026-09-06,1,"IE","quantile","0.3",0
2026-09-09,"ILI incidence",2026-09-06,1,"IE","quantile","0.35",0
2026-09-09,"ILI incidence",2026-09-06,1,"IE","quantile","0.4",0.458823513409058
2026-09-09,"ILI incidence",2026-09-06,1,"IE","quantile","0.45",1.49343109476931
2026-09-09,"ILI incidence",2026-09-06,1,"IE","quantile","0.5",2.5508240912377
2026-09-09,"ILI incidence",2026-09-06,1,"IE","quantile","0.55",3.62513665860551
2026-09-09,"ILI incidence",2026-09-06,1,"IE","quantile","0.6",4.7717299468041
2026-09-09,"ILI incidence",2026-09-06,1,"IE","quantile","0.65",5.84616610251293
2026-09-09,"ILI incidence",2026-09-06,1,"IE","quantile","0.7",6.9547521748847
2026-09-09,"ILI incidence",2026-09-06,1,"IE","quantile","0.75",8.23964606194023
2026-09-09,"ILI incidence",2026-09-06,1,"IE","quantile","0.8",9.6121962548363
2026-09-09,"ILI incidence",2026-09-06,1,"IE","quantile","0.85",11.329786081167
2026-09-09,"ILI incidence",2026-09-06,1,"IE","quantile","0.9",13.32597828341
2026-09-09,"ILI incidence",2026-09-06,1,"IE","quantile","0.95",16.1443730479055
2026-09-09,"ILI incidence",2026-09-06,1,"IE","quantile","0.975",18.6889992853699
2026-09-09,"ILI incidence",2026-09-06,1,"IE","quantile","0.99",21.7625555961232
2026-09-09,"ILI incidence",2026-09-13,2,"IE","median","",4.13858998998724
2026-09-09,"ILI incidence",2026-09-13,2,"IE","quantile","0.01",0
2026-09-09,"ILI incidence",2026-09-13,2,"IE","quantile","0.025",0
2026-09-09,"ILI incidence",2026-09-13,2,"IE","quantile","0.05",0
2026-09-09,"ILI incidence",2026-09-13,2,"IE","quantile","0.1",0
2026-09-09,"ILI incidence",2026-09-13,2,"IE","quantile","0.15",0
2026-09-09,"ILI incidence",2026-09-13,2,"IE","quantile","0.2",0
2026-09-09,"ILI incidence",2026-09-13,2,"IE","quantile","0.25",0
2026-09-09,"ILI incidence",2026-09-13,2,"IE","quantile","0.3",0
2026-09-09,"ILI incidence",2026-09-13,2,"IE","quantile","0.35",0
2026-09-09,"ILI incidence",2026-09-13,2,"IE","quantile","0.4",0.92689903467506
2026-09-09,"ILI incidence",2026-09-13,2,"IE","quantile","0.45",2.52604899966312
2026-09-09,"ILI incidence",2026-09-13,2,"IE","quantile","0.5",4.13594145225255
2026-09-09,"ILI incidence",2026-09-13,2,"IE","quantile","0.55",5.73032451931792
2026-09-09,"ILI incidence",2026-09-13,2,"IE","quantile","0.6",7.28780598710537
2026-09-09,"ILI incidence",2026-09-13,2,"IE","quantile","0.65",8.80593913219574
2026-09-09,"ILI incidence",2026-09-13,2,"IE","quantile","0.7",10.6093078097989
2026-09-09,"ILI incidence",2026-09-13,2,"IE","quantile","0.75",12.4961269335363
2026-09-09,"ILI incidence",2026-09-13,2,"IE","quantile","0.8",14.2993378915774
2026-09-09,"ILI incidence",2026-09-13,2,"IE","quantile","0.85",16.4716658896539
2026-09-09,"ILI incidence",2026-09-13,2,"IE","quantile","0.9",19.4137262350059
2026-09-09,"ILI incidence",2026-09-13,2,"IE","quantile","0.95",23.7272842157953
2026-09-09,"ILI incidence",2026-09-13,2,"IE","quantile","0.975",27.641581951122
2026-09-09,"ILI incidence",2026-09-13,2,"IE","quantile","0.99",32.0651998871118
2026-09-09,"ILI incidence",2026-09-20,3,"IE","median","",5.96308065185756
2026-09-09,"ILI incidence",2026-09-20,3,"IE","quantile","0.01",0
2026-09-09,"ILI incidence",2026-09-20,3,"IE","quantile","0.025",0
2026-09-09,"ILI incidence",2026-09-20,3,"IE","quantile","0.05",0
2026-09-09,"ILI incidence",2026-09-20,3,"IE","quantile","0.1",0
2026-09-09,"ILI incidence",2026-09-20,3,"IE","quantile","0.15",0
2026-09-09,"ILI incidence",2026-09-20,3,"IE","quantile","0.2",0
2026-09-09,"ILI incidence",2026-09-20,3,"IE","quantile","0.25",0
2026-09-09,"ILI incidence",2026-09-20,3,"IE","quantile","0.3",0
2026-09-09,"ILI incidence",2026-09-20,3,"IE","quantile","0.35",0.133716591340851
2026-09-09,"ILI incidence",2026-09-20,3,"IE","quantile","0.4",2.1010133292925
2026-09-09,"ILI incidence",2026-09-20,3,"IE","quantile","0.45",4.0802877166895
2026-09-09,"ILI incidence",2026-09-20,3,"IE","quantile","0.5",6.07661890144649
2026-09-09,"ILI incidence",2026-09-20,3,"IE","quantile","0.55",8.05367643040389
2026-09-09,"ILI incidence",2026-09-20,3,"IE","quantile","0.6",9.87831369734261
2026-09-09,"ILI incidence",2026-09-20,3,"IE","quantile","0.65",11.6038919656737
2026-09-09,"ILI incidence",2026-09-20,3,"IE","quantile","0.7",13.6080928316219
2026-09-09,"ILI incidence",2026-09-20,3,"IE","quantile","0.75",15.8092821702076
2026-09-09,"ILI incidence",2026-09-20,3,"IE","quantile","0.8",18.2357821148462
2026-09-09,"ILI incidence",2026-09-20,3,"IE","quantile","0.85",20.9739310269912
2026-09-09,"ILI incidence",2026-09-20,3,"IE","quantile","0.9",24.4193520202665
2026-09-09,"ILI incidence",2026-09-20,3,"IE","quantile","0.95",29.564694041525
2026-09-09,"ILI incidence",2026-09-20,3,"IE","quantile","0.975",34.1927204848928
2026-09-09,"ILI incidence",2026-09-20,3,"IE","quantile","0.99",40.0749964451012
2026-09-09,"ILI incidence",2026-09-27,4,"IE","median","",7.65626856482208
2026-09-09,"ILI incidence",2026-09-27,4,"IE","quantile","0.01",0
2026-09-09,"ILI incidence",2026-09-27,4,"IE","quantile","0.025",0
2026-09-09,"ILI incidence",2026-09-27,4,"IE","quantile","0.05",0
2026-09-09,"ILI incidence",2026-09-27,4,"IE","quantile","0.1",0
2026-09-09,"ILI incidence",2026-09-27,4,"IE","quantile","0.15",0
2026-09-09,"ILI incidence",2026-09-27,4,"IE","quantile","0.2",0
2026-09-09,"ILI incidence",2026-09-27,4,"IE","quantile","0.25",0
2026-09-09,"ILI incidence",2026-09-27,4,"IE","quantile","0.3",0
2026-09-09,"ILI incidence",2026-09-27,4,"IE","quantile","0.35",0.93496461177827
2026-09-09,"ILI incidence",2026-09-27,4,"IE","quantile","0.4",3.17170088957361
2026-09-09,"ILI incidence",2026-09-27,4,"IE","quantile","0.45",5.34876025988434
2026-09-09,"ILI incidence",2026-09-27,4,"IE","quantile","0.5",7.61811311031618
2026-09-09,"ILI incidence",2026-09-27,4,"IE","quantile","0.55",9.72719166190623
2026-09-09,"ILI incidence",2026-09-27,4,"IE","quantile","0.6",11.8979514308359
2026-09-09,"ILI incidence",2026-09-27,4,"IE","quantile","0.65",14.0932394968422
2026-09-09,"ILI incidence",2026-09-27,4,"IE","quantile","0.7",16.3592451809041
2026-09-09,"ILI incidence",2026-09-27,4,"IE","quantile","0.75",18.882876400123
2026-09-09,"ILI incidence",2026-09-27,4,"IE","quantile","0.8",21.5564131289649
2026-09-09,"ILI incidence",2026-09-27,4,"IE","quantile","0.85",24.7340619033344
2026-09-09,"ILI incidence",2026-09-27,4,"IE","quantile","0.9",29.1845103580391
2026-09-09,"ILI incidence",2026-09-27,4,"IE","quantile","0.95",35.1242797107261
2026-09-09,"ILI incidence",2026-09-27,4,"IE","quantile","0.975",40.1033267323593
2026-09-09,"ILI incidence",2026-09-27,4,"IE","quantile","0.99",45.378357002698
2026-09-09,"ILI incidence",2026-09-06,1,"IS","median","",0.969240495813933
2026-09-09,"ILI incidence",2026-09-06,1,"IS","quantile","0.01",0
2026-09-09,"ILI incidence",2026-09-06,1,"IS","quantile","0.025",0
2026-09-09,"ILI incidence",2026-09-06,1,"IS","quantile","0.05",0
2026-09-09,"ILI incidence",2026-09-06,1,"IS","quantile","0.1",0
2026-09-09,"ILI incidence",2026-09-06,1,"IS","quantile","0.15",0
2026-09-09,"ILI incidence",2026-09-06,1,"IS","quantile","0.2",0
2026-09-09,"ILI incidence",2026-09-06,1,"IS","quantile","0.25",0
2026-09-09,"ILI incidence",2026-09-06,1,"IS","quantile","0.3",0
2026-09-09,"ILI incidence",2026-09-06,1,"IS","quantile","0.35",0
2026-09-09,"ILI incidence",2026-09-06,1,"IS","quantile","0.4",0.26986241702664
2026-09-09,"ILI incidence",2026-09-06,1,"IS","quantile","0.45",0.634772572388618
2026-09-09,"ILI incidence",2026-09-06,1,"IS","quantile","0.5",1.00503330849139
2026-09-09,"ILI incidence",2026-09-06,1,"IS","quantile","0.55",1.3778054915928
2026-09-09,"ILI incidence",2026-09-06,1,"IS","quantile","0.6",1.73274758550085
2026-09-09,"ILI incidence",2026-09-06,1,"IS","quantile","0.65",2.10882628203168
2026-09-09,"ILI incidence",2026-09-06,1,"IS","quantile","0.7",2.55143688341638
2026-09-09,"ILI incidence",2026-09-06,1,"IS","quantile","0.75",2.98606354387155
2026-09-09,"ILI incidence",2026-09-06,1,"IS","quantile","0.8",3.48316908301161
2026-09-09,"ILI incidence",2026-09-06,1,"IS","quantile","0.85",4.07104330313249
2026-09-09,"ILI incidence",2026-09-06,1,"IS","quantile","0.9",4.80612201538709
2026-09-09,"ILI incidence",2026-09-06,1,"IS","quantile","0.95",5.93151337729346
2026-09-09,"ILI incidence",2026-09-06,1,"IS","quantile","0.975",6.97414623183928
2026-09-09,"ILI incidence",2026-09-06,1,"IS","quantile","0.99",8.13600020849028
2026-09-09,"ILI incidence",2026-09-13,2,"IS","median","",1.48432686873631
2026-09-09,"ILI incidence",2026-09-13,2,"IS","quantile","0.01",0
2026-09-09,"ILI incidence",2026-09-13,2,"IS","quantile","0.025",0
2026-09-09,"ILI incidence",2026-09-13,2,"IS","quantile","0.05",0
2026-09-09,"ILI incidence",2026-09-13,2,"IS","quantile","0.1",0
2026-09-09,"ILI incidence",2026-09-13,2,"IS","quantile","0.15",0
2026-09-09,"ILI incidence",2026-09-13,2,"IS","quantile","0.2",0
2026-09-09,"ILI incidence",2026-09-13,2,"IS","quantile","0.25",0
2026-09-09,"ILI incidence",2026-09-13,2,"IS","quantile","0.3",0
2026-09-09,"ILI incidence",2026-09-13,2,"IS","quantile","0.35",0
2026-09-09,"ILI incidence",2026-09-13,2,"IS","quantile","0.4",0.442550580067967
2026-09-09,"ILI incidence",2026-09-13,2,"IS","quantile","0.45",0.943420692466382
2026-09-09,"ILI incidence",2026-09-13,2,"IS","quantile","0.5",1.42394326131361
2026-09-09,"ILI incidence",2026-09-13,2,"IS","quantile","0.55",1.95828976674017
2026-09-09,"ILI incidence",2026-09-13,2,"IS","quantile","0.6",2.45359155379069
2026-09-09,"ILI incidence",2026-09-13,2,"IS","quantile","0.65",2.98612798428016
2026-09-09,"ILI incidence",2026-09-13,2,"IS","quantile","0.7",3.59633974675949
2026-09-09,"ILI incidence",2026-09-13,2,"IS","quantile","0.75",4.23922093567319
2026-09-09,"ILI incidence",2026-09-13,2,"IS","quantile","0.8",4.963977372532
2026-09-09,"ILI incidence",2026-09-13,2,"IS","quantile","0.85",5.75072596489796
2026-09-09,"ILI incidence",2026-09-13,2,"IS","quantile","0.9",6.77153270393635
2026-09-09,"ILI incidence",2026-09-13,2,"IS","quantile","0.95",8.14720564127338
2026-09-09,"ILI incidence",2026-09-13,2,"IS","quantile","0.975",9.40498562173712
2026-09-09,"ILI incidence",2026-09-13,2,"IS","quantile","0.99",10.9587669741209
2026-09-09,"ILI incidence",2026-09-20,3,"IS","median","",1.98587844247005
2026-09-09,"ILI incidence",2026-09-20,3,"IS","quantile","0.01",0
2026-09-09,"ILI incidence",2026-09-20,3,"IS","quantile","0.025",0
2026-09-09,"ILI incidence",2026-09-20,3,"IS","quantile","0.05",0
2026-09-09,"ILI incidence",2026-09-20,3,"IS","quantile","0.1",0
2026-09-09,"ILI incidence",2026-09-20,3,"IS","quantile","0.15",0
2026-09-09,"ILI incidence",2026-09-20,3,"IS","quantile","0.2",0
2026-09-09,"ILI incidence",2026-09-20,3,"IS","quantile","0.25",0
2026-09-09,"ILI incidence",2026-09-20,3,"IS","quantile","0.3",0
2026-09-09,"ILI incidence",2026-09-20,3,"IS","quantile","0.35",0.0784667300274972
2026-09-09,"ILI incidence",2026-09-20,3,"IS","quantile","0.4",0.760471803371144
2026-09-09,"ILI incidence",2026-09-20,3,"IS","quantile","0.45",1.41834039235032
2026-09-09,"ILI incidence",2026-09-20,3,"IS","quantile","0.5",2.02825846428886
2026-09-09,"ILI incidence",2026-09-20,3,"IS","quantile","0.55",2.64268688565595
2026-09-09,"ILI incidence",2026-09-20,3,"IS","quantile","0.6",3.3073491995539
2026-09-09,"ILI incidence",2026-09-20,3,"IS","quantile","0.65",3.91726360311562
2026-09-09,"ILI incidence",2026-09-20,3,"IS","quantile","0.7",4.58528986747329
2026-09-09,"ILI incidence",2026-09-20,3,"IS","quantile","0.75",5.33410763183369
2026-09-09,"ILI incidence",2026-09-20,3,"IS","quantile","0.8",6.12887733874727
2026-09-09,"ILI incidence",2026-09-20,3,"IS","quantile","0.85",7.08438698625943
2026-09-09,"ILI incidence",2026-09-20,3,"IS","quantile","0.9",8.27320906468239
2026-09-09,"ILI incidence",2026-09-20,3,"IS","quantile","0.95",9.99763386425393
2026-09-09,"ILI incidence",2026-09-20,3,"IS","quantile","0.975",11.5042217585834
2026-09-09,"ILI incidence",2026-09-20,3,"IS","quantile","0.99",13.2309050774023
2026-09-09,"ILI incidence",2026-09-27,4,"IS","median","",2.53613837754955
2026-09-09,"ILI incidence",2026-09-27,4,"IS","quantile","0.01",0
2026-09-09,"ILI incidence",2026-09-27,4,"IS","quantile","0.025",0
2026-09-09,"ILI incidence",2026-09-27,4,"IS","quantile","0.05",0
2026-09-09,"ILI incidence",2026-09-27,4,"IS","quantile","0.1",0
2026-09-09,"ILI incidence",2026-09-27,4,"IS","quantile","0.15",0
2026-09-09,"ILI incidence",2026-09-27,4,"IS","quantile","0.2",0
2026-09-09,"ILI incidence",2026-09-27,4,"IS","quantile","0.25",0
2026-09-09,"ILI incidence",2026-09-27,4,"IS","quantile","0.3",0
2026-09-09,"ILI incidence",2026-09-27,4,"IS","quantile","0.35",0.360666512748934
2026-09-09,"ILI incidence",2026-09-27,4,"IS","quantile","0.4",1.06742664298291
2026-09-09,"ILI incidence",2026-09-27,4,"IS","quantile","0.45",1.80142265838104
2026-09-09,"ILI incidence",2026-09-27,4,"IS","quantile","0.5",2.52890536380607
2026-09-09,"ILI incidence",2026-09-27,4,"IS","quantile","0.55",3.26148172252458
2026-09-09,"ILI incidence",2026-09-27,4,"IS","quantile","0.6",4.05084566138069
2026-09-09,"ILI incidence",2026-09-27,4,"IS","quantile","0.65",4.7630026136626
2026-09-09,"ILI incidence",2026-09-27,4,"IS","quantile","0.7",5.5465862585484
2026-09-09,"ILI incidence",2026-09-27,4,"IS","quantile","0.75",6.38437507515181
2026-09-09,"ILI incidence",2026-09-27,4,"IS","quantile","0.8",7.32847532926388
2026-09-09,"ILI incidence",2026-09-27,4,"IS","quantile","0.85",8.34090541496726
2026-09-09,"ILI incidence",2026-09-27,4,"IS","quantile","0.9",9.78269228477927
2026-09-09,"ILI incidence",2026-09-27,4,"IS","quantile","0.95",11.6855639952607
2026-09-09,"ILI incidence",2026-09-27,4,"IS","quantile","0.975",13.5682431767184
2026-09-09,"ILI incidence",2026-09-27,4,"IS","quantile","0.99",15.5321985260507
2026-09-09,"ILI incidence",2026-09-06,1,"LT","median","",6.95682632365662
2026-09-09,"ILI incidence",2026-09-06,1,"LT","quantile","0.01",0
2026-09-09,"ILI incidence",2026-09-06,1,"LT","quantile","0.025",0
2026-09-09,"ILI incidence",2026-09-06,1,"LT","quantile","0.05",0
2026-09-09,"ILI incidence",2026-09-06,1,"LT","quantile","0.1",0
2026-09-09,"ILI incidence",2026-09-06,1,"LT","quantile","0.15",0
2026-09-09,"ILI incidence",2026-09-06,1,"LT","quantile","0.2",0
2026-09-09,"ILI incidence",2026-09-06,1,"LT","quantile","0.25",0
2026-09-09,"ILI incidence",2026-09-06,1,"LT","quantile","0.3",0
2026-09-09,"ILI incidence",2026-09-06,1,"LT","quantile","0.35",0
2026-09-09,"ILI incidence",2026-09-06,1,"LT","quantile","0.4",0.268502483840088
2026-09-09,"ILI incidence",2026-09-06,1,"LT","quantile","0.45",3.80613312811114
2026-09-09,"ILI incidence",2026-09-06,1,"LT","quantile","0.5",7.14837448510348
2026-09-09,"ILI incidence",2026-09-06,1,"LT","quantile","0.55",10.3528471322485
2026-09-09,"ILI incidence",2026-09-06,1,"LT","quantile","0.6",13.6969369665506
2026-09-09,"ILI incidence",2026-09-06,1,"LT","quantile","0.65",17.3711283279168
2026-09-09,"ILI incidence",2026-09-06,1,"LT","quantile","0.7",21.0199911168919
2026-09-09,"ILI incidence",2026-09-06,1,"LT","quantile","0.75",25.1702638534488
2026-09-09,"ILI incidence",2026-09-06,1,"LT","quantile","0.8",29.9958311301656
2026-09-09,"ILI incidence",2026-09-06,1,"LT","quantile","0.85",35.4008815520426
2026-09-09,"ILI incidence",2026-09-06,1,"LT","quantile","0.9",41.4035208186674
2026-09-09,"ILI incidence",2026-09-06,1,"LT","quantile","0.95",50.8382009028044
2026-09-09,"ILI incidence",2026-09-06,1,"LT","quantile","0.975",59.9582060564797
2026-09-09,"ILI incidence",2026-09-06,1,"LT","quantile","0.99",69.6180364309814
2026-09-09,"ILI incidence",2026-09-13,2,"LT","median","",15.056864969637
2026-09-09,"ILI incidence",2026-09-13,2,"LT","quantile","0.01",0
2026-09-09,"ILI incidence",2026-09-13,2,"LT","quantile","0.025",0
2026-09-09,"ILI incidence",2026-09-13,2,"LT","quantile","0.05",0
2026-09-09,"ILI incidence",2026-09-13,2,"LT","quantile","0.1",0
2026-09-09,"ILI incidence",2026-09-13,2,"LT","quantile","0.15",0
2026-09-09,"ILI incidence",2026-09-13,2,"LT","quantile","0.2",0
2026-09-09,"ILI incidence",2026-09-13,2,"LT","quantile","0.25",0
2026-09-09,"ILI incidence",2026-09-13,2,"LT","quantile","0.3",0
2026-09-09,"ILI incidence",2026-09-13,2,"LT","quantile","0.35",0
2026-09-09,"ILI incidence",2026-09-13,2,"LT","quantile","0.4",2.04729468702759
2026-09-09,"ILI incidence",2026-09-13,2,"LT","quantile","0.45",8.35783476105443
2026-09-09,"ILI incidence",2026-09-13,2,"LT","quantile","0.5",14.2473975277843
2026-09-09,"ILI incidence",2026-09-13,2,"LT","quantile","0.55",21.0965901873552
2026-09-09,"ILI incidence",2026-09-13,2,"LT","quantile","0.6",27.7598080212924
2026-09-09,"ILI incidence",2026-09-13,2,"LT","quantile","0.65",34.852545933688
2026-09-09,"ILI incidence",2026-09-13,2,"LT","quantile","0.7",41.9367772430255
2026-09-09,"ILI incidence",2026-09-13,2,"LT","quantile","0.75",50.0669991572251
2026-09-09,"ILI incidence",2026-09-13,2,"LT","quantile","0.8",58.4318930866376
2026-09-09,"ILI incidence",2026-09-13,2,"LT","quantile","0.85",68.4537134530931
2026-09-09,"ILI incidence",2026-09-13,2,"LT","quantile","0.9",81.1266962842032
2026-09-09,"ILI incidence",2026-09-13,2,"LT","quantile","0.95",100.209433795973
2026-09-09,"ILI incidence",2026-09-13,2,"LT","quantile","0.975",115.743525153599
2026-09-09,"ILI incidence",2026-09-13,2,"LT","quantile","0.99",135.933420533134
2026-09-09,"ILI incidence",2026-09-20,3,"LT","median","",24.5474045113919
2026-09-09,"ILI incidence",2026-09-20,3,"LT","quantile","0.01",0
2026-09-09,"ILI incidence",2026-09-20,3,"LT","quantile","0.025",0
2026-09-09,"ILI incidence",2026-09-20,3,"LT","quantile","0.05",0
2026-09-09,"ILI incidence",2026-09-20,3,"LT","quantile","0.1",0
2026-09-09,"ILI incidence",2026-09-20,3,"LT","quantile","0.15",0
2026-09-09,"ILI incidence",2026-09-20,3,"LT","quantile","0.2",0
2026-09-09,"ILI incidence",2026-09-20,3,"LT","quantile","0.25",0
2026-09-09,"ILI incidence",2026-09-20,3,"LT","quantile","0.3",0
2026-09-09,"ILI incidence",2026-09-20,3,"LT","quantile","0.35",0
2026-09-09,"ILI incidence",2026-09-20,3,"LT","quantile","0.4",5.67563499207816
2026-09-09,"ILI incidence",2026-09-20,3,"LT","quantile","0.45",14.8699632842394
2026-09-09,"ILI incidence",2026-09-20,3,"LT","quantile","0.5",23.6214515694183
2026-09-09,"ILI incidence",2026-09-20,3,"LT","quantile","0.55",32.9794456418949
2026-09-09,"ILI incidence",2026-09-20,3,"LT","quantile","0.6",42.2438192114747
2026-09-09,"ILI incidence",2026-09-20,3,"LT","quantile","0.65",53.0740383328933
2026-09-09,"ILI incidence",2026-09-20,3,"LT","quantile","0.7",63.438113625914
2026-09-09,"ILI incidence",2026-09-20,3,"LT","quantile","0.75",74.7263190403105
2026-09-09,"ILI incidence",2026-09-20,3,"LT","quantile","0.8",87.0044274863752
2026-09-09,"ILI incidence",2026-09-20,3,"LT","quantile","0.85",101.717695798927
2026-09-09,"ILI incidence",2026-09-20,3,"LT","quantile","0.9",120.723951820773
2026-09-09,"ILI incidence",2026-09-20,3,"LT","quantile","0.95",146.897450565686
2026-09-09,"ILI incidence",2026-09-20,3,"LT","quantile","0.975",169.193946926621
2026-09-09,"ILI incidence",2026-09-20,3,"LT","quantile","0.99",198.67096070636
2026-09-09,"ILI incidence",2026-09-27,4,"LT","median","",33.1681512378844
2026-09-09,"ILI incidence",2026-09-27,4,"LT","quantile","0.01",0
2026-09-09,"ILI incidence",2026-09-27,4,"LT","quantile","0.025",0
2026-09-09,"ILI incidence",2026-09-27,4,"LT","quantile","0.05",0
2026-09-09,"ILI incidence",2026-09-27,4,"LT","quantile","0.1",0
2026-09-09,"ILI incidence",2026-09-27,4,"LT","quantile","0.15",0
2026-09-09,"ILI incidence",2026-09-27,4,"LT","quantile","0.2",0
2026-09-09,"ILI incidence",2026-09-27,4,"LT","quantile","0.25",0
2026-09-09,"ILI incidence",2026-09-27,4,"LT","quantile","0.3",0
2026-09-09,"ILI incidence",2026-09-27,4,"LT","quantile","0.35",0
2026-09-09,"ILI incidence",2026-09-27,4,"LT","quantile","0.4",10.4250390114225
2026-09-09,"ILI incidence",2026-09-27,4,"LT","quantile","0.45",20.8761910499163
2026-09-09,"ILI incidence",2026-09-27,4,"LT","quantile","0.5",31.6548401467932
2026-09-09,"ILI incidence",2026-09-27,4,"LT","quantile","0.55",42.2704915757394
2026-09-09,"ILI incidence",2026-09-27,4,"LT","quantile","0.6",54.0979912617005
2026-09-09,"ILI incidence",2026-09-27,4,"LT","quantile","0.65",66.0573254634363
2026-09-09,"ILI incidence",2026-09-27,4,"LT","quantile","0.7",78.9511315402301
2026-09-09,"ILI incidence",2026-09-27,4,"LT","quantile","0.75",92.579166421467
2026-09-09,"ILI incidence",2026-09-27,4,"LT","quantile","0.8",108.178227242201
2026-09-09,"ILI incidence",2026-09-27,4,"LT","quantile","0.85",126.161033188576
2026-09-09,"ILI incidence",2026-09-27,4,"LT","quantile","0.9",148.5397375366
2026-09-09,"ILI incidence",2026-09-27,4,"LT","quantile","0.95",180.382306647974
2026-09-09,"ILI incidence",2026-09-27,4,"LT","quantile","0.975",207.671440020087
2026-09-09,"ILI incidence",2026-09-27,4,"LT","quantile","0.99",239.860908411258
2026-09-09,"ILI incidence",2026-09-06,1,"LU","median","",2734.12674903892
2026-09-09,"ILI incidence",2026-09-06,1,"LU","quantile","0.01",0
2026-09-09,"ILI incidence",2026-09-06,1,"LU","quantile","0.025",0
2026-09-09,"ILI incidence",2026-09-06,1,"LU","quantile","0.05",0
2026-09-09,"ILI incidence",2026-09-06,1,"LU","quantile","0.1",0
2026-09-09,"ILI incidence",2026-09-06,1,"LU","quantile","0.15",439.493526679766
2026-09-09,"ILI incidence",2026-09-06,1,"LU","quantile","0.2",878.526754533612
2026-09-09,"ILI incidence",2026-09-06,1,"LU","quantile","0.25",1234.25590821892
2026-09-09,"ILI incidence",2026-09-06,1,"LU","quantile","0.3",1563.90552610166
2026-09-09,"ILI incidence",2026-09-06,1,"LU","quantile","0.35",1877.16066175058
2026-09-09,"ILI incidence",2026-09-06,1,"LU","quantile","0.4",2189.27902155007
2026-09-09,"ILI incidence",2026-09-06,1,"LU","quantile","0.45",2480.42007584812
2026-09-09,"ILI incidence",2026-09-06,1,"LU","quantile","0.5",2763.10332737748
2026-09-09,"ILI incidence",2026-09-06,1,"LU","quantile","0.55",3048.08477193099
2026-09-09,"ILI incidence",2026-09-06,1,"LU","quantile","0.6",3313.49745245745
2026-09-09,"ILI incidence",2026-09-06,1,"LU","quantile","0.65",3630.16608466449
2026-09-09,"ILI incidence",2026-09-06,1,"LU","quantile","0.7",3931.37721518974
2026-09-09,"ILI incidence",2026-09-06,1,"LU","quantile","0.75",4258.99643579223
2026-09-09,"ILI incidence",2026-09-06,1,"LU","quantile","0.8",4644.78290932228
2026-09-09,"ILI incidence",2026-09-06,1,"LU","quantile","0.85",5091.10559384867
2026-09-09,"ILI incidence",2026-09-06,1,"LU","quantile","0.9",5634.56050776178
2026-09-09,"ILI incidence",2026-09-06,1,"LU","quantile","0.95",6436.28057275032
2026-09-09,"ILI incidence",2026-09-06,1,"LU","quantile","0.975",7128.46078066065
2026-09-09,"ILI incidence",2026-09-06,1,"LU","quantile","0.99",7896.04699267397
2026-09-09,"ILI incidence",2026-09-13,2,"LU","median","",2826.23598746422
2026-09-09,"ILI incidence",2026-09-13,2,"LU","quantile","0.01",0
2026-09-09,"ILI incidence",2026-09-13,2,"LU","quantile","0.025",0
2026-09-09,"ILI incidence",2026-09-13,2,"LU","quantile","0.05",0
2026-09-09,"ILI incidence",2026-09-13,2,"LU","quantile","0.1",0
2026-09-09,"ILI incidence",2026-09-13,2,"LU","quantile","0.15",126.331823389358
2026-09-09,"ILI incidence",2026-09-13,2,"LU","quantile","0.2",639.975402164992
2026-09-09,"ILI incidence",2026-09-13,2,"LU","quantile","0.25",1065.81594937746
2026-09-09,"ILI incidence",2026-09-13,2,"LU","quantile","0.3",1437.1600958948
2026-09-09,"ILI incidence",2026-09-13,2,"LU","quantile","0.35",1794.97600308554
2026-09-09,"ILI incidence",2026-09-13,2,"LU","quantile","0.4",2177.301538636
2026-09-09,"ILI incidence",2026-09-13,2,"LU","quantile","0.45",2524.16072349128
2026-09-09,"ILI incidence",2026-09-13,2,"LU","quantile","0.5",2866.35892053692
2026-09-09,"ILI incidence",2026-09-13,2,"LU","quantile","0.55",3195.01623564894
2026-09-09,"ILI incidence",2026-09-13,2,"LU","quantile","0.6",3514.27036614595
2026-09-09,"ILI incidence",2026-09-13,2,"LU","quantile","0.65",3852.35296534861
2026-09-09,"ILI incidence",2026-09-13,2,"LU","quantile","0.7",4216.30033556896
2026-09-09,"ILI incidence",2026-09-13,2,"LU","quantile","0.75",4605.93450962713
2026-09-09,"ILI incidence",2026-09-13,2,"LU","quantile","0.8",5027.83870815735
2026-09-09,"ILI incidence",2026-09-13,2,"LU","quantile","0.85",5549.63334591895
2026-09-09,"ILI incidence",2026-09-13,2,"LU","quantile","0.9",6174.12623027264
2026-09-09,"ILI incidence",2026-09-13,2,"LU","quantile","0.95",7195.14104259602
2026-09-09,"ILI incidence",2026-09-13,2,"LU","quantile","0.975",8017.67441320229
2026-09-09,"ILI incidence",2026-09-13,2,"LU","quantile","0.99",8962.69164422122
2026-09-09,"ILI incidence",2026-09-20,3,"LU","median","",3056.37264952301
2026-09-09,"ILI incidence",2026-09-20,3,"LU","quantile","0.01",0
2026-09-09,"ILI incidence",2026-09-20,3,"LU","quantile","0.025",0
2026-09-09,"ILI incidence",2026-09-20,3,"LU","quantile","0.05",0
2026-09-09,"ILI incidence",2026-09-20,3,"LU","quantile","0.1",0
2026-09-09,"ILI incidence",2026-09-20,3,"LU","quantile","0.15",0
2026-09-09,"ILI incidence",2026-09-20,3,"LU","quantile","0.2",567.379880647399
2026-09-09,"ILI incidence",2026-09-20,3,"LU","quantile","0.25",1033.74963315357
2026-09-09,"ILI incidence",2026-09-20,3,"LU","quantile","0.3",1498.72535831464
2026-09-09,"ILI incidence",2026-09-20,3,"LU","quantile","0.35",1917.13711949578
2026-09-09,"ILI incidence",2026-09-20,3,"LU","quantile","0.4",2327.97613213979
2026-09-09,"ILI incidence",2026-09-20,3,"LU","quantile","0.45",2693.09211855238
2026-09-09,"ILI incidence",2026-09-20,3,"LU","quantile","0.5",3082.24642373753
2026-09-09,"ILI incidence",2026-09-20,3,"LU","quantile","0.55",3464.36428247407
2026-09-09,"ILI incidence",2026-09-20,3,"LU","quantile","0.6",3842.91691441368
2026-09-09,"ILI incidence",2026-09-20,3,"LU","quantile","0.65",4238.66373463904
2026-09-09,"ILI incidence",2026-09-20,3,"LU","quantile","0.7",4675.63249715891
2026-09-09,"ILI incidence",2026-09-20,3,"LU","quantile","0.75",5112.60920576066
2026-09-09,"ILI incidence",2026-09-20,3,"LU","quantile","0.8",5585.26327529003
2026-09-09,"ILI incidence",2026-09-20,3,"LU","quantile","0.85",6213.30298373088
2026-09-09,"ILI incidence",2026-09-20,3,"LU","quantile","0.9",6920.66725115758
2026-09-09,"ILI incidence",2026-09-20,3,"LU","quantile","0.95",8146.2935870903
2026-09-09,"ILI incidence",2026-09-20,3,"LU","quantile","0.975",9025.76742773042
2026-09-09,"ILI incidence",2026-09-20,3,"LU","quantile","0.99",10117.1960778491
2026-09-09,"ILI incidence",2026-09-27,4,"LU","median","",3169.45905966691
2026-09-09,"ILI incidence",2026-09-27,4,"LU","quantile","0.01",0
2026-09-09,"ILI incidence",2026-09-27,4,"LU","quantile","0.025",0
2026-09-09,"ILI incidence",2026-09-27,4,"LU","quantile","0.05",0
2026-09-09,"ILI incidence",2026-09-27,4,"LU","quantile","0.1",0
2026-09-09,"ILI incidence",2026-09-27,4,"LU","quantile","0.15",0
2026-09-09,"ILI incidence",2026-09-27,4,"LU","quantile","0.2",466.100139184512
2026-09-09,"ILI incidence",2026-09-27,4,"LU","quantile","0.25",1009.58616163649
2026-09-09,"ILI incidence",2026-09-27,4,"LU","quantile","0.3",1486.4262180967
2026-09-09,"ILI incidence",2026-09-27,4,"LU","quantile","0.35",1937.06640143145
2026-09-09,"ILI incidence",2026-09-27,4,"LU","quantile","0.4",2370.46364941907
2026-09-09,"ILI incidence",2026-09-27,4,"LU","quantile","0.45",2774.15685832284
2026-09-09,"ILI incidence",2026-09-27,4,"LU","quantile","0.5",3229.47854920624
2026-09-09,"ILI incidence",2026-09-27,4,"LU","quantile","0.55",3670.04471856718
2026-09-09,"ILI incidence",2026-09-27,4,"LU","quantile","0.6",4092.15839941511
2026-09-09,"ILI incidence",2026-09-27,4,"LU","quantile","0.65",4488.88300126889
2026-09-09,"ILI incidence",2026-09-27,4,"LU","quantile","0.7",4946.7176245519
2026-09-09,"ILI incidence",2026-09-27,4,"LU","quantile","0.75",5409.63298177543
2026-09-09,"ILI incidence",2026-09-27,4,"LU","quantile","0.8",5922.04286516842
2026-09-09,"ILI incidence",2026-09-27,4,"LU","quantile","0.85",6583.10285846907
2026-09-09,"ILI incidence",2026-09-27,4,"LU","quantile","0.9",7416.71701754857
2026-09-09,"ILI incidence",2026-09-27,4,"LU","quantile","0.95",8557.73657724472
2026-09-09,"ILI incidence",2026-09-27,4,"LU","quantile","0.975",9582.91888611367
2026-09-09,"ILI incidence",2026-09-27,4,"LU","quantile","0.99",10708.3427566386
2026-09-09,"ILI incidence",2026-09-06,1,"MT","median","",7018.1675026526
2026-09-09,"ILI incidence",2026-09-06,1,"MT","quantile","0.01",3383.59204150212
2026-09-09,"ILI incidence",2026-09-06,1,"MT","quantile","0.025",3979.52416225139
2026-09-09,"ILI incidence",2026-09-06,1,"MT","quantile","0.05",4496.02341600792
2026-09-09,"ILI incidence",2026-09-06,1,"MT","quantile","0.1",5059.58328589811
2026-09-09,"ILI incidence",2026-09-06,1,"MT","quantile","0.15",5419.52681927924
2026-09-09,"ILI incidence",2026-09-06,1,"MT","quantile","0.2",5727.48142453068
2026-09-09,"ILI incidence",2026-09-06,1,"MT","quantile","0.25",6005.74302643708
2026-09-09,"ILI incidence",2026-09-06,1,"MT","quantile","0.3",6230.42856733346
2026-09-09,"ILI incidence",2026-09-06,1,"MT","quantile","0.35",6452.9692708813
2026-09-09,"ILI incidence",2026-09-06,1,"MT","quantile","0.4",6659.39463474075
2026-09-09,"ILI incidence",2026-09-06,1,"MT","quantile","0.45",6851.54644506709
2026-09-09,"ILI incidence",2026-09-06,1,"MT","quantile","0.5",7042.83886769982
2026-09-09,"ILI incidence",2026-09-06,1,"MT","quantile","0.55",7223.89297743399
2026-09-09,"ILI incidence",2026-09-06,1,"MT","quantile","0.6",7427.19930608836
2026-09-09,"ILI incidence",2026-09-06,1,"MT","quantile","0.65",7633.33988517172
2026-09-09,"ILI incidence",2026-09-06,1,"MT","quantile","0.7",7843.81964514801
2026-09-09,"ILI incidence",2026-09-06,1,"MT","quantile","0.75",8076.52677991728
2026-09-09,"ILI incidence",2026-09-06,1,"MT","quantile","0.8",8328.85615395435
2026-09-09,"ILI incidence",2026-09-06,1,"MT","quantile","0.85",8636.25422854939
2026-09-09,"ILI incidence",2026-09-06,1,"MT","quantile","0.9",9007.37767693841
2026-09-09,"ILI incidence",2026-09-06,1,"MT","quantile","0.95",9574.02131236639
2026-09-09,"ILI incidence",2026-09-06,1,"MT","quantile","0.975",10024.6431750003
2026-09-09,"ILI incidence",2026-09-06,1,"MT","quantile","0.99",10564.8309067895
2026-09-09,"ILI incidence",2026-09-13,2,"MT","median","",7175.18309267855
2026-09-09,"ILI incidence",2026-09-13,2,"MT","quantile","0.01",3023.98820552863
2026-09-09,"ILI incidence",2026-09-13,2,"MT","quantile","0.025",3737.64487379119
2026-09-09,"ILI incidence",2026-09-13,2,"MT","quantile","0.05",4278.5291313547
2026-09-09,"ILI incidence",2026-09-13,2,"MT","quantile","0.1",4920.15384572534
2026-09-09,"ILI incidence",2026-09-13,2,"MT","quantile","0.15",5366.57549296143
2026-09-09,"ILI incidence",2026-09-13,2,"MT","quantile","0.2",5682.71412607296
2026-09-09,"ILI incidence",2026-09-13,2,"MT","quantile","0.25",5971.80882723865
2026-09-09,"ILI incidence",2026-09-13,2,"MT","quantile","0.3",6232.17464347464
2026-09-09,"ILI incidence",2026-09-13,2,"MT","quantile","0.35",6495.58306662825
2026-09-09,"ILI incidence",2026-09-13,2,"MT","quantile","0.4",6737.58622636675
2026-09-09,"ILI incidence",2026-09-13,2,"MT","quantile","0.45",6966.37998734927
2026-09-09,"ILI incidence",2026-09-13,2,"MT","quantile","0.5",7189.35408241555
2026-09-09,"ILI incidence",2026-09-13,2,"MT","quantile","0.55",7409.52568046902
2026-09-09,"ILI incidence",2026-09-13,2,"MT","quantile","0.6",7624.27177584296
2026-09-09,"ILI incidence",2026-09-13,2,"MT","quantile","0.65",7865.86718355573
2026-09-09,"ILI incidence",2026-09-13,2,"MT","quantile","0.7",8109.044995147
2026-09-09,"ILI incidence",2026-09-13,2,"MT","quantile","0.75",8391.32993106885
2026-09-09,"ILI incidence",2026-09-13,2,"MT","quantile","0.8",8703.92184322447
2026-09-09,"ILI incidence",2026-09-13,2,"MT","quantile","0.85",9065.5454387361
2026-09-09,"ILI incidence",2026-09-13,2,"MT","quantile","0.9",9502.58207211056
2026-09-09,"ILI incidence",2026-09-13,2,"MT","quantile","0.95",10174.549445684
2026-09-09,"ILI incidence",2026-09-13,2,"MT","quantile","0.975",10769.5023200661
2026-09-09,"ILI incidence",2026-09-13,2,"MT","quantile","0.99",11440.3698014296
2026-09-09,"ILI incidence",2026-09-20,3,"MT","median","",6701.78416310396
2026-09-09,"ILI incidence",2026-09-20,3,"MT","quantile","0.01",2013.95661168472
2026-09-09,"ILI incidence",2026-09-20,3,"MT","quantile","0.025",2709.16718155325
2026-09-09,"ILI incidence",2026-09-20,3,"MT","quantile","0.05",3319.0602530535
2026-09-09,"ILI incidence",2026-09-20,3,"MT","quantile","0.1",4064.08852167665
2026-09-09,"ILI incidence",2026-09-20,3,"MT","quantile","0.15",4577.11062445449
2026-09-09,"ILI incidence",2026-09-20,3,"MT","quantile","0.2",4975.87085206939
2026-09-09,"ILI incidence",2026-09-20,3,"MT","quantile","0.25",5331.70956324975
2026-09-09,"ILI incidence",2026-09-20,3,"MT","quantile","0.3",5649.59335833703
2026-09-09,"ILI incidence",2026-09-20,3,"MT","quantile","0.35",5927.82018824326
2026-09-09,"ILI incidence",2026-09-20,3,"MT","quantile","0.4",6189.17141884809
2026-09-09,"ILI incidence",2026-09-20,3,"MT","quantile","0.45",6449.89073686247
2026-09-09,"ILI incidence",2026-09-20,3,"MT","quantile","0.5",6700.53375216585
2026-09-09,"ILI incidence",2026-09-20,3,"MT","quantile","0.55",6951.10253925646
2026-09-09,"ILI incidence",2026-09-20,3,"MT","quantile","0.6",7209.94983352211
2026-09-09,"ILI incidence",2026-09-20,3,"MT","quantile","0.65",7481.40441154908
2026-09-09,"ILI incidence",2026-09-20,3,"MT","quantile","0.7",7754.752898332
2026-09-09,"ILI incidence",2026-09-20,3,"MT","quantile","0.75",8055.96301257057
2026-09-09,"ILI incidence",2026-09-20,3,"MT","quantile","0.8",8398.52205925584
2026-09-09,"ILI incidence",2026-09-20,3,"MT","quantile","0.85",8770.66286562027
2026-09-09,"ILI incidence",2026-09-20,3,"MT","quantile","0.9",9275.78323873509
2026-09-09,"ILI incidence",2026-09-20,3,"MT","quantile","0.95",9979.6884191259
2026-09-09,"ILI incidence",2026-09-20,3,"MT","quantile","0.975",10631.9004677124
2026-09-09,"ILI incidence",2026-09-20,3,"MT","quantile","0.99",11314.6205063299
2026-09-09,"ILI incidence",2026-09-27,4,"MT","median","",6523.42947149929
2026-09-09,"ILI incidence",2026-09-27,4,"MT","quantile","0.01",1289.68096882204
2026-09-09,"ILI incidence",2026-09-27,4,"MT","quantile","0.025",2096.55661606148
2026-09-09,"ILI incidence",2026-09-27,4,"MT","quantile","0.05",2778.68283162064
2026-09-09,"ILI incidence",2026-09-27,4,"MT","quantile","0.1",3622.17347598253
2026-09-09,"ILI incidence",2026-09-27,4,"MT","quantile","0.15",4186.6411344267
2026-09-09,"ILI incidence",2026-09-27,4,"MT","quantile","0.2",4596.59369202547
2026-09-09,"ILI incidence",2026-09-27,4,"MT","quantile","0.25",4996.71397882419
2026-09-09,"ILI incidence",2026-09-27,4,"MT","quantile","0.3",5361.86135877744
2026-09-09,"ILI incidence",2026-09-27,4,"MT","quantile","0.35",5671.01532359657
2026-09-09,"ILI incidence",2026-09-27,4,"MT","quantile","0.4",5961.16685382147
2026-09-09,"ILI incidence",2026-09-27,4,"MT","quantile","0.45",6244.29428345093
2026-09-09,"ILI incidence",2026-09-27,4,"MT","quantile","0.5",6535.24878697391
2026-09-09,"ILI incidence",2026-09-27,4,"MT","quantile","0.55",6809.67753189855
2026-09-09,"ILI incidence",2026-09-27,4,"MT","quantile","0.6",7092.64569492554
2026-09-09,"ILI incidence",2026-09-27,4,"MT","quantile","0.65",7405.38831980623
2026-09-09,"ILI incidence",2026-09-27,4,"MT","quantile","0.7",7722.27480730273
2026-09-09,"ILI incidence",2026-09-27,4,"MT","quantile","0.75",8063.21769745448
2026-09-09,"ILI incidence",2026-09-27,4,"MT","quantile","0.8",8486.54660501906
2026-09-09,"ILI incidence",2026-09-27,4,"MT","quantile","0.85",8921.86650480733
2026-09-09,"ILI incidence",2026-09-27,4,"MT","quantile","0.9",9507.88068375555
2026-09-09,"ILI incidence",2026-09-27,4,"MT","quantile","0.95",10361.4502890719
2026-09-09,"ILI incidence",2026-09-27,4,"MT","quantile","0.975",11062.5283372296
2026-09-09,"ILI incidence",2026-09-27,4,"MT","quantile","0.99",11954.7030589737
2026-09-09,"ILI incidence",2026-09-06,1,"NO","median","",14.0251220663049
2026-09-09,"ILI incidence",2026-09-06,1,"NO","quantile","0.01",0
2026-09-09,"ILI incidence",2026-09-06,1,"NO","quantile","0.025",0
2026-09-09,"ILI incidence",2026-09-06,1,"NO","quantile","0.05",0
2026-09-09,"ILI incidence",2026-09-06,1,"NO","quantile","0.1",0
2026-09-09,"ILI incidence",2026-09-06,1,"NO","quantile","0.15",0
2026-09-09,"ILI incidence",2026-09-06,1,"NO","quantile","0.2",2.18255024199216
2026-09-09,"ILI incidence",2026-09-06,1,"NO","quantile","0.25",4.78823664057551
2026-09-09,"ILI incidence",2026-09-06,1,"NO","quantile","0.3",6.76152916862006
2026-09-09,"ILI incidence",2026-09-06,1,"NO","quantile","0.35",8.64711031620186
2026-09-09,"ILI incidence",2026-09-06,1,"NO","quantile","0.4",10.6023133235721
2026-09-09,"ILI incidence",2026-09-06,1,"NO","quantile","0.45",12.3592437019223
2026-09-09,"ILI incidence",2026-09-06,1,"NO","quantile","0.5",14.1718179987223
2026-09-09,"ILI incidence",2026-09-06,1,"NO","quantile","0.55",15.8650188575261
2026-09-09,"ILI incidence",2026-09-06,1,"NO","quantile","0.6",17.7163442603014
2026-09-09,"ILI incidence",2026-09-06,1,"NO","quantile","0.65",19.5086671100687
2026-09-09,"ILI incidence",2026-09-06,1,"NO","quantile","0.7",21.4872570092388
2026-09-09,"ILI incidence",2026-09-06,1,"NO","quantile","0.75",23.6149986468709
2026-09-09,"ILI incidence",2026-09-06,1,"NO","quantile","0.8",26.1077889814869
2026-09-09,"ILI incidence",2026-09-06,1,"NO","quantile","0.85",28.7651458278963
2026-09-09,"ILI incidence",2026-09-06,1,"NO","quantile","0.9",32.3658560187033
2026-09-09,"ILI incidence",2026-09-06,1,"NO","quantile","0.95",37.8641664845132
2026-09-09,"ILI incidence",2026-09-06,1,"NO","quantile","0.975",42.1005318572729
2026-09-09,"ILI incidence",2026-09-06,1,"NO","quantile","0.99",46.9762932725462
2026-09-09,"ILI incidence",2026-09-13,2,"NO","median","",16.7917017298811
2026-09-09,"ILI incidence",2026-09-13,2,"NO","quantile","0.01",0
2026-09-09,"ILI incidence",2026-09-13,2,"NO","quantile","0.025",0
2026-09-09,"ILI incidence",2026-09-13,2,"NO","quantile","0.05",0
2026-09-09,"ILI incidence",2026-09-13,2,"NO","quantile","0.1",0
2026-09-09,"ILI incidence",2026-09-13,2,"NO","quantile","0.15",0
2026-09-09,"ILI incidence",2026-09-13,2,"NO","quantile","0.2",0.571568869295301
2026-09-09,"ILI incidence",2026-09-13,2,"NO","quantile","0.25",3.77074718908363
2026-09-09,"ILI incidence",2026-09-13,2,"NO","quantile","0.3",6.6552830922841
2026-09-09,"ILI incidence",2026-09-13,2,"NO","quantile","0.35",9.59691792115149
2026-09-09,"ILI incidence",2026-09-13,2,"NO","quantile","0.4",12.0331354942298
2026-09-09,"ILI incidence",2026-09-13,2,"NO","quantile","0.45",14.3084573634936
2026-09-09,"ILI incidence",2026-09-13,2,"NO","quantile","0.5",16.5533992548619
2026-09-09,"ILI incidence",2026-09-13,2,"NO","quantile","0.55",19.1205603320628
2026-09-09,"ILI incidence",2026-09-13,2,"NO","quantile","0.6",21.6762062256345
2026-09-09,"ILI incidence",2026-09-13,2,"NO","quantile","0.65",24.2574706265788
2026-09-09,"ILI incidence",2026-09-13,2,"NO","quantile","0.7",26.8314342404119
2026-09-09,"ILI incidence",2026-09-13,2,"NO","quantile","0.75",29.6938271643938
2026-09-09,"ILI incidence",2026-09-13,2,"NO","quantile","0.8",32.9672871008329
2026-09-09,"ILI incidence",2026-09-13,2,"NO","quantile","0.85",36.7886752095136
2026-09-09,"ILI incidence",2026-09-13,2,"NO","quantile","0.9",41.7183811613868
2026-09-09,"ILI incidence",2026-09-13,2,"NO","quantile","0.95",48.938650084103
2026-09-09,"ILI incidence",2026-09-13,2,"NO","quantile","0.975",55.3350215869576
2026-09-09,"ILI incidence",2026-09-13,2,"NO","quantile","0.99",61.9004156298877
2026-09-09,"ILI incidence",2026-09-20,3,"NO","median","",19.6155316063014
2026-09-09,"ILI incidence",2026-09-20,3,"NO","quantile","0.01",0
2026-09-09,"ILI incidence",2026-09-20,3,"NO","quantile","0.025",0
2026-09-09,"ILI incidence",2026-09-20,3,"NO","quantile","0.05",0
2026-09-09,"ILI incidence",2026-09-20,3,"NO","quantile","0.1",0
2026-09-09,"ILI incidence",2026-09-20,3,"NO","quantile","0.15",0
2026-09-09,"ILI incidence",2026-09-20,3,"NO","quantile","0.2",0.607316214097672
2026-09-09,"ILI incidence",2026-09-20,3,"NO","quantile","0.25",4.49010243783328
2026-09-09,"ILI incidence",2026-09-20,3,"NO","quantile","0.3",7.82819189279816
2026-09-09,"ILI incidence",2026-09-20,3,"NO","quantile","0.35",10.8167623050483
2026-09-09,"ILI incidence",2026-09-20,3,"NO","quantile","0.4",13.7364968937485
2026-09-09,"ILI incidence",2026-09-20,3,"NO","quantile","0.45",16.4910611176507
2026-09-09,"ILI incidence",2026-09-20,3,"NO","quantile","0.5",19.5758972333714
2026-09-09,"ILI incidence",2026-09-20,3,"NO","quantile","0.55",22.5499270130171
2026-09-09,"ILI incidence",2026-09-20,3,"NO","quantile","0.6",25.2579375808698
2026-09-09,"ILI incidence",2026-09-20,3,"NO","quantile","0.65",28.1916305627073
2026-09-09,"ILI incidence",2026-09-20,3,"NO","quantile","0.7",31.2048856637808
2026-09-09,"ILI incidence",2026-09-20,3,"NO","quantile","0.75",34.9745049648534
2026-09-09,"ILI incidence",2026-09-20,3,"NO","quantile","0.8",38.6723161139386
2026-09-09,"ILI incidence",2026-09-20,3,"NO","quantile","0.85",43.1869812191742
2026-09-09,"ILI incidence",2026-09-20,3,"NO","quantile","0.9",48.9612454955634
2026-09-09,"ILI incidence",2026-09-20,3,"NO","quantile","0.95",56.9643486276859
2026-09-09,"ILI incidence",2026-09-20,3,"NO","quantile","0.975",63.9774663759617
2026-09-09,"ILI incidence",2026-09-20,3,"NO","quantile","0.99",72.0018571902533
2026-09-09,"ILI incidence",2026-09-27,4,"NO","median","",22.511491571172
2026-09-09,"ILI incidence",2026-09-27,4,"NO","quantile","0.01",0
2026-09-09,"ILI incidence",2026-09-27,4,"NO","quantile","0.025",0
2026-09-09,"ILI incidence",2026-09-27,4,"NO","quantile","0.05",0
2026-09-09,"ILI incidence",2026-09-27,4,"NO","quantile","0.1",0
2026-09-09,"ILI incidence",2026-09-27,4,"NO","quantile","0.15",0
2026-09-09,"ILI incidence",2026-09-27,4,"NO","quantile","0.2",0.223338535410447
2026-09-09,"ILI incidence",2026-09-27,4,"NO","quantile","0.25",4.50636733308501
2026-09-09,"ILI incidence",2026-09-27,4,"NO","quantile","0.3",8.68173204560613
2026-09-09,"ILI incidence",2026-09-27,4,"NO","quantile","0.35",12.6817572721294
2026-09-09,"ILI incidence",2026-09-27,4,"NO","quantile","0.4",16.0964610853819
2026-09-09,"ILI incidence",2026-09-27,4,"NO","quantile","0.45",19.3636559311273
2026-09-09,"ILI incidence",2026-09-27,4,"NO","quantile","0.5",22.4151873114546
2026-09-09,"ILI incidence",2026-09-27,4,"NO","quantile","0.55",26.011038504048
2026-09-09,"ILI incidence",2026-09-27,4,"NO","quantile","0.6",29.6138918170028
2026-09-09,"ILI incidence",2026-09-27,4,"NO","quantile","0.65",33.0506700559365
2026-09-09,"ILI incidence",2026-09-27,4,"NO","quantile","0.7",36.8318251544234
2026-09-09,"ILI incidence",2026-09-27,4,"NO","quantile","0.75",40.6724305601288
2026-09-09,"ILI incidence",2026-09-27,4,"NO","quantile","0.8",45.1005972188011
2026-09-09,"ILI incidence",2026-09-27,4,"NO","quantile","0.85",50.1264142939446
2026-09-09,"ILI incidence",2026-09-27,4,"NO","quantile","0.9",56.6737305667357
2026-09-09,"ILI incidence",2026-09-27,4,"NO","quantile","0.95",66.524263511933
2026-09-09,"ILI incidence",2026-09-27,4,"NO","quantile","0.975",74.5423988125359
2026-09-09,"ILI incidence",2026-09-27,4,"NO","quantile","0.99",84.4653278376948
2026-09-09,"ILI incidence",2026-09-06,1,"RO","median","",0.673034627926022
2026-09-09,"ILI incidence",2026-09-06,1,"RO","quantile","0.01",0
2026-09-09,"ILI incidence",2026-09-06,1,"RO","quantile","0.025",0
2026-09-09,"ILI incidence",2026-09-06,1,"RO","quantile","0.05",0
2026-09-09,"ILI incidence",2026-09-06,1,"RO","quantile","0.1",0
2026-09-09,"ILI incidence",2026-09-06,1,"RO","quantile","0.15",0
2026-09-09,"ILI incidence",2026-09-06,1,"RO","quantile","0.2",0
2026-09-09,"ILI incidence",2026-09-06,1,"RO","quantile","0.25",0
2026-09-09,"ILI incidence",2026-09-06,1,"RO","quantile","0.3",0
2026-09-09,"ILI incidence",2026-09-06,1,"RO","quantile","0.35",0
2026-09-09,"ILI incidence",2026-09-06,1,"RO","quantile","0.4",0
2026-09-09,"ILI incidence",2026-09-06,1,"RO","quantile","0.45",0.125310361234506
2026-09-09,"ILI incidence",2026-09-06,1,"RO","quantile","0.5",0.678436213175909
2026-09-09,"ILI incidence",2026-09-06,1,"RO","quantile","0.55",1.23311763765319
2026-09-09,"ILI incidence",2026-09-06,1,"RO","quantile","0.6",1.77929227003111
2026-09-09,"ILI incidence",2026-09-06,1,"RO","quantile","0.65",2.34572430536003
2026-09-09,"ILI incidence",2026-09-06,1,"RO","quantile","0.7",2.88023410652388
2026-09-09,"ILI incidence",2026-09-06,1,"RO","quantile","0.75",3.48310079243151
2026-09-09,"ILI incidence",2026-09-06,1,"RO","quantile","0.8",4.14269860433429
2026-09-09,"ILI incidence",2026-09-06,1,"RO","quantile","0.85",4.89338334791275
2026-09-09,"ILI incidence",2026-09-06,1,"RO","quantile","0.9",5.88722966924793
2026-09-09,"ILI incidence",2026-09-06,1,"RO","quantile","0.95",7.40323096859133
2026-09-09,"ILI incidence",2026-09-06,1,"RO","quantile","0.975",8.92376406047005
2026-09-09,"ILI incidence",2026-09-06,1,"RO","quantile","0.99",10.5149719028603
2026-09-09,"ILI incidence",2026-09-13,2,"RO","median","",1.47063808766679
2026-09-09,"ILI incidence",2026-09-13,2,"RO","quantile","0.01",0
2026-09-09,"ILI incidence",2026-09-13,2,"RO","quantile","0.025",0
2026-09-09,"ILI incidence",2026-09-13,2,"RO","quantile","0.05",0
2026-09-09,"ILI incidence",2026-09-13,2,"RO","quantile","0.1",0
2026-09-09,"ILI incidence",2026-09-13,2,"RO","quantile","0.15",0
2026-09-09,"ILI incidence",2026-09-13,2,"RO","quantile","0.2",0
2026-09-09,"ILI incidence",2026-09-13,2,"RO","quantile","0.25",0
2026-09-09,"ILI incidence",2026-09-13,2,"RO","quantile","0.3",0
2026-09-09,"ILI incidence",2026-09-13,2,"RO","quantile","0.35",0
2026-09-09,"ILI incidence",2026-09-13,2,"RO","quantile","0.4",0
2026-09-09,"ILI incidence",2026-09-13,2,"RO","quantile","0.45",0.63210805025199
2026-09-09,"ILI incidence",2026-09-13,2,"RO","quantile","0.5",1.40131013091762
2026-09-09,"ILI incidence",2026-09-13,2,"RO","quantile","0.55",2.22989267788243
2026-09-09,"ILI incidence",2026-09-13,2,"RO","quantile","0.6",3.0714948093976
2026-09-09,"ILI incidence",2026-09-13,2,"RO","quantile","0.65",3.86437701497406
2026-09-09,"ILI incidence",2026-09-13,2,"RO","quantile","0.7",4.76764781355419
2026-09-09,"ILI incidence",2026-09-13,2,"RO","quantile","0.75",5.65486792479407
2026-09-09,"ILI incidence",2026-09-13,2,"RO","quantile","0.8",6.66489513332333
2026-09-09,"ILI incidence",2026-09-13,2,"RO","quantile","0.85",7.86109076059064
2026-09-09,"ILI incidence",2026-09-13,2,"RO","quantile","0.9",9.42718490165627
2026-09-09,"ILI incidence",2026-09-13,2,"RO","quantile","0.95",11.6187944606005
2026-09-09,"ILI incidence",2026-09-13,2,"RO","quantile","0.975",13.4877498362743
2026-09-09,"ILI incidence",2026-09-13,2,"RO","quantile","0.99",15.7102273273743
2026-09-09,"ILI incidence",2026-09-20,3,"RO","median","",2.26214736609753
2026-09-09,"ILI incidence",2026-09-20,3,"RO","quantile","0.01",0
2026-09-09,"ILI incidence",2026-09-20,3,"RO","quantile","0.025",0
2026-09-09,"ILI incidence",2026-09-20,3,"RO","quantile","0.05",0
2026-09-09,"ILI incidence",2026-09-20,3,"RO","quantile","0.1",0
2026-09-09,"ILI incidence",2026-09-20,3,"RO","quantile","0.15",0
2026-09-09,"ILI incidence",2026-09-20,3,"RO","quantile","0.2",0
2026-09-09,"ILI incidence",2026-09-20,3,"RO","quantile","0.25",0
2026-09-09,"ILI incidence",2026-09-20,3,"RO","quantile","0.3",0
2026-09-09,"ILI incidence",2026-09-20,3,"RO","quantile","0.35",0
2026-09-09,"ILI incidence",2026-09-20,3,"RO","quantile","0.4",0.394407952230354
2026-09-09,"ILI incidence",2026-09-20,3,"RO","quantile","0.45",1.37770327311775
2026-09-09,"ILI incidence",2026-09-20,3,"RO","quantile","0.5",2.25398985149035
2026-09-09,"ILI incidence",2026-09-20,3,"RO","quantile","0.55",3.22615321162344
2026-09-09,"ILI incidence",2026-09-20,3,"RO","quantile","0.6",4.17703410911045
2026-09-09,"ILI incidence",2026-09-20,3,"RO","quantile","0.65",5.22179356106741
2026-09-09,"ILI incidence",2026-09-20,3,"RO","quantile","0.7",6.29200208116671
2026-09-09,"ILI incidence",2026-09-20,3,"RO","quantile","0.75",7.34637707590864
2026-09-09,"ILI incidence",2026-09-20,3,"RO","quantile","0.8",8.56760241093431
2026-09-09,"ILI incidence",2026-09-20,3,"RO","quantile","0.85",10.1132055013569
2026-09-09,"ILI incidence",2026-09-20,3,"RO","quantile","0.9",11.9676334565278
2026-09-09,"ILI incidence",2026-09-20,3,"RO","quantile","0.95",14.6450339406131
2026-09-09,"ILI incidence",2026-09-20,3,"RO","quantile","0.975",17.0339937117817
2026-09-09,"ILI incidence",2026-09-20,3,"RO","quantile","0.99",19.487869196647
2026-09-09,"ILI incidence",2026-09-27,4,"RO","median","",3.01127675479726
2026-09-09,"ILI incidence",2026-09-27,4,"RO","quantile","0.01",0
2026-09-09,"ILI incidence",2026-09-27,4,"RO","quantile","0.025",0
2026-09-09,"ILI incidence",2026-09-27,4,"RO","quantile","0.05",0
2026-09-09,"ILI incidence",2026-09-27,4,"RO","quantile","0.1",0
2026-09-09,"ILI incidence",2026-09-27,4,"RO","quantile","0.15",0
2026-09-09,"ILI incidence",2026-09-27,4,"RO","quantile","0.2",0
2026-09-09,"ILI incidence",2026-09-27,4,"RO","quantile","0.25",0
2026-09-09,"ILI incidence",2026-09-27,4,"RO","quantile","0.3",0
2026-09-09,"ILI incidence",2026-09-27,4,"RO","quantile","0.35",0
2026-09-09,"ILI incidence",2026-09-27,4,"RO","quantile","0.4",0.826341992175525
2026-09-09,"ILI incidence",2026-09-27,4,"RO","quantile","0.45",1.96934320317838
2026-09-09,"ILI incidence",2026-09-27,4,"RO","quantile","0.5",2.99064956393286
2026-09-09,"ILI incidence",2026-09-27,4,"RO","quantile","0.55",4.09452485474215
2026-09-09,"ILI incidence",2026-09-27,4,"RO","quantile","0.6",5.15572748229877
2026-09-09,"ILI incidence",2026-09-27,4,"RO","quantile","0.65",6.24243513349354
2026-09-09,"ILI incidence",2026-09-27,4,"RO","quantile","0.7",7.44013697037435
2026-09-09,"ILI incidence",2026-09-27,4,"RO","quantile","0.75",8.75089832291911
2026-09-09,"ILI incidence",2026-09-27,4,"RO","quantile","0.8",10.0866013217667
2026-09-09,"ILI incidence",2026-09-27,4,"RO","quantile","0.85",11.7539177162794
2026-09-09,"ILI incidence",2026-09-27,4,"RO","quantile","0.9",13.8266626635373
2026-09-09,"ILI incidence",2026-09-27,4,"RO","quantile","0.95",16.9668329218058
2026-09-09,"ILI incidence",2026-09-27,4,"RO","quantile","0.975",19.6890339845994
2026-09-09,"ILI incidence",2026-09-27,4,"RO","quantile","0.99",22.8600236722823
2026-09-09,"ILI incidence",2026-09-06,1,"SI","median","",3.70398842367728
2026-09-09,"ILI incidence",2026-09-06,1,"SI","quantile","0.01",0
2026-09-09,"ILI incidence",2026-09-06,1,"SI","quantile","0.025",0
2026-09-09,"ILI incidence",2026-09-06,1,"SI","quantile","0.05",0
2026-09-09,"ILI incidence",2026-09-06,1,"SI","quantile","0.1",0
2026-09-09,"ILI incidence",2026-09-06,1,"SI","quantile","0.15",0
2026-09-09,"ILI incidence",2026-09-06,1,"SI","quantile","0.2",0
2026-09-09,"ILI incidence",2026-09-06,1,"SI","quantile","0.25",0
2026-09-09,"ILI incidence",2026-09-06,1,"SI","quantile","0.3",0
2026-09-09,"ILI incidence",2026-09-06,1,"SI","quantile","0.35",0
2026-09-09,"ILI incidence",2026-09-06,1,"SI","quantile","0.4",0
2026-09-09,"ILI incidence",2026-09-06,1,"SI","quantile","0.45",0.342618485114441
2026-09-09,"ILI incidence",2026-09-06,1,"SI","quantile","0.5",3.982082004157
2026-09-09,"ILI incidence",2026-09-06,1,"SI","quantile","0.55",7.66761477032051
2026-09-09,"ILI incidence",2026-09-06,1,"SI","quantile","0.6",11.4135537703395
2026-09-09,"ILI incidence",2026-09-06,1,"SI","quantile","0.65",15.5088829193948
2026-09-09,"ILI incidence",2026-09-06,1,"SI","quantile","0.7",19.731849518707
2026-09-09,"ILI incidence",2026-09-06,1,"SI","quantile","0.75",24.0870287260196
2026-09-09,"ILI incidence",2026-09-06,1,"SI","quantile","0.8",28.9564341693346
2026-09-09,"ILI incidence",2026-09-06,1,"SI","quantile","0.85",35.0056535378501
2026-09-09,"ILI incidence",2026-09-06,1,"SI","quantile","0.9",42.6538900998316
2026-09-09,"ILI incidence",2026-09-06,1,"SI","quantile","0.95",53.1251726693428
2026-09-09,"ILI incidence",2026-09-06,1,"SI","quantile","0.975",61.8597191582754
2026-09-09,"ILI incidence",2026-09-06,1,"SI","quantile","0.99",72.8360726197131
2026-09-09,"ILI incidence",2026-09-13,2,"SI","median","",8.63008995708765
2026-09-09,"ILI incidence",2026-09-13,2,"SI","quantile","0.01",0
2026-09-09,"ILI incidence",2026-09-13,2,"SI","quantile","0.025",0
2026-09-09,"ILI incidence",2026-09-13,2,"SI","quantile","0.05",0
2026-09-09,"ILI incidence",2026-09-13,2,"SI","quantile","0.1",0
2026-09-09,"ILI incidence",2026-09-13,2,"SI","quantile","0.15",0
2026-09-09,"ILI incidence",2026-09-13,2,"SI","quantile","0.2",0
2026-09-09,"ILI incidence",2026-09-13,2,"SI","quantile","0.25",0
2026-09-09,"ILI incidence",2026-09-13,2,"SI","quantile","0.3",0
2026-09-09,"ILI incidence",2026-09-13,2,"SI","quantile","0.35",0
2026-09-09,"ILI incidence",2026-09-13,2,"SI","quantile","0.4",0
2026-09-09,"ILI incidence",2026-09-13,2,"SI","quantile","0.45",3.57162002550989
2026-09-09,"ILI incidence",2026-09-13,2,"SI","quantile","0.5",9.1962004467805
2026-09-09,"ILI incidence",2026-09-13,2,"SI","quantile","0.55",14.5906174741509
2026-09-09,"ILI incidence",2026-09-13,2,"SI","quantile","0.6",20.6620997518275
2026-09-09,"ILI incidence",2026-09-13,2,"SI","quantile","0.65",26.6980003328246
2026-09-09,"ILI incidence",2026-09-13,2,"SI","quantile","0.7",33.2281523611373
2026-09-09,"ILI incidence",2026-09-13,2,"SI","quantile","0.75",40.4311354872076
2026-09-09,"ILI incidence",2026-09-13,2,"SI","quantile","0.8",47.8616101498962
2026-09-09,"ILI incidence",2026-09-13,2,"SI","quantile","0.85",56.3705047954643
2026-09-09,"ILI incidence",2026-09-13,2,"SI","quantile","0.9",67.4692999885325
2026-09-09,"ILI incidence",2026-09-13,2,"SI","quantile","0.95",84.3987472630919
2026-09-09,"ILI incidence",2026-09-13,2,"SI","quantile","0.975",99.0972047791524
2026-09-09,"ILI incidence",2026-09-13,2,"SI","quantile","0.99",115.465189573805
2026-09-09,"ILI incidence",2026-09-20,3,"SI","median","",13.7813296843526
2026-09-09,"ILI incidence",2026-09-20,3,"SI","quantile","0.01",0
2026-09-09,"ILI incidence",2026-09-20,3,"SI","quantile","0.025",0
2026-09-09,"ILI incidence",2026-09-20,3,"SI","quantile","0.05",0
2026-09-09,"ILI incidence",2026-09-20,3,"SI","quantile","0.1",0
2026-09-09,"ILI incidence",2026-09-20,3,"SI","quantile","0.15",0
2026-09-09,"ILI incidence",2026-09-20,3,"SI","quantile","0.2",0
2026-09-09,"ILI incidence",2026-09-20,3,"SI","quantile","0.25",0
2026-09-09,"ILI incidence",2026-09-20,3,"SI","quantile","0.3",0
2026-09-09,"ILI incidence",2026-09-20,3,"SI","quantile","0.35",0
2026-09-09,"ILI incidence",2026-09-20,3,"SI","quantile","0.4",0
2026-09-09,"ILI incidence",2026-09-20,3,"SI","quantile","0.45",7.16806301773242
2026-09-09,"ILI incidence",2026-09-20,3,"SI","quantile","0.5",14.7930555963285
2026-09-09,"ILI incidence",2026-09-20,3,"SI","quantile","0.55",21.6807775361604
2026-09-09,"ILI incidence",2026-09-20,3,"SI","quantile","0.6",29.1371166161056
2026-09-09,"ILI incidence",2026-09-20,3,"SI","quantile","0.65",36.6656024953935
2026-09-09,"ILI incidence",2026-09-20,3,"SI","quantile","0.7",45.4317272244328
2026-09-09,"ILI incidence",2026-09-20,3,"SI","quantile","0.75",54.0753811354768
2026-09-09,"ILI incidence",2026-09-20,3,"SI","quantile","0.8",63.7536593184684
2026-09-09,"ILI incidence",2026-09-20,3,"SI","quantile","0.85",75.0324748171486
2026-09-09,"ILI incidence",2026-09-20,3,"SI","quantile","0.9",89.4481012521853
2026-09-09,"ILI incidence",2026-09-20,3,"SI","quantile","0.95",110.105651694851
2026-09-09,"ILI incidence",2026-09-20,3,"SI","quantile","0.975",128.673520803173
2026-09-09,"ILI incidence",2026-09-20,3,"SI","quantile","0.99",150.992586800262
2026-09-09,"ILI incidence",2026-09-27,4,"SI","median","",17.6441486437155
2026-09-09,"ILI incidence",2026-09-27,4,"SI","quantile","0.01",0
2026-09-09,"ILI incidence",2026-09-27,4,"SI","quantile","0.025",0
2026-09-09,"ILI incidence",2026-09-27,4,"SI","quantile","0.05",0
2026-09-09,"ILI incidence",2026-09-27,4,"SI","quantile","0.1",0
2026-09-09,"ILI incidence",2026-09-27,4,"SI","quantile","0.15",0
2026-09-09,"ILI incidence",2026-09-27,4,"SI","quantile","0.2",0
2026-09-09,"ILI incidence",2026-09-27,4,"SI","quantile","0.25",0
2026-09-09,"ILI incidence",2026-09-27,4,"SI","quantile","0.3",0
2026-09-09,"ILI incidence",2026-09-27,4,"SI","quantile","0.35",0
2026-09-09,"ILI incidence",2026-09-27,4,"SI","quantile","0.4",0.878414957578113
2026-09-09,"ILI incidence",2026-09-27,4,"SI","quantile","0.45",8.96816417894116
2026-09-09,"ILI incidence",2026-09-27,4,"SI","quantile","0.5",17.4970637026365
2026-09-09,"ILI incidence",2026-09-27,4,"SI","quantile","0.55",26.224967532654
2026-09-09,"ILI incidence",2026-09-27,4,"SI","quantile","0.6",34.3640236427488
2026-09-09,"ILI incidence",2026-09-27,4,"SI","quantile","0.65",43.7916973929862
2026-09-09,"ILI incidence",2026-09-27,4,"SI","quantile","0.7",52.7233106618285
2026-09-09,"ILI incidence",2026-09-27,4,"SI","quantile","0.75",62.4472438180444
2026-09-09,"ILI incidence",2026-09-27,4,"SI","quantile","0.8",72.0879231069549
2026-09-09,"ILI incidence",2026-09-27,4,"SI","quantile","0.85",85.6063422499445
2026-09-09,"ILI incidence",2026-09-27,4,"SI","quantile","0.9",101.414400122748
2026-09-09,"ILI incidence",2026-09-27,4,"SI","quantile","0.95",124.281906202187
2026-09-09,"ILI incidence",2026-09-27,4,"SI","quantile","0.975",144.521020883543
2026-09-09,"ILI incidence",2026-09-27,4,"SI","quantile","0.99",168.461663181701
