origin_date,target,target_end_date,horizon,location,output_type,output_type_id,value
2026-08-12,ILI incidence,2026-08-09,1,BE,quantile,0.25,9.019220978588695
2026-08-12,ILI incidence,2026-08-09,1,BE,quantile,0.15,8.123326421425771
2026-08-12,ILI incidence,2026-08-09,1,BE,quantile,0.2,8.594677654100177
2026-08-12,ILI incidence,2026-08-09,1,BE,quantile,0.1,7.520209848274314
2026-08-12,ILI incidence,2026-08-09,1,BE,quantile,0.05,6.725546466796117
2026-08-12,ILI incidence,2026-08-09,1,BE,quantile,0.01,5.553471985197681
2026-08-12,ILI incidence,2026-08-09,1,BE,quantile,0.025,6.1575203929028
2026-08-12,ILI incidence,2026-08-09,1,BE,quantile,0.3,9.435376233550379
2026-08-12,ILI incidence,2026-08-09,1,BE,quantile,0.975,19.609345743086553
2026-08-12,ILI incidence,2026-08-09,1,BE,quantile,0.99,21.66870177935515
2026-08-12,ILI incidence,2026-08-09,1,BE,quantile,0.6,11.798142968490312
2026-08-12,ILI incidence,2026-08-09,1,BE,quantile,0.65,12.25284644266359
2026-08-12,ILI incidence,2026-08-09,1,BE,quantile,0.35,9.817370842416693
2026-08-12,ILI incidence,2026-08-09,1,BE,quantile,0.4,10.194401852765699
2026-08-12,ILI incidence,2026-08-09,1,BE,quantile,0.5,10.977735626017784
2026-08-12,ILI incidence,2026-08-09,1,BE,quantile,0.55,11.383201531334269
2026-08-12,ILI incidence,2026-08-09,1,BE,quantile,0.45,10.569768807776397
2026-08-12,ILI incidence,2026-08-09,1,BE,quantile,0.8,14.041559518771784
2026-08-12,ILI incidence,2026-08-09,1,BE,quantile,0.85,14.886056181818997
2026-08-12,ILI incidence,2026-08-09,1,BE,quantile,0.9,15.968242022286391
2026-08-12,ILI incidence,2026-08-09,1,BE,quantile,0.95,17.688853843447145
2026-08-12,ILI incidence,2026-08-09,1,BE,quantile,0.7,12.774272503241228
2026-08-12,ILI incidence,2026-08-09,1,BE,quantile,0.75,13.382188347892521
2026-08-12,ILI incidence,2026-08-09,1,BE,median,,10.977735626017784
2026-08-12,ILI incidence,2026-08-16,2,BE,quantile,0.45,18.062381320878448
2026-08-12,ILI incidence,2026-08-16,2,BE,quantile,0.5,18.64949098954844
2026-08-12,ILI incidence,2026-08-16,2,BE,quantile,0.55,19.27038059031726
2026-08-12,ILI incidence,2026-08-16,2,BE,quantile,0.95,27.999592368561526
2026-08-12,ILI incidence,2026-08-16,2,BE,quantile,0.99,33.32592161701942
2026-08-12,ILI incidence,2026-08-16,2,BE,quantile,0.85,24.000550448541937
2026-08-12,ILI incidence,2026-08-16,2,BE,quantile,0.9,25.496467615882278
2026-08-12,ILI incidence,2026-08-16,2,BE,quantile,0.4,17.4836489682559
2026-08-12,ILI incidence,2026-08-16,2,BE,quantile,0.975,30.539391030505758
2026-08-12,ILI incidence,2026-08-16,2,BE,quantile,0.35,16.91191896944603
2026-08-12,ILI incidence,2026-08-16,2,BE,quantile,0.6,19.84334593058165
2026-08-12,ILI incidence,2026-08-16,2,BE,quantile,0.65,20.513125035530106
2026-08-12,ILI incidence,2026-08-16,2,BE,quantile,0.7,21.205021236846715
2026-08-12,ILI incidence,2026-08-16,2,BE,quantile,0.75,21.926689113548104
2026-08-12,ILI incidence,2026-08-16,2,BE,quantile,0.8,22.88262608839561
2026-08-12,ILI incidence,2026-08-16,2,BE,quantile,0.15,14.464141946792232
2026-08-12,ILI incidence,2026-08-16,2,BE,quantile,0.2,15.157655070674391
2026-08-12,ILI incidence,2026-08-16,2,BE,quantile,0.25,15.785161476202274
2026-08-12,ILI incidence,2026-08-16,2,BE,quantile,0.3,16.353179237336878
2026-08-12,ILI incidence,2026-08-16,2,BE,quantile,0.01,10.686652924936695
2026-08-12,ILI incidence,2026-08-16,2,BE,quantile,0.025,11.609341807695564
2026-08-12,ILI incidence,2026-08-16,2,BE,quantile,0.05,12.490973906976533
2026-08-12,ILI incidence,2026-08-16,2,BE,quantile,0.1,13.595506083480586
2026-08-12,ILI incidence,2026-08-16,2,BE,median,,18.64949098954844
2026-08-12,ILI incidence,2026-08-23,3,BE,quantile,0.01,4.894701133804224
2026-08-12,ILI incidence,2026-08-23,3,BE,quantile,0.025,5.580404705637905
2026-08-12,ILI incidence,2026-08-23,3,BE,quantile,0.8,14.80373891453678
2026-08-12,ILI incidence,2026-08-23,3,BE,quantile,0.85,15.950884768008297
2026-08-12,ILI incidence,2026-08-23,3,BE,quantile,0.9,17.371565641206193
2026-08-12,ILI incidence,2026-08-23,3,BE,quantile,0.75,13.939730308620375
2026-08-12,ILI incidence,2026-08-23,3,BE,quantile,0.7,13.247313085395865
2026-08-12,ILI incidence,2026-08-23,3,BE,quantile,0.3,9.20020744462616
2026-08-12,ILI incidence,2026-08-23,3,BE,quantile,0.05,6.232498692340036
2026-08-12,ILI incidence,2026-08-23,3,BE,quantile,0.65,12.657677418916325
2026-08-12,ILI incidence,2026-08-23,3,BE,quantile,0.6,12.04857732594673
2026-08-12,ILI incidence,2026-08-23,3,BE,quantile,0.55,11.541104960138142
2026-08-12,ILI incidence,2026-08-23,3,BE,quantile,0.35,9.66654739577229
2026-08-12,ILI incidence,2026-08-23,3,BE,quantile,0.99,25.147095641848235
2026-08-12,ILI incidence,2026-08-23,3,BE,quantile,0.975,22.279107235012532
2026-08-12,ILI incidence,2026-08-23,3,BE,quantile,0.5,11.063445072331081
2026-08-12,ILI incidence,2026-08-23,3,BE,quantile,0.45,10.577140736207618
2026-08-12,ILI incidence,2026-08-23,3,BE,quantile,0.4,10.122401893844529
2026-08-12,ILI incidence,2026-08-23,3,BE,quantile,0.1,7.080166111932313
2026-08-12,ILI incidence,2026-08-23,3,BE,quantile,0.25,8.715219059760209
2026-08-12,ILI incidence,2026-08-23,3,BE,quantile,0.95,19.835693280197887
2026-08-12,ILI incidence,2026-08-23,3,BE,quantile,0.2,8.2757315006616
2026-08-12,ILI incidence,2026-08-23,3,BE,quantile,0.15,7.739279941567835
2026-08-12,ILI incidence,2026-08-23,3,BE,median,,11.063445072331081
2026-08-12,ILI incidence,2026-08-30,4,BE,quantile,0.1,11.99366179977665
2026-08-12,ILI incidence,2026-08-30,4,BE,quantile,0.15,12.749133440962263
2026-08-12,ILI incidence,2026-08-30,4,BE,quantile,0.2,13.372574037964238
2026-08-12,ILI incidence,2026-08-30,4,BE,quantile,0.25,13.971226645524156
2026-08-12,ILI incidence,2026-08-30,4,BE,quantile,0.3,14.545825727609657
2026-08-12,ILI incidence,2026-08-30,4,BE,quantile,0.025,10.161870494480214
2026-08-12,ILI incidence,2026-08-30,4,BE,quantile,0.05,11.041337999868524
2026-08-12,ILI incidence,2026-08-30,4,BE,quantile,0.45,16.068834172714137
2026-08-12,ILI incidence,2026-08-30,4,BE,quantile,0.6,17.68077136483402
2026-08-12,ILI incidence,2026-08-30,4,BE,quantile,0.65,18.25750364670513
2026-08-12,ILI incidence,2026-08-30,4,BE,quantile,0.7,18.878320973472853
2026-08-12,ILI incidence,2026-08-30,4,BE,quantile,0.95,24.997521254349017
2026-08-12,ILI incidence,2026-08-30,4,BE,quantile,0.01,9.241181017520663
2026-08-12,ILI incidence,2026-08-30,4,BE,quantile,0.75,19.62742904779342
2026-08-12,ILI incidence,2026-08-30,4,BE,quantile,0.8,20.47698809864922
2026-08-12,ILI incidence,2026-08-30,4,BE,quantile,0.975,27.097898859955116
2026-08-12,ILI incidence,2026-08-30,4,BE,quantile,0.35,15.064361813777591
2026-08-12,ILI incidence,2026-08-30,4,BE,quantile,0.4,15.573288687935856
2026-08-12,ILI incidence,2026-08-30,4,BE,quantile,0.5,16.61391627623943
2026-08-12,ILI incidence,2026-08-30,4,BE,quantile,0.55,17.121057379574655
2026-08-12,ILI incidence,2026-08-30,4,BE,quantile,0.99,29.900399188677937
2026-08-12,ILI incidence,2026-08-30,4,BE,quantile,0.85,21.49648274317566
2026-08-12,ILI incidence,2026-08-30,4,BE,quantile,0.9,22.942816006569267
2026-08-12,ILI incidence,2026-08-30,4,BE,median,,16.61391627623943
2026-08-12,ILI incidence,2026-08-09,1,CH,quantile,0.9,12.297081892476148
2026-08-12,ILI incidence,2026-08-09,1,CH,quantile,0.95,14.236494702762853
2026-08-12,ILI incidence,2026-08-09,1,CH,quantile,0.975,16.193472187530645
2026-08-12,ILI incidence,2026-08-09,1,CH,quantile,0.99,18.51168962558328
2026-08-12,ILI incidence,2026-08-09,1,CH,quantile,0.65,8.55463292787407
2026-08-12,ILI incidence,2026-08-09,1,CH,quantile,0.025,3.2695004832387604
2026-08-12,ILI incidence,2026-08-09,1,CH,quantile,0.05,3.6940255115099236
2026-08-12,ILI incidence,2026-08-09,1,CH,quantile,0.3,5.883111097609094
2026-08-12,ILI incidence,2026-08-09,1,CH,quantile,0.35,6.218798621544952
2026-08-12,ILI incidence,2026-08-09,1,CH,quantile,0.45,6.9252069113764385
2026-08-12,ILI incidence,2026-08-09,1,CH,quantile,0.01,2.8389960626723116
2026-08-12,ILI incidence,2026-08-09,1,CH,quantile,0.55,7.690539995156124
2026-08-12,ILI incidence,2026-08-09,1,CH,quantile,0.7,9.049609490041407
2026-08-12,ILI incidence,2026-08-09,1,CH,quantile,0.75,9.601010474361198
2026-08-12,ILI incidence,2026-08-09,1,CH,quantile,0.5,7.316234078107138
2026-08-12,ILI incidence,2026-08-09,1,CH,quantile,0.8,10.263304526441765
2026-08-12,ILI incidence,2026-08-09,1,CH,quantile,0.85,11.087557138253544
2026-08-12,ILI incidence,2026-08-09,1,CH,quantile,0.1,4.308810102362735
2026-08-12,ILI incidence,2026-08-09,1,CH,quantile,0.15,4.754707769630421
2026-08-12,ILI incidence,2026-08-09,1,CH,quantile,0.25,5.545594065143404
2026-08-12,ILI incidence,2026-08-09,1,CH,quantile,0.6,8.095581924203984
2026-08-12,ILI incidence,2026-08-09,1,CH,quantile,0.2,5.181263547491813
2026-08-12,ILI incidence,2026-08-09,1,CH,quantile,0.4,6.562030211894168
2026-08-12,ILI incidence,2026-08-09,1,CH,median,,7.316234078107138
2026-08-12,ILI incidence,2026-08-16,2,CH,quantile,0.1,5.159999227061501
2026-08-12,ILI incidence,2026-08-16,2,CH,quantile,0.05,4.382211506646317
2026-08-12,ILI incidence,2026-08-16,2,CH,quantile,0.025,3.798024363954482
2026-08-12,ILI incidence,2026-08-16,2,CH,quantile,0.35,7.6512299329344255
2026-08-12,ILI incidence,2026-08-16,2,CH,quantile,0.65,10.842769771600747
2026-08-12,ILI incidence,2026-08-16,2,CH,quantile,0.85,14.458649225393799
2026-08-12,ILI incidence,2026-08-16,2,CH,quantile,0.01,3.2152008800438163
2026-08-12,ILI incidence,2026-08-16,2,CH,quantile,0.15,5.714570268787245
2026-08-12,ILI incidence,2026-08-16,2,CH,quantile,0.25,6.73152534150919
2026-08-12,ILI incidence,2026-08-16,2,CH,quantile,0.3,7.191941031571624
2026-08-12,ILI incidence,2026-08-16,2,CH,quantile,0.5,9.089374740812541
2026-08-12,ILI incidence,2026-08-16,2,CH,quantile,0.8,13.26410858269858
2026-08-12,ILI incidence,2026-08-16,2,CH,quantile,0.9,16.30116737389472
2026-08-12,ILI incidence,2026-08-16,2,CH,quantile,0.2,6.224305070195504
2026-08-12,ILI incidence,2026-08-16,2,CH,quantile,0.55,9.637257133115913
2026-08-12,ILI incidence,2026-08-16,2,CH,quantile,0.45,8.599560885654487
2026-08-12,ILI incidence,2026-08-16,2,CH,quantile,0.75,12.364141050281965
2026-08-12,ILI incidence,2026-08-16,2,CH,quantile,0.4,8.127742625051921
2026-08-12,ILI incidence,2026-08-16,2,CH,quantile,0.6,10.226324113558844
2026-08-12,ILI incidence,2026-08-16,2,CH,quantile,0.7,11.553073064999909
2026-08-12,ILI incidence,2026-08-16,2,CH,quantile,0.95,19.367886760675358
2026-08-12,ILI incidence,2026-08-16,2,CH,quantile,0.975,22.36447796321785
2026-08-12,ILI incidence,2026-08-16,2,CH,quantile,0.99,25.84808546917065
2026-08-12,ILI incidence,2026-08-16,2,CH,median,,9.089374740812541
2026-08-12,ILI incidence,2026-08-23,3,CH,quantile,0.75,11.471283770441245
2026-08-12,ILI incidence,2026-08-23,3,CH,quantile,0.8,11.876566390989298
2026-08-12,ILI incidence,2026-08-23,3,CH,quantile,0.99,15.79790902108306
2026-08-12,ILI incidence,2026-08-23,3,CH,quantile,0.9,12.931255528685695
2026-08-12,ILI incidence,2026-08-23,3,CH,quantile,0.975,14.709340766025644
2026-08-12,ILI incidence,2026-08-23,3,CH,quantile,0.85,12.364318890875959
2026-08-12,ILI incidence,2026-08-23,3,CH,quantile,0.95,13.870422720809366
2026-08-12,ILI incidence,2026-08-23,3,CH,quantile,0.7,11.117254340333291
2026-08-12,ILI incidence,2026-08-23,3,CH,quantile,0.65,10.843004159261707
2026-08-12,ILI incidence,2026-08-23,3,CH,quantile,0.6,10.540751220756668
2026-08-12,ILI incidence,2026-08-23,3,CH,quantile,0.05,7.33848614659783
2026-08-12,ILI incidence,2026-08-23,3,CH,quantile,0.25,8.796252439863762
2026-08-12,ILI incidence,2026-08-23,3,CH,quantile,0.3,9.072968975152902
2026-08-12,ILI incidence,2026-08-23,3,CH,quantile,0.55,10.285792101066408
2026-08-12,ILI incidence,2026-08-23,3,CH,quantile,0.5,10.04858893241426
2026-08-12,ILI incidence,2026-08-23,3,CH,quantile,0.2,8.542519862482324
2026-08-12,ILI incidence,2026-08-23,3,CH,quantile,0.45,9.813817583601832
2026-08-12,ILI incidence,2026-08-23,3,CH,quantile,0.35,9.333159553707127
2026-08-12,ILI incidence,2026-08-23,3,CH,quantile,0.025,6.9638730873290084
2026-08-12,ILI incidence,2026-08-23,3,CH,quantile,0.15,8.23633174962103
2026-08-12,ILI incidence,2026-08-23,3,CH,quantile,0.4,9.583480732372779
2026-08-12,ILI incidence,2026-08-23,3,CH,quantile,0.1,7.851653913395033
2026-08-12,ILI incidence,2026-08-23,3,CH,quantile,0.01,6.492377599458344
2026-08-12,ILI incidence,2026-08-23,3,CH,median,,10.04858893241426
2026-08-12,ILI incidence,2026-08-30,4,CH,quantile,0.99,14.169116185575213
2026-08-12,ILI incidence,2026-08-30,4,CH,quantile,0.975,13.014540553886764
2026-08-12,ILI incidence,2026-08-30,4,CH,quantile,0.95,11.928102486130005
2026-08-12,ILI incidence,2026-08-30,4,CH,quantile,0.05,4.887985956290737
2026-08-12,ILI incidence,2026-08-30,4,CH,quantile,0.025,4.483172006514159
2026-08-12,ILI incidence,2026-08-30,4,CH,quantile,0.2,6.094184495161613
2026-08-12,ILI incidence,2026-08-30,4,CH,quantile,0.9,10.854952840201094
2026-08-12,ILI incidence,2026-08-30,4,CH,quantile,0.01,4.020808837122061
2026-08-12,ILI incidence,2026-08-30,4,CH,quantile,0.25,6.3794997058096765
2026-08-12,ILI incidence,2026-08-30,4,CH,quantile,0.1,5.390382381220272
2026-08-12,ILI incidence,2026-08-30,4,CH,quantile,0.15,5.790438745843177
2026-08-12,ILI incidence,2026-08-30,4,CH,quantile,0.85,10.13799175123802
2026-08-12,ILI incidence,2026-08-30,4,CH,quantile,0.75,9.184301714730832
2026-08-12,ILI incidence,2026-08-30,4,CH,quantile,0.8,9.61108255193412
2026-08-12,ILI incidence,2026-08-30,4,CH,quantile,0.65,8.476612065322486
2026-08-12,ILI incidence,2026-08-30,4,CH,quantile,0.7,8.809461559241447
2026-08-12,ILI incidence,2026-08-30,4,CH,quantile,0.4,7.153968465198268
2026-08-12,ILI incidence,2026-08-30,4,CH,quantile,0.45,7.397265388749599
2026-08-12,ILI incidence,2026-08-30,4,CH,quantile,0.6,8.195377019249658
2026-08-12,ILI incidence,2026-08-30,4,CH,quantile,0.35,6.900149661453916
2026-08-12,ILI incidence,2026-08-30,4,CH,quantile,0.5,7.657749492808511
2026-08-12,ILI incidence,2026-08-30,4,CH,quantile,0.55,7.929220210080686
2026-08-12,ILI incidence,2026-08-30,4,CH,quantile,0.3,6.642284165206423
2026-08-12,ILI incidence,2026-08-30,4,CH,median,,7.657749492808511
2026-08-12,ILI incidence,2026-08-09,1,DK,quantile,0.95,214.37337913094638
2026-08-12,ILI incidence,2026-08-09,1,DK,quantile,0.7,124.626556213004
2026-08-12,ILI incidence,2026-08-09,1,DK,quantile,0.975,251.3378564939078
2026-08-12,ILI incidence,2026-08-09,1,DK,quantile,0.99,302.8250382734798
2026-08-12,ILI incidence,2026-08-09,1,DK,quantile,0.9,179.85480350559152
2026-08-12,ILI incidence,2026-08-09,1,DK,quantile,0.65,117.03249124629353
2026-08-12,ILI incidence,2026-08-09,1,DK,quantile,0.85,159.59734917648638
2026-08-12,ILI incidence,2026-08-09,1,DK,quantile,0.3,76.61158223278875
2026-08-12,ILI incidence,2026-08-09,1,DK,quantile,0.8,146.3468960583487
2026-08-12,ILI incidence,2026-08-09,1,DK,quantile,0.6,110.0430670682105
2026-08-12,ILI incidence,2026-08-09,1,DK,quantile,0.55,104.24882305415629
2026-08-12,ILI incidence,2026-08-09,1,DK,quantile,0.75,134.5961510562304
2026-08-12,ILI incidence,2026-08-09,1,DK,quantile,0.5,98.35013689927592
2026-08-12,ILI incidence,2026-08-09,1,DK,quantile,0.35,81.98764590218084
2026-08-12,ILI incidence,2026-08-09,1,DK,quantile,0.45,93.00786085279272
2026-08-12,ILI incidence,2026-08-09,1,DK,quantile,0.25,71.37472688180468
2026-08-12,ILI incidence,2026-08-09,1,DK,quantile,0.15,60.231068391301484
2026-08-12,ILI incidence,2026-08-09,1,DK,quantile,0.4,87.36227707148326
2026-08-12,ILI incidence,2026-08-09,1,DK,quantile,0.2,66.00954908963978
2026-08-12,ILI incidence,2026-08-09,1,DK,quantile,0.1,53.79895654160279
2026-08-12,ILI incidence,2026-08-09,1,DK,quantile,0.05,44.85356138875614
2026-08-12,ILI incidence,2026-08-09,1,DK,quantile,0.01,33.0855804012177
2026-08-12,ILI incidence,2026-08-09,1,DK,quantile,0.025,38.51537566047292
2026-08-12,ILI incidence,2026-08-09,1,DK,median,,98.35013689927592
2026-08-12,ILI incidence,2026-08-16,2,DK,quantile,0.5,87.15594915107768
2026-08-12,ILI incidence,2026-08-16,2,DK,quantile,0.4,81.29603139827819
2026-08-12,ILI incidence,2026-08-16,2,DK,quantile,0.45,84.3167784159568
2026-08-12,ILI incidence,2026-08-16,2,DK,quantile,0.025,48.4445348490833
2026-08-12,ILI incidence,2026-08-16,2,DK,quantile,0.05,53.439868802311366
2026-08-12,ILI incidence,2026-08-16,2,DK,quantile,0.3,74.99787590631115
2026-08-12,ILI incidence,2026-08-16,2,DK,quantile,0.35,78.33285993485242
2026-08-12,ILI incidence,2026-08-16,2,DK,quantile,0.1,59.33670896874032
2026-08-12,ILI incidence,2026-08-16,2,DK,quantile,0.25,71.75295325583235
2026-08-12,ILI incidence,2026-08-16,2,DK,quantile,0.15,64.47766157151571
2026-08-12,ILI incidence,2026-08-16,2,DK,quantile,0.55,90.30212856902762
2026-08-12,ILI incidence,2026-08-16,2,DK,quantile,0.2,68.26486339642263
2026-08-12,ILI incidence,2026-08-16,2,DK,quantile,0.6,93.89180992145886
2026-08-12,ILI incidence,2026-08-16,2,DK,quantile,0.01,43.130859562403145
2026-08-12,ILI incidence,2026-08-16,2,DK,quantile,0.65,97.64501801547812
2026-08-12,ILI incidence,2026-08-16,2,DK,quantile,0.7,101.70246479481447
2026-08-12,ILI incidence,2026-08-16,2,DK,quantile,0.75,106.3773488832008
2026-08-12,ILI incidence,2026-08-16,2,DK,quantile,0.85,118.52394823905045
2026-08-12,ILI incidence,2026-08-16,2,DK,quantile,0.9,127.07308797681294
2026-08-12,ILI incidence,2026-08-16,2,DK,quantile,0.8,111.78414951337295
2026-08-12,ILI incidence,2026-08-16,2,DK,quantile,0.95,141.44527460761407
2026-08-12,ILI incidence,2026-08-16,2,DK,quantile,0.99,172.67627659064604
2026-08-12,ILI incidence,2026-08-16,2,DK,quantile,0.975,155.18289421186282
2026-08-12,ILI incidence,2026-08-16,2,DK,median,,87.15594915107768
2026-08-12,ILI incidence,2026-08-23,3,DK,quantile,0.025,51.05045848619868
2026-08-12,ILI incidence,2026-08-23,3,DK,quantile,0.05,58.26414178610282
2026-08-12,ILI incidence,2026-08-23,3,DK,quantile,0.1,67.0361226071124
2026-08-12,ILI incidence,2026-08-23,3,DK,quantile,0.15,73.58000807406205
2026-08-12,ILI incidence,2026-08-23,3,DK,quantile,0.25,85.52993827073296
2026-08-12,ILI incidence,2026-08-23,3,DK,quantile,0.3,90.4311760312626
2026-08-12,ILI incidence,2026-08-23,3,DK,quantile,0.2,79.80744838379337
2026-08-12,ILI incidence,2026-08-23,3,DK,quantile,0.35,95.70706382952645
2026-08-12,ILI incidence,2026-08-23,3,DK,quantile,0.01,44.56060406817542
2026-08-12,ILI incidence,2026-08-23,3,DK,quantile,0.99,280.50707341004625
2026-08-12,ILI incidence,2026-08-23,3,DK,quantile,0.975,241.52272931618745
2026-08-12,ILI incidence,2026-08-23,3,DK,quantile,0.95,211.8271577119361
2026-08-12,ILI incidence,2026-08-23,3,DK,quantile,0.75,145.26276770261734
2026-08-12,ILI incidence,2026-08-23,3,DK,quantile,0.85,167.5965362020362
2026-08-12,ILI incidence,2026-08-23,3,DK,quantile,0.9,184.78744482637356
2026-08-12,ILI incidence,2026-08-23,3,DK,quantile,0.8,154.54880322067424
2026-08-12,ILI incidence,2026-08-23,3,DK,quantile,0.7,137.2404560232137
2026-08-12,ILI incidence,2026-08-23,3,DK,quantile,0.4,100.91998389358068
2026-08-12,ILI incidence,2026-08-23,3,DK,quantile,0.5,111.61695271976504
2026-08-12,ILI incidence,2026-08-23,3,DK,quantile,0.6,123.32858050838522
2026-08-12,ILI incidence,2026-08-23,3,DK,quantile,0.65,130.12120497661468
2026-08-12,ILI incidence,2026-08-23,3,DK,quantile,0.55,117.30376253285569
2026-08-12,ILI incidence,2026-08-23,3,DK,quantile,0.45,106.27446451408144
2026-08-12,ILI incidence,2026-08-23,3,DK,median,,111.61695271976504
2026-08-12,ILI incidence,2026-08-30,4,DK,quantile,0.4,83.70845214817791
2026-08-12,ILI incidence,2026-08-30,4,DK,quantile,0.3,74.46246033463137
2026-08-12,ILI incidence,2026-08-30,4,DK,quantile,0.35,78.93750613440078
2026-08-12,ILI incidence,2026-08-30,4,DK,quantile,0.25,69.94665744724252
2026-08-12,ILI incidence,2026-08-30,4,DK,quantile,0.45,88.23944749617647
2026-08-12,ILI incidence,2026-08-30,4,DK,quantile,0.025,40.08745373693119
2026-08-12,ILI incidence,2026-08-30,4,DK,quantile,0.2,65.02701649298929
2026-08-12,ILI incidence,2026-08-30,4,DK,quantile,0.15,60.06912826984359
2026-08-12,ILI incidence,2026-08-30,4,DK,quantile,0.01,33.81351445013686
2026-08-12,ILI incidence,2026-08-30,4,DK,quantile,0.05,45.97472509810665
2026-08-12,ILI incidence,2026-08-30,4,DK,quantile,0.1,53.87821237346541
2026-08-12,ILI incidence,2026-08-30,4,DK,quantile,0.75,125.20232055154996
2026-08-12,ILI incidence,2026-08-30,4,DK,quantile,0.5,93.25415441306585
2026-08-12,ILI incidence,2026-08-30,4,DK,quantile,0.8,134.67275502337367
2026-08-12,ILI incidence,2026-08-30,4,DK,quantile,0.99,258.0386041494342
2026-08-12,ILI incidence,2026-08-30,4,DK,quantile,0.9,163.15106923237886
2026-08-12,ILI incidence,2026-08-30,4,DK,quantile,0.85,146.75814954612213
2026-08-12,ILI incidence,2026-08-30,4,DK,quantile,0.55,98.55312363780502
2026-08-12,ILI incidence,2026-08-30,4,DK,quantile,0.7,117.0474746061445
2026-08-12,ILI incidence,2026-08-30,4,DK,quantile,0.65,110.06345494003989
2026-08-12,ILI incidence,2026-08-30,4,DK,quantile,0.6,104.26702980044594
2026-08-12,ILI incidence,2026-08-30,4,DK,quantile,0.95,191.00575449340974
2026-08-12,ILI incidence,2026-08-30,4,DK,quantile,0.975,217.35674180325952
2026-08-12,ILI incidence,2026-08-30,4,DK,median,,93.25415441306585
2026-08-12,ILI incidence,2026-08-09,1,EE,quantile,0.025,20.183156663384285
2026-08-12,ILI incidence,2026-08-09,1,EE,quantile,0.15,33.14368174371437
2026-08-12,ILI incidence,2026-08-09,1,EE,quantile,0.1,28.92796160978835
2026-08-12,ILI incidence,2026-08-09,1,EE,quantile,0.01,16.280470556472846
2026-08-12,ILI incidence,2026-08-09,1,EE,quantile,0.2,37.22987483633902
2026-08-12,ILI incidence,2026-08-09,1,EE,quantile,0.25,40.875290373584285
2026-08-12,ILI incidence,2026-08-09,1,EE,quantile,0.05,24.1449566882941
2026-08-12,ILI incidence,2026-08-09,1,EE,quantile,0.3,44.446984489565324
2026-08-12,ILI incidence,2026-08-09,1,EE,quantile,0.6,68.3539480575628
2026-08-12,ILI incidence,2026-08-09,1,EE,quantile,0.65,73.28109844995299
2026-08-12,ILI incidence,2026-08-09,1,EE,quantile,0.7,79.07249284755639
2026-08-12,ILI incidence,2026-08-09,1,EE,quantile,0.75,86.1732798386076
2026-08-12,ILI incidence,2026-08-09,1,EE,quantile,0.8,95.08979770488554
2026-08-12,ILI incidence,2026-08-09,1,EE,quantile,0.35,47.89223587340268
2026-08-12,ILI incidence,2026-08-09,1,EE,quantile,0.5,59.527233621673716
2026-08-12,ILI incidence,2026-08-09,1,EE,quantile,0.55,63.8074042236586
2026-08-12,ILI incidence,2026-08-09,1,EE,quantile,0.975,178.2174400502488
2026-08-12,ILI incidence,2026-08-09,1,EE,quantile,0.95,147.98053941990057
2026-08-12,ILI incidence,2026-08-09,1,EE,quantile,0.4,51.47872368777185
2026-08-12,ILI incidence,2026-08-09,1,EE,quantile,0.45,55.29276554830216
2026-08-12,ILI incidence,2026-08-09,1,EE,quantile,0.9,121.45171110202615
2026-08-12,ILI incidence,2026-08-09,1,EE,quantile,0.85,106.34067464491851
2026-08-12,ILI incidence,2026-08-09,1,EE,quantile,0.99,218.8047627506131
2026-08-12,ILI incidence,2026-08-09,1,EE,median,,59.527233621673716
2026-08-12,ILI incidence,2026-08-16,2,EE,quantile,0.15,11.951162046555666
2026-08-12,ILI incidence,2026-08-16,2,EE,quantile,0.2,14.842619355760373
2026-08-12,ILI incidence,2026-08-16,2,EE,quantile,0.25,17.771572201568556
2026-08-12,ILI incidence,2026-08-16,2,EE,quantile,0.975,354.2072134950737
2026-08-12,ILI incidence,2026-08-16,2,EE,quantile,0.99,538.3568929274768
2026-08-12,ILI incidence,2026-08-16,2,EE,quantile,0.95,247.8403787396569
2026-08-12,ILI incidence,2026-08-16,2,EE,quantile,0.1,9.025144094314646
2026-08-12,ILI incidence,2026-08-16,2,EE,quantile,0.75,81.24921462660292
2026-08-12,ILI incidence,2026-08-16,2,EE,quantile,0.85,124.70494046666535
2026-08-12,ILI incidence,2026-08-16,2,EE,quantile,0.05,5.787362874315189
2026-08-12,ILI incidence,2026-08-16,2,EE,quantile,0.8,100.19740448625001
2026-08-12,ILI incidence,2026-08-16,2,EE,quantile,0.9,164.17192842867576
2026-08-12,ILI incidence,2026-08-16,2,EE,quantile,0.45,33.516053172360934
2026-08-12,ILI incidence,2026-08-16,2,EE,quantile,0.6,51.274551632466164
2026-08-12,ILI incidence,2026-08-16,2,EE,quantile,0.5,38.76834630629933
2026-08-12,ILI incidence,2026-08-16,2,EE,quantile,0.01,2.606586844073141
2026-08-12,ILI incidence,2026-08-16,2,EE,quantile,0.3,21.129519229540282
2026-08-12,ILI incidence,2026-08-16,2,EE,quantile,0.7,69.3596426776914
2026-08-12,ILI incidence,2026-08-16,2,EE,quantile,0.65,59.42903869710216
2026-08-12,ILI incidence,2026-08-16,2,EE,quantile,0.55,44.579798455191394
2026-08-12,ILI incidence,2026-08-16,2,EE,quantile,0.025,3.9574547731981857
2026-08-12,ILI incidence,2026-08-16,2,EE,quantile,0.4,28.83899856358333
2026-08-12,ILI incidence,2026-08-16,2,EE,quantile,0.35,24.851754341506293
2026-08-12,ILI incidence,2026-08-16,2,EE,median,,38.76834630629933
2026-08-12,ILI incidence,2026-08-23,3,EE,quantile,0.8,103.12357347777395
2026-08-12,ILI incidence,2026-08-23,3,EE,quantile,0.75,94.25674817558736
2026-08-12,ILI incidence,2026-08-23,3,EE,quantile,0.7,87.13497798569688
2026-08-12,ILI incidence,2026-08-23,3,EE,quantile,0.65,80.60618201697906
2026-08-12,ILI incidence,2026-08-23,3,EE,quantile,0.6,74.93903538962641
2026-08-12,ILI incidence,2026-08-23,3,EE,quantile,0.85,114.68539316209385
2026-08-12,ILI incidence,2026-08-23,3,EE,quantile,0.5,65.59381687841824
2026-08-12,ILI incidence,2026-08-23,3,EE,quantile,0.45,61.00977504996027
2026-08-12,ILI incidence,2026-08-23,3,EE,quantile,0.55,70.23956892570143
2026-08-12,ILI incidence,2026-08-23,3,EE,quantile,0.025,23.466443476757576
2026-08-12,ILI incidence,2026-08-23,3,EE,quantile,0.2,41.5807356752275
2026-08-12,ILI incidence,2026-08-23,3,EE,quantile,0.4,56.956973731626874
2026-08-12,ILI incidence,2026-08-23,3,EE,quantile,0.35,52.94722691318075
2026-08-12,ILI incidence,2026-08-23,3,EE,quantile,0.05,27.494484784583637
2026-08-12,ILI incidence,2026-08-23,3,EE,quantile,0.1,32.988422406875785
2026-08-12,ILI incidence,2026-08-23,3,EE,quantile,0.01,19.130125434868635
2026-08-12,ILI incidence,2026-08-23,3,EE,quantile,0.3,49.18591775827635
2026-08-12,ILI incidence,2026-08-23,3,EE,quantile,0.9,131.01331560379464
2026-08-12,ILI incidence,2026-08-23,3,EE,quantile,0.15,37.72125301631068
2026-08-12,ILI incidence,2026-08-23,3,EE,quantile,0.25,45.25496521905253
2026-08-12,ILI incidence,2026-08-23,3,EE,quantile,0.975,190.42258936376624
2026-08-12,ILI incidence,2026-08-23,3,EE,quantile,0.99,229.4039881162308
2026-08-12,ILI incidence,2026-08-23,3,EE,quantile,0.95,159.5723548856099
2026-08-12,ILI incidence,2026-08-23,3,EE,median,,65.59381687841824
2026-08-12,ILI incidence,2026-08-30,4,EE,quantile,0.85,153.43205442344265
2026-08-12,ILI incidence,2026-08-30,4,EE,quantile,0.8,146.16363789209626
2026-08-12,ILI incidence,2026-08-30,4,EE,quantile,0.45,115.06327229590637
2026-08-12,ILI incidence,2026-08-30,4,EE,quantile,0.5,118.97885111882437
2026-08-12,ILI incidence,2026-08-30,4,EE,quantile,0.55,122.70201942838133
2026-08-12,ILI incidence,2026-08-30,4,EE,quantile,0.4,111.36701514866775
2026-08-12,ILI incidence,2026-08-30,4,EE,quantile,0.75,140.55873554818632
2026-08-12,ILI incidence,2026-08-30,4,EE,quantile,0.6,126.63011165543054
2026-08-12,ILI incidence,2026-08-30,4,EE,quantile,0.3,103.42304599489647
2026-08-12,ILI incidence,2026-08-30,4,EE,quantile,0.35,107.43810261562498
2026-08-12,ILI incidence,2026-08-30,4,EE,quantile,0.65,130.977207630128
2026-08-12,ILI incidence,2026-08-30,4,EE,quantile,0.7,135.53923941035376
2026-08-12,ILI incidence,2026-08-30,4,EE,quantile,0.2,95.53115991526373
2026-08-12,ILI incidence,2026-08-30,4,EE,quantile,0.15,90.99814633161303
2026-08-12,ILI incidence,2026-08-30,4,EE,quantile,0.1,85.27645192094663
2026-08-12,ILI incidence,2026-08-30,4,EE,quantile,0.25,99.56887703046971
2026-08-12,ILI incidence,2026-08-30,4,EE,quantile,0.05,77.25187318596456
2026-08-12,ILI incidence,2026-08-30,4,EE,quantile,0.9,163.20177151957236
2026-08-12,ILI incidence,2026-08-30,4,EE,quantile,0.95,178.92985105313704
2026-08-12,ILI incidence,2026-08-30,4,EE,quantile,0.025,72.06804042343761
2026-08-12,ILI incidence,2026-08-30,4,EE,quantile,0.01,65.46393270993276
2026-08-12,ILI incidence,2026-08-30,4,EE,quantile,0.975,193.37783196715262
2026-08-12,ILI incidence,2026-08-30,4,EE,quantile,0.99,213.5856734140641
2026-08-12,ILI incidence,2026-08-30,4,EE,median,,118.97885111882437
2026-08-12,ILI incidence,2026-08-09,1,ES,quantile,0.05,3.950379750620523
2026-08-12,ILI incidence,2026-08-09,1,ES,quantile,0.25,4.490226748213011
2026-08-12,ILI incidence,2026-08-09,1,ES,quantile,0.1,4.138402495987139
2026-08-12,ILI incidence,2026-08-09,1,ES,quantile,0.025,3.797163903125245
2026-08-12,ILI incidence,2026-08-09,1,ES,quantile,0.2,4.392503792756791
2026-08-12,ILI incidence,2026-08-09,1,ES,quantile,0.01,3.6291632941398824
2026-08-12,ILI incidence,2026-08-09,1,ES,quantile,0.15,4.285935288007522
2026-08-12,ILI incidence,2026-08-09,1,ES,quantile,0.75,5.362449244886314
2026-08-12,ILI incidence,2026-08-09,1,ES,quantile,0.4,4.7478078498094005
2026-08-12,ILI incidence,2026-08-09,1,ES,quantile,0.45,4.824121894032074
2026-08-12,ILI incidence,2026-08-09,1,ES,quantile,0.5,4.906299971166959
2026-08-12,ILI incidence,2026-08-09,1,ES,quantile,0.99,6.727730422117713
2026-08-12,ILI incidence,2026-08-09,1,ES,quantile,0.55,4.991295576265239
2026-08-12,ILI incidence,2026-08-09,1,ES,quantile,0.6,5.074011750294212
2026-08-12,ILI incidence,2026-08-09,1,ES,quantile,0.35,4.664194040271494
2026-08-12,ILI incidence,2026-08-09,1,ES,quantile,0.65,5.172444088884619
2026-08-12,ILI incidence,2026-08-09,1,ES,quantile,0.8,5.4976656146739895
2026-08-12,ILI incidence,2026-08-09,1,ES,quantile,0.85,5.648425033878303
2026-08-12,ILI incidence,2026-08-09,1,ES,quantile,0.9,5.8289817230286225
2026-08-12,ILI incidence,2026-08-09,1,ES,quantile,0.3,4.57922297648472
2026-08-12,ILI incidence,2026-08-09,1,ES,quantile,0.7,5.265126190798963
2026-08-12,ILI incidence,2026-08-09,1,ES,quantile,0.975,6.400410083869532
2026-08-12,ILI incidence,2026-08-09,1,ES,quantile,0.95,6.119879593196469
2026-08-12,ILI incidence,2026-08-09,1,ES,median,,4.906299971166959
2026-08-12,ILI incidence,2026-08-16,2,ES,quantile,0.8,5.506284523763662
2026-08-12,ILI incidence,2026-08-16,2,ES,quantile,0.65,4.86505064787716
2026-08-12,ILI incidence,2026-08-16,2,ES,quantile,0.9,6.195020060141054
2026-08-12,ILI incidence,2026-08-16,2,ES,quantile,0.85,5.77508589853773
2026-08-12,ILI incidence,2026-08-16,2,ES,quantile,0.975,7.449498074301184
2026-08-12,ILI incidence,2026-08-16,2,ES,quantile,0.95,6.837334934388575
2026-08-12,ILI incidence,2026-08-16,2,ES,quantile,0.99,8.169505479811008
2026-08-12,ILI incidence,2026-08-16,2,ES,quantile,0.6,4.703979229070945
2026-08-12,ILI incidence,2026-08-16,2,ES,quantile,0.75,5.256793123856256
2026-08-12,ILI incidence,2026-08-16,2,ES,quantile,0.7,5.053813839240945
2026-08-12,ILI incidence,2026-08-16,2,ES,quantile,0.5,4.411861696199333
2026-08-12,ILI incidence,2026-08-16,2,ES,quantile,0.55,4.555808156351079
2026-08-12,ILI incidence,2026-08-16,2,ES,quantile,0.35,3.9764891594900744
2026-08-12,ILI incidence,2026-08-16,2,ES,quantile,0.4,4.11951659563621
2026-08-12,ILI incidence,2026-08-16,2,ES,quantile,0.45,4.264729747535578
2026-08-12,ILI incidence,2026-08-16,2,ES,quantile,0.3,3.8395493656735917
2026-08-12,ILI incidence,2026-08-16,2,ES,quantile,0.2,3.5276191232277636
2026-08-12,ILI incidence,2026-08-16,2,ES,quantile,0.25,3.6939789855284135
2026-08-12,ILI incidence,2026-08-16,2,ES,quantile,0.1,3.134255947165161
2026-08-12,ILI incidence,2026-08-16,2,ES,quantile,0.15,3.3526609637940266
2026-08-12,ILI incidence,2026-08-16,2,ES,quantile,0.01,2.346128978300013
2026-08-12,ILI incidence,2026-08-16,2,ES,quantile,0.05,2.8549380737170087
2026-08-12,ILI incidence,2026-08-16,2,ES,quantile,0.025,2.6206661300840657
2026-08-12,ILI incidence,2026-08-16,2,ES,median,,4.411861696199333
2026-08-12,ILI incidence,2026-08-23,3,ES,quantile,0.75,5.841635656009666
2026-08-12,ILI incidence,2026-08-23,3,ES,quantile,0.7,5.599823845216102
2026-08-12,ILI incidence,2026-08-23,3,ES,quantile,0.65,5.364469656548696
2026-08-12,ILI incidence,2026-08-23,3,ES,quantile,0.8,6.123152546860953
2026-08-12,ILI incidence,2026-08-23,3,ES,quantile,0.85,6.48973229669876
2026-08-12,ILI incidence,2026-08-23,3,ES,quantile,0.6,5.159420877942905
2026-08-12,ILI incidence,2026-08-23,3,ES,quantile,0.55,4.974099579036613
2026-08-12,ILI incidence,2026-08-23,3,ES,quantile,0.9,7.004890595220667
2026-08-12,ILI incidence,2026-08-23,3,ES,quantile,0.975,8.489004876483843
2026-08-12,ILI incidence,2026-08-23,3,ES,quantile,0.5,4.79162158688651
2026-08-12,ILI incidence,2026-08-23,3,ES,quantile,0.99,9.509842580926021
2026-08-12,ILI incidence,2026-08-23,3,ES,quantile,0.45,4.626711401144776
2026-08-12,ILI incidence,2026-08-23,3,ES,quantile,0.35,4.276250246424301
2026-08-12,ILI incidence,2026-08-23,3,ES,quantile,0.3,4.093903730595117
2026-08-12,ILI incidence,2026-08-23,3,ES,quantile,0.95,7.752926930393867
2026-08-12,ILI incidence,2026-08-23,3,ES,quantile,0.2,3.74522415337337
2026-08-12,ILI incidence,2026-08-23,3,ES,quantile,0.4,4.443313842544467
2026-08-12,ILI incidence,2026-08-23,3,ES,quantile,0.25,3.916418062306463
2026-08-12,ILI incidence,2026-08-23,3,ES,quantile,0.15,3.5331295926317363
2026-08-12,ILI incidence,2026-08-23,3,ES,quantile,0.025,2.7457381507272975
2026-08-12,ILI incidence,2026-08-23,3,ES,quantile,0.1,3.2948697793857096
2026-08-12,ILI incidence,2026-08-23,3,ES,quantile,0.05,2.9979735784687196
2026-08-12,ILI incidence,2026-08-23,3,ES,quantile,0.01,2.4392301268376912
2026-08-12,ILI incidence,2026-08-23,3,ES,median,,4.79162158688651
2026-08-12,ILI incidence,2026-08-30,4,ES,quantile,0.99,7.127723033865005
2026-08-12,ILI incidence,2026-08-30,4,ES,quantile,0.8,5.378311186956137
2026-08-12,ILI incidence,2026-08-30,4,ES,quantile,0.85,5.605842937980524
2026-08-12,ILI incidence,2026-08-30,4,ES,quantile,0.6,4.803096447261531
2026-08-12,ILI incidence,2026-08-30,4,ES,quantile,0.5,4.576699148845098
2026-08-12,ILI incidence,2026-08-30,4,ES,quantile,0.55,4.685101650278071
2026-08-12,ILI incidence,2026-08-30,4,ES,quantile,0.65,4.932087467648806
2026-08-12,ILI incidence,2026-08-30,4,ES,quantile,0.975,6.675274151775262
2026-08-12,ILI incidence,2026-08-30,4,ES,quantile,0.7,5.066322501042462
2026-08-12,ILI incidence,2026-08-30,4,ES,quantile,0.9,5.879193902131205
2026-08-12,ILI incidence,2026-08-30,4,ES,quantile,0.95,6.295498402942313
2026-08-12,ILI incidence,2026-08-30,4,ES,quantile,0.75,5.210028061999044
2026-08-12,ILI incidence,2026-08-30,4,ES,quantile,0.45,4.475028806050522
2026-08-12,ILI incidence,2026-08-30,4,ES,quantile,0.4,4.372323751108453
2026-08-12,ILI incidence,2026-08-30,4,ES,quantile,0.25,4.023660806746163
2026-08-12,ILI incidence,2026-08-30,4,ES,quantile,0.05,3.343319536376638
2026-08-12,ILI incidence,2026-08-30,4,ES,quantile,0.3,4.144380368634097
2026-08-12,ILI incidence,2026-08-30,4,ES,quantile,0.35,4.25870626029084
2026-08-12,ILI incidence,2026-08-30,4,ES,quantile,0.1,3.585302129874189
2026-08-12,ILI incidence,2026-08-30,4,ES,quantile,0.2,3.9064259740722633
2026-08-12,ILI incidence,2026-08-30,4,ES,quantile,0.025,3.1515531290762677
2026-08-12,ILI incidence,2026-08-30,4,ES,quantile,0.15,3.7582087479057424
2026-08-12,ILI incidence,2026-08-30,4,ES,quantile,0.01,2.950916030198387
2026-08-12,ILI incidence,2026-08-30,4,ES,median,,4.576699148845098
2026-08-12,ILI incidence,2026-08-09,1,GB-ENG,quantile,0.975,11.227852085208793
2026-08-12,ILI incidence,2026-08-09,1,GB-ENG,quantile,0.95,8.952846063860186
2026-08-12,ILI incidence,2026-08-09,1,GB-ENG,quantile,0.75,4.425768843251797
2026-08-12,ILI incidence,2026-08-09,1,GB-ENG,quantile,0.8,5.027632984010184
2026-08-12,ILI incidence,2026-08-09,1,GB-ENG,quantile,0.85,5.761906891040805
2026-08-12,ILI incidence,2026-08-09,1,GB-ENG,quantile,0.9,6.892652512818744
2026-08-12,ILI incidence,2026-08-09,1,GB-ENG,quantile,0.99,14.866988296006623
2026-08-12,ILI incidence,2026-08-09,1,GB-ENG,quantile,0.7,3.938375580963928
2026-08-12,ILI incidence,2026-08-09,1,GB-ENG,quantile,0.65,3.5581427388255946
2026-08-12,ILI incidence,2026-08-09,1,GB-ENG,quantile,0.6,3.2541740260355434
2026-08-12,ILI incidence,2026-08-09,1,GB-ENG,quantile,0.01,0.48017665729286196
2026-08-12,ILI incidence,2026-08-09,1,GB-ENG,quantile,0.1,1.0453382602743506
2026-08-12,ILI incidence,2026-08-09,1,GB-ENG,quantile,0.55,2.956939577874529
2026-08-12,ILI incidence,2026-08-09,1,GB-ENG,quantile,0.25,1.6209828444153473
2026-08-12,ILI incidence,2026-08-09,1,GB-ENG,quantile,0.5,2.695027483326812
2026-08-12,ILI incidence,2026-08-09,1,GB-ENG,quantile,0.025,0.6426338557107062
2026-08-12,ILI incidence,2026-08-09,1,GB-ENG,quantile,0.05,0.8007843856941609
2026-08-12,ILI incidence,2026-08-09,1,GB-ENG,quantile,0.45,2.433085527921936
2026-08-12,ILI incidence,2026-08-09,1,GB-ENG,quantile,0.2,1.437957935625699
2026-08-12,ILI incidence,2026-08-09,1,GB-ENG,quantile,0.3,1.81270337513168
2026-08-12,ILI incidence,2026-08-09,1,GB-ENG,quantile,0.35,2.0013588971588856
2026-08-12,ILI incidence,2026-08-09,1,GB-ENG,quantile,0.4,2.2087852119708877
2026-08-12,ILI incidence,2026-08-09,1,GB-ENG,quantile,0.15,1.2364114815537595
2026-08-12,ILI incidence,2026-08-09,1,GB-ENG,median,,2.695027483326812
2026-08-12,ILI incidence,2026-08-16,2,GB-ENG,quantile,0.65,3.2839197404699236
2026-08-12,ILI incidence,2026-08-16,2,GB-ENG,quantile,0.55,2.681255365013605
2026-08-12,ILI incidence,2026-08-16,2,GB-ENG,quantile,0.6,2.9687959821098033
2026-08-12,ILI incidence,2026-08-16,2,GB-ENG,quantile,0.5,2.4244835666330076
2026-08-12,ILI incidence,2026-08-16,2,GB-ENG,quantile,0.7,3.7066554499360365
2026-08-12,ILI incidence,2026-08-16,2,GB-ENG,quantile,0.75,4.147612051832411
2026-08-12,ILI incidence,2026-08-16,2,GB-ENG,quantile,0.8,4.7022861983588795
2026-08-12,ILI incidence,2026-08-16,2,GB-ENG,quantile,0.85,5.453978202738415
2026-08-12,ILI incidence,2026-08-16,2,GB-ENG,quantile,0.975,11.287895745087571
2026-08-12,ILI incidence,2026-08-16,2,GB-ENG,quantile,0.99,15.516190174817083
2026-08-12,ILI incidence,2026-08-16,2,GB-ENG,quantile,0.95,8.62528300711246
2026-08-12,ILI incidence,2026-08-16,2,GB-ENG,quantile,0.9,6.510243099892421
2026-08-12,ILI incidence,2026-08-16,2,GB-ENG,quantile,0.3,1.6128811126393514
2026-08-12,ILI incidence,2026-08-16,2,GB-ENG,quantile,0.35,1.7910908696610761
2026-08-12,ILI incidence,2026-08-16,2,GB-ENG,quantile,0.4,1.9921767242853192
2026-08-12,ILI incidence,2026-08-16,2,GB-ENG,quantile,0.45,2.192016675012718
2026-08-12,ILI incidence,2026-08-16,2,GB-ENG,quantile,0.25,1.4355031061676524
2026-08-12,ILI incidence,2026-08-16,2,GB-ENG,quantile,0.025,0.527394064164268
2026-08-12,ILI incidence,2026-08-16,2,GB-ENG,quantile,0.2,1.253754057792328
2026-08-12,ILI incidence,2026-08-16,2,GB-ENG,quantile,0.15,1.0884785738048373
2026-08-12,ILI incidence,2026-08-16,2,GB-ENG,quantile,0.01,0.39920265013820483
2026-08-12,ILI incidence,2026-08-16,2,GB-ENG,quantile,0.05,0.6870558057034695
2026-08-12,ILI incidence,2026-08-16,2,GB-ENG,quantile,0.1,0.91130678031501
2026-08-12,ILI incidence,2026-08-16,2,GB-ENG,median,,2.4244835666330076
2026-08-12,ILI incidence,2026-08-23,3,GB-ENG,quantile,0.99,13.589060680042182
2026-08-12,ILI incidence,2026-08-23,3,GB-ENG,quantile,0.9,7.89827673107184
2026-08-12,ILI incidence,2026-08-23,3,GB-ENG,quantile,0.025,1.4420796232609523
2026-08-12,ILI incidence,2026-08-23,3,GB-ENG,quantile,0.15,2.3161803785325152
2026-08-12,ILI incidence,2026-08-23,3,GB-ENG,quantile,0.05,1.6895320741319473
2026-08-12,ILI incidence,2026-08-23,3,GB-ENG,quantile,0.85,6.953865971505986
2026-08-12,ILI incidence,2026-08-23,3,GB-ENG,quantile,0.95,9.564127878820514
2026-08-12,ILI incidence,2026-08-23,3,GB-ENG,quantile,0.5,3.9503805783726724
2026-08-12,ILI incidence,2026-08-23,3,GB-ENG,quantile,0.55,4.22153726491889
2026-08-12,ILI incidence,2026-08-23,3,GB-ENG,quantile,0.1,2.0161703256224754
2026-08-12,ILI incidence,2026-08-23,3,GB-ENG,quantile,0.45,3.710386882188935
2026-08-12,ILI incidence,2026-08-23,3,GB-ENG,quantile,0.975,11.316195151039688
2026-08-12,ILI incidence,2026-08-23,3,GB-ENG,quantile,0.2,2.550927302153256
2026-08-12,ILI incidence,2026-08-23,3,GB-ENG,quantile,0.25,2.754616945236403
2026-08-12,ILI incidence,2026-08-23,3,GB-ENG,quantile,0.6,4.522453273282517
2026-08-12,ILI incidence,2026-08-23,3,GB-ENG,quantile,0.01,1.1768346384904094
2026-08-12,ILI incidence,2026-08-23,3,GB-ENG,quantile,0.4,3.4408624508953265
2026-08-12,ILI incidence,2026-08-23,3,GB-ENG,quantile,0.35,3.2019553222344905
2026-08-12,ILI incidence,2026-08-23,3,GB-ENG,quantile,0.65,4.872940053648774
2026-08-12,ILI incidence,2026-08-23,3,GB-ENG,quantile,0.3,2.9761918306777027
2026-08-12,ILI incidence,2026-08-23,3,GB-ENG,quantile,0.75,5.700454969977138
2026-08-12,ILI incidence,2026-08-23,3,GB-ENG,quantile,0.8,6.2328452669091625
2026-08-12,ILI incidence,2026-08-23,3,GB-ENG,quantile,0.7,5.232292367494205
2026-08-12,ILI incidence,2026-08-23,3,GB-ENG,median,,3.9503805783726724
2026-08-12,ILI incidence,2026-08-30,4,GB-ENG,quantile,0.4,3.659389100802711
2026-08-12,ILI incidence,2026-08-30,4,GB-ENG,quantile,0.5,4.661213912801394
2026-08-12,ILI incidence,2026-08-30,4,GB-ENG,quantile,0.7,7.845264803676498
2026-08-12,ILI incidence,2026-08-30,4,GB-ENG,quantile,0.65,6.7899935317742965
2026-08-12,ILI incidence,2026-08-30,4,GB-ENG,quantile,0.15,1.654346373072644
2026-08-12,ILI incidence,2026-08-30,4,GB-ENG,quantile,0.2,2.0207392641863304
2026-08-12,ILI incidence,2026-08-30,4,GB-ENG,quantile,0.45,4.140731685971341
2026-08-12,ILI incidence,2026-08-30,4,GB-ENG,quantile,0.55,5.229206660754925
2026-08-12,ILI incidence,2026-08-30,4,GB-ENG,quantile,0.6,5.964906460899733
2026-08-12,ILI incidence,2026-08-30,4,GB-ENG,quantile,0.025,0.6595176035975199
2026-08-12,ILI incidence,2026-08-30,4,GB-ENG,quantile,0.35,3.1665151677650494
2026-08-12,ILI incidence,2026-08-30,4,GB-ENG,quantile,0.01,0.474572809775091
2026-08-12,ILI incidence,2026-08-30,4,GB-ENG,quantile,0.1,1.2944075374658197
2026-08-12,ILI incidence,2026-08-30,4,GB-ENG,quantile,0.3,2.728196889898019
2026-08-12,ILI incidence,2026-08-30,4,GB-ENG,quantile,0.75,9.023804267539566
2026-08-12,ILI incidence,2026-08-30,4,GB-ENG,quantile,0.99,47.363563601957345
2026-08-12,ILI incidence,2026-08-30,4,GB-ENG,quantile,0.05,0.9157299828042849
2026-08-12,ILI incidence,2026-08-30,4,GB-ENG,quantile,0.975,32.67288730849659
2026-08-12,ILI incidence,2026-08-30,4,GB-ENG,quantile,0.25,2.3771524303325786
2026-08-12,ILI incidence,2026-08-30,4,GB-ENG,quantile,0.85,13.054260610002268
2026-08-12,ILI incidence,2026-08-30,4,GB-ENG,quantile,0.95,23.900384470053176
2026-08-12,ILI incidence,2026-08-30,4,GB-ENG,quantile,0.9,16.550659996295536
2026-08-12,ILI incidence,2026-08-30,4,GB-ENG,quantile,0.8,10.622499638579118
2026-08-12,ILI incidence,2026-08-30,4,GB-ENG,median,,4.661213912801394
2026-08-12,ILI incidence,2026-08-09,1,GB-NIR,quantile,0.95,2.7644713348882144
2026-08-12,ILI incidence,2026-08-09,1,GB-NIR,quantile,0.975,3.005494839348285
2026-08-12,ILI incidence,2026-08-09,1,GB-NIR,quantile,0.025,1.0057036633591632
2026-08-12,ILI incidence,2026-08-09,1,GB-NIR,quantile,0.75,2.1005111510247305
2026-08-12,ILI incidence,2026-08-09,1,GB-NIR,quantile,0.01,0.9043140334912936
2026-08-12,ILI incidence,2026-08-09,1,GB-NIR,quantile,0.5,1.7491698133283151
2026-08-12,ILI incidence,2026-08-09,1,GB-NIR,quantile,0.35,1.5619847839556438
2026-08-12,ILI incidence,2026-08-09,1,GB-NIR,quantile,0.4,1.625295896801675
2026-08-12,ILI incidence,2026-08-09,1,GB-NIR,quantile,0.65,1.9454023498984803
2026-08-12,ILI incidence,2026-08-09,1,GB-NIR,quantile,0.45,1.68554961395569
2026-08-12,ILI incidence,2026-08-09,1,GB-NIR,quantile,0.7,2.0163749718852992
2026-08-12,ILI incidence,2026-08-09,1,GB-NIR,quantile,0.99,3.270993621364885
2026-08-12,ILI incidence,2026-08-09,1,GB-NIR,quantile,0.9,2.4911417381928915
2026-08-12,ILI incidence,2026-08-09,1,GB-NIR,quantile,0.05,1.1028006061333466
2026-08-12,ILI incidence,2026-08-09,1,GB-NIR,quantile,0.8,2.204224765526874
2026-08-12,ILI incidence,2026-08-09,1,GB-NIR,quantile,0.1,1.2157676528941834
2026-08-12,ILI incidence,2026-08-09,1,GB-NIR,quantile,0.6,1.8768286422166702
2026-08-12,ILI incidence,2026-08-09,1,GB-NIR,quantile,0.85,2.331178907756627
2026-08-12,ILI incidence,2026-08-09,1,GB-NIR,quantile,0.55,1.8065368680368756
2026-08-12,ILI incidence,2026-08-09,1,GB-NIR,quantile,0.3,1.5043548200911787
2026-08-12,ILI incidence,2026-08-09,1,GB-NIR,quantile,0.15,1.2973661659844125
2026-08-12,ILI incidence,2026-08-09,1,GB-NIR,quantile,0.25,1.44114548277692
2026-08-12,ILI incidence,2026-08-09,1,GB-NIR,quantile,0.2,1.3765713853034505
2026-08-12,ILI incidence,2026-08-09,1,GB-NIR,median,,1.7491698133283151
2026-08-12,ILI incidence,2026-08-16,2,GB-NIR,quantile,0.4,2.1952312586283687
2026-08-12,ILI incidence,2026-08-16,2,GB-NIR,quantile,0.45,2.262053847132653
2026-08-12,ILI incidence,2026-08-16,2,GB-NIR,quantile,0.65,2.568713571779263
2026-08-12,ILI incidence,2026-08-16,2,GB-NIR,quantile,0.975,3.8002712902641194
2026-08-12,ILI incidence,2026-08-16,2,GB-NIR,quantile,0.99,4.1449279357914675
2026-08-12,ILI incidence,2026-08-16,2,GB-NIR,quantile,0.7,2.655184381113271
2026-08-12,ILI incidence,2026-08-16,2,GB-NIR,quantile,0.75,2.7512903386799756
2026-08-12,ILI incidence,2026-08-16,2,GB-NIR,quantile,0.5,2.3368137769471553
2026-08-12,ILI incidence,2026-08-16,2,GB-NIR,quantile,0.85,3.0101355673925494
2026-08-12,ILI incidence,2026-08-16,2,GB-NIR,quantile,0.6,2.4835578400746354
2026-08-12,ILI incidence,2026-08-16,2,GB-NIR,quantile,0.55,2.4080379234752014
2026-08-12,ILI incidence,2026-08-16,2,GB-NIR,quantile,0.95,3.502548133066067
2026-08-12,ILI incidence,2026-08-16,2,GB-NIR,quantile,0.8,2.870175515759745
2026-08-12,ILI incidence,2026-08-16,2,GB-NIR,quantile,0.9,3.192833419478281
2026-08-12,ILI incidence,2026-08-16,2,GB-NIR,quantile,0.35,2.1235564676196215
2026-08-12,ILI incidence,2026-08-16,2,GB-NIR,quantile,0.1,1.6971050622599422
2026-08-12,ILI incidence,2026-08-16,2,GB-NIR,quantile,0.15,1.806877279848716
2026-08-12,ILI incidence,2026-08-16,2,GB-NIR,quantile,0.2,1.8955019470908208
2026-08-12,ILI incidence,2026-08-16,2,GB-NIR,quantile,0.3,2.050532020763428
2026-08-12,ILI incidence,2026-08-16,2,GB-NIR,quantile,0.01,1.3002518856713825
2026-08-12,ILI incidence,2026-08-16,2,GB-NIR,quantile,0.25,1.9702340692406493
2026-08-12,ILI incidence,2026-08-16,2,GB-NIR,quantile,0.025,1.426977672739255
2026-08-12,ILI incidence,2026-08-16,2,GB-NIR,quantile,0.05,1.5456545704272904
2026-08-12,ILI incidence,2026-08-16,2,GB-NIR,median,,2.3368137769471553
2026-08-12,ILI incidence,2026-08-23,3,GB-NIR,quantile,0.15,2.369265690192075
2026-08-12,ILI incidence,2026-08-23,3,GB-NIR,quantile,0.1,2.246056262577043
2026-08-12,ILI incidence,2026-08-23,3,GB-NIR,quantile,0.05,2.0648439297395647
2026-08-12,ILI incidence,2026-08-23,3,GB-NIR,quantile,0.2,2.4821194441388528
2026-08-12,ILI incidence,2026-08-23,3,GB-NIR,quantile,0.025,1.9167670735429705
2026-08-12,ILI incidence,2026-08-23,3,GB-NIR,quantile,0.95,4.413199435112444
2026-08-12,ILI incidence,2026-08-23,3,GB-NIR,quantile,0.9,4.040345626156618
2026-08-12,ILI incidence,2026-08-23,3,GB-NIR,quantile,0.975,4.7381862282193845
2026-08-12,ILI incidence,2026-08-23,3,GB-NIR,quantile,0.65,3.2765461485846297
2026-08-12,ILI incidence,2026-08-23,3,GB-NIR,quantile,0.7,3.3868004203419906
2026-08-12,ILI incidence,2026-08-23,3,GB-NIR,quantile,0.85,3.820978568576636
2026-08-12,ILI incidence,2026-08-23,3,GB-NIR,quantile,0.99,5.208535653179497
2026-08-12,ILI incidence,2026-08-23,3,GB-NIR,quantile,0.8,3.649621929109646
2026-08-12,ILI incidence,2026-08-23,3,GB-NIR,quantile,0.01,1.7658488048640737
2026-08-12,ILI incidence,2026-08-23,3,GB-NIR,quantile,0.5,2.99518662931536
2026-08-12,ILI incidence,2026-08-23,3,GB-NIR,quantile,0.6,3.182345931525741
2026-08-12,ILI incidence,2026-08-23,3,GB-NIR,quantile,0.75,3.5018332112695147
2026-08-12,ILI incidence,2026-08-23,3,GB-NIR,quantile,0.45,2.9123565548842674
2026-08-12,ILI incidence,2026-08-23,3,GB-NIR,quantile,0.35,2.74459421817179
2026-08-12,ILI incidence,2026-08-23,3,GB-NIR,quantile,0.4,2.833299112635635
2026-08-12,ILI incidence,2026-08-23,3,GB-NIR,quantile,0.55,3.0861164106881818
2026-08-12,ILI incidence,2026-08-23,3,GB-NIR,quantile,0.25,2.577080228950528
2026-08-12,ILI incidence,2026-08-23,3,GB-NIR,quantile,0.3,2.662202576556971
2026-08-12,ILI incidence,2026-08-23,3,GB-NIR,median,,2.99518662931536
2026-08-12,ILI incidence,2026-08-30,4,GB-NIR,quantile,0.45,3.124256467845524
2026-08-12,ILI incidence,2026-08-30,4,GB-NIR,quantile,0.5,3.249729456105297
2026-08-12,ILI incidence,2026-08-30,4,GB-NIR,quantile,0.8,4.278669803784372
2026-08-12,ILI incidence,2026-08-30,4,GB-NIR,quantile,0.85,4.546967627947338
2026-08-12,ILI incidence,2026-08-30,4,GB-NIR,quantile,0.7,3.859208144731854
2026-08-12,ILI incidence,2026-08-30,4,GB-NIR,quantile,0.4,2.9896038312904833
2026-08-12,ILI incidence,2026-08-30,4,GB-NIR,quantile,0.75,4.054008569263029
2026-08-12,ILI incidence,2026-08-30,4,GB-NIR,quantile,0.55,3.389185722802681
2026-08-12,ILI incidence,2026-08-30,4,GB-NIR,quantile,0.65,3.6832904894030993
2026-08-12,ILI incidence,2026-08-30,4,GB-NIR,quantile,0.95,5.567126614280829
2026-08-12,ILI incidence,2026-08-30,4,GB-NIR,quantile,0.9,4.928603009084196
2026-08-12,ILI incidence,2026-08-30,4,GB-NIR,quantile,0.1,2.136886538498488
2026-08-12,ILI incidence,2026-08-30,4,GB-NIR,quantile,0.2,2.4553873332040377
2026-08-12,ILI incidence,2026-08-30,4,GB-NIR,quantile,0.05,1.9120970276288216
2026-08-12,ILI incidence,2026-08-30,4,GB-NIR,quantile,0.6,3.539238914683029
2026-08-12,ILI incidence,2026-08-30,4,GB-NIR,quantile,0.15,2.3126636191852685
2026-08-12,ILI incidence,2026-08-30,4,GB-NIR,quantile,0.3,2.7201918552655013
2026-08-12,ILI incidence,2026-08-30,4,GB-NIR,quantile,0.35,2.847210069554898
2026-08-12,ILI incidence,2026-08-30,4,GB-NIR,quantile,0.025,1.734094868786368
2026-08-12,ILI incidence,2026-08-30,4,GB-NIR,quantile,0.25,2.5909410255595717
2026-08-12,ILI incidence,2026-08-30,4,GB-NIR,quantile,0.975,6.12957577341343
2026-08-12,ILI incidence,2026-08-30,4,GB-NIR,quantile,0.99,6.9110179501590014
2026-08-12,ILI incidence,2026-08-30,4,GB-NIR,quantile,0.01,1.5107066693313647
2026-08-12,ILI incidence,2026-08-30,4,GB-NIR,median,,3.249729456105297
2026-08-12,ILI incidence,2026-08-09,1,GR,quantile,0.3,200.90702848929573
2026-08-12,ILI incidence,2026-08-09,1,GR,quantile,0.7,241.71688915736632
2026-08-12,ILI incidence,2026-08-09,1,GR,quantile,0.95,293.4119894720225
2026-08-12,ILI incidence,2026-08-09,1,GR,quantile,0.975,307.9469230788591
2026-08-12,ILI incidence,2026-08-09,1,GR,quantile,0.25,195.86314906162482
2026-08-12,ILI incidence,2026-08-09,1,GR,quantile,0.15,183.94787503616794
2026-08-12,ILI incidence,2026-08-09,1,GR,quantile,0.2,190.07640456661522
2026-08-12,ILI incidence,2026-08-09,1,GR,quantile,0.9,275.6149460858406
2026-08-12,ILI incidence,2026-08-09,1,GR,quantile,0.75,247.76401212044757
2026-08-12,ILI incidence,2026-08-09,1,GR,quantile,0.45,215.89828999675933
2026-08-12,ILI incidence,2026-08-09,1,GR,quantile,0.5,220.71272793258595
2026-08-12,ILI incidence,2026-08-09,1,GR,quantile,0.35,205.97092798934483
2026-08-12,ILI incidence,2026-08-09,1,GR,quantile,0.4,211.01186796897412
2026-08-12,ILI incidence,2026-08-09,1,GR,quantile,0.55,225.22031074320054
2026-08-12,ILI incidence,2026-08-09,1,GR,quantile,0.6,230.168836274911
2026-08-12,ILI incidence,2026-08-09,1,GR,quantile,0.05,164.79209633827674
2026-08-12,ILI incidence,2026-08-09,1,GR,quantile,0.1,175.8904281163227
2026-08-12,ILI incidence,2026-08-09,1,GR,quantile,0.65,236.03611013018025
2026-08-12,ILI incidence,2026-08-09,1,GR,quantile,0.025,156.54018070268376
2026-08-12,ILI incidence,2026-08-09,1,GR,quantile,0.01,147.89585904426428
2026-08-12,ILI incidence,2026-08-09,1,GR,quantile,0.8,255.02085462984905
2026-08-12,ILI incidence,2026-08-09,1,GR,quantile,0.85,264.0410793593171
2026-08-12,ILI incidence,2026-08-09,1,GR,quantile,0.99,328.31129780881696
2026-08-12,ILI incidence,2026-08-09,1,GR,median,,220.71272793258595
2026-08-12,ILI incidence,2026-08-16,2,GR,quantile,0.35,181.06191375985387
2026-08-12,ILI incidence,2026-08-16,2,GR,quantile,0.3,175.1433258790339
2026-08-12,ILI incidence,2026-08-16,2,GR,quantile,0.25,168.71718343748068
2026-08-12,ILI incidence,2026-08-16,2,GR,quantile,0.2,162.1148013750158
2026-08-12,ILI incidence,2026-08-16,2,GR,quantile,0.4,186.7790767735597
2026-08-12,ILI incidence,2026-08-16,2,GR,quantile,0.15,154.75488767381057
2026-08-12,ILI incidence,2026-08-16,2,GR,quantile,0.025,124.11379113211429
2026-08-12,ILI incidence,2026-08-16,2,GR,quantile,0.01,114.52231917735486
2026-08-12,ILI incidence,2026-08-16,2,GR,quantile,0.1,146.03033681602741
2026-08-12,ILI incidence,2026-08-16,2,GR,quantile,0.05,133.83144538779953
2026-08-12,ILI incidence,2026-08-16,2,GR,quantile,0.975,321.0766270511483
2026-08-12,ILI incidence,2026-08-16,2,GR,quantile,0.75,232.85031459567134
2026-08-12,ILI incidence,2026-08-16,2,GR,quantile,0.95,296.27967260438214
2026-08-12,ILI incidence,2026-08-16,2,GR,quantile,0.9,271.773005042965
2026-08-12,ILI incidence,2026-08-16,2,GR,quantile,0.99,349.9278487608606
2026-08-12,ILI incidence,2026-08-16,2,GR,quantile,0.85,254.80577224898036
2026-08-12,ILI incidence,2026-08-16,2,GR,quantile,0.45,192.3597992599351
2026-08-12,ILI incidence,2026-08-16,2,GR,quantile,0.8,242.7291274784699
2026-08-12,ILI incidence,2026-08-16,2,GR,quantile,0.7,224.21208301612228
2026-08-12,ILI incidence,2026-08-16,2,GR,quantile,0.55,204.31568357520894
2026-08-12,ILI incidence,2026-08-16,2,GR,quantile,0.6,210.67770269836325
2026-08-12,ILI incidence,2026-08-16,2,GR,quantile,0.5,198.23519838664734
2026-08-12,ILI incidence,2026-08-16,2,GR,quantile,0.65,217.24534842331906
2026-08-12,ILI incidence,2026-08-16,2,GR,median,,198.23519838664734
2026-08-12,ILI incidence,2026-08-23,3,GR,quantile,0.99,420.8444586431427
2026-08-12,ILI incidence,2026-08-23,3,GR,quantile,0.55,226.43769071167782
2026-08-12,ILI incidence,2026-08-23,3,GR,quantile,0.5,218.48362263419259
2026-08-12,ILI incidence,2026-08-23,3,GR,quantile,0.975,375.26952551368515
2026-08-12,ILI incidence,2026-08-23,3,GR,quantile,0.95,344.7929490084964
2026-08-12,ILI incidence,2026-08-23,3,GR,quantile,0.45,211.04247888514146
2026-08-12,ILI incidence,2026-08-23,3,GR,quantile,0.35,196.10470253184462
2026-08-12,ILI incidence,2026-08-23,3,GR,quantile,0.85,292.8482623027422
2026-08-12,ILI incidence,2026-08-23,3,GR,quantile,0.25,181.2330258395106
2026-08-12,ILI incidence,2026-08-23,3,GR,quantile,0.8,277.3485282214093
2026-08-12,ILI incidence,2026-08-23,3,GR,quantile,0.9,314.7259292697098
2026-08-12,ILI incidence,2026-08-23,3,GR,quantile,0.3,188.54973650091816
2026-08-12,ILI incidence,2026-08-23,3,GR,quantile,0.6,234.56049683144914
2026-08-12,ILI incidence,2026-08-23,3,GR,quantile,0.4,203.75874523923073
2026-08-12,ILI incidence,2026-08-23,3,GR,quantile,0.75,264.37227281076434
2026-08-12,ILI incidence,2026-08-23,3,GR,quantile,0.2,173.60025224979725
2026-08-12,ILI incidence,2026-08-23,3,GR,quantile,0.65,243.4619088165444
2026-08-12,ILI incidence,2026-08-23,3,GR,quantile,0.7,253.21110108597117
2026-08-12,ILI incidence,2026-08-23,3,GR,quantile,0.15,164.3320461761467
2026-08-12,ILI incidence,2026-08-23,3,GR,quantile,0.1,153.99839010355035
2026-08-12,ILI incidence,2026-08-23,3,GR,quantile,0.025,127.77905384505169
2026-08-12,ILI incidence,2026-08-23,3,GR,quantile,0.01,116.30523809091835
2026-08-12,ILI incidence,2026-08-23,3,GR,quantile,0.05,138.82253780327525
2026-08-12,ILI incidence,2026-08-23,3,GR,median,,218.48362263419259
2026-08-12,ILI incidence,2026-08-30,4,GR,quantile,0.975,299.7375256234099
2026-08-12,ILI incidence,2026-08-30,4,GR,quantile,0.99,321.08332634340803
2026-08-12,ILI incidence,2026-08-30,4,GR,quantile,0.95,282.45568947512
2026-08-12,ILI incidence,2026-08-30,4,GR,quantile,0.9,263.028514625703
2026-08-12,ILI incidence,2026-08-30,4,GR,quantile,0.8,241.41137754085443
2026-08-12,ILI incidence,2026-08-30,4,GR,quantile,0.85,250.96016609270845
2026-08-12,ILI incidence,2026-08-30,4,GR,quantile,0.75,232.8741366122788
2026-08-12,ILI incidence,2026-08-30,4,GR,quantile,0.7,226.00482274032993
2026-08-12,ILI incidence,2026-08-30,4,GR,quantile,0.65,219.9755121066338
2026-08-12,ILI incidence,2026-08-30,4,GR,quantile,0.55,209.24515457322292
2026-08-12,ILI incidence,2026-08-30,4,GR,quantile,0.6,214.37198137463656
2026-08-12,ILI incidence,2026-08-30,4,GR,quantile,0.5,204.01515064596538
2026-08-12,ILI incidence,2026-08-30,4,GR,quantile,0.4,193.966741174059
2026-08-12,ILI incidence,2026-08-30,4,GR,quantile,0.35,188.7838977115815
2026-08-12,ILI incidence,2026-08-30,4,GR,quantile,0.25,178.03223365902346
2026-08-12,ILI incidence,2026-08-30,4,GR,quantile,0.45,198.80677578887205
2026-08-12,ILI incidence,2026-08-30,4,GR,quantile,0.2,172.4803075783588
2026-08-12,ILI incidence,2026-08-30,4,GR,quantile,0.01,130.4666139175459
2026-08-12,ILI incidence,2026-08-30,4,GR,quantile,0.1,159.13560273234253
2026-08-12,ILI incidence,2026-08-30,4,GR,quantile,0.15,166.2767843977265
2026-08-12,ILI incidence,2026-08-30,4,GR,quantile,0.3,183.36299372793454
2026-08-12,ILI incidence,2026-08-30,4,GR,quantile,0.025,139.15351224844707
2026-08-12,ILI incidence,2026-08-30,4,GR,quantile,0.05,148.01111708705653
2026-08-12,ILI incidence,2026-08-30,4,GR,median,,204.01515064596538
2026-08-12,ILI incidence,2026-08-16,2,HR,quantile,0.15,0.0962992293190884
2026-08-12,ILI incidence,2026-08-16,2,HR,quantile,0.2,0.1138155406770561
2026-08-12,ILI incidence,2026-08-16,2,HR,quantile,0.25,0.13262679092185883
2026-08-12,ILI incidence,2026-08-16,2,HR,quantile,0.3,0.15038677897430297
2026-08-12,ILI incidence,2026-08-16,2,HR,quantile,0.35,0.1718308314044515
2026-08-12,ILI incidence,2026-08-16,2,HR,quantile,0.4,0.19245335883564663
2026-08-12,ILI incidence,2026-08-16,2,HR,quantile,0.45,0.21628720098414994
2026-08-12,ILI incidence,2026-08-16,2,HR,quantile,0.5,0.24281824196556262
2026-08-12,ILI incidence,2026-08-16,2,HR,quantile,0.55,0.27317821659246294
2026-08-12,ILI incidence,2026-08-16,2,HR,quantile,0.6,0.30662896441155246
2026-08-12,ILI incidence,2026-08-16,2,HR,quantile,0.65,0.34357855238269674
2026-08-12,ILI incidence,2026-08-16,2,HR,quantile,0.01,0.02810207408339308
2026-08-12,ILI incidence,2026-08-16,2,HR,quantile,0.025,0.040181055358912914
2026-08-12,ILI incidence,2026-08-16,2,HR,quantile,0.05,0.0539664966805308
2026-08-12,ILI incidence,2026-08-16,2,HR,quantile,0.1,0.07580046551004793
2026-08-12,ILI incidence,2026-08-16,2,HR,quantile,0.7,0.39158571692100697
2026-08-12,ILI incidence,2026-08-16,2,HR,quantile,0.75,0.4491468993521105
2026-08-12,ILI incidence,2026-08-16,2,HR,quantile,0.8,0.5208252536656264
2026-08-12,ILI incidence,2026-08-16,2,HR,quantile,0.85,0.6238710679975678
2026-08-12,ILI incidence,2026-08-16,2,HR,quantile,0.99,1.9795170695942503
2026-08-12,ILI incidence,2026-08-16,2,HR,quantile,0.95,1.0866658185348812
2026-08-12,ILI incidence,2026-08-16,2,HR,quantile,0.975,1.38065212312293
2026-08-12,ILI incidence,2026-08-16,2,HR,quantile,0.9,0.778114950153649
2026-08-12,ILI incidence,2026-08-16,2,HR,median,,0.24281824196556262
2026-08-12,ILI incidence,2026-08-09,1,HU,quantile,0.15,15.708930439513981
2026-08-12,ILI incidence,2026-08-09,1,HU,quantile,0.01,9.088930000363701
2026-08-12,ILI incidence,2026-08-09,1,HU,quantile,0.45,23.13790335235035
2026-08-12,ILI incidence,2026-08-09,1,HU,quantile,0.1,14.19723787749661
2026-08-12,ILI incidence,2026-08-09,1,HU,quantile,0.05,12.173350167617468
2026-08-12,ILI incidence,2026-08-09,1,HU,quantile,0.2,17.07376782825585
2026-08-12,ILI incidence,2026-08-09,1,HU,quantile,0.4,21.873251932730227
2026-08-12,ILI incidence,2026-08-09,1,HU,quantile,0.25,18.24245193371597
2026-08-12,ILI incidence,2026-08-09,1,HU,quantile,0.35,20.669428853697525
2026-08-12,ILI incidence,2026-08-09,1,HU,quantile,0.3,19.464055644938142
2026-08-12,ILI incidence,2026-08-09,1,HU,quantile,0.025,10.57190314502358
2026-08-12,ILI incidence,2026-08-09,1,HU,quantile,0.5,24.391648760702154
2026-08-12,ILI incidence,2026-08-09,1,HU,quantile,0.55,25.83865245355128
2026-08-12,ILI incidence,2026-08-09,1,HU,quantile,0.6,27.31054091728464
2026-08-12,ILI incidence,2026-08-09,1,HU,quantile,0.7,30.525528324308244
2026-08-12,ILI incidence,2026-08-09,1,HU,quantile,0.75,32.43800845647765
2026-08-12,ILI incidence,2026-08-09,1,HU,quantile,0.8,34.90546166760625
2026-08-12,ILI incidence,2026-08-09,1,HU,quantile,0.65,28.752964501938163
2026-08-12,ILI incidence,2026-08-09,1,HU,quantile,0.85,38.044658334385794
2026-08-12,ILI incidence,2026-08-09,1,HU,quantile,0.99,65.47057155727659
2026-08-12,ILI incidence,2026-08-09,1,HU,quantile,0.9,42.3359322779387
2026-08-12,ILI incidence,2026-08-09,1,HU,quantile,0.95,49.06041638501491
2026-08-12,ILI incidence,2026-08-09,1,HU,quantile,0.975,56.47388905355506
2026-08-12,ILI incidence,2026-08-09,1,HU,median,,24.391648760702154
2026-08-12,ILI incidence,2026-08-16,2,HU,quantile,0.55,28.360432750153258
2026-08-12,ILI incidence,2026-08-16,2,HU,quantile,0.7,31.13135291306623
2026-08-12,ILI incidence,2026-08-16,2,HU,quantile,0.6,29.26687821460206
2026-08-12,ILI incidence,2026-08-16,2,HU,quantile,0.65,30.19232786028232
2026-08-12,ILI incidence,2026-08-16,2,HU,quantile,0.75,32.22754790434888
2026-08-12,ILI incidence,2026-08-16,2,HU,quantile,0.8,33.51334391600477
2026-08-12,ILI incidence,2026-08-16,2,HU,quantile,0.85,35.072136059915124
2026-08-12,ILI incidence,2026-08-16,2,HU,quantile,0.99,46.64510097061147
2026-08-12,ILI incidence,2026-08-16,2,HU,quantile,0.35,25.254293246827036
2026-08-12,ILI incidence,2026-08-16,2,HU,quantile,0.9,37.02353437798726
2026-08-12,ILI incidence,2026-08-16,2,HU,quantile,0.95,40.185056307174364
2026-08-12,ILI incidence,2026-08-16,2,HU,quantile,0.975,43.25733377783436
2026-08-12,ILI incidence,2026-08-16,2,HU,quantile,0.4,25.99602830552849
2026-08-12,ILI incidence,2026-08-16,2,HU,quantile,0.3,24.35178876538989
2026-08-12,ILI incidence,2026-08-16,2,HU,quantile,0.45,26.792340437876383
2026-08-12,ILI incidence,2026-08-16,2,HU,quantile,0.5,27.552602925635362
2026-08-12,ILI incidence,2026-08-16,2,HU,quantile,0.25,23.50019440657259
2026-08-12,ILI incidence,2026-08-16,2,HU,quantile,0.2,22.630290946258036
2026-08-12,ILI incidence,2026-08-16,2,HU,quantile,0.15,21.580092635939312
2026-08-12,ILI incidence,2026-08-16,2,HU,quantile,0.05,18.761762807236366
2026-08-12,ILI incidence,2026-08-16,2,HU,quantile,0.1,20.39719337551584
2026-08-12,ILI incidence,2026-08-16,2,HU,quantile,0.01,16.13958057012691
2026-08-12,ILI incidence,2026-08-16,2,HU,quantile,0.025,17.43768398215971
2026-08-12,ILI incidence,2026-08-16,2,HU,median,,27.552602925635362
2026-08-12,ILI incidence,2026-08-23,3,HU,quantile,0.8,31.020845797195214
2026-08-12,ILI incidence,2026-08-23,3,HU,quantile,0.7,28.5880013709236
2026-08-12,ILI incidence,2026-08-23,3,HU,quantile,0.75,29.707169186214763
2026-08-12,ILI incidence,2026-08-23,3,HU,quantile,0.99,45.69349901533904
2026-08-12,ILI incidence,2026-08-23,3,HU,quantile,0.975,41.554239473518784
2026-08-12,ILI incidence,2026-08-23,3,HU,quantile,0.95,38.411355452461905
2026-08-12,ILI incidence,2026-08-23,3,HU,quantile,0.65,27.454006175063174
2026-08-12,ILI incidence,2026-08-23,3,HU,quantile,0.9,34.80035434294032
2026-08-12,ILI incidence,2026-08-23,3,HU,quantile,0.85,32.73205675364352
2026-08-12,ILI incidence,2026-08-23,3,HU,quantile,0.35,22.176892164904707
2026-08-12,ILI incidence,2026-08-23,3,HU,quantile,0.45,23.877978753943843
2026-08-12,ILI incidence,2026-08-23,3,HU,quantile,0.3,21.366761775377768
2026-08-12,ILI incidence,2026-08-23,3,HU,quantile,0.6,26.45992403077959
2026-08-12,ILI incidence,2026-08-23,3,HU,quantile,0.55,25.604136991628568
2026-08-12,ILI incidence,2026-08-23,3,HU,quantile,0.5,24.729383540742653
2026-08-12,ILI incidence,2026-08-23,3,HU,quantile,0.4,23.04942721532312
2026-08-12,ILI incidence,2026-08-23,3,HU,quantile,0.025,14.509785065834253
2026-08-12,ILI incidence,2026-08-23,3,HU,quantile,0.25,20.469122012996557
2026-08-12,ILI incidence,2026-08-23,3,HU,quantile,0.01,12.912108024384727
2026-08-12,ILI incidence,2026-08-23,3,HU,quantile,0.2,19.569637597630297
2026-08-12,ILI incidence,2026-08-23,3,HU,quantile,0.15,18.67312190260416
2026-08-12,ILI incidence,2026-08-23,3,HU,quantile,0.1,17.49206166124119
2026-08-12,ILI incidence,2026-08-23,3,HU,quantile,0.05,15.859623219277044
2026-08-12,ILI incidence,2026-08-23,3,HU,median,,24.729383540742653
2026-08-12,ILI incidence,2026-08-30,4,HU,quantile,0.975,39.51122869102126
2026-08-12,ILI incidence,2026-08-30,4,HU,quantile,0.99,44.20536711837832
2026-08-12,ILI incidence,2026-08-30,4,HU,quantile,0.95,36.456634890136904
2026-08-12,ILI incidence,2026-08-30,4,HU,quantile,0.4,21.082472197686393
2026-08-12,ILI incidence,2026-08-30,4,HU,quantile,0.9,33.16977972043525
2026-08-12,ILI incidence,2026-08-30,4,HU,quantile,0.35,20.277669470783735
2026-08-12,ILI incidence,2026-08-30,4,HU,quantile,0.3,19.488416513412005
2026-08-12,ILI incidence,2026-08-30,4,HU,quantile,0.25,18.618531669078653
2026-08-12,ILI incidence,2026-08-30,4,HU,quantile,0.45,21.937556317821354
2026-08-12,ILI incidence,2026-08-30,4,HU,quantile,0.8,29.167962682427003
2026-08-12,ILI incidence,2026-08-30,4,HU,quantile,0.2,17.741977516541898
2026-08-12,ILI incidence,2026-08-30,4,HU,quantile,0.85,30.852092773643612
2026-08-12,ILI incidence,2026-08-30,4,HU,quantile,0.1,15.613524434803512
2026-08-12,ILI incidence,2026-08-30,4,HU,quantile,0.15,16.796953708060098
2026-08-12,ILI incidence,2026-08-30,4,HU,quantile,0.65,25.47298097329245
2026-08-12,ILI incidence,2026-08-30,4,HU,quantile,0.5,22.74998109597202
2026-08-12,ILI incidence,2026-08-30,4,HU,quantile,0.55,23.620603895114787
2026-08-12,ILI incidence,2026-08-30,4,HU,quantile,0.75,27.69655553278073
2026-08-12,ILI incidence,2026-08-30,4,HU,quantile,0.025,12.73494305857398
2026-08-12,ILI incidence,2026-08-30,4,HU,quantile,0.05,14.059726971688505
2026-08-12,ILI incidence,2026-08-30,4,HU,quantile,0.7,26.49823409197735
2026-08-12,ILI incidence,2026-08-30,4,HU,quantile,0.01,11.48784182981357
2026-08-12,ILI incidence,2026-08-30,4,HU,quantile,0.6,24.51188164439837
2026-08-12,ILI incidence,2026-08-30,4,HU,median,,22.74998109597202
2026-08-12,ILI incidence,2026-08-09,1,IE,quantile,0.05,0.2836150432164577
2026-08-12,ILI incidence,2026-08-09,1,IE,quantile,0.1,0.30258774237652364
2026-08-12,ILI incidence,2026-08-09,1,IE,quantile,0.15,0.31727202081110367
2026-08-12,ILI incidence,2026-08-09,1,IE,quantile,0.35,0.35815864794221697
2026-08-12,ILI incidence,2026-08-09,1,IE,quantile,0.2,0.3282871413785313
2026-08-12,ILI incidence,2026-08-09,1,IE,quantile,0.025,0.2662839680871804
2026-08-12,ILI incidence,2026-08-09,1,IE,quantile,0.25,0.338824064379035
2026-08-12,ILI incidence,2026-08-09,1,IE,quantile,0.99,0.5875534302939077
2026-08-12,ILI incidence,2026-08-09,1,IE,quantile,0.01,0.250049362199359
2026-08-12,ILI incidence,2026-08-09,1,IE,quantile,0.4,0.3667579787762527
2026-08-12,ILI incidence,2026-08-09,1,IE,quantile,0.3,0.3482935030799217
2026-08-12,ILI incidence,2026-08-09,1,IE,quantile,0.85,0.4656419105595178
2026-08-12,ILI incidence,2026-08-09,1,IE,quantile,0.975,0.5513312669960159
2026-08-12,ILI incidence,2026-08-09,1,IE,quantile,0.9,0.4861882288369348
2026-08-12,ILI incidence,2026-08-09,1,IE,quantile,0.45,0.37513591194105356
2026-08-12,ILI incidence,2026-08-09,1,IE,quantile,0.5,0.38400903420543486
2026-08-12,ILI incidence,2026-08-09,1,IE,quantile,0.55,0.39262806512741644
2026-08-12,ILI incidence,2026-08-09,1,IE,quantile,0.8,0.44928325921847456
2026-08-12,ILI incidence,2026-08-09,1,IE,quantile,0.95,0.5171201246779485
2026-08-12,ILI incidence,2026-08-09,1,IE,quantile,0.6,0.4025476903210329
2026-08-12,ILI incidence,2026-08-09,1,IE,quantile,0.75,0.4354386866525345
2026-08-12,ILI incidence,2026-08-09,1,IE,quantile,0.65,0.41274941399185017
2026-08-12,ILI incidence,2026-08-09,1,IE,quantile,0.7,0.4239084764538431
2026-08-12,ILI incidence,2026-08-09,1,IE,median,,0.38400903420543486
2026-08-12,ILI incidence,2026-08-16,2,IE,quantile,0.025,0.15350234276817065
2026-08-12,ILI incidence,2026-08-16,2,IE,quantile,0.01,0.1332971421179306
2026-08-12,ILI incidence,2026-08-16,2,IE,quantile,0.45,0.3382808490962118
2026-08-12,ILI incidence,2026-08-16,2,IE,quantile,0.05,0.1756872656157329
2026-08-12,ILI incidence,2026-08-16,2,IE,quantile,0.1,0.20665289967137945
2026-08-12,ILI incidence,2026-08-16,2,IE,quantile,0.15,0.22864958892094958
2026-08-12,ILI incidence,2026-08-16,2,IE,quantile,0.2,0.24971038755623587
2026-08-12,ILI incidence,2026-08-16,2,IE,quantile,0.25,0.26783101551089594
2026-08-12,ILI incidence,2026-08-16,2,IE,quantile,0.5,0.35761324889293256
2026-08-12,ILI incidence,2026-08-16,2,IE,quantile,0.55,0.3782195120217862
2026-08-12,ILI incidence,2026-08-16,2,IE,quantile,0.6,0.39936251950859813
2026-08-12,ILI incidence,2026-08-16,2,IE,quantile,0.3,0.2851297387716028
2026-08-12,ILI incidence,2026-08-16,2,IE,quantile,0.35,0.3020593725195449
2026-08-12,ILI incidence,2026-08-16,2,IE,quantile,0.4,0.3201112208819121
2026-08-12,ILI incidence,2026-08-16,2,IE,quantile,0.95,0.727583890670974
2026-08-12,ILI incidence,2026-08-16,2,IE,quantile,0.975,0.8327220626352568
2026-08-12,ILI incidence,2026-08-16,2,IE,quantile,0.9,0.6210076332774807
2026-08-12,ILI incidence,2026-08-16,2,IE,quantile,0.85,0.5621256073210477
2026-08-12,ILI incidence,2026-08-16,2,IE,quantile,0.99,0.9825590385646465
2026-08-12,ILI incidence,2026-08-16,2,IE,quantile,0.8,0.5138710181147991
2026-08-12,ILI incidence,2026-08-16,2,IE,quantile,0.65,0.4224188615625383
2026-08-12,ILI incidence,2026-08-16,2,IE,quantile,0.7,0.4481864911752066
2026-08-12,ILI incidence,2026-08-16,2,IE,quantile,0.75,0.4778694219708859
2026-08-12,ILI incidence,2026-08-16,2,IE,median,,0.35761324889293256
2026-08-12,ILI incidence,2026-08-23,3,IE,quantile,0.025,0.18871538259263798
2026-08-12,ILI incidence,2026-08-23,3,IE,quantile,0.25,0.33208425638259276
2026-08-12,ILI incidence,2026-08-23,3,IE,quantile,0.4,0.39885393767369565
2026-08-12,ILI incidence,2026-08-23,3,IE,quantile,0.3,0.35471788905004054
2026-08-12,ILI incidence,2026-08-23,3,IE,quantile,0.35,0.3764537871821291
2026-08-12,ILI incidence,2026-08-23,3,IE,quantile,0.2,0.30902409249464335
2026-08-12,ILI incidence,2026-08-23,3,IE,quantile,0.5,0.44559971098175
2026-08-12,ILI incidence,2026-08-23,3,IE,quantile,0.45,0.421563999725763
2026-08-12,ILI incidence,2026-08-23,3,IE,quantile,0.8,0.638304773986291
2026-08-12,ILI incidence,2026-08-23,3,IE,quantile,0.15,0.2846932941676865
2026-08-12,ILI incidence,2026-08-23,3,IE,quantile,0.05,0.2178000427253271
2026-08-12,ILI incidence,2026-08-23,3,IE,quantile,0.1,0.2559331724383486
2026-08-12,ILI incidence,2026-08-23,3,IE,quantile,0.01,0.1607027633163239
2026-08-12,ILI incidence,2026-08-23,3,IE,quantile,0.75,0.5946562282777154
2026-08-12,ILI incidence,2026-08-23,3,IE,quantile,0.85,0.6962850535068789
2026-08-12,ILI incidence,2026-08-23,3,IE,quantile,0.7,0.5609488150615458
2026-08-12,ILI incidence,2026-08-23,3,IE,quantile,0.55,0.46916223172326155
2026-08-12,ILI incidence,2026-08-23,3,IE,quantile,0.9,0.7790841197428005
2026-08-12,ILI incidence,2026-08-23,3,IE,quantile,0.6,0.49487792118681667
2026-08-12,ILI incidence,2026-08-23,3,IE,quantile,0.99,1.2347382672972615
2026-08-12,ILI incidence,2026-08-23,3,IE,quantile,0.975,1.0386357001178412
2026-08-12,ILI incidence,2026-08-23,3,IE,quantile,0.95,0.9107940306421622
2026-08-12,ILI incidence,2026-08-23,3,IE,quantile,0.65,0.5250191871956191
2026-08-12,ILI incidence,2026-08-23,3,IE,median,,0.44559971098175
2026-08-12,ILI incidence,2026-08-30,4,IE,quantile,0.05,0.2003461755492004
2026-08-12,ILI incidence,2026-08-30,4,IE,quantile,0.1,0.23212306434767235
2026-08-12,ILI incidence,2026-08-30,4,IE,quantile,0.01,0.1505153026147528
2026-08-12,ILI incidence,2026-08-30,4,IE,quantile,0.15,0.25823757894571914
2026-08-12,ILI incidence,2026-08-30,4,IE,quantile,0.2,0.2789197057710628
2026-08-12,ILI incidence,2026-08-30,4,IE,quantile,0.025,0.17719202528169806
2026-08-12,ILI incidence,2026-08-30,4,IE,quantile,0.25,0.29996724268642255
2026-08-12,ILI incidence,2026-08-30,4,IE,quantile,0.35,0.3362865892698399
2026-08-12,ILI incidence,2026-08-30,4,IE,quantile,0.3,0.3173853874601542
2026-08-12,ILI incidence,2026-08-30,4,IE,quantile,0.99,0.9920826462481992
2026-08-12,ILI incidence,2026-08-30,4,IE,quantile,0.975,0.8643437063107294
2026-08-12,ILI incidence,2026-08-30,4,IE,quantile,0.45,0.3739106690749915
2026-08-12,ILI incidence,2026-08-30,4,IE,quantile,0.95,0.7599090821541659
2026-08-12,ILI incidence,2026-08-30,4,IE,quantile,0.4,0.3545496298398463
2026-08-12,ILI incidence,2026-08-30,4,IE,quantile,0.7,0.4854328590451093
2026-08-12,ILI incidence,2026-08-30,4,IE,quantile,0.75,0.5172039665358181
2026-08-12,ILI incidence,2026-08-30,4,IE,quantile,0.9,0.6564603255183352
2026-08-12,ILI incidence,2026-08-30,4,IE,quantile,0.5,0.39333483943593656
2026-08-12,ILI incidence,2026-08-30,4,IE,quantile,0.85,0.5947985132851626
2026-08-12,ILI incidence,2026-08-30,4,IE,quantile,0.55,0.4141796991302231
2026-08-12,ILI incidence,2026-08-30,4,IE,quantile,0.8,0.5520075267328943
2026-08-12,ILI incidence,2026-08-30,4,IE,quantile,0.6,0.4353426342757226
2026-08-12,ILI incidence,2026-08-30,4,IE,quantile,0.65,0.4607454786887289
2026-08-12,ILI incidence,2026-08-30,4,IE,median,,0.39333483943593656
2026-08-12,ILI incidence,2026-08-09,1,IS,quantile,0.05,3.225513840447158e-4
2026-08-12,ILI incidence,2026-08-09,1,IS,quantile,0.025,2.5619297548616496e-4
2026-08-12,ILI incidence,2026-08-09,1,IS,quantile,0.1,4.244307356359989e-4
2026-08-12,ILI incidence,2026-08-09,1,IS,quantile,0.15,0.00050550158862935565
2026-08-12,ILI incidence,2026-08-09,1,IS,quantile,0.01,1.8692311848659456e-4
2026-08-12,ILI incidence,2026-08-09,1,IS,quantile,0.2,5.892680579095228e-4
2026-08-12,ILI incidence,2026-08-09,1,IS,quantile,0.6,0.0013477511062333597
2026-08-12,ILI incidence,2026-08-09,1,IS,quantile,0.25,6.620553663101211e-4
2026-08-12,ILI incidence,2026-08-09,1,IS,quantile,0.45,0.0010168319377955601
2026-08-12,ILI incidence,2026-08-09,1,IS,quantile,0.65,0.0014900094620205681
2026-08-12,ILI incidence,2026-08-09,1,IS,quantile,0.5,0.0011220225542938355
2026-08-12,ILI incidence,2026-08-09,1,IS,quantile,0.55,0.0012248376629703185
2026-08-12,ILI incidence,2026-08-09,1,IS,quantile,0.4,9.244414498961488e-4
2026-08-12,ILI incidence,2026-08-09,1,IS,quantile,0.85,0.0024305045703129215
2026-08-12,ILI incidence,2026-08-09,1,IS,quantile,0.9,0.002915925552165197
2026-08-12,ILI incidence,2026-08-09,1,IS,quantile,0.7,0.0016507857402245471
2026-08-12,ILI incidence,2026-08-09,1,IS,quantile,0.75,0.001853427319076774
2026-08-12,ILI incidence,2026-08-09,1,IS,quantile,0.95,0.003803402872715096
2026-08-12,ILI incidence,2026-08-09,1,IS,quantile,0.975,0.00473147133181335
2026-08-12,ILI incidence,2026-08-09,1,IS,quantile,0.8,0.0021080176137610713
2026-08-12,ILI incidence,2026-08-09,1,IS,quantile,0.99,0.006604289542793215
2026-08-12,ILI incidence,2026-08-09,1,IS,quantile,0.3,7.498768480576132e-4
2026-08-12,ILI incidence,2026-08-09,1,IS,quantile,0.35,8.392778154129559e-4
2026-08-12,ILI incidence,2026-08-09,1,IS,median,,0.0011220225542938355
2026-08-12,ILI incidence,2026-08-30,4,IS,quantile,0.85,0.004302569424585851
2026-08-12,ILI incidence,2026-08-30,4,IS,quantile,0.8,0.0034711070857608856
2026-08-12,ILI incidence,2026-08-30,4,IS,quantile,0.99,0.019567666236248282
2026-08-12,ILI incidence,2026-08-30,4,IS,quantile,0.65,0.0020050592297365943
2026-08-12,ILI incidence,2026-08-30,4,IS,quantile,0.6,0.0017166058421636645
2026-08-12,ILI incidence,2026-08-30,4,IS,quantile,0.975,0.013195795698583082
2026-08-12,ILI incidence,2026-08-30,4,IS,quantile,0.45,0.0010920560077524685
2026-08-12,ILI incidence,2026-08-30,4,IS,quantile,0.5,0.0012754117312619917
2026-08-12,ILI incidence,2026-08-30,4,IS,quantile,0.55,0.0014713917728887862
2026-08-12,ILI incidence,2026-08-30,4,IS,quantile,0.7,0.0023808508050772318
2026-08-12,ILI incidence,2026-08-30,4,IS,quantile,0.4,9.408432335623988e-4
2026-08-12,ILI incidence,2026-08-30,4,IS,quantile,0.75,0.002844092267599219
2026-08-12,ILI incidence,2026-08-30,4,IS,quantile,0.9,0.005757085029943626
2026-08-12,ILI incidence,2026-08-30,4,IS,quantile,0.95,0.008657610490872653
2026-08-12,ILI incidence,2026-08-30,4,IS,quantile,0.35,7.977156299398987e-4
2026-08-12,ILI incidence,2026-08-30,4,IS,quantile,0.3,6.861912139122696e-4
2026-08-12,ILI incidence,2026-08-30,4,IS,quantile,0.25,5.811402776740638e-4
2026-08-12,ILI incidence,2026-08-30,4,IS,quantile,0.15,3.7784057572003583e-4
2026-08-12,ILI incidence,2026-08-30,4,IS,quantile,0.2,4.7212350738348285e-4
2026-08-12,ILI incidence,2026-08-30,4,IS,quantile,0.1,2.831324478087965e-4
2026-08-12,ILI incidence,2026-08-30,4,IS,quantile,0.01,8.966389658674515e-5
2026-08-12,ILI incidence,2026-08-30,4,IS,quantile,0.05,1.8910448559488453e-4
2026-08-12,ILI incidence,2026-08-30,4,IS,quantile,0.025,1.3238124203318128e-4
2026-08-12,ILI incidence,2026-08-30,4,IS,median,,0.0012754117312619917
2026-08-12,ILI incidence,2026-08-09,1,LT,quantile,0.55,1.6478734520060578
2026-08-12,ILI incidence,2026-08-09,1,LT,quantile,0.5,1.5909354409959398
2026-08-12,ILI incidence,2026-08-09,1,LT,quantile,0.45,1.5384163166832767
2026-08-12,ILI incidence,2026-08-09,1,LT,quantile,0.35,1.4265290571158444
2026-08-12,ILI incidence,2026-08-09,1,LT,quantile,0.4,1.4802813246945792
2026-08-12,ILI incidence,2026-08-09,1,LT,quantile,0.3,1.374150300233403
2026-08-12,ILI incidence,2026-08-09,1,LT,quantile,0.25,1.3182027094620516
2026-08-12,ILI incidence,2026-08-09,1,LT,quantile,0.2,1.2566693528063309
2026-08-12,ILI incidence,2026-08-09,1,LT,quantile,0.6,1.7013371811018156
2026-08-12,ILI incidence,2026-08-09,1,LT,quantile,0.15,1.18522304477368
2026-08-12,ILI incidence,2026-08-09,1,LT,quantile,0.1,1.101543204972951
2026-08-12,ILI incidence,2026-08-09,1,LT,quantile,0.025,0.9096664560629145
2026-08-12,ILI incidence,2026-08-09,1,LT,quantile,0.01,0.8189496492740298
2026-08-12,ILI incidence,2026-08-09,1,LT,quantile,0.05,0.9946842533981417
2026-08-12,ILI incidence,2026-08-09,1,LT,quantile,0.975,2.7859649985601047
2026-08-12,ILI incidence,2026-08-09,1,LT,quantile,0.7,1.835278196497787
2026-08-12,ILI incidence,2026-08-09,1,LT,quantile,0.99,3.0911688015479077
2026-08-12,ILI incidence,2026-08-09,1,LT,quantile,0.75,1.9138977074645642
2026-08-12,ILI incidence,2026-08-09,1,LT,quantile,0.65,1.7657429912079383
2026-08-12,ILI incidence,2026-08-09,1,LT,quantile,0.9,2.261895370571644
2026-08-12,ILI incidence,2026-08-09,1,LT,quantile,0.95,2.5272094782317507
2026-08-12,ILI incidence,2026-08-09,1,LT,quantile,0.8,2.0054789923455036
2026-08-12,ILI incidence,2026-08-09,1,LT,quantile,0.85,2.124201624918683
2026-08-12,ILI incidence,2026-08-09,1,LT,median,,1.5909354409959398
2026-08-12,ILI incidence,2026-08-16,2,LT,quantile,0.5,1.4034179119817578
2026-08-12,ILI incidence,2026-08-16,2,LT,quantile,0.45,1.3635879462111333
2026-08-12,ILI incidence,2026-08-16,2,LT,quantile,0.65,1.526892706412283
2026-08-12,ILI incidence,2026-08-16,2,LT,quantile,0.7,1.5759476547404996
2026-08-12,ILI incidence,2026-08-16,2,LT,quantile,0.4,1.3250002747735967
2026-08-12,ILI incidence,2026-08-16,2,LT,quantile,0.01,0.8376270057660169
2026-08-12,ILI incidence,2026-08-16,2,LT,quantile,0.025,0.9072006208332346
2026-08-12,ILI incidence,2026-08-16,2,LT,quantile,0.55,1.4435689277645634
2026-08-12,ILI incidence,2026-08-16,2,LT,quantile,0.6,1.4842886324810345
2026-08-12,ILI incidence,2026-08-16,2,LT,quantile,0.05,0.9719092201636583
2026-08-12,ILI incidence,2026-08-16,2,LT,quantile,0.1,1.0473992792226856
2026-08-12,ILI incidence,2026-08-16,2,LT,quantile,0.75,1.631434312805599
2026-08-12,ILI incidence,2026-08-16,2,LT,quantile,0.35,1.2851713364989292
2026-08-12,ILI incidence,2026-08-16,2,LT,quantile,0.25,1.2020297215775617
2026-08-12,ILI incidence,2026-08-16,2,LT,quantile,0.8,1.6889558006495675
2026-08-12,ILI incidence,2026-08-16,2,LT,quantile,0.2,1.1574487457630505
2026-08-12,ILI incidence,2026-08-16,2,LT,quantile,0.99,2.3487724350632684
2026-08-12,ILI incidence,2026-08-16,2,LT,quantile,0.9,1.864802893895775
2026-08-12,ILI incidence,2026-08-16,2,LT,quantile,0.975,2.180023831916713
2026-08-12,ILI incidence,2026-08-16,2,LT,quantile,0.3,1.243222688181293
2026-08-12,ILI incidence,2026-08-16,2,LT,quantile,0.15,1.1070641933981231
2026-08-12,ILI incidence,2026-08-16,2,LT,quantile,0.95,2.0203543346498716
2026-08-12,ILI incidence,2026-08-16,2,LT,quantile,0.85,1.7660676153338337
2026-08-12,ILI incidence,2026-08-16,2,LT,median,,1.4034179119817578
2026-08-12,ILI incidence,2026-08-23,3,LT,quantile,0.85,1.2816289445593279
2026-08-12,ILI incidence,2026-08-23,3,LT,quantile,0.8,1.2545645024605547
2026-08-12,ILI incidence,2026-08-23,3,LT,quantile,0.75,1.23011947946066
2026-08-12,ILI incidence,2026-08-23,3,LT,quantile,0.4,1.1028140882339597
2026-08-12,ILI incidence,2026-08-23,3,LT,quantile,0.95,1.3755208780283728
2026-08-12,ILI incidence,2026-08-23,3,LT,quantile,0.975,1.429138895188335
2026-08-12,ILI incidence,2026-08-23,3,LT,quantile,0.9,1.316777341644724
2026-08-12,ILI incidence,2026-08-23,3,LT,quantile,0.35,1.0855032797388415
2026-08-12,ILI incidence,2026-08-23,3,LT,quantile,0.65,1.188225836846971
2026-08-12,ILI incidence,2026-08-23,3,LT,quantile,0.7,1.207619579928511
2026-08-12,ILI incidence,2026-08-23,3,LT,quantile,0.99,1.4956499482415826
2026-08-12,ILI incidence,2026-08-23,3,LT,quantile,0.05,0.9398295902833587
2026-08-12,ILI incidence,2026-08-23,3,LT,quantile,0.25,1.050887963300718
2026-08-12,ILI incidence,2026-08-23,3,LT,quantile,0.3,1.068933993379759
2026-08-12,ILI incidence,2026-08-23,3,LT,quantile,0.45,1.1189510836628707
2026-08-12,ILI incidence,2026-08-23,3,LT,quantile,0.55,1.1525285365916185
2026-08-12,ILI incidence,2026-08-23,3,LT,quantile,0.6,1.1698775896338707
2026-08-12,ILI incidence,2026-08-23,3,LT,quantile,0.1,0.9819184606693472
2026-08-12,ILI incidence,2026-08-23,3,LT,quantile,0.15,1.0079427520642512
2026-08-12,ILI incidence,2026-08-23,3,LT,quantile,0.025,0.9039484067374804
2026-08-12,ILI incidence,2026-08-23,3,LT,quantile,0.01,0.8617607950324184
2026-08-12,ILI incidence,2026-08-23,3,LT,quantile,0.5,1.1357360936901901
2026-08-12,ILI incidence,2026-08-23,3,LT,quantile,0.2,1.0305981565542326
2026-08-12,ILI incidence,2026-08-23,3,LT,median,,1.1357360936901901
2026-08-12,ILI incidence,2026-08-30,4,LT,quantile,0.99,8.059285185004436
2026-08-12,ILI incidence,2026-08-30,4,LT,quantile,0.9,4.324027935019824
2026-08-12,ILI incidence,2026-08-30,4,LT,quantile,0.8,3.34683626604376
2026-08-12,ILI incidence,2026-08-30,4,LT,quantile,0.975,6.462833655957806
2026-08-12,ILI incidence,2026-08-30,4,LT,quantile,0.5,2.021639202068162
2026-08-12,ILI incidence,2026-08-30,4,LT,quantile,0.85,3.777013646498194
2026-08-12,ILI incidence,2026-08-30,4,LT,quantile,0.65,2.5429464706613483
2026-08-12,ILI incidence,2026-08-30,4,LT,quantile,0.95,5.382847155808331
2026-08-12,ILI incidence,2026-08-30,4,LT,quantile,0.7,2.7553230412918435
2026-08-12,ILI incidence,2026-08-30,4,LT,quantile,0.55,2.179989523990547
2026-08-12,ILI incidence,2026-08-30,4,LT,quantile,0.45,1.8698528201375901
2026-08-12,ILI incidence,2026-08-30,4,LT,quantile,0.75,3.0169046290804253
2026-08-12,ILI incidence,2026-08-30,4,LT,quantile,0.6,2.3559033378043903
2026-08-12,ILI incidence,2026-08-30,4,LT,quantile,0.4,1.7341553765697433
2026-08-12,ILI incidence,2026-08-30,4,LT,quantile,0.35,1.601015929439505
2026-08-12,ILI incidence,2026-08-30,4,LT,quantile,0.3,1.4586945130872147
2026-08-12,ILI incidence,2026-08-30,4,LT,quantile,0.2,1.1993000409976928
2026-08-12,ILI incidence,2026-08-30,4,LT,quantile,0.25,1.326635313821051
2026-08-12,ILI incidence,2026-08-30,4,LT,quantile,0.05,0.7400971416237483
2026-08-12,ILI incidence,2026-08-30,4,LT,quantile,0.1,0.9240222794484448
2026-08-12,ILI incidence,2026-08-30,4,LT,quantile,0.15,1.066791331085524
2026-08-12,ILI incidence,2026-08-30,4,LT,quantile,0.01,0.46452126939319777
2026-08-12,ILI incidence,2026-08-30,4,LT,quantile,0.025,0.6089062713210726
2026-08-12,ILI incidence,2026-08-30,4,LT,median,,2.021639202068162
2026-08-12,ILI incidence,2026-08-30,4,LU,quantile,0.35,0.0010672689114294789
2026-08-12,ILI incidence,2026-08-30,4,LU,quantile,0.65,0.001222697017519021
2026-08-12,ILI incidence,2026-08-30,4,LU,quantile,0.3,0.0010420420582285313
2026-08-12,ILI incidence,2026-08-30,4,LU,quantile,0.25,0.0010140226312712326
2026-08-12,ILI incidence,2026-08-30,4,LU,quantile,0.5,0.0011427153253665621
2026-08-12,ILI incidence,2026-08-30,4,LU,quantile,0.7,0.0012537423832296992
2026-08-12,ILI incidence,2026-08-30,4,LU,quantile,0.99,0.0017431261406933923
2026-08-12,ILI incidence,2026-08-30,4,LU,quantile,0.4,0.0010937285647535447
2026-08-12,ILI incidence,2026-08-30,4,LU,quantile,0.2,9.826282951479787e-4
2026-08-12,ILI incidence,2026-08-30,4,LU,quantile,0.15,9.492184124293113e-4
2026-08-12,ILI incidence,2026-08-30,4,LU,quantile,0.55,0.001169112732829187
2026-08-12,ILI incidence,2026-08-30,4,LU,quantile,0.6,0.0011944595327139968
2026-08-12,ILI incidence,2026-08-30,4,LU,quantile,0.75,0.0012857112209647436
2026-08-12,ILI incidence,2026-08-30,4,LU,quantile,0.8,0.0013223034083079512
2026-08-12,ILI incidence,2026-08-30,4,LU,quantile,0.05,8.518699685616632e-4
2026-08-12,ILI incidence,2026-08-30,4,LU,quantile,0.85,0.0013704641993661638
2026-08-12,ILI incidence,2026-08-30,4,LU,quantile,0.1,9.113856633967738e-4
2026-08-12,ILI incidence,2026-08-30,4,LU,quantile,0.45,0.001119386276520975
2026-08-12,ILI incidence,2026-08-30,4,LU,quantile,0.975,0.0016166794744741657
2026-08-12,ILI incidence,2026-08-30,4,LU,quantile,0.95,0.001530852983648102
2026-08-12,ILI incidence,2026-08-30,4,LU,quantile,0.025,8.067228594821838e-4
2026-08-12,ILI incidence,2026-08-30,4,LU,quantile,0.9,0.001433828510791686
2026-08-12,ILI incidence,2026-08-30,4,LU,quantile,0.01,7.562563989668348e-4
2026-08-12,ILI incidence,2026-08-30,4,LU,median,,0.0011427153253665621
2026-08-12,ILI incidence,2026-08-09,1,MT,quantile,0.85,2678.865840220432
2026-08-12,ILI incidence,2026-08-09,1,MT,quantile,0.8,2539.888967759957
2026-08-12,ILI incidence,2026-08-09,1,MT,quantile,0.9,2851.0953402393347
2026-08-12,ILI incidence,2026-08-09,1,MT,quantile,0.25,1688.912262260388
2026-08-12,ILI incidence,2026-08-09,1,MT,quantile,0.5,2025.8706129356765
2026-08-12,ILI incidence,2026-08-09,1,MT,quantile,0.3,1757.7178936595724
2026-08-12,ILI incidence,2026-08-09,1,MT,quantile,0.35,1826.3615239626833
2026-08-12,ILI incidence,2026-08-09,1,MT,quantile,0.4,1895.3129700196578
2026-08-12,ILI incidence,2026-08-09,1,MT,quantile,0.2,1620.3240825183182
2026-08-12,ILI incidence,2026-08-09,1,MT,quantile,0.45,1960.095652973247
2026-08-12,ILI incidence,2026-08-09,1,MT,quantile,0.15,1542.5364752716212
2026-08-12,ILI incidence,2026-08-09,1,MT,quantile,0.75,2432.3870269583044
2026-08-12,ILI incidence,2026-08-09,1,MT,quantile,0.05,1314.9559599745376
2026-08-12,ILI incidence,2026-08-09,1,MT,quantile,0.1,1455.4335725655749
2026-08-12,ILI incidence,2026-08-09,1,MT,quantile,0.6,2170.9473867307534
2026-08-12,ILI incidence,2026-08-09,1,MT,quantile,0.95,3120.930855907544
2026-08-12,ILI incidence,2026-08-09,1,MT,quantile,0.7,2344.577686344468
2026-08-12,ILI incidence,2026-08-09,1,MT,quantile,0.025,1218.3328070511768
2026-08-12,ILI incidence,2026-08-09,1,MT,quantile,0.01,1103.5865856280077
2026-08-12,ILI incidence,2026-08-09,1,MT,quantile,0.65,2246.534730621891
2026-08-12,ILI incidence,2026-08-09,1,MT,quantile,0.55,2095.5433056509346
2026-08-12,ILI incidence,2026-08-09,1,MT,quantile,0.975,3389.1979102724363
2026-08-12,ILI incidence,2026-08-09,1,MT,quantile,0.99,3691.0564139220946
2026-08-12,ILI incidence,2026-08-09,1,MT,median,,2025.8706129356765
2026-08-12,ILI incidence,2026-08-16,2,MT,quantile,0.99,3586.438571292484
2026-08-12,ILI incidence,2026-08-16,2,MT,quantile,0.55,2294.116499766305
2026-08-12,ILI incidence,2026-08-16,2,MT,quantile,0.6,2352.0265615168228
2026-08-12,ILI incidence,2026-08-16,2,MT,quantile,0.5,2235.1351870097174
2026-08-12,ILI incidence,2026-08-16,2,MT,quantile,0.75,2572.066900500028
2026-08-12,ILI incidence,2026-08-16,2,MT,quantile,0.45,2180.6727685345704
2026-08-12,ILI incidence,2026-08-16,2,MT,quantile,0.85,2771.7238250098144
2026-08-12,ILI incidence,2026-08-16,2,MT,quantile,0.95,3143.6794566448266
2026-08-12,ILI incidence,2026-08-16,2,MT,quantile,0.65,2420.9148583470505
2026-08-12,ILI incidence,2026-08-16,2,MT,quantile,0.975,3362.0492859516207
2026-08-12,ILI incidence,2026-08-16,2,MT,quantile,0.7,2494.889811757144
2026-08-12,ILI incidence,2026-08-16,2,MT,quantile,0.9,2916.6699087772727
2026-08-12,ILI incidence,2026-08-16,2,MT,quantile,0.8,2663.815386092983
2026-08-12,ILI incidence,2026-08-16,2,MT,quantile,0.01,1377.7955442471427
2026-08-12,ILI incidence,2026-08-16,2,MT,quantile,0.025,1474.5736308569783
2026-08-12,ILI incidence,2026-08-16,2,MT,quantile,0.4,2126.85554512425
2026-08-12,ILI incidence,2026-08-16,2,MT,quantile,0.05,1580.0376388713444
2026-08-12,ILI incidence,2026-08-16,2,MT,quantile,0.3,2011.2851300962013
2026-08-12,ILI incidence,2026-08-16,2,MT,quantile,0.35,2070.6075620493757
2026-08-12,ILI incidence,2026-08-16,2,MT,quantile,0.1,1705.0908044108269
2026-08-12,ILI incidence,2026-08-16,2,MT,quantile,0.15,1793.2173582119376
2026-08-12,ILI incidence,2026-08-16,2,MT,quantile,0.2,1874.6007011801287
2026-08-12,ILI incidence,2026-08-16,2,MT,quantile,0.25,1944.9853127248975
2026-08-12,ILI incidence,2026-08-16,2,MT,median,,2235.1351870097174
2026-08-12,ILI incidence,2026-08-23,3,MT,quantile,0.975,3572.6337162235495
2026-08-12,ILI incidence,2026-08-23,3,MT,quantile,0.95,3285.296083023653
2026-08-12,ILI incidence,2026-08-23,3,MT,quantile,0.99,3972.4658725400113
2026-08-12,ILI incidence,2026-08-23,3,MT,quantile,0.65,2337.590767409981
2026-08-12,ILI incidence,2026-08-23,3,MT,quantile,0.6,2249.890509862383
2026-08-12,ILI incidence,2026-08-23,3,MT,quantile,0.55,2172.1084384688197
2026-08-12,ILI incidence,2026-08-23,3,MT,quantile,0.85,2798.958722524183
2026-08-12,ILI incidence,2026-08-23,3,MT,quantile,0.9,2987.6965041305602
2026-08-12,ILI incidence,2026-08-23,3,MT,quantile,0.5,2095.59209398004
2026-08-12,ILI incidence,2026-08-23,3,MT,quantile,0.7,2436.950453330376
2026-08-12,ILI incidence,2026-08-23,3,MT,quantile,0.75,2538.7665289131487
2026-08-12,ILI incidence,2026-08-23,3,MT,quantile,0.45,2027.8121865862904
2026-08-12,ILI incidence,2026-08-23,3,MT,quantile,0.8,2652.290896606193
2026-08-12,ILI incidence,2026-08-23,3,MT,quantile,0.35,1889.2159961867173
2026-08-12,ILI incidence,2026-08-23,3,MT,quantile,0.4,1957.1794026367422
2026-08-12,ILI incidence,2026-08-23,3,MT,quantile,0.15,1581.741192725188
2026-08-12,ILI incidence,2026-08-23,3,MT,quantile,0.3,1821.5533391117983
2026-08-12,ILI incidence,2026-08-23,3,MT,quantile,0.25,1745.2497925339708
2026-08-12,ILI incidence,2026-08-23,3,MT,quantile,0.2,1667.0142786038916
2026-08-12,ILI incidence,2026-08-23,3,MT,quantile,0.1,1480.1636976293557
2026-08-12,ILI incidence,2026-08-23,3,MT,quantile,0.01,1120.053820074828
2026-08-12,ILI incidence,2026-08-23,3,MT,quantile,0.05,1343.8332846535707
2026-08-12,ILI incidence,2026-08-23,3,MT,quantile,0.025,1240.0369265069783
2026-08-12,ILI incidence,2026-08-23,3,MT,median,,2095.59209398004
2026-08-12,ILI incidence,2026-08-30,4,MT,quantile,0.65,3109.154481655145
2026-08-12,ILI incidence,2026-08-30,4,MT,quantile,0.6,3023.660573680406
2026-08-12,ILI incidence,2026-08-30,4,MT,quantile,0.4,2700.2683231809965
2026-08-12,ILI incidence,2026-08-30,4,MT,quantile,0.35,2620.985887569167
2026-08-12,ILI incidence,2026-08-30,4,MT,quantile,0.5,2863.0466352421986
2026-08-12,ILI incidence,2026-08-30,4,MT,quantile,0.45,2784.1093745599374
2026-08-12,ILI incidence,2026-08-30,4,MT,quantile,0.55,2942.742378864359
2026-08-12,ILI incidence,2026-08-30,4,MT,quantile,0.25,2464.1496767774106
2026-08-12,ILI incidence,2026-08-30,4,MT,quantile,0.7,3208.9619884215276
2026-08-12,ILI incidence,2026-08-30,4,MT,quantile,0.025,1848.9841249014517
2026-08-12,ILI incidence,2026-08-30,4,MT,quantile,0.2,2373.143854242539
2026-08-12,ILI incidence,2026-08-30,4,MT,quantile,0.15,2268.754798781425
2026-08-12,ILI incidence,2026-08-30,4,MT,quantile,0.75,3313.3620558896387
2026-08-12,ILI incidence,2026-08-30,4,MT,quantile,0.05,1978.7416018990639
2026-08-12,ILI incidence,2026-08-30,4,MT,quantile,0.1,2150.878620378837
2026-08-12,ILI incidence,2026-08-30,4,MT,quantile,0.01,1706.612929021955
2026-08-12,ILI incidence,2026-08-30,4,MT,quantile,0.3,2544.1779842112287
2026-08-12,ILI incidence,2026-08-30,4,MT,quantile,0.85,3595.4156608140297
2026-08-12,ILI incidence,2026-08-30,4,MT,quantile,0.95,4088.963047217617
2026-08-12,ILI incidence,2026-08-30,4,MT,quantile,0.9,3790.3206383833503
2026-08-12,ILI incidence,2026-08-30,4,MT,quantile,0.99,4720.096956437772
2026-08-12,ILI incidence,2026-08-30,4,MT,quantile,0.8,3439.6412301044747
2026-08-12,ILI incidence,2026-08-30,4,MT,quantile,0.975,4389.4123569328995
2026-08-12,ILI incidence,2026-08-30,4,MT,median,,2863.0466352421986
2026-08-12,ILI incidence,2026-08-09,1,NO,quantile,0.975,9.69044425750801
2026-08-12,ILI incidence,2026-08-09,1,NO,quantile,0.65,5.815933471985681
2026-08-12,ILI incidence,2026-08-09,1,NO,quantile,0.95,8.785259602677092
2026-08-12,ILI incidence,2026-08-09,1,NO,quantile,0.9,7.727412876916219
2026-08-12,ILI incidence,2026-08-09,1,NO,quantile,0.85,7.131687675207717
2026-08-12,ILI incidence,2026-08-09,1,NO,quantile,0.2,3.9217925471491344
2026-08-12,ILI incidence,2026-08-09,1,NO,quantile,0.4,4.738929800068635
2026-08-12,ILI incidence,2026-08-09,1,NO,quantile,0.6,5.561805106975836
2026-08-12,ILI incidence,2026-08-09,1,NO,quantile,0.15,3.694141482794634
2026-08-12,ILI incidence,2026-08-09,1,NO,quantile,0.99,10.81264502917105
2026-08-12,ILI incidence,2026-08-09,1,NO,quantile,0.05,3.062718059618518
2026-08-12,ILI incidence,2026-08-09,1,NO,quantile,0.25,4.133776005684762
2026-08-12,ILI incidence,2026-08-09,1,NO,quantile,0.7,6.067330151539984
2026-08-12,ILI incidence,2026-08-09,1,NO,quantile,0.025,2.800705001878002
2026-08-12,ILI incidence,2026-08-09,1,NO,quantile,0.1,3.4249442435466326
2026-08-12,ILI incidence,2026-08-09,1,NO,quantile,0.3,4.337285356586543
2026-08-12,ILI incidence,2026-08-09,1,NO,quantile,0.35,4.528893646652892
2026-08-12,ILI incidence,2026-08-09,1,NO,quantile,0.8,6.719626486738422
2026-08-12,ILI incidence,2026-08-09,1,NO,quantile,0.45,4.931820130757968
2026-08-12,ILI incidence,2026-08-09,1,NO,quantile,0.75,6.370991437876331
2026-08-12,ILI incidence,2026-08-09,1,NO,quantile,0.5,5.131931739835758
2026-08-12,ILI incidence,2026-08-09,1,NO,quantile,0.55,5.345431513437043
2026-08-12,ILI incidence,2026-08-09,1,NO,quantile,0.01,2.4782522303782817
2026-08-12,ILI incidence,2026-08-09,1,NO,median,,5.131931739835758
2026-08-12,ILI incidence,2026-08-16,2,NO,quantile,0.05,2.5003362172276105
2026-08-12,ILI incidence,2026-08-16,2,NO,quantile,0.025,2.1832578384198515
2026-08-12,ILI incidence,2026-08-16,2,NO,quantile,0.1,2.9773015219931405
2026-08-12,ILI incidence,2026-08-16,2,NO,quantile,0.01,1.8254305946558984
2026-08-12,ILI incidence,2026-08-16,2,NO,quantile,0.15,3.322496968611377
2026-08-12,ILI incidence,2026-08-16,2,NO,quantile,0.2,3.625482883476373
2026-08-12,ILI incidence,2026-08-16,2,NO,quantile,0.45,5.019063271570112
2026-08-12,ILI incidence,2026-08-16,2,NO,quantile,0.5,5.343471623529595
2026-08-12,ILI incidence,2026-08-16,2,NO,quantile,0.25,3.9239522031702254
2026-08-12,ILI incidence,2026-08-16,2,NO,quantile,0.55,5.655717259735662
2026-08-12,ILI incidence,2026-08-16,2,NO,quantile,0.3,4.200130622397765
2026-08-12,ILI incidence,2026-08-16,2,NO,quantile,0.35,4.470652949563746
2026-08-12,ILI incidence,2026-08-16,2,NO,quantile,0.4,4.738997774770285
2026-08-12,ILI incidence,2026-08-16,2,NO,quantile,0.6,6.0026052143351
2026-08-12,ILI incidence,2026-08-16,2,NO,quantile,0.65,6.3555355499983115
2026-08-12,ILI incidence,2026-08-16,2,NO,quantile,0.7,6.797547006299571
2026-08-12,ILI incidence,2026-08-16,2,NO,quantile,0.75,7.269951048380993
2026-08-12,ILI incidence,2026-08-16,2,NO,quantile,0.8,7.850677907490525
2026-08-12,ILI incidence,2026-08-16,2,NO,quantile,0.99,15.862611388520408
2026-08-12,ILI incidence,2026-08-16,2,NO,quantile,0.85,8.59794191986045
2026-08-12,ILI incidence,2026-08-16,2,NO,quantile,0.9,9.657110059673318
2026-08-12,ILI incidence,2026-08-16,2,NO,quantile,0.975,13.264583178022761
2026-08-12,ILI incidence,2026-08-16,2,NO,quantile,0.95,11.345234892446689
2026-08-12,ILI incidence,2026-08-16,2,NO,median,,5.343471623529595
2026-08-12,ILI incidence,2026-08-23,3,NO,quantile,0.025,3.628277425682736
2026-08-12,ILI incidence,2026-08-23,3,NO,quantile,0.01,3.3031291576571746
2026-08-12,ILI incidence,2026-08-23,3,NO,quantile,0.05,3.929495617994432
2026-08-12,ILI incidence,2026-08-23,3,NO,quantile,0.1,4.349223901559565
2026-08-12,ILI incidence,2026-08-23,3,NO,quantile,0.975,10.547462401985472
2026-08-12,ILI incidence,2026-08-23,3,NO,quantile,0.15,4.643903887691487
2026-08-12,ILI incidence,2026-08-23,3,NO,quantile,0.65,6.898060175442658
2026-08-12,ILI incidence,2026-08-23,3,NO,quantile,0.8,7.781847719485574
2026-08-12,ILI incidence,2026-08-23,3,NO,quantile,0.25,5.137776325891222
2026-08-12,ILI incidence,2026-08-23,3,NO,quantile,0.35,5.54625550223221
2026-08-12,ILI incidence,2026-08-23,3,NO,quantile,0.75,7.444291945854358
2026-08-12,ILI incidence,2026-08-23,3,NO,quantile,0.7,7.162321741804133
2026-08-12,ILI incidence,2026-08-23,3,NO,quantile,0.6,6.63661745854577
2026-08-12,ILI incidence,2026-08-23,3,NO,quantile,0.2,4.896244973494031
2026-08-12,ILI incidence,2026-08-23,3,NO,quantile,0.85,8.212273235036388
2026-08-12,ILI incidence,2026-08-23,3,NO,quantile,0.3,5.332723608549151
2026-08-12,ILI incidence,2026-08-23,3,NO,quantile,0.45,5.962942144638207
2026-08-12,ILI incidence,2026-08-23,3,NO,quantile,0.9,8.805170923763715
2026-08-12,ILI incidence,2026-08-23,3,NO,quantile,0.4,5.751506253250746
2026-08-12,ILI incidence,2026-08-23,3,NO,quantile,0.55,6.409541378488418
2026-08-12,ILI incidence,2026-08-23,3,NO,quantile,0.95,9.657504447573604
2026-08-12,ILI incidence,2026-08-23,3,NO,quantile,0.5,6.189405950224034
2026-08-12,ILI incidence,2026-08-23,3,NO,quantile,0.99,11.458504828506438
2026-08-12,ILI incidence,2026-08-23,3,NO,median,,6.189405950224034
2026-08-12,ILI incidence,2026-08-30,4,NO,quantile,0.99,12.780824810759968
2026-08-12,ILI incidence,2026-08-30,4,NO,quantile,0.975,11.148656022283783
2026-08-12,ILI incidence,2026-08-30,4,NO,quantile,0.95,10.103905016144068
2026-08-12,ILI incidence,2026-08-30,4,NO,quantile,0.9,8.777770648316784
2026-08-12,ILI incidence,2026-08-30,4,NO,quantile,0.8,7.415478784668181
2026-08-12,ILI incidence,2026-08-30,4,NO,quantile,0.85,7.97187801686134
2026-08-12,ILI incidence,2026-08-30,4,NO,quantile,0.7,6.587904793514957
2026-08-12,ILI incidence,2026-08-30,4,NO,quantile,0.75,6.972613914887287
2026-08-12,ILI incidence,2026-08-30,4,NO,quantile,0.65,6.260516991810117
2026-08-12,ILI incidence,2026-08-30,4,NO,quantile,0.25,4.203433047311448
2026-08-12,ILI incidence,2026-08-30,4,NO,quantile,0.2,3.9660541262326436
2026-08-12,ILI incidence,2026-08-30,4,NO,quantile,0.05,2.962266724834893
2026-08-12,ILI incidence,2026-08-30,4,NO,quantile,0.15,3.703803573436855
2026-08-12,ILI incidence,2026-08-30,4,NO,quantile,0.1,3.383394325031869
2026-08-12,ILI incidence,2026-08-30,4,NO,quantile,0.025,2.639509781663151
2026-08-12,ILI incidence,2026-08-30,4,NO,quantile,0.01,2.3045697717091764
2026-08-12,ILI incidence,2026-08-30,4,NO,quantile,0.35,4.69292855926523
2026-08-12,ILI incidence,2026-08-30,4,NO,quantile,0.3,4.450373278477904
2026-08-12,ILI incidence,2026-08-30,4,NO,quantile,0.45,5.15148101666256
2026-08-12,ILI incidence,2026-08-30,4,NO,quantile,0.5,5.390165117505819
2026-08-12,ILI incidence,2026-08-30,4,NO,quantile,0.4,4.9192464059288845
2026-08-12,ILI incidence,2026-08-30,4,NO,quantile,0.6,5.955564586071852
2026-08-12,ILI incidence,2026-08-30,4,NO,quantile,0.55,5.668310066336863
2026-08-12,ILI incidence,2026-08-30,4,NO,median,,5.390165117505819
2026-08-12,ILI incidence,2026-08-16,2,SI,quantile,0.05,8.56295355995954e-5
2026-08-12,ILI incidence,2026-08-16,2,SI,quantile,0.01,2.2055864163474152e-5
2026-08-12,ILI incidence,2026-08-16,2,SI,quantile,0.025,4.590844274817999e-5
2026-08-12,ILI incidence,2026-08-16,2,SI,quantile,0.1,1.629835889850233e-4
2026-08-12,ILI incidence,2026-08-16,2,SI,quantile,0.15,2.687874125064099e-4
2026-08-12,ILI incidence,2026-08-16,2,SI,quantile,0.2,3.871075706482157e-4
2026-08-12,ILI incidence,2026-08-16,2,SI,quantile,0.25,5.195072164682747e-4
2026-08-12,ILI incidence,2026-08-16,2,SI,quantile,0.3,6.980910700430499e-4
2026-08-12,ILI incidence,2026-08-16,2,SI,quantile,0.35,9.133742998313655e-4
2026-08-12,ILI incidence,2026-08-16,2,SI,quantile,0.4,0.0011869768583173679
2026-08-12,ILI incidence,2026-08-16,2,SI,quantile,0.45,0.0015106322925815016
2026-08-12,ILI incidence,2026-08-16,2,SI,quantile,0.5,0.001946611875239577
2026-08-12,ILI incidence,2026-08-16,2,SI,quantile,0.55,0.0024936609442719384
2026-08-12,ILI incidence,2026-08-16,2,SI,quantile,0.6,0.0032366745925871297
2026-08-12,ILI incidence,2026-08-16,2,SI,quantile,0.65,0.0041787155849305705
2026-08-12,ILI incidence,2026-08-16,2,SI,quantile,0.7,0.005467798610053717
2026-08-12,ILI incidence,2026-08-16,2,SI,quantile,0.75,0.007306783503250245
2026-08-12,ILI incidence,2026-08-16,2,SI,quantile,0.8,0.010184859666386886
2026-08-12,ILI incidence,2026-08-16,2,SI,quantile,0.85,0.014912808751674254
2026-08-12,ILI incidence,2026-08-16,2,SI,quantile,0.9,0.023945072374749212
2026-08-12,ILI incidence,2026-08-16,2,SI,quantile,0.95,0.05028383238461181
2026-08-12,ILI incidence,2026-08-16,2,SI,quantile,0.99,0.17146406281494314
2026-08-12,ILI incidence,2026-08-16,2,SI,quantile,0.975,0.09201081971718493
2026-08-12,ILI incidence,2026-08-16,2,SI,median,,0.001946611875239577
