"origin_date","target","target_end_date","horizon","location","output_type","output_type_id","value"
2026-09-23,"ILI incidence",2026-09-20,1,"BE","median","",84.531716855322
2026-09-23,"ILI incidence",2026-09-20,1,"BE","quantile","0.01",0
2026-09-23,"ILI incidence",2026-09-20,1,"BE","quantile","0.025",0
2026-09-23,"ILI incidence",2026-09-20,1,"BE","quantile","0.05",0
2026-09-23,"ILI incidence",2026-09-20,1,"BE","quantile","0.1",0
2026-09-23,"ILI incidence",2026-09-20,1,"BE","quantile","0.15",0
2026-09-23,"ILI incidence",2026-09-20,1,"BE","quantile","0.2",6.59008991786641
2026-09-23,"ILI incidence",2026-09-20,1,"BE","quantile","0.25",22.5097058059772
2026-09-23,"ILI incidence",2026-09-20,1,"BE","quantile","0.3",36.0139657172068
2026-09-23,"ILI incidence",2026-09-20,1,"BE","quantile","0.35",48.9782992605521
2026-09-23,"ILI incidence",2026-09-20,1,"BE","quantile","0.4",61.3303685224489
2026-09-23,"ILI incidence",2026-09-20,1,"BE","quantile","0.45",73.7662434476304
2026-09-23,"ILI incidence",2026-09-20,1,"BE","quantile","0.5",84.7091331760155
2026-09-23,"ILI incidence",2026-09-20,1,"BE","quantile","0.55",96.04047601499
2026-09-23,"ILI incidence",2026-09-20,1,"BE","quantile","0.6",107.766202358423
2026-09-23,"ILI incidence",2026-09-20,1,"BE","quantile","0.65",119.710987695397
2026-09-23,"ILI incidence",2026-09-20,1,"BE","quantile","0.7",132.925301682756
2026-09-23,"ILI incidence",2026-09-20,1,"BE","quantile","0.75",147.891486083229
2026-09-23,"ILI incidence",2026-09-20,1,"BE","quantile","0.8",163.675282320212
2026-09-23,"ILI incidence",2026-09-20,1,"BE","quantile","0.85",181.673379443908
2026-09-23,"ILI incidence",2026-09-20,1,"BE","quantile","0.9",203.702662851154
2026-09-23,"ILI incidence",2026-09-20,1,"BE","quantile","0.95",237.734676336817
2026-09-23,"ILI incidence",2026-09-20,1,"BE","quantile","0.975",266.22063127323
2026-09-23,"ILI incidence",2026-09-20,1,"BE","quantile","0.99",303.787251730886
2026-09-23,"ILI incidence",2026-09-27,2,"BE","median","",107.431786875064
2026-09-23,"ILI incidence",2026-09-27,2,"BE","quantile","0.01",0
2026-09-23,"ILI incidence",2026-09-27,2,"BE","quantile","0.025",0
2026-09-23,"ILI incidence",2026-09-27,2,"BE","quantile","0.05",0
2026-09-23,"ILI incidence",2026-09-27,2,"BE","quantile","0.1",0
2026-09-23,"ILI incidence",2026-09-27,2,"BE","quantile","0.15",0
2026-09-23,"ILI incidence",2026-09-27,2,"BE","quantile","0.2",0
2026-09-23,"ILI incidence",2026-09-27,2,"BE","quantile","0.25",17.7378450369224
2026-09-23,"ILI incidence",2026-09-27,2,"BE","quantile","0.3",39.2074501130491
2026-09-23,"ILI incidence",2026-09-27,2,"BE","quantile","0.35",58.2432723795361
2026-09-23,"ILI incidence",2026-09-27,2,"BE","quantile","0.4",75.9467938585823
2026-09-23,"ILI incidence",2026-09-27,2,"BE","quantile","0.45",92.547274040102
2026-09-23,"ILI incidence",2026-09-27,2,"BE","quantile","0.5",109.189748203033
2026-09-23,"ILI incidence",2026-09-27,2,"BE","quantile","0.55",126.168591934345
2026-09-23,"ILI incidence",2026-09-27,2,"BE","quantile","0.6",143.76005915779
2026-09-23,"ILI incidence",2026-09-27,2,"BE","quantile","0.65",161.995266279464
2026-09-23,"ILI incidence",2026-09-27,2,"BE","quantile","0.7",180.549225731781
2026-09-23,"ILI incidence",2026-09-27,2,"BE","quantile","0.75",200.471734146104
2026-09-23,"ILI incidence",2026-09-27,2,"BE","quantile","0.8",224.849802954151
2026-09-23,"ILI incidence",2026-09-27,2,"BE","quantile","0.85",252.536033717265
2026-09-23,"ILI incidence",2026-09-27,2,"BE","quantile","0.9",286.344265056056
2026-09-23,"ILI incidence",2026-09-27,2,"BE","quantile","0.95",336.948936953497
2026-09-23,"ILI incidence",2026-09-27,2,"BE","quantile","0.975",381.785107223772
2026-09-23,"ILI incidence",2026-09-27,2,"BE","quantile","0.99",432.820783994714
2026-09-23,"ILI incidence",2026-10-04,3,"BE","median","",129.165548754892
2026-09-23,"ILI incidence",2026-10-04,3,"BE","quantile","0.01",0
2026-09-23,"ILI incidence",2026-10-04,3,"BE","quantile","0.025",0
2026-09-23,"ILI incidence",2026-10-04,3,"BE","quantile","0.05",0
2026-09-23,"ILI incidence",2026-10-04,3,"BE","quantile","0.1",0
2026-09-23,"ILI incidence",2026-10-04,3,"BE","quantile","0.15",0
2026-09-23,"ILI incidence",2026-10-04,3,"BE","quantile","0.2",0
2026-09-23,"ILI incidence",2026-10-04,3,"BE","quantile","0.25",17.2551174039962
2026-09-23,"ILI incidence",2026-10-04,3,"BE","quantile","0.3",42.9215698667542
2026-09-23,"ILI incidence",2026-10-04,3,"BE","quantile","0.35",64.7672482621941
2026-09-23,"ILI incidence",2026-10-04,3,"BE","quantile","0.4",87.5635004174987
2026-09-23,"ILI incidence",2026-10-04,3,"BE","quantile","0.45",110.623586123311
2026-09-23,"ILI incidence",2026-10-04,3,"BE","quantile","0.5",130.465121408797
2026-09-23,"ILI incidence",2026-10-04,3,"BE","quantile","0.55",151.434438371595
2026-09-23,"ILI incidence",2026-10-04,3,"BE","quantile","0.6",172.821412882535
2026-09-23,"ILI incidence",2026-10-04,3,"BE","quantile","0.65",193.899426431433
2026-09-23,"ILI incidence",2026-10-04,3,"BE","quantile","0.7",218.220252642498
2026-09-23,"ILI incidence",2026-10-04,3,"BE","quantile","0.75",244.955738722123
2026-09-23,"ILI incidence",2026-10-04,3,"BE","quantile","0.8",275.225407142904
2026-09-23,"ILI incidence",2026-10-04,3,"BE","quantile","0.85",309.941521764664
2026-09-23,"ILI incidence",2026-10-04,3,"BE","quantile","0.9",352.024721136599
2026-09-23,"ILI incidence",2026-10-04,3,"BE","quantile","0.95",415.604526839626
2026-09-23,"ILI incidence",2026-10-04,3,"BE","quantile","0.975",464.229951103744
2026-09-23,"ILI incidence",2026-10-04,3,"BE","quantile","0.99",526.241957010389
2026-09-23,"ILI incidence",2026-10-11,4,"BE","median","",148.733188337511
2026-09-23,"ILI incidence",2026-10-11,4,"BE","quantile","0.01",0
2026-09-23,"ILI incidence",2026-10-11,4,"BE","quantile","0.025",0
2026-09-23,"ILI incidence",2026-10-11,4,"BE","quantile","0.05",0
2026-09-23,"ILI incidence",2026-10-11,4,"BE","quantile","0.1",0
2026-09-23,"ILI incidence",2026-10-11,4,"BE","quantile","0.15",0
2026-09-23,"ILI incidence",2026-10-11,4,"BE","quantile","0.2",0
2026-09-23,"ILI incidence",2026-10-11,4,"BE","quantile","0.25",22.0638686198365
2026-09-23,"ILI incidence",2026-10-11,4,"BE","quantile","0.3",50.3258193293574
2026-09-23,"ILI incidence",2026-10-11,4,"BE","quantile","0.35",77.1949642604882
2026-09-23,"ILI incidence",2026-10-11,4,"BE","quantile","0.4",103.23945452106
2026-09-23,"ILI incidence",2026-10-11,4,"BE","quantile","0.45",128.776820172154
2026-09-23,"ILI incidence",2026-10-11,4,"BE","quantile","0.5",152.912474475012
2026-09-23,"ILI incidence",2026-10-11,4,"BE","quantile","0.55",175.967953505997
2026-09-23,"ILI incidence",2026-10-11,4,"BE","quantile","0.6",200.346431952674
2026-09-23,"ILI incidence",2026-10-11,4,"BE","quantile","0.65",226.749519154599
2026-09-23,"ILI incidence",2026-10-11,4,"BE","quantile","0.7",254.356475317616
2026-09-23,"ILI incidence",2026-10-11,4,"BE","quantile","0.75",280.715923690402
2026-09-23,"ILI incidence",2026-10-11,4,"BE","quantile","0.8",312.950643592144
2026-09-23,"ILI incidence",2026-10-11,4,"BE","quantile","0.85",350.108414694665
2026-09-23,"ILI incidence",2026-10-11,4,"BE","quantile","0.9",397.976658532895
2026-09-23,"ILI incidence",2026-10-11,4,"BE","quantile","0.95",471.3354251822
2026-09-23,"ILI incidence",2026-10-11,4,"BE","quantile","0.975",535.62341144522
2026-09-23,"ILI incidence",2026-10-11,4,"BE","quantile","0.99",604.346025606413
2026-09-23,"ILI incidence",2026-09-20,1,"DK","median","",84.2316511632098
2026-09-23,"ILI incidence",2026-09-20,1,"DK","quantile","0.01",22.9629638547976
2026-09-23,"ILI incidence",2026-09-20,1,"DK","quantile","0.025",33.1837393961669
2026-09-23,"ILI incidence",2026-09-20,1,"DK","quantile","0.05",41.5995839311593
2026-09-23,"ILI incidence",2026-09-20,1,"DK","quantile","0.1",51.0163061027085
2026-09-23,"ILI incidence",2026-09-20,1,"DK","quantile","0.15",57.3986794547121
2026-09-23,"ILI incidence",2026-09-20,1,"DK","quantile","0.2",62.4663926651893
2026-09-23,"ILI incidence",2026-09-20,1,"DK","quantile","0.25",66.6770478571996
2026-09-23,"ILI incidence",2026-09-20,1,"DK","quantile","0.3",70.6221909721513
2026-09-23,"ILI incidence",2026-09-20,1,"DK","quantile","0.35",74.2336745012868
2026-09-23,"ILI incidence",2026-09-20,1,"DK","quantile","0.4",78.0457505397299
2026-09-23,"ILI incidence",2026-09-20,1,"DK","quantile","0.45",81.2931990048093
2026-09-23,"ILI incidence",2026-09-20,1,"DK","quantile","0.5",84.5450535230566
2026-09-23,"ILI incidence",2026-09-20,1,"DK","quantile","0.55",87.6168787420841
2026-09-23,"ILI incidence",2026-09-20,1,"DK","quantile","0.6",91.0243821152537
2026-09-23,"ILI incidence",2026-09-20,1,"DK","quantile","0.65",94.6444869937548
2026-09-23,"ILI incidence",2026-09-20,1,"DK","quantile","0.7",98.3672545809849
2026-09-23,"ILI incidence",2026-09-20,1,"DK","quantile","0.75",102.748676066316
2026-09-23,"ILI incidence",2026-09-20,1,"DK","quantile","0.8",107.058930789641
2026-09-23,"ILI incidence",2026-09-20,1,"DK","quantile","0.85",112.195546894256
2026-09-23,"ILI incidence",2026-09-20,1,"DK","quantile","0.9",118.241345319665
2026-09-23,"ILI incidence",2026-09-20,1,"DK","quantile","0.95",127.782064884099
2026-09-23,"ILI incidence",2026-09-20,1,"DK","quantile","0.975",136.012685716046
2026-09-23,"ILI incidence",2026-09-20,1,"DK","quantile","0.99",145.265748664013
2026-09-23,"ILI incidence",2026-09-27,2,"DK","median","",91.1530829068741
2026-09-23,"ILI incidence",2026-09-27,2,"DK","quantile","0.01",22.021647383876
2026-09-23,"ILI incidence",2026-09-27,2,"DK","quantile","0.025",31.689319128774
2026-09-23,"ILI incidence",2026-09-27,2,"DK","quantile","0.05",40.9979531336248
2026-09-23,"ILI incidence",2026-09-27,2,"DK","quantile","0.1",52.1325796403831
2026-09-23,"ILI incidence",2026-09-27,2,"DK","quantile","0.15",59.468109816703
2026-09-23,"ILI incidence",2026-09-27,2,"DK","quantile","0.2",65.1094644184316
2026-09-23,"ILI incidence",2026-09-27,2,"DK","quantile","0.25",70.0545342932254
2026-09-23,"ILI incidence",2026-09-27,2,"DK","quantile","0.3",75.0079044181419
2026-09-23,"ILI incidence",2026-09-27,2,"DK","quantile","0.35",79.1600435023811
2026-09-23,"ILI incidence",2026-09-27,2,"DK","quantile","0.4",83.6346799836127
2026-09-23,"ILI incidence",2026-09-27,2,"DK","quantile","0.45",87.5659672463401
2026-09-23,"ILI incidence",2026-09-27,2,"DK","quantile","0.5",91.3679095177614
2026-09-23,"ILI incidence",2026-09-27,2,"DK","quantile","0.55",95.2163858621852
2026-09-23,"ILI incidence",2026-09-27,2,"DK","quantile","0.6",99.2593726901971
2026-09-23,"ILI incidence",2026-09-27,2,"DK","quantile","0.65",103.437655866928
2026-09-23,"ILI incidence",2026-09-27,2,"DK","quantile","0.7",107.68189710106
2026-09-23,"ILI incidence",2026-09-27,2,"DK","quantile","0.75",112.362606554065
2026-09-23,"ILI incidence",2026-09-27,2,"DK","quantile","0.8",117.660645769369
2026-09-23,"ILI incidence",2026-09-27,2,"DK","quantile","0.85",123.433097194076
2026-09-23,"ILI incidence",2026-09-27,2,"DK","quantile","0.9",131.302771063955
2026-09-23,"ILI incidence",2026-09-27,2,"DK","quantile","0.95",142.102039702726
2026-09-23,"ILI incidence",2026-09-27,2,"DK","quantile","0.975",152.880521239436
2026-09-23,"ILI incidence",2026-09-27,2,"DK","quantile","0.99",164.412568419415
2026-09-23,"ILI incidence",2026-10-04,3,"DK","median","",90.4674523071384
2026-09-23,"ILI incidence",2026-10-04,3,"DK","quantile","0.01",9.27286204292245
2026-09-23,"ILI incidence",2026-10-04,3,"DK","quantile","0.025",22.0471797424023
2026-09-23,"ILI incidence",2026-10-04,3,"DK","quantile","0.05",32.2635278961375
2026-09-23,"ILI incidence",2026-10-04,3,"DK","quantile","0.1",45.6389445003946
2026-09-23,"ILI incidence",2026-10-04,3,"DK","quantile","0.15",54.2994646761142
2026-09-23,"ILI incidence",2026-10-04,3,"DK","quantile","0.2",61.1015709422777
2026-09-23,"ILI incidence",2026-10-04,3,"DK","quantile","0.25",67.0305248098703
2026-09-23,"ILI incidence",2026-10-04,3,"DK","quantile","0.3",72.1788293618914
2026-09-23,"ILI incidence",2026-10-04,3,"DK","quantile","0.35",77.3224898271758
2026-09-23,"ILI incidence",2026-10-04,3,"DK","quantile","0.4",81.5785095483267
2026-09-23,"ILI incidence",2026-10-04,3,"DK","quantile","0.45",86.245808196112
2026-09-23,"ILI incidence",2026-10-04,3,"DK","quantile","0.5",90.5585750592112
2026-09-23,"ILI incidence",2026-10-04,3,"DK","quantile","0.55",94.9491725776506
2026-09-23,"ILI incidence",2026-10-04,3,"DK","quantile","0.6",99.6867962222192
2026-09-23,"ILI incidence",2026-10-04,3,"DK","quantile","0.65",104.196207296364
2026-09-23,"ILI incidence",2026-10-04,3,"DK","quantile","0.7",109.36490815092
2026-09-23,"ILI incidence",2026-10-04,3,"DK","quantile","0.75",114.893122696426
2026-09-23,"ILI incidence",2026-10-04,3,"DK","quantile","0.8",120.568974827602
2026-09-23,"ILI incidence",2026-10-04,3,"DK","quantile","0.85",127.497138689369
2026-09-23,"ILI incidence",2026-10-04,3,"DK","quantile","0.9",136.027716555685
2026-09-23,"ILI incidence",2026-10-04,3,"DK","quantile","0.95",148.132050792294
2026-09-23,"ILI incidence",2026-10-04,3,"DK","quantile","0.975",159.961339532055
2026-09-23,"ILI incidence",2026-10-04,3,"DK","quantile","0.99",174.99865756082
2026-09-23,"ILI incidence",2026-10-11,4,"DK","median","",96.5905711458036
2026-09-23,"ILI incidence",2026-10-11,4,"DK","quantile","0.01",11.588408314063
2026-09-23,"ILI incidence",2026-10-11,4,"DK","quantile","0.025",24.9571927150355
2026-09-23,"ILI incidence",2026-10-11,4,"DK","quantile","0.05",35.8370219774064
2026-09-23,"ILI incidence",2026-10-11,4,"DK","quantile","0.1",48.7729285616906
2026-09-23,"ILI incidence",2026-10-11,4,"DK","quantile","0.15",57.7115432430866
2026-09-23,"ILI incidence",2026-10-11,4,"DK","quantile","0.2",64.8088615788646
2026-09-23,"ILI incidence",2026-10-11,4,"DK","quantile","0.25",71.1669497450095
2026-09-23,"ILI incidence",2026-10-11,4,"DK","quantile","0.3",76.8710471728795
2026-09-23,"ILI incidence",2026-10-11,4,"DK","quantile","0.35",81.9548915117044
2026-09-23,"ILI incidence",2026-10-11,4,"DK","quantile","0.4",87.0325024034074
2026-09-23,"ILI incidence",2026-10-11,4,"DK","quantile","0.45",91.8814685835253
2026-09-23,"ILI incidence",2026-10-11,4,"DK","quantile","0.5",96.4714643077
2026-09-23,"ILI incidence",2026-10-11,4,"DK","quantile","0.55",101.34143571469
2026-09-23,"ILI incidence",2026-10-11,4,"DK","quantile","0.6",106.423433306752
2026-09-23,"ILI incidence",2026-10-11,4,"DK","quantile","0.65",111.304499917065
2026-09-23,"ILI incidence",2026-10-11,4,"DK","quantile","0.7",116.216193170831
2026-09-23,"ILI incidence",2026-10-11,4,"DK","quantile","0.75",122.163179959923
2026-09-23,"ILI incidence",2026-10-11,4,"DK","quantile","0.8",128.489302132537
2026-09-23,"ILI incidence",2026-10-11,4,"DK","quantile","0.85",135.442626603137
2026-09-23,"ILI incidence",2026-10-11,4,"DK","quantile","0.9",144.525088887053
2026-09-23,"ILI incidence",2026-10-11,4,"DK","quantile","0.95",158.801173197467
2026-09-23,"ILI incidence",2026-10-11,4,"DK","quantile","0.975",170.414557476489
2026-09-23,"ILI incidence",2026-10-11,4,"DK","quantile","0.99",184.536293563154
2026-09-23,"ILI incidence",2026-09-20,1,"EE","median","",88.8407218209997
2026-09-23,"ILI incidence",2026-09-20,1,"EE","quantile","0.01",0
2026-09-23,"ILI incidence",2026-09-20,1,"EE","quantile","0.025",0
2026-09-23,"ILI incidence",2026-09-20,1,"EE","quantile","0.05",0
2026-09-23,"ILI incidence",2026-09-20,1,"EE","quantile","0.1",13.5827469260827
2026-09-23,"ILI incidence",2026-09-20,1,"EE","quantile","0.15",26.9400143678331
2026-09-23,"ILI incidence",2026-09-20,1,"EE","quantile","0.2",38.8022916124403
2026-09-23,"ILI incidence",2026-09-20,1,"EE","quantile","0.25",48.4820055729086
2026-09-23,"ILI incidence",2026-09-20,1,"EE","quantile","0.3",57.1982879368224
2026-09-23,"ILI incidence",2026-09-20,1,"EE","quantile","0.35",65.6251120974625
2026-09-23,"ILI incidence",2026-09-20,1,"EE","quantile","0.4",73.5855017450128
2026-09-23,"ILI incidence",2026-09-20,1,"EE","quantile","0.45",80.9110095567956
2026-09-23,"ILI incidence",2026-09-20,1,"EE","quantile","0.5",88.2644503167369
2026-09-23,"ILI incidence",2026-09-20,1,"EE","quantile","0.55",96.1680985693515
2026-09-23,"ILI incidence",2026-09-20,1,"EE","quantile","0.6",103.421556472218
2026-09-23,"ILI incidence",2026-09-20,1,"EE","quantile","0.65",111.182931396867
2026-09-23,"ILI incidence",2026-09-20,1,"EE","quantile","0.7",120.046260731271
2026-09-23,"ILI incidence",2026-09-20,1,"EE","quantile","0.75",129.292989697198
2026-09-23,"ILI incidence",2026-09-20,1,"EE","quantile","0.8",139.532041750161
2026-09-23,"ILI incidence",2026-09-20,1,"EE","quantile","0.85",150.818116504596
2026-09-23,"ILI incidence",2026-09-20,1,"EE","quantile","0.9",165.596279954864
2026-09-23,"ILI incidence",2026-09-20,1,"EE","quantile","0.95",186.758470284256
2026-09-23,"ILI incidence",2026-09-20,1,"EE","quantile","0.975",204.544646417822
2026-09-23,"ILI incidence",2026-09-20,1,"EE","quantile","0.99",225.526461544256
2026-09-23,"ILI incidence",2026-09-27,2,"EE","median","",96.2318086316398
2026-09-23,"ILI incidence",2026-09-27,2,"EE","quantile","0.01",0
2026-09-23,"ILI incidence",2026-09-27,2,"EE","quantile","0.025",0
2026-09-23,"ILI incidence",2026-09-27,2,"EE","quantile","0.05",0
2026-09-23,"ILI incidence",2026-09-27,2,"EE","quantile","0.1",7.26655946229506
2026-09-23,"ILI incidence",2026-09-27,2,"EE","quantile","0.15",23.0245724796319
2026-09-23,"ILI incidence",2026-09-27,2,"EE","quantile","0.2",37.3237405214671
2026-09-23,"ILI incidence",2026-09-27,2,"EE","quantile","0.25",48.9701534690665
2026-09-23,"ILI incidence",2026-09-27,2,"EE","quantile","0.3",59.7092103959193
2026-09-23,"ILI incidence",2026-09-27,2,"EE","quantile","0.35",68.7126531612295
2026-09-23,"ILI incidence",2026-09-27,2,"EE","quantile","0.4",77.6243585157495
2026-09-23,"ILI incidence",2026-09-27,2,"EE","quantile","0.45",86.9402937358281
2026-09-23,"ILI incidence",2026-09-27,2,"EE","quantile","0.5",95.2765592357396
2026-09-23,"ILI incidence",2026-09-27,2,"EE","quantile","0.55",103.849197254329
2026-09-23,"ILI incidence",2026-09-27,2,"EE","quantile","0.6",112.703422604877
2026-09-23,"ILI incidence",2026-09-27,2,"EE","quantile","0.65",122.013979383553
2026-09-23,"ILI incidence",2026-09-27,2,"EE","quantile","0.7",131.488612667354
2026-09-23,"ILI incidence",2026-09-27,2,"EE","quantile","0.75",142.610469252156
2026-09-23,"ILI incidence",2026-09-27,2,"EE","quantile","0.8",154.270884084216
2026-09-23,"ILI incidence",2026-09-27,2,"EE","quantile","0.85",167.005900039714
2026-09-23,"ILI incidence",2026-09-27,2,"EE","quantile","0.9",184.351074318658
2026-09-23,"ILI incidence",2026-09-27,2,"EE","quantile","0.95",208.922732165583
2026-09-23,"ILI incidence",2026-09-27,2,"EE","quantile","0.975",232.043636137284
2026-09-23,"ILI incidence",2026-09-27,2,"EE","quantile","0.99",256.987299427501
2026-09-23,"ILI incidence",2026-10-04,3,"EE","median","",104.192542448306
2026-09-23,"ILI incidence",2026-10-04,3,"EE","quantile","0.01",0
2026-09-23,"ILI incidence",2026-10-04,3,"EE","quantile","0.025",0
2026-09-23,"ILI incidence",2026-10-04,3,"EE","quantile","0.05",0
2026-09-23,"ILI incidence",2026-10-04,3,"EE","quantile","0.1",4.46097005232698
2026-09-23,"ILI incidence",2026-10-04,3,"EE","quantile","0.15",23.0595274047754
2026-09-23,"ILI incidence",2026-10-04,3,"EE","quantile","0.2",38.3768162097659
2026-09-23,"ILI incidence",2026-10-04,3,"EE","quantile","0.25",51.3361950672957
2026-09-23,"ILI incidence",2026-10-04,3,"EE","quantile","0.3",62.8384634530527
2026-09-23,"ILI incidence",2026-10-04,3,"EE","quantile","0.35",73.982874843552
2026-09-23,"ILI incidence",2026-10-04,3,"EE","quantile","0.4",84.7650769465301
2026-09-23,"ILI incidence",2026-10-04,3,"EE","quantile","0.45",95.3534478547909
2026-09-23,"ILI incidence",2026-10-04,3,"EE","quantile","0.5",104.888155879159
2026-09-23,"ILI incidence",2026-10-04,3,"EE","quantile","0.55",114.810895607904
2026-09-23,"ILI incidence",2026-10-04,3,"EE","quantile","0.6",124.720323739009
2026-09-23,"ILI incidence",2026-10-04,3,"EE","quantile","0.65",134.577633825923
2026-09-23,"ILI incidence",2026-10-04,3,"EE","quantile","0.7",145.103692029157
2026-09-23,"ILI incidence",2026-10-04,3,"EE","quantile","0.75",156.218486866855
2026-09-23,"ILI incidence",2026-10-04,3,"EE","quantile","0.8",169.599671303612
2026-09-23,"ILI incidence",2026-10-04,3,"EE","quantile","0.85",184.989452217254
2026-09-23,"ILI incidence",2026-10-04,3,"EE","quantile","0.9",204.247956497315
2026-09-23,"ILI incidence",2026-10-04,3,"EE","quantile","0.95",233.214140895688
2026-09-23,"ILI incidence",2026-10-04,3,"EE","quantile","0.975",256.733274712822
2026-09-23,"ILI incidence",2026-10-04,3,"EE","quantile","0.99",288.077083980223
2026-09-23,"ILI incidence",2026-10-11,4,"EE","median","",111.128264339496
2026-09-23,"ILI incidence",2026-10-11,4,"EE","quantile","0.01",0
2026-09-23,"ILI incidence",2026-10-11,4,"EE","quantile","0.025",0
2026-09-23,"ILI incidence",2026-10-11,4,"EE","quantile","0.05",0
2026-09-23,"ILI incidence",2026-10-11,4,"EE","quantile","0.1",1.1885154038817
2026-09-23,"ILI incidence",2026-10-11,4,"EE","quantile","0.15",21.9599839752887
2026-09-23,"ILI incidence",2026-10-11,4,"EE","quantile","0.2",38.927060310032
2026-09-23,"ILI incidence",2026-10-11,4,"EE","quantile","0.25",53.9648865804423
2026-09-23,"ILI incidence",2026-10-11,4,"EE","quantile","0.3",67.4728901356312
2026-09-23,"ILI incidence",2026-10-11,4,"EE","quantile","0.35",79.1509474617513
2026-09-23,"ILI incidence",2026-10-11,4,"EE","quantile","0.4",89.9327174176913
2026-09-23,"ILI incidence",2026-10-11,4,"EE","quantile","0.45",100.479763309072
2026-09-23,"ILI incidence",2026-10-11,4,"EE","quantile","0.5",111.108053230294
2026-09-23,"ILI incidence",2026-10-11,4,"EE","quantile","0.55",122.422369616645
2026-09-23,"ILI incidence",2026-10-11,4,"EE","quantile","0.6",133.078866288033
2026-09-23,"ILI incidence",2026-10-11,4,"EE","quantile","0.65",144.647212770052
2026-09-23,"ILI incidence",2026-10-11,4,"EE","quantile","0.7",155.600719847358
2026-09-23,"ILI incidence",2026-10-11,4,"EE","quantile","0.75",168.309468245635
2026-09-23,"ILI incidence",2026-10-11,4,"EE","quantile","0.8",182.745938915742
2026-09-23,"ILI incidence",2026-10-11,4,"EE","quantile","0.85",201.122868165707
2026-09-23,"ILI incidence",2026-10-11,4,"EE","quantile","0.9",220.997194866874
2026-09-23,"ILI incidence",2026-10-11,4,"EE","quantile","0.95",251.294364067005
2026-09-23,"ILI incidence",2026-10-11,4,"EE","quantile","0.975",275.758304895579
2026-09-23,"ILI incidence",2026-10-11,4,"EE","quantile","0.99",308.8524093895
2026-09-23,"ILI incidence",2026-09-20,1,"GB-WLS","median","",1.98910273947571
2026-09-23,"ILI incidence",2026-09-20,1,"GB-WLS","quantile","0.01",0
2026-09-23,"ILI incidence",2026-09-20,1,"GB-WLS","quantile","0.025",0
2026-09-23,"ILI incidence",2026-09-20,1,"GB-WLS","quantile","0.05",0
2026-09-23,"ILI incidence",2026-09-20,1,"GB-WLS","quantile","0.1",0
2026-09-23,"ILI incidence",2026-09-20,1,"GB-WLS","quantile","0.15",0
2026-09-23,"ILI incidence",2026-09-20,1,"GB-WLS","quantile","0.2",0
2026-09-23,"ILI incidence",2026-09-20,1,"GB-WLS","quantile","0.25",0.312499408778317
2026-09-23,"ILI incidence",2026-09-20,1,"GB-WLS","quantile","0.3",0.669494090721376
2026-09-23,"ILI incidence",2026-09-20,1,"GB-WLS","quantile","0.35",1.00818774617016
2026-09-23,"ILI incidence",2026-09-20,1,"GB-WLS","quantile","0.4",1.33491950873057
2026-09-23,"ILI incidence",2026-09-20,1,"GB-WLS","quantile","0.45",1.68565649625491
2026-09-23,"ILI incidence",2026-09-20,1,"GB-WLS","quantile","0.5",1.98540110125292
2026-09-23,"ILI incidence",2026-09-20,1,"GB-WLS","quantile","0.55",2.32304517029059
2026-09-23,"ILI incidence",2026-09-20,1,"GB-WLS","quantile","0.6",2.62381218265827
2026-09-23,"ILI incidence",2026-09-20,1,"GB-WLS","quantile","0.65",2.95124211200052
2026-09-23,"ILI incidence",2026-09-20,1,"GB-WLS","quantile","0.7",3.27079817195312
2026-09-23,"ILI incidence",2026-09-20,1,"GB-WLS","quantile","0.75",3.65916283431299
2026-09-23,"ILI incidence",2026-09-20,1,"GB-WLS","quantile","0.8",4.09452219958433
2026-09-23,"ILI incidence",2026-09-20,1,"GB-WLS","quantile","0.85",4.52460111151748
2026-09-23,"ILI incidence",2026-09-20,1,"GB-WLS","quantile","0.9",5.13695432340758
2026-09-23,"ILI incidence",2026-09-20,1,"GB-WLS","quantile","0.95",6.0842045870431
2026-09-23,"ILI incidence",2026-09-20,1,"GB-WLS","quantile","0.975",6.90455293569063
2026-09-23,"ILI incidence",2026-09-20,1,"GB-WLS","quantile","0.99",7.71382292468892
2026-09-23,"ILI incidence",2026-09-27,2,"GB-WLS","median","",2.65624898095166
2026-09-23,"ILI incidence",2026-09-27,2,"GB-WLS","quantile","0.01",0
2026-09-23,"ILI incidence",2026-09-27,2,"GB-WLS","quantile","0.025",0
2026-09-23,"ILI incidence",2026-09-27,2,"GB-WLS","quantile","0.05",0
2026-09-23,"ILI incidence",2026-09-27,2,"GB-WLS","quantile","0.1",0
2026-09-23,"ILI incidence",2026-09-27,2,"GB-WLS","quantile","0.15",0
2026-09-23,"ILI incidence",2026-09-27,2,"GB-WLS","quantile","0.2",0
2026-09-23,"ILI incidence",2026-09-27,2,"GB-WLS","quantile","0.25",0.491588625699049
2026-09-23,"ILI incidence",2026-09-27,2,"GB-WLS","quantile","0.3",0.959734564539362
2026-09-23,"ILI incidence",2026-09-27,2,"GB-WLS","quantile","0.35",1.39034119753745
2026-09-23,"ILI incidence",2026-09-27,2,"GB-WLS","quantile","0.4",1.83206827045902
2026-09-23,"ILI incidence",2026-09-27,2,"GB-WLS","quantile","0.45",2.23930462520486
2026-09-23,"ILI incidence",2026-09-27,2,"GB-WLS","quantile","0.5",2.65874603391771
2026-09-23,"ILI incidence",2026-09-27,2,"GB-WLS","quantile","0.55",3.09221408157935
2026-09-23,"ILI incidence",2026-09-27,2,"GB-WLS","quantile","0.6",3.49730918537977
2026-09-23,"ILI incidence",2026-09-27,2,"GB-WLS","quantile","0.65",3.90937311084895
2026-09-23,"ILI incidence",2026-09-27,2,"GB-WLS","quantile","0.7",4.37693539933616
2026-09-23,"ILI incidence",2026-09-27,2,"GB-WLS","quantile","0.75",4.82823939994152
2026-09-23,"ILI incidence",2026-09-27,2,"GB-WLS","quantile","0.8",5.38903859304105
2026-09-23,"ILI incidence",2026-09-27,2,"GB-WLS","quantile","0.85",6.04220094555229
2026-09-23,"ILI incidence",2026-09-27,2,"GB-WLS","quantile","0.9",6.83734019663849
2026-09-23,"ILI incidence",2026-09-27,2,"GB-WLS","quantile","0.95",8.04331805475465
2026-09-23,"ILI incidence",2026-09-27,2,"GB-WLS","quantile","0.975",9.11501715739369
2026-09-23,"ILI incidence",2026-09-27,2,"GB-WLS","quantile","0.99",10.2844492829973
2026-09-23,"ILI incidence",2026-10-04,3,"GB-WLS","median","",3.26319425668287
2026-09-23,"ILI incidence",2026-10-04,3,"GB-WLS","quantile","0.01",0
2026-09-23,"ILI incidence",2026-10-04,3,"GB-WLS","quantile","0.025",0
2026-09-23,"ILI incidence",2026-10-04,3,"GB-WLS","quantile","0.05",0
2026-09-23,"ILI incidence",2026-10-04,3,"GB-WLS","quantile","0.1",0
2026-09-23,"ILI incidence",2026-10-04,3,"GB-WLS","quantile","0.15",0
2026-09-23,"ILI incidence",2026-10-04,3,"GB-WLS","quantile","0.2",0
2026-09-23,"ILI incidence",2026-10-04,3,"GB-WLS","quantile","0.25",0.387588068159744
2026-09-23,"ILI incidence",2026-10-04,3,"GB-WLS","quantile","0.3",1.0028720579067
2026-09-23,"ILI incidence",2026-10-04,3,"GB-WLS","quantile","0.35",1.58085206347315
2026-09-23,"ILI incidence",2026-10-04,3,"GB-WLS","quantile","0.4",2.15826111813802
2026-09-23,"ILI incidence",2026-10-04,3,"GB-WLS","quantile","0.45",2.73460586833147
2026-09-23,"ILI incidence",2026-10-04,3,"GB-WLS","quantile","0.5",3.22581686077715
2026-09-23,"ILI incidence",2026-10-04,3,"GB-WLS","quantile","0.55",3.71737556939513
2026-09-23,"ILI incidence",2026-10-04,3,"GB-WLS","quantile","0.6",4.28221229122801
2026-09-23,"ILI incidence",2026-10-04,3,"GB-WLS","quantile","0.65",4.85663354145924
2026-09-23,"ILI incidence",2026-10-04,3,"GB-WLS","quantile","0.7",5.50302377603639
2026-09-23,"ILI incidence",2026-10-04,3,"GB-WLS","quantile","0.75",6.16105660383924
2026-09-23,"ILI incidence",2026-10-04,3,"GB-WLS","quantile","0.8",6.90535193384069
2026-09-23,"ILI incidence",2026-10-04,3,"GB-WLS","quantile","0.85",7.76260453572134
2026-09-23,"ILI incidence",2026-10-04,3,"GB-WLS","quantile","0.9",8.79357100993736
2026-09-23,"ILI incidence",2026-10-04,3,"GB-WLS","quantile","0.95",10.5420232549912
2026-09-23,"ILI incidence",2026-10-04,3,"GB-WLS","quantile","0.975",11.8987108820866
2026-09-23,"ILI incidence",2026-10-04,3,"GB-WLS","quantile","0.99",13.5763724574302
2026-09-23,"ILI incidence",2026-10-11,4,"GB-WLS","median","",3.77034041691013
2026-09-23,"ILI incidence",2026-10-11,4,"GB-WLS","quantile","0.01",0
2026-09-23,"ILI incidence",2026-10-11,4,"GB-WLS","quantile","0.025",0
2026-09-23,"ILI incidence",2026-10-11,4,"GB-WLS","quantile","0.05",0
2026-09-23,"ILI incidence",2026-10-11,4,"GB-WLS","quantile","0.1",0
2026-09-23,"ILI incidence",2026-10-11,4,"GB-WLS","quantile","0.15",0
2026-09-23,"ILI incidence",2026-10-11,4,"GB-WLS","quantile","0.2",0
2026-09-23,"ILI incidence",2026-10-11,4,"GB-WLS","quantile","0.25",0.330373051730069
2026-09-23,"ILI incidence",2026-10-11,4,"GB-WLS","quantile","0.3",1.06058150359145
2026-09-23,"ILI incidence",2026-10-11,4,"GB-WLS","quantile","0.35",1.75671246371844
2026-09-23,"ILI incidence",2026-10-11,4,"GB-WLS","quantile","0.4",2.42966887439832
2026-09-23,"ILI incidence",2026-10-11,4,"GB-WLS","quantile","0.45",3.06446213353839
2026-09-23,"ILI incidence",2026-10-11,4,"GB-WLS","quantile","0.5",3.69884384899349
2026-09-23,"ILI incidence",2026-10-11,4,"GB-WLS","quantile","0.55",4.33861847934781
2026-09-23,"ILI incidence",2026-10-11,4,"GB-WLS","quantile","0.6",5.03805878274138
2026-09-23,"ILI incidence",2026-10-11,4,"GB-WLS","quantile","0.65",5.73380903560704
2026-09-23,"ILI incidence",2026-10-11,4,"GB-WLS","quantile","0.7",6.4745301215097
2026-09-23,"ILI incidence",2026-10-11,4,"GB-WLS","quantile","0.75",7.23719049175896
2026-09-23,"ILI incidence",2026-10-11,4,"GB-WLS","quantile","0.8",8.10383043572278
2026-09-23,"ILI incidence",2026-10-11,4,"GB-WLS","quantile","0.85",9.19643856882345
2026-09-23,"ILI incidence",2026-10-11,4,"GB-WLS","quantile","0.9",10.4925817253622
2026-09-23,"ILI incidence",2026-10-11,4,"GB-WLS","quantile","0.95",12.3336939045078
2026-09-23,"ILI incidence",2026-10-11,4,"GB-WLS","quantile","0.975",13.9639225505638
2026-09-23,"ILI incidence",2026-10-11,4,"GB-WLS","quantile","0.99",16.3649912177726
2026-09-23,"ILI incidence",2026-09-20,1,"GR","median","",280.604931615064
2026-09-23,"ILI incidence",2026-09-20,1,"GR","quantile","0.01",0
2026-09-23,"ILI incidence",2026-09-20,1,"GR","quantile","0.025",0
2026-09-23,"ILI incidence",2026-09-20,1,"GR","quantile","0.05",3.70743015617083
2026-09-23,"ILI incidence",2026-09-20,1,"GR","quantile","0.1",64.1642238368888
2026-09-23,"ILI incidence",2026-09-20,1,"GR","quantile","0.15",105.572022894351
2026-09-23,"ILI incidence",2026-09-20,1,"GR","quantile","0.2",135.52637339581
2026-09-23,"ILI incidence",2026-09-20,1,"GR","quantile","0.25",163.293977002282
2026-09-23,"ILI incidence",2026-09-20,1,"GR","quantile","0.3",191.251796308397
2026-09-23,"ILI incidence",2026-09-20,1,"GR","quantile","0.35",215.739446227946
2026-09-23,"ILI incidence",2026-09-20,1,"GR","quantile","0.4",237.122177836498
2026-09-23,"ILI incidence",2026-09-20,1,"GR","quantile","0.45",258.151388328092
2026-09-23,"ILI incidence",2026-09-20,1,"GR","quantile","0.5",277.621638076763
2026-09-23,"ILI incidence",2026-09-20,1,"GR","quantile","0.55",298.488527865399
2026-09-23,"ILI incidence",2026-09-20,1,"GR","quantile","0.6",322.127165365971
2026-09-23,"ILI incidence",2026-09-20,1,"GR","quantile","0.65",343.026596762011
2026-09-23,"ILI incidence",2026-09-20,1,"GR","quantile","0.7",366.886746772701
2026-09-23,"ILI incidence",2026-09-20,1,"GR","quantile","0.75",394.642929397119
2026-09-23,"ILI incidence",2026-09-20,1,"GR","quantile","0.8",421.582498277639
2026-09-23,"ILI incidence",2026-09-20,1,"GR","quantile","0.85",454.681834994046
2026-09-23,"ILI incidence",2026-09-20,1,"GR","quantile","0.9",499.64659997441
2026-09-23,"ILI incidence",2026-09-20,1,"GR","quantile","0.95",562.337754245026
2026-09-23,"ILI incidence",2026-09-20,1,"GR","quantile","0.975",623.014228477879
2026-09-23,"ILI incidence",2026-09-20,1,"GR","quantile","0.99",680.321200005597
2026-09-23,"ILI incidence",2026-09-27,2,"GR","median","",313.626435623877
2026-09-23,"ILI incidence",2026-09-27,2,"GR","quantile","0.01",0
2026-09-23,"ILI incidence",2026-09-27,2,"GR","quantile","0.025",0
2026-09-23,"ILI incidence",2026-09-27,2,"GR","quantile","0.05",0
2026-09-23,"ILI incidence",2026-09-27,2,"GR","quantile","0.1",20.0891204642536
2026-09-23,"ILI incidence",2026-09-27,2,"GR","quantile","0.15",77.5030253470815
2026-09-23,"ILI incidence",2026-09-27,2,"GR","quantile","0.2",120.919071328921
2026-09-23,"ILI incidence",2026-09-27,2,"GR","quantile","0.25",160.685899797679
2026-09-23,"ILI incidence",2026-09-27,2,"GR","quantile","0.3",193.61027675749
2026-09-23,"ILI incidence",2026-09-27,2,"GR","quantile","0.35",224.897368360201
2026-09-23,"ILI incidence",2026-09-27,2,"GR","quantile","0.4",255.7594331345
2026-09-23,"ILI incidence",2026-09-27,2,"GR","quantile","0.45",284.638379075954
2026-09-23,"ILI incidence",2026-09-27,2,"GR","quantile","0.5",313.766495555718
2026-09-23,"ILI incidence",2026-09-27,2,"GR","quantile","0.55",342.31365196531
2026-09-23,"ILI incidence",2026-09-27,2,"GR","quantile","0.6",373.000934246012
2026-09-23,"ILI incidence",2026-09-27,2,"GR","quantile","0.65",402.078157442432
2026-09-23,"ILI incidence",2026-09-27,2,"GR","quantile","0.7",435.165024017787
2026-09-23,"ILI incidence",2026-09-27,2,"GR","quantile","0.75",468.774469956995
2026-09-23,"ILI incidence",2026-09-27,2,"GR","quantile","0.8",508.621627036342
2026-09-23,"ILI incidence",2026-09-27,2,"GR","quantile","0.85",550.669361354174
2026-09-23,"ILI incidence",2026-09-27,2,"GR","quantile","0.9",607.003913912201
2026-09-23,"ILI incidence",2026-09-27,2,"GR","quantile","0.95",689.833749675785
2026-09-23,"ILI incidence",2026-09-27,2,"GR","quantile","0.975",768.05368649455
2026-09-23,"ILI incidence",2026-09-27,2,"GR","quantile","0.99",855.105249463728
2026-09-23,"ILI incidence",2026-10-04,3,"GR","median","",343.578963444392
2026-09-23,"ILI incidence",2026-10-04,3,"GR","quantile","0.01",0
2026-09-23,"ILI incidence",2026-10-04,3,"GR","quantile","0.025",0
2026-09-23,"ILI incidence",2026-10-04,3,"GR","quantile","0.05",0
2026-09-23,"ILI incidence",2026-10-04,3,"GR","quantile","0.1",0
2026-09-23,"ILI incidence",2026-10-04,3,"GR","quantile","0.15",63.8253204254951
2026-09-23,"ILI incidence",2026-10-04,3,"GR","quantile","0.2",116.013745577157
2026-09-23,"ILI incidence",2026-10-04,3,"GR","quantile","0.25",160.583468001376
2026-09-23,"ILI incidence",2026-10-04,3,"GR","quantile","0.3",198.447212140947
2026-09-23,"ILI incidence",2026-10-04,3,"GR","quantile","0.35",236.374598413631
2026-09-23,"ILI incidence",2026-10-04,3,"GR","quantile","0.4",271.260902105937
2026-09-23,"ILI incidence",2026-10-04,3,"GR","quantile","0.45",303.825719106308
2026-09-23,"ILI incidence",2026-10-04,3,"GR","quantile","0.5",337.772786001476
2026-09-23,"ILI incidence",2026-10-04,3,"GR","quantile","0.55",370.999546042306
2026-09-23,"ILI incidence",2026-10-04,3,"GR","quantile","0.6",408.569156044215
2026-09-23,"ILI incidence",2026-10-04,3,"GR","quantile","0.65",445.080340239132
2026-09-23,"ILI incidence",2026-10-04,3,"GR","quantile","0.7",482.234724149145
2026-09-23,"ILI incidence",2026-10-04,3,"GR","quantile","0.75",521.00290531085
2026-09-23,"ILI incidence",2026-10-04,3,"GR","quantile","0.8",570.153359417534
2026-09-23,"ILI incidence",2026-10-04,3,"GR","quantile","0.85",621.868096443127
2026-09-23,"ILI incidence",2026-10-04,3,"GR","quantile","0.9",689.561158963469
2026-09-23,"ILI incidence",2026-10-04,3,"GR","quantile","0.95",792.273041906905
2026-09-23,"ILI incidence",2026-10-04,3,"GR","quantile","0.975",880.48655416673
2026-09-23,"ILI incidence",2026-10-04,3,"GR","quantile","0.99",976.082136459141
2026-09-23,"ILI incidence",2026-10-11,4,"GR","median","",370.747741783477
2026-09-23,"ILI incidence",2026-10-11,4,"GR","quantile","0.01",0
2026-09-23,"ILI incidence",2026-10-11,4,"GR","quantile","0.025",0
2026-09-23,"ILI incidence",2026-10-11,4,"GR","quantile","0.05",0
2026-09-23,"ILI incidence",2026-10-11,4,"GR","quantile","0.1",0
2026-09-23,"ILI incidence",2026-10-11,4,"GR","quantile","0.15",57.9734975130806
2026-09-23,"ILI incidence",2026-10-11,4,"GR","quantile","0.2",115.311415550692
2026-09-23,"ILI incidence",2026-10-11,4,"GR","quantile","0.25",168.419858705606
2026-09-23,"ILI incidence",2026-10-11,4,"GR","quantile","0.3",211.421367348107
2026-09-23,"ILI incidence",2026-10-11,4,"GR","quantile","0.35",254.952492934324
2026-09-23,"ILI incidence",2026-10-11,4,"GR","quantile","0.4",295.737844896227
2026-09-23,"ILI incidence",2026-10-11,4,"GR","quantile","0.45",332.39998421716
2026-09-23,"ILI incidence",2026-10-11,4,"GR","quantile","0.5",369.064106222486
2026-09-23,"ILI incidence",2026-10-11,4,"GR","quantile","0.55",407.37936241681
2026-09-23,"ILI incidence",2026-10-11,4,"GR","quantile","0.6",443.174390022369
2026-09-23,"ILI incidence",2026-10-11,4,"GR","quantile","0.65",483.529786805248
2026-09-23,"ILI incidence",2026-10-11,4,"GR","quantile","0.7",528.383953626724
2026-09-23,"ILI incidence",2026-10-11,4,"GR","quantile","0.75",575.855995261812
2026-09-23,"ILI incidence",2026-10-11,4,"GR","quantile","0.8",626.697995802387
2026-09-23,"ILI incidence",2026-10-11,4,"GR","quantile","0.85",686.223576611829
2026-09-23,"ILI incidence",2026-10-11,4,"GR","quantile","0.9",757.021880932409
2026-09-23,"ILI incidence",2026-10-11,4,"GR","quantile","0.95",864.565217217112
2026-09-23,"ILI incidence",2026-10-11,4,"GR","quantile","0.975",962.295969203707
2026-09-23,"ILI incidence",2026-10-11,4,"GR","quantile","0.99",1070.91703701137
2026-09-23,"ILI incidence",2026-09-20,1,"HR","median","",3.88231411059051
2026-09-23,"ILI incidence",2026-09-20,1,"HR","quantile","0.01",0
2026-09-23,"ILI incidence",2026-09-20,1,"HR","quantile","0.025",0
2026-09-23,"ILI incidence",2026-09-20,1,"HR","quantile","0.05",0
2026-09-23,"ILI incidence",2026-09-20,1,"HR","quantile","0.1",0
2026-09-23,"ILI incidence",2026-09-20,1,"HR","quantile","0.15",0
2026-09-23,"ILI incidence",2026-09-20,1,"HR","quantile","0.2",0
2026-09-23,"ILI incidence",2026-09-20,1,"HR","quantile","0.25",0
2026-09-23,"ILI incidence",2026-09-20,1,"HR","quantile","0.3",0
2026-09-23,"ILI incidence",2026-09-20,1,"HR","quantile","0.35",0
2026-09-23,"ILI incidence",2026-09-20,1,"HR","quantile","0.4",0
2026-09-23,"ILI incidence",2026-09-20,1,"HR","quantile","0.45",2.05207530658096
2026-09-23,"ILI incidence",2026-09-20,1,"HR","quantile","0.5",3.97785689502703
2026-09-23,"ILI incidence",2026-09-20,1,"HR","quantile","0.55",5.69565345934606
2026-09-23,"ILI incidence",2026-09-20,1,"HR","quantile","0.6",7.72109979104264
2026-09-23,"ILI incidence",2026-09-20,1,"HR","quantile","0.65",9.63439066038664
2026-09-23,"ILI incidence",2026-09-20,1,"HR","quantile","0.7",11.7668705963748
2026-09-23,"ILI incidence",2026-09-20,1,"HR","quantile","0.75",13.9714529192945
2026-09-23,"ILI incidence",2026-09-20,1,"HR","quantile","0.8",16.3041508366078
2026-09-23,"ILI incidence",2026-09-20,1,"HR","quantile","0.85",19.4206491262217
2026-09-23,"ILI incidence",2026-09-20,1,"HR","quantile","0.9",23.3311405677171
2026-09-23,"ILI incidence",2026-09-20,1,"HR","quantile","0.95",28.6919966977746
2026-09-23,"ILI incidence",2026-09-20,1,"HR","quantile","0.975",33.3836539980085
2026-09-23,"ILI incidence",2026-09-20,1,"HR","quantile","0.99",39.231200614336
2026-09-23,"ILI incidence",2026-09-27,2,"HR","median","",6.28107728349774
2026-09-23,"ILI incidence",2026-09-27,2,"HR","quantile","0.01",0
2026-09-23,"ILI incidence",2026-09-27,2,"HR","quantile","0.025",0
2026-09-23,"ILI incidence",2026-09-27,2,"HR","quantile","0.05",0
2026-09-23,"ILI incidence",2026-09-27,2,"HR","quantile","0.1",0
2026-09-23,"ILI incidence",2026-09-27,2,"HR","quantile","0.15",0
2026-09-23,"ILI incidence",2026-09-27,2,"HR","quantile","0.2",0
2026-09-23,"ILI incidence",2026-09-27,2,"HR","quantile","0.25",0
2026-09-23,"ILI incidence",2026-09-27,2,"HR","quantile","0.3",0
2026-09-23,"ILI incidence",2026-09-27,2,"HR","quantile","0.35",0
2026-09-23,"ILI incidence",2026-09-27,2,"HR","quantile","0.4",0.0189121925626223
2026-09-23,"ILI incidence",2026-09-27,2,"HR","quantile","0.45",2.88387490364239
2026-09-23,"ILI incidence",2026-09-27,2,"HR","quantile","0.5",6.03924250463729
2026-09-23,"ILI incidence",2026-09-27,2,"HR","quantile","0.55",9.2384270729613
2026-09-23,"ILI incidence",2026-09-27,2,"HR","quantile","0.6",12.4850287704551
2026-09-23,"ILI incidence",2026-09-27,2,"HR","quantile","0.65",15.6599603232553
2026-09-23,"ILI incidence",2026-09-27,2,"HR","quantile","0.7",18.8354770094144
2026-09-23,"ILI incidence",2026-09-27,2,"HR","quantile","0.75",22.6401029686715
2026-09-23,"ILI incidence",2026-09-27,2,"HR","quantile","0.8",26.839746270313
2026-09-23,"ILI incidence",2026-09-27,2,"HR","quantile","0.85",31.6532424317646
2026-09-23,"ILI incidence",2026-09-27,2,"HR","quantile","0.9",37.7911523719656
2026-09-23,"ILI incidence",2026-09-27,2,"HR","quantile","0.95",46.9426855910838
2026-09-23,"ILI incidence",2026-09-27,2,"HR","quantile","0.975",54.350910186991
2026-09-23,"ILI incidence",2026-09-27,2,"HR","quantile","0.99",62.2312305680684
2026-09-23,"ILI incidence",2026-10-04,3,"HR","median","",8.5445780861902
2026-09-23,"ILI incidence",2026-10-04,3,"HR","quantile","0.01",0
2026-09-23,"ILI incidence",2026-10-04,3,"HR","quantile","0.025",0
2026-09-23,"ILI incidence",2026-10-04,3,"HR","quantile","0.05",0
2026-09-23,"ILI incidence",2026-10-04,3,"HR","quantile","0.1",0
2026-09-23,"ILI incidence",2026-10-04,3,"HR","quantile","0.15",0
2026-09-23,"ILI incidence",2026-10-04,3,"HR","quantile","0.2",0
2026-09-23,"ILI incidence",2026-10-04,3,"HR","quantile","0.25",0
2026-09-23,"ILI incidence",2026-10-04,3,"HR","quantile","0.3",0
2026-09-23,"ILI incidence",2026-10-04,3,"HR","quantile","0.35",0
2026-09-23,"ILI incidence",2026-10-04,3,"HR","quantile","0.4",0.663766356638517
2026-09-23,"ILI incidence",2026-10-04,3,"HR","quantile","0.45",4.60129478507559
2026-09-23,"ILI incidence",2026-10-04,3,"HR","quantile","0.5",8.54941874452044
2026-09-23,"ILI incidence",2026-10-04,3,"HR","quantile","0.55",12.1077395876474
2026-09-23,"ILI incidence",2026-10-04,3,"HR","quantile","0.6",15.9235201856196
2026-09-23,"ILI incidence",2026-10-04,3,"HR","quantile","0.65",19.7489406332549
2026-09-23,"ILI incidence",2026-10-04,3,"HR","quantile","0.7",23.7212487028321
2026-09-23,"ILI incidence",2026-10-04,3,"HR","quantile","0.75",28.4883621543192
2026-09-23,"ILI incidence",2026-10-04,3,"HR","quantile","0.8",33.8688255324527
2026-09-23,"ILI incidence",2026-10-04,3,"HR","quantile","0.85",39.8024955832007
2026-09-23,"ILI incidence",2026-10-04,3,"HR","quantile","0.9",47.2225207247956
2026-09-23,"ILI incidence",2026-10-04,3,"HR","quantile","0.95",57.7156980675622
2026-09-23,"ILI incidence",2026-10-04,3,"HR","quantile","0.975",67.6011966188624
2026-09-23,"ILI incidence",2026-10-04,3,"HR","quantile","0.99",78.5737578610033
2026-09-23,"ILI incidence",2026-10-11,4,"HR","median","",10.4346578893196
2026-09-23,"ILI incidence",2026-10-11,4,"HR","quantile","0.01",0
2026-09-23,"ILI incidence",2026-10-11,4,"HR","quantile","0.025",0
2026-09-23,"ILI incidence",2026-10-11,4,"HR","quantile","0.05",0
2026-09-23,"ILI incidence",2026-10-11,4,"HR","quantile","0.1",0
2026-09-23,"ILI incidence",2026-10-11,4,"HR","quantile","0.15",0
2026-09-23,"ILI incidence",2026-10-11,4,"HR","quantile","0.2",0
2026-09-23,"ILI incidence",2026-10-11,4,"HR","quantile","0.25",0
2026-09-23,"ILI incidence",2026-10-11,4,"HR","quantile","0.3",0
2026-09-23,"ILI incidence",2026-10-11,4,"HR","quantile","0.35",0
2026-09-23,"ILI incidence",2026-10-11,4,"HR","quantile","0.4",1.89334851951487
2026-09-23,"ILI incidence",2026-10-11,4,"HR","quantile","0.45",5.98407546066408
2026-09-23,"ILI incidence",2026-10-11,4,"HR","quantile","0.5",10.1324849198223
2026-09-23,"ILI incidence",2026-10-11,4,"HR","quantile","0.55",14.2766222592456
2026-09-23,"ILI incidence",2026-10-11,4,"HR","quantile","0.6",18.524534746097
2026-09-23,"ILI incidence",2026-10-11,4,"HR","quantile","0.65",22.8985301765173
2026-09-23,"ILI incidence",2026-10-11,4,"HR","quantile","0.7",27.8545124590342
2026-09-23,"ILI incidence",2026-10-11,4,"HR","quantile","0.75",32.9111693713305
2026-09-23,"ILI incidence",2026-10-11,4,"HR","quantile","0.8",39.1070040747219
2026-09-23,"ILI incidence",2026-10-11,4,"HR","quantile","0.85",45.1375996736608
2026-09-23,"ILI incidence",2026-10-11,4,"HR","quantile","0.9",53.0487864091533
2026-09-23,"ILI incidence",2026-10-11,4,"HR","quantile","0.95",65.3649316183073
2026-09-23,"ILI incidence",2026-10-11,4,"HR","quantile","0.975",76.4512655502265
2026-09-23,"ILI incidence",2026-10-11,4,"HR","quantile","0.99",87.7859268472374
2026-09-23,"ILI incidence",2026-09-20,1,"HU","median","",133.945955905526
2026-09-23,"ILI incidence",2026-09-20,1,"HU","quantile","0.01",8.77806242722941
2026-09-23,"ILI incidence",2026-09-20,1,"HU","quantile","0.025",28.9267538214456
2026-09-23,"ILI incidence",2026-09-20,1,"HU","quantile","0.05",46.3849134866898
2026-09-23,"ILI incidence",2026-09-20,1,"HU","quantile","0.1",66.7759851384705
2026-09-23,"ILI incidence",2026-09-20,1,"HU","quantile","0.15",79.6441491525574
2026-09-23,"ILI incidence",2026-09-20,1,"HU","quantile","0.2",90.3503769071386
2026-09-23,"ILI incidence",2026-09-20,1,"HU","quantile","0.25",99.4910174501597
2026-09-23,"ILI incidence",2026-09-20,1,"HU","quantile","0.3",107.129505865474
2026-09-23,"ILI incidence",2026-09-20,1,"HU","quantile","0.35",114.400696933482
2026-09-23,"ILI incidence",2026-09-20,1,"HU","quantile","0.4",120.774992957136
2026-09-23,"ILI incidence",2026-09-20,1,"HU","quantile","0.45",127.715677292518
2026-09-23,"ILI incidence",2026-09-20,1,"HU","quantile","0.5",134.609425183777
2026-09-23,"ILI incidence",2026-09-20,1,"HU","quantile","0.55",141.203704188294
2026-09-23,"ILI incidence",2026-09-20,1,"HU","quantile","0.6",148.16098846831
2026-09-23,"ILI incidence",2026-09-20,1,"HU","quantile","0.65",155.209207782983
2026-09-23,"ILI incidence",2026-09-20,1,"HU","quantile","0.7",163.179228748653
2026-09-23,"ILI incidence",2026-09-20,1,"HU","quantile","0.75",170.929831691349
2026-09-23,"ILI incidence",2026-09-20,1,"HU","quantile","0.8",179.509930581142
2026-09-23,"ILI incidence",2026-09-20,1,"HU","quantile","0.85",189.483165658942
2026-09-23,"ILI incidence",2026-09-20,1,"HU","quantile","0.9",202.309001815042
2026-09-23,"ILI incidence",2026-09-20,1,"HU","quantile","0.95",221.172428394297
2026-09-23,"ILI incidence",2026-09-20,1,"HU","quantile","0.975",237.665447986243
2026-09-23,"ILI incidence",2026-09-20,1,"HU","quantile","0.99",254.607717782561
2026-09-23,"ILI incidence",2026-09-27,2,"HU","median","",158.231451973219
2026-09-23,"ILI incidence",2026-09-27,2,"HU","quantile","0.01",0
2026-09-23,"ILI incidence",2026-09-27,2,"HU","quantile","0.025",0
2026-09-23,"ILI incidence",2026-09-27,2,"HU","quantile","0.05",8.59979003877275
2026-09-23,"ILI incidence",2026-09-27,2,"HU","quantile","0.1",41.6336325093665
2026-09-23,"ILI incidence",2026-09-27,2,"HU","quantile","0.15",64.822840005539
2026-09-23,"ILI incidence",2026-09-27,2,"HU","quantile","0.2",83.2429050625392
2026-09-23,"ILI incidence",2026-09-27,2,"HU","quantile","0.25",97.6449860418827
2026-09-23,"ILI incidence",2026-09-27,2,"HU","quantile","0.3",111.333303495693
2026-09-23,"ILI incidence",2026-09-27,2,"HU","quantile","0.35",123.365290925744
2026-09-23,"ILI incidence",2026-09-27,2,"HU","quantile","0.4",135.091980363467
2026-09-23,"ILI incidence",2026-09-27,2,"HU","quantile","0.45",146.422577750429
2026-09-23,"ILI incidence",2026-09-27,2,"HU","quantile","0.5",157.17217729641
2026-09-23,"ILI incidence",2026-09-27,2,"HU","quantile","0.55",168.284237326105
2026-09-23,"ILI incidence",2026-09-27,2,"HU","quantile","0.6",179.902272928392
2026-09-23,"ILI incidence",2026-09-27,2,"HU","quantile","0.65",191.760769509058
2026-09-23,"ILI incidence",2026-09-27,2,"HU","quantile","0.7",203.984767835649
2026-09-23,"ILI incidence",2026-09-27,2,"HU","quantile","0.75",218.124584371914
2026-09-23,"ILI incidence",2026-09-27,2,"HU","quantile","0.8",233.86426673931
2026-09-23,"ILI incidence",2026-09-27,2,"HU","quantile","0.85",252.211864007746
2026-09-23,"ILI incidence",2026-09-27,2,"HU","quantile","0.9",273.710807087453
2026-09-23,"ILI incidence",2026-09-27,2,"HU","quantile","0.95",306.85504428578
2026-09-23,"ILI incidence",2026-09-27,2,"HU","quantile","0.975",333.970993570361
2026-09-23,"ILI incidence",2026-09-27,2,"HU","quantile","0.99",366.765622419296
2026-09-23,"ILI incidence",2026-10-04,3,"HU","median","",192.87686946162
2026-09-23,"ILI incidence",2026-10-04,3,"HU","quantile","0.01",0
2026-09-23,"ILI incidence",2026-10-04,3,"HU","quantile","0.025",0
2026-09-23,"ILI incidence",2026-10-04,3,"HU","quantile","0.05",2.97062000327777
2026-09-23,"ILI incidence",2026-10-04,3,"HU","quantile","0.1",45.0521070422116
2026-09-23,"ILI incidence",2026-10-04,3,"HU","quantile","0.15",72.9000509470998
2026-09-23,"ILI incidence",2026-10-04,3,"HU","quantile","0.2",94.4299700388914
2026-09-23,"ILI incidence",2026-10-04,3,"HU","quantile","0.25",114.163392828053
2026-09-23,"ILI incidence",2026-10-04,3,"HU","quantile","0.3",133.324256769384
2026-09-23,"ILI incidence",2026-10-04,3,"HU","quantile","0.35",148.404527992536
2026-09-23,"ILI incidence",2026-10-04,3,"HU","quantile","0.4",163.163889109049
2026-09-23,"ILI incidence",2026-10-04,3,"HU","quantile","0.45",176.479741327371
2026-09-23,"ILI incidence",2026-10-04,3,"HU","quantile","0.5",190.550037791685
2026-09-23,"ILI incidence",2026-10-04,3,"HU","quantile","0.55",204.680386707915
2026-09-23,"ILI incidence",2026-10-04,3,"HU","quantile","0.6",220.665735435698
2026-09-23,"ILI incidence",2026-10-04,3,"HU","quantile","0.65",235.523587848358
2026-09-23,"ILI incidence",2026-10-04,3,"HU","quantile","0.7",252.402532321251
2026-09-23,"ILI incidence",2026-10-04,3,"HU","quantile","0.75",271.296306276501
2026-09-23,"ILI incidence",2026-10-04,3,"HU","quantile","0.8",289.894316647726
2026-09-23,"ILI incidence",2026-10-04,3,"HU","quantile","0.85",311.726086901808
2026-09-23,"ILI incidence",2026-10-04,3,"HU","quantile","0.9",339.898017600679
2026-09-23,"ILI incidence",2026-10-04,3,"HU","quantile","0.95",382.93736573226
2026-09-23,"ILI incidence",2026-10-04,3,"HU","quantile","0.975",420.510710083288
2026-09-23,"ILI incidence",2026-10-04,3,"HU","quantile","0.99",462.858464365232
2026-09-23,"ILI incidence",2026-10-11,4,"HU","median","",219.305486863249
2026-09-23,"ILI incidence",2026-10-11,4,"HU","quantile","0.01",0
2026-09-23,"ILI incidence",2026-10-11,4,"HU","quantile","0.025",0
2026-09-23,"ILI incidence",2026-10-11,4,"HU","quantile","0.05",0
2026-09-23,"ILI incidence",2026-10-11,4,"HU","quantile","0.1",41.0433538390863
2026-09-23,"ILI incidence",2026-10-11,4,"HU","quantile","0.15",77.0206499353146
2026-09-23,"ILI incidence",2026-10-11,4,"HU","quantile","0.2",102.807843430455
2026-09-23,"ILI incidence",2026-10-11,4,"HU","quantile","0.25",124.563035200591
2026-09-23,"ILI incidence",2026-10-11,4,"HU","quantile","0.3",145.425470422533
2026-09-23,"ILI incidence",2026-10-11,4,"HU","quantile","0.35",165.410630910583
2026-09-23,"ILI incidence",2026-10-11,4,"HU","quantile","0.4",183.605446192139
2026-09-23,"ILI incidence",2026-10-11,4,"HU","quantile","0.45",201.958564971901
2026-09-23,"ILI incidence",2026-10-11,4,"HU","quantile","0.5",219.485486321432
2026-09-23,"ILI incidence",2026-10-11,4,"HU","quantile","0.55",237.734367146351
2026-09-23,"ILI incidence",2026-10-11,4,"HU","quantile","0.6",255.470021034165
2026-09-23,"ILI incidence",2026-10-11,4,"HU","quantile","0.65",272.733768491306
2026-09-23,"ILI incidence",2026-10-11,4,"HU","quantile","0.7",292.005893006483
2026-09-23,"ILI incidence",2026-10-11,4,"HU","quantile","0.75",313.724922723514
2026-09-23,"ILI incidence",2026-10-11,4,"HU","quantile","0.8",336.999416356798
2026-09-23,"ILI incidence",2026-10-11,4,"HU","quantile","0.85",364.228342497141
2026-09-23,"ILI incidence",2026-10-11,4,"HU","quantile","0.9",400.082053945749
2026-09-23,"ILI incidence",2026-10-11,4,"HU","quantile","0.95",451.411112948475
2026-09-23,"ILI incidence",2026-10-11,4,"HU","quantile","0.975",499.231886805947
2026-09-23,"ILI incidence",2026-10-11,4,"HU","quantile","0.99",562.758289426846
2026-09-23,"ILI incidence",2026-09-20,1,"IE","median","",5.93406001184862
2026-09-23,"ILI incidence",2026-09-20,1,"IE","quantile","0.01",0
2026-09-23,"ILI incidence",2026-09-20,1,"IE","quantile","0.025",0
2026-09-23,"ILI incidence",2026-09-20,1,"IE","quantile","0.05",0
2026-09-23,"ILI incidence",2026-09-20,1,"IE","quantile","0.1",0
2026-09-23,"ILI incidence",2026-09-20,1,"IE","quantile","0.15",0
2026-09-23,"ILI incidence",2026-09-20,1,"IE","quantile","0.2",0
2026-09-23,"ILI incidence",2026-09-20,1,"IE","quantile","0.25",0.0662193711785188
2026-09-23,"ILI incidence",2026-09-20,1,"IE","quantile","0.3",1.44713697148612
2026-09-23,"ILI incidence",2026-09-20,1,"IE","quantile","0.35",2.57401936933753
2026-09-23,"ILI incidence",2026-09-20,1,"IE","quantile","0.4",3.66261913961569
2026-09-23,"ILI incidence",2026-09-20,1,"IE","quantile","0.45",4.72906746916281
2026-09-23,"ILI incidence",2026-09-20,1,"IE","quantile","0.5",5.75043429798824
2026-09-23,"ILI incidence",2026-09-20,1,"IE","quantile","0.55",6.80246270134554
2026-09-23,"ILI incidence",2026-09-20,1,"IE","quantile","0.6",7.88288198194944
2026-09-23,"ILI incidence",2026-09-20,1,"IE","quantile","0.65",9.01164847877883
2026-09-23,"ILI incidence",2026-09-20,1,"IE","quantile","0.7",10.2399400595817
2026-09-23,"ILI incidence",2026-09-20,1,"IE","quantile","0.75",11.5327168483003
2026-09-23,"ILI incidence",2026-09-20,1,"IE","quantile","0.8",12.9560611355833
2026-09-23,"ILI incidence",2026-09-20,1,"IE","quantile","0.85",14.5410566443839
2026-09-23,"ILI incidence",2026-09-20,1,"IE","quantile","0.9",16.5771117135045
2026-09-23,"ILI incidence",2026-09-20,1,"IE","quantile","0.95",19.7138782856936
2026-09-23,"ILI incidence",2026-09-20,1,"IE","quantile","0.975",22.262476195694
2026-09-23,"ILI incidence",2026-09-20,1,"IE","quantile","0.99",25.0953581172929
2026-09-23,"ILI incidence",2026-09-27,2,"IE","median","",7.57880185067223
2026-09-23,"ILI incidence",2026-09-27,2,"IE","quantile","0.01",0
2026-09-23,"ILI incidence",2026-09-27,2,"IE","quantile","0.025",0
2026-09-23,"ILI incidence",2026-09-27,2,"IE","quantile","0.05",0
2026-09-23,"ILI incidence",2026-09-27,2,"IE","quantile","0.1",0
2026-09-23,"ILI incidence",2026-09-27,2,"IE","quantile","0.15",0
2026-09-23,"ILI incidence",2026-09-27,2,"IE","quantile","0.2",0
2026-09-23,"ILI incidence",2026-09-27,2,"IE","quantile","0.25",0
2026-09-23,"ILI incidence",2026-09-27,2,"IE","quantile","0.3",1.09331316832664
2026-09-23,"ILI incidence",2026-09-27,2,"IE","quantile","0.35",2.71726724553784
2026-09-23,"ILI incidence",2026-09-27,2,"IE","quantile","0.4",4.23750652766348
2026-09-23,"ILI incidence",2026-09-27,2,"IE","quantile","0.45",5.80727288401911
2026-09-23,"ILI incidence",2026-09-27,2,"IE","quantile","0.5",7.32530285313799
2026-09-23,"ILI incidence",2026-09-27,2,"IE","quantile","0.55",8.83586403441948
2026-09-23,"ILI incidence",2026-09-27,2,"IE","quantile","0.6",10.3644120899204
2026-09-23,"ILI incidence",2026-09-27,2,"IE","quantile","0.65",12.0020142635684
2026-09-23,"ILI incidence",2026-09-27,2,"IE","quantile","0.7",13.6736000373762
2026-09-23,"ILI incidence",2026-09-27,2,"IE","quantile","0.75",15.5819337980921
2026-09-23,"ILI incidence",2026-09-27,2,"IE","quantile","0.8",17.6957888615458
2026-09-23,"ILI incidence",2026-09-27,2,"IE","quantile","0.85",19.9618312901537
2026-09-23,"ILI incidence",2026-09-27,2,"IE","quantile","0.9",23.0298810954333
2026-09-23,"ILI incidence",2026-09-27,2,"IE","quantile","0.95",27.5486241746765
2026-09-23,"ILI incidence",2026-09-27,2,"IE","quantile","0.975",31.3714944434586
2026-09-23,"ILI incidence",2026-09-27,2,"IE","quantile","0.99",35.4101131190062
2026-09-23,"ILI incidence",2026-10-04,3,"IE","median","",9.08742485133773
2026-09-23,"ILI incidence",2026-10-04,3,"IE","quantile","0.01",0
2026-09-23,"ILI incidence",2026-10-04,3,"IE","quantile","0.025",0
2026-09-23,"ILI incidence",2026-10-04,3,"IE","quantile","0.05",0
2026-09-23,"ILI incidence",2026-10-04,3,"IE","quantile","0.1",0
2026-09-23,"ILI incidence",2026-10-04,3,"IE","quantile","0.15",0
2026-09-23,"ILI incidence",2026-10-04,3,"IE","quantile","0.2",0
2026-09-23,"ILI incidence",2026-10-04,3,"IE","quantile","0.25",0
2026-09-23,"ILI incidence",2026-10-04,3,"IE","quantile","0.3",1.18905601658898
2026-09-23,"ILI incidence",2026-10-04,3,"IE","quantile","0.35",3.14681813696926
2026-09-23,"ILI incidence",2026-10-04,3,"IE","quantile","0.4",5.18409515084085
2026-09-23,"ILI incidence",2026-10-04,3,"IE","quantile","0.45",7.10042012280192
2026-09-23,"ILI incidence",2026-10-04,3,"IE","quantile","0.5",8.94854622511184
2026-09-23,"ILI incidence",2026-10-04,3,"IE","quantile","0.55",10.7891453138259
2026-09-23,"ILI incidence",2026-10-04,3,"IE","quantile","0.6",12.6593998113635
2026-09-23,"ILI incidence",2026-10-04,3,"IE","quantile","0.65",14.6229675298774
2026-09-23,"ILI incidence",2026-10-04,3,"IE","quantile","0.7",16.6238506177223
2026-09-23,"ILI incidence",2026-10-04,3,"IE","quantile","0.75",18.7971910765023
2026-09-23,"ILI incidence",2026-10-04,3,"IE","quantile","0.8",21.322268814036
2026-09-23,"ILI incidence",2026-10-04,3,"IE","quantile","0.85",24.2559767893162
2026-09-23,"ILI incidence",2026-10-04,3,"IE","quantile","0.9",28.0324754524492
2026-09-23,"ILI incidence",2026-10-04,3,"IE","quantile","0.95",33.2077922730912
2026-09-23,"ILI incidence",2026-10-04,3,"IE","quantile","0.975",38.1628743500687
2026-09-23,"ILI incidence",2026-10-04,3,"IE","quantile","0.99",43.6905066890726
2026-09-23,"ILI incidence",2026-10-11,4,"IE","median","",10.0331512717922
2026-09-23,"ILI incidence",2026-10-11,4,"IE","quantile","0.01",0
2026-09-23,"ILI incidence",2026-10-11,4,"IE","quantile","0.025",0
2026-09-23,"ILI incidence",2026-10-11,4,"IE","quantile","0.05",0
2026-09-23,"ILI incidence",2026-10-11,4,"IE","quantile","0.1",0
2026-09-23,"ILI incidence",2026-10-11,4,"IE","quantile","0.15",0
2026-09-23,"ILI incidence",2026-10-11,4,"IE","quantile","0.2",0
2026-09-23,"ILI incidence",2026-10-11,4,"IE","quantile","0.25",0
2026-09-23,"ILI incidence",2026-10-11,4,"IE","quantile","0.3",1.27604143936441
2026-09-23,"ILI incidence",2026-10-11,4,"IE","quantile","0.35",3.47949958897069
2026-09-23,"ILI incidence",2026-10-11,4,"IE","quantile","0.4",5.65388188657614
2026-09-23,"ILI incidence",2026-10-11,4,"IE","quantile","0.45",7.88761353466209
2026-09-23,"ILI incidence",2026-10-11,4,"IE","quantile","0.5",9.95776629505206
2026-09-23,"ILI incidence",2026-10-11,4,"IE","quantile","0.55",12.0368182826399
2026-09-23,"ILI incidence",2026-10-11,4,"IE","quantile","0.6",13.9768171987362
2026-09-23,"ILI incidence",2026-10-11,4,"IE","quantile","0.65",16.2858697009253
2026-09-23,"ILI incidence",2026-10-11,4,"IE","quantile","0.7",18.5803016384482
2026-09-23,"ILI incidence",2026-10-11,4,"IE","quantile","0.75",21.1213130664739
2026-09-23,"ILI incidence",2026-10-11,4,"IE","quantile","0.8",23.8459735341895
2026-09-23,"ILI incidence",2026-10-11,4,"IE","quantile","0.85",27.0136079023484
2026-09-23,"ILI incidence",2026-10-11,4,"IE","quantile","0.9",31.3781180696263
2026-09-23,"ILI incidence",2026-10-11,4,"IE","quantile","0.95",37.9880445896649
2026-09-23,"ILI incidence",2026-10-11,4,"IE","quantile","0.975",43.5133949199458
2026-09-23,"ILI incidence",2026-10-11,4,"IE","quantile","0.99",49.175420945469
2026-09-23,"ILI incidence",2026-09-20,1,"IS","median","",0.856995240425563
2026-09-23,"ILI incidence",2026-09-20,1,"IS","quantile","0.01",0
2026-09-23,"ILI incidence",2026-09-20,1,"IS","quantile","0.025",0
2026-09-23,"ILI incidence",2026-09-20,1,"IS","quantile","0.05",0
2026-09-23,"ILI incidence",2026-09-20,1,"IS","quantile","0.1",0
2026-09-23,"ILI incidence",2026-09-20,1,"IS","quantile","0.15",0
2026-09-23,"ILI incidence",2026-09-20,1,"IS","quantile","0.2",0
2026-09-23,"ILI incidence",2026-09-20,1,"IS","quantile","0.25",0
2026-09-23,"ILI incidence",2026-09-20,1,"IS","quantile","0.3",0
2026-09-23,"ILI incidence",2026-09-20,1,"IS","quantile","0.35",0
2026-09-23,"ILI incidence",2026-09-20,1,"IS","quantile","0.4",0.139962613410219
2026-09-23,"ILI incidence",2026-09-20,1,"IS","quantile","0.45",0.510274184806007
2026-09-23,"ILI incidence",2026-09-20,1,"IS","quantile","0.5",0.896582105600217
2026-09-23,"ILI incidence",2026-09-20,1,"IS","quantile","0.55",1.24791883326571
2026-09-23,"ILI incidence",2026-09-20,1,"IS","quantile","0.6",1.65413006440628
2026-09-23,"ILI incidence",2026-09-20,1,"IS","quantile","0.65",2.05154907046018
2026-09-23,"ILI incidence",2026-09-20,1,"IS","quantile","0.7",2.44122349543603
2026-09-23,"ILI incidence",2026-09-20,1,"IS","quantile","0.75",2.86483650331102
2026-09-23,"ILI incidence",2026-09-20,1,"IS","quantile","0.8",3.32979075387458
2026-09-23,"ILI incidence",2026-09-20,1,"IS","quantile","0.85",3.90513574878166
2026-09-23,"ILI incidence",2026-09-20,1,"IS","quantile","0.9",4.63773099402074
2026-09-23,"ILI incidence",2026-09-20,1,"IS","quantile","0.95",5.81512706971962
2026-09-23,"ILI incidence",2026-09-20,1,"IS","quantile","0.975",6.78851545001192
2026-09-23,"ILI incidence",2026-09-20,1,"IS","quantile","0.99",7.85709438761974
2026-09-23,"ILI incidence",2026-09-27,2,"IS","median","",1.40693207629991
2026-09-23,"ILI incidence",2026-09-27,2,"IS","quantile","0.01",0
2026-09-23,"ILI incidence",2026-09-27,2,"IS","quantile","0.025",0
2026-09-23,"ILI incidence",2026-09-27,2,"IS","quantile","0.05",0
2026-09-23,"ILI incidence",2026-09-27,2,"IS","quantile","0.1",0
2026-09-23,"ILI incidence",2026-09-27,2,"IS","quantile","0.15",0
2026-09-23,"ILI incidence",2026-09-27,2,"IS","quantile","0.2",0
2026-09-23,"ILI incidence",2026-09-27,2,"IS","quantile","0.25",0
2026-09-23,"ILI incidence",2026-09-27,2,"IS","quantile","0.3",0
2026-09-23,"ILI incidence",2026-09-27,2,"IS","quantile","0.35",0
2026-09-23,"ILI incidence",2026-09-27,2,"IS","quantile","0.4",0.421332908496569
2026-09-23,"ILI incidence",2026-09-27,2,"IS","quantile","0.45",0.919697497999955
2026-09-23,"ILI incidence",2026-09-27,2,"IS","quantile","0.5",1.40140069511478
2026-09-23,"ILI incidence",2026-09-27,2,"IS","quantile","0.55",1.92500237426178
2026-09-23,"ILI incidence",2026-09-27,2,"IS","quantile","0.6",2.43905550588675
2026-09-23,"ILI incidence",2026-09-27,2,"IS","quantile","0.65",2.95318588299327
2026-09-23,"ILI incidence",2026-09-27,2,"IS","quantile","0.7",3.52502417865213
2026-09-23,"ILI incidence",2026-09-27,2,"IS","quantile","0.75",4.111173477084
2026-09-23,"ILI incidence",2026-09-27,2,"IS","quantile","0.8",4.81784866653804
2026-09-23,"ILI incidence",2026-09-27,2,"IS","quantile","0.85",5.6700018104481
2026-09-23,"ILI incidence",2026-09-27,2,"IS","quantile","0.9",6.61921632082651
2026-09-23,"ILI incidence",2026-09-27,2,"IS","quantile","0.95",8.12406557649872
2026-09-23,"ILI incidence",2026-09-27,2,"IS","quantile","0.975",9.45688870433294
2026-09-23,"ILI incidence",2026-09-27,2,"IS","quantile","0.99",10.9731897361977
2026-09-23,"ILI incidence",2026-10-04,3,"IS","median","",1.98974637932732
2026-09-23,"ILI incidence",2026-10-04,3,"IS","quantile","0.01",0
2026-09-23,"ILI incidence",2026-10-04,3,"IS","quantile","0.025",0
2026-09-23,"ILI incidence",2026-10-04,3,"IS","quantile","0.05",0
2026-09-23,"ILI incidence",2026-10-04,3,"IS","quantile","0.1",0
2026-09-23,"ILI incidence",2026-10-04,3,"IS","quantile","0.15",0
2026-09-23,"ILI incidence",2026-10-04,3,"IS","quantile","0.2",0
2026-09-23,"ILI incidence",2026-10-04,3,"IS","quantile","0.25",0
2026-09-23,"ILI incidence",2026-10-04,3,"IS","quantile","0.3",0
2026-09-23,"ILI incidence",2026-10-04,3,"IS","quantile","0.35",0.188034061939915
2026-09-23,"ILI incidence",2026-10-04,3,"IS","quantile","0.4",0.872960255234366
2026-09-23,"ILI incidence",2026-10-04,3,"IS","quantile","0.45",1.45822898318587
2026-09-23,"ILI incidence",2026-10-04,3,"IS","quantile","0.5",2.03277247000787
2026-09-23,"ILI incidence",2026-10-04,3,"IS","quantile","0.55",2.62680151137242
2026-09-23,"ILI incidence",2026-10-04,3,"IS","quantile","0.6",3.27166170223617
2026-09-23,"ILI incidence",2026-10-04,3,"IS","quantile","0.65",3.9162197364148
2026-09-23,"ILI incidence",2026-10-04,3,"IS","quantile","0.7",4.59154184133852
2026-09-23,"ILI incidence",2026-10-04,3,"IS","quantile","0.75",5.31939711274361
2026-09-23,"ILI incidence",2026-10-04,3,"IS","quantile","0.8",6.16280122409999
2026-09-23,"ILI incidence",2026-10-04,3,"IS","quantile","0.85",7.10970263661002
2026-09-23,"ILI incidence",2026-10-04,3,"IS","quantile","0.9",8.33051420094302
2026-09-23,"ILI incidence",2026-10-04,3,"IS","quantile","0.95",9.91667734810586
2026-09-23,"ILI incidence",2026-10-04,3,"IS","quantile","0.975",11.5930516099201
2026-09-23,"ILI incidence",2026-10-04,3,"IS","quantile","0.99",13.5133672672056
2026-09-23,"ILI incidence",2026-10-11,4,"IS","median","",2.55111242272918
2026-09-23,"ILI incidence",2026-10-11,4,"IS","quantile","0.01",0
2026-09-23,"ILI incidence",2026-10-11,4,"IS","quantile","0.025",0
2026-09-23,"ILI incidence",2026-10-11,4,"IS","quantile","0.05",0
2026-09-23,"ILI incidence",2026-10-11,4,"IS","quantile","0.1",0
2026-09-23,"ILI incidence",2026-10-11,4,"IS","quantile","0.15",0
2026-09-23,"ILI incidence",2026-10-11,4,"IS","quantile","0.2",0
2026-09-23,"ILI incidence",2026-10-11,4,"IS","quantile","0.25",0
2026-09-23,"ILI incidence",2026-10-11,4,"IS","quantile","0.3",0
2026-09-23,"ILI incidence",2026-10-11,4,"IS","quantile","0.35",0.470910087628458
2026-09-23,"ILI incidence",2026-10-11,4,"IS","quantile","0.4",1.23857511798581
2026-09-23,"ILI incidence",2026-10-11,4,"IS","quantile","0.45",1.9659894547531
2026-09-23,"ILI incidence",2026-10-11,4,"IS","quantile","0.5",2.63274847260854
2026-09-23,"ILI incidence",2026-10-11,4,"IS","quantile","0.55",3.31557089577871
2026-09-23,"ILI incidence",2026-10-11,4,"IS","quantile","0.6",4.01270038831361
2026-09-23,"ILI incidence",2026-10-11,4,"IS","quantile","0.65",4.8121652923347
2026-09-23,"ILI incidence",2026-10-11,4,"IS","quantile","0.7",5.56858102930722
2026-09-23,"ILI incidence",2026-10-11,4,"IS","quantile","0.75",6.41047314408677
2026-09-23,"ILI incidence",2026-10-11,4,"IS","quantile","0.8",7.37171951550063
2026-09-23,"ILI incidence",2026-10-11,4,"IS","quantile","0.85",8.46487287962821
2026-09-23,"ILI incidence",2026-10-11,4,"IS","quantile","0.9",9.80018737760968
2026-09-23,"ILI incidence",2026-10-11,4,"IS","quantile","0.95",11.7265135887695
2026-09-23,"ILI incidence",2026-10-11,4,"IS","quantile","0.975",13.6567058930582
2026-09-23,"ILI incidence",2026-10-11,4,"IS","quantile","0.99",15.6895524855111
2026-09-23,"ILI incidence",2026-09-20,1,"LT","median","",7.62701307144962
2026-09-23,"ILI incidence",2026-09-20,1,"LT","quantile","0.01",0
2026-09-23,"ILI incidence",2026-09-20,1,"LT","quantile","0.025",0
2026-09-23,"ILI incidence",2026-09-20,1,"LT","quantile","0.05",0
2026-09-23,"ILI incidence",2026-09-20,1,"LT","quantile","0.1",0
2026-09-23,"ILI incidence",2026-09-20,1,"LT","quantile","0.15",0
2026-09-23,"ILI incidence",2026-09-20,1,"LT","quantile","0.2",0
2026-09-23,"ILI incidence",2026-09-20,1,"LT","quantile","0.25",0
2026-09-23,"ILI incidence",2026-09-20,1,"LT","quantile","0.3",0
2026-09-23,"ILI incidence",2026-09-20,1,"LT","quantile","0.35",0
2026-09-23,"ILI incidence",2026-09-20,1,"LT","quantile","0.4",0.962278887448627
2026-09-23,"ILI incidence",2026-09-20,1,"LT","quantile","0.45",4.58990368331511
2026-09-23,"ILI incidence",2026-09-20,1,"LT","quantile","0.5",7.8625595393431
2026-09-23,"ILI incidence",2026-09-20,1,"LT","quantile","0.55",11.2075252066486
2026-09-23,"ILI incidence",2026-09-20,1,"LT","quantile","0.6",14.4772535980057
2026-09-23,"ILI incidence",2026-09-20,1,"LT","quantile","0.65",18.1641462128039
2026-09-23,"ILI incidence",2026-09-20,1,"LT","quantile","0.7",21.6018779200604
2026-09-23,"ILI incidence",2026-09-20,1,"LT","quantile","0.75",25.6301321248843
2026-09-23,"ILI incidence",2026-09-20,1,"LT","quantile","0.8",30.3401874879625
2026-09-23,"ILI incidence",2026-09-20,1,"LT","quantile","0.85",35.9138682271694
2026-09-23,"ILI incidence",2026-09-20,1,"LT","quantile","0.9",42.1912270048793
2026-09-23,"ILI incidence",2026-09-20,1,"LT","quantile","0.95",52.0432557687122
2026-09-23,"ILI incidence",2026-09-20,1,"LT","quantile","0.975",60.8356936598111
2026-09-23,"ILI incidence",2026-09-20,1,"LT","quantile","0.99",69.800593530667
2026-09-23,"ILI incidence",2026-09-27,2,"LT","median","",15.5286676155991
2026-09-23,"ILI incidence",2026-09-27,2,"LT","quantile","0.01",0
2026-09-23,"ILI incidence",2026-09-27,2,"LT","quantile","0.025",0
2026-09-23,"ILI incidence",2026-09-27,2,"LT","quantile","0.05",0
2026-09-23,"ILI incidence",2026-09-27,2,"LT","quantile","0.1",0
2026-09-23,"ILI incidence",2026-09-27,2,"LT","quantile","0.15",0
2026-09-23,"ILI incidence",2026-09-27,2,"LT","quantile","0.2",0
2026-09-23,"ILI incidence",2026-09-27,2,"LT","quantile","0.25",0
2026-09-23,"ILI incidence",2026-09-27,2,"LT","quantile","0.3",0
2026-09-23,"ILI incidence",2026-09-27,2,"LT","quantile","0.35",0
2026-09-23,"ILI incidence",2026-09-27,2,"LT","quantile","0.4",3.29548890925416
2026-09-23,"ILI incidence",2026-09-27,2,"LT","quantile","0.45",9.67014478550306
2026-09-23,"ILI incidence",2026-09-27,2,"LT","quantile","0.5",16.0902614003346
2026-09-23,"ILI incidence",2026-09-27,2,"LT","quantile","0.55",22.3745262372394
2026-09-23,"ILI incidence",2026-09-27,2,"LT","quantile","0.6",28.7155255109853
2026-09-23,"ILI incidence",2026-09-27,2,"LT","quantile","0.65",35.6073214695504
2026-09-23,"ILI incidence",2026-09-27,2,"LT","quantile","0.7",43.2633428497908
2026-09-23,"ILI incidence",2026-09-27,2,"LT","quantile","0.75",50.9447007456958
2026-09-23,"ILI incidence",2026-09-27,2,"LT","quantile","0.8",59.4769309597965
2026-09-23,"ILI incidence",2026-09-27,2,"LT","quantile","0.85",69.7597900129367
2026-09-23,"ILI incidence",2026-09-27,2,"LT","quantile","0.9",82.5377667528792
2026-09-23,"ILI incidence",2026-09-27,2,"LT","quantile","0.95",101.268851545368
2026-09-23,"ILI incidence",2026-09-27,2,"LT","quantile","0.975",118.734235036404
2026-09-23,"ILI incidence",2026-09-27,2,"LT","quantile","0.99",135.990777479327
2026-09-23,"ILI incidence",2026-10-04,3,"LT","median","",24.8677823404313
2026-09-23,"ILI incidence",2026-10-04,3,"LT","quantile","0.01",0
2026-09-23,"ILI incidence",2026-10-04,3,"LT","quantile","0.025",0
2026-09-23,"ILI incidence",2026-10-04,3,"LT","quantile","0.05",0
2026-09-23,"ILI incidence",2026-10-04,3,"LT","quantile","0.1",0
2026-09-23,"ILI incidence",2026-10-04,3,"LT","quantile","0.15",0
2026-09-23,"ILI incidence",2026-10-04,3,"LT","quantile","0.2",0
2026-09-23,"ILI incidence",2026-10-04,3,"LT","quantile","0.25",0
2026-09-23,"ILI incidence",2026-10-04,3,"LT","quantile","0.3",0
2026-09-23,"ILI incidence",2026-10-04,3,"LT","quantile","0.35",0
2026-09-23,"ILI incidence",2026-10-04,3,"LT","quantile","0.4",7.30980306270304
2026-09-23,"ILI incidence",2026-10-04,3,"LT","quantile","0.45",17.0678274999069
2026-09-23,"ILI incidence",2026-10-04,3,"LT","quantile","0.5",25.1720227263574
2026-09-23,"ILI incidence",2026-10-04,3,"LT","quantile","0.55",34.1649298031135
2026-09-23,"ILI incidence",2026-10-04,3,"LT","quantile","0.6",44.0104767297793
2026-09-23,"ILI incidence",2026-10-04,3,"LT","quantile","0.65",54.0889187430113
2026-09-23,"ILI incidence",2026-10-04,3,"LT","quantile","0.7",64.7817803018765
2026-09-23,"ILI incidence",2026-10-04,3,"LT","quantile","0.75",75.8785337860394
2026-09-23,"ILI incidence",2026-10-04,3,"LT","quantile","0.8",88.053989808551
2026-09-23,"ILI incidence",2026-10-04,3,"LT","quantile","0.85",102.889943183252
2026-09-23,"ILI incidence",2026-10-04,3,"LT","quantile","0.9",122.536647755817
2026-09-23,"ILI incidence",2026-10-04,3,"LT","quantile","0.95",149.562409492666
2026-09-23,"ILI incidence",2026-10-04,3,"LT","quantile","0.975",172.95096310695
2026-09-23,"ILI incidence",2026-10-04,3,"LT","quantile","0.99",197.28429993068
2026-09-23,"ILI incidence",2026-10-11,4,"LT","median","",33.2420773744673
2026-09-23,"ILI incidence",2026-10-11,4,"LT","quantile","0.01",0
2026-09-23,"ILI incidence",2026-10-11,4,"LT","quantile","0.025",0
2026-09-23,"ILI incidence",2026-10-11,4,"LT","quantile","0.05",0
2026-09-23,"ILI incidence",2026-10-11,4,"LT","quantile","0.1",0
2026-09-23,"ILI incidence",2026-10-11,4,"LT","quantile","0.15",0
2026-09-23,"ILI incidence",2026-10-11,4,"LT","quantile","0.2",0
2026-09-23,"ILI incidence",2026-10-11,4,"LT","quantile","0.25",0
2026-09-23,"ILI incidence",2026-10-11,4,"LT","quantile","0.3",0
2026-09-23,"ILI incidence",2026-10-11,4,"LT","quantile","0.35",0
2026-09-23,"ILI incidence",2026-10-11,4,"LT","quantile","0.4",10.8640563964821
2026-09-23,"ILI incidence",2026-10-11,4,"LT","quantile","0.45",21.6482288812122
2026-09-23,"ILI incidence",2026-10-11,4,"LT","quantile","0.5",34.0383677349596
2026-09-23,"ILI incidence",2026-10-11,4,"LT","quantile","0.55",45.9536860668223
2026-09-23,"ILI incidence",2026-10-11,4,"LT","quantile","0.6",56.6117435558661
2026-09-23,"ILI incidence",2026-10-11,4,"LT","quantile","0.65",68.8302604001578
2026-09-23,"ILI incidence",2026-10-11,4,"LT","quantile","0.7",80.3942919353188
2026-09-23,"ILI incidence",2026-10-11,4,"LT","quantile","0.75",93.8869729682098
2026-09-23,"ILI incidence",2026-10-11,4,"LT","quantile","0.8",109.044754847592
2026-09-23,"ILI incidence",2026-10-11,4,"LT","quantile","0.85",127.4193368177
2026-09-23,"ILI incidence",2026-10-11,4,"LT","quantile","0.9",149.067745463608
2026-09-23,"ILI incidence",2026-10-11,4,"LT","quantile","0.95",181.830868536022
2026-09-23,"ILI incidence",2026-10-11,4,"LT","quantile","0.975",213.119885823217
2026-09-23,"ILI incidence",2026-10-11,4,"LT","quantile","0.99",242.539889459792
2026-09-23,"ILI incidence",2026-09-20,1,"LU","median","",436.918877440548
2026-09-23,"ILI incidence",2026-09-20,1,"LU","quantile","0.01",0
2026-09-23,"ILI incidence",2026-09-20,1,"LU","quantile","0.025",0
2026-09-23,"ILI incidence",2026-09-20,1,"LU","quantile","0.05",0
2026-09-23,"ILI incidence",2026-09-20,1,"LU","quantile","0.1",0
2026-09-23,"ILI incidence",2026-09-20,1,"LU","quantile","0.15",0
2026-09-23,"ILI incidence",2026-09-20,1,"LU","quantile","0.2",0
2026-09-23,"ILI incidence",2026-09-20,1,"LU","quantile","0.25",0
2026-09-23,"ILI incidence",2026-09-20,1,"LU","quantile","0.3",0
2026-09-23,"ILI incidence",2026-09-20,1,"LU","quantile","0.35",0
2026-09-23,"ILI incidence",2026-09-20,1,"LU","quantile","0.4",0
2026-09-23,"ILI incidence",2026-09-20,1,"LU","quantile","0.45",180.636273799358
2026-09-23,"ILI incidence",2026-09-20,1,"LU","quantile","0.5",467.895170879388
2026-09-23,"ILI incidence",2026-09-20,1,"LU","quantile","0.55",731.470874349065
2026-09-23,"ILI incidence",2026-09-20,1,"LU","quantile","0.6",1031.49825525027
2026-09-23,"ILI incidence",2026-09-20,1,"LU","quantile","0.65",1359.99413530643
2026-09-23,"ILI incidence",2026-09-20,1,"LU","quantile","0.7",1690.8626580048
2026-09-23,"ILI incidence",2026-09-20,1,"LU","quantile","0.75",1987.37262893636
2026-09-23,"ILI incidence",2026-09-20,1,"LU","quantile","0.8",2394.87260501071
2026-09-23,"ILI incidence",2026-09-20,1,"LU","quantile","0.85",2823.52470524634
2026-09-23,"ILI incidence",2026-09-20,1,"LU","quantile","0.9",3351.93062311568
2026-09-23,"ILI incidence",2026-09-20,1,"LU","quantile","0.95",4185.94332877591
2026-09-23,"ILI incidence",2026-09-20,1,"LU","quantile","0.975",4877.97607888558
2026-09-23,"ILI incidence",2026-09-20,1,"LU","quantile","0.99",5695.44474624443
2026-09-23,"ILI incidence",2026-09-27,2,"LU","median","",918.663698825016
2026-09-23,"ILI incidence",2026-09-27,2,"LU","quantile","0.01",0
2026-09-23,"ILI incidence",2026-09-27,2,"LU","quantile","0.025",0
2026-09-23,"ILI incidence",2026-09-27,2,"LU","quantile","0.05",0
2026-09-23,"ILI incidence",2026-09-27,2,"LU","quantile","0.1",0
2026-09-23,"ILI incidence",2026-09-27,2,"LU","quantile","0.15",0
2026-09-23,"ILI incidence",2026-09-27,2,"LU","quantile","0.2",0
2026-09-23,"ILI incidence",2026-09-27,2,"LU","quantile","0.25",0
2026-09-23,"ILI incidence",2026-09-27,2,"LU","quantile","0.3",0
2026-09-23,"ILI incidence",2026-09-27,2,"LU","quantile","0.35",0
2026-09-23,"ILI incidence",2026-09-27,2,"LU","quantile","0.4",300.072658537857
2026-09-23,"ILI incidence",2026-09-27,2,"LU","quantile","0.45",652.014109365129
2026-09-23,"ILI incidence",2026-09-27,2,"LU","quantile","0.5",979.420428567463
2026-09-23,"ILI incidence",2026-09-27,2,"LU","quantile","0.55",1303.51087677786
2026-09-23,"ILI incidence",2026-09-27,2,"LU","quantile","0.6",1620.00761996705
2026-09-23,"ILI incidence",2026-09-27,2,"LU","quantile","0.65",1959.71112228302
2026-09-23,"ILI incidence",2026-09-27,2,"LU","quantile","0.7",2307.46198829753
2026-09-23,"ILI incidence",2026-09-27,2,"LU","quantile","0.75",2740.98687915438
2026-09-23,"ILI incidence",2026-09-27,2,"LU","quantile","0.8",3164.33259292615
2026-09-23,"ILI incidence",2026-09-27,2,"LU","quantile","0.85",3706.47556281741
2026-09-23,"ILI incidence",2026-09-27,2,"LU","quantile","0.9",4331.75329536043
2026-09-23,"ILI incidence",2026-09-27,2,"LU","quantile","0.95",5257.10507726578
2026-09-23,"ILI incidence",2026-09-27,2,"LU","quantile","0.975",6044.74941715226
2026-09-23,"ILI incidence",2026-09-27,2,"LU","quantile","0.99",7137.5465206738
2026-09-23,"ILI incidence",2026-10-04,3,"LU","median","",1351.3425556087
2026-09-23,"ILI incidence",2026-10-04,3,"LU","quantile","0.01",0
2026-09-23,"ILI incidence",2026-10-04,3,"LU","quantile","0.025",0
2026-09-23,"ILI incidence",2026-10-04,3,"LU","quantile","0.05",0
2026-09-23,"ILI incidence",2026-10-04,3,"LU","quantile","0.1",0
2026-09-23,"ILI incidence",2026-10-04,3,"LU","quantile","0.15",0
2026-09-23,"ILI incidence",2026-10-04,3,"LU","quantile","0.2",0
2026-09-23,"ILI incidence",2026-10-04,3,"LU","quantile","0.25",0
2026-09-23,"ILI incidence",2026-10-04,3,"LU","quantile","0.3",0
2026-09-23,"ILI incidence",2026-10-04,3,"LU","quantile","0.35",246.88375097325
2026-09-23,"ILI incidence",2026-10-04,3,"LU","quantile","0.4",658.510737333597
2026-09-23,"ILI incidence",2026-10-04,3,"LU","quantile","0.45",1050.69789307436
2026-09-23,"ILI incidence",2026-10-04,3,"LU","quantile","0.5",1433.43028475826
2026-09-23,"ILI incidence",2026-10-04,3,"LU","quantile","0.55",1808.22920272622
2026-09-23,"ILI incidence",2026-10-04,3,"LU","quantile","0.6",2198.01839863177
2026-09-23,"ILI incidence",2026-10-04,3,"LU","quantile","0.65",2583.05216330198
2026-09-23,"ILI incidence",2026-10-04,3,"LU","quantile","0.7",2994.81632305254
2026-09-23,"ILI incidence",2026-10-04,3,"LU","quantile","0.75",3445.93076868334
2026-09-23,"ILI incidence",2026-10-04,3,"LU","quantile","0.8",3947.15808694014
2026-09-23,"ILI incidence",2026-10-04,3,"LU","quantile","0.85",4549.07053769576
2026-09-23,"ILI incidence",2026-10-04,3,"LU","quantile","0.9",5239.89111811484
2026-09-23,"ILI incidence",2026-10-04,3,"LU","quantile","0.95",6321.70316580823
2026-09-23,"ILI incidence",2026-10-04,3,"LU","quantile","0.975",7319.84215841062
2026-09-23,"ILI incidence",2026-10-04,3,"LU","quantile","0.99",8346.82264393119
2026-09-23,"ILI incidence",2026-10-11,4,"LU","median","",1725.64577006876
2026-09-23,"ILI incidence",2026-10-11,4,"LU","quantile","0.01",0
2026-09-23,"ILI incidence",2026-10-11,4,"LU","quantile","0.025",0
2026-09-23,"ILI incidence",2026-10-11,4,"LU","quantile","0.05",0
2026-09-23,"ILI incidence",2026-10-11,4,"LU","quantile","0.1",0
2026-09-23,"ILI incidence",2026-10-11,4,"LU","quantile","0.15",0
2026-09-23,"ILI incidence",2026-10-11,4,"LU","quantile","0.2",0
2026-09-23,"ILI incidence",2026-10-11,4,"LU","quantile","0.25",0
2026-09-23,"ILI incidence",2026-10-11,4,"LU","quantile","0.3",147.103943577845
2026-09-23,"ILI incidence",2026-10-11,4,"LU","quantile","0.35",585.671286096027
2026-09-23,"ILI incidence",2026-10-11,4,"LU","quantile","0.4",1008.56000964115
2026-09-23,"ILI incidence",2026-10-11,4,"LU","quantile","0.45",1394.70887245993
2026-09-23,"ILI incidence",2026-10-11,4,"LU","quantile","0.5",1801.14759622427
2026-09-23,"ILI incidence",2026-10-11,4,"LU","quantile","0.55",2214.13598968587
2026-09-23,"ILI incidence",2026-10-11,4,"LU","quantile","0.6",2615.11443272651
2026-09-23,"ILI incidence",2026-10-11,4,"LU","quantile","0.65",3053.83003155162
2026-09-23,"ILI incidence",2026-10-11,4,"LU","quantile","0.7",3516.34195311754
2026-09-23,"ILI incidence",2026-10-11,4,"LU","quantile","0.75",3972.23990450736
2026-09-23,"ILI incidence",2026-10-11,4,"LU","quantile","0.8",4483.05641379409
2026-09-23,"ILI incidence",2026-10-11,4,"LU","quantile","0.85",5110.99446043865
2026-09-23,"ILI incidence",2026-10-11,4,"LU","quantile","0.9",5924.96951893118
2026-09-23,"ILI incidence",2026-10-11,4,"LU","quantile","0.95",7042.51213881658
2026-09-23,"ILI incidence",2026-10-11,4,"LU","quantile","0.975",8056.61110070523
2026-09-23,"ILI incidence",2026-10-11,4,"LU","quantile","0.99",9214.66813449596
2026-09-23,"ILI incidence",2026-09-20,1,"NO","median","",17.928317671442
2026-09-23,"ILI incidence",2026-09-20,1,"NO","quantile","0.01",0
2026-09-23,"ILI incidence",2026-09-20,1,"NO","quantile","0.025",0
2026-09-23,"ILI incidence",2026-09-20,1,"NO","quantile","0.05",0
2026-09-23,"ILI incidence",2026-09-20,1,"NO","quantile","0.1",0
2026-09-23,"ILI incidence",2026-09-20,1,"NO","quantile","0.15",2.81200133829161
2026-09-23,"ILI incidence",2026-09-20,1,"NO","quantile","0.2",5.66466658410319
2026-09-23,"ILI incidence",2026-09-20,1,"NO","quantile","0.25",7.91059510283605
2026-09-23,"ILI incidence",2026-09-20,1,"NO","quantile","0.3",10.1615059882299
2026-09-23,"ILI incidence",2026-09-20,1,"NO","quantile","0.35",12.2355484743142
2026-09-23,"ILI incidence",2026-09-20,1,"NO","quantile","0.4",14.2039157826157
2026-09-23,"ILI incidence",2026-09-20,1,"NO","quantile","0.45",16.1668221284138
2026-09-23,"ILI incidence",2026-09-20,1,"NO","quantile","0.5",18.0257128905254
2026-09-23,"ILI incidence",2026-09-20,1,"NO","quantile","0.55",19.7467930698841
2026-09-23,"ILI incidence",2026-09-20,1,"NO","quantile","0.6",21.7156194422725
2026-09-23,"ILI incidence",2026-09-20,1,"NO","quantile","0.65",23.7912309205072
2026-09-23,"ILI incidence",2026-09-20,1,"NO","quantile","0.7",25.8514345146467
2026-09-23,"ILI incidence",2026-09-20,1,"NO","quantile","0.75",27.9479717857303
2026-09-23,"ILI incidence",2026-09-20,1,"NO","quantile","0.8",30.3140062856975
2026-09-23,"ILI incidence",2026-09-20,1,"NO","quantile","0.85",32.9960385174131
2026-09-23,"ILI incidence",2026-09-20,1,"NO","quantile","0.9",36.6708724468751
2026-09-23,"ILI incidence",2026-09-20,1,"NO","quantile","0.95",42.031917022898
2026-09-23,"ILI incidence",2026-09-20,1,"NO","quantile","0.975",46.2680063506317
2026-09-23,"ILI incidence",2026-09-20,1,"NO","quantile","0.99",51.6673638208918
2026-09-23,"ILI incidence",2026-09-27,2,"NO","median","",20.1392766951665
2026-09-23,"ILI incidence",2026-09-27,2,"NO","quantile","0.01",0
2026-09-23,"ILI incidence",2026-09-27,2,"NO","quantile","0.025",0
2026-09-23,"ILI incidence",2026-09-27,2,"NO","quantile","0.05",0
2026-09-23,"ILI incidence",2026-09-27,2,"NO","quantile","0.1",0
2026-09-23,"ILI incidence",2026-09-27,2,"NO","quantile","0.15",0
2026-09-23,"ILI incidence",2026-09-27,2,"NO","quantile","0.2",3.80841030332072
2026-09-23,"ILI incidence",2026-09-27,2,"NO","quantile","0.25",7.06294335297006
2026-09-23,"ILI incidence",2026-09-27,2,"NO","quantile","0.3",10.0487773299656
2026-09-23,"ILI incidence",2026-09-27,2,"NO","quantile","0.35",12.6521155509325
2026-09-23,"ILI incidence",2026-09-27,2,"NO","quantile","0.4",15.1501786831403
2026-09-23,"ILI incidence",2026-09-27,2,"NO","quantile","0.45",17.531888521483
2026-09-23,"ILI incidence",2026-09-27,2,"NO","quantile","0.5",20.1252066516998
2026-09-23,"ILI incidence",2026-09-27,2,"NO","quantile","0.55",22.5406339325219
2026-09-23,"ILI incidence",2026-09-27,2,"NO","quantile","0.6",25.1191307349543
2026-09-23,"ILI incidence",2026-09-27,2,"NO","quantile","0.65",27.5647204139893
2026-09-23,"ILI incidence",2026-09-27,2,"NO","quantile","0.7",30.3415773522004
2026-09-23,"ILI incidence",2026-09-27,2,"NO","quantile","0.75",33.4219718358814
2026-09-23,"ILI incidence",2026-09-27,2,"NO","quantile","0.8",36.6296475814995
2026-09-23,"ILI incidence",2026-09-27,2,"NO","quantile","0.85",40.2282440840959
2026-09-23,"ILI incidence",2026-09-27,2,"NO","quantile","0.9",45.3414019018025
2026-09-23,"ILI incidence",2026-09-27,2,"NO","quantile","0.95",52.185467003399
2026-09-23,"ILI incidence",2026-09-27,2,"NO","quantile","0.975",58.7092325501645
2026-09-23,"ILI incidence",2026-09-27,2,"NO","quantile","0.99",64.7504750285738
2026-09-23,"ILI incidence",2026-10-04,3,"NO","median","",22.588182600545
2026-09-23,"ILI incidence",2026-10-04,3,"NO","quantile","0.01",0
2026-09-23,"ILI incidence",2026-10-04,3,"NO","quantile","0.025",0
2026-09-23,"ILI incidence",2026-10-04,3,"NO","quantile","0.05",0
2026-09-23,"ILI incidence",2026-10-04,3,"NO","quantile","0.1",0
2026-09-23,"ILI incidence",2026-10-04,3,"NO","quantile","0.15",0
2026-09-23,"ILI incidence",2026-10-04,3,"NO","quantile","0.2",3.27052350981834
2026-09-23,"ILI incidence",2026-10-04,3,"NO","quantile","0.25",6.94063932748502
2026-09-23,"ILI incidence",2026-10-04,3,"NO","quantile","0.3",10.5594044440745
2026-09-23,"ILI incidence",2026-10-04,3,"NO","quantile","0.35",13.9278143505949
2026-09-23,"ILI incidence",2026-10-04,3,"NO","quantile","0.4",16.8814006665408
2026-09-23,"ILI incidence",2026-10-04,3,"NO","quantile","0.45",19.7623514365136
2026-09-23,"ILI incidence",2026-10-04,3,"NO","quantile","0.5",22.8074658612804
2026-09-23,"ILI incidence",2026-10-04,3,"NO","quantile","0.55",25.5227865708202
2026-09-23,"ILI incidence",2026-10-04,3,"NO","quantile","0.6",28.3247315632818
2026-09-23,"ILI incidence",2026-10-04,3,"NO","quantile","0.65",31.4229255501826
2026-09-23,"ILI incidence",2026-10-04,3,"NO","quantile","0.7",34.6572793022964
2026-09-23,"ILI incidence",2026-10-04,3,"NO","quantile","0.75",38.4238680348433
2026-09-23,"ILI incidence",2026-10-04,3,"NO","quantile","0.8",42.1104019364749
2026-09-23,"ILI incidence",2026-10-04,3,"NO","quantile","0.85",46.3556897788063
2026-09-23,"ILI incidence",2026-10-04,3,"NO","quantile","0.9",52.1695685635519
2026-09-23,"ILI incidence",2026-10-04,3,"NO","quantile","0.95",60.5210667513879
2026-09-23,"ILI incidence",2026-10-04,3,"NO","quantile","0.975",67.8173339896444
2026-09-23,"ILI incidence",2026-10-04,3,"NO","quantile","0.99",76.0756805368114
2026-09-23,"ILI incidence",2026-10-11,4,"NO","median","",24.8858389732519
2026-09-23,"ILI incidence",2026-10-11,4,"NO","quantile","0.01",0
2026-09-23,"ILI incidence",2026-10-11,4,"NO","quantile","0.025",0
2026-09-23,"ILI incidence",2026-10-11,4,"NO","quantile","0.05",0
2026-09-23,"ILI incidence",2026-10-11,4,"NO","quantile","0.1",0
2026-09-23,"ILI incidence",2026-10-11,4,"NO","quantile","0.15",0
2026-09-23,"ILI incidence",2026-10-11,4,"NO","quantile","0.2",2.55957541638773
2026-09-23,"ILI incidence",2026-10-11,4,"NO","quantile","0.25",7.17760881579326
2026-09-23,"ILI incidence",2026-10-11,4,"NO","quantile","0.3",11.376523862127
2026-09-23,"ILI incidence",2026-10-11,4,"NO","quantile","0.35",15.0180749652748
2026-09-23,"ILI incidence",2026-10-11,4,"NO","quantile","0.4",18.4113913657039
2026-09-23,"ILI incidence",2026-10-11,4,"NO","quantile","0.45",21.9952874116226
2026-09-23,"ILI incidence",2026-10-11,4,"NO","quantile","0.5",25.2016519415849
2026-09-23,"ILI incidence",2026-10-11,4,"NO","quantile","0.55",28.4978274717846
2026-09-23,"ILI incidence",2026-10-11,4,"NO","quantile","0.6",31.6042430079458
2026-09-23,"ILI incidence",2026-10-11,4,"NO","quantile","0.65",35.2592469909139
2026-09-23,"ILI incidence",2026-10-11,4,"NO","quantile","0.7",39.0958480301242
2026-09-23,"ILI incidence",2026-10-11,4,"NO","quantile","0.75",42.7855631020647
2026-09-23,"ILI incidence",2026-10-11,4,"NO","quantile","0.8",46.9614097370474
2026-09-23,"ILI incidence",2026-10-11,4,"NO","quantile","0.85",52.3043494556018
2026-09-23,"ILI incidence",2026-10-11,4,"NO","quantile","0.9",58.580578112149
2026-09-23,"ILI incidence",2026-10-11,4,"NO","quantile","0.95",68.3687648258682
2026-09-23,"ILI incidence",2026-10-11,4,"NO","quantile","0.975",77.2658338353376
2026-09-23,"ILI incidence",2026-10-11,4,"NO","quantile","0.99",87.2778170372734
2026-09-23,"ILI incidence",2026-09-20,1,"SI","median","",4.11858514206738
2026-09-23,"ILI incidence",2026-09-20,1,"SI","quantile","0.01",0
2026-09-23,"ILI incidence",2026-09-20,1,"SI","quantile","0.025",0
2026-09-23,"ILI incidence",2026-09-20,1,"SI","quantile","0.05",0
2026-09-23,"ILI incidence",2026-09-20,1,"SI","quantile","0.1",0
2026-09-23,"ILI incidence",2026-09-20,1,"SI","quantile","0.15",0
2026-09-23,"ILI incidence",2026-09-20,1,"SI","quantile","0.2",0
2026-09-23,"ILI incidence",2026-09-20,1,"SI","quantile","0.25",0
2026-09-23,"ILI incidence",2026-09-20,1,"SI","quantile","0.3",0
2026-09-23,"ILI incidence",2026-09-20,1,"SI","quantile","0.35",0
2026-09-23,"ILI incidence",2026-09-20,1,"SI","quantile","0.4",0
2026-09-23,"ILI incidence",2026-09-20,1,"SI","quantile","0.45",0.384335642659613
2026-09-23,"ILI incidence",2026-09-20,1,"SI","quantile","0.5",4.24912622003339
2026-09-23,"ILI incidence",2026-09-20,1,"SI","quantile","0.55",7.78371608142025
2026-09-23,"ILI incidence",2026-09-20,1,"SI","quantile","0.6",11.6297008769388
2026-09-23,"ILI incidence",2026-09-20,1,"SI","quantile","0.65",15.2981187582088
2026-09-23,"ILI incidence",2026-09-20,1,"SI","quantile","0.7",19.0939629030357
2026-09-23,"ILI incidence",2026-09-20,1,"SI","quantile","0.75",23.6999265375214
2026-09-23,"ILI incidence",2026-09-20,1,"SI","quantile","0.8",28.9401637044502
2026-09-23,"ILI incidence",2026-09-20,1,"SI","quantile","0.85",34.8848091918185
2026-09-23,"ILI incidence",2026-09-20,1,"SI","quantile","0.9",42.5327062194861
2026-09-23,"ILI incidence",2026-09-20,1,"SI","quantile","0.95",52.8580977938924
2026-09-23,"ILI incidence",2026-09-20,1,"SI","quantile","0.975",62.4688742937643
2026-09-23,"ILI incidence",2026-09-20,1,"SI","quantile","0.99",74.7003434573023
2026-09-23,"ILI incidence",2026-09-27,2,"SI","median","",8.78337661757625
2026-09-23,"ILI incidence",2026-09-27,2,"SI","quantile","0.01",0
2026-09-23,"ILI incidence",2026-09-27,2,"SI","quantile","0.025",0
2026-09-23,"ILI incidence",2026-09-27,2,"SI","quantile","0.05",0
2026-09-23,"ILI incidence",2026-09-27,2,"SI","quantile","0.1",0
2026-09-23,"ILI incidence",2026-09-27,2,"SI","quantile","0.15",0
2026-09-23,"ILI incidence",2026-09-27,2,"SI","quantile","0.2",0
2026-09-23,"ILI incidence",2026-09-27,2,"SI","quantile","0.25",0
2026-09-23,"ILI incidence",2026-09-27,2,"SI","quantile","0.3",0
2026-09-23,"ILI incidence",2026-09-27,2,"SI","quantile","0.35",0
2026-09-23,"ILI incidence",2026-09-27,2,"SI","quantile","0.4",0
2026-09-23,"ILI incidence",2026-09-27,2,"SI","quantile","0.45",3.37040618646923
2026-09-23,"ILI incidence",2026-09-27,2,"SI","quantile","0.5",9.25422724185214
2026-09-23,"ILI incidence",2026-09-27,2,"SI","quantile","0.55",15.2157108001218
2026-09-23,"ILI incidence",2026-09-27,2,"SI","quantile","0.6",21.3437733024082
2026-09-23,"ILI incidence",2026-09-27,2,"SI","quantile","0.65",27.066627295436
2026-09-23,"ILI incidence",2026-09-27,2,"SI","quantile","0.7",33.4187132037188
2026-09-23,"ILI incidence",2026-09-27,2,"SI","quantile","0.75",39.7351220966622
2026-09-23,"ILI incidence",2026-09-27,2,"SI","quantile","0.8",46.9192279125409
2026-09-23,"ILI incidence",2026-09-27,2,"SI","quantile","0.85",55.8535453704938
2026-09-23,"ILI incidence",2026-09-27,2,"SI","quantile","0.9",66.8692686836381
2026-09-23,"ILI incidence",2026-09-27,2,"SI","quantile","0.95",84.4762457730809
2026-09-23,"ILI incidence",2026-09-27,2,"SI","quantile","0.975",99.3056648373058
2026-09-23,"ILI incidence",2026-09-27,2,"SI","quantile","0.99",114.68547428433
2026-09-23,"ILI incidence",2026-10-04,3,"SI","median","",13.8252629814915
2026-09-23,"ILI incidence",2026-10-04,3,"SI","quantile","0.01",0
2026-09-23,"ILI incidence",2026-10-04,3,"SI","quantile","0.025",0
2026-09-23,"ILI incidence",2026-10-04,3,"SI","quantile","0.05",0
2026-09-23,"ILI incidence",2026-10-04,3,"SI","quantile","0.1",0
2026-09-23,"ILI incidence",2026-10-04,3,"SI","quantile","0.15",0
2026-09-23,"ILI incidence",2026-10-04,3,"SI","quantile","0.2",0
2026-09-23,"ILI incidence",2026-10-04,3,"SI","quantile","0.25",0
2026-09-23,"ILI incidence",2026-10-04,3,"SI","quantile","0.3",0
2026-09-23,"ILI incidence",2026-10-04,3,"SI","quantile","0.35",0
2026-09-23,"ILI incidence",2026-10-04,3,"SI","quantile","0.4",0
2026-09-23,"ILI incidence",2026-10-04,3,"SI","quantile","0.45",6.79746911470756
2026-09-23,"ILI incidence",2026-10-04,3,"SI","quantile","0.5",14.6461345235842
2026-09-23,"ILI incidence",2026-10-04,3,"SI","quantile","0.55",22.0682891441027
2026-09-23,"ILI incidence",2026-10-04,3,"SI","quantile","0.6",29.6150021601207
2026-09-23,"ILI incidence",2026-10-04,3,"SI","quantile","0.65",37.0661226482141
2026-09-23,"ILI incidence",2026-10-04,3,"SI","quantile","0.7",45.3734325908642
2026-09-23,"ILI incidence",2026-10-04,3,"SI","quantile","0.75",53.8334707547939
2026-09-23,"ILI incidence",2026-10-04,3,"SI","quantile","0.8",64.1623725469771
2026-09-23,"ILI incidence",2026-10-04,3,"SI","quantile","0.85",75.5560317916029
2026-09-23,"ILI incidence",2026-10-04,3,"SI","quantile","0.9",89.1643299334397
2026-09-23,"ILI incidence",2026-10-04,3,"SI","quantile","0.95",109.473474115428
2026-09-23,"ILI incidence",2026-10-04,3,"SI","quantile","0.975",129.794739134021
2026-09-23,"ILI incidence",2026-10-04,3,"SI","quantile","0.99",153.47899347977
2026-09-23,"ILI incidence",2026-10-11,4,"SI","median","",17.6081015107855
2026-09-23,"ILI incidence",2026-10-11,4,"SI","quantile","0.01",0
2026-09-23,"ILI incidence",2026-10-11,4,"SI","quantile","0.025",0
2026-09-23,"ILI incidence",2026-10-11,4,"SI","quantile","0.05",0
2026-09-23,"ILI incidence",2026-10-11,4,"SI","quantile","0.1",0
2026-09-23,"ILI incidence",2026-10-11,4,"SI","quantile","0.15",0
2026-09-23,"ILI incidence",2026-10-11,4,"SI","quantile","0.2",0
2026-09-23,"ILI incidence",2026-10-11,4,"SI","quantile","0.25",0
2026-09-23,"ILI incidence",2026-10-11,4,"SI","quantile","0.3",0
2026-09-23,"ILI incidence",2026-10-11,4,"SI","quantile","0.35",0
2026-09-23,"ILI incidence",2026-10-11,4,"SI","quantile","0.4",1.56772609377618
2026-09-23,"ILI incidence",2026-10-11,4,"SI","quantile","0.45",9.77831204643445
2026-09-23,"ILI incidence",2026-10-11,4,"SI","quantile","0.5",18.0415655989805
2026-09-23,"ILI incidence",2026-10-11,4,"SI","quantile","0.55",26.6726537006786
2026-09-23,"ILI incidence",2026-10-11,4,"SI","quantile","0.6",34.6639867678838
2026-09-23,"ILI incidence",2026-10-11,4,"SI","quantile","0.65",43.4221067719622
2026-09-23,"ILI incidence",2026-10-11,4,"SI","quantile","0.7",52.2728526108854
2026-09-23,"ILI incidence",2026-10-11,4,"SI","quantile","0.75",62.064247548578
2026-09-23,"ILI incidence",2026-10-11,4,"SI","quantile","0.8",72.88972437122
2026-09-23,"ILI incidence",2026-10-11,4,"SI","quantile","0.85",86.0120713842206
2026-09-23,"ILI incidence",2026-10-11,4,"SI","quantile","0.9",102.026621126892
2026-09-23,"ILI incidence",2026-10-11,4,"SI","quantile","0.95",125.101045187731
2026-09-23,"ILI incidence",2026-10-11,4,"SI","quantile","0.975",145.370793408979
2026-09-23,"ILI incidence",2026-10-11,4,"SI","quantile","0.99",169.22306409379
2026-09-23,"ILI incidence",2026-09-20,1,"SK","median","",80.0366106019104
2026-09-23,"ILI incidence",2026-09-20,1,"SK","quantile","0.01",0
2026-09-23,"ILI incidence",2026-09-20,1,"SK","quantile","0.025",0
2026-09-23,"ILI incidence",2026-09-20,1,"SK","quantile","0.05",2.11088459716419
2026-09-23,"ILI incidence",2026-09-20,1,"SK","quantile","0.1",19.2747519327228
2026-09-23,"ILI incidence",2026-09-20,1,"SK","quantile","0.15",30.9048356569498
2026-09-23,"ILI incidence",2026-09-20,1,"SK","quantile","0.2",40.2841620777994
2026-09-23,"ILI incidence",2026-09-20,1,"SK","quantile","0.25",48.0334753888644
2026-09-23,"ILI incidence",2026-09-20,1,"SK","quantile","0.3",55.2206295017322
2026-09-23,"ILI incidence",2026-09-20,1,"SK","quantile","0.35",61.6842147837295
2026-09-23,"ILI incidence",2026-09-20,1,"SK","quantile","0.4",67.6751673119466
2026-09-23,"ILI incidence",2026-09-20,1,"SK","quantile","0.45",74.230615453988
2026-09-23,"ILI incidence",2026-09-20,1,"SK","quantile","0.5",79.9411119501666
2026-09-23,"ILI incidence",2026-09-20,1,"SK","quantile","0.55",85.6561863166823
2026-09-23,"ILI incidence",2026-09-20,1,"SK","quantile","0.6",91.67750362719
2026-09-23,"ILI incidence",2026-09-20,1,"SK","quantile","0.65",98.3059323554846
2026-09-23,"ILI incidence",2026-09-20,1,"SK","quantile","0.7",105.038280597723
2026-09-23,"ILI incidence",2026-09-20,1,"SK","quantile","0.75",111.897943857316
2026-09-23,"ILI incidence",2026-09-20,1,"SK","quantile","0.8",119.50216575834
2026-09-23,"ILI incidence",2026-09-20,1,"SK","quantile","0.85",128.597091302484
2026-09-23,"ILI incidence",2026-09-20,1,"SK","quantile","0.9",139.617760302558
2026-09-23,"ILI incidence",2026-09-20,1,"SK","quantile","0.95",156.053376184528
2026-09-23,"ILI incidence",2026-09-20,1,"SK","quantile","0.975",170.259135228104
2026-09-23,"ILI incidence",2026-09-20,1,"SK","quantile","0.99",188.834829847982
2026-09-23,"ILI incidence",2026-09-27,2,"SK","median","",94.5958275935232
2026-09-23,"ILI incidence",2026-09-27,2,"SK","quantile","0.01",0
2026-09-23,"ILI incidence",2026-09-27,2,"SK","quantile","0.025",0
2026-09-23,"ILI incidence",2026-09-27,2,"SK","quantile","0.05",0
2026-09-23,"ILI incidence",2026-09-27,2,"SK","quantile","0.1",0
2026-09-23,"ILI incidence",2026-09-27,2,"SK","quantile","0.15",18.0491480089135
2026-09-23,"ILI incidence",2026-09-27,2,"SK","quantile","0.2",32.508468661806
2026-09-23,"ILI incidence",2026-09-27,2,"SK","quantile","0.25",44.894587639652
2026-09-23,"ILI incidence",2026-09-27,2,"SK","quantile","0.3",54.8338677555158
2026-09-23,"ILI incidence",2026-09-27,2,"SK","quantile","0.35",64.9860812655919
2026-09-23,"ILI incidence",2026-09-27,2,"SK","quantile","0.4",74.9856984723896
2026-09-23,"ILI incidence",2026-09-27,2,"SK","quantile","0.45",84.349526535663
2026-09-23,"ILI incidence",2026-09-27,2,"SK","quantile","0.5",94.0231719261964
2026-09-23,"ILI incidence",2026-09-27,2,"SK","quantile","0.55",104.198882982148
2026-09-23,"ILI incidence",2026-09-27,2,"SK","quantile","0.6",113.783980056931
2026-09-23,"ILI incidence",2026-09-27,2,"SK","quantile","0.65",124.103895646821
2026-09-23,"ILI incidence",2026-09-27,2,"SK","quantile","0.7",134.673699404527
2026-09-23,"ILI incidence",2026-09-27,2,"SK","quantile","0.75",145.317946137507
2026-09-23,"ILI incidence",2026-09-27,2,"SK","quantile","0.8",157.388248558373
2026-09-23,"ILI incidence",2026-09-27,2,"SK","quantile","0.85",171.097216546794
2026-09-23,"ILI incidence",2026-09-27,2,"SK","quantile","0.9",188.059283965208
2026-09-23,"ILI incidence",2026-09-27,2,"SK","quantile","0.95",213.396686126128
2026-09-23,"ILI incidence",2026-09-27,2,"SK","quantile","0.975",238.485483763409
2026-09-23,"ILI incidence",2026-09-27,2,"SK","quantile","0.99",265.246849156353
2026-09-23,"ILI incidence",2026-10-04,3,"SK","median","",106.621546337976
2026-09-23,"ILI incidence",2026-10-04,3,"SK","quantile","0.01",0
2026-09-23,"ILI incidence",2026-10-04,3,"SK","quantile","0.025",0
2026-09-23,"ILI incidence",2026-10-04,3,"SK","quantile","0.05",0
2026-09-23,"ILI incidence",2026-10-04,3,"SK","quantile","0.1",0
2026-09-23,"ILI incidence",2026-10-04,3,"SK","quantile","0.15",11.4757711968668
2026-09-23,"ILI incidence",2026-10-04,3,"SK","quantile","0.2",29.9808171661898
2026-09-23,"ILI incidence",2026-10-04,3,"SK","quantile","0.25",44.3706034583378
2026-09-23,"ILI incidence",2026-10-04,3,"SK","quantile","0.3",58.3869922329588
2026-09-23,"ILI incidence",2026-10-04,3,"SK","quantile","0.35",71.2077370009366
2026-09-23,"ILI incidence",2026-10-04,3,"SK","quantile","0.4",81.812537667342
2026-09-23,"ILI incidence",2026-10-04,3,"SK","quantile","0.45",93.8616229857448
2026-09-23,"ILI incidence",2026-10-04,3,"SK","quantile","0.5",104.961068075595
2026-09-23,"ILI incidence",2026-10-04,3,"SK","quantile","0.55",116.353901000274
2026-09-23,"ILI incidence",2026-10-04,3,"SK","quantile","0.6",128.684044175401
2026-09-23,"ILI incidence",2026-10-04,3,"SK","quantile","0.65",141.128852014836
2026-09-23,"ILI incidence",2026-10-04,3,"SK","quantile","0.7",155.321099997528
2026-09-23,"ILI incidence",2026-10-04,3,"SK","quantile","0.75",169.367017917235
2026-09-23,"ILI incidence",2026-10-04,3,"SK","quantile","0.8",184.718340189265
2026-09-23,"ILI incidence",2026-10-04,3,"SK","quantile","0.85",201.316568613502
2026-09-23,"ILI incidence",2026-10-04,3,"SK","quantile","0.9",223.999275624645
2026-09-23,"ILI incidence",2026-10-04,3,"SK","quantile","0.95",256.800249483594
2026-09-23,"ILI incidence",2026-10-04,3,"SK","quantile","0.975",286.979683559245
2026-09-23,"ILI incidence",2026-10-04,3,"SK","quantile","0.99",322.222130577307
2026-09-23,"ILI incidence",2026-10-11,4,"SK","median","",116.327050206847
2026-09-23,"ILI incidence",2026-10-11,4,"SK","quantile","0.01",0
2026-09-23,"ILI incidence",2026-10-11,4,"SK","quantile","0.025",0
2026-09-23,"ILI incidence",2026-10-11,4,"SK","quantile","0.05",0
2026-09-23,"ILI incidence",2026-10-11,4,"SK","quantile","0.1",0
2026-09-23,"ILI incidence",2026-10-11,4,"SK","quantile","0.15",10.0894733364703
2026-09-23,"ILI incidence",2026-10-11,4,"SK","quantile","0.2",29.359091909565
2026-09-23,"ILI incidence",2026-10-11,4,"SK","quantile","0.25",46.0374909160932
2026-09-23,"ILI incidence",2026-10-11,4,"SK","quantile","0.3",61.6579689386958
2026-09-23,"ILI incidence",2026-10-11,4,"SK","quantile","0.35",76.3386206704229
2026-09-23,"ILI incidence",2026-10-11,4,"SK","quantile","0.4",89.9582995131388
2026-09-23,"ILI incidence",2026-10-11,4,"SK","quantile","0.45",102.383986511115
2026-09-23,"ILI incidence",2026-10-11,4,"SK","quantile","0.5",115.546830057699
2026-09-23,"ILI incidence",2026-10-11,4,"SK","quantile","0.55",127.800976524591
2026-09-23,"ILI incidence",2026-10-11,4,"SK","quantile","0.6",141.563144764238
2026-09-23,"ILI incidence",2026-10-11,4,"SK","quantile","0.65",155.073732812311
2026-09-23,"ILI incidence",2026-10-11,4,"SK","quantile","0.7",169.887642998262
2026-09-23,"ILI incidence",2026-10-11,4,"SK","quantile","0.75",185.713684327051
2026-09-23,"ILI incidence",2026-10-11,4,"SK","quantile","0.8",203.056712989792
2026-09-23,"ILI incidence",2026-10-11,4,"SK","quantile","0.85",222.899904758717
2026-09-23,"ILI incidence",2026-10-11,4,"SK","quantile","0.9",248.498647939368
2026-09-23,"ILI incidence",2026-10-11,4,"SK","quantile","0.95",287.11556937288
2026-09-23,"ILI incidence",2026-10-11,4,"SK","quantile","0.975",320.92391784247
2026-09-23,"ILI incidence",2026-10-11,4,"SK","quantile","0.99",359.726863324725
