origin_date,target,target_end_date,horizon,location,output_type,output_type_id,value
2026-09-02,ILI incidence,2026-08-30,1,BE,quantile,0.6,33.14318697431171
2026-09-02,ILI incidence,2026-08-30,1,BE,quantile,0.5,29.498148736357805
2026-09-02,ILI incidence,2026-08-30,1,BE,quantile,0.55,31.24787028458914
2026-09-02,ILI incidence,2026-08-30,1,BE,quantile,0.75,40.263277616269264
2026-09-02,ILI incidence,2026-08-30,1,BE,quantile,0.65,35.29608806342918
2026-09-02,ILI incidence,2026-08-30,1,BE,quantile,0.8,43.424949815074584
2026-09-02,ILI incidence,2026-08-30,1,BE,quantile,0.9,53.649632256464514
2026-09-02,ILI incidence,2026-08-30,1,BE,quantile,0.7,37.518451601698764
2026-09-02,ILI incidence,2026-08-30,1,BE,quantile,0.45,27.862584819306267
2026-09-02,ILI incidence,2026-08-30,1,BE,quantile,0.85,47.53797482468829
2026-09-02,ILI incidence,2026-08-30,1,BE,quantile,0.975,73.31062821632007
2026-09-02,ILI incidence,2026-08-30,1,BE,quantile,0.1,15.810646467552852
2026-09-02,ILI incidence,2026-08-30,1,BE,quantile,0.15,17.93329037785933
2026-09-02,ILI incidence,2026-08-30,1,BE,quantile,0.25,21.37450656567274
2026-09-02,ILI incidence,2026-08-30,1,BE,quantile,0.35,24.629574407559495
2026-09-02,ILI incidence,2026-08-30,1,BE,quantile,0.4,26.282068031850372
2026-09-02,ILI incidence,2026-08-30,1,BE,quantile,0.3,22.99059290625982
2026-09-02,ILI incidence,2026-08-30,1,BE,quantile,0.025,11.699917651589658
2026-09-02,ILI incidence,2026-08-30,1,BE,quantile,0.2,19.730143712426205
2026-09-02,ILI incidence,2026-08-30,1,BE,quantile,0.95,63.188728651214355
2026-09-02,ILI incidence,2026-08-30,1,BE,quantile,0.05,13.629673417575562
2026-09-02,ILI incidence,2026-08-30,1,BE,quantile,0.99,84.90064886866998
2026-09-02,ILI incidence,2026-08-30,1,BE,quantile,0.01,9.941930547549072
2026-09-02,ILI incidence,2026-08-30,1,BE,median,,29.498148736357805
2026-09-02,ILI incidence,2026-09-06,2,BE,quantile,0.8,40.156181215181824
2026-09-02,ILI incidence,2026-09-06,2,BE,quantile,0.95,53.7551220940231
2026-09-02,ILI incidence,2026-09-06,2,BE,quantile,0.85,43.16427135545324
2026-09-02,ILI incidence,2026-09-06,2,BE,quantile,0.7,35.681235527936316
2026-09-02,ILI incidence,2026-09-06,2,BE,quantile,0.65,33.92839647500685
2026-09-02,ILI incidence,2026-09-06,2,BE,quantile,0.75,37.56250330897397
2026-09-02,ILI incidence,2026-09-06,2,BE,quantile,0.9,47.10834761724976
2026-09-02,ILI incidence,2026-09-06,2,BE,quantile,0.6,32.197747042918664
2026-09-02,ILI incidence,2026-09-06,2,BE,quantile,0.55,30.65023217215365
2026-09-02,ILI incidence,2026-09-06,2,BE,quantile,0.99,68.45623898806194
2026-09-02,ILI incidence,2026-09-06,2,BE,quantile,0.25,22.772925358083413
2026-09-02,ILI incidence,2026-09-06,2,BE,quantile,0.5,29.26073325741086
2026-09-02,ILI incidence,2026-09-06,2,BE,quantile,0.975,60.09661539294809
2026-09-02,ILI incidence,2026-09-06,2,BE,quantile,0.15,19.825706265372983
2026-09-02,ILI incidence,2026-09-06,2,BE,quantile,0.3,24.0679213714072
2026-09-02,ILI incidence,2026-09-06,2,BE,quantile,0.45,27.94793413299447
2026-09-02,ILI incidence,2026-09-06,2,BE,quantile,0.1,18.192137871808796
2026-09-02,ILI incidence,2026-09-06,2,BE,quantile,0.05,15.883943174973954
2026-09-02,ILI incidence,2026-09-06,2,BE,quantile,0.4,26.590204243318997
2026-09-02,ILI incidence,2026-09-06,2,BE,quantile,0.2,21.293041343827127
2026-09-02,ILI incidence,2026-09-06,2,BE,quantile,0.35,25.32533280806981
2026-09-02,ILI incidence,2026-09-06,2,BE,quantile,0.025,14.244500491225985
2026-09-02,ILI incidence,2026-09-06,2,BE,quantile,0.01,12.338501274892986
2026-09-02,ILI incidence,2026-09-06,2,BE,median,,29.26073325741086
2026-09-02,ILI incidence,2026-09-13,3,BE,quantile,0.75,44.249915981372084
2026-09-02,ILI incidence,2026-09-13,3,BE,quantile,0.55,34.768935767877394
2026-09-02,ILI incidence,2026-09-13,3,BE,quantile,0.5,32.751336596709784
2026-09-02,ILI incidence,2026-09-13,3,BE,quantile,0.6,36.72669939465183
2026-09-02,ILI incidence,2026-09-13,3,BE,quantile,0.65,39.01691934275043
2026-09-02,ILI incidence,2026-09-13,3,BE,quantile,0.7,41.636689342883535
2026-09-02,ILI incidence,2026-09-13,3,BE,quantile,0.3,25.527366615041988
2026-09-02,ILI incidence,2026-09-13,3,BE,quantile,0.15,20.176524062189387
2026-09-02,ILI incidence,2026-09-13,3,BE,quantile,0.4,28.971344051160266
2026-09-02,ILI incidence,2026-09-13,3,BE,quantile,0.45,30.785478835170913
2026-09-02,ILI incidence,2026-09-13,3,BE,quantile,0.1,18.071130247266858
2026-09-02,ILI incidence,2026-09-13,3,BE,quantile,0.05,15.22763044281237
2026-09-02,ILI incidence,2026-09-13,3,BE,quantile,0.25,23.87492566548161
2026-09-02,ILI incidence,2026-09-13,3,BE,quantile,0.2,22.053621230770098
2026-09-02,ILI incidence,2026-09-13,3,BE,quantile,0.025,13.325844174855073
2026-09-02,ILI incidence,2026-09-13,3,BE,quantile,0.35,27.312267281474686
2026-09-02,ILI incidence,2026-09-13,3,BE,quantile,0.01,11.690175316233924
2026-09-02,ILI incidence,2026-09-13,3,BE,quantile,0.8,47.435503425803056
2026-09-02,ILI incidence,2026-09-13,3,BE,quantile,0.85,51.74456310797558
2026-09-02,ILI incidence,2026-09-13,3,BE,quantile,0.975,78.11730392426193
2026-09-02,ILI incidence,2026-09-13,3,BE,quantile,0.99,91.64621881821436
2026-09-02,ILI incidence,2026-09-13,3,BE,quantile,0.9,58.07047313828052
2026-09-02,ILI incidence,2026-09-13,3,BE,quantile,0.95,68.00736917240148
2026-09-02,ILI incidence,2026-09-13,3,BE,median,,32.751336596709784
2026-09-02,ILI incidence,2026-09-20,4,BE,quantile,0.975,163.25310630939927
2026-09-02,ILI incidence,2026-09-20,4,BE,quantile,0.99,226.15236483689273
2026-09-02,ILI incidence,2026-09-20,4,BE,quantile,0.95,128.27777787287704
2026-09-02,ILI incidence,2026-09-20,4,BE,quantile,0.9,97.39156086154378
2026-09-02,ILI incidence,2026-09-20,4,BE,quantile,0.4,29.18606039473356
2026-09-02,ILI incidence,2026-09-20,4,BE,quantile,0.85,81.15444421159022
2026-09-02,ILI incidence,2026-09-20,4,BE,quantile,0.7,54.6292488270941
2026-09-02,ILI incidence,2026-09-20,4,BE,quantile,0.3,23.468094678511854
2026-09-02,ILI incidence,2026-09-20,4,BE,quantile,0.6,44.06958226054874
2026-09-02,ILI incidence,2026-09-20,4,BE,quantile,0.8,69.2300425451311
2026-09-02,ILI incidence,2026-09-20,4,BE,quantile,0.55,39.60661965920683
2026-09-02,ILI incidence,2026-09-20,4,BE,quantile,0.5,36.07120880852748
2026-09-02,ILI incidence,2026-09-20,4,BE,quantile,0.35,26.467984145303276
2026-09-02,ILI incidence,2026-09-20,4,BE,quantile,0.15,16.05920706479326
2026-09-02,ILI incidence,2026-09-20,4,BE,quantile,0.75,61.624616805804415
2026-09-02,ILI incidence,2026-09-20,4,BE,quantile,0.2,18.489626669061998
2026-09-02,ILI incidence,2026-09-20,4,BE,quantile,0.65,48.76959055034429
2026-09-02,ILI incidence,2026-09-20,4,BE,quantile,0.45,32.42144179995938
2026-09-02,ILI incidence,2026-09-20,4,BE,quantile,0.25,21.0352480234384
2026-09-02,ILI incidence,2026-09-20,4,BE,quantile,0.05,9.945458083735469
2026-09-02,ILI incidence,2026-09-20,4,BE,quantile,0.1,13.29695584661239
2026-09-02,ILI incidence,2026-09-20,4,BE,quantile,0.025,7.948408991387898
2026-09-02,ILI incidence,2026-09-20,4,BE,quantile,0.01,5.997794773322501
2026-09-02,ILI incidence,2026-09-20,4,BE,median,,36.07120880852748
2026-09-02,ILI incidence,2026-08-30,1,CH,quantile,0.01,2.8826173655541316
2026-09-02,ILI incidence,2026-08-30,1,CH,quantile,0.05,3.8872499515375343
2026-09-02,ILI incidence,2026-08-30,1,CH,quantile,0.025,3.410966726936526
2026-09-02,ILI incidence,2026-08-30,1,CH,quantile,0.5,8.050749718946689
2026-09-02,ILI incidence,2026-08-30,1,CH,quantile,0.25,6.041920672539554
2026-09-02,ILI incidence,2026-08-30,1,CH,quantile,0.4,7.24430899883359
2026-09-02,ILI incidence,2026-08-30,1,CH,quantile,0.1,4.563406605586579
2026-09-02,ILI incidence,2026-08-30,1,CH,quantile,0.45,7.655260253987258
2026-09-02,ILI incidence,2026-08-30,1,CH,quantile,0.15,5.112853866692964
2026-09-02,ILI incidence,2026-08-30,1,CH,quantile,0.3,6.450717257405026
2026-09-02,ILI incidence,2026-08-30,1,CH,quantile,0.6,9.023979469520619
2026-09-02,ILI incidence,2026-08-30,1,CH,quantile,0.2,5.595490841111508
2026-09-02,ILI incidence,2026-08-30,1,CH,quantile,0.55,8.522145747020478
2026-09-02,ILI incidence,2026-08-30,1,CH,quantile,0.35,6.856762815199641
2026-09-02,ILI incidence,2026-08-30,1,CH,quantile,0.65,9.568184694395253
2026-09-02,ILI incidence,2026-08-30,1,CH,quantile,0.7,10.172142043401413
2026-09-02,ILI incidence,2026-08-30,1,CH,quantile,0.75,10.864321777915817
2026-09-02,ILI incidence,2026-08-30,1,CH,quantile,0.8,11.705448317199657
2026-09-02,ILI incidence,2026-08-30,1,CH,quantile,0.99,22.815701361590854
2026-09-02,ILI incidence,2026-08-30,1,CH,quantile,0.975,18.726151409815902
2026-09-02,ILI incidence,2026-08-30,1,CH,quantile,0.95,16.57598261752435
2026-09-02,ILI incidence,2026-08-30,1,CH,quantile,0.85,12.688493696351458
2026-09-02,ILI incidence,2026-08-30,1,CH,quantile,0.9,14.13305401303814
2026-09-02,ILI incidence,2026-08-30,1,CH,median,,8.050749718946689
2026-09-02,ILI incidence,2026-09-06,2,CH,quantile,0.1,5.767597837677681
2026-09-02,ILI incidence,2026-09-06,2,CH,quantile,0.15,6.166786907872244
2026-09-02,ILI incidence,2026-09-06,2,CH,quantile,0.65,9.18401141886466
2026-09-02,ILI incidence,2026-09-06,2,CH,quantile,0.6,8.851578808728494
2026-09-02,ILI incidence,2026-09-06,2,CH,quantile,0.025,4.806238493352167
2026-09-02,ILI incidence,2026-09-06,2,CH,quantile,0.01,4.315791205478379
2026-09-02,ILI incidence,2026-09-06,2,CH,quantile,0.05,5.2504276908217165
2026-09-02,ILI incidence,2026-09-06,2,CH,quantile,0.3,7.142377212031222
2026-09-02,ILI incidence,2026-09-06,2,CH,quantile,0.5,8.244994221320407
2026-09-02,ILI incidence,2026-09-06,2,CH,quantile,0.55,8.540012395188839
2026-09-02,ILI incidence,2026-09-06,2,CH,quantile,0.35,7.416655809708007
2026-09-02,ILI incidence,2026-09-06,2,CH,quantile,0.4,7.693707718417955
2026-09-02,ILI incidence,2026-09-06,2,CH,quantile,0.45,7.975054401384709
2026-09-02,ILI incidence,2026-09-06,2,CH,quantile,0.25,6.844252783414019
2026-09-02,ILI incidence,2026-09-06,2,CH,quantile,0.2,6.526627257857714
2026-09-02,ILI incidence,2026-09-06,2,CH,quantile,0.7,9.524962027389819
2026-09-02,ILI incidence,2026-09-06,2,CH,quantile,0.8,10.395205070661515
2026-09-02,ILI incidence,2026-09-06,2,CH,quantile,0.75,9.935613135214663
2026-09-02,ILI incidence,2026-09-06,2,CH,quantile,0.85,10.982380390401737
2026-09-02,ILI incidence,2026-09-06,2,CH,quantile,0.95,13.001807900347782
2026-09-02,ILI incidence,2026-09-06,2,CH,quantile,0.975,14.248461231293787
2026-09-02,ILI incidence,2026-09-06,2,CH,quantile,0.9,11.791553853093694
2026-09-02,ILI incidence,2026-09-06,2,CH,quantile,0.99,15.839018134585322
2026-09-02,ILI incidence,2026-09-06,2,CH,median,,8.244994221320407
2026-09-02,ILI incidence,2026-09-13,3,CH,quantile,0.45,8.15998385148032
2026-09-02,ILI incidence,2026-09-13,3,CH,quantile,0.5,8.515016974978865
2026-09-02,ILI incidence,2026-09-13,3,CH,quantile,0.65,9.738647594888782
2026-09-02,ILI incidence,2026-09-13,3,CH,quantile,0.6,9.317240326409886
2026-09-02,ILI incidence,2026-09-13,3,CH,quantile,0.99,19.087236193699344
2026-09-02,ILI incidence,2026-09-13,3,CH,quantile,0.35,7.435064065225504
2026-09-02,ILI incidence,2026-09-13,3,CH,quantile,0.4,7.7847261092782585
2026-09-02,ILI incidence,2026-09-13,3,CH,quantile,0.25,6.732573862436475
2026-09-02,ILI incidence,2026-09-13,3,CH,quantile,0.975,16.655308263916346
2026-09-02,ILI incidence,2026-09-13,3,CH,quantile,0.01,3.7660042489349874
2026-09-02,ILI incidence,2026-09-13,3,CH,quantile,0.2,6.360543025269896
2026-09-02,ILI incidence,2026-09-13,3,CH,quantile,0.05,4.837813956796619
2026-09-02,ILI incidence,2026-09-13,3,CH,quantile,0.85,12.2660582327083
2026-09-02,ILI incidence,2026-09-13,3,CH,quantile,0.55,8.89187692619707
2026-09-02,ILI incidence,2026-09-13,3,CH,quantile,0.95,15.029503289126325
2026-09-02,ILI incidence,2026-09-13,3,CH,quantile,0.8,11.449828446777131
2026-09-02,ILI incidence,2026-09-13,3,CH,quantile,0.3,7.078711194644182
2026-09-02,ILI incidence,2026-09-13,3,CH,quantile,0.75,10.795331188252542
2026-09-02,ILI incidence,2026-09-13,3,CH,quantile,0.7,10.225113199548154
2026-09-02,ILI incidence,2026-09-13,3,CH,quantile,0.025,4.306697279012356
2026-09-02,ILI incidence,2026-09-13,3,CH,quantile,0.9,13.320661374859162
2026-09-02,ILI incidence,2026-09-13,3,CH,quantile,0.15,5.955086592954246
2026-09-02,ILI incidence,2026-09-13,3,CH,quantile,0.1,5.466206837382716
2026-09-02,ILI incidence,2026-09-13,3,CH,median,,8.515016974978865
2026-09-02,ILI incidence,2026-09-20,4,CH,quantile,0.1,5.765796554732473
2026-09-02,ILI incidence,2026-09-20,4,CH,quantile,0.05,4.960745897488537
2026-09-02,ILI incidence,2026-09-20,4,CH,quantile,0.01,3.747041687975556
2026-09-02,ILI incidence,2026-09-20,4,CH,quantile,0.9,15.620921245833554
2026-09-02,ILI incidence,2026-09-20,4,CH,quantile,0.025,4.387368534067983
2026-09-02,ILI incidence,2026-09-20,4,CH,quantile,0.85,14.112963627270311
2026-09-02,ILI incidence,2026-09-20,4,CH,quantile,0.95,17.84916732107868
2026-09-02,ILI incidence,2026-09-20,4,CH,quantile,0.8,13.124869478766112
2026-09-02,ILI incidence,2026-09-20,4,CH,quantile,0.975,20.217487969275215
2026-09-02,ILI incidence,2026-09-20,4,CH,quantile,0.75,12.293168805662777
2026-09-02,ILI incidence,2026-09-20,4,CH,quantile,0.7,11.596616882802689
2026-09-02,ILI incidence,2026-09-20,4,CH,quantile,0.55,9.89602417999974
2026-09-02,ILI incidence,2026-09-20,4,CH,quantile,0.65,10.989831987240642
2026-09-02,ILI incidence,2026-09-20,4,CH,quantile,0.99,23.05839536324773
2026-09-02,ILI incidence,2026-09-20,4,CH,quantile,0.6,10.424476089806632
2026-09-02,ILI incidence,2026-09-20,4,CH,quantile,0.3,7.683024961688625
2026-09-02,ILI incidence,2026-09-20,4,CH,quantile,0.25,7.252492428312756
2026-09-02,ILI incidence,2026-09-20,4,CH,quantile,0.35,8.130898479275793
2026-09-02,ILI incidence,2026-09-20,4,CH,quantile,0.5,9.439432396665786
2026-09-02,ILI incidence,2026-09-20,4,CH,quantile,0.2,6.795375753608763
2026-09-02,ILI incidence,2026-09-20,4,CH,quantile,0.45,8.980477955900357
2026-09-02,ILI incidence,2026-09-20,4,CH,quantile,0.15,6.319423694301321
2026-09-02,ILI incidence,2026-09-20,4,CH,quantile,0.4,8.550432301977576
2026-09-02,ILI incidence,2026-09-20,4,CH,median,,9.439432396665786
2026-09-02,ILI incidence,2026-08-30,1,DK,quantile,0.025,33.946644893448116
2026-09-02,ILI incidence,2026-08-30,1,DK,quantile,0.01,30.36375475101669
2026-09-02,ILI incidence,2026-08-30,1,DK,quantile,0.45,62.35050935707743
2026-09-02,ILI incidence,2026-08-30,1,DK,quantile,0.1,42.472707551176754
2026-09-02,ILI incidence,2026-08-30,1,DK,quantile,0.25,51.81998255609206
2026-09-02,ILI incidence,2026-08-30,1,DK,quantile,0.3,54.554319345577625
2026-09-02,ILI incidence,2026-08-30,1,DK,quantile,0.35,57.02260304658678
2026-09-02,ILI incidence,2026-08-30,1,DK,quantile,0.7,77.89092010582561
2026-09-02,ILI incidence,2026-08-30,1,DK,quantile,0.4,59.73671964528191
2026-09-02,ILI incidence,2026-08-30,1,DK,quantile,0.2,48.92116727003477
2026-09-02,ILI incidence,2026-08-30,1,DK,quantile,0.15,45.771383769209436
2026-09-02,ILI incidence,2026-08-30,1,DK,quantile,0.75,81.96239641739011
2026-09-02,ILI incidence,2026-08-30,1,DK,quantile,0.8,86.60380408604163
2026-09-02,ILI incidence,2026-08-30,1,DK,quantile,0.85,92.7948332856823
2026-09-02,ILI incidence,2026-08-30,1,DK,quantile,0.9,101.73707727765104
2026-09-02,ILI incidence,2026-08-30,1,DK,quantile,0.05,37.562826108296825
2026-09-02,ILI incidence,2026-08-30,1,DK,quantile,0.5,65.04657829831879
2026-09-02,ILI incidence,2026-08-30,1,DK,quantile,0.95,115.36713405449318
2026-09-02,ILI incidence,2026-08-30,1,DK,quantile,0.99,146.61813772319826
2026-09-02,ILI incidence,2026-08-30,1,DK,quantile,0.55,67.77068560869358
2026-09-02,ILI incidence,2026-08-30,1,DK,quantile,0.6,71.12120280824723
2026-09-02,ILI incidence,2026-08-30,1,DK,quantile,0.65,74.47861240154617
2026-09-02,ILI incidence,2026-08-30,1,DK,quantile,0.975,129.37240209423808
2026-09-02,ILI incidence,2026-08-30,1,DK,median,,65.04657829831879
2026-09-02,ILI incidence,2026-09-06,2,DK,quantile,0.9,61.80229072002263
2026-09-02,ILI incidence,2026-09-06,2,DK,quantile,0.85,56.070296356512806
2026-09-02,ILI incidence,2026-09-06,2,DK,quantile,0.6,40.749276878862666
2026-09-02,ILI incidence,2026-09-06,2,DK,quantile,0.975,80.76885375777758
2026-09-02,ILI incidence,2026-09-06,2,DK,quantile,0.7,45.40761084114958
2026-09-02,ILI incidence,2026-09-06,2,DK,quantile,0.95,71.8847407158359
2026-09-02,ILI incidence,2026-09-06,2,DK,quantile,0.5,36.83306516317677
2026-09-02,ILI incidence,2026-09-06,2,DK,quantile,0.55,38.797026638530824
2026-09-02,ILI incidence,2026-09-06,2,DK,quantile,0.4,33.451059895882466
2026-09-02,ILI incidence,2026-09-06,2,DK,quantile,0.99,92.50086947179035
2026-09-02,ILI incidence,2026-09-06,2,DK,quantile,0.8,51.70070659724259
2026-09-02,ILI incidence,2026-09-06,2,DK,quantile,0.75,48.299508718969435
2026-09-02,ILI incidence,2026-09-06,2,DK,quantile,0.65,42.97520234239807
2026-09-02,ILI incidence,2026-09-06,2,DK,quantile,0.01,14.360428610057683
2026-09-02,ILI incidence,2026-09-06,2,DK,quantile,0.2,26.315919449720973
2026-09-02,ILI incidence,2026-09-06,2,DK,quantile,0.1,21.933558421332695
2026-09-02,ILI incidence,2026-09-06,2,DK,quantile,0.25,28.173121543925767
2026-09-02,ILI incidence,2026-09-06,2,DK,quantile,0.45,35.03586590086603
2026-09-02,ILI incidence,2026-09-06,2,DK,quantile,0.025,16.538862691203736
2026-09-02,ILI incidence,2026-09-06,2,DK,quantile,0.05,18.889760140775678
2026-09-02,ILI incidence,2026-09-06,2,DK,quantile,0.35,31.759902199680017
2026-09-02,ILI incidence,2026-09-06,2,DK,quantile,0.3,29.936487561302496
2026-09-02,ILI incidence,2026-09-06,2,DK,quantile,0.15,24.162248684422682
2026-09-02,ILI incidence,2026-09-06,2,DK,median,,36.83306516317677
2026-09-02,ILI incidence,2026-09-13,3,DK,quantile,0.25,36.23137212855578
2026-09-02,ILI incidence,2026-09-13,3,DK,quantile,0.35,41.35027987586465
2026-09-02,ILI incidence,2026-09-13,3,DK,quantile,0.3,38.80778042782149
2026-09-02,ILI incidence,2026-09-13,3,DK,quantile,0.4,43.912273758718044
2026-09-02,ILI incidence,2026-09-13,3,DK,quantile,0.45,46.611601277764294
2026-09-02,ILI incidence,2026-09-13,3,DK,quantile,0.5,49.28383492372845
2026-09-02,ILI incidence,2026-09-13,3,DK,quantile,0.55,52.085755626019456
2026-09-02,ILI incidence,2026-09-13,3,DK,quantile,0.99,147.3566284878451
2026-09-02,ILI incidence,2026-09-13,3,DK,quantile,0.975,122.88529508418983
2026-09-02,ILI incidence,2026-09-13,3,DK,quantile,0.9,87.91515127159099
2026-09-02,ILI incidence,2026-09-13,3,DK,quantile,0.95,103.98649899221151
2026-09-02,ILI incidence,2026-09-13,3,DK,quantile,0.6,54.934813790775
2026-09-02,ILI incidence,2026-09-13,3,DK,quantile,0.8,71.70177821593363
2026-09-02,ILI incidence,2026-09-13,3,DK,quantile,0.85,78.4340004407361
2026-09-02,ILI incidence,2026-09-13,3,DK,quantile,0.2,33.4842509457701
2026-09-02,ILI incidence,2026-09-13,3,DK,quantile,0.025,20.14730544819679
2026-09-02,ILI incidence,2026-09-13,3,DK,quantile,0.1,27.34609532691425
2026-09-02,ILI incidence,2026-09-13,3,DK,quantile,0.15,30.43229745220365
2026-09-02,ILI incidence,2026-09-13,3,DK,quantile,0.01,16.913152874572976
2026-09-02,ILI incidence,2026-09-13,3,DK,quantile,0.75,66.70162367998441
2026-09-02,ILI incidence,2026-09-13,3,DK,quantile,0.05,23.07200518288742
2026-09-02,ILI incidence,2026-09-13,3,DK,quantile,0.7,62.42143063285138
2026-09-02,ILI incidence,2026-09-13,3,DK,quantile,0.65,58.24020487478826
2026-09-02,ILI incidence,2026-09-13,3,DK,median,,49.28383492372845
2026-09-02,ILI incidence,2026-09-20,4,DK,quantile,0.3,46.31627423747865
2026-09-02,ILI incidence,2026-09-20,4,DK,quantile,0.025,33.842494288049366
2026-09-02,ILI incidence,2026-09-20,4,DK,quantile,0.01,31.47935128191705
2026-09-02,ILI incidence,2026-09-20,4,DK,quantile,0.15,41.33147301473328
2026-09-02,ILI incidence,2026-09-20,4,DK,quantile,0.05,36.51292964734647
2026-09-02,ILI incidence,2026-09-20,4,DK,quantile,0.25,44.8833154492891
2026-09-02,ILI incidence,2026-09-20,4,DK,quantile,0.2,43.22054575799893
2026-09-02,ILI incidence,2026-09-20,4,DK,quantile,0.35,47.90986780182205
2026-09-02,ILI incidence,2026-09-20,4,DK,quantile,0.1,39.30172464806379
2026-09-02,ILI incidence,2026-09-20,4,DK,quantile,0.5,52.2065727346909
2026-09-02,ILI incidence,2026-09-20,4,DK,quantile,0.45,50.79221230997048
2026-09-02,ILI incidence,2026-09-20,4,DK,quantile,0.4,49.28949100017084
2026-09-02,ILI incidence,2026-09-20,4,DK,quantile,0.55,53.728512208812276
2026-09-02,ILI incidence,2026-09-20,4,DK,quantile,0.65,57.07063986701743
2026-09-02,ILI incidence,2026-09-20,4,DK,quantile,0.6,55.36206412280711
2026-09-02,ILI incidence,2026-09-20,4,DK,quantile,0.99,89.30456945228427
2026-09-02,ILI incidence,2026-09-20,4,DK,quantile,0.975,82.60876597291686
2026-09-02,ILI incidence,2026-09-20,4,DK,quantile,0.95,76.12809190877519
2026-09-02,ILI incidence,2026-09-20,4,DK,quantile,0.85,66.16912009902153
2026-09-02,ILI incidence,2026-09-20,4,DK,quantile,0.9,69.87801003046046
2026-09-02,ILI incidence,2026-09-20,4,DK,quantile,0.8,63.24352128630525
2026-09-02,ILI incidence,2026-09-20,4,DK,quantile,0.75,61.023005798901735
2026-09-02,ILI incidence,2026-09-20,4,DK,quantile,0.7,58.94234273113143
2026-09-02,ILI incidence,2026-09-20,4,DK,median,,52.2065727346909
2026-09-02,ILI incidence,2026-08-30,1,EE,quantile,0.99,12.06201784430927
2026-09-02,ILI incidence,2026-08-30,1,EE,quantile,0.95,11.507943020004177
2026-09-02,ILI incidence,2026-08-30,1,EE,quantile,0.975,11.753571097736645
2026-09-02,ILI incidence,2026-08-30,1,EE,quantile,0.9,11.200761457506639
2026-09-02,ILI incidence,2026-08-30,1,EE,quantile,0.85,11.011046422563362
2026-09-02,ILI incidence,2026-08-30,1,EE,quantile,0.75,10.729645082105497
2026-09-02,ILI incidence,2026-08-30,1,EE,quantile,0.8,10.861295195049497
2026-09-02,ILI incidence,2026-08-30,1,EE,quantile,0.6,10.419872852399326
2026-09-02,ILI incidence,2026-08-30,1,EE,quantile,0.7,10.616846789338657
2026-09-02,ILI incidence,2026-08-30,1,EE,quantile,0.55,10.322407024712152
2026-09-02,ILI incidence,2026-08-30,1,EE,quantile,0.65,10.511106626639702
2026-09-02,ILI incidence,2026-08-30,1,EE,quantile,0.05,9.118320632197474
2026-09-02,ILI incidence,2026-08-30,1,EE,quantile,0.5,10.234475848460049
2026-09-02,ILI incidence,2026-08-30,1,EE,quantile,0.01,8.707744900814077
2026-09-02,ILI incidence,2026-08-30,1,EE,quantile,0.1,9.366605739768326
2026-09-02,ILI incidence,2026-08-30,1,EE,quantile,0.025,8.924297734500094
2026-09-02,ILI incidence,2026-08-30,1,EE,quantile,0.35,9.9607714327216
2026-09-02,ILI incidence,2026-08-30,1,EE,quantile,0.15,9.526208592444052
2026-09-02,ILI incidence,2026-08-30,1,EE,quantile,0.2,9.64584814781336
2026-09-02,ILI incidence,2026-08-30,1,EE,quantile,0.45,10.1414418927858
2026-09-02,ILI incidence,2026-08-30,1,EE,quantile,0.25,9.75698396617352
2026-09-02,ILI incidence,2026-08-30,1,EE,quantile,0.4,10.047868042034196
2026-09-02,ILI incidence,2026-08-30,1,EE,quantile,0.3,9.856938047719176
2026-09-02,ILI incidence,2026-08-30,1,EE,median,,10.234475848460049
2026-09-02,ILI incidence,2026-09-06,2,EE,quantile,0.65,6.640481401434916
2026-09-02,ILI incidence,2026-09-06,2,EE,quantile,0.5,4.048847459738582
2026-09-02,ILI incidence,2026-09-06,2,EE,quantile,0.35,2.4901724068988287
2026-09-02,ILI incidence,2026-09-06,2,EE,quantile,0.3,2.081586820716542
2026-09-02,ILI incidence,2026-09-06,2,EE,quantile,0.45,3.481475280485183
2026-09-02,ILI incidence,2026-09-06,2,EE,quantile,0.7,7.852716037323333
2026-09-02,ILI incidence,2026-09-06,2,EE,quantile,0.55,4.749546778802099
2026-09-02,ILI incidence,2026-09-06,2,EE,quantile,0.9,20.86508098176728
2026-09-02,ILI incidence,2026-09-06,2,EE,quantile,0.95,34.40397038593784
2026-09-02,ILI incidence,2026-09-06,2,EE,quantile,0.2,1.3974786222180746
2026-09-02,ILI incidence,2026-09-06,2,EE,quantile,0.15,1.0986576525646516
2026-09-02,ILI incidence,2026-09-06,2,EE,quantile,0.4,2.94348098793851
2026-09-02,ILI incidence,2026-09-06,2,EE,quantile,0.975,52.915192321079644
2026-09-02,ILI incidence,2026-09-06,2,EE,quantile,0.25,1.7326145965886566
2026-09-02,ILI incidence,2026-09-06,2,EE,quantile,0.6,5.598560848798352
2026-09-02,ILI incidence,2026-09-06,2,EE,quantile,0.99,84.9855322771142
2026-09-02,ILI incidence,2026-09-06,2,EE,quantile,0.75,9.484968989187584
2026-09-02,ILI incidence,2026-09-06,2,EE,quantile,0.8,11.695396580621876
2026-09-02,ILI incidence,2026-09-06,2,EE,quantile,0.1,0.774378685129898
2026-09-02,ILI incidence,2026-09-06,2,EE,quantile,0.85,15.001747705223012
2026-09-02,ILI incidence,2026-09-06,2,EE,quantile,0.05,0.495056031678826
2026-09-02,ILI incidence,2026-09-06,2,EE,quantile,0.025,0.3300953501075405
2026-09-02,ILI incidence,2026-09-06,2,EE,quantile,0.01,0.202876049386676
2026-09-02,ILI incidence,2026-09-06,2,EE,median,,4.048847459738582
2026-09-02,ILI incidence,2026-09-13,3,EE,quantile,0.65,28.57046445491128
2026-09-02,ILI incidence,2026-09-13,3,EE,quantile,0.5,18.89917305222372
2026-09-02,ILI incidence,2026-09-13,3,EE,quantile,0.55,21.52950205475532
2026-09-02,ILI incidence,2026-09-13,3,EE,quantile,0.6,24.64473905897561
2026-09-02,ILI incidence,2026-09-13,3,EE,quantile,0.35,12.3637954140926
2026-09-02,ILI incidence,2026-09-13,3,EE,quantile,0.4,14.381059341643391
2026-09-02,ILI incidence,2026-09-13,3,EE,quantile,0.45,16.473413003097985
2026-09-02,ILI incidence,2026-09-13,3,EE,quantile,0.9,73.78868084448843
2026-09-02,ILI incidence,2026-09-13,3,EE,quantile,0.95,107.65826222008835
2026-09-02,ILI incidence,2026-09-13,3,EE,quantile,0.99,240.02889326913512
2026-09-02,ILI incidence,2026-09-13,3,EE,quantile,0.7,33.36309085785648
2026-09-02,ILI incidence,2026-09-13,3,EE,quantile,0.75,39.075014913461125
2026-09-02,ILI incidence,2026-09-13,3,EE,quantile,0.8,46.804504449874806
2026-09-02,ILI incidence,2026-09-13,3,EE,quantile,0.85,57.580444767547945
2026-09-02,ILI incidence,2026-09-13,3,EE,quantile,0.25,9.192524234671527
2026-09-02,ILI incidence,2026-09-13,3,EE,quantile,0.3,10.743549475166096
2026-09-02,ILI incidence,2026-09-13,3,EE,quantile,0.975,155.37884912276525
2026-09-02,ILI incidence,2026-09-13,3,EE,quantile,0.2,7.697644548483243
2026-09-02,ILI incidence,2026-09-13,3,EE,quantile,0.01,1.6505646498925637
2026-09-02,ILI incidence,2026-09-13,3,EE,quantile,0.05,3.113040221798155
2026-09-02,ILI incidence,2026-09-13,3,EE,quantile,0.1,4.618950796229249
2026-09-02,ILI incidence,2026-09-13,3,EE,quantile,0.15,6.018085670054548
2026-09-02,ILI incidence,2026-09-13,3,EE,quantile,0.025,2.281405510785063
2026-09-02,ILI incidence,2026-09-13,3,EE,median,,18.89917305222372
2026-09-02,ILI incidence,2026-09-20,4,EE,quantile,0.25,10.5606358519663
2026-09-02,ILI incidence,2026-09-20,4,EE,quantile,0.2,10.092715898292198
2026-09-02,ILI incidence,2026-09-20,4,EE,quantile,0.1,8.874393035948675
2026-09-02,ILI incidence,2026-09-20,4,EE,quantile,0.025,7.366098722555467
2026-09-02,ILI incidence,2026-09-20,4,EE,quantile,0.05,8.021514486965799
2026-09-02,ILI incidence,2026-09-20,4,EE,quantile,0.15,9.531284008466262
2026-09-02,ILI incidence,2026-09-20,4,EE,quantile,0.01,6.6107463298218745
2026-09-02,ILI incidence,2026-09-20,4,EE,quantile,0.4,11.982052959255563
2026-09-02,ILI incidence,2026-09-20,4,EE,quantile,0.35,11.506424100928214
2026-09-02,ILI incidence,2026-09-20,4,EE,quantile,0.45,12.408736154233285
2026-09-02,ILI incidence,2026-09-20,4,EE,quantile,0.5,12.86612540391366
2026-09-02,ILI incidence,2026-09-20,4,EE,quantile,0.3,11.023621345533616
2026-09-02,ILI incidence,2026-09-20,4,EE,quantile,0.65,14.374561894775805
2026-09-02,ILI incidence,2026-09-20,4,EE,quantile,0.55,13.327243122574814
2026-09-02,ILI incidence,2026-09-20,4,EE,quantile,0.6,13.829515351269057
2026-09-02,ILI incidence,2026-09-20,4,EE,quantile,0.9,18.45213858277824
2026-09-02,ILI incidence,2026-09-20,4,EE,quantile,0.95,20.36720092912246
2026-09-02,ILI incidence,2026-09-20,4,EE,quantile,0.975,22.156575665650195
2026-09-02,ILI incidence,2026-09-20,4,EE,quantile,0.99,24.44336078395825
2026-09-02,ILI incidence,2026-09-20,4,EE,quantile,0.7,14.931892542592546
2026-09-02,ILI incidence,2026-09-20,4,EE,quantile,0.85,17.251606486320785
2026-09-02,ILI incidence,2026-09-20,4,EE,quantile,0.75,15.583036799962358
2026-09-02,ILI incidence,2026-09-20,4,EE,quantile,0.8,16.347718635444508
2026-09-02,ILI incidence,2026-09-20,4,EE,median,,12.86612540391366
2026-09-02,ILI incidence,2026-08-30,1,ES,quantile,0.1,6.40523688340025
2026-09-02,ILI incidence,2026-08-30,1,ES,quantile,0.01,5.31261676242393
2026-09-02,ILI incidence,2026-08-30,1,ES,quantile,0.05,6.002426736258711
2026-09-02,ILI incidence,2026-08-30,1,ES,quantile,0.2,6.949378018033901
2026-09-02,ILI incidence,2026-08-30,1,ES,quantile,0.25,7.158294625151493
2026-09-02,ILI incidence,2026-08-30,1,ES,quantile,0.15,6.70320650711912
2026-09-02,ILI incidence,2026-08-30,1,ES,quantile,0.025,5.671466751893204
2026-09-02,ILI incidence,2026-08-30,1,ES,quantile,0.3,7.365451740053389
2026-09-02,ILI incidence,2026-08-30,1,ES,quantile,0.35,7.549368633589127
2026-09-02,ILI incidence,2026-08-30,1,ES,quantile,0.6,8.507291108154895
2026-09-02,ILI incidence,2026-08-30,1,ES,quantile,0.4,7.748644323237633
2026-09-02,ILI incidence,2026-08-30,1,ES,quantile,0.7,8.965363975234428
2026-09-02,ILI incidence,2026-08-30,1,ES,quantile,0.5,8.109644873217334
2026-09-02,ILI incidence,2026-08-30,1,ES,quantile,0.65,8.73368323076476
2026-09-02,ILI incidence,2026-08-30,1,ES,quantile,0.55,8.310632774318064
2026-09-02,ILI incidence,2026-08-30,1,ES,quantile,0.45,7.920251206983657
2026-09-02,ILI incidence,2026-08-30,1,ES,quantile,0.975,11.666540261051942
2026-09-02,ILI incidence,2026-08-30,1,ES,quantile,0.99,12.533488128570603
2026-09-02,ILI incidence,2026-08-30,1,ES,quantile,0.95,11.010089144178679
2026-09-02,ILI incidence,2026-08-30,1,ES,quantile,0.85,9.832133276279082
2026-09-02,ILI incidence,2026-08-30,1,ES,quantile,0.75,9.20815576586729
2026-09-02,ILI incidence,2026-08-30,1,ES,quantile,0.8,9.480161260843632
2026-09-02,ILI incidence,2026-08-30,1,ES,quantile,0.9,10.320368770475694
2026-09-02,ILI incidence,2026-08-30,1,ES,median,,8.109644873217334
2026-09-02,ILI incidence,2026-09-06,2,ES,quantile,0.35,7.95522828757546
2026-09-02,ILI incidence,2026-09-06,2,ES,quantile,0.55,8.685249263789595
2026-09-02,ILI incidence,2026-09-06,2,ES,quantile,0.5,8.501861632212115
2026-09-02,ILI incidence,2026-09-06,2,ES,quantile,0.45,8.314587016487513
2026-09-02,ILI incidence,2026-09-06,2,ES,quantile,0.6,8.869013458899273
2026-09-02,ILI incidence,2026-09-06,2,ES,quantile,0.65,9.067249023070138
2026-09-02,ILI incidence,2026-09-06,2,ES,quantile,0.7,9.288251413285597
2026-09-02,ILI incidence,2026-09-06,2,ES,quantile,0.8,9.813019446122102
2026-09-02,ILI incidence,2026-09-06,2,ES,quantile,0.9,10.552548924587619
2026-09-02,ILI incidence,2026-09-06,2,ES,quantile,0.85,10.145433435361152
2026-09-02,ILI incidence,2026-09-06,2,ES,quantile,0.95,11.235460248773158
2026-09-02,ILI incidence,2026-09-06,2,ES,quantile,0.75,9.54257683483821
2026-09-02,ILI incidence,2026-09-06,2,ES,quantile,0.4,8.126219117815841
2026-09-02,ILI incidence,2026-09-06,2,ES,quantile,0.975,11.870731895740802
2026-09-02,ILI incidence,2026-09-06,2,ES,quantile,0.2,7.3502333053914795
2026-09-02,ILI incidence,2026-09-06,2,ES,quantile,0.3,7.7754547387661574
2026-09-02,ILI incidence,2026-09-06,2,ES,quantile,0.15,7.104262427601518
2026-09-02,ILI incidence,2026-09-06,2,ES,quantile,0.99,12.623142747935734
2026-09-02,ILI incidence,2026-09-06,2,ES,quantile,0.25,7.572408657270456
2026-09-02,ILI incidence,2026-09-06,2,ES,quantile,0.1,6.80651701909409
2026-09-02,ILI incidence,2026-09-06,2,ES,quantile,0.05,6.385655145497665
2026-09-02,ILI incidence,2026-09-06,2,ES,quantile,0.01,5.6261269978796635
2026-09-02,ILI incidence,2026-09-06,2,ES,quantile,0.025,6.015344233257858
2026-09-02,ILI incidence,2026-09-06,2,ES,median,,8.501861632212115
2026-09-02,ILI incidence,2026-09-13,3,ES,quantile,0.1,5.995051153437009
2026-09-02,ILI incidence,2026-09-13,3,ES,quantile,0.01,4.468541473050564
2026-09-02,ILI incidence,2026-09-13,3,ES,quantile,0.05,5.367065076094394
2026-09-02,ILI incidence,2026-09-13,3,ES,quantile,0.025,4.960942147180011
2026-09-02,ILI incidence,2026-09-13,3,ES,quantile,0.2,6.867798792818907
2026-09-02,ILI incidence,2026-09-13,3,ES,quantile,0.25,7.193868600119453
2026-09-02,ILI incidence,2026-09-13,3,ES,quantile,0.75,10.672841464060449
2026-09-02,ILI incidence,2026-09-13,3,ES,quantile,0.4,8.149557335084237
2026-09-02,ILI incidence,2026-09-13,3,ES,quantile,0.45,8.463018501597077
2026-09-02,ILI incidence,2026-09-13,3,ES,quantile,0.5,8.778210885683842
2026-09-02,ILI incidence,2026-09-13,3,ES,quantile,0.15,6.465328860698235
2026-09-02,ILI incidence,2026-09-13,3,ES,quantile,0.3,7.517846549107823
2026-09-02,ILI incidence,2026-09-13,3,ES,quantile,0.6,9.463727856021901
2026-09-02,ILI incidence,2026-09-13,3,ES,quantile,0.35,7.832381200689801
2026-09-02,ILI incidence,2026-09-13,3,ES,quantile,0.65,9.849296120233998
2026-09-02,ILI incidence,2026-09-13,3,ES,quantile,0.55,9.122295917310787
2026-09-02,ILI incidence,2026-09-13,3,ES,quantile,0.7,10.205680398096284
2026-09-02,ILI incidence,2026-09-13,3,ES,quantile,0.8,11.165720512827706
2026-09-02,ILI incidence,2026-09-13,3,ES,quantile,0.9,12.617141623257407
2026-09-02,ILI incidence,2026-09-13,3,ES,quantile,0.85,11.763706310216039
2026-09-02,ILI incidence,2026-09-13,3,ES,quantile,0.99,17.00127652581678
2026-09-02,ILI incidence,2026-09-13,3,ES,quantile,0.95,14.08018940759797
2026-09-02,ILI incidence,2026-09-13,3,ES,quantile,0.975,15.445404132265196
2026-09-02,ILI incidence,2026-09-13,3,ES,median,,8.778210885683842
2026-09-02,ILI incidence,2026-09-20,4,ES,quantile,0.9,15.266214869861951
2026-09-02,ILI incidence,2026-09-20,4,ES,quantile,0.95,17.637026579340784
2026-09-02,ILI incidence,2026-09-20,4,ES,quantile,0.8,12.750513457591698
2026-09-02,ILI incidence,2026-09-20,4,ES,quantile,0.75,11.911809514718154
2026-09-02,ILI incidence,2026-09-20,4,ES,quantile,0.975,19.611692433269184
2026-09-02,ILI incidence,2026-09-20,4,ES,quantile,0.05,4.800607333595592
2026-09-02,ILI incidence,2026-09-20,4,ES,quantile,0.1,5.570479575521579
2026-09-02,ILI incidence,2026-09-20,4,ES,quantile,0.85,13.80117302040284
2026-09-02,ILI incidence,2026-09-20,4,ES,quantile,0.6,10.129753633939453
2026-09-02,ILI incidence,2026-09-20,4,ES,quantile,0.65,10.646912608708492
2026-09-02,ILI incidence,2026-09-20,4,ES,quantile,0.7,11.263519149292117
2026-09-02,ILI incidence,2026-09-20,4,ES,quantile,0.2,6.577769985009744
2026-09-02,ILI incidence,2026-09-20,4,ES,quantile,0.55,9.64766285116752
2026-09-02,ILI incidence,2026-09-20,4,ES,quantile,0.99,22.578808614379543
2026-09-02,ILI incidence,2026-09-20,4,ES,quantile,0.025,4.195116182068384
2026-09-02,ILI incidence,2026-09-20,4,ES,quantile,0.15,6.099208286879605
2026-09-02,ILI incidence,2026-09-20,4,ES,quantile,0.01,3.693807029360375
2026-09-02,ILI incidence,2026-09-20,4,ES,quantile,0.25,7.030119898343466
2026-09-02,ILI incidence,2026-09-20,4,ES,quantile,0.5,9.183017738299787
2026-09-02,ILI incidence,2026-09-20,4,ES,quantile,0.35,7.878854493967223
2026-09-02,ILI incidence,2026-09-20,4,ES,quantile,0.3,7.465341705462155
2026-09-02,ILI incidence,2026-09-20,4,ES,quantile,0.45,8.750757696593473
2026-09-02,ILI incidence,2026-09-20,4,ES,quantile,0.4,8.316801747591821
2026-09-02,ILI incidence,2026-09-20,4,ES,median,,9.183017738299787
2026-09-02,ILI incidence,2026-08-30,1,FI,quantile,0.85,24.066783092806652
2026-09-02,ILI incidence,2026-08-30,1,FI,quantile,0.025,6.539187591180786
2026-09-02,ILI incidence,2026-08-30,1,FI,quantile,0.75,20.609423373959647
2026-09-02,ILI incidence,2026-08-30,1,FI,quantile,0.05,7.518162044083118
2026-09-02,ILI incidence,2026-08-30,1,FI,quantile,0.1,8.858785160000439
2026-09-02,ILI incidence,2026-08-30,1,FI,quantile,0.8,22.083962149237966
2026-09-02,ILI incidence,2026-08-30,1,FI,quantile,0.55,16.301452981832185
2026-09-02,ILI incidence,2026-08-30,1,FI,quantile,0.15,9.89374123262615
2026-09-02,ILI incidence,2026-08-30,1,FI,quantile,0.2,10.700096794364349
2026-09-02,ILI incidence,2026-08-30,1,FI,quantile,0.25,11.519109203695962
2026-09-02,ILI incidence,2026-08-30,1,FI,quantile,0.3,12.302787408493671
2026-09-02,ILI incidence,2026-08-30,1,FI,quantile,0.01,5.625079380638975
2026-09-02,ILI incidence,2026-08-30,1,FI,quantile,0.35,13.064633428356204
2026-09-02,ILI incidence,2026-08-30,1,FI,quantile,0.4,13.846430804158324
2026-09-02,ILI incidence,2026-08-30,1,FI,quantile,0.7,19.335089776421864
2026-09-02,ILI incidence,2026-08-30,1,FI,quantile,0.45,14.598849475991383
2026-09-02,ILI incidence,2026-08-30,1,FI,quantile,0.65,18.24885673370658
2026-09-02,ILI incidence,2026-08-30,1,FI,quantile,0.99,41.55019767878777
2026-09-02,ILI incidence,2026-08-30,1,FI,quantile,0.95,31.38181357273739
2026-09-02,ILI incidence,2026-08-30,1,FI,quantile,0.975,35.813294792395894
2026-09-02,ILI incidence,2026-08-30,1,FI,quantile,0.5,15.45775098998313
2026-09-02,ILI incidence,2026-08-30,1,FI,quantile,0.6,17.26260138647374
2026-09-02,ILI incidence,2026-08-30,1,FI,quantile,0.9,26.745870893105465
2026-09-02,ILI incidence,2026-08-30,1,FI,median,,15.45775098998313
2026-09-02,ILI incidence,2026-09-06,2,FI,quantile,0.01,3.8550973052913853
2026-09-02,ILI incidence,2026-09-06,2,FI,quantile,0.025,4.7725910255851804
2026-09-02,ILI incidence,2026-09-06,2,FI,quantile,0.05,5.646165795754725
2026-09-02,ILI incidence,2026-09-06,2,FI,quantile,0.15,7.877238425494738
2026-09-02,ILI incidence,2026-09-06,2,FI,quantile,0.2,8.734269281320728
2026-09-02,ILI incidence,2026-09-06,2,FI,quantile,0.1,6.869551064728437
2026-09-02,ILI incidence,2026-09-06,2,FI,quantile,0.35,11.197683003756152
2026-09-02,ILI incidence,2026-09-06,2,FI,quantile,0.25,9.557183899516255
2026-09-02,ILI incidence,2026-09-06,2,FI,quantile,0.99,49.76158255867067
2026-09-02,ILI incidence,2026-09-06,2,FI,quantile,0.3,10.355386109010894
2026-09-02,ILI incidence,2026-09-06,2,FI,quantile,0.95,33.65518107167636
2026-09-02,ILI incidence,2026-09-06,2,FI,quantile,0.9,27.710096319475152
2026-09-02,ILI incidence,2026-09-06,2,FI,quantile,0.975,39.95030114470983
2026-09-02,ILI incidence,2026-09-06,2,FI,quantile,0.4,12.043691843534972
2026-09-02,ILI incidence,2026-09-06,2,FI,quantile,0.85,24.264829149445507
2026-09-02,ILI incidence,2026-09-06,2,FI,quantile,0.45,12.961168600602878
2026-09-02,ILI incidence,2026-09-06,2,FI,quantile,0.6,15.885249120513162
2026-09-02,ILI incidence,2026-09-06,2,FI,quantile,0.65,17.076427327706927
2026-09-02,ILI incidence,2026-09-06,2,FI,quantile,0.55,14.810354467492346
2026-09-02,ILI incidence,2026-09-06,2,FI,quantile,0.5,13.810519103118772
2026-09-02,ILI incidence,2026-09-06,2,FI,quantile,0.7,18.355337805131096
2026-09-02,ILI incidence,2026-09-06,2,FI,quantile,0.8,21.833375409061958
2026-09-02,ILI incidence,2026-09-06,2,FI,quantile,0.75,19.835444284475
2026-09-02,ILI incidence,2026-09-06,2,FI,median,,13.810519103118772
2026-09-02,ILI incidence,2026-09-13,3,FI,quantile,0.7,20.63353643190744
2026-09-02,ILI incidence,2026-09-13,3,FI,quantile,0.45,14.902278599823982
2026-09-02,ILI incidence,2026-09-13,3,FI,quantile,0.55,16.906998641873045
2026-09-02,ILI incidence,2026-09-13,3,FI,quantile,0.4,13.952715240671715
2026-09-02,ILI incidence,2026-09-13,3,FI,quantile,0.65,19.19118863318783
2026-09-02,ILI incidence,2026-09-13,3,FI,quantile,0.6,17.979531841610466
2026-09-02,ILI incidence,2026-09-13,3,FI,quantile,0.5,15.900626844283398
2026-09-02,ILI incidence,2026-09-13,3,FI,quantile,0.75,22.16739521506345
2026-09-02,ILI incidence,2026-09-13,3,FI,quantile,0.95,35.30563118121158
2026-09-02,ILI incidence,2026-09-13,3,FI,quantile,0.3,12.186260036138979
2026-09-02,ILI incidence,2026-09-13,3,FI,quantile,0.975,41.24176273368282
2026-09-02,ILI incidence,2026-09-13,3,FI,quantile,0.35,13.10110230632064
2026-09-02,ILI incidence,2026-09-13,3,FI,quantile,0.8,24.146073078823527
2026-09-02,ILI incidence,2026-09-13,3,FI,quantile,0.85,26.647324726485913
2026-09-02,ILI incidence,2026-09-13,3,FI,quantile,0.9,29.964088867262536
2026-09-02,ILI incidence,2026-09-13,3,FI,quantile,0.99,50.29959020480858
2026-09-02,ILI incidence,2026-09-13,3,FI,quantile,0.25,11.33570772744333
2026-09-02,ILI incidence,2026-09-13,3,FI,quantile,0.025,5.888290710330434
2026-09-02,ILI incidence,2026-09-13,3,FI,quantile,0.2,10.462249161608487
2026-09-02,ILI incidence,2026-09-13,3,FI,quantile,0.1,8.31810444243518
2026-09-02,ILI incidence,2026-09-13,3,FI,quantile,0.05,6.984566722488213
2026-09-02,ILI incidence,2026-09-13,3,FI,quantile,0.15,9.436545107479978
2026-09-02,ILI incidence,2026-09-13,3,FI,quantile,0.01,4.9008662611495035
2026-09-02,ILI incidence,2026-09-13,3,FI,median,,15.900626844283398
2026-09-02,ILI incidence,2026-09-20,4,FI,quantile,0.99,56.20383228925011
2026-09-02,ILI incidence,2026-09-20,4,FI,quantile,0.975,46.271898554390695
2026-09-02,ILI incidence,2026-09-20,4,FI,quantile,0.95,38.7891935868253
2026-09-02,ILI incidence,2026-09-20,4,FI,quantile,0.7,20.87630229331689
2026-09-02,ILI incidence,2026-09-20,4,FI,quantile,0.8,24.85067503974394
2026-09-02,ILI incidence,2026-09-20,4,FI,quantile,0.85,27.76456059344182
2026-09-02,ILI incidence,2026-09-20,4,FI,quantile,0.75,22.633623708826605
2026-09-02,ILI incidence,2026-09-20,4,FI,quantile,0.35,12.7464405399902
2026-09-02,ILI incidence,2026-09-20,4,FI,quantile,0.4,13.70918913405689
2026-09-02,ILI incidence,2026-09-20,4,FI,quantile,0.45,14.728152796193406
2026-09-02,ILI incidence,2026-09-20,4,FI,quantile,0.5,15.760981633985358
2026-09-02,ILI incidence,2026-09-20,4,FI,quantile,0.9,31.950424123569288
2026-09-02,ILI incidence,2026-09-20,4,FI,quantile,0.3,11.763722475550756
2026-09-02,ILI incidence,2026-09-20,4,FI,quantile,0.6,18.066502236718275
2026-09-02,ILI incidence,2026-09-20,4,FI,quantile,0.65,19.39481173633513
2026-09-02,ILI incidence,2026-09-20,4,FI,quantile,0.55,16.849834292700876
2026-09-02,ILI incidence,2026-09-20,4,FI,quantile,0.25,10.878290157137883
2026-09-02,ILI incidence,2026-09-20,4,FI,quantile,0.2,9.96210975204265
2026-09-02,ILI incidence,2026-09-20,4,FI,quantile,0.025,5.46986216770432
2026-09-02,ILI incidence,2026-09-20,4,FI,quantile,0.15,8.96693016639409
2026-09-02,ILI incidence,2026-09-20,4,FI,quantile,0.05,6.39772014048692
2026-09-02,ILI incidence,2026-09-20,4,FI,quantile,0.1,7.844930764085444
2026-09-02,ILI incidence,2026-09-20,4,FI,quantile,0.01,4.474278722363655
2026-09-02,ILI incidence,2026-09-20,4,FI,median,,15.760981633985358
2026-09-02,ILI incidence,2026-08-30,1,GB-ENG,quantile,0.025,0.46447653673699363
2026-09-02,ILI incidence,2026-08-30,1,GB-ENG,quantile,0.01,0.4163818891960568
2026-09-02,ILI incidence,2026-08-30,1,GB-ENG,quantile,0.05,0.5083061446396033
2026-09-02,ILI incidence,2026-08-30,1,GB-ENG,quantile,0.1,0.5597603702285043
2026-09-02,ILI incidence,2026-08-30,1,GB-ENG,quantile,0.7,0.9232761067406956
2026-09-02,ILI incidence,2026-08-30,1,GB-ENG,quantile,0.55,0.8241382305284632
2026-09-02,ILI incidence,2026-08-30,1,GB-ENG,quantile,0.85,1.067059170419906
2026-09-02,ILI incidence,2026-08-30,1,GB-ENG,quantile,0.15,0.6000576601916202
2026-09-02,ILI incidence,2026-08-30,1,GB-ENG,quantile,0.8,1.0104383857549017
2026-09-02,ILI incidence,2026-08-30,1,GB-ENG,quantile,0.975,1.3879368587384988
2026-09-02,ILI incidence,2026-08-30,1,GB-ENG,quantile,0.65,0.8870570159388079
2026-09-02,ILI incidence,2026-08-30,1,GB-ENG,quantile,0.6,0.8544150180647541
2026-09-02,ILI incidence,2026-08-30,1,GB-ENG,quantile,0.75,0.9638059824331151
2026-09-02,ILI incidence,2026-08-30,1,GB-ENG,quantile,0.9,1.143588793652644
2026-09-02,ILI incidence,2026-08-30,1,GB-ENG,quantile,0.25,0.6642740511434168
2026-09-02,ILI incidence,2026-08-30,1,GB-ENG,quantile,0.2,0.6331254304833485
2026-09-02,ILI incidence,2026-08-30,1,GB-ENG,quantile,0.95,1.2674989016706335
2026-09-02,ILI incidence,2026-08-30,1,GB-ENG,quantile,0.99,1.5351479188873982
2026-09-02,ILI incidence,2026-08-30,1,GB-ENG,quantile,0.5,0.7944264115106012
2026-09-02,ILI incidence,2026-08-30,1,GB-ENG,quantile,0.3,0.6910825818018642
2026-09-02,ILI incidence,2026-08-30,1,GB-ENG,quantile,0.35,0.7162005896801065
2026-09-02,ILI incidence,2026-08-30,1,GB-ENG,quantile,0.45,0.7683687769090418
2026-09-02,ILI incidence,2026-08-30,1,GB-ENG,quantile,0.4,0.7407274033134851
2026-09-02,ILI incidence,2026-08-30,1,GB-ENG,median,,0.7944264115106012
2026-09-02,ILI incidence,2026-09-06,2,GB-ENG,quantile,0.3,0.7944222587134658
2026-09-02,ILI incidence,2026-09-06,2,GB-ENG,quantile,0.35,0.81721492261580575
2026-09-02,ILI incidence,2026-09-06,2,GB-ENG,quantile,0.2,0.7430693429798765
2026-09-02,ILI incidence,2026-09-06,2,GB-ENG,quantile,0.15,0.7095324156150002
2026-09-02,ILI incidence,2026-09-06,2,GB-ENG,quantile,0.25,0.7699824354689186
2026-09-02,ILI incidence,2026-09-06,2,GB-ENG,quantile,0.4,0.8391690326189554
2026-09-02,ILI incidence,2026-09-06,2,GB-ENG,quantile,0.5,0.8877936681966492
2026-09-02,ILI incidence,2026-09-06,2,GB-ENG,quantile,0.45,0.8636114688956509
2026-09-02,ILI incidence,2026-09-06,2,GB-ENG,quantile,0.65,0.96478514812034
2026-09-02,ILI incidence,2026-09-06,2,GB-ENG,quantile,0.1,0.6743392422079132
2026-09-02,ILI incidence,2026-09-06,2,GB-ENG,quantile,0.8,1.0631273088005875
2026-09-02,ILI incidence,2026-09-06,2,GB-ENG,quantile,0.55,0.9136249401470407
2026-09-02,ILI incidence,2026-09-06,2,GB-ENG,quantile,0.6,0.937662068760559
2026-09-02,ILI incidence,2026-09-06,2,GB-ENG,quantile,0.85,1.1052830136185694
2026-09-02,ILI incidence,2026-09-06,2,GB-ENG,quantile,0.7,0.9938634028119318
2026-09-02,ILI incidence,2026-09-06,2,GB-ENG,quantile,0.75,1.0258556505488268
2026-09-02,ILI incidence,2026-09-06,2,GB-ENG,quantile,0.05,0.6245001632346745
2026-09-02,ILI incidence,2026-09-06,2,GB-ENG,quantile,0.025,0.582693257179659
2026-09-02,ILI incidence,2026-09-06,2,GB-ENG,quantile,0.99,1.4535987689950032
2026-09-02,ILI incidence,2026-09-06,2,GB-ENG,quantile,0.01,0.5397677815066062
2026-09-02,ILI incidence,2026-09-06,2,GB-ENG,quantile,0.9,1.1652542194946778
2026-09-02,ILI incidence,2026-09-06,2,GB-ENG,quantile,0.95,1.2681862589088322
2026-09-02,ILI incidence,2026-09-06,2,GB-ENG,quantile,0.975,1.3528908566335427
2026-09-02,ILI incidence,2026-09-06,2,GB-ENG,median,,0.8877936681966492
2026-09-02,ILI incidence,2026-09-13,3,GB-ENG,quantile,0.025,0.4083803946518171
2026-09-02,ILI incidence,2026-09-13,3,GB-ENG,quantile,0.05,0.4686999304162764
2026-09-02,ILI incidence,2026-09-13,3,GB-ENG,quantile,0.75,1.1681708981199104
2026-09-02,ILI incidence,2026-09-13,3,GB-ENG,quantile,0.1,0.5357658269398722
2026-09-02,ILI incidence,2026-09-13,3,GB-ENG,quantile,0.15,0.5917881180206843
2026-09-02,ILI incidence,2026-09-13,3,GB-ENG,quantile,0.2,0.6395331665501428
2026-09-02,ILI incidence,2026-09-13,3,GB-ENG,quantile,0.8,1.2530160327789486
2026-09-02,ILI incidence,2026-09-13,3,GB-ENG,quantile,0.85,1.3520259488531772
2026-09-02,ILI incidence,2026-09-13,3,GB-ENG,quantile,0.9,1.4818039995643792
2026-09-02,ILI incidence,2026-09-13,3,GB-ENG,quantile,0.95,1.7155199624646547
2026-09-02,ILI incidence,2026-09-13,3,GB-ENG,quantile,0.55,0.9407024208835826
2026-09-02,ILI incidence,2026-09-13,3,GB-ENG,quantile,0.35,0.7678524494295443
2026-09-02,ILI incidence,2026-09-13,3,GB-ENG,quantile,0.99,2.2438302003688473
2026-09-02,ILI incidence,2026-09-13,3,GB-ENG,quantile,0.45,0.8545341979247864
2026-09-02,ILI incidence,2026-09-13,3,GB-ENG,quantile,0.4,0.8111562361818929
2026-09-02,ILI incidence,2026-09-13,3,GB-ENG,quantile,0.25,0.6848200765778563
2026-09-02,ILI incidence,2026-09-13,3,GB-ENG,quantile,0.65,1.0369453587402973
2026-09-02,ILI incidence,2026-09-13,3,GB-ENG,quantile,0.7,1.098725186815697
2026-09-02,ILI incidence,2026-09-13,3,GB-ENG,quantile,0.975,1.9447999174327422
2026-09-02,ILI incidence,2026-09-13,3,GB-ENG,quantile,0.01,0.3456757249445811
2026-09-02,ILI incidence,2026-09-13,3,GB-ENG,quantile,0.5,0.895755433666072
2026-09-02,ILI incidence,2026-09-13,3,GB-ENG,quantile,0.3,0.7265768721127601
2026-09-02,ILI incidence,2026-09-13,3,GB-ENG,quantile,0.6,0.984841853816311
2026-09-02,ILI incidence,2026-09-13,3,GB-ENG,median,,0.895755433666072
2026-09-02,ILI incidence,2026-09-20,4,GB-ENG,quantile,0.2,0.7284808980996865
2026-09-02,ILI incidence,2026-09-20,4,GB-ENG,quantile,0.15,0.6731654320629855
2026-09-02,ILI incidence,2026-09-20,4,GB-ENG,quantile,0.45,0.962151464279406
2026-09-02,ILI incidence,2026-09-20,4,GB-ENG,quantile,0.35,0.8692070032041114
2026-09-02,ILI incidence,2026-09-20,4,GB-ENG,quantile,0.3,0.8220477945372435
2026-09-02,ILI incidence,2026-09-20,4,GB-ENG,quantile,0.4,0.9147995392852915
2026-09-02,ILI incidence,2026-09-20,4,GB-ENG,quantile,0.01,0.41641219915819755
2026-09-02,ILI incidence,2026-09-20,4,GB-ENG,quantile,0.1,0.6167863292670976
2026-09-02,ILI incidence,2026-09-20,4,GB-ENG,quantile,0.25,0.7773136984217187
2026-09-02,ILI incidence,2026-09-20,4,GB-ENG,quantile,0.975,2.210189581843608
2026-09-02,ILI incidence,2026-09-20,4,GB-ENG,quantile,0.55,1.071829646700852
2026-09-02,ILI incidence,2026-09-20,4,GB-ENG,quantile,0.8,1.4243281900941211
2026-09-02,ILI incidence,2026-09-20,4,GB-ENG,quantile,0.99,2.5454194514756914
2026-09-02,ILI incidence,2026-09-20,4,GB-ENG,quantile,0.95,1.945023537584729
2026-09-02,ILI incidence,2026-09-20,4,GB-ENG,quantile,0.025,0.4738305790780442
2026-09-02,ILI incidence,2026-09-20,4,GB-ENG,quantile,0.05,0.535625766037535
2026-09-02,ILI incidence,2026-09-20,4,GB-ENG,quantile,0.9,1.6889354259856888
2026-09-02,ILI incidence,2026-09-20,4,GB-ENG,quantile,0.85,1.5312008719427088
2026-09-02,ILI incidence,2026-09-20,4,GB-ENG,quantile,0.6,1.128066322866421
2026-09-02,ILI incidence,2026-09-20,4,GB-ENG,quantile,0.75,1.3246722701233289
2026-09-02,ILI incidence,2026-09-20,4,GB-ENG,quantile,0.7,1.2531469161464754
2026-09-02,ILI incidence,2026-09-20,4,GB-ENG,quantile,0.65,1.1879136234443632
2026-09-02,ILI incidence,2026-09-20,4,GB-ENG,quantile,0.5,1.0161836954380403
2026-09-02,ILI incidence,2026-09-20,4,GB-ENG,median,,1.0161836954380403
2026-09-02,ILI incidence,2026-08-30,1,GB-NIR,quantile,0.975,4.063787934395251
2026-09-02,ILI incidence,2026-08-30,1,GB-NIR,quantile,0.8,2.651453206206818
2026-09-02,ILI incidence,2026-08-30,1,GB-NIR,quantile,0.95,3.6276880740708384
2026-09-02,ILI incidence,2026-08-30,1,GB-NIR,quantile,0.75,2.478648657391335
2026-09-02,ILI incidence,2026-08-30,1,GB-NIR,quantile,0.7,2.3428642067241445
2026-09-02,ILI incidence,2026-08-30,1,GB-NIR,quantile,0.6,2.1097745348498442
2026-09-02,ILI incidence,2026-08-30,1,GB-NIR,quantile,0.45,1.83056476129254
2026-09-02,ILI incidence,2026-08-30,1,GB-NIR,quantile,0.9,3.157366478293015
2026-09-02,ILI incidence,2026-08-30,1,GB-NIR,quantile,0.55,2.011702952636082
2026-09-02,ILI incidence,2026-08-30,1,GB-NIR,quantile,0.65,2.221509045153561
2026-09-02,ILI incidence,2026-08-30,1,GB-NIR,quantile,0.99,4.666408962041654
2026-09-02,ILI incidence,2026-08-30,1,GB-NIR,quantile,0.3,1.5605479872430144
2026-09-02,ILI incidence,2026-08-30,1,GB-NIR,quantile,0.25,1.47151957915425
2026-09-02,ILI incidence,2026-08-30,1,GB-NIR,quantile,0.85,2.867854753011326
2026-09-02,ILI incidence,2026-08-30,1,GB-NIR,quantile,0.5,1.9183454120428647
2026-09-02,ILI incidence,2026-08-30,1,GB-NIR,quantile,0.15,1.2720588632814824
2026-09-02,ILI incidence,2026-08-30,1,GB-NIR,quantile,0.2,1.3770756865849993
2026-09-02,ILI incidence,2026-08-30,1,GB-NIR,quantile,0.35,1.6436710381933983
2026-09-02,ILI incidence,2026-08-30,1,GB-NIR,quantile,0.01,0.7663027617068872
2026-09-02,ILI incidence,2026-08-30,1,GB-NIR,quantile,0.4,1.7372020487006243
2026-09-02,ILI incidence,2026-08-30,1,GB-NIR,quantile,0.05,0.998788100992708
2026-09-02,ILI incidence,2026-08-30,1,GB-NIR,quantile,0.1,1.1554544640626276
2026-09-02,ILI incidence,2026-08-30,1,GB-NIR,quantile,0.025,0.8828099207736579
2026-09-02,ILI incidence,2026-08-30,1,GB-NIR,median,,1.9183454120428647
2026-09-02,ILI incidence,2026-09-06,2,GB-NIR,quantile,0.75,2.0803392774003315
2026-09-02,ILI incidence,2026-09-06,2,GB-NIR,quantile,0.975,3.168952769600571
2026-09-02,ILI incidence,2026-09-06,2,GB-NIR,quantile,0.99,3.5823708207643614
2026-09-02,ILI incidence,2026-09-06,2,GB-NIR,quantile,0.7,1.9730406115406938
2026-09-02,ILI incidence,2026-09-06,2,GB-NIR,quantile,0.8,2.2043490120685916
2026-09-02,ILI incidence,2026-09-06,2,GB-NIR,quantile,0.85,2.3535655581423964
2026-09-02,ILI incidence,2026-09-06,2,GB-NIR,quantile,0.2,1.252900238872083
2026-09-02,ILI incidence,2026-09-06,2,GB-NIR,quantile,0.9,2.549427155813083
2026-09-02,ILI incidence,2026-09-06,2,GB-NIR,quantile,0.25,1.323739893220977
2026-09-02,ILI incidence,2026-09-06,2,GB-NIR,quantile,0.35,1.4576242176228507
2026-09-02,ILI incidence,2026-09-06,2,GB-NIR,quantile,0.15,1.1727974749356145
2026-09-02,ILI incidence,2026-09-06,2,GB-NIR,quantile,0.95,2.8699736438781116
2026-09-02,ILI incidence,2026-09-06,2,GB-NIR,quantile,0.3,1.3888238960473325
2026-09-02,ILI incidence,2026-09-06,2,GB-NIR,quantile,0.6,1.8024891826711555
2026-09-02,ILI incidence,2026-09-06,2,GB-NIR,quantile,0.65,1.8846118832333132
2026-09-02,ILI incidence,2026-09-06,2,GB-NIR,quantile,0.1,1.0883617026855823
2026-09-02,ILI incidence,2026-09-06,2,GB-NIR,quantile,0.45,1.5904259830677514
2026-09-02,ILI incidence,2026-09-06,2,GB-NIR,quantile,0.4,1.5247527202372448
2026-09-02,ILI incidence,2026-09-06,2,GB-NIR,quantile,0.55,1.7293788711372855
2026-09-02,ILI incidence,2026-09-06,2,GB-NIR,quantile,0.025,0.8594858609931517
2026-09-02,ILI incidence,2026-09-06,2,GB-NIR,quantile,0.05,0.9593759970599811
2026-09-02,ILI incidence,2026-09-06,2,GB-NIR,quantile,0.5,1.6547833341088807
2026-09-02,ILI incidence,2026-09-06,2,GB-NIR,quantile,0.01,0.7621983142049488
2026-09-02,ILI incidence,2026-09-06,2,GB-NIR,median,,1.6547833341088807
2026-09-02,ILI incidence,2026-09-13,3,GB-NIR,quantile,0.01,0.6718499445001992
2026-09-02,ILI incidence,2026-09-13,3,GB-NIR,quantile,0.025,0.7709678804902884
2026-09-02,ILI incidence,2026-09-13,3,GB-NIR,quantile,0.05,0.8858157589673049
2026-09-02,ILI incidence,2026-09-13,3,GB-NIR,quantile,0.2,1.2240610912701344
2026-09-02,ILI incidence,2026-09-13,3,GB-NIR,quantile,0.15,1.1283673792689297
2026-09-02,ILI incidence,2026-09-13,3,GB-NIR,quantile,0.1,1.0192367947640422
2026-09-02,ILI incidence,2026-09-13,3,GB-NIR,quantile,0.6,1.92404374725992
2026-09-02,ILI incidence,2026-09-13,3,GB-NIR,quantile,0.25,1.3077269912701106
2026-09-02,ILI incidence,2026-09-13,3,GB-NIR,quantile,0.45,1.6394582774441218
2026-09-02,ILI incidence,2026-09-13,3,GB-NIR,quantile,0.7,2.14486995725803
2026-09-02,ILI incidence,2026-09-13,3,GB-NIR,quantile,0.4,1.5505904094395042
2026-09-02,ILI incidence,2026-09-13,3,GB-NIR,quantile,0.55,1.8275952639992754
2026-09-02,ILI incidence,2026-09-13,3,GB-NIR,quantile,0.35,1.4682525430499074
2026-09-02,ILI incidence,2026-09-13,3,GB-NIR,quantile,0.8,2.4377309134484224
2026-09-02,ILI incidence,2026-09-13,3,GB-NIR,quantile,0.3,1.3896874387598652
2026-09-02,ILI incidence,2026-09-13,3,GB-NIR,quantile,0.5,1.728719340580943
2026-09-02,ILI incidence,2026-09-13,3,GB-NIR,quantile,0.75,2.2822816783205417
2026-09-02,ILI incidence,2026-09-13,3,GB-NIR,quantile,0.65,2.0335833369441767
2026-09-02,ILI incidence,2026-09-13,3,GB-NIR,quantile,0.85,2.6289018061019727
2026-09-02,ILI incidence,2026-09-13,3,GB-NIR,quantile,0.975,3.8599802162881858
2026-09-02,ILI incidence,2026-09-13,3,GB-NIR,quantile,0.99,4.4718570451935795
2026-09-02,ILI incidence,2026-09-13,3,GB-NIR,quantile,0.9,2.9257199628745783
2026-09-02,ILI incidence,2026-09-13,3,GB-NIR,quantile,0.95,3.380055589019765
2026-09-02,ILI incidence,2026-09-13,3,GB-NIR,median,,1.728719340580943
2026-09-02,ILI incidence,2026-09-20,4,GB-NIR,quantile,0.8,2.327166163607801
2026-09-02,ILI incidence,2026-09-20,4,GB-NIR,quantile,0.95,3.084901865310879
2026-09-02,ILI incidence,2026-09-20,4,GB-NIR,quantile,0.6,1.880619278343246
2026-09-02,ILI incidence,2026-09-20,4,GB-NIR,quantile,0.75,2.1876568740625206
2026-09-02,ILI incidence,2026-09-20,4,GB-NIR,quantile,0.9,2.704035818229506
2026-09-02,ILI incidence,2026-09-20,4,GB-NIR,quantile,0.65,1.968964427768963
2026-09-02,ILI incidence,2026-09-20,4,GB-NIR,quantile,0.975,3.4098958054363733
2026-09-02,ILI incidence,2026-09-20,4,GB-NIR,quantile,0.7,2.0705513589916866
2026-09-02,ILI incidence,2026-09-20,4,GB-NIR,quantile,0.85,2.486730210032976
2026-09-02,ILI incidence,2026-09-20,4,GB-NIR,quantile,0.55,1.794223395942363
2026-09-02,ILI incidence,2026-09-20,4,GB-NIR,quantile,0.5,1.715748187118959
2026-09-02,ILI incidence,2026-09-20,4,GB-NIR,quantile,0.45,1.639400528782696
2026-09-02,ILI incidence,2026-09-20,4,GB-NIR,quantile,0.4,1.5681908904927158
2026-09-02,ILI incidence,2026-09-20,4,GB-NIR,quantile,0.35,1.4921348292995134
2026-09-02,ILI incidence,2026-09-20,4,GB-NIR,quantile,0.3,1.426627518674727
2026-09-02,ILI incidence,2026-09-20,4,GB-NIR,quantile,0.25,1.352368327557605
2026-09-02,ILI incidence,2026-09-20,4,GB-NIR,quantile,0.2,1.27322401616343
2026-09-02,ILI incidence,2026-09-20,4,GB-NIR,quantile,0.05,0.9520186250663382
2026-09-02,ILI incidence,2026-09-20,4,GB-NIR,quantile,0.99,3.853972041674639
2026-09-02,ILI incidence,2026-09-20,4,GB-NIR,quantile,0.01,0.7571568348870619
2026-09-02,ILI incidence,2026-09-20,4,GB-NIR,quantile,0.025,0.8541953821885971
2026-09-02,ILI incidence,2026-09-20,4,GB-NIR,quantile,0.15,1.189121914720276
2026-09-02,ILI incidence,2026-09-20,4,GB-NIR,quantile,0.1,1.0893658185897268
2026-09-02,ILI incidence,2026-09-20,4,GB-NIR,median,,1.715748187118959
2026-09-02,ILI incidence,2026-09-13,3,GB-WLS,quantile,0.975,2.9450632414365283
2026-09-02,ILI incidence,2026-09-13,3,GB-WLS,quantile,0.95,2.3487447675612154
2026-09-02,ILI incidence,2026-09-13,3,GB-WLS,quantile,0.99,3.6766095830056225
2026-09-02,ILI incidence,2026-09-13,3,GB-WLS,quantile,0.9,1.830615019641236
2026-09-02,ILI incidence,2026-09-13,3,GB-WLS,quantile,0.025,0.18537978335561378
2026-09-02,ILI incidence,2026-09-13,3,GB-WLS,quantile,0.01,0.1423732968441733
2026-09-02,ILI incidence,2026-09-13,3,GB-WLS,quantile,0.55,0.7973844863419824
2026-09-02,ILI incidence,2026-09-13,3,GB-WLS,quantile,0.45,0.6751890767465447
2026-09-02,ILI incidence,2026-09-13,3,GB-WLS,quantile,0.05,0.23140720859569935
2026-09-02,ILI incidence,2026-09-13,3,GB-WLS,quantile,0.1,0.29767402907247287
2026-09-02,ILI incidence,2026-09-13,3,GB-WLS,quantile,0.5,0.7374356780347957
2026-09-02,ILI incidence,2026-09-13,3,GB-WLS,quantile,0.7,1.0663398892768738
2026-09-02,ILI incidence,2026-09-13,3,GB-WLS,quantile,0.35,0.5624225979549078
2026-09-02,ILI incidence,2026-09-13,3,GB-WLS,quantile,0.65,0.9660166937866768
2026-09-02,ILI incidence,2026-09-13,3,GB-WLS,quantile,0.85,1.540548857768298
2026-09-02,ILI incidence,2026-09-13,3,GB-WLS,quantile,0.3,0.5068501620594572
2026-09-02,ILI incidence,2026-09-13,3,GB-WLS,quantile,0.25,0.45807306801618575
2026-09-02,ILI incidence,2026-09-13,3,GB-WLS,quantile,0.6,0.8770480004172541
2026-09-02,ILI incidence,2026-09-13,3,GB-WLS,quantile,0.8,1.3312798544872617
2026-09-02,ILI incidence,2026-09-13,3,GB-WLS,quantile,0.75,1.1819715207638852
2026-09-02,ILI incidence,2026-09-13,3,GB-WLS,quantile,0.4,0.6193485830910374
2026-09-02,ILI incidence,2026-09-13,3,GB-WLS,quantile,0.2,0.40703881142287957
2026-09-02,ILI incidence,2026-09-13,3,GB-WLS,quantile,0.15,0.35583022759569544
2026-09-02,ILI incidence,2026-09-13,3,GB-WLS,median,,0.7374356780347957
2026-09-02,ILI incidence,2026-09-20,4,GB-WLS,quantile,0.01,0.1791315571423845
2026-09-02,ILI incidence,2026-09-20,4,GB-WLS,quantile,0.05,0.3016286266954193
2026-09-02,ILI incidence,2026-09-20,4,GB-WLS,quantile,0.4,0.9159686951949416
2026-09-02,ILI incidence,2026-09-20,4,GB-WLS,quantile,0.025,0.23349499351188355
2026-09-02,ILI incidence,2026-09-20,4,GB-WLS,quantile,0.1,0.39670582901012724
2026-09-02,ILI incidence,2026-09-20,4,GB-WLS,quantile,0.15,0.4820123923326915
2026-09-02,ILI incidence,2026-09-20,4,GB-WLS,quantile,0.35,0.8164188360239981
2026-09-02,ILI incidence,2026-09-20,4,GB-WLS,quantile,0.25,0.6477458242160641
2026-09-02,ILI incidence,2026-09-20,4,GB-WLS,quantile,0.2,0.5660728735810451
2026-09-02,ILI incidence,2026-09-20,4,GB-WLS,quantile,0.3,0.7279020196075613
2026-09-02,ILI incidence,2026-09-20,4,GB-WLS,quantile,0.99,7.064240001583302
2026-09-02,ILI incidence,2026-09-20,4,GB-WLS,quantile,0.65,1.5395512432698921
2026-09-02,ILI incidence,2026-09-20,4,GB-WLS,quantile,0.95,4.115580535606456
2026-09-02,ILI incidence,2026-09-20,4,GB-WLS,quantile,0.45,1.017263743633337
2026-09-02,ILI incidence,2026-09-20,4,GB-WLS,quantile,0.5,1.1262230353739877
2026-09-02,ILI incidence,2026-09-20,4,GB-WLS,quantile,0.55,1.247458408903853
2026-09-02,ILI incidence,2026-09-20,4,GB-WLS,quantile,0.6,1.3895992791347171
2026-09-02,ILI incidence,2026-09-20,4,GB-WLS,quantile,0.975,5.323133601049442
2026-09-02,ILI incidence,2026-09-20,4,GB-WLS,quantile,0.85,2.574138433799534
2026-09-02,ILI incidence,2026-09-20,4,GB-WLS,quantile,0.9,3.103207634995235
2026-09-02,ILI incidence,2026-09-20,4,GB-WLS,quantile,0.75,1.946187714698981
2026-09-02,ILI incidence,2026-09-20,4,GB-WLS,quantile,0.8,2.221236685823822
2026-09-02,ILI incidence,2026-09-20,4,GB-WLS,quantile,0.7,1.7364463458354589
2026-09-02,ILI incidence,2026-09-20,4,GB-WLS,median,,1.1262230353739877
2026-09-02,ILI incidence,2026-08-30,1,GR,quantile,0.975,468.1751559135686
2026-09-02,ILI incidence,2026-08-30,1,GR,quantile,0.8,386.6361163074559
2026-09-02,ILI incidence,2026-08-30,1,GR,quantile,0.99,499.83087899008086
2026-09-02,ILI incidence,2026-08-30,1,GR,quantile,0.85,400.14281426897975
2026-09-02,ILI incidence,2026-08-30,1,GR,quantile,0.45,327.6946916853014
2026-09-02,ILI incidence,2026-08-30,1,GR,quantile,0.5,334.77989851510256
2026-09-02,ILI incidence,2026-08-30,1,GR,quantile,0.55,342.1007766722345
2026-09-02,ILI incidence,2026-08-30,1,GR,quantile,0.9,416.77105807518456
2026-09-02,ILI incidence,2026-08-30,1,GR,quantile,0.95,443.00370521032727
2026-09-02,ILI incidence,2026-08-30,1,GR,quantile,0.65,357.94509184800813
2026-09-02,ILI incidence,2026-08-30,1,GR,quantile,0.3,305.7487650100683
2026-09-02,ILI incidence,2026-08-30,1,GR,quantile,0.6,350.15266458117515
2026-09-02,ILI incidence,2026-08-30,1,GR,quantile,0.75,375.9749984286142
2026-09-02,ILI incidence,2026-08-30,1,GR,quantile,0.2,289.4918822633293
2026-09-02,ILI incidence,2026-08-30,1,GR,quantile,0.4,320.2544737820707
2026-09-02,ILI incidence,2026-08-30,1,GR,quantile,0.7,366.398308994805
2026-09-02,ILI incidence,2026-08-30,1,GR,quantile,0.1,267.9457742672745
2026-09-02,ILI incidence,2026-08-30,1,GR,quantile,0.35,312.97555532376236
2026-09-02,ILI incidence,2026-08-30,1,GR,quantile,0.15,279.2157450000797
2026-09-02,ILI incidence,2026-08-30,1,GR,quantile,0.05,251.86369231170167
2026-09-02,ILI incidence,2026-08-30,1,GR,quantile,0.25,298.6878620606244
2026-09-02,ILI incidence,2026-08-30,1,GR,quantile,0.025,238.3246493742398
2026-09-02,ILI incidence,2026-08-30,1,GR,quantile,0.01,222.4684523520918
2026-09-02,ILI incidence,2026-08-30,1,GR,median,,334.77989851510256
2026-09-02,ILI incidence,2026-09-06,2,GR,quantile,0.55,337.40570910855445
2026-09-02,ILI incidence,2026-09-06,2,GR,quantile,0.99,464.29998559395085
2026-09-02,ILI incidence,2026-09-06,2,GR,quantile,0.01,234.3044840521999
2026-09-02,ILI incidence,2026-09-06,2,GR,quantile,0.4,318.67735599811937
2026-09-02,ILI incidence,2026-09-06,2,GR,quantile,0.35,312.87063149705676
2026-09-02,ILI incidence,2026-09-06,2,GR,quantile,0.975,437.8268436490007
2026-09-02,ILI incidence,2026-09-06,2,GR,quantile,0.1,275.11211471793075
2026-09-02,ILI incidence,2026-09-06,2,GR,quantile,0.6,343.00932453211783
2026-09-02,ILI incidence,2026-09-06,2,GR,quantile,0.95,417.64437745795726
2026-09-02,ILI incidence,2026-09-06,2,GR,quantile,0.8,374.02313407704526
2026-09-02,ILI incidence,2026-09-06,2,GR,quantile,0.9,397.3491283086134
2026-09-02,ILI incidence,2026-09-06,2,GR,quantile,0.65,349.9659534288045
2026-09-02,ILI incidence,2026-09-06,2,GR,quantile,0.45,324.8178994224771
2026-09-02,ILI incidence,2026-09-06,2,GR,quantile,0.5,330.7746679526724
2026-09-02,ILI incidence,2026-09-06,2,GR,quantile,0.85,384.4971332571546
2026-09-02,ILI incidence,2026-09-06,2,GR,quantile,0.75,365.1019284632679
2026-09-02,ILI incidence,2026-09-06,2,GR,quantile,0.05,260.53137038594
2026-09-02,ILI incidence,2026-09-06,2,GR,quantile,0.7,357.20364849998396
2026-09-02,ILI incidence,2026-09-06,2,GR,quantile,0.15,284.7529388495633
2026-09-02,ILI incidence,2026-09-06,2,GR,quantile,0.2,292.30871117374164
2026-09-02,ILI incidence,2026-09-06,2,GR,quantile,0.3,306.36387670084264
2026-09-02,ILI incidence,2026-09-06,2,GR,quantile,0.025,247.86621485870856
2026-09-02,ILI incidence,2026-09-06,2,GR,quantile,0.25,299.69584774830145
2026-09-02,ILI incidence,2026-09-06,2,GR,median,,330.7746679526724
2026-09-02,ILI incidence,2026-09-13,3,GR,quantile,0.1,275.0176333564657
2026-09-02,ILI incidence,2026-09-13,3,GR,quantile,0.99,482.70394189188494
2026-09-02,ILI incidence,2026-09-13,3,GR,quantile,0.01,233.85188191869085
2026-09-02,ILI incidence,2026-09-13,3,GR,quantile,0.025,247.13270114241476
2026-09-02,ILI incidence,2026-09-13,3,GR,quantile,0.05,260.00263427300723
2026-09-02,ILI incidence,2026-09-13,3,GR,quantile,0.15,285.8802619195554
2026-09-02,ILI incidence,2026-09-13,3,GR,quantile,0.45,327.96692492806756
2026-09-02,ILI incidence,2026-09-13,3,GR,quantile,0.2,293.78365707899604
2026-09-02,ILI incidence,2026-09-13,3,GR,quantile,0.975,453.48718884845397
2026-09-02,ILI incidence,2026-09-13,3,GR,quantile,0.4,321.1921637032739
2026-09-02,ILI incidence,2026-09-13,3,GR,quantile,0.95,430.2848915428412
2026-09-02,ILI incidence,2026-09-13,3,GR,quantile,0.55,340.90949052704923
2026-09-02,ILI incidence,2026-09-13,3,GR,quantile,0.9,407.27809105965815
2026-09-02,ILI incidence,2026-09-13,3,GR,quantile,0.25,301.37723170075066
2026-09-02,ILI incidence,2026-09-13,3,GR,quantile,0.8,380.62402415598467
2026-09-02,ILI incidence,2026-09-13,3,GR,quantile,0.85,392.99663810076663
2026-09-02,ILI incidence,2026-09-13,3,GR,quantile,0.35,315.159162188257
2026-09-02,ILI incidence,2026-09-13,3,GR,quantile,0.5,334.83470922874415
2026-09-02,ILI incidence,2026-09-13,3,GR,quantile,0.75,371.4259204012437
2026-09-02,ILI incidence,2026-09-13,3,GR,quantile,0.7,362.1282520212955
2026-09-02,ILI incidence,2026-09-13,3,GR,quantile,0.65,354.9859822686916
2026-09-02,ILI incidence,2026-09-13,3,GR,quantile,0.6,347.79938328653566
2026-09-02,ILI incidence,2026-09-13,3,GR,quantile,0.3,308.2034575067147
2026-09-02,ILI incidence,2026-09-13,3,GR,median,,334.83470922874415
2026-09-02,ILI incidence,2026-09-20,4,GR,quantile,0.975,528.0909351147519
2026-09-02,ILI incidence,2026-09-20,4,GR,quantile,0.95,492.80100803216226
2026-09-02,ILI incidence,2026-09-20,4,GR,quantile,0.75,394.96703215027514
2026-09-02,ILI incidence,2026-09-20,4,GR,quantile,0.85,428.8801668700304
2026-09-02,ILI incidence,2026-09-20,4,GR,quantile,0.9,454.19769974998087
2026-09-02,ILI incidence,2026-09-20,4,GR,quantile,0.8,409.4806482840336
2026-09-02,ILI incidence,2026-09-20,4,GR,quantile,0.65,370.626923625817
2026-09-02,ILI incidence,2026-09-20,4,GR,quantile,0.7,382.159181865307
2026-09-02,ILI incidence,2026-09-20,4,GR,quantile,0.5,339.9807885171183
2026-09-02,ILI incidence,2026-09-20,4,GR,quantile,0.6,360.0612542268788
2026-09-02,ILI incidence,2026-09-20,4,GR,quantile,0.45,330.70278714967617
2026-09-02,ILI incidence,2026-09-20,4,GR,quantile,0.55,350.3905973512263
2026-09-02,ILI incidence,2026-09-20,4,GR,quantile,0.4,321.06191133079034
2026-09-02,ILI incidence,2026-09-20,4,GR,quantile,0.3,301.666057100534
2026-09-02,ILI incidence,2026-09-20,4,GR,quantile,0.25,292.30363778745993
2026-09-02,ILI incidence,2026-09-20,4,GR,quantile,0.2,281.54181807464215
2026-09-02,ILI incidence,2026-09-20,4,GR,quantile,0.35,311.657113003301
2026-09-02,ILI incidence,2026-09-20,4,GR,quantile,0.15,268.57540543158217
2026-09-02,ILI incidence,2026-09-20,4,GR,quantile,0.01,202.9491434476504
2026-09-02,ILI incidence,2026-09-20,4,GR,quantile,0.025,219.8387849872895
2026-09-02,ILI incidence,2026-09-20,4,GR,quantile,0.1,253.7186384465886
2026-09-02,ILI incidence,2026-09-20,4,GR,quantile,0.05,234.73422582835002
2026-09-02,ILI incidence,2026-09-20,4,GR,quantile,0.99,571.8310021643547
2026-09-02,ILI incidence,2026-09-20,4,GR,median,,339.9807885171183
2026-09-02,ILI incidence,2026-08-30,1,HU,quantile,0.65,24.536691453287816
2026-09-02,ILI incidence,2026-08-30,1,HU,quantile,0.6,23.31312675593142
2026-09-02,ILI incidence,2026-08-30,1,HU,quantile,0.45,20.02755908052706
2026-09-02,ILI incidence,2026-08-30,1,HU,quantile,0.55,22.188519025378017
2026-09-02,ILI incidence,2026-08-30,1,HU,quantile,0.4,18.998535752644663
2026-09-02,ILI incidence,2026-08-30,1,HU,quantile,0.35,17.998768733725385
2026-09-02,ILI incidence,2026-08-30,1,HU,quantile,0.5,21.06968677893311
2026-09-02,ILI incidence,2026-08-30,1,HU,quantile,0.9,34.88380858396049
2026-09-02,ILI incidence,2026-08-30,1,HU,quantile,0.95,40.73176228052208
2026-09-02,ILI incidence,2026-08-30,1,HU,quantile,0.85,31.782020935346715
2026-09-02,ILI incidence,2026-08-30,1,HU,quantile,0.8,29.565907344233754
2026-09-02,ILI incidence,2026-08-30,1,HU,quantile,0.99,52.159123323838784
2026-09-02,ILI incidence,2026-08-30,1,HU,quantile,0.75,27.672442475899416
2026-09-02,ILI incidence,2026-08-30,1,HU,quantile,0.975,45.531775446129664
2026-09-02,ILI incidence,2026-08-30,1,HU,quantile,0.7,25.99112940407001
2026-09-02,ILI incidence,2026-08-30,1,HU,quantile,0.3,16.94898897906887
2026-09-02,ILI incidence,2026-08-30,1,HU,quantile,0.2,14.89682294455357
2026-09-02,ILI incidence,2026-08-30,1,HU,quantile,0.25,15.93243891054211
2026-09-02,ILI incidence,2026-08-30,1,HU,quantile,0.15,13.776431770434622
2026-09-02,ILI incidence,2026-08-30,1,HU,quantile,0.1,12.476493243473232
2026-09-02,ILI incidence,2026-08-30,1,HU,quantile,0.05,10.684858917081256
2026-09-02,ILI incidence,2026-08-30,1,HU,quantile,0.025,9.403648141801105
2026-09-02,ILI incidence,2026-08-30,1,HU,quantile,0.01,8.026930998007899
2026-09-02,ILI incidence,2026-08-30,1,HU,median,,21.06968677893311
2026-09-02,ILI incidence,2026-09-06,2,HU,quantile,0.99,30.212309413101966
2026-09-02,ILI incidence,2026-09-06,2,HU,quantile,0.975,28.271299084728838
2026-09-02,ILI incidence,2026-09-06,2,HU,quantile,0.95,26.566733180351395
2026-09-02,ILI incidence,2026-09-06,2,HU,quantile,0.85,23.778710262149545
2026-09-02,ILI incidence,2026-09-06,2,HU,quantile,0.9,24.90665383323835
2026-09-02,ILI incidence,2026-09-06,2,HU,quantile,0.8,22.93408656709393
2026-09-02,ILI incidence,2026-09-06,2,HU,quantile,0.7,21.63769714736617
2026-09-02,ILI incidence,2026-09-06,2,HU,quantile,0.75,22.252145129109145
2026-09-02,ILI incidence,2026-09-06,2,HU,quantile,0.55,20.055905469232584
2026-09-02,ILI incidence,2026-09-06,2,HU,quantile,0.4,18.694135618711943
2026-09-02,ILI incidence,2026-09-06,2,HU,quantile,0.6,20.53867364154266
2026-09-02,ILI incidence,2026-09-06,2,HU,quantile,0.65,21.042522401971162
2026-09-02,ILI incidence,2026-09-06,2,HU,quantile,0.5,19.61226117112478
2026-09-02,ILI incidence,2026-09-06,2,HU,quantile,0.45,19.138316781103235
2026-09-02,ILI incidence,2026-09-06,2,HU,quantile,0.3,17.788755395498136
2026-09-02,ILI incidence,2026-09-06,2,HU,quantile,0.35,18.215555012897653
2026-09-02,ILI incidence,2026-09-06,2,HU,quantile,0.25,17.314602776442914
2026-09-02,ILI incidence,2026-09-06,2,HU,quantile,0.2,16.78540616739228
2026-09-02,ILI incidence,2026-09-06,2,HU,quantile,0.15,16.181092293391874
2026-09-02,ILI incidence,2026-09-06,2,HU,quantile,0.05,14.427009701603092
2026-09-02,ILI incidence,2026-09-06,2,HU,quantile,0.025,13.540602557125846
2026-09-02,ILI incidence,2026-09-06,2,HU,quantile,0.1,15.476122998469364
2026-09-02,ILI incidence,2026-09-06,2,HU,quantile,0.01,12.616367779425445
2026-09-02,ILI incidence,2026-09-06,2,HU,median,,19.61226117112478
2026-09-02,ILI incidence,2026-09-13,3,HU,quantile,0.975,24.55551079334987
2026-09-02,ILI incidence,2026-09-13,3,HU,quantile,0.75,21.234288340299333
2026-09-02,ILI incidence,2026-09-13,3,HU,quantile,0.55,19.954493849270207
2026-09-02,ILI incidence,2026-09-13,3,HU,quantile,0.6,20.256791850156183
2026-09-02,ILI incidence,2026-09-13,3,HU,quantile,0.35,18.90002000884155
2026-09-02,ILI incidence,2026-09-13,3,HU,quantile,0.45,19.41131028602375
2026-09-02,ILI incidence,2026-09-13,3,HU,quantile,0.5,19.68932236444722
2026-09-02,ILI incidence,2026-09-13,3,HU,quantile,0.7,20.893641292721867
2026-09-02,ILI incidence,2026-09-13,3,HU,quantile,0.99,25.57839348298554
2026-09-02,ILI incidence,2026-09-13,3,HU,quantile,0.65,20.554300248232508
2026-09-02,ILI incidence,2026-09-13,3,HU,quantile,0.9,22.78571751485828
2026-09-02,ILI incidence,2026-09-13,3,HU,quantile,0.4,19.155164715962076
2026-09-02,ILI incidence,2026-09-13,3,HU,quantile,0.8,21.653317823673987
2026-09-02,ILI incidence,2026-09-13,3,HU,quantile,0.85,22.140935931994477
2026-09-02,ILI incidence,2026-09-13,3,HU,quantile,0.95,23.66642522403013
2026-09-02,ILI incidence,2026-09-13,3,HU,quantile,0.25,18.266100220662505
2026-09-02,ILI incidence,2026-09-13,3,HU,quantile,0.1,17.06917925794847
2026-09-02,ILI incidence,2026-09-13,3,HU,quantile,0.05,16.35189447046502
2026-09-02,ILI incidence,2026-09-13,3,HU,quantile,0.3,18.604920246687023
2026-09-02,ILI incidence,2026-09-13,3,HU,quantile,0.2,17.89978081430543
2026-09-02,ILI incidence,2026-09-13,3,HU,quantile,0.15,17.546210825959562
2026-09-02,ILI incidence,2026-09-13,3,HU,quantile,0.025,15.83483638072859
2026-09-02,ILI incidence,2026-09-13,3,HU,quantile,0.01,15.16103897137103
2026-09-02,ILI incidence,2026-09-13,3,HU,median,,19.68932236444722
2026-09-02,ILI incidence,2026-09-20,4,HU,quantile,0.6,17.290803243229
2026-09-02,ILI incidence,2026-09-20,4,HU,quantile,0.75,18.370597513121282
2026-09-02,ILI incidence,2026-09-20,4,HU,quantile,0.975,22.233131487207466
2026-09-02,ILI incidence,2026-09-20,4,HU,quantile,0.55,16.958529674417044
2026-09-02,ILI incidence,2026-09-20,4,HU,quantile,0.99,23.441573241953492
2026-09-02,ILI incidence,2026-09-20,4,HU,quantile,0.65,17.62647715035653
2026-09-02,ILI incidence,2026-09-20,4,HU,quantile,0.7,17.97391635285544
2026-09-02,ILI incidence,2026-09-20,4,HU,quantile,0.5,16.641772079160774
2026-09-02,ILI incidence,2026-09-20,4,HU,quantile,0.95,21.278380812617847
2026-09-02,ILI incidence,2026-09-20,4,HU,quantile,0.8,18.830859608674754
2026-09-02,ILI incidence,2026-09-20,4,HU,quantile,0.85,19.394634613997848
2026-09-02,ILI incidence,2026-09-20,4,HU,quantile,0.9,20.13349979063621
2026-09-02,ILI incidence,2026-09-20,4,HU,quantile,0.45,16.315720246633738
2026-09-02,ILI incidence,2026-09-20,4,HU,quantile,0.4,16.006205111281393
2026-09-02,ILI incidence,2026-09-20,4,HU,quantile,0.01,11.831846296615247
2026-09-02,ILI incidence,2026-09-20,4,HU,quantile,0.35,15.696638724510734
2026-09-02,ILI incidence,2026-09-20,4,HU,quantile,0.25,15.07503350013114
2026-09-02,ILI incidence,2026-09-20,4,HU,quantile,0.2,14.672190835243336
2026-09-02,ILI incidence,2026-09-20,4,HU,quantile,0.3,15.392993805307515
2026-09-02,ILI incidence,2026-09-20,4,HU,quantile,0.05,13.016818114734084
2026-09-02,ILI incidence,2026-09-20,4,HU,quantile,0.15,14.252896155078203
2026-09-02,ILI incidence,2026-09-20,4,HU,quantile,0.025,12.43089508078931
2026-09-02,ILI incidence,2026-09-20,4,HU,quantile,0.1,13.761193704080217
2026-09-02,ILI incidence,2026-09-20,4,HU,median,,16.641772079160774
2026-09-02,ILI incidence,2026-08-30,1,IE,quantile,0.01,0.48115126588641477
2026-09-02,ILI incidence,2026-08-30,1,IE,quantile,0.025,0.5984399016045308
2026-09-02,ILI incidence,2026-08-30,1,IE,quantile,0.05,0.7355485650172812
2026-09-02,ILI incidence,2026-08-30,1,IE,quantile,0.1,0.9052726404624177
2026-09-02,ILI incidence,2026-08-30,1,IE,quantile,0.25,1.3149999720049155
2026-09-02,ILI incidence,2026-08-30,1,IE,quantile,0.3,1.4366026678249482
2026-09-02,ILI incidence,2026-08-30,1,IE,quantile,0.35,1.5675154113544023
2026-09-02,ILI incidence,2026-08-30,1,IE,quantile,0.4,1.701644136065135
2026-09-02,ILI incidence,2026-08-30,1,IE,quantile,0.45,1.8257491155972265
2026-09-02,ILI incidence,2026-08-30,1,IE,quantile,0.5,1.9630223952348564
2026-09-02,ILI incidence,2026-08-30,1,IE,quantile,0.55,2.1075683425389045
2026-09-02,ILI incidence,2026-08-30,1,IE,quantile,0.6,2.2739443503966283
2026-09-02,ILI incidence,2026-08-30,1,IE,quantile,0.65,2.4578729627821096
2026-09-02,ILI incidence,2026-08-30,1,IE,quantile,0.7,2.6451985200958
2026-09-02,ILI incidence,2026-08-30,1,IE,quantile,0.75,2.890393262204501
2026-09-02,ILI incidence,2026-08-30,1,IE,quantile,0.8,3.176597996916687
2026-09-02,ILI incidence,2026-08-30,1,IE,quantile,0.85,3.5662122821694564
2026-09-02,ILI incidence,2026-08-30,1,IE,quantile,0.9,4.107426004202013
2026-09-02,ILI incidence,2026-08-30,1,IE,quantile,0.95,5.127860815331237
2026-09-02,ILI incidence,2026-08-30,1,IE,quantile,0.975,6.137180833542036
2026-09-02,ILI incidence,2026-08-30,1,IE,quantile,0.99,7.646274236421259
2026-09-02,ILI incidence,2026-08-30,1,IE,quantile,0.15,1.0474538012251196
2026-09-02,ILI incidence,2026-08-30,1,IE,quantile,0.2,1.1806046131858206
2026-09-02,ILI incidence,2026-08-30,1,IE,median,,1.9630223952348564
2026-09-02,ILI incidence,2026-09-06,2,IE,quantile,0.975,6.066395811310843
2026-09-02,ILI incidence,2026-09-06,2,IE,quantile,0.99,7.511733759720719
2026-09-02,ILI incidence,2026-09-06,2,IE,quantile,0.9,4.171130069483054
2026-09-02,ILI incidence,2026-09-06,2,IE,quantile,0.95,5.124527527515336
2026-09-02,ILI incidence,2026-09-06,2,IE,quantile,0.05,0.8304572085879757
2026-09-02,ILI incidence,2026-09-06,2,IE,quantile,0.1,1.0118510839742199
2026-09-02,ILI incidence,2026-09-06,2,IE,quantile,0.3,1.5288964073131304
2026-09-02,ILI incidence,2026-09-06,2,IE,quantile,0.35,1.6566813765782316
2026-09-02,ILI incidence,2026-09-06,2,IE,quantile,0.4,1.779736542783923
2026-09-02,ILI incidence,2026-09-06,2,IE,quantile,0.45,1.9126707458102024
2026-09-02,ILI incidence,2026-09-06,2,IE,quantile,0.5,2.0484316975038253
2026-09-02,ILI incidence,2026-09-06,2,IE,quantile,0.55,2.196303063821324
2026-09-02,ILI incidence,2026-09-06,2,IE,quantile,0.6,2.352085731100578
2026-09-02,ILI incidence,2026-09-06,2,IE,quantile,0.01,0.5793572424915655
2026-09-02,ILI incidence,2026-09-06,2,IE,quantile,0.025,0.6951114352152656
2026-09-02,ILI incidence,2026-09-06,2,IE,quantile,0.15,1.155219443374361
2026-09-02,ILI incidence,2026-09-06,2,IE,quantile,0.2,1.284350952689413
2026-09-02,ILI incidence,2026-09-06,2,IE,quantile,0.25,1.4082315781392918
2026-09-02,ILI incidence,2026-09-06,2,IE,quantile,0.65,2.528330354200462
2026-09-02,ILI incidence,2026-09-06,2,IE,quantile,0.7,2.733923458657893
2026-09-02,ILI incidence,2026-09-06,2,IE,quantile,0.75,2.978962691270576
2026-09-02,ILI incidence,2026-09-06,2,IE,quantile,0.8,3.258480497548579
2026-09-02,ILI incidence,2026-09-06,2,IE,quantile,0.85,3.63864849364952
2026-09-02,ILI incidence,2026-09-06,2,IE,median,,2.0484316975038253
2026-09-02,ILI incidence,2026-09-13,3,IE,quantile,0.3,1.1369091306079087
2026-09-02,ILI incidence,2026-09-13,3,IE,quantile,0.35,1.3024253245422992
2026-09-02,ILI incidence,2026-09-13,3,IE,quantile,0.4,1.4692112984549532
2026-09-02,ILI incidence,2026-09-13,3,IE,quantile,0.95,7.674490708689896
2026-09-02,ILI incidence,2026-09-13,3,IE,quantile,0.975,10.243737035460823
2026-09-02,ILI incidence,2026-09-13,3,IE,quantile,0.99,14.530676471767942
2026-09-02,ILI incidence,2026-09-13,3,IE,quantile,0.25,0.9925289908523406
2026-09-02,ILI incidence,2026-09-13,3,IE,quantile,0.8,3.8385702097616727
2026-09-02,ILI incidence,2026-09-13,3,IE,quantile,0.1,0.5764621172640626
2026-09-02,ILI incidence,2026-09-13,3,IE,quantile,0.15,0.7125573088147472
2026-09-02,ILI incidence,2026-09-13,3,IE,quantile,0.2,0.8478148971387557
2026-09-02,ILI incidence,2026-09-13,3,IE,quantile,0.45,1.6457238447170164
2026-09-02,ILI incidence,2026-09-13,3,IE,quantile,0.5,1.8267029004865487
2026-09-02,ILI incidence,2026-09-13,3,IE,quantile,0.55,2.0503851112556473
2026-09-02,ILI incidence,2026-09-13,3,IE,quantile,0.6,2.328311591018353
2026-09-02,ILI incidence,2026-09-13,3,IE,quantile,0.65,2.6119565822010946
2026-09-02,ILI incidence,2026-09-13,3,IE,quantile,0.7,2.944569894108661
2026-09-02,ILI incidence,2026-09-13,3,IE,quantile,0.75,3.34157156188056
2026-09-02,ILI incidence,2026-09-13,3,IE,quantile,0.85,4.5593852905156895
2026-09-02,ILI incidence,2026-09-13,3,IE,quantile,0.9,5.626736256547635
2026-09-02,ILI incidence,2026-09-13,3,IE,quantile,0.05,0.41834142206693475
2026-09-02,ILI incidence,2026-09-13,3,IE,quantile,0.025,0.31566904692323283
2026-09-02,ILI incidence,2026-09-13,3,IE,quantile,0.01,0.23116198591741144
2026-09-02,ILI incidence,2026-09-13,3,IE,median,,1.8267029004865487
2026-09-02,ILI incidence,2026-09-20,4,IE,quantile,0.01,0.10268574781285908
2026-09-02,ILI incidence,2026-09-20,4,IE,quantile,0.025,0.16424093656604927
2026-09-02,ILI incidence,2026-09-20,4,IE,quantile,0.05,0.24362219117138378
2026-09-02,ILI incidence,2026-09-20,4,IE,quantile,0.1,0.37518674771207094
2026-09-02,ILI incidence,2026-09-20,4,IE,quantile,0.15,0.49875452534674813
2026-09-02,ILI incidence,2026-09-20,4,IE,quantile,0.99,26.658006416579973
2026-09-02,ILI incidence,2026-09-20,4,IE,quantile,0.2,0.6407407705050252
2026-09-02,ILI incidence,2026-09-20,4,IE,quantile,0.25,0.7818604899794167
2026-09-02,ILI incidence,2026-09-20,4,IE,quantile,0.6,2.2822145728706444
2026-09-02,ILI incidence,2026-09-20,4,IE,quantile,0.65,2.6785921784403754
2026-09-02,ILI incidence,2026-09-20,4,IE,quantile,0.95,12.27205886009634
2026-09-02,ILI incidence,2026-09-20,4,IE,quantile,0.975,17.30698175528901
2026-09-02,ILI incidence,2026-09-20,4,IE,quantile,0.55,1.9545268384626342
2026-09-02,ILI incidence,2026-09-20,4,IE,quantile,0.7,3.163048205634362
2026-09-02,ILI incidence,2026-09-20,4,IE,quantile,0.8,4.614189452933541
2026-09-02,ILI incidence,2026-09-20,4,IE,quantile,0.9,7.836255370304215
2026-09-02,ILI incidence,2026-09-20,4,IE,quantile,0.5,1.685807347430928
2026-09-02,ILI incidence,2026-09-20,4,IE,quantile,0.75,3.783256068269099
2026-09-02,ILI incidence,2026-09-20,4,IE,quantile,0.85,5.875846711636286
2026-09-02,ILI incidence,2026-09-20,4,IE,quantile,0.4,1.2638664904217674
2026-09-02,ILI incidence,2026-09-20,4,IE,quantile,0.3,0.932822663345305
2026-09-02,ILI incidence,2026-09-20,4,IE,quantile,0.45,1.4674878046439248
2026-09-02,ILI incidence,2026-09-20,4,IE,quantile,0.35,1.0961155287134945
2026-09-02,ILI incidence,2026-09-20,4,IE,median,,1.685807347430928
2026-09-02,ILI incidence,2026-08-30,1,IS,quantile,0.99,0.626510276938386
2026-09-02,ILI incidence,2026-08-30,1,IS,quantile,0.75,0.41882099969496217
2026-09-02,ILI incidence,2026-08-30,1,IS,quantile,0.95,0.5310004032659081
2026-09-02,ILI incidence,2026-08-30,1,IS,quantile,0.85,0.45595631131595077
2026-09-02,ILI incidence,2026-08-30,1,IS,quantile,0.9,0.4838504436428568
2026-09-02,ILI incidence,2026-08-30,1,IS,quantile,0.975,0.5710004067377534
2026-09-02,ILI incidence,2026-08-30,1,IS,quantile,0.7,0.403695068152692
2026-09-02,ILI incidence,2026-08-30,1,IS,quantile,0.8,0.43588186616823477
2026-09-02,ILI incidence,2026-08-30,1,IS,quantile,0.65,0.39035567467476906
2026-09-02,ILI incidence,2026-08-30,1,IS,quantile,0.4,0.3352967185323748
2026-09-02,ILI incidence,2026-08-30,1,IS,quantile,0.6,0.37922888080741346
2026-09-02,ILI incidence,2026-08-30,1,IS,quantile,0.55,0.3669978039563675
2026-09-02,ILI incidence,2026-08-30,1,IS,quantile,0.5,0.3559406078049868
2026-09-02,ILI incidence,2026-08-30,1,IS,quantile,0.45,0.34594385818329143
2026-09-02,ILI incidence,2026-08-30,1,IS,quantile,0.25,0.30370778820924604
2026-09-02,ILI incidence,2026-08-30,1,IS,quantile,0.35,0.3254899244121415
2026-09-02,ILI incidence,2026-08-30,1,IS,quantile,0.3,0.3151840844833266
2026-09-02,ILI incidence,2026-08-30,1,IS,quantile,0.2,0.29096622578008585
2026-09-02,ILI incidence,2026-08-30,1,IS,quantile,0.15,0.27684614186858303
2026-09-02,ILI incidence,2026-08-30,1,IS,quantile,0.1,0.26196920462053214
2026-09-02,ILI incidence,2026-08-30,1,IS,quantile,0.05,0.23903174706269947
2026-09-02,ILI incidence,2026-08-30,1,IS,quantile,0.01,0.20339475989652517
2026-09-02,ILI incidence,2026-08-30,1,IS,quantile,0.025,0.22168333292057565
2026-09-02,ILI incidence,2026-08-30,1,IS,median,,0.3559406078049868
2026-09-02,ILI incidence,2026-09-06,2,IS,quantile,0.85,0.6755840970111551
2026-09-02,ILI incidence,2026-09-06,2,IS,quantile,0.95,0.8986554438399353
2026-09-02,ILI incidence,2026-09-06,2,IS,quantile,0.975,1.0173228634145326
2026-09-02,ILI incidence,2026-09-06,2,IS,quantile,0.9,0.7611576851484321
2026-09-02,ILI incidence,2026-09-06,2,IS,quantile,0.8,0.6150652422816055
2026-09-02,ILI incidence,2026-09-06,2,IS,quantile,0.01,0.14518227471962344
2026-09-02,ILI incidence,2026-09-06,2,IS,quantile,0.75,0.5715926183804259
2026-09-02,ILI incidence,2026-09-06,2,IS,quantile,0.99,1.208078436710392
2026-09-02,ILI incidence,2026-09-06,2,IS,quantile,0.7,0.532345472425671
2026-09-02,ILI incidence,2026-09-06,2,IS,quantile,0.65,0.5001024181083518
2026-09-02,ILI incidence,2026-09-06,2,IS,quantile,0.025,0.17011771534314685
2026-09-02,ILI incidence,2026-09-06,2,IS,quantile,0.45,0.39070882493759995
2026-09-02,ILI incidence,2026-09-06,2,IS,quantile,0.4,0.36857480763766237
2026-09-02,ILI incidence,2026-09-06,2,IS,quantile,0.05,0.19612590526667678
2026-09-02,ILI incidence,2026-09-06,2,IS,quantile,0.2,0.28000355278340927
2026-09-02,ILI incidence,2026-09-06,2,IS,quantile,0.3,0.32592799070647455
2026-09-02,ILI incidence,2026-09-06,2,IS,quantile,0.5,0.4145790700058377
2026-09-02,ILI incidence,2026-09-06,2,IS,quantile,0.1,0.23161625956049534
2026-09-02,ILI incidence,2026-09-06,2,IS,quantile,0.6,0.46800504641935037
2026-09-02,ILI incidence,2026-09-06,2,IS,quantile,0.15,0.2576194507387298
2026-09-02,ILI incidence,2026-09-06,2,IS,quantile,0.55,0.4399127957295892
2026-09-02,ILI incidence,2026-09-06,2,IS,quantile,0.35,0.34725186632078425
2026-09-02,ILI incidence,2026-09-06,2,IS,quantile,0.25,0.30383705378879233
2026-09-02,ILI incidence,2026-09-06,2,IS,median,,0.4145790700058377
2026-09-02,ILI incidence,2026-09-20,4,IS,quantile,0.975,3.1657161188149714
2026-09-02,ILI incidence,2026-09-20,4,IS,quantile,0.85,1.8634641205964548
2026-09-02,ILI incidence,2026-09-20,4,IS,quantile,0.8,1.679316978269936
2026-09-02,ILI incidence,2026-09-20,4,IS,quantile,0.95,2.6417084651716167
2026-09-02,ILI incidence,2026-09-20,4,IS,quantile,0.9,2.1519021989001588
2026-09-02,ILI incidence,2026-09-20,4,IS,quantile,0.7,1.382014795939627
2026-09-02,ILI incidence,2026-09-20,4,IS,quantile,0.75,1.5174200691043145
2026-09-02,ILI incidence,2026-09-20,4,IS,quantile,0.6,1.1833999353111033
2026-09-02,ILI incidence,2026-09-20,4,IS,quantile,0.5,1.019310414507267
2026-09-02,ILI incidence,2026-09-20,4,IS,quantile,0.55,1.100586435262834
2026-09-02,ILI incidence,2026-09-20,4,IS,quantile,0.1,0.4890187759367291
2026-09-02,ILI incidence,2026-09-20,4,IS,quantile,0.025,0.32072653660967976
2026-09-02,ILI incidence,2026-09-20,4,IS,quantile,0.65,1.2791687862983532
2026-09-02,ILI incidence,2026-09-20,4,IS,quantile,0.45,0.9503090619420813
2026-09-02,ILI incidence,2026-09-20,4,IS,quantile,0.05,0.39343732027760275
2026-09-02,ILI incidence,2026-09-20,4,IS,quantile,0.35,0.8200345837052139
2026-09-02,ILI incidence,2026-09-20,4,IS,quantile,0.4,0.8841454594790575
2026-09-02,ILI incidence,2026-09-20,4,IS,quantile,0.3,0.7504309587710256
2026-09-02,ILI incidence,2026-09-20,4,IS,quantile,0.2,0.6295588203390092
2026-09-02,ILI incidence,2026-09-20,4,IS,quantile,0.25,0.6927555782537944
2026-09-02,ILI incidence,2026-09-20,4,IS,quantile,0.15,0.5635509636029503
2026-09-02,ILI incidence,2026-09-20,4,IS,quantile,0.01,0.25955576345668974
2026-09-02,ILI incidence,2026-09-20,4,IS,quantile,0.99,3.9343516355470878
2026-09-02,ILI incidence,2026-09-20,4,IS,median,,1.019310414507267
2026-09-02,ILI incidence,2026-08-30,1,LT,quantile,0.99,3.26751186509215
2026-09-02,ILI incidence,2026-08-30,1,LT,quantile,0.65,1.3099820674851044
2026-09-02,ILI incidence,2026-08-30,1,LT,quantile,0.7,1.3909442379379282
2026-09-02,ILI incidence,2026-08-30,1,LT,quantile,0.6,1.2313146329222602
2026-09-02,ILI incidence,2026-08-30,1,LT,quantile,0.75,1.4956426198420927
2026-09-02,ILI incidence,2026-08-30,1,LT,quantile,0.55,1.1677979242965204
2026-09-02,ILI incidence,2026-08-30,1,LT,quantile,0.975,2.7317426199436645
2026-09-02,ILI incidence,2026-08-30,1,LT,quantile,0.5,1.0992387918333066
2026-09-02,ILI incidence,2026-08-30,1,LT,quantile,0.4,0.9758612502010475
2026-09-02,ILI incidence,2026-08-30,1,LT,quantile,0.8,1.614959559178071
2026-09-02,ILI incidence,2026-08-30,1,LT,quantile,0.85,1.7690541391945809
2026-09-02,ILI incidence,2026-08-30,1,LT,quantile,0.9,1.9795028649485344
2026-09-02,ILI incidence,2026-08-30,1,LT,quantile,0.3,0.8557505859697545
2026-09-02,ILI incidence,2026-08-30,1,LT,quantile,0.45,1.0329795160120119
2026-09-02,ILI incidence,2026-08-30,1,LT,quantile,0.95,2.33582493843255
2026-09-02,ILI incidence,2026-08-30,1,LT,quantile,0.1,0.6020614183002783
2026-09-02,ILI incidence,2026-08-30,1,LT,quantile,0.15,0.6712902072412632
2026-09-02,ILI incidence,2026-08-30,1,LT,quantile,0.2,0.7419376498496671
2026-09-02,ILI incidence,2026-08-30,1,LT,quantile,0.25,0.8007448554680642
2026-09-02,ILI incidence,2026-08-30,1,LT,quantile,0.35,0.917341501567131
2026-09-02,ILI incidence,2026-08-30,1,LT,quantile,0.025,0.43677338214292566
2026-09-02,ILI incidence,2026-08-30,1,LT,quantile,0.05,0.5050687757529803
2026-09-02,ILI incidence,2026-08-30,1,LT,quantile,0.01,0.37520611153098266
2026-09-02,ILI incidence,2026-08-30,1,LT,median,,1.0992387918333066
2026-09-02,ILI incidence,2026-09-06,2,LT,quantile,0.01,0.7269042255813015
2026-09-02,ILI incidence,2026-09-06,2,LT,quantile,0.99,2.1384071177333124
2026-09-02,ILI incidence,2026-09-06,2,LT,quantile,0.95,1.8260963805485226
2026-09-02,ILI incidence,2026-09-06,2,LT,quantile,0.9,1.6769327549967934
2026-09-02,ILI incidence,2026-09-06,2,LT,quantile,0.975,1.9517816582868357
2026-09-02,ILI incidence,2026-09-06,2,LT,quantile,0.85,1.585060018003323
2026-09-02,ILI incidence,2026-09-06,2,LT,quantile,0.8,1.5125801071108043
2026-09-02,ILI incidence,2026-09-06,2,LT,quantile,0.025,0.7866233636233242
2026-09-02,ILI incidence,2026-09-06,2,LT,quantile,0.1,0.9217032275742199
2026-09-02,ILI incidence,2026-09-06,2,LT,quantile,0.05,0.8476207315925031
2026-09-02,ILI incidence,2026-09-06,2,LT,quantile,0.15,0.9758050378102023
2026-09-02,ILI incidence,2026-09-06,2,LT,quantile,0.7,1.4057404497712405
2026-09-02,ILI incidence,2026-09-06,2,LT,quantile,0.55,1.2883954436628773
2026-09-02,ILI incidence,2026-09-06,2,LT,quantile,0.35,1.1412538935414756
2026-09-02,ILI incidence,2026-09-06,2,LT,quantile,0.4,1.1781688989410284
2026-09-02,ILI incidence,2026-09-06,2,LT,quantile,0.65,1.362136410871161
2026-09-02,ILI incidence,2026-09-06,2,LT,quantile,0.6,1.3236640569479372
2026-09-02,ILI incidence,2026-09-06,2,LT,quantile,0.75,1.4543614618480982
2026-09-02,ILI incidence,2026-09-06,2,LT,quantile,0.45,1.2118724645983088
2026-09-02,ILI incidence,2026-09-06,2,LT,quantile,0.2,1.0245868240972464
2026-09-02,ILI incidence,2026-09-06,2,LT,quantile,0.25,1.0656979247592888
2026-09-02,ILI incidence,2026-09-06,2,LT,quantile,0.5,1.2506269076612877
2026-09-02,ILI incidence,2026-09-06,2,LT,quantile,0.3,1.103211299842041
2026-09-02,ILI incidence,2026-09-06,2,LT,median,,1.2506269076612877
2026-09-02,ILI incidence,2026-09-13,3,LT,quantile,0.15,0.9353668045970989
2026-09-02,ILI incidence,2026-09-13,3,LT,quantile,0.025,0.7522445848995013
2026-09-02,ILI incidence,2026-09-13,3,LT,quantile,0.01,0.6867048544535587
2026-09-02,ILI incidence,2026-09-13,3,LT,quantile,0.2,0.9809654206716157
2026-09-02,ILI incidence,2026-09-13,3,LT,quantile,0.1,0.8785019501911856
2026-09-02,ILI incidence,2026-09-13,3,LT,quantile,0.05,0.8077675879791699
2026-09-02,ILI incidence,2026-09-13,3,LT,quantile,0.25,1.0209456938767052
2026-09-02,ILI incidence,2026-09-13,3,LT,quantile,0.3,1.0612739070652106
2026-09-02,ILI incidence,2026-09-13,3,LT,quantile,0.35,1.0968604654671197
2026-09-02,ILI incidence,2026-09-13,3,LT,quantile,0.45,1.1672653441317644
2026-09-02,ILI incidence,2026-09-13,3,LT,quantile,0.4,1.1317991335590243
2026-09-02,ILI incidence,2026-09-13,3,LT,quantile,0.975,1.9178052266867842
2026-09-02,ILI incidence,2026-09-13,3,LT,quantile,0.99,2.073953481851782
2026-09-02,ILI incidence,2026-09-13,3,LT,quantile,0.5,1.202054823773276
2026-09-02,ILI incidence,2026-09-13,3,LT,quantile,0.55,1.2400321449074434
2026-09-02,ILI incidence,2026-09-13,3,LT,quantile,0.95,1.7732080736922489
2026-09-02,ILI incidence,2026-09-13,3,LT,quantile,0.75,1.404419828100315
2026-09-02,ILI incidence,2026-09-13,3,LT,quantile,0.7,1.3575601501355687
2026-09-02,ILI incidence,2026-09-13,3,LT,quantile,0.8,1.4581835781742003
2026-09-02,ILI incidence,2026-09-13,3,LT,quantile,0.6,1.2757733808509717
2026-09-02,ILI incidence,2026-09-13,3,LT,quantile,0.85,1.5272351045083787
2026-09-02,ILI incidence,2026-09-13,3,LT,quantile,0.9,1.6224242041459078
2026-09-02,ILI incidence,2026-09-13,3,LT,quantile,0.65,1.3160266574912414
2026-09-02,ILI incidence,2026-09-13,3,LT,median,,1.202054823773276
2026-09-02,ILI incidence,2026-09-20,4,LT,quantile,0.01,0.4674131035588994
2026-09-02,ILI incidence,2026-09-20,4,LT,quantile,0.025,0.5210015299882587
2026-09-02,ILI incidence,2026-09-20,4,LT,quantile,0.05,0.5830970744577422
2026-09-02,ILI incidence,2026-09-20,4,LT,quantile,0.75,1.3047783806348288
2026-09-02,ILI incidence,2026-09-20,4,LT,quantile,0.85,1.4777657282082681
2026-09-02,ILI incidence,2026-09-20,4,LT,quantile,0.7,1.238490154863179
2026-09-02,ILI incidence,2026-09-20,4,LT,quantile,0.6,1.1245347816827542
2026-09-02,ILI incidence,2026-09-20,4,LT,quantile,0.55,1.0744799863039782
2026-09-02,ILI incidence,2026-09-20,4,LT,quantile,0.65,1.1776766917072723
2026-09-02,ILI incidence,2026-09-20,4,LT,quantile,0.45,0.9851177529473758
2026-09-02,ILI incidence,2026-09-20,4,LT,quantile,0.5,1.0300567531727842
2026-09-02,ILI incidence,2026-09-20,4,LT,quantile,0.4,0.9451509580903495
2026-09-02,ILI incidence,2026-09-20,4,LT,quantile,0.1,0.6643700729806246
2026-09-02,ILI incidence,2026-09-20,4,LT,quantile,0.15,0.7231541367952955
2026-09-02,ILI incidence,2026-09-20,4,LT,quantile,0.25,0.8206107162716236
2026-09-02,ILI incidence,2026-09-20,4,LT,quantile,0.9,1.6124142421569836
2026-09-02,ILI incidence,2026-09-20,4,LT,quantile,0.2,0.7731597446078229
2026-09-02,ILI incidence,2026-09-20,4,LT,quantile,0.3,0.8621640738476202
2026-09-02,ILI incidence,2026-09-20,4,LT,quantile,0.35,0.9057539682650806
2026-09-02,ILI incidence,2026-09-20,4,LT,quantile,0.8,1.382378747762064
2026-09-02,ILI incidence,2026-09-20,4,LT,quantile,0.99,2.323611091885385
2026-09-02,ILI incidence,2026-09-20,4,LT,quantile,0.95,1.8295714469703994
2026-09-02,ILI incidence,2026-09-20,4,LT,quantile,0.975,2.07287736113526
2026-09-02,ILI incidence,2026-09-20,4,LT,median,,1.0300567531727842
2026-09-02,ILI incidence,2026-08-30,1,LU,quantile,0.55,9.728643597478966e-4
2026-09-02,ILI incidence,2026-08-30,1,LU,quantile,0.6,0.0010555381690665329
2026-09-02,ILI incidence,2026-08-30,1,LU,quantile,0.65,0.0011523869005412857
2026-09-02,ILI incidence,2026-08-30,1,LU,quantile,0.9,0.002080662342958704
2026-09-02,ILI incidence,2026-08-30,1,LU,quantile,0.95,0.0026458962898337096
2026-09-02,ILI incidence,2026-08-30,1,LU,quantile,0.99,0.004264159215062772
2026-09-02,ILI incidence,2026-08-30,1,LU,quantile,0.5,9.014935172365553e-4
2026-09-02,ILI incidence,2026-08-30,1,LU,quantile,0.85,0.0017696803820299353
2026-09-02,ILI incidence,2026-08-30,1,LU,quantile,0.7,0.001267696314647772
2026-09-02,ILI incidence,2026-08-30,1,LU,quantile,0.75,0.0013901698313549145
2026-09-02,ILI incidence,2026-08-30,1,LU,quantile,0.8,0.00155822358182737
2026-09-02,ILI incidence,2026-08-30,1,LU,quantile,0.975,0.003354103260954991
2026-09-02,ILI incidence,2026-08-30,1,LU,quantile,0.2,5.106287983969831e-4
2026-09-02,ILI incidence,2026-08-30,1,LU,quantile,0.25,5.724015461860083e-4
2026-09-02,ILI incidence,2026-08-30,1,LU,quantile,0.3,6.301974067344923e-4
2026-09-02,ILI incidence,2026-08-30,1,LU,quantile,0.35,6.948078764647475e-4
2026-09-02,ILI incidence,2026-08-30,1,LU,quantile,0.4,7.586436209661153e-4
2026-09-02,ILI incidence,2026-08-30,1,LU,quantile,0.45,8.279140727269012e-4
2026-09-02,ILI incidence,2026-08-30,1,LU,quantile,0.01,1.8991415049106672e-4
2026-09-02,ILI incidence,2026-08-30,1,LU,quantile,0.025,2.4356112062644297e-4
2026-09-02,ILI incidence,2026-08-30,1,LU,quantile,0.05,2.999646411466412e-4
2026-09-02,ILI incidence,2026-08-30,1,LU,quantile,0.1,3.790893508614503e-4
2026-09-02,ILI incidence,2026-08-30,1,LU,quantile,0.15,4.493967549767284e-4
2026-09-02,ILI incidence,2026-08-30,1,LU,median,,9.014935172365553e-4
2026-09-02,ILI incidence,2026-09-06,2,LU,quantile,0.05,5.649036841906467e-4
2026-09-02,ILI incidence,2026-09-06,2,LU,quantile,0.01,4.317783451345436e-4
2026-09-02,ILI incidence,2026-09-06,2,LU,quantile,0.025,5.007767559781636e-4
2026-09-02,ILI incidence,2026-09-06,2,LU,quantile,0.75,0.0014308948463352849
2026-09-02,ILI incidence,2026-09-06,2,LU,quantile,0.8,0.0015223496537729963
2026-09-02,ILI incidence,2026-09-06,2,LU,quantile,0.7,0.0013481991113056934
2026-09-02,ILI incidence,2026-09-06,2,LU,quantile,0.85,0.0016356327353645717
2026-09-02,ILI incidence,2026-09-06,2,LU,quantile,0.9,0.001806961674257328
2026-09-02,ILI incidence,2026-09-06,2,LU,quantile,0.95,0.0021185810418557906
2026-09-02,ILI incidence,2026-09-06,2,LU,quantile,0.975,0.002376832252787849
2026-09-02,ILI incidence,2026-09-06,2,LU,quantile,0.99,0.00273304938879506
2026-09-02,ILI incidence,2026-09-06,2,LU,quantile,0.1,6.57616672818261e-4
2026-09-02,ILI incidence,2026-09-06,2,LU,quantile,0.15,7.213821613504118e-4
2026-09-02,ILI incidence,2026-09-06,2,LU,quantile,0.2,7.799776574686798e-4
2026-09-02,ILI incidence,2026-09-06,2,LU,quantile,0.25,8.325025517953582e-4
2026-09-02,ILI incidence,2026-09-06,2,LU,quantile,0.3,8.840993055741276e-4
2026-09-02,ILI incidence,2026-09-06,2,LU,quantile,0.35,9.328630504391412e-4
2026-09-02,ILI incidence,2026-09-06,2,LU,quantile,0.4,9.860218019712447e-4
2026-09-02,ILI incidence,2026-09-06,2,LU,quantile,0.45,0.0010397741316945297
2026-09-02,ILI incidence,2026-09-06,2,LU,quantile,0.5,0.0010929959814445574
2026-09-02,ILI incidence,2026-09-06,2,LU,quantile,0.55,0.0011498920726831152
2026-09-02,ILI incidence,2026-09-06,2,LU,quantile,0.6,0.001208523089701233
2026-09-02,ILI incidence,2026-09-06,2,LU,quantile,0.65,0.001274909266871953
2026-09-02,ILI incidence,2026-09-06,2,LU,median,,0.0010929959814445574
2026-09-02,ILI incidence,2026-09-13,3,LU,quantile,0.05,3.3077704141392853e-4
2026-09-02,ILI incidence,2026-09-13,3,LU,quantile,0.2,5.016525920954282e-4
2026-09-02,ILI incidence,2026-09-13,3,LU,quantile,0.25,5.46872603721849e-4
2026-09-02,ILI incidence,2026-09-13,3,LU,quantile,0.3,5.908355703477948e-4
2026-09-02,ILI incidence,2026-09-13,3,LU,quantile,0.35,6.36181776657936e-4
2026-09-02,ILI incidence,2026-09-13,3,LU,quantile,0.5,7.777076007987314e-4
2026-09-02,ILI incidence,2026-09-13,3,LU,quantile,0.55,8.338889116020201e-4
2026-09-02,ILI incidence,2026-09-13,3,LU,quantile,0.6,8.928530248482026e-4
2026-09-02,ILI incidence,2026-09-13,3,LU,quantile,0.65,9.529356229832997e-4
2026-09-02,ILI incidence,2026-09-13,3,LU,quantile,0.9,0.001517571680535489
2026-09-02,ILI incidence,2026-09-13,3,LU,quantile,0.95,0.0018332683213521314
2026-09-02,ILI incidence,2026-09-13,3,LU,quantile,0.975,0.0021515658634275923
2026-09-02,ILI incidence,2026-09-13,3,LU,quantile,0.99,0.002645907096996916
2026-09-02,ILI incidence,2026-09-13,3,LU,quantile,0.01,2.3151196318296608e-4
2026-09-02,ILI incidence,2026-09-13,3,LU,quantile,0.025,2.810142271547873e-4
2026-09-02,ILI incidence,2026-09-13,3,LU,quantile,0.4,6.836350541292618e-4
2026-09-02,ILI incidence,2026-09-13,3,LU,quantile,0.45,7.282128699132482e-4
2026-09-02,ILI incidence,2026-09-13,3,LU,quantile,0.7,0.0010236177865077236
2026-09-02,ILI incidence,2026-09-13,3,LU,quantile,0.75,0.001103375085941776
2026-09-02,ILI incidence,2026-09-13,3,LU,quantile,0.8,0.0012051289840535702
2026-09-02,ILI incidence,2026-09-13,3,LU,quantile,0.85,0.0013330314031414845
2026-09-02,ILI incidence,2026-09-13,3,LU,quantile,0.1,4.039444937723511e-4
2026-09-02,ILI incidence,2026-09-13,3,LU,quantile,0.15,4.5174434981563275e-4
2026-09-02,ILI incidence,2026-09-13,3,LU,median,,7.777076007987314e-4
2026-09-02,ILI incidence,2026-09-20,4,LU,quantile,0.3,8.234120922234649e-4
2026-09-02,ILI incidence,2026-09-20,4,LU,quantile,0.1,5.773648224191578e-4
2026-09-02,ILI incidence,2026-09-20,4,LU,quantile,0.25,7.690430694089834e-4
2026-09-02,ILI incidence,2026-09-20,4,LU,quantile,0.15,6.510130374253709e-4
2026-09-02,ILI incidence,2026-09-20,4,LU,quantile,0.05,4.8483934638489113e-4
2026-09-02,ILI incidence,2026-09-20,4,LU,quantile,0.2,7.141312903546077e-4
2026-09-02,ILI incidence,2026-09-20,4,LU,quantile,0.01,3.436095728905967e-4
2026-09-02,ILI incidence,2026-09-20,4,LU,quantile,0.025,0.00040986133446419167
2026-09-02,ILI incidence,2026-09-20,4,LU,quantile,0.35,8.77773967427768e-4
2026-09-02,ILI incidence,2026-09-20,4,LU,quantile,0.4,9.338419825038638e-4
2026-09-02,ILI incidence,2026-09-20,4,LU,quantile,0.45,9.908993727015705e-4
2026-09-02,ILI incidence,2026-09-20,4,LU,quantile,0.5,0.0010522288883338953
2026-09-02,ILI incidence,2026-09-20,4,LU,quantile,0.55,0.0011151365805709052
2026-09-02,ILI incidence,2026-09-20,4,LU,quantile,0.6,0.0011848443299362255
2026-09-02,ILI incidence,2026-09-20,4,LU,quantile,0.65,0.0012622366893313103
2026-09-02,ILI incidence,2026-09-20,4,LU,quantile,0.7,0.0013493653818621228
2026-09-02,ILI incidence,2026-09-20,4,LU,quantile,0.75,0.0014495961136783433
2026-09-02,ILI incidence,2026-09-20,4,LU,quantile,0.8,0.0015587373120297724
2026-09-02,ILI incidence,2026-09-20,4,LU,quantile,0.85,0.0016999097217762428
2026-09-02,ILI incidence,2026-09-20,4,LU,quantile,0.9,0.0019123988552189085
2026-09-02,ILI incidence,2026-09-20,4,LU,quantile,0.95,0.0022456109699281247
2026-09-02,ILI incidence,2026-09-20,4,LU,quantile,0.975,0.0026329124638412335
2026-09-02,ILI incidence,2026-09-20,4,LU,quantile,0.99,0.003135328778226395
2026-09-02,ILI incidence,2026-09-20,4,LU,median,,0.0010522288883338953
2026-09-02,ILI incidence,2026-08-30,1,MT,quantile,0.95,5931.698215016736
2026-09-02,ILI incidence,2026-08-30,1,MT,quantile,0.99,6792.491649552217
2026-09-02,ILI incidence,2026-08-30,1,MT,quantile,0.85,5243.946780334067
2026-09-02,ILI incidence,2026-08-30,1,MT,quantile,0.7,4718.388804476748
2026-09-02,ILI incidence,2026-08-30,1,MT,quantile,0.8,5038.245381385355
2026-09-02,ILI incidence,2026-08-30,1,MT,quantile,0.75,4867.402266360827
2026-09-02,ILI incidence,2026-08-30,1,MT,quantile,0.975,6287.378567274751
2026-09-02,ILI incidence,2026-08-30,1,MT,quantile,0.55,4375.985617297428
2026-09-02,ILI incidence,2026-08-30,1,MT,quantile,0.45,4163.376403436227
2026-09-02,ILI incidence,2026-08-30,1,MT,quantile,0.5,4272.599495393809
2026-09-02,ILI incidence,2026-08-30,1,MT,quantile,0.9,5498.7916272994535
2026-09-02,ILI incidence,2026-08-30,1,MT,quantile,0.65,4596.448852514264
2026-09-02,ILI incidence,2026-08-30,1,MT,quantile,0.6,4485.021516705045
2026-09-02,ILI incidence,2026-08-30,1,MT,quantile,0.05,3084.3219445906375
2026-09-02,ILI incidence,2026-08-30,1,MT,quantile,0.4,4055.4822527601355
2026-09-02,ILI incidence,2026-08-30,1,MT,quantile,0.3,3831.469352193479
2026-09-02,ILI incidence,2026-08-30,1,MT,quantile,0.01,2710.7532328144857
2026-09-02,ILI incidence,2026-08-30,1,MT,quantile,0.35,3938.978557100463
2026-09-02,ILI incidence,2026-08-30,1,MT,quantile,0.1,3311.7888709756976
2026-09-02,ILI incidence,2026-08-30,1,MT,quantile,0.15,3467.851388748893
2026-09-02,ILI incidence,2026-08-30,1,MT,quantile,0.2,3605.581278781481
2026-09-02,ILI incidence,2026-08-30,1,MT,quantile,0.25,3721.609355740133
2026-09-02,ILI incidence,2026-08-30,1,MT,quantile,0.025,2902.4011905244415
2026-09-02,ILI incidence,2026-08-30,1,MT,median,,4272.599495393809
2026-09-02,ILI incidence,2026-09-06,2,MT,quantile,0.3,4621.032336211566
2026-09-02,ILI incidence,2026-09-06,2,MT,quantile,0.35,4734.525288975166
2026-09-02,ILI incidence,2026-09-06,2,MT,quantile,0.25,4507.6382397031175
2026-09-02,ILI incidence,2026-09-06,2,MT,quantile,0.4,4839.838663670186
2026-09-02,ILI incidence,2026-09-06,2,MT,quantile,0.2,4371.055285215849
2026-09-02,ILI incidence,2026-09-06,2,MT,quantile,0.1,4051.2956630167578
2026-09-02,ILI incidence,2026-09-06,2,MT,quantile,0.025,3594.6243879469903
2026-09-02,ILI incidence,2026-09-06,2,MT,quantile,0.15,4224.937937826543
2026-09-02,ILI incidence,2026-09-06,2,MT,quantile,0.05,3795.8475130817314
2026-09-02,ILI incidence,2026-09-06,2,MT,quantile,0.7,5548.0284831918425
2026-09-02,ILI incidence,2026-09-06,2,MT,quantile,0.6,5283.949059538809
2026-09-02,ILI incidence,2026-09-06,2,MT,quantile,0.65,5404.62447348782
2026-09-02,ILI incidence,2026-09-06,2,MT,quantile,0.8,5876.009016138763
2026-09-02,ILI incidence,2026-09-06,2,MT,quantile,0.45,4948.11506047745
2026-09-02,ILI incidence,2026-09-06,2,MT,quantile,0.01,3406.564096434524
2026-09-02,ILI incidence,2026-09-06,2,MT,quantile,0.55,5169.828729916097
2026-09-02,ILI incidence,2026-09-06,2,MT,quantile,0.5,5060.145963491272
2026-09-02,ILI incidence,2026-09-06,2,MT,quantile,0.75,5700.696267439988
2026-09-02,ILI incidence,2026-09-06,2,MT,quantile,0.85,6061.856061259172
2026-09-02,ILI incidence,2026-09-06,2,MT,quantile,0.99,7595.063415175462
2026-09-02,ILI incidence,2026-09-06,2,MT,quantile,0.975,7115.904709909548
2026-09-02,ILI incidence,2026-09-06,2,MT,quantile,0.95,6762.375539313537
2026-09-02,ILI incidence,2026-09-06,2,MT,quantile,0.9,6346.404477134551
2026-09-02,ILI incidence,2026-09-06,2,MT,median,,5060.145963491272
2026-09-02,ILI incidence,2026-09-13,3,MT,quantile,0.3,3649.3115516431462
2026-09-02,ILI incidence,2026-09-13,3,MT,quantile,0.25,3495.0993677582974
2026-09-02,ILI incidence,2026-09-13,3,MT,quantile,0.15,3139.306990202011
2026-09-02,ILI incidence,2026-09-13,3,MT,quantile,0.1,2919.3368294801076
2026-09-02,ILI incidence,2026-09-13,3,MT,quantile,0.35,3793.0977999086135
2026-09-02,ILI incidence,2026-09-13,3,MT,quantile,0.2,3340.467535083324
2026-09-02,ILI incidence,2026-09-13,3,MT,quantile,0.05,2641.436571687661
2026-09-02,ILI incidence,2026-09-13,3,MT,quantile,0.01,2173.727243495101
2026-09-02,ILI incidence,2026-09-13,3,MT,quantile,0.4,3951.6149605496967
2026-09-02,ILI incidence,2026-09-13,3,MT,quantile,0.025,2407.037051522846
2026-09-02,ILI incidence,2026-09-13,3,MT,quantile,0.5,4251.981951566191
2026-09-02,ILI incidence,2026-09-13,3,MT,quantile,0.45,4089.8793288153006
2026-09-02,ILI incidence,2026-09-13,3,MT,quantile,0.7,4970.564659455891
2026-09-02,ILI incidence,2026-09-13,3,MT,quantile,0.55,4408.046556392687
2026-09-02,ILI incidence,2026-09-13,3,MT,quantile,0.6,4583.4733844882285
2026-09-02,ILI incidence,2026-09-13,3,MT,quantile,0.65,4760.1503731347175
2026-09-02,ILI incidence,2026-09-13,3,MT,quantile,0.75,5191.881150015772
2026-09-02,ILI incidence,2026-09-13,3,MT,quantile,0.99,8385.75684813278
2026-09-02,ILI incidence,2026-09-13,3,MT,quantile,0.9,6200.125172074832
2026-09-02,ILI incidence,2026-09-13,3,MT,quantile,0.975,7535.7920627818585
2026-09-02,ILI incidence,2026-09-13,3,MT,quantile,0.85,5758.587922044591
2026-09-02,ILI incidence,2026-09-13,3,MT,quantile,0.8,5452.499871055075
2026-09-02,ILI incidence,2026-09-13,3,MT,quantile,0.95,6893.425244796225
2026-09-02,ILI incidence,2026-09-13,3,MT,median,,4251.981951566191
2026-09-02,ILI incidence,2026-09-20,4,MT,quantile,0.8,5350.098843418848
2026-09-02,ILI incidence,2026-09-20,4,MT,quantile,0.7,4669.619008203146
2026-09-02,ILI incidence,2026-09-20,4,MT,quantile,0.75,4976.697696737655
2026-09-02,ILI incidence,2026-09-20,4,MT,quantile,0.85,5838.970557178963
2026-09-02,ILI incidence,2026-09-20,4,MT,quantile,0.975,8966.865478819062
2026-09-02,ILI incidence,2026-09-20,4,MT,quantile,0.4,3330.482764861519
2026-09-02,ILI incidence,2026-09-20,4,MT,quantile,0.5,3702.523920193873
2026-09-02,ILI incidence,2026-09-20,4,MT,quantile,0.99,10420.460334887452
2026-09-02,ILI incidence,2026-09-20,4,MT,quantile,0.95,7748.39818383684
2026-09-02,ILI incidence,2026-09-20,4,MT,quantile,0.55,3918.627326303016
2026-09-02,ILI incidence,2026-09-20,4,MT,quantile,0.9,6541.7269469950925
2026-09-02,ILI incidence,2026-09-20,4,MT,quantile,0.65,4394.93198706502
2026-09-02,ILI incidence,2026-09-20,4,MT,quantile,0.6,4142.678780316246
2026-09-02,ILI incidence,2026-09-20,4,MT,quantile,0.35,3139.379495798131
2026-09-02,ILI incidence,2026-09-20,4,MT,quantile,0.45,3505.1205532457907
2026-09-02,ILI incidence,2026-09-20,4,MT,quantile,0.3,2960.0224733439836
2026-09-02,ILI incidence,2026-09-20,4,MT,quantile,0.1,2115.8739201837275
2026-09-02,ILI incidence,2026-09-20,4,MT,quantile,0.15,2358.9390250539136
2026-09-02,ILI incidence,2026-09-20,4,MT,quantile,0.2,2567.933109116876
2026-09-02,ILI incidence,2026-09-20,4,MT,quantile,0.25,2777.915880378614
2026-09-02,ILI incidence,2026-09-20,4,MT,quantile,0.05,1813.8226027107046
2026-09-02,ILI incidence,2026-09-20,4,MT,quantile,0.025,1583.4806934509722
2026-09-02,ILI incidence,2026-09-20,4,MT,quantile,0.01,1352.4380277210557
2026-09-02,ILI incidence,2026-09-20,4,MT,median,,3702.523920193873
2026-09-02,ILI incidence,2026-08-30,1,NO,quantile,0.15,6.2517052361594905
2026-09-02,ILI incidence,2026-08-30,1,NO,quantile,0.05,5.6720262265729975
2026-09-02,ILI incidence,2026-08-30,1,NO,quantile,0.1,6.008558397317093
2026-09-02,ILI incidence,2026-08-30,1,NO,quantile,0.01,5.0461087270460245
2026-09-02,ILI incidence,2026-08-30,1,NO,quantile,0.025,5.393516479542302
2026-09-02,ILI incidence,2026-08-30,1,NO,quantile,0.2,6.47847952973956
2026-09-02,ILI incidence,2026-08-30,1,NO,quantile,0.25,6.652678403751114
2026-09-02,ILI incidence,2026-08-30,1,NO,quantile,0.3,6.813779027547264
2026-09-02,ILI incidence,2026-08-30,1,NO,quantile,0.35,6.972842710862054
2026-09-02,ILI incidence,2026-08-30,1,NO,quantile,0.65,7.924003537727893
2026-09-02,ILI incidence,2026-08-30,1,NO,quantile,0.55,7.605208277795665
2026-09-02,ILI incidence,2026-08-30,1,NO,quantile,0.45,7.288940704722472
2026-09-02,ILI incidence,2026-08-30,1,NO,quantile,0.4,7.137730746787721
2026-09-02,ILI incidence,2026-08-30,1,NO,quantile,0.5,7.448940750330102
2026-09-02,ILI incidence,2026-08-30,1,NO,quantile,0.6,7.761478988066061
2026-09-02,ILI incidence,2026-08-30,1,NO,quantile,0.85,8.839512853822983
2026-09-02,ILI incidence,2026-08-30,1,NO,quantile,0.99,11.039373606200618
2026-09-02,ILI incidence,2026-08-30,1,NO,quantile,0.8,8.554349625011278
2026-09-02,ILI incidence,2026-08-30,1,NO,quantile,0.7,8.112175975812239
2026-09-02,ILI incidence,2026-08-30,1,NO,quantile,0.975,10.347758119500936
2026-09-02,ILI incidence,2026-08-30,1,NO,quantile,0.75,8.31610420062661
2026-09-02,ILI incidence,2026-08-30,1,NO,quantile,0.95,9.801716644590147
2026-09-02,ILI incidence,2026-08-30,1,NO,quantile,0.9,9.204016290423297
2026-09-02,ILI incidence,2026-08-30,1,NO,median,,7.448940750330102
2026-09-02,ILI incidence,2026-09-06,2,NO,quantile,0.01,4.202523061159653
2026-09-02,ILI incidence,2026-09-06,2,NO,quantile,0.99,14.438802452214393
2026-09-02,ILI incidence,2026-09-06,2,NO,quantile,0.975,13.154484078478673
2026-09-02,ILI incidence,2026-09-06,2,NO,quantile,0.8,9.757221487054709
2026-09-02,ILI incidence,2026-09-06,2,NO,quantile,0.85,10.252922975903452
2026-09-02,ILI incidence,2026-09-06,2,NO,quantile,0.05,5.1091609967221405
2026-09-02,ILI incidence,2026-09-06,2,NO,quantile,0.15,5.981150689827164
2026-09-02,ILI incidence,2026-09-06,2,NO,quantile,0.9,10.953283386508364
2026-09-02,ILI incidence,2026-09-06,2,NO,quantile,0.75,9.345809971597092
2026-09-02,ILI incidence,2026-09-06,2,NO,quantile,0.4,7.326201500383519
2026-09-02,ILI incidence,2026-09-06,2,NO,quantile,0.65,8.68212590096573
2026-09-02,ILI incidence,2026-09-06,2,NO,quantile,0.7,8.986341893260658
2026-09-02,ILI incidence,2026-09-06,2,NO,quantile,0.6,8.373354393713074
2026-09-02,ILI incidence,2026-09-06,2,NO,quantile,0.45,7.578788113321568
2026-09-02,ILI incidence,2026-09-06,2,NO,quantile,0.95,12.098727138149876
2026-09-02,ILI incidence,2026-09-06,2,NO,quantile,0.5,7.821325252145127
2026-09-02,ILI incidence,2026-09-06,2,NO,quantile,0.3,6.80933173870096
2026-09-02,ILI incidence,2026-09-06,2,NO,quantile,0.55,8.090218857888946
2026-09-02,ILI incidence,2026-09-06,2,NO,quantile,0.025,4.6575951680346055
2026-09-02,ILI incidence,2026-09-06,2,NO,quantile,0.25,6.548341832219842
2026-09-02,ILI incidence,2026-09-06,2,NO,quantile,0.1,5.624056838471489
2026-09-02,ILI incidence,2026-09-06,2,NO,quantile,0.35,7.077973477535991
2026-09-02,ILI incidence,2026-09-06,2,NO,quantile,0.2,6.283760079325388
2026-09-02,ILI incidence,2026-09-06,2,NO,median,,7.821325252145127
2026-09-02,ILI incidence,2026-09-13,3,NO,quantile,0.99,10.837881312766863
2026-09-02,ILI incidence,2026-09-13,3,NO,quantile,0.975,10.457330119755506
2026-09-02,ILI incidence,2026-09-13,3,NO,quantile,0.95,10.152596280103563
2026-09-02,ILI incidence,2026-09-13,3,NO,quantile,0.9,9.850198293993017
2026-09-02,ILI incidence,2026-09-13,3,NO,quantile,0.85,9.653601901371918
2026-09-02,ILI incidence,2026-09-13,3,NO,quantile,0.8,9.498911336231181
2026-09-02,ILI incidence,2026-09-13,3,NO,quantile,0.75,9.369092876470917
2026-09-02,ILI incidence,2026-09-13,3,NO,quantile,0.7,9.25643020357851
2026-09-02,ILI incidence,2026-09-13,3,NO,quantile,0.5,8.849710251348833
2026-09-02,ILI incidence,2026-09-13,3,NO,quantile,0.45,8.752021176088213
2026-09-02,ILI incidence,2026-09-13,3,NO,quantile,0.55,8.941762316531918
2026-09-02,ILI incidence,2026-09-13,3,NO,quantile,0.6,9.038059853228082
2026-09-02,ILI incidence,2026-09-13,3,NO,quantile,0.65,9.136700886574024
2026-09-02,ILI incidence,2026-09-13,3,NO,quantile,0.4,8.658894089750616
2026-09-02,ILI incidence,2026-09-13,3,NO,quantile,0.35,8.568565562609171
2026-09-02,ILI incidence,2026-09-13,3,NO,quantile,0.2,8.229877203178361
2026-09-02,ILI incidence,2026-09-13,3,NO,quantile,0.1,7.9319148675844104
2026-09-02,ILI incidence,2026-09-13,3,NO,quantile,0.01,7.27121128600343
2026-09-02,ILI incidence,2026-09-13,3,NO,quantile,0.25,8.350905541194841
2026-09-02,ILI incidence,2026-09-13,3,NO,quantile,0.15,8.09605476975011
2026-09-02,ILI incidence,2026-09-13,3,NO,quantile,0.025,7.49756390097424
2026-09-02,ILI incidence,2026-09-13,3,NO,quantile,0.3,8.4612724208465
2026-09-02,ILI incidence,2026-09-13,3,NO,quantile,0.05,7.694132334062791
2026-09-02,ILI incidence,2026-09-13,3,NO,median,,8.849710251348833
2026-09-02,ILI incidence,2026-09-20,4,NO,quantile,0.8,9.086359819689125
2026-09-02,ILI incidence,2026-09-20,4,NO,quantile,0.65,8.94094811436081
2026-09-02,ILI incidence,2026-09-20,4,NO,quantile,0.7,8.986270334860343
2026-09-02,ILI incidence,2026-09-20,4,NO,quantile,0.75,9.033818338041325
2026-09-02,ILI incidence,2026-09-20,4,NO,quantile,0.6,8.900245243610192
2026-09-02,ILI incidence,2026-09-20,4,NO,quantile,0.85,9.149209055892936
2026-09-02,ILI incidence,2026-09-20,4,NO,quantile,0.9,9.226455218750793
2026-09-02,ILI incidence,2026-09-20,4,NO,quantile,0.95,9.339450172383188
2026-09-02,ILI incidence,2026-09-20,4,NO,quantile,0.975,9.449883724941111
2026-09-02,ILI incidence,2026-09-20,4,NO,quantile,0.99,9.567401171973371
2026-09-02,ILI incidence,2026-09-20,4,NO,quantile,0.5,8.81894489510983
2026-09-02,ILI incidence,2026-09-20,4,NO,quantile,0.55,8.858101039129762
2026-09-02,ILI incidence,2026-09-20,4,NO,quantile,0.1,8.432489225835669
2026-09-02,ILI incidence,2026-09-20,4,NO,quantile,0.45,8.777542780511896
2026-09-02,ILI incidence,2026-09-20,4,NO,quantile,0.05,8.3288462148219935
2026-09-02,ILI incidence,2026-09-20,4,NO,quantile,0.4,8.737575494062646
2026-09-02,ILI incidence,2026-09-20,4,NO,quantile,0.025,8.250130286405707
2026-09-02,ILI incidence,2026-09-20,4,NO,quantile,0.01,8.157563821702329
2026-09-02,ILI incidence,2026-09-20,4,NO,quantile,0.3,8.655055792634883
2026-09-02,ILI incidence,2026-09-20,4,NO,quantile,0.15,8.504199977108257
2026-09-02,ILI incidence,2026-09-20,4,NO,quantile,0.2,8.56370756116353
2026-09-02,ILI incidence,2026-09-20,4,NO,quantile,0.25,8.612107420782792
2026-09-02,ILI incidence,2026-09-20,4,NO,quantile,0.35,8.698272312817615
2026-09-02,ILI incidence,2026-09-20,4,NO,median,,8.81894489510983
