"origin_date","target","target_end_date","horizon","location","output_type","output_type_id","value"
2026-08-26,"ILI incidence",2026-08-23,1,"BE","median","",67.3422643249382
2026-08-26,"ILI incidence",2026-08-23,1,"BE","quantile","0.01",0
2026-08-26,"ILI incidence",2026-08-23,1,"BE","quantile","0.025",0
2026-08-26,"ILI incidence",2026-08-23,1,"BE","quantile","0.05",0
2026-08-26,"ILI incidence",2026-08-23,1,"BE","quantile","0.1",0
2026-08-26,"ILI incidence",2026-08-23,1,"BE","quantile","0.15",0
2026-08-26,"ILI incidence",2026-08-23,1,"BE","quantile","0.2",0
2026-08-26,"ILI incidence",2026-08-23,1,"BE","quantile","0.25",5.22869592491378
2026-08-26,"ILI incidence",2026-08-23,1,"BE","quantile","0.3",19.8702888484336
2026-08-26,"ILI incidence",2026-08-23,1,"BE","quantile","0.35",31.5978747013728
2026-08-26,"ILI incidence",2026-08-23,1,"BE","quantile","0.4",44.6428866836716
2026-08-26,"ILI incidence",2026-08-23,1,"BE","quantile","0.45",55.8217720000417
2026-08-26,"ILI incidence",2026-08-23,1,"BE","quantile","0.5",67.5099012436774
2026-08-26,"ILI incidence",2026-08-23,1,"BE","quantile","0.55",79.2009783590041
2026-08-26,"ILI incidence",2026-08-23,1,"BE","quantile","0.6",91.655345626919
2026-08-26,"ILI incidence",2026-08-23,1,"BE","quantile","0.65",104.945981320723
2026-08-26,"ILI incidence",2026-08-23,1,"BE","quantile","0.7",117.770997630899
2026-08-26,"ILI incidence",2026-08-23,1,"BE","quantile","0.75",132.880068022064
2026-08-26,"ILI incidence",2026-08-23,1,"BE","quantile","0.8",149.042879029367
2026-08-26,"ILI incidence",2026-08-23,1,"BE","quantile","0.85",166.585264795443
2026-08-26,"ILI incidence",2026-08-23,1,"BE","quantile","0.9",188.750304917159
2026-08-26,"ILI incidence",2026-08-23,1,"BE","quantile","0.95",222.12333418107
2026-08-26,"ILI incidence",2026-08-23,1,"BE","quantile","0.975",250.346532290545
2026-08-26,"ILI incidence",2026-08-23,1,"BE","quantile","0.99",284.824996136568
2026-08-26,"ILI incidence",2026-08-30,2,"BE","median","",92.0016646359596
2026-08-26,"ILI incidence",2026-08-30,2,"BE","quantile","0.01",0
2026-08-26,"ILI incidence",2026-08-30,2,"BE","quantile","0.025",0
2026-08-26,"ILI incidence",2026-08-30,2,"BE","quantile","0.05",0
2026-08-26,"ILI incidence",2026-08-30,2,"BE","quantile","0.1",0
2026-08-26,"ILI incidence",2026-08-30,2,"BE","quantile","0.15",0
2026-08-26,"ILI incidence",2026-08-30,2,"BE","quantile","0.2",0
2026-08-26,"ILI incidence",2026-08-30,2,"BE","quantile","0.25",0
2026-08-26,"ILI incidence",2026-08-30,2,"BE","quantile","0.3",19.2149093296075
2026-08-26,"ILI incidence",2026-08-30,2,"BE","quantile","0.35",38.0894557512925
2026-08-26,"ILI incidence",2026-08-30,2,"BE","quantile","0.4",56.3694194100952
2026-08-26,"ILI incidence",2026-08-30,2,"BE","quantile","0.45",74.898581982873
2026-08-26,"ILI incidence",2026-08-30,2,"BE","quantile","0.5",93.4772432270552
2026-08-26,"ILI incidence",2026-08-30,2,"BE","quantile","0.55",112.335883651753
2026-08-26,"ILI incidence",2026-08-30,2,"BE","quantile","0.6",130.837168432652
2026-08-26,"ILI incidence",2026-08-30,2,"BE","quantile","0.65",147.657700702978
2026-08-26,"ILI incidence",2026-08-30,2,"BE","quantile","0.7",167.255922158017
2026-08-26,"ILI incidence",2026-08-30,2,"BE","quantile","0.75",188.183479579987
2026-08-26,"ILI incidence",2026-08-30,2,"BE","quantile","0.8",211.15449401064
2026-08-26,"ILI incidence",2026-08-30,2,"BE","quantile","0.85",236.907149694482
2026-08-26,"ILI incidence",2026-08-30,2,"BE","quantile","0.9",271.142215265594
2026-08-26,"ILI incidence",2026-08-30,2,"BE","quantile","0.95",320.66436472758
2026-08-26,"ILI incidence",2026-08-30,2,"BE","quantile","0.975",363.107633767797
2026-08-26,"ILI incidence",2026-08-30,2,"BE","quantile","0.99",406.270080061836
2026-08-26,"ILI incidence",2026-09-06,3,"BE","median","",114.167658084289
2026-08-26,"ILI incidence",2026-09-06,3,"BE","quantile","0.01",0
2026-08-26,"ILI incidence",2026-09-06,3,"BE","quantile","0.025",0
2026-08-26,"ILI incidence",2026-09-06,3,"BE","quantile","0.05",0
2026-08-26,"ILI incidence",2026-09-06,3,"BE","quantile","0.1",0
2026-08-26,"ILI incidence",2026-09-06,3,"BE","quantile","0.15",0
2026-08-26,"ILI incidence",2026-09-06,3,"BE","quantile","0.2",0
2026-08-26,"ILI incidence",2026-09-06,3,"BE","quantile","0.25",0
2026-08-26,"ILI incidence",2026-09-06,3,"BE","quantile","0.3",25.5929524467759
2026-08-26,"ILI incidence",2026-09-06,3,"BE","quantile","0.35",48.2717979881875
2026-08-26,"ILI incidence",2026-09-06,3,"BE","quantile","0.4",71.7896726659525
2026-08-26,"ILI incidence",2026-09-06,3,"BE","quantile","0.45",93.2568836254753
2026-08-26,"ILI incidence",2026-09-06,3,"BE","quantile","0.5",114.759743913152
2026-08-26,"ILI incidence",2026-09-06,3,"BE","quantile","0.55",136.406041550298
2026-08-26,"ILI incidence",2026-09-06,3,"BE","quantile","0.6",160.149695867546
2026-08-26,"ILI incidence",2026-09-06,3,"BE","quantile","0.65",183.450869512447
2026-08-26,"ILI incidence",2026-09-06,3,"BE","quantile","0.7",208.592429784853
2026-08-26,"ILI incidence",2026-09-06,3,"BE","quantile","0.75",235.099647526215
2026-08-26,"ILI incidence",2026-09-06,3,"BE","quantile","0.8",262.856586317354
2026-08-26,"ILI incidence",2026-09-06,3,"BE","quantile","0.85",296.620500608542
2026-08-26,"ILI incidence",2026-09-06,3,"BE","quantile","0.9",338.880024078165
2026-08-26,"ILI incidence",2026-09-06,3,"BE","quantile","0.95",400.642305615709
2026-08-26,"ILI incidence",2026-09-06,3,"BE","quantile","0.975",449.758749516841
2026-08-26,"ILI incidence",2026-09-06,3,"BE","quantile","0.99",512.874480397513
2026-08-26,"ILI incidence",2026-09-13,4,"BE","median","",133.405796291565
2026-08-26,"ILI incidence",2026-09-13,4,"BE","quantile","0.01",0
2026-08-26,"ILI incidence",2026-09-13,4,"BE","quantile","0.025",0
2026-08-26,"ILI incidence",2026-09-13,4,"BE","quantile","0.05",0
2026-08-26,"ILI incidence",2026-09-13,4,"BE","quantile","0.1",0
2026-08-26,"ILI incidence",2026-09-13,4,"BE","quantile","0.15",0
2026-08-26,"ILI incidence",2026-09-13,4,"BE","quantile","0.2",0
2026-08-26,"ILI incidence",2026-09-13,4,"BE","quantile","0.25",1.69056109148033
2026-08-26,"ILI incidence",2026-09-13,4,"BE","quantile","0.3",30.2763120477286
2026-08-26,"ILI incidence",2026-09-13,4,"BE","quantile","0.35",58.5299049985732
2026-08-26,"ILI incidence",2026-09-13,4,"BE","quantile","0.4",84.6440792907789
2026-08-26,"ILI incidence",2026-09-13,4,"BE","quantile","0.45",110.552867717351
2026-08-26,"ILI incidence",2026-09-13,4,"BE","quantile","0.5",136.994857667409
2026-08-26,"ILI incidence",2026-09-13,4,"BE","quantile","0.55",160.42851507464
2026-08-26,"ILI incidence",2026-09-13,4,"BE","quantile","0.6",184.776569855018
2026-08-26,"ILI incidence",2026-09-13,4,"BE","quantile","0.65",211.643888160177
2026-08-26,"ILI incidence",2026-09-13,4,"BE","quantile","0.7",240.858324241317
2026-08-26,"ILI incidence",2026-09-13,4,"BE","quantile","0.75",269.391958421436
2026-08-26,"ILI incidence",2026-09-13,4,"BE","quantile","0.8",302.043267646053
2026-08-26,"ILI incidence",2026-09-13,4,"BE","quantile","0.85",341.034061182441
2026-08-26,"ILI incidence",2026-09-13,4,"BE","quantile","0.9",387.662413722757
2026-08-26,"ILI incidence",2026-09-13,4,"BE","quantile","0.95",463.302469621188
2026-08-26,"ILI incidence",2026-09-13,4,"BE","quantile","0.975",517.507467906971
2026-08-26,"ILI incidence",2026-09-13,4,"BE","quantile","0.99",581.68622765312
2026-08-26,"ILI incidence",2026-08-23,1,"CH","median","",8.50840650303458
2026-08-26,"ILI incidence",2026-08-23,1,"CH","quantile","0.01",0
2026-08-26,"ILI incidence",2026-08-23,1,"CH","quantile","0.025",0
2026-08-26,"ILI incidence",2026-08-23,1,"CH","quantile","0.05",0
2026-08-26,"ILI incidence",2026-08-23,1,"CH","quantile","0.1",0
2026-08-26,"ILI incidence",2026-08-23,1,"CH","quantile","0.15",0
2026-08-26,"ILI incidence",2026-08-23,1,"CH","quantile","0.2",0
2026-08-26,"ILI incidence",2026-08-23,1,"CH","quantile","0.25",0
2026-08-26,"ILI incidence",2026-08-23,1,"CH","quantile","0.3",0
2026-08-26,"ILI incidence",2026-08-23,1,"CH","quantile","0.35",0.0159078393542016
2026-08-26,"ILI incidence",2026-08-23,1,"CH","quantile","0.4",2.8797570583737
2026-08-26,"ILI incidence",2026-08-23,1,"CH","quantile","0.45",5.68051455010758
2026-08-26,"ILI incidence",2026-08-23,1,"CH","quantile","0.5",8.20133222822377
2026-08-26,"ILI incidence",2026-08-23,1,"CH","quantile","0.55",10.9009108457579
2026-08-26,"ILI incidence",2026-08-23,1,"CH","quantile","0.6",13.7608178978372
2026-08-26,"ILI incidence",2026-08-23,1,"CH","quantile","0.65",16.598400687243
2026-08-26,"ILI incidence",2026-08-23,1,"CH","quantile","0.7",19.61466012095
2026-08-26,"ILI incidence",2026-08-23,1,"CH","quantile","0.75",22.7993451284635
2026-08-26,"ILI incidence",2026-08-23,1,"CH","quantile","0.8",26.3558388884776
2026-08-26,"ILI incidence",2026-08-23,1,"CH","quantile","0.85",30.7152613324403
2026-08-26,"ILI incidence",2026-08-23,1,"CH","quantile","0.9",35.8946490271642
2026-08-26,"ILI incidence",2026-08-23,1,"CH","quantile","0.95",43.8532562827693
2026-08-26,"ILI incidence",2026-08-23,1,"CH","quantile","0.975",50.8192094055952
2026-08-26,"ILI incidence",2026-08-23,1,"CH","quantile","0.99",58.0705149237648
2026-08-26,"ILI incidence",2026-08-30,2,"CH","median","",8.62271157727249
2026-08-26,"ILI incidence",2026-08-30,2,"CH","quantile","0.01",0
2026-08-26,"ILI incidence",2026-08-30,2,"CH","quantile","0.025",0
2026-08-26,"ILI incidence",2026-08-30,2,"CH","quantile","0.05",0
2026-08-26,"ILI incidence",2026-08-30,2,"CH","quantile","0.1",0
2026-08-26,"ILI incidence",2026-08-30,2,"CH","quantile","0.15",0
2026-08-26,"ILI incidence",2026-08-30,2,"CH","quantile","0.2",0
2026-08-26,"ILI incidence",2026-08-30,2,"CH","quantile","0.25",0
2026-08-26,"ILI incidence",2026-08-30,2,"CH","quantile","0.3",0
2026-08-26,"ILI incidence",2026-08-30,2,"CH","quantile","0.35",0
2026-08-26,"ILI incidence",2026-08-30,2,"CH","quantile","0.4",0
2026-08-26,"ILI incidence",2026-08-30,2,"CH","quantile","0.45",4.09979787114291
2026-08-26,"ILI incidence",2026-08-30,2,"CH","quantile","0.5",7.89171737449365
2026-08-26,"ILI incidence",2026-08-30,2,"CH","quantile","0.55",12.2691447994122
2026-08-26,"ILI incidence",2026-08-30,2,"CH","quantile","0.6",16.7072449627087
2026-08-26,"ILI incidence",2026-08-30,2,"CH","quantile","0.65",20.9943233747695
2026-08-26,"ILI incidence",2026-08-30,2,"CH","quantile","0.7",25.5837139395967
2026-08-26,"ILI incidence",2026-08-30,2,"CH","quantile","0.75",30.468488862914
2026-08-26,"ILI incidence",2026-08-30,2,"CH","quantile","0.8",35.9562324549702
2026-08-26,"ILI incidence",2026-08-30,2,"CH","quantile","0.85",41.8635885562757
2026-08-26,"ILI incidence",2026-08-30,2,"CH","quantile","0.9",49.0470644399172
2026-08-26,"ILI incidence",2026-08-30,2,"CH","quantile","0.95",60.0008866798643
2026-08-26,"ILI incidence",2026-08-30,2,"CH","quantile","0.975",69.615923039564
2026-08-26,"ILI incidence",2026-08-30,2,"CH","quantile","0.99",81.7126988373855
2026-08-26,"ILI incidence",2026-09-06,3,"CH","median","",8.64421283019161
2026-08-26,"ILI incidence",2026-09-06,3,"CH","quantile","0.01",0
2026-08-26,"ILI incidence",2026-09-06,3,"CH","quantile","0.025",0
2026-08-26,"ILI incidence",2026-09-06,3,"CH","quantile","0.05",0
2026-08-26,"ILI incidence",2026-09-06,3,"CH","quantile","0.1",0
2026-08-26,"ILI incidence",2026-09-06,3,"CH","quantile","0.15",0
2026-08-26,"ILI incidence",2026-09-06,3,"CH","quantile","0.2",0
2026-08-26,"ILI incidence",2026-09-06,3,"CH","quantile","0.25",0
2026-08-26,"ILI incidence",2026-09-06,3,"CH","quantile","0.3",0
2026-08-26,"ILI incidence",2026-09-06,3,"CH","quantile","0.35",0
2026-08-26,"ILI incidence",2026-09-06,3,"CH","quantile","0.4",0
2026-08-26,"ILI incidence",2026-09-06,3,"CH","quantile","0.45",3.47183579021234
2026-08-26,"ILI incidence",2026-09-06,3,"CH","quantile","0.5",8.90591654322733
2026-08-26,"ILI incidence",2026-09-06,3,"CH","quantile","0.55",14.1932823696548
2026-08-26,"ILI incidence",2026-09-06,3,"CH","quantile","0.6",19.2787074603199
2026-08-26,"ILI incidence",2026-09-06,3,"CH","quantile","0.65",24.4042417664916
2026-08-26,"ILI incidence",2026-09-06,3,"CH","quantile","0.7",30.2848885023906
2026-08-26,"ILI incidence",2026-09-06,3,"CH","quantile","0.75",36.483748152822
2026-08-26,"ILI incidence",2026-09-06,3,"CH","quantile","0.8",43.3036143683261
2026-08-26,"ILI incidence",2026-09-06,3,"CH","quantile","0.85",51.4777449362588
2026-08-26,"ILI incidence",2026-09-06,3,"CH","quantile","0.9",61.1801760744679
2026-08-26,"ILI incidence",2026-09-06,3,"CH","quantile","0.95",76.1739584317125
2026-08-26,"ILI incidence",2026-09-06,3,"CH","quantile","0.975",89.5364687640196
2026-08-26,"ILI incidence",2026-09-06,3,"CH","quantile","0.99",104.06220595313
2026-08-26,"ILI incidence",2026-09-13,4,"CH","median","",8.65841677702032
2026-08-26,"ILI incidence",2026-09-13,4,"CH","quantile","0.01",0
2026-08-26,"ILI incidence",2026-09-13,4,"CH","quantile","0.025",0
2026-08-26,"ILI incidence",2026-09-13,4,"CH","quantile","0.05",0
2026-08-26,"ILI incidence",2026-09-13,4,"CH","quantile","0.1",0
2026-08-26,"ILI incidence",2026-09-13,4,"CH","quantile","0.15",0
2026-08-26,"ILI incidence",2026-09-13,4,"CH","quantile","0.2",0
2026-08-26,"ILI incidence",2026-09-13,4,"CH","quantile","0.25",0
2026-08-26,"ILI incidence",2026-09-13,4,"CH","quantile","0.3",0
2026-08-26,"ILI incidence",2026-09-13,4,"CH","quantile","0.35",0
2026-08-26,"ILI incidence",2026-09-13,4,"CH","quantile","0.4",0
2026-08-26,"ILI incidence",2026-09-13,4,"CH","quantile","0.45",2.36783027644111
2026-08-26,"ILI incidence",2026-09-13,4,"CH","quantile","0.5",8.45949561437762
2026-08-26,"ILI incidence",2026-09-13,4,"CH","quantile","0.55",15.2853044430271
2026-08-26,"ILI incidence",2026-09-13,4,"CH","quantile","0.6",21.7882461932117
2026-08-26,"ILI incidence",2026-09-13,4,"CH","quantile","0.65",27.7854875727302
2026-08-26,"ILI incidence",2026-09-13,4,"CH","quantile","0.7",34.7739737152981
2026-08-26,"ILI incidence",2026-09-13,4,"CH","quantile","0.75",42.0658978913708
2026-08-26,"ILI incidence",2026-09-13,4,"CH","quantile","0.8",50.1521983176767
2026-08-26,"ILI incidence",2026-09-13,4,"CH","quantile","0.85",59.4051633917857
2026-08-26,"ILI incidence",2026-09-13,4,"CH","quantile","0.9",70.4230756478679
2026-08-26,"ILI incidence",2026-09-13,4,"CH","quantile","0.95",88.6973593058772
2026-08-26,"ILI incidence",2026-09-13,4,"CH","quantile","0.975",104.471318002606
2026-08-26,"ILI incidence",2026-09-13,4,"CH","quantile","0.99",124.609899133961
2026-08-26,"ILI incidence",2026-08-23,1,"DK","median","",63.3737445268496
2026-08-26,"ILI incidence",2026-08-23,1,"DK","quantile","0.01",0.766362271278246
2026-08-26,"ILI incidence",2026-08-23,1,"DK","quantile","0.025",10.4547343487701
2026-08-26,"ILI incidence",2026-08-23,1,"DK","quantile","0.05",20.0593087822791
2026-08-26,"ILI incidence",2026-08-23,1,"DK","quantile","0.1",29.9348939482913
2026-08-26,"ILI incidence",2026-08-23,1,"DK","quantile","0.15",36.3667545325335
2026-08-26,"ILI incidence",2026-08-23,1,"DK","quantile","0.2",41.1423724907004
2026-08-26,"ILI incidence",2026-08-23,1,"DK","quantile","0.25",45.5188514367632
2026-08-26,"ILI incidence",2026-08-23,1,"DK","quantile","0.3",49.4981861233837
2026-08-26,"ILI incidence",2026-08-23,1,"DK","quantile","0.35",53.1772913961823
2026-08-26,"ILI incidence",2026-08-23,1,"DK","quantile","0.4",56.6515759420426
2026-08-26,"ILI incidence",2026-08-23,1,"DK","quantile","0.45",59.7762375589964
2026-08-26,"ILI incidence",2026-08-23,1,"DK","quantile","0.5",63.177038231925
2026-08-26,"ILI incidence",2026-08-23,1,"DK","quantile","0.55",66.5090681206787
2026-08-26,"ILI incidence",2026-08-23,1,"DK","quantile","0.6",69.7779112534878
2026-08-26,"ILI incidence",2026-08-23,1,"DK","quantile","0.65",73.1902287679614
2026-08-26,"ILI incidence",2026-08-23,1,"DK","quantile","0.7",76.7798134453174
2026-08-26,"ILI incidence",2026-08-23,1,"DK","quantile","0.75",80.7858221239609
2026-08-26,"ILI incidence",2026-08-23,1,"DK","quantile","0.8",85.1290251083246
2026-08-26,"ILI incidence",2026-08-23,1,"DK","quantile","0.85",90.1529278034736
2026-08-26,"ILI incidence",2026-08-23,1,"DK","quantile","0.9",96.3535071222034
2026-08-26,"ILI incidence",2026-08-23,1,"DK","quantile","0.95",106.723278921791
2026-08-26,"ILI incidence",2026-08-23,1,"DK","quantile","0.975",114.07480232428
2026-08-26,"ILI incidence",2026-08-23,1,"DK","quantile","0.99",122.805509756332
2026-08-26,"ILI incidence",2026-08-30,2,"DK","median","",67.3302531471188
2026-08-26,"ILI incidence",2026-08-30,2,"DK","quantile","0.01",0
2026-08-26,"ILI incidence",2026-08-30,2,"DK","quantile","0.025",5.49380694098835
2026-08-26,"ILI incidence",2026-08-30,2,"DK","quantile","0.05",15.6870170387281
2026-08-26,"ILI incidence",2026-08-30,2,"DK","quantile","0.1",27.4604653568465
2026-08-26,"ILI incidence",2026-08-30,2,"DK","quantile","0.15",35.2361556620343
2026-08-26,"ILI incidence",2026-08-30,2,"DK","quantile","0.2",41.4821260645519
2026-08-26,"ILI incidence",2026-08-30,2,"DK","quantile","0.25",46.6185175523812
2026-08-26,"ILI incidence",2026-08-30,2,"DK","quantile","0.3",51.3523506255858
2026-08-26,"ILI incidence",2026-08-30,2,"DK","quantile","0.35",55.7224991194128
2026-08-26,"ILI incidence",2026-08-30,2,"DK","quantile","0.4",59.9124143007717
2026-08-26,"ILI incidence",2026-08-30,2,"DK","quantile","0.45",63.6777842329782
2026-08-26,"ILI incidence",2026-08-30,2,"DK","quantile","0.5",67.6635469230949
2026-08-26,"ILI incidence",2026-08-30,2,"DK","quantile","0.55",71.475484644421
2026-08-26,"ILI incidence",2026-08-30,2,"DK","quantile","0.6",75.330202961737
2026-08-26,"ILI incidence",2026-08-30,2,"DK","quantile","0.65",79.4868045218619
2026-08-26,"ILI incidence",2026-08-30,2,"DK","quantile","0.7",83.7962596173121
2026-08-26,"ILI incidence",2026-08-30,2,"DK","quantile","0.75",88.4295254086594
2026-08-26,"ILI incidence",2026-08-30,2,"DK","quantile","0.8",93.6643073657962
2026-08-26,"ILI incidence",2026-08-30,2,"DK","quantile","0.85",99.2416716752043
2026-08-26,"ILI incidence",2026-08-30,2,"DK","quantile","0.9",107.307795773623
2026-08-26,"ILI incidence",2026-08-30,2,"DK","quantile","0.95",118.376440468685
2026-08-26,"ILI incidence",2026-08-30,2,"DK","quantile","0.975",129.425857288189
2026-08-26,"ILI incidence",2026-08-30,2,"DK","quantile","0.99",140.090622704485
2026-08-26,"ILI incidence",2026-09-06,3,"DK","median","",73.1432988324743
2026-08-26,"ILI incidence",2026-09-06,3,"DK","quantile","0.01",0
2026-08-26,"ILI incidence",2026-09-06,3,"DK","quantile","0.025",5.03518874396465
2026-08-26,"ILI incidence",2026-09-06,3,"DK","quantile","0.05",15.9921564967467
2026-08-26,"ILI incidence",2026-09-06,3,"DK","quantile","0.1",28.6683125745889
2026-08-26,"ILI incidence",2026-09-06,3,"DK","quantile","0.15",36.9006837531645
2026-08-26,"ILI incidence",2026-09-06,3,"DK","quantile","0.2",43.7169656671267
2026-08-26,"ILI incidence",2026-09-06,3,"DK","quantile","0.25",49.5899975790204
2026-08-26,"ILI incidence",2026-09-06,3,"DK","quantile","0.3",54.4303485602673
2026-08-26,"ILI incidence",2026-09-06,3,"DK","quantile","0.35",59.3066049338294
2026-08-26,"ILI incidence",2026-09-06,3,"DK","quantile","0.4",63.8686007813485
2026-08-26,"ILI incidence",2026-09-06,3,"DK","quantile","0.45",68.2611672338957
2026-08-26,"ILI incidence",2026-09-06,3,"DK","quantile","0.5",73.0014729810936
2026-08-26,"ILI incidence",2026-09-06,3,"DK","quantile","0.55",77.8131667729553
2026-08-26,"ILI incidence",2026-09-06,3,"DK","quantile","0.6",82.5176955047557
2026-08-26,"ILI incidence",2026-09-06,3,"DK","quantile","0.65",87.1764295923223
2026-08-26,"ILI incidence",2026-09-06,3,"DK","quantile","0.7",91.9942603637614
2026-08-26,"ILI incidence",2026-09-06,3,"DK","quantile","0.75",97.6032000161899
2026-08-26,"ILI incidence",2026-09-06,3,"DK","quantile","0.8",103.285313089718
2026-08-26,"ILI incidence",2026-09-06,3,"DK","quantile","0.85",110.209656924921
2026-08-26,"ILI incidence",2026-09-06,3,"DK","quantile","0.9",118.309590757796
2026-08-26,"ILI incidence",2026-09-06,3,"DK","quantile","0.95",130.430777253393
2026-08-26,"ILI incidence",2026-09-06,3,"DK","quantile","0.975",142.042072020482
2026-08-26,"ILI incidence",2026-09-06,3,"DK","quantile","0.99",154.590915343765
2026-08-26,"ILI incidence",2026-09-13,4,"DK","median","",77.7942357224792
2026-08-26,"ILI incidence",2026-09-13,4,"DK","quantile","0.01",0
2026-08-26,"ILI incidence",2026-09-13,4,"DK","quantile","0.025",4.58615382064767
2026-08-26,"ILI incidence",2026-09-13,4,"DK","quantile","0.05",16.1687557031814
2026-08-26,"ILI incidence",2026-09-13,4,"DK","quantile","0.1",29.2637086934109
2026-08-26,"ILI incidence",2026-09-13,4,"DK","quantile","0.15",38.5225075030137
2026-08-26,"ILI incidence",2026-09-13,4,"DK","quantile","0.2",45.7531930401351
2026-08-26,"ILI incidence",2026-09-13,4,"DK","quantile","0.25",52.1530407957935
2026-08-26,"ILI incidence",2026-09-13,4,"DK","quantile","0.3",57.2518548619917
2026-08-26,"ILI incidence",2026-09-13,4,"DK","quantile","0.35",62.8581765257489
2026-08-26,"ILI incidence",2026-09-13,4,"DK","quantile","0.4",67.8075533901613
2026-08-26,"ILI incidence",2026-09-13,4,"DK","quantile","0.45",72.8706471990963
2026-08-26,"ILI incidence",2026-09-13,4,"DK","quantile","0.5",77.749558512985
2026-08-26,"ILI incidence",2026-09-13,4,"DK","quantile","0.55",82.4933509458304
2026-08-26,"ILI incidence",2026-09-13,4,"DK","quantile","0.6",87.4959702660042
2026-08-26,"ILI incidence",2026-09-13,4,"DK","quantile","0.65",92.1731774817832
2026-08-26,"ILI incidence",2026-09-13,4,"DK","quantile","0.7",97.4445607494194
2026-08-26,"ILI incidence",2026-09-13,4,"DK","quantile","0.75",102.919348062716
2026-08-26,"ILI incidence",2026-09-13,4,"DK","quantile","0.8",109.057808512195
2026-08-26,"ILI incidence",2026-09-13,4,"DK","quantile","0.85",117.03590737678
2026-08-26,"ILI incidence",2026-09-13,4,"DK","quantile","0.9",126.837560742847
2026-08-26,"ILI incidence",2026-09-13,4,"DK","quantile","0.95",140.709113526057
2026-08-26,"ILI incidence",2026-09-13,4,"DK","quantile","0.975",153.804364043547
2026-08-26,"ILI incidence",2026-09-13,4,"DK","quantile","0.99",168.37207054557
2026-08-26,"ILI incidence",2026-08-23,1,"EE","median","",44.3215071528101
2026-08-26,"ILI incidence",2026-08-23,1,"EE","quantile","0.01",0
2026-08-26,"ILI incidence",2026-08-23,1,"EE","quantile","0.025",0
2026-08-26,"ILI incidence",2026-08-23,1,"EE","quantile","0.05",0
2026-08-26,"ILI incidence",2026-08-23,1,"EE","quantile","0.1",0
2026-08-26,"ILI incidence",2026-08-23,1,"EE","quantile","0.15",0
2026-08-26,"ILI incidence",2026-08-23,1,"EE","quantile","0.2",0
2026-08-26,"ILI incidence",2026-08-23,1,"EE","quantile","0.25",0
2026-08-26,"ILI incidence",2026-08-23,1,"EE","quantile","0.3",4.18609277465242
2026-08-26,"ILI incidence",2026-08-23,1,"EE","quantile","0.35",14.1504337661646
2026-08-26,"ILI incidence",2026-08-23,1,"EE","quantile","0.4",24.7850966914596
2026-08-26,"ILI incidence",2026-08-23,1,"EE","quantile","0.45",34.0127253969791
2026-08-26,"ILI incidence",2026-08-23,1,"EE","quantile","0.5",43.7964025138593
2026-08-26,"ILI incidence",2026-08-23,1,"EE","quantile","0.55",53.4333525725534
2026-08-26,"ILI incidence",2026-08-23,1,"EE","quantile","0.6",62.7219630499156
2026-08-26,"ILI incidence",2026-08-23,1,"EE","quantile","0.65",72.2856480428528
2026-08-26,"ILI incidence",2026-08-23,1,"EE","quantile","0.7",82.6304254782893
2026-08-26,"ILI incidence",2026-08-23,1,"EE","quantile","0.75",93.7691272884664
2026-08-26,"ILI incidence",2026-08-23,1,"EE","quantile","0.8",106.735382623818
2026-08-26,"ILI incidence",2026-08-23,1,"EE","quantile","0.85",121.184991426656
2026-08-26,"ILI incidence",2026-08-23,1,"EE","quantile","0.9",140.052267847408
2026-08-26,"ILI incidence",2026-08-23,1,"EE","quantile","0.95",165.220626226376
2026-08-26,"ILI incidence",2026-08-23,1,"EE","quantile","0.975",187.015635814314
2026-08-26,"ILI incidence",2026-08-23,1,"EE","quantile","0.99",213.905235476309
2026-08-26,"ILI incidence",2026-08-30,2,"EE","median","",54.1165417301374
2026-08-26,"ILI incidence",2026-08-30,2,"EE","quantile","0.01",0
2026-08-26,"ILI incidence",2026-08-30,2,"EE","quantile","0.025",0
2026-08-26,"ILI incidence",2026-08-30,2,"EE","quantile","0.05",0
2026-08-26,"ILI incidence",2026-08-30,2,"EE","quantile","0.1",0
2026-08-26,"ILI incidence",2026-08-30,2,"EE","quantile","0.15",0
2026-08-26,"ILI incidence",2026-08-30,2,"EE","quantile","0.2",0
2026-08-26,"ILI incidence",2026-08-30,2,"EE","quantile","0.25",0
2026-08-26,"ILI incidence",2026-08-30,2,"EE","quantile","0.3",8.78871539822897
2026-08-26,"ILI incidence",2026-08-30,2,"EE","quantile","0.35",19.955595355717
2026-08-26,"ILI incidence",2026-08-30,2,"EE","quantile","0.4",31.123324890734
2026-08-26,"ILI incidence",2026-08-30,2,"EE","quantile","0.45",41.687196267393
2026-08-26,"ILI incidence",2026-08-30,2,"EE","quantile","0.5",53.2065255997283
2026-08-26,"ILI incidence",2026-08-30,2,"EE","quantile","0.55",62.9786151802067
2026-08-26,"ILI incidence",2026-08-30,2,"EE","quantile","0.6",73.4457876587853
2026-08-26,"ILI incidence",2026-08-30,2,"EE","quantile","0.65",84.0971658340179
2026-08-26,"ILI incidence",2026-08-30,2,"EE","quantile","0.7",94.9400333919576
2026-08-26,"ILI incidence",2026-08-30,2,"EE","quantile","0.75",107.280699399046
2026-08-26,"ILI incidence",2026-08-30,2,"EE","quantile","0.8",120.946842055394
2026-08-26,"ILI incidence",2026-08-30,2,"EE","quantile","0.85",137.361413885246
2026-08-26,"ILI incidence",2026-08-30,2,"EE","quantile","0.9",158.876065136119
2026-08-26,"ILI incidence",2026-08-30,2,"EE","quantile","0.95",188.401469773252
2026-08-26,"ILI incidence",2026-08-30,2,"EE","quantile","0.975",215.329380258681
2026-08-26,"ILI incidence",2026-08-30,2,"EE","quantile","0.99",243.821426840018
2026-08-26,"ILI incidence",2026-09-06,3,"EE","median","",63.2785080285811
2026-08-26,"ILI incidence",2026-09-06,3,"EE","quantile","0.01",0
2026-08-26,"ILI incidence",2026-09-06,3,"EE","quantile","0.025",0
2026-08-26,"ILI incidence",2026-09-06,3,"EE","quantile","0.05",0
2026-08-26,"ILI incidence",2026-09-06,3,"EE","quantile","0.1",0
2026-08-26,"ILI incidence",2026-09-06,3,"EE","quantile","0.15",0
2026-08-26,"ILI incidence",2026-09-06,3,"EE","quantile","0.2",0
2026-08-26,"ILI incidence",2026-09-06,3,"EE","quantile","0.25",0.7740598720601
2026-08-26,"ILI incidence",2026-09-06,3,"EE","quantile","0.3",14.7076959010791
2026-08-26,"ILI incidence",2026-09-06,3,"EE","quantile","0.35",27.6145717942707
2026-08-26,"ILI incidence",2026-09-06,3,"EE","quantile","0.4",39.7080417228059
2026-08-26,"ILI incidence",2026-09-06,3,"EE","quantile","0.45",51.2962205713973
2026-08-26,"ILI incidence",2026-09-06,3,"EE","quantile","0.5",62.7090323662312
2026-08-26,"ILI incidence",2026-09-06,3,"EE","quantile","0.55",74.3195336414372
2026-08-26,"ILI incidence",2026-09-06,3,"EE","quantile","0.6",85.5144115970713
2026-08-26,"ILI incidence",2026-09-06,3,"EE","quantile","0.65",97.8001143728977
2026-08-26,"ILI incidence",2026-09-06,3,"EE","quantile","0.7",110.206822346241
2026-08-26,"ILI incidence",2026-09-06,3,"EE","quantile","0.75",123.652085856017
2026-08-26,"ILI incidence",2026-09-06,3,"EE","quantile","0.8",137.708658399031
2026-08-26,"ILI incidence",2026-09-06,3,"EE","quantile","0.85",155.61397396437
2026-08-26,"ILI incidence",2026-09-06,3,"EE","quantile","0.9",176.224517600377
2026-08-26,"ILI incidence",2026-09-06,3,"EE","quantile","0.95",210.108387715695
2026-08-26,"ILI incidence",2026-09-06,3,"EE","quantile","0.975",235.660658947975
2026-08-26,"ILI incidence",2026-09-06,3,"EE","quantile","0.99",271.769052521661
2026-08-26,"ILI incidence",2026-09-13,4,"EE","median","",71.848322233027
2026-08-26,"ILI incidence",2026-09-13,4,"EE","quantile","0.01",0
2026-08-26,"ILI incidence",2026-09-13,4,"EE","quantile","0.025",0
2026-08-26,"ILI incidence",2026-09-13,4,"EE","quantile","0.05",0
2026-08-26,"ILI incidence",2026-09-13,4,"EE","quantile","0.1",0
2026-08-26,"ILI incidence",2026-09-13,4,"EE","quantile","0.15",0
2026-08-26,"ILI incidence",2026-09-13,4,"EE","quantile","0.2",0
2026-08-26,"ILI incidence",2026-09-13,4,"EE","quantile","0.25",5.88440217778746
2026-08-26,"ILI incidence",2026-09-13,4,"EE","quantile","0.3",18.7917033058866
2026-08-26,"ILI incidence",2026-09-13,4,"EE","quantile","0.35",32.9051126778317
2026-08-26,"ILI incidence",2026-09-13,4,"EE","quantile","0.4",45.6134502436681
2026-08-26,"ILI incidence",2026-09-13,4,"EE","quantile","0.45",58.2322421366507
2026-08-26,"ILI incidence",2026-09-13,4,"EE","quantile","0.5",70.2568799749704
2026-08-26,"ILI incidence",2026-09-13,4,"EE","quantile","0.55",82.452074871727
2026-08-26,"ILI incidence",2026-09-13,4,"EE","quantile","0.6",94.2389384117581
2026-08-26,"ILI incidence",2026-09-13,4,"EE","quantile","0.65",106.784565905778
2026-08-26,"ILI incidence",2026-09-13,4,"EE","quantile","0.7",120.994912808477
2026-08-26,"ILI incidence",2026-09-13,4,"EE","quantile","0.75",134.617570874014
2026-08-26,"ILI incidence",2026-09-13,4,"EE","quantile","0.8",151.088420816142
2026-08-26,"ILI incidence",2026-09-13,4,"EE","quantile","0.85",169.990355389029
2026-08-26,"ILI incidence",2026-09-13,4,"EE","quantile","0.9",193.093873343925
2026-08-26,"ILI incidence",2026-09-13,4,"EE","quantile","0.95",228.231063198049
2026-08-26,"ILI incidence",2026-09-13,4,"EE","quantile","0.975",255.733866986371
2026-08-26,"ILI incidence",2026-09-13,4,"EE","quantile","0.99",287.645433443508
2026-08-26,"ILI incidence",2026-08-23,1,"ES","median","",9.00450497846122
2026-08-26,"ILI incidence",2026-08-23,1,"ES","quantile","0.01",0
2026-08-26,"ILI incidence",2026-08-23,1,"ES","quantile","0.025",0
2026-08-26,"ILI incidence",2026-08-23,1,"ES","quantile","0.05",0
2026-08-26,"ILI incidence",2026-08-23,1,"ES","quantile","0.1",0
2026-08-26,"ILI incidence",2026-08-23,1,"ES","quantile","0.15",0
2026-08-26,"ILI incidence",2026-08-23,1,"ES","quantile","0.2",1.28107161334464
2026-08-26,"ILI incidence",2026-08-23,1,"ES","quantile","0.25",2.75248059537741
2026-08-26,"ILI incidence",2026-08-23,1,"ES","quantile","0.3",4.12970190147397
2026-08-26,"ILI incidence",2026-08-23,1,"ES","quantile","0.35",5.40346631525324
2026-08-26,"ILI incidence",2026-08-23,1,"ES","quantile","0.4",6.65064056025683
2026-08-26,"ILI incidence",2026-08-23,1,"ES","quantile","0.45",7.81329835276219
2026-08-26,"ILI incidence",2026-08-23,1,"ES","quantile","0.5",9.05505610090079
2026-08-26,"ILI incidence",2026-08-23,1,"ES","quantile","0.55",10.2441155543956
2026-08-26,"ILI incidence",2026-08-23,1,"ES","quantile","0.6",11.4722879471026
2026-08-26,"ILI incidence",2026-08-23,1,"ES","quantile","0.65",12.6639661837766
2026-08-26,"ILI incidence",2026-08-23,1,"ES","quantile","0.7",13.934376291979
2026-08-26,"ILI incidence",2026-08-23,1,"ES","quantile","0.75",15.2777379464242
2026-08-26,"ILI incidence",2026-08-23,1,"ES","quantile","0.8",16.7947250773613
2026-08-26,"ILI incidence",2026-08-23,1,"ES","quantile","0.85",18.663104805417
2026-08-26,"ILI incidence",2026-08-23,1,"ES","quantile","0.9",21.001747515077
2026-08-26,"ILI incidence",2026-08-23,1,"ES","quantile","0.95",24.1652354650372
2026-08-26,"ILI incidence",2026-08-23,1,"ES","quantile","0.975",27.0506892601592
2026-08-26,"ILI incidence",2026-08-23,1,"ES","quantile","0.99",30.7978418998667
2026-08-26,"ILI incidence",2026-08-30,2,"ES","median","",11.2183863286284
2026-08-26,"ILI incidence",2026-08-30,2,"ES","quantile","0.01",0
2026-08-26,"ILI incidence",2026-08-30,2,"ES","quantile","0.025",0
2026-08-26,"ILI incidence",2026-08-30,2,"ES","quantile","0.05",0
2026-08-26,"ILI incidence",2026-08-30,2,"ES","quantile","0.1",0
2026-08-26,"ILI incidence",2026-08-30,2,"ES","quantile","0.15",0
2026-08-26,"ILI incidence",2026-08-30,2,"ES","quantile","0.2",0
2026-08-26,"ILI incidence",2026-08-30,2,"ES","quantile","0.25",0.0240850330792073
2026-08-26,"ILI incidence",2026-08-30,2,"ES","quantile","0.3",2.53694845219623
2026-08-26,"ILI incidence",2026-08-30,2,"ES","quantile","0.35",4.87172406648394
2026-08-26,"ILI incidence",2026-08-30,2,"ES","quantile","0.4",7.06952771919483
2026-08-26,"ILI incidence",2026-08-30,2,"ES","quantile","0.45",9.10858758976096
2026-08-26,"ILI incidence",2026-08-30,2,"ES","quantile","0.5",11.043818415491
2026-08-26,"ILI incidence",2026-08-30,2,"ES","quantile","0.55",13.0175801767504
2026-08-26,"ILI incidence",2026-08-30,2,"ES","quantile","0.6",15.1471901337773
2026-08-26,"ILI incidence",2026-08-30,2,"ES","quantile","0.65",17.3741279859918
2026-08-26,"ILI incidence",2026-08-30,2,"ES","quantile","0.7",19.5823042211233
2026-08-26,"ILI incidence",2026-08-30,2,"ES","quantile","0.75",22.2696547842333
2026-08-26,"ILI incidence",2026-08-30,2,"ES","quantile","0.8",25.0963476171143
2026-08-26,"ILI incidence",2026-08-30,2,"ES","quantile","0.85",28.4408633667463
2026-08-26,"ILI incidence",2026-08-30,2,"ES","quantile","0.9",32.2410508635706
2026-08-26,"ILI incidence",2026-08-30,2,"ES","quantile","0.95",38.0575069600284
2026-08-26,"ILI incidence",2026-08-30,2,"ES","quantile","0.975",42.8089245957249
2026-08-26,"ILI incidence",2026-08-30,2,"ES","quantile","0.99",48.787140912387
2026-08-26,"ILI incidence",2026-09-06,3,"ES","median","",12.895413439131
2026-08-26,"ILI incidence",2026-09-06,3,"ES","quantile","0.01",0
2026-08-26,"ILI incidence",2026-09-06,3,"ES","quantile","0.025",0
2026-08-26,"ILI incidence",2026-09-06,3,"ES","quantile","0.05",0
2026-08-26,"ILI incidence",2026-09-06,3,"ES","quantile","0.1",0
2026-08-26,"ILI incidence",2026-09-06,3,"ES","quantile","0.15",0
2026-08-26,"ILI incidence",2026-09-06,3,"ES","quantile","0.2",0
2026-08-26,"ILI incidence",2026-09-06,3,"ES","quantile","0.25",0
2026-08-26,"ILI incidence",2026-09-06,3,"ES","quantile","0.3",0.726406938490998
2026-08-26,"ILI incidence",2026-09-06,3,"ES","quantile","0.35",3.6712462778764
2026-08-26,"ILI incidence",2026-09-06,3,"ES","quantile","0.4",6.99810070153758
2026-08-26,"ILI incidence",2026-09-06,3,"ES","quantile","0.45",9.72962130616808
2026-08-26,"ILI incidence",2026-09-06,3,"ES","quantile","0.5",12.6044730113406
2026-08-26,"ILI incidence",2026-09-06,3,"ES","quantile","0.55",15.4656202971738
2026-08-26,"ILI incidence",2026-09-06,3,"ES","quantile","0.6",18.4388375482082
2026-08-26,"ILI incidence",2026-09-06,3,"ES","quantile","0.65",21.4203938185059
2026-08-26,"ILI incidence",2026-09-06,3,"ES","quantile","0.7",24.6280891929453
2026-08-26,"ILI incidence",2026-09-06,3,"ES","quantile","0.75",28.2044283481728
2026-08-26,"ILI incidence",2026-09-06,3,"ES","quantile","0.8",32.0223691983362
2026-08-26,"ILI incidence",2026-09-06,3,"ES","quantile","0.85",36.403754586684
2026-08-26,"ILI incidence",2026-09-06,3,"ES","quantile","0.9",42.2410342915462
2026-08-26,"ILI incidence",2026-09-06,3,"ES","quantile","0.95",50.7909803164914
2026-08-26,"ILI incidence",2026-09-06,3,"ES","quantile","0.975",57.5581338502153
2026-08-26,"ILI incidence",2026-09-06,3,"ES","quantile","0.99",65.5302763295682
2026-08-26,"ILI incidence",2026-09-13,4,"ES","median","",14.2603901818465
2026-08-26,"ILI incidence",2026-09-13,4,"ES","quantile","0.01",0
2026-08-26,"ILI incidence",2026-09-13,4,"ES","quantile","0.025",0
2026-08-26,"ILI incidence",2026-09-13,4,"ES","quantile","0.05",0
2026-08-26,"ILI incidence",2026-09-13,4,"ES","quantile","0.1",0
2026-08-26,"ILI incidence",2026-09-13,4,"ES","quantile","0.15",0
2026-08-26,"ILI incidence",2026-09-13,4,"ES","quantile","0.2",0
2026-08-26,"ILI incidence",2026-09-13,4,"ES","quantile","0.25",0
2026-08-26,"ILI incidence",2026-09-13,4,"ES","quantile","0.3",0.212805948693078
2026-08-26,"ILI incidence",2026-09-13,4,"ES","quantile","0.35",4.06305958923719
2026-08-26,"ILI incidence",2026-09-13,4,"ES","quantile","0.4",7.42650131215778
2026-08-26,"ILI incidence",2026-09-13,4,"ES","quantile","0.45",10.9459439196283
2026-08-26,"ILI incidence",2026-09-13,4,"ES","quantile","0.5",14.2564938915794
2026-08-26,"ILI incidence",2026-09-13,4,"ES","quantile","0.55",17.3208363152875
2026-08-26,"ILI incidence",2026-09-13,4,"ES","quantile","0.6",20.5912850937124
2026-08-26,"ILI incidence",2026-09-13,4,"ES","quantile","0.65",24.1101663857757
2026-08-26,"ILI incidence",2026-09-13,4,"ES","quantile","0.7",27.8598694235773
2026-08-26,"ILI incidence",2026-09-13,4,"ES","quantile","0.75",31.5222058018122
2026-08-26,"ILI incidence",2026-09-13,4,"ES","quantile","0.8",36.0569281398168
2026-08-26,"ILI incidence",2026-09-13,4,"ES","quantile","0.85",41.3188156987751
2026-08-26,"ILI incidence",2026-09-13,4,"ES","quantile","0.9",47.8046852507266
2026-08-26,"ILI incidence",2026-09-13,4,"ES","quantile","0.95",57.4846865498835
2026-08-26,"ILI incidence",2026-09-13,4,"ES","quantile","0.975",65.3529927331618
2026-08-26,"ILI incidence",2026-09-13,4,"ES","quantile","0.99",74.0692674626916
2026-08-26,"ILI incidence",2026-08-23,1,"GB-WLS","median","",1.57736344359933
2026-08-26,"ILI incidence",2026-08-23,1,"GB-WLS","quantile","0.01",0
2026-08-26,"ILI incidence",2026-08-23,1,"GB-WLS","quantile","0.025",0
2026-08-26,"ILI incidence",2026-08-23,1,"GB-WLS","quantile","0.05",0
2026-08-26,"ILI incidence",2026-08-23,1,"GB-WLS","quantile","0.1",0
2026-08-26,"ILI incidence",2026-08-23,1,"GB-WLS","quantile","0.15",0
2026-08-26,"ILI incidence",2026-08-23,1,"GB-WLS","quantile","0.2",0
2026-08-26,"ILI incidence",2026-08-23,1,"GB-WLS","quantile","0.25",0
2026-08-26,"ILI incidence",2026-08-23,1,"GB-WLS","quantile","0.3",0.267093041733506
2026-08-26,"ILI incidence",2026-08-23,1,"GB-WLS","quantile","0.35",0.610329215769155
2026-08-26,"ILI incidence",2026-08-23,1,"GB-WLS","quantile","0.4",0.931573611119096
2026-08-26,"ILI incidence",2026-08-23,1,"GB-WLS","quantile","0.45",1.23539425383208
2026-08-26,"ILI incidence",2026-08-23,1,"GB-WLS","quantile","0.5",1.55178542468427
2026-08-26,"ILI incidence",2026-08-23,1,"GB-WLS","quantile","0.55",1.85722022657119
2026-08-26,"ILI incidence",2026-08-23,1,"GB-WLS","quantile","0.6",2.16473284708124
2026-08-26,"ILI incidence",2026-08-23,1,"GB-WLS","quantile","0.65",2.52902420299346
2026-08-26,"ILI incidence",2026-08-23,1,"GB-WLS","quantile","0.7",2.90334852506132
2026-08-26,"ILI incidence",2026-08-23,1,"GB-WLS","quantile","0.75",3.26997386234523
2026-08-26,"ILI incidence",2026-08-23,1,"GB-WLS","quantile","0.8",3.68292106713175
2026-08-26,"ILI incidence",2026-08-23,1,"GB-WLS","quantile","0.85",4.19857943855208
2026-08-26,"ILI incidence",2026-08-23,1,"GB-WLS","quantile","0.9",4.83878326914985
2026-08-26,"ILI incidence",2026-08-23,1,"GB-WLS","quantile","0.95",5.78612104000263
2026-08-26,"ILI incidence",2026-08-23,1,"GB-WLS","quantile","0.975",6.51325566652339
2026-08-26,"ILI incidence",2026-08-23,1,"GB-WLS","quantile","0.99",7.36584739244611
2026-08-26,"ILI incidence",2026-08-30,2,"GB-WLS","median","",1.81140609968827
2026-08-26,"ILI incidence",2026-08-30,2,"GB-WLS","quantile","0.01",0
2026-08-26,"ILI incidence",2026-08-30,2,"GB-WLS","quantile","0.025",0
2026-08-26,"ILI incidence",2026-08-30,2,"GB-WLS","quantile","0.05",0
2026-08-26,"ILI incidence",2026-08-30,2,"GB-WLS","quantile","0.1",0
2026-08-26,"ILI incidence",2026-08-30,2,"GB-WLS","quantile","0.15",0
2026-08-26,"ILI incidence",2026-08-30,2,"GB-WLS","quantile","0.2",0
2026-08-26,"ILI incidence",2026-08-30,2,"GB-WLS","quantile","0.25",0
2026-08-26,"ILI incidence",2026-08-30,2,"GB-WLS","quantile","0.3",0.152191504736699
2026-08-26,"ILI incidence",2026-08-30,2,"GB-WLS","quantile","0.35",0.620447210028235
2026-08-26,"ILI incidence",2026-08-30,2,"GB-WLS","quantile","0.4",1.0256398637849
2026-08-26,"ILI incidence",2026-08-30,2,"GB-WLS","quantile","0.45",1.43875435720425
2026-08-26,"ILI incidence",2026-08-30,2,"GB-WLS","quantile","0.5",1.83377472178804
2026-08-26,"ILI incidence",2026-08-30,2,"GB-WLS","quantile","0.55",2.23942913338192
2026-08-26,"ILI incidence",2026-08-30,2,"GB-WLS","quantile","0.6",2.67417916220307
2026-08-26,"ILI incidence",2026-08-30,2,"GB-WLS","quantile","0.65",3.11616422487611
2026-08-26,"ILI incidence",2026-08-30,2,"GB-WLS","quantile","0.7",3.53066170960135
2026-08-26,"ILI incidence",2026-08-30,2,"GB-WLS","quantile","0.75",4.05584430169327
2026-08-26,"ILI incidence",2026-08-30,2,"GB-WLS","quantile","0.8",4.57134390306978
2026-08-26,"ILI incidence",2026-08-30,2,"GB-WLS","quantile","0.85",5.20372766730477
2026-08-26,"ILI incidence",2026-08-30,2,"GB-WLS","quantile","0.9",6.01377132981824
2026-08-26,"ILI incidence",2026-08-30,2,"GB-WLS","quantile","0.95",7.14841012090058
2026-08-26,"ILI incidence",2026-08-30,2,"GB-WLS","quantile","0.975",8.04023611077764
2026-08-26,"ILI incidence",2026-08-30,2,"GB-WLS","quantile","0.99",9.34713146919614
2026-08-26,"ILI incidence",2026-09-06,3,"GB-WLS","median","",2.28045691613193
2026-08-26,"ILI incidence",2026-09-06,3,"GB-WLS","quantile","0.01",0
2026-08-26,"ILI incidence",2026-09-06,3,"GB-WLS","quantile","0.025",0
2026-08-26,"ILI incidence",2026-09-06,3,"GB-WLS","quantile","0.05",0
2026-08-26,"ILI incidence",2026-09-06,3,"GB-WLS","quantile","0.1",0
2026-08-26,"ILI incidence",2026-09-06,3,"GB-WLS","quantile","0.15",0
2026-08-26,"ILI incidence",2026-09-06,3,"GB-WLS","quantile","0.2",0
2026-08-26,"ILI incidence",2026-09-06,3,"GB-WLS","quantile","0.25",0
2026-08-26,"ILI incidence",2026-09-06,3,"GB-WLS","quantile","0.3",0
2026-08-26,"ILI incidence",2026-09-06,3,"GB-WLS","quantile","0.35",0.58285277606097
2026-08-26,"ILI incidence",2026-09-06,3,"GB-WLS","quantile","0.4",1.15961122610247
2026-08-26,"ILI incidence",2026-09-06,3,"GB-WLS","quantile","0.45",1.69218819386957
2026-08-26,"ILI incidence",2026-09-06,3,"GB-WLS","quantile","0.5",2.22788754011645
2026-08-26,"ILI incidence",2026-09-06,3,"GB-WLS","quantile","0.55",2.80163962658975
2026-08-26,"ILI incidence",2026-09-06,3,"GB-WLS","quantile","0.6",3.3767682990075
2026-08-26,"ILI incidence",2026-09-06,3,"GB-WLS","quantile","0.65",3.92396586140372
2026-08-26,"ILI incidence",2026-09-06,3,"GB-WLS","quantile","0.7",4.50460132749432
2026-08-26,"ILI incidence",2026-09-06,3,"GB-WLS","quantile","0.75",5.19169189752183
2026-08-26,"ILI incidence",2026-09-06,3,"GB-WLS","quantile","0.8",5.90756688674288
2026-08-26,"ILI incidence",2026-09-06,3,"GB-WLS","quantile","0.85",6.66209767181614
2026-08-26,"ILI incidence",2026-09-06,3,"GB-WLS","quantile","0.9",7.73778192329917
2026-08-26,"ILI incidence",2026-09-06,3,"GB-WLS","quantile","0.95",9.24562146628117
2026-08-26,"ILI incidence",2026-09-06,3,"GB-WLS","quantile","0.975",10.5891259957302
2026-08-26,"ILI incidence",2026-09-06,3,"GB-WLS","quantile","0.99",12.2815347257686
2026-08-26,"ILI incidence",2026-09-13,4,"GB-WLS","median","",2.83168892334254
2026-08-26,"ILI incidence",2026-09-13,4,"GB-WLS","quantile","0.01",0
2026-08-26,"ILI incidence",2026-09-13,4,"GB-WLS","quantile","0.025",0
2026-08-26,"ILI incidence",2026-09-13,4,"GB-WLS","quantile","0.05",0
2026-08-26,"ILI incidence",2026-09-13,4,"GB-WLS","quantile","0.1",0
2026-08-26,"ILI incidence",2026-09-13,4,"GB-WLS","quantile","0.15",0
2026-08-26,"ILI incidence",2026-09-13,4,"GB-WLS","quantile","0.2",0
2026-08-26,"ILI incidence",2026-09-13,4,"GB-WLS","quantile","0.25",0
2026-08-26,"ILI incidence",2026-09-13,4,"GB-WLS","quantile","0.3",0.153283574558562
2026-08-26,"ILI incidence",2026-09-13,4,"GB-WLS","quantile","0.35",0.857130022373148
2026-08-26,"ILI incidence",2026-09-13,4,"GB-WLS","quantile","0.4",1.55625655338629
2026-08-26,"ILI incidence",2026-09-13,4,"GB-WLS","quantile","0.45",2.19111353004353
2026-08-26,"ILI incidence",2026-09-13,4,"GB-WLS","quantile","0.5",2.8246586046863
2026-08-26,"ILI incidence",2026-09-13,4,"GB-WLS","quantile","0.55",3.50146205994831
2026-08-26,"ILI incidence",2026-09-13,4,"GB-WLS","quantile","0.6",4.13593416232185
2026-08-26,"ILI incidence",2026-09-13,4,"GB-WLS","quantile","0.65",4.88686295619896
2026-08-26,"ILI incidence",2026-09-13,4,"GB-WLS","quantile","0.7",5.61315352539055
2026-08-26,"ILI incidence",2026-09-13,4,"GB-WLS","quantile","0.75",6.45565157246925
2026-08-26,"ILI incidence",2026-09-13,4,"GB-WLS","quantile","0.8",7.33256556821937
2026-08-26,"ILI incidence",2026-09-13,4,"GB-WLS","quantile","0.85",8.28671653276181
2026-08-26,"ILI incidence",2026-09-13,4,"GB-WLS","quantile","0.9",9.53760628404681
2026-08-26,"ILI incidence",2026-09-13,4,"GB-WLS","quantile","0.95",11.3454913707434
2026-08-26,"ILI incidence",2026-09-13,4,"GB-WLS","quantile","0.975",13.000483902192
2026-08-26,"ILI incidence",2026-09-13,4,"GB-WLS","quantile","0.99",14.9772728675133
2026-08-26,"ILI incidence",2026-08-23,1,"GR","median","",354.510542588932
2026-08-26,"ILI incidence",2026-08-23,1,"GR","quantile","0.01",0
2026-08-26,"ILI incidence",2026-08-23,1,"GR","quantile","0.025",21.9843814543027
2026-08-26,"ILI incidence",2026-08-23,1,"GR","quantile","0.05",78.7248928406607
2026-08-26,"ILI incidence",2026-08-23,1,"GR","quantile","0.1",137.320268801825
2026-08-26,"ILI incidence",2026-08-23,1,"GR","quantile","0.15",179.375643172731
2026-08-26,"ILI incidence",2026-08-23,1,"GR","quantile","0.2",213.030499615421
2026-08-26,"ILI incidence",2026-08-23,1,"GR","quantile","0.25",241.663644031154
2026-08-26,"ILI incidence",2026-08-23,1,"GR","quantile","0.3",265.963357468672
2026-08-26,"ILI incidence",2026-08-23,1,"GR","quantile","0.35",288.823913052494
2026-08-26,"ILI incidence",2026-08-23,1,"GR","quantile","0.4",311.599721058119
2026-08-26,"ILI incidence",2026-08-23,1,"GR","quantile","0.45",334.165600649244
2026-08-26,"ILI incidence",2026-08-23,1,"GR","quantile","0.5",355.869259325843
2026-08-26,"ILI incidence",2026-08-23,1,"GR","quantile","0.55",377.192334150389
2026-08-26,"ILI incidence",2026-08-23,1,"GR","quantile","0.6",399.569703849774
2026-08-26,"ILI incidence",2026-08-23,1,"GR","quantile","0.65",421.46033806594
2026-08-26,"ILI incidence",2026-08-23,1,"GR","quantile","0.7",444.910270879693
2026-08-26,"ILI incidence",2026-08-23,1,"GR","quantile","0.75",470.63284220508
2026-08-26,"ILI incidence",2026-08-23,1,"GR","quantile","0.8",500.958253153567
2026-08-26,"ILI incidence",2026-08-23,1,"GR","quantile","0.85",533.742992185638
2026-08-26,"ILI incidence",2026-08-23,1,"GR","quantile","0.9",574.64176569022
2026-08-26,"ILI incidence",2026-08-23,1,"GR","quantile","0.95",631.287161962545
2026-08-26,"ILI incidence",2026-08-23,1,"GR","quantile","0.975",684.100958714393
2026-08-26,"ILI incidence",2026-08-23,1,"GR","quantile","0.99",745.42844725684
2026-08-26,"ILI incidence",2026-08-30,2,"GR","median","",382.126629851477
2026-08-26,"ILI incidence",2026-08-30,2,"GR","quantile","0.01",0
2026-08-26,"ILI incidence",2026-08-30,2,"GR","quantile","0.025",0
2026-08-26,"ILI incidence",2026-08-30,2,"GR","quantile","0.05",1.49266893503642
2026-08-26,"ILI incidence",2026-08-30,2,"GR","quantile","0.1",84.9285405045951
2026-08-26,"ILI incidence",2026-08-30,2,"GR","quantile","0.15",140.604122725757
2026-08-26,"ILI incidence",2026-08-30,2,"GR","quantile","0.2",186.875350229954
2026-08-26,"ILI incidence",2026-08-30,2,"GR","quantile","0.25",226.770676228419
2026-08-26,"ILI incidence",2026-08-30,2,"GR","quantile","0.3",262.270612277862
2026-08-26,"ILI incidence",2026-08-30,2,"GR","quantile","0.35",293.504743061961
2026-08-26,"ILI incidence",2026-08-30,2,"GR","quantile","0.4",325.904159296792
2026-08-26,"ILI incidence",2026-08-30,2,"GR","quantile","0.45",355.50556570177
2026-08-26,"ILI incidence",2026-08-30,2,"GR","quantile","0.5",384.571239631195
2026-08-26,"ILI incidence",2026-08-30,2,"GR","quantile","0.55",414.012331460763
2026-08-26,"ILI incidence",2026-08-30,2,"GR","quantile","0.6",440.253149312148
2026-08-26,"ILI incidence",2026-08-30,2,"GR","quantile","0.65",469.818724949799
2026-08-26,"ILI incidence",2026-08-30,2,"GR","quantile","0.7",502.135102906802
2026-08-26,"ILI incidence",2026-08-30,2,"GR","quantile","0.75",537.717689676343
2026-08-26,"ILI incidence",2026-08-30,2,"GR","quantile","0.8",579.079369513237
2026-08-26,"ILI incidence",2026-08-30,2,"GR","quantile","0.85",625.000789231184
2026-08-26,"ILI incidence",2026-08-30,2,"GR","quantile","0.9",685.18426921295
2026-08-26,"ILI incidence",2026-08-30,2,"GR","quantile","0.95",767.556783058234
2026-08-26,"ILI incidence",2026-08-30,2,"GR","quantile","0.975",835.729809906498
2026-08-26,"ILI incidence",2026-08-30,2,"GR","quantile","0.99",923.562546997944
2026-08-26,"ILI incidence",2026-09-06,3,"GR","median","",407.122851189381
2026-08-26,"ILI incidence",2026-09-06,3,"GR","quantile","0.01",0
2026-08-26,"ILI incidence",2026-09-06,3,"GR","quantile","0.025",0
2026-08-26,"ILI incidence",2026-09-06,3,"GR","quantile","0.05",0
2026-08-26,"ILI incidence",2026-09-06,3,"GR","quantile","0.1",50.1086759086945
2026-08-26,"ILI incidence",2026-09-06,3,"GR","quantile","0.15",120.750676903975
2026-08-26,"ILI incidence",2026-09-06,3,"GR","quantile","0.2",179.005402772886
2026-08-26,"ILI incidence",2026-09-06,3,"GR","quantile","0.25",225.84650072727
2026-08-26,"ILI incidence",2026-09-06,3,"GR","quantile","0.3",266.054732152121
2026-08-26,"ILI incidence",2026-09-06,3,"GR","quantile","0.35",305.774813843665
2026-08-26,"ILI incidence",2026-09-06,3,"GR","quantile","0.4",342.368596928263
2026-08-26,"ILI incidence",2026-09-06,3,"GR","quantile","0.45",376.610391859335
2026-08-26,"ILI incidence",2026-09-06,3,"GR","quantile","0.5",411.024392227828
2026-08-26,"ILI incidence",2026-09-06,3,"GR","quantile","0.55",445.349672536533
2026-08-26,"ILI incidence",2026-09-06,3,"GR","quantile","0.6",477.410028009207
2026-08-26,"ILI incidence",2026-09-06,3,"GR","quantile","0.65",513.48344349309
2026-08-26,"ILI incidence",2026-09-06,3,"GR","quantile","0.7",551.375764064327
2026-08-26,"ILI incidence",2026-09-06,3,"GR","quantile","0.75",591.042983089286
2026-08-26,"ILI incidence",2026-09-06,3,"GR","quantile","0.8",638.510980477516
2026-08-26,"ILI incidence",2026-09-06,3,"GR","quantile","0.85",694.88075401484
2026-08-26,"ILI incidence",2026-09-06,3,"GR","quantile","0.9",757.32229468116
2026-08-26,"ILI incidence",2026-09-06,3,"GR","quantile","0.95",861.68639235392
2026-08-26,"ILI incidence",2026-09-06,3,"GR","quantile","0.975",948.402680546225
2026-08-26,"ILI incidence",2026-09-06,3,"GR","quantile","0.99",1046.48077501171
2026-08-26,"ILI incidence",2026-09-13,4,"GR","median","",429.747746426474
2026-08-26,"ILI incidence",2026-09-13,4,"GR","quantile","0.01",0
2026-08-26,"ILI incidence",2026-09-13,4,"GR","quantile","0.025",0
2026-08-26,"ILI incidence",2026-09-13,4,"GR","quantile","0.05",0
2026-08-26,"ILI incidence",2026-09-13,4,"GR","quantile","0.1",42.8608844312967
2026-08-26,"ILI incidence",2026-09-13,4,"GR","quantile","0.15",118.854127589979
2026-08-26,"ILI incidence",2026-09-13,4,"GR","quantile","0.2",177.795872513371
2026-08-26,"ILI incidence",2026-09-13,4,"GR","quantile","0.25",226.912642395235
2026-08-26,"ILI incidence",2026-09-13,4,"GR","quantile","0.3",270.808807851612
2026-08-26,"ILI incidence",2026-09-13,4,"GR","quantile","0.35",313.108368030166
2026-08-26,"ILI incidence",2026-09-13,4,"GR","quantile","0.4",355.701229627204
2026-08-26,"ILI incidence",2026-09-13,4,"GR","quantile","0.45",394.244721598588
2026-08-26,"ILI incidence",2026-09-13,4,"GR","quantile","0.5",432.436724883894
2026-08-26,"ILI incidence",2026-09-13,4,"GR","quantile","0.55",470.438167245043
2026-08-26,"ILI incidence",2026-09-13,4,"GR","quantile","0.6",505.545043263594
2026-08-26,"ILI incidence",2026-09-13,4,"GR","quantile","0.65",547.458161851225
2026-08-26,"ILI incidence",2026-09-13,4,"GR","quantile","0.7",590.581599271558
2026-08-26,"ILI incidence",2026-09-13,4,"GR","quantile","0.75",638.861474956898
2026-08-26,"ILI incidence",2026-09-13,4,"GR","quantile","0.8",688.594222143635
2026-08-26,"ILI incidence",2026-09-13,4,"GR","quantile","0.85",744.741654409437
2026-08-26,"ILI incidence",2026-09-13,4,"GR","quantile","0.9",816.90393779934
2026-08-26,"ILI incidence",2026-09-13,4,"GR","quantile","0.95",920.741266876252
2026-08-26,"ILI incidence",2026-09-13,4,"GR","quantile","0.975",1016.34755715618
2026-08-26,"ILI incidence",2026-09-13,4,"GR","quantile","0.99",1147.08255508089
2026-08-26,"ILI incidence",2026-08-23,1,"HU","median","",34.993678012269
2026-08-26,"ILI incidence",2026-08-23,1,"HU","quantile","0.01",0
2026-08-26,"ILI incidence",2026-08-23,1,"HU","quantile","0.025",0
2026-08-26,"ILI incidence",2026-08-23,1,"HU","quantile","0.05",0
2026-08-26,"ILI incidence",2026-08-23,1,"HU","quantile","0.1",0
2026-08-26,"ILI incidence",2026-08-23,1,"HU","quantile","0.15",0
2026-08-26,"ILI incidence",2026-08-23,1,"HU","quantile","0.2",0
2026-08-26,"ILI incidence",2026-08-23,1,"HU","quantile","0.25",0
2026-08-26,"ILI incidence",2026-08-23,1,"HU","quantile","0.3",5.8705217747998
2026-08-26,"ILI incidence",2026-08-23,1,"HU","quantile","0.35",13.5401121142045
2026-08-26,"ILI incidence",2026-08-23,1,"HU","quantile","0.4",20.1870070662229
2026-08-26,"ILI incidence",2026-08-23,1,"HU","quantile","0.45",27.1349460022437
2026-08-26,"ILI incidence",2026-08-23,1,"HU","quantile","0.5",33.4545413754767
2026-08-26,"ILI incidence",2026-08-23,1,"HU","quantile","0.55",40.6818718678727
2026-08-26,"ILI incidence",2026-08-23,1,"HU","quantile","0.6",48.0303924114085
2026-08-26,"ILI incidence",2026-08-23,1,"HU","quantile","0.65",55.3373929576072
2026-08-26,"ILI incidence",2026-08-23,1,"HU","quantile","0.7",63.0740712454982
2026-08-26,"ILI incidence",2026-08-23,1,"HU","quantile","0.75",70.5773948485282
2026-08-26,"ILI incidence",2026-08-23,1,"HU","quantile","0.8",79.4393374796564
2026-08-26,"ILI incidence",2026-08-23,1,"HU","quantile","0.85",88.8321553302581
2026-08-26,"ILI incidence",2026-08-23,1,"HU","quantile","0.9",102.786565524025
2026-08-26,"ILI incidence",2026-08-23,1,"HU","quantile","0.95",121.75400410075
2026-08-26,"ILI incidence",2026-08-23,1,"HU","quantile","0.975",138.634129819503
2026-08-26,"ILI incidence",2026-08-23,1,"HU","quantile","0.99",159.01994552457
2026-08-26,"ILI incidence",2026-08-30,2,"HU","median","",63.9491246444993
2026-08-26,"ILI incidence",2026-08-30,2,"HU","quantile","0.01",0
2026-08-26,"ILI incidence",2026-08-30,2,"HU","quantile","0.025",0
2026-08-26,"ILI incidence",2026-08-30,2,"HU","quantile","0.05",0
2026-08-26,"ILI incidence",2026-08-30,2,"HU","quantile","0.1",0
2026-08-26,"ILI incidence",2026-08-30,2,"HU","quantile","0.15",0
2026-08-26,"ILI incidence",2026-08-30,2,"HU","quantile","0.2",0
2026-08-26,"ILI incidence",2026-08-30,2,"HU","quantile","0.25",1.31428751392934
2026-08-26,"ILI incidence",2026-08-30,2,"HU","quantile","0.3",14.2147691322636
2026-08-26,"ILI incidence",2026-08-30,2,"HU","quantile","0.35",26.4985818932522
2026-08-26,"ILI incidence",2026-08-30,2,"HU","quantile","0.4",38.6340959168967
2026-08-26,"ILI incidence",2026-08-30,2,"HU","quantile","0.45",50.2659699766858
2026-08-26,"ILI incidence",2026-08-30,2,"HU","quantile","0.5",61.5893865906678
2026-08-26,"ILI incidence",2026-08-30,2,"HU","quantile","0.55",72.7024843732639
2026-08-26,"ILI incidence",2026-08-30,2,"HU","quantile","0.6",84.6518879629574
2026-08-26,"ILI incidence",2026-08-30,2,"HU","quantile","0.65",96.8815339211911
2026-08-26,"ILI incidence",2026-08-30,2,"HU","quantile","0.7",110.105114625069
2026-08-26,"ILI incidence",2026-08-30,2,"HU","quantile","0.75",124.318297707863
2026-08-26,"ILI incidence",2026-08-30,2,"HU","quantile","0.8",139.728635775735
2026-08-26,"ILI incidence",2026-08-30,2,"HU","quantile","0.85",157.144525956005
2026-08-26,"ILI incidence",2026-08-30,2,"HU","quantile","0.9",179.147550249595
2026-08-26,"ILI incidence",2026-08-30,2,"HU","quantile","0.95",210.442160596704
2026-08-26,"ILI incidence",2026-08-30,2,"HU","quantile","0.975",241.766148824306
2026-08-26,"ILI incidence",2026-08-30,2,"HU","quantile","0.99",275.387892650322
2026-08-26,"ILI incidence",2026-09-06,3,"HU","median","",95.8559590937747
2026-08-26,"ILI incidence",2026-09-06,3,"HU","quantile","0.01",0
2026-08-26,"ILI incidence",2026-09-06,3,"HU","quantile","0.025",0
2026-08-26,"ILI incidence",2026-09-06,3,"HU","quantile","0.05",0
2026-08-26,"ILI incidence",2026-09-06,3,"HU","quantile","0.1",0
2026-08-26,"ILI incidence",2026-09-06,3,"HU","quantile","0.15",0
2026-08-26,"ILI incidence",2026-09-06,3,"HU","quantile","0.2",0
2026-08-26,"ILI incidence",2026-09-06,3,"HU","quantile","0.25",14.6895042616491
2026-08-26,"ILI incidence",2026-09-06,3,"HU","quantile","0.3",32.1005811654634
2026-08-26,"ILI incidence",2026-09-06,3,"HU","quantile","0.35",48.8478399086424
2026-08-26,"ILI incidence",2026-09-06,3,"HU","quantile","0.4",64.1540319660415
2026-08-26,"ILI incidence",2026-09-06,3,"HU","quantile","0.45",79.1326919280332
2026-08-26,"ILI incidence",2026-09-06,3,"HU","quantile","0.5",93.5719655688371
2026-08-26,"ILI incidence",2026-09-06,3,"HU","quantile","0.55",108.59974650456
2026-08-26,"ILI incidence",2026-09-06,3,"HU","quantile","0.6",123.753040854105
2026-08-26,"ILI incidence",2026-09-06,3,"HU","quantile","0.65",139.617320831607
2026-08-26,"ILI incidence",2026-09-06,3,"HU","quantile","0.7",154.424196838278
2026-08-26,"ILI incidence",2026-09-06,3,"HU","quantile","0.75",171.758729445304
2026-08-26,"ILI incidence",2026-09-06,3,"HU","quantile","0.8",191.293529087963
2026-08-26,"ILI incidence",2026-09-06,3,"HU","quantile","0.85",214.86102976749
2026-08-26,"ILI incidence",2026-09-06,3,"HU","quantile","0.9",244.462603248975
2026-08-26,"ILI incidence",2026-09-06,3,"HU","quantile","0.95",284.120552574168
2026-08-26,"ILI incidence",2026-09-06,3,"HU","quantile","0.975",322.100006815863
2026-08-26,"ILI incidence",2026-09-06,3,"HU","quantile","0.99",370.065108812507
2026-08-26,"ILI incidence",2026-09-13,4,"HU","median","",129.006024885592
2026-08-26,"ILI incidence",2026-09-13,4,"HU","quantile","0.01",0
2026-08-26,"ILI incidence",2026-09-13,4,"HU","quantile","0.025",0
2026-08-26,"ILI incidence",2026-09-13,4,"HU","quantile","0.05",0
2026-08-26,"ILI incidence",2026-09-13,4,"HU","quantile","0.1",0
2026-08-26,"ILI incidence",2026-09-13,4,"HU","quantile","0.15",0
2026-08-26,"ILI incidence",2026-09-13,4,"HU","quantile","0.2",6.05702200510809
2026-08-26,"ILI incidence",2026-09-13,4,"HU","quantile","0.25",32.4604713192787
2026-08-26,"ILI incidence",2026-09-13,4,"HU","quantile","0.3",53.360206285508
2026-08-26,"ILI incidence",2026-09-13,4,"HU","quantile","0.35",73.1177327623594
2026-08-26,"ILI incidence",2026-09-13,4,"HU","quantile","0.4",91.8598355071928
2026-08-26,"ILI incidence",2026-09-13,4,"HU","quantile","0.45",108.639136813849
2026-08-26,"ILI incidence",2026-09-13,4,"HU","quantile","0.5",127.527876292766
2026-08-26,"ILI incidence",2026-09-13,4,"HU","quantile","0.55",145.673193556516
2026-08-26,"ILI incidence",2026-09-13,4,"HU","quantile","0.6",163.69603276226
2026-08-26,"ILI incidence",2026-09-13,4,"HU","quantile","0.65",182.334129873151
2026-08-26,"ILI incidence",2026-09-13,4,"HU","quantile","0.7",201.061051652396
2026-08-26,"ILI incidence",2026-09-13,4,"HU","quantile","0.75",222.476122130931
2026-08-26,"ILI incidence",2026-09-13,4,"HU","quantile","0.8",245.596454736977
2026-08-26,"ILI incidence",2026-09-13,4,"HU","quantile","0.85",273.16321995385
2026-08-26,"ILI incidence",2026-09-13,4,"HU","quantile","0.9",307.509812699386
2026-08-26,"ILI incidence",2026-09-13,4,"HU","quantile","0.95",361.324729855336
2026-08-26,"ILI incidence",2026-09-13,4,"HU","quantile","0.975",405.561874380145
2026-08-26,"ILI incidence",2026-09-13,4,"HU","quantile","0.99",461.703255497453
2026-08-26,"ILI incidence",2026-08-23,1,"IE","median","",3.1934380050287
2026-08-26,"ILI incidence",2026-08-23,1,"IE","quantile","0.01",0
2026-08-26,"ILI incidence",2026-08-23,1,"IE","quantile","0.025",0
2026-08-26,"ILI incidence",2026-08-23,1,"IE","quantile","0.05",0
2026-08-26,"ILI incidence",2026-08-23,1,"IE","quantile","0.1",0
2026-08-26,"ILI incidence",2026-08-23,1,"IE","quantile","0.15",0
2026-08-26,"ILI incidence",2026-08-23,1,"IE","quantile","0.2",0
2026-08-26,"ILI incidence",2026-08-23,1,"IE","quantile","0.25",0
2026-08-26,"ILI incidence",2026-08-23,1,"IE","quantile","0.3",0
2026-08-26,"ILI incidence",2026-08-23,1,"IE","quantile","0.35",0
2026-08-26,"ILI incidence",2026-08-23,1,"IE","quantile","0.4",1.02344554977532
2026-08-26,"ILI incidence",2026-08-23,1,"IE","quantile","0.45",2.10814741256051
2026-08-26,"ILI incidence",2026-08-23,1,"IE","quantile","0.5",3.18852107255655
2026-08-26,"ILI incidence",2026-08-23,1,"IE","quantile","0.55",4.25004489940734
2026-08-26,"ILI incidence",2026-08-23,1,"IE","quantile","0.6",5.39126081016282
2026-08-26,"ILI incidence",2026-08-23,1,"IE","quantile","0.65",6.43849033331336
2026-08-26,"ILI incidence",2026-08-23,1,"IE","quantile","0.7",7.64158220737514
2026-08-26,"ILI incidence",2026-08-23,1,"IE","quantile","0.75",8.83259900187601
2026-08-26,"ILI incidence",2026-08-23,1,"IE","quantile","0.8",10.2825709560315
2026-08-26,"ILI incidence",2026-08-23,1,"IE","quantile","0.85",11.874804955582
2026-08-26,"ILI incidence",2026-08-23,1,"IE","quantile","0.9",13.8400126702026
2026-08-26,"ILI incidence",2026-08-23,1,"IE","quantile","0.95",16.9950525308954
2026-08-26,"ILI incidence",2026-08-23,1,"IE","quantile","0.975",19.6574806680735
2026-08-26,"ILI incidence",2026-08-23,1,"IE","quantile","0.99",22.3190367556422
2026-08-26,"ILI incidence",2026-08-30,2,"IE","median","",5.06193263565539
2026-08-26,"ILI incidence",2026-08-30,2,"IE","quantile","0.01",0
2026-08-26,"ILI incidence",2026-08-30,2,"IE","quantile","0.025",0
2026-08-26,"ILI incidence",2026-08-30,2,"IE","quantile","0.05",0
2026-08-26,"ILI incidence",2026-08-30,2,"IE","quantile","0.1",0
2026-08-26,"ILI incidence",2026-08-30,2,"IE","quantile","0.15",0
2026-08-26,"ILI incidence",2026-08-30,2,"IE","quantile","0.2",0
2026-08-26,"ILI incidence",2026-08-30,2,"IE","quantile","0.25",0
2026-08-26,"ILI incidence",2026-08-30,2,"IE","quantile","0.3",0
2026-08-26,"ILI incidence",2026-08-30,2,"IE","quantile","0.35",0.569069942236964
2026-08-26,"ILI incidence",2026-08-30,2,"IE","quantile","0.4",2.0980218627743
2026-08-26,"ILI incidence",2026-08-30,2,"IE","quantile","0.45",3.58984230545282
2026-08-26,"ILI incidence",2026-08-30,2,"IE","quantile","0.5",5.15356399180973
2026-08-26,"ILI incidence",2026-08-30,2,"IE","quantile","0.55",6.58583167158611
2026-08-26,"ILI incidence",2026-08-30,2,"IE","quantile","0.6",8.1298084543827
2026-08-26,"ILI incidence",2026-08-30,2,"IE","quantile","0.65",9.6865478130557
2026-08-26,"ILI incidence",2026-08-30,2,"IE","quantile","0.7",11.4434420549063
2026-08-26,"ILI incidence",2026-08-30,2,"IE","quantile","0.75",13.307518148351
2026-08-26,"ILI incidence",2026-08-30,2,"IE","quantile","0.8",15.1654599486526
2026-08-26,"ILI incidence",2026-08-30,2,"IE","quantile","0.85",17.4277875811381
2026-08-26,"ILI incidence",2026-08-30,2,"IE","quantile","0.9",20.6103708087723
2026-08-26,"ILI incidence",2026-08-30,2,"IE","quantile","0.95",25.1706755935067
2026-08-26,"ILI incidence",2026-08-30,2,"IE","quantile","0.975",28.9931152817447
2026-08-26,"ILI incidence",2026-08-30,2,"IE","quantile","0.99",33.3548808220978
2026-08-26,"ILI incidence",2026-09-06,3,"IE","median","",6.77045731171543
2026-08-26,"ILI incidence",2026-09-06,3,"IE","quantile","0.01",0
2026-08-26,"ILI incidence",2026-09-06,3,"IE","quantile","0.025",0
2026-08-26,"ILI incidence",2026-09-06,3,"IE","quantile","0.05",0
2026-08-26,"ILI incidence",2026-09-06,3,"IE","quantile","0.1",0
2026-08-26,"ILI incidence",2026-09-06,3,"IE","quantile","0.15",0
2026-08-26,"ILI incidence",2026-09-06,3,"IE","quantile","0.2",0
2026-08-26,"ILI incidence",2026-09-06,3,"IE","quantile","0.25",0
2026-08-26,"ILI incidence",2026-09-06,3,"IE","quantile","0.3",0
2026-08-26,"ILI incidence",2026-09-06,3,"IE","quantile","0.35",0.908857880708571
2026-08-26,"ILI incidence",2026-09-06,3,"IE","quantile","0.4",2.85428355796089
2026-08-26,"ILI incidence",2026-09-06,3,"IE","quantile","0.45",4.68721312887304
2026-08-26,"ILI incidence",2026-09-06,3,"IE","quantile","0.5",6.49948098721006
2026-08-26,"ILI incidence",2026-09-06,3,"IE","quantile","0.55",8.42952060273286
2026-08-26,"ILI incidence",2026-09-06,3,"IE","quantile","0.6",10.3967434773533
2026-08-26,"ILI incidence",2026-09-06,3,"IE","quantile","0.65",12.3916952029586
2026-08-26,"ILI incidence",2026-09-06,3,"IE","quantile","0.7",14.4720562445121
2026-08-26,"ILI incidence",2026-09-06,3,"IE","quantile","0.75",16.6696575231171
2026-08-26,"ILI incidence",2026-09-06,3,"IE","quantile","0.8",19.067006495966
2026-08-26,"ILI incidence",2026-09-06,3,"IE","quantile","0.85",21.9715474380657
2026-08-26,"ILI incidence",2026-09-06,3,"IE","quantile","0.9",25.4179663053153
2026-08-26,"ILI incidence",2026-09-06,3,"IE","quantile","0.95",30.5918187008195
2026-08-26,"ILI incidence",2026-09-06,3,"IE","quantile","0.975",34.997589283584
2026-08-26,"ILI incidence",2026-09-06,3,"IE","quantile","0.99",40.8382054553299
2026-08-26,"ILI incidence",2026-09-13,4,"IE","median","",8.31112464893679
2026-08-26,"ILI incidence",2026-09-13,4,"IE","quantile","0.01",0
2026-08-26,"ILI incidence",2026-09-13,4,"IE","quantile","0.025",0
2026-08-26,"ILI incidence",2026-09-13,4,"IE","quantile","0.05",0
2026-08-26,"ILI incidence",2026-09-13,4,"IE","quantile","0.1",0
2026-08-26,"ILI incidence",2026-09-13,4,"IE","quantile","0.15",0
2026-08-26,"ILI incidence",2026-09-13,4,"IE","quantile","0.2",0
2026-08-26,"ILI incidence",2026-09-13,4,"IE","quantile","0.25",0
2026-08-26,"ILI incidence",2026-09-13,4,"IE","quantile","0.3",0
2026-08-26,"ILI incidence",2026-09-13,4,"IE","quantile","0.35",1.73571500615347
2026-08-26,"ILI incidence",2026-09-13,4,"IE","quantile","0.4",4.04758442817055
2026-08-26,"ILI incidence",2026-09-13,4,"IE","quantile","0.45",6.01608263006537
2026-08-26,"ILI incidence",2026-09-13,4,"IE","quantile","0.5",8.03573167569275
2026-08-26,"ILI incidence",2026-09-13,4,"IE","quantile","0.55",10.1253911980526
2026-08-26,"ILI incidence",2026-09-13,4,"IE","quantile","0.6",12.4094865003187
2026-08-26,"ILI incidence",2026-09-13,4,"IE","quantile","0.65",14.6577427731893
2026-08-26,"ILI incidence",2026-09-13,4,"IE","quantile","0.7",16.9905617030306
2026-08-26,"ILI incidence",2026-09-13,4,"IE","quantile","0.75",19.3680154127501
2026-08-26,"ILI incidence",2026-09-13,4,"IE","quantile","0.8",22.4949852072684
2026-08-26,"ILI incidence",2026-09-13,4,"IE","quantile","0.85",25.7058164132578
2026-08-26,"ILI incidence",2026-09-13,4,"IE","quantile","0.9",29.7278811373764
2026-08-26,"ILI incidence",2026-09-13,4,"IE","quantile","0.95",35.9748800550798
2026-08-26,"ILI incidence",2026-09-13,4,"IE","quantile","0.975",41.0604364853075
2026-08-26,"ILI incidence",2026-09-13,4,"IE","quantile","0.99",46.6524621941556
2026-08-26,"ILI incidence",2026-08-23,1,"IS","median","",1.14113970629708
2026-08-26,"ILI incidence",2026-08-23,1,"IS","quantile","0.01",0
2026-08-26,"ILI incidence",2026-08-23,1,"IS","quantile","0.025",0
2026-08-26,"ILI incidence",2026-08-23,1,"IS","quantile","0.05",0
2026-08-26,"ILI incidence",2026-08-23,1,"IS","quantile","0.1",0
2026-08-26,"ILI incidence",2026-08-23,1,"IS","quantile","0.15",0
2026-08-26,"ILI incidence",2026-08-23,1,"IS","quantile","0.2",0
2026-08-26,"ILI incidence",2026-08-23,1,"IS","quantile","0.25",0
2026-08-26,"ILI incidence",2026-08-23,1,"IS","quantile","0.3",0
2026-08-26,"ILI incidence",2026-08-23,1,"IS","quantile","0.35",0
2026-08-26,"ILI incidence",2026-08-23,1,"IS","quantile","0.4",0.358725388183218
2026-08-26,"ILI incidence",2026-08-23,1,"IS","quantile","0.45",0.746016530763851
2026-08-26,"ILI incidence",2026-08-23,1,"IS","quantile","0.5",1.13442024072507
2026-08-26,"ILI incidence",2026-08-23,1,"IS","quantile","0.55",1.52144161368205
2026-08-26,"ILI incidence",2026-08-23,1,"IS","quantile","0.6",1.91050985567331
2026-08-26,"ILI incidence",2026-08-23,1,"IS","quantile","0.65",2.30892298938016
2026-08-26,"ILI incidence",2026-08-23,1,"IS","quantile","0.7",2.69881905476764
2026-08-26,"ILI incidence",2026-08-23,1,"IS","quantile","0.75",3.13141479467865
2026-08-26,"ILI incidence",2026-08-23,1,"IS","quantile","0.8",3.62307712450884
2026-08-26,"ILI incidence",2026-08-23,1,"IS","quantile","0.85",4.20898333966413
2026-08-26,"ILI incidence",2026-08-23,1,"IS","quantile","0.9",4.9372468554042
2026-08-26,"ILI incidence",2026-08-23,1,"IS","quantile","0.95",5.99459162742019
2026-08-26,"ILI incidence",2026-08-23,1,"IS","quantile","0.975",6.98000415229815
2026-08-26,"ILI incidence",2026-08-23,1,"IS","quantile","0.99",7.91215267239235
2026-08-26,"ILI incidence",2026-08-30,2,"IS","median","",1.79958913986392
2026-08-26,"ILI incidence",2026-08-30,2,"IS","quantile","0.01",0
2026-08-26,"ILI incidence",2026-08-30,2,"IS","quantile","0.025",0
2026-08-26,"ILI incidence",2026-08-30,2,"IS","quantile","0.05",0
2026-08-26,"ILI incidence",2026-08-30,2,"IS","quantile","0.1",0
2026-08-26,"ILI incidence",2026-08-30,2,"IS","quantile","0.15",0
2026-08-26,"ILI incidence",2026-08-30,2,"IS","quantile","0.2",0
2026-08-26,"ILI incidence",2026-08-30,2,"IS","quantile","0.25",0
2026-08-26,"ILI incidence",2026-08-30,2,"IS","quantile","0.3",0
2026-08-26,"ILI incidence",2026-08-30,2,"IS","quantile","0.35",0.283970642512332
2026-08-26,"ILI incidence",2026-08-30,2,"IS","quantile","0.4",0.825457258753949
2026-08-26,"ILI incidence",2026-08-30,2,"IS","quantile","0.45",1.34188514045908
2026-08-26,"ILI incidence",2026-08-30,2,"IS","quantile","0.5",1.84091752220789
2026-08-26,"ILI incidence",2026-08-30,2,"IS","quantile","0.55",2.38523399617852
2026-08-26,"ILI incidence",2026-08-30,2,"IS","quantile","0.6",2.94885155320689
2026-08-26,"ILI incidence",2026-08-30,2,"IS","quantile","0.65",3.46954685816732
2026-08-26,"ILI incidence",2026-08-30,2,"IS","quantile","0.7",3.9928458659971
2026-08-26,"ILI incidence",2026-08-30,2,"IS","quantile","0.75",4.62333191852876
2026-08-26,"ILI incidence",2026-08-30,2,"IS","quantile","0.8",5.26523003294839
2026-08-26,"ILI incidence",2026-08-30,2,"IS","quantile","0.85",6.01817549165742
2026-08-26,"ILI incidence",2026-08-30,2,"IS","quantile","0.9",6.94291070845506
2026-08-26,"ILI incidence",2026-08-30,2,"IS","quantile","0.95",8.45908418740341
2026-08-26,"ILI incidence",2026-08-30,2,"IS","quantile","0.975",9.8292170825944
2026-08-26,"ILI incidence",2026-08-30,2,"IS","quantile","0.99",11.3995447302696
2026-08-26,"ILI incidence",2026-09-06,3,"IS","median","",2.40178217936966
2026-08-26,"ILI incidence",2026-09-06,3,"IS","quantile","0.01",0
2026-08-26,"ILI incidence",2026-09-06,3,"IS","quantile","0.025",0
2026-08-26,"ILI incidence",2026-09-06,3,"IS","quantile","0.05",0
2026-08-26,"ILI incidence",2026-09-06,3,"IS","quantile","0.1",0
2026-08-26,"ILI incidence",2026-09-06,3,"IS","quantile","0.15",0
2026-08-26,"ILI incidence",2026-09-06,3,"IS","quantile","0.2",0
2026-08-26,"ILI incidence",2026-09-06,3,"IS","quantile","0.25",0
2026-08-26,"ILI incidence",2026-09-06,3,"IS","quantile","0.3",0
2026-08-26,"ILI incidence",2026-09-06,3,"IS","quantile","0.35",0.50522833010536
2026-08-26,"ILI incidence",2026-09-06,3,"IS","quantile","0.4",1.14576088104263
2026-08-26,"ILI incidence",2026-09-06,3,"IS","quantile","0.45",1.77775069383688
2026-08-26,"ILI incidence",2026-09-06,3,"IS","quantile","0.5",2.41642619178815
2026-08-26,"ILI incidence",2026-09-06,3,"IS","quantile","0.55",3.02482930619985
2026-08-26,"ILI incidence",2026-09-06,3,"IS","quantile","0.6",3.61883514520014
2026-08-26,"ILI incidence",2026-09-06,3,"IS","quantile","0.65",4.29357901984589
2026-08-26,"ILI incidence",2026-09-06,3,"IS","quantile","0.7",4.95304691092299
2026-08-26,"ILI incidence",2026-09-06,3,"IS","quantile","0.75",5.75605573710593
2026-08-26,"ILI incidence",2026-09-06,3,"IS","quantile","0.8",6.63527151567804
2026-08-26,"ILI incidence",2026-09-06,3,"IS","quantile","0.85",7.62351234969359
2026-08-26,"ILI incidence",2026-09-06,3,"IS","quantile","0.9",8.96602515049696
2026-08-26,"ILI incidence",2026-09-06,3,"IS","quantile","0.95",10.6716378473564
2026-08-26,"ILI incidence",2026-09-06,3,"IS","quantile","0.975",12.1054277823683
2026-08-26,"ILI incidence",2026-09-06,3,"IS","quantile","0.99",14.0334700460231
2026-08-26,"ILI incidence",2026-09-13,4,"IS","median","",2.91619122670353
2026-08-26,"ILI incidence",2026-09-13,4,"IS","quantile","0.01",0
2026-08-26,"ILI incidence",2026-09-13,4,"IS","quantile","0.025",0
2026-08-26,"ILI incidence",2026-09-13,4,"IS","quantile","0.05",0
2026-08-26,"ILI incidence",2026-09-13,4,"IS","quantile","0.1",0
2026-08-26,"ILI incidence",2026-09-13,4,"IS","quantile","0.15",0
2026-08-26,"ILI incidence",2026-09-13,4,"IS","quantile","0.2",0
2026-08-26,"ILI incidence",2026-09-13,4,"IS","quantile","0.25",0
2026-08-26,"ILI incidence",2026-09-13,4,"IS","quantile","0.3",0
2026-08-26,"ILI incidence",2026-09-13,4,"IS","quantile","0.35",0.777888497824639
2026-08-26,"ILI incidence",2026-09-13,4,"IS","quantile","0.4",1.51405195438672
2026-08-26,"ILI incidence",2026-09-13,4,"IS","quantile","0.45",2.23526772441497
2026-08-26,"ILI incidence",2026-09-13,4,"IS","quantile","0.5",2.94405760063991
2026-08-26,"ILI incidence",2026-09-13,4,"IS","quantile","0.55",3.67538603659404
2026-08-26,"ILI incidence",2026-09-13,4,"IS","quantile","0.6",4.36826302628265
2026-08-26,"ILI incidence",2026-09-13,4,"IS","quantile","0.65",5.11067203659125
2026-08-26,"ILI incidence",2026-09-13,4,"IS","quantile","0.7",5.91787023078384
2026-08-26,"ILI incidence",2026-09-13,4,"IS","quantile","0.75",6.81371648966683
2026-08-26,"ILI incidence",2026-09-13,4,"IS","quantile","0.8",7.80317325767968
2026-08-26,"ILI incidence",2026-09-13,4,"IS","quantile","0.85",8.96230154092402
2026-08-26,"ILI incidence",2026-09-13,4,"IS","quantile","0.9",10.3135465503917
2026-08-26,"ILI incidence",2026-09-13,4,"IS","quantile","0.95",12.4829277193053
2026-08-26,"ILI incidence",2026-09-13,4,"IS","quantile","0.975",14.0101653970752
2026-08-26,"ILI incidence",2026-09-13,4,"IS","quantile","0.99",15.8929636233665
2026-08-26,"ILI incidence",2026-08-23,1,"LT","median","",6.02300295020662
2026-08-26,"ILI incidence",2026-08-23,1,"LT","quantile","0.01",0
2026-08-26,"ILI incidence",2026-08-23,1,"LT","quantile","0.025",0
2026-08-26,"ILI incidence",2026-08-23,1,"LT","quantile","0.05",0
2026-08-26,"ILI incidence",2026-08-23,1,"LT","quantile","0.1",0
2026-08-26,"ILI incidence",2026-08-23,1,"LT","quantile","0.15",0
2026-08-26,"ILI incidence",2026-08-23,1,"LT","quantile","0.2",0
2026-08-26,"ILI incidence",2026-08-23,1,"LT","quantile","0.25",0
2026-08-26,"ILI incidence",2026-08-23,1,"LT","quantile","0.3",0
2026-08-26,"ILI incidence",2026-08-23,1,"LT","quantile","0.35",0
2026-08-26,"ILI incidence",2026-08-23,1,"LT","quantile","0.4",0
2026-08-26,"ILI incidence",2026-08-23,1,"LT","quantile","0.45",2.33387001954108
2026-08-26,"ILI incidence",2026-08-23,1,"LT","quantile","0.5",5.92527202476321
2026-08-26,"ILI incidence",2026-08-23,1,"LT","quantile","0.55",9.57957377971708
2026-08-26,"ILI incidence",2026-08-23,1,"LT","quantile","0.6",12.9546251990561
2026-08-26,"ILI incidence",2026-08-23,1,"LT","quantile","0.65",16.7446166126843
2026-08-26,"ILI incidence",2026-08-23,1,"LT","quantile","0.7",20.5243661279645
2026-08-26,"ILI incidence",2026-08-23,1,"LT","quantile","0.75",24.683106867918
2026-08-26,"ILI incidence",2026-08-23,1,"LT","quantile","0.8",29.3436208820848
2026-08-26,"ILI incidence",2026-08-23,1,"LT","quantile","0.85",34.6345656518958
2026-08-26,"ILI incidence",2026-08-23,1,"LT","quantile","0.9",41.3733445021225
2026-08-26,"ILI incidence",2026-08-23,1,"LT","quantile","0.95",50.8999328271783
2026-08-26,"ILI incidence",2026-08-23,1,"LT","quantile","0.975",60.4093473787984
2026-08-26,"ILI incidence",2026-08-23,1,"LT","quantile","0.99",69.9050423902723
2026-08-26,"ILI incidence",2026-08-30,2,"LT","median","",14.0992261154128
2026-08-26,"ILI incidence",2026-08-30,2,"LT","quantile","0.01",0
2026-08-26,"ILI incidence",2026-08-30,2,"LT","quantile","0.025",0
2026-08-26,"ILI incidence",2026-08-30,2,"LT","quantile","0.05",0
2026-08-26,"ILI incidence",2026-08-30,2,"LT","quantile","0.1",0
2026-08-26,"ILI incidence",2026-08-30,2,"LT","quantile","0.15",0
2026-08-26,"ILI incidence",2026-08-30,2,"LT","quantile","0.2",0
2026-08-26,"ILI incidence",2026-08-30,2,"LT","quantile","0.25",0
2026-08-26,"ILI incidence",2026-08-30,2,"LT","quantile","0.3",0
2026-08-26,"ILI incidence",2026-08-30,2,"LT","quantile","0.35",0
2026-08-26,"ILI incidence",2026-08-30,2,"LT","quantile","0.4",0
2026-08-26,"ILI incidence",2026-08-30,2,"LT","quantile","0.45",6.29127692123476
2026-08-26,"ILI incidence",2026-08-30,2,"LT","quantile","0.5",12.6390295966124
2026-08-26,"ILI incidence",2026-08-30,2,"LT","quantile","0.55",20.1453308189655
2026-08-26,"ILI incidence",2026-08-30,2,"LT","quantile","0.6",27.1165470562841
2026-08-26,"ILI incidence",2026-08-30,2,"LT","quantile","0.65",34.3925924112415
2026-08-26,"ILI incidence",2026-08-30,2,"LT","quantile","0.7",41.5995415253877
2026-08-26,"ILI incidence",2026-08-30,2,"LT","quantile","0.75",49.6262097607385
2026-08-26,"ILI incidence",2026-08-30,2,"LT","quantile","0.8",57.798230016777
2026-08-26,"ILI incidence",2026-08-30,2,"LT","quantile","0.85",68.0333220506419
2026-08-26,"ILI incidence",2026-08-30,2,"LT","quantile","0.9",81.2479269657137
2026-08-26,"ILI incidence",2026-08-30,2,"LT","quantile","0.95",99.0298005270944
2026-08-26,"ILI incidence",2026-08-30,2,"LT","quantile","0.975",115.910237753678
2026-08-26,"ILI incidence",2026-08-30,2,"LT","quantile","0.99",133.638931724321
2026-08-26,"ILI incidence",2026-09-06,3,"LT","median","",23.9434584536593
2026-08-26,"ILI incidence",2026-09-06,3,"LT","quantile","0.01",0
2026-08-26,"ILI incidence",2026-09-06,3,"LT","quantile","0.025",0
2026-08-26,"ILI incidence",2026-09-06,3,"LT","quantile","0.05",0
2026-08-26,"ILI incidence",2026-09-06,3,"LT","quantile","0.1",0
2026-08-26,"ILI incidence",2026-09-06,3,"LT","quantile","0.15",0
2026-08-26,"ILI incidence",2026-09-06,3,"LT","quantile","0.2",0
2026-08-26,"ILI incidence",2026-09-06,3,"LT","quantile","0.25",0
2026-08-26,"ILI incidence",2026-09-06,3,"LT","quantile","0.3",0
2026-08-26,"ILI incidence",2026-09-06,3,"LT","quantile","0.35",0
2026-08-26,"ILI incidence",2026-09-06,3,"LT","quantile","0.4",3.1941845015032
2026-08-26,"ILI incidence",2026-09-06,3,"LT","quantile","0.45",13.3185330990316
2026-08-26,"ILI incidence",2026-09-06,3,"LT","quantile","0.5",23.2523872846388
2026-08-26,"ILI incidence",2026-09-06,3,"LT","quantile","0.55",32.6659863462833
2026-08-26,"ILI incidence",2026-09-06,3,"LT","quantile","0.6",41.5393764579773
2026-08-26,"ILI incidence",2026-09-06,3,"LT","quantile","0.65",51.360002466935
2026-08-26,"ILI incidence",2026-09-06,3,"LT","quantile","0.7",62.3226389231129
2026-08-26,"ILI incidence",2026-09-06,3,"LT","quantile","0.75",73.4955882371299
2026-08-26,"ILI incidence",2026-09-06,3,"LT","quantile","0.8",85.6781799921207
2026-08-26,"ILI incidence",2026-09-06,3,"LT","quantile","0.85",100.006754460075
2026-08-26,"ILI incidence",2026-09-06,3,"LT","quantile","0.9",118.862128910302
2026-08-26,"ILI incidence",2026-09-06,3,"LT","quantile","0.95",145.749944116701
2026-08-26,"ILI incidence",2026-09-06,3,"LT","quantile","0.975",168.126391419687
2026-08-26,"ILI incidence",2026-09-06,3,"LT","quantile","0.99",192.172787064909
2026-08-26,"ILI incidence",2026-09-13,4,"LT","median","",32.8971977506857
2026-08-26,"ILI incidence",2026-09-13,4,"LT","quantile","0.01",0
2026-08-26,"ILI incidence",2026-09-13,4,"LT","quantile","0.025",0
2026-08-26,"ILI incidence",2026-09-13,4,"LT","quantile","0.05",0
2026-08-26,"ILI incidence",2026-09-13,4,"LT","quantile","0.1",0
2026-08-26,"ILI incidence",2026-09-13,4,"LT","quantile","0.15",0
2026-08-26,"ILI incidence",2026-09-13,4,"LT","quantile","0.2",0
2026-08-26,"ILI incidence",2026-09-13,4,"LT","quantile","0.25",0
2026-08-26,"ILI incidence",2026-09-13,4,"LT","quantile","0.3",0
2026-08-26,"ILI incidence",2026-09-13,4,"LT","quantile","0.35",0
2026-08-26,"ILI incidence",2026-09-13,4,"LT","quantile","0.4",9.17138085035455
2026-08-26,"ILI incidence",2026-09-13,4,"LT","quantile","0.45",19.8191545204886
2026-08-26,"ILI incidence",2026-09-13,4,"LT","quantile","0.5",30.8648571642984
2026-08-26,"ILI incidence",2026-09-13,4,"LT","quantile","0.55",42.1176238150928
2026-08-26,"ILI incidence",2026-09-13,4,"LT","quantile","0.6",53.7124273464215
2026-08-26,"ILI incidence",2026-09-13,4,"LT","quantile","0.65",64.8235734786939
2026-08-26,"ILI incidence",2026-09-13,4,"LT","quantile","0.7",77.4122049090862
2026-08-26,"ILI incidence",2026-09-13,4,"LT","quantile","0.75",90.1573938478253
2026-08-26,"ILI incidence",2026-09-13,4,"LT","quantile","0.8",105.091141258335
2026-08-26,"ILI incidence",2026-09-13,4,"LT","quantile","0.85",124.151436422265
2026-08-26,"ILI incidence",2026-09-13,4,"LT","quantile","0.9",145.078311511706
2026-08-26,"ILI incidence",2026-09-13,4,"LT","quantile","0.95",178.073931262387
2026-08-26,"ILI incidence",2026-09-13,4,"LT","quantile","0.975",205.45983413896
2026-08-26,"ILI incidence",2026-09-13,4,"LT","quantile","0.99",235.962822129721
2026-08-26,"ILI incidence",2026-08-23,1,"LU","median","",669.164241566164
2026-08-26,"ILI incidence",2026-08-23,1,"LU","quantile","0.01",0
2026-08-26,"ILI incidence",2026-08-23,1,"LU","quantile","0.025",0
2026-08-26,"ILI incidence",2026-08-23,1,"LU","quantile","0.05",0
2026-08-26,"ILI incidence",2026-08-23,1,"LU","quantile","0.1",0
2026-08-26,"ILI incidence",2026-08-23,1,"LU","quantile","0.15",0
2026-08-26,"ILI incidence",2026-08-23,1,"LU","quantile","0.2",0
2026-08-26,"ILI incidence",2026-08-23,1,"LU","quantile","0.25",0
2026-08-26,"ILI incidence",2026-08-23,1,"LU","quantile","0.3",0
2026-08-26,"ILI incidence",2026-08-23,1,"LU","quantile","0.35",0
2026-08-26,"ILI incidence",2026-08-23,1,"LU","quantile","0.4",50.366376527578
2026-08-26,"ILI incidence",2026-08-23,1,"LU","quantile","0.45",335.200346489009
2026-08-26,"ILI incidence",2026-08-23,1,"LU","quantile","0.5",631.410376963538
2026-08-26,"ILI incidence",2026-08-23,1,"LU","quantile","0.55",915.065405580426
2026-08-26,"ILI incidence",2026-08-23,1,"LU","quantile","0.6",1195.04079150961
2026-08-26,"ILI incidence",2026-08-23,1,"LU","quantile","0.65",1484.26200385081
2026-08-26,"ILI incidence",2026-08-23,1,"LU","quantile","0.7",1800.88824450306
2026-08-26,"ILI incidence",2026-08-23,1,"LU","quantile","0.75",2129.94323231183
2026-08-26,"ILI incidence",2026-08-23,1,"LU","quantile","0.8",2561.64662894198
2026-08-26,"ILI incidence",2026-08-23,1,"LU","quantile","0.85",2946.88086273977
2026-08-26,"ILI incidence",2026-08-23,1,"LU","quantile","0.9",3489.08434081832
2026-08-26,"ILI incidence",2026-08-23,1,"LU","quantile","0.95",4248.88717199131
2026-08-26,"ILI incidence",2026-08-23,1,"LU","quantile","0.975",5022.55125314035
2026-08-26,"ILI incidence",2026-08-23,1,"LU","quantile","0.99",5933.00360966779
2026-08-26,"ILI incidence",2026-08-30,2,"LU","median","",1073.31398204217
2026-08-26,"ILI incidence",2026-08-30,2,"LU","quantile","0.01",0
2026-08-26,"ILI incidence",2026-08-30,2,"LU","quantile","0.025",0
2026-08-26,"ILI incidence",2026-08-30,2,"LU","quantile","0.05",0
2026-08-26,"ILI incidence",2026-08-30,2,"LU","quantile","0.1",0
2026-08-26,"ILI incidence",2026-08-30,2,"LU","quantile","0.15",0
2026-08-26,"ILI incidence",2026-08-30,2,"LU","quantile","0.2",0
2026-08-26,"ILI incidence",2026-08-30,2,"LU","quantile","0.25",0
2026-08-26,"ILI incidence",2026-08-30,2,"LU","quantile","0.3",0
2026-08-26,"ILI incidence",2026-08-30,2,"LU","quantile","0.35",22.7816736136027
2026-08-26,"ILI incidence",2026-08-30,2,"LU","quantile","0.4",386.510212241573
2026-08-26,"ILI incidence",2026-08-30,2,"LU","quantile","0.45",735.329460876552
2026-08-26,"ILI incidence",2026-08-30,2,"LU","quantile","0.5",1053.19216895174
2026-08-26,"ILI incidence",2026-08-30,2,"LU","quantile","0.55",1386.22552583157
2026-08-26,"ILI incidence",2026-08-30,2,"LU","quantile","0.6",1716.74720293085
2026-08-26,"ILI incidence",2026-08-30,2,"LU","quantile","0.65",2094.68784055189
2026-08-26,"ILI incidence",2026-08-30,2,"LU","quantile","0.7",2456.3645597719
2026-08-26,"ILI incidence",2026-08-30,2,"LU","quantile","0.75",2829.97716925766
2026-08-26,"ILI incidence",2026-08-30,2,"LU","quantile","0.8",3241.17919170978
2026-08-26,"ILI incidence",2026-08-30,2,"LU","quantile","0.85",3783.02725884984
2026-08-26,"ILI incidence",2026-08-30,2,"LU","quantile","0.9",4394.84295166445
2026-08-26,"ILI incidence",2026-08-30,2,"LU","quantile","0.95",5377.69761075911
2026-08-26,"ILI incidence",2026-08-30,2,"LU","quantile","0.975",6172.09512153962
2026-08-26,"ILI incidence",2026-08-30,2,"LU","quantile","0.99",7031.43316091581
2026-08-26,"ILI incidence",2026-09-06,3,"LU","median","",1536.68007307051
2026-08-26,"ILI incidence",2026-09-06,3,"LU","quantile","0.01",0
2026-08-26,"ILI incidence",2026-09-06,3,"LU","quantile","0.025",0
2026-08-26,"ILI incidence",2026-09-06,3,"LU","quantile","0.05",0
2026-08-26,"ILI incidence",2026-09-06,3,"LU","quantile","0.1",0
2026-08-26,"ILI incidence",2026-09-06,3,"LU","quantile","0.15",0
2026-08-26,"ILI incidence",2026-09-06,3,"LU","quantile","0.2",0
2026-08-26,"ILI incidence",2026-09-06,3,"LU","quantile","0.25",0
2026-08-26,"ILI incidence",2026-09-06,3,"LU","quantile","0.3",0
2026-08-26,"ILI incidence",2026-09-06,3,"LU","quantile","0.35",328.414754903567
2026-08-26,"ILI incidence",2026-09-06,3,"LU","quantile","0.4",726.029964379994
2026-08-26,"ILI incidence",2026-09-06,3,"LU","quantile","0.45",1101.86714860785
2026-08-26,"ILI incidence",2026-09-06,3,"LU","quantile","0.5",1490.73334213117
2026-08-26,"ILI incidence",2026-09-06,3,"LU","quantile","0.55",1899.71021700077
2026-08-26,"ILI incidence",2026-09-06,3,"LU","quantile","0.6",2306.5161411383
2026-08-26,"ILI incidence",2026-09-06,3,"LU","quantile","0.65",2704.93626337221
2026-08-26,"ILI incidence",2026-09-06,3,"LU","quantile","0.7",3119.59582960092
2026-08-26,"ILI incidence",2026-09-06,3,"LU","quantile","0.75",3603.06385653351
2026-08-26,"ILI incidence",2026-09-06,3,"LU","quantile","0.8",4101.59345438205
2026-08-26,"ILI incidence",2026-09-06,3,"LU","quantile","0.85",4711.43234810345
2026-08-26,"ILI incidence",2026-09-06,3,"LU","quantile","0.9",5500.89725620214
2026-08-26,"ILI incidence",2026-09-06,3,"LU","quantile","0.95",6601.53200211882
2026-08-26,"ILI incidence",2026-09-06,3,"LU","quantile","0.975",7518.29077850242
2026-08-26,"ILI incidence",2026-09-06,3,"LU","quantile","0.99",8667.34911134852
2026-08-26,"ILI incidence",2026-09-13,4,"LU","median","",1879.69914489666
2026-08-26,"ILI incidence",2026-09-13,4,"LU","quantile","0.01",0
2026-08-26,"ILI incidence",2026-09-13,4,"LU","quantile","0.025",0
2026-08-26,"ILI incidence",2026-09-13,4,"LU","quantile","0.05",0
2026-08-26,"ILI incidence",2026-09-13,4,"LU","quantile","0.1",0
2026-08-26,"ILI incidence",2026-09-13,4,"LU","quantile","0.15",0
2026-08-26,"ILI incidence",2026-09-13,4,"LU","quantile","0.2",0
2026-08-26,"ILI incidence",2026-09-13,4,"LU","quantile","0.25",0
2026-08-26,"ILI incidence",2026-09-13,4,"LU","quantile","0.3",105.003988619632
2026-08-26,"ILI incidence",2026-09-13,4,"LU","quantile","0.35",562.750377148539
2026-08-26,"ILI incidence",2026-09-13,4,"LU","quantile","0.4",991.51882139938
2026-08-26,"ILI incidence",2026-09-13,4,"LU","quantile","0.45",1449.36700324288
2026-08-26,"ILI incidence",2026-09-13,4,"LU","quantile","0.5",1871.01467647987
2026-08-26,"ILI incidence",2026-09-13,4,"LU","quantile","0.55",2285.28738706094
2026-08-26,"ILI incidence",2026-09-13,4,"LU","quantile","0.6",2696.41063173233
2026-08-26,"ILI incidence",2026-09-13,4,"LU","quantile","0.65",3146.16695814264
2026-08-26,"ILI incidence",2026-09-13,4,"LU","quantile","0.7",3617.7496609305
2026-08-26,"ILI incidence",2026-09-13,4,"LU","quantile","0.75",4096.71384670878
2026-08-26,"ILI incidence",2026-09-13,4,"LU","quantile","0.8",4598.10925907745
2026-08-26,"ILI incidence",2026-09-13,4,"LU","quantile","0.85",5209.43204841958
2026-08-26,"ILI incidence",2026-09-13,4,"LU","quantile","0.9",5970.47156680209
2026-08-26,"ILI incidence",2026-09-13,4,"LU","quantile","0.95",7124.7911123203
2026-08-26,"ILI incidence",2026-09-13,4,"LU","quantile","0.975",8191.64223330738
2026-08-26,"ILI incidence",2026-09-13,4,"LU","quantile","0.99",9599.79744574451
2026-08-26,"ILI incidence",2026-08-23,1,"MT","median","",4284.23670417146
2026-08-26,"ILI incidence",2026-08-23,1,"MT","quantile","0.01",693.518501531497
2026-08-26,"ILI incidence",2026-08-23,1,"MT","quantile","0.025",1295.68615804409
2026-08-26,"ILI incidence",2026-08-23,1,"MT","quantile","0.05",1721.34153284794
2026-08-26,"ILI incidence",2026-08-23,1,"MT","quantile","0.1",2313.65643312123
2026-08-26,"ILI incidence",2026-08-23,1,"MT","quantile","0.15",2679.29448916652
2026-08-26,"ILI incidence",2026-08-23,1,"MT","quantile","0.2",2966.20920654891
2026-08-26,"ILI incidence",2026-08-23,1,"MT","quantile","0.25",3233.44494635936
2026-08-26,"ILI incidence",2026-08-23,1,"MT","quantile","0.3",3473.33343089403
2026-08-26,"ILI incidence",2026-08-23,1,"MT","quantile","0.35",3689.73376814705
2026-08-26,"ILI incidence",2026-08-23,1,"MT","quantile","0.4",3883.91247993589
2026-08-26,"ILI incidence",2026-08-23,1,"MT","quantile","0.45",4078.61373482005
2026-08-26,"ILI incidence",2026-08-23,1,"MT","quantile","0.5",4273.21304169742
2026-08-26,"ILI incidence",2026-08-23,1,"MT","quantile","0.55",4466.41099406018
2026-08-26,"ILI incidence",2026-08-23,1,"MT","quantile","0.6",4671.60878033852
2026-08-26,"ILI incidence",2026-08-23,1,"MT","quantile","0.65",4872.74522464093
2026-08-26,"ILI incidence",2026-08-23,1,"MT","quantile","0.7",5093.41355720916
2026-08-26,"ILI incidence",2026-08-23,1,"MT","quantile","0.75",5328.27177763855
2026-08-26,"ILI incidence",2026-08-23,1,"MT","quantile","0.8",5597.79459657325
2026-08-26,"ILI incidence",2026-08-23,1,"MT","quantile","0.85",5879.34361878529
2026-08-26,"ILI incidence",2026-08-23,1,"MT","quantile","0.9",6254.07565825522
2026-08-26,"ILI incidence",2026-08-23,1,"MT","quantile","0.95",6818.68724262356
2026-08-26,"ILI incidence",2026-08-23,1,"MT","quantile","0.975",7241.22425687096
2026-08-26,"ILI incidence",2026-08-23,1,"MT","quantile","0.99",7797.23687497215
2026-08-26,"ILI incidence",2026-08-30,2,"MT","median","",4941.29158570289
2026-08-26,"ILI incidence",2026-08-30,2,"MT","quantile","0.01",721.532128939959
2026-08-26,"ILI incidence",2026-08-30,2,"MT","quantile","0.025",1386.01345937631
2026-08-26,"ILI incidence",2026-08-30,2,"MT","quantile","0.05",1925.23439239346
2026-08-26,"ILI incidence",2026-08-30,2,"MT","quantile","0.1",2609.23449684
2026-08-26,"ILI incidence",2026-08-30,2,"MT","quantile","0.15",3068.81297273779
2026-08-26,"ILI incidence",2026-08-30,2,"MT","quantile","0.2",3411.77915746963
2026-08-26,"ILI incidence",2026-08-30,2,"MT","quantile","0.25",3713.9841692463
2026-08-26,"ILI incidence",2026-08-30,2,"MT","quantile","0.3",3970.82400770988
2026-08-26,"ILI incidence",2026-08-30,2,"MT","quantile","0.35",4219.90627777752
2026-08-26,"ILI incidence",2026-08-30,2,"MT","quantile","0.4",4465.9066085024
2026-08-26,"ILI incidence",2026-08-30,2,"MT","quantile","0.45",4705.88473345729
2026-08-26,"ILI incidence",2026-08-30,2,"MT","quantile","0.5",4926.95637224784
2026-08-26,"ILI incidence",2026-08-30,2,"MT","quantile","0.55",5181.07362646952
2026-08-26,"ILI incidence",2026-08-30,2,"MT","quantile","0.6",5407.86587270857
2026-08-26,"ILI incidence",2026-08-30,2,"MT","quantile","0.65",5631.39051075853
2026-08-26,"ILI incidence",2026-08-30,2,"MT","quantile","0.7",5883.7988274676
2026-08-26,"ILI incidence",2026-08-30,2,"MT","quantile","0.75",6139.67273247497
2026-08-26,"ILI incidence",2026-08-30,2,"MT","quantile","0.8",6452.92261056851
2026-08-26,"ILI incidence",2026-08-30,2,"MT","quantile","0.85",6816.9688088542
2026-08-26,"ILI incidence",2026-08-30,2,"MT","quantile","0.9",7246.84707946569
2026-08-26,"ILI incidence",2026-08-30,2,"MT","quantile","0.95",7923.5710750143
2026-08-26,"ILI incidence",2026-08-30,2,"MT","quantile","0.975",8496.64255828881
2026-08-26,"ILI incidence",2026-08-30,2,"MT","quantile","0.99",9149.29510724517
2026-08-26,"ILI incidence",2026-09-06,3,"MT","median","",4703.40099002759
2026-08-26,"ILI incidence",2026-09-06,3,"MT","quantile","0.01",0
2026-08-26,"ILI incidence",2026-09-06,3,"MT","quantile","0.025",806.526060634746
2026-08-26,"ILI incidence",2026-09-06,3,"MT","quantile","0.05",1470.35933498667
2026-08-26,"ILI incidence",2026-09-06,3,"MT","quantile","0.1",2139.03329459824
2026-08-26,"ILI incidence",2026-09-06,3,"MT","quantile","0.15",2608.60899707314
2026-08-26,"ILI incidence",2026-09-06,3,"MT","quantile","0.2",2983.68442183606
2026-08-26,"ILI incidence",2026-09-06,3,"MT","quantile","0.25",3328.69629702354
2026-08-26,"ILI incidence",2026-09-06,3,"MT","quantile","0.3",3648.36708545676
2026-08-26,"ILI incidence",2026-09-06,3,"MT","quantile","0.35",3931.21010656017
2026-08-26,"ILI incidence",2026-09-06,3,"MT","quantile","0.4",4215.11175313261
2026-08-26,"ILI incidence",2026-09-06,3,"MT","quantile","0.45",4458.62081232944
2026-08-26,"ILI incidence",2026-09-06,3,"MT","quantile","0.5",4702.32012028254
2026-08-26,"ILI incidence",2026-09-06,3,"MT","quantile","0.55",4952.04499859615
2026-08-26,"ILI incidence",2026-09-06,3,"MT","quantile","0.6",5205.8339992145
2026-08-26,"ILI incidence",2026-09-06,3,"MT","quantile","0.65",5481.47959472875
2026-08-26,"ILI incidence",2026-09-06,3,"MT","quantile","0.7",5764.20744035226
2026-08-26,"ILI incidence",2026-09-06,3,"MT","quantile","0.75",6057.60666918382
2026-08-26,"ILI incidence",2026-09-06,3,"MT","quantile","0.8",6396.70765792718
2026-08-26,"ILI incidence",2026-09-06,3,"MT","quantile","0.85",6755.03183003696
2026-08-26,"ILI incidence",2026-09-06,3,"MT","quantile","0.9",7262.71246255527
2026-08-26,"ILI incidence",2026-09-06,3,"MT","quantile","0.95",7984.00194812443
2026-08-26,"ILI incidence",2026-09-06,3,"MT","quantile","0.975",8564.49247557854
2026-08-26,"ILI incidence",2026-09-06,3,"MT","quantile","0.99",9263.53289904328
2026-08-26,"ILI incidence",2026-09-13,4,"MT","median","",4659.24679188304
2026-08-26,"ILI incidence",2026-09-13,4,"MT","quantile","0.01",0
2026-08-26,"ILI incidence",2026-09-13,4,"MT","quantile","0.025",191.731526466433
2026-08-26,"ILI incidence",2026-09-13,4,"MT","quantile","0.05",900.235962814227
2026-08-26,"ILI incidence",2026-09-13,4,"MT","quantile","0.1",1729.14739768819
2026-08-26,"ILI incidence",2026-09-13,4,"MT","quantile","0.15",2287.85366184907
2026-08-26,"ILI incidence",2026-09-13,4,"MT","quantile","0.2",2730.6100908861
2026-08-26,"ILI incidence",2026-09-13,4,"MT","quantile","0.25",3095.0104005709
2026-08-26,"ILI incidence",2026-09-13,4,"MT","quantile","0.3",3428.06479888567
2026-08-26,"ILI incidence",2026-09-13,4,"MT","quantile","0.35",3742.03876929859
2026-08-26,"ILI incidence",2026-09-13,4,"MT","quantile","0.4",4026.44952723888
2026-08-26,"ILI incidence",2026-09-13,4,"MT","quantile","0.45",4322.4959836383
2026-08-26,"ILI incidence",2026-09-13,4,"MT","quantile","0.5",4625.15600033124
2026-08-26,"ILI incidence",2026-09-13,4,"MT","quantile","0.55",4931.50957698193
2026-08-26,"ILI incidence",2026-09-13,4,"MT","quantile","0.6",5214.29510248127
2026-08-26,"ILI incidence",2026-09-13,4,"MT","quantile","0.65",5495.62373137076
2026-08-26,"ILI incidence",2026-09-13,4,"MT","quantile","0.7",5808.87367979252
2026-08-26,"ILI incidence",2026-09-13,4,"MT","quantile","0.75",6166.16853010656
2026-08-26,"ILI incidence",2026-09-13,4,"MT","quantile","0.8",6536.29493826886
2026-08-26,"ILI incidence",2026-09-13,4,"MT","quantile","0.85",6978.52995929533
2026-08-26,"ILI incidence",2026-09-13,4,"MT","quantile","0.9",7516.06200197949
2026-08-26,"ILI incidence",2026-09-13,4,"MT","quantile","0.95",8333.38455053915
2026-08-26,"ILI incidence",2026-09-13,4,"MT","quantile","0.975",9005.37381593933
2026-08-26,"ILI incidence",2026-09-13,4,"MT","quantile","0.99",9882.72455457941
2026-08-26,"ILI incidence",2026-08-23,1,"NO","median","",11.3466934201467
2026-08-26,"ILI incidence",2026-08-23,1,"NO","quantile","0.01",0
2026-08-26,"ILI incidence",2026-08-23,1,"NO","quantile","0.025",0
2026-08-26,"ILI incidence",2026-08-23,1,"NO","quantile","0.05",0
2026-08-26,"ILI incidence",2026-08-23,1,"NO","quantile","0.1",0
2026-08-26,"ILI incidence",2026-08-23,1,"NO","quantile","0.15",0
2026-08-26,"ILI incidence",2026-08-23,1,"NO","quantile","0.2",0
2026-08-26,"ILI incidence",2026-08-23,1,"NO","quantile","0.25",1.69547063364932
2026-08-26,"ILI incidence",2026-08-23,1,"NO","quantile","0.3",3.88565513502974
2026-08-26,"ILI incidence",2026-08-23,1,"NO","quantile","0.35",5.90639873762928
2026-08-26,"ILI incidence",2026-08-23,1,"NO","quantile","0.4",7.66993669759985
2026-08-26,"ILI incidence",2026-08-23,1,"NO","quantile","0.45",9.4746224023688
2026-08-26,"ILI incidence",2026-08-23,1,"NO","quantile","0.5",11.2383118719771
2026-08-26,"ILI incidence",2026-08-23,1,"NO","quantile","0.55",13.2467246650248
2026-08-26,"ILI incidence",2026-08-23,1,"NO","quantile","0.6",15.1348604507165
2026-08-26,"ILI incidence",2026-08-23,1,"NO","quantile","0.65",17.0081388659736
2026-08-26,"ILI incidence",2026-08-23,1,"NO","quantile","0.7",18.7927287683422
2026-08-26,"ILI incidence",2026-08-23,1,"NO","quantile","0.75",21.0628194606337
2026-08-26,"ILI incidence",2026-08-23,1,"NO","quantile","0.8",23.6186608047478
2026-08-26,"ILI incidence",2026-08-23,1,"NO","quantile","0.85",26.3145425641264
2026-08-26,"ILI incidence",2026-08-23,1,"NO","quantile","0.9",29.7769383811784
2026-08-26,"ILI incidence",2026-08-23,1,"NO","quantile","0.95",35.0564380341543
2026-08-26,"ILI incidence",2026-08-23,1,"NO","quantile","0.975",39.2618376624719
2026-08-26,"ILI incidence",2026-08-23,1,"NO","quantile","0.99",43.9914706226884
2026-08-26,"ILI incidence",2026-08-30,2,"NO","median","",14.6773792070446
2026-08-26,"ILI incidence",2026-08-30,2,"NO","quantile","0.01",0
2026-08-26,"ILI incidence",2026-08-30,2,"NO","quantile","0.025",0
2026-08-26,"ILI incidence",2026-08-30,2,"NO","quantile","0.05",0
2026-08-26,"ILI incidence",2026-08-30,2,"NO","quantile","0.1",0
2026-08-26,"ILI incidence",2026-08-30,2,"NO","quantile","0.15",0
2026-08-26,"ILI incidence",2026-08-30,2,"NO","quantile","0.2",0
2026-08-26,"ILI incidence",2026-08-30,2,"NO","quantile","0.25",1.43408218466512
2026-08-26,"ILI incidence",2026-08-30,2,"NO","quantile","0.3",4.31579224521722
2026-08-26,"ILI incidence",2026-08-30,2,"NO","quantile","0.35",7.32988888916637
2026-08-26,"ILI incidence",2026-08-30,2,"NO","quantile","0.4",9.83620718891699
2026-08-26,"ILI incidence",2026-08-30,2,"NO","quantile","0.45",12.2939173034029
2026-08-26,"ILI incidence",2026-08-30,2,"NO","quantile","0.5",14.6601223081138
2026-08-26,"ILI incidence",2026-08-30,2,"NO","quantile","0.55",17.1589232055913
2026-08-26,"ILI incidence",2026-08-30,2,"NO","quantile","0.6",19.3410954812027
2026-08-26,"ILI incidence",2026-08-30,2,"NO","quantile","0.65",21.9162999567747
2026-08-26,"ILI incidence",2026-08-30,2,"NO","quantile","0.7",24.7358160279328
2026-08-26,"ILI incidence",2026-08-30,2,"NO","quantile","0.75",27.67557714885
2026-08-26,"ILI incidence",2026-08-30,2,"NO","quantile","0.8",31.047775978879
2026-08-26,"ILI incidence",2026-08-30,2,"NO","quantile","0.85",35.4266399673061
2026-08-26,"ILI incidence",2026-08-30,2,"NO","quantile","0.9",40.2009501795077
2026-08-26,"ILI incidence",2026-08-30,2,"NO","quantile","0.95",47.0879138954774
2026-08-26,"ILI incidence",2026-08-30,2,"NO","quantile","0.975",53.7145535322645
2026-08-26,"ILI incidence",2026-08-30,2,"NO","quantile","0.99",61.1924625798934
2026-08-26,"ILI incidence",2026-09-06,3,"NO","median","",17.4409851361139
2026-08-26,"ILI incidence",2026-09-06,3,"NO","quantile","0.01",0
2026-08-26,"ILI incidence",2026-09-06,3,"NO","quantile","0.025",0
2026-08-26,"ILI incidence",2026-09-06,3,"NO","quantile","0.05",0
2026-08-26,"ILI incidence",2026-09-06,3,"NO","quantile","0.1",0
2026-08-26,"ILI incidence",2026-09-06,3,"NO","quantile","0.15",0
2026-08-26,"ILI incidence",2026-09-06,3,"NO","quantile","0.2",0
2026-08-26,"ILI incidence",2026-09-06,3,"NO","quantile","0.25",1.76895523976314
2026-08-26,"ILI incidence",2026-09-06,3,"NO","quantile","0.3",5.25096120871778
2026-08-26,"ILI incidence",2026-09-06,3,"NO","quantile","0.35",8.35067111682169
2026-08-26,"ILI incidence",2026-09-06,3,"NO","quantile","0.4",11.3741074174412
2026-08-26,"ILI incidence",2026-09-06,3,"NO","quantile","0.45",14.0406904678637
2026-08-26,"ILI incidence",2026-09-06,3,"NO","quantile","0.5",17.1790935264191
2026-08-26,"ILI incidence",2026-09-06,3,"NO","quantile","0.55",20.1713409641114
2026-08-26,"ILI incidence",2026-09-06,3,"NO","quantile","0.6",23.2152494772914
2026-08-26,"ILI incidence",2026-09-06,3,"NO","quantile","0.65",26.1500215208896
2026-08-26,"ILI incidence",2026-09-06,3,"NO","quantile","0.7",29.2334234319229
2026-08-26,"ILI incidence",2026-09-06,3,"NO","quantile","0.75",32.9686813290001
2026-08-26,"ILI incidence",2026-09-06,3,"NO","quantile","0.8",36.9495061888525
2026-08-26,"ILI incidence",2026-09-06,3,"NO","quantile","0.85",41.6339441806815
2026-08-26,"ILI incidence",2026-09-06,3,"NO","quantile","0.9",46.9972555070664
2026-08-26,"ILI incidence",2026-09-06,3,"NO","quantile","0.95",55.1843358571649
2026-08-26,"ILI incidence",2026-09-06,3,"NO","quantile","0.975",62.9219564993526
2026-08-26,"ILI incidence",2026-09-06,3,"NO","quantile","0.99",71.1338559859858
2026-08-26,"ILI incidence",2026-09-13,4,"NO","median","",20.3789560361779
2026-08-26,"ILI incidence",2026-09-13,4,"NO","quantile","0.01",0
2026-08-26,"ILI incidence",2026-09-13,4,"NO","quantile","0.025",0
2026-08-26,"ILI incidence",2026-09-13,4,"NO","quantile","0.05",0
2026-08-26,"ILI incidence",2026-09-13,4,"NO","quantile","0.1",0
2026-08-26,"ILI incidence",2026-09-13,4,"NO","quantile","0.15",0
2026-08-26,"ILI incidence",2026-09-13,4,"NO","quantile","0.2",0
2026-08-26,"ILI incidence",2026-09-13,4,"NO","quantile","0.25",2.33286488808189
2026-08-26,"ILI incidence",2026-09-13,4,"NO","quantile","0.3",6.22933106731872
2026-08-26,"ILI incidence",2026-09-13,4,"NO","quantile","0.35",9.80199058539956
2026-08-26,"ILI incidence",2026-09-13,4,"NO","quantile","0.4",13.3197833561765
2026-08-26,"ILI incidence",2026-09-13,4,"NO","quantile","0.45",16.7797781513453
2026-08-26,"ILI incidence",2026-09-13,4,"NO","quantile","0.5",20.2558447976732
2026-08-26,"ILI incidence",2026-09-13,4,"NO","quantile","0.55",23.7500708375859
2026-08-26,"ILI incidence",2026-09-13,4,"NO","quantile","0.6",27.0856285525147
2026-08-26,"ILI incidence",2026-09-13,4,"NO","quantile","0.65",30.6307089962722
2026-08-26,"ILI incidence",2026-09-13,4,"NO","quantile","0.7",34.3261943516933
2026-08-26,"ILI incidence",2026-09-13,4,"NO","quantile","0.75",38.4922823132043
2026-08-26,"ILI incidence",2026-09-13,4,"NO","quantile","0.8",42.9211535391678
2026-08-26,"ILI incidence",2026-09-13,4,"NO","quantile","0.85",47.8635275720772
2026-08-26,"ILI incidence",2026-09-13,4,"NO","quantile","0.9",54.7997792638453
2026-08-26,"ILI incidence",2026-09-13,4,"NO","quantile","0.95",64.106709166908
2026-08-26,"ILI incidence",2026-09-13,4,"NO","quantile","0.975",72.7906664676518
2026-08-26,"ILI incidence",2026-09-13,4,"NO","quantile","0.99",82.7379016351861
2026-08-26,"ILI incidence",2026-08-23,1,"SI","median","",5.32941634385854
2026-08-26,"ILI incidence",2026-08-23,1,"SI","quantile","0.01",0
2026-08-26,"ILI incidence",2026-08-23,1,"SI","quantile","0.025",0
2026-08-26,"ILI incidence",2026-08-23,1,"SI","quantile","0.05",0
2026-08-26,"ILI incidence",2026-08-23,1,"SI","quantile","0.1",0
2026-08-26,"ILI incidence",2026-08-23,1,"SI","quantile","0.15",0
2026-08-26,"ILI incidence",2026-08-23,1,"SI","quantile","0.2",0
2026-08-26,"ILI incidence",2026-08-23,1,"SI","quantile","0.25",0
2026-08-26,"ILI incidence",2026-08-23,1,"SI","quantile","0.3",0
2026-08-26,"ILI incidence",2026-08-23,1,"SI","quantile","0.35",0
2026-08-26,"ILI incidence",2026-08-23,1,"SI","quantile","0.4",0
2026-08-26,"ILI incidence",2026-08-23,1,"SI","quantile","0.45",2.25531341170555
2026-08-26,"ILI incidence",2026-08-23,1,"SI","quantile","0.5",6.00677938670361
2026-08-26,"ILI incidence",2026-08-23,1,"SI","quantile","0.55",9.56089070712629
2026-08-26,"ILI incidence",2026-08-23,1,"SI","quantile","0.6",13.2501862579994
2026-08-26,"ILI incidence",2026-08-23,1,"SI","quantile","0.65",17.0138068727254
2026-08-26,"ILI incidence",2026-08-23,1,"SI","quantile","0.7",21.1122726309905
2026-08-26,"ILI incidence",2026-08-23,1,"SI","quantile","0.75",25.5814742770603
2026-08-26,"ILI incidence",2026-08-23,1,"SI","quantile","0.8",30.5558681358341
2026-08-26,"ILI incidence",2026-08-23,1,"SI","quantile","0.85",36.3542524762302
2026-08-26,"ILI incidence",2026-08-23,1,"SI","quantile","0.9",44.0544577948078
2026-08-26,"ILI incidence",2026-08-23,1,"SI","quantile","0.95",54.933500880384
2026-08-26,"ILI incidence",2026-08-23,1,"SI","quantile","0.975",65.4520233875456
2026-08-26,"ILI incidence",2026-08-23,1,"SI","quantile","0.99",77.6925534750754
2026-08-26,"ILI incidence",2026-08-30,2,"SI","median","",10.3042708670008
2026-08-26,"ILI incidence",2026-08-30,2,"SI","quantile","0.01",0
2026-08-26,"ILI incidence",2026-08-30,2,"SI","quantile","0.025",0
2026-08-26,"ILI incidence",2026-08-30,2,"SI","quantile","0.05",0
2026-08-26,"ILI incidence",2026-08-30,2,"SI","quantile","0.1",0
2026-08-26,"ILI incidence",2026-08-30,2,"SI","quantile","0.15",0
2026-08-26,"ILI incidence",2026-08-30,2,"SI","quantile","0.2",0
2026-08-26,"ILI incidence",2026-08-30,2,"SI","quantile","0.25",0
2026-08-26,"ILI incidence",2026-08-30,2,"SI","quantile","0.3",0
2026-08-26,"ILI incidence",2026-08-30,2,"SI","quantile","0.35",0
2026-08-26,"ILI incidence",2026-08-30,2,"SI","quantile","0.4",0
2026-08-26,"ILI incidence",2026-08-30,2,"SI","quantile","0.45",5.26380879952391
2026-08-26,"ILI incidence",2026-08-30,2,"SI","quantile","0.5",11.2707883786147
2026-08-26,"ILI incidence",2026-08-30,2,"SI","quantile","0.55",16.7743666581545
2026-08-26,"ILI incidence",2026-08-30,2,"SI","quantile","0.6",22.5783363931906
2026-08-26,"ILI incidence",2026-08-30,2,"SI","quantile","0.65",28.9192112236432
2026-08-26,"ILI incidence",2026-08-30,2,"SI","quantile","0.7",35.7362511204426
2026-08-26,"ILI incidence",2026-08-30,2,"SI","quantile","0.75",42.6670467511763
2026-08-26,"ILI incidence",2026-08-30,2,"SI","quantile","0.8",49.9299329894815
2026-08-26,"ILI incidence",2026-08-30,2,"SI","quantile","0.85",58.6450461893064
2026-08-26,"ILI incidence",2026-08-30,2,"SI","quantile","0.9",70.4672946166742
2026-08-26,"ILI incidence",2026-08-30,2,"SI","quantile","0.95",86.9603106393699
2026-08-26,"ILI incidence",2026-08-30,2,"SI","quantile","0.975",101.37307228411
2026-08-26,"ILI incidence",2026-08-30,2,"SI","quantile","0.99",120.021426674816
2026-08-26,"ILI incidence",2026-09-06,3,"SI","median","",15.120165452511
2026-08-26,"ILI incidence",2026-09-06,3,"SI","quantile","0.01",0
2026-08-26,"ILI incidence",2026-09-06,3,"SI","quantile","0.025",0
2026-08-26,"ILI incidence",2026-09-06,3,"SI","quantile","0.05",0
2026-08-26,"ILI incidence",2026-09-06,3,"SI","quantile","0.1",0
2026-08-26,"ILI incidence",2026-09-06,3,"SI","quantile","0.15",0
2026-08-26,"ILI incidence",2026-09-06,3,"SI","quantile","0.2",0
2026-08-26,"ILI incidence",2026-09-06,3,"SI","quantile","0.25",0
2026-08-26,"ILI incidence",2026-09-06,3,"SI","quantile","0.3",0
2026-08-26,"ILI incidence",2026-09-06,3,"SI","quantile","0.35",0
2026-08-26,"ILI incidence",2026-09-06,3,"SI","quantile","0.4",1.63067005240282
2026-08-26,"ILI incidence",2026-09-06,3,"SI","quantile","0.45",9.61548905513054
2026-08-26,"ILI incidence",2026-09-06,3,"SI","quantile","0.5",16.5604681900995
2026-08-26,"ILI incidence",2026-09-06,3,"SI","quantile","0.55",23.6269340842781
2026-08-26,"ILI incidence",2026-09-06,3,"SI","quantile","0.6",30.8138878288417
2026-08-26,"ILI incidence",2026-09-06,3,"SI","quantile","0.65",38.7110117714734
2026-08-26,"ILI incidence",2026-09-06,3,"SI","quantile","0.7",46.3942505213423
2026-08-26,"ILI incidence",2026-09-06,3,"SI","quantile","0.75",55.4802966618757
2026-08-26,"ILI incidence",2026-09-06,3,"SI","quantile","0.8",65.4526798765229
2026-08-26,"ILI incidence",2026-09-06,3,"SI","quantile","0.85",77.3120577623188
2026-08-26,"ILI incidence",2026-09-06,3,"SI","quantile","0.9",92.0378743358821
2026-08-26,"ILI incidence",2026-09-06,3,"SI","quantile","0.95",114.454952787092
2026-08-26,"ILI incidence",2026-09-06,3,"SI","quantile","0.975",133.419969225173
2026-08-26,"ILI incidence",2026-09-06,3,"SI","quantile","0.99",154.323609851175
2026-08-26,"ILI incidence",2026-09-13,4,"SI","median","",18.7292652091115
2026-08-26,"ILI incidence",2026-09-13,4,"SI","quantile","0.01",0
2026-08-26,"ILI incidence",2026-09-13,4,"SI","quantile","0.025",0
2026-08-26,"ILI incidence",2026-09-13,4,"SI","quantile","0.05",0
2026-08-26,"ILI incidence",2026-09-13,4,"SI","quantile","0.1",0
2026-08-26,"ILI incidence",2026-09-13,4,"SI","quantile","0.15",0
2026-08-26,"ILI incidence",2026-09-13,4,"SI","quantile","0.2",0
2026-08-26,"ILI incidence",2026-09-13,4,"SI","quantile","0.25",0
2026-08-26,"ILI incidence",2026-09-13,4,"SI","quantile","0.3",0
2026-08-26,"ILI incidence",2026-09-13,4,"SI","quantile","0.35",0
2026-08-26,"ILI incidence",2026-09-13,4,"SI","quantile","0.4",3.04415207579872
2026-08-26,"ILI incidence",2026-09-13,4,"SI","quantile","0.45",11.7469709156227
2026-08-26,"ILI incidence",2026-09-13,4,"SI","quantile","0.5",19.8862432858871
2026-08-26,"ILI incidence",2026-09-13,4,"SI","quantile","0.55",28.1533480900906
2026-08-26,"ILI incidence",2026-09-13,4,"SI","quantile","0.6",36.6342497843256
2026-08-26,"ILI incidence",2026-09-13,4,"SI","quantile","0.65",45.4352545390563
2026-08-26,"ILI incidence",2026-09-13,4,"SI","quantile","0.7",54.5474626250889
2026-08-26,"ILI incidence",2026-09-13,4,"SI","quantile","0.75",64.4965965741063
2026-08-26,"ILI incidence",2026-09-13,4,"SI","quantile","0.8",75.6787224245775
2026-08-26,"ILI incidence",2026-09-13,4,"SI","quantile","0.85",88.0964593453726
2026-08-26,"ILI incidence",2026-09-13,4,"SI","quantile","0.9",104.3447614953
2026-08-26,"ILI incidence",2026-09-13,4,"SI","quantile","0.95",126.312688529785
2026-08-26,"ILI incidence",2026-09-13,4,"SI","quantile","0.975",145.096086647353
2026-08-26,"ILI incidence",2026-09-13,4,"SI","quantile","0.99",173.479868738615
