origin_date,target,target_end_date,horizon,location,output_type,output_type_id,value
2026-09-23,ILI incidence,2026-09-20,1,BE,quantile,0.01,23.06434373517133
2026-09-23,ILI incidence,2026-09-20,1,BE,quantile,0.1,34.731531565199695
2026-09-23,ILI incidence,2026-09-20,1,BE,quantile,0.025,27.27989973944479
2026-09-23,ILI incidence,2026-09-20,1,BE,quantile,0.05,29.96252546978334
2026-09-23,ILI incidence,2026-09-20,1,BE,quantile,0.8,79.19854161382622
2026-09-23,ILI incidence,2026-09-20,1,BE,quantile,0.85,85.27214658512122
2026-09-23,ILI incidence,2026-09-20,1,BE,quantile,0.9,93.74578016348629
2026-09-23,ILI incidence,2026-09-20,1,BE,quantile,0.95,108.34594619018921
2026-09-23,ILI incidence,2026-09-20,1,BE,quantile,0.975,123.21221881212641
2026-09-23,ILI incidence,2026-09-20,1,BE,quantile,0.99,143.01278424150243
2026-09-23,ILI incidence,2026-09-20,1,BE,quantile,0.2,41.27731983376573
2026-09-23,ILI incidence,2026-09-20,1,BE,quantile,0.15,38.180320471883974
2026-09-23,ILI incidence,2026-09-20,1,BE,quantile,0.25,44.0043144651018
2026-09-23,ILI incidence,2026-09-20,1,BE,quantile,0.3,46.636125355158484
2026-09-23,ILI incidence,2026-09-20,1,BE,quantile,0.7,69.82454150390511
2026-09-23,ILI incidence,2026-09-20,1,BE,quantile,0.75,74.0571276035325
2026-09-23,ILI incidence,2026-09-20,1,BE,quantile,0.35,49.37481242991893
2026-09-23,ILI incidence,2026-09-20,1,BE,quantile,0.5,57.49862972956002
2026-09-23,ILI incidence,2026-09-20,1,BE,quantile,0.4,51.9623376233594
2026-09-23,ILI incidence,2026-09-20,1,BE,quantile,0.55,60.35163927410881
2026-09-23,ILI incidence,2026-09-20,1,BE,quantile,0.45,54.77776813344359
2026-09-23,ILI incidence,2026-09-20,1,BE,quantile,0.65,66.37243391254272
2026-09-23,ILI incidence,2026-09-20,1,BE,quantile,0.6,63.17409141168936
2026-09-23,ILI incidence,2026-09-20,1,BE,median,,57.49862972956002
2026-09-23,ILI incidence,2026-09-27,2,BE,quantile,0.6,70.79672266581382
2026-09-23,ILI incidence,2026-09-27,2,BE,quantile,0.65,73.32927069163924
2026-09-23,ILI incidence,2026-09-27,2,BE,quantile,0.7,76.08317451518406
2026-09-23,ILI incidence,2026-09-27,2,BE,quantile,0.55,68.27089987924344
2026-09-23,ILI incidence,2026-09-27,2,BE,quantile,0.5,65.99389584594766
2026-09-23,ILI incidence,2026-09-27,2,BE,quantile,0.45,63.73542027578725
2026-09-23,ILI incidence,2026-09-27,2,BE,quantile,0.4,61.48501784130452
2026-09-23,ILI incidence,2026-09-27,2,BE,quantile,0.75,79.49280672688741
2026-09-23,ILI incidence,2026-09-27,2,BE,quantile,0.8,83.2075787436289
2026-09-23,ILI incidence,2026-09-27,2,BE,quantile,0.15,49.52469015430529
2026-09-23,ILI incidence,2026-09-27,2,BE,quantile,0.2,52.23072762805518
2026-09-23,ILI incidence,2026-09-27,2,BE,quantile,0.25,54.87879353018351
2026-09-23,ILI incidence,2026-09-27,2,BE,quantile,0.3,57.214077784991474
2026-09-23,ILI incidence,2026-09-27,2,BE,quantile,0.35,59.29689906294186
2026-09-23,ILI incidence,2026-09-27,2,BE,quantile,0.025,38.293389400298025
2026-09-23,ILI incidence,2026-09-27,2,BE,quantile,0.1,46.383589973403325
2026-09-23,ILI incidence,2026-09-27,2,BE,quantile,0.01,34.730648583939136
2026-09-23,ILI incidence,2026-09-27,2,BE,quantile,0.05,41.724431040549156
2026-09-23,ILI incidence,2026-09-27,2,BE,quantile,0.85,87.94422173567573
2026-09-23,ILI incidence,2026-09-27,2,BE,quantile,0.9,93.63290455528413
2026-09-23,ILI incidence,2026-09-27,2,BE,quantile,0.95,104.34083226048502
2026-09-23,ILI incidence,2026-09-27,2,BE,quantile,0.975,114.0055328615127
2026-09-23,ILI incidence,2026-09-27,2,BE,quantile,0.99,124.80431439918287
2026-09-23,ILI incidence,2026-09-27,2,BE,median,,65.99389584594766
2026-09-23,ILI incidence,2026-10-04,3,BE,quantile,0.3,44.56984266033167
2026-09-23,ILI incidence,2026-10-04,3,BE,quantile,0.25,43.28118081721542
2026-09-23,ILI incidence,2026-10-04,3,BE,quantile,0.35,45.83222682443801
2026-09-23,ILI incidence,2026-10-04,3,BE,quantile,0.01,31.423554757261734
2026-09-23,ILI incidence,2026-10-04,3,BE,quantile,0.025,33.4465473750826
2026-09-23,ILI incidence,2026-10-04,3,BE,quantile,0.05,35.45529474882045
2026-09-23,ILI incidence,2026-10-04,3,BE,quantile,0.1,38.350546539831605
2026-09-23,ILI incidence,2026-10-04,3,BE,quantile,0.15,40.325787565972895
2026-09-23,ILI incidence,2026-10-04,3,BE,quantile,0.2,41.79150531434543
2026-09-23,ILI incidence,2026-10-04,3,BE,quantile,0.65,53.30571216200735
2026-09-23,ILI incidence,2026-10-04,3,BE,quantile,0.4,46.97498509367724
2026-09-23,ILI incidence,2026-10-04,3,BE,quantile,0.45,48.28316336689268
2026-09-23,ILI incidence,2026-10-04,3,BE,quantile,0.5,49.40634407733576
2026-09-23,ILI incidence,2026-10-04,3,BE,quantile,0.55,50.69091187920657
2026-09-23,ILI incidence,2026-10-04,3,BE,quantile,0.6,51.971852739078486
2026-09-23,ILI incidence,2026-10-04,3,BE,quantile,0.7,54.86853161696777
2026-09-23,ILI incidence,2026-10-04,3,BE,quantile,0.75,56.71008396255916
2026-09-23,ILI incidence,2026-10-04,3,BE,quantile,0.8,58.626677892956295
2026-09-23,ILI incidence,2026-10-04,3,BE,quantile,0.85,61.01273008401991
2026-09-23,ILI incidence,2026-10-04,3,BE,quantile,0.9,64.07882275069909
2026-09-23,ILI incidence,2026-10-04,3,BE,quantile,0.95,68.66264523685085
2026-09-23,ILI incidence,2026-10-04,3,BE,quantile,0.975,72.49223926662387
2026-09-23,ILI incidence,2026-10-04,3,BE,quantile,0.99,77.79220308377066
2026-09-23,ILI incidence,2026-10-04,3,BE,median,,49.40634407733576
2026-09-23,ILI incidence,2026-10-11,4,BE,quantile,0.99,69.73091151810917
2026-09-23,ILI incidence,2026-10-11,4,BE,quantile,0.3,33.437364543633585
2026-09-23,ILI incidence,2026-10-11,4,BE,quantile,0.35,34.74896275966423
2026-09-23,ILI incidence,2026-10-11,4,BE,quantile,0.4,35.9771050260089
2026-09-23,ILI incidence,2026-10-11,4,BE,quantile,0.8,48.06320779499009
2026-09-23,ILI incidence,2026-10-11,4,BE,quantile,0.85,50.43838071674036
2026-09-23,ILI incidence,2026-10-11,4,BE,quantile,0.9,53.939943660917145
2026-09-23,ILI incidence,2026-10-11,4,BE,quantile,0.95,59.40002294521548
2026-09-23,ILI incidence,2026-10-11,4,BE,quantile,0.975,64.0142374224728
2026-09-23,ILI incidence,2026-10-11,4,BE,quantile,0.45,37.16545202974481
2026-09-23,ILI incidence,2026-10-11,4,BE,quantile,0.65,42.641712599944114
2026-09-23,ILI incidence,2026-10-11,4,BE,quantile,0.7,44.198077399292856
2026-09-23,ILI incidence,2026-10-11,4,BE,quantile,0.75,46.01664195205316
2026-09-23,ILI incidence,2026-10-11,4,BE,quantile,0.5,38.536128553202154
2026-09-23,ILI incidence,2026-10-11,4,BE,quantile,0.55,39.851580754982876
2026-09-23,ILI incidence,2026-10-11,4,BE,quantile,0.6,41.18573365702942
2026-09-23,ILI incidence,2026-10-11,4,BE,quantile,0.25,32.07934314011772
2026-09-23,ILI incidence,2026-10-11,4,BE,quantile,0.2,30.695621367498298
2026-09-23,ILI incidence,2026-10-11,4,BE,quantile,0.15,29.160750960504302
2026-09-23,ILI incidence,2026-10-11,4,BE,quantile,0.1,27.304867308475036
2026-09-23,ILI incidence,2026-10-11,4,BE,quantile,0.05,24.74080615217021
2026-09-23,ILI incidence,2026-10-11,4,BE,quantile,0.025,22.775694962002664
2026-09-23,ILI incidence,2026-10-11,4,BE,quantile,0.01,20.71002947090383
2026-09-23,ILI incidence,2026-10-11,4,BE,median,,38.536128553202154
2026-09-23,ILI incidence,2026-09-20,1,CH,quantile,0.6,21.908036159535776
2026-09-23,ILI incidence,2026-09-20,1,CH,quantile,0.55,21.51657260715917
2026-09-23,ILI incidence,2026-09-20,1,CH,quantile,0.35,20.0093535786869
2026-09-23,ILI incidence,2026-09-20,1,CH,quantile,0.3,19.605585976744383
2026-09-23,ILI incidence,2026-09-20,1,CH,quantile,0.5,21.137847029033992
2026-09-23,ILI incidence,2026-09-20,1,CH,quantile,0.45,20.771408110217173
2026-09-23,ILI incidence,2026-09-20,1,CH,quantile,0.4,20.386233040033826
2026-09-23,ILI incidence,2026-09-20,1,CH,quantile,0.7,22.777249889767393
2026-09-23,ILI incidence,2026-09-20,1,CH,quantile,0.75,23.26640594376352
2026-09-23,ILI incidence,2026-09-20,1,CH,quantile,0.975,28.11137239940051
2026-09-23,ILI incidence,2026-09-20,1,CH,quantile,0.99,29.62580241638683
2026-09-23,ILI incidence,2026-09-20,1,CH,quantile,0.95,26.880295664967694
2026-09-23,ILI incidence,2026-09-20,1,CH,quantile,0.65,22.321621495591593
2026-09-23,ILI incidence,2026-09-20,1,CH,quantile,0.25,19.200433459001037
2026-09-23,ILI incidence,2026-09-20,1,CH,quantile,0.9,25.502010667021203
2026-09-23,ILI incidence,2026-09-20,1,CH,quantile,0.8,23.862305767520397
2026-09-23,ILI incidence,2026-09-20,1,CH,quantile,0.05,16.71718363323626
2026-09-23,ILI incidence,2026-09-20,1,CH,quantile,0.85,24.580435637880544
2026-09-23,ILI incidence,2026-09-20,1,CH,quantile,0.15,18.23720217474905
2026-09-23,ILI incidence,2026-09-20,1,CH,quantile,0.2,18.748244678882134
2026-09-23,ILI incidence,2026-09-20,1,CH,quantile,0.025,15.979496461690886
2026-09-23,ILI incidence,2026-09-20,1,CH,quantile,0.1,17.639506368405883
2026-09-23,ILI incidence,2026-09-20,1,CH,quantile,0.01,15.202540469826463
2026-09-23,ILI incidence,2026-09-20,1,CH,median,,21.137847029033992
2026-09-23,ILI incidence,2026-09-27,2,CH,quantile,0.95,13.108659983619482
2026-09-23,ILI incidence,2026-09-27,2,CH,quantile,0.975,14.466734147107141
2026-09-23,ILI incidence,2026-09-27,2,CH,quantile,0.85,10.899010813650522
2026-09-23,ILI incidence,2026-09-27,2,CH,quantile,0.7,9.341202646876308
2026-09-23,ILI incidence,2026-09-27,2,CH,quantile,0.8,10.295985402816804
2026-09-23,ILI incidence,2026-09-27,2,CH,quantile,0.99,15.939177542825515
2026-09-23,ILI incidence,2026-09-27,2,CH,quantile,0.9,11.792496262452957
2026-09-23,ILI incidence,2026-09-27,2,CH,quantile,0.75,9.770605007518183
2026-09-23,ILI incidence,2026-09-27,2,CH,quantile,0.01,3.8660270294120096
2026-09-23,ILI incidence,2026-09-27,2,CH,quantile,0.65,8.977594391251255
2026-09-23,ILI incidence,2026-09-27,2,CH,quantile,0.5,7.986587079651333
2026-09-23,ILI incidence,2026-09-27,2,CH,quantile,0.55,8.295168467715584
2026-09-23,ILI incidence,2026-09-27,2,CH,quantile,0.1,5.3861273615198755
2026-09-23,ILI incidence,2026-09-27,2,CH,quantile,0.6,8.63324079598689
2026-09-23,ILI incidence,2026-09-27,2,CH,quantile,0.4,7.369450241305449
2026-09-23,ILI incidence,2026-09-27,2,CH,quantile,0.2,6.152072951124808
2026-09-23,ILI incidence,2026-09-27,2,CH,quantile,0.35,7.064829230367247
2026-09-23,ILI incidence,2026-09-27,2,CH,quantile,0.025,4.331262037799155
2026-09-23,ILI incidence,2026-09-27,2,CH,quantile,0.25,6.496221522680767
2026-09-23,ILI incidence,2026-09-27,2,CH,quantile,0.45,7.687565391564527
2026-09-23,ILI incidence,2026-09-27,2,CH,quantile,0.15,5.802400693974078
2026-09-23,ILI incidence,2026-09-27,2,CH,quantile,0.3,6.799322448804021
2026-09-23,ILI incidence,2026-09-27,2,CH,quantile,0.05,4.795852925097003
2026-09-23,ILI incidence,2026-09-27,2,CH,median,,7.986587079651333
2026-09-23,ILI incidence,2026-10-04,3,CH,quantile,0.975,37.015866324022674
2026-09-23,ILI incidence,2026-10-04,3,CH,quantile,0.99,39.522733127211886
2026-09-23,ILI incidence,2026-10-04,3,CH,quantile,0.8,29.57720070374282
2026-09-23,ILI incidence,2026-10-04,3,CH,quantile,0.9,32.26275974661242
2026-09-23,ILI incidence,2026-10-04,3,CH,quantile,0.7,27.89297465906543
2026-09-23,ILI incidence,2026-10-04,3,CH,quantile,0.75,28.66708452280737
2026-09-23,ILI incidence,2026-10-04,3,CH,quantile,0.85,30.683934395653377
2026-09-23,ILI incidence,2026-10-04,3,CH,quantile,0.95,34.83084357815479
2026-09-23,ILI incidence,2026-10-04,3,CH,quantile,0.55,25.822090215088167
2026-09-23,ILI incidence,2026-10-04,3,CH,quantile,0.65,27.134022542755933
2026-09-23,ILI incidence,2026-10-04,3,CH,quantile,0.35,23.32345251231512
2026-09-23,ILI incidence,2026-10-04,3,CH,quantile,0.6,26.473905990306825
2026-09-23,ILI incidence,2026-10-04,3,CH,quantile,0.5,25.195985008734475
2026-09-23,ILI incidence,2026-10-04,3,CH,quantile,0.1,19.403552290989083
2026-09-23,ILI incidence,2026-10-04,3,CH,quantile,0.45,24.60501473525774
2026-09-23,ILI incidence,2026-10-04,3,CH,quantile,0.4,23.98701720459886
2026-09-23,ILI incidence,2026-10-04,3,CH,quantile,0.025,17.180378660354847
2026-09-23,ILI incidence,2026-10-04,3,CH,quantile,0.15,20.465954628402052
2026-09-23,ILI incidence,2026-10-04,3,CH,quantile,0.2,21.233239629294246
2026-09-23,ILI incidence,2026-10-04,3,CH,quantile,0.3,22.663318330134327
2026-09-23,ILI incidence,2026-10-04,3,CH,quantile,0.25,21.98535608329256
2026-09-23,ILI incidence,2026-10-04,3,CH,quantile,0.05,18.15844902828184
2026-09-23,ILI incidence,2026-10-04,3,CH,quantile,0.01,16.054843258897684
2026-09-23,ILI incidence,2026-10-04,3,CH,median,,25.195985008734475
2026-09-23,ILI incidence,2026-10-11,4,CH,quantile,0.99,28.46304951426719
2026-09-23,ILI incidence,2026-10-11,4,CH,quantile,0.9,23.00453614678006
2026-09-23,ILI incidence,2026-10-11,4,CH,quantile,0.95,24.877785100801244
2026-09-23,ILI incidence,2026-10-11,4,CH,quantile,0.55,18.02438606044928
2026-09-23,ILI incidence,2026-10-11,4,CH,quantile,0.65,19.034273338422317
2026-09-23,ILI incidence,2026-10-11,4,CH,quantile,0.7,19.619552888000474
2026-09-23,ILI incidence,2026-10-11,4,CH,quantile,0.975,26.444734804916788
2026-09-23,ILI incidence,2026-10-11,4,CH,quantile,0.75,20.24399036325797
2026-09-23,ILI incidence,2026-10-11,4,CH,quantile,0.85,21.833227222359675
2026-09-23,ILI incidence,2026-10-11,4,CH,quantile,0.8,20.95573972034024
2026-09-23,ILI incidence,2026-10-11,4,CH,quantile,0.6,18.49493449737844
2026-09-23,ILI incidence,2026-10-11,4,CH,quantile,0.5,17.57428129280565
2026-09-23,ILI incidence,2026-10-11,4,CH,quantile,0.15,14.14048943453879
2026-09-23,ILI incidence,2026-10-11,4,CH,quantile,0.35,16.21031908095726
2026-09-23,ILI incidence,2026-10-11,4,CH,quantile,0.4,16.670393871885853
2026-09-23,ILI incidence,2026-10-11,4,CH,quantile,0.1,13.455010100271847
2026-09-23,ILI incidence,2026-10-11,4,CH,quantile,0.3,15.784031909100932
2026-09-23,ILI incidence,2026-10-11,4,CH,quantile,0.45,17.10920241715716
2026-09-23,ILI incidence,2026-10-11,4,CH,quantile,0.05,12.528393437660908
2026-09-23,ILI incidence,2026-10-11,4,CH,quantile,0.2,14.710548367920495
2026-09-23,ILI incidence,2026-10-11,4,CH,quantile,0.025,11.750414432928826
2026-09-23,ILI incidence,2026-10-11,4,CH,quantile,0.25,15.256551377133862
2026-09-23,ILI incidence,2026-10-11,4,CH,quantile,0.01,10.700049770089551
2026-09-23,ILI incidence,2026-10-11,4,CH,median,,17.57428129280565
2026-09-23,ILI incidence,2026-09-20,1,DK,quantile,0.05,68.04063262692125
2026-09-23,ILI incidence,2026-09-20,1,DK,quantile,0.7,103.62798776744557
2026-09-23,ILI incidence,2026-09-20,1,DK,quantile,0.1,73.00651139538661
2026-09-23,ILI incidence,2026-09-20,1,DK,quantile,0.025,63.67349101946153
2026-09-23,ILI incidence,2026-09-20,1,DK,quantile,0.5,93.83241441993184
2026-09-23,ILI incidence,2026-09-20,1,DK,quantile,0.99,145.66567356843822
2026-09-23,ILI incidence,2026-09-20,1,DK,quantile,0.975,136.30425439327897
2026-09-23,ILI incidence,2026-09-20,1,DK,quantile,0.45,91.58813668324339
2026-09-23,ILI incidence,2026-09-20,1,DK,quantile,0.55,95.89787824259415
2026-09-23,ILI incidence,2026-09-20,1,DK,quantile,0.9,120.12194731420895
2026-09-23,ILI incidence,2026-09-20,1,DK,quantile,0.95,129.0576068938078
2026-09-23,ILI incidence,2026-09-20,1,DK,quantile,0.6,98.2467972512903
2026-09-23,ILI incidence,2026-09-20,1,DK,quantile,0.85,114.28791485249324
2026-09-23,ILI incidence,2026-09-20,1,DK,quantile,0.4,89.27753788442485
2026-09-23,ILI incidence,2026-09-20,1,DK,quantile,0.15,76.42108874242936
2026-09-23,ILI incidence,2026-09-20,1,DK,quantile,0.8,110.0735685785766
2026-09-23,ILI incidence,2026-09-20,1,DK,quantile,0.75,106.63224751224747
2026-09-23,ILI incidence,2026-09-20,1,DK,quantile,0.65,100.85788007515646
2026-09-23,ILI incidence,2026-09-20,1,DK,quantile,0.35,87.00326415532395
2026-09-23,ILI incidence,2026-09-20,1,DK,quantile,0.01,59.47354561757255
2026-09-23,ILI incidence,2026-09-20,1,DK,quantile,0.2,79.36708043721032
2026-09-23,ILI incidence,2026-09-20,1,DK,quantile,0.25,82.15122611688824
2026-09-23,ILI incidence,2026-09-20,1,DK,quantile,0.3,84.80254059816326
2026-09-23,ILI incidence,2026-09-20,1,DK,median,,93.83241441993184
2026-09-23,ILI incidence,2026-09-27,2,DK,quantile,0.6,95.80573321004454
2026-09-23,ILI incidence,2026-09-27,2,DK,quantile,0.25,87.83549246117286
2026-09-23,ILI incidence,2026-09-27,2,DK,quantile,0.3,89.0008184637772
2026-09-23,ILI incidence,2026-09-27,2,DK,quantile,0.55,94.62816350172449
2026-09-23,ILI incidence,2026-09-27,2,DK,quantile,0.45,92.3709302739199
2026-09-23,ILI incidence,2026-09-27,2,DK,quantile,0.4,91.28059753541694
2026-09-23,ILI incidence,2026-09-27,2,DK,quantile,0.5,93.4777336051931
2026-09-23,ILI incidence,2026-09-27,2,DK,quantile,0.35,90.1262878271459
2026-09-23,ILI incidence,2026-09-27,2,DK,quantile,0.1,82.98892157751565
2026-09-23,ILI incidence,2026-09-27,2,DK,quantile,0.025,77.73085866598268
2026-09-23,ILI incidence,2026-09-27,2,DK,quantile,0.15,84.90760019049848
2026-09-23,ILI incidence,2026-09-27,2,DK,quantile,0.05,80.05443164438965
2026-09-23,ILI incidence,2026-09-27,2,DK,quantile,0.2,86.49183022888963
2026-09-23,ILI incidence,2026-09-27,2,DK,quantile,0.75,99.55059644369541
2026-09-23,ILI incidence,2026-09-27,2,DK,quantile,0.8,100.97240706500638
2026-09-23,ILI incidence,2026-09-27,2,DK,quantile,0.7,98.14567631396018
2026-09-23,ILI incidence,2026-09-27,2,DK,quantile,0.85,103.02358217978734
2026-09-23,ILI incidence,2026-09-27,2,DK,quantile,0.01,75.12242424064517
2026-09-23,ILI incidence,2026-09-27,2,DK,quantile,0.65,96.95598047255488
2026-09-23,ILI incidence,2026-09-27,2,DK,quantile,0.95,109.30154599119088
2026-09-23,ILI incidence,2026-09-27,2,DK,quantile,0.9,105.53348676528829
2026-09-23,ILI incidence,2026-09-27,2,DK,quantile,0.975,112.62563888944159
2026-09-23,ILI incidence,2026-09-27,2,DK,quantile,0.99,115.72682302707632
2026-09-23,ILI incidence,2026-09-27,2,DK,median,,93.4777336051931
2026-09-23,ILI incidence,2026-10-04,3,DK,quantile,0.35,90.50428533432573
2026-09-23,ILI incidence,2026-10-04,3,DK,quantile,0.4,92.89658350229078
2026-09-23,ILI incidence,2026-10-04,3,DK,quantile,0.45,95.32061869327217
2026-09-23,ILI incidence,2026-10-04,3,DK,quantile,0.5,97.59411191418253
2026-09-23,ILI incidence,2026-10-04,3,DK,quantile,0.3,88.0598387916414
2026-09-23,ILI incidence,2026-10-04,3,DK,quantile,0.25,85.398401732677
2026-09-23,ILI incidence,2026-10-04,3,DK,quantile,0.8,114.99123453849977
2026-09-23,ILI incidence,2026-10-04,3,DK,quantile,0.55,100.12901994200504
2026-09-23,ILI incidence,2026-10-04,3,DK,quantile,0.75,111.35281027562343
2026-09-23,ILI incidence,2026-10-04,3,DK,quantile,0.6,102.75998553218962
2026-09-23,ILI incidence,2026-10-04,3,DK,quantile,0.7,108.1419184054236
2026-09-23,ILI incidence,2026-10-04,3,DK,quantile,0.15,79.56314574288508
2026-09-23,ILI incidence,2026-10-04,3,DK,quantile,0.2,82.6007941231465
2026-09-23,ILI incidence,2026-10-04,3,DK,quantile,0.85,119.53443199088817
2026-09-23,ILI incidence,2026-10-04,3,DK,quantile,0.65,105.36470985384872
2026-09-23,ILI incidence,2026-10-04,3,DK,quantile,0.975,143.60965908689047
2026-09-23,ILI incidence,2026-10-04,3,DK,quantile,0.95,135.04252650896706
2026-09-23,ILI incidence,2026-10-04,3,DK,quantile,0.05,70.48449727831317
2026-09-23,ILI incidence,2026-10-04,3,DK,quantile,0.1,75.67982588983003
2026-09-23,ILI incidence,2026-10-04,3,DK,quantile,0.9,125.70483528261383
2026-09-23,ILI incidence,2026-10-04,3,DK,quantile,0.99,153.08122776709973
2026-09-23,ILI incidence,2026-10-04,3,DK,quantile,0.025,66.30683077618637
2026-09-23,ILI incidence,2026-10-04,3,DK,quantile,0.01,61.85297272674221
2026-09-23,ILI incidence,2026-10-04,3,DK,median,,97.59411191418253
2026-09-23,ILI incidence,2026-10-11,4,DK,quantile,0.95,124.50600700711902
2026-09-23,ILI incidence,2026-10-11,4,DK,quantile,0.9,114.48327726101884
2026-09-23,ILI incidence,2026-10-11,4,DK,quantile,0.85,108.32701244269747
2026-09-23,ILI incidence,2026-10-11,4,DK,quantile,0.99,148.89943946073632
2026-09-23,ILI incidence,2026-10-11,4,DK,quantile,0.8,102.78383038669816
2026-09-23,ILI incidence,2026-10-11,4,DK,quantile,0.4,78.41753787238001
2026-09-23,ILI incidence,2026-10-11,4,DK,quantile,0.15,64.77913972031116
2026-09-23,ILI incidence,2026-10-11,4,DK,quantile,0.05,55.515672121974596
2026-09-23,ILI incidence,2026-10-11,4,DK,quantile,0.75,98.21799296751185
2026-09-23,ILI incidence,2026-10-11,4,DK,quantile,0.65,91.70389778528927
2026-09-23,ILI incidence,2026-10-11,4,DK,quantile,0.25,70.83797714764111
2026-09-23,ILI incidence,2026-10-11,4,DK,quantile,0.025,51.00382849746394
2026-09-23,ILI incidence,2026-10-11,4,DK,quantile,0.975,135.58713114198346
2026-09-23,ILI incidence,2026-10-11,4,DK,quantile,0.1,61.267586366019714
2026-09-23,ILI incidence,2026-10-11,4,DK,quantile,0.45,80.99304099804262
2026-09-23,ILI incidence,2026-10-11,4,DK,quantile,0.6,89.1259657273783
2026-09-23,ILI incidence,2026-10-11,4,DK,quantile,0.55,86.3456075465474
2026-09-23,ILI incidence,2026-10-11,4,DK,quantile,0.7,94.92492264062751
2026-09-23,ILI incidence,2026-10-11,4,DK,quantile,0.3,73.61929506418761
2026-09-23,ILI incidence,2026-10-11,4,DK,quantile,0.35,76.05108157528048
2026-09-23,ILI incidence,2026-10-11,4,DK,quantile,0.5,83.66173147149686
2026-09-23,ILI incidence,2026-10-11,4,DK,quantile,0.2,67.98646422624395
2026-09-23,ILI incidence,2026-10-11,4,DK,quantile,0.01,47.37451185698542
2026-09-23,ILI incidence,2026-10-11,4,DK,median,,83.66173147149686
2026-09-23,ILI incidence,2026-09-20,1,EE,quantile,0.99,181.62625292643844
2026-09-23,ILI incidence,2026-09-20,1,EE,quantile,0.01,17.462866222303184
2026-09-23,ILI incidence,2026-09-20,1,EE,quantile,0.025,20.850411681761724
2026-09-23,ILI incidence,2026-09-20,1,EE,quantile,0.05,24.5411810903068
2026-09-23,ILI incidence,2026-09-20,1,EE,quantile,0.95,129.29105466628525
2026-09-23,ILI incidence,2026-09-20,1,EE,quantile,0.975,152.73034334829526
2026-09-23,ILI incidence,2026-09-20,1,EE,quantile,0.9,107.71693036882198
2026-09-23,ILI incidence,2026-09-20,1,EE,quantile,0.1,29.46727919056145
2026-09-23,ILI incidence,2026-09-20,1,EE,quantile,0.15,33.66849708330478
2026-09-23,ILI incidence,2026-09-20,1,EE,quantile,0.2,37.1803651346207
2026-09-23,ILI incidence,2026-09-20,1,EE,quantile,0.25,40.21085472211635
2026-09-23,ILI incidence,2026-09-20,1,EE,quantile,0.8,85.84372713237015
2026-09-23,ILI incidence,2026-09-20,1,EE,quantile,0.85,94.77201131238715
2026-09-23,ILI incidence,2026-09-20,1,EE,quantile,0.7,73.34516642115943
2026-09-23,ILI incidence,2026-09-20,1,EE,quantile,0.75,79.09471555471617
2026-09-23,ILI incidence,2026-09-20,1,EE,quantile,0.45,53.16076327250198
2026-09-23,ILI incidence,2026-09-20,1,EE,quantile,0.55,60.267163101653644
2026-09-23,ILI incidence,2026-09-20,1,EE,quantile,0.65,68.84975165792177
2026-09-23,ILI incidence,2026-09-20,1,EE,quantile,0.5,56.54733053346117
2026-09-23,ILI incidence,2026-09-20,1,EE,quantile,0.6,64.28950329961565
2026-09-23,ILI incidence,2026-09-20,1,EE,quantile,0.4,50.03015624307981
2026-09-23,ILI incidence,2026-09-20,1,EE,quantile,0.35,46.7599431217021
2026-09-23,ILI incidence,2026-09-20,1,EE,quantile,0.3,43.48971127954316
2026-09-23,ILI incidence,2026-09-20,1,EE,median,,56.54733053346117
2026-09-23,ILI incidence,2026-09-27,2,EE,quantile,0.3,74.46998488568096
2026-09-23,ILI incidence,2026-09-27,2,EE,quantile,0.15,70.22464194780025
2026-09-23,ILI incidence,2026-09-27,2,EE,quantile,0.2,71.88159494929441
2026-09-23,ILI incidence,2026-09-27,2,EE,quantile,0.25,73.27249816229238
2026-09-23,ILI incidence,2026-09-27,2,EE,quantile,0.05,65.43414931314098
2026-09-23,ILI incidence,2026-09-27,2,EE,quantile,0.1,68.21491471746006
2026-09-23,ILI incidence,2026-09-27,2,EE,quantile,0.01,60.52871017598491
2026-09-23,ILI incidence,2026-09-27,2,EE,quantile,0.025,63.14780650118313
2026-09-23,ILI incidence,2026-09-27,2,EE,quantile,0.35,75.68572801275536
2026-09-23,ILI incidence,2026-09-27,2,EE,quantile,0.45,78.27681477369988
2026-09-23,ILI incidence,2026-09-27,2,EE,quantile,0.4,77.01172148827291
2026-09-23,ILI incidence,2026-09-27,2,EE,quantile,0.75,86.18088129594874
2026-09-23,ILI incidence,2026-09-27,2,EE,quantile,0.8,87.90949022383298
2026-09-23,ILI incidence,2026-09-27,2,EE,quantile,0.85,90.01866292136503
2026-09-23,ILI incidence,2026-09-27,2,EE,quantile,0.975,99.88509593983731
2026-09-23,ILI incidence,2026-09-27,2,EE,quantile,0.99,104.82732366588382
2026-09-23,ILI incidence,2026-09-27,2,EE,quantile,0.95,96.32481348808886
2026-09-23,ILI incidence,2026-09-27,2,EE,quantile,0.55,80.5413641754698
2026-09-23,ILI incidence,2026-09-27,2,EE,quantile,0.6,81.7783423739468
2026-09-23,ILI incidence,2026-09-27,2,EE,quantile,0.9,92.62767326642212
2026-09-23,ILI incidence,2026-09-27,2,EE,quantile,0.7,84.60793104029261
2026-09-23,ILI incidence,2026-09-27,2,EE,quantile,0.65,83.12997291984608
2026-09-23,ILI incidence,2026-09-27,2,EE,quantile,0.5,79.3506257955489
2026-09-23,ILI incidence,2026-09-27,2,EE,median,,79.3506257955489
2026-09-23,ILI incidence,2026-10-04,3,EE,quantile,0.2,54.44880400240755
2026-09-23,ILI incidence,2026-10-04,3,EE,quantile,0.15,50.55860698921437
2026-09-23,ILI incidence,2026-10-04,3,EE,quantile,0.25,58.26131105287146
2026-09-23,ILI incidence,2026-10-04,3,EE,quantile,0.3,62.108162318605636
2026-09-23,ILI incidence,2026-10-04,3,EE,quantile,0.35,65.52630037479443
2026-09-23,ILI incidence,2026-10-04,3,EE,quantile,0.4,69.1865356295115
2026-09-23,ILI incidence,2026-10-04,3,EE,quantile,0.95,147.25539947699326
2026-09-23,ILI incidence,2026-10-04,3,EE,quantile,0.99,194.2225547541417
2026-09-23,ILI incidence,2026-10-04,3,EE,quantile,0.9,128.10822385804735
2026-09-23,ILI incidence,2026-10-04,3,EE,quantile,0.975,166.916467597316
2026-09-23,ILI incidence,2026-10-04,3,EE,quantile,0.1,45.972799126662196
2026-09-23,ILI incidence,2026-10-04,3,EE,quantile,0.6,85.60921559853247
2026-09-23,ILI incidence,2026-10-04,3,EE,quantile,0.85,116.35245911407097
2026-09-23,ILI incidence,2026-10-04,3,EE,quantile,0.45,72.93094541928005
2026-09-23,ILI incidence,2026-10-04,3,EE,quantile,0.5,76.90924079157593
2026-09-23,ILI incidence,2026-10-04,3,EE,quantile,0.55,81.10039468559725
2026-09-23,ILI incidence,2026-10-04,3,EE,quantile,0.65,90.32120859862339
2026-09-23,ILI incidence,2026-10-04,3,EE,quantile,0.8,107.67226193986974
2026-09-23,ILI incidence,2026-10-04,3,EE,quantile,0.75,101.25996341849486
2026-09-23,ILI incidence,2026-10-04,3,EE,quantile,0.025,34.57104324281006
2026-09-23,ILI incidence,2026-10-04,3,EE,quantile,0.01,30.803703364294243
2026-09-23,ILI incidence,2026-10-04,3,EE,quantile,0.05,39.2259201130437
2026-09-23,ILI incidence,2026-10-04,3,EE,quantile,0.7,95.6399344144035
2026-09-23,ILI incidence,2026-10-04,3,EE,median,,76.90924079157593
2026-09-23,ILI incidence,2026-10-11,4,EE,quantile,0.01,2.1065391036948675
2026-09-23,ILI incidence,2026-10-11,4,EE,quantile,0.025,3.251067625920504
2026-09-23,ILI incidence,2026-10-11,4,EE,quantile,0.1,7.344473763121953
2026-09-23,ILI incidence,2026-10-11,4,EE,quantile,0.05,4.82051426510135
2026-09-23,ILI incidence,2026-10-11,4,EE,quantile,0.15,9.792591111282693
2026-09-23,ILI incidence,2026-10-11,4,EE,quantile,0.2,12.62929710056526
2026-09-23,ILI incidence,2026-10-11,4,EE,quantile,0.25,15.725416849172085
2026-09-23,ILI incidence,2026-10-11,4,EE,quantile,0.3,19.207540249160473
2026-09-23,ILI incidence,2026-10-11,4,EE,quantile,0.35,22.754940829580278
2026-09-23,ILI incidence,2026-10-11,4,EE,quantile,0.99,626.3664560486801
2026-09-23,ILI incidence,2026-10-11,4,EE,quantile,0.975,406.92191492856483
2026-09-23,ILI incidence,2026-10-11,4,EE,quantile,0.9,177.6945427326249
2026-09-23,ILI incidence,2026-10-11,4,EE,quantile,0.95,276.97905984119893
2026-09-23,ILI incidence,2026-10-11,4,EE,quantile,0.4,26.518197656859574
2026-09-23,ILI incidence,2026-10-11,4,EE,quantile,0.75,81.65903381237108
2026-09-23,ILI incidence,2026-10-11,4,EE,quantile,0.85,131.89220671137713
2026-09-23,ILI incidence,2026-10-11,4,EE,quantile,0.65,57.13898765931347
2026-09-23,ILI incidence,2026-10-11,4,EE,quantile,0.8,102.5897405621607
2026-09-23,ILI incidence,2026-10-11,4,EE,quantile,0.6,48.49063819686359
2026-09-23,ILI incidence,2026-10-11,4,EE,quantile,0.7,68.15812973261293
2026-09-23,ILI incidence,2026-10-11,4,EE,quantile,0.55,41.39782416520193
2026-09-23,ILI incidence,2026-10-11,4,EE,quantile,0.45,30.960020875917017
2026-09-23,ILI incidence,2026-10-11,4,EE,quantile,0.5,35.993273254959945
2026-09-23,ILI incidence,2026-10-11,4,EE,median,,35.993273254959945
2026-09-23,ILI incidence,2026-09-20,1,ES,quantile,0.01,8.694164851655346
2026-09-23,ILI incidence,2026-09-20,1,ES,quantile,0.05,9.660620451640217
2026-09-23,ILI incidence,2026-09-20,1,ES,quantile,0.025,9.203443333984904
2026-09-23,ILI incidence,2026-09-20,1,ES,quantile,0.1,10.259389817937684
2026-09-23,ILI incidence,2026-09-20,1,ES,quantile,0.6,13.136247313526077
2026-09-23,ILI incidence,2026-09-20,1,ES,quantile,0.75,14.097851718997529
2026-09-23,ILI incidence,2026-09-20,1,ES,quantile,0.65,13.430958553296474
2026-09-23,ILI incidence,2026-09-20,1,ES,quantile,0.7,13.753471798469395
2026-09-23,ILI incidence,2026-09-20,1,ES,quantile,0.5,12.627826369815075
2026-09-23,ILI incidence,2026-09-20,1,ES,quantile,0.55,12.891836388567022
2026-09-23,ILI incidence,2026-09-20,1,ES,quantile,0.8,14.492674472534343
2026-09-23,ILI incidence,2026-09-20,1,ES,quantile,0.85,14.952473763518922
2026-09-23,ILI incidence,2026-09-20,1,ES,quantile,0.9,15.545610493530978
2026-09-23,ILI incidence,2026-09-20,1,ES,quantile,0.95,16.452161055717355
2026-09-23,ILI incidence,2026-09-20,1,ES,quantile,0.975,17.2772177268092
2026-09-23,ILI incidence,2026-09-20,1,ES,quantile,0.99,18.34774065529487
2026-09-23,ILI incidence,2026-09-20,1,ES,quantile,0.15,10.692857192132223
2026-09-23,ILI incidence,2026-09-20,1,ES,quantile,0.2,11.022454842486793
2026-09-23,ILI incidence,2026-09-20,1,ES,quantile,0.35,11.863980480269976
2026-09-23,ILI incidence,2026-09-20,1,ES,quantile,0.4,12.137201873665397
2026-09-23,ILI incidence,2026-09-20,1,ES,quantile,0.3,11.5964081205754
2026-09-23,ILI incidence,2026-09-20,1,ES,quantile,0.45,12.365872867858231
2026-09-23,ILI incidence,2026-09-20,1,ES,quantile,0.25,11.324554745289891
2026-09-23,ILI incidence,2026-09-20,1,ES,median,,12.627826369815075
2026-09-23,ILI incidence,2026-09-27,2,ES,quantile,0.15,9.52040354250316
2026-09-23,ILI incidence,2026-09-27,2,ES,quantile,0.01,7.12930049507443
2026-09-23,ILI incidence,2026-09-27,2,ES,quantile,0.025,7.7196069612008955
2026-09-23,ILI incidence,2026-09-27,2,ES,quantile,0.05,8.261574189775088
2026-09-23,ILI incidence,2026-09-27,2,ES,quantile,0.1,9.006828690028872
2026-09-23,ILI incidence,2026-09-27,2,ES,quantile,0.2,9.98131308176788
2026-09-23,ILI incidence,2026-09-27,2,ES,quantile,0.25,10.413424637706326
2026-09-23,ILI incidence,2026-09-27,2,ES,quantile,0.3,10.758341187186065
2026-09-23,ILI incidence,2026-09-27,2,ES,quantile,0.45,11.836199029916754
2026-09-23,ILI incidence,2026-09-27,2,ES,quantile,0.5,12.193728582939793
2026-09-23,ILI incidence,2026-09-27,2,ES,quantile,0.35,11.100912080376887
2026-09-23,ILI incidence,2026-09-27,2,ES,quantile,0.975,19.259835917195407
2026-09-23,ILI incidence,2026-09-27,2,ES,quantile,0.7,13.799959313927133
2026-09-23,ILI incidence,2026-09-27,2,ES,quantile,0.99,20.899003532750076
2026-09-23,ILI incidence,2026-09-27,2,ES,quantile,0.75,14.286141982649406
2026-09-23,ILI incidence,2026-09-27,2,ES,quantile,0.9,16.450019705378274
2026-09-23,ILI incidence,2026-09-27,2,ES,quantile,0.8,14.891396541184886
2026-09-23,ILI incidence,2026-09-27,2,ES,quantile,0.95,17.916939625399035
2026-09-23,ILI incidence,2026-09-27,2,ES,quantile,0.85,15.552898368627009
2026-09-23,ILI incidence,2026-09-27,2,ES,quantile,0.55,12.564703895300717
2026-09-23,ILI incidence,2026-09-27,2,ES,quantile,0.65,13.340588552022222
2026-09-23,ILI incidence,2026-09-27,2,ES,quantile,0.6,12.954285245279909
2026-09-23,ILI incidence,2026-09-27,2,ES,quantile,0.4,11.488729089598106
2026-09-23,ILI incidence,2026-09-27,2,ES,median,,12.193728582939793
2026-09-23,ILI incidence,2026-10-04,3,ES,quantile,0.05,9.573025498881792
2026-09-23,ILI incidence,2026-10-04,3,ES,quantile,0.4,11.7127869965224
2026-09-23,ILI incidence,2026-10-04,3,ES,quantile,0.35,11.488948614873944
2026-09-23,ILI incidence,2026-10-04,3,ES,quantile,0.3,11.251660457051202
2026-09-23,ILI incidence,2026-10-04,3,ES,quantile,0.25,11.029911634910782
2026-09-23,ILI incidence,2026-10-04,3,ES,quantile,0.15,10.453579308184608
2026-09-23,ILI incidence,2026-10-04,3,ES,quantile,0.2,10.749232151962833
2026-09-23,ILI incidence,2026-10-04,3,ES,quantile,0.1,10.080679110175087
2026-09-23,ILI incidence,2026-10-04,3,ES,quantile,0.025,9.118284033416149
2026-09-23,ILI incidence,2026-10-04,3,ES,quantile,0.45,11.936683381392667
2026-09-23,ILI incidence,2026-10-04,3,ES,quantile,0.01,8.681860830920911
2026-09-23,ILI incidence,2026-10-04,3,ES,quantile,0.5,12.140557651005315
2026-09-23,ILI incidence,2026-10-04,3,ES,quantile,0.55,12.36814827340078
2026-09-23,ILI incidence,2026-10-04,3,ES,quantile,0.6,12.595892144492952
2026-09-23,ILI incidence,2026-10-04,3,ES,quantile,0.8,13.715510266081084
2026-09-23,ILI incidence,2026-10-04,3,ES,quantile,0.85,14.147255322389087
2026-09-23,ILI incidence,2026-10-04,3,ES,quantile,0.75,13.393136066968829
2026-09-23,ILI incidence,2026-10-04,3,ES,quantile,0.65,12.835257604136048
2026-09-23,ILI incidence,2026-10-04,3,ES,quantile,0.7,13.093377302818983
2026-09-23,ILI incidence,2026-10-04,3,ES,quantile,0.9,14.670883180731424
2026-09-23,ILI incidence,2026-10-04,3,ES,quantile,0.95,15.491629036903763
2026-09-23,ILI incidence,2026-10-04,3,ES,quantile,0.975,16.19972078033662
2026-09-23,ILI incidence,2026-10-04,3,ES,quantile,0.99,17.04931105483167
2026-09-23,ILI incidence,2026-10-04,3,ES,median,,12.140557651005315
2026-09-23,ILI incidence,2026-10-11,4,ES,quantile,0.05,7.596946867230249
2026-09-23,ILI incidence,2026-10-11,4,ES,quantile,0.025,6.704212271832312
2026-09-23,ILI incidence,2026-10-11,4,ES,quantile,0.01,5.8542747319054955
2026-09-23,ILI incidence,2026-10-11,4,ES,quantile,0.7,16.466856957405184
2026-09-23,ILI incidence,2026-10-11,4,ES,quantile,0.975,27.9068113303733
2026-09-23,ILI incidence,2026-10-11,4,ES,quantile,0.65,15.687831135060504
2026-09-23,ILI incidence,2026-10-11,4,ES,quantile,0.75,17.400199575655577
2026-09-23,ILI incidence,2026-10-11,4,ES,quantile,0.99,31.745725780152814
2026-09-23,ILI incidence,2026-10-11,4,ES,quantile,0.45,13.006377111976636
2026-09-23,ILI incidence,2026-10-11,4,ES,quantile,0.95,24.738483836673186
2026-09-23,ILI incidence,2026-10-11,4,ES,quantile,0.1,8.604098376961423
2026-09-23,ILI incidence,2026-10-11,4,ES,quantile,0.6,14.934553053123599
2026-09-23,ILI incidence,2026-10-11,4,ES,quantile,0.9,21.70895792038173
2026-09-23,ILI incidence,2026-10-11,4,ES,quantile,0.85,19.7279107447719
2026-09-23,ILI incidence,2026-10-11,4,ES,quantile,0.55,14.287393653087374
2026-09-23,ILI incidence,2026-10-11,4,ES,quantile,0.5,13.638670158730097
2026-09-23,ILI incidence,2026-10-11,4,ES,quantile,0.3,11.220215070570227
2026-09-23,ILI incidence,2026-10-11,4,ES,quantile,0.4,12.430782273369129
2026-09-23,ILI incidence,2026-10-11,4,ES,quantile,0.8,18.478783973192126
2026-09-23,ILI incidence,2026-10-11,4,ES,quantile,0.15,9.368403095171352
2026-09-23,ILI incidence,2026-10-11,4,ES,quantile,0.35,11.853373389652333
2026-09-23,ILI incidence,2026-10-11,4,ES,quantile,0.2,10.025005814991047
2026-09-23,ILI incidence,2026-10-11,4,ES,quantile,0.25,10.599140498425747
2026-09-23,ILI incidence,2026-10-11,4,ES,median,,13.638670158730097
2026-09-23,ILI incidence,2026-09-20,1,GB-WLS,quantile,0.01,1.2895423456227022
2026-09-23,ILI incidence,2026-09-20,1,GB-WLS,quantile,0.025,1.3778453889094955
2026-09-23,ILI incidence,2026-09-20,1,GB-WLS,quantile,0.05,1.4707528345520249
2026-09-23,ILI incidence,2026-09-20,1,GB-WLS,quantile,0.1,1.5765617614096368
2026-09-23,ILI incidence,2026-09-20,1,GB-WLS,quantile,0.15,1.6521946385100892
2026-09-23,ILI incidence,2026-09-20,1,GB-WLS,quantile,0.2,1.714302618695082
2026-09-23,ILI incidence,2026-09-20,1,GB-WLS,quantile,0.25,1.769120040997857
2026-09-23,ILI incidence,2026-09-20,1,GB-WLS,quantile,0.3,1.8179739726253983
2026-09-23,ILI incidence,2026-09-20,1,GB-WLS,quantile,0.35,1.864312813665582
2026-09-23,ILI incidence,2026-09-20,1,GB-WLS,quantile,0.4,1.9143141553730716
2026-09-23,ILI incidence,2026-09-20,1,GB-WLS,quantile,0.45,1.963763058669595
2026-09-23,ILI incidence,2026-09-20,1,GB-WLS,quantile,0.5,2.0125015964030455
2026-09-23,ILI incidence,2026-09-20,1,GB-WLS,quantile,0.55,2.0615567435089317
2026-09-23,ILI incidence,2026-09-20,1,GB-WLS,quantile,0.6,2.113904480243944
2026-09-23,ILI incidence,2026-09-20,1,GB-WLS,quantile,0.65,2.168286862559029
2026-09-23,ILI incidence,2026-09-20,1,GB-WLS,quantile,0.7,2.223001776883991
2026-09-23,ILI incidence,2026-09-20,1,GB-WLS,quantile,0.75,2.2927213207963923
2026-09-23,ILI incidence,2026-09-20,1,GB-WLS,quantile,0.8,2.3729261221806164
2026-09-23,ILI incidence,2026-09-20,1,GB-WLS,quantile,0.85,2.4615826980340008
2026-09-23,ILI incidence,2026-09-20,1,GB-WLS,quantile,0.9,2.5892834229642245
2026-09-23,ILI incidence,2026-09-20,1,GB-WLS,quantile,0.95,2.7878024375322323
2026-09-23,ILI incidence,2026-09-20,1,GB-WLS,quantile,0.975,2.959682623419984
2026-09-23,ILI incidence,2026-09-20,1,GB-WLS,quantile,0.99,3.1707669316898643
2026-09-23,ILI incidence,2026-09-20,1,GB-WLS,median,,2.0125015964030455
2026-09-23,ILI incidence,2026-09-27,2,GB-WLS,quantile,0.01,0.09432022458426562
2026-09-23,ILI incidence,2026-09-27,2,GB-WLS,quantile,0.025,0.13509501398512305
2026-09-23,ILI incidence,2026-09-27,2,GB-WLS,quantile,0.05,0.18705456463796838
2026-09-23,ILI incidence,2026-09-27,2,GB-WLS,quantile,0.1,0.2627804261846545
2026-09-23,ILI incidence,2026-09-27,2,GB-WLS,quantile,0.15,0.33864937638008913
2026-09-23,ILI incidence,2026-09-27,2,GB-WLS,quantile,0.2,0.4089041636217507
2026-09-23,ILI incidence,2026-09-27,2,GB-WLS,quantile,0.25,0.48548493035330653
2026-09-23,ILI incidence,2026-09-27,2,GB-WLS,quantile,0.3,0.5610199168619769
2026-09-23,ILI incidence,2026-09-27,2,GB-WLS,quantile,0.35,0.6464586405328397
2026-09-23,ILI incidence,2026-09-27,2,GB-WLS,quantile,0.4,0.7411325312939407
2026-09-23,ILI incidence,2026-09-27,2,GB-WLS,quantile,0.45,0.8379277481810424
2026-09-23,ILI incidence,2026-09-27,2,GB-WLS,quantile,0.5,0.9470334122254802
2026-09-23,ILI incidence,2026-09-27,2,GB-WLS,quantile,0.55,1.0766781399674747
2026-09-23,ILI incidence,2026-09-27,2,GB-WLS,quantile,0.6,1.229288251588348
2026-09-23,ILI incidence,2026-09-27,2,GB-WLS,quantile,0.65,1.3936312503925634
2026-09-23,ILI incidence,2026-09-27,2,GB-WLS,quantile,0.7,1.6029965255974299
2026-09-23,ILI incidence,2026-09-27,2,GB-WLS,quantile,0.75,1.874938947207816
2026-09-23,ILI incidence,2026-09-27,2,GB-WLS,quantile,0.8,2.211666109462963
2026-09-23,ILI incidence,2026-09-27,2,GB-WLS,quantile,0.85,2.663520069115982
2026-09-23,ILI incidence,2026-09-27,2,GB-WLS,quantile,0.9,3.4297239280603202
2026-09-23,ILI incidence,2026-09-27,2,GB-WLS,quantile,0.95,4.84460985202338
2026-09-23,ILI incidence,2026-09-27,2,GB-WLS,quantile,0.975,6.464577486711604
2026-09-23,ILI incidence,2026-09-27,2,GB-WLS,quantile,0.99,9.280943162263
2026-09-23,ILI incidence,2026-09-27,2,GB-WLS,median,,0.9470334122254802
2026-09-23,ILI incidence,2026-10-04,3,GB-WLS,quantile,0.35,2.149929786004887
2026-09-23,ILI incidence,2026-10-04,3,GB-WLS,quantile,0.8,3.79680598726536
2026-09-23,ILI incidence,2026-10-04,3,GB-WLS,quantile,0.75,3.5198301773100424
2026-09-23,ILI incidence,2026-10-04,3,GB-WLS,quantile,0.5,2.5739619361760493
2026-09-23,ILI incidence,2026-10-04,3,GB-WLS,quantile,0.975,6.363944638841051
2026-09-23,ILI incidence,2026-10-04,3,GB-WLS,quantile,0.99,7.504320276619292
2026-09-23,ILI incidence,2026-10-04,3,GB-WLS,quantile,0.4,2.297609163278651
2026-09-23,ILI incidence,2026-10-04,3,GB-WLS,quantile,0.55,2.729333355462487
2026-09-23,ILI incidence,2026-10-04,3,GB-WLS,quantile,0.6,2.9010532818773327
2026-09-23,ILI incidence,2026-10-04,3,GB-WLS,quantile,0.65,3.0686209027862583
2026-09-23,ILI incidence,2026-10-04,3,GB-WLS,quantile,0.45,2.4289034678836376
2026-09-23,ILI incidence,2026-10-04,3,GB-WLS,quantile,0.85,4.146888153760679
2026-09-23,ILI incidence,2026-10-04,3,GB-WLS,quantile,0.3,2.0151275029981472
2026-09-23,ILI incidence,2026-10-04,3,GB-WLS,quantile,0.25,1.8922548612125225
2026-09-23,ILI incidence,2026-10-04,3,GB-WLS,quantile,0.9,4.661801525079244
2026-09-23,ILI incidence,2026-10-04,3,GB-WLS,quantile,0.7,3.2660784389515367
2026-09-23,ILI incidence,2026-10-04,3,GB-WLS,quantile,0.95,5.468837360510684
2026-09-23,ILI incidence,2026-10-04,3,GB-WLS,quantile,0.025,1.043258962843576
2026-09-23,ILI incidence,2026-10-04,3,GB-WLS,quantile,0.1,1.419708453952075
2026-09-23,ILI incidence,2026-10-04,3,GB-WLS,quantile,0.2,1.7429707755935415
2026-09-23,ILI incidence,2026-10-04,3,GB-WLS,quantile,0.05,1.2070392791429778
2026-09-23,ILI incidence,2026-10-04,3,GB-WLS,quantile,0.15,1.5849722287437225
2026-09-23,ILI incidence,2026-10-04,3,GB-WLS,quantile,0.01,0.8808163360223759
2026-09-23,ILI incidence,2026-10-04,3,GB-WLS,median,,2.5739619361760493
2026-09-23,ILI incidence,2026-10-11,4,GB-WLS,quantile,0.025,1.0483956076673606
2026-09-23,ILI incidence,2026-10-11,4,GB-WLS,quantile,0.05,1.1822666722242257
2026-09-23,ILI incidence,2026-10-11,4,GB-WLS,quantile,0.01,0.8864053367662315
2026-09-23,ILI incidence,2026-10-11,4,GB-WLS,quantile,0.3,1.8882066677062048
2026-09-23,ILI incidence,2026-10-11,4,GB-WLS,quantile,0.5,2.3380792184380654
2026-09-23,ILI incidence,2026-10-11,4,GB-WLS,quantile,0.1,1.3791904715380865
2026-09-23,ILI incidence,2026-10-11,4,GB-WLS,quantile,0.15,1.5312190089238817
2026-09-23,ILI incidence,2026-10-11,4,GB-WLS,quantile,0.2,1.6514552957285609
2026-09-23,ILI incidence,2026-10-11,4,GB-WLS,quantile,0.25,1.770957602464179
2026-09-23,ILI incidence,2026-10-11,4,GB-WLS,quantile,0.35,2.0024125426536012
2026-09-23,ILI incidence,2026-10-11,4,GB-WLS,quantile,0.4,2.1082697136007473
2026-09-23,ILI incidence,2026-10-11,4,GB-WLS,quantile,0.45,2.2204123365049973
2026-09-23,ILI incidence,2026-10-11,4,GB-WLS,quantile,0.55,2.463961799270953
2026-09-23,ILI incidence,2026-10-11,4,GB-WLS,quantile,0.6,2.596540492535625
2026-09-23,ILI incidence,2026-10-11,4,GB-WLS,quantile,0.65,2.7288803662483896
2026-09-23,ILI incidence,2026-10-11,4,GB-WLS,quantile,0.7,2.889217880795952
2026-09-23,ILI incidence,2026-10-11,4,GB-WLS,quantile,0.75,3.064202357409779
2026-09-23,ILI incidence,2026-10-11,4,GB-WLS,quantile,0.8,3.2636053582280793
2026-09-23,ILI incidence,2026-10-11,4,GB-WLS,quantile,0.975,5.172819147394748
2026-09-23,ILI incidence,2026-10-11,4,GB-WLS,quantile,0.99,6.006444906750883
2026-09-23,ILI incidence,2026-10-11,4,GB-WLS,quantile,0.85,3.5562164529661486
2026-09-23,ILI incidence,2026-10-11,4,GB-WLS,quantile,0.9,3.9438448244642403
2026-09-23,ILI incidence,2026-10-11,4,GB-WLS,quantile,0.95,4.588513174976099
2026-09-23,ILI incidence,2026-10-11,4,GB-WLS,median,,2.3380792184380654
2026-09-23,ILI incidence,2026-09-20,1,GR,quantile,0.4,238.55508872609255
2026-09-23,ILI incidence,2026-09-20,1,GR,quantile,0.45,242.89949785468593
2026-09-23,ILI incidence,2026-09-20,1,GR,quantile,0.01,178.96822343194935
2026-09-23,ILI incidence,2026-09-20,1,GR,quantile,0.9,296.233576417942
2026-09-23,ILI incidence,2026-09-20,1,GR,quantile,0.35,234.24038353782362
2026-09-23,ILI incidence,2026-09-20,1,GR,quantile,0.3,229.60284324480415
2026-09-23,ILI incidence,2026-09-20,1,GR,quantile,0.55,251.50873511021626
2026-09-23,ILI incidence,2026-09-20,1,GR,quantile,0.05,196.33385475657474
2026-09-23,ILI incidence,2026-09-20,1,GR,quantile,0.1,206.69957876367727
2026-09-23,ILI incidence,2026-09-20,1,GR,quantile,0.5,247.23299387833939
2026-09-23,ILI incidence,2026-09-20,1,GR,quantile,0.95,311.7585598569631
2026-09-23,ILI incidence,2026-09-20,1,GR,quantile,0.025,187.3142688006048
2026-09-23,ILI incidence,2026-09-20,1,GR,quantile,0.6,256.01915222234265
2026-09-23,ILI incidence,2026-09-20,1,GR,quantile,0.65,261.0356982220494
2026-09-23,ILI incidence,2026-09-20,1,GR,quantile,0.75,272.277977497724
2026-09-23,ILI incidence,2026-09-20,1,GR,quantile,0.975,326.1518265172872
2026-09-23,ILI incidence,2026-09-20,1,GR,quantile,0.99,342.1383499118259
2026-09-23,ILI incidence,2026-09-20,1,GR,quantile,0.15,213.92171992755652
2026-09-23,ILI incidence,2026-09-20,1,GR,quantile,0.25,224.83327460583146
2026-09-23,ILI incidence,2026-09-20,1,GR,quantile,0.7,266.31213015747704
2026-09-23,ILI incidence,2026-09-20,1,GR,quantile,0.2,220.06155516752528
2026-09-23,ILI incidence,2026-09-20,1,GR,quantile,0.85,285.88328234270455
2026-09-23,ILI incidence,2026-09-20,1,GR,quantile,0.8,278.476765677944
2026-09-23,ILI incidence,2026-09-20,1,GR,median,,247.23299387833939
2026-09-23,ILI incidence,2026-09-27,2,GR,quantile,0.2,229.47897007118107
2026-09-23,ILI incidence,2026-09-27,2,GR,quantile,0.25,232.54192913705663
2026-09-23,ILI incidence,2026-09-27,2,GR,quantile,0.1,222.0124999995557
2026-09-23,ILI incidence,2026-09-27,2,GR,quantile,0.01,204.76524167884634
2026-09-23,ILI incidence,2026-09-27,2,GR,quantile,0.025,210.81224599719812
2026-09-23,ILI incidence,2026-09-27,2,GR,quantile,0.05,215.9308947280152
2026-09-23,ILI incidence,2026-09-27,2,GR,quantile,0.15,225.98323030514214
2026-09-23,ILI incidence,2026-09-27,2,GR,quantile,0.95,279.3082702987866
2026-09-23,ILI incidence,2026-09-27,2,GR,quantile,0.3,235.3451278383008
2026-09-23,ILI incidence,2026-09-27,2,GR,quantile,0.9,271.67128117591227
2026-09-23,ILI incidence,2026-09-27,2,GR,quantile,0.975,286.6545732552583
2026-09-23,ILI incidence,2026-09-27,2,GR,quantile,0.99,295.98380922913674
2026-09-23,ILI incidence,2026-09-27,2,GR,quantile,0.75,259.08305911874004
2026-09-23,ILI incidence,2026-09-27,2,GR,quantile,0.8,262.54153946383934
2026-09-23,ILI incidence,2026-09-27,2,GR,quantile,0.85,266.4895430210898
2026-09-23,ILI incidence,2026-09-27,2,GR,quantile,0.35,238.00781534981178
2026-09-23,ILI incidence,2026-09-27,2,GR,quantile,0.6,250.66909647004834
2026-09-23,ILI incidence,2026-09-27,2,GR,quantile,0.65,253.3095168065767
2026-09-23,ILI incidence,2026-09-27,2,GR,quantile,0.7,255.89958274891308
2026-09-23,ILI incidence,2026-09-27,2,GR,quantile,0.5,245.71223024739984
2026-09-23,ILI incidence,2026-09-27,2,GR,quantile,0.45,243.08354633354085
2026-09-23,ILI incidence,2026-09-27,2,GR,quantile,0.55,248.13806508140556
2026-09-23,ILI incidence,2026-09-27,2,GR,quantile,0.4,240.6680508939446
2026-09-23,ILI incidence,2026-09-27,2,GR,median,,245.71223024739984
2026-09-23,ILI incidence,2026-10-04,3,GR,quantile,0.15,226.02048412564
2026-09-23,ILI incidence,2026-10-04,3,GR,quantile,0.2,230.819747636631
2026-09-23,ILI incidence,2026-10-04,3,GR,quantile,0.25,234.82761773151682
2026-09-23,ILI incidence,2026-10-04,3,GR,quantile,0.1,220.57183518893095
2026-09-23,ILI incidence,2026-10-04,3,GR,quantile,0.01,198.8853648831145
2026-09-23,ILI incidence,2026-10-04,3,GR,quantile,0.025,206.4512715760108
2026-09-23,ILI incidence,2026-10-04,3,GR,quantile,0.05,212.3334216673881
2026-09-23,ILI incidence,2026-10-04,3,GR,quantile,0.3,238.16942401483567
2026-09-23,ILI incidence,2026-10-04,3,GR,quantile,0.99,320.47010576253666
2026-09-23,ILI incidence,2026-10-04,3,GR,quantile,0.85,280.1020776619929
2026-09-23,ILI incidence,2026-10-04,3,GR,quantile,0.975,308.5601705899658
2026-09-23,ILI incidence,2026-10-04,3,GR,quantile,0.6,258.1556505914392
2026-09-23,ILI incidence,2026-10-04,3,GR,quantile,0.8,273.99394714174184
2026-09-23,ILI incidence,2026-10-04,3,GR,quantile,0.9,287.81618421091025
2026-09-23,ILI incidence,2026-10-04,3,GR,quantile,0.95,298.3600519605541
2026-09-23,ILI incidence,2026-10-04,3,GR,quantile,0.65,261.73926639748964
2026-09-23,ILI incidence,2026-10-04,3,GR,quantile,0.75,269.5666478445779
2026-09-23,ILI incidence,2026-10-04,3,GR,quantile,0.7,265.6380611487243
2026-09-23,ILI incidence,2026-10-04,3,GR,quantile,0.5,251.23747957913173
2026-09-23,ILI incidence,2026-10-04,3,GR,quantile,0.55,254.5487257992777
2026-09-23,ILI incidence,2026-10-04,3,GR,quantile,0.45,247.9652047799789
2026-09-23,ILI incidence,2026-10-04,3,GR,quantile,0.35,241.54690984051234
2026-09-23,ILI incidence,2026-10-04,3,GR,quantile,0.4,244.7606185877432
2026-09-23,ILI incidence,2026-10-04,3,GR,median,,251.23747957913173
2026-09-23,ILI incidence,2026-10-11,4,GR,quantile,0.15,251.92701521951298
2026-09-23,ILI incidence,2026-10-11,4,GR,quantile,0.01,230.9351701996182
2026-09-23,ILI incidence,2026-10-11,4,GR,quantile,0.1,247.96537048858616
2026-09-23,ILI incidence,2026-10-11,4,GR,quantile,0.05,242.26411740281952
2026-09-23,ILI incidence,2026-10-11,4,GR,quantile,0.025,237.34704633102325
2026-09-23,ILI incidence,2026-10-11,4,GR,quantile,0.9,293.8222441674004
2026-09-23,ILI incidence,2026-10-11,4,GR,quantile,0.99,317.0749612834775
2026-09-23,ILI incidence,2026-10-11,4,GR,quantile,0.95,300.7056213075804
2026-09-23,ILI incidence,2026-10-11,4,GR,quantile,0.85,289.15642831837926
2026-09-23,ILI incidence,2026-10-11,4,GR,quantile,0.75,282.5359896745899
2026-09-23,ILI incidence,2026-10-11,4,GR,quantile,0.8,285.49361346841215
2026-09-23,ILI incidence,2026-10-11,4,GR,quantile,0.65,277.08651516136814
2026-09-23,ILI incidence,2026-10-11,4,GR,quantile,0.975,307.9081739846403
2026-09-23,ILI incidence,2026-10-11,4,GR,quantile,0.7,279.5001979076403
2026-09-23,ILI incidence,2026-10-11,4,GR,quantile,0.55,272.44743097040305
2026-09-23,ILI incidence,2026-10-11,4,GR,quantile,0.6,274.62156602410516
2026-09-23,ILI incidence,2026-10-11,4,GR,quantile,0.2,255.69875668347058
2026-09-23,ILI incidence,2026-10-11,4,GR,quantile,0.5,270.274860822839
2026-09-23,ILI incidence,2026-10-11,4,GR,quantile,0.45,267.9432375926032
2026-09-23,ILI incidence,2026-10-11,4,GR,quantile,0.25,258.3676265705826
2026-09-23,ILI incidence,2026-10-11,4,GR,quantile,0.4,265.63704177800764
2026-09-23,ILI incidence,2026-10-11,4,GR,quantile,0.3,260.73831621639454
2026-09-23,ILI incidence,2026-10-11,4,GR,quantile,0.35,263.3207832429119
2026-09-23,ILI incidence,2026-10-11,4,GR,median,,270.274860822839
2026-09-23,ILI incidence,2026-09-20,1,HR,quantile,0.975,34.29127729805252
2026-09-23,ILI incidence,2026-09-20,1,HR,quantile,0.99,54.112892331944224
2026-09-23,ILI incidence,2026-09-20,1,HR,quantile,0.95,22.282966847522307
2026-09-23,ILI incidence,2026-09-20,1,HR,quantile,0.9,13.65255909178613
2026-09-23,ILI incidence,2026-09-20,1,HR,quantile,0.5,2.647695768775699
2026-09-23,ILI incidence,2026-09-20,1,HR,quantile,0.55,3.0923812088016516
2026-09-23,ILI incidence,2026-09-20,1,HR,quantile,0.6,3.659140393947051
2026-09-23,ILI incidence,2026-09-20,1,HR,quantile,0.85,9.880181310464884
2026-09-23,ILI incidence,2026-09-20,1,HR,quantile,0.4,1.925956912771
2026-09-23,ILI incidence,2026-09-20,1,HR,quantile,0.8,7.845578266548558
2026-09-23,ILI incidence,2026-09-20,1,HR,quantile,0.75,6.24927894372218
2026-09-23,ILI incidence,2026-09-20,1,HR,quantile,0.7,5.213426922669395
2026-09-23,ILI incidence,2026-09-20,1,HR,quantile,0.45,2.25357537241421
2026-09-23,ILI incidence,2026-09-20,1,HR,quantile,0.65,4.342994064952768
2026-09-23,ILI incidence,2026-09-20,1,HR,quantile,0.35,1.6297304490805917
2026-09-23,ILI incidence,2026-09-20,1,HR,quantile,0.3,1.3674864791564194
2026-09-23,ILI incidence,2026-09-20,1,HR,quantile,0.25,1.1138560838595035
2026-09-23,ILI incidence,2026-09-20,1,HR,quantile,0.1,0.48308163994059805
2026-09-23,ILI incidence,2026-09-20,1,HR,quantile,0.05,0.29546705275850527
2026-09-23,ILI incidence,2026-09-20,1,HR,quantile,0.01,0.12836749443209583
2026-09-23,ILI incidence,2026-09-20,1,HR,quantile,0.025,0.18967199658128228
2026-09-23,ILI incidence,2026-09-20,1,HR,quantile,0.2,0.8908815732666207
2026-09-23,ILI incidence,2026-09-20,1,HR,quantile,0.15,0.6942356186098436
2026-09-23,ILI incidence,2026-09-20,1,HR,median,,2.647695768775699
2026-09-23,ILI incidence,2026-09-27,2,HR,quantile,0.9,24.94594649976717
2026-09-23,ILI incidence,2026-09-27,2,HR,quantile,0.975,64.55772496209666
2026-09-23,ILI incidence,2026-09-27,2,HR,quantile,0.75,10.47605417903854
2026-09-23,ILI incidence,2026-09-27,2,HR,quantile,0.8,13.240508321805546
2026-09-23,ILI incidence,2026-09-27,2,HR,quantile,0.85,17.379036351355598
2026-09-23,ILI incidence,2026-09-27,2,HR,quantile,0.95,41.278220511759905
2026-09-23,ILI incidence,2026-09-27,2,HR,quantile,0.7,8.487011289985507
2026-09-23,ILI incidence,2026-09-27,2,HR,quantile,0.6,5.716650362017813
2026-09-23,ILI incidence,2026-09-27,2,HR,quantile,0.55,4.734720872727069
2026-09-23,ILI incidence,2026-09-27,2,HR,quantile,0.65,6.866696385213568
2026-09-23,ILI incidence,2026-09-27,2,HR,quantile,0.01,0.13267059908013568
2026-09-23,ILI incidence,2026-09-27,2,HR,quantile,0.025,0.22504120906455893
2026-09-23,ILI incidence,2026-09-27,2,HR,quantile,0.99,113.46756331107586
2026-09-23,ILI incidence,2026-09-27,2,HR,quantile,0.5,3.9566679004218734
2026-09-23,ILI incidence,2026-09-27,2,HR,quantile,0.15,0.905780883257444
2026-09-23,ILI incidence,2026-09-27,2,HR,quantile,0.05,0.35978312996949696
2026-09-23,ILI incidence,2026-09-27,2,HR,quantile,0.1,0.6284981048585301
2026-09-23,ILI incidence,2026-09-27,2,HR,quantile,0.2,1.1801052458066565
2026-09-23,ILI incidence,2026-09-27,2,HR,quantile,0.45,3.2799003262591633
2026-09-23,ILI incidence,2026-09-27,2,HR,quantile,0.25,1.503481431712759
2026-09-23,ILI incidence,2026-09-27,2,HR,quantile,0.4,2.715506635392791
2026-09-23,ILI incidence,2026-09-27,2,HR,quantile,0.3,1.839978006583849
2026-09-23,ILI incidence,2026-09-27,2,HR,quantile,0.35,2.2295441939312965
2026-09-23,ILI incidence,2026-09-27,2,HR,median,,3.9566679004218734
2026-09-23,ILI incidence,2026-10-04,3,HR,quantile,0.45,6.43370754192848
2026-09-23,ILI incidence,2026-10-04,3,HR,quantile,0.5,7.988613341262871
2026-09-23,ILI incidence,2026-10-04,3,HR,quantile,0.4,5.213510480162427
2026-09-23,ILI incidence,2026-10-04,3,HR,quantile,0.35,4.1444828516776795
2026-09-23,ILI incidence,2026-10-04,3,HR,quantile,0.65,14.91093523242708
2026-09-23,ILI incidence,2026-10-04,3,HR,quantile,0.2,1.993659202167636
2026-09-23,ILI incidence,2026-10-04,3,HR,quantile,0.25,2.630908185772012
2026-09-23,ILI incidence,2026-10-04,3,HR,quantile,0.3,3.320397516596617
2026-09-23,ILI incidence,2026-10-04,3,HR,quantile,0.55,9.738071426512725
2026-09-23,ILI incidence,2026-10-04,3,HR,quantile,0.15,1.4254543429644033
2026-09-23,ILI incidence,2026-10-04,3,HR,quantile,0.6,12.125658498302833
2026-09-23,ILI incidence,2026-10-04,3,HR,quantile,0.1,0.9419801398096396
2026-09-23,ILI incidence,2026-10-04,3,HR,quantile,0.05,0.5021740684008938
2026-09-23,ILI incidence,2026-10-04,3,HR,quantile,0.025,0.28959499372932906
2026-09-23,ILI incidence,2026-10-04,3,HR,quantile,0.01,0.15425586902170588
2026-09-23,ILI incidence,2026-10-04,3,HR,quantile,0.7,19.008538012704143
2026-09-23,ILI incidence,2026-10-04,3,HR,quantile,0.95,116.55668784075006
2026-09-23,ILI incidence,2026-10-04,3,HR,quantile,0.75,24.316550665814592
2026-09-23,ILI incidence,2026-10-04,3,HR,quantile,0.975,206.35430999358977
2026-09-23,ILI incidence,2026-10-04,3,HR,quantile,0.99,389.11467309207063
2026-09-23,ILI incidence,2026-10-04,3,HR,quantile,0.85,43.6536037997743
2026-09-23,ILI incidence,2026-10-04,3,HR,quantile,0.9,64.65741099460192
2026-09-23,ILI incidence,2026-10-04,3,HR,quantile,0.8,32.45759521487543
2026-09-23,ILI incidence,2026-10-04,3,HR,median,,7.988613341262871
2026-09-23,ILI incidence,2026-10-11,4,HR,quantile,0.99,463.8572983443655
2026-09-23,ILI incidence,2026-10-11,4,HR,quantile,0.95,161.84192958244438
2026-09-23,ILI incidence,2026-10-11,4,HR,quantile,0.975,253.65320766319948
2026-09-23,ILI incidence,2026-10-11,4,HR,quantile,0.85,62.15004169522758
2026-09-23,ILI incidence,2026-10-11,4,HR,quantile,0.9,92.74545387178878
2026-09-23,ILI incidence,2026-10-11,4,HR,quantile,0.8,46.32411297567771
2026-09-23,ILI incidence,2026-10-11,4,HR,quantile,0.7,28.991775341118064
2026-09-23,ILI incidence,2026-10-11,4,HR,quantile,0.6,19.188938551034276
2026-09-23,ILI incidence,2026-10-11,4,HR,quantile,0.15,2.69976983554531
2026-09-23,ILI incidence,2026-10-11,4,HR,quantile,0.1,1.887458512727647
2026-09-23,ILI incidence,2026-10-11,4,HR,quantile,0.55,15.852186155972017
2026-09-23,ILI incidence,2026-10-11,4,HR,quantile,0.75,36.637605220082214
2026-09-23,ILI incidence,2026-10-11,4,HR,quantile,0.025,0.6421956554046674
2026-09-23,ILI incidence,2026-10-11,4,HR,quantile,0.05,1.0515336694410802
2026-09-23,ILI incidence,2026-10-11,4,HR,quantile,0.01,0.37813601904353844
2026-09-23,ILI incidence,2026-10-11,4,HR,quantile,0.5,13.214730089730107
2026-09-23,ILI incidence,2026-10-11,4,HR,quantile,0.2,3.607438091881515
2026-09-23,ILI incidence,2026-10-11,4,HR,quantile,0.65,23.365329336493666
2026-09-23,ILI incidence,2026-10-11,4,HR,quantile,0.45,10.890921911721477
2026-09-23,ILI incidence,2026-10-11,4,HR,quantile,0.4,8.929564512094949
2026-09-23,ILI incidence,2026-10-11,4,HR,quantile,0.35,7.242167067065546
2026-09-23,ILI incidence,2026-10-11,4,HR,quantile,0.25,4.631138726164727
2026-09-23,ILI incidence,2026-10-11,4,HR,quantile,0.3,5.866265885761181
2026-09-23,ILI incidence,2026-10-11,4,HR,median,,13.214730089730107
2026-09-23,ILI incidence,2026-09-20,1,HU,quantile,0.025,16.691792810491464
2026-09-23,ILI incidence,2026-09-20,1,HU,quantile,0.05,21.041860909036643
2026-09-23,ILI incidence,2026-09-20,1,HU,quantile,0.9,212.65171416576842
2026-09-23,ILI incidence,2026-09-20,1,HU,quantile,0.01,12.36863576967502
2026-09-23,ILI incidence,2026-09-20,1,HU,quantile,0.35,56.877228916059764
2026-09-23,ILI incidence,2026-09-20,1,HU,quantile,0.85,173.6719174258695
2026-09-23,ILI incidence,2026-09-20,1,HU,quantile,0.1,28.420949044133707
2026-09-23,ILI incidence,2026-09-20,1,HU,quantile,0.15,33.98867609548359
2026-09-23,ILI incidence,2026-09-20,1,HU,quantile,0.8,150.50103762237012
2026-09-23,ILI incidence,2026-09-20,1,HU,quantile,0.2,39.85436087835111
2026-09-23,ILI incidence,2026-09-20,1,HU,quantile,0.3,51.43190981426893
2026-09-23,ILI incidence,2026-09-20,1,HU,quantile,0.4,62.9978864146679
2026-09-23,ILI incidence,2026-09-20,1,HU,quantile,0.75,133.03771650436835
2026-09-23,ILI incidence,2026-09-20,1,HU,quantile,0.25,45.58929033605879
2026-09-23,ILI incidence,2026-09-20,1,HU,quantile,0.975,361.54675755058065
2026-09-23,ILI incidence,2026-09-20,1,HU,quantile,0.99,485.88295677289784
2026-09-23,ILI incidence,2026-09-20,1,HU,quantile,0.95,282.56862432720555
2026-09-23,ILI incidence,2026-09-20,1,HU,quantile,0.45,69.90260890251946
2026-09-23,ILI incidence,2026-09-20,1,HU,quantile,0.7,117.9083403425023
2026-09-23,ILI incidence,2026-09-20,1,HU,quantile,0.65,105.64413459922977
2026-09-23,ILI incidence,2026-09-20,1,HU,quantile,0.5,77.20478061903358
2026-09-23,ILI incidence,2026-09-20,1,HU,quantile,0.55,85.3126593517666
2026-09-23,ILI incidence,2026-09-20,1,HU,quantile,0.6,94.82186711474591
2026-09-23,ILI incidence,2026-09-20,1,HU,median,,77.20478061903358
2026-09-23,ILI incidence,2026-09-27,2,HU,quantile,0.7,122.64484820217365
2026-09-23,ILI incidence,2026-09-27,2,HU,quantile,0.6,102.69530058975573
2026-09-23,ILI incidence,2026-09-27,2,HU,quantile,0.65,112.49378383541891
2026-09-23,ILI incidence,2026-09-27,2,HU,quantile,0.025,25.349105750030223
2026-09-23,ILI incidence,2026-09-27,2,HU,quantile,0.1,38.60509322436973
2026-09-23,ILI incidence,2026-09-27,2,HU,quantile,0.01,19.222700458205633
2026-09-23,ILI incidence,2026-09-27,2,HU,quantile,0.15,44.92431501775995
2026-09-23,ILI incidence,2026-09-27,2,HU,quantile,0.2,50.586452882880025
2026-09-23,ILI incidence,2026-09-27,2,HU,quantile,0.25,56.63311173662629
2026-09-23,ILI incidence,2026-09-27,2,HU,quantile,0.3,62.48198787854284
2026-09-23,ILI incidence,2026-09-27,2,HU,quantile,0.05,30.939676352102875
2026-09-23,ILI incidence,2026-09-27,2,HU,quantile,0.55,94.61315483078604
2026-09-23,ILI incidence,2026-09-27,2,HU,quantile,0.9,200.2548394930776
2026-09-23,ILI incidence,2026-09-27,2,HU,quantile,0.95,255.11374737511923
2026-09-23,ILI incidence,2026-09-27,2,HU,quantile,0.975,317.82412730400335
2026-09-23,ILI incidence,2026-09-27,2,HU,quantile,0.99,404.87510028964306
2026-09-23,ILI incidence,2026-09-27,2,HU,quantile,0.4,74.76383395304188
2026-09-23,ILI incidence,2026-09-27,2,HU,quantile,0.45,80.50386363642994
2026-09-23,ILI incidence,2026-09-27,2,HU,quantile,0.5,87.2882107415652
2026-09-23,ILI incidence,2026-09-27,2,HU,quantile,0.8,149.82267192184494
2026-09-23,ILI incidence,2026-09-27,2,HU,quantile,0.85,169.6437045968924
2026-09-23,ILI incidence,2026-09-27,2,HU,quantile,0.75,134.14030673669714
2026-09-23,ILI incidence,2026-09-27,2,HU,quantile,0.35,68.65453702944438
2026-09-23,ILI incidence,2026-09-27,2,HU,median,,87.2882107415652
2026-09-23,ILI incidence,2026-10-04,3,HU,quantile,0.975,922.8745100473474
2026-09-23,ILI incidence,2026-10-04,3,HU,quantile,0.7,199.81488149538632
2026-09-23,ILI incidence,2026-10-04,3,HU,quantile,0.65,171.99307734728868
2026-09-23,ILI incidence,2026-10-04,3,HU,quantile,0.45,98.16694577601325
2026-09-23,ILI incidence,2026-10-04,3,HU,quantile,0.75,232.9847987698729
2026-09-23,ILI incidence,2026-10-04,3,HU,quantile,0.85,341.29087521081726
2026-09-23,ILI incidence,2026-10-04,3,HU,quantile,0.9,433.6972694463664
2026-09-23,ILI incidence,2026-10-04,3,HU,quantile,0.99,1352.6824805731749
2026-09-23,ILI incidence,2026-10-04,3,HU,quantile,0.4,85.65724523770515
2026-09-23,ILI incidence,2026-10-04,3,HU,quantile,0.55,130.10591870868762
2026-09-23,ILI incidence,2026-10-04,3,HU,quantile,0.15,38.00179462573885
2026-09-23,ILI incidence,2026-10-04,3,HU,quantile,0.8,275.3783770266518
2026-09-23,ILI incidence,2026-10-04,3,HU,quantile,0.95,663.3894145353377
2026-09-23,ILI incidence,2026-10-04,3,HU,quantile,0.5,112.55658033951286
2026-09-23,ILI incidence,2026-10-04,3,HU,quantile,0.3,63.91881971845376
2026-09-23,ILI incidence,2026-10-04,3,HU,quantile,0.6,149.9348926663973
2026-09-23,ILI incidence,2026-10-04,3,HU,quantile,0.25,55.408472018399955
2026-09-23,ILI incidence,2026-10-04,3,HU,quantile,0.35,74.23157718953198
2026-09-23,ILI incidence,2026-10-04,3,HU,quantile,0.2,46.31846180812872
2026-09-23,ILI incidence,2026-10-04,3,HU,quantile,0.05,19.877399546455703
2026-09-23,ILI incidence,2026-10-04,3,HU,quantile,0.01,9.521543908218453
2026-09-23,ILI incidence,2026-10-04,3,HU,quantile,0.1,29.096826601783775
2026-09-23,ILI incidence,2026-10-04,3,HU,quantile,0.025,14.047991170632878
2026-09-23,ILI incidence,2026-10-04,3,HU,median,,112.55658033951286
2026-09-23,ILI incidence,2026-10-11,4,HU,quantile,0.025,28.880259859350982
2026-09-23,ILI incidence,2026-10-11,4,HU,quantile,0.05,35.812848050341195
2026-09-23,ILI incidence,2026-10-11,4,HU,quantile,0.1,46.00187458095379
2026-09-23,ILI incidence,2026-10-11,4,HU,quantile,0.15,54.48725476762333
2026-09-23,ILI incidence,2026-10-11,4,HU,quantile,0.2,63.64114364241787
2026-09-23,ILI incidence,2026-10-11,4,HU,quantile,0.8,207.2465300950253
2026-09-23,ILI incidence,2026-10-11,4,HU,quantile,0.01,22.635826228314567
2026-09-23,ILI incidence,2026-10-11,4,HU,quantile,0.9,286.7626930780638
2026-09-23,ILI incidence,2026-10-11,4,HU,quantile,0.99,589.5358001885177
2026-09-23,ILI incidence,2026-10-11,4,HU,quantile,0.975,450.4829389616334
2026-09-23,ILI incidence,2026-10-11,4,HU,quantile,0.25,71.65998361210853
2026-09-23,ILI incidence,2026-10-11,4,HU,quantile,0.3,79.35496586993949
2026-09-23,ILI incidence,2026-10-11,4,HU,quantile,0.7,165.76819033953694
2026-09-23,ILI incidence,2026-10-11,4,HU,quantile,0.75,183.92555360614344
2026-09-23,ILI incidence,2026-10-11,4,HU,quantile,0.85,238.06833820530966
2026-09-23,ILI incidence,2026-10-11,4,HU,quantile,0.95,366.53106598108576
2026-09-23,ILI incidence,2026-10-11,4,HU,quantile,0.65,149.76802118408864
2026-09-23,ILI incidence,2026-10-11,4,HU,quantile,0.6,136.12696040001623
2026-09-23,ILI incidence,2026-10-11,4,HU,quantile,0.55,123.95454908059018
2026-09-23,ILI incidence,2026-10-11,4,HU,quantile,0.35,87.43961674244261
2026-09-23,ILI incidence,2026-10-11,4,HU,quantile,0.4,95.15983305870796
2026-09-23,ILI incidence,2026-10-11,4,HU,quantile,0.45,104.30858049500074
2026-09-23,ILI incidence,2026-10-11,4,HU,quantile,0.5,113.42541450127106
2026-09-23,ILI incidence,2026-10-11,4,HU,median,,113.42541450127106
2026-09-23,ILI incidence,2026-09-20,1,IE,quantile,0.1,0.8531560136853682
2026-09-23,ILI incidence,2026-09-20,1,IE,quantile,0.4,1.608238377010808
2026-09-23,ILI incidence,2026-09-20,1,IE,quantile,0.45,1.7433805532769369
2026-09-23,ILI incidence,2026-09-20,1,IE,quantile,0.025,0.5552625241537942
2026-09-23,ILI incidence,2026-09-20,1,IE,quantile,0.05,0.6787456439659996
2026-09-23,ILI incidence,2026-09-20,1,IE,quantile,0.99,7.836182918855553
2026-09-23,ILI incidence,2026-09-20,1,IE,quantile,0.975,6.384201683810501
2026-09-23,ILI incidence,2026-09-20,1,IE,quantile,0.55,2.0357503652350672
2026-09-23,ILI incidence,2026-09-20,1,IE,quantile,0.65,2.3736517290293855
2026-09-23,ILI incidence,2026-09-20,1,IE,quantile,0.95,5.094634853738098
2026-09-23,ILI incidence,2026-09-20,1,IE,quantile,0.9,4.101138797393071
2026-09-23,ILI incidence,2026-09-20,1,IE,quantile,0.7,2.5832395244627384
2026-09-23,ILI incidence,2026-09-20,1,IE,quantile,0.01,0.45272178299911386
2026-09-23,ILI incidence,2026-09-20,1,IE,quantile,0.3,1.3515285782131845
2026-09-23,ILI incidence,2026-09-20,1,IE,quantile,0.75,2.815771040215321
2026-09-23,ILI incidence,2026-09-20,1,IE,quantile,0.5,1.8813500491429878
2026-09-23,ILI incidence,2026-09-20,1,IE,quantile,0.8,3.1123824491319025
2026-09-23,ILI incidence,2026-09-20,1,IE,quantile,0.85,3.4975324954540445
2026-09-23,ILI incidence,2026-09-20,1,IE,quantile,0.6,2.205320694362232
2026-09-23,ILI incidence,2026-09-20,1,IE,quantile,0.35,1.471928879619412
2026-09-23,ILI incidence,2026-09-20,1,IE,quantile,0.15,0.9924779652759235
2026-09-23,ILI incidence,2026-09-20,1,IE,quantile,0.2,1.1138275399377777
2026-09-23,ILI incidence,2026-09-20,1,IE,quantile,0.25,1.236029414819155
2026-09-23,ILI incidence,2026-09-20,1,IE,median,,1.8813500491429878
2026-09-23,ILI incidence,2026-09-27,2,IE,quantile,0.35,1.6685632760363611
2026-09-23,ILI incidence,2026-09-27,2,IE,quantile,0.3,1.576853939937879
2026-09-23,ILI incidence,2026-09-27,2,IE,quantile,0.2,1.3961990001318445
2026-09-23,ILI incidence,2026-09-27,2,IE,quantile,0.25,1.4873831130868969
2026-09-23,ILI incidence,2026-09-27,2,IE,quantile,0.15,1.290501998686327
2026-09-23,ILI incidence,2026-09-27,2,IE,quantile,0.1,1.1675688841354657
2026-09-23,ILI incidence,2026-09-27,2,IE,quantile,0.45,1.8444998193860993
2026-09-23,ILI incidence,2026-09-27,2,IE,quantile,0.025,0.89082048667455
2026-09-23,ILI incidence,2026-09-27,2,IE,quantile,0.4,1.7538315112958234
2026-09-23,ILI incidence,2026-09-27,2,IE,quantile,0.05,1.0215389902631453
2026-09-23,ILI incidence,2026-09-27,2,IE,quantile,0.01,0.7681826877301006
2026-09-23,ILI incidence,2026-09-27,2,IE,quantile,0.9,3.2357113621128324
2026-09-23,ILI incidence,2026-09-27,2,IE,quantile,0.85,2.9264606861940075
2026-09-23,ILI incidence,2026-09-27,2,IE,quantile,0.99,4.811656657301832
2026-09-23,ILI incidence,2026-09-27,2,IE,quantile,0.95,3.706760695660902
2026-09-23,ILI incidence,2026-09-27,2,IE,quantile,0.975,4.1862217035643985
2026-09-23,ILI incidence,2026-09-27,2,IE,quantile,0.5,1.9505690338339803
2026-09-23,ILI incidence,2026-09-27,2,IE,quantile,0.55,2.0462137615919
2026-09-23,ILI incidence,2026-09-27,2,IE,quantile,0.8,2.712150720758153
2026-09-23,ILI incidence,2026-09-27,2,IE,quantile,0.6,2.1512672772696257
2026-09-23,ILI incidence,2026-09-27,2,IE,quantile,0.65,2.2728538190722656
2026-09-23,ILI incidence,2026-09-27,2,IE,quantile,0.75,2.5459652107521897
2026-09-23,ILI incidence,2026-09-27,2,IE,quantile,0.7,2.399183651008952
2026-09-23,ILI incidence,2026-09-27,2,IE,median,,1.9505690338339803
2026-09-23,ILI incidence,2026-10-04,3,IE,quantile,0.9,3.2665629773033724
2026-09-23,ILI incidence,2026-10-04,3,IE,quantile,0.95,3.6555990592412546
2026-09-23,ILI incidence,2026-10-04,3,IE,quantile,0.6,2.3626813312235737
2026-09-23,ILI incidence,2026-10-04,3,IE,quantile,0.65,2.4590509917232657
2026-09-23,ILI incidence,2026-10-04,3,IE,quantile,0.975,4.024792790749273
2026-09-23,ILI incidence,2026-10-04,3,IE,quantile,0.8,2.848890482674148
2026-09-23,ILI incidence,2026-10-04,3,IE,quantile,0.5,2.1669737727541705
2026-09-23,ILI incidence,2026-10-04,3,IE,quantile,0.7,2.5686582897811414
2026-09-23,ILI incidence,2026-10-04,3,IE,quantile,0.4,2.0001453564341003
2026-09-23,ILI incidence,2026-10-04,3,IE,quantile,0.75,2.6872015822189046
2026-09-23,ILI incidence,2026-10-04,3,IE,quantile,0.85,3.0294245747136794
2026-09-23,ILI incidence,2026-10-04,3,IE,quantile,0.45,2.0837347354158036
2026-09-23,ILI incidence,2026-10-04,3,IE,quantile,0.99,4.434347343029735
2026-09-23,ILI incidence,2026-10-04,3,IE,quantile,0.35,1.9185255853108174
2026-09-23,ILI incidence,2026-10-04,3,IE,quantile,0.025,1.1730001308886024
2026-09-23,ILI incidence,2026-10-04,3,IE,quantile,0.2,1.661644525089071
2026-09-23,ILI incidence,2026-10-04,3,IE,quantile,0.55,2.261580890813471
2026-09-23,ILI incidence,2026-10-04,3,IE,quantile,0.01,1.0479959730595214
2026-09-23,ILI incidence,2026-10-04,3,IE,quantile,0.05,1.2916933049430435
2026-09-23,ILI incidence,2026-10-04,3,IE,quantile,0.1,1.4387625702159057
2026-09-23,ILI incidence,2026-10-04,3,IE,quantile,0.3,1.8342452255081467
2026-09-23,ILI incidence,2026-10-04,3,IE,quantile,0.25,1.7527291864217407
2026-09-23,ILI incidence,2026-10-04,3,IE,quantile,0.15,1.5613764305060507
2026-09-23,ILI incidence,2026-10-04,3,IE,median,,2.1669737727541705
2026-09-23,ILI incidence,2026-10-11,4,IE,quantile,0.15,1.7397339261625264
2026-09-23,ILI incidence,2026-10-11,4,IE,quantile,0.1,1.5832337245124641
2026-09-23,ILI incidence,2026-10-11,4,IE,quantile,0.2,1.8725493404832068
2026-09-23,ILI incidence,2026-10-11,4,IE,quantile,0.025,1.2102222110695915
2026-09-23,ILI incidence,2026-10-11,4,IE,quantile,0.01,1.073743512407179
2026-09-23,ILI incidence,2026-10-11,4,IE,quantile,0.05,1.3635625370898585
2026-09-23,ILI incidence,2026-10-11,4,IE,quantile,0.25,1.997512136249297
2026-09-23,ILI incidence,2026-10-11,4,IE,quantile,0.35,2.224735837266447
2026-09-23,ILI incidence,2026-10-11,4,IE,quantile,0.4,2.3520188637344086
2026-09-23,ILI incidence,2026-10-11,4,IE,quantile,0.45,2.472166710828759
2026-09-23,ILI incidence,2026-10-11,4,IE,quantile,0.3,2.108030082474085
2026-09-23,ILI incidence,2026-10-11,4,IE,quantile,0.975,5.5319551338211985
2026-09-23,ILI incidence,2026-10-11,4,IE,quantile,0.9,4.201852676284138
2026-09-23,ILI incidence,2026-10-11,4,IE,quantile,0.5,2.5943725301387723
2026-09-23,ILI incidence,2026-10-11,4,IE,quantile,0.7,3.16149638876218
2026-09-23,ILI incidence,2026-10-11,4,IE,quantile,0.99,6.38326544786071
2026-09-23,ILI incidence,2026-10-11,4,IE,quantile,0.95,4.831906271160063
2026-09-23,ILI incidence,2026-10-11,4,IE,quantile,0.6,2.8581908451260363
2026-09-23,ILI incidence,2026-10-11,4,IE,quantile,0.65,3.0058611495773073
2026-09-23,ILI incidence,2026-10-11,4,IE,quantile,0.85,3.8190214241133784
2026-09-23,ILI incidence,2026-10-11,4,IE,quantile,0.55,2.723903027449455
2026-09-23,ILI incidence,2026-10-11,4,IE,quantile,0.8,3.566011371689025
2026-09-23,ILI incidence,2026-10-11,4,IE,quantile,0.75,3.3485541572666313
2026-09-23,ILI incidence,2026-10-11,4,IE,median,,2.5943725301387723
2026-09-23,ILI incidence,2026-09-20,1,IS,quantile,0.025,0.004020675896935539
2026-09-23,ILI incidence,2026-09-20,1,IS,quantile,0.05,0.0074132592592248475
2026-09-23,ILI incidence,2026-09-20,1,IS,quantile,0.01,0.0017314648728942237
2026-09-23,ILI incidence,2026-09-20,1,IS,quantile,0.35,0.08691149374787305
2026-09-23,ILI incidence,2026-09-20,1,IS,quantile,0.8,0.9060047965370864
2026-09-23,ILI incidence,2026-09-20,1,IS,quantile,0.95,4.254154195936834
2026-09-23,ILI incidence,2026-09-20,1,IS,quantile,0.975,7.635050465527932
2026-09-23,ILI incidence,2026-09-20,1,IS,quantile,0.9,2.2024465555270427
2026-09-23,ILI incidence,2026-09-20,1,IS,quantile,0.15,0.024717597042648053
2026-09-23,ILI incidence,2026-09-20,1,IS,quantile,0.4,0.11079738210549872
2026-09-23,ILI incidence,2026-09-20,1,IS,quantile,0.45,0.14038634812077797
2026-09-23,ILI incidence,2026-09-20,1,IS,quantile,0.5,0.1821113462611656
2026-09-23,ILI incidence,2026-09-20,1,IS,quantile,0.1,0.015018887360586531
2026-09-23,ILI incidence,2026-09-20,1,IS,quantile,0.55,0.23186352451247466
2026-09-23,ILI incidence,2026-09-20,1,IS,quantile,0.6,0.296172493313713
2026-09-23,ILI incidence,2026-09-20,1,IS,quantile,0.65,0.3827065435249628
2026-09-23,ILI incidence,2026-09-20,1,IS,quantile,0.75,0.6731837677980587
2026-09-23,ILI incidence,2026-09-20,1,IS,quantile,0.85,1.345721381166394
2026-09-23,ILI incidence,2026-09-20,1,IS,quantile,0.99,15.979906249672414
2026-09-23,ILI incidence,2026-09-20,1,IS,quantile,0.2,0.03560591440978541
2026-09-23,ILI incidence,2026-09-20,1,IS,quantile,0.7,0.5080478787267719
2026-09-23,ILI incidence,2026-09-20,1,IS,quantile,0.3,0.06668591321293929
2026-09-23,ILI incidence,2026-09-20,1,IS,quantile,0.25,0.0491528987456044
2026-09-23,ILI incidence,2026-09-20,1,IS,median,,0.1821113462611656
2026-09-23,ILI incidence,2026-10-04,3,IS,quantile,0.55,0.2909058542912559
2026-09-23,ILI incidence,2026-10-04,3,IS,quantile,0.7,0.3600133315988839
2026-09-23,ILI incidence,2026-10-04,3,IS,quantile,0.6,0.3117223250422777
2026-09-23,ILI incidence,2026-10-04,3,IS,quantile,0.99,0.9632447685358169
2026-09-23,ILI incidence,2026-10-04,3,IS,quantile,0.95,0.6612125721526926
2026-09-23,ILI incidence,2026-10-04,3,IS,quantile,0.9,0.5402194550926663
2026-09-23,ILI incidence,2026-10-04,3,IS,quantile,0.975,0.7890347555501428
2026-09-23,ILI incidence,2026-10-04,3,IS,quantile,0.5,0.27081055971866874
2026-09-23,ILI incidence,2026-10-04,3,IS,quantile,0.85,0.47668784551155696
2026-09-23,ILI incidence,2026-10-04,3,IS,quantile,0.75,0.3921211029781187
2026-09-23,ILI incidence,2026-10-04,3,IS,quantile,0.8,0.4299076316007071
2026-09-23,ILI incidence,2026-10-04,3,IS,quantile,0.45,0.2526913862452928
2026-09-23,ILI incidence,2026-10-04,3,IS,quantile,0.3,0.20096435353250564
2026-09-23,ILI incidence,2026-10-04,3,IS,quantile,0.4,0.2350011237186822
2026-09-23,ILI incidence,2026-10-04,3,IS,quantile,0.25,0.18378624660857384
2026-09-23,ILI incidence,2026-10-04,3,IS,quantile,0.35,0.216746408295318
2026-09-23,ILI incidence,2026-10-04,3,IS,quantile,0.65,0.3332940697297902
2026-09-23,ILI incidence,2026-10-04,3,IS,quantile,0.1,0.13131074399116344
2026-09-23,ILI incidence,2026-10-04,3,IS,quantile,0.15,0.15035231163042126
2026-09-23,ILI incidence,2026-10-04,3,IS,quantile,0.05,0.10688041786003867
2026-09-23,ILI incidence,2026-10-04,3,IS,quantile,0.025,0.0894441591262025
2026-09-23,ILI incidence,2026-10-04,3,IS,quantile,0.2,0.16747207413872145
2026-09-23,ILI incidence,2026-10-04,3,IS,quantile,0.01,0.0733590661951799
2026-09-23,ILI incidence,2026-10-04,3,IS,median,,0.27081055971866874
2026-09-23,ILI incidence,2026-10-11,4,IS,quantile,0.95,0.4823435569251832
2026-09-23,ILI incidence,2026-10-11,4,IS,quantile,0.55,0.24749855211810773
2026-09-23,ILI incidence,2026-10-11,4,IS,quantile,0.975,0.5560975047939747
2026-09-23,ILI incidence,2026-10-11,4,IS,quantile,0.7,0.2941429182969439
2026-09-23,ILI incidence,2026-10-11,4,IS,quantile,0.99,0.6610619667071445
2026-09-23,ILI incidence,2026-10-11,4,IS,quantile,0.85,0.3692137260552244
2026-09-23,ILI incidence,2026-10-11,4,IS,quantile,0.65,0.2777199857941416
2026-09-23,ILI incidence,2026-10-11,4,IS,quantile,0.45,0.2203961284541833
2026-09-23,ILI incidence,2026-10-11,4,IS,quantile,0.6,0.26136853550277234
2026-09-23,ILI incidence,2026-10-11,4,IS,quantile,0.5,0.2327103505777705
2026-09-23,ILI incidence,2026-10-11,4,IS,quantile,0.9,0.4108903609059795
2026-09-23,ILI incidence,2026-10-11,4,IS,quantile,0.3,0.1829863656961569
2026-09-23,ILI incidence,2026-10-11,4,IS,quantile,0.75,0.31507812072098745
2026-09-23,ILI incidence,2026-10-11,4,IS,quantile,0.8,0.33963616107047157
2026-09-23,ILI incidence,2026-10-11,4,IS,quantile,0.01,0.08003748505945993
2026-09-23,ILI incidence,2026-10-11,4,IS,quantile,0.35,0.19608440905451624
2026-09-23,ILI incidence,2026-10-11,4,IS,quantile,0.025,0.09661209659103434
2026-09-23,ILI incidence,2026-10-11,4,IS,quantile,0.4,0.2078162368960533
2026-09-23,ILI incidence,2026-10-11,4,IS,quantile,0.05,0.1116171917249707
2026-09-23,ILI incidence,2026-10-11,4,IS,quantile,0.1,0.13224528072403557
2026-09-23,ILI incidence,2026-10-11,4,IS,quantile,0.25,0.17250312935223544
2026-09-23,ILI incidence,2026-10-11,4,IS,quantile,0.2,0.1603563624093958
2026-09-23,ILI incidence,2026-10-11,4,IS,quantile,0.15,0.1479425828857756
2026-09-23,ILI incidence,2026-10-11,4,IS,median,,0.2327103505777705
2026-09-23,ILI incidence,2026-09-20,1,LT,quantile,0.35,2.79871823169394
2026-09-23,ILI incidence,2026-09-20,1,LT,quantile,0.4,2.9260245935614138
2026-09-23,ILI incidence,2026-09-20,1,LT,quantile,0.3,2.672629232019812
2026-09-23,ILI incidence,2026-09-20,1,LT,quantile,0.55,3.336442054343803
2026-09-23,ILI incidence,2026-09-20,1,LT,quantile,0.5,3.1971053799046407
2026-09-23,ILI incidence,2026-09-20,1,LT,quantile,0.6,3.4977269941896934
2026-09-23,ILI incidence,2026-09-20,1,LT,quantile,0.975,6.2391445478697145
2026-09-23,ILI incidence,2026-09-20,1,LT,quantile,0.45,3.055033209645037
2026-09-23,ILI incidence,2026-09-20,1,LT,quantile,0.85,4.573209382759714
2026-09-23,ILI incidence,2026-09-20,1,LT,quantile,0.65,3.6687205509390353
2026-09-23,ILI incidence,2026-09-20,1,LT,quantile,0.8,4.285271398338054
2026-09-23,ILI incidence,2026-09-20,1,LT,quantile,0.25,2.527188405951743
2026-09-23,ILI incidence,2026-09-20,1,LT,quantile,0.05,1.8178153534563526
2026-09-23,ILI incidence,2026-09-20,1,LT,quantile,0.99,7.183667686909923
2026-09-23,ILI incidence,2026-09-20,1,LT,quantile,0.7,3.8481416726290005
2026-09-23,ILI incidence,2026-09-20,1,LT,quantile,0.01,1.4273298046854817
2026-09-23,ILI incidence,2026-09-20,1,LT,quantile,0.2,2.3955281699006137
2026-09-23,ILI incidence,2026-09-20,1,LT,quantile,0.025,1.6252121243054822
2026-09-23,ILI incidence,2026-09-20,1,LT,quantile,0.95,5.63588935753735
2026-09-23,ILI incidence,2026-09-20,1,LT,quantile,0.9,4.986785102137705
2026-09-23,ILI incidence,2026-09-20,1,LT,quantile,0.1,2.0695864675726097
2026-09-23,ILI incidence,2026-09-20,1,LT,quantile,0.15,2.2518875743152664
2026-09-23,ILI incidence,2026-09-20,1,LT,quantile,0.75,4.0425286155574724
2026-09-23,ILI incidence,2026-09-20,1,LT,median,,3.1971053799046407
2026-09-23,ILI incidence,2026-09-27,2,LT,quantile,0.9,5.817028005305909
2026-09-23,ILI incidence,2026-09-27,2,LT,quantile,0.99,10.459613143195579
2026-09-23,ILI incidence,2026-09-27,2,LT,quantile,0.95,7.082123433454944
2026-09-23,ILI incidence,2026-09-27,2,LT,quantile,0.975,8.572089181325671
2026-09-23,ILI incidence,2026-09-27,2,LT,quantile,0.75,4.218623056119942
2026-09-23,ILI incidence,2026-09-27,2,LT,quantile,0.8,4.605195080972113
2026-09-23,ILI incidence,2026-09-27,2,LT,quantile,0.85,5.094627812658893
2026-09-23,ILI incidence,2026-09-27,2,LT,quantile,0.55,3.143293358261448
2026-09-23,ILI incidence,2026-09-27,2,LT,quantile,0.6,3.374979905362969
2026-09-23,ILI incidence,2026-09-27,2,LT,quantile,0.7,3.8934028403430387
2026-09-23,ILI incidence,2026-09-27,2,LT,quantile,0.65,3.6105917227888
2026-09-23,ILI incidence,2026-09-27,2,LT,quantile,0.5,2.9380029046454834
2026-09-23,ILI incidence,2026-09-27,2,LT,quantile,0.3,2.197333361480175
2026-09-23,ILI incidence,2026-09-27,2,LT,quantile,0.4,2.550522816590956
2026-09-23,ILI incidence,2026-09-27,2,LT,quantile,0.45,2.7318247746370874
2026-09-23,ILI incidence,2026-09-27,2,LT,quantile,0.15,1.6629676393165957
2026-09-23,ILI incidence,2026-09-27,2,LT,quantile,0.35,2.3795092753754434
2026-09-23,ILI incidence,2026-09-27,2,LT,quantile,0.1,1.4486593991851646
2026-09-23,ILI incidence,2026-09-27,2,LT,quantile,0.2,1.8501707160144936
2026-09-23,ILI incidence,2026-09-27,2,LT,quantile,0.25,2.0203341659056653
2026-09-23,ILI incidence,2026-09-27,2,LT,quantile,0.025,0.9820054253726026
2026-09-23,ILI incidence,2026-09-27,2,LT,quantile,0.01,0.8054422072257584
2026-09-23,ILI incidence,2026-09-27,2,LT,quantile,0.05,1.1758945985217657
2026-09-23,ILI incidence,2026-09-27,2,LT,median,,2.9380029046454834
2026-09-23,ILI incidence,2026-10-04,3,LT,quantile,0.3,3.089816779871312
2026-09-23,ILI incidence,2026-10-04,3,LT,quantile,0.35,3.4711541402512482
2026-09-23,ILI incidence,2026-10-04,3,LT,quantile,0.4,3.8729702914214936
2026-09-23,ILI incidence,2026-10-04,3,LT,quantile,0.1,1.6241245522383452
2026-09-23,ILI incidence,2026-10-04,3,LT,quantile,0.15,2.0271620817227727
2026-09-23,ILI incidence,2026-10-04,3,LT,quantile,0.2,2.367101892763466
2026-09-23,ILI incidence,2026-10-04,3,LT,quantile,0.01,0.6976524603263736
2026-09-23,ILI incidence,2026-10-04,3,LT,quantile,0.025,0.944814664944348
2026-09-23,ILI incidence,2026-10-04,3,LT,quantile,0.05,1.2017816802079484
2026-09-23,ILI incidence,2026-10-04,3,LT,quantile,0.25,2.7227234683564197
2026-09-23,ILI incidence,2026-10-04,3,LT,quantile,0.45,4.338113065773655
2026-09-23,ILI incidence,2026-10-04,3,LT,quantile,0.5,4.8482599591729905
2026-09-23,ILI incidence,2026-10-04,3,LT,quantile,0.9,13.91412233921653
2026-09-23,ILI incidence,2026-10-04,3,LT,quantile,0.55,5.359454783157577
2026-09-23,ILI incidence,2026-10-04,3,LT,quantile,0.75,8.364073605922266
2026-09-23,ILI incidence,2026-10-04,3,LT,quantile,0.6,5.94095650598673
2026-09-23,ILI incidence,2026-10-04,3,LT,quantile,0.7,7.453133882916603
2026-09-23,ILI incidence,2026-10-04,3,LT,quantile,0.8,9.653518154679377
2026-09-23,ILI incidence,2026-10-04,3,LT,quantile,0.95,18.571423730729535
2026-09-23,ILI incidence,2026-10-04,3,LT,quantile,0.65,6.629721684764803
2026-09-23,ILI incidence,2026-10-04,3,LT,quantile,0.85,11.370017218698885
2026-09-23,ILI incidence,2026-10-04,3,LT,quantile,0.975,24.023464651755074
2026-09-23,ILI incidence,2026-10-04,3,LT,quantile,0.99,31.02380496806306
2026-09-23,ILI incidence,2026-10-04,3,LT,median,,4.8482599591729905
2026-09-23,ILI incidence,2026-10-11,4,LT,quantile,0.65,13.137180991827204
2026-09-23,ILI incidence,2026-10-11,4,LT,quantile,0.7,15.59902138468233
2026-09-23,ILI incidence,2026-10-11,4,LT,quantile,0.75,18.784435996195032
2026-09-23,ILI incidence,2026-10-11,4,LT,quantile,0.6,11.097325650178716
2026-09-23,ILI incidence,2026-10-11,4,LT,quantile,0.4,5.913987970612068
2026-09-23,ILI incidence,2026-10-11,4,LT,quantile,0.45,6.905669613328094
2026-09-23,ILI incidence,2026-10-11,4,LT,quantile,0.5,8.200716155207068
2026-09-23,ILI incidence,2026-10-11,4,LT,quantile,0.55,9.51727175911197
2026-09-23,ILI incidence,2026-10-11,4,LT,quantile,0.3,4.215637432877416
2026-09-23,ILI incidence,2026-10-11,4,LT,quantile,0.2,2.812301048465648
2026-09-23,ILI incidence,2026-10-11,4,LT,quantile,0.35,4.973055936516948
2026-09-23,ILI incidence,2026-10-11,4,LT,quantile,0.01,0.4223116272177053
2026-09-23,ILI incidence,2026-10-11,4,LT,quantile,0.1,1.5829053927527763
2026-09-23,ILI incidence,2026-10-11,4,LT,quantile,0.025,0.6671651507320787
2026-09-23,ILI incidence,2026-10-11,4,LT,quantile,0.15,2.1816325617684047
2026-09-23,ILI incidence,2026-10-11,4,LT,quantile,0.8,22.801119630267692
2026-09-23,ILI incidence,2026-10-11,4,LT,quantile,0.05,0.9826922345414553
2026-09-23,ILI incidence,2026-10-11,4,LT,quantile,0.25,3.493074810762291
2026-09-23,ILI incidence,2026-10-11,4,LT,quantile,0.85,28.903882999949168
2026-09-23,ILI incidence,2026-10-11,4,LT,quantile,0.9,38.833078587654555
2026-09-23,ILI incidence,2026-10-11,4,LT,quantile,0.95,62.392943371033866
2026-09-23,ILI incidence,2026-10-11,4,LT,quantile,0.975,91.66076894177756
2026-09-23,ILI incidence,2026-10-11,4,LT,quantile,0.99,147.1784709524884
2026-09-23,ILI incidence,2026-10-11,4,LT,median,,8.200716155207068
2026-09-23,ILI incidence,2026-09-27,2,LU,quantile,0.95,0.0029924483731269976
2026-09-23,ILI incidence,2026-09-27,2,LU,quantile,0.975,0.0036577685637249765
2026-09-23,ILI incidence,2026-09-27,2,LU,quantile,0.8,0.001825508206611939
2026-09-23,ILI incidence,2026-09-27,2,LU,quantile,0.9,0.002380187190281766
2026-09-23,ILI incidence,2026-09-27,2,LU,quantile,0.99,0.004492043602082923
2026-09-23,ILI incidence,2026-09-27,2,LU,quantile,0.65,0.0013852344665101133
2026-09-23,ILI incidence,2026-09-27,2,LU,quantile,0.75,0.0016439979784142276
2026-09-23,ILI incidence,2026-09-27,2,LU,quantile,0.6,0.0012739467955414888
2026-09-23,ILI incidence,2026-09-27,2,LU,quantile,0.5,0.0010986405419566114
2026-09-23,ILI incidence,2026-09-27,2,LU,quantile,0.7,0.001515499250749554
2026-09-23,ILI incidence,2026-09-27,2,LU,quantile,0.4,9.372481996511008e-4
2026-09-23,ILI incidence,2026-09-27,2,LU,quantile,0.55,0.001183420536312986
2026-09-23,ILI incidence,2026-09-27,2,LU,quantile,0.45,0.0010093174674679398
2026-09-23,ILI incidence,2026-09-27,2,LU,quantile,0.85,0.002066605129266022
2026-09-23,ILI incidence,2026-09-27,2,LU,quantile,0.25,7.205811718733077e-4
2026-09-23,ILI incidence,2026-09-27,2,LU,quantile,0.2,6.505796509716747e-4
2026-09-23,ILI incidence,2026-09-27,2,LU,quantile,0.3,7.89586769786905e-4
2026-09-23,ILI incidence,2026-09-27,2,LU,quantile,0.35,8.626300026247353e-4
2026-09-23,ILI incidence,2026-09-27,2,LU,quantile,0.15,5.711072820756635e-4
2026-09-23,ILI incidence,2026-09-27,2,LU,quantile,0.05,3.9770225965973495e-4
2026-09-23,ILI incidence,2026-09-27,2,LU,quantile,0.1,4.913007381871444e-4
2026-09-23,ILI incidence,2026-09-27,2,LU,quantile,0.01,0.00025806803206032707
2026-09-23,ILI incidence,2026-09-27,2,LU,quantile,0.025,3.2568663355800407e-4
2026-09-23,ILI incidence,2026-09-27,2,LU,median,,0.0010986405419566114
2026-09-23,ILI incidence,2026-10-04,3,LU,quantile,0.3,8.029546954901475e-4
2026-09-23,ILI incidence,2026-10-04,3,LU,quantile,0.99,0.0026633596557953986
2026-09-23,ILI incidence,2026-10-04,3,LU,quantile,0.025,4.272071749696648e-4
2026-09-23,ILI incidence,2026-10-04,3,LU,quantile,0.9,0.0017392818340412593
2026-09-23,ILI incidence,2026-10-04,3,LU,quantile,0.95,0.0020183157090372574
2026-09-23,ILI incidence,2026-10-04,3,LU,quantile,0.975,0.002316090053195847
2026-09-23,ILI incidence,2026-10-04,3,LU,quantile,0.85,0.0015506096254503158
2026-09-23,ILI incidence,2026-10-04,3,LU,quantile,0.01,3.7145195820492043e-4
2026-09-23,ILI incidence,2026-10-04,3,LU,quantile,0.35,8.511682930065763e-4
2026-09-23,ILI incidence,2026-10-04,3,LU,quantile,0.05,4.867495769742494e-4
2026-09-23,ILI incidence,2026-10-04,3,LU,quantile,0.1,5.758884869861273e-4
2026-09-23,ILI incidence,2026-10-04,3,LU,quantile,0.25,7.526073622899236e-4
2026-09-23,ILI incidence,2026-10-04,3,LU,quantile,0.4,8.999526466720201e-4
2026-09-23,ILI incidence,2026-10-04,3,LU,quantile,0.45,9.511537097478838e-4
2026-09-23,ILI incidence,2026-10-04,3,LU,quantile,0.5,0.0010014288103340576
2026-09-23,ILI incidence,2026-10-04,3,LU,quantile,0.8,0.0014305745617931435
2026-09-23,ILI incidence,2026-10-04,3,LU,quantile,0.65,0.0011738509442329515
2026-09-23,ILI incidence,2026-10-04,3,LU,quantile,0.15,6.443439562488965e-4
2026-09-23,ILI incidence,2026-10-04,3,LU,quantile,0.7,0.0012442234901531629
2026-09-23,ILI incidence,2026-10-04,3,LU,quantile,0.75,0.0013262776081644724
2026-09-23,ILI incidence,2026-10-04,3,LU,quantile,0.6,0.0011139058749424944
2026-09-23,ILI incidence,2026-10-04,3,LU,quantile,0.2,6.987934813438322e-4
2026-09-23,ILI incidence,2026-10-04,3,LU,quantile,0.55,0.0010563762149862009
2026-09-23,ILI incidence,2026-10-04,3,LU,median,,0.0010014288103340576
2026-09-23,ILI incidence,2026-09-20,1,MT,quantile,0.01,1720.5278606285524
2026-09-23,ILI incidence,2026-09-20,1,MT,quantile,0.025,2079.226199257834
2026-09-23,ILI incidence,2026-09-20,1,MT,quantile,0.8,8170.523317813245
2026-09-23,ILI incidence,2026-09-20,1,MT,quantile,0.75,7532.509548710378
2026-09-23,ILI incidence,2026-09-20,1,MT,quantile,0.05,2426.553835518656
2026-09-23,ILI incidence,2026-09-20,1,MT,quantile,0.7,7005.351394457159
2026-09-23,ILI incidence,2026-09-20,1,MT,quantile,0.85,9026.416885812925
2026-09-23,ILI incidence,2026-09-20,1,MT,quantile,0.9,10228.539828607667
2026-09-23,ILI incidence,2026-09-20,1,MT,quantile,0.1,2888.3841593016587
2026-09-23,ILI incidence,2026-09-20,1,MT,quantile,0.99,16869.3717606058
2026-09-23,ILI incidence,2026-09-20,1,MT,quantile,0.35,4503.458483634793
2026-09-23,ILI incidence,2026-09-20,1,MT,quantile,0.65,6524.126456882377
2026-09-23,ILI incidence,2026-09-20,1,MT,quantile,0.55,5757.200567362286
2026-09-23,ILI incidence,2026-09-20,1,MT,quantile,0.975,14110.873383863582
2026-09-23,ILI incidence,2026-09-20,1,MT,quantile,0.6,6115.882001931652
2026-09-23,ILI incidence,2026-09-20,1,MT,quantile,0.5,5400.994659440311
2026-09-23,ILI incidence,2026-09-20,1,MT,quantile,0.95,12182.174306871842
2026-09-23,ILI incidence,2026-09-20,1,MT,quantile,0.25,3875.225878837847
2026-09-23,ILI incidence,2026-09-20,1,MT,quantile,0.2,3577.7446131088523
2026-09-23,ILI incidence,2026-09-20,1,MT,quantile,0.4,4779.647560755788
2026-09-23,ILI incidence,2026-09-20,1,MT,quantile,0.45,5080.410129168051
2026-09-23,ILI incidence,2026-09-20,1,MT,quantile,0.3,4198.332253658409
2026-09-23,ILI incidence,2026-09-20,1,MT,quantile,0.15,3264.7002881514964
2026-09-23,ILI incidence,2026-09-20,1,MT,median,,5400.994659440311
2026-09-23,ILI incidence,2026-09-27,2,MT,quantile,0.1,2875.6167547494097
2026-09-23,ILI incidence,2026-09-27,2,MT,quantile,0.2,3526.6560231140647
2026-09-23,ILI incidence,2026-09-27,2,MT,quantile,0.15,3217.2415788733747
2026-09-23,ILI incidence,2026-09-27,2,MT,quantile,0.25,3795.992777222819
2026-09-23,ILI incidence,2026-09-27,2,MT,quantile,0.3,4072.2605362830145
2026-09-23,ILI incidence,2026-09-27,2,MT,quantile,0.05,2418.008837383149
2026-09-23,ILI incidence,2026-09-27,2,MT,quantile,0.025,2081.6855557893196
2026-09-23,ILI incidence,2026-09-27,2,MT,quantile,0.35,4337.172988983067
2026-09-23,ILI incidence,2026-09-27,2,MT,quantile,0.01,1753.3646087395946
2026-09-23,ILI incidence,2026-09-27,2,MT,quantile,0.45,4894.078103314286
2026-09-23,ILI incidence,2026-09-27,2,MT,quantile,0.4,4609.690103233495
2026-09-23,ILI incidence,2026-09-27,2,MT,quantile,0.5,5184.3077776249065
2026-09-23,ILI incidence,2026-09-27,2,MT,quantile,0.55,5496.871241922478
2026-09-23,ILI incidence,2026-09-27,2,MT,quantile,0.99,15293.42395049244
2026-09-23,ILI incidence,2026-09-27,2,MT,quantile,0.95,11290.313325422385
2026-09-23,ILI incidence,2026-09-27,2,MT,quantile,0.975,13150.019796087628
2026-09-23,ILI incidence,2026-09-27,2,MT,quantile,0.9,9489.279356554685
2026-09-23,ILI incidence,2026-09-27,2,MT,quantile,0.85,8465.49372063314
2026-09-23,ILI incidence,2026-09-27,2,MT,quantile,0.75,7172.2499565931
2026-09-23,ILI incidence,2026-09-27,2,MT,quantile,0.7,6666.511869321346
2026-09-23,ILI incidence,2026-09-27,2,MT,quantile,0.65,6268.79826819783
2026-09-23,ILI incidence,2026-09-27,2,MT,quantile,0.8,7742.364500429507
2026-09-23,ILI incidence,2026-09-27,2,MT,quantile,0.6,5863.013366492356
2026-09-23,ILI incidence,2026-09-27,2,MT,median,,5184.3077776249065
2026-09-23,ILI incidence,2026-10-04,3,MT,quantile,0.99,16987.92736898088
2026-09-23,ILI incidence,2026-10-04,3,MT,quantile,0.5,5769.264221063333
2026-09-23,ILI incidence,2026-10-04,3,MT,quantile,0.75,7715.9815243659305
2026-09-23,ILI incidence,2026-10-04,3,MT,quantile,0.1,3218.750956707304
2026-09-23,ILI incidence,2026-10-04,3,MT,quantile,0.45,5458.768301540176
2026-09-23,ILI incidence,2026-10-04,3,MT,quantile,0.975,14015.901948784254
2026-09-23,ILI incidence,2026-10-04,3,MT,quantile,0.05,2716.044442935515
2026-09-23,ILI incidence,2026-10-04,3,MT,quantile,0.55,6074.767860485867
2026-09-23,ILI incidence,2026-10-04,3,MT,quantile,0.7,7230.722042067068
2026-09-23,ILI incidence,2026-10-04,3,MT,quantile,0.025,2381.5863214775272
2026-09-23,ILI incidence,2026-10-04,3,MT,quantile,0.4,5155.687237017002
2026-09-23,ILI incidence,2026-10-04,3,MT,quantile,0.65,6795.463104812403
2026-09-23,ILI incidence,2026-10-04,3,MT,quantile,0.95,12065.994563265267
2026-09-23,ILI incidence,2026-10-04,3,MT,quantile,0.01,2023.9329094568436
2026-09-23,ILI incidence,2026-10-04,3,MT,quantile,0.6,6413.761333867797
2026-09-23,ILI incidence,2026-10-04,3,MT,quantile,0.35,4846.661591630828
2026-09-23,ILI incidence,2026-10-04,3,MT,quantile,0.9,10228.647920756956
2026-09-23,ILI incidence,2026-10-04,3,MT,quantile,0.15,3595.325934786318
2026-09-23,ILI incidence,2026-10-04,3,MT,quantile,0.3,4538.262943156353
2026-09-23,ILI incidence,2026-10-04,3,MT,quantile,0.8,8326.569097443506
2026-09-23,ILI incidence,2026-10-04,3,MT,quantile,0.85,9108.860754993311
2026-09-23,ILI incidence,2026-10-04,3,MT,quantile,0.25,4241.206243869348
2026-09-23,ILI incidence,2026-10-04,3,MT,quantile,0.2,3956.6512496166733
2026-09-23,ILI incidence,2026-10-04,3,MT,median,,5769.264221063333
2026-09-23,ILI incidence,2026-10-11,4,MT,quantile,0.65,6653.449201914729
2026-09-23,ILI incidence,2026-10-11,4,MT,quantile,0.5,5679.755213625573
2026-09-23,ILI incidence,2026-10-11,4,MT,quantile,0.45,5420.0594235504
2026-09-23,ILI incidence,2026-10-11,4,MT,quantile,0.35,4873.085364765929
2026-09-23,ILI incidence,2026-10-11,4,MT,quantile,0.55,5980.322121205442
2026-09-23,ILI incidence,2026-10-11,4,MT,quantile,0.1,3348.6240230910707
2026-09-23,ILI incidence,2026-10-11,4,MT,quantile,0.6,6310.295222990133
2026-09-23,ILI incidence,2026-10-11,4,MT,quantile,0.4,5143.57928229568
2026-09-23,ILI incidence,2026-10-11,4,MT,quantile,0.3,4599.899482893061
2026-09-23,ILI incidence,2026-10-11,4,MT,quantile,0.025,2532.493941071867
2026-09-23,ILI incidence,2026-10-11,4,MT,quantile,0.01,2241.3096141627198
2026-09-23,ILI incidence,2026-10-11,4,MT,quantile,0.05,2868.77423977478
2026-09-23,ILI incidence,2026-10-11,4,MT,quantile,0.25,4335.5059762045
2026-09-23,ILI incidence,2026-10-11,4,MT,quantile,0.2,4023.855378397799
2026-09-23,ILI incidence,2026-10-11,4,MT,quantile,0.15,3710.332452525832
2026-09-23,ILI incidence,2026-10-11,4,MT,quantile,0.75,7458.954795946122
2026-09-23,ILI incidence,2026-10-11,4,MT,quantile,0.7,7042.853798876122
2026-09-23,ILI incidence,2026-10-11,4,MT,quantile,0.8,7998.294823054483
2026-09-23,ILI incidence,2026-10-11,4,MT,quantile,0.95,11078.442570844581
2026-09-23,ILI incidence,2026-10-11,4,MT,quantile,0.85,8663.416745700397
2026-09-23,ILI incidence,2026-10-11,4,MT,quantile,0.975,12662.920998795047
2026-09-23,ILI incidence,2026-10-11,4,MT,quantile,0.9,9553.738716136211
2026-09-23,ILI incidence,2026-10-11,4,MT,quantile,0.99,14991.533143652381
2026-09-23,ILI incidence,2026-10-11,4,MT,median,,5679.755213625573
2026-09-23,ILI incidence,2026-09-20,1,NO,quantile,0.8,23.46230125306491
2026-09-23,ILI incidence,2026-09-20,1,NO,quantile,0.75,21.911137905169326
2026-09-23,ILI incidence,2026-09-20,1,NO,quantile,0.7,20.59396090186691
2026-09-23,ILI incidence,2026-09-20,1,NO,quantile,0.55,17.572162253975737
2026-09-23,ILI incidence,2026-09-20,1,NO,quantile,0.65,19.427142571477194
2026-09-23,ILI incidence,2026-09-20,1,NO,quantile,0.6,18.43879592299255
2026-09-23,ILI incidence,2026-09-20,1,NO,quantile,0.95,32.11793687169084
2026-09-23,ILI incidence,2026-09-20,1,NO,quantile,0.975,36.900940500206545
2026-09-23,ILI incidence,2026-09-20,1,NO,quantile,0.4,14.964723423908538
2026-09-23,ILI incidence,2026-09-20,1,NO,quantile,0.45,15.798134068649585
2026-09-23,ILI incidence,2026-09-20,1,NO,quantile,0.9,27.777942158294127
2026-09-23,ILI incidence,2026-09-20,1,NO,quantile,0.85,25.310015353743225
2026-09-23,ILI incidence,2026-09-20,1,NO,quantile,0.5,16.711170421178117
2026-09-23,ILI incidence,2026-09-20,1,NO,quantile,0.99,42.58837504945483
2026-09-23,ILI incidence,2026-09-20,1,NO,quantile,0.35,14.169915664200474
2026-09-23,ILI incidence,2026-09-20,1,NO,quantile,0.25,12.63206658587259
2026-09-23,ILI incidence,2026-09-20,1,NO,quantile,0.3,13.397264652777771
2026-09-23,ILI incidence,2026-09-20,1,NO,quantile,0.2,11.774438042019984
2026-09-23,ILI incidence,2026-09-20,1,NO,quantile,0.15,10.911963450176698
2026-09-23,ILI incidence,2026-09-20,1,NO,quantile,0.1,9.869234577440817
2026-09-23,ILI incidence,2026-09-20,1,NO,quantile,0.05,8.5023233308447
2026-09-23,ILI incidence,2026-09-20,1,NO,quantile,0.01,6.410831811375814
2026-09-23,ILI incidence,2026-09-20,1,NO,quantile,0.025,7.477691308904649
2026-09-23,ILI incidence,2026-09-20,1,NO,median,,16.711170421178117
2026-09-23,ILI incidence,2026-09-27,2,NO,quantile,0.75,22.45125171552928
2026-09-23,ILI incidence,2026-09-27,2,NO,quantile,0.025,15.910483201841217
2026-09-23,ILI incidence,2026-09-27,2,NO,quantile,0.6,21.224368316051603
2026-09-23,ILI incidence,2026-09-27,2,NO,quantile,0.65,21.606045877340883
2026-09-23,ILI incidence,2026-09-27,2,NO,quantile,0.7,21.999734689935718
2026-09-23,ILI incidence,2026-09-27,2,NO,quantile,0.01,15.178767120896218
2026-09-23,ILI incidence,2026-09-27,2,NO,quantile,0.5,20.556762330256205
2026-09-23,ILI incidence,2026-09-27,2,NO,quantile,0.1,17.41469532114055
2026-09-23,ILI incidence,2026-09-27,2,NO,quantile,0.45,20.214344269759344
2026-09-23,ILI incidence,2026-09-27,2,NO,quantile,0.8,22.951074463773434
2026-09-23,ILI incidence,2026-09-27,2,NO,quantile,0.99,27.98484274459903
2026-09-23,ILI incidence,2026-09-27,2,NO,quantile,0.05,16.59857085497431
2026-09-23,ILI incidence,2026-09-27,2,NO,quantile,0.4,19.88135928360561
2026-09-23,ILI incidence,2026-09-27,2,NO,quantile,0.975,26.591221475567767
2026-09-23,ILI incidence,2026-09-27,2,NO,quantile,0.15,18.002963701527467
2026-09-23,ILI incidence,2026-09-27,2,NO,quantile,0.35,19.540415053747047
2026-09-23,ILI incidence,2026-09-27,2,NO,quantile,0.55,20.8865150492811
2026-09-23,ILI incidence,2026-09-27,2,NO,quantile,0.25,18.827579991171525
2026-09-23,ILI incidence,2026-09-27,2,NO,quantile,0.2,18.456437125112128
2026-09-23,ILI incidence,2026-09-27,2,NO,quantile,0.9,24.3083114367349
2026-09-23,ILI incidence,2026-09-27,2,NO,quantile,0.3,19.184571642477536
2026-09-23,ILI incidence,2026-09-27,2,NO,quantile,0.85,23.596607200586078
2026-09-23,ILI incidence,2026-09-27,2,NO,quantile,0.95,25.539780580066605
2026-09-23,ILI incidence,2026-09-27,2,NO,median,,20.556762330256205
2026-09-23,ILI incidence,2026-10-04,3,NO,quantile,0.01,9.624572851777671
2026-09-23,ILI incidence,2026-10-04,3,NO,quantile,0.25,16.05109584604271
2026-09-23,ILI incidence,2026-10-04,3,NO,quantile,0.025,10.901068389806195
2026-09-23,ILI incidence,2026-10-04,3,NO,quantile,0.05,12.01419880812124
2026-09-23,ILI incidence,2026-10-04,3,NO,quantile,0.1,13.307899006211072
2026-09-23,ILI incidence,2026-10-04,3,NO,quantile,0.15,14.368556814152162
2026-09-23,ILI incidence,2026-10-04,3,NO,quantile,0.99,40.46504488684408
2026-09-23,ILI incidence,2026-10-04,3,NO,quantile,0.5,19.76100219307836
2026-09-23,ILI incidence,2026-10-04,3,NO,quantile,0.95,32.7879609301826
2026-09-23,ILI incidence,2026-10-04,3,NO,quantile,0.7,23.13290480281819
2026-09-23,ILI incidence,2026-10-04,3,NO,quantile,0.9,29.233977488784678
2026-09-23,ILI incidence,2026-10-04,3,NO,quantile,0.3,16.820185534298773
2026-09-23,ILI incidence,2026-10-04,3,NO,quantile,0.35,17.58188679136076
2026-09-23,ILI incidence,2026-10-04,3,NO,quantile,0.65,22.2258721688328
2026-09-23,ILI incidence,2026-10-04,3,NO,quantile,0.975,36.12622652906549
2026-09-23,ILI incidence,2026-10-04,3,NO,quantile,0.75,24.246474853955892
2026-09-23,ILI incidence,2026-10-04,3,NO,quantile,0.8,25.52875830876792
2026-09-23,ILI incidence,2026-10-04,3,NO,quantile,0.85,27.129589839324314
2026-09-23,ILI incidence,2026-10-04,3,NO,quantile,0.55,20.534925889386848
2026-09-23,ILI incidence,2026-10-04,3,NO,quantile,0.6,21.378376963251092
2026-09-23,ILI incidence,2026-10-04,3,NO,quantile,0.4,18.30653051288938
2026-09-23,ILI incidence,2026-10-04,3,NO,quantile,0.45,19.017057863869628
2026-09-23,ILI incidence,2026-10-04,3,NO,quantile,0.2,15.237344964026846
2026-09-23,ILI incidence,2026-10-04,3,NO,median,,19.76100219307836
2026-09-23,ILI incidence,2026-10-11,4,NO,quantile,0.7,21.05092731040733
2026-09-23,ILI incidence,2026-10-11,4,NO,quantile,0.1,14.99519554014894
2026-09-23,ILI incidence,2026-10-11,4,NO,quantile,0.6,20.014329116112474
2026-09-23,ILI incidence,2026-10-11,4,NO,quantile,0.55,19.55899712079282
2026-09-23,ILI incidence,2026-10-11,4,NO,quantile,0.75,21.632337308085425
2026-09-23,ILI incidence,2026-10-11,4,NO,quantile,0.8,22.33084264854751
2026-09-23,ILI incidence,2026-10-11,4,NO,quantile,0.5,19.10801769520098
2026-09-23,ILI incidence,2026-10-11,4,NO,quantile,0.25,16.85617328632343
2026-09-23,ILI incidence,2026-10-11,4,NO,quantile,0.65,20.544035209124814
2026-09-23,ILI incidence,2026-10-11,4,NO,quantile,0.85,23.14031770460087
2026-09-23,ILI incidence,2026-10-11,4,NO,quantile,0.45,18.667463058348226
2026-09-23,ILI incidence,2026-10-11,4,NO,quantile,0.4,18.22947974272082
2026-09-23,ILI incidence,2026-10-11,4,NO,quantile,0.3,17.316981096206952
2026-09-23,ILI incidence,2026-10-11,4,NO,quantile,0.2,16.332735886168873
2026-09-23,ILI incidence,2026-10-11,4,NO,quantile,0.35,17.777103304359137
2026-09-23,ILI incidence,2026-10-11,4,NO,quantile,0.15,15.70970415733505
2026-09-23,ILI incidence,2026-10-11,4,NO,quantile,0.9,24.25019250065918
2026-09-23,ILI incidence,2026-10-11,4,NO,quantile,0.05,14.01198707719177
2026-09-23,ILI incidence,2026-10-11,4,NO,quantile,0.95,25.887917003063343
2026-09-23,ILI incidence,2026-10-11,4,NO,quantile,0.99,29.552675818231105
2026-09-23,ILI incidence,2026-10-11,4,NO,quantile,0.975,27.531473345400972
2026-09-23,ILI incidence,2026-10-11,4,NO,quantile,0.025,13.253527685931902
2026-09-23,ILI incidence,2026-10-11,4,NO,quantile,0.01,12.516036291503701
2026-09-23,ILI incidence,2026-10-11,4,NO,median,,19.10801769520098
2026-09-23,ILI incidence,2026-10-04,3,SI,quantile,0.025,6.548664993475894e-5
2026-09-23,ILI incidence,2026-10-04,3,SI,quantile,0.15,2.89223106857884e-4
2026-09-23,ILI incidence,2026-10-04,3,SI,quantile,0.2,3.9382529957656575e-4
2026-09-23,ILI incidence,2026-10-04,3,SI,quantile,0.25,5.197474894825882e-4
2026-09-23,ILI incidence,2026-10-04,3,SI,quantile,0.05,1.0625869870319643e-4
2026-09-23,ILI incidence,2026-10-04,3,SI,quantile,0.1,1.9691095573646876e-4
2026-09-23,ILI incidence,2026-10-04,3,SI,quantile,0.01,3.405677263676535e-5
2026-09-23,ILI incidence,2026-10-04,3,SI,quantile,0.975,0.03748420534456345
2026-09-23,ILI incidence,2026-10-04,3,SI,quantile,0.99,0.06743194988141579
2026-09-23,ILI incidence,2026-10-04,3,SI,quantile,0.3,6.605831776321196e-4
2026-09-23,ILI incidence,2026-10-04,3,SI,quantile,0.35,8.271114119093601e-4
2026-09-23,ILI incidence,2026-10-04,3,SI,quantile,0.4,0.0010087246227921376
2026-09-23,ILI incidence,2026-10-04,3,SI,quantile,0.6,0.002319136076511467
2026-09-23,ILI incidence,2026-10-04,3,SI,quantile,0.65,0.0028657058592814954
2026-09-23,ILI incidence,2026-10-04,3,SI,quantile,0.45,0.0012347659934251179
2026-09-23,ILI incidence,2026-10-04,3,SI,quantile,0.55,0.0018762179928690898
2026-09-23,ILI incidence,2026-10-04,3,SI,quantile,0.5,0.001522413188039266
2026-09-23,ILI incidence,2026-10-04,3,SI,quantile,0.7,0.003686571169778231
2026-09-23,ILI incidence,2026-10-04,3,SI,quantile,0.75,0.004688474568874558
2026-09-23,ILI incidence,2026-10-04,3,SI,quantile,0.9,0.013214888895354411
2026-09-23,ILI incidence,2026-10-04,3,SI,quantile,0.95,0.023503550357160903
2026-09-23,ILI incidence,2026-10-04,3,SI,quantile,0.8,0.006132550446463956
2026-09-23,ILI incidence,2026-10-04,3,SI,quantile,0.85,0.008792669240307065
2026-09-23,ILI incidence,2026-10-04,3,SI,median,,0.001522413188039266
2026-09-23,ILI incidence,2026-09-20,1,SK,quantile,0.7,77.02800069749235
2026-09-23,ILI incidence,2026-09-20,1,SK,quantile,0.99,120.74920956406201
2026-09-23,ILI incidence,2026-09-20,1,SK,quantile,0.6,72.03554114509848
2026-09-23,ILI incidence,2026-09-20,1,SK,quantile,0.75,79.69460759453439
2026-09-23,ILI incidence,2026-09-20,1,SK,quantile,0.65,74.40376418317219
2026-09-23,ILI incidence,2026-09-20,1,SK,quantile,0.975,110.84005838410161
2026-09-23,ILI incidence,2026-09-20,1,SK,quantile,0.95,102.47693353270903
2026-09-23,ILI incidence,2026-09-20,1,SK,quantile,0.4,63.58785239551891
2026-09-23,ILI incidence,2026-09-20,1,SK,quantile,0.85,87.20686261016229
2026-09-23,ILI incidence,2026-09-20,1,SK,quantile,0.9,92.96611187120602
2026-09-23,ILI incidence,2026-09-20,1,SK,quantile,0.45,65.71045791932178
2026-09-23,ILI incidence,2026-09-20,1,SK,quantile,0.8,82.98893720367302
2026-09-23,ILI incidence,2026-09-20,1,SK,quantile,0.3,59.438156441326896
2026-09-23,ILI incidence,2026-09-20,1,SK,quantile,0.35,61.610334668752316
2026-09-23,ILI incidence,2026-09-20,1,SK,quantile,0.55,69.69670645925007
2026-09-23,ILI incidence,2026-09-20,1,SK,quantile,0.25,57.27277782308765
2026-09-23,ILI incidence,2026-09-20,1,SK,quantile,0.5,67.6578449102487
2026-09-23,ILI incidence,2026-09-20,1,SK,quantile,0.2,55.03196394627146
2026-09-23,ILI incidence,2026-09-20,1,SK,quantile,0.01,38.40264429618217
2026-09-23,ILI incidence,2026-09-20,1,SK,quantile,0.1,49.373643991065315
2026-09-23,ILI incidence,2026-09-20,1,SK,quantile,0.025,41.778021640397846
2026-09-23,ILI incidence,2026-09-20,1,SK,quantile,0.15,52.259771810948806
2026-09-23,ILI incidence,2026-09-20,1,SK,quantile,0.05,45.1526759129282
2026-09-23,ILI incidence,2026-09-20,1,SK,median,,67.6578449102487
2026-09-23,ILI incidence,2026-09-27,2,SK,quantile,0.95,104.0922915878244
2026-09-23,ILI incidence,2026-09-27,2,SK,quantile,0.975,109.974667873444
2026-09-23,ILI incidence,2026-09-27,2,SK,quantile,0.99,117.10745000884138
2026-09-23,ILI incidence,2026-09-27,2,SK,quantile,0.85,92.93340172425923
2026-09-23,ILI incidence,2026-09-27,2,SK,quantile,0.9,97.44545960229414
2026-09-23,ILI incidence,2026-09-27,2,SK,quantile,0.75,87.30579091276641
2026-09-23,ILI incidence,2026-09-27,2,SK,quantile,0.8,89.91485948947002
2026-09-23,ILI incidence,2026-09-27,2,SK,quantile,0.7,84.9960309882394
2026-09-23,ILI incidence,2026-09-27,2,SK,quantile,0.65,82.96119850414858
2026-09-23,ILI incidence,2026-09-27,2,SK,quantile,0.4,73.9184449209312
2026-09-23,ILI incidence,2026-09-27,2,SK,quantile,0.6,81.07883878466274
2026-09-23,ILI incidence,2026-09-27,2,SK,quantile,0.55,79.11968524223578
2026-09-23,ILI incidence,2026-09-27,2,SK,quantile,0.35,72.2435644565945
2026-09-23,ILI incidence,2026-09-27,2,SK,quantile,0.3,70.4311773491417
2026-09-23,ILI incidence,2026-09-27,2,SK,quantile,0.25,68.62022338919212
2026-09-23,ILI incidence,2026-09-27,2,SK,quantile,0.45,75.58676504691839
2026-09-23,ILI incidence,2026-09-27,2,SK,quantile,0.5,77.4186571522225
2026-09-23,ILI incidence,2026-09-27,2,SK,quantile,0.2,66.67260327581573
2026-09-23,ILI incidence,2026-09-27,2,SK,quantile,0.15,64.3365076347948
2026-09-23,ILI incidence,2026-09-27,2,SK,quantile,0.1,61.355158511924614
2026-09-23,ILI incidence,2026-09-27,2,SK,quantile,0.05,57.45164988352067
2026-09-23,ILI incidence,2026-09-27,2,SK,quantile,0.01,50.474902653422525
2026-09-23,ILI incidence,2026-09-27,2,SK,quantile,0.025,54.24120732253664
2026-09-23,ILI incidence,2026-09-27,2,SK,median,,77.4186571522225
2026-09-23,ILI incidence,2026-10-04,3,SK,quantile,0.75,97.88206574874799
2026-09-23,ILI incidence,2026-10-04,3,SK,quantile,0.99,119.41341800751614
2026-09-23,ILI incidence,2026-10-04,3,SK,quantile,0.975,114.45391708897688
2026-09-23,ILI incidence,2026-10-04,3,SK,quantile,0.25,83.50546735325052
2026-09-23,ILI incidence,2026-10-04,3,SK,quantile,0.5,90.42928753362324
2026-09-23,ILI incidence,2026-10-04,3,SK,quantile,0.8,99.94231329477893
2026-09-23,ILI incidence,2026-10-04,3,SK,quantile,0.9,105.60514107748118
2026-09-23,ILI incidence,2026-10-04,3,SK,quantile,0.2,81.8817551308781
2026-09-23,ILI incidence,2026-10-04,3,SK,quantile,0.85,102.33783378326042
2026-09-23,ILI incidence,2026-10-04,3,SK,quantile,0.7,96.1926882965029
2026-09-23,ILI incidence,2026-10-04,3,SK,quantile,0.45,89.03412518371762
2026-09-23,ILI incidence,2026-10-04,3,SK,quantile,0.35,86.3637582487723
2026-09-23,ILI incidence,2026-10-04,3,SK,quantile,0.95,110.27668252185399
2026-09-23,ILI incidence,2026-10-04,3,SK,quantile,0.4,87.71621849799922
2026-09-23,ILI incidence,2026-10-04,3,SK,quantile,0.55,91.8072349191993
2026-09-23,ILI incidence,2026-10-04,3,SK,quantile,0.65,94.75514336215682
2026-09-23,ILI incidence,2026-10-04,3,SK,quantile,0.6,93.2593247312079
2026-09-23,ILI incidence,2026-10-04,3,SK,quantile,0.3,84.9088350014915
2026-09-23,ILI incidence,2026-10-04,3,SK,quantile,0.01,68.03077761602951
2026-09-23,ILI incidence,2026-10-04,3,SK,quantile,0.025,71.07004561975265
2026-09-23,ILI incidence,2026-10-04,3,SK,quantile,0.05,74.1008118535297
2026-09-23,ILI incidence,2026-10-04,3,SK,quantile,0.15,80.02326671947932
2026-09-23,ILI incidence,2026-10-04,3,SK,quantile,0.1,77.54634660786662
2026-09-23,ILI incidence,2026-10-04,3,SK,median,,90.42928753362324
2026-09-23,ILI incidence,2026-10-11,4,SK,quantile,0.05,52.22753438684334
2026-09-23,ILI incidence,2026-10-11,4,SK,quantile,0.1,57.16476271451095
2026-09-23,ILI incidence,2026-10-11,4,SK,quantile,0.15,60.772498294997916
2026-09-23,ILI incidence,2026-10-11,4,SK,quantile,0.2,63.801745452521615
2026-09-23,ILI incidence,2026-10-11,4,SK,quantile,0.25,66.68770987860285
2026-09-23,ILI incidence,2026-10-11,4,SK,quantile,0.3,69.20021903250203
2026-09-23,ILI incidence,2026-10-11,4,SK,quantile,0.01,43.25985016356782
2026-09-23,ILI incidence,2026-10-11,4,SK,quantile,0.9,110.93069112749781
2026-09-23,ILI incidence,2026-10-11,4,SK,quantile,0.95,121.79315270915991
2026-09-23,ILI incidence,2026-10-11,4,SK,quantile,0.975,131.1071177758362
2026-09-23,ILI incidence,2026-10-11,4,SK,quantile,0.99,143.77681269578767
2026-09-23,ILI incidence,2026-10-11,4,SK,quantile,0.025,47.96915358781635
2026-09-23,ILI incidence,2026-10-11,4,SK,quantile,0.35,71.75710843350349
2026-09-23,ILI incidence,2026-10-11,4,SK,quantile,0.55,82.21530219174394
2026-09-23,ILI incidence,2026-10-11,4,SK,quantile,0.6,85.10439559982017
2026-09-23,ILI incidence,2026-10-11,4,SK,quantile,0.7,91.43984985478477
2026-09-23,ILI incidence,2026-10-11,4,SK,quantile,0.5,79.49018699074907
2026-09-23,ILI incidence,2026-10-11,4,SK,quantile,0.65,88.0488798910264
2026-09-23,ILI incidence,2026-10-11,4,SK,quantile,0.85,104.12105951336778
2026-09-23,ILI incidence,2026-10-11,4,SK,quantile,0.4,74.29274023930165
2026-09-23,ILI incidence,2026-10-11,4,SK,quantile,0.45,76.90147862844024
2026-09-23,ILI incidence,2026-10-11,4,SK,quantile,0.8,98.45949727581272
2026-09-23,ILI incidence,2026-10-11,4,SK,quantile,0.75,94.66220644038273
2026-09-23,ILI incidence,2026-10-11,4,SK,median,,79.49018699074907
