origin_date,target,target_end_date,horizon,location,output_type,output_type_id,value
2026-09-16,ILI incidence,2026-09-13,1,BE,quantile,0.01,21.02854162418209
2026-09-16,ILI incidence,2026-09-13,1,BE,quantile,0.05,26.81463984653489
2026-09-16,ILI incidence,2026-09-13,1,BE,quantile,0.025,23.96484533063934
2026-09-16,ILI incidence,2026-09-13,1,BE,quantile,0.1,30.569593601266963
2026-09-16,ILI incidence,2026-09-13,1,BE,quantile,0.7,58.648518818991306
2026-09-16,ILI incidence,2026-09-13,1,BE,quantile,0.25,38.139136795579766
2026-09-16,ILI incidence,2026-09-13,1,BE,quantile,0.2,35.99847082216923
2026-09-16,ILI incidence,2026-09-13,1,BE,quantile,0.15,33.48722262788861
2026-09-16,ILI incidence,2026-09-13,1,BE,quantile,0.65,55.9195553539383
2026-09-16,ILI incidence,2026-09-13,1,BE,quantile,0.5,48.78162626871497
2026-09-16,ILI incidence,2026-09-13,1,BE,quantile,0.55,50.92953424458783
2026-09-16,ILI incidence,2026-09-13,1,BE,quantile,0.6,53.36273903882466
2026-09-16,ILI incidence,2026-09-13,1,BE,quantile,0.3,40.249272586223846
2026-09-16,ILI incidence,2026-09-13,1,BE,quantile,0.35,42.295262878642276
2026-09-16,ILI incidence,2026-09-13,1,BE,quantile,0.75,62.195073863611896
2026-09-16,ILI incidence,2026-09-13,1,BE,quantile,0.4,44.484135640842595
2026-09-16,ILI incidence,2026-09-13,1,BE,quantile,0.8,66.27106527956913
2026-09-16,ILI incidence,2026-09-13,1,BE,quantile,0.85,71.35665050080307
2026-09-16,ILI incidence,2026-09-13,1,BE,quantile,0.99,117.68187331473877
2026-09-16,ILI incidence,2026-09-13,1,BE,quantile,0.975,101.65682789842239
2026-09-16,ILI incidence,2026-09-13,1,BE,quantile,0.95,89.53144302816749
2026-09-16,ILI incidence,2026-09-13,1,BE,quantile,0.9,78.34965181828969
2026-09-16,ILI incidence,2026-09-13,1,BE,quantile,0.45,46.59841665577841
2026-09-16,ILI incidence,2026-09-13,1,BE,median,,48.78162626871497
2026-09-16,ILI incidence,2026-09-20,2,BE,quantile,0.4,50.876218977963916
2026-09-16,ILI incidence,2026-09-20,2,BE,quantile,0.025,46.461060821039304
2026-09-16,ILI incidence,2026-09-20,2,BE,quantile,0.35,50.50240124125894
2026-09-16,ILI incidence,2026-09-20,2,BE,quantile,0.01,45.606794665905944
2026-09-16,ILI incidence,2026-09-20,2,BE,quantile,0.05,47.22978818005134
2026-09-16,ILI incidence,2026-09-20,2,BE,quantile,0.6,52.21172198819885
2026-09-16,ILI incidence,2026-09-20,2,BE,quantile,0.5,51.57030295979612
2026-09-16,ILI incidence,2026-09-20,2,BE,quantile,0.45,51.211040035257525
2026-09-16,ILI incidence,2026-09-20,2,BE,quantile,0.55,51.8837522882525
2026-09-16,ILI incidence,2026-09-20,2,BE,quantile,0.65,52.58643929919096
2026-09-16,ILI incidence,2026-09-20,2,BE,quantile,0.7,52.95175654916055
2026-09-16,ILI incidence,2026-09-20,2,BE,quantile,0.75,53.356009127600956
2026-09-16,ILI incidence,2026-09-20,2,BE,quantile,0.8,53.85377601969197
2026-09-16,ILI incidence,2026-09-20,2,BE,quantile,0.3,50.11617757186462
2026-09-16,ILI incidence,2026-09-20,2,BE,quantile,0.85,54.40111986902885
2026-09-16,ILI incidence,2026-09-20,2,BE,quantile,0.99,58.087136179943485
2026-09-16,ILI incidence,2026-09-20,2,BE,quantile,0.975,57.06404322685902
2026-09-16,ILI incidence,2026-09-20,2,BE,quantile,0.1,48.13102338777362
2026-09-16,ILI incidence,2026-09-20,2,BE,quantile,0.15,48.774112478127975
2026-09-16,ILI incidence,2026-09-20,2,BE,quantile,0.2,49.25946595197875
2026-09-16,ILI incidence,2026-09-20,2,BE,quantile,0.25,49.68032416652673
2026-09-16,ILI incidence,2026-09-20,2,BE,quantile,0.9,55.113836164443505
2026-09-16,ILI incidence,2026-09-20,2,BE,quantile,0.95,56.17425513752008
2026-09-16,ILI incidence,2026-09-20,2,BE,median,,51.57030295979612
2026-09-16,ILI incidence,2026-09-27,3,BE,quantile,0.01,4.726113460184411
2026-09-16,ILI incidence,2026-09-27,3,BE,quantile,0.4,24.835471120935253
2026-09-16,ILI incidence,2026-09-27,3,BE,quantile,0.45,27.37914333283426
2026-09-16,ILI incidence,2026-09-27,3,BE,quantile,0.025,6.528508496462763
2026-09-16,ILI incidence,2026-09-27,3,BE,quantile,0.35,22.34568861172317
2026-09-16,ILI incidence,2026-09-27,3,BE,quantile,0.5,30.20844485827483
2026-09-16,ILI incidence,2026-09-27,3,BE,quantile,0.55,33.26028457995905
2026-09-16,ILI incidence,2026-09-27,3,BE,quantile,0.65,40.838211176860625
2026-09-16,ILI incidence,2026-09-27,3,BE,quantile,0.975,139.0702922393651
2026-09-16,ILI incidence,2026-09-27,3,BE,quantile,0.05,8.34645101489306
2026-09-16,ILI incidence,2026-09-27,3,BE,quantile,0.1,11.20487077240674
2026-09-16,ILI incidence,2026-09-27,3,BE,quantile,0.15,13.63585164330104
2026-09-16,ILI incidence,2026-09-27,3,BE,quantile,0.2,15.766410792277025
2026-09-16,ILI incidence,2026-09-27,3,BE,quantile,0.25,17.970252910376505
2026-09-16,ILI incidence,2026-09-27,3,BE,quantile,0.3,20.159315355433442
2026-09-16,ILI incidence,2026-09-27,3,BE,quantile,0.6,36.86529264903547
2026-09-16,ILI incidence,2026-09-27,3,BE,quantile,0.9,81.55852838328376
2026-09-16,ILI incidence,2026-09-27,3,BE,quantile,0.99,182.8621579545593
2026-09-16,ILI incidence,2026-09-27,3,BE,quantile,0.95,107.66220957189478
2026-09-16,ILI incidence,2026-09-27,3,BE,quantile,0.85,67.28424183027911
2026-09-16,ILI incidence,2026-09-27,3,BE,quantile,0.8,58.34534526598476
2026-09-16,ILI incidence,2026-09-27,3,BE,quantile,0.7,45.37621878622104
2026-09-16,ILI incidence,2026-09-27,3,BE,quantile,0.75,50.99323447417905
2026-09-16,ILI incidence,2026-09-27,3,BE,median,,30.20844485827483
2026-09-16,ILI incidence,2026-10-04,4,BE,quantile,0.7,40.45490879733502
2026-09-16,ILI incidence,2026-10-04,4,BE,quantile,0.4,31.162956208383356
2026-09-16,ILI incidence,2026-10-04,4,BE,quantile,0.35,29.875869118889995
2026-09-16,ILI incidence,2026-10-04,4,BE,quantile,0.45,32.476655813759436
2026-09-16,ILI incidence,2026-10-04,4,BE,quantile,0.65,38.61920592200876
2026-09-16,ILI incidence,2026-10-04,4,BE,quantile,0.01,15.564174218347137
2026-09-16,ILI incidence,2026-10-04,4,BE,quantile,0.025,17.687225612429287
2026-09-16,ILI incidence,2026-10-04,4,BE,quantile,0.1,22.117987508730074
2026-09-16,ILI incidence,2026-10-04,4,BE,quantile,0.2,25.7273341139011
2026-09-16,ILI incidence,2026-10-04,4,BE,quantile,0.15,24.040784883520303
2026-09-16,ILI incidence,2026-10-04,4,BE,quantile,0.6,36.88748123847362
2026-09-16,ILI incidence,2026-10-04,4,BE,quantile,0.05,19.782918135871636
2026-09-16,ILI incidence,2026-10-04,4,BE,quantile,0.3,28.49506540558735
2026-09-16,ILI incidence,2026-10-04,4,BE,quantile,0.25,27.130438363026265
2026-09-16,ILI incidence,2026-10-04,4,BE,quantile,0.55,35.26400342404918
2026-09-16,ILI incidence,2026-10-04,4,BE,quantile,0.95,58.79700690811496
2026-09-16,ILI incidence,2026-10-04,4,BE,quantile,0.975,64.41262815701114
2026-09-16,ILI incidence,2026-10-04,4,BE,quantile,0.5,33.790187690932314
2026-09-16,ILI incidence,2026-10-04,4,BE,quantile,0.99,72.450259043293
2026-09-16,ILI incidence,2026-10-04,4,BE,quantile,0.9,52.173884873600414
2026-09-16,ILI incidence,2026-10-04,4,BE,quantile,0.75,42.502564884692944
2026-09-16,ILI incidence,2026-10-04,4,BE,quantile,0.85,47.94809174944241
2026-09-16,ILI incidence,2026-10-04,4,BE,quantile,0.8,44.92458337590065
2026-09-16,ILI incidence,2026-10-04,4,BE,median,,33.790187690932314
2026-09-16,ILI incidence,2026-09-13,1,CH,quantile,0.95,25.41657023177466
2026-09-16,ILI incidence,2026-09-13,1,CH,quantile,0.975,29.5315580658344
2026-09-16,ILI incidence,2026-09-13,1,CH,quantile,0.99,34.55829609972643
2026-09-16,ILI incidence,2026-09-13,1,CH,quantile,0.5,12.071186833755565
2026-09-16,ILI incidence,2026-09-13,1,CH,quantile,0.9,21.686089902319008
2026-09-16,ILI incidence,2026-09-13,1,CH,quantile,0.85,19.313075505056894
2026-09-16,ILI incidence,2026-09-13,1,CH,quantile,0.8,17.74446251197172
2026-09-16,ILI incidence,2026-09-13,1,CH,quantile,0.45,11.46219842757341
2026-09-16,ILI incidence,2026-09-13,1,CH,quantile,0.75,16.490931314044154
2026-09-16,ILI incidence,2026-09-13,1,CH,quantile,0.65,14.420992995038567
2026-09-16,ILI incidence,2026-09-13,1,CH,quantile,0.7,15.440612091608614
2026-09-16,ILI incidence,2026-09-13,1,CH,quantile,0.4,10.879473645299644
2026-09-16,ILI incidence,2026-09-13,1,CH,quantile,0.55,12.768756982474274
2026-09-16,ILI incidence,2026-09-13,1,CH,quantile,0.6,13.525621698428557
2026-09-16,ILI incidence,2026-09-13,1,CH,quantile,0.35,10.263402183300801
2026-09-16,ILI incidence,2026-09-13,1,CH,quantile,0.3,9.652718799178885
2026-09-16,ILI incidence,2026-09-13,1,CH,quantile,0.05,5.706572657978626
2026-09-16,ILI incidence,2026-09-13,1,CH,quantile,0.01,4.236788474865331
2026-09-16,ILI incidence,2026-09-13,1,CH,quantile,0.1,6.837245691190702
2026-09-16,ILI incidence,2026-09-13,1,CH,quantile,0.025,4.969236513161054
2026-09-16,ILI incidence,2026-09-13,1,CH,quantile,0.15,7.61264028537007
2026-09-16,ILI incidence,2026-09-13,1,CH,quantile,0.25,8.986885495653667
2026-09-16,ILI incidence,2026-09-13,1,CH,quantile,0.2,8.314721352412205
2026-09-16,ILI incidence,2026-09-13,1,CH,median,,12.071186833755565
2026-09-16,ILI incidence,2026-09-20,2,CH,quantile,0.7,22.854350067002326
2026-09-16,ILI incidence,2026-09-20,2,CH,quantile,0.65,22.395255303534945
2026-09-16,ILI incidence,2026-09-20,2,CH,quantile,0.5,21.147412043720685
2026-09-16,ILI incidence,2026-09-20,2,CH,quantile,0.85,24.53719939151145
2026-09-16,ILI incidence,2026-09-20,2,CH,quantile,0.45,20.78100636932026
2026-09-16,ILI incidence,2026-09-20,2,CH,quantile,0.4,20.41463256826223
2026-09-16,ILI incidence,2026-09-20,2,CH,quantile,0.9,25.406526859802426
2026-09-16,ILI incidence,2026-09-20,2,CH,quantile,0.6,21.932782088781416
2026-09-16,ILI incidence,2026-09-20,2,CH,quantile,0.99,29.614529720363546
2026-09-16,ILI incidence,2026-09-20,2,CH,quantile,0.975,27.982044706936907
2026-09-16,ILI incidence,2026-09-20,2,CH,quantile,0.95,26.730664488219322
2026-09-16,ILI incidence,2026-09-20,2,CH,quantile,0.8,23.896975404338853
2026-09-16,ILI incidence,2026-09-20,2,CH,quantile,0.35,20.00527080558765
2026-09-16,ILI incidence,2026-09-20,2,CH,quantile,0.55,21.511172302120013
2026-09-16,ILI incidence,2026-09-20,2,CH,quantile,0.75,23.35255872400754
2026-09-16,ILI incidence,2026-09-20,2,CH,quantile,0.3,19.592727315858266
2026-09-16,ILI incidence,2026-09-20,2,CH,quantile,0.25,19.17300584967082
2026-09-16,ILI incidence,2026-09-20,2,CH,quantile,0.2,18.731953143749166
2026-09-16,ILI incidence,2026-09-20,2,CH,quantile,0.15,18.25474970936748
2026-09-16,ILI incidence,2026-09-20,2,CH,quantile,0.1,17.641014035718626
2026-09-16,ILI incidence,2026-09-20,2,CH,quantile,0.01,15.169844216347963
2026-09-16,ILI incidence,2026-09-20,2,CH,quantile,0.05,16.735274270290926
2026-09-16,ILI incidence,2026-09-20,2,CH,quantile,0.025,16.03097753366549
2026-09-16,ILI incidence,2026-09-20,2,CH,median,,21.147412043720685
2026-09-16,ILI incidence,2026-09-27,3,CH,quantile,0.9,11.764137599489839
2026-09-16,ILI incidence,2026-09-27,3,CH,quantile,0.85,10.92285815444959
2026-09-16,ILI incidence,2026-09-27,3,CH,quantile,0.75,9.801573989694692
2026-09-16,ILI incidence,2026-09-27,3,CH,quantile,0.95,13.22325388015104
2026-09-16,ILI incidence,2026-09-27,3,CH,quantile,0.7,9.415628802092353
2026-09-16,ILI incidence,2026-09-27,3,CH,quantile,0.25,6.520110253176037
2026-09-16,ILI incidence,2026-09-27,3,CH,quantile,0.8,10.305720265546913
2026-09-16,ILI incidence,2026-09-27,3,CH,quantile,0.975,14.575570302576946
2026-09-16,ILI incidence,2026-09-27,3,CH,quantile,0.65,9.023107033593405
2026-09-16,ILI incidence,2026-09-27,3,CH,quantile,0.5,7.996625697618795
2026-09-16,ILI incidence,2026-09-27,3,CH,quantile,0.99,16.066408047121985
2026-09-16,ILI incidence,2026-09-27,3,CH,quantile,0.2,6.194006694974411
2026-09-16,ILI incidence,2026-09-27,3,CH,quantile,0.6,8.626970678765893
2026-09-16,ILI incidence,2026-09-27,3,CH,quantile,0.45,7.710403558277977
2026-09-16,ILI incidence,2026-09-27,3,CH,quantile,0.55,8.306783221678929
2026-09-16,ILI incidence,2026-09-27,3,CH,quantile,0.4,7.421334288175906
2026-09-16,ILI incidence,2026-09-27,3,CH,quantile,0.15,5.803968581414854
2026-09-16,ILI incidence,2026-09-27,3,CH,quantile,0.01,3.892061335472482
2026-09-16,ILI incidence,2026-09-27,3,CH,quantile,0.3,6.816799000206485
2026-09-16,ILI incidence,2026-09-27,3,CH,quantile,0.35,7.113231493181968
2026-09-16,ILI incidence,2026-09-27,3,CH,quantile,0.1,5.380166660371961
2026-09-16,ILI incidence,2026-09-27,3,CH,quantile,0.05,4.836813413452154
2026-09-16,ILI incidence,2026-09-27,3,CH,quantile,0.025,4.416339542425163
2026-09-16,ILI incidence,2026-09-27,3,CH,median,,7.996625697618795
2026-09-16,ILI incidence,2026-10-04,4,CH,quantile,0.65,27.144302836688865
2026-09-16,ILI incidence,2026-10-04,4,CH,quantile,0.7,27.903760411467925
2026-09-16,ILI incidence,2026-10-04,4,CH,quantile,0.35,23.297894235002616
2026-09-16,ILI incidence,2026-10-04,4,CH,quantile,0.85,30.90584637473612
2026-09-16,ILI incidence,2026-10-04,4,CH,quantile,0.6,26.501155085523372
2026-09-16,ILI incidence,2026-10-04,4,CH,quantile,0.4,23.921904340886783
2026-09-16,ILI incidence,2026-10-04,4,CH,quantile,0.3,22.669698652193397
2026-09-16,ILI incidence,2026-10-04,4,CH,quantile,0.8,29.68043294570777
2026-09-16,ILI incidence,2026-10-04,4,CH,quantile,0.45,24.498710854311504
2026-09-16,ILI incidence,2026-10-04,4,CH,quantile,0.95,34.82875928616945
2026-09-16,ILI incidence,2026-10-04,4,CH,quantile,0.55,25.79349841512938
2026-09-16,ILI incidence,2026-10-04,4,CH,quantile,0.5,25.126771894129806
2026-09-16,ILI incidence,2026-10-04,4,CH,quantile,0.99,40.17869571891972
2026-09-16,ILI incidence,2026-10-04,4,CH,quantile,0.975,37.31398209934376
2026-09-16,ILI incidence,2026-10-04,4,CH,quantile,0.9,32.323944954572674
2026-09-16,ILI incidence,2026-10-04,4,CH,quantile,0.75,28.729258234087656
2026-09-16,ILI incidence,2026-10-04,4,CH,quantile,0.1,19.560259246588874
2026-09-16,ILI incidence,2026-10-04,4,CH,quantile,0.25,22.043412693830877
2026-09-16,ILI incidence,2026-10-04,4,CH,quantile,0.15,20.47907206883507
2026-09-16,ILI incidence,2026-10-04,4,CH,quantile,0.01,16.02616203011344
2026-09-16,ILI incidence,2026-10-04,4,CH,quantile,0.2,21.342594262333574
2026-09-16,ILI incidence,2026-10-04,4,CH,quantile,0.025,17.118952455593075
2026-09-16,ILI incidence,2026-10-04,4,CH,quantile,0.05,18.229095575840812
2026-09-16,ILI incidence,2026-10-04,4,CH,median,,25.126771894129806
2026-09-16,ILI incidence,2026-09-13,1,DK,quantile,0.85,101.89350424042826
2026-09-16,ILI incidence,2026-09-13,1,DK,quantile,0.99,133.64219179377653
2026-09-16,ILI incidence,2026-09-13,1,DK,quantile,0.95,116.07722223212471
2026-09-16,ILI incidence,2026-09-13,1,DK,quantile,0.9,107.85250724042827
2026-09-16,ILI incidence,2026-09-13,1,DK,quantile,0.975,123.82850212402106
2026-09-16,ILI incidence,2026-09-13,1,DK,quantile,0.8,97.76769086033872
2026-09-16,ILI incidence,2026-09-13,1,DK,quantile,0.7,91.37503738176918
2026-09-16,ILI incidence,2026-09-13,1,DK,quantile,0.75,94.20985811298752
2026-09-16,ILI incidence,2026-09-13,1,DK,quantile,0.65,88.6847714036155
2026-09-16,ILI incidence,2026-09-13,1,DK,quantile,0.6,86.21774461991328
2026-09-16,ILI incidence,2026-09-13,1,DK,quantile,0.55,83.77951104293635
2026-09-16,ILI incidence,2026-09-13,1,DK,quantile,0.45,79.15828455816361
2026-09-16,ILI incidence,2026-09-13,1,DK,quantile,0.5,81.38780408406305
2026-09-16,ILI incidence,2026-09-13,1,DK,quantile,0.4,76.97617939457335
2026-09-16,ILI incidence,2026-09-13,1,DK,quantile,0.35,74.90301123914969
2026-09-16,ILI incidence,2026-09-13,1,DK,quantile,0.25,70.24434898881115
2026-09-16,ILI incidence,2026-09-13,1,DK,quantile,0.3,72.73559660942759
2026-09-16,ILI incidence,2026-09-13,1,DK,quantile,0.2,67.83065876264156
2026-09-16,ILI incidence,2026-09-13,1,DK,quantile,0.15,65.15181214444257
2026-09-16,ILI incidence,2026-09-13,1,DK,quantile,0.1,61.64463551862787
2026-09-16,ILI incidence,2026-09-13,1,DK,quantile,0.05,56.51440378844768
2026-09-16,ILI incidence,2026-09-13,1,DK,quantile,0.025,52.63531917500695
2026-09-16,ILI incidence,2026-09-13,1,DK,quantile,0.01,48.926426201017925
2026-09-16,ILI incidence,2026-09-13,1,DK,median,,81.38780408406305
2026-09-16,ILI incidence,2026-09-20,2,DK,quantile,0.35,63.02462504777212
2026-09-16,ILI incidence,2026-09-20,2,DK,quantile,0.4,64.21505616526746
2026-09-16,ILI incidence,2026-09-20,2,DK,quantile,0.45,65.43879275453334
2026-09-16,ILI incidence,2026-09-20,2,DK,quantile,0.3,61.908918010811895
2026-09-16,ILI incidence,2026-09-20,2,DK,quantile,0.5,66.51746648872279
2026-09-16,ILI incidence,2026-09-20,2,DK,quantile,0.25,60.68557859939662
2026-09-16,ILI incidence,2026-09-20,2,DK,quantile,0.75,72.98859072543164
2026-09-16,ILI incidence,2026-09-20,2,DK,quantile,0.65,70.09706538102465
2026-09-16,ILI incidence,2026-09-20,2,DK,quantile,0.01,48.27252016612914
2026-09-16,ILI incidence,2026-09-20,2,DK,quantile,0.025,50.50556958621949
2026-09-16,ILI incidence,2026-09-20,2,DK,quantile,0.05,52.97937658389683
2026-09-16,ILI incidence,2026-09-20,2,DK,quantile,0.1,55.81421659165001
2026-09-16,ILI incidence,2026-09-20,2,DK,quantile,0.15,57.72030084993663
2026-09-16,ILI incidence,2026-09-20,2,DK,quantile,0.2,59.30390787942609
2026-09-16,ILI incidence,2026-09-20,2,DK,quantile,0.55,67.73871514098266
2026-09-16,ILI incidence,2026-09-20,2,DK,quantile,0.6,68.92137081247725
2026-09-16,ILI incidence,2026-09-20,2,DK,quantile,0.8,74.71679651487074
2026-09-16,ILI incidence,2026-09-20,2,DK,quantile,0.7,71.50614321827995
2026-09-16,ILI incidence,2026-09-20,2,DK,quantile,0.85,76.82237839601893
2026-09-16,ILI incidence,2026-09-20,2,DK,quantile,0.9,79.29295017767598
2026-09-16,ILI incidence,2026-09-20,2,DK,quantile,0.95,83.26307352376668
2026-09-16,ILI incidence,2026-09-20,2,DK,quantile,0.975,87.0551470153197
2026-09-16,ILI incidence,2026-09-20,2,DK,quantile,0.99,92.02608422283107
2026-09-16,ILI incidence,2026-09-20,2,DK,median,,66.51746648872279
2026-09-16,ILI incidence,2026-09-27,3,DK,quantile,0.2,83.34000644668387
2026-09-16,ILI incidence,2026-09-27,3,DK,quantile,0.3,88.43420008322484
2026-09-16,ILI incidence,2026-09-27,3,DK,quantile,0.15,80.06824488959975
2026-09-16,ILI incidence,2026-09-27,3,DK,quantile,0.35,90.81694769528609
2026-09-16,ILI incidence,2026-09-27,3,DK,quantile,0.25,86.01293620188508
2026-09-16,ILI incidence,2026-09-27,3,DK,quantile,0.1,76.39620811258608
2026-09-16,ILI incidence,2026-09-27,3,DK,quantile,0.4,93.39341598379812
2026-09-16,ILI incidence,2026-09-27,3,DK,quantile,0.45,95.77355724168777
2026-09-16,ILI incidence,2026-09-27,3,DK,quantile,0.975,144.6078894635284
2026-09-16,ILI incidence,2026-09-27,3,DK,quantile,0.99,156.49987536456416
2026-09-16,ILI incidence,2026-09-27,3,DK,quantile,0.95,135.5037725608035
2026-09-16,ILI incidence,2026-09-27,3,DK,quantile,0.9,126.30376693175519
2026-09-16,ILI incidence,2026-09-27,3,DK,quantile,0.05,70.9406581568294
2026-09-16,ILI incidence,2026-09-27,3,DK,quantile,0.85,120.33279917607302
2026-09-16,ILI incidence,2026-09-27,3,DK,quantile,0.8,115.69765101979921
2026-09-16,ILI incidence,2026-09-27,3,DK,quantile,0.75,112.1052846057443
2026-09-16,ILI incidence,2026-09-27,3,DK,quantile,0.5,98.10931107227304
2026-09-16,ILI incidence,2026-09-27,3,DK,quantile,0.7,108.76952355602218
2026-09-16,ILI incidence,2026-09-27,3,DK,quantile,0.6,103.18956698385544
2026-09-16,ILI incidence,2026-09-27,3,DK,quantile,0.65,105.78952599139899
2026-09-16,ILI incidence,2026-09-27,3,DK,quantile,0.55,100.5561450777272
2026-09-16,ILI incidence,2026-09-27,3,DK,quantile,0.01,62.07680887587672
2026-09-16,ILI incidence,2026-09-27,3,DK,quantile,0.025,66.40475980018583
2026-09-16,ILI incidence,2026-09-27,3,DK,median,,98.10931107227304
2026-09-16,ILI incidence,2026-10-04,4,DK,quantile,0.975,112.4913534701971
2026-09-16,ILI incidence,2026-10-04,4,DK,quantile,0.95,107.8177624385385
2026-09-16,ILI incidence,2026-10-04,4,DK,quantile,0.3,81.96772772527156
2026-09-16,ILI incidence,2026-10-04,4,DK,quantile,0.9,103.13764070936847
2026-09-16,ILI incidence,2026-10-04,4,DK,quantile,0.5,87.68042118711631
2026-09-16,ILI incidence,2026-10-04,4,DK,quantile,0.35,83.44900986165337
2026-09-16,ILI incidence,2026-10-04,4,DK,quantile,0.45,86.3076911319007
2026-09-16,ILI incidence,2026-10-04,4,DK,quantile,0.4,84.84762316684737
2026-09-16,ILI incidence,2026-10-04,4,DK,quantile,0.15,76.88108266507284
2026-09-16,ILI incidence,2026-10-04,4,DK,quantile,0.01,64.97907530592047
2026-09-16,ILI incidence,2026-10-04,4,DK,quantile,0.99,117.14508067805454
2026-09-16,ILI incidence,2026-10-04,4,DK,quantile,0.6,90.50909264764238
2026-09-16,ILI incidence,2026-10-04,4,DK,quantile,0.55,88.99808836882826
2026-09-16,ILI incidence,2026-10-04,4,DK,quantile,0.025,68.2531042535264
2026-09-16,ILI incidence,2026-10-04,4,DK,quantile,0.85,100.18076446234363
2026-09-16,ILI incidence,2026-10-04,4,DK,quantile,0.1,74.59664229683293
2026-09-16,ILI incidence,2026-10-04,4,DK,quantile,0.2,78.8305065339569
2026-09-16,ILI incidence,2026-10-04,4,DK,quantile,0.25,80.49282940238885
2026-09-16,ILI incidence,2026-10-04,4,DK,quantile,0.7,93.75790189652746
2026-09-16,ILI incidence,2026-10-04,4,DK,quantile,0.75,95.65891936713572
2026-09-16,ILI incidence,2026-10-04,4,DK,quantile,0.8,97.73763890751027
2026-09-16,ILI incidence,2026-10-04,4,DK,quantile,0.05,70.90532698945061
2026-09-16,ILI incidence,2026-10-04,4,DK,quantile,0.65,92.17465296063409
2026-09-16,ILI incidence,2026-10-04,4,DK,median,,87.68042118711631
2026-09-16,ILI incidence,2026-09-13,1,EE,quantile,0.8,158.10803582361882
2026-09-16,ILI incidence,2026-09-13,1,EE,quantile,0.85,167.29897330478707
2026-09-16,ILI incidence,2026-09-13,1,EE,quantile,0.5,123.85817458884715
2026-09-16,ILI incidence,2026-09-13,1,EE,quantile,0.75,150.299076341324
2026-09-16,ILI incidence,2026-09-13,1,EE,quantile,0.45,119.51177052138925
2026-09-16,ILI incidence,2026-09-13,1,EE,quantile,0.7,143.54593985333472
2026-09-16,ILI incidence,2026-09-13,1,EE,quantile,0.65,138.3240966741577
2026-09-16,ILI incidence,2026-09-13,1,EE,quantile,0.6,133.1227118825319
2026-09-16,ILI incidence,2026-09-13,1,EE,quantile,0.55,128.4024701326421
2026-09-16,ILI incidence,2026-09-13,1,EE,quantile,0.99,241.1169834823086
2026-09-16,ILI incidence,2026-09-13,1,EE,quantile,0.35,111.03696655314164
2026-09-16,ILI incidence,2026-09-13,1,EE,quantile,0.9,178.69503858683038
2026-09-16,ILI incidence,2026-09-13,1,EE,quantile,0.95,198.26142392986588
2026-09-16,ILI incidence,2026-09-13,1,EE,quantile,0.975,216.84830754916607
2026-09-16,ILI incidence,2026-09-13,1,EE,quantile,0.25,102.22223717614322
2026-09-16,ILI incidence,2026-09-13,1,EE,quantile,0.4,115.37362041277862
2026-09-16,ILI incidence,2026-09-13,1,EE,quantile,0.15,91.52670744042933
2026-09-16,ILI incidence,2026-09-13,1,EE,quantile,0.3,106.85646648755109
2026-09-16,ILI incidence,2026-09-13,1,EE,quantile,0.05,76.40210446294545
2026-09-16,ILI incidence,2026-09-13,1,EE,quantile,0.2,97.22879807334799
2026-09-16,ILI incidence,2026-09-13,1,EE,quantile,0.025,69.28020638877784
2026-09-16,ILI incidence,2026-09-13,1,EE,quantile,0.1,85.2403298683951
2026-09-16,ILI incidence,2026-09-13,1,EE,quantile,0.01,62.8902537404135
2026-09-16,ILI incidence,2026-09-13,1,EE,median,,123.85817458884715
2026-09-16,ILI incidence,2026-09-20,2,EE,quantile,0.025,100.65485447707314
2026-09-16,ILI incidence,2026-09-20,2,EE,quantile,0.05,106.565491349832
2026-09-16,ILI incidence,2026-09-20,2,EE,quantile,0.3,134.0842193061605
2026-09-16,ILI incidence,2026-09-20,2,EE,quantile,0.25,129.95421573765026
2026-09-16,ILI incidence,2026-09-20,2,EE,quantile,0.01,93.63428950127859
2026-09-16,ILI incidence,2026-09-20,2,EE,quantile,0.5,149.93353731503092
2026-09-16,ILI incidence,2026-09-20,2,EE,quantile,0.35,138.04799553379297
2026-09-16,ILI incidence,2026-09-20,2,EE,quantile,0.1,114.74254051698058
2026-09-16,ILI incidence,2026-09-20,2,EE,quantile,0.4,141.75837723323536
2026-09-16,ILI incidence,2026-09-20,2,EE,quantile,0.45,145.86423446031813
2026-09-16,ILI incidence,2026-09-20,2,EE,quantile,0.55,153.8681667369019
2026-09-16,ILI incidence,2026-09-20,2,EE,quantile,0.15,120.72124613619812
2026-09-16,ILI incidence,2026-09-20,2,EE,quantile,0.6,157.99702375927149
2026-09-16,ILI incidence,2026-09-20,2,EE,quantile,0.8,178.10164631713002
2026-09-16,ILI incidence,2026-09-20,2,EE,quantile,0.85,185.17552597554044
2026-09-16,ILI incidence,2026-09-20,2,EE,quantile,0.2,125.68465875884371
2026-09-16,ILI incidence,2026-09-20,2,EE,quantile,0.65,162.0960049752032
2026-09-16,ILI incidence,2026-09-20,2,EE,quantile,0.9,194.600534811974
2026-09-16,ILI incidence,2026-09-20,2,EE,quantile,0.99,241.03018515491863
2026-09-16,ILI incidence,2026-09-20,2,EE,quantile,0.95,208.6519165083304
2026-09-16,ILI incidence,2026-09-20,2,EE,quantile,0.975,223.27897356519566
2026-09-16,ILI incidence,2026-09-20,2,EE,quantile,0.75,172.1378789863483
2026-09-16,ILI incidence,2026-09-20,2,EE,quantile,0.7,166.7848523141131
2026-09-16,ILI incidence,2026-09-20,2,EE,median,,149.93353731503092
2026-09-16,ILI incidence,2026-09-27,3,EE,quantile,0.01,139.90775499525802
2026-09-16,ILI incidence,2026-09-27,3,EE,quantile,0.1,156.51617464150854
2026-09-16,ILI incidence,2026-09-27,3,EE,quantile,0.2,164.55607328131788
2026-09-16,ILI incidence,2026-09-27,3,EE,quantile,0.025,145.76454426033112
2026-09-16,ILI incidence,2026-09-27,3,EE,quantile,0.05,150.59670444373225
2026-09-16,ILI incidence,2026-09-27,3,EE,quantile,0.15,160.96441957372156
2026-09-16,ILI incidence,2026-09-27,3,EE,quantile,0.99,233.898713075199
2026-09-16,ILI incidence,2026-09-27,3,EE,quantile,0.25,167.9693568761189
2026-09-16,ILI incidence,2026-09-27,3,EE,quantile,0.35,173.467240008324
2026-09-16,ILI incidence,2026-09-27,3,EE,quantile,0.45,178.39431404404422
2026-09-16,ILI incidence,2026-09-27,3,EE,quantile,0.3,170.8403740650112
2026-09-16,ILI incidence,2026-09-27,3,EE,quantile,0.4,175.93643412845296
2026-09-16,ILI incidence,2026-09-27,3,EE,quantile,0.5,180.96379251297324
2026-09-16,ILI incidence,2026-09-27,3,EE,quantile,0.75,195.8475640861914
2026-09-16,ILI incidence,2026-09-27,3,EE,quantile,0.6,186.64949316347062
2026-09-16,ILI incidence,2026-09-27,3,EE,quantile,0.95,217.30510506156506
2026-09-16,ILI incidence,2026-09-27,3,EE,quantile,0.55,183.67250932755218
2026-09-16,ILI incidence,2026-09-27,3,EE,quantile,0.8,199.25697468110818
2026-09-16,ILI incidence,2026-09-27,3,EE,quantile,0.975,224.52784104532068
2026-09-16,ILI incidence,2026-09-27,3,EE,quantile,0.85,203.5347833567337
2026-09-16,ILI incidence,2026-09-27,3,EE,quantile,0.65,189.39449114857916
2026-09-16,ILI incidence,2026-09-27,3,EE,quantile,0.9,209.20215814515856
2026-09-16,ILI incidence,2026-09-27,3,EE,quantile,0.7,192.4018697383039
2026-09-16,ILI incidence,2026-09-27,3,EE,median,,180.96379251297324
2026-09-16,ILI incidence,2026-10-04,4,EE,quantile,0.5,193.81595572604007
2026-09-16,ILI incidence,2026-10-04,4,EE,quantile,0.55,195.87509262764718
2026-09-16,ILI incidence,2026-10-04,4,EE,quantile,0.45,191.64098968244025
2026-09-16,ILI incidence,2026-10-04,4,EE,quantile,0.4,189.49469223510067
2026-09-16,ILI incidence,2026-10-04,4,EE,quantile,0.35,187.1345857504284
2026-09-16,ILI incidence,2026-10-04,4,EE,quantile,0.2,179.54048171449534
2026-09-16,ILI incidence,2026-10-04,4,EE,quantile,0.3,184.81935432524963
2026-09-16,ILI incidence,2026-10-04,4,EE,quantile,0.6,197.91541960929726
2026-09-16,ILI incidence,2026-10-04,4,EE,quantile,0.25,182.26724718506435
2026-09-16,ILI incidence,2026-10-04,4,EE,quantile,0.65,200.2964213186297
2026-09-16,ILI incidence,2026-10-04,4,EE,quantile,0.1,172.4802936746338
2026-09-16,ILI incidence,2026-10-04,4,EE,quantile,0.15,176.45133646238116
2026-09-16,ILI incidence,2026-10-04,4,EE,quantile,0.7,202.82175585417468
2026-09-16,ILI incidence,2026-10-04,4,EE,quantile,0.05,167.02195789987513
2026-09-16,ILI incidence,2026-10-04,4,EE,quantile,0.75,205.5138333712312
2026-09-16,ILI incidence,2026-10-04,4,EE,quantile,0.025,162.3921808126455
2026-09-16,ILI incidence,2026-10-04,4,EE,quantile,0.01,156.3498693748924
2026-09-16,ILI incidence,2026-10-04,4,EE,quantile,0.8,208.58050076604275
2026-09-16,ILI incidence,2026-10-04,4,EE,quantile,0.9,217.03839453590305
2026-09-16,ILI incidence,2026-10-04,4,EE,quantile,0.99,237.63711351054118
2026-09-16,ILI incidence,2026-10-04,4,EE,quantile,0.975,230.42504420830446
2026-09-16,ILI incidence,2026-10-04,4,EE,quantile,0.85,212.2510071329667
2026-09-16,ILI incidence,2026-10-04,4,EE,quantile,0.95,224.1960349063374
2026-09-16,ILI incidence,2026-10-04,4,EE,median,,193.81595572604007
2026-09-16,ILI incidence,2026-09-13,1,ES,quantile,0.35,11.982403461190478
2026-09-16,ILI incidence,2026-09-13,1,ES,quantile,0.15,11.098448425884945
2026-09-16,ILI incidence,2026-09-13,1,ES,quantile,0.55,12.76264588760026
2026-09-16,ILI incidence,2026-09-13,1,ES,quantile,0.8,13.910778588360591
2026-09-16,ILI incidence,2026-09-13,1,ES,quantile,0.1,10.780561979945686
2026-09-16,ILI incidence,2026-09-13,1,ES,quantile,0.2,11.35417367904442
2026-09-16,ILI incidence,2026-09-13,1,ES,quantile,0.3,11.788510504920334
2026-09-16,ILI incidence,2026-09-13,1,ES,quantile,0.5,12.55825885868429
2026-09-16,ILI incidence,2026-09-13,1,ES,quantile,0.6,12.94920687953484
2026-09-16,ILI incidence,2026-09-13,1,ES,quantile,0.65,13.158707463686568
2026-09-16,ILI incidence,2026-09-13,1,ES,quantile,0.75,13.634554616195674
2026-09-16,ILI incidence,2026-09-13,1,ES,quantile,0.01,9.454545569779137
2026-09-16,ILI incidence,2026-09-13,1,ES,quantile,0.45,12.372288339479152
2026-09-16,ILI incidence,2026-09-13,1,ES,quantile,0.25,11.592238272981364
2026-09-16,ILI incidence,2026-09-13,1,ES,quantile,0.05,10.277555760317986
2026-09-16,ILI incidence,2026-09-13,1,ES,quantile,0.025,9.89709086851774
2026-09-16,ILI incidence,2026-09-13,1,ES,quantile,0.99,16.80800069660829
2026-09-16,ILI incidence,2026-09-13,1,ES,quantile,0.7,13.373524038534693
2026-09-16,ILI incidence,2026-09-13,1,ES,quantile,0.4,12.172188209364498
2026-09-16,ILI incidence,2026-09-13,1,ES,quantile,0.9,14.670695003758848
2026-09-16,ILI incidence,2026-09-13,1,ES,quantile,0.95,15.346467713058686
2026-09-16,ILI incidence,2026-09-13,1,ES,quantile,0.85,14.26178918211256
2026-09-16,ILI incidence,2026-09-13,1,ES,quantile,0.975,16.0291147763285
2026-09-16,ILI incidence,2026-09-13,1,ES,median,,12.55825885868429
2026-09-16,ILI incidence,2026-09-20,2,ES,quantile,0.975,17.331670311421576
2026-09-16,ILI incidence,2026-09-20,2,ES,quantile,0.65,13.44628247821791
2026-09-16,ILI incidence,2026-09-20,2,ES,quantile,0.8,14.443653546428049
2026-09-16,ILI incidence,2026-09-20,2,ES,quantile,0.95,16.48278458313222
2026-09-16,ILI incidence,2026-09-20,2,ES,quantile,0.99,18.386978507223287
2026-09-16,ILI incidence,2026-09-20,2,ES,quantile,0.6,13.18494960737057
2026-09-16,ILI incidence,2026-09-20,2,ES,quantile,0.7,13.74218715819146
2026-09-16,ILI incidence,2026-09-20,2,ES,quantile,0.9,15.513154343902393
2026-09-16,ILI incidence,2026-09-20,2,ES,quantile,0.85,14.94298680240931
2026-09-16,ILI incidence,2026-09-20,2,ES,quantile,0.75,14.068649620261326
2026-09-16,ILI incidence,2026-09-20,2,ES,quantile,0.55,12.904143386380808
2026-09-16,ILI incidence,2026-09-20,2,ES,quantile,0.35,11.913748559140183
2026-09-16,ILI incidence,2026-09-20,2,ES,quantile,0.25,11.352653920013028
2026-09-16,ILI incidence,2026-09-20,2,ES,quantile,0.4,12.148353191292726
2026-09-16,ILI incidence,2026-09-20,2,ES,quantile,0.2,11.05474535483357
2026-09-16,ILI incidence,2026-09-20,2,ES,quantile,0.5,12.638536171611923
2026-09-16,ILI incidence,2026-09-20,2,ES,quantile,0.15,10.730697707858628
2026-09-16,ILI incidence,2026-09-20,2,ES,quantile,0.3,11.625881049932726
2026-09-16,ILI incidence,2026-09-20,2,ES,quantile,0.45,12.391330377514123
2026-09-16,ILI incidence,2026-09-20,2,ES,quantile,0.1,10.312144028931108
2026-09-16,ILI incidence,2026-09-20,2,ES,quantile,0.05,9.744596618435759
2026-09-16,ILI incidence,2026-09-20,2,ES,quantile,0.01,8.711991189131716
2026-09-16,ILI incidence,2026-09-20,2,ES,quantile,0.025,9.245586903743582
2026-09-16,ILI incidence,2026-09-20,2,ES,median,,12.638536171611923
2026-09-16,ILI incidence,2026-09-27,3,ES,quantile,0.99,21.097384710145217
2026-09-16,ILI incidence,2026-09-27,3,ES,quantile,0.95,18.0422232742439
2026-09-16,ILI incidence,2026-09-27,3,ES,quantile,0.975,19.52032122057134
2026-09-16,ILI incidence,2026-09-27,3,ES,quantile,0.9,16.502949234732395
2026-09-16,ILI incidence,2026-09-27,3,ES,quantile,0.2,10.023565439556357
2026-09-16,ILI incidence,2026-09-27,3,ES,quantile,0.1,9.0232625748212
2026-09-16,ILI incidence,2026-09-27,3,ES,quantile,0.8,14.836441815003475
2026-09-16,ILI incidence,2026-09-27,3,ES,quantile,0.85,15.558671150297958
2026-09-16,ILI incidence,2026-09-27,3,ES,quantile,0.25,10.443979766758584
2026-09-16,ILI incidence,2026-09-27,3,ES,quantile,0.025,7.705435319914054
2026-09-16,ILI incidence,2026-09-27,3,ES,quantile,0.45,11.820820596075379
2026-09-16,ILI incidence,2026-09-27,3,ES,quantile,0.05,8.326806004782208
2026-09-16,ILI incidence,2026-09-27,3,ES,quantile,0.3,10.803333953984538
2026-09-16,ILI incidence,2026-09-27,3,ES,quantile,0.35,11.15432870896731
2026-09-16,ILI incidence,2026-09-27,3,ES,quantile,0.5,12.173295637139244
2026-09-16,ILI incidence,2026-09-27,3,ES,quantile,0.7,13.778397447230072
2026-09-16,ILI incidence,2026-09-27,3,ES,quantile,0.15,9.560896405826352
2026-09-16,ILI incidence,2026-09-27,3,ES,quantile,0.75,14.274211719615407
2026-09-16,ILI incidence,2026-09-27,3,ES,quantile,0.65,13.358345801549252
2026-09-16,ILI incidence,2026-09-27,3,ES,quantile,0.01,7.049563106774301
2026-09-16,ILI incidence,2026-09-27,3,ES,quantile,0.4,11.497660661212542
2026-09-16,ILI incidence,2026-09-27,3,ES,quantile,0.55,12.553690996451047
2026-09-16,ILI incidence,2026-09-27,3,ES,quantile,0.6,12.921723511455383
2026-09-16,ILI incidence,2026-09-27,3,ES,median,,12.173295637139244
2026-09-16,ILI incidence,2026-10-04,4,ES,quantile,0.6,12.627964117448386
2026-09-16,ILI incidence,2026-10-04,4,ES,quantile,0.5,12.178699420061665
2026-09-16,ILI incidence,2026-10-04,4,ES,quantile,0.55,12.40107045053317
2026-09-16,ILI incidence,2026-10-04,4,ES,quantile,0.2,10.780916363988188
2026-09-16,ILI incidence,2026-10-04,4,ES,quantile,0.15,10.471785517049359
2026-09-16,ILI incidence,2026-10-04,4,ES,quantile,0.25,11.048227333669539
2026-09-16,ILI incidence,2026-10-04,4,ES,quantile,0.35,11.528346639015819
2026-09-16,ILI incidence,2026-10-04,4,ES,quantile,0.45,11.959035637434479
2026-09-16,ILI incidence,2026-10-04,4,ES,quantile,0.3,11.291779684658852
2026-09-16,ILI incidence,2026-10-04,4,ES,quantile,0.4,11.74114916674175
2026-09-16,ILI incidence,2026-10-04,4,ES,quantile,0.01,8.657890167682
2026-09-16,ILI incidence,2026-10-04,4,ES,quantile,0.1,10.098872672483223
2026-09-16,ILI incidence,2026-10-04,4,ES,quantile,0.025,9.125444121801149
2026-09-16,ILI incidence,2026-10-04,4,ES,quantile,0.65,12.884064259070495
2026-09-16,ILI incidence,2026-10-04,4,ES,quantile,0.05,9.565251089953364
2026-09-16,ILI incidence,2026-10-04,4,ES,quantile,0.7,13.146791990729069
2026-09-16,ILI incidence,2026-10-04,4,ES,quantile,0.75,13.424224232954993
2026-09-16,ILI incidence,2026-10-04,4,ES,quantile,0.8,13.759386121836375
2026-09-16,ILI incidence,2026-10-04,4,ES,quantile,0.99,17.0911630102719
2026-09-16,ILI incidence,2026-10-04,4,ES,quantile,0.85,14.145503930688045
2026-09-16,ILI incidence,2026-10-04,4,ES,quantile,0.975,16.184745743170687
2026-09-16,ILI incidence,2026-10-04,4,ES,quantile,0.9,14.643469226374734
2026-09-16,ILI incidence,2026-10-04,4,ES,quantile,0.95,15.441401540265511
2026-09-16,ILI incidence,2026-10-04,4,ES,median,,12.178699420061665
2026-09-16,ILI incidence,2026-09-13,1,GB-NIR,quantile,0.3,1.2241284264906047
2026-09-16,ILI incidence,2026-09-13,1,GB-NIR,quantile,0.25,1.1433240729754508
2026-09-16,ILI incidence,2026-09-13,1,GB-NIR,quantile,0.2,1.062968293907006
2026-09-16,ILI incidence,2026-09-13,1,GB-NIR,quantile,0.15,0.9628351778006468
2026-09-16,ILI incidence,2026-09-13,1,GB-NIR,quantile,0.01,0.5443514782500326
2026-09-16,ILI incidence,2026-09-13,1,GB-NIR,quantile,0.025,0.6336127159853048
2026-09-16,ILI incidence,2026-09-13,1,GB-NIR,quantile,0.05,0.7304145962687127
2026-09-16,ILI incidence,2026-09-13,1,GB-NIR,quantile,0.1,0.8580431364758729
2026-09-16,ILI incidence,2026-09-13,1,GB-NIR,quantile,0.35,1.3060308846179558
2026-09-16,ILI incidence,2026-09-13,1,GB-NIR,quantile,0.4,1.3935404459545833
2026-09-16,ILI incidence,2026-09-13,1,GB-NIR,quantile,0.45,1.4787610871274435
2026-09-16,ILI incidence,2026-09-13,1,GB-NIR,quantile,0.5,1.5652685530461157
2026-09-16,ILI incidence,2026-09-13,1,GB-NIR,quantile,0.55,1.6628416057730657
2026-09-16,ILI incidence,2026-09-13,1,GB-NIR,quantile,0.6,1.761642753440611
2026-09-16,ILI incidence,2026-09-13,1,GB-NIR,quantile,0.65,1.8706505843604764
2026-09-16,ILI incidence,2026-09-13,1,GB-NIR,quantile,0.7,1.995194816833935
2026-09-16,ILI incidence,2026-09-13,1,GB-NIR,quantile,0.75,2.1352486760611127
2026-09-16,ILI incidence,2026-09-13,1,GB-NIR,quantile,0.8,2.2972642961375977
2026-09-16,ILI incidence,2026-09-13,1,GB-NIR,quantile,0.85,2.5056573214367566
2026-09-16,ILI incidence,2026-09-13,1,GB-NIR,quantile,0.9,2.794244173029638
2026-09-16,ILI incidence,2026-09-13,1,GB-NIR,quantile,0.95,3.2887199987420095
2026-09-16,ILI incidence,2026-09-13,1,GB-NIR,quantile,0.975,3.7840288599572727
2026-09-16,ILI incidence,2026-09-13,1,GB-NIR,quantile,0.99,4.421071784968654
2026-09-16,ILI incidence,2026-09-13,1,GB-NIR,median,,1.5652685530461157
2026-09-16,ILI incidence,2026-09-20,2,GB-NIR,quantile,0.01,0.8065027520843698
2026-09-16,ILI incidence,2026-09-20,2,GB-NIR,quantile,0.025,0.9144423497868958
2026-09-16,ILI incidence,2026-09-20,2,GB-NIR,quantile,0.05,1.0219558044380896
2026-09-16,ILI incidence,2026-09-20,2,GB-NIR,quantile,0.1,1.1538407301414617
2026-09-16,ILI incidence,2026-09-20,2,GB-NIR,quantile,0.15,1.24657653893772
2026-09-16,ILI incidence,2026-09-20,2,GB-NIR,quantile,0.2,1.3337747466352488
2026-09-16,ILI incidence,2026-09-20,2,GB-NIR,quantile,0.25,1.4093471923046672
2026-09-16,ILI incidence,2026-09-20,2,GB-NIR,quantile,0.3,1.4825875654347633
2026-09-16,ILI incidence,2026-09-20,2,GB-NIR,quantile,0.35,1.5529884836060859
2026-09-16,ILI incidence,2026-09-20,2,GB-NIR,quantile,0.4,1.621743798871604
2026-09-16,ILI incidence,2026-09-20,2,GB-NIR,quantile,0.45,1.692979707324337
2026-09-16,ILI incidence,2026-09-20,2,GB-NIR,quantile,0.5,1.7700300373445943
2026-09-16,ILI incidence,2026-09-20,2,GB-NIR,quantile,0.55,1.8545359027453898
2026-09-16,ILI incidence,2026-09-20,2,GB-NIR,quantile,0.6,1.9365272851654203
2026-09-16,ILI incidence,2026-09-20,2,GB-NIR,quantile,0.65,2.02659512654425
2026-09-16,ILI incidence,2026-09-20,2,GB-NIR,quantile,0.7,2.1233547653209617
2026-09-16,ILI incidence,2026-09-20,2,GB-NIR,quantile,0.75,2.234053867421533
2026-09-16,ILI incidence,2026-09-20,2,GB-NIR,quantile,0.8,2.370502709039267
2026-09-16,ILI incidence,2026-09-20,2,GB-NIR,quantile,0.85,2.52439421815277
2026-09-16,ILI incidence,2026-09-20,2,GB-NIR,quantile,0.9,2.731747298419601
2026-09-16,ILI incidence,2026-09-20,2,GB-NIR,quantile,0.99,3.895244263337241
2026-09-16,ILI incidence,2026-09-20,2,GB-NIR,quantile,0.95,3.0779381643144013
2026-09-16,ILI incidence,2026-09-20,2,GB-NIR,quantile,0.975,3.3862817052863474
2026-09-16,ILI incidence,2026-09-20,2,GB-NIR,median,,1.7700300373445943
2026-09-16,ILI incidence,2026-09-27,3,GB-NIR,quantile,0.025,1.2293042701968306
2026-09-16,ILI incidence,2026-09-27,3,GB-NIR,quantile,0.05,1.2847204786362694
2026-09-16,ILI incidence,2026-09-27,3,GB-NIR,quantile,0.01,1.1628215661531387
2026-09-16,ILI incidence,2026-09-27,3,GB-NIR,quantile,0.1,1.3563042509502008
2026-09-16,ILI incidence,2026-09-27,3,GB-NIR,quantile,0.15,1.4096578818351702
2026-09-16,ILI incidence,2026-09-27,3,GB-NIR,quantile,0.2,1.449831957654449
2026-09-16,ILI incidence,2026-09-27,3,GB-NIR,quantile,0.55,1.681560075028829
2026-09-16,ILI incidence,2026-09-27,3,GB-NIR,quantile,0.6,1.7128195586179176
2026-09-16,ILI incidence,2026-09-27,3,GB-NIR,quantile,0.65,1.7470055014184886
2026-09-16,ILI incidence,2026-09-27,3,GB-NIR,quantile,0.25,1.4874036146474763
2026-09-16,ILI incidence,2026-09-27,3,GB-NIR,quantile,0.45,1.6184030870222958
2026-09-16,ILI incidence,2026-09-27,3,GB-NIR,quantile,0.35,1.5535104991215059
2026-09-16,ILI incidence,2026-09-27,3,GB-NIR,quantile,0.5,1.6481048333525026
2026-09-16,ILI incidence,2026-09-27,3,GB-NIR,quantile,0.3,1.51966676906853
2026-09-16,ILI incidence,2026-09-27,3,GB-NIR,quantile,0.4,1.585294085996139
2026-09-16,ILI incidence,2026-09-27,3,GB-NIR,quantile,0.7,1.7833489258348632
2026-09-16,ILI incidence,2026-09-27,3,GB-NIR,quantile,0.75,1.8245975422083662
2026-09-16,ILI incidence,2026-09-27,3,GB-NIR,quantile,0.8,1.8716731501634525
2026-09-16,ILI incidence,2026-09-27,3,GB-NIR,quantile,0.85,1.9323403334793403
2026-09-16,ILI incidence,2026-09-27,3,GB-NIR,quantile,0.9,2.0061504641884227
2026-09-16,ILI incidence,2026-09-27,3,GB-NIR,quantile,0.95,2.121888753835407
2026-09-16,ILI incidence,2026-09-27,3,GB-NIR,quantile,0.975,2.2361718718192884
2026-09-16,ILI incidence,2026-09-27,3,GB-NIR,quantile,0.99,2.343632646056812
2026-09-16,ILI incidence,2026-09-27,3,GB-NIR,median,,1.6481048333525026
2026-09-16,ILI incidence,2026-10-04,4,GB-NIR,quantile,0.025,1.0981624406270012
2026-09-16,ILI incidence,2026-10-04,4,GB-NIR,quantile,0.3,1.6414340776685685
2026-09-16,ILI incidence,2026-10-04,4,GB-NIR,quantile,0.01,1.0020770455597598
2026-09-16,ILI incidence,2026-10-04,4,GB-NIR,quantile,0.05,1.2028130470827232
2026-09-16,ILI incidence,2026-10-04,4,GB-NIR,quantile,0.1,1.3304685400078888
2026-09-16,ILI incidence,2026-10-04,4,GB-NIR,quantile,0.25,1.5732694186932987
2026-09-16,ILI incidence,2026-10-04,4,GB-NIR,quantile,0.15,1.4263587940737605
2026-09-16,ILI incidence,2026-10-04,4,GB-NIR,quantile,0.2,1.5066561405842325
2026-09-16,ILI incidence,2026-10-04,4,GB-NIR,quantile,0.35,1.707940802393765
2026-09-16,ILI incidence,2026-10-04,4,GB-NIR,quantile,0.4,1.7743155941861795
2026-09-16,ILI incidence,2026-10-04,4,GB-NIR,quantile,0.45,1.8381278304749686
2026-09-16,ILI incidence,2026-10-04,4,GB-NIR,quantile,0.5,1.9029865073196541
2026-09-16,ILI incidence,2026-10-04,4,GB-NIR,quantile,0.55,1.975085008260995
2026-09-16,ILI incidence,2026-10-04,4,GB-NIR,quantile,0.6,2.0426606990649825
2026-09-16,ILI incidence,2026-10-04,4,GB-NIR,quantile,0.65,2.1226088069596285
2026-09-16,ILI incidence,2026-10-04,4,GB-NIR,quantile,0.7,2.2035246283083394
2026-09-16,ILI incidence,2026-10-04,4,GB-NIR,quantile,0.75,2.2995205160529215
2026-09-16,ILI incidence,2026-10-04,4,GB-NIR,quantile,0.8,2.4141365893726205
2026-09-16,ILI incidence,2026-10-04,4,GB-NIR,quantile,0.85,2.5451780629343737
2026-09-16,ILI incidence,2026-10-04,4,GB-NIR,quantile,0.9,2.725913307961388
2026-09-16,ILI incidence,2026-10-04,4,GB-NIR,quantile,0.95,3.0182480421893625
2026-09-16,ILI incidence,2026-10-04,4,GB-NIR,quantile,0.975,3.290582523481385
2026-09-16,ILI incidence,2026-10-04,4,GB-NIR,quantile,0.99,3.639038338243195
2026-09-16,ILI incidence,2026-10-04,4,GB-NIR,median,,1.9029865073196541
2026-09-16,ILI incidence,2026-09-13,1,GB-WLS,quantile,0.975,5.806125423178268
2026-09-16,ILI incidence,2026-09-13,1,GB-WLS,quantile,0.05,0.38685312038809877
2026-09-16,ILI incidence,2026-09-13,1,GB-WLS,quantile,0.1,0.509453044383798
2026-09-16,ILI incidence,2026-09-13,1,GB-WLS,quantile,0.15,0.6052265216385108
2026-09-16,ILI incidence,2026-09-13,1,GB-WLS,quantile,0.3,0.9040576911578998
2026-09-16,ILI incidence,2026-09-13,1,GB-WLS,quantile,0.35,1.0133264188682256
2026-09-16,ILI incidence,2026-09-13,1,GB-WLS,quantile,0.2,0.7045429949830796
2026-09-16,ILI incidence,2026-09-13,1,GB-WLS,quantile,0.25,0.8024175554876668
2026-09-16,ILI incidence,2026-09-13,1,GB-WLS,quantile,0.4,1.1130948910148852
2026-09-16,ILI incidence,2026-09-13,1,GB-WLS,quantile,0.99,7.687970545439243
2026-09-16,ILI incidence,2026-09-13,1,GB-WLS,quantile,0.9,3.511845455208885
2026-09-16,ILI incidence,2026-09-13,1,GB-WLS,quantile,0.95,4.546768226631109
2026-09-16,ILI incidence,2026-09-13,1,GB-WLS,quantile,0.01,0.2209178113593034
2026-09-16,ILI incidence,2026-09-13,1,GB-WLS,quantile,0.025,0.3065457635292724
2026-09-16,ILI incidence,2026-09-13,1,GB-WLS,quantile,0.55,1.4655496151345866
2026-09-16,ILI incidence,2026-09-13,1,GB-WLS,quantile,0.45,1.2207948099299895
2026-09-16,ILI incidence,2026-09-13,1,GB-WLS,quantile,0.8,2.5249415239239505
2026-09-16,ILI incidence,2026-09-13,1,GB-WLS,quantile,0.85,2.9170977799931697
2026-09-16,ILI incidence,2026-09-13,1,GB-WLS,quantile,0.5,1.3317143031745446
2026-09-16,ILI incidence,2026-09-13,1,GB-WLS,quantile,0.6,1.6098277280194442
2026-09-16,ILI incidence,2026-09-13,1,GB-WLS,quantile,0.65,1.78336479470758
2026-09-16,ILI incidence,2026-09-13,1,GB-WLS,quantile,0.7,1.9861507490348367
2026-09-16,ILI incidence,2026-09-13,1,GB-WLS,quantile,0.75,2.2252074095871457
2026-09-16,ILI incidence,2026-09-13,1,GB-WLS,median,,1.3317143031745446
2026-09-16,ILI incidence,2026-09-20,2,GB-WLS,quantile,0.8,2.4514588440936196
2026-09-16,ILI incidence,2026-09-20,2,GB-WLS,quantile,0.2,0.4414221215479797
2026-09-16,ILI incidence,2026-09-20,2,GB-WLS,quantile,0.25,0.5269342020634165
2026-09-16,ILI incidence,2026-09-20,2,GB-WLS,quantile,0.3,0.6184476024919106
2026-09-16,ILI incidence,2026-09-20,2,GB-WLS,quantile,0.75,2.0808190399239272
2026-09-16,ILI incidence,2026-09-20,2,GB-WLS,quantile,0.975,7.651395231585023
2026-09-16,ILI incidence,2026-09-20,2,GB-WLS,quantile,0.95,5.583603480387272
2026-09-16,ILI incidence,2026-09-20,2,GB-WLS,quantile,0.99,11.729022254566395
2026-09-16,ILI incidence,2026-09-20,2,GB-WLS,quantile,0.15,0.3613714563460088
2026-09-16,ILI incidence,2026-09-20,2,GB-WLS,quantile,0.5,1.054933661237977
2026-09-16,ILI incidence,2026-09-20,2,GB-WLS,quantile,0.55,1.2057891906574665
2026-09-16,ILI incidence,2026-09-20,2,GB-WLS,quantile,0.6,1.3642352717101272
2026-09-16,ILI incidence,2026-09-20,2,GB-WLS,quantile,0.65,1.5526080185221909
2026-09-16,ILI incidence,2026-09-20,2,GB-WLS,quantile,0.7,1.79309486896888
2026-09-16,ILI incidence,2026-09-20,2,GB-WLS,quantile,0.35,0.7118307076192216
2026-09-16,ILI incidence,2026-09-20,2,GB-WLS,quantile,0.85,2.9817162659171186
2026-09-16,ILI incidence,2026-09-20,2,GB-WLS,quantile,0.9,3.7879477277281848
2026-09-16,ILI incidence,2026-09-20,2,GB-WLS,quantile,0.01,0.10160287047238564
2026-09-16,ILI incidence,2026-09-20,2,GB-WLS,quantile,0.025,0.1405088827550556
2026-09-16,ILI incidence,2026-09-20,2,GB-WLS,quantile,0.05,0.19380017212603287
2026-09-16,ILI incidence,2026-09-20,2,GB-WLS,quantile,0.1,0.28209337230248344
2026-09-16,ILI incidence,2026-09-20,2,GB-WLS,quantile,0.4,0.815217788443336
2026-09-16,ILI incidence,2026-09-20,2,GB-WLS,quantile,0.45,0.9321511618818727
2026-09-16,ILI incidence,2026-09-20,2,GB-WLS,median,,1.054933661237977
2026-09-16,ILI incidence,2026-09-27,3,GB-WLS,quantile,0.35,0.724151878489558
2026-09-16,ILI incidence,2026-09-27,3,GB-WLS,quantile,0.4,0.8268646031772099
2026-09-16,ILI incidence,2026-09-27,3,GB-WLS,quantile,0.45,0.9545157135294733
2026-09-16,ILI incidence,2026-09-27,3,GB-WLS,quantile,0.5,1.0895736381394119
2026-09-16,ILI incidence,2026-09-27,3,GB-WLS,quantile,0.55,1.215119286947811
2026-09-16,ILI incidence,2026-09-27,3,GB-WLS,quantile,0.6,1.3887310377999675
2026-09-16,ILI incidence,2026-09-27,3,GB-WLS,quantile,0.65,1.5913465110922824
2026-09-16,ILI incidence,2026-09-27,3,GB-WLS,quantile,0.7,1.8423892997709919
2026-09-16,ILI incidence,2026-09-27,3,GB-WLS,quantile,0.75,2.1538245885517404
2026-09-16,ILI incidence,2026-09-27,3,GB-WLS,quantile,0.8,2.577547507894243
2026-09-16,ILI incidence,2026-09-27,3,GB-WLS,quantile,0.85,3.2061734074360975
2026-09-16,ILI incidence,2026-09-27,3,GB-WLS,quantile,0.9,4.054305236164795
2026-09-16,ILI incidence,2026-09-27,3,GB-WLS,quantile,0.975,8.47022543191192
2026-09-16,ILI incidence,2026-09-27,3,GB-WLS,quantile,0.99,12.791167564372362
2026-09-16,ILI incidence,2026-09-27,3,GB-WLS,quantile,0.95,5.974205924027527
2026-09-16,ILI incidence,2026-09-27,3,GB-WLS,quantile,0.01,0.08625920631961158
2026-09-16,ILI incidence,2026-09-27,3,GB-WLS,quantile,0.025,0.13526159992277817
2026-09-16,ILI incidence,2026-09-27,3,GB-WLS,quantile,0.05,0.18415639676312445
2026-09-16,ILI incidence,2026-09-27,3,GB-WLS,quantile,0.1,0.276219860239676
2026-09-16,ILI incidence,2026-09-27,3,GB-WLS,quantile,0.25,0.5228890747304974
2026-09-16,ILI incidence,2026-09-27,3,GB-WLS,quantile,0.2,0.4369461515369454
2026-09-16,ILI incidence,2026-09-27,3,GB-WLS,quantile,0.15,0.35640136107462783
2026-09-16,ILI incidence,2026-09-27,3,GB-WLS,quantile,0.3,0.6201208333310146
2026-09-16,ILI incidence,2026-09-27,3,GB-WLS,median,,1.0895736381394119
2026-09-16,ILI incidence,2026-10-04,4,GB-WLS,quantile,0.95,6.490598646896398
2026-09-16,ILI incidence,2026-10-04,4,GB-WLS,quantile,0.975,8.31196491115108
2026-09-16,ILI incidence,2026-10-04,4,GB-WLS,quantile,0.3,1.2047201282581301
2026-09-16,ILI incidence,2026-10-04,4,GB-WLS,quantile,0.25,1.077298983907923
2026-09-16,ILI incidence,2026-10-04,4,GB-WLS,quantile,0.025,0.3966619880560781
2026-09-16,ILI incidence,2026-10-04,4,GB-WLS,quantile,0.05,0.4974535759075065
2026-09-16,ILI incidence,2026-10-04,4,GB-WLS,quantile,0.1,0.6552369566013468
2026-09-16,ILI incidence,2026-10-04,4,GB-WLS,quantile,0.15,0.8052415221414172
2026-09-16,ILI incidence,2026-10-04,4,GB-WLS,quantile,0.2,0.9350035977174249
2026-09-16,ILI incidence,2026-10-04,4,GB-WLS,quantile,0.75,3.0193797849799227
2026-09-16,ILI incidence,2026-10-04,4,GB-WLS,quantile,0.8,3.448918288451288
2026-09-16,ILI incidence,2026-10-04,4,GB-WLS,quantile,0.85,4.058374561235819
2026-09-16,ILI incidence,2026-10-04,4,GB-WLS,quantile,0.9,4.889439963139794
2026-09-16,ILI incidence,2026-10-04,4,GB-WLS,quantile,0.99,11.026488135286149
2026-09-16,ILI incidence,2026-10-04,4,GB-WLS,quantile,0.01,0.2959187844300802
2026-09-16,ILI incidence,2026-10-04,4,GB-WLS,quantile,0.35,1.3425277899339036
2026-09-16,ILI incidence,2026-10-04,4,GB-WLS,quantile,0.4,1.4899079021819963
2026-09-16,ILI incidence,2026-10-04,4,GB-WLS,quantile,0.45,1.6387948784453106
2026-09-16,ILI incidence,2026-10-04,4,GB-WLS,quantile,0.5,1.796574588010084
2026-09-16,ILI incidence,2026-10-04,4,GB-WLS,quantile,0.55,1.9789852911343662
2026-09-16,ILI incidence,2026-10-04,4,GB-WLS,quantile,0.6,2.1953696214384935
2026-09-16,ILI incidence,2026-10-04,4,GB-WLS,quantile,0.65,2.4120783352001913
2026-09-16,ILI incidence,2026-10-04,4,GB-WLS,quantile,0.7,2.680223502082278
2026-09-16,ILI incidence,2026-10-04,4,GB-WLS,median,,1.796574588010084
2026-09-16,ILI incidence,2026-09-13,1,GR,quantile,0.45,145.26315280743663
2026-09-16,ILI incidence,2026-09-13,1,GR,quantile,0.5,152.72332857538046
2026-09-16,ILI incidence,2026-09-13,1,GR,quantile,0.55,160.14515582746347
2026-09-16,ILI incidence,2026-09-13,1,GR,quantile,0.35,131.49371842533773
2026-09-16,ILI incidence,2026-09-13,1,GR,quantile,0.4,138.7882410946873
2026-09-16,ILI incidence,2026-09-13,1,GR,quantile,0.7,185.39932798653825
2026-09-16,ILI incidence,2026-09-13,1,GR,quantile,0.75,197.53140578583168
2026-09-16,ILI incidence,2026-09-13,1,GR,quantile,0.1,93.35286450492582
2026-09-16,ILI incidence,2026-09-13,1,GR,quantile,0.6,167.5879518260603
2026-09-16,ILI incidence,2026-09-13,1,GR,quantile,0.025,72.71638739749153
2026-09-16,ILI incidence,2026-09-13,1,GR,quantile,0.65,176.37802013014846
2026-09-16,ILI incidence,2026-09-13,1,GR,quantile,0.8,210.84173582993145
2026-09-16,ILI incidence,2026-09-13,1,GR,quantile,0.85,226.48401357883273
2026-09-16,ILI incidence,2026-09-13,1,GR,quantile,0.01,63.327640561636365
2026-09-16,ILI incidence,2026-09-13,1,GR,quantile,0.05,81.13903806408041
2026-09-16,ILI incidence,2026-09-13,1,GR,quantile,0.99,382.8115902181825
2026-09-16,ILI incidence,2026-09-13,1,GR,quantile,0.95,284.7613670725497
2026-09-16,ILI incidence,2026-09-13,1,GR,quantile,0.25,117.56502673444298
2026-09-16,ILI incidence,2026-09-13,1,GR,quantile,0.9,249.88841605655193
2026-09-16,ILI incidence,2026-09-13,1,GR,quantile,0.15,101.89750315354127
2026-09-16,ILI incidence,2026-09-13,1,GR,quantile,0.2,110.24569961528438
2026-09-16,ILI incidence,2026-09-13,1,GR,quantile,0.3,124.56050559628642
2026-09-16,ILI incidence,2026-09-13,1,GR,quantile,0.975,323.9357341022974
2026-09-16,ILI incidence,2026-09-13,1,GR,median,,152.72332857538046
2026-09-16,ILI incidence,2026-09-20,2,GR,quantile,0.05,172.08915753059645
2026-09-16,ILI incidence,2026-09-20,2,GR,quantile,0.1,190.0848905397581
2026-09-16,ILI incidence,2026-09-20,2,GR,quantile,0.025,157.04415686355998
2026-09-16,ILI incidence,2026-09-20,2,GR,quantile,0.01,142.64574846135918
2026-09-16,ILI incidence,2026-09-20,2,GR,quantile,0.2,214.18625963066503
2026-09-16,ILI incidence,2026-09-20,2,GR,quantile,0.25,224.38061067662076
2026-09-16,ILI incidence,2026-09-20,2,GR,quantile,0.15,203.1302618170482
2026-09-16,ILI incidence,2026-09-20,2,GR,quantile,0.75,328.6763360091463
2026-09-16,ILI incidence,2026-09-20,2,GR,quantile,0.8,343.15709207027845
2026-09-16,ILI incidence,2026-09-20,2,GR,quantile,0.3,234.6684411379701
2026-09-16,ILI incidence,2026-09-20,2,GR,quantile,0.4,253.22423713343625
2026-09-16,ILI incidence,2026-09-20,2,GR,quantile,0.45,262.9732438652797
2026-09-16,ILI incidence,2026-09-20,2,GR,quantile,0.5,271.83051876564923
2026-09-16,ILI incidence,2026-09-20,2,GR,quantile,0.7,315.2224298419956
2026-09-16,ILI incidence,2026-09-20,2,GR,quantile,0.65,303.82349768760196
2026-09-16,ILI incidence,2026-09-20,2,GR,quantile,0.9,387.60361131223175
2026-09-16,ILI incidence,2026-09-20,2,GR,quantile,0.95,429.7533334090331
2026-09-16,ILI incidence,2026-09-20,2,GR,quantile,0.35,244.18585069511818
2026-09-16,ILI incidence,2026-09-20,2,GR,quantile,0.55,281.9849838824051
2026-09-16,ILI incidence,2026-09-20,2,GR,quantile,0.6,292.37328763435994
2026-09-16,ILI incidence,2026-09-20,2,GR,quantile,0.975,468.8440050404239
2026-09-16,ILI incidence,2026-09-20,2,GR,quantile,0.99,519.648145908694
2026-09-16,ILI incidence,2026-09-20,2,GR,quantile,0.85,363.10269458230357
2026-09-16,ILI incidence,2026-09-20,2,GR,median,,271.83051876564923
2026-09-16,ILI incidence,2026-09-27,3,GR,quantile,0.55,280.28617606610356
2026-09-16,ILI incidence,2026-09-27,3,GR,quantile,0.6,301.89233608811065
2026-09-16,ILI incidence,2026-09-27,3,GR,quantile,0.35,207.96753319332714
2026-09-16,ILI incidence,2026-09-27,3,GR,quantile,0.45,241.45226084194692
2026-09-16,ILI incidence,2026-09-27,3,GR,quantile,0.65,327.4403073344981
2026-09-16,ILI incidence,2026-09-27,3,GR,quantile,0.5,260.08615089179534
2026-09-16,ILI incidence,2026-09-27,3,GR,quantile,0.4,224.86703865840343
2026-09-16,ILI incidence,2026-09-27,3,GR,quantile,0.75,387.0497598111235
2026-09-16,ILI incidence,2026-09-27,3,GR,quantile,0.7,355.49350509642636
2026-09-16,ILI incidence,2026-09-27,3,GR,quantile,0.2,158.56876407674906
2026-09-16,ILI incidence,2026-09-27,3,GR,quantile,0.25,175.50831839401866
2026-09-16,ILI incidence,2026-09-27,3,GR,quantile,0.15,142.05545535433254
2026-09-16,ILI incidence,2026-09-27,3,GR,quantile,0.1,122.37631602382714
2026-09-16,ILI incidence,2026-09-27,3,GR,quantile,0.3,191.8326076348112
2026-09-16,ILI incidence,2026-09-27,3,GR,quantile,0.95,683.921578934583
2026-09-16,ILI incidence,2026-09-27,3,GR,quantile,0.9,547.1333344424029
2026-09-16,ILI incidence,2026-09-27,3,GR,quantile,0.975,818.5356937348479
2026-09-16,ILI incidence,2026-09-27,3,GR,quantile,0.99,995.9760167926985
2026-09-16,ILI incidence,2026-09-27,3,GR,quantile,0.8,428.33200604545095
2026-09-16,ILI incidence,2026-09-27,3,GR,quantile,0.85,478.2436616376503
2026-09-16,ILI incidence,2026-09-27,3,GR,quantile,0.01,64.4722790299393
2026-09-16,ILI incidence,2026-09-27,3,GR,quantile,0.025,80.8465793301275
2026-09-16,ILI incidence,2026-09-27,3,GR,quantile,0.05,98.42580931821807
2026-09-16,ILI incidence,2026-09-27,3,GR,median,,260.08615089179534
2026-09-16,ILI incidence,2026-10-04,4,GR,quantile,0.8,345.86539721119925
2026-09-16,ILI incidence,2026-10-04,4,GR,quantile,0.9,438.1166151388766
2026-09-16,ILI incidence,2026-10-04,4,GR,quantile,0.75,315.59943936724557
2026-09-16,ILI incidence,2026-10-04,4,GR,quantile,0.7,290.33321321357874
2026-09-16,ILI incidence,2026-10-04,4,GR,quantile,0.85,381.6064261591583
2026-09-16,ILI incidence,2026-10-04,4,GR,quantile,0.65,270.573904804231
2026-09-16,ILI incidence,2026-10-04,4,GR,quantile,0.95,540.2891263465204
2026-09-16,ILI incidence,2026-10-04,4,GR,quantile,0.99,816.7320731812243
2026-09-16,ILI incidence,2026-10-04,4,GR,quantile,0.975,651.8923461391774
2026-09-16,ILI incidence,2026-10-04,4,GR,quantile,0.55,236.67026597533018
2026-09-16,ILI incidence,2026-10-04,4,GR,quantile,0.5,221.4657369876489
2026-09-16,ILI incidence,2026-10-04,4,GR,quantile,0.6,253.47714211041995
2026-09-16,ILI incidence,2026-10-04,4,GR,quantile,0.4,193.61285983586248
2026-09-16,ILI incidence,2026-10-04,4,GR,quantile,0.45,207.3435689857577
2026-09-16,ILI incidence,2026-10-04,4,GR,quantile,0.35,180.08840298984876
2026-09-16,ILI incidence,2026-10-04,4,GR,quantile,0.25,153.49703610135737
2026-09-16,ILI incidence,2026-10-04,4,GR,quantile,0.3,167.2115610731574
2026-09-16,ILI incidence,2026-10-04,4,GR,quantile,0.2,139.23705695711718
2026-09-16,ILI incidence,2026-10-04,4,GR,quantile,0.15,125.98067000906526
2026-09-16,ILI incidence,2026-10-04,4,GR,quantile,0.1,111.22858798627524
2026-09-16,ILI incidence,2026-10-04,4,GR,quantile,0.01,63.0784589686043
2026-09-16,ILI incidence,2026-10-04,4,GR,quantile,0.05,92.48292481697405
2026-09-16,ILI incidence,2026-10-04,4,GR,quantile,0.025,77.95097967286742
2026-09-16,ILI incidence,2026-10-04,4,GR,median,,221.4657369876489
2026-09-16,ILI incidence,2026-09-13,1,HR,quantile,0.15,0.2682866568470277
2026-09-16,ILI incidence,2026-09-13,1,HR,quantile,0.05,0.09205125147118755
2026-09-16,ILI incidence,2026-09-13,1,HR,quantile,0.1,0.17353033703555792
2026-09-16,ILI incidence,2026-09-13,1,HR,quantile,0.35,0.9367878173950345
2026-09-16,ILI incidence,2026-09-13,1,HR,quantile,0.025,0.05334566134757384
2026-09-16,ILI incidence,2026-09-13,1,HR,quantile,0.2,0.4002756226171324
2026-09-16,ILI incidence,2026-09-13,1,HR,quantile,0.25,0.542527911005583
2026-09-16,ILI incidence,2026-09-13,1,HR,quantile,0.3,0.7219732315746252
2026-09-16,ILI incidence,2026-09-13,1,HR,quantile,0.55,2.521466428767782
2026-09-16,ILI incidence,2026-09-13,1,HR,quantile,0.4,1.2058177526518667
2026-09-16,ILI incidence,2026-09-13,1,HR,quantile,0.5,1.9659341022855612
2026-09-16,ILI incidence,2026-09-13,1,HR,quantile,0.6,3.2117904723199615
2026-09-16,ILI incidence,2026-09-13,1,HR,quantile,0.01,0.030261518805425606
2026-09-16,ILI incidence,2026-09-13,1,HR,quantile,0.45,1.5372900396756894
2026-09-16,ILI incidence,2026-09-13,1,HR,quantile,0.95,42.97330931675953
2026-09-16,ILI incidence,2026-09-13,1,HR,quantile,0.99,159.66745193918655
2026-09-16,ILI incidence,2026-09-13,1,HR,quantile,0.65,4.135940756098627
2026-09-16,ILI incidence,2026-09-13,1,HR,quantile,0.975,80.53085504585734
2026-09-16,ILI incidence,2026-09-13,1,HR,quantile,0.7,5.4166191406083
2026-09-16,ILI incidence,2026-09-13,1,HR,quantile,0.85,14.179788976417829
2026-09-16,ILI incidence,2026-09-13,1,HR,quantile,0.8,9.716502879879675
2026-09-16,ILI incidence,2026-09-13,1,HR,quantile,0.75,7.019389615969038
2026-09-16,ILI incidence,2026-09-13,1,HR,quantile,0.9,22.620777586714276
2026-09-16,ILI incidence,2026-09-13,1,HR,median,,1.9659341022855612
2026-09-16,ILI incidence,2026-09-20,2,HR,quantile,0.2,0.567998963063588
2026-09-16,ILI incidence,2026-09-20,2,HR,quantile,0.1,0.47179875183646025
2026-09-16,ILI incidence,2026-09-20,2,HR,quantile,0.15,0.5229021959649492
2026-09-16,ILI incidence,2026-09-20,2,HR,quantile,0.01,0.29732147601630987
2026-09-16,ILI incidence,2026-09-20,2,HR,quantile,0.025,0.3458374814124212
2026-09-16,ILI incidence,2026-09-20,2,HR,quantile,0.05,0.40363364759856496
2026-09-16,ILI incidence,2026-09-20,2,HR,quantile,0.25,0.6101857511307819
2026-09-16,ILI incidence,2026-09-20,2,HR,quantile,0.8,1.1418987154258078
2026-09-16,ILI incidence,2026-09-20,2,HR,quantile,0.85,1.2288668692745068
2026-09-16,ILI incidence,2026-09-20,2,HR,quantile,0.9,1.3643579713856506
2026-09-16,ILI incidence,2026-09-20,2,HR,quantile,0.3,0.6490745376175657
2026-09-16,ILI incidence,2026-09-20,2,HR,quantile,0.95,1.5842521301165553
2026-09-16,ILI incidence,2026-09-20,2,HR,quantile,0.5,0.8130163606969534
2026-09-16,ILI incidence,2026-09-20,2,HR,quantile,0.975,1.8092392682923577
2026-09-16,ILI incidence,2026-09-20,2,HR,quantile,0.65,0.9521271773487673
2026-09-16,ILI incidence,2026-09-20,2,HR,quantile,0.45,0.7696589047470535
2026-09-16,ILI incidence,2026-09-20,2,HR,quantile,0.6,0.8968325008076228
2026-09-16,ILI incidence,2026-09-20,2,HR,quantile,0.35,0.6881571271425869
2026-09-16,ILI incidence,2026-09-20,2,HR,quantile,0.75,1.0670400483690616
2026-09-16,ILI incidence,2026-09-20,2,HR,quantile,0.99,2.1085424124742116
2026-09-16,ILI incidence,2026-09-20,2,HR,quantile,0.4,0.7282630389926101
2026-09-16,ILI incidence,2026-09-20,2,HR,quantile,0.7,1.0058782899848353
2026-09-16,ILI incidence,2026-09-20,2,HR,quantile,0.55,0.8553074303351483
2026-09-16,ILI incidence,2026-09-20,2,HR,median,,0.8130163606969534
2026-09-16,ILI incidence,2026-09-27,3,HR,quantile,0.65,0.9637460349918805
2026-09-16,ILI incidence,2026-09-27,3,HR,quantile,0.35,0.7412967727542199
2026-09-16,ILI incidence,2026-09-27,3,HR,quantile,0.55,0.8802868852505841
2026-09-16,ILI incidence,2026-09-27,3,HR,quantile,0.6,0.9182204215665869
2026-09-16,ILI incidence,2026-09-27,3,HR,quantile,0.3,0.7098152171586183
2026-09-16,ILI incidence,2026-09-27,3,HR,quantile,0.5,0.8425015875578269
2026-09-16,ILI incidence,2026-09-27,3,HR,quantile,0.25,0.6752985012511762
2026-09-16,ILI incidence,2026-09-27,3,HR,quantile,0.025,0.4309870907122392
2026-09-16,ILI incidence,2026-09-27,3,HR,quantile,0.7,1.0119352400488273
2026-09-16,ILI incidence,2026-09-27,3,HR,quantile,0.15,0.5925478827965432
2026-09-16,ILI incidence,2026-09-27,3,HR,quantile,0.1,0.5467416188209141
2026-09-16,ILI incidence,2026-09-27,3,HR,quantile,0.2,0.636416091511738
2026-09-16,ILI incidence,2026-09-27,3,HR,quantile,0.05,0.48045793525854874
2026-09-16,ILI incidence,2026-09-27,3,HR,quantile,0.01,0.3843478595682507
2026-09-16,ILI incidence,2026-09-27,3,HR,quantile,0.4,0.7745186047012111
2026-09-16,ILI incidence,2026-09-27,3,HR,quantile,0.45,0.8071979274813927
2026-09-16,ILI incidence,2026-09-27,3,HR,quantile,0.85,1.2113533081932155
2026-09-16,ILI incidence,2026-09-27,3,HR,quantile,0.99,1.8430148089837282
2026-09-16,ILI incidence,2026-09-27,3,HR,quantile,0.8,1.1293808327840256
2026-09-16,ILI incidence,2026-09-27,3,HR,quantile,0.9,1.307879471077635
2026-09-16,ILI incidence,2026-09-27,3,HR,quantile,0.95,1.481606314861063
2026-09-16,ILI incidence,2026-09-27,3,HR,quantile,0.75,1.0675626666082674
2026-09-16,ILI incidence,2026-09-27,3,HR,quantile,0.975,1.6502155315217837
2026-09-16,ILI incidence,2026-09-27,3,HR,median,,0.8425015875578269
2026-09-16,ILI incidence,2026-10-04,4,HR,quantile,0.85,1.2476456824323254
2026-09-16,ILI incidence,2026-10-04,4,HR,quantile,0.9,1.4128338431964882
2026-09-16,ILI incidence,2026-10-04,4,HR,quantile,0.75,1.0251529861889461
2026-09-16,ILI incidence,2026-10-04,4,HR,quantile,0.8,1.1255592084017476
2026-09-16,ILI incidence,2026-10-04,4,HR,quantile,0.95,1.6963956417922303
2026-09-16,ILI incidence,2026-10-04,4,HR,quantile,0.7,0.9501617463362013
2026-09-16,ILI incidence,2026-10-04,4,HR,quantile,0.975,2.0135991592507514
2026-09-16,ILI incidence,2026-10-04,4,HR,quantile,0.3,0.5521780641212025
2026-09-16,ILI incidence,2026-10-04,4,HR,quantile,0.45,0.6767085539862099
2026-09-16,ILI incidence,2026-10-04,4,HR,quantile,0.5,0.7234630229329615
2026-09-16,ILI incidence,2026-10-04,4,HR,quantile,0.55,0.7733218150269539
2026-09-16,ILI incidence,2026-10-04,4,HR,quantile,0.25,0.5125848423250192
2026-09-16,ILI incidence,2026-10-04,4,HR,quantile,0.65,0.8846637067871748
2026-09-16,ILI incidence,2026-10-04,4,HR,quantile,0.99,2.431387314718632
2026-09-16,ILI incidence,2026-10-04,4,HR,quantile,0.05,0.31334706898301495
2026-09-16,ILI incidence,2026-10-04,4,HR,quantile,0.6,0.8263660093084995
2026-09-16,ILI incidence,2026-10-04,4,HR,quantile,0.01,0.21872001884927458
2026-09-16,ILI incidence,2026-10-04,4,HR,quantile,0.025,0.26147874448093444
2026-09-16,ILI incidence,2026-10-04,4,HR,quantile,0.15,0.4256264906017982
2026-09-16,ILI incidence,2026-10-04,4,HR,quantile,0.1,0.37791563250144655
2026-09-16,ILI incidence,2026-10-04,4,HR,quantile,0.2,0.4711597582460747
2026-09-16,ILI incidence,2026-10-04,4,HR,quantile,0.4,0.6363940535484933
2026-09-16,ILI incidence,2026-10-04,4,HR,quantile,0.35,0.592167760629148
2026-09-16,ILI incidence,2026-10-04,4,HR,median,,0.7234630229329615
2026-09-16,ILI incidence,2026-09-13,1,HU,quantile,0.025,33.788864735399585
2026-09-16,ILI incidence,2026-09-13,1,HU,quantile,0.05,34.642908081323455
2026-09-16,ILI incidence,2026-09-13,1,HU,quantile,0.1,35.66615805683359
2026-09-16,ILI incidence,2026-09-13,1,HU,quantile,0.15,36.421992680997164
2026-09-16,ILI incidence,2026-09-13,1,HU,quantile,0.25,37.55235148311745
2026-09-16,ILI incidence,2026-09-13,1,HU,quantile,0.01,32.92865857509081
2026-09-16,ILI incidence,2026-09-13,1,HU,quantile,0.2,37.05270047548415
2026-09-16,ILI incidence,2026-09-13,1,HU,quantile,0.3,38.02858160195156
2026-09-16,ILI incidence,2026-09-13,1,HU,quantile,0.9,44.02972221872234
2026-09-16,ILI incidence,2026-09-13,1,HU,quantile,0.975,46.486203310127955
2026-09-16,ILI incidence,2026-09-13,1,HU,quantile,0.99,47.843722277732056
2026-09-16,ILI incidence,2026-09-13,1,HU,quantile,0.45,39.25179994443591
2026-09-16,ILI incidence,2026-09-13,1,HU,quantile,0.4,38.845955179069996
2026-09-16,ILI incidence,2026-09-13,1,HU,quantile,0.35,38.43200457447116
2026-09-16,ILI incidence,2026-09-13,1,HU,quantile,0.95,45.36316903088027
2026-09-16,ILI incidence,2026-09-13,1,HU,quantile,0.85,43.205480571545344
2026-09-16,ILI incidence,2026-09-13,1,HU,quantile,0.8,42.47245508701712
2026-09-16,ILI incidence,2026-09-13,1,HU,quantile,0.75,41.87311494937764
2026-09-16,ILI incidence,2026-09-13,1,HU,quantile,0.7,41.33655260030689
2026-09-16,ILI incidence,2026-09-13,1,HU,quantile,0.65,40.870139873687236
2026-09-16,ILI incidence,2026-09-13,1,HU,quantile,0.6,40.42419122044605
2026-09-16,ILI incidence,2026-09-13,1,HU,quantile,0.5,39.63353997552982
2026-09-16,ILI incidence,2026-09-13,1,HU,quantile,0.55,40.023501928664665
2026-09-16,ILI incidence,2026-09-13,1,HU,median,,39.63353997552982
2026-09-16,ILI incidence,2026-09-20,2,HU,quantile,0.8,35.09350576374622
2026-09-16,ILI incidence,2026-09-20,2,HU,quantile,0.75,33.87539470455375
2026-09-16,ILI incidence,2026-09-20,2,HU,quantile,0.55,30.09100954632958
2026-09-16,ILI incidence,2026-09-20,2,HU,quantile,0.85,36.51130413068366
2026-09-16,ILI incidence,2026-09-20,2,HU,quantile,0.7,32.791986790598685
2026-09-16,ILI incidence,2026-09-20,2,HU,quantile,0.6,30.931593787624337
2026-09-16,ILI incidence,2026-09-20,2,HU,quantile,0.99,47.213779070972
2026-09-16,ILI incidence,2026-09-20,2,HU,quantile,0.65,31.80494769104003
2026-09-16,ILI incidence,2026-09-20,2,HU,quantile,0.9,38.4387575774335
2026-09-16,ILI incidence,2026-09-20,2,HU,quantile,0.975,44.01671342951194
2026-09-16,ILI incidence,2026-09-20,2,HU,quantile,0.95,41.27039928830882
2026-09-16,ILI incidence,2026-09-20,2,HU,quantile,0.35,27.036052466195613
2026-09-16,ILI incidence,2026-09-20,2,HU,quantile,0.4,27.758669305802144
2026-09-16,ILI incidence,2026-09-20,2,HU,quantile,0.45,28.524596729796535
2026-09-16,ILI incidence,2026-09-20,2,HU,quantile,0.5,29.30731293912285
2026-09-16,ILI incidence,2026-09-20,2,HU,quantile,0.25,25.418405456216924
2026-09-16,ILI incidence,2026-09-20,2,HU,quantile,0.3,26.290461329236358
2026-09-16,ILI incidence,2026-09-20,2,HU,quantile,0.2,24.510783500178068
2026-09-16,ILI incidence,2026-09-20,2,HU,quantile,0.15,23.48648251194925
2026-09-16,ILI incidence,2026-09-20,2,HU,quantile,0.01,17.845460086348865
2026-09-16,ILI incidence,2026-09-20,2,HU,quantile,0.025,19.355524888654507
2026-09-16,ILI incidence,2026-09-20,2,HU,quantile,0.05,20.602347597782675
2026-09-16,ILI incidence,2026-09-20,2,HU,quantile,0.1,22.31870564340808
2026-09-16,ILI incidence,2026-09-20,2,HU,median,,29.30731293912285
2026-09-16,ILI incidence,2026-09-27,3,HU,quantile,0.75,30.76289228502349
2026-09-16,ILI incidence,2026-09-27,3,HU,quantile,0.8,32.798567910338114
2026-09-16,ILI incidence,2026-09-27,3,HU,quantile,0.7,29.01612508774747
2026-09-16,ILI incidence,2026-09-27,3,HU,quantile,0.65,27.491714447904442
2026-09-16,ILI incidence,2026-09-27,3,HU,quantile,0.4,21.067405914978337
2026-09-16,ILI incidence,2026-09-27,3,HU,quantile,0.55,24.79629353897395
2026-09-16,ILI incidence,2026-09-27,3,HU,quantile,0.85,35.63302041528205
2026-09-16,ILI incidence,2026-09-27,3,HU,quantile,0.95,44.8290876622944
2026-09-16,ILI incidence,2026-09-27,3,HU,quantile,0.35,20.062204677648026
2026-09-16,ILI incidence,2026-09-27,3,HU,quantile,0.6,26.049385875995533
2026-09-16,ILI incidence,2026-09-27,3,HU,quantile,0.9,39.28493638715963
2026-09-16,ILI incidence,2026-09-27,3,HU,quantile,0.15,15.409112152656393
2026-09-16,ILI incidence,2026-09-27,3,HU,quantile,0.45,22.231022215101667
2026-09-16,ILI incidence,2026-09-27,3,HU,quantile,0.5,23.41847576902446
2026-09-16,ILI incidence,2026-09-27,3,HU,quantile,0.05,12.130151660422488
2026-09-16,ILI incidence,2026-09-27,3,HU,quantile,0.975,50.88502647863919
2026-09-16,ILI incidence,2026-09-27,3,HU,quantile,0.01,9.299377611000294
2026-09-16,ILI incidence,2026-09-27,3,HU,quantile,0.025,10.766618900723545
2026-09-16,ILI incidence,2026-09-27,3,HU,quantile,0.1,13.938150839780164
2026-09-16,ILI incidence,2026-09-27,3,HU,quantile,0.3,18.951263974117197
2026-09-16,ILI incidence,2026-09-27,3,HU,quantile,0.99,59.01220634062962
2026-09-16,ILI incidence,2026-09-27,3,HU,quantile,0.2,16.649890309703153
2026-09-16,ILI incidence,2026-09-27,3,HU,quantile,0.25,17.88950197649693
2026-09-16,ILI incidence,2026-09-27,3,HU,median,,23.41847576902446
2026-09-16,ILI incidence,2026-10-04,4,HU,quantile,0.975,26.086944893755046
2026-09-16,ILI incidence,2026-10-04,4,HU,quantile,0.85,22.59839218360331
2026-09-16,ILI incidence,2026-10-04,4,HU,quantile,0.95,24.83040608362848
2026-09-16,ILI incidence,2026-10-04,4,HU,quantile,0.9,23.44334635795911
2026-09-16,ILI incidence,2026-10-04,4,HU,quantile,0.99,27.345067069408422
2026-09-16,ILI incidence,2026-10-04,4,HU,quantile,0.75,21.363288392822312
2026-09-16,ILI incidence,2026-10-04,4,HU,quantile,0.8,21.918910869850713
2026-09-16,ILI incidence,2026-10-04,4,HU,quantile,0.7,20.868459934878032
2026-09-16,ILI incidence,2026-10-04,4,HU,quantile,0.6,19.994181421703246
2026-09-16,ILI incidence,2026-10-04,4,HU,quantile,0.65,20.41118788408906
2026-09-16,ILI incidence,2026-10-04,4,HU,quantile,0.025,14.262767464134225
2026-09-16,ILI incidence,2026-10-04,4,HU,quantile,0.55,19.60410352058965
2026-09-16,ILI incidence,2026-10-04,4,HU,quantile,0.35,18.116542023885014
2026-09-16,ILI incidence,2026-10-04,4,HU,quantile,0.45,18.86688597065144
2026-09-16,ILI incidence,2026-10-04,4,HU,quantile,0.01,13.657067784513291
2026-09-16,ILI incidence,2026-10-04,4,HU,quantile,0.2,16.889944831675734
2026-09-16,ILI incidence,2026-10-04,4,HU,quantile,0.25,17.342154697177435
2026-09-16,ILI incidence,2026-10-04,4,HU,quantile,0.4,18.505248827045513
2026-09-16,ILI incidence,2026-10-04,4,HU,quantile,0.05,14.980072999720592
2026-09-16,ILI incidence,2026-10-04,4,HU,quantile,0.1,15.791416556256177
2026-09-16,ILI incidence,2026-10-04,4,HU,quantile,0.3,17.733136736676595
2026-09-16,ILI incidence,2026-10-04,4,HU,quantile,0.15,16.40659071039647
2026-09-16,ILI incidence,2026-10-04,4,HU,quantile,0.5,19.246596934715875
2026-09-16,ILI incidence,2026-10-04,4,HU,median,,19.246596934715875
2026-09-16,ILI incidence,2026-09-13,1,IE,quantile,0.4,1.475557657367647
2026-09-16,ILI incidence,2026-09-13,1,IE,quantile,0.65,1.7187406655531663
2026-09-16,ILI incidence,2026-09-13,1,IE,quantile,0.55,1.6134934081295702
2026-09-16,ILI incidence,2026-09-13,1,IE,quantile,0.6,1.6649216152280444
2026-09-16,ILI incidence,2026-09-13,1,IE,quantile,0.35,1.4286180951042857
2026-09-16,ILI incidence,2026-09-13,1,IE,quantile,0.45,1.522158197309945
2026-09-16,ILI incidence,2026-09-13,1,IE,quantile,0.5,1.5677617584822947
2026-09-16,ILI incidence,2026-09-13,1,IE,quantile,0.15,1.216599462401569
2026-09-16,ILI incidence,2026-09-13,1,IE,quantile,0.2,1.2784325690285092
2026-09-16,ILI incidence,2026-09-13,1,IE,quantile,0.3,1.379550895898023
2026-09-16,ILI incidence,2026-09-13,1,IE,quantile,0.8,1.9160787471440173
2026-09-16,ILI incidence,2026-09-13,1,IE,quantile,0.25,1.3281469140219948
2026-09-16,ILI incidence,2026-09-13,1,IE,quantile,0.75,1.8392614843053798
2026-09-16,ILI incidence,2026-09-13,1,IE,quantile,0.7,1.777597888170373
2026-09-16,ILI incidence,2026-09-13,1,IE,quantile,0.01,0.8971004670771824
2026-09-16,ILI incidence,2026-09-13,1,IE,quantile,0.9,2.113251219403664
2026-09-16,ILI incidence,2026-09-13,1,IE,quantile,0.025,0.9727461488322234
2026-09-16,ILI incidence,2026-09-13,1,IE,quantile,0.05,1.0521972735240654
2026-09-16,ILI incidence,2026-09-13,1,IE,quantile,0.1,1.1502165813877505
2026-09-16,ILI incidence,2026-09-13,1,IE,quantile,0.85,2.00240733680181
2026-09-16,ILI incidence,2026-09-13,1,IE,quantile,0.95,2.317656064827447
2026-09-16,ILI incidence,2026-09-13,1,IE,quantile,0.975,2.4929137401975834
2026-09-16,ILI incidence,2026-09-13,1,IE,quantile,0.99,2.6989622266544937
2026-09-16,ILI incidence,2026-09-13,1,IE,median,,1.5677617584822947
2026-09-16,ILI incidence,2026-09-20,2,IE,quantile,0.99,5.471019049481855
2026-09-16,ILI incidence,2026-09-20,2,IE,quantile,0.975,4.637542154802635
2026-09-16,ILI incidence,2026-09-20,2,IE,quantile,0.95,4.0110763836374135
2026-09-16,ILI incidence,2026-09-20,2,IE,quantile,0.9,3.3958274590605635
2026-09-16,ILI incidence,2026-09-20,2,IE,quantile,0.85,3.0618028857098043
2026-09-16,ILI incidence,2026-09-20,2,IE,quantile,0.2,1.287559580685454
2026-09-16,ILI incidence,2026-09-20,2,IE,quantile,0.25,1.3908096447286784
2026-09-16,ILI incidence,2026-09-20,2,IE,quantile,0.8,2.7968308650329545
2026-09-16,ILI incidence,2026-09-20,2,IE,quantile,0.75,2.5881504839038287
2026-09-16,ILI incidence,2026-09-20,2,IE,quantile,0.01,0.6603647587207983
2026-09-16,ILI incidence,2026-09-20,2,IE,quantile,0.15,1.1787782366935413
2026-09-16,ILI incidence,2026-09-20,2,IE,quantile,0.3,1.4917576722885248
2026-09-16,ILI incidence,2026-09-20,2,IE,quantile,0.35,1.5906282106246978
2026-09-16,ILI incidence,2026-09-20,2,IE,quantile,0.4,1.6872740001741362
2026-09-16,ILI incidence,2026-09-20,2,IE,quantile,0.5,1.8960086315100284
2026-09-16,ILI incidence,2026-09-20,2,IE,quantile,0.025,0.7818286994154954
2026-09-16,ILI incidence,2026-09-20,2,IE,quantile,0.05,0.896088675649157
2026-09-16,ILI incidence,2026-09-20,2,IE,quantile,0.1,1.0563545987575658
2026-09-16,ILI incidence,2026-09-20,2,IE,quantile,0.7,2.4109360438894014
2026-09-16,ILI incidence,2026-09-20,2,IE,quantile,0.65,2.26816031179888
2026-09-16,ILI incidence,2026-09-20,2,IE,quantile,0.45,1.789642376282336
2026-09-16,ILI incidence,2026-09-20,2,IE,quantile,0.55,2.0134963423618615
2026-09-16,ILI incidence,2026-09-20,2,IE,quantile,0.6,2.128722902526994
2026-09-16,ILI incidence,2026-09-20,2,IE,median,,1.8960086315100284
2026-09-16,ILI incidence,2026-09-27,3,IE,quantile,0.7,1.4585620936108665
2026-09-16,ILI incidence,2026-09-27,3,IE,quantile,0.65,1.451556271619029
2026-09-16,ILI incidence,2026-09-27,3,IE,quantile,0.75,1.4664979626418906
2026-09-16,ILI incidence,2026-09-27,3,IE,quantile,0.8,1.4748112497167145
2026-09-16,ILI incidence,2026-09-27,3,IE,quantile,0.85,1.4843186286470915
2026-09-16,ILI incidence,2026-09-27,3,IE,quantile,0.6,1.4450359421095698
2026-09-16,ILI incidence,2026-09-27,3,IE,quantile,0.55,1.43833156105921
2026-09-16,ILI incidence,2026-09-27,3,IE,quantile,0.5,1.4322519655667452
2026-09-16,ILI incidence,2026-09-27,3,IE,quantile,0.9,1.497149322455805
2026-09-16,ILI incidence,2026-09-27,3,IE,quantile,0.95,1.5153963957079228
2026-09-16,ILI incidence,2026-09-27,3,IE,quantile,0.975,1.5338494337224433
2026-09-16,ILI incidence,2026-09-27,3,IE,quantile,0.99,1.5524922344610523
2026-09-16,ILI incidence,2026-09-27,3,IE,quantile,0.35,1.4123268338738622
2026-09-16,ILI incidence,2026-09-27,3,IE,quantile,0.4,1.4190105265926896
2026-09-16,ILI incidence,2026-09-27,3,IE,quantile,0.45,1.4253137137417964
2026-09-16,ILI incidence,2026-09-27,3,IE,quantile,0.3,1.405167407862636
2026-09-16,ILI incidence,2026-09-27,3,IE,quantile,0.25,1.3977932444855297
2026-09-16,ILI incidence,2026-09-27,3,IE,quantile,0.2,1.3895439915006067
2026-09-16,ILI incidence,2026-09-27,3,IE,quantile,0.05,1.3515324028275377
2026-09-16,ILI incidence,2026-09-27,3,IE,quantile,0.1,1.3685187720705327
2026-09-16,ILI incidence,2026-09-27,3,IE,quantile,0.025,1.3361235618410556
2026-09-16,ILI incidence,2026-09-27,3,IE,quantile,0.15,1.3800054624806202
2026-09-16,ILI incidence,2026-09-27,3,IE,quantile,0.01,1.318638358308017
2026-09-16,ILI incidence,2026-09-27,3,IE,median,,1.4322519655667452
2026-09-16,ILI incidence,2026-10-04,4,IE,quantile,0.99,2.227068007837438
2026-09-16,ILI incidence,2026-10-04,4,IE,quantile,0.85,1.4290178309983925
2026-09-16,ILI incidence,2026-10-04,4,IE,quantile,0.35,0.8794310142063164
2026-09-16,ILI incidence,2026-10-04,4,IE,quantile,0.9,1.5465953829160675
2026-09-16,ILI incidence,2026-10-04,4,IE,quantile,0.95,1.7492780177073302
2026-09-16,ILI incidence,2026-10-04,4,IE,quantile,0.8,1.3393538179017324
2026-09-16,ILI incidence,2026-10-04,4,IE,quantile,0.25,0.7970578219876605
2026-09-16,ILI incidence,2026-10-04,4,IE,quantile,0.2,0.7539524478203125
2026-09-16,ILI incidence,2026-10-04,4,IE,quantile,0.1,0.6515407787148582
2026-09-16,ILI incidence,2026-10-04,4,IE,quantile,0.75,1.2604724972629064
2026-09-16,ILI incidence,2026-10-04,4,IE,quantile,0.15,0.7045946435268096
2026-09-16,ILI incidence,2026-10-04,4,IE,quantile,0.01,0.4544241191810957
2026-09-16,ILI incidence,2026-10-04,4,IE,quantile,0.3,0.8366154006201902
2026-09-16,ILI incidence,2026-10-04,4,IE,quantile,0.05,0.5770140626986956
2026-09-16,ILI incidence,2026-10-04,4,IE,quantile,0.025,0.5206207411505437
2026-09-16,ILI incidence,2026-10-04,4,IE,quantile,0.7,1.1963470972987378
2026-09-16,ILI incidence,2026-10-04,4,IE,quantile,0.975,1.9650195093136673
2026-09-16,ILI incidence,2026-10-04,4,IE,quantile,0.6,1.0925239534041649
2026-09-16,ILI incidence,2026-10-04,4,IE,quantile,0.55,1.0455278083862933
2026-09-16,ILI incidence,2026-10-04,4,IE,quantile,0.65,1.1404811061919318
2026-09-16,ILI incidence,2026-10-04,4,IE,quantile,0.4,0.9165578847274507
2026-09-16,ILI incidence,2026-10-04,4,IE,quantile,0.5,1.0026578657201166
2026-09-16,ILI incidence,2026-10-04,4,IE,quantile,0.45,0.9600028328952072
2026-09-16,ILI incidence,2026-10-04,4,IE,median,,1.0026578657201166
2026-09-16,ILI incidence,2026-09-13,1,IS,quantile,0.975,1.1846995100166673
2026-09-16,ILI incidence,2026-09-13,1,IS,quantile,0.99,1.2750707403210733
2026-09-16,ILI incidence,2026-09-13,1,IS,quantile,0.8,0.974297508365215
2026-09-16,ILI incidence,2026-09-13,1,IS,quantile,0.7,0.9200965978079145
2026-09-16,ILI incidence,2026-09-13,1,IS,quantile,0.85,1.01062599806378
2026-09-16,ILI incidence,2026-09-13,1,IS,quantile,0.95,1.1236165053624492
2026-09-16,ILI incidence,2026-09-13,1,IS,quantile,0.6,0.8772130643901166
2026-09-16,ILI incidence,2026-09-13,1,IS,quantile,0.75,0.9459826046676596
2026-09-16,ILI incidence,2026-09-13,1,IS,quantile,0.65,0.89635517955412225
2026-09-16,ILI incidence,2026-09-13,1,IS,quantile,0.9,1.0544089213996002
2026-09-16,ILI incidence,2026-09-13,1,IS,quantile,0.55,0.8554694497347484
2026-09-16,ILI incidence,2026-09-13,1,IS,quantile,0.5,0.8370298862575571
2026-09-16,ILI incidence,2026-09-13,1,IS,quantile,0.45,0.8183692427724343
2026-09-16,ILI incidence,2026-09-13,1,IS,quantile,0.4,0.7998704474463046
2026-09-16,ILI incidence,2026-09-13,1,IS,quantile,0.15,0.6966203925163049
2026-09-16,ILI incidence,2026-09-13,1,IS,quantile,0.35,0.7818340838795866
2026-09-16,ILI incidence,2026-09-13,1,IS,quantile,0.1,0.6682277836527961
2026-09-16,ILI incidence,2026-09-13,1,IS,quantile,0.2,0.7219268299796039
2026-09-16,ILI incidence,2026-09-13,1,IS,quantile,0.01,0.5534538782389268
2026-09-16,ILI incidence,2026-09-13,1,IS,quantile,0.05,0.6281792447445499
2026-09-16,ILI incidence,2026-09-13,1,IS,quantile,0.3,0.7633093740935534
2026-09-16,ILI incidence,2026-09-13,1,IS,quantile,0.25,0.7431129543272267
2026-09-16,ILI incidence,2026-09-13,1,IS,quantile,0.025,0.5926401895903181
2026-09-16,ILI incidence,2026-09-13,1,IS,median,,0.8370298862575571
2026-09-16,ILI incidence,2026-09-20,2,IS,quantile,0.1,0.4561452967023924
2026-09-16,ILI incidence,2026-09-20,2,IS,quantile,0.9,1.0888745065936227
2026-09-16,ILI incidence,2026-09-20,2,IS,quantile,0.95,1.2390614829461621
2026-09-16,ILI incidence,2026-09-20,2,IS,quantile,0.3,0.5906041981097587
2026-09-16,ILI incidence,2026-09-20,2,IS,quantile,0.65,0.8061446112500883
2026-09-16,ILI incidence,2026-09-20,2,IS,quantile,0.25,0.5610843637095635
2026-09-16,ILI incidence,2026-09-20,2,IS,quantile,0.99,1.556805035041186
2026-09-16,ILI incidence,2026-09-20,2,IS,quantile,0.975,1.3845278644624073
2026-09-16,ILI incidence,2026-09-20,2,IS,quantile,0.15,0.4940803121621787
2026-09-16,ILI incidence,2026-09-20,2,IS,quantile,0.2,0.5283286630425943
2026-09-16,ILI incidence,2026-09-20,2,IS,quantile,0.025,0.3630987396991452
2026-09-16,ILI incidence,2026-09-20,2,IS,quantile,0.7,0.8423511611111285
2026-09-16,ILI incidence,2026-09-20,2,IS,quantile,0.85,1.007003337994222
2026-09-16,ILI incidence,2026-09-20,2,IS,quantile,0.05,0.40397582398013415
2026-09-16,ILI incidence,2026-09-20,2,IS,quantile,0.75,0.8876578229119241
2026-09-16,ILI incidence,2026-09-20,2,IS,quantile,0.8,0.9422831959911513
2026-09-16,ILI incidence,2026-09-20,2,IS,quantile,0.6,0.7684279149045676
2026-09-16,ILI incidence,2026-09-20,2,IS,quantile,0.55,0.7366924166439837
2026-09-16,ILI incidence,2026-09-20,2,IS,quantile,0.5,0.7055255678295439
2026-09-16,ILI incidence,2026-09-20,2,IS,quantile,0.35,0.6183330824921153
2026-09-16,ILI incidence,2026-09-20,2,IS,quantile,0.4,0.6473944127747671
2026-09-16,ILI incidence,2026-09-20,2,IS,quantile,0.45,0.6747258361473596
2026-09-16,ILI incidence,2026-09-20,2,IS,quantile,0.01,0.31825049847851183
2026-09-16,ILI incidence,2026-09-20,2,IS,median,,0.7055255678295439
2026-09-16,ILI incidence,2026-09-27,3,IS,quantile,0.95,1.1231836606932055
2026-09-16,ILI incidence,2026-09-27,3,IS,quantile,0.99,1.2664811540667666
2026-09-16,ILI incidence,2026-09-27,3,IS,quantile,0.975,1.1871903732874485
2026-09-16,ILI incidence,2026-09-27,3,IS,quantile,0.25,0.740891456766384
2026-09-16,ILI incidence,2026-09-27,3,IS,quantile,0.9,1.0562557547777065
2026-09-16,ILI incidence,2026-09-27,3,IS,quantile,0.3,0.7619687753979223
2026-09-16,ILI incidence,2026-09-27,3,IS,quantile,0.8,0.9730562843644603
2026-09-16,ILI incidence,2026-09-27,3,IS,quantile,0.35,0.7822146943587801
2026-09-16,ILI incidence,2026-09-27,3,IS,quantile,0.75,0.9416370444690713
2026-09-16,ILI incidence,2026-09-27,3,IS,quantile,0.4,0.8019570347845423
2026-09-16,ILI incidence,2026-09-27,3,IS,quantile,0.2,0.7203403994048839
2026-09-16,ILI incidence,2026-09-27,3,IS,quantile,0.85,1.008805756997953
2026-09-16,ILI incidence,2026-09-27,3,IS,quantile,0.7,0.9172155884618842
2026-09-16,ILI incidence,2026-09-27,3,IS,quantile,0.15,0.6964949830381705
2026-09-16,ILI incidence,2026-09-27,3,IS,quantile,0.6,0.8733862664587906
2026-09-16,ILI incidence,2026-09-27,3,IS,quantile,0.45,0.8203020267217163
2026-09-16,ILI incidence,2026-09-27,3,IS,quantile,0.65,0.8935783861637232
2026-09-16,ILI incidence,2026-09-27,3,IS,quantile,0.1,0.6657169404332632
2026-09-16,ILI incidence,2026-09-27,3,IS,quantile,0.55,0.8548065923886916
2026-09-16,ILI incidence,2026-09-27,3,IS,quantile,0.5,0.837832093826034
2026-09-16,ILI incidence,2026-09-27,3,IS,quantile,0.05,0.6242160433102113
2026-09-16,ILI incidence,2026-09-27,3,IS,quantile,0.01,0.5545751111348296
2026-09-16,ILI incidence,2026-09-27,3,IS,quantile,0.025,0.5912656616871305
2026-09-16,ILI incidence,2026-09-27,3,IS,median,,0.837832093826034
2026-09-16,ILI incidence,2026-09-13,1,LT,quantile,0.05,1.3746775146399701
2026-09-16,ILI incidence,2026-09-13,1,LT,quantile,0.025,1.2568984977189201
2026-09-16,ILI incidence,2026-09-13,1,LT,quantile,0.01,1.128064495017159
2026-09-16,ILI incidence,2026-09-13,1,LT,quantile,0.1,1.5165019131861337
2026-09-16,ILI incidence,2026-09-13,1,LT,quantile,0.15,1.6409708336086786
2026-09-16,ILI incidence,2026-09-13,1,LT,quantile,0.25,1.8141399822019568
2026-09-16,ILI incidence,2026-09-13,1,LT,quantile,0.2,1.7273180813077793
2026-09-16,ILI incidence,2026-09-13,1,LT,quantile,0.3,1.8949863519714425
2026-09-16,ILI incidence,2026-09-13,1,LT,quantile,0.5,2.2185816319752485
2026-09-16,ILI incidence,2026-09-13,1,LT,quantile,0.99,4.408875244894907
2026-09-16,ILI incidence,2026-09-13,1,LT,quantile,0.45,2.138434464613395
2026-09-16,ILI incidence,2026-09-13,1,LT,quantile,0.975,3.956804685125264
2026-09-16,ILI incidence,2026-09-13,1,LT,quantile,0.55,2.2991386245698675
2026-09-16,ILI incidence,2026-09-13,1,LT,quantile,0.9,3.246923003178218
2026-09-16,ILI incidence,2026-09-13,1,LT,quantile,0.6,2.390390519651768
2026-09-16,ILI incidence,2026-09-13,1,LT,quantile,0.7,2.606833712044712
2026-09-16,ILI incidence,2026-09-13,1,LT,quantile,0.35,1.9778165958977123
2026-09-16,ILI incidence,2026-09-13,1,LT,quantile,0.65,2.4859324975531614
2026-09-16,ILI incidence,2026-09-13,1,LT,quantile,0.4,2.0549656064032993
2026-09-16,ILI incidence,2026-09-13,1,LT,quantile,0.95,3.6391165453985224
2026-09-16,ILI incidence,2026-09-13,1,LT,quantile,0.75,2.7223267961386783
2026-09-16,ILI incidence,2026-09-13,1,LT,quantile,0.85,3.0288731003573393
2026-09-16,ILI incidence,2026-09-13,1,LT,quantile,0.8,2.8540969313521414
2026-09-16,ILI incidence,2026-09-13,1,LT,median,,2.2185816319752485
2026-09-16,ILI incidence,2026-09-20,2,LT,quantile,0.99,5.369393755352074
2026-09-16,ILI incidence,2026-09-20,2,LT,quantile,0.95,4.432738230336816
2026-09-16,ILI incidence,2026-09-20,2,LT,quantile,0.975,4.838803634357241
2026-09-16,ILI incidence,2026-09-20,2,LT,quantile,0.85,3.7552434172042393
2026-09-16,ILI incidence,2026-09-20,2,LT,quantile,0.75,3.396037661039339
2026-09-16,ILI incidence,2026-09-20,2,LT,quantile,0.8,3.5605393069046687
2026-09-16,ILI incidence,2026-09-20,2,LT,quantile,0.45,2.7261784520535084
2026-09-16,ILI incidence,2026-09-20,2,LT,quantile,0.5,2.822226457505592
2026-09-16,ILI incidence,2026-09-20,2,LT,quantile,0.9,4.015608118800656
2026-09-16,ILI incidence,2026-09-20,2,LT,quantile,0.01,1.5005706061372939
2026-09-16,ILI incidence,2026-09-20,2,LT,quantile,0.025,1.6683518617072663
2026-09-16,ILI incidence,2026-09-20,2,LT,quantile,0.05,1.8068235636956744
2026-09-16,ILI incidence,2026-09-20,2,LT,quantile,0.55,2.926582453565463
2026-09-16,ILI incidence,2026-09-20,2,LT,quantile,0.6,3.030146928941574
2026-09-16,ILI incidence,2026-09-20,2,LT,quantile,0.7,3.258456550950378
2026-09-16,ILI incidence,2026-09-20,2,LT,quantile,0.15,2.124474520187257
2026-09-16,ILI incidence,2026-09-20,2,LT,quantile,0.4,2.6337557576188706
2026-09-16,ILI incidence,2026-09-20,2,LT,quantile,0.35,2.542746229959359
2026-09-16,ILI incidence,2026-09-20,2,LT,quantile,0.3,2.4539751920903368
2026-09-16,ILI incidence,2026-09-20,2,LT,quantile,0.65,3.139289106454185
2026-09-16,ILI incidence,2026-09-20,2,LT,quantile,0.1,1.9913379931077049
2026-09-16,ILI incidence,2026-09-20,2,LT,quantile,0.2,2.2451055087793335
2026-09-16,ILI incidence,2026-09-20,2,LT,quantile,0.25,2.351617388200815
2026-09-16,ILI incidence,2026-09-20,2,LT,median,,2.822226457505592
2026-09-16,ILI incidence,2026-09-27,3,LT,quantile,0.3,1.8367623654183902
2026-09-16,ILI incidence,2026-09-27,3,LT,quantile,0.35,1.9587128429931775
2026-09-16,ILI incidence,2026-09-27,3,LT,quantile,0.4,2.0932655605306216
2026-09-16,ILI incidence,2026-09-27,3,LT,quantile,0.85,4.042017968486044
2026-09-16,ILI incidence,2026-09-27,3,LT,quantile,0.45,2.236528945464392
2026-09-16,ILI incidence,2026-09-27,3,LT,quantile,0.15,1.4162287255247499
2026-09-16,ILI incidence,2026-09-27,3,LT,quantile,0.25,1.7020261269488164
2026-09-16,ILI incidence,2026-09-27,3,LT,quantile,0.75,3.3421493364642667
2026-09-16,ILI incidence,2026-09-27,3,LT,quantile,0.9,4.606967800128909
2026-09-16,ILI incidence,2026-09-27,3,LT,quantile,0.1,1.2427210815590568
2026-09-16,ILI incidence,2026-09-27,3,LT,quantile,0.5,2.388077611323374
2026-09-16,ILI incidence,2026-09-27,3,LT,quantile,0.975,6.443984831010463
2026-09-16,ILI incidence,2026-09-27,3,LT,quantile,0.95,5.51198593882706
2026-09-16,ILI incidence,2026-09-27,3,LT,quantile,0.55,2.550390292316472
2026-09-16,ILI incidence,2026-09-27,3,LT,quantile,0.8,3.633849613845677
2026-09-16,ILI incidence,2026-09-27,3,LT,quantile,0.99,7.818932749591364
2026-09-16,ILI incidence,2026-09-27,3,LT,quantile,0.2,1.5716565860837888
2026-09-16,ILI incidence,2026-09-27,3,LT,quantile,0.65,2.891451534905215
2026-09-16,ILI incidence,2026-09-27,3,LT,quantile,0.6,2.708085504957639
2026-09-16,ILI incidence,2026-09-27,3,LT,quantile,0.7,3.0966924636363364
2026-09-16,ILI incidence,2026-09-27,3,LT,quantile,0.05,1.0352290126899342
2026-09-16,ILI incidence,2026-09-27,3,LT,quantile,0.025,0.8835978543684166
2026-09-16,ILI incidence,2026-09-27,3,LT,quantile,0.01,0.7416162526613422
2026-09-16,ILI incidence,2026-09-27,3,LT,median,,2.388077611323374
2026-09-16,ILI incidence,2026-10-04,4,LT,quantile,0.65,2.841752347647998
2026-09-16,ILI incidence,2026-10-04,4,LT,quantile,0.55,2.480021735806548
2026-09-16,ILI incidence,2026-10-04,4,LT,quantile,0.4,2.050883790109023
2026-09-16,ILI incidence,2026-10-04,4,LT,quantile,0.5,2.33100164037801
2026-09-16,ILI incidence,2026-10-04,4,LT,quantile,0.7,3.056894335611014
2026-09-16,ILI incidence,2026-10-04,4,LT,quantile,0.6,2.653555353905707
2026-09-16,ILI incidence,2026-10-04,4,LT,quantile,0.75,3.3191600272067316
2026-09-16,ILI incidence,2026-10-04,4,LT,quantile,0.3,1.7789914590343052
2026-09-16,ILI incidence,2026-10-04,4,LT,quantile,0.45,2.186837397217087
2026-09-16,ILI incidence,2026-10-04,4,LT,quantile,0.35,1.909023901659936
2026-09-16,ILI incidence,2026-10-04,4,LT,quantile,0.8,3.595083896169621
2026-09-16,ILI incidence,2026-10-04,4,LT,quantile,0.85,3.9967283566823286
2026-09-16,ILI incidence,2026-10-04,4,LT,quantile,0.99,7.625022549066126
2026-09-16,ILI incidence,2026-10-04,4,LT,quantile,0.9,4.513132535231776
2026-09-16,ILI incidence,2026-10-04,4,LT,quantile,0.975,6.387989340765597
2026-09-16,ILI incidence,2026-10-04,4,LT,quantile,0.95,5.479256886321482
2026-09-16,ILI incidence,2026-10-04,4,LT,quantile,0.15,1.3553685286191128
2026-09-16,ILI incidence,2026-10-04,4,LT,quantile,0.2,1.506252108719275
2026-09-16,ILI incidence,2026-10-04,4,LT,quantile,0.25,1.6452017186747843
2026-09-16,ILI incidence,2026-10-04,4,LT,quantile,0.1,1.1934081957256921
2026-09-16,ILI incidence,2026-10-04,4,LT,quantile,0.025,0.8358449871791178
2026-09-16,ILI incidence,2026-10-04,4,LT,quantile,0.05,0.9724342542729164
2026-09-16,ILI incidence,2026-10-04,4,LT,quantile,0.01,0.6999389046565044
2026-09-16,ILI incidence,2026-10-04,4,LT,median,,2.33100164037801
2026-09-16,ILI incidence,2026-09-20,2,LU,quantile,0.975,3659.6229192167298
2026-09-16,ILI incidence,2026-09-20,2,LU,quantile,0.95,2841.4247919840245
2026-09-16,ILI incidence,2026-09-20,2,LU,quantile,0.99,4718.2046115858675
2026-09-16,ILI incidence,2026-09-20,2,LU,quantile,0.2,489.19490270031196
2026-09-16,ILI incidence,2026-09-20,2,LU,quantile,0.4,744.6243116827677
2026-09-16,ILI incidence,2026-09-20,2,LU,quantile,0.85,1874.142045212961
2026-09-16,ILI incidence,2026-09-20,2,LU,quantile,0.35,674.4655291227707
2026-09-16,ILI incidence,2026-09-20,2,LU,quantile,0.9,2207.9239595748804
2026-09-16,ILI incidence,2026-09-20,2,LU,quantile,0.15,421.43398020121055
2026-09-16,ILI incidence,2026-09-20,2,LU,quantile,0.1,355.5211990941751
2026-09-16,ILI incidence,2026-09-20,2,LU,quantile,0.25,552.4495779606827
2026-09-16,ILI incidence,2026-09-20,2,LU,quantile,0.8,1626.9621672693652
2026-09-16,ILI incidence,2026-09-20,2,LU,quantile,0.05,274.5213721778827
2026-09-16,ILI incidence,2026-09-20,2,LU,quantile,0.75,1443.0305403104453
2026-09-16,ILI incidence,2026-09-20,2,LU,quantile,0.025,215.18339036699308
2026-09-16,ILI incidence,2026-09-20,2,LU,quantile,0.01,160.18174318317466
2026-09-16,ILI incidence,2026-09-20,2,LU,quantile,0.6,1067.1673833337366
2026-09-16,ILI incidence,2026-09-20,2,LU,quantile,0.3,611.7827614235077
2026-09-16,ILI incidence,2026-09-20,2,LU,quantile,0.45,814.5690764975549
2026-09-16,ILI incidence,2026-09-20,2,LU,quantile,0.55,970.370449561287
2026-09-16,ILI incidence,2026-09-20,2,LU,quantile,0.7,1296.295523206123
2026-09-16,ILI incidence,2026-09-20,2,LU,quantile,0.65,1174.180431976412
2026-09-16,ILI incidence,2026-09-20,2,LU,quantile,0.5,888.8563680669039
2026-09-16,ILI incidence,2026-09-20,2,LU,median,,888.8563680669039
2026-09-16,ILI incidence,2026-09-13,1,MT,quantile,0.3,4997.287844084294
2026-09-16,ILI incidence,2026-09-13,1,MT,quantile,0.25,4694.279080544819
2026-09-16,ILI incidence,2026-09-13,1,MT,quantile,0.1,3705.173982666027
2026-09-16,ILI incidence,2026-09-13,1,MT,quantile,0.05,3237.600306396762
2026-09-16,ILI incidence,2026-09-13,1,MT,quantile,0.15,4079.390193723153
2026-09-16,ILI incidence,2026-09-13,1,MT,quantile,0.35,5282.806952423579
2026-09-16,ILI incidence,2026-09-13,1,MT,quantile,0.025,2855.842999530892
2026-09-16,ILI incidence,2026-09-13,1,MT,quantile,0.2,4392.348380642017
2026-09-16,ILI incidence,2026-09-13,1,MT,quantile,0.01,2448.9228504383323
2026-09-16,ILI incidence,2026-09-13,1,MT,quantile,0.95,11758.368283511754
2026-09-16,ILI incidence,2026-09-13,1,MT,quantile,0.975,13469.590690342335
2026-09-16,ILI incidence,2026-09-13,1,MT,quantile,0.85,9345.641425833193
2026-09-16,ILI incidence,2026-09-13,1,MT,quantile,0.9,10246.859553059116
2026-09-16,ILI incidence,2026-09-13,1,MT,quantile,0.99,15471.10273315006
2026-09-16,ILI incidence,2026-09-13,1,MT,quantile,0.8,8587.705626601466
2026-09-16,ILI incidence,2026-09-13,1,MT,quantile,0.7,7525.4100706041545
2026-09-16,ILI incidence,2026-09-13,1,MT,quantile,0.4,5550.961687424598
2026-09-16,ILI incidence,2026-09-13,1,MT,quantile,0.45,5851.383828279944
2026-09-16,ILI incidence,2026-09-13,1,MT,quantile,0.55,6447.266862386998
2026-09-16,ILI incidence,2026-09-13,1,MT,quantile,0.75,8010.297232071973
2026-09-16,ILI incidence,2026-09-13,1,MT,quantile,0.6,6782.410629678579
2026-09-16,ILI incidence,2026-09-13,1,MT,quantile,0.65,7133.927539807694
2026-09-16,ILI incidence,2026-09-13,1,MT,quantile,0.5,6141.749827314605
2026-09-16,ILI incidence,2026-09-13,1,MT,median,,6141.749827314605
2026-09-16,ILI incidence,2026-09-20,2,MT,quantile,0.8,8100.164264848454
2026-09-16,ILI incidence,2026-09-20,2,MT,quantile,0.9,10132.167567768161
2026-09-16,ILI incidence,2026-09-20,2,MT,quantile,0.45,5067.878263266064
2026-09-16,ILI incidence,2026-09-20,2,MT,quantile,0.7,6901.90799098999
2026-09-16,ILI incidence,2026-09-20,2,MT,quantile,0.75,7427.557628224329
2026-09-16,ILI incidence,2026-09-20,2,MT,quantile,0.85,8912.07064469381
2026-09-16,ILI incidence,2026-09-20,2,MT,quantile,0.5,5368.633988794274
2026-09-16,ILI incidence,2026-09-20,2,MT,quantile,0.65,6460.3925769491925
2026-09-16,ILI incidence,2026-09-20,2,MT,quantile,0.6,6084.52669341506
2026-09-16,ILI incidence,2026-09-20,2,MT,quantile,0.95,11966.225842068314
2026-09-16,ILI incidence,2026-09-20,2,MT,quantile,0.35,4476.776595003904
2026-09-16,ILI incidence,2026-09-20,2,MT,quantile,0.4,4765.891174953833
2026-09-16,ILI incidence,2026-09-20,2,MT,quantile,0.55,5700.646109444534
2026-09-16,ILI incidence,2026-09-20,2,MT,quantile,0.975,13741.037174291556
2026-09-16,ILI incidence,2026-09-20,2,MT,quantile,0.2,3606.1271223959693
2026-09-16,ILI incidence,2026-09-20,2,MT,quantile,0.25,3897.039666827922
2026-09-16,ILI incidence,2026-09-20,2,MT,quantile,0.3,4192.1755626062195
2026-09-16,ILI incidence,2026-09-20,2,MT,quantile,0.025,2089.5945204477175
2026-09-16,ILI incidence,2026-09-20,2,MT,quantile,0.99,16284.454825504139
2026-09-16,ILI incidence,2026-09-20,2,MT,quantile,0.1,2901.0183262128157
2026-09-16,ILI incidence,2026-09-20,2,MT,quantile,0.01,1778.848975137382
2026-09-16,ILI incidence,2026-09-20,2,MT,quantile,0.05,2420.0189121163694
2026-09-16,ILI incidence,2026-09-20,2,MT,quantile,0.15,3271.3936538928183
2026-09-16,ILI incidence,2026-09-20,2,MT,median,,5368.633988794274
2026-09-16,ILI incidence,2026-09-27,3,MT,quantile,0.8,7742.117715096691
2026-09-16,ILI incidence,2026-09-27,3,MT,quantile,0.9,9500.68481968325
2026-09-16,ILI incidence,2026-09-27,3,MT,quantile,0.85,8461.551610401322
2026-09-16,ILI incidence,2026-09-27,3,MT,quantile,0.75,7169.729328097563
2026-09-16,ILI incidence,2026-09-27,3,MT,quantile,0.65,6268.333751808881
2026-09-16,ILI incidence,2026-09-27,3,MT,quantile,0.6,5937.462369177924
2026-09-16,ILI incidence,2026-09-27,3,MT,quantile,0.7,6661.496468771803
2026-09-16,ILI incidence,2026-09-27,3,MT,quantile,0.975,13167.946915656596
2026-09-16,ILI incidence,2026-09-27,3,MT,quantile,0.95,11198.522946486915
2026-09-16,ILI incidence,2026-09-27,3,MT,quantile,0.99,16045.519136692128
2026-09-16,ILI incidence,2026-09-27,3,MT,quantile,0.55,5603.280467218444
2026-09-16,ILI incidence,2026-09-27,3,MT,quantile,0.025,2086.5634716412965
2026-09-16,ILI incidence,2026-09-27,3,MT,quantile,0.5,5267.665024263644
2026-09-16,ILI incidence,2026-09-27,3,MT,quantile,0.01,1808.1456139126014
2026-09-16,ILI incidence,2026-09-27,3,MT,quantile,0.3,4100.638898998139
2026-09-16,ILI incidence,2026-09-27,3,MT,quantile,0.35,4380.413693417218
2026-09-16,ILI incidence,2026-09-27,3,MT,quantile,0.45,4955.581268604676
2026-09-16,ILI incidence,2026-09-27,3,MT,quantile,0.4,4676.750918354426
2026-09-16,ILI incidence,2026-09-27,3,MT,quantile,0.05,2422.643496572199
2026-09-16,ILI incidence,2026-09-27,3,MT,quantile,0.1,2877.795993644475
2026-09-16,ILI incidence,2026-09-27,3,MT,quantile,0.15,3212.039572654844
2026-09-16,ILI incidence,2026-09-27,3,MT,quantile,0.2,3547.6641324373486
2026-09-16,ILI incidence,2026-09-27,3,MT,quantile,0.25,3831.585426901493
2026-09-16,ILI incidence,2026-09-27,3,MT,median,,5267.665024263644
2026-09-16,ILI incidence,2026-10-04,4,MT,quantile,0.7,7307.89441856634
2026-09-16,ILI incidence,2026-10-04,4,MT,quantile,0.8,8469.19604126333
2026-09-16,ILI incidence,2026-10-04,4,MT,quantile,0.9,10302.293139418669
2026-09-16,ILI incidence,2026-10-04,4,MT,quantile,0.75,7855.822573867743
2026-09-16,ILI incidence,2026-10-04,4,MT,quantile,0.85,9240.871127881881
2026-09-16,ILI incidence,2026-10-04,4,MT,quantile,0.01,1948.8780649363441
2026-09-16,ILI incidence,2026-10-04,4,MT,quantile,0.15,3575.6503267196613
2026-09-16,ILI incidence,2026-10-04,4,MT,quantile,0.6,6451.309626861879
2026-09-16,ILI incidence,2026-10-04,4,MT,quantile,0.65,6845.879475086911
2026-09-16,ILI incidence,2026-10-04,4,MT,quantile,0.95,12022.388111832948
2026-09-16,ILI incidence,2026-10-04,4,MT,quantile,0.025,2360.8496530126477
2026-09-16,ILI incidence,2026-10-04,4,MT,quantile,0.1,3207.81856643426
2026-09-16,ILI incidence,2026-10-04,4,MT,quantile,0.975,13736.36620111757
2026-09-16,ILI incidence,2026-10-04,4,MT,quantile,0.05,2751.4158937964276
2026-09-16,ILI incidence,2026-10-04,4,MT,quantile,0.5,5737.017984088125
2026-09-16,ILI incidence,2026-10-04,4,MT,quantile,0.55,6088.994228472213
2026-09-16,ILI incidence,2026-10-04,4,MT,quantile,0.25,4231.289784127842
2026-09-16,ILI incidence,2026-10-04,4,MT,quantile,0.45,5425.862629210198
2026-09-16,ILI incidence,2026-10-04,4,MT,quantile,0.99,16386.32106287474
2026-09-16,ILI incidence,2026-10-04,4,MT,quantile,0.4,5125.169490840096
2026-09-16,ILI incidence,2026-10-04,4,MT,quantile,0.3,4528.242144075696
2026-09-16,ILI incidence,2026-10-04,4,MT,quantile,0.2,3921.1335237523253
2026-09-16,ILI incidence,2026-10-04,4,MT,quantile,0.35,4836.616609273752
2026-09-16,ILI incidence,2026-10-04,4,MT,median,,5737.017984088125
2026-09-16,ILI incidence,2026-09-13,1,NO,quantile,0.975,11.484963019913078
2026-09-16,ILI incidence,2026-09-13,1,NO,quantile,0.99,11.784963385604534
2026-09-16,ILI incidence,2026-09-13,1,NO,quantile,0.95,11.24090994767727
2026-09-16,ILI incidence,2026-09-13,1,NO,quantile,0.75,10.527089182334166
2026-09-16,ILI incidence,2026-09-13,1,NO,quantile,0.3,9.720993419880434
2026-09-16,ILI incidence,2026-09-13,1,NO,quantile,0.9,10.977873125999873
2026-09-16,ILI incidence,2026-09-13,1,NO,quantile,0.85,10.784103943719245
2026-09-16,ILI incidence,2026-09-13,1,NO,quantile,0.8,10.641989850238236
2026-09-16,ILI incidence,2026-09-13,1,NO,quantile,0.2,9.516680372803787
2026-09-16,ILI incidence,2026-09-13,1,NO,quantile,0.25,9.621836314083936
2026-09-16,ILI incidence,2026-09-13,1,NO,quantile,0.15,9.399200429372016
2026-09-16,ILI incidence,2026-09-13,1,NO,quantile,0.1,9.252699581298568
2026-09-16,ILI incidence,2026-09-13,1,NO,quantile,0.35,9.805134338324391
2026-09-16,ILI incidence,2026-09-13,1,NO,quantile,0.45,9.969469609485447
2026-09-16,ILI incidence,2026-09-13,1,NO,quantile,0.5,10.058241650613747
2026-09-16,ILI incidence,2026-09-13,1,NO,quantile,0.4,9.88672000194675
2026-09-16,ILI incidence,2026-09-13,1,NO,quantile,0.05,9.029695830834415
2026-09-16,ILI incidence,2026-09-13,1,NO,quantile,0.55,10.14392823048457
2026-09-16,ILI incidence,2026-09-13,1,NO,quantile,0.6,10.232485753385173
2026-09-16,ILI incidence,2026-09-13,1,NO,quantile,0.01,8.622071887697619
2026-09-16,ILI incidence,2026-09-13,1,NO,quantile,0.025,8.857579309115048
2026-09-16,ILI incidence,2026-09-13,1,NO,quantile,0.65,10.32346743256967
2026-09-16,ILI incidence,2026-09-13,1,NO,quantile,0.7,10.423922926495242
2026-09-16,ILI incidence,2026-09-13,1,NO,median,,10.058241650613747
2026-09-16,ILI incidence,2026-09-20,2,NO,quantile,0.01,6.640918510689588
2026-09-16,ILI incidence,2026-09-20,2,NO,quantile,0.025,6.869958334518038
2026-09-16,ILI incidence,2026-09-20,2,NO,quantile,0.05,7.029828660681097
2026-09-16,ILI incidence,2026-09-20,2,NO,quantile,0.1,7.247686875138139
2026-09-16,ILI incidence,2026-09-20,2,NO,quantile,0.15,7.388195795131419
2026-09-16,ILI incidence,2026-09-20,2,NO,quantile,0.99,9.710209962924827
2026-09-16,ILI incidence,2026-09-20,2,NO,quantile,0.975,9.436231515324872
2026-09-16,ILI incidence,2026-09-20,2,NO,quantile,0.95,9.184404848605014
2026-09-16,ILI incidence,2026-09-20,2,NO,quantile,0.2,7.504111502453423
2026-09-16,ILI incidence,2026-09-20,2,NO,quantile,0.25,7.608221846212204
2026-09-16,ILI incidence,2026-09-20,2,NO,quantile,0.3,7.702198733496862
2026-09-16,ILI incidence,2026-09-20,2,NO,quantile,0.9,8.910947518703752
2026-09-16,ILI incidence,2026-09-20,2,NO,quantile,0.8,8.605978535197206
2026-09-16,ILI incidence,2026-09-20,2,NO,quantile,0.45,7.959209577275491
2026-09-16,ILI incidence,2026-09-20,2,NO,quantile,0.55,8.118470939952298
2026-09-16,ILI incidence,2026-09-20,2,NO,quantile,0.75,8.497250038799063
2026-09-16,ILI incidence,2026-09-20,2,NO,quantile,0.85,8.730815417125031
2026-09-16,ILI incidence,2026-09-20,2,NO,quantile,0.4,7.880343695151474
2026-09-16,ILI incidence,2026-09-20,2,NO,quantile,0.7,8.390171502757365
2026-09-16,ILI incidence,2026-09-20,2,NO,quantile,0.35,7.790428747897804
2026-09-16,ILI incidence,2026-09-20,2,NO,quantile,0.5,8.040154544868008
2026-09-16,ILI incidence,2026-09-20,2,NO,quantile,0.65,8.29507549862899
2026-09-16,ILI incidence,2026-09-20,2,NO,quantile,0.6,8.206819042461293
2026-09-16,ILI incidence,2026-09-20,2,NO,median,,8.040154544868008
2026-09-16,ILI incidence,2026-09-27,3,NO,quantile,0.65,8.259313804090857
2026-09-16,ILI incidence,2026-09-27,3,NO,quantile,0.01,6.044302800535985
2026-09-16,ILI incidence,2026-09-27,3,NO,quantile,0.6,8.137067996961429
2026-09-16,ILI incidence,2026-09-27,3,NO,quantile,0.05,6.522686157419532
2026-09-16,ILI incidence,2026-09-27,3,NO,quantile,0.25,7.303316457872864
2026-09-16,ILI incidence,2026-09-27,3,NO,quantile,0.2,7.151590721217824
2026-09-16,ILI incidence,2026-09-27,3,NO,quantile,0.7,8.395093311501986
2026-09-16,ILI incidence,2026-09-27,3,NO,quantile,0.15,6.996947164562063
2026-09-16,ILI incidence,2026-09-27,3,NO,quantile,0.025,6.295285033023066
2026-09-16,ILI incidence,2026-09-27,3,NO,quantile,0.1,6.793915778814383
2026-09-16,ILI incidence,2026-09-27,3,NO,quantile,0.3,7.435088867056753
2026-09-16,ILI incidence,2026-09-27,3,NO,quantile,0.55,8.018581531311865
2026-09-16,ILI incidence,2026-09-27,3,NO,quantile,0.75,8.548256204693361
2026-09-16,ILI incidence,2026-09-27,3,NO,quantile,0.4,7.662727644608756
2026-09-16,ILI incidence,2026-09-27,3,NO,quantile,0.99,10.403560829366658
2026-09-16,ILI incidence,2026-09-27,3,NO,quantile,0.975,9.956995177177703
2026-09-16,ILI incidence,2026-09-27,3,NO,quantile,0.35,7.557767867062932
2026-09-16,ILI incidence,2026-09-27,3,NO,quantile,0.85,8.911460914777779
2026-09-16,ILI incidence,2026-09-27,3,NO,quantile,0.8,8.71478199289053
2026-09-16,ILI incidence,2026-09-27,3,NO,quantile,0.95,9.56365685790624
2026-09-16,ILI incidence,2026-09-27,3,NO,quantile,0.5,7.9021270630270255
2026-09-16,ILI incidence,2026-09-27,3,NO,quantile,0.45,7.782173953256893
2026-09-16,ILI incidence,2026-09-27,3,NO,quantile,0.9,9.16648411647492
2026-09-16,ILI incidence,2026-09-27,3,NO,median,,7.9021270630270255
2026-09-16,ILI incidence,2026-10-04,4,NO,quantile,0.55,7.1879398882083425
2026-09-16,ILI incidence,2026-10-04,4,NO,quantile,0.975,10.59778504972668
2026-09-16,ILI incidence,2026-10-04,4,NO,quantile,0.8,8.394460805507848
2026-09-16,ILI incidence,2026-10-04,4,NO,quantile,0.85,8.737121621069068
2026-09-16,ILI incidence,2026-10-04,4,NO,quantile,0.9,9.234988974649642
2026-09-16,ILI incidence,2026-10-04,4,NO,quantile,0.99,11.421846640329852
2026-09-16,ILI incidence,2026-10-04,4,NO,quantile,0.01,4.239318371298745
2026-09-16,ILI incidence,2026-10-04,4,NO,quantile,0.025,4.592613519682555
2026-09-16,ILI incidence,2026-10-04,4,NO,quantile,0.05,4.958658345051655
2026-09-16,ILI incidence,2026-10-04,4,NO,quantile,0.3,6.281832451755202
2026-09-16,ILI incidence,2026-10-04,4,NO,quantile,0.45,6.841839969916242
2026-09-16,ILI incidence,2026-10-04,4,NO,quantile,0.5,7.0122895725889824
2026-09-16,ILI incidence,2026-10-04,4,NO,quantile,0.6,7.405842533066684
2026-09-16,ILI incidence,2026-10-04,4,NO,quantile,0.95,9.952416781519764
2026-09-16,ILI incidence,2026-10-04,4,NO,quantile,0.1,5.339199480289231
2026-09-16,ILI incidence,2026-10-04,4,NO,quantile,0.35,6.471373533186924
2026-09-16,ILI incidence,2026-10-04,4,NO,quantile,0.65,7.598376801715769
2026-09-16,ILI incidence,2026-10-04,4,NO,quantile,0.7,7.82558050204745
2026-09-16,ILI incidence,2026-10-04,4,NO,quantile,0.15,5.632292884661844
2026-09-16,ILI incidence,2026-10-04,4,NO,quantile,0.4,6.651507595585107
2026-09-16,ILI incidence,2026-10-04,4,NO,quantile,0.2,5.8793306705250385
2026-09-16,ILI incidence,2026-10-04,4,NO,quantile,0.25,6.089398972413473
2026-09-16,ILI incidence,2026-10-04,4,NO,quantile,0.75,8.0832358947486
2026-09-16,ILI incidence,2026-10-04,4,NO,median,,7.0122895725889824
2026-09-16,ILI incidence,2026-09-13,1,SI,quantile,0.35,3.183821689193292e-4
2026-09-16,ILI incidence,2026-09-13,1,SI,quantile,0.4,4.076447488987919e-4
2026-09-16,ILI incidence,2026-09-13,1,SI,quantile,0.5,6.600205497679856e-4
2026-09-16,ILI incidence,2026-09-13,1,SI,quantile,0.45,5.14560137880337e-4
2026-09-16,ILI incidence,2026-09-13,1,SI,quantile,0.3,2.459562319535586e-4
2026-09-16,ILI incidence,2026-09-13,1,SI,quantile,0.25,1.826268813657231e-4
2026-09-16,ILI incidence,2026-09-13,1,SI,quantile,0.55,8.305168348330544e-4
2026-09-16,ILI incidence,2026-09-13,1,SI,quantile,0.6,0.0010586710955355796
2026-09-16,ILI incidence,2026-09-13,1,SI,quantile,0.65,0.0013607688767509677
2026-09-16,ILI incidence,2026-09-13,1,SI,quantile,0.7,0.001745595655279323
2026-09-16,ILI incidence,2026-09-13,1,SI,quantile,0.75,0.0023178276677787617
2026-09-16,ILI incidence,2026-09-13,1,SI,quantile,0.8,0.0031714998683413094
2026-09-16,ILI incidence,2026-09-13,1,SI,quantile,0.975,0.02428034990206834
2026-09-16,ILI incidence,2026-09-13,1,SI,quantile,0.99,0.04940163424197833
2026-09-16,ILI incidence,2026-09-13,1,SI,quantile,0.2,1.3513243325649594e-4
2026-09-16,ILI incidence,2026-09-13,1,SI,quantile,0.85,0.0045902422881644355
2026-09-16,ILI incidence,2026-09-13,1,SI,quantile,0.9,0.007117226241290504
2026-09-16,ILI incidence,2026-09-13,1,SI,quantile,0.95,0.01380134930529552
2026-09-16,ILI incidence,2026-09-13,1,SI,quantile,0.1,5.852641458348192e-5
2026-09-16,ILI incidence,2026-09-13,1,SI,quantile,0.15,9.373013074954263e-5
2026-09-16,ILI incidence,2026-09-13,1,SI,quantile,0.01,8.144716706407635e-6
2026-09-16,ILI incidence,2026-09-13,1,SI,quantile,0.025,1.7001063444262124e-5
2026-09-16,ILI incidence,2026-09-13,1,SI,quantile,0.05,2.9936524938744958e-5
2026-09-16,ILI incidence,2026-09-13,1,SI,median,,6.600205497679856e-4
2026-09-16,ILI incidence,2026-10-04,4,SI,quantile,0.99,0.0613355201480563
2026-09-16,ILI incidence,2026-10-04,4,SI,quantile,0.75,0.002712484821163817
2026-09-16,ILI incidence,2026-10-04,4,SI,quantile,0.8,0.0036875448667717365
2026-09-16,ILI incidence,2026-10-04,4,SI,quantile,0.9,0.008675376223476191
2026-09-16,ILI incidence,2026-10-04,4,SI,quantile,0.85,0.0053309651044377215
2026-09-16,ILI incidence,2026-10-04,4,SI,quantile,0.95,0.017369866848685214
2026-09-16,ILI incidence,2026-10-04,4,SI,quantile,0.975,0.030620596167570863
2026-09-16,ILI incidence,2026-10-04,4,SI,quantile,0.7,0.0021204869705263017
2026-09-16,ILI incidence,2026-10-04,4,SI,quantile,0.35,3.8420008555523766e-4
2026-09-16,ILI incidence,2026-10-04,4,SI,quantile,0.4,4.929833053320075e-4
2026-09-16,ILI incidence,2026-10-04,4,SI,quantile,0.45,6.174060244419283e-4
2026-09-16,ILI incidence,2026-10-04,4,SI,quantile,0.5,7.871853118637327e-4
2026-09-16,ILI incidence,2026-10-04,4,SI,quantile,0.55,9.993504107755156e-4
2026-09-16,ILI incidence,2026-10-04,4,SI,quantile,0.6,0.0012885407155538173
2026-09-16,ILI incidence,2026-10-04,4,SI,quantile,0.65,0.0016308561955019362
2026-09-16,ILI incidence,2026-10-04,4,SI,quantile,0.01,1.1297072564300999e-5
2026-09-16,ILI incidence,2026-10-04,4,SI,quantile,0.025,2.012133026306992e-5
2026-09-16,ILI incidence,2026-10-04,4,SI,quantile,0.05,3.67751011569498e-5
2026-09-16,ILI incidence,2026-10-04,4,SI,quantile,0.1,7.151982170858353e-5
2026-09-16,ILI incidence,2026-10-04,4,SI,quantile,0.15,1.1091775809650417e-4
2026-09-16,ILI incidence,2026-10-04,4,SI,quantile,0.3,2.9711338822825683e-4
2026-09-16,ILI incidence,2026-10-04,4,SI,quantile,0.25,2.2371871515110907e-4
2026-09-16,ILI incidence,2026-10-04,4,SI,quantile,0.2,1.6069748964496038e-4
2026-09-16,ILI incidence,2026-10-04,4,SI,median,,7.871853118637327e-4
