"origin_date","target","target_end_date","horizon","location","output_type","output_type_id","value"
2026-09-16,"ILI incidence",2026-09-13,1,"BE","median","",73.4732442312304
2026-09-16,"ILI incidence",2026-09-13,1,"BE","quantile","0.01",0
2026-09-16,"ILI incidence",2026-09-13,1,"BE","quantile","0.025",0
2026-09-16,"ILI incidence",2026-09-13,1,"BE","quantile","0.05",0
2026-09-16,"ILI incidence",2026-09-13,1,"BE","quantile","0.1",0
2026-09-16,"ILI incidence",2026-09-13,1,"BE","quantile","0.15",0
2026-09-16,"ILI incidence",2026-09-13,1,"BE","quantile","0.2",0
2026-09-16,"ILI incidence",2026-09-13,1,"BE","quantile","0.25",9.74399737523125
2026-09-16,"ILI incidence",2026-09-13,1,"BE","quantile","0.3",22.4745300006609
2026-09-16,"ILI incidence",2026-09-13,1,"BE","quantile","0.35",35.5891271367115
2026-09-16,"ILI incidence",2026-09-13,1,"BE","quantile","0.4",48.6434302959297
2026-09-16,"ILI incidence",2026-09-13,1,"BE","quantile","0.45",60.4789226230874
2026-09-16,"ILI incidence",2026-09-13,1,"BE","quantile","0.5",72.6746359673858
2026-09-16,"ILI incidence",2026-09-13,1,"BE","quantile","0.55",84.4854358713223
2026-09-16,"ILI incidence",2026-09-13,1,"BE","quantile","0.6",95.3691227156862
2026-09-16,"ILI incidence",2026-09-13,1,"BE","quantile","0.65",108.002640784765
2026-09-16,"ILI incidence",2026-09-13,1,"BE","quantile","0.7",120.905445455709
2026-09-16,"ILI incidence",2026-09-13,1,"BE","quantile","0.75",135.62692059939
2026-09-16,"ILI incidence",2026-09-13,1,"BE","quantile","0.8",150.181539417109
2026-09-16,"ILI incidence",2026-09-13,1,"BE","quantile","0.85",168.071675388881
2026-09-16,"ILI incidence",2026-09-13,1,"BE","quantile","0.9",191.268638852549
2026-09-16,"ILI incidence",2026-09-13,1,"BE","quantile","0.95",223.302184228399
2026-09-16,"ILI incidence",2026-09-13,1,"BE","quantile","0.975",254.40396881217
2026-09-16,"ILI incidence",2026-09-13,1,"BE","quantile","0.99",286.621154028542
2026-09-16,"ILI incidence",2026-09-20,2,"BE","median","",98.67141059292
2026-09-16,"ILI incidence",2026-09-20,2,"BE","quantile","0.01",0
2026-09-16,"ILI incidence",2026-09-20,2,"BE","quantile","0.025",0
2026-09-16,"ILI incidence",2026-09-20,2,"BE","quantile","0.05",0
2026-09-16,"ILI incidence",2026-09-20,2,"BE","quantile","0.1",0
2026-09-16,"ILI incidence",2026-09-20,2,"BE","quantile","0.15",0
2026-09-16,"ILI incidence",2026-09-20,2,"BE","quantile","0.2",0
2026-09-16,"ILI incidence",2026-09-20,2,"BE","quantile","0.25",5.24981324799906
2026-09-16,"ILI incidence",2026-09-20,2,"BE","quantile","0.3",24.4596608998916
2026-09-16,"ILI incidence",2026-09-20,2,"BE","quantile","0.35",44.4325163217622
2026-09-16,"ILI incidence",2026-09-20,2,"BE","quantile","0.4",61.9017113419638
2026-09-16,"ILI incidence",2026-09-20,2,"BE","quantile","0.45",80.3116835935752
2026-09-16,"ILI incidence",2026-09-20,2,"BE","quantile","0.5",98.3550228463068
2026-09-16,"ILI incidence",2026-09-20,2,"BE","quantile","0.55",116.644162781992
2026-09-16,"ILI incidence",2026-09-20,2,"BE","quantile","0.6",133.647261018446
2026-09-16,"ILI incidence",2026-09-20,2,"BE","quantile","0.65",151.951096111571
2026-09-16,"ILI incidence",2026-09-20,2,"BE","quantile","0.7",171.647309210935
2026-09-16,"ILI incidence",2026-09-20,2,"BE","quantile","0.75",191.300838575254
2026-09-16,"ILI incidence",2026-09-20,2,"BE","quantile","0.8",213.525021250527
2026-09-16,"ILI incidence",2026-09-20,2,"BE","quantile","0.85",238.443093286823
2026-09-16,"ILI incidence",2026-09-20,2,"BE","quantile","0.9",270.607766523713
2026-09-16,"ILI incidence",2026-09-20,2,"BE","quantile","0.95",320.85109839364
2026-09-16,"ILI incidence",2026-09-20,2,"BE","quantile","0.975",364.167971189708
2026-09-16,"ILI incidence",2026-09-20,2,"BE","quantile","0.99",411.076279184664
2026-09-16,"ILI incidence",2026-09-27,3,"BE","median","",122.597649442815
2026-09-16,"ILI incidence",2026-09-27,3,"BE","quantile","0.01",0
2026-09-16,"ILI incidence",2026-09-27,3,"BE","quantile","0.025",0
2026-09-16,"ILI incidence",2026-09-27,3,"BE","quantile","0.05",0
2026-09-16,"ILI incidence",2026-09-27,3,"BE","quantile","0.1",0
2026-09-16,"ILI incidence",2026-09-27,3,"BE","quantile","0.15",0
2026-09-16,"ILI incidence",2026-09-27,3,"BE","quantile","0.2",0
2026-09-16,"ILI incidence",2026-09-27,3,"BE","quantile","0.25",6.86240168783387
2026-09-16,"ILI incidence",2026-09-27,3,"BE","quantile","0.3",33.7236739839381
2026-09-16,"ILI incidence",2026-09-27,3,"BE","quantile","0.35",57.8455400569868
2026-09-16,"ILI incidence",2026-09-27,3,"BE","quantile","0.4",79.8847642064044
2026-09-16,"ILI incidence",2026-09-27,3,"BE","quantile","0.45",100.090471218506
2026-09-16,"ILI incidence",2026-09-27,3,"BE","quantile","0.5",123.31561596533
2026-09-16,"ILI incidence",2026-09-27,3,"BE","quantile","0.55",145.496280684905
2026-09-16,"ILI incidence",2026-09-27,3,"BE","quantile","0.6",165.968469180087
2026-09-16,"ILI incidence",2026-09-27,3,"BE","quantile","0.65",187.003228712314
2026-09-16,"ILI incidence",2026-09-27,3,"BE","quantile","0.7",209.405565993662
2026-09-16,"ILI incidence",2026-09-27,3,"BE","quantile","0.75",235.634009038918
2026-09-16,"ILI incidence",2026-09-27,3,"BE","quantile","0.8",262.251374730932
2026-09-16,"ILI incidence",2026-09-27,3,"BE","quantile","0.85",295.531611053224
2026-09-16,"ILI incidence",2026-09-27,3,"BE","quantile","0.9",339.594728677023
2026-09-16,"ILI incidence",2026-09-27,3,"BE","quantile","0.95",399.145738329139
2026-09-16,"ILI incidence",2026-09-27,3,"BE","quantile","0.975",451.679512955711
2026-09-16,"ILI incidence",2026-09-27,3,"BE","quantile","0.99",511.883223990663
2026-09-16,"ILI incidence",2026-10-04,4,"BE","median","",144.14502174938
2026-09-16,"ILI incidence",2026-10-04,4,"BE","quantile","0.01",0
2026-09-16,"ILI incidence",2026-10-04,4,"BE","quantile","0.025",0
2026-09-16,"ILI incidence",2026-10-04,4,"BE","quantile","0.05",0
2026-09-16,"ILI incidence",2026-10-04,4,"BE","quantile","0.1",0
2026-09-16,"ILI incidence",2026-10-04,4,"BE","quantile","0.15",0
2026-09-16,"ILI incidence",2026-10-04,4,"BE","quantile","0.2",0
2026-09-16,"ILI incidence",2026-10-04,4,"BE","quantile","0.25",14.1306422136568
2026-09-16,"ILI incidence",2026-10-04,4,"BE","quantile","0.3",43.7619790476688
2026-09-16,"ILI incidence",2026-10-04,4,"BE","quantile","0.35",70.295565170104
2026-09-16,"ILI incidence",2026-10-04,4,"BE","quantile","0.4",96.1312827717888
2026-09-16,"ILI incidence",2026-10-04,4,"BE","quantile","0.45",121.727126307658
2026-09-16,"ILI incidence",2026-10-04,4,"BE","quantile","0.5",143.543408193174
2026-09-16,"ILI incidence",2026-10-04,4,"BE","quantile","0.55",170.348723660718
2026-09-16,"ILI incidence",2026-10-04,4,"BE","quantile","0.6",196.769571810466
2026-09-16,"ILI incidence",2026-10-04,4,"BE","quantile","0.65",221.475925589016
2026-09-16,"ILI incidence",2026-10-04,4,"BE","quantile","0.7",247.813628082643
2026-09-16,"ILI incidence",2026-10-04,4,"BE","quantile","0.75",277.137169879631
2026-09-16,"ILI incidence",2026-10-04,4,"BE","quantile","0.8",306.318258786584
2026-09-16,"ILI incidence",2026-10-04,4,"BE","quantile","0.85",345.170585591453
2026-09-16,"ILI incidence",2026-10-04,4,"BE","quantile","0.9",388.031369378197
2026-09-16,"ILI incidence",2026-10-04,4,"BE","quantile","0.95",450.207683207243
2026-09-16,"ILI incidence",2026-10-04,4,"BE","quantile","0.975",511.518598817354
2026-09-16,"ILI incidence",2026-10-04,4,"BE","quantile","0.99",580.499358997027
2026-09-16,"ILI incidence",2026-09-13,1,"CZ","median","",7.34744071237695
2026-09-16,"ILI incidence",2026-09-13,1,"CZ","quantile","0.01",0
2026-09-16,"ILI incidence",2026-09-13,1,"CZ","quantile","0.025",0
2026-09-16,"ILI incidence",2026-09-13,1,"CZ","quantile","0.05",0
2026-09-16,"ILI incidence",2026-09-13,1,"CZ","quantile","0.1",0
2026-09-16,"ILI incidence",2026-09-13,1,"CZ","quantile","0.15",0
2026-09-16,"ILI incidence",2026-09-13,1,"CZ","quantile","0.2",0
2026-09-16,"ILI incidence",2026-09-13,1,"CZ","quantile","0.25",0
2026-09-16,"ILI incidence",2026-09-13,1,"CZ","quantile","0.3",1.38410076835716
2026-09-16,"ILI incidence",2026-09-13,1,"CZ","quantile","0.35",3.01930411209084
2026-09-16,"ILI incidence",2026-09-13,1,"CZ","quantile","0.4",4.5870926272763
2026-09-16,"ILI incidence",2026-09-13,1,"CZ","quantile","0.45",6.17359949730324
2026-09-16,"ILI incidence",2026-09-13,1,"CZ","quantile","0.5",7.5254228278255
2026-09-16,"ILI incidence",2026-09-13,1,"CZ","quantile","0.55",8.92564360892493
2026-09-16,"ILI incidence",2026-09-13,1,"CZ","quantile","0.6",10.4415540987661
2026-09-16,"ILI incidence",2026-09-13,1,"CZ","quantile","0.65",11.9551272030925
2026-09-16,"ILI incidence",2026-09-13,1,"CZ","quantile","0.7",13.6929081331407
2026-09-16,"ILI incidence",2026-09-13,1,"CZ","quantile","0.75",15.3609639438191
2026-09-16,"ILI incidence",2026-09-13,1,"CZ","quantile","0.8",17.2842088882805
2026-09-16,"ILI incidence",2026-09-13,1,"CZ","quantile","0.85",19.7031450906685
2026-09-16,"ILI incidence",2026-09-13,1,"CZ","quantile","0.9",22.5805751354384
2026-09-16,"ILI incidence",2026-09-13,1,"CZ","quantile","0.95",26.9957446906744
2026-09-16,"ILI incidence",2026-09-13,1,"CZ","quantile","0.975",30.7169674514481
2026-09-16,"ILI incidence",2026-09-13,1,"CZ","quantile","0.99",35.2228371553697
2026-09-16,"ILI incidence",2026-09-20,2,"CZ","median","",10.3752883350568
2026-09-16,"ILI incidence",2026-09-20,2,"CZ","quantile","0.01",0
2026-09-16,"ILI incidence",2026-09-20,2,"CZ","quantile","0.025",0
2026-09-16,"ILI incidence",2026-09-20,2,"CZ","quantile","0.05",0
2026-09-16,"ILI incidence",2026-09-20,2,"CZ","quantile","0.1",0
2026-09-16,"ILI incidence",2026-09-20,2,"CZ","quantile","0.15",0
2026-09-16,"ILI incidence",2026-09-20,2,"CZ","quantile","0.2",0
2026-09-16,"ILI incidence",2026-09-20,2,"CZ","quantile","0.25",0
2026-09-16,"ILI incidence",2026-09-20,2,"CZ","quantile","0.3",0.156914427337705
2026-09-16,"ILI incidence",2026-09-20,2,"CZ","quantile","0.35",2.78203503106462
2026-09-16,"ILI incidence",2026-09-20,2,"CZ","quantile","0.4",5.40163587338352
2026-09-16,"ILI incidence",2026-09-20,2,"CZ","quantile","0.45",8.0085010858319
2026-09-16,"ILI incidence",2026-09-20,2,"CZ","quantile","0.5",10.6630675782837
2026-09-16,"ILI incidence",2026-09-20,2,"CZ","quantile","0.55",13.0536286447265
2026-09-16,"ILI incidence",2026-09-20,2,"CZ","quantile","0.6",15.5883654253097
2026-09-16,"ILI incidence",2026-09-20,2,"CZ","quantile","0.65",18.2025015686659
2026-09-16,"ILI incidence",2026-09-20,2,"CZ","quantile","0.7",21.0643187761236
2026-09-16,"ILI incidence",2026-09-20,2,"CZ","quantile","0.75",24.1533093636635
2026-09-16,"ILI incidence",2026-09-20,2,"CZ","quantile","0.8",27.4804008353412
2026-09-16,"ILI incidence",2026-09-20,2,"CZ","quantile","0.85",31.4095364446721
2026-09-16,"ILI incidence",2026-09-20,2,"CZ","quantile","0.9",36.1439179819845
2026-09-16,"ILI incidence",2026-09-20,2,"CZ","quantile","0.95",43.2695284434035
2026-09-16,"ILI incidence",2026-09-20,2,"CZ","quantile","0.975",49.2105265927611
2026-09-16,"ILI incidence",2026-09-20,2,"CZ","quantile","0.99",57.029286319358
2026-09-16,"ILI incidence",2026-09-27,3,"CZ","median","",13.866545434657
2026-09-16,"ILI incidence",2026-09-27,3,"CZ","quantile","0.01",0
2026-09-16,"ILI incidence",2026-09-27,3,"CZ","quantile","0.025",0
2026-09-16,"ILI incidence",2026-09-27,3,"CZ","quantile","0.05",0
2026-09-16,"ILI incidence",2026-09-27,3,"CZ","quantile","0.1",0
2026-09-16,"ILI incidence",2026-09-27,3,"CZ","quantile","0.15",0
2026-09-16,"ILI incidence",2026-09-27,3,"CZ","quantile","0.2",0
2026-09-16,"ILI incidence",2026-09-27,3,"CZ","quantile","0.25",0
2026-09-16,"ILI incidence",2026-09-27,3,"CZ","quantile","0.3",0
2026-09-16,"ILI incidence",2026-09-27,3,"CZ","quantile","0.35",3.59237721653089
2026-09-16,"ILI incidence",2026-09-27,3,"CZ","quantile","0.4",7.08957062628538
2026-09-16,"ILI incidence",2026-09-27,3,"CZ","quantile","0.45",10.4853300786855
2026-09-16,"ILI incidence",2026-09-27,3,"CZ","quantile","0.5",13.7815989237173
2026-09-16,"ILI incidence",2026-09-27,3,"CZ","quantile","0.55",17.1760053266507
2026-09-16,"ILI incidence",2026-09-27,3,"CZ","quantile","0.6",20.887888682734
2026-09-16,"ILI incidence",2026-09-27,3,"CZ","quantile","0.65",24.4969936247756
2026-09-16,"ILI incidence",2026-09-27,3,"CZ","quantile","0.7",28.2524812454905
2026-09-16,"ILI incidence",2026-09-27,3,"CZ","quantile","0.75",32.6064251135062
2026-09-16,"ILI incidence",2026-09-27,3,"CZ","quantile","0.8",37.0714376450924
2026-09-16,"ILI incidence",2026-09-27,3,"CZ","quantile","0.85",42.8016529313601
2026-09-16,"ILI incidence",2026-09-27,3,"CZ","quantile","0.9",49.6333595991963
2026-09-16,"ILI incidence",2026-09-27,3,"CZ","quantile","0.95",59.7587039950446
2026-09-16,"ILI incidence",2026-09-27,3,"CZ","quantile","0.975",67.6527571693045
2026-09-16,"ILI incidence",2026-09-27,3,"CZ","quantile","0.99",75.9926182593475
2026-09-16,"ILI incidence",2026-10-04,4,"CZ","median","",17.2379607906037
2026-09-16,"ILI incidence",2026-10-04,4,"CZ","quantile","0.01",0
2026-09-16,"ILI incidence",2026-10-04,4,"CZ","quantile","0.025",0
2026-09-16,"ILI incidence",2026-10-04,4,"CZ","quantile","0.05",0
2026-09-16,"ILI incidence",2026-10-04,4,"CZ","quantile","0.1",0
2026-09-16,"ILI incidence",2026-10-04,4,"CZ","quantile","0.15",0
2026-09-16,"ILI incidence",2026-10-04,4,"CZ","quantile","0.2",0
2026-09-16,"ILI incidence",2026-10-04,4,"CZ","quantile","0.25",0
2026-09-16,"ILI incidence",2026-10-04,4,"CZ","quantile","0.3",0.874446337773271
2026-09-16,"ILI incidence",2026-10-04,4,"CZ","quantile","0.35",5.24227934441146
2026-09-16,"ILI incidence",2026-10-04,4,"CZ","quantile","0.4",9.42190150719441
2026-09-16,"ILI incidence",2026-10-04,4,"CZ","quantile","0.45",13.227896057971
2026-09-16,"ILI incidence",2026-10-04,4,"CZ","quantile","0.5",17.3134015860787
2026-09-16,"ILI incidence",2026-10-04,4,"CZ","quantile","0.55",21.4972325984604
2026-09-16,"ILI incidence",2026-10-04,4,"CZ","quantile","0.6",25.2332621443852
2026-09-16,"ILI incidence",2026-10-04,4,"CZ","quantile","0.65",29.7546087502381
2026-09-16,"ILI incidence",2026-10-04,4,"CZ","quantile","0.7",34.375047605111
2026-09-16,"ILI incidence",2026-10-04,4,"CZ","quantile","0.75",39.8491798425102
2026-09-16,"ILI incidence",2026-10-04,4,"CZ","quantile","0.8",45.1125998703942
2026-09-16,"ILI incidence",2026-10-04,4,"CZ","quantile","0.85",51.3058599314854
2026-09-16,"ILI incidence",2026-10-04,4,"CZ","quantile","0.9",59.7278279102996
2026-09-16,"ILI incidence",2026-10-04,4,"CZ","quantile","0.95",72.0445493939868
2026-09-16,"ILI incidence",2026-10-04,4,"CZ","quantile","0.975",81.6993084238319
2026-09-16,"ILI incidence",2026-10-04,4,"CZ","quantile","0.99",93.4673389584318
2026-09-16,"ILI incidence",2026-09-13,1,"DK","median","",91.1042858298794
2026-09-16,"ILI incidence",2026-09-13,1,"DK","quantile","0.01",32.6850190083621
2026-09-16,"ILI incidence",2026-09-13,1,"DK","quantile","0.025",42.2098752321983
2026-09-16,"ILI incidence",2026-09-13,1,"DK","quantile","0.05",49.8405155957736
2026-09-16,"ILI incidence",2026-09-13,1,"DK","quantile","0.1",58.292985392611
2026-09-16,"ILI incidence",2026-09-13,1,"DK","quantile","0.15",64.7371043448405
2026-09-16,"ILI incidence",2026-09-13,1,"DK","quantile","0.2",69.6070937914379
2026-09-16,"ILI incidence",2026-09-13,1,"DK","quantile","0.25",73.8472082523225
2026-09-16,"ILI incidence",2026-09-13,1,"DK","quantile","0.3",77.5810753288297
2026-09-16,"ILI incidence",2026-09-13,1,"DK","quantile","0.35",81.053176810742
2026-09-16,"ILI incidence",2026-09-13,1,"DK","quantile","0.4",84.4055529488488
2026-09-16,"ILI incidence",2026-09-13,1,"DK","quantile","0.45",87.6421389784222
2026-09-16,"ILI incidence",2026-09-13,1,"DK","quantile","0.5",91.1700204298244
2026-09-16,"ILI incidence",2026-09-13,1,"DK","quantile","0.55",94.3649144886045
2026-09-16,"ILI incidence",2026-09-13,1,"DK","quantile","0.6",97.5386513101835
2026-09-16,"ILI incidence",2026-09-13,1,"DK","quantile","0.65",100.75565485355
2026-09-16,"ILI incidence",2026-09-13,1,"DK","quantile","0.7",104.386369411454
2026-09-16,"ILI incidence",2026-09-13,1,"DK","quantile","0.75",108.532104644105
2026-09-16,"ILI incidence",2026-09-13,1,"DK","quantile","0.8",112.931429981468
2026-09-16,"ILI incidence",2026-09-13,1,"DK","quantile","0.85",117.717708211075
2026-09-16,"ILI incidence",2026-09-13,1,"DK","quantile","0.9",124.473312546397
2026-09-16,"ILI incidence",2026-09-13,1,"DK","quantile","0.95",133.51277436257
2026-09-16,"ILI incidence",2026-09-13,1,"DK","quantile","0.975",141.448975485337
2026-09-16,"ILI incidence",2026-09-13,1,"DK","quantile","0.99",150.232450514725
2026-09-16,"ILI incidence",2026-09-20,2,"DK","median","",91.0583973585279
2026-09-16,"ILI incidence",2026-09-20,2,"DK","quantile","0.01",19.8905450044321
2026-09-16,"ILI incidence",2026-09-20,2,"DK","quantile","0.025",30.7830775243616
2026-09-16,"ILI incidence",2026-09-20,2,"DK","quantile","0.05",40.4747815442035
2026-09-16,"ILI incidence",2026-09-20,2,"DK","quantile","0.1",50.8609934147207
2026-09-16,"ILI incidence",2026-09-20,2,"DK","quantile","0.15",59.1252672036771
2026-09-16,"ILI incidence",2026-09-20,2,"DK","quantile","0.2",65.1738001264789
2026-09-16,"ILI incidence",2026-09-20,2,"DK","quantile","0.25",70.3352529382613
2026-09-16,"ILI incidence",2026-09-20,2,"DK","quantile","0.3",74.771345201879
2026-09-16,"ILI incidence",2026-09-20,2,"DK","quantile","0.35",79.0977119517243
2026-09-16,"ILI incidence",2026-09-20,2,"DK","quantile","0.4",83.2988238547208
2026-09-16,"ILI incidence",2026-09-20,2,"DK","quantile","0.45",87.1295391091153
2026-09-16,"ILI incidence",2026-09-20,2,"DK","quantile","0.5",91.0663939509814
2026-09-16,"ILI incidence",2026-09-20,2,"DK","quantile","0.55",94.8321173973613
2026-09-16,"ILI incidence",2026-09-20,2,"DK","quantile","0.6",99.0613999538975
2026-09-16,"ILI incidence",2026-09-20,2,"DK","quantile","0.65",103.189954842604
2026-09-16,"ILI incidence",2026-09-20,2,"DK","quantile","0.7",107.493568975635
2026-09-16,"ILI incidence",2026-09-20,2,"DK","quantile","0.75",112.090260845553
2026-09-16,"ILI incidence",2026-09-20,2,"DK","quantile","0.8",116.782023823515
2026-09-16,"ILI incidence",2026-09-20,2,"DK","quantile","0.85",122.976946699024
2026-09-16,"ILI incidence",2026-09-20,2,"DK","quantile","0.9",130.337504614494
2026-09-16,"ILI incidence",2026-09-20,2,"DK","quantile","0.95",141.456763176294
2026-09-16,"ILI incidence",2026-09-20,2,"DK","quantile","0.975",151.018506543213
2026-09-16,"ILI incidence",2026-09-20,2,"DK","quantile","0.99",162.162277483489
2026-09-16,"ILI incidence",2026-09-27,3,"DK","median","",96.6755606214925
2026-09-16,"ILI incidence",2026-09-27,3,"DK","quantile","0.01",15.654426366521
2026-09-16,"ILI incidence",2026-09-27,3,"DK","quantile","0.025",28.2815553593475
2026-09-16,"ILI incidence",2026-09-27,3,"DK","quantile","0.05",39.0844163702322
2026-09-16,"ILI incidence",2026-09-27,3,"DK","quantile","0.1",52.0168913563982
2026-09-16,"ILI incidence",2026-09-27,3,"DK","quantile","0.15",60.9773217725885
2026-09-16,"ILI incidence",2026-09-27,3,"DK","quantile","0.2",67.2814550790969
2026-09-16,"ILI incidence",2026-09-27,3,"DK","quantile","0.25",73.1270240151466
2026-09-16,"ILI incidence",2026-09-27,3,"DK","quantile","0.3",78.2882437955626
2026-09-16,"ILI incidence",2026-09-27,3,"DK","quantile","0.35",83.2754769544946
2026-09-16,"ILI incidence",2026-09-27,3,"DK","quantile","0.4",87.9697873348816
2026-09-16,"ILI incidence",2026-09-27,3,"DK","quantile","0.45",92.2509715879309
2026-09-16,"ILI incidence",2026-09-27,3,"DK","quantile","0.5",96.9293660087046
2026-09-16,"ILI incidence",2026-09-27,3,"DK","quantile","0.55",101.903934580599
2026-09-16,"ILI incidence",2026-09-27,3,"DK","quantile","0.6",106.308294081521
2026-09-16,"ILI incidence",2026-09-27,3,"DK","quantile","0.65",110.838692403386
2026-09-16,"ILI incidence",2026-09-27,3,"DK","quantile","0.7",115.623280247129
2026-09-16,"ILI incidence",2026-09-27,3,"DK","quantile","0.75",120.801309612802
2026-09-16,"ILI incidence",2026-09-27,3,"DK","quantile","0.8",126.374277519085
2026-09-16,"ILI incidence",2026-09-27,3,"DK","quantile","0.85",132.816543652245
2026-09-16,"ILI incidence",2026-09-27,3,"DK","quantile","0.9",141.561011704957
2026-09-16,"ILI incidence",2026-09-27,3,"DK","quantile","0.95",154.406353080095
2026-09-16,"ILI incidence",2026-09-27,3,"DK","quantile","0.975",165.081112537258
2026-09-16,"ILI incidence",2026-09-27,3,"DK","quantile","0.99",177.262438828832
2026-09-16,"ILI incidence",2026-10-04,4,"DK","median","",96.2655993200353
2026-09-16,"ILI incidence",2026-10-04,4,"DK","quantile","0.01",9.56109675423019
2026-09-16,"ILI incidence",2026-10-04,4,"DK","quantile","0.025",22.7780722377079
2026-09-16,"ILI incidence",2026-10-04,4,"DK","quantile","0.05",34.1961032469207
2026-09-16,"ILI incidence",2026-10-04,4,"DK","quantile","0.1",47.5524189592751
2026-09-16,"ILI incidence",2026-10-04,4,"DK","quantile","0.15",56.3773375317725
2026-09-16,"ILI incidence",2026-10-04,4,"DK","quantile","0.2",64.4907842000484
2026-09-16,"ILI incidence",2026-10-04,4,"DK","quantile","0.25",70.6968829309317
2026-09-16,"ILI incidence",2026-10-04,4,"DK","quantile","0.3",75.985011566169
2026-09-16,"ILI incidence",2026-10-04,4,"DK","quantile","0.35",81.2401873621751
2026-09-16,"ILI incidence",2026-10-04,4,"DK","quantile","0.4",86.8352019383089
2026-09-16,"ILI incidence",2026-10-04,4,"DK","quantile","0.45",91.4431540475247
2026-09-16,"ILI incidence",2026-10-04,4,"DK","quantile","0.5",95.9538911895069
2026-09-16,"ILI incidence",2026-10-04,4,"DK","quantile","0.55",100.58219128198
2026-09-16,"ILI incidence",2026-10-04,4,"DK","quantile","0.6",105.626251707236
2026-09-16,"ILI incidence",2026-10-04,4,"DK","quantile","0.65",110.655756515554
2026-09-16,"ILI incidence",2026-10-04,4,"DK","quantile","0.7",116.049207198047
2026-09-16,"ILI incidence",2026-10-04,4,"DK","quantile","0.75",121.876852991668
2026-09-16,"ILI incidence",2026-10-04,4,"DK","quantile","0.8",128.444343298
2026-09-16,"ILI incidence",2026-10-04,4,"DK","quantile","0.85",135.513283323076
2026-09-16,"ILI incidence",2026-10-04,4,"DK","quantile","0.9",144.271651411131
2026-09-16,"ILI incidence",2026-10-04,4,"DK","quantile","0.95",158.140876482088
2026-09-16,"ILI incidence",2026-10-04,4,"DK","quantile","0.975",170.005080846132
2026-09-16,"ILI incidence",2026-10-04,4,"DK","quantile","0.99",184.388455087175
2026-09-16,"ILI incidence",2026-09-13,1,"EE","median","",103.419055945971
2026-09-16,"ILI incidence",2026-09-13,1,"EE","quantile","0.01",0
2026-09-16,"ILI incidence",2026-09-13,1,"EE","quantile","0.025",0
2026-09-16,"ILI incidence",2026-09-13,1,"EE","quantile","0.05",4.25551640828218
2026-09-16,"ILI incidence",2026-09-13,1,"EE","quantile","0.1",24.9268136892815
2026-09-16,"ILI incidence",2026-09-13,1,"EE","quantile","0.15",40.2195505963137
2026-09-16,"ILI incidence",2026-09-13,1,"EE","quantile","0.2",52.4777625933026
2026-09-16,"ILI incidence",2026-09-13,1,"EE","quantile","0.25",62.8988572762922
2026-09-16,"ILI incidence",2026-09-13,1,"EE","quantile","0.3",72.0485169186096
2026-09-16,"ILI incidence",2026-09-13,1,"EE","quantile","0.35",80.769115041291
2026-09-16,"ILI incidence",2026-09-13,1,"EE","quantile","0.4",89.0583205000838
2026-09-16,"ILI incidence",2026-09-13,1,"EE","quantile","0.45",96.4461320773356
2026-09-16,"ILI incidence",2026-09-13,1,"EE","quantile","0.5",103.51392800768
2026-09-16,"ILI incidence",2026-09-13,1,"EE","quantile","0.55",111.474065518433
2026-09-16,"ILI incidence",2026-09-13,1,"EE","quantile","0.6",118.897739121838
2026-09-16,"ILI incidence",2026-09-13,1,"EE","quantile","0.65",127.037445936294
2026-09-16,"ILI incidence",2026-09-13,1,"EE","quantile","0.7",134.996190896749
2026-09-16,"ILI incidence",2026-09-13,1,"EE","quantile","0.75",143.758362046079
2026-09-16,"ILI incidence",2026-09-13,1,"EE","quantile","0.8",153.405612337546
2026-09-16,"ILI incidence",2026-09-13,1,"EE","quantile","0.85",164.295447237765
2026-09-16,"ILI incidence",2026-09-13,1,"EE","quantile","0.9",178.58379904606
2026-09-16,"ILI incidence",2026-09-13,1,"EE","quantile","0.95",200.882328446711
2026-09-16,"ILI incidence",2026-09-13,1,"EE","quantile","0.975",221.73647606431
2026-09-16,"ILI incidence",2026-09-13,1,"EE","quantile","0.99",240.704572636241
2026-09-16,"ILI incidence",2026-09-20,2,"EE","median","",104.339382434586
2026-09-16,"ILI incidence",2026-09-20,2,"EE","quantile","0.01",0
2026-09-16,"ILI incidence",2026-09-20,2,"EE","quantile","0.025",0
2026-09-16,"ILI incidence",2026-09-20,2,"EE","quantile","0.05",0
2026-09-16,"ILI incidence",2026-09-20,2,"EE","quantile","0.1",13.4780773747871
2026-09-16,"ILI incidence",2026-09-20,2,"EE","quantile","0.15",31.3402925248028
2026-09-16,"ILI incidence",2026-09-20,2,"EE","quantile","0.2",45.0723067135662
2026-09-16,"ILI incidence",2026-09-20,2,"EE","quantile","0.25",57.4451148343284
2026-09-16,"ILI incidence",2026-09-20,2,"EE","quantile","0.3",67.4474315251428
2026-09-16,"ILI incidence",2026-09-20,2,"EE","quantile","0.35",77.2798104085598
2026-09-16,"ILI incidence",2026-09-20,2,"EE","quantile","0.4",86.536793852561
2026-09-16,"ILI incidence",2026-09-20,2,"EE","quantile","0.45",96.2193759579012
2026-09-16,"ILI incidence",2026-09-20,2,"EE","quantile","0.5",104.948289908474
2026-09-16,"ILI incidence",2026-09-20,2,"EE","quantile","0.55",113.43396337965
2026-09-16,"ILI incidence",2026-09-20,2,"EE","quantile","0.6",121.974776120934
2026-09-16,"ILI incidence",2026-09-20,2,"EE","quantile","0.65",130.746434266028
2026-09-16,"ILI incidence",2026-09-20,2,"EE","quantile","0.7",139.920077198646
2026-09-16,"ILI incidence",2026-09-20,2,"EE","quantile","0.75",150.750855630366
2026-09-16,"ILI incidence",2026-09-20,2,"EE","quantile","0.8",162.122752027929
2026-09-16,"ILI incidence",2026-09-20,2,"EE","quantile","0.85",175.199341785862
2026-09-16,"ILI incidence",2026-09-20,2,"EE","quantile","0.9",190.881158001445
2026-09-16,"ILI incidence",2026-09-20,2,"EE","quantile","0.95",216.308585426275
2026-09-16,"ILI incidence",2026-09-20,2,"EE","quantile","0.975",239.779049800058
2026-09-16,"ILI incidence",2026-09-20,2,"EE","quantile","0.99",264.815933927264
2026-09-16,"ILI incidence",2026-09-27,3,"EE","median","",113.665588462512
2026-09-16,"ILI incidence",2026-09-27,3,"EE","quantile","0.01",0
2026-09-16,"ILI incidence",2026-09-27,3,"EE","quantile","0.025",0
2026-09-16,"ILI incidence",2026-09-27,3,"EE","quantile","0.05",0
2026-09-16,"ILI incidence",2026-09-27,3,"EE","quantile","0.1",10.9631565446932
2026-09-16,"ILI incidence",2026-09-27,3,"EE","quantile","0.15",30.0049367283617
2026-09-16,"ILI incidence",2026-09-27,3,"EE","quantile","0.2",46.1244820061721
2026-09-16,"ILI incidence",2026-09-27,3,"EE","quantile","0.25",59.8068557607178
2026-09-16,"ILI incidence",2026-09-27,3,"EE","quantile","0.3",70.7298467946874
2026-09-16,"ILI incidence",2026-09-27,3,"EE","quantile","0.35",82.4701084541333
2026-09-16,"ILI incidence",2026-09-27,3,"EE","quantile","0.4",93.2505809462292
2026-09-16,"ILI incidence",2026-09-27,3,"EE","quantile","0.45",103.149513439137
2026-09-16,"ILI incidence",2026-09-27,3,"EE","quantile","0.5",113.257637418083
2026-09-16,"ILI incidence",2026-09-27,3,"EE","quantile","0.55",122.813232236624
2026-09-16,"ILI incidence",2026-09-27,3,"EE","quantile","0.6",132.831221185268
2026-09-16,"ILI incidence",2026-09-27,3,"EE","quantile","0.65",143.732373707817
2026-09-16,"ILI incidence",2026-09-27,3,"EE","quantile","0.7",155.339513400195
2026-09-16,"ILI incidence",2026-09-27,3,"EE","quantile","0.75",167.040518970511
2026-09-16,"ILI incidence",2026-09-27,3,"EE","quantile","0.8",180.404600330864
2026-09-16,"ILI incidence",2026-09-27,3,"EE","quantile","0.85",196.04419023303
2026-09-16,"ILI incidence",2026-09-27,3,"EE","quantile","0.9",214.605149151387
2026-09-16,"ILI incidence",2026-09-27,3,"EE","quantile","0.95",244.534363844124
2026-09-16,"ILI incidence",2026-09-27,3,"EE","quantile","0.975",269.247714453636
2026-09-16,"ILI incidence",2026-09-27,3,"EE","quantile","0.99",298.966951239313
2026-09-16,"ILI incidence",2026-10-04,4,"EE","median","",119.361119977833
2026-09-16,"ILI incidence",2026-10-04,4,"EE","quantile","0.01",0
2026-09-16,"ILI incidence",2026-10-04,4,"EE","quantile","0.025",0
2026-09-16,"ILI incidence",2026-10-04,4,"EE","quantile","0.05",0
2026-09-16,"ILI incidence",2026-10-04,4,"EE","quantile","0.1",6.91298892801693
2026-09-16,"ILI incidence",2026-10-04,4,"EE","quantile","0.15",28.9005438134735
2026-09-16,"ILI incidence",2026-10-04,4,"EE","quantile","0.2",45.8914461187421
2026-09-16,"ILI incidence",2026-10-04,4,"EE","quantile","0.25",60.1231746793281
2026-09-16,"ILI incidence",2026-10-04,4,"EE","quantile","0.3",72.7446588180655
2026-09-16,"ILI incidence",2026-10-04,4,"EE","quantile","0.35",84.4940552286665
2026-09-16,"ILI incidence",2026-10-04,4,"EE","quantile","0.4",96.0550077015048
2026-09-16,"ILI incidence",2026-10-04,4,"EE","quantile","0.45",106.667973524992
2026-09-16,"ILI incidence",2026-10-04,4,"EE","quantile","0.5",117.791244841802
2026-09-16,"ILI incidence",2026-10-04,4,"EE","quantile","0.55",129.25925948322
2026-09-16,"ILI incidence",2026-10-04,4,"EE","quantile","0.6",140.735854246687
2026-09-16,"ILI incidence",2026-10-04,4,"EE","quantile","0.65",152.234068266464
2026-09-16,"ILI incidence",2026-10-04,4,"EE","quantile","0.7",164.471209943945
2026-09-16,"ILI incidence",2026-10-04,4,"EE","quantile","0.75",177.054340916734
2026-09-16,"ILI incidence",2026-10-04,4,"EE","quantile","0.8",191.586665282258
2026-09-16,"ILI incidence",2026-10-04,4,"EE","quantile","0.85",208.765355517307
2026-09-16,"ILI incidence",2026-10-04,4,"EE","quantile","0.9",230.208488538196
2026-09-16,"ILI incidence",2026-10-04,4,"EE","quantile","0.95",264.192540125383
2026-09-16,"ILI incidence",2026-10-04,4,"EE","quantile","0.975",291.428504909166
2026-09-16,"ILI incidence",2026-10-04,4,"EE","quantile","0.99",320.282608792041
2026-09-16,"ILI incidence",2026-09-13,1,"ES","median","",13.2326732067062
2026-09-16,"ILI incidence",2026-09-13,1,"ES","quantile","0.01",0
2026-09-16,"ILI incidence",2026-09-13,1,"ES","quantile","0.025",0
2026-09-16,"ILI incidence",2026-09-13,1,"ES","quantile","0.05",0
2026-09-16,"ILI incidence",2026-09-13,1,"ES","quantile","0.1",1.35642675036351
2026-09-16,"ILI incidence",2026-09-13,1,"ES","quantile","0.15",3.66777216387982
2026-09-16,"ILI incidence",2026-09-13,1,"ES","quantile","0.2",5.53583578866987
2026-09-16,"ILI incidence",2026-09-13,1,"ES","quantile","0.25",7.02094542331229
2026-09-16,"ILI incidence",2026-09-13,1,"ES","quantile","0.3",8.30341743017738
2026-09-16,"ILI incidence",2026-09-13,1,"ES","quantile","0.35",9.60910460163939
2026-09-16,"ILI incidence",2026-09-13,1,"ES","quantile","0.4",10.8043625461347
2026-09-16,"ILI incidence",2026-09-13,1,"ES","quantile","0.45",11.9637370577187
2026-09-16,"ILI incidence",2026-09-13,1,"ES","quantile","0.5",13.0651324015472
2026-09-16,"ILI incidence",2026-09-13,1,"ES","quantile","0.55",14.2522643516397
2026-09-16,"ILI incidence",2026-09-13,1,"ES","quantile","0.6",15.415086594606
2026-09-16,"ILI incidence",2026-09-13,1,"ES","quantile","0.65",16.620123029127
2026-09-16,"ILI incidence",2026-09-13,1,"ES","quantile","0.7",17.8276419160953
2026-09-16,"ILI incidence",2026-09-13,1,"ES","quantile","0.75",19.2946506352927
2026-09-16,"ILI incidence",2026-09-13,1,"ES","quantile","0.8",20.7841088120027
2026-09-16,"ILI incidence",2026-09-13,1,"ES","quantile","0.85",22.5873166699124
2026-09-16,"ILI incidence",2026-09-13,1,"ES","quantile","0.9",24.7273208974629
2026-09-16,"ILI incidence",2026-09-13,1,"ES","quantile","0.95",27.9450776835675
2026-09-16,"ILI incidence",2026-09-13,1,"ES","quantile","0.975",30.8072347478236
2026-09-16,"ILI incidence",2026-09-13,1,"ES","quantile","0.99",34.4634275255338
2026-09-16,"ILI incidence",2026-09-20,2,"ES","median","",14.6365084674517
2026-09-16,"ILI incidence",2026-09-20,2,"ES","quantile","0.01",0
2026-09-16,"ILI incidence",2026-09-20,2,"ES","quantile","0.025",0
2026-09-16,"ILI incidence",2026-09-20,2,"ES","quantile","0.05",0
2026-09-16,"ILI incidence",2026-09-20,2,"ES","quantile","0.1",0
2026-09-16,"ILI incidence",2026-09-20,2,"ES","quantile","0.15",0
2026-09-16,"ILI incidence",2026-09-20,2,"ES","quantile","0.2",0.49381927712694
2026-09-16,"ILI incidence",2026-09-20,2,"ES","quantile","0.25",3.32454347396698
2026-09-16,"ILI incidence",2026-09-20,2,"ES","quantile","0.3",5.71012205904207
2026-09-16,"ILI incidence",2026-09-20,2,"ES","quantile","0.35",7.99555012813071
2026-09-16,"ILI incidence",2026-09-20,2,"ES","quantile","0.4",10.0680619229093
2026-09-16,"ILI incidence",2026-09-20,2,"ES","quantile","0.45",12.1290877499369
2026-09-16,"ILI incidence",2026-09-20,2,"ES","quantile","0.5",14.1396046326594
2026-09-16,"ILI incidence",2026-09-20,2,"ES","quantile","0.55",16.2460479330457
2026-09-16,"ILI incidence",2026-09-20,2,"ES","quantile","0.6",18.3650032432763
2026-09-16,"ILI incidence",2026-09-20,2,"ES","quantile","0.65",20.3925564775058
2026-09-16,"ILI incidence",2026-09-20,2,"ES","quantile","0.7",22.6940588295695
2026-09-16,"ILI incidence",2026-09-20,2,"ES","quantile","0.75",25.211760809523
2026-09-16,"ILI incidence",2026-09-20,2,"ES","quantile","0.8",27.8677802626025
2026-09-16,"ILI incidence",2026-09-20,2,"ES","quantile","0.85",31.4543158195916
2026-09-16,"ILI incidence",2026-09-20,2,"ES","quantile","0.9",35.3861406690225
2026-09-16,"ILI incidence",2026-09-20,2,"ES","quantile","0.95",41.3733096585922
2026-09-16,"ILI incidence",2026-09-20,2,"ES","quantile","0.975",46.0226391616944
2026-09-16,"ILI incidence",2026-09-20,2,"ES","quantile","0.99",51.8774434950858
2026-09-16,"ILI incidence",2026-09-27,3,"ES","median","",15.6699478430411
2026-09-16,"ILI incidence",2026-09-27,3,"ES","quantile","0.01",0
2026-09-16,"ILI incidence",2026-09-27,3,"ES","quantile","0.025",0
2026-09-16,"ILI incidence",2026-09-27,3,"ES","quantile","0.05",0
2026-09-16,"ILI incidence",2026-09-27,3,"ES","quantile","0.1",0
2026-09-16,"ILI incidence",2026-09-27,3,"ES","quantile","0.15",0
2026-09-16,"ILI incidence",2026-09-27,3,"ES","quantile","0.2",0
2026-09-16,"ILI incidence",2026-09-27,3,"ES","quantile","0.25",0
2026-09-16,"ILI incidence",2026-09-27,3,"ES","quantile","0.3",3.25773552920739
2026-09-16,"ILI incidence",2026-09-27,3,"ES","quantile","0.35",6.35122919412133
2026-09-16,"ILI incidence",2026-09-27,3,"ES","quantile","0.4",9.18676893000982
2026-09-16,"ILI incidence",2026-09-27,3,"ES","quantile","0.45",12.1205857626438
2026-09-16,"ILI incidence",2026-09-27,3,"ES","quantile","0.5",15.0386788329377
2026-09-16,"ILI incidence",2026-09-27,3,"ES","quantile","0.55",17.912051953831
2026-09-16,"ILI incidence",2026-09-27,3,"ES","quantile","0.6",20.7977874809581
2026-09-16,"ILI incidence",2026-09-27,3,"ES","quantile","0.65",23.8076401676529
2026-09-16,"ILI incidence",2026-09-27,3,"ES","quantile","0.7",26.7379405650131
2026-09-16,"ILI incidence",2026-09-27,3,"ES","quantile","0.75",30.2410595953515
2026-09-16,"ILI incidence",2026-09-27,3,"ES","quantile","0.8",34.1356878152424
2026-09-16,"ILI incidence",2026-09-27,3,"ES","quantile","0.85",38.9686752032819
2026-09-16,"ILI incidence",2026-09-27,3,"ES","quantile","0.9",44.5255600296993
2026-09-16,"ILI incidence",2026-09-27,3,"ES","quantile","0.95",52.4923932947209
2026-09-16,"ILI incidence",2026-09-27,3,"ES","quantile","0.975",59.5412813577022
2026-09-16,"ILI incidence",2026-09-27,3,"ES","quantile","0.99",68.5916468870122
2026-09-16,"ILI incidence",2026-10-04,4,"ES","median","",16.5112398897095
2026-09-16,"ILI incidence",2026-10-04,4,"ES","quantile","0.01",0
2026-09-16,"ILI incidence",2026-10-04,4,"ES","quantile","0.025",0
2026-09-16,"ILI incidence",2026-10-04,4,"ES","quantile","0.05",0
2026-09-16,"ILI incidence",2026-10-04,4,"ES","quantile","0.1",0
2026-09-16,"ILI incidence",2026-10-04,4,"ES","quantile","0.15",0
2026-09-16,"ILI incidence",2026-10-04,4,"ES","quantile","0.2",0
2026-09-16,"ILI incidence",2026-10-04,4,"ES","quantile","0.25",0
2026-09-16,"ILI incidence",2026-10-04,4,"ES","quantile","0.3",2.37267902846772
2026-09-16,"ILI incidence",2026-10-04,4,"ES","quantile","0.35",5.89215235024837
2026-09-16,"ILI incidence",2026-10-04,4,"ES","quantile","0.4",9.41442782185243
2026-09-16,"ILI incidence",2026-10-04,4,"ES","quantile","0.45",12.7952080008915
2026-09-16,"ILI incidence",2026-10-04,4,"ES","quantile","0.5",16.0966338479149
2026-09-16,"ILI incidence",2026-10-04,4,"ES","quantile","0.55",19.3023630984637
2026-09-16,"ILI incidence",2026-10-04,4,"ES","quantile","0.6",22.6800382083992
2026-09-16,"ILI incidence",2026-10-04,4,"ES","quantile","0.65",26.0135345225537
2026-09-16,"ILI incidence",2026-10-04,4,"ES","quantile","0.7",29.3904410476124
2026-09-16,"ILI incidence",2026-10-04,4,"ES","quantile","0.75",33.4565907995405
2026-09-16,"ILI incidence",2026-10-04,4,"ES","quantile","0.8",37.9140085973705
2026-09-16,"ILI incidence",2026-10-04,4,"ES","quantile","0.85",42.9707373830847
2026-09-16,"ILI incidence",2026-10-04,4,"ES","quantile","0.9",49.8187577030902
2026-09-16,"ILI incidence",2026-10-04,4,"ES","quantile","0.95",59.4513790768447
2026-09-16,"ILI incidence",2026-10-04,4,"ES","quantile","0.975",67.562385665435
2026-09-16,"ILI incidence",2026-10-04,4,"ES","quantile","0.99",76.2753140757514
2026-09-16,"ILI incidence",2026-09-13,1,"GB-WLS","median","",1.32156950280993
2026-09-16,"ILI incidence",2026-09-13,1,"GB-WLS","quantile","0.01",0
2026-09-16,"ILI incidence",2026-09-13,1,"GB-WLS","quantile","0.025",0
2026-09-16,"ILI incidence",2026-09-13,1,"GB-WLS","quantile","0.05",0
2026-09-16,"ILI incidence",2026-09-13,1,"GB-WLS","quantile","0.1",0
2026-09-16,"ILI incidence",2026-09-13,1,"GB-WLS","quantile","0.15",0
2026-09-16,"ILI incidence",2026-09-13,1,"GB-WLS","quantile","0.2",0
2026-09-16,"ILI incidence",2026-09-13,1,"GB-WLS","quantile","0.25",0
2026-09-16,"ILI incidence",2026-09-13,1,"GB-WLS","quantile","0.3",0.058221735767967
2026-09-16,"ILI incidence",2026-09-13,1,"GB-WLS","quantile","0.35",0.415025226333397
2026-09-16,"ILI incidence",2026-09-13,1,"GB-WLS","quantile","0.4",0.756368476966262
2026-09-16,"ILI incidence",2026-09-13,1,"GB-WLS","quantile","0.45",1.08185776711134
2026-09-16,"ILI incidence",2026-09-13,1,"GB-WLS","quantile","0.5",1.37680805338459
2026-09-16,"ILI incidence",2026-09-13,1,"GB-WLS","quantile","0.55",1.71750103609872
2026-09-16,"ILI incidence",2026-09-13,1,"GB-WLS","quantile","0.6",2.04866266396174
2026-09-16,"ILI incidence",2026-09-13,1,"GB-WLS","quantile","0.65",2.38866115967104
2026-09-16,"ILI incidence",2026-09-13,1,"GB-WLS","quantile","0.7",2.73680620042025
2026-09-16,"ILI incidence",2026-09-13,1,"GB-WLS","quantile","0.75",3.112949958447
2026-09-16,"ILI incidence",2026-09-13,1,"GB-WLS","quantile","0.8",3.52014421419901
2026-09-16,"ILI incidence",2026-09-13,1,"GB-WLS","quantile","0.85",4.02875316961503
2026-09-16,"ILI incidence",2026-09-13,1,"GB-WLS","quantile","0.9",4.66510125905794
2026-09-16,"ILI incidence",2026-09-13,1,"GB-WLS","quantile","0.95",5.49135898812112
2026-09-16,"ILI incidence",2026-09-13,1,"GB-WLS","quantile","0.975",6.26368834190303
2026-09-16,"ILI incidence",2026-09-13,1,"GB-WLS","quantile","0.99",7.27260467969075
2026-09-16,"ILI incidence",2026-09-20,2,"GB-WLS","median","",1.86888825768044
2026-09-16,"ILI incidence",2026-09-20,2,"GB-WLS","quantile","0.01",0
2026-09-16,"ILI incidence",2026-09-20,2,"GB-WLS","quantile","0.025",0
2026-09-16,"ILI incidence",2026-09-20,2,"GB-WLS","quantile","0.05",0
2026-09-16,"ILI incidence",2026-09-20,2,"GB-WLS","quantile","0.1",0
2026-09-16,"ILI incidence",2026-09-20,2,"GB-WLS","quantile","0.15",0
2026-09-16,"ILI incidence",2026-09-20,2,"GB-WLS","quantile","0.2",0
2026-09-16,"ILI incidence",2026-09-20,2,"GB-WLS","quantile","0.25",0
2026-09-16,"ILI incidence",2026-09-20,2,"GB-WLS","quantile","0.3",0.193452111541502
2026-09-16,"ILI incidence",2026-09-20,2,"GB-WLS","quantile","0.35",0.622967129257501
2026-09-16,"ILI incidence",2026-09-20,2,"GB-WLS","quantile","0.4",1.059415706371
2026-09-16,"ILI incidence",2026-09-20,2,"GB-WLS","quantile","0.45",1.45004160906002
2026-09-16,"ILI incidence",2026-09-20,2,"GB-WLS","quantile","0.5",1.86560081475113
2026-09-16,"ILI incidence",2026-09-20,2,"GB-WLS","quantile","0.55",2.2947846955417
2026-09-16,"ILI incidence",2026-09-20,2,"GB-WLS","quantile","0.6",2.72212014488944
2026-09-16,"ILI incidence",2026-09-20,2,"GB-WLS","quantile","0.65",3.12654899608996
2026-09-16,"ILI incidence",2026-09-20,2,"GB-WLS","quantile","0.7",3.57568590002504
2026-09-16,"ILI incidence",2026-09-20,2,"GB-WLS","quantile","0.75",4.0816789126822
2026-09-16,"ILI incidence",2026-09-20,2,"GB-WLS","quantile","0.8",4.63303381829617
2026-09-16,"ILI incidence",2026-09-20,2,"GB-WLS","quantile","0.85",5.24029980415478
2026-09-16,"ILI incidence",2026-09-20,2,"GB-WLS","quantile","0.9",6.03699808373439
2026-09-16,"ILI incidence",2026-09-20,2,"GB-WLS","quantile","0.95",7.20977002918624
2026-09-16,"ILI incidence",2026-09-20,2,"GB-WLS","quantile","0.975",8.14562837927479
2026-09-16,"ILI incidence",2026-09-20,2,"GB-WLS","quantile","0.99",9.31120139638818
2026-09-16,"ILI incidence",2026-09-27,3,"GB-WLS","median","",2.49170633331182
2026-09-16,"ILI incidence",2026-09-27,3,"GB-WLS","quantile","0.01",0
2026-09-16,"ILI incidence",2026-09-27,3,"GB-WLS","quantile","0.025",0
2026-09-16,"ILI incidence",2026-09-27,3,"GB-WLS","quantile","0.05",0
2026-09-16,"ILI incidence",2026-09-27,3,"GB-WLS","quantile","0.1",0
2026-09-16,"ILI incidence",2026-09-27,3,"GB-WLS","quantile","0.15",0
2026-09-16,"ILI incidence",2026-09-27,3,"GB-WLS","quantile","0.2",0
2026-09-16,"ILI incidence",2026-09-27,3,"GB-WLS","quantile","0.25",0
2026-09-16,"ILI incidence",2026-09-27,3,"GB-WLS","quantile","0.3",0.324907127761875
2026-09-16,"ILI incidence",2026-09-27,3,"GB-WLS","quantile","0.35",0.918753392494685
2026-09-16,"ILI incidence",2026-09-27,3,"GB-WLS","quantile","0.4",1.46504095642544
2026-09-16,"ILI incidence",2026-09-27,3,"GB-WLS","quantile","0.45",2.001347616183
2026-09-16,"ILI incidence",2026-09-27,3,"GB-WLS","quantile","0.5",2.58533091482396
2026-09-16,"ILI incidence",2026-09-27,3,"GB-WLS","quantile","0.55",3.12823320323411
2026-09-16,"ILI incidence",2026-09-27,3,"GB-WLS","quantile","0.6",3.68610756533739
2026-09-16,"ILI incidence",2026-09-27,3,"GB-WLS","quantile","0.65",4.22598486976707
2026-09-16,"ILI incidence",2026-09-27,3,"GB-WLS","quantile","0.7",4.80854715631552
2026-09-16,"ILI incidence",2026-09-27,3,"GB-WLS","quantile","0.75",5.46271942744028
2026-09-16,"ILI incidence",2026-09-27,3,"GB-WLS","quantile","0.8",6.19929796214742
2026-09-16,"ILI incidence",2026-09-27,3,"GB-WLS","quantile","0.85",6.96776083335771
2026-09-16,"ILI incidence",2026-09-27,3,"GB-WLS","quantile","0.9",7.97363518553759
2026-09-16,"ILI incidence",2026-09-27,3,"GB-WLS","quantile","0.95",9.46626565032432
2026-09-16,"ILI incidence",2026-09-27,3,"GB-WLS","quantile","0.975",10.7706947534295
2026-09-16,"ILI incidence",2026-09-27,3,"GB-WLS","quantile","0.99",12.310624569356
2026-09-16,"ILI incidence",2026-10-04,4,"GB-WLS","median","",3.08955220190139
2026-09-16,"ILI incidence",2026-10-04,4,"GB-WLS","quantile","0.01",0
2026-09-16,"ILI incidence",2026-10-04,4,"GB-WLS","quantile","0.025",0
2026-09-16,"ILI incidence",2026-10-04,4,"GB-WLS","quantile","0.05",0
2026-09-16,"ILI incidence",2026-10-04,4,"GB-WLS","quantile","0.1",0
2026-09-16,"ILI incidence",2026-10-04,4,"GB-WLS","quantile","0.15",0
2026-09-16,"ILI incidence",2026-10-04,4,"GB-WLS","quantile","0.2",0
2026-09-16,"ILI incidence",2026-10-04,4,"GB-WLS","quantile","0.25",0
2026-09-16,"ILI incidence",2026-10-04,4,"GB-WLS","quantile","0.3",0.440566935883619
2026-09-16,"ILI incidence",2026-10-04,4,"GB-WLS","quantile","0.35",1.20496245686909
2026-09-16,"ILI incidence",2026-10-04,4,"GB-WLS","quantile","0.4",1.85445506190953
2026-09-16,"ILI incidence",2026-10-04,4,"GB-WLS","quantile","0.45",2.46028175418778
2026-09-16,"ILI incidence",2026-10-04,4,"GB-WLS","quantile","0.5",3.19634986679892
2026-09-16,"ILI incidence",2026-10-04,4,"GB-WLS","quantile","0.55",3.85033245946917
2026-09-16,"ILI incidence",2026-10-04,4,"GB-WLS","quantile","0.6",4.4601171495845
2026-09-16,"ILI incidence",2026-10-04,4,"GB-WLS","quantile","0.65",5.14613300823872
2026-09-16,"ILI incidence",2026-10-04,4,"GB-WLS","quantile","0.7",5.86870018920495
2026-09-16,"ILI incidence",2026-10-04,4,"GB-WLS","quantile","0.75",6.61035083187969
2026-09-16,"ILI incidence",2026-10-04,4,"GB-WLS","quantile","0.8",7.42950354216906
2026-09-16,"ILI incidence",2026-10-04,4,"GB-WLS","quantile","0.85",8.43472476286167
2026-09-16,"ILI incidence",2026-10-04,4,"GB-WLS","quantile","0.9",9.63111550288111
2026-09-16,"ILI incidence",2026-10-04,4,"GB-WLS","quantile","0.95",11.6172763132075
2026-09-16,"ILI incidence",2026-10-04,4,"GB-WLS","quantile","0.975",13.1370256873311
2026-09-16,"ILI incidence",2026-10-04,4,"GB-WLS","quantile","0.99",14.8702517944693
2026-09-16,"ILI incidence",2026-09-13,1,"GR","median","",264.467982257236
2026-09-16,"ILI incidence",2026-09-13,1,"GR","quantile","0.01",0
2026-09-16,"ILI incidence",2026-09-13,1,"GR","quantile","0.025",0
2026-09-16,"ILI incidence",2026-09-13,1,"GR","quantile","0.05",0
2026-09-16,"ILI incidence",2026-09-13,1,"GR","quantile","0.1",40.6240908059062
2026-09-16,"ILI incidence",2026-09-13,1,"GR","quantile","0.15",84.8802750677243
2026-09-16,"ILI incidence",2026-09-13,1,"GR","quantile","0.2",119.704983526569
2026-09-16,"ILI incidence",2026-09-13,1,"GR","quantile","0.25",147.984555897653
2026-09-16,"ILI incidence",2026-09-13,1,"GR","quantile","0.3",173.285491229035
2026-09-16,"ILI incidence",2026-09-13,1,"GR","quantile","0.35",198.312899066229
2026-09-16,"ILI incidence",2026-09-13,1,"GR","quantile","0.4",222.317060773507
2026-09-16,"ILI incidence",2026-09-13,1,"GR","quantile","0.45",245.275603907073
2026-09-16,"ILI incidence",2026-09-13,1,"GR","quantile","0.5",267.107150683816
2026-09-16,"ILI incidence",2026-09-13,1,"GR","quantile","0.55",288.999168985981
2026-09-16,"ILI incidence",2026-09-13,1,"GR","quantile","0.6",311.176104798905
2026-09-16,"ILI incidence",2026-09-13,1,"GR","quantile","0.65",332.791527361823
2026-09-16,"ILI incidence",2026-09-13,1,"GR","quantile","0.7",357.189492931706
2026-09-16,"ILI incidence",2026-09-13,1,"GR","quantile","0.75",381.901202380109
2026-09-16,"ILI incidence",2026-09-13,1,"GR","quantile","0.8",409.591045186348
2026-09-16,"ILI incidence",2026-09-13,1,"GR","quantile","0.85",442.501278492914
2026-09-16,"ILI incidence",2026-09-13,1,"GR","quantile","0.9",484.140927780659
2026-09-16,"ILI incidence",2026-09-13,1,"GR","quantile","0.95",548.824988672177
2026-09-16,"ILI incidence",2026-09-13,1,"GR","quantile","0.975",601.927579654508
2026-09-16,"ILI incidence",2026-09-13,1,"GR","quantile","0.99",667.593026846917
2026-09-16,"ILI incidence",2026-09-20,2,"GR","median","",299.169371506028
2026-09-16,"ILI incidence",2026-09-20,2,"GR","quantile","0.01",0
2026-09-16,"ILI incidence",2026-09-20,2,"GR","quantile","0.025",0
2026-09-16,"ILI incidence",2026-09-20,2,"GR","quantile","0.05",0
2026-09-16,"ILI incidence",2026-09-20,2,"GR","quantile","0.1",4.76428835077581
2026-09-16,"ILI incidence",2026-09-20,2,"GR","quantile","0.15",60.7436088130895
2026-09-16,"ILI incidence",2026-09-20,2,"GR","quantile","0.2",104.881341565183
2026-09-16,"ILI incidence",2026-09-20,2,"GR","quantile","0.25",145.02148734277
2026-09-16,"ILI incidence",2026-09-20,2,"GR","quantile","0.3",179.3229249642
2026-09-16,"ILI incidence",2026-09-20,2,"GR","quantile","0.35",209.835909458928
2026-09-16,"ILI incidence",2026-09-20,2,"GR","quantile","0.4",242.563967287983
2026-09-16,"ILI incidence",2026-09-20,2,"GR","quantile","0.45",270.648215442653
2026-09-16,"ILI incidence",2026-09-20,2,"GR","quantile","0.5",301.503706519295
2026-09-16,"ILI incidence",2026-09-20,2,"GR","quantile","0.55",330.629458516217
2026-09-16,"ILI incidence",2026-09-20,2,"GR","quantile","0.6",358.066168922871
2026-09-16,"ILI incidence",2026-09-20,2,"GR","quantile","0.65",388.928208147022
2026-09-16,"ILI incidence",2026-09-20,2,"GR","quantile","0.7",420.613931819366
2026-09-16,"ILI incidence",2026-09-20,2,"GR","quantile","0.75",458.058512529095
2026-09-16,"ILI incidence",2026-09-20,2,"GR","quantile","0.8",496.085613427315
2026-09-16,"ILI incidence",2026-09-20,2,"GR","quantile","0.85",541.025554261008
2026-09-16,"ILI incidence",2026-09-20,2,"GR","quantile","0.9",600.645427686749
2026-09-16,"ILI incidence",2026-09-20,2,"GR","quantile","0.95",689.221847637329
2026-09-16,"ILI incidence",2026-09-20,2,"GR","quantile","0.975",764.024247890746
2026-09-16,"ILI incidence",2026-09-20,2,"GR","quantile","0.99",843.55753765166
2026-09-16,"ILI incidence",2026-09-27,3,"GR","median","",330.636575804955
2026-09-16,"ILI incidence",2026-09-27,3,"GR","quantile","0.01",0
2026-09-16,"ILI incidence",2026-09-27,3,"GR","quantile","0.025",0
2026-09-16,"ILI incidence",2026-09-27,3,"GR","quantile","0.05",0
2026-09-16,"ILI incidence",2026-09-27,3,"GR","quantile","0.1",0
2026-09-16,"ILI incidence",2026-09-27,3,"GR","quantile","0.15",49.8271574340621
2026-09-16,"ILI incidence",2026-09-27,3,"GR","quantile","0.2",99.7258788158624
2026-09-16,"ILI incidence",2026-09-27,3,"GR","quantile","0.25",142.815760054905
2026-09-16,"ILI incidence",2026-09-27,3,"GR","quantile","0.3",185.961207944247
2026-09-16,"ILI incidence",2026-09-27,3,"GR","quantile","0.35",223.464346765847
2026-09-16,"ILI incidence",2026-09-27,3,"GR","quantile","0.4",258.888877311839
2026-09-16,"ILI incidence",2026-09-27,3,"GR","quantile","0.45",292.201390293847
2026-09-16,"ILI incidence",2026-09-27,3,"GR","quantile","0.5",328.513078612904
2026-09-16,"ILI incidence",2026-09-27,3,"GR","quantile","0.55",362.44014467045
2026-09-16,"ILI incidence",2026-09-27,3,"GR","quantile","0.6",399.34833724838
2026-09-16,"ILI incidence",2026-09-27,3,"GR","quantile","0.65",437.602854091057
2026-09-16,"ILI incidence",2026-09-27,3,"GR","quantile","0.7",474.315365263624
2026-09-16,"ILI incidence",2026-09-27,3,"GR","quantile","0.75",514.383079189389
2026-09-16,"ILI incidence",2026-09-27,3,"GR","quantile","0.8",561.994593311751
2026-09-16,"ILI incidence",2026-09-27,3,"GR","quantile","0.85",615.712731886994
2026-09-16,"ILI incidence",2026-09-27,3,"GR","quantile","0.9",675.347114662403
2026-09-16,"ILI incidence",2026-09-27,3,"GR","quantile","0.95",772.505005747503
2026-09-16,"ILI incidence",2026-09-27,3,"GR","quantile","0.975",862.074099127952
2026-09-16,"ILI incidence",2026-09-27,3,"GR","quantile","0.99",963.235741607609
2026-09-16,"ILI incidence",2026-10-04,4,"GR","median","",359.171022633332
2026-09-16,"ILI incidence",2026-10-04,4,"GR","quantile","0.01",0
2026-09-16,"ILI incidence",2026-10-04,4,"GR","quantile","0.025",0
2026-09-16,"ILI incidence",2026-10-04,4,"GR","quantile","0.05",0
2026-09-16,"ILI incidence",2026-10-04,4,"GR","quantile","0.1",0
2026-09-16,"ILI incidence",2026-10-04,4,"GR","quantile","0.15",45.9383350641501
2026-09-16,"ILI incidence",2026-10-04,4,"GR","quantile","0.2",106.426773645745
2026-09-16,"ILI incidence",2026-10-04,4,"GR","quantile","0.25",158.089949790617
2026-09-16,"ILI incidence",2026-10-04,4,"GR","quantile","0.3",201.40653342441
2026-09-16,"ILI incidence",2026-10-04,4,"GR","quantile","0.35",243.084053539807
2026-09-16,"ILI incidence",2026-10-04,4,"GR","quantile","0.4",282.751131622078
2026-09-16,"ILI incidence",2026-10-04,4,"GR","quantile","0.45",318.557716733322
2026-09-16,"ILI incidence",2026-10-04,4,"GR","quantile","0.5",357.435037126128
2026-09-16,"ILI incidence",2026-10-04,4,"GR","quantile","0.55",393.199735089119
2026-09-16,"ILI incidence",2026-10-04,4,"GR","quantile","0.6",435.462582903491
2026-09-16,"ILI incidence",2026-10-04,4,"GR","quantile","0.65",477.728913199313
2026-09-16,"ILI incidence",2026-10-04,4,"GR","quantile","0.7",519.100249557422
2026-09-16,"ILI incidence",2026-10-04,4,"GR","quantile","0.75",564.07537323509
2026-09-16,"ILI incidence",2026-10-04,4,"GR","quantile","0.8",612.079093116984
2026-09-16,"ILI incidence",2026-10-04,4,"GR","quantile","0.85",669.279326714751
2026-09-16,"ILI incidence",2026-10-04,4,"GR","quantile","0.9",740.289414122106
2026-09-16,"ILI incidence",2026-10-04,4,"GR","quantile","0.95",841.052138135725
2026-09-16,"ILI incidence",2026-10-04,4,"GR","quantile","0.975",940.271311981166
2026-09-16,"ILI incidence",2026-10-04,4,"GR","quantile","0.99",1046.68858885338
2026-09-16,"ILI incidence",2026-09-13,1,"HU","median","",47.8831314666418
2026-09-16,"ILI incidence",2026-09-13,1,"HU","quantile","0.01",0
2026-09-16,"ILI incidence",2026-09-13,1,"HU","quantile","0.025",0
2026-09-16,"ILI incidence",2026-09-13,1,"HU","quantile","0.05",0
2026-09-16,"ILI incidence",2026-09-13,1,"HU","quantile","0.1",0
2026-09-16,"ILI incidence",2026-09-13,1,"HU","quantile","0.15",0
2026-09-16,"ILI incidence",2026-09-13,1,"HU","quantile","0.2",2.61650288629084
2026-09-16,"ILI incidence",2026-09-13,1,"HU","quantile","0.25",11.4573172069509
2026-09-16,"ILI incidence",2026-09-13,1,"HU","quantile","0.3",20.0510974947921
2026-09-16,"ILI incidence",2026-09-13,1,"HU","quantile","0.35",28.0616701999271
2026-09-16,"ILI incidence",2026-09-13,1,"HU","quantile","0.4",34.7118377636435
2026-09-16,"ILI incidence",2026-09-13,1,"HU","quantile","0.45",41.6212456166016
2026-09-16,"ILI incidence",2026-09-13,1,"HU","quantile","0.5",48.7400949659005
2026-09-16,"ILI incidence",2026-09-13,1,"HU","quantile","0.55",55.7868380169249
2026-09-16,"ILI incidence",2026-09-13,1,"HU","quantile","0.6",62.2085623389222
2026-09-16,"ILI incidence",2026-09-13,1,"HU","quantile","0.65",68.6379010637774
2026-09-16,"ILI incidence",2026-09-13,1,"HU","quantile","0.7",76.3424924368058
2026-09-16,"ILI incidence",2026-09-13,1,"HU","quantile","0.75",84.3395310205499
2026-09-16,"ILI incidence",2026-09-13,1,"HU","quantile","0.8",92.7668325823019
2026-09-16,"ILI incidence",2026-09-13,1,"HU","quantile","0.85",102.9975380999
2026-09-16,"ILI incidence",2026-09-13,1,"HU","quantile","0.9",115.907123160133
2026-09-16,"ILI incidence",2026-09-13,1,"HU","quantile","0.95",133.732640225232
2026-09-16,"ILI incidence",2026-09-13,1,"HU","quantile","0.975",151.987163971075
2026-09-16,"ILI incidence",2026-09-13,1,"HU","quantile","0.99",171.872094428618
2026-09-16,"ILI incidence",2026-09-20,2,"HU","median","",79.4851852324034
2026-09-16,"ILI incidence",2026-09-20,2,"HU","quantile","0.01",0
2026-09-16,"ILI incidence",2026-09-20,2,"HU","quantile","0.025",0
2026-09-16,"ILI incidence",2026-09-20,2,"HU","quantile","0.05",0
2026-09-16,"ILI incidence",2026-09-20,2,"HU","quantile","0.1",0
2026-09-16,"ILI incidence",2026-09-20,2,"HU","quantile","0.15",0
2026-09-16,"ILI incidence",2026-09-20,2,"HU","quantile","0.2",2.06332725461913
2026-09-16,"ILI incidence",2026-09-20,2,"HU","quantile","0.25",17.1488785948894
2026-09-16,"ILI incidence",2026-09-20,2,"HU","quantile","0.3",30.7168709581842
2026-09-16,"ILI incidence",2026-09-20,2,"HU","quantile","0.35",43.9103861542059
2026-09-16,"ILI incidence",2026-09-20,2,"HU","quantile","0.4",56.0016015825678
2026-09-16,"ILI incidence",2026-09-20,2,"HU","quantile","0.45",67.7275897715315
2026-09-16,"ILI incidence",2026-09-20,2,"HU","quantile","0.5",78.491644679105
2026-09-16,"ILI incidence",2026-09-20,2,"HU","quantile","0.55",90.1230345980397
2026-09-16,"ILI incidence",2026-09-20,2,"HU","quantile","0.6",102.461057328915
2026-09-16,"ILI incidence",2026-09-20,2,"HU","quantile","0.65",114.772200389782
2026-09-16,"ILI incidence",2026-09-20,2,"HU","quantile","0.7",126.458048644926
2026-09-16,"ILI incidence",2026-09-20,2,"HU","quantile","0.75",139.656059936813
2026-09-16,"ILI incidence",2026-09-20,2,"HU","quantile","0.8",155.503068510481
2026-09-16,"ILI incidence",2026-09-20,2,"HU","quantile","0.85",173.391953571657
2026-09-16,"ILI incidence",2026-09-20,2,"HU","quantile","0.9",194.736365177721
2026-09-16,"ILI incidence",2026-09-20,2,"HU","quantile","0.95",226.11211607221
2026-09-16,"ILI incidence",2026-09-20,2,"HU","quantile","0.975",254.415135808209
2026-09-16,"ILI incidence",2026-09-20,2,"HU","quantile","0.99",288.647839199335
2026-09-16,"ILI incidence",2026-09-27,3,"HU","median","",103.717846419796
2026-09-16,"ILI incidence",2026-09-27,3,"HU","quantile","0.01",0
2026-09-16,"ILI incidence",2026-09-27,3,"HU","quantile","0.025",0
2026-09-16,"ILI incidence",2026-09-27,3,"HU","quantile","0.05",0
2026-09-16,"ILI incidence",2026-09-27,3,"HU","quantile","0.1",0
2026-09-16,"ILI incidence",2026-09-27,3,"HU","quantile","0.15",0
2026-09-16,"ILI incidence",2026-09-27,3,"HU","quantile","0.2",5.96015137664063
2026-09-16,"ILI incidence",2026-09-27,3,"HU","quantile","0.25",25.7701011659522
2026-09-16,"ILI incidence",2026-09-27,3,"HU","quantile","0.3",42.8378025407341
2026-09-16,"ILI incidence",2026-09-27,3,"HU","quantile","0.35",58.9922217014524
2026-09-16,"ILI incidence",2026-09-27,3,"HU","quantile","0.4",73.5905467343861
2026-09-16,"ILI incidence",2026-09-27,3,"HU","quantile","0.45",88.2119492374347
2026-09-16,"ILI incidence",2026-09-27,3,"HU","quantile","0.5",102.256187601786
2026-09-16,"ILI incidence",2026-09-27,3,"HU","quantile","0.55",116.756162321576
2026-09-16,"ILI incidence",2026-09-27,3,"HU","quantile","0.6",131.911427535644
2026-09-16,"ILI incidence",2026-09-27,3,"HU","quantile","0.65",147.474764619535
2026-09-16,"ILI incidence",2026-09-27,3,"HU","quantile","0.7",163.592992021881
2026-09-16,"ILI incidence",2026-09-27,3,"HU","quantile","0.75",180.642429511897
2026-09-16,"ILI incidence",2026-09-27,3,"HU","quantile","0.8",200.57954103005
2026-09-16,"ILI incidence",2026-09-27,3,"HU","quantile","0.85",221.74137582828
2026-09-16,"ILI incidence",2026-09-27,3,"HU","quantile","0.9",248.444821450825
2026-09-16,"ILI incidence",2026-09-27,3,"HU","quantile","0.95",295.007805601688
2026-09-16,"ILI incidence",2026-09-27,3,"HU","quantile","0.975",329.830934527085
2026-09-16,"ILI incidence",2026-09-27,3,"HU","quantile","0.99",374.002611532601
2026-09-16,"ILI incidence",2026-10-04,4,"HU","median","",132.782387085325
2026-09-16,"ILI incidence",2026-10-04,4,"HU","quantile","0.01",0
2026-09-16,"ILI incidence",2026-10-04,4,"HU","quantile","0.025",0
2026-09-16,"ILI incidence",2026-10-04,4,"HU","quantile","0.05",0
2026-09-16,"ILI incidence",2026-10-04,4,"HU","quantile","0.1",0
2026-09-16,"ILI incidence",2026-10-04,4,"HU","quantile","0.15",0
2026-09-16,"ILI incidence",2026-10-04,4,"HU","quantile","0.2",14.4087003174408
2026-09-16,"ILI incidence",2026-10-04,4,"HU","quantile","0.25",37.7226056794857
2026-09-16,"ILI incidence",2026-10-04,4,"HU","quantile","0.3",58.986994534722
2026-09-16,"ILI incidence",2026-10-04,4,"HU","quantile","0.35",78.6902413848214
2026-09-16,"ILI incidence",2026-10-04,4,"HU","quantile","0.4",96.758378750213
2026-09-16,"ILI incidence",2026-10-04,4,"HU","quantile","0.45",114.469441273578
2026-09-16,"ILI incidence",2026-10-04,4,"HU","quantile","0.5",132.659109947111
2026-09-16,"ILI incidence",2026-10-04,4,"HU","quantile","0.55",150.305374405157
2026-09-16,"ILI incidence",2026-10-04,4,"HU","quantile","0.6",166.820102781314
2026-09-16,"ILI incidence",2026-10-04,4,"HU","quantile","0.65",185.800100336132
2026-09-16,"ILI incidence",2026-10-04,4,"HU","quantile","0.7",205.904179144955
2026-09-16,"ILI incidence",2026-10-04,4,"HU","quantile","0.75",227.283383362851
2026-09-16,"ILI incidence",2026-10-04,4,"HU","quantile","0.8",250.900020455027
2026-09-16,"ILI incidence",2026-10-04,4,"HU","quantile","0.85",276.767257832102
2026-09-16,"ILI incidence",2026-10-04,4,"HU","quantile","0.9",312.748947500148
2026-09-16,"ILI incidence",2026-10-04,4,"HU","quantile","0.95",361.809950087138
2026-09-16,"ILI incidence",2026-10-04,4,"HU","quantile","0.975",408.870090579191
2026-09-16,"ILI incidence",2026-10-04,4,"HU","quantile","0.99",458.807705488964
2026-09-16,"ILI incidence",2026-09-13,1,"IE","median","",3.06336214665462
2026-09-16,"ILI incidence",2026-09-13,1,"IE","quantile","0.01",0
2026-09-16,"ILI incidence",2026-09-13,1,"IE","quantile","0.025",0
2026-09-16,"ILI incidence",2026-09-13,1,"IE","quantile","0.05",0
2026-09-16,"ILI incidence",2026-09-13,1,"IE","quantile","0.1",0
2026-09-16,"ILI incidence",2026-09-13,1,"IE","quantile","0.15",0
2026-09-16,"ILI incidence",2026-09-13,1,"IE","quantile","0.2",0
2026-09-16,"ILI incidence",2026-09-13,1,"IE","quantile","0.25",0
2026-09-16,"ILI incidence",2026-09-13,1,"IE","quantile","0.3",0
2026-09-16,"ILI incidence",2026-09-13,1,"IE","quantile","0.35",0
2026-09-16,"ILI incidence",2026-09-13,1,"IE","quantile","0.4",1.02312440850257
2026-09-16,"ILI incidence",2026-09-13,1,"IE","quantile","0.45",2.09686494309591
2026-09-16,"ILI incidence",2026-09-13,1,"IE","quantile","0.5",3.17960637333442
2026-09-16,"ILI incidence",2026-09-13,1,"IE","quantile","0.55",4.2858270487298
2026-09-16,"ILI incidence",2026-09-13,1,"IE","quantile","0.6",5.33818251691229
2026-09-16,"ILI incidence",2026-09-13,1,"IE","quantile","0.65",6.36841815893093
2026-09-16,"ILI incidence",2026-09-13,1,"IE","quantile","0.7",7.49582010442641
2026-09-16,"ILI incidence",2026-09-13,1,"IE","quantile","0.75",8.79448757255804
2026-09-16,"ILI incidence",2026-09-13,1,"IE","quantile","0.8",10.1285515566287
2026-09-16,"ILI incidence",2026-09-13,1,"IE","quantile","0.85",11.7470812477356
2026-09-16,"ILI incidence",2026-09-13,1,"IE","quantile","0.9",13.7982650004935
2026-09-16,"ILI incidence",2026-09-13,1,"IE","quantile","0.95",16.7422682324086
2026-09-16,"ILI incidence",2026-09-13,1,"IE","quantile","0.975",19.3210279440427
2026-09-16,"ILI incidence",2026-09-13,1,"IE","quantile","0.99",21.7486609919933
2026-09-16,"ILI incidence",2026-09-20,2,"IE","median","",4.95144737295631
2026-09-16,"ILI incidence",2026-09-20,2,"IE","quantile","0.01",0
2026-09-16,"ILI incidence",2026-09-20,2,"IE","quantile","0.025",0
2026-09-16,"ILI incidence",2026-09-20,2,"IE","quantile","0.05",0
2026-09-16,"ILI incidence",2026-09-20,2,"IE","quantile","0.1",0
2026-09-16,"ILI incidence",2026-09-20,2,"IE","quantile","0.15",0
2026-09-16,"ILI incidence",2026-09-20,2,"IE","quantile","0.2",0
2026-09-16,"ILI incidence",2026-09-20,2,"IE","quantile","0.25",0
2026-09-16,"ILI incidence",2026-09-20,2,"IE","quantile","0.3",0
2026-09-16,"ILI incidence",2026-09-20,2,"IE","quantile","0.35",0.486762262140039
2026-09-16,"ILI incidence",2026-09-20,2,"IE","quantile","0.4",2.04535859514555
2026-09-16,"ILI incidence",2026-09-20,2,"IE","quantile","0.45",3.58527795836498
2026-09-16,"ILI incidence",2026-09-20,2,"IE","quantile","0.5",5.07965797427145
2026-09-16,"ILI incidence",2026-09-20,2,"IE","quantile","0.55",6.56910979910839
2026-09-16,"ILI incidence",2026-09-20,2,"IE","quantile","0.6",8.18461794750188
2026-09-16,"ILI incidence",2026-09-20,2,"IE","quantile","0.65",9.7363887532912
2026-09-16,"ILI incidence",2026-09-20,2,"IE","quantile","0.7",11.4025396319419
2026-09-16,"ILI incidence",2026-09-20,2,"IE","quantile","0.75",13.2403231776703
2026-09-16,"ILI incidence",2026-09-20,2,"IE","quantile","0.8",15.2977388093205
2026-09-16,"ILI incidence",2026-09-20,2,"IE","quantile","0.85",17.7312247962966
2026-09-16,"ILI incidence",2026-09-20,2,"IE","quantile","0.9",20.6445179970859
2026-09-16,"ILI incidence",2026-09-20,2,"IE","quantile","0.95",24.8703678861562
2026-09-16,"ILI incidence",2026-09-20,2,"IE","quantile","0.975",28.4256855626233
2026-09-16,"ILI incidence",2026-09-20,2,"IE","quantile","0.99",32.63254803629
2026-09-16,"ILI incidence",2026-09-27,3,"IE","median","",6.65470390890277
2026-09-16,"ILI incidence",2026-09-27,3,"IE","quantile","0.01",0
2026-09-16,"ILI incidence",2026-09-27,3,"IE","quantile","0.025",0
2026-09-16,"ILI incidence",2026-09-27,3,"IE","quantile","0.05",0
2026-09-16,"ILI incidence",2026-09-27,3,"IE","quantile","0.1",0
2026-09-16,"ILI incidence",2026-09-27,3,"IE","quantile","0.15",0
2026-09-16,"ILI incidence",2026-09-27,3,"IE","quantile","0.2",0
2026-09-16,"ILI incidence",2026-09-27,3,"IE","quantile","0.25",0
2026-09-16,"ILI incidence",2026-09-27,3,"IE","quantile","0.3",0
2026-09-16,"ILI incidence",2026-09-27,3,"IE","quantile","0.35",1.1508748091451
2026-09-16,"ILI incidence",2026-09-27,3,"IE","quantile","0.4",3.20877580696739
2026-09-16,"ILI incidence",2026-09-27,3,"IE","quantile","0.45",4.9911526003019
2026-09-16,"ILI incidence",2026-09-27,3,"IE","quantile","0.5",6.76278676579023
2026-09-16,"ILI incidence",2026-09-27,3,"IE","quantile","0.55",8.51490662595006
2026-09-16,"ILI incidence",2026-09-27,3,"IE","quantile","0.6",10.4325741689441
2026-09-16,"ILI incidence",2026-09-27,3,"IE","quantile","0.65",12.4519440360186
2026-09-16,"ILI incidence",2026-09-27,3,"IE","quantile","0.7",14.4707553094456
2026-09-16,"ILI incidence",2026-09-27,3,"IE","quantile","0.75",16.6966647969955
2026-09-16,"ILI incidence",2026-09-27,3,"IE","quantile","0.8",19.1883850196628
2026-09-16,"ILI incidence",2026-09-27,3,"IE","quantile","0.85",22.1388961643634
2026-09-16,"ILI incidence",2026-09-27,3,"IE","quantile","0.9",25.787450940898
2026-09-16,"ILI incidence",2026-09-27,3,"IE","quantile","0.95",31.0089112279118
2026-09-16,"ILI incidence",2026-09-27,3,"IE","quantile","0.975",35.9246295827861
2026-09-16,"ILI incidence",2026-09-27,3,"IE","quantile","0.99",41.3662580072423
2026-09-16,"ILI incidence",2026-10-04,4,"IE","median","",8.17302930584871
2026-09-16,"ILI incidence",2026-10-04,4,"IE","quantile","0.01",0
2026-09-16,"ILI incidence",2026-10-04,4,"IE","quantile","0.025",0
2026-09-16,"ILI incidence",2026-10-04,4,"IE","quantile","0.05",0
2026-09-16,"ILI incidence",2026-10-04,4,"IE","quantile","0.1",0
2026-09-16,"ILI incidence",2026-10-04,4,"IE","quantile","0.15",0
2026-09-16,"ILI incidence",2026-10-04,4,"IE","quantile","0.2",0
2026-09-16,"ILI incidence",2026-10-04,4,"IE","quantile","0.25",0
2026-09-16,"ILI incidence",2026-10-04,4,"IE","quantile","0.3",0
2026-09-16,"ILI incidence",2026-10-04,4,"IE","quantile","0.35",1.93526351706933
2026-09-16,"ILI incidence",2026-10-04,4,"IE","quantile","0.4",4.06923040498482
2026-09-16,"ILI incidence",2026-10-04,4,"IE","quantile","0.45",6.1928391943462
2026-09-16,"ILI incidence",2026-10-04,4,"IE","quantile","0.5",8.24129015363958
2026-09-16,"ILI incidence",2026-10-04,4,"IE","quantile","0.55",10.3430239234882
2026-09-16,"ILI incidence",2026-10-04,4,"IE","quantile","0.6",12.553836071137
2026-09-16,"ILI incidence",2026-10-04,4,"IE","quantile","0.65",14.6759417001157
2026-09-16,"ILI incidence",2026-10-04,4,"IE","quantile","0.7",16.9671243124022
2026-09-16,"ILI incidence",2026-10-04,4,"IE","quantile","0.75",19.4563778470656
2026-09-16,"ILI incidence",2026-10-04,4,"IE","quantile","0.8",22.270108990263
2026-09-16,"ILI incidence",2026-10-04,4,"IE","quantile","0.85",25.5293124589575
2026-09-16,"ILI incidence",2026-10-04,4,"IE","quantile","0.9",29.6418285785929
2026-09-16,"ILI incidence",2026-10-04,4,"IE","quantile","0.95",35.6031634964459
2026-09-16,"ILI incidence",2026-10-04,4,"IE","quantile","0.975",40.7448931910516
2026-09-16,"ILI incidence",2026-10-04,4,"IE","quantile","0.99",46.8985016554329
2026-09-16,"ILI incidence",2026-09-13,1,"IS","median","",1.05059217109398
2026-09-16,"ILI incidence",2026-09-13,1,"IS","quantile","0.01",0
2026-09-16,"ILI incidence",2026-09-13,1,"IS","quantile","0.025",0
2026-09-16,"ILI incidence",2026-09-13,1,"IS","quantile","0.05",0
2026-09-16,"ILI incidence",2026-09-13,1,"IS","quantile","0.1",0
2026-09-16,"ILI incidence",2026-09-13,1,"IS","quantile","0.15",0
2026-09-16,"ILI incidence",2026-09-13,1,"IS","quantile","0.2",0
2026-09-16,"ILI incidence",2026-09-13,1,"IS","quantile","0.25",0
2026-09-16,"ILI incidence",2026-09-13,1,"IS","quantile","0.3",0
2026-09-16,"ILI incidence",2026-09-13,1,"IS","quantile","0.35",0
2026-09-16,"ILI incidence",2026-09-13,1,"IS","quantile","0.4",0.368823326671988
2026-09-16,"ILI incidence",2026-09-13,1,"IS","quantile","0.45",0.744612323279029
2026-09-16,"ILI incidence",2026-09-13,1,"IS","quantile","0.5",1.13134278465376
2026-09-16,"ILI incidence",2026-09-13,1,"IS","quantile","0.55",1.51045234320735
2026-09-16,"ILI incidence",2026-09-13,1,"IS","quantile","0.6",1.88359510577511
2026-09-16,"ILI incidence",2026-09-13,1,"IS","quantile","0.65",2.27680304196805
2026-09-16,"ILI incidence",2026-09-13,1,"IS","quantile","0.7",2.67256015717032
2026-09-16,"ILI incidence",2026-09-13,1,"IS","quantile","0.75",3.09527776142031
2026-09-16,"ILI incidence",2026-09-13,1,"IS","quantile","0.8",3.60885152891748
2026-09-16,"ILI incidence",2026-09-13,1,"IS","quantile","0.85",4.17813875899379
2026-09-16,"ILI incidence",2026-09-13,1,"IS","quantile","0.9",4.88945039773414
2026-09-16,"ILI incidence",2026-09-13,1,"IS","quantile","0.95",5.95774899417544
2026-09-16,"ILI incidence",2026-09-13,1,"IS","quantile","0.975",6.90716044203936
2026-09-16,"ILI incidence",2026-09-13,1,"IS","quantile","0.99",8.05453138424574
2026-09-16,"ILI incidence",2026-09-20,2,"IS","median","",1.5508194684959
2026-09-16,"ILI incidence",2026-09-20,2,"IS","quantile","0.01",0
2026-09-16,"ILI incidence",2026-09-20,2,"IS","quantile","0.025",0
2026-09-16,"ILI incidence",2026-09-20,2,"IS","quantile","0.05",0
2026-09-16,"ILI incidence",2026-09-20,2,"IS","quantile","0.1",0
2026-09-16,"ILI incidence",2026-09-20,2,"IS","quantile","0.15",0
2026-09-16,"ILI incidence",2026-09-20,2,"IS","quantile","0.2",0
2026-09-16,"ILI incidence",2026-09-20,2,"IS","quantile","0.25",0
2026-09-16,"ILI incidence",2026-09-20,2,"IS","quantile","0.3",0
2026-09-16,"ILI incidence",2026-09-20,2,"IS","quantile","0.35",0.0196070088862724
2026-09-16,"ILI incidence",2026-09-20,2,"IS","quantile","0.4",0.562521621825502
2026-09-16,"ILI incidence",2026-09-20,2,"IS","quantile","0.45",1.07703089889465
2026-09-16,"ILI incidence",2026-09-20,2,"IS","quantile","0.5",1.59267494105112
2026-09-16,"ILI incidence",2026-09-20,2,"IS","quantile","0.55",2.08399602547307
2026-09-16,"ILI incidence",2026-09-20,2,"IS","quantile","0.6",2.62913024911853
2026-09-16,"ILI incidence",2026-09-20,2,"IS","quantile","0.65",3.11842984453308
2026-09-16,"ILI incidence",2026-09-20,2,"IS","quantile","0.7",3.6881410200195
2026-09-16,"ILI incidence",2026-09-20,2,"IS","quantile","0.75",4.27576891667007
2026-09-16,"ILI incidence",2026-09-20,2,"IS","quantile","0.8",4.93277245521649
2026-09-16,"ILI incidence",2026-09-20,2,"IS","quantile","0.85",5.72315274207057
2026-09-16,"ILI incidence",2026-09-20,2,"IS","quantile","0.9",6.68905035082402
2026-09-16,"ILI incidence",2026-09-20,2,"IS","quantile","0.95",8.25882192908868
2026-09-16,"ILI incidence",2026-09-20,2,"IS","quantile","0.975",9.61010625146139
2026-09-16,"ILI incidence",2026-09-20,2,"IS","quantile","0.99",11.0535005391736
2026-09-16,"ILI incidence",2026-09-27,3,"IS","median","",2.10311400491747
2026-09-16,"ILI incidence",2026-09-27,3,"IS","quantile","0.01",0
2026-09-16,"ILI incidence",2026-09-27,3,"IS","quantile","0.025",0
2026-09-16,"ILI incidence",2026-09-27,3,"IS","quantile","0.05",0
2026-09-16,"ILI incidence",2026-09-27,3,"IS","quantile","0.1",0
2026-09-16,"ILI incidence",2026-09-27,3,"IS","quantile","0.15",0
2026-09-16,"ILI incidence",2026-09-27,3,"IS","quantile","0.2",0
2026-09-16,"ILI incidence",2026-09-27,3,"IS","quantile","0.25",0
2026-09-16,"ILI incidence",2026-09-27,3,"IS","quantile","0.3",0
2026-09-16,"ILI incidence",2026-09-27,3,"IS","quantile","0.35",0.253032374934665
2026-09-16,"ILI incidence",2026-09-27,3,"IS","quantile","0.4",0.886810900429221
2026-09-16,"ILI incidence",2026-09-27,3,"IS","quantile","0.45",1.49594361433866
2026-09-16,"ILI incidence",2026-09-27,3,"IS","quantile","0.5",2.11070141711897
2026-09-16,"ILI incidence",2026-09-27,3,"IS","quantile","0.55",2.68508781892228
2026-09-16,"ILI incidence",2026-09-27,3,"IS","quantile","0.6",3.34059783330313
2026-09-16,"ILI incidence",2026-09-27,3,"IS","quantile","0.65",3.96200144324183
2026-09-16,"ILI incidence",2026-09-27,3,"IS","quantile","0.7",4.67580719636074
2026-09-16,"ILI incidence",2026-09-27,3,"IS","quantile","0.75",5.45893031616487
2026-09-16,"ILI incidence",2026-09-27,3,"IS","quantile","0.8",6.22467193992015
2026-09-16,"ILI incidence",2026-09-27,3,"IS","quantile","0.85",7.18942662073179
2026-09-16,"ILI incidence",2026-09-27,3,"IS","quantile","0.9",8.25991426150228
2026-09-16,"ILI incidence",2026-09-27,3,"IS","quantile","0.95",10.1860708313761
2026-09-16,"ILI incidence",2026-09-27,3,"IS","quantile","0.975",11.7576095397816
2026-09-16,"ILI incidence",2026-09-27,3,"IS","quantile","0.99",13.6758466631553
2026-09-16,"ILI incidence",2026-10-04,4,"IS","median","",2.68272599498715
2026-09-16,"ILI incidence",2026-10-04,4,"IS","quantile","0.01",0
2026-09-16,"ILI incidence",2026-10-04,4,"IS","quantile","0.025",0
2026-09-16,"ILI incidence",2026-10-04,4,"IS","quantile","0.05",0
2026-09-16,"ILI incidence",2026-10-04,4,"IS","quantile","0.1",0
2026-09-16,"ILI incidence",2026-10-04,4,"IS","quantile","0.15",0
2026-09-16,"ILI incidence",2026-10-04,4,"IS","quantile","0.2",0
2026-09-16,"ILI incidence",2026-10-04,4,"IS","quantile","0.25",0
2026-09-16,"ILI incidence",2026-10-04,4,"IS","quantile","0.3",0
2026-09-16,"ILI incidence",2026-10-04,4,"IS","quantile","0.35",0.493703410155143
2026-09-16,"ILI incidence",2026-10-04,4,"IS","quantile","0.4",1.21613500322674
2026-09-16,"ILI incidence",2026-10-04,4,"IS","quantile","0.45",1.95646376869467
2026-09-16,"ILI incidence",2026-10-04,4,"IS","quantile","0.5",2.60061738718831
2026-09-16,"ILI incidence",2026-10-04,4,"IS","quantile","0.55",3.32667665475998
2026-09-16,"ILI incidence",2026-10-04,4,"IS","quantile","0.6",4.00676869431905
2026-09-16,"ILI incidence",2026-10-04,4,"IS","quantile","0.65",4.78372524540675
2026-09-16,"ILI incidence",2026-10-04,4,"IS","quantile","0.7",5.53847848470181
2026-09-16,"ILI incidence",2026-10-04,4,"IS","quantile","0.75",6.35694850775743
2026-09-16,"ILI incidence",2026-10-04,4,"IS","quantile","0.8",7.35394738493172
2026-09-16,"ILI incidence",2026-10-04,4,"IS","quantile","0.85",8.39213582236918
2026-09-16,"ILI incidence",2026-10-04,4,"IS","quantile","0.9",9.84680548240692
2026-09-16,"ILI incidence",2026-10-04,4,"IS","quantile","0.95",11.9288092227768
2026-09-16,"ILI incidence",2026-10-04,4,"IS","quantile","0.975",13.685135120431
2026-09-16,"ILI incidence",2026-10-04,4,"IS","quantile","0.99",15.5301208087764
2026-09-16,"ILI incidence",2026-09-13,1,"LT","median","",6.62052512343834
2026-09-16,"ILI incidence",2026-09-13,1,"LT","quantile","0.01",0
2026-09-16,"ILI incidence",2026-09-13,1,"LT","quantile","0.025",0
2026-09-16,"ILI incidence",2026-09-13,1,"LT","quantile","0.05",0
2026-09-16,"ILI incidence",2026-09-13,1,"LT","quantile","0.1",0
2026-09-16,"ILI incidence",2026-09-13,1,"LT","quantile","0.15",0
2026-09-16,"ILI incidence",2026-09-13,1,"LT","quantile","0.2",0
2026-09-16,"ILI incidence",2026-09-13,1,"LT","quantile","0.25",0
2026-09-16,"ILI incidence",2026-09-13,1,"LT","quantile","0.3",0
2026-09-16,"ILI incidence",2026-09-13,1,"LT","quantile","0.35",0
2026-09-16,"ILI incidence",2026-09-13,1,"LT","quantile","0.4",0
2026-09-16,"ILI incidence",2026-09-13,1,"LT","quantile","0.45",3.25266845606886
2026-09-16,"ILI incidence",2026-09-13,1,"LT","quantile","0.5",6.6586922734614
2026-09-16,"ILI incidence",2026-09-13,1,"LT","quantile","0.55",9.99851962111197
2026-09-16,"ILI incidence",2026-09-13,1,"LT","quantile","0.6",13.7245370796929
2026-09-16,"ILI incidence",2026-09-13,1,"LT","quantile","0.65",17.1195770757948
2026-09-16,"ILI incidence",2026-09-13,1,"LT","quantile","0.7",20.8458142919917
2026-09-16,"ILI incidence",2026-09-13,1,"LT","quantile","0.75",24.9896461894341
2026-09-16,"ILI incidence",2026-09-13,1,"LT","quantile","0.8",30.0031587488178
2026-09-16,"ILI incidence",2026-09-13,1,"LT","quantile","0.85",35.596819015063
2026-09-16,"ILI incidence",2026-09-13,1,"LT","quantile","0.9",42.3990967142361
2026-09-16,"ILI incidence",2026-09-13,1,"LT","quantile","0.95",51.505366580113
2026-09-16,"ILI incidence",2026-09-13,1,"LT","quantile","0.975",59.522815385385
2026-09-16,"ILI incidence",2026-09-13,1,"LT","quantile","0.99",68.1122291323769
2026-09-16,"ILI incidence",2026-09-20,2,"LT","median","",14.3685149986835
2026-09-16,"ILI incidence",2026-09-20,2,"LT","quantile","0.01",0
2026-09-16,"ILI incidence",2026-09-20,2,"LT","quantile","0.025",0
2026-09-16,"ILI incidence",2026-09-20,2,"LT","quantile","0.05",0
2026-09-16,"ILI incidence",2026-09-20,2,"LT","quantile","0.1",0
2026-09-16,"ILI incidence",2026-09-20,2,"LT","quantile","0.15",0
2026-09-16,"ILI incidence",2026-09-20,2,"LT","quantile","0.2",0
2026-09-16,"ILI incidence",2026-09-20,2,"LT","quantile","0.25",0
2026-09-16,"ILI incidence",2026-09-20,2,"LT","quantile","0.3",0
2026-09-16,"ILI incidence",2026-09-20,2,"LT","quantile","0.35",0
2026-09-16,"ILI incidence",2026-09-20,2,"LT","quantile","0.4",0.594817868441614
2026-09-16,"ILI incidence",2026-09-20,2,"LT","quantile","0.45",7.20834609036174
2026-09-16,"ILI incidence",2026-09-20,2,"LT","quantile","0.5",13.6325125839369
2026-09-16,"ILI incidence",2026-09-20,2,"LT","quantile","0.55",19.9102691299379
2026-09-16,"ILI incidence",2026-09-20,2,"LT","quantile","0.6",26.9058094476266
2026-09-16,"ILI incidence",2026-09-20,2,"LT","quantile","0.65",33.9841554594636
2026-09-16,"ILI incidence",2026-09-20,2,"LT","quantile","0.7",41.3251116162128
2026-09-16,"ILI incidence",2026-09-20,2,"LT","quantile","0.75",49.6788927752301
2026-09-16,"ILI incidence",2026-09-20,2,"LT","quantile","0.8",58.9008088864477
2026-09-16,"ILI incidence",2026-09-20,2,"LT","quantile","0.85",69.0004101199953
2026-09-16,"ILI incidence",2026-09-20,2,"LT","quantile","0.9",82.3068224043485
2026-09-16,"ILI incidence",2026-09-20,2,"LT","quantile","0.95",100.98887776551
2026-09-16,"ILI incidence",2026-09-20,2,"LT","quantile","0.975",118.369805523809
2026-09-16,"ILI incidence",2026-09-20,2,"LT","quantile","0.99",134.686585392066
2026-09-16,"ILI incidence",2026-09-27,3,"LT","median","",23.6633567865302
2026-09-16,"ILI incidence",2026-09-27,3,"LT","quantile","0.01",0
2026-09-16,"ILI incidence",2026-09-27,3,"LT","quantile","0.025",0
2026-09-16,"ILI incidence",2026-09-27,3,"LT","quantile","0.05",0
2026-09-16,"ILI incidence",2026-09-27,3,"LT","quantile","0.1",0
2026-09-16,"ILI incidence",2026-09-27,3,"LT","quantile","0.15",0
2026-09-16,"ILI incidence",2026-09-27,3,"LT","quantile","0.2",0
2026-09-16,"ILI incidence",2026-09-27,3,"LT","quantile","0.25",0
2026-09-16,"ILI incidence",2026-09-27,3,"LT","quantile","0.3",0
2026-09-16,"ILI incidence",2026-09-27,3,"LT","quantile","0.35",0
2026-09-16,"ILI incidence",2026-09-27,3,"LT","quantile","0.4",4.14389676156417
2026-09-16,"ILI incidence",2026-09-27,3,"LT","quantile","0.45",13.3100659567797
2026-09-16,"ILI incidence",2026-09-27,3,"LT","quantile","0.5",23.2622367999924
2026-09-16,"ILI incidence",2026-09-27,3,"LT","quantile","0.55",31.8964696091226
2026-09-16,"ILI incidence",2026-09-27,3,"LT","quantile","0.6",41.4128311844144
2026-09-16,"ILI incidence",2026-09-27,3,"LT","quantile","0.65",51.5991878129141
2026-09-16,"ILI incidence",2026-09-27,3,"LT","quantile","0.7",61.5014788056356
2026-09-16,"ILI incidence",2026-09-27,3,"LT","quantile","0.75",72.4106336549953
2026-09-16,"ILI incidence",2026-09-27,3,"LT","quantile","0.8",84.9780687322431
2026-09-16,"ILI incidence",2026-09-27,3,"LT","quantile","0.85",101.422416374607
2026-09-16,"ILI incidence",2026-09-27,3,"LT","quantile","0.9",119.776042023865
2026-09-16,"ILI incidence",2026-09-27,3,"LT","quantile","0.95",146.350911129614
2026-09-16,"ILI incidence",2026-09-27,3,"LT","quantile","0.975",170.567571734795
2026-09-16,"ILI incidence",2026-09-27,3,"LT","quantile","0.99",191.004888069931
2026-09-16,"ILI incidence",2026-10-04,4,"LT","median","",32.4651505640577
2026-09-16,"ILI incidence",2026-10-04,4,"LT","quantile","0.01",0
2026-09-16,"ILI incidence",2026-10-04,4,"LT","quantile","0.025",0
2026-09-16,"ILI incidence",2026-10-04,4,"LT","quantile","0.05",0
2026-09-16,"ILI incidence",2026-10-04,4,"LT","quantile","0.1",0
2026-09-16,"ILI incidence",2026-10-04,4,"LT","quantile","0.15",0
2026-09-16,"ILI incidence",2026-10-04,4,"LT","quantile","0.2",0
2026-09-16,"ILI incidence",2026-10-04,4,"LT","quantile","0.25",0
2026-09-16,"ILI incidence",2026-10-04,4,"LT","quantile","0.3",0
2026-09-16,"ILI incidence",2026-10-04,4,"LT","quantile","0.35",0
2026-09-16,"ILI incidence",2026-10-04,4,"LT","quantile","0.4",9.81411714815142
2026-09-16,"ILI incidence",2026-10-04,4,"LT","quantile","0.45",20.8909558975006
2026-09-16,"ILI incidence",2026-10-04,4,"LT","quantile","0.5",32.1275291059091
2026-09-16,"ILI incidence",2026-10-04,4,"LT","quantile","0.55",43.3181117293756
2026-09-16,"ILI incidence",2026-10-04,4,"LT","quantile","0.6",54.5736922144554
2026-09-16,"ILI incidence",2026-10-04,4,"LT","quantile","0.65",66.3618657115235
2026-09-16,"ILI incidence",2026-10-04,4,"LT","quantile","0.7",77.6957055497191
2026-09-16,"ILI incidence",2026-10-04,4,"LT","quantile","0.75",91.2468157380739
2026-09-16,"ILI incidence",2026-10-04,4,"LT","quantile","0.8",105.745016101518
2026-09-16,"ILI incidence",2026-10-04,4,"LT","quantile","0.85",123.58660013364
2026-09-16,"ILI incidence",2026-10-04,4,"LT","quantile","0.9",146.199152824069
2026-09-16,"ILI incidence",2026-10-04,4,"LT","quantile","0.95",179.813520229396
2026-09-16,"ILI incidence",2026-10-04,4,"LT","quantile","0.975",206.354867097118
2026-09-16,"ILI incidence",2026-10-04,4,"LT","quantile","0.99",237.377551372371
2026-09-16,"ILI incidence",2026-09-13,1,"LU","median","",1160.61793509394
2026-09-16,"ILI incidence",2026-09-13,1,"LU","quantile","0.01",0
2026-09-16,"ILI incidence",2026-09-13,1,"LU","quantile","0.025",0
2026-09-16,"ILI incidence",2026-09-13,1,"LU","quantile","0.05",0
2026-09-16,"ILI incidence",2026-09-13,1,"LU","quantile","0.1",0
2026-09-16,"ILI incidence",2026-09-13,1,"LU","quantile","0.15",0
2026-09-16,"ILI incidence",2026-09-13,1,"LU","quantile","0.2",0
2026-09-16,"ILI incidence",2026-09-13,1,"LU","quantile","0.25",0
2026-09-16,"ILI incidence",2026-09-13,1,"LU","quantile","0.3",0
2026-09-16,"ILI incidence",2026-09-13,1,"LU","quantile","0.35",324.984603536801
2026-09-16,"ILI incidence",2026-09-13,1,"LU","quantile","0.4",618.041015115095
2026-09-16,"ILI incidence",2026-09-13,1,"LU","quantile","0.45",881.526331023841
2026-09-16,"ILI incidence",2026-09-13,1,"LU","quantile","0.5",1152.94086061665
2026-09-16,"ILI incidence",2026-09-13,1,"LU","quantile","0.55",1408.14764855654
2026-09-16,"ILI incidence",2026-09-13,1,"LU","quantile","0.6",1701.55183480478
2026-09-16,"ILI incidence",2026-09-13,1,"LU","quantile","0.65",1984.89772946009
2026-09-16,"ILI incidence",2026-09-13,1,"LU","quantile","0.7",2312.65106237262
2026-09-16,"ILI incidence",2026-09-13,1,"LU","quantile","0.75",2656.24953595396
2026-09-16,"ILI incidence",2026-09-13,1,"LU","quantile","0.8",3026.76467390319
2026-09-16,"ILI incidence",2026-09-13,1,"LU","quantile","0.85",3485.79347992581
2026-09-16,"ILI incidence",2026-09-13,1,"LU","quantile","0.9",4058.52333527478
2026-09-16,"ILI incidence",2026-09-13,1,"LU","quantile","0.95",4856.23629235942
2026-09-16,"ILI incidence",2026-09-13,1,"LU","quantile","0.975",5554.9694335
2026-09-16,"ILI incidence",2026-09-13,1,"LU","quantile","0.99",6407.01925774748
2026-09-16,"ILI incidence",2026-09-20,2,"LU","median","",1146.9525988824
2026-09-16,"ILI incidence",2026-09-20,2,"LU","quantile","0.01",0
2026-09-16,"ILI incidence",2026-09-20,2,"LU","quantile","0.025",0
2026-09-16,"ILI incidence",2026-09-20,2,"LU","quantile","0.05",0
2026-09-16,"ILI incidence",2026-09-20,2,"LU","quantile","0.1",0
2026-09-16,"ILI incidence",2026-09-20,2,"LU","quantile","0.15",0
2026-09-16,"ILI incidence",2026-09-20,2,"LU","quantile","0.2",0
2026-09-16,"ILI incidence",2026-09-20,2,"LU","quantile","0.25",0
2026-09-16,"ILI incidence",2026-09-20,2,"LU","quantile","0.3",0
2026-09-16,"ILI incidence",2026-09-20,2,"LU","quantile","0.35",136.013787855811
2026-09-16,"ILI incidence",2026-09-20,2,"LU","quantile","0.4",472.857926146563
2026-09-16,"ILI incidence",2026-09-20,2,"LU","quantile","0.45",796.223633536271
2026-09-16,"ILI incidence",2026-09-20,2,"LU","quantile","0.5",1133.55445867877
2026-09-16,"ILI incidence",2026-09-20,2,"LU","quantile","0.55",1486.07536544323
2026-09-16,"ILI incidence",2026-09-20,2,"LU","quantile","0.6",1816.58730468708
2026-09-16,"ILI incidence",2026-09-20,2,"LU","quantile","0.65",2142.14891930143
2026-09-16,"ILI incidence",2026-09-20,2,"LU","quantile","0.7",2509.48099007546
2026-09-16,"ILI incidence",2026-09-20,2,"LU","quantile","0.75",2899.47177765762
2026-09-16,"ILI incidence",2026-09-20,2,"LU","quantile","0.8",3334.62362603104
2026-09-16,"ILI incidence",2026-09-20,2,"LU","quantile","0.85",3836.76737378437
2026-09-16,"ILI incidence",2026-09-20,2,"LU","quantile","0.9",4498.63579750402
2026-09-16,"ILI incidence",2026-09-20,2,"LU","quantile","0.95",5485.38626768143
2026-09-16,"ILI incidence",2026-09-20,2,"LU","quantile","0.975",6341.19756446295
2026-09-16,"ILI incidence",2026-09-20,2,"LU","quantile","0.99",7287.48871647284
2026-09-16,"ILI incidence",2026-09-27,3,"LU","median","",1731.47574875991
2026-09-16,"ILI incidence",2026-09-27,3,"LU","quantile","0.01",0
2026-09-16,"ILI incidence",2026-09-27,3,"LU","quantile","0.025",0
2026-09-16,"ILI incidence",2026-09-27,3,"LU","quantile","0.05",0
2026-09-16,"ILI incidence",2026-09-27,3,"LU","quantile","0.1",0
2026-09-16,"ILI incidence",2026-09-27,3,"LU","quantile","0.15",0
2026-09-16,"ILI incidence",2026-09-27,3,"LU","quantile","0.2",0
2026-09-16,"ILI incidence",2026-09-27,3,"LU","quantile","0.25",0
2026-09-16,"ILI incidence",2026-09-27,3,"LU","quantile","0.3",129.840176600702
2026-09-16,"ILI incidence",2026-09-27,3,"LU","quantile","0.35",576.481256064615
2026-09-16,"ILI incidence",2026-09-27,3,"LU","quantile","0.4",932.961208023079
2026-09-16,"ILI incidence",2026-09-27,3,"LU","quantile","0.45",1312.48217696001
2026-09-16,"ILI incidence",2026-09-27,3,"LU","quantile","0.5",1680.99169007685
2026-09-16,"ILI incidence",2026-09-27,3,"LU","quantile","0.55",2060.682995625
2026-09-16,"ILI incidence",2026-09-27,3,"LU","quantile","0.6",2451.3534443845
2026-09-16,"ILI incidence",2026-09-27,3,"LU","quantile","0.65",2880.40097786187
2026-09-16,"ILI incidence",2026-09-27,3,"LU","quantile","0.7",3294.84982883985
2026-09-16,"ILI incidence",2026-09-27,3,"LU","quantile","0.75",3755.07867302327
2026-09-16,"ILI incidence",2026-09-27,3,"LU","quantile","0.8",4286.54965338231
2026-09-16,"ILI incidence",2026-09-27,3,"LU","quantile","0.85",4862.44235769292
2026-09-16,"ILI incidence",2026-09-27,3,"LU","quantile","0.9",5557.81379003707
2026-09-16,"ILI incidence",2026-09-27,3,"LU","quantile","0.95",6674.42813529887
2026-09-16,"ILI incidence",2026-09-27,3,"LU","quantile","0.975",7697.62879683854
2026-09-16,"ILI incidence",2026-09-27,3,"LU","quantile","0.99",8825.0161710901
2026-09-16,"ILI incidence",2026-10-04,4,"LU","median","",1965.02882491811
2026-09-16,"ILI incidence",2026-10-04,4,"LU","quantile","0.01",0
2026-09-16,"ILI incidence",2026-10-04,4,"LU","quantile","0.025",0
2026-09-16,"ILI incidence",2026-10-04,4,"LU","quantile","0.05",0
2026-09-16,"ILI incidence",2026-10-04,4,"LU","quantile","0.1",0
2026-09-16,"ILI incidence",2026-10-04,4,"LU","quantile","0.15",0
2026-09-16,"ILI incidence",2026-10-04,4,"LU","quantile","0.2",0
2026-09-16,"ILI incidence",2026-10-04,4,"LU","quantile","0.25",0
2026-09-16,"ILI incidence",2026-10-04,4,"LU","quantile","0.3",226.858726323519
2026-09-16,"ILI incidence",2026-10-04,4,"LU","quantile","0.35",709.284547822047
2026-09-16,"ILI incidence",2026-10-04,4,"LU","quantile","0.4",1145.29145998023
2026-09-16,"ILI incidence",2026-10-04,4,"LU","quantile","0.45",1561.33568385207
2026-09-16,"ILI incidence",2026-10-04,4,"LU","quantile","0.5",1998.49666690076
2026-09-16,"ILI incidence",2026-10-04,4,"LU","quantile","0.55",2410.91157919536
2026-09-16,"ILI incidence",2026-10-04,4,"LU","quantile","0.6",2876.28903179684
2026-09-16,"ILI incidence",2026-10-04,4,"LU","quantile","0.65",3328.44777245209
2026-09-16,"ILI incidence",2026-10-04,4,"LU","quantile","0.7",3766.0661007184
2026-09-16,"ILI incidence",2026-10-04,4,"LU","quantile","0.75",4267.18628453174
2026-09-16,"ILI incidence",2026-10-04,4,"LU","quantile","0.8",4752.05502661329
2026-09-16,"ILI incidence",2026-10-04,4,"LU","quantile","0.85",5374.7024111534
2026-09-16,"ILI incidence",2026-10-04,4,"LU","quantile","0.9",6189.41027040814
2026-09-16,"ILI incidence",2026-10-04,4,"LU","quantile","0.95",7266.47518632452
2026-09-16,"ILI incidence",2026-10-04,4,"LU","quantile","0.975",8270.14893015138
2026-09-16,"ILI incidence",2026-10-04,4,"LU","quantile","0.99",9457.04391578614
2026-09-16,"ILI incidence",2026-09-13,1,"MT","median","",6511.15498448172
2026-09-16,"ILI incidence",2026-09-13,1,"MT","quantile","0.01",3098.27391658705
2026-09-16,"ILI incidence",2026-09-13,1,"MT","quantile","0.025",3556.88662560648
2026-09-16,"ILI incidence",2026-09-13,1,"MT","quantile","0.05",4002.75943441362
2026-09-16,"ILI incidence",2026-09-13,1,"MT","quantile","0.1",4551.74777329477
2026-09-16,"ILI incidence",2026-09-13,1,"MT","quantile","0.15",4914.83295081491
2026-09-16,"ILI incidence",2026-09-13,1,"MT","quantile","0.2",5229.07856386917
2026-09-16,"ILI incidence",2026-09-13,1,"MT","quantile","0.25",5487.6591560829
2026-09-16,"ILI incidence",2026-09-13,1,"MT","quantile","0.3",5700.21565360991
2026-09-16,"ILI incidence",2026-09-13,1,"MT","quantile","0.35",5923.34044692058
2026-09-16,"ILI incidence",2026-09-13,1,"MT","quantile","0.4",6123.87587159295
2026-09-16,"ILI incidence",2026-09-13,1,"MT","quantile","0.45",6321.85019808558
2026-09-16,"ILI incidence",2026-09-13,1,"MT","quantile","0.5",6531.34209236203
2026-09-16,"ILI incidence",2026-09-13,1,"MT","quantile","0.55",6739.73702178619
2026-09-16,"ILI incidence",2026-09-13,1,"MT","quantile","0.6",6932.60498558762
2026-09-16,"ILI incidence",2026-09-13,1,"MT","quantile","0.65",7132.92400526692
2026-09-16,"ILI incidence",2026-09-13,1,"MT","quantile","0.7",7348.22125186544
2026-09-16,"ILI incidence",2026-09-13,1,"MT","quantile","0.75",7576.40892456068
2026-09-16,"ILI incidence",2026-09-13,1,"MT","quantile","0.8",7845.48041355741
2026-09-16,"ILI incidence",2026-09-13,1,"MT","quantile","0.85",8126.16240848479
2026-09-16,"ILI incidence",2026-09-13,1,"MT","quantile","0.9",8503.94343287171
2026-09-16,"ILI incidence",2026-09-13,1,"MT","quantile","0.95",9098.85966564384
2026-09-16,"ILI incidence",2026-09-13,1,"MT","quantile","0.975",9636.03526941029
2026-09-16,"ILI incidence",2026-09-13,1,"MT","quantile","0.99",10184.6205291683
2026-09-16,"ILI incidence",2026-09-20,2,"MT","median","",6046.73935055293
2026-09-16,"ILI incidence",2026-09-20,2,"MT","quantile","0.01",1891.05089326451
2026-09-16,"ILI incidence",2026-09-20,2,"MT","quantile","0.025",2517.03642763105
2026-09-16,"ILI incidence",2026-09-20,2,"MT","quantile","0.05",3089.2609492646
2026-09-16,"ILI incidence",2026-09-20,2,"MT","quantile","0.1",3720.04883166793
2026-09-16,"ILI incidence",2026-09-20,2,"MT","quantile","0.15",4150.42171294509
2026-09-16,"ILI incidence",2026-09-20,2,"MT","quantile","0.2",4524.9043984365
2026-09-16,"ILI incidence",2026-09-20,2,"MT","quantile","0.25",4820.56381291975
2026-09-16,"ILI incidence",2026-09-20,2,"MT","quantile","0.3",5080.03679168993
2026-09-16,"ILI incidence",2026-09-20,2,"MT","quantile","0.35",5340.15339010291
2026-09-16,"ILI incidence",2026-09-20,2,"MT","quantile","0.4",5572.40371277917
2026-09-16,"ILI incidence",2026-09-20,2,"MT","quantile","0.45",5799.18667520878
2026-09-16,"ILI incidence",2026-09-20,2,"MT","quantile","0.5",6028.57912618027
2026-09-16,"ILI incidence",2026-09-20,2,"MT","quantile","0.55",6253.78897710414
2026-09-16,"ILI incidence",2026-09-20,2,"MT","quantile","0.6",6485.03616774924
2026-09-16,"ILI incidence",2026-09-20,2,"MT","quantile","0.65",6717.88548755212
2026-09-16,"ILI incidence",2026-09-20,2,"MT","quantile","0.7",6978.58532164465
2026-09-16,"ILI incidence",2026-09-20,2,"MT","quantile","0.75",7246.93130523253
2026-09-16,"ILI incidence",2026-09-20,2,"MT","quantile","0.8",7543.44147543809
2026-09-16,"ILI incidence",2026-09-20,2,"MT","quantile","0.85",7903.67292031591
2026-09-16,"ILI incidence",2026-09-20,2,"MT","quantile","0.9",8368.59744457038
2026-09-16,"ILI incidence",2026-09-20,2,"MT","quantile","0.95",9025.25713651857
2026-09-16,"ILI incidence",2026-09-20,2,"MT","quantile","0.975",9588.76443704209
2026-09-16,"ILI incidence",2026-09-20,2,"MT","quantile","0.99",10187.331754063
2026-09-16,"ILI incidence",2026-09-27,3,"MT","median","",5786.53997983971
2026-09-16,"ILI incidence",2026-09-27,3,"MT","quantile","0.01",1189.77219475344
2026-09-16,"ILI incidence",2026-09-27,3,"MT","quantile","0.025",1877.84753682768
2026-09-16,"ILI incidence",2026-09-27,3,"MT","quantile","0.05",2534.09663614304
2026-09-16,"ILI incidence",2026-09-27,3,"MT","quantile","0.1",3250.58140763872
2026-09-16,"ILI incidence",2026-09-27,3,"MT","quantile","0.15",3731.44233202037
2026-09-16,"ILI incidence",2026-09-27,3,"MT","quantile","0.2",4123.06244721151
2026-09-16,"ILI incidence",2026-09-27,3,"MT","quantile","0.25",4457.69939253545
2026-09-16,"ILI incidence",2026-09-27,3,"MT","quantile","0.3",4746.47876626663
2026-09-16,"ILI incidence",2026-09-27,3,"MT","quantile","0.35",5005.4878270219
2026-09-16,"ILI incidence",2026-09-27,3,"MT","quantile","0.4",5290.54134033733
2026-09-16,"ILI incidence",2026-09-27,3,"MT","quantile","0.45",5552.3811114373
2026-09-16,"ILI incidence",2026-09-27,3,"MT","quantile","0.5",5797.30437765091
2026-09-16,"ILI incidence",2026-09-27,3,"MT","quantile","0.55",6038.79397509317
2026-09-16,"ILI incidence",2026-09-27,3,"MT","quantile","0.6",6296.74532597556
2026-09-16,"ILI incidence",2026-09-27,3,"MT","quantile","0.65",6568.59246724952
2026-09-16,"ILI incidence",2026-09-27,3,"MT","quantile","0.7",6841.82737912547
2026-09-16,"ILI incidence",2026-09-27,3,"MT","quantile","0.75",7130.69819311267
2026-09-16,"ILI incidence",2026-09-27,3,"MT","quantile","0.8",7497.7135734663
2026-09-16,"ILI incidence",2026-09-27,3,"MT","quantile","0.85",7875.68499788224
2026-09-16,"ILI incidence",2026-09-27,3,"MT","quantile","0.9",8367.72771915676
2026-09-16,"ILI incidence",2026-09-27,3,"MT","quantile","0.95",9093.56221334561
2026-09-16,"ILI incidence",2026-09-27,3,"MT","quantile","0.975",9825.69684541679
2026-09-16,"ILI incidence",2026-09-27,3,"MT","quantile","0.99",10497.278807335
2026-09-16,"ILI incidence",2026-10-04,4,"MT","median","",6111.27992365978
2026-09-16,"ILI incidence",2026-10-04,4,"MT","quantile","0.01",930.62066049227
2026-09-16,"ILI incidence",2026-10-04,4,"MT","quantile","0.025",1745.60844561344
2026-09-16,"ILI incidence",2026-10-04,4,"MT","quantile","0.05",2401.65709740516
2026-09-16,"ILI incidence",2026-10-04,4,"MT","quantile","0.1",3213.44150025597
2026-09-16,"ILI incidence",2026-10-04,4,"MT","quantile","0.15",3773.2316106248
2026-09-16,"ILI incidence",2026-10-04,4,"MT","quantile","0.2",4234.06450453186
2026-09-16,"ILI incidence",2026-10-04,4,"MT","quantile","0.25",4605.39765663347
2026-09-16,"ILI incidence",2026-10-04,4,"MT","quantile","0.3",4930.41590359724
2026-09-16,"ILI incidence",2026-10-04,4,"MT","quantile","0.35",5253.09586615952
2026-09-16,"ILI incidence",2026-10-04,4,"MT","quantile","0.4",5558.18190584635
2026-09-16,"ILI incidence",2026-10-04,4,"MT","quantile","0.45",5840.48454762592
2026-09-16,"ILI incidence",2026-10-04,4,"MT","quantile","0.5",6124.52687097057
2026-09-16,"ILI incidence",2026-10-04,4,"MT","quantile","0.55",6408.9611734144
2026-09-16,"ILI incidence",2026-10-04,4,"MT","quantile","0.6",6694.73229282012
2026-09-16,"ILI incidence",2026-10-04,4,"MT","quantile","0.65",6981.77193114246
2026-09-16,"ILI incidence",2026-10-04,4,"MT","quantile","0.7",7284.75816994731
2026-09-16,"ILI incidence",2026-10-04,4,"MT","quantile","0.75",7637.36320347906
2026-09-16,"ILI incidence",2026-10-04,4,"MT","quantile","0.8",8003.96076738531
2026-09-16,"ILI incidence",2026-10-04,4,"MT","quantile","0.85",8436.69960777847
2026-09-16,"ILI incidence",2026-10-04,4,"MT","quantile","0.9",8970.76943217146
2026-09-16,"ILI incidence",2026-10-04,4,"MT","quantile","0.95",9834.72689167738
2026-09-16,"ILI incidence",2026-10-04,4,"MT","quantile","0.975",10472.2113251092
2026-09-16,"ILI incidence",2026-10-04,4,"MT","quantile","0.99",11320.4747482748
2026-09-16,"ILI incidence",2026-09-13,1,"NO","median","",12.0311899931984
2026-09-16,"ILI incidence",2026-09-13,1,"NO","quantile","0.01",0
2026-09-16,"ILI incidence",2026-09-13,1,"NO","quantile","0.025",0
2026-09-16,"ILI incidence",2026-09-13,1,"NO","quantile","0.05",0
2026-09-16,"ILI incidence",2026-09-13,1,"NO","quantile","0.1",0
2026-09-16,"ILI incidence",2026-09-13,1,"NO","quantile","0.15",0
2026-09-16,"ILI incidence",2026-09-13,1,"NO","quantile","0.2",0
2026-09-16,"ILI incidence",2026-09-13,1,"NO","quantile","0.25",2.14125379617997
2026-09-16,"ILI incidence",2026-09-13,1,"NO","quantile","0.3",4.29407029611307
2026-09-16,"ILI incidence",2026-09-13,1,"NO","quantile","0.35",6.42177213802409
2026-09-16,"ILI incidence",2026-09-13,1,"NO","quantile","0.4",8.32339720069075
2026-09-16,"ILI incidence",2026-09-13,1,"NO","quantile","0.45",10.2131849062324
2026-09-16,"ILI incidence",2026-09-13,1,"NO","quantile","0.5",12.1105953027904
2026-09-16,"ILI incidence",2026-09-13,1,"NO","quantile","0.55",14.052239347118
2026-09-16,"ILI incidence",2026-09-13,1,"NO","quantile","0.6",15.9054200741516
2026-09-16,"ILI incidence",2026-09-13,1,"NO","quantile","0.65",17.7843381102415
2026-09-16,"ILI incidence",2026-09-13,1,"NO","quantile","0.7",19.9091477941972
2026-09-16,"ILI incidence",2026-09-13,1,"NO","quantile","0.75",22.1521426072572
2026-09-16,"ILI incidence",2026-09-13,1,"NO","quantile","0.8",24.7998597402178
2026-09-16,"ILI incidence",2026-09-13,1,"NO","quantile","0.85",27.802278736564
2026-09-16,"ILI incidence",2026-09-13,1,"NO","quantile","0.9",31.2248642038222
2026-09-16,"ILI incidence",2026-09-13,1,"NO","quantile","0.95",36.744591023931
2026-09-16,"ILI incidence",2026-09-13,1,"NO","quantile","0.975",41.2352283212659
2026-09-16,"ILI incidence",2026-09-13,1,"NO","quantile","0.99",46.5404356081177
2026-09-16,"ILI incidence",2026-09-20,2,"NO","median","",15.1785030119042
2026-09-16,"ILI incidence",2026-09-20,2,"NO","quantile","0.01",0
2026-09-16,"ILI incidence",2026-09-20,2,"NO","quantile","0.025",0
2026-09-16,"ILI incidence",2026-09-20,2,"NO","quantile","0.05",0
2026-09-16,"ILI incidence",2026-09-20,2,"NO","quantile","0.1",0
2026-09-16,"ILI incidence",2026-09-20,2,"NO","quantile","0.15",0
2026-09-16,"ILI incidence",2026-09-20,2,"NO","quantile","0.2",0
2026-09-16,"ILI incidence",2026-09-20,2,"NO","quantile","0.25",2.12768183883598
2026-09-16,"ILI incidence",2026-09-20,2,"NO","quantile","0.3",5.08391168657022
2026-09-16,"ILI incidence",2026-09-20,2,"NO","quantile","0.35",7.85800101145171
2026-09-16,"ILI incidence",2026-09-20,2,"NO","quantile","0.4",10.5260551120859
2026-09-16,"ILI incidence",2026-09-20,2,"NO","quantile","0.45",13.0611806684692
2026-09-16,"ILI incidence",2026-09-20,2,"NO","quantile","0.5",15.4997818140205
2026-09-16,"ILI incidence",2026-09-20,2,"NO","quantile","0.55",18.123541610263
2026-09-16,"ILI incidence",2026-09-20,2,"NO","quantile","0.6",20.7932694025854
2026-09-16,"ILI incidence",2026-09-20,2,"NO","quantile","0.65",23.3598306016926
2026-09-16,"ILI incidence",2026-09-20,2,"NO","quantile","0.7",26.0425318002152
2026-09-16,"ILI incidence",2026-09-20,2,"NO","quantile","0.75",29.0793334043841
2026-09-16,"ILI incidence",2026-09-20,2,"NO","quantile","0.8",32.2864702434535
2026-09-16,"ILI incidence",2026-09-20,2,"NO","quantile","0.85",36.3464897633314
2026-09-16,"ILI incidence",2026-09-20,2,"NO","quantile","0.9",41.029273605962
2026-09-16,"ILI incidence",2026-09-20,2,"NO","quantile","0.95",47.8747616622468
2026-09-16,"ILI incidence",2026-09-20,2,"NO","quantile","0.975",54.0955387071773
2026-09-16,"ILI incidence",2026-09-20,2,"NO","quantile","0.99",60.9256909705573
2026-09-16,"ILI incidence",2026-09-27,3,"NO","median","",17.2149052969687
2026-09-16,"ILI incidence",2026-09-27,3,"NO","quantile","0.01",0
2026-09-16,"ILI incidence",2026-09-27,3,"NO","quantile","0.025",0
2026-09-16,"ILI incidence",2026-09-27,3,"NO","quantile","0.05",0
2026-09-16,"ILI incidence",2026-09-27,3,"NO","quantile","0.1",0
2026-09-16,"ILI incidence",2026-09-27,3,"NO","quantile","0.15",0
2026-09-16,"ILI incidence",2026-09-27,3,"NO","quantile","0.2",0
2026-09-16,"ILI incidence",2026-09-27,3,"NO","quantile","0.25",1.74815725780032
2026-09-16,"ILI incidence",2026-09-27,3,"NO","quantile","0.3",5.35448116927875
2026-09-16,"ILI incidence",2026-09-27,3,"NO","quantile","0.35",8.51962647480412
2026-09-16,"ILI incidence",2026-09-27,3,"NO","quantile","0.4",11.4997276163542
2026-09-16,"ILI incidence",2026-09-27,3,"NO","quantile","0.45",14.523917426211
2026-09-16,"ILI incidence",2026-09-27,3,"NO","quantile","0.5",17.5035795811825
2026-09-16,"ILI incidence",2026-09-27,3,"NO","quantile","0.55",20.4910252257787
2026-09-16,"ILI incidence",2026-09-27,3,"NO","quantile","0.6",23.3466306477854
2026-09-16,"ILI incidence",2026-09-27,3,"NO","quantile","0.65",26.5006483366741
2026-09-16,"ILI incidence",2026-09-27,3,"NO","quantile","0.7",29.5971682177267
2026-09-16,"ILI incidence",2026-09-27,3,"NO","quantile","0.75",33.1350135064245
2026-09-16,"ILI incidence",2026-09-27,3,"NO","quantile","0.8",37.1850849812871
2026-09-16,"ILI incidence",2026-09-27,3,"NO","quantile","0.85",41.88208120745
2026-09-16,"ILI incidence",2026-09-27,3,"NO","quantile","0.9",47.6133784569114
2026-09-16,"ILI incidence",2026-09-27,3,"NO","quantile","0.95",55.0552698540208
2026-09-16,"ILI incidence",2026-09-27,3,"NO","quantile","0.975",61.8494095784509
2026-09-16,"ILI incidence",2026-09-27,3,"NO","quantile","0.99",69.8853925229931
2026-09-16,"ILI incidence",2026-10-04,4,"NO","median","",19.6638202311913
2026-09-16,"ILI incidence",2026-10-04,4,"NO","quantile","0.01",0
2026-09-16,"ILI incidence",2026-10-04,4,"NO","quantile","0.025",0
2026-09-16,"ILI incidence",2026-10-04,4,"NO","quantile","0.05",0
2026-09-16,"ILI incidence",2026-10-04,4,"NO","quantile","0.1",0
2026-09-16,"ILI incidence",2026-10-04,4,"NO","quantile","0.15",0
2026-09-16,"ILI incidence",2026-10-04,4,"NO","quantile","0.2",0
2026-09-16,"ILI incidence",2026-10-04,4,"NO","quantile","0.25",1.93804539865154
2026-09-16,"ILI incidence",2026-10-04,4,"NO","quantile","0.3",6.24633303897847
2026-09-16,"ILI incidence",2026-10-04,4,"NO","quantile","0.35",10.108716586441
2026-09-16,"ILI incidence",2026-10-04,4,"NO","quantile","0.4",13.578642100837
2026-09-16,"ILI incidence",2026-10-04,4,"NO","quantile","0.45",17.062898857678
2026-09-16,"ILI incidence",2026-10-04,4,"NO","quantile","0.5",20.4753203407456
2026-09-16,"ILI incidence",2026-10-04,4,"NO","quantile","0.55",23.9195246261888
2026-09-16,"ILI incidence",2026-10-04,4,"NO","quantile","0.6",27.229884383099
2026-09-16,"ILI incidence",2026-10-04,4,"NO","quantile","0.65",30.8586971402732
2026-09-16,"ILI incidence",2026-10-04,4,"NO","quantile","0.7",34.6533797146065
2026-09-16,"ILI incidence",2026-10-04,4,"NO","quantile","0.75",38.6433325057213
2026-09-16,"ILI incidence",2026-10-04,4,"NO","quantile","0.8",43.2325199846075
2026-09-16,"ILI incidence",2026-10-04,4,"NO","quantile","0.85",48.3809990248762
2026-09-16,"ILI incidence",2026-10-04,4,"NO","quantile","0.9",54.3554157433839
2026-09-16,"ILI incidence",2026-10-04,4,"NO","quantile","0.95",63.2703711602583
2026-09-16,"ILI incidence",2026-10-04,4,"NO","quantile","0.975",70.5770047722709
2026-09-16,"ILI incidence",2026-10-04,4,"NO","quantile","0.99",80.5008761224641
2026-09-16,"ILI incidence",2026-09-13,1,"SI","median","",4.27491727527436
2026-09-16,"ILI incidence",2026-09-13,1,"SI","quantile","0.01",0
2026-09-16,"ILI incidence",2026-09-13,1,"SI","quantile","0.025",0
2026-09-16,"ILI incidence",2026-09-13,1,"SI","quantile","0.05",0
2026-09-16,"ILI incidence",2026-09-13,1,"SI","quantile","0.1",0
2026-09-16,"ILI incidence",2026-09-13,1,"SI","quantile","0.15",0
2026-09-16,"ILI incidence",2026-09-13,1,"SI","quantile","0.2",0
2026-09-16,"ILI incidence",2026-09-13,1,"SI","quantile","0.25",0
2026-09-16,"ILI incidence",2026-09-13,1,"SI","quantile","0.3",0
2026-09-16,"ILI incidence",2026-09-13,1,"SI","quantile","0.35",0
2026-09-16,"ILI incidence",2026-09-13,1,"SI","quantile","0.4",0
2026-09-16,"ILI incidence",2026-09-13,1,"SI","quantile","0.45",0.338089001669291
2026-09-16,"ILI incidence",2026-09-13,1,"SI","quantile","0.5",4.00201480538399
2026-09-16,"ILI incidence",2026-09-13,1,"SI","quantile","0.55",7.57511674658607
2026-09-16,"ILI incidence",2026-09-13,1,"SI","quantile","0.6",11.4695587128856
2026-09-16,"ILI incidence",2026-09-13,1,"SI","quantile","0.65",15.4338438920268
2026-09-16,"ILI incidence",2026-09-13,1,"SI","quantile","0.7",19.4623952277265
2026-09-16,"ILI incidence",2026-09-13,1,"SI","quantile","0.75",23.8390370423325
2026-09-16,"ILI incidence",2026-09-13,1,"SI","quantile","0.8",28.9653403921696
2026-09-16,"ILI incidence",2026-09-13,1,"SI","quantile","0.85",34.820089277558
2026-09-16,"ILI incidence",2026-09-13,1,"SI","quantile","0.9",42.0545465463685
2026-09-16,"ILI incidence",2026-09-13,1,"SI","quantile","0.95",52.7050114023694
2026-09-16,"ILI incidence",2026-09-13,1,"SI","quantile","0.975",63.0722974768964
2026-09-16,"ILI incidence",2026-09-13,1,"SI","quantile","0.99",73.5749365717905
2026-09-16,"ILI incidence",2026-09-20,2,"SI","median","",9.14548249053562
2026-09-16,"ILI incidence",2026-09-20,2,"SI","quantile","0.01",0
2026-09-16,"ILI incidence",2026-09-20,2,"SI","quantile","0.025",0
2026-09-16,"ILI incidence",2026-09-20,2,"SI","quantile","0.05",0
2026-09-16,"ILI incidence",2026-09-20,2,"SI","quantile","0.1",0
2026-09-16,"ILI incidence",2026-09-20,2,"SI","quantile","0.15",0
2026-09-16,"ILI incidence",2026-09-20,2,"SI","quantile","0.2",0
2026-09-16,"ILI incidence",2026-09-20,2,"SI","quantile","0.25",0
2026-09-16,"ILI incidence",2026-09-20,2,"SI","quantile","0.3",0
2026-09-16,"ILI incidence",2026-09-20,2,"SI","quantile","0.35",0
2026-09-16,"ILI incidence",2026-09-20,2,"SI","quantile","0.4",0
2026-09-16,"ILI incidence",2026-09-20,2,"SI","quantile","0.45",3.45519389206154
2026-09-16,"ILI incidence",2026-09-20,2,"SI","quantile","0.5",9.01199147721007
2026-09-16,"ILI incidence",2026-09-20,2,"SI","quantile","0.55",14.6759933796869
2026-09-16,"ILI incidence",2026-09-20,2,"SI","quantile","0.6",20.295455116245
2026-09-16,"ILI incidence",2026-09-20,2,"SI","quantile","0.65",26.3781252943087
2026-09-16,"ILI incidence",2026-09-20,2,"SI","quantile","0.7",32.7985902111206
2026-09-16,"ILI incidence",2026-09-20,2,"SI","quantile","0.75",39.9456027454559
2026-09-16,"ILI incidence",2026-09-20,2,"SI","quantile","0.8",47.0514711666408
2026-09-16,"ILI incidence",2026-09-20,2,"SI","quantile","0.85",55.5164841439155
2026-09-16,"ILI incidence",2026-09-20,2,"SI","quantile","0.9",66.6665175588727
2026-09-16,"ILI incidence",2026-09-20,2,"SI","quantile","0.95",83.1673991611812
2026-09-16,"ILI incidence",2026-09-20,2,"SI","quantile","0.975",97.4569230765444
2026-09-16,"ILI incidence",2026-09-20,2,"SI","quantile","0.99",113.953832280082
2026-09-16,"ILI incidence",2026-09-27,3,"SI","median","",14.134958646328
2026-09-16,"ILI incidence",2026-09-27,3,"SI","quantile","0.01",0
2026-09-16,"ILI incidence",2026-09-27,3,"SI","quantile","0.025",0
2026-09-16,"ILI incidence",2026-09-27,3,"SI","quantile","0.05",0
2026-09-16,"ILI incidence",2026-09-27,3,"SI","quantile","0.1",0
2026-09-16,"ILI incidence",2026-09-27,3,"SI","quantile","0.15",0
2026-09-16,"ILI incidence",2026-09-27,3,"SI","quantile","0.2",0
2026-09-16,"ILI incidence",2026-09-27,3,"SI","quantile","0.25",0
2026-09-16,"ILI incidence",2026-09-27,3,"SI","quantile","0.3",0
2026-09-16,"ILI incidence",2026-09-27,3,"SI","quantile","0.35",0
2026-09-16,"ILI incidence",2026-09-27,3,"SI","quantile","0.4",0
2026-09-16,"ILI incidence",2026-09-27,3,"SI","quantile","0.45",5.2914389466559
2026-09-16,"ILI incidence",2026-09-27,3,"SI","quantile","0.5",12.4068351350472
2026-09-16,"ILI incidence",2026-09-27,3,"SI","quantile","0.55",20.2587167568376
2026-09-16,"ILI incidence",2026-09-27,3,"SI","quantile","0.6",28.1039160337502
2026-09-16,"ILI incidence",2026-09-27,3,"SI","quantile","0.65",36.057556807016
2026-09-16,"ILI incidence",2026-09-27,3,"SI","quantile","0.7",44.0662865397774
2026-09-16,"ILI incidence",2026-09-27,3,"SI","quantile","0.75",52.9137530872814
2026-09-16,"ILI incidence",2026-09-27,3,"SI","quantile","0.8",63.032768895859
2026-09-16,"ILI incidence",2026-09-27,3,"SI","quantile","0.85",74.0343749598295
2026-09-16,"ILI incidence",2026-09-27,3,"SI","quantile","0.9",88.8040260467754
2026-09-16,"ILI incidence",2026-09-27,3,"SI","quantile","0.95",110.273810028669
2026-09-16,"ILI incidence",2026-09-27,3,"SI","quantile","0.975",128.357238408727
2026-09-16,"ILI incidence",2026-09-27,3,"SI","quantile","0.99",153.089371731883
2026-09-16,"ILI incidence",2026-10-04,4,"SI","median","",17.8773705046024
2026-09-16,"ILI incidence",2026-10-04,4,"SI","quantile","0.01",0
2026-09-16,"ILI incidence",2026-10-04,4,"SI","quantile","0.025",0
2026-09-16,"ILI incidence",2026-10-04,4,"SI","quantile","0.05",0
2026-09-16,"ILI incidence",2026-10-04,4,"SI","quantile","0.1",0
2026-09-16,"ILI incidence",2026-10-04,4,"SI","quantile","0.15",0
2026-09-16,"ILI incidence",2026-10-04,4,"SI","quantile","0.2",0
2026-09-16,"ILI incidence",2026-10-04,4,"SI","quantile","0.25",0
2026-09-16,"ILI incidence",2026-10-04,4,"SI","quantile","0.3",0
2026-09-16,"ILI incidence",2026-10-04,4,"SI","quantile","0.35",0
2026-09-16,"ILI incidence",2026-10-04,4,"SI","quantile","0.4",1.55879811160499
2026-09-16,"ILI incidence",2026-10-04,4,"SI","quantile","0.45",9.36343471497178
2026-09-16,"ILI incidence",2026-10-04,4,"SI","quantile","0.5",17.6251591236654
2026-09-16,"ILI incidence",2026-10-04,4,"SI","quantile","0.55",25.4613093083979
2026-09-16,"ILI incidence",2026-10-04,4,"SI","quantile","0.6",33.9268098861939
2026-09-16,"ILI incidence",2026-10-04,4,"SI","quantile","0.65",42.4062433394236
2026-09-16,"ILI incidence",2026-10-04,4,"SI","quantile","0.7",51.6351140162149
2026-09-16,"ILI incidence",2026-10-04,4,"SI","quantile","0.75",60.6858466805968
2026-09-16,"ILI incidence",2026-10-04,4,"SI","quantile","0.8",71.2288296048227
2026-09-16,"ILI incidence",2026-10-04,4,"SI","quantile","0.85",84.2847182203079
2026-09-16,"ILI incidence",2026-10-04,4,"SI","quantile","0.9",100.047872717911
2026-09-16,"ILI incidence",2026-10-04,4,"SI","quantile","0.95",124.140159599134
2026-09-16,"ILI incidence",2026-10-04,4,"SI","quantile","0.975",144.155123891666
2026-09-16,"ILI incidence",2026-10-04,4,"SI","quantile","0.99",166.797208498774
