"origin_date","target","target_end_date","horizon","location","output_type","output_type_id","value"
2026-08-19,"ILI incidence",2026-08-16,1,"BE","median","",40.1195035155947
2026-08-19,"ILI incidence",2026-08-16,1,"BE","quantile","0.01",0
2026-08-19,"ILI incidence",2026-08-16,1,"BE","quantile","0.025",0
2026-08-19,"ILI incidence",2026-08-16,1,"BE","quantile","0.05",0
2026-08-19,"ILI incidence",2026-08-16,1,"BE","quantile","0.1",0
2026-08-19,"ILI incidence",2026-08-16,1,"BE","quantile","0.15",0
2026-08-19,"ILI incidence",2026-08-16,1,"BE","quantile","0.2",0
2026-08-19,"ILI incidence",2026-08-16,1,"BE","quantile","0.25",0
2026-08-19,"ILI incidence",2026-08-16,1,"BE","quantile","0.3",0
2026-08-19,"ILI incidence",2026-08-16,1,"BE","quantile","0.35",5.56663023266499
2026-08-19,"ILI incidence",2026-08-16,1,"BE","quantile","0.4",17.7136373495311
2026-08-19,"ILI incidence",2026-08-16,1,"BE","quantile","0.45",28.9694268792411
2026-08-19,"ILI incidence",2026-08-16,1,"BE","quantile","0.5",40.4994267594825
2026-08-19,"ILI incidence",2026-08-16,1,"BE","quantile","0.55",52.4065620444037
2026-08-19,"ILI incidence",2026-08-16,1,"BE","quantile","0.6",64.3960774020479
2026-08-19,"ILI incidence",2026-08-16,1,"BE","quantile","0.65",77.1960453664095
2026-08-19,"ILI incidence",2026-08-16,1,"BE","quantile","0.7",89.5501630631351
2026-08-19,"ILI incidence",2026-08-16,1,"BE","quantile","0.75",105.014873132029
2026-08-19,"ILI incidence",2026-08-16,1,"BE","quantile","0.8",120.984019734937
2026-08-19,"ILI incidence",2026-08-16,1,"BE","quantile","0.85",139.637356893637
2026-08-19,"ILI incidence",2026-08-16,1,"BE","quantile","0.9",161.547304325236
2026-08-19,"ILI incidence",2026-08-16,1,"BE","quantile","0.95",196.065042309838
2026-08-19,"ILI incidence",2026-08-16,1,"BE","quantile","0.975",227.336171631271
2026-08-19,"ILI incidence",2026-08-16,1,"BE","quantile","0.99",261.864848784858
2026-08-19,"ILI incidence",2026-08-23,2,"BE","median","",67.1769765139618
2026-08-19,"ILI incidence",2026-08-23,2,"BE","quantile","0.01",0
2026-08-19,"ILI incidence",2026-08-23,2,"BE","quantile","0.025",0
2026-08-19,"ILI incidence",2026-08-23,2,"BE","quantile","0.05",0
2026-08-19,"ILI incidence",2026-08-23,2,"BE","quantile","0.1",0
2026-08-19,"ILI incidence",2026-08-23,2,"BE","quantile","0.15",0
2026-08-19,"ILI incidence",2026-08-23,2,"BE","quantile","0.2",0
2026-08-19,"ILI incidence",2026-08-23,2,"BE","quantile","0.25",0
2026-08-19,"ILI incidence",2026-08-23,2,"BE","quantile","0.3",0
2026-08-19,"ILI incidence",2026-08-23,2,"BE","quantile","0.35",13.2868190841985
2026-08-19,"ILI incidence",2026-08-23,2,"BE","quantile","0.4",31.0304891782123
2026-08-19,"ILI incidence",2026-08-23,2,"BE","quantile","0.45",47.8621487195026
2026-08-19,"ILI incidence",2026-08-23,2,"BE","quantile","0.5",66.2803650101505
2026-08-19,"ILI incidence",2026-08-23,2,"BE","quantile","0.55",85.2953510149451
2026-08-19,"ILI incidence",2026-08-23,2,"BE","quantile","0.6",103.022180109594
2026-08-19,"ILI incidence",2026-08-23,2,"BE","quantile","0.65",122.324408563691
2026-08-19,"ILI incidence",2026-08-23,2,"BE","quantile","0.7",140.634685760024
2026-08-19,"ILI incidence",2026-08-23,2,"BE","quantile","0.75",161.614779134723
2026-08-19,"ILI incidence",2026-08-23,2,"BE","quantile","0.8",185.801486446082
2026-08-19,"ILI incidence",2026-08-23,2,"BE","quantile","0.85",213.194661768438
2026-08-19,"ILI incidence",2026-08-23,2,"BE","quantile","0.9",248.23507103963
2026-08-19,"ILI incidence",2026-08-23,2,"BE","quantile","0.95",296.085044621047
2026-08-19,"ILI incidence",2026-08-23,2,"BE","quantile","0.975",337.23434934152
2026-08-19,"ILI incidence",2026-08-23,2,"BE","quantile","0.99",387.595738547369
2026-08-19,"ILI incidence",2026-08-30,3,"BE","median","",94.6136891394018
2026-08-19,"ILI incidence",2026-08-30,3,"BE","quantile","0.01",0
2026-08-19,"ILI incidence",2026-08-30,3,"BE","quantile","0.025",0
2026-08-19,"ILI incidence",2026-08-30,3,"BE","quantile","0.05",0
2026-08-19,"ILI incidence",2026-08-30,3,"BE","quantile","0.1",0
2026-08-19,"ILI incidence",2026-08-30,3,"BE","quantile","0.15",0
2026-08-19,"ILI incidence",2026-08-30,3,"BE","quantile","0.2",0
2026-08-19,"ILI incidence",2026-08-30,3,"BE","quantile","0.25",0
2026-08-19,"ILI incidence",2026-08-30,3,"BE","quantile","0.3",1.44085827713683
2026-08-19,"ILI incidence",2026-08-30,3,"BE","quantile","0.35",27.0708046338342
2026-08-19,"ILI incidence",2026-08-30,3,"BE","quantile","0.4",49.1024994610244
2026-08-19,"ILI incidence",2026-08-30,3,"BE","quantile","0.45",71.5949991199832
2026-08-19,"ILI incidence",2026-08-30,3,"BE","quantile","0.5",94.8182442590004
2026-08-19,"ILI incidence",2026-08-30,3,"BE","quantile","0.55",115.670693342739
2026-08-19,"ILI incidence",2026-08-30,3,"BE","quantile","0.6",138.149101074855
2026-08-19,"ILI incidence",2026-08-30,3,"BE","quantile","0.65",161.139603562181
2026-08-19,"ILI incidence",2026-08-30,3,"BE","quantile","0.7",186.019010721608
2026-08-19,"ILI incidence",2026-08-30,3,"BE","quantile","0.75",211.856861724783
2026-08-19,"ILI incidence",2026-08-30,3,"BE","quantile","0.8",239.557263965702
2026-08-19,"ILI incidence",2026-08-30,3,"BE","quantile","0.85",273.212083776901
2026-08-19,"ILI incidence",2026-08-30,3,"BE","quantile","0.9",314.080807473541
2026-08-19,"ILI incidence",2026-08-30,3,"BE","quantile","0.95",379.472369880369
2026-08-19,"ILI incidence",2026-08-30,3,"BE","quantile","0.975",429.266545032139
2026-08-19,"ILI incidence",2026-08-30,3,"BE","quantile","0.99",489.313862186446
2026-08-19,"ILI incidence",2026-09-06,4,"BE","median","",120.607555069238
2026-08-19,"ILI incidence",2026-09-06,4,"BE","quantile","0.01",0
2026-08-19,"ILI incidence",2026-09-06,4,"BE","quantile","0.025",0
2026-08-19,"ILI incidence",2026-09-06,4,"BE","quantile","0.05",0
2026-08-19,"ILI incidence",2026-09-06,4,"BE","quantile","0.1",0
2026-08-19,"ILI incidence",2026-09-06,4,"BE","quantile","0.15",0
2026-08-19,"ILI incidence",2026-09-06,4,"BE","quantile","0.2",0
2026-08-19,"ILI incidence",2026-09-06,4,"BE","quantile","0.25",0
2026-08-19,"ILI incidence",2026-09-06,4,"BE","quantile","0.3",16.8160084870606
2026-08-19,"ILI incidence",2026-09-06,4,"BE","quantile","0.35",45.0913030759586
2026-08-19,"ILI incidence",2026-09-06,4,"BE","quantile","0.4",70.6298493769527
2026-08-19,"ILI incidence",2026-09-06,4,"BE","quantile","0.45",96.1836188437942
2026-08-19,"ILI incidence",2026-09-06,4,"BE","quantile","0.5",119.16898994194
2026-08-19,"ILI incidence",2026-09-06,4,"BE","quantile","0.55",144.734744698017
2026-08-19,"ILI incidence",2026-09-06,4,"BE","quantile","0.6",170.964780414962
2026-08-19,"ILI incidence",2026-09-06,4,"BE","quantile","0.65",198.715441193228
2026-08-19,"ILI incidence",2026-09-06,4,"BE","quantile","0.7",225.410983842894
2026-08-19,"ILI incidence",2026-09-06,4,"BE","quantile","0.75",255.066669417679
2026-08-19,"ILI incidence",2026-09-06,4,"BE","quantile","0.8",286.964843923693
2026-08-19,"ILI incidence",2026-09-06,4,"BE","quantile","0.85",325.997810030092
2026-08-19,"ILI incidence",2026-09-06,4,"BE","quantile","0.9",372.078605445201
2026-08-19,"ILI incidence",2026-09-06,4,"BE","quantile","0.95",440.519224753336
2026-08-19,"ILI incidence",2026-09-06,4,"BE","quantile","0.975",502.052496751284
2026-08-19,"ILI incidence",2026-09-06,4,"BE","quantile","0.99",569.766202132467
2026-08-19,"ILI incidence",2026-08-16,1,"DK","median","",76.3615372454554
2026-08-19,"ILI incidence",2026-08-16,1,"DK","quantile","0.01",15.7892563673778
2026-08-19,"ILI incidence",2026-08-16,1,"DK","quantile","0.025",24.192154492589
2026-08-19,"ILI incidence",2026-08-16,1,"DK","quantile","0.05",32.7467239115018
2026-08-19,"ILI incidence",2026-08-16,1,"DK","quantile","0.1",41.8986034126342
2026-08-19,"ILI incidence",2026-08-16,1,"DK","quantile","0.15",48.6124120496256
2026-08-19,"ILI incidence",2026-08-16,1,"DK","quantile","0.2",53.8812246116754
2026-08-19,"ILI incidence",2026-08-16,1,"DK","quantile","0.25",58.1553731894427
2026-08-19,"ILI incidence",2026-08-16,1,"DK","quantile","0.3",61.7823182849078
2026-08-19,"ILI incidence",2026-08-16,1,"DK","quantile","0.35",65.3596044167704
2026-08-19,"ILI incidence",2026-08-16,1,"DK","quantile","0.4",69.1476313690667
2026-08-19,"ILI incidence",2026-08-16,1,"DK","quantile","0.45",72.459287181628
2026-08-19,"ILI incidence",2026-08-16,1,"DK","quantile","0.5",75.8613347528991
2026-08-19,"ILI incidence",2026-08-16,1,"DK","quantile","0.55",79.3752953451778
2026-08-19,"ILI incidence",2026-08-16,1,"DK","quantile","0.6",82.7858744520355
2026-08-19,"ILI incidence",2026-08-16,1,"DK","quantile","0.65",85.887234917572
2026-08-19,"ILI incidence",2026-08-16,1,"DK","quantile","0.7",89.5442227858528
2026-08-19,"ILI incidence",2026-08-16,1,"DK","quantile","0.75",93.1647436145034
2026-08-19,"ILI incidence",2026-08-16,1,"DK","quantile","0.8",97.4695865294166
2026-08-19,"ILI incidence",2026-08-16,1,"DK","quantile","0.85",102.403610418384
2026-08-19,"ILI incidence",2026-08-16,1,"DK","quantile","0.9",109.02523819997
2026-08-19,"ILI incidence",2026-08-16,1,"DK","quantile","0.95",117.638571352308
2026-08-19,"ILI incidence",2026-08-16,1,"DK","quantile","0.975",127.408579657454
2026-08-19,"ILI incidence",2026-08-16,1,"DK","quantile","0.99",137.211465588912
2026-08-19,"ILI incidence",2026-08-23,2,"DK","median","",74.9771724536046
2026-08-19,"ILI incidence",2026-08-23,2,"DK","quantile","0.01",2.67256018056342
2026-08-19,"ILI incidence",2026-08-23,2,"DK","quantile","0.025",15.3730306067775
2026-08-19,"ILI incidence",2026-08-23,2,"DK","quantile","0.05",24.0512009143364
2026-08-19,"ILI incidence",2026-08-23,2,"DK","quantile","0.1",34.7705586649566
2026-08-19,"ILI incidence",2026-08-23,2,"DK","quantile","0.15",42.2547886448696
2026-08-19,"ILI incidence",2026-08-23,2,"DK","quantile","0.2",48.4234540569933
2026-08-19,"ILI incidence",2026-08-23,2,"DK","quantile","0.25",53.5055539482068
2026-08-19,"ILI incidence",2026-08-23,2,"DK","quantile","0.3",58.1794279119505
2026-08-19,"ILI incidence",2026-08-23,2,"DK","quantile","0.35",62.9493137009618
2026-08-19,"ILI incidence",2026-08-23,2,"DK","quantile","0.4",67.1975866111142
2026-08-19,"ILI incidence",2026-08-23,2,"DK","quantile","0.45",70.9526541137116
2026-08-19,"ILI incidence",2026-08-23,2,"DK","quantile","0.5",74.5508626062032
2026-08-19,"ILI incidence",2026-08-23,2,"DK","quantile","0.55",78.4448927252482
2026-08-19,"ILI incidence",2026-08-23,2,"DK","quantile","0.6",82.2754192795761
2026-08-19,"ILI incidence",2026-08-23,2,"DK","quantile","0.65",86.4142355703573
2026-08-19,"ILI incidence",2026-08-23,2,"DK","quantile","0.7",90.9098134960772
2026-08-19,"ILI incidence",2026-08-23,2,"DK","quantile","0.75",95.673956046517
2026-08-19,"ILI incidence",2026-08-23,2,"DK","quantile","0.8",101.029723595143
2026-08-19,"ILI incidence",2026-08-23,2,"DK","quantile","0.85",106.764260035737
2026-08-19,"ILI incidence",2026-08-23,2,"DK","quantile","0.9",114.01168143114
2026-08-19,"ILI incidence",2026-08-23,2,"DK","quantile","0.95",126.201109398192
2026-08-19,"ILI incidence",2026-08-23,2,"DK","quantile","0.975",136.732168122902
2026-08-19,"ILI incidence",2026-08-23,2,"DK","quantile","0.99",148.356013118122
2026-08-19,"ILI incidence",2026-08-30,3,"DK","median","",84.8488643372654
2026-08-19,"ILI incidence",2026-08-30,3,"DK","quantile","0.01",3.26385573853163
2026-08-19,"ILI incidence",2026-08-30,3,"DK","quantile","0.025",17.410798094451
2026-08-19,"ILI incidence",2026-08-30,3,"DK","quantile","0.05",28.0805001171224
2026-08-19,"ILI incidence",2026-08-30,3,"DK","quantile","0.1",40.042980845703
2026-08-19,"ILI incidence",2026-08-30,3,"DK","quantile","0.15",48.3283110237557
2026-08-19,"ILI incidence",2026-08-30,3,"DK","quantile","0.2",55.0227962459118
2026-08-19,"ILI incidence",2026-08-30,3,"DK","quantile","0.25",60.7178620357718
2026-08-19,"ILI incidence",2026-08-30,3,"DK","quantile","0.3",65.979053356168
2026-08-19,"ILI incidence",2026-08-30,3,"DK","quantile","0.35",71.0825619798035
2026-08-19,"ILI incidence",2026-08-30,3,"DK","quantile","0.4",75.5002267462495
2026-08-19,"ILI incidence",2026-08-30,3,"DK","quantile","0.45",79.9956242005373
2026-08-19,"ILI incidence",2026-08-30,3,"DK","quantile","0.5",84.204140882588
2026-08-19,"ILI incidence",2026-08-30,3,"DK","quantile","0.55",88.7292776749395
2026-08-19,"ILI incidence",2026-08-30,3,"DK","quantile","0.6",93.2739891811742
2026-08-19,"ILI incidence",2026-08-30,3,"DK","quantile","0.65",98.0133090189415
2026-08-19,"ILI incidence",2026-08-30,3,"DK","quantile","0.7",102.886959136681
2026-08-19,"ILI incidence",2026-08-30,3,"DK","quantile","0.75",108.404205103707
2026-08-19,"ILI incidence",2026-08-30,3,"DK","quantile","0.8",113.939030957248
2026-08-19,"ILI incidence",2026-08-30,3,"DK","quantile","0.85",120.795251461501
2026-08-19,"ILI incidence",2026-08-30,3,"DK","quantile","0.9",128.675259655748
2026-08-19,"ILI incidence",2026-08-30,3,"DK","quantile","0.95",141.595746195943
2026-08-19,"ILI incidence",2026-08-30,3,"DK","quantile","0.975",152.955856215827
2026-08-19,"ILI incidence",2026-08-30,3,"DK","quantile","0.99",164.943599190645
2026-08-19,"ILI incidence",2026-09-06,4,"DK","median","",82.9948576367315
2026-08-19,"ILI incidence",2026-09-06,4,"DK","quantile","0.01",0
2026-08-19,"ILI incidence",2026-09-06,4,"DK","quantile","0.025",9.21316735575581
2026-08-19,"ILI incidence",2026-09-06,4,"DK","quantile","0.05",21.3198683910286
2026-08-19,"ILI incidence",2026-09-06,4,"DK","quantile","0.1",34.7404894200823
2026-08-19,"ILI incidence",2026-09-06,4,"DK","quantile","0.15",43.8678684897851
2026-08-19,"ILI incidence",2026-09-06,4,"DK","quantile","0.2",51.2292362057327
2026-08-19,"ILI incidence",2026-09-06,4,"DK","quantile","0.25",57.5274195662962
2026-08-19,"ILI incidence",2026-09-06,4,"DK","quantile","0.3",63.0654991006142
2026-08-19,"ILI incidence",2026-09-06,4,"DK","quantile","0.35",68.4860954833599
2026-08-19,"ILI incidence",2026-09-06,4,"DK","quantile","0.4",73.5375748460793
2026-08-19,"ILI incidence",2026-09-06,4,"DK","quantile","0.45",78.0435473818337
2026-08-19,"ILI incidence",2026-09-06,4,"DK","quantile","0.5",83.0836997808742
2026-08-19,"ILI incidence",2026-09-06,4,"DK","quantile","0.55",88.0207652203187
2026-08-19,"ILI incidence",2026-09-06,4,"DK","quantile","0.6",92.7771655174968
2026-08-19,"ILI incidence",2026-09-06,4,"DK","quantile","0.65",97.6482411522938
2026-08-19,"ILI incidence",2026-09-06,4,"DK","quantile","0.7",103.224246053417
2026-08-19,"ILI incidence",2026-09-06,4,"DK","quantile","0.75",108.665341387614
2026-08-19,"ILI incidence",2026-09-06,4,"DK","quantile","0.8",114.941676025638
2026-08-19,"ILI incidence",2026-09-06,4,"DK","quantile","0.85",121.911943617108
2026-08-19,"ILI incidence",2026-09-06,4,"DK","quantile","0.9",131.17935293082
2026-08-19,"ILI incidence",2026-09-06,4,"DK","quantile","0.95",145.015328989662
2026-08-19,"ILI incidence",2026-09-06,4,"DK","quantile","0.975",156.235425162788
2026-08-19,"ILI incidence",2026-09-06,4,"DK","quantile","0.99",170.543025168329
2026-08-19,"ILI incidence",2026-08-16,1,"EE","median","",69.2482910734198
2026-08-19,"ILI incidence",2026-08-16,1,"EE","quantile","0.01",0
2026-08-19,"ILI incidence",2026-08-16,1,"EE","quantile","0.025",0
2026-08-19,"ILI incidence",2026-08-16,1,"EE","quantile","0.05",0
2026-08-19,"ILI incidence",2026-08-16,1,"EE","quantile","0.1",0
2026-08-19,"ILI incidence",2026-08-16,1,"EE","quantile","0.15",0
2026-08-19,"ILI incidence",2026-08-16,1,"EE","quantile","0.2",4.37472151202443
2026-08-19,"ILI incidence",2026-08-16,1,"EE","quantile","0.25",17.5084795181238
2026-08-19,"ILI incidence",2026-08-16,1,"EE","quantile","0.3",29.2440778716376
2026-08-19,"ILI incidence",2026-08-16,1,"EE","quantile","0.35",40.1515808627198
2026-08-19,"ILI incidence",2026-08-16,1,"EE","quantile","0.4",50.1026653794403
2026-08-19,"ILI incidence",2026-08-16,1,"EE","quantile","0.45",59.5229201087189
2026-08-19,"ILI incidence",2026-08-16,1,"EE","quantile","0.5",68.8333052190605
2026-08-19,"ILI incidence",2026-08-16,1,"EE","quantile","0.55",79.2250224887328
2026-08-19,"ILI incidence",2026-08-16,1,"EE","quantile","0.6",87.9805017086235
2026-08-19,"ILI incidence",2026-08-16,1,"EE","quantile","0.65",98.0066343398725
2026-08-19,"ILI incidence",2026-08-16,1,"EE","quantile","0.7",108.46815509702
2026-08-19,"ILI incidence",2026-08-16,1,"EE","quantile","0.75",119.788174060191
2026-08-19,"ILI incidence",2026-08-16,1,"EE","quantile","0.8",132.857668996949
2026-08-19,"ILI incidence",2026-08-16,1,"EE","quantile","0.85",147.607983853492
2026-08-19,"ILI incidence",2026-08-16,1,"EE","quantile","0.9",165.93581720377
2026-08-19,"ILI incidence",2026-08-16,1,"EE","quantile","0.95",191.037803018967
2026-08-19,"ILI incidence",2026-08-16,1,"EE","quantile","0.975",212.399196783656
2026-08-19,"ILI incidence",2026-08-16,1,"EE","quantile","0.99",241.29937986238
2026-08-19,"ILI incidence",2026-08-23,2,"EE","median","",78.1631471340237
2026-08-19,"ILI incidence",2026-08-23,2,"EE","quantile","0.01",0
2026-08-19,"ILI incidence",2026-08-23,2,"EE","quantile","0.025",0
2026-08-19,"ILI incidence",2026-08-23,2,"EE","quantile","0.05",0
2026-08-19,"ILI incidence",2026-08-23,2,"EE","quantile","0.1",0
2026-08-19,"ILI incidence",2026-08-23,2,"EE","quantile","0.15",0
2026-08-19,"ILI incidence",2026-08-23,2,"EE","quantile","0.2",9.09212800557919
2026-08-19,"ILI incidence",2026-08-23,2,"EE","quantile","0.25",22.8799447576658
2026-08-19,"ILI incidence",2026-08-23,2,"EE","quantile","0.3",34.9077031380042
2026-08-19,"ILI incidence",2026-08-23,2,"EE","quantile","0.35",45.6959534149371
2026-08-19,"ILI incidence",2026-08-23,2,"EE","quantile","0.4",57.0917535221377
2026-08-19,"ILI incidence",2026-08-23,2,"EE","quantile","0.45",67.0065200831825
2026-08-19,"ILI incidence",2026-08-23,2,"EE","quantile","0.5",77.3505957086141
2026-08-19,"ILI incidence",2026-08-23,2,"EE","quantile","0.55",87.5096756015856
2026-08-19,"ILI incidence",2026-08-23,2,"EE","quantile","0.6",98.2326598092337
2026-08-19,"ILI incidence",2026-08-23,2,"EE","quantile","0.65",109.079732695694
2026-08-19,"ILI incidence",2026-08-23,2,"EE","quantile","0.7",119.731664667146
2026-08-19,"ILI incidence",2026-08-23,2,"EE","quantile","0.75",131.590726033009
2026-08-19,"ILI incidence",2026-08-23,2,"EE","quantile","0.8",145.406195471594
2026-08-19,"ILI incidence",2026-08-23,2,"EE","quantile","0.85",161.367975576677
2026-08-19,"ILI incidence",2026-08-23,2,"EE","quantile","0.9",182.69656800155
2026-08-19,"ILI incidence",2026-08-23,2,"EE","quantile","0.95",213.141720726
2026-08-19,"ILI incidence",2026-08-23,2,"EE","quantile","0.975",240.071507941293
2026-08-19,"ILI incidence",2026-08-23,2,"EE","quantile","0.99",270.817875224354
2026-08-19,"ILI incidence",2026-08-30,3,"EE","median","",86.4689819744831
2026-08-19,"ILI incidence",2026-08-30,3,"EE","quantile","0.01",0
2026-08-19,"ILI incidence",2026-08-30,3,"EE","quantile","0.025",0
2026-08-19,"ILI incidence",2026-08-30,3,"EE","quantile","0.05",0
2026-08-19,"ILI incidence",2026-08-30,3,"EE","quantile","0.1",0
2026-08-19,"ILI incidence",2026-08-30,3,"EE","quantile","0.15",0
2026-08-19,"ILI incidence",2026-08-30,3,"EE","quantile","0.2",10.0778785634637
2026-08-19,"ILI incidence",2026-08-30,3,"EE","quantile","0.25",26.0377206496506
2026-08-19,"ILI incidence",2026-08-30,3,"EE","quantile","0.3",39.8954987017506
2026-08-19,"ILI incidence",2026-08-30,3,"EE","quantile","0.35",52.4527258299593
2026-08-19,"ILI incidence",2026-08-30,3,"EE","quantile","0.4",64.4121012141496
2026-08-19,"ILI incidence",2026-08-30,3,"EE","quantile","0.45",75.1855010518362
2026-08-19,"ILI incidence",2026-08-30,3,"EE","quantile","0.5",86.6616714924364
2026-08-19,"ILI incidence",2026-08-30,3,"EE","quantile","0.55",98.3810377671415
2026-08-19,"ILI incidence",2026-08-30,3,"EE","quantile","0.6",109.564785602138
2026-08-19,"ILI incidence",2026-08-30,3,"EE","quantile","0.65",121.77002920963
2026-08-19,"ILI incidence",2026-08-30,3,"EE","quantile","0.7",133.15438070466
2026-08-19,"ILI incidence",2026-08-30,3,"EE","quantile","0.75",145.990403394865
2026-08-19,"ILI incidence",2026-08-30,3,"EE","quantile","0.8",160.890405720881
2026-08-19,"ILI incidence",2026-08-30,3,"EE","quantile","0.85",178.735153594058
2026-08-19,"ILI incidence",2026-08-30,3,"EE","quantile","0.9",199.357601221998
2026-08-19,"ILI incidence",2026-08-30,3,"EE","quantile","0.95",232.426200736137
2026-08-19,"ILI incidence",2026-08-30,3,"EE","quantile","0.975",259.303929361929
2026-08-19,"ILI incidence",2026-08-30,3,"EE","quantile","0.99",289.752401092219
2026-08-19,"ILI incidence",2026-09-06,4,"EE","median","",94.2074010726726
2026-08-19,"ILI incidence",2026-09-06,4,"EE","quantile","0.01",0
2026-08-19,"ILI incidence",2026-09-06,4,"EE","quantile","0.025",0
2026-08-19,"ILI incidence",2026-09-06,4,"EE","quantile","0.05",0
2026-08-19,"ILI incidence",2026-09-06,4,"EE","quantile","0.1",0
2026-08-19,"ILI incidence",2026-09-06,4,"EE","quantile","0.15",0
2026-08-19,"ILI incidence",2026-09-06,4,"EE","quantile","0.2",14.9572964458268
2026-08-19,"ILI incidence",2026-09-06,4,"EE","quantile","0.25",31.0147705790822
2026-08-19,"ILI incidence",2026-09-06,4,"EE","quantile","0.3",44.3423715389297
2026-08-19,"ILI incidence",2026-09-06,4,"EE","quantile","0.35",56.8483962671084
2026-08-19,"ILI incidence",2026-09-06,4,"EE","quantile","0.4",70.3100257851796
2026-08-19,"ILI incidence",2026-09-06,4,"EE","quantile","0.45",81.7993486327433
2026-08-19,"ILI incidence",2026-09-06,4,"EE","quantile","0.5",93.2209786533865
2026-08-19,"ILI incidence",2026-09-06,4,"EE","quantile","0.55",105.53935272216
2026-08-19,"ILI incidence",2026-09-06,4,"EE","quantile","0.6",117.413469439278
2026-08-19,"ILI incidence",2026-09-06,4,"EE","quantile","0.65",130.234761021898
2026-08-19,"ILI incidence",2026-09-06,4,"EE","quantile","0.7",143.32839120383
2026-08-19,"ILI incidence",2026-09-06,4,"EE","quantile","0.75",156.977428597729
2026-08-19,"ILI incidence",2026-09-06,4,"EE","quantile","0.8",172.110999762869
2026-08-19,"ILI incidence",2026-09-06,4,"EE","quantile","0.85",191.063926409375
2026-08-19,"ILI incidence",2026-09-06,4,"EE","quantile","0.9",214.427176730068
2026-08-19,"ILI incidence",2026-09-06,4,"EE","quantile","0.95",249.606961078975
2026-08-19,"ILI incidence",2026-09-06,4,"EE","quantile","0.975",282.681314223611
2026-08-19,"ILI incidence",2026-09-06,4,"EE","quantile","0.99",319.085934505629
2026-08-19,"ILI incidence",2026-08-16,1,"ES","median","",6.66823310408064
2026-08-19,"ILI incidence",2026-08-16,1,"ES","quantile","0.01",0
2026-08-19,"ILI incidence",2026-08-16,1,"ES","quantile","0.025",0
2026-08-19,"ILI incidence",2026-08-16,1,"ES","quantile","0.05",0
2026-08-19,"ILI incidence",2026-08-16,1,"ES","quantile","0.1",0
2026-08-19,"ILI incidence",2026-08-16,1,"ES","quantile","0.15",0
2026-08-19,"ILI incidence",2026-08-16,1,"ES","quantile","0.2",0
2026-08-19,"ILI incidence",2026-08-16,1,"ES","quantile","0.25",0.286428899016197
2026-08-19,"ILI incidence",2026-08-16,1,"ES","quantile","0.3",1.68270415943133
2026-08-19,"ILI incidence",2026-08-16,1,"ES","quantile","0.35",3.03270429441944
2026-08-19,"ILI incidence",2026-08-16,1,"ES","quantile","0.4",4.26201901446616
2026-08-19,"ILI incidence",2026-08-16,1,"ES","quantile","0.45",5.39567906861858
2026-08-19,"ILI incidence",2026-08-16,1,"ES","quantile","0.5",6.50021462707812
2026-08-19,"ILI incidence",2026-08-16,1,"ES","quantile","0.55",7.62902471978437
2026-08-19,"ILI incidence",2026-08-16,1,"ES","quantile","0.6",8.87041884185652
2026-08-19,"ILI incidence",2026-08-16,1,"ES","quantile","0.65",10.037234522219
2026-08-19,"ILI incidence",2026-08-16,1,"ES","quantile","0.7",11.3578513180248
2026-08-19,"ILI incidence",2026-08-16,1,"ES","quantile","0.75",12.7265307499798
2026-08-19,"ILI incidence",2026-08-16,1,"ES","quantile","0.8",14.2338089927767
2026-08-19,"ILI incidence",2026-08-16,1,"ES","quantile","0.85",16.0418158477009
2026-08-19,"ILI incidence",2026-08-16,1,"ES","quantile","0.9",18.3415923288518
2026-08-19,"ILI incidence",2026-08-16,1,"ES","quantile","0.95",21.7547882829663
2026-08-19,"ILI incidence",2026-08-16,1,"ES","quantile","0.975",24.5958419246083
2026-08-19,"ILI incidence",2026-08-16,1,"ES","quantile","0.99",27.9880727843132
2026-08-19,"ILI incidence",2026-08-23,2,"ES","median","",8.6614848900386
2026-08-19,"ILI incidence",2026-08-23,2,"ES","quantile","0.01",0
2026-08-19,"ILI incidence",2026-08-23,2,"ES","quantile","0.025",0
2026-08-19,"ILI incidence",2026-08-23,2,"ES","quantile","0.05",0
2026-08-19,"ILI incidence",2026-08-23,2,"ES","quantile","0.1",0
2026-08-19,"ILI incidence",2026-08-23,2,"ES","quantile","0.15",0
2026-08-19,"ILI incidence",2026-08-23,2,"ES","quantile","0.2",0
2026-08-19,"ILI incidence",2026-08-23,2,"ES","quantile","0.25",0
2026-08-19,"ILI incidence",2026-08-23,2,"ES","quantile","0.3",0
2026-08-19,"ILI incidence",2026-08-23,2,"ES","quantile","0.35",2.10658311337392
2026-08-19,"ILI incidence",2026-08-23,2,"ES","quantile","0.4",4.455243342229
2026-08-19,"ILI incidence",2026-08-23,2,"ES","quantile","0.45",6.44662206208418
2026-08-19,"ILI incidence",2026-08-23,2,"ES","quantile","0.5",8.39798972874291
2026-08-19,"ILI incidence",2026-08-23,2,"ES","quantile","0.55",10.4553873155579
2026-08-19,"ILI incidence",2026-08-23,2,"ES","quantile","0.6",12.5249842155956
2026-08-19,"ILI incidence",2026-08-23,2,"ES","quantile","0.65",14.7220988165016
2026-08-19,"ILI incidence",2026-08-23,2,"ES","quantile","0.7",17.034869768227
2026-08-19,"ILI incidence",2026-08-23,2,"ES","quantile","0.75",19.5258198099737
2026-08-19,"ILI incidence",2026-08-23,2,"ES","quantile","0.8",22.2355465701415
2026-08-19,"ILI incidence",2026-08-23,2,"ES","quantile","0.85",25.3768367662146
2026-08-19,"ILI incidence",2026-08-23,2,"ES","quantile","0.9",29.2470215026343
2026-08-19,"ILI incidence",2026-08-23,2,"ES","quantile","0.95",35.9270959511904
2026-08-19,"ILI incidence",2026-08-23,2,"ES","quantile","0.975",41.3825551371633
2026-08-19,"ILI incidence",2026-08-23,2,"ES","quantile","0.99",46.7714898106755
2026-08-19,"ILI incidence",2026-08-30,3,"ES","median","",10.8096147934008
2026-08-19,"ILI incidence",2026-08-30,3,"ES","quantile","0.01",0
2026-08-19,"ILI incidence",2026-08-30,3,"ES","quantile","0.025",0
2026-08-19,"ILI incidence",2026-08-30,3,"ES","quantile","0.05",0
2026-08-19,"ILI incidence",2026-08-30,3,"ES","quantile","0.1",0
2026-08-19,"ILI incidence",2026-08-30,3,"ES","quantile","0.15",0
2026-08-19,"ILI incidence",2026-08-30,3,"ES","quantile","0.2",0
2026-08-19,"ILI incidence",2026-08-30,3,"ES","quantile","0.25",0
2026-08-19,"ILI incidence",2026-08-30,3,"ES","quantile","0.3",0
2026-08-19,"ILI incidence",2026-08-30,3,"ES","quantile","0.35",1.83003451053411
2026-08-19,"ILI incidence",2026-08-30,3,"ES","quantile","0.4",4.97417805407476
2026-08-19,"ILI incidence",2026-08-30,3,"ES","quantile","0.45",7.88147231034717
2026-08-19,"ILI incidence",2026-08-30,3,"ES","quantile","0.5",10.7279345778627
2026-08-19,"ILI incidence",2026-08-30,3,"ES","quantile","0.55",13.4769283234346
2026-08-19,"ILI incidence",2026-08-30,3,"ES","quantile","0.6",16.3112068978391
2026-08-19,"ILI incidence",2026-08-30,3,"ES","quantile","0.65",19.478220288343
2026-08-19,"ILI incidence",2026-08-30,3,"ES","quantile","0.7",22.5147555092681
2026-08-19,"ILI incidence",2026-08-30,3,"ES","quantile","0.75",25.9207598194016
2026-08-19,"ILI incidence",2026-08-30,3,"ES","quantile","0.8",29.8165220729601
2026-08-19,"ILI incidence",2026-08-30,3,"ES","quantile","0.85",34.1734682137253
2026-08-19,"ILI incidence",2026-08-30,3,"ES","quantile","0.9",39.9126975138159
2026-08-19,"ILI incidence",2026-08-30,3,"ES","quantile","0.95",48.3057257569483
2026-08-19,"ILI incidence",2026-08-30,3,"ES","quantile","0.975",55.8165474960533
2026-08-19,"ILI incidence",2026-08-30,3,"ES","quantile","0.99",63.7159021847473
2026-08-19,"ILI incidence",2026-09-06,4,"ES","median","",12.5584826064482
2026-08-19,"ILI incidence",2026-09-06,4,"ES","quantile","0.01",0
2026-08-19,"ILI incidence",2026-09-06,4,"ES","quantile","0.025",0
2026-08-19,"ILI incidence",2026-09-06,4,"ES","quantile","0.05",0
2026-08-19,"ILI incidence",2026-09-06,4,"ES","quantile","0.1",0
2026-08-19,"ILI incidence",2026-09-06,4,"ES","quantile","0.15",0
2026-08-19,"ILI incidence",2026-09-06,4,"ES","quantile","0.2",0
2026-08-19,"ILI incidence",2026-09-06,4,"ES","quantile","0.25",0
2026-08-19,"ILI incidence",2026-09-06,4,"ES","quantile","0.3",0
2026-08-19,"ILI incidence",2026-09-06,4,"ES","quantile","0.35",2.18806908094214
2026-08-19,"ILI incidence",2026-09-06,4,"ES","quantile","0.4",5.94713944866969
2026-08-19,"ILI incidence",2026-09-06,4,"ES","quantile","0.45",9.39844392384591
2026-08-19,"ILI incidence",2026-09-06,4,"ES","quantile","0.5",12.6471817447251
2026-08-19,"ILI incidence",2026-09-06,4,"ES","quantile","0.55",15.7986778288285
2026-08-19,"ILI incidence",2026-09-06,4,"ES","quantile","0.6",18.9966825099184
2026-08-19,"ILI incidence",2026-09-06,4,"ES","quantile","0.65",22.5501273739956
2026-08-19,"ILI incidence",2026-09-06,4,"ES","quantile","0.7",26.3279386254136
2026-08-19,"ILI incidence",2026-09-06,4,"ES","quantile","0.75",30.2136746470708
2026-08-19,"ILI incidence",2026-09-06,4,"ES","quantile","0.8",34.6310049279675
2026-08-19,"ILI incidence",2026-09-06,4,"ES","quantile","0.85",39.6996371060253
2026-08-19,"ILI incidence",2026-09-06,4,"ES","quantile","0.9",46.2625504798483
2026-08-19,"ILI incidence",2026-09-06,4,"ES","quantile","0.95",56.2905635722217
2026-08-19,"ILI incidence",2026-09-06,4,"ES","quantile","0.975",63.5579853341496
2026-08-19,"ILI incidence",2026-09-06,4,"ES","quantile","0.99",72.3572296455455
2026-08-19,"ILI incidence",2026-08-16,1,"FI","median","",29.2364888681139
2026-08-19,"ILI incidence",2026-08-16,1,"FI","quantile","0.01",0
2026-08-19,"ILI incidence",2026-08-16,1,"FI","quantile","0.025",0
2026-08-19,"ILI incidence",2026-08-16,1,"FI","quantile","0.05",0
2026-08-19,"ILI incidence",2026-08-16,1,"FI","quantile","0.1",0
2026-08-19,"ILI incidence",2026-08-16,1,"FI","quantile","0.15",0
2026-08-19,"ILI incidence",2026-08-16,1,"FI","quantile","0.2",0
2026-08-19,"ILI incidence",2026-08-16,1,"FI","quantile","0.25",0
2026-08-19,"ILI incidence",2026-08-16,1,"FI","quantile","0.3",0
2026-08-19,"ILI incidence",2026-08-16,1,"FI","quantile","0.35",0
2026-08-19,"ILI incidence",2026-08-16,1,"FI","quantile","0.4",0
2026-08-19,"ILI incidence",2026-08-16,1,"FI","quantile","0.45",8.51557537456718
2026-08-19,"ILI incidence",2026-08-16,1,"FI","quantile","0.5",30.4257989573227
2026-08-19,"ILI incidence",2026-08-16,1,"FI","quantile","0.55",53.7026760074998
2026-08-19,"ILI incidence",2026-08-16,1,"FI","quantile","0.6",76.7701419898299
2026-08-19,"ILI incidence",2026-08-16,1,"FI","quantile","0.65",101.311410047527
2026-08-19,"ILI incidence",2026-08-16,1,"FI","quantile","0.7",122.607383065746
2026-08-19,"ILI incidence",2026-08-16,1,"FI","quantile","0.75",149.334875376563
2026-08-19,"ILI incidence",2026-08-16,1,"FI","quantile","0.8",179.887611396282
2026-08-19,"ILI incidence",2026-08-16,1,"FI","quantile","0.85",214.942261208318
2026-08-19,"ILI incidence",2026-08-16,1,"FI","quantile","0.9",258.342837018815
2026-08-19,"ILI incidence",2026-08-16,1,"FI","quantile","0.95",321.764561974835
2026-08-19,"ILI incidence",2026-08-16,1,"FI","quantile","0.975",381.226220333755
2026-08-19,"ILI incidence",2026-08-16,1,"FI","quantile","0.99",456.33337660275
2026-08-19,"ILI incidence",2026-08-23,2,"FI","median","",30.8939572001452
2026-08-19,"ILI incidence",2026-08-23,2,"FI","quantile","0.01",0
2026-08-19,"ILI incidence",2026-08-23,2,"FI","quantile","0.025",0
2026-08-19,"ILI incidence",2026-08-23,2,"FI","quantile","0.05",0
2026-08-19,"ILI incidence",2026-08-23,2,"FI","quantile","0.1",0
2026-08-19,"ILI incidence",2026-08-23,2,"FI","quantile","0.15",0
2026-08-19,"ILI incidence",2026-08-23,2,"FI","quantile","0.2",0
2026-08-19,"ILI incidence",2026-08-23,2,"FI","quantile","0.25",0
2026-08-19,"ILI incidence",2026-08-23,2,"FI","quantile","0.3",0
2026-08-19,"ILI incidence",2026-08-23,2,"FI","quantile","0.35",0
2026-08-19,"ILI incidence",2026-08-23,2,"FI","quantile","0.4",0
2026-08-19,"ILI incidence",2026-08-23,2,"FI","quantile","0.45",9.4223436943239
2026-08-19,"ILI incidence",2026-08-23,2,"FI","quantile","0.5",32.4701320118622
2026-08-19,"ILI incidence",2026-08-23,2,"FI","quantile","0.55",56.1917275785444
2026-08-19,"ILI incidence",2026-08-23,2,"FI","quantile","0.6",79.3270536899491
2026-08-19,"ILI incidence",2026-08-23,2,"FI","quantile","0.65",100.520068537173
2026-08-19,"ILI incidence",2026-08-23,2,"FI","quantile","0.7",124.261836462152
2026-08-19,"ILI incidence",2026-08-23,2,"FI","quantile","0.75",149.070735558979
2026-08-19,"ILI incidence",2026-08-23,2,"FI","quantile","0.8",180.453419852683
2026-08-19,"ILI incidence",2026-08-23,2,"FI","quantile","0.85",214.654831995604
2026-08-19,"ILI incidence",2026-08-23,2,"FI","quantile","0.9",259.41349850633
2026-08-19,"ILI incidence",2026-08-23,2,"FI","quantile","0.95",323.839883958135
2026-08-19,"ILI incidence",2026-08-23,2,"FI","quantile","0.975",384.629704993929
2026-08-19,"ILI incidence",2026-08-23,2,"FI","quantile","0.99",455.611190008169
2026-08-19,"ILI incidence",2026-08-30,3,"FI","median","",32.215748196444
2026-08-19,"ILI incidence",2026-08-30,3,"FI","quantile","0.01",0
2026-08-19,"ILI incidence",2026-08-30,3,"FI","quantile","0.025",0
2026-08-19,"ILI incidence",2026-08-30,3,"FI","quantile","0.05",0
2026-08-19,"ILI incidence",2026-08-30,3,"FI","quantile","0.1",0
2026-08-19,"ILI incidence",2026-08-30,3,"FI","quantile","0.15",0
2026-08-19,"ILI incidence",2026-08-30,3,"FI","quantile","0.2",0
2026-08-19,"ILI incidence",2026-08-30,3,"FI","quantile","0.25",0
2026-08-19,"ILI incidence",2026-08-30,3,"FI","quantile","0.3",0
2026-08-19,"ILI incidence",2026-08-30,3,"FI","quantile","0.35",0
2026-08-19,"ILI incidence",2026-08-30,3,"FI","quantile","0.4",0
2026-08-19,"ILI incidence",2026-08-30,3,"FI","quantile","0.45",7.50024034990724
2026-08-19,"ILI incidence",2026-08-30,3,"FI","quantile","0.5",30.3146160241489
2026-08-19,"ILI incidence",2026-08-30,3,"FI","quantile","0.55",52.0192114288724
2026-08-19,"ILI incidence",2026-08-30,3,"FI","quantile","0.6",77.1367226196211
2026-08-19,"ILI incidence",2026-08-30,3,"FI","quantile","0.65",101.579953923572
2026-08-19,"ILI incidence",2026-08-30,3,"FI","quantile","0.7",127.584048550923
2026-08-19,"ILI incidence",2026-08-30,3,"FI","quantile","0.75",154.264325348739
2026-08-19,"ILI incidence",2026-08-30,3,"FI","quantile","0.8",185.972640824803
2026-08-19,"ILI incidence",2026-08-30,3,"FI","quantile","0.85",220.495827924093
2026-08-19,"ILI incidence",2026-08-30,3,"FI","quantile","0.9",262.214427772163
2026-08-19,"ILI incidence",2026-08-30,3,"FI","quantile","0.95",330.776167628277
2026-08-19,"ILI incidence",2026-08-30,3,"FI","quantile","0.975",390.754755526162
2026-08-19,"ILI incidence",2026-08-30,3,"FI","quantile","0.99",454.734644010477
2026-08-19,"ILI incidence",2026-09-06,4,"FI","median","",33.269844618157
2026-08-19,"ILI incidence",2026-09-06,4,"FI","quantile","0.01",0
2026-08-19,"ILI incidence",2026-09-06,4,"FI","quantile","0.025",0
2026-08-19,"ILI incidence",2026-09-06,4,"FI","quantile","0.05",0
2026-08-19,"ILI incidence",2026-09-06,4,"FI","quantile","0.1",0
2026-08-19,"ILI incidence",2026-09-06,4,"FI","quantile","0.15",0
2026-08-19,"ILI incidence",2026-09-06,4,"FI","quantile","0.2",0
2026-08-19,"ILI incidence",2026-09-06,4,"FI","quantile","0.25",0
2026-08-19,"ILI incidence",2026-09-06,4,"FI","quantile","0.3",0
2026-08-19,"ILI incidence",2026-09-06,4,"FI","quantile","0.35",0
2026-08-19,"ILI incidence",2026-09-06,4,"FI","quantile","0.4",0
2026-08-19,"ILI incidence",2026-09-06,4,"FI","quantile","0.45",11.7874231915031
2026-08-19,"ILI incidence",2026-09-06,4,"FI","quantile","0.5",33.9686597756988
2026-08-19,"ILI incidence",2026-09-06,4,"FI","quantile","0.55",56.0267675633142
2026-08-19,"ILI incidence",2026-09-06,4,"FI","quantile","0.6",78.565337917312
2026-08-19,"ILI incidence",2026-09-06,4,"FI","quantile","0.65",102.820345603428
2026-08-19,"ILI incidence",2026-09-06,4,"FI","quantile","0.7",129.224605911603
2026-08-19,"ILI incidence",2026-09-06,4,"FI","quantile","0.75",155.838990850443
2026-08-19,"ILI incidence",2026-09-06,4,"FI","quantile","0.8",184.867423855011
2026-08-19,"ILI incidence",2026-09-06,4,"FI","quantile","0.85",221.045498752625
2026-08-19,"ILI incidence",2026-09-06,4,"FI","quantile","0.9",265.670081138418
2026-08-19,"ILI incidence",2026-09-06,4,"FI","quantile","0.95",328.50880739237
2026-08-19,"ILI incidence",2026-09-06,4,"FI","quantile","0.975",384.690092866853
2026-08-19,"ILI incidence",2026-09-06,4,"FI","quantile","0.99",446.454585233024
2026-08-19,"ILI incidence",2026-08-16,1,"GB-ENG","median","",1.3434959530345
2026-08-19,"ILI incidence",2026-08-16,1,"GB-ENG","quantile","0.01",0
2026-08-19,"ILI incidence",2026-08-16,1,"GB-ENG","quantile","0.025",0
2026-08-19,"ILI incidence",2026-08-16,1,"GB-ENG","quantile","0.05",0
2026-08-19,"ILI incidence",2026-08-16,1,"GB-ENG","quantile","0.1",0
2026-08-19,"ILI incidence",2026-08-16,1,"GB-ENG","quantile","0.15",0.0758797720937246
2026-08-19,"ILI incidence",2026-08-16,1,"GB-ENG","quantile","0.2",0.303747920527078
2026-08-19,"ILI incidence",2026-08-16,1,"GB-ENG","quantile","0.25",0.50605710421326
2026-08-19,"ILI incidence",2026-08-16,1,"GB-ENG","quantile","0.3",0.685738191683557
2026-08-19,"ILI incidence",2026-08-16,1,"GB-ENG","quantile","0.35",0.857523814567067
2026-08-19,"ILI incidence",2026-08-16,1,"GB-ENG","quantile","0.4",1.02961489663797
2026-08-19,"ILI incidence",2026-08-16,1,"GB-ENG","quantile","0.45",1.1849633282674
2026-08-19,"ILI incidence",2026-08-16,1,"GB-ENG","quantile","0.5",1.33611010298888
2026-08-19,"ILI incidence",2026-08-16,1,"GB-ENG","quantile","0.55",1.47273660003251
2026-08-19,"ILI incidence",2026-08-16,1,"GB-ENG","quantile","0.6",1.62726541069766
2026-08-19,"ILI incidence",2026-08-16,1,"GB-ENG","quantile","0.65",1.78682885306721
2026-08-19,"ILI incidence",2026-08-16,1,"GB-ENG","quantile","0.7",1.96199819270896
2026-08-19,"ILI incidence",2026-08-16,1,"GB-ENG","quantile","0.75",2.14212773222933
2026-08-19,"ILI incidence",2026-08-16,1,"GB-ENG","quantile","0.8",2.34293828533953
2026-08-19,"ILI incidence",2026-08-16,1,"GB-ENG","quantile","0.85",2.58289250201224
2026-08-19,"ILI incidence",2026-08-16,1,"GB-ENG","quantile","0.9",2.85736200532858
2026-08-19,"ILI incidence",2026-08-16,1,"GB-ENG","quantile","0.95",3.31380289064789
2026-08-19,"ILI incidence",2026-08-16,1,"GB-ENG","quantile","0.975",3.68278696306905
2026-08-19,"ILI incidence",2026-08-16,1,"GB-ENG","quantile","0.99",4.08109468078688
2026-08-19,"ILI incidence",2026-08-23,2,"GB-ENG","median","",1.72289636273771
2026-08-19,"ILI incidence",2026-08-23,2,"GB-ENG","quantile","0.01",0
2026-08-19,"ILI incidence",2026-08-23,2,"GB-ENG","quantile","0.025",0
2026-08-19,"ILI incidence",2026-08-23,2,"GB-ENG","quantile","0.05",0
2026-08-19,"ILI incidence",2026-08-23,2,"GB-ENG","quantile","0.1",0
2026-08-19,"ILI incidence",2026-08-23,2,"GB-ENG","quantile","0.15",0.0424699138602211
2026-08-19,"ILI incidence",2026-08-23,2,"GB-ENG","quantile","0.2",0.351690767986383
2026-08-19,"ILI incidence",2026-08-23,2,"GB-ENG","quantile","0.25",0.61215887907441
2026-08-19,"ILI incidence",2026-08-23,2,"GB-ENG","quantile","0.3",0.850269270301733
2026-08-19,"ILI incidence",2026-08-23,2,"GB-ENG","quantile","0.35",1.08720795436488
2026-08-19,"ILI incidence",2026-08-23,2,"GB-ENG","quantile","0.4",1.31841892130785
2026-08-19,"ILI incidence",2026-08-23,2,"GB-ENG","quantile","0.45",1.52524790802818
2026-08-19,"ILI incidence",2026-08-23,2,"GB-ENG","quantile","0.5",1.7265123872496
2026-08-19,"ILI incidence",2026-08-23,2,"GB-ENG","quantile","0.55",1.92285195441374
2026-08-19,"ILI incidence",2026-08-23,2,"GB-ENG","quantile","0.6",2.11970870281295
2026-08-19,"ILI incidence",2026-08-23,2,"GB-ENG","quantile","0.65",2.32335391047797
2026-08-19,"ILI incidence",2026-08-23,2,"GB-ENG","quantile","0.7",2.5396789077865
2026-08-19,"ILI incidence",2026-08-23,2,"GB-ENG","quantile","0.75",2.77018107373007
2026-08-19,"ILI incidence",2026-08-23,2,"GB-ENG","quantile","0.8",3.05873946200414
2026-08-19,"ILI incidence",2026-08-23,2,"GB-ENG","quantile","0.85",3.36291554593195
2026-08-19,"ILI incidence",2026-08-23,2,"GB-ENG","quantile","0.9",3.76376047523369
2026-08-19,"ILI incidence",2026-08-23,2,"GB-ENG","quantile","0.95",4.34684968138694
2026-08-19,"ILI incidence",2026-08-23,2,"GB-ENG","quantile","0.975",4.84512101534258
2026-08-19,"ILI incidence",2026-08-23,2,"GB-ENG","quantile","0.99",5.55176424856658
2026-08-19,"ILI incidence",2026-08-30,3,"GB-ENG","median","",2.09003488160638
2026-08-19,"ILI incidence",2026-08-30,3,"GB-ENG","quantile","0.01",0
2026-08-19,"ILI incidence",2026-08-30,3,"GB-ENG","quantile","0.025",0
2026-08-19,"ILI incidence",2026-08-30,3,"GB-ENG","quantile","0.05",0
2026-08-19,"ILI incidence",2026-08-30,3,"GB-ENG","quantile","0.1",0
2026-08-19,"ILI incidence",2026-08-30,3,"GB-ENG","quantile","0.15",0
2026-08-19,"ILI incidence",2026-08-30,3,"GB-ENG","quantile","0.2",0.385554642050458
2026-08-19,"ILI incidence",2026-08-30,3,"GB-ENG","quantile","0.25",0.714030027960014
2026-08-19,"ILI incidence",2026-08-30,3,"GB-ENG","quantile","0.3",1.02408004358439
2026-08-19,"ILI incidence",2026-08-30,3,"GB-ENG","quantile","0.35",1.31604001542375
2026-08-19,"ILI incidence",2026-08-30,3,"GB-ENG","quantile","0.4",1.57100191575294
2026-08-19,"ILI incidence",2026-08-30,3,"GB-ENG","quantile","0.45",1.83230528491707
2026-08-19,"ILI incidence",2026-08-30,3,"GB-ENG","quantile","0.5",2.07588854424166
2026-08-19,"ILI incidence",2026-08-30,3,"GB-ENG","quantile","0.55",2.33310267306082
2026-08-19,"ILI incidence",2026-08-30,3,"GB-ENG","quantile","0.6",2.5684436028355
2026-08-19,"ILI incidence",2026-08-30,3,"GB-ENG","quantile","0.65",2.82267989251084
2026-08-19,"ILI incidence",2026-08-30,3,"GB-ENG","quantile","0.7",3.10274150143782
2026-08-19,"ILI incidence",2026-08-30,3,"GB-ENG","quantile","0.75",3.41579082901127
2026-08-19,"ILI incidence",2026-08-30,3,"GB-ENG","quantile","0.8",3.77638737868219
2026-08-19,"ILI incidence",2026-08-30,3,"GB-ENG","quantile","0.85",4.13992498668136
2026-08-19,"ILI incidence",2026-08-30,3,"GB-ENG","quantile","0.9",4.61347328718675
2026-08-19,"ILI incidence",2026-08-30,3,"GB-ENG","quantile","0.95",5.35842994043659
2026-08-19,"ILI incidence",2026-08-30,3,"GB-ENG","quantile","0.975",5.9488736215648
2026-08-19,"ILI incidence",2026-08-30,3,"GB-ENG","quantile","0.99",6.72771723728619
2026-08-19,"ILI incidence",2026-09-06,4,"GB-ENG","median","",2.4931445829918
2026-08-19,"ILI incidence",2026-09-06,4,"GB-ENG","quantile","0.01",0
2026-08-19,"ILI incidence",2026-09-06,4,"GB-ENG","quantile","0.025",0
2026-08-19,"ILI incidence",2026-09-06,4,"GB-ENG","quantile","0.05",0
2026-08-19,"ILI incidence",2026-09-06,4,"GB-ENG","quantile","0.1",0
2026-08-19,"ILI incidence",2026-09-06,4,"GB-ENG","quantile","0.15",0.0732957288391319
2026-08-19,"ILI incidence",2026-09-06,4,"GB-ENG","quantile","0.2",0.517699966355463
2026-08-19,"ILI incidence",2026-09-06,4,"GB-ENG","quantile","0.25",0.923044156988892
2026-08-19,"ILI incidence",2026-09-06,4,"GB-ENG","quantile","0.3",1.27258188604118
2026-08-19,"ILI incidence",2026-09-06,4,"GB-ENG","quantile","0.35",1.57505665377707
2026-08-19,"ILI incidence",2026-09-06,4,"GB-ENG","quantile","0.4",1.87172104625048
2026-08-19,"ILI incidence",2026-09-06,4,"GB-ENG","quantile","0.45",2.16673454956064
2026-08-19,"ILI incidence",2026-09-06,4,"GB-ENG","quantile","0.5",2.4600319665476
2026-08-19,"ILI incidence",2026-09-06,4,"GB-ENG","quantile","0.55",2.74645944790247
2026-08-19,"ILI incidence",2026-09-06,4,"GB-ENG","quantile","0.6",3.03733431931919
2026-08-19,"ILI incidence",2026-09-06,4,"GB-ENG","quantile","0.65",3.36615072026459
2026-08-19,"ILI incidence",2026-09-06,4,"GB-ENG","quantile","0.7",3.69628515059781
2026-08-19,"ILI incidence",2026-09-06,4,"GB-ENG","quantile","0.75",4.04352729862819
2026-08-19,"ILI incidence",2026-09-06,4,"GB-ENG","quantile","0.8",4.44350011243448
2026-08-19,"ILI incidence",2026-09-06,4,"GB-ENG","quantile","0.85",4.91508545619374
2026-08-19,"ILI incidence",2026-09-06,4,"GB-ENG","quantile","0.9",5.49615951629269
2026-08-19,"ILI incidence",2026-09-06,4,"GB-ENG","quantile","0.95",6.35541458148143
2026-08-19,"ILI incidence",2026-09-06,4,"GB-ENG","quantile","0.975",7.1059162644437
2026-08-19,"ILI incidence",2026-09-06,4,"GB-ENG","quantile","0.99",7.92814630772794
2026-08-19,"ILI incidence",2026-08-16,1,"GB-NIR","median","",2.28927265594107
2026-08-19,"ILI incidence",2026-08-16,1,"GB-NIR","quantile","0.01",0
2026-08-19,"ILI incidence",2026-08-16,1,"GB-NIR","quantile","0.025",0
2026-08-19,"ILI incidence",2026-08-16,1,"GB-NIR","quantile","0.05",0
2026-08-19,"ILI incidence",2026-08-16,1,"GB-NIR","quantile","0.1",0
2026-08-19,"ILI incidence",2026-08-16,1,"GB-NIR","quantile","0.15",0
2026-08-19,"ILI incidence",2026-08-16,1,"GB-NIR","quantile","0.2",0
2026-08-19,"ILI incidence",2026-08-16,1,"GB-NIR","quantile","0.25",0
2026-08-19,"ILI incidence",2026-08-16,1,"GB-NIR","quantile","0.3",0.331351629914552
2026-08-19,"ILI incidence",2026-08-16,1,"GB-NIR","quantile","0.35",0.898457560519862
2026-08-19,"ILI incidence",2026-08-16,1,"GB-NIR","quantile","0.4",1.38536058847724
2026-08-19,"ILI incidence",2026-08-16,1,"GB-NIR","quantile","0.45",1.84941916318084
2026-08-19,"ILI incidence",2026-08-16,1,"GB-NIR","quantile","0.5",2.32026847542327
2026-08-19,"ILI incidence",2026-08-16,1,"GB-NIR","quantile","0.55",2.82613177384253
2026-08-19,"ILI incidence",2026-08-16,1,"GB-NIR","quantile","0.6",3.30410228969052
2026-08-19,"ILI incidence",2026-08-16,1,"GB-NIR","quantile","0.65",3.83179973688182
2026-08-19,"ILI incidence",2026-08-16,1,"GB-NIR","quantile","0.7",4.34812539283117
2026-08-19,"ILI incidence",2026-08-16,1,"GB-NIR","quantile","0.75",4.91981605361154
2026-08-19,"ILI incidence",2026-08-16,1,"GB-NIR","quantile","0.8",5.57224623051063
2026-08-19,"ILI incidence",2026-08-16,1,"GB-NIR","quantile","0.85",6.30050901929039
2026-08-19,"ILI incidence",2026-08-16,1,"GB-NIR","quantile","0.9",7.16190888480505
2026-08-19,"ILI incidence",2026-08-16,1,"GB-NIR","quantile","0.95",8.42051416692737
2026-08-19,"ILI incidence",2026-08-16,1,"GB-NIR","quantile","0.975",9.62049254081952
2026-08-19,"ILI incidence",2026-08-16,1,"GB-NIR","quantile","0.99",11.0747473241136
2026-08-19,"ILI incidence",2026-08-23,2,"GB-NIR","median","",2.48766020644901
2026-08-19,"ILI incidence",2026-08-23,2,"GB-NIR","quantile","0.01",0
2026-08-19,"ILI incidence",2026-08-23,2,"GB-NIR","quantile","0.025",0
2026-08-19,"ILI incidence",2026-08-23,2,"GB-NIR","quantile","0.05",0
2026-08-19,"ILI incidence",2026-08-23,2,"GB-NIR","quantile","0.1",0
2026-08-19,"ILI incidence",2026-08-23,2,"GB-NIR","quantile","0.15",0
2026-08-19,"ILI incidence",2026-08-23,2,"GB-NIR","quantile","0.2",0
2026-08-19,"ILI incidence",2026-08-23,2,"GB-NIR","quantile","0.25",0
2026-08-19,"ILI incidence",2026-08-23,2,"GB-NIR","quantile","0.3",0
2026-08-19,"ILI incidence",2026-08-23,2,"GB-NIR","quantile","0.35",0.495934318867365
2026-08-19,"ILI incidence",2026-08-23,2,"GB-NIR","quantile","0.4",1.22562134081355
2026-08-19,"ILI incidence",2026-08-23,2,"GB-NIR","quantile","0.45",1.93475843205438
2026-08-19,"ILI incidence",2026-08-23,2,"GB-NIR","quantile","0.5",2.55782113328447
2026-08-19,"ILI incidence",2026-08-23,2,"GB-NIR","quantile","0.55",3.2263160337321
2026-08-19,"ILI incidence",2026-08-23,2,"GB-NIR","quantile","0.6",3.93927865908357
2026-08-19,"ILI incidence",2026-08-23,2,"GB-NIR","quantile","0.65",4.63360342221548
2026-08-19,"ILI incidence",2026-08-23,2,"GB-NIR","quantile","0.7",5.34212156598749
2026-08-19,"ILI incidence",2026-08-23,2,"GB-NIR","quantile","0.75",6.10452089796759
2026-08-19,"ILI incidence",2026-08-23,2,"GB-NIR","quantile","0.8",6.98476054762988
2026-08-19,"ILI incidence",2026-08-23,2,"GB-NIR","quantile","0.85",8.01904833466494
2026-08-19,"ILI incidence",2026-08-23,2,"GB-NIR","quantile","0.9",9.34124610842737
2026-08-19,"ILI incidence",2026-08-23,2,"GB-NIR","quantile","0.95",11.2834636519251
2026-08-19,"ILI incidence",2026-08-23,2,"GB-NIR","quantile","0.975",13.0369804970393
2026-08-19,"ILI incidence",2026-08-23,2,"GB-NIR","quantile","0.99",14.9401142155646
2026-08-19,"ILI incidence",2026-08-30,3,"GB-NIR","median","",2.41391297008223
2026-08-19,"ILI incidence",2026-08-30,3,"GB-NIR","quantile","0.01",0
2026-08-19,"ILI incidence",2026-08-30,3,"GB-NIR","quantile","0.025",0
2026-08-19,"ILI incidence",2026-08-30,3,"GB-NIR","quantile","0.05",0
2026-08-19,"ILI incidence",2026-08-30,3,"GB-NIR","quantile","0.1",0
2026-08-19,"ILI incidence",2026-08-30,3,"GB-NIR","quantile","0.15",0
2026-08-19,"ILI incidence",2026-08-30,3,"GB-NIR","quantile","0.2",0
2026-08-19,"ILI incidence",2026-08-30,3,"GB-NIR","quantile","0.25",0
2026-08-19,"ILI incidence",2026-08-30,3,"GB-NIR","quantile","0.3",0
2026-08-19,"ILI incidence",2026-08-30,3,"GB-NIR","quantile","0.35",0
2026-08-19,"ILI incidence",2026-08-30,3,"GB-NIR","quantile","0.4",0.636564056079852
2026-08-19,"ILI incidence",2026-08-30,3,"GB-NIR","quantile","0.45",1.64421779829955
2026-08-19,"ILI incidence",2026-08-30,3,"GB-NIR","quantile","0.5",2.5528914184158
2026-08-19,"ILI incidence",2026-08-30,3,"GB-NIR","quantile","0.55",3.47716006429132
2026-08-19,"ILI incidence",2026-08-30,3,"GB-NIR","quantile","0.6",4.42964511530526
2026-08-19,"ILI incidence",2026-08-30,3,"GB-NIR","quantile","0.65",5.36921107654861
2026-08-19,"ILI incidence",2026-08-30,3,"GB-NIR","quantile","0.7",6.32146703544919
2026-08-19,"ILI incidence",2026-08-30,3,"GB-NIR","quantile","0.75",7.41584700596725
2026-08-19,"ILI incidence",2026-08-30,3,"GB-NIR","quantile","0.8",8.55029199505818
2026-08-19,"ILI incidence",2026-08-30,3,"GB-NIR","quantile","0.85",9.96895631009987
2026-08-19,"ILI incidence",2026-08-30,3,"GB-NIR","quantile","0.9",11.7534809331797
2026-08-19,"ILI incidence",2026-08-30,3,"GB-NIR","quantile","0.95",14.4569567479002
2026-08-19,"ILI incidence",2026-08-30,3,"GB-NIR","quantile","0.975",16.6386654041119
2026-08-19,"ILI incidence",2026-08-30,3,"GB-NIR","quantile","0.99",19.617578292699
2026-08-19,"ILI incidence",2026-09-06,4,"GB-NIR","median","",2.4413272652727
2026-08-19,"ILI incidence",2026-09-06,4,"GB-NIR","quantile","0.01",0
2026-08-19,"ILI incidence",2026-09-06,4,"GB-NIR","quantile","0.025",0
2026-08-19,"ILI incidence",2026-09-06,4,"GB-NIR","quantile","0.05",0
2026-08-19,"ILI incidence",2026-09-06,4,"GB-NIR","quantile","0.1",0
2026-08-19,"ILI incidence",2026-09-06,4,"GB-NIR","quantile","0.15",0
2026-08-19,"ILI incidence",2026-09-06,4,"GB-NIR","quantile","0.2",0
2026-08-19,"ILI incidence",2026-09-06,4,"GB-NIR","quantile","0.25",0
2026-08-19,"ILI incidence",2026-09-06,4,"GB-NIR","quantile","0.3",0
2026-08-19,"ILI incidence",2026-09-06,4,"GB-NIR","quantile","0.35",0
2026-08-19,"ILI incidence",2026-09-06,4,"GB-NIR","quantile","0.4",0.340168422174937
2026-08-19,"ILI incidence",2026-09-06,4,"GB-NIR","quantile","0.45",1.48995246815202
2026-08-19,"ILI incidence",2026-09-06,4,"GB-NIR","quantile","0.5",2.54114047035405
2026-08-19,"ILI incidence",2026-09-06,4,"GB-NIR","quantile","0.55",3.60890514608653
2026-08-19,"ILI incidence",2026-09-06,4,"GB-NIR","quantile","0.6",4.58328288252935
2026-08-19,"ILI incidence",2026-09-06,4,"GB-NIR","quantile","0.65",5.66459400540634
2026-08-19,"ILI incidence",2026-09-06,4,"GB-NIR","quantile","0.7",6.89048566903568
2026-08-19,"ILI incidence",2026-09-06,4,"GB-NIR","quantile","0.75",8.20436757699826
2026-08-19,"ILI incidence",2026-09-06,4,"GB-NIR","quantile","0.8",9.63584289467968
2026-08-19,"ILI incidence",2026-09-06,4,"GB-NIR","quantile","0.85",11.3677389557824
2026-08-19,"ILI incidence",2026-09-06,4,"GB-NIR","quantile","0.9",13.4772400768135
2026-08-19,"ILI incidence",2026-09-06,4,"GB-NIR","quantile","0.95",16.6174105731461
2026-08-19,"ILI incidence",2026-09-06,4,"GB-NIR","quantile","0.975",19.3630415085383
2026-08-19,"ILI incidence",2026-09-06,4,"GB-NIR","quantile","0.99",22.5260324681951
2026-08-19,"ILI incidence",2026-08-16,1,"GR","median","",307.208283435568
2026-08-19,"ILI incidence",2026-08-16,1,"GR","quantile","0.01",0
2026-08-19,"ILI incidence",2026-08-16,1,"GR","quantile","0.025",0
2026-08-19,"ILI incidence",2026-08-16,1,"GR","quantile","0.05",25.6254186227956
2026-08-19,"ILI incidence",2026-08-16,1,"GR","quantile","0.1",88.8944626531962
2026-08-19,"ILI incidence",2026-08-16,1,"GR","quantile","0.15",130.516250664157
2026-08-19,"ILI incidence",2026-08-16,1,"GR","quantile","0.2",166.113090651292
2026-08-19,"ILI incidence",2026-08-16,1,"GR","quantile","0.25",193.393869115965
2026-08-19,"ILI incidence",2026-08-16,1,"GR","quantile","0.3",220.353549992317
2026-08-19,"ILI incidence",2026-08-16,1,"GR","quantile","0.35",245.501397188429
2026-08-19,"ILI incidence",2026-08-16,1,"GR","quantile","0.4",269.634011392492
2026-08-19,"ILI incidence",2026-08-16,1,"GR","quantile","0.45",290.282600604187
2026-08-19,"ILI incidence",2026-08-16,1,"GR","quantile","0.5",311.103402189272
2026-08-19,"ILI incidence",2026-08-16,1,"GR","quantile","0.55",331.629519679896
2026-08-19,"ILI incidence",2026-08-16,1,"GR","quantile","0.6",352.834691346558
2026-08-19,"ILI incidence",2026-08-16,1,"GR","quantile","0.65",373.510192220367
2026-08-19,"ILI incidence",2026-08-16,1,"GR","quantile","0.7",397.949243159254
2026-08-19,"ILI incidence",2026-08-16,1,"GR","quantile","0.75",423.983439578792
2026-08-19,"ILI incidence",2026-08-16,1,"GR","quantile","0.8",453.012746225203
2026-08-19,"ILI incidence",2026-08-16,1,"GR","quantile","0.85",484.673885523092
2026-08-19,"ILI incidence",2026-08-16,1,"GR","quantile","0.9",526.83336777183
2026-08-19,"ILI incidence",2026-08-16,1,"GR","quantile","0.95",590.130473969291
2026-08-19,"ILI incidence",2026-08-16,1,"GR","quantile","0.975",652.646325884593
2026-08-19,"ILI incidence",2026-08-16,1,"GR","quantile","0.99",722.573821576363
2026-08-19,"ILI incidence",2026-08-23,2,"GR","median","",339.172986032959
2026-08-19,"ILI incidence",2026-08-23,2,"GR","quantile","0.01",0
2026-08-19,"ILI incidence",2026-08-23,2,"GR","quantile","0.025",0
2026-08-19,"ILI incidence",2026-08-23,2,"GR","quantile","0.05",0
2026-08-19,"ILI incidence",2026-08-23,2,"GR","quantile","0.1",46.6834027592799
2026-08-19,"ILI incidence",2026-08-23,2,"GR","quantile","0.15",101.979829763536
2026-08-19,"ILI incidence",2026-08-23,2,"GR","quantile","0.2",145.63759693245
2026-08-19,"ILI incidence",2026-08-23,2,"GR","quantile","0.25",185.642452657254
2026-08-19,"ILI incidence",2026-08-23,2,"GR","quantile","0.3",222.762025154884
2026-08-19,"ILI incidence",2026-08-23,2,"GR","quantile","0.35",255.608313584346
2026-08-19,"ILI incidence",2026-08-23,2,"GR","quantile","0.4",285.183521821152
2026-08-19,"ILI incidence",2026-08-23,2,"GR","quantile","0.45",316.198644178217
2026-08-19,"ILI incidence",2026-08-23,2,"GR","quantile","0.5",345.71073370298
2026-08-19,"ILI incidence",2026-08-23,2,"GR","quantile","0.55",373.50957654101
2026-08-19,"ILI incidence",2026-08-23,2,"GR","quantile","0.6",402.695065974191
2026-08-19,"ILI incidence",2026-08-23,2,"GR","quantile","0.65",431.894645564485
2026-08-19,"ILI incidence",2026-08-23,2,"GR","quantile","0.7",464.316930907951
2026-08-19,"ILI incidence",2026-08-23,2,"GR","quantile","0.75",498.402695087345
2026-08-19,"ILI incidence",2026-08-23,2,"GR","quantile","0.8",538.758542254812
2026-08-19,"ILI incidence",2026-08-23,2,"GR","quantile","0.85",580.718545239333
2026-08-19,"ILI incidence",2026-08-23,2,"GR","quantile","0.9",638.213651691244
2026-08-19,"ILI incidence",2026-08-23,2,"GR","quantile","0.95",725.398008470771
2026-08-19,"ILI incidence",2026-08-23,2,"GR","quantile","0.975",802.004605822855
2026-08-19,"ILI incidence",2026-08-23,2,"GR","quantile","0.99",892.190436259818
2026-08-19,"ILI incidence",2026-08-30,3,"GR","median","",368.110734139694
2026-08-19,"ILI incidence",2026-08-30,3,"GR","quantile","0.01",0
2026-08-19,"ILI incidence",2026-08-30,3,"GR","quantile","0.025",0
2026-08-19,"ILI incidence",2026-08-30,3,"GR","quantile","0.05",0
2026-08-19,"ILI incidence",2026-08-30,3,"GR","quantile","0.1",22.888688358835
2026-08-19,"ILI incidence",2026-08-30,3,"GR","quantile","0.15",92.1441430720983
2026-08-19,"ILI incidence",2026-08-30,3,"GR","quantile","0.2",141.473526432653
2026-08-19,"ILI incidence",2026-08-30,3,"GR","quantile","0.25",187.705223184539
2026-08-19,"ILI incidence",2026-08-30,3,"GR","quantile","0.3",227.513241860808
2026-08-19,"ILI incidence",2026-08-30,3,"GR","quantile","0.35",266.001029402117
2026-08-19,"ILI incidence",2026-08-30,3,"GR","quantile","0.4",301.483621741274
2026-08-19,"ILI incidence",2026-08-30,3,"GR","quantile","0.45",336.509092179515
2026-08-19,"ILI incidence",2026-08-30,3,"GR","quantile","0.5",371.852149910668
2026-08-19,"ILI incidence",2026-08-30,3,"GR","quantile","0.55",403.270464613145
2026-08-19,"ILI incidence",2026-08-30,3,"GR","quantile","0.6",436.04219985901
2026-08-19,"ILI incidence",2026-08-30,3,"GR","quantile","0.65",471.243616492082
2026-08-19,"ILI incidence",2026-08-30,3,"GR","quantile","0.7",512.442073897755
2026-08-19,"ILI incidence",2026-08-30,3,"GR","quantile","0.75",554.261891330023
2026-08-19,"ILI incidence",2026-08-30,3,"GR","quantile","0.8",598.904375132461
2026-08-19,"ILI incidence",2026-08-30,3,"GR","quantile","0.85",651.585073935879
2026-08-19,"ILI incidence",2026-08-30,3,"GR","quantile","0.9",722.548516234955
2026-08-19,"ILI incidence",2026-08-30,3,"GR","quantile","0.95",820.158809528207
2026-08-19,"ILI incidence",2026-08-30,3,"GR","quantile","0.975",911.345413390349
2026-08-19,"ILI incidence",2026-08-30,3,"GR","quantile","0.99",1020.4475949993
2026-08-19,"ILI incidence",2026-09-06,4,"GR","median","",394.308170606917
2026-08-19,"ILI incidence",2026-09-06,4,"GR","quantile","0.01",0
2026-08-19,"ILI incidence",2026-09-06,4,"GR","quantile","0.025",0
2026-08-19,"ILI incidence",2026-09-06,4,"GR","quantile","0.05",0
2026-08-19,"ILI incidence",2026-09-06,4,"GR","quantile","0.1",11.6496609414631
2026-08-19,"ILI incidence",2026-09-06,4,"GR","quantile","0.15",84.6069977740961
2026-08-19,"ILI incidence",2026-09-06,4,"GR","quantile","0.2",145.020219964235
2026-08-19,"ILI incidence",2026-09-06,4,"GR","quantile","0.25",194.239404647174
2026-08-19,"ILI incidence",2026-09-06,4,"GR","quantile","0.3",237.631042427305
2026-08-19,"ILI incidence",2026-09-06,4,"GR","quantile","0.35",277.627433047356
2026-08-19,"ILI incidence",2026-09-06,4,"GR","quantile","0.4",320.004531720746
2026-08-19,"ILI incidence",2026-09-06,4,"GR","quantile","0.45",358.719092818301
2026-08-19,"ILI incidence",2026-09-06,4,"GR","quantile","0.5",395.974287842107
2026-08-19,"ILI incidence",2026-09-06,4,"GR","quantile","0.55",433.526456120389
2026-08-19,"ILI incidence",2026-09-06,4,"GR","quantile","0.6",470.224245786383
2026-08-19,"ILI incidence",2026-09-06,4,"GR","quantile","0.65",507.890955328197
2026-08-19,"ILI incidence",2026-09-06,4,"GR","quantile","0.7",553.257874565576
2026-08-19,"ILI incidence",2026-09-06,4,"GR","quantile","0.75",599.854660301652
2026-08-19,"ILI incidence",2026-09-06,4,"GR","quantile","0.8",649.464753036669
2026-08-19,"ILI incidence",2026-09-06,4,"GR","quantile","0.85",708.150906945326
2026-08-19,"ILI incidence",2026-09-06,4,"GR","quantile","0.9",779.907812608534
2026-08-19,"ILI incidence",2026-09-06,4,"GR","quantile","0.95",887.779003612838
2026-08-19,"ILI incidence",2026-09-06,4,"GR","quantile","0.975",984.292114856825
2026-08-19,"ILI incidence",2026-09-06,4,"GR","quantile","0.99",1100.21149465451
2026-08-19,"ILI incidence",2026-08-16,1,"HU","median","",40.3121492921351
2026-08-19,"ILI incidence",2026-08-16,1,"HU","quantile","0.01",0
2026-08-19,"ILI incidence",2026-08-16,1,"HU","quantile","0.025",0
2026-08-19,"ILI incidence",2026-08-16,1,"HU","quantile","0.05",0
2026-08-19,"ILI incidence",2026-08-16,1,"HU","quantile","0.1",0
2026-08-19,"ILI incidence",2026-08-16,1,"HU","quantile","0.15",0
2026-08-19,"ILI incidence",2026-08-16,1,"HU","quantile","0.2",0
2026-08-19,"ILI incidence",2026-08-16,1,"HU","quantile","0.25",3.20150459860475
2026-08-19,"ILI incidence",2026-08-16,1,"HU","quantile","0.3",11.3738486315515
2026-08-19,"ILI incidence",2026-08-16,1,"HU","quantile","0.35",18.6660091598761
2026-08-19,"ILI incidence",2026-08-16,1,"HU","quantile","0.4",26.0348861532323
2026-08-19,"ILI incidence",2026-08-16,1,"HU","quantile","0.45",33.0615663206896
2026-08-19,"ILI incidence",2026-08-16,1,"HU","quantile","0.5",39.8657704804769
2026-08-19,"ILI incidence",2026-08-16,1,"HU","quantile","0.55",46.9063213943476
2026-08-19,"ILI incidence",2026-08-16,1,"HU","quantile","0.6",54.0069790532392
2026-08-19,"ILI incidence",2026-08-16,1,"HU","quantile","0.65",61.2578739368806
2026-08-19,"ILI incidence",2026-08-16,1,"HU","quantile","0.7",69.4512789373453
2026-08-19,"ILI incidence",2026-08-16,1,"HU","quantile","0.75",77.7178628194292
2026-08-19,"ILI incidence",2026-08-16,1,"HU","quantile","0.8",86.4290178435508
2026-08-19,"ILI incidence",2026-08-16,1,"HU","quantile","0.85",96.6798624950734
2026-08-19,"ILI incidence",2026-08-16,1,"HU","quantile","0.9",110.66902525504
2026-08-19,"ILI incidence",2026-08-16,1,"HU","quantile","0.95",130.610030918761
2026-08-19,"ILI incidence",2026-08-16,1,"HU","quantile","0.975",148.128903563822
2026-08-19,"ILI incidence",2026-08-16,1,"HU","quantile","0.99",168.220792787006
2026-08-19,"ILI incidence",2026-08-23,2,"HU","median","",66.284753142442
2026-08-19,"ILI incidence",2026-08-23,2,"HU","quantile","0.01",0
2026-08-19,"ILI incidence",2026-08-23,2,"HU","quantile","0.025",0
2026-08-19,"ILI incidence",2026-08-23,2,"HU","quantile","0.05",0
2026-08-19,"ILI incidence",2026-08-23,2,"HU","quantile","0.1",0
2026-08-19,"ILI incidence",2026-08-23,2,"HU","quantile","0.15",0
2026-08-19,"ILI incidence",2026-08-23,2,"HU","quantile","0.2",0
2026-08-19,"ILI incidence",2026-08-23,2,"HU","quantile","0.25",3.41230360146158
2026-08-19,"ILI incidence",2026-08-23,2,"HU","quantile","0.3",17.8385359548045
2026-08-19,"ILI incidence",2026-08-23,2,"HU","quantile","0.35",30.632303301312
2026-08-19,"ILI incidence",2026-08-23,2,"HU","quantile","0.4",42.4878476946878
2026-08-19,"ILI incidence",2026-08-23,2,"HU","quantile","0.45",55.5787266763931
2026-08-19,"ILI incidence",2026-08-23,2,"HU","quantile","0.5",66.690200209137
2026-08-19,"ILI incidence",2026-08-23,2,"HU","quantile","0.55",78.459711195906
2026-08-19,"ILI incidence",2026-08-23,2,"HU","quantile","0.6",89.6466202023269
2026-08-19,"ILI incidence",2026-08-23,2,"HU","quantile","0.65",101.693047457313
2026-08-19,"ILI incidence",2026-08-23,2,"HU","quantile","0.7",113.807655241291
2026-08-19,"ILI incidence",2026-08-23,2,"HU","quantile","0.75",127.980135453395
2026-08-19,"ILI incidence",2026-08-23,2,"HU","quantile","0.8",143.370810351404
2026-08-19,"ILI incidence",2026-08-23,2,"HU","quantile","0.85",162.15604653746
2026-08-19,"ILI incidence",2026-08-23,2,"HU","quantile","0.9",186.091256128552
2026-08-19,"ILI incidence",2026-08-23,2,"HU","quantile","0.95",218.458005044494
2026-08-19,"ILI incidence",2026-08-23,2,"HU","quantile","0.975",248.943948758065
2026-08-19,"ILI incidence",2026-08-23,2,"HU","quantile","0.99",281.745713803681
2026-08-19,"ILI incidence",2026-08-30,3,"HU","median","",95.2438011877075
2026-08-19,"ILI incidence",2026-08-30,3,"HU","quantile","0.01",0
2026-08-19,"ILI incidence",2026-08-30,3,"HU","quantile","0.025",0
2026-08-19,"ILI incidence",2026-08-30,3,"HU","quantile","0.05",0
2026-08-19,"ILI incidence",2026-08-30,3,"HU","quantile","0.1",0
2026-08-19,"ILI incidence",2026-08-30,3,"HU","quantile","0.15",0
2026-08-19,"ILI incidence",2026-08-30,3,"HU","quantile","0.2",0
2026-08-19,"ILI incidence",2026-08-30,3,"HU","quantile","0.25",17.5578697325658
2026-08-19,"ILI incidence",2026-08-30,3,"HU","quantile","0.3",34.7727483002057
2026-08-19,"ILI incidence",2026-08-30,3,"HU","quantile","0.35",50.559606427511
2026-08-19,"ILI incidence",2026-08-30,3,"HU","quantile","0.4",66.1317767077779
2026-08-19,"ILI incidence",2026-08-30,3,"HU","quantile","0.45",81.8819277428565
2026-08-19,"ILI incidence",2026-08-30,3,"HU","quantile","0.5",96.6556450836685
2026-08-19,"ILI incidence",2026-08-30,3,"HU","quantile","0.55",111.215774990902
2026-08-19,"ILI incidence",2026-08-30,3,"HU","quantile","0.6",126.107278847745
2026-08-19,"ILI incidence",2026-08-30,3,"HU","quantile","0.65",141.979112725885
2026-08-19,"ILI incidence",2026-08-30,3,"HU","quantile","0.7",157.265889898206
2026-08-19,"ILI incidence",2026-08-30,3,"HU","quantile","0.75",173.817234640293
2026-08-19,"ILI incidence",2026-08-30,3,"HU","quantile","0.8",194.522236659549
2026-08-19,"ILI incidence",2026-08-30,3,"HU","quantile","0.85",217.80534852056
2026-08-19,"ILI incidence",2026-08-30,3,"HU","quantile","0.9",246.111856353426
2026-08-19,"ILI incidence",2026-08-30,3,"HU","quantile","0.95",290.608548932463
2026-08-19,"ILI incidence",2026-08-30,3,"HU","quantile","0.975",325.988292988016
2026-08-19,"ILI incidence",2026-08-30,3,"HU","quantile","0.99",369.718935468464
2026-08-19,"ILI incidence",2026-09-06,4,"HU","median","",130.321029539952
2026-08-19,"ILI incidence",2026-09-06,4,"HU","quantile","0.01",0
2026-08-19,"ILI incidence",2026-09-06,4,"HU","quantile","0.025",0
2026-08-19,"ILI incidence",2026-09-06,4,"HU","quantile","0.05",0
2026-08-19,"ILI incidence",2026-09-06,4,"HU","quantile","0.1",0
2026-08-19,"ILI incidence",2026-09-06,4,"HU","quantile","0.15",0
2026-08-19,"ILI incidence",2026-09-06,4,"HU","quantile","0.2",10.6907430354982
2026-08-19,"ILI incidence",2026-09-06,4,"HU","quantile","0.25",36.2229807160675
2026-08-19,"ILI incidence",2026-09-06,4,"HU","quantile","0.3",55.7501455215671
2026-08-19,"ILI incidence",2026-09-06,4,"HU","quantile","0.35",77.246896356373
2026-08-19,"ILI incidence",2026-09-06,4,"HU","quantile","0.4",96.8319845957573
2026-08-19,"ILI incidence",2026-09-06,4,"HU","quantile","0.45",116.929448128827
2026-08-19,"ILI incidence",2026-09-06,4,"HU","quantile","0.5",134.783220897975
2026-08-19,"ILI incidence",2026-09-06,4,"HU","quantile","0.55",152.178387184534
2026-08-19,"ILI incidence",2026-09-06,4,"HU","quantile","0.6",169.550758130508
2026-08-19,"ILI incidence",2026-09-06,4,"HU","quantile","0.65",187.923149901963
2026-08-19,"ILI incidence",2026-09-06,4,"HU","quantile","0.7",206.741812880629
2026-08-19,"ILI incidence",2026-09-06,4,"HU","quantile","0.75",226.470017083552
2026-08-19,"ILI incidence",2026-09-06,4,"HU","quantile","0.8",251.585864453063
2026-08-19,"ILI incidence",2026-09-06,4,"HU","quantile","0.85",279.932933511529
2026-08-19,"ILI incidence",2026-09-06,4,"HU","quantile","0.9",313.542801289377
2026-08-19,"ILI incidence",2026-09-06,4,"HU","quantile","0.95",366.025308533731
2026-08-19,"ILI incidence",2026-09-06,4,"HU","quantile","0.975",413.152901019954
2026-08-19,"ILI incidence",2026-09-06,4,"HU","quantile","0.99",460.874634174322
2026-08-19,"ILI incidence",2026-08-16,1,"IE","median","",2.4197946512581
2026-08-19,"ILI incidence",2026-08-16,1,"IE","quantile","0.01",0
2026-08-19,"ILI incidence",2026-08-16,1,"IE","quantile","0.025",0
2026-08-19,"ILI incidence",2026-08-16,1,"IE","quantile","0.05",0
2026-08-19,"ILI incidence",2026-08-16,1,"IE","quantile","0.1",0
2026-08-19,"ILI incidence",2026-08-16,1,"IE","quantile","0.15",0
2026-08-19,"ILI incidence",2026-08-16,1,"IE","quantile","0.2",0
2026-08-19,"ILI incidence",2026-08-16,1,"IE","quantile","0.25",0
2026-08-19,"ILI incidence",2026-08-16,1,"IE","quantile","0.3",0
2026-08-19,"ILI incidence",2026-08-16,1,"IE","quantile","0.35",0
2026-08-19,"ILI incidence",2026-08-16,1,"IE","quantile","0.4",0.198861872218094
2026-08-19,"ILI incidence",2026-08-16,1,"IE","quantile","0.45",1.24719491713618
2026-08-19,"ILI incidence",2026-08-16,1,"IE","quantile","0.5",2.34663779557258
2026-08-19,"ILI incidence",2026-08-16,1,"IE","quantile","0.55",3.45986964358466
2026-08-19,"ILI incidence",2026-08-16,1,"IE","quantile","0.6",4.61821690419006
2026-08-19,"ILI incidence",2026-08-16,1,"IE","quantile","0.65",5.74139828262372
2026-08-19,"ILI incidence",2026-08-16,1,"IE","quantile","0.7",6.89269437507607
2026-08-19,"ILI incidence",2026-08-16,1,"IE","quantile","0.75",8.05063920063631
2026-08-19,"ILI incidence",2026-08-16,1,"IE","quantile","0.8",9.39817324833169
2026-08-19,"ILI incidence",2026-08-16,1,"IE","quantile","0.85",10.8486197201368
2026-08-19,"ILI incidence",2026-08-16,1,"IE","quantile","0.9",12.933776582783
2026-08-19,"ILI incidence",2026-08-16,1,"IE","quantile","0.95",15.95406489627
2026-08-19,"ILI incidence",2026-08-16,1,"IE","quantile","0.975",18.9599763258675
2026-08-19,"ILI incidence",2026-08-16,1,"IE","quantile","0.99",21.7297905840679
2026-08-19,"ILI incidence",2026-08-23,2,"IE","median","",4.36805374102668
2026-08-19,"ILI incidence",2026-08-23,2,"IE","quantile","0.01",0
2026-08-19,"ILI incidence",2026-08-23,2,"IE","quantile","0.025",0
2026-08-19,"ILI incidence",2026-08-23,2,"IE","quantile","0.05",0
2026-08-19,"ILI incidence",2026-08-23,2,"IE","quantile","0.1",0
2026-08-19,"ILI incidence",2026-08-23,2,"IE","quantile","0.15",0
2026-08-19,"ILI incidence",2026-08-23,2,"IE","quantile","0.2",0
2026-08-19,"ILI incidence",2026-08-23,2,"IE","quantile","0.25",0
2026-08-19,"ILI incidence",2026-08-23,2,"IE","quantile","0.3",0
2026-08-19,"ILI incidence",2026-08-23,2,"IE","quantile","0.35",0
2026-08-19,"ILI incidence",2026-08-23,2,"IE","quantile","0.4",0.996956102325256
2026-08-19,"ILI incidence",2026-08-23,2,"IE","quantile","0.45",2.61484628928813
2026-08-19,"ILI incidence",2026-08-23,2,"IE","quantile","0.5",4.22235658898767
2026-08-19,"ILI incidence",2026-08-23,2,"IE","quantile","0.55",5.67828086324009
2026-08-19,"ILI incidence",2026-08-23,2,"IE","quantile","0.6",7.35469470735516
2026-08-19,"ILI incidence",2026-08-23,2,"IE","quantile","0.65",9.02761290230266
2026-08-19,"ILI incidence",2026-08-23,2,"IE","quantile","0.7",10.7349144477218
2026-08-19,"ILI incidence",2026-08-23,2,"IE","quantile","0.75",12.6206621164522
2026-08-19,"ILI incidence",2026-08-23,2,"IE","quantile","0.8",14.5662914568067
2026-08-19,"ILI incidence",2026-08-23,2,"IE","quantile","0.85",16.9784214220571
2026-08-19,"ILI incidence",2026-08-23,2,"IE","quantile","0.9",19.92850953733
2026-08-19,"ILI incidence",2026-08-23,2,"IE","quantile","0.95",24.4795410205773
2026-08-19,"ILI incidence",2026-08-23,2,"IE","quantile","0.975",28.3734870278668
2026-08-19,"ILI incidence",2026-08-23,2,"IE","quantile","0.99",32.6651847067846
2026-08-19,"ILI incidence",2026-08-30,3,"IE","median","",6.16642914057702
2026-08-19,"ILI incidence",2026-08-30,3,"IE","quantile","0.01",0
2026-08-19,"ILI incidence",2026-08-30,3,"IE","quantile","0.025",0
2026-08-19,"ILI incidence",2026-08-30,3,"IE","quantile","0.05",0
2026-08-19,"ILI incidence",2026-08-30,3,"IE","quantile","0.1",0
2026-08-19,"ILI incidence",2026-08-30,3,"IE","quantile","0.15",0
2026-08-19,"ILI incidence",2026-08-30,3,"IE","quantile","0.2",0
2026-08-19,"ILI incidence",2026-08-30,3,"IE","quantile","0.25",0
2026-08-19,"ILI incidence",2026-08-30,3,"IE","quantile","0.3",0
2026-08-19,"ILI incidence",2026-08-30,3,"IE","quantile","0.35",0.260257206434603
2026-08-19,"ILI incidence",2026-08-30,3,"IE","quantile","0.4",2.12859029502945
2026-08-19,"ILI incidence",2026-08-30,3,"IE","quantile","0.45",4.03338384787798
2026-08-19,"ILI incidence",2026-08-30,3,"IE","quantile","0.5",5.98632253747758
2026-08-19,"ILI incidence",2026-08-30,3,"IE","quantile","0.55",7.90729946885717
2026-08-19,"ILI incidence",2026-08-30,3,"IE","quantile","0.6",9.95344435349863
2026-08-19,"ILI incidence",2026-08-30,3,"IE","quantile","0.65",11.9046344240507
2026-08-19,"ILI incidence",2026-08-30,3,"IE","quantile","0.7",13.8271773558079
2026-08-19,"ILI incidence",2026-08-30,3,"IE","quantile","0.75",16.2767194677828
2026-08-19,"ILI incidence",2026-08-30,3,"IE","quantile","0.8",18.776787989467
2026-08-19,"ILI incidence",2026-08-30,3,"IE","quantile","0.85",21.5653177205556
2026-08-19,"ILI incidence",2026-08-30,3,"IE","quantile","0.9",25.0931594097636
2026-08-19,"ILI incidence",2026-08-30,3,"IE","quantile","0.95",30.4911008821603
2026-08-19,"ILI incidence",2026-08-30,3,"IE","quantile","0.975",34.9264869995826
2026-08-19,"ILI incidence",2026-08-30,3,"IE","quantile","0.99",40.613726127682
2026-08-19,"ILI incidence",2026-09-06,4,"IE","median","",7.8631610294026
2026-08-19,"ILI incidence",2026-09-06,4,"IE","quantile","0.01",0
2026-08-19,"ILI incidence",2026-09-06,4,"IE","quantile","0.025",0
2026-08-19,"ILI incidence",2026-09-06,4,"IE","quantile","0.05",0
2026-08-19,"ILI incidence",2026-09-06,4,"IE","quantile","0.1",0
2026-08-19,"ILI incidence",2026-09-06,4,"IE","quantile","0.15",0
2026-08-19,"ILI incidence",2026-09-06,4,"IE","quantile","0.2",0
2026-08-19,"ILI incidence",2026-09-06,4,"IE","quantile","0.25",0
2026-08-19,"ILI incidence",2026-09-06,4,"IE","quantile","0.3",0
2026-08-19,"ILI incidence",2026-09-06,4,"IE","quantile","0.35",1.16373003068336
2026-08-19,"ILI incidence",2026-09-06,4,"IE","quantile","0.4",3.47089341669831
2026-08-19,"ILI incidence",2026-09-06,4,"IE","quantile","0.45",5.44669002945159
2026-08-19,"ILI incidence",2026-09-06,4,"IE","quantile","0.5",7.570189000687
2026-08-19,"ILI incidence",2026-09-06,4,"IE","quantile","0.55",9.7596389643587
2026-08-19,"ILI incidence",2026-09-06,4,"IE","quantile","0.6",11.8129006949853
2026-08-19,"ILI incidence",2026-09-06,4,"IE","quantile","0.65",14.15616890453
2026-08-19,"ILI incidence",2026-09-06,4,"IE","quantile","0.7",16.6313792425995
2026-08-19,"ILI incidence",2026-09-06,4,"IE","quantile","0.75",19.3651383416745
2026-08-19,"ILI incidence",2026-09-06,4,"IE","quantile","0.8",22.1493707683179
2026-08-19,"ILI incidence",2026-09-06,4,"IE","quantile","0.85",25.2974413139127
2026-08-19,"ILI incidence",2026-09-06,4,"IE","quantile","0.9",29.5080004335647
2026-08-19,"ILI incidence",2026-09-06,4,"IE","quantile","0.95",35.1538274897401
2026-08-19,"ILI incidence",2026-09-06,4,"IE","quantile","0.975",40.9217226285931
2026-08-19,"ILI incidence",2026-09-06,4,"IE","quantile","0.99",47.6496696230502
2026-08-19,"ILI incidence",2026-08-16,1,"IS","median","",0.932625245838776
2026-08-19,"ILI incidence",2026-08-16,1,"IS","quantile","0.01",0
2026-08-19,"ILI incidence",2026-08-16,1,"IS","quantile","0.025",0
2026-08-19,"ILI incidence",2026-08-16,1,"IS","quantile","0.05",0
2026-08-19,"ILI incidence",2026-08-16,1,"IS","quantile","0.1",0
2026-08-19,"ILI incidence",2026-08-16,1,"IS","quantile","0.15",0
2026-08-19,"ILI incidence",2026-08-16,1,"IS","quantile","0.2",0
2026-08-19,"ILI incidence",2026-08-16,1,"IS","quantile","0.25",0
2026-08-19,"ILI incidence",2026-08-16,1,"IS","quantile","0.3",0
2026-08-19,"ILI incidence",2026-08-16,1,"IS","quantile","0.35",0
2026-08-19,"ILI incidence",2026-08-16,1,"IS","quantile","0.4",0.150098661235281
2026-08-19,"ILI incidence",2026-08-16,1,"IS","quantile","0.45",0.537576096120433
2026-08-19,"ILI incidence",2026-08-16,1,"IS","quantile","0.5",0.912365127732129
2026-08-19,"ILI incidence",2026-08-16,1,"IS","quantile","0.55",1.26865088231943
2026-08-19,"ILI incidence",2026-08-16,1,"IS","quantile","0.6",1.66948467422824
2026-08-19,"ILI incidence",2026-08-16,1,"IS","quantile","0.65",2.06975654591514
2026-08-19,"ILI incidence",2026-08-16,1,"IS","quantile","0.7",2.46569252806239
2026-08-19,"ILI incidence",2026-08-16,1,"IS","quantile","0.75",2.91385516649943
2026-08-19,"ILI incidence",2026-08-16,1,"IS","quantile","0.8",3.39233399083129
2026-08-19,"ILI incidence",2026-08-16,1,"IS","quantile","0.85",3.99854463678864
2026-08-19,"ILI incidence",2026-08-16,1,"IS","quantile","0.9",4.73882485257051
2026-08-19,"ILI incidence",2026-08-16,1,"IS","quantile","0.95",5.8853729939291
2026-08-19,"ILI incidence",2026-08-16,1,"IS","quantile","0.975",6.7812684201905
2026-08-19,"ILI incidence",2026-08-16,1,"IS","quantile","0.99",7.76871863161782
2026-08-19,"ILI incidence",2026-08-23,2,"IS","median","",1.54085988628698
2026-08-19,"ILI incidence",2026-08-23,2,"IS","quantile","0.01",0
2026-08-19,"ILI incidence",2026-08-23,2,"IS","quantile","0.025",0
2026-08-19,"ILI incidence",2026-08-23,2,"IS","quantile","0.05",0
2026-08-19,"ILI incidence",2026-08-23,2,"IS","quantile","0.1",0
2026-08-19,"ILI incidence",2026-08-23,2,"IS","quantile","0.15",0
2026-08-19,"ILI incidence",2026-08-23,2,"IS","quantile","0.2",0
2026-08-19,"ILI incidence",2026-08-23,2,"IS","quantile","0.25",0
2026-08-19,"ILI incidence",2026-08-23,2,"IS","quantile","0.3",0
2026-08-19,"ILI incidence",2026-08-23,2,"IS","quantile","0.35",0
2026-08-19,"ILI incidence",2026-08-23,2,"IS","quantile","0.4",0.470608332184146
2026-08-19,"ILI incidence",2026-08-23,2,"IS","quantile","0.45",0.974567962984725
2026-08-19,"ILI incidence",2026-08-23,2,"IS","quantile","0.5",1.49092631051377
2026-08-19,"ILI incidence",2026-08-23,2,"IS","quantile","0.55",1.97748973158683
2026-08-19,"ILI incidence",2026-08-23,2,"IS","quantile","0.6",2.45118922089109
2026-08-19,"ILI incidence",2026-08-23,2,"IS","quantile","0.65",2.9877203379642
2026-08-19,"ILI incidence",2026-08-23,2,"IS","quantile","0.7",3.57805218776506
2026-08-19,"ILI incidence",2026-08-23,2,"IS","quantile","0.75",4.20842142965316
2026-08-19,"ILI incidence",2026-08-23,2,"IS","quantile","0.8",4.90531815891634
2026-08-19,"ILI incidence",2026-08-23,2,"IS","quantile","0.85",5.73538655321806
2026-08-19,"ILI incidence",2026-08-23,2,"IS","quantile","0.9",6.74322773359136
2026-08-19,"ILI incidence",2026-08-23,2,"IS","quantile","0.95",8.19553446423035
2026-08-19,"ILI incidence",2026-08-23,2,"IS","quantile","0.975",9.56283844799534
2026-08-19,"ILI incidence",2026-08-23,2,"IS","quantile","0.99",11.1414469804871
2026-08-19,"ILI incidence",2026-08-30,3,"IS","median","",2.20046792885022
2026-08-19,"ILI incidence",2026-08-30,3,"IS","quantile","0.01",0
2026-08-19,"ILI incidence",2026-08-30,3,"IS","quantile","0.025",0
2026-08-19,"ILI incidence",2026-08-30,3,"IS","quantile","0.05",0
2026-08-19,"ILI incidence",2026-08-30,3,"IS","quantile","0.1",0
2026-08-19,"ILI incidence",2026-08-30,3,"IS","quantile","0.15",0
2026-08-19,"ILI incidence",2026-08-30,3,"IS","quantile","0.2",0
2026-08-19,"ILI incidence",2026-08-30,3,"IS","quantile","0.25",0
2026-08-19,"ILI incidence",2026-08-30,3,"IS","quantile","0.3",0
2026-08-19,"ILI incidence",2026-08-30,3,"IS","quantile","0.35",0.297364383482226
2026-08-19,"ILI incidence",2026-08-30,3,"IS","quantile","0.4",0.943304906136714
2026-08-19,"ILI incidence",2026-08-30,3,"IS","quantile","0.45",1.59236395263372
2026-08-19,"ILI incidence",2026-08-30,3,"IS","quantile","0.5",2.17660317720455
2026-08-19,"ILI incidence",2026-08-30,3,"IS","quantile","0.55",2.8418302125957
2026-08-19,"ILI incidence",2026-08-30,3,"IS","quantile","0.6",3.48943291933611
2026-08-19,"ILI incidence",2026-08-30,3,"IS","quantile","0.65",4.13118868266474
2026-08-19,"ILI incidence",2026-08-30,3,"IS","quantile","0.7",4.81012274466041
2026-08-19,"ILI incidence",2026-08-30,3,"IS","quantile","0.75",5.4929910466125
2026-08-19,"ILI incidence",2026-08-30,3,"IS","quantile","0.8",6.31933443828115
2026-08-19,"ILI incidence",2026-08-30,3,"IS","quantile","0.85",7.30158533112438
2026-08-19,"ILI incidence",2026-08-30,3,"IS","quantile","0.9",8.51708058736035
2026-08-19,"ILI incidence",2026-08-30,3,"IS","quantile","0.95",10.2812589809835
2026-08-19,"ILI incidence",2026-08-30,3,"IS","quantile","0.975",11.8569273707652
2026-08-19,"ILI incidence",2026-08-30,3,"IS","quantile","0.99",13.7105107899034
2026-08-19,"ILI incidence",2026-09-06,4,"IS","median","",2.80059750361489
2026-08-19,"ILI incidence",2026-09-06,4,"IS","quantile","0.01",0
2026-08-19,"ILI incidence",2026-09-06,4,"IS","quantile","0.025",0
2026-08-19,"ILI incidence",2026-09-06,4,"IS","quantile","0.05",0
2026-08-19,"ILI incidence",2026-09-06,4,"IS","quantile","0.1",0
2026-08-19,"ILI incidence",2026-09-06,4,"IS","quantile","0.15",0
2026-08-19,"ILI incidence",2026-09-06,4,"IS","quantile","0.2",0
2026-08-19,"ILI incidence",2026-09-06,4,"IS","quantile","0.25",0
2026-08-19,"ILI incidence",2026-09-06,4,"IS","quantile","0.3",0
2026-08-19,"ILI incidence",2026-09-06,4,"IS","quantile","0.35",0.621764477993743
2026-08-19,"ILI incidence",2026-09-06,4,"IS","quantile","0.4",1.31779562028112
2026-08-19,"ILI incidence",2026-09-06,4,"IS","quantile","0.45",2.03784754141284
2026-08-19,"ILI incidence",2026-09-06,4,"IS","quantile","0.5",2.76030741702876
2026-08-19,"ILI incidence",2026-09-06,4,"IS","quantile","0.55",3.41942355274183
2026-08-19,"ILI incidence",2026-09-06,4,"IS","quantile","0.6",4.12454547235558
2026-08-19,"ILI incidence",2026-09-06,4,"IS","quantile","0.65",4.89546794392035
2026-08-19,"ILI incidence",2026-09-06,4,"IS","quantile","0.7",5.65028953889295
2026-08-19,"ILI incidence",2026-09-06,4,"IS","quantile","0.75",6.47614972124217
2026-08-19,"ILI incidence",2026-09-06,4,"IS","quantile","0.8",7.46948730594202
2026-08-19,"ILI incidence",2026-09-06,4,"IS","quantile","0.85",8.58167533196343
2026-08-19,"ILI incidence",2026-09-06,4,"IS","quantile","0.9",9.97704098719866
2026-08-19,"ILI incidence",2026-09-06,4,"IS","quantile","0.95",12.0654850712663
2026-08-19,"ILI incidence",2026-09-06,4,"IS","quantile","0.975",13.7961117768366
2026-08-19,"ILI incidence",2026-09-06,4,"IS","quantile","0.99",15.9994448018966
2026-08-19,"ILI incidence",2026-08-16,1,"LU","median","",530.169025549335
2026-08-19,"ILI incidence",2026-08-16,1,"LU","quantile","0.01",0
2026-08-19,"ILI incidence",2026-08-16,1,"LU","quantile","0.025",0
2026-08-19,"ILI incidence",2026-08-16,1,"LU","quantile","0.05",0
2026-08-19,"ILI incidence",2026-08-16,1,"LU","quantile","0.1",0
2026-08-19,"ILI incidence",2026-08-16,1,"LU","quantile","0.15",0
2026-08-19,"ILI incidence",2026-08-16,1,"LU","quantile","0.2",0
2026-08-19,"ILI incidence",2026-08-16,1,"LU","quantile","0.25",0
2026-08-19,"ILI incidence",2026-08-16,1,"LU","quantile","0.3",0
2026-08-19,"ILI incidence",2026-08-16,1,"LU","quantile","0.35",0
2026-08-19,"ILI incidence",2026-08-16,1,"LU","quantile","0.4",0
2026-08-19,"ILI incidence",2026-08-16,1,"LU","quantile","0.45",259.748413123491
2026-08-19,"ILI incidence",2026-08-16,1,"LU","quantile","0.5",516.56032618596
2026-08-19,"ILI incidence",2026-08-16,1,"LU","quantile","0.55",803.486553971589
2026-08-19,"ILI incidence",2026-08-16,1,"LU","quantile","0.6",1086.93453379729
2026-08-19,"ILI incidence",2026-08-16,1,"LU","quantile","0.65",1381.25743499309
2026-08-19,"ILI incidence",2026-08-16,1,"LU","quantile","0.7",1692.35698514291
2026-08-19,"ILI incidence",2026-08-16,1,"LU","quantile","0.75",2028.04932629183
2026-08-19,"ILI incidence",2026-08-16,1,"LU","quantile","0.8",2417.1750124702
2026-08-19,"ILI incidence",2026-08-16,1,"LU","quantile","0.85",2879.25319533859
2026-08-19,"ILI incidence",2026-08-16,1,"LU","quantile","0.9",3412.38390672367
2026-08-19,"ILI incidence",2026-08-16,1,"LU","quantile","0.95",4218.39685549578
2026-08-19,"ILI incidence",2026-08-16,1,"LU","quantile","0.975",5002.06040966733
2026-08-19,"ILI incidence",2026-08-16,1,"LU","quantile","0.99",5922.53980893622
2026-08-19,"ILI incidence",2026-08-23,2,"LU","median","",994.518466686402
2026-08-19,"ILI incidence",2026-08-23,2,"LU","quantile","0.01",0
2026-08-19,"ILI incidence",2026-08-23,2,"LU","quantile","0.025",0
2026-08-19,"ILI incidence",2026-08-23,2,"LU","quantile","0.05",0
2026-08-19,"ILI incidence",2026-08-23,2,"LU","quantile","0.1",0
2026-08-19,"ILI incidence",2026-08-23,2,"LU","quantile","0.15",0
2026-08-19,"ILI incidence",2026-08-23,2,"LU","quantile","0.2",0
2026-08-19,"ILI incidence",2026-08-23,2,"LU","quantile","0.25",0
2026-08-19,"ILI incidence",2026-08-23,2,"LU","quantile","0.3",0
2026-08-19,"ILI incidence",2026-08-23,2,"LU","quantile","0.35",0
2026-08-19,"ILI incidence",2026-08-23,2,"LU","quantile","0.4",310.245932951894
2026-08-19,"ILI incidence",2026-08-23,2,"LU","quantile","0.45",637.479573521016
2026-08-19,"ILI incidence",2026-08-23,2,"LU","quantile","0.5",962.482230188535
2026-08-19,"ILI incidence",2026-08-23,2,"LU","quantile","0.55",1303.16961678565
2026-08-19,"ILI incidence",2026-08-23,2,"LU","quantile","0.6",1632.9199186294
2026-08-19,"ILI incidence",2026-08-23,2,"LU","quantile","0.65",1964.46429997426
2026-08-19,"ILI incidence",2026-08-23,2,"LU","quantile","0.7",2326.7444244489
2026-08-19,"ILI incidence",2026-08-23,2,"LU","quantile","0.75",2711.83131156074
2026-08-19,"ILI incidence",2026-08-23,2,"LU","quantile","0.8",3171.06294983458
2026-08-19,"ILI incidence",2026-08-23,2,"LU","quantile","0.85",3639.21856225641
2026-08-19,"ILI incidence",2026-08-23,2,"LU","quantile","0.9",4267.28014797745
2026-08-19,"ILI incidence",2026-08-23,2,"LU","quantile","0.95",5182.68256951861
2026-08-19,"ILI incidence",2026-08-23,2,"LU","quantile","0.975",6032.02091271336
2026-08-19,"ILI incidence",2026-08-23,2,"LU","quantile","0.99",7084.22926078383
2026-08-19,"ILI incidence",2026-08-30,3,"LU","median","",1448.14566650662
2026-08-19,"ILI incidence",2026-08-30,3,"LU","quantile","0.01",0
2026-08-19,"ILI incidence",2026-08-30,3,"LU","quantile","0.025",0
2026-08-19,"ILI incidence",2026-08-30,3,"LU","quantile","0.05",0
2026-08-19,"ILI incidence",2026-08-30,3,"LU","quantile","0.1",0
2026-08-19,"ILI incidence",2026-08-30,3,"LU","quantile","0.15",0
2026-08-19,"ILI incidence",2026-08-30,3,"LU","quantile","0.2",0
2026-08-19,"ILI incidence",2026-08-30,3,"LU","quantile","0.25",0
2026-08-19,"ILI incidence",2026-08-30,3,"LU","quantile","0.3",0
2026-08-19,"ILI incidence",2026-08-30,3,"LU","quantile","0.35",262.57781368005
2026-08-19,"ILI incidence",2026-08-30,3,"LU","quantile","0.4",650.490425322525
2026-08-19,"ILI incidence",2026-08-30,3,"LU","quantile","0.45",1058.06215077003
2026-08-19,"ILI incidence",2026-08-30,3,"LU","quantile","0.5",1449.41116713038
2026-08-19,"ILI incidence",2026-08-30,3,"LU","quantile","0.55",1842.30777455482
2026-08-19,"ILI incidence",2026-08-30,3,"LU","quantile","0.6",2238.68468357468
2026-08-19,"ILI incidence",2026-08-30,3,"LU","quantile","0.65",2653.83920718867
2026-08-19,"ILI incidence",2026-08-30,3,"LU","quantile","0.7",3060.199738887
2026-08-19,"ILI incidence",2026-08-30,3,"LU","quantile","0.75",3530.83752178272
2026-08-19,"ILI incidence",2026-08-30,3,"LU","quantile","0.8",4007.57006129857
2026-08-19,"ILI incidence",2026-08-30,3,"LU","quantile","0.85",4589.71762121578
2026-08-19,"ILI incidence",2026-08-30,3,"LU","quantile","0.9",5342.75687391219
2026-08-19,"ILI incidence",2026-08-30,3,"LU","quantile","0.95",6403.37316568655
2026-08-19,"ILI incidence",2026-08-30,3,"LU","quantile","0.975",7424.21931864326
2026-08-19,"ILI incidence",2026-08-30,3,"LU","quantile","0.99",8451.48612601199
2026-08-19,"ILI incidence",2026-09-06,4,"LU","median","",1819.09119785098
2026-08-19,"ILI incidence",2026-09-06,4,"LU","quantile","0.01",0
2026-08-19,"ILI incidence",2026-09-06,4,"LU","quantile","0.025",0
2026-08-19,"ILI incidence",2026-09-06,4,"LU","quantile","0.05",0
2026-08-19,"ILI incidence",2026-09-06,4,"LU","quantile","0.1",0
2026-08-19,"ILI incidence",2026-09-06,4,"LU","quantile","0.15",0
2026-08-19,"ILI incidence",2026-09-06,4,"LU","quantile","0.2",0
2026-08-19,"ILI incidence",2026-09-06,4,"LU","quantile","0.25",0
2026-08-19,"ILI incidence",2026-09-06,4,"LU","quantile","0.3",76.4182121684696
2026-08-19,"ILI incidence",2026-09-06,4,"LU","quantile","0.35",528.66921985752
2026-08-19,"ILI incidence",2026-09-06,4,"LU","quantile","0.4",988.648743508673
2026-08-19,"ILI incidence",2026-09-06,4,"LU","quantile","0.45",1395.58883726289
2026-08-19,"ILI incidence",2026-09-06,4,"LU","quantile","0.5",1801.12574942343
2026-08-19,"ILI incidence",2026-09-06,4,"LU","quantile","0.55",2195.36392139563
2026-08-19,"ILI incidence",2026-09-06,4,"LU","quantile","0.6",2610.37548564349
2026-08-19,"ILI incidence",2026-09-06,4,"LU","quantile","0.65",3036.57873195917
2026-08-19,"ILI incidence",2026-09-06,4,"LU","quantile","0.7",3473.33026573456
2026-08-19,"ILI incidence",2026-09-06,4,"LU","quantile","0.75",3978.71646661025
2026-08-19,"ILI incidence",2026-09-06,4,"LU","quantile","0.8",4522.83637897135
2026-08-19,"ILI incidence",2026-09-06,4,"LU","quantile","0.85",5166.54156322584
2026-08-19,"ILI incidence",2026-09-06,4,"LU","quantile","0.9",6001.56076234115
2026-08-19,"ILI incidence",2026-09-06,4,"LU","quantile","0.95",7146.53413288933
2026-08-19,"ILI incidence",2026-09-06,4,"LU","quantile","0.975",8118.73009276879
2026-08-19,"ILI incidence",2026-09-06,4,"LU","quantile","0.99",9371.04430146188
2026-08-19,"ILI incidence",2026-08-16,1,"MT","median","",4225.34159289099
2026-08-19,"ILI incidence",2026-08-16,1,"MT","quantile","0.01",643.807238307375
2026-08-19,"ILI incidence",2026-08-16,1,"MT","quantile","0.025",1177.38736567482
2026-08-19,"ILI incidence",2026-08-16,1,"MT","quantile","0.05",1644.70935054701
2026-08-19,"ILI incidence",2026-08-16,1,"MT","quantile","0.1",2248.7926141909
2026-08-19,"ILI incidence",2026-08-16,1,"MT","quantile","0.15",2614.70140748551
2026-08-19,"ILI incidence",2026-08-16,1,"MT","quantile","0.2",2915.64814600053
2026-08-19,"ILI incidence",2026-08-16,1,"MT","quantile","0.25",3180.31573006169
2026-08-19,"ILI incidence",2026-08-16,1,"MT","quantile","0.3",3417.14260421374
2026-08-19,"ILI incidence",2026-08-16,1,"MT","quantile","0.35",3615.12191367321
2026-08-19,"ILI incidence",2026-08-16,1,"MT","quantile","0.4",3804.53765180961
2026-08-19,"ILI incidence",2026-08-16,1,"MT","quantile","0.45",4020.11324568556
2026-08-19,"ILI incidence",2026-08-16,1,"MT","quantile","0.5",4202.87013279514
2026-08-19,"ILI incidence",2026-08-16,1,"MT","quantile","0.55",4391.13663953047
2026-08-19,"ILI incidence",2026-08-16,1,"MT","quantile","0.6",4582.02435286218
2026-08-19,"ILI incidence",2026-08-16,1,"MT","quantile","0.65",4798.49492304643
2026-08-19,"ILI incidence",2026-08-16,1,"MT","quantile","0.7",5025.21710646578
2026-08-19,"ILI incidence",2026-08-16,1,"MT","quantile","0.75",5254.53755131025
2026-08-19,"ILI incidence",2026-08-16,1,"MT","quantile","0.8",5541.5153067512
2026-08-19,"ILI incidence",2026-08-16,1,"MT","quantile","0.85",5851.95716137519
2026-08-19,"ILI incidence",2026-08-16,1,"MT","quantile","0.9",6230.64406255393
2026-08-19,"ILI incidence",2026-08-16,1,"MT","quantile","0.95",6779.22689616142
2026-08-19,"ILI incidence",2026-08-16,1,"MT","quantile","0.975",7275.28666804462
2026-08-19,"ILI incidence",2026-08-16,1,"MT","quantile","0.99",7870.6540868403
2026-08-19,"ILI incidence",2026-08-23,2,"MT","median","",4180.8947299624
2026-08-19,"ILI incidence",2026-08-23,2,"MT","quantile","0.01",0
2026-08-19,"ILI incidence",2026-08-23,2,"MT","quantile","0.025",646.383900203003
2026-08-19,"ILI incidence",2026-08-23,2,"MT","quantile","0.05",1213.35127900055
2026-08-19,"ILI incidence",2026-08-23,2,"MT","quantile","0.1",1830.53715485715
2026-08-19,"ILI incidence",2026-08-23,2,"MT","quantile","0.15",2265.93624219385
2026-08-19,"ILI incidence",2026-08-23,2,"MT","quantile","0.2",2632.12206376343
2026-08-19,"ILI incidence",2026-08-23,2,"MT","quantile","0.25",2921.74393932226
2026-08-19,"ILI incidence",2026-08-23,2,"MT","quantile","0.3",3201.22846563255
2026-08-19,"ILI incidence",2026-08-23,2,"MT","quantile","0.35",3456.10962385761
2026-08-19,"ILI incidence",2026-08-23,2,"MT","quantile","0.4",3685.65335173814
2026-08-19,"ILI incidence",2026-08-23,2,"MT","quantile","0.45",3922.62341342895
2026-08-19,"ILI incidence",2026-08-23,2,"MT","quantile","0.5",4177.74749369766
2026-08-19,"ILI incidence",2026-08-23,2,"MT","quantile","0.55",4398.91542491957
2026-08-19,"ILI incidence",2026-08-23,2,"MT","quantile","0.6",4618.72398649463
2026-08-19,"ILI incidence",2026-08-23,2,"MT","quantile","0.65",4836.18625882798
2026-08-19,"ILI incidence",2026-08-23,2,"MT","quantile","0.7",5108.12646312646
2026-08-19,"ILI incidence",2026-08-23,2,"MT","quantile","0.75",5399.55697918152
2026-08-19,"ILI incidence",2026-08-23,2,"MT","quantile","0.8",5717.5388654518
2026-08-19,"ILI incidence",2026-08-23,2,"MT","quantile","0.85",6088.75827417317
2026-08-19,"ILI incidence",2026-08-23,2,"MT","quantile","0.9",6514.07054880552
2026-08-19,"ILI incidence",2026-08-23,2,"MT","quantile","0.95",7142.92220186093
2026-08-19,"ILI incidence",2026-08-23,2,"MT","quantile","0.975",7640.8297235058
2026-08-19,"ILI incidence",2026-08-23,2,"MT","quantile","0.99",8371.88175227929
2026-08-19,"ILI incidence",2026-08-30,3,"MT","median","",4838.90772357213
2026-08-19,"ILI incidence",2026-08-30,3,"MT","quantile","0.01",93.897140879626
2026-08-19,"ILI incidence",2026-08-30,3,"MT","quantile","0.025",759.50150707542
2026-08-19,"ILI incidence",2026-08-30,3,"MT","quantile","0.05",1477.40281344581
2026-08-19,"ILI incidence",2026-08-30,3,"MT","quantile","0.1",2233.9637063682
2026-08-19,"ILI incidence",2026-08-30,3,"MT","quantile","0.15",2731.12766046412
2026-08-19,"ILI incidence",2026-08-30,3,"MT","quantile","0.2",3117.41191647538
2026-08-19,"ILI incidence",2026-08-30,3,"MT","quantile","0.25",3444.11247837453
2026-08-19,"ILI incidence",2026-08-30,3,"MT","quantile","0.3",3753.28866217765
2026-08-19,"ILI incidence",2026-08-30,3,"MT","quantile","0.35",4013.24364328047
2026-08-19,"ILI incidence",2026-08-30,3,"MT","quantile","0.4",4280.14694714087
2026-08-19,"ILI incidence",2026-08-30,3,"MT","quantile","0.45",4543.54140120616
2026-08-19,"ILI incidence",2026-08-30,3,"MT","quantile","0.5",4804.47928269281
2026-08-19,"ILI incidence",2026-08-30,3,"MT","quantile","0.55",5066.31134586681
2026-08-19,"ILI incidence",2026-08-30,3,"MT","quantile","0.6",5308.74243351562
2026-08-19,"ILI incidence",2026-08-30,3,"MT","quantile","0.65",5600.42277689898
2026-08-19,"ILI incidence",2026-08-30,3,"MT","quantile","0.7",5901.94589197607
2026-08-19,"ILI incidence",2026-08-30,3,"MT","quantile","0.75",6208.05135278135
2026-08-19,"ILI incidence",2026-08-30,3,"MT","quantile","0.8",6569.22880863365
2026-08-19,"ILI incidence",2026-08-30,3,"MT","quantile","0.85",6935.00918895435
2026-08-19,"ILI incidence",2026-08-30,3,"MT","quantile","0.9",7423.23826306677
2026-08-19,"ILI incidence",2026-08-30,3,"MT","quantile","0.95",8127.96120310192
2026-08-19,"ILI incidence",2026-08-30,3,"MT","quantile","0.975",8786.41100385261
2026-08-19,"ILI incidence",2026-08-30,3,"MT","quantile","0.99",9435.83581437229
2026-08-19,"ILI incidence",2026-09-06,4,"MT","median","",4586.48378392943
2026-08-19,"ILI incidence",2026-09-06,4,"MT","quantile","0.01",0
2026-08-19,"ILI incidence",2026-09-06,4,"MT","quantile","0.025",132.636007573227
2026-08-19,"ILI incidence",2026-09-06,4,"MT","quantile","0.05",844.130538710716
2026-08-19,"ILI incidence",2026-09-06,4,"MT","quantile","0.1",1642.72217328364
2026-08-19,"ILI incidence",2026-09-06,4,"MT","quantile","0.15",2200.89894634686
2026-08-19,"ILI incidence",2026-09-06,4,"MT","quantile","0.2",2630.34841092874
2026-08-19,"ILI incidence",2026-09-06,4,"MT","quantile","0.25",3037.46383274956
2026-08-19,"ILI incidence",2026-09-06,4,"MT","quantile","0.3",3373.53517968579
2026-08-19,"ILI incidence",2026-09-06,4,"MT","quantile","0.35",3679.69751645256
2026-08-19,"ILI incidence",2026-09-06,4,"MT","quantile","0.4",3999.58287073235
2026-08-19,"ILI incidence",2026-09-06,4,"MT","quantile","0.45",4270.81318572679
2026-08-19,"ILI incidence",2026-09-06,4,"MT","quantile","0.5",4541.34763924699
2026-08-19,"ILI incidence",2026-09-06,4,"MT","quantile","0.55",4856.33478781927
2026-08-19,"ILI incidence",2026-09-06,4,"MT","quantile","0.6",5126.31524725404
2026-08-19,"ILI incidence",2026-09-06,4,"MT","quantile","0.65",5414.96505919169
2026-08-19,"ILI incidence",2026-09-06,4,"MT","quantile","0.7",5749.96096878512
2026-08-19,"ILI incidence",2026-09-06,4,"MT","quantile","0.75",6114.24462812677
2026-08-19,"ILI incidence",2026-09-06,4,"MT","quantile","0.8",6499.99306235647
2026-08-19,"ILI incidence",2026-09-06,4,"MT","quantile","0.85",6911.17486475184
2026-08-19,"ILI incidence",2026-09-06,4,"MT","quantile","0.9",7474.43494177796
2026-08-19,"ILI incidence",2026-09-06,4,"MT","quantile","0.95",8271.2403495386
2026-08-19,"ILI incidence",2026-09-06,4,"MT","quantile","0.975",8975.7333940209
2026-08-19,"ILI incidence",2026-09-06,4,"MT","quantile","0.99",9783.42166919498
2026-08-19,"ILI incidence",2026-08-16,1,"NO","median","",10.074012689726
2026-08-19,"ILI incidence",2026-08-16,1,"NO","quantile","0.01",0
2026-08-19,"ILI incidence",2026-08-16,1,"NO","quantile","0.025",0
2026-08-19,"ILI incidence",2026-08-16,1,"NO","quantile","0.05",0
2026-08-19,"ILI incidence",2026-08-16,1,"NO","quantile","0.1",0
2026-08-19,"ILI incidence",2026-08-16,1,"NO","quantile","0.15",0
2026-08-19,"ILI incidence",2026-08-16,1,"NO","quantile","0.2",0
2026-08-19,"ILI incidence",2026-08-16,1,"NO","quantile","0.25",0.539838338180008
2026-08-19,"ILI incidence",2026-08-16,1,"NO","quantile","0.3",2.70617060059482
2026-08-19,"ILI incidence",2026-08-16,1,"NO","quantile","0.35",4.53520093666241
2026-08-19,"ILI incidence",2026-08-16,1,"NO","quantile","0.4",6.271718083606
2026-08-19,"ILI incidence",2026-08-16,1,"NO","quantile","0.45",8.01089005249761
2026-08-19,"ILI incidence",2026-08-16,1,"NO","quantile","0.5",9.77923901761695
2026-08-19,"ILI incidence",2026-08-16,1,"NO","quantile","0.55",11.5088830585876
2026-08-19,"ILI incidence",2026-08-16,1,"NO","quantile","0.6",13.4388330291053
2026-08-19,"ILI incidence",2026-08-16,1,"NO","quantile","0.65",15.3562641147455
2026-08-19,"ILI incidence",2026-08-16,1,"NO","quantile","0.7",17.3218549296012
2026-08-19,"ILI incidence",2026-08-16,1,"NO","quantile","0.75",19.5757962721939
2026-08-19,"ILI incidence",2026-08-16,1,"NO","quantile","0.8",21.9504142329258
2026-08-19,"ILI incidence",2026-08-16,1,"NO","quantile","0.85",24.6439007555806
2026-08-19,"ILI incidence",2026-08-16,1,"NO","quantile","0.9",28.2509722857707
2026-08-19,"ILI incidence",2026-08-16,1,"NO","quantile","0.95",33.222449812842
2026-08-19,"ILI incidence",2026-08-16,1,"NO","quantile","0.975",37.6842722448566
2026-08-19,"ILI incidence",2026-08-16,1,"NO","quantile","0.99",43.4598178874031
2026-08-19,"ILI incidence",2026-08-23,2,"NO","median","",13.2919898910682
2026-08-19,"ILI incidence",2026-08-23,2,"NO","quantile","0.01",0
2026-08-19,"ILI incidence",2026-08-23,2,"NO","quantile","0.025",0
2026-08-19,"ILI incidence",2026-08-23,2,"NO","quantile","0.05",0
2026-08-19,"ILI incidence",2026-08-23,2,"NO","quantile","0.1",0
2026-08-19,"ILI incidence",2026-08-23,2,"NO","quantile","0.15",0
2026-08-19,"ILI incidence",2026-08-23,2,"NO","quantile","0.2",0
2026-08-19,"ILI incidence",2026-08-23,2,"NO","quantile","0.25",0.420837179372207
2026-08-19,"ILI incidence",2026-08-23,2,"NO","quantile","0.3",3.225351354101
2026-08-19,"ILI incidence",2026-08-23,2,"NO","quantile","0.35",5.77398568317654
2026-08-19,"ILI incidence",2026-08-23,2,"NO","quantile","0.4",8.31784083533891
2026-08-19,"ILI incidence",2026-08-23,2,"NO","quantile","0.45",10.7012130311374
2026-08-19,"ILI incidence",2026-08-23,2,"NO","quantile","0.5",13.0669004271817
2026-08-19,"ILI incidence",2026-08-23,2,"NO","quantile","0.55",15.5806810003054
2026-08-19,"ILI incidence",2026-08-23,2,"NO","quantile","0.6",18.0240559428148
2026-08-19,"ILI incidence",2026-08-23,2,"NO","quantile","0.65",20.5298013411425
2026-08-19,"ILI incidence",2026-08-23,2,"NO","quantile","0.7",23.3289523919874
2026-08-19,"ILI incidence",2026-08-23,2,"NO","quantile","0.75",26.2565054170869
2026-08-19,"ILI incidence",2026-08-23,2,"NO","quantile","0.8",29.4239519628496
2026-08-19,"ILI incidence",2026-08-23,2,"NO","quantile","0.85",33.5791950433508
2026-08-19,"ILI incidence",2026-08-23,2,"NO","quantile","0.9",38.4325641270506
2026-08-19,"ILI incidence",2026-08-23,2,"NO","quantile","0.95",45.8119575744388
2026-08-19,"ILI incidence",2026-08-23,2,"NO","quantile","0.975",51.4403837160229
2026-08-19,"ILI incidence",2026-08-23,2,"NO","quantile","0.99",57.6868903739715
2026-08-19,"ILI incidence",2026-08-30,3,"NO","median","",16.1123581970548
2026-08-19,"ILI incidence",2026-08-30,3,"NO","quantile","0.01",0
2026-08-19,"ILI incidence",2026-08-30,3,"NO","quantile","0.025",0
2026-08-19,"ILI incidence",2026-08-30,3,"NO","quantile","0.05",0
2026-08-19,"ILI incidence",2026-08-30,3,"NO","quantile","0.1",0
2026-08-19,"ILI incidence",2026-08-30,3,"NO","quantile","0.15",0
2026-08-19,"ILI incidence",2026-08-30,3,"NO","quantile","0.2",0
2026-08-19,"ILI incidence",2026-08-30,3,"NO","quantile","0.25",0.897551853771862
2026-08-19,"ILI incidence",2026-08-30,3,"NO","quantile","0.3",4.21078444311119
2026-08-19,"ILI incidence",2026-08-30,3,"NO","quantile","0.35",7.43924234299369
2026-08-19,"ILI incidence",2026-08-30,3,"NO","quantile","0.4",10.4529501694845
2026-08-19,"ILI incidence",2026-08-30,3,"NO","quantile","0.45",13.2287230493164
2026-08-19,"ILI incidence",2026-08-30,3,"NO","quantile","0.5",16.0333104919859
2026-08-19,"ILI incidence",2026-08-30,3,"NO","quantile","0.55",19.0793097567798
2026-08-19,"ILI incidence",2026-08-30,3,"NO","quantile","0.6",21.8210323795649
2026-08-19,"ILI incidence",2026-08-30,3,"NO","quantile","0.65",24.5783649532413
2026-08-19,"ILI incidence",2026-08-30,3,"NO","quantile","0.7",27.9220046984933
2026-08-19,"ILI incidence",2026-08-30,3,"NO","quantile","0.75",31.259050830175
2026-08-19,"ILI incidence",2026-08-30,3,"NO","quantile","0.8",34.8819560425442
2026-08-19,"ILI incidence",2026-08-30,3,"NO","quantile","0.85",39.7231145611769
2026-08-19,"ILI incidence",2026-08-30,3,"NO","quantile","0.9",45.2651389858763
2026-08-19,"ILI incidence",2026-08-30,3,"NO","quantile","0.95",54.0915352499487
2026-08-19,"ILI incidence",2026-08-30,3,"NO","quantile","0.975",60.7248687020785
2026-08-19,"ILI incidence",2026-08-30,3,"NO","quantile","0.99",68.2604209294919
2026-08-19,"ILI incidence",2026-09-06,4,"NO","median","",19.180508527678
2026-08-19,"ILI incidence",2026-09-06,4,"NO","quantile","0.01",0
2026-08-19,"ILI incidence",2026-09-06,4,"NO","quantile","0.025",0
2026-08-19,"ILI incidence",2026-09-06,4,"NO","quantile","0.05",0
2026-08-19,"ILI incidence",2026-09-06,4,"NO","quantile","0.1",0
2026-08-19,"ILI incidence",2026-09-06,4,"NO","quantile","0.15",0
2026-08-19,"ILI incidence",2026-09-06,4,"NO","quantile","0.2",0
2026-08-19,"ILI incidence",2026-09-06,4,"NO","quantile","0.25",1.18745955724007
2026-08-19,"ILI incidence",2026-09-06,4,"NO","quantile","0.3",5.18850902780035
2026-08-19,"ILI incidence",2026-09-06,4,"NO","quantile","0.35",9.04531366026045
2026-08-19,"ILI incidence",2026-09-06,4,"NO","quantile","0.4",12.2211748262263
2026-08-19,"ILI incidence",2026-09-06,4,"NO","quantile","0.45",15.6910386285468
2026-08-19,"ILI incidence",2026-09-06,4,"NO","quantile","0.5",18.7747250826559
2026-08-19,"ILI incidence",2026-09-06,4,"NO","quantile","0.55",22.1996324707315
2026-08-19,"ILI incidence",2026-09-06,4,"NO","quantile","0.6",25.5748286973324
2026-08-19,"ILI incidence",2026-09-06,4,"NO","quantile","0.65",29.0891007409219
2026-08-19,"ILI incidence",2026-09-06,4,"NO","quantile","0.7",32.9988018265039
2026-08-19,"ILI incidence",2026-09-06,4,"NO","quantile","0.75",37.0895967939494
2026-08-19,"ILI incidence",2026-09-06,4,"NO","quantile","0.8",41.2647860962133
2026-08-19,"ILI incidence",2026-09-06,4,"NO","quantile","0.85",46.8743353798891
2026-08-19,"ILI incidence",2026-09-06,4,"NO","quantile","0.9",53.6126947099231
2026-08-19,"ILI incidence",2026-09-06,4,"NO","quantile","0.95",63.7273544402155
2026-08-19,"ILI incidence",2026-09-06,4,"NO","quantile","0.975",70.7492536618751
2026-08-19,"ILI incidence",2026-09-06,4,"NO","quantile","0.99",80.9839203325336
2026-08-19,"ILI incidence",2026-08-16,1,"RO","median","",0.718807306764821
2026-08-19,"ILI incidence",2026-08-16,1,"RO","quantile","0.01",0
2026-08-19,"ILI incidence",2026-08-16,1,"RO","quantile","0.025",0
2026-08-19,"ILI incidence",2026-08-16,1,"RO","quantile","0.05",0
2026-08-19,"ILI incidence",2026-08-16,1,"RO","quantile","0.1",0
2026-08-19,"ILI incidence",2026-08-16,1,"RO","quantile","0.15",0
2026-08-19,"ILI incidence",2026-08-16,1,"RO","quantile","0.2",0
2026-08-19,"ILI incidence",2026-08-16,1,"RO","quantile","0.25",0
2026-08-19,"ILI incidence",2026-08-16,1,"RO","quantile","0.3",0
2026-08-19,"ILI incidence",2026-08-16,1,"RO","quantile","0.35",0
2026-08-19,"ILI incidence",2026-08-16,1,"RO","quantile","0.4",0
2026-08-19,"ILI incidence",2026-08-16,1,"RO","quantile","0.45",0.19842266333906
2026-08-19,"ILI incidence",2026-08-16,1,"RO","quantile","0.5",0.727289078339713
2026-08-19,"ILI incidence",2026-08-16,1,"RO","quantile","0.55",1.25528158687011
2026-08-19,"ILI incidence",2026-08-16,1,"RO","quantile","0.6",1.77417986853911
2026-08-19,"ILI incidence",2026-08-16,1,"RO","quantile","0.65",2.3060525415205
2026-08-19,"ILI incidence",2026-08-16,1,"RO","quantile","0.7",2.90435602867269
2026-08-19,"ILI incidence",2026-08-16,1,"RO","quantile","0.75",3.51107107283297
2026-08-19,"ILI incidence",2026-08-16,1,"RO","quantile","0.8",4.22317965327367
2026-08-19,"ILI incidence",2026-08-16,1,"RO","quantile","0.85",4.98850943632144
2026-08-19,"ILI incidence",2026-08-16,1,"RO","quantile","0.9",5.97648142116309
2026-08-19,"ILI incidence",2026-08-16,1,"RO","quantile","0.95",7.485691949538
2026-08-19,"ILI incidence",2026-08-16,1,"RO","quantile","0.975",8.65067345368646
2026-08-19,"ILI incidence",2026-08-16,1,"RO","quantile","0.99",10.0892544304356
2026-08-19,"ILI incidence",2026-08-23,2,"RO","median","",1.35162464970799
2026-08-19,"ILI incidence",2026-08-23,2,"RO","quantile","0.01",0
2026-08-19,"ILI incidence",2026-08-23,2,"RO","quantile","0.025",0
2026-08-19,"ILI incidence",2026-08-23,2,"RO","quantile","0.05",0
2026-08-19,"ILI incidence",2026-08-23,2,"RO","quantile","0.1",0
2026-08-19,"ILI incidence",2026-08-23,2,"RO","quantile","0.15",0
2026-08-19,"ILI incidence",2026-08-23,2,"RO","quantile","0.2",0
2026-08-19,"ILI incidence",2026-08-23,2,"RO","quantile","0.25",0
2026-08-19,"ILI incidence",2026-08-23,2,"RO","quantile","0.3",0
2026-08-19,"ILI incidence",2026-08-23,2,"RO","quantile","0.35",0
2026-08-19,"ILI incidence",2026-08-23,2,"RO","quantile","0.4",0
2026-08-19,"ILI incidence",2026-08-23,2,"RO","quantile","0.45",0.500812139021651
2026-08-19,"ILI incidence",2026-08-23,2,"RO","quantile","0.5",1.36029391629998
2026-08-19,"ILI incidence",2026-08-23,2,"RO","quantile","0.55",2.27665394542661
2026-08-19,"ILI incidence",2026-08-23,2,"RO","quantile","0.6",3.05734994119508
2026-08-19,"ILI incidence",2026-08-23,2,"RO","quantile","0.65",3.91919382904897
2026-08-19,"ILI incidence",2026-08-23,2,"RO","quantile","0.7",4.76820847462165
2026-08-19,"ILI incidence",2026-08-23,2,"RO","quantile","0.75",5.70704338104885
2026-08-19,"ILI incidence",2026-08-23,2,"RO","quantile","0.8",6.78863178769846
2026-08-19,"ILI incidence",2026-08-23,2,"RO","quantile","0.85",7.91512846202922
2026-08-19,"ILI incidence",2026-08-23,2,"RO","quantile","0.9",9.43462758922488
2026-08-19,"ILI incidence",2026-08-23,2,"RO","quantile","0.95",11.5966304731982
2026-08-19,"ILI incidence",2026-08-23,2,"RO","quantile","0.975",13.5373519577852
2026-08-19,"ILI incidence",2026-08-23,2,"RO","quantile","0.99",15.7086193698275
2026-08-19,"ILI incidence",2026-08-30,3,"RO","median","",1.99871840327125
2026-08-19,"ILI incidence",2026-08-30,3,"RO","quantile","0.01",0
2026-08-19,"ILI incidence",2026-08-30,3,"RO","quantile","0.025",0
2026-08-19,"ILI incidence",2026-08-30,3,"RO","quantile","0.05",0
2026-08-19,"ILI incidence",2026-08-30,3,"RO","quantile","0.1",0
2026-08-19,"ILI incidence",2026-08-30,3,"RO","quantile","0.15",0
2026-08-19,"ILI incidence",2026-08-30,3,"RO","quantile","0.2",0
2026-08-19,"ILI incidence",2026-08-30,3,"RO","quantile","0.25",0
2026-08-19,"ILI incidence",2026-08-30,3,"RO","quantile","0.3",0
2026-08-19,"ILI incidence",2026-08-30,3,"RO","quantile","0.35",0
2026-08-19,"ILI incidence",2026-08-30,3,"RO","quantile","0.4",0.0243289165717919
2026-08-19,"ILI incidence",2026-08-30,3,"RO","quantile","0.45",1.0079660841108
2026-08-19,"ILI incidence",2026-08-30,3,"RO","quantile","0.5",1.98781444724542
2026-08-19,"ILI incidence",2026-08-30,3,"RO","quantile","0.55",3.0132678804685
2026-08-19,"ILI incidence",2026-08-30,3,"RO","quantile","0.6",4.00235115510967
2026-08-19,"ILI incidence",2026-08-30,3,"RO","quantile","0.65",5.01836224884483
2026-08-19,"ILI incidence",2026-08-30,3,"RO","quantile","0.7",5.99237579812751
2026-08-19,"ILI incidence",2026-08-30,3,"RO","quantile","0.75",7.08329422515854
2026-08-19,"ILI incidence",2026-08-30,3,"RO","quantile","0.8",8.39933731406992
2026-08-19,"ILI incidence",2026-08-30,3,"RO","quantile","0.85",9.93466864827316
2026-08-19,"ILI incidence",2026-08-30,3,"RO","quantile","0.9",11.7667737190916
2026-08-19,"ILI incidence",2026-08-30,3,"RO","quantile","0.95",14.4203190633252
2026-08-19,"ILI incidence",2026-08-30,3,"RO","quantile","0.975",16.9761919158433
2026-08-19,"ILI incidence",2026-08-30,3,"RO","quantile","0.99",19.7042135365879
2026-08-19,"ILI incidence",2026-09-06,4,"RO","median","",2.62935739263724
2026-08-19,"ILI incidence",2026-09-06,4,"RO","quantile","0.01",0
2026-08-19,"ILI incidence",2026-09-06,4,"RO","quantile","0.025",0
2026-08-19,"ILI incidence",2026-09-06,4,"RO","quantile","0.05",0
2026-08-19,"ILI incidence",2026-09-06,4,"RO","quantile","0.1",0
2026-08-19,"ILI incidence",2026-09-06,4,"RO","quantile","0.15",0
2026-08-19,"ILI incidence",2026-09-06,4,"RO","quantile","0.2",0
2026-08-19,"ILI incidence",2026-09-06,4,"RO","quantile","0.25",0
2026-08-19,"ILI incidence",2026-09-06,4,"RO","quantile","0.3",0
2026-08-19,"ILI incidence",2026-09-06,4,"RO","quantile","0.35",0
2026-08-19,"ILI incidence",2026-09-06,4,"RO","quantile","0.4",0.623523810076125
2026-08-19,"ILI incidence",2026-09-06,4,"RO","quantile","0.45",1.64544519591547
2026-08-19,"ILI incidence",2026-09-06,4,"RO","quantile","0.5",2.77676761544378
2026-08-19,"ILI incidence",2026-09-06,4,"RO","quantile","0.55",3.73646637456478
2026-08-19,"ILI incidence",2026-09-06,4,"RO","quantile","0.6",4.75705291491323
2026-08-19,"ILI incidence",2026-09-06,4,"RO","quantile","0.65",5.8579653025867
2026-08-19,"ILI incidence",2026-09-06,4,"RO","quantile","0.7",7.0001927229601
2026-08-19,"ILI incidence",2026-09-06,4,"RO","quantile","0.75",8.26329597091408
2026-08-19,"ILI incidence",2026-09-06,4,"RO","quantile","0.8",9.76202358017486
2026-08-19,"ILI incidence",2026-09-06,4,"RO","quantile","0.85",11.3431824533122
2026-08-19,"ILI incidence",2026-09-06,4,"RO","quantile","0.9",13.6015577074667
2026-08-19,"ILI incidence",2026-09-06,4,"RO","quantile","0.95",16.5334146407669
2026-08-19,"ILI incidence",2026-09-06,4,"RO","quantile","0.975",19.2540651243823
2026-08-19,"ILI incidence",2026-09-06,4,"RO","quantile","0.99",22.1256360624082
2026-08-19,"ILI incidence",2026-08-16,1,"SI","median","",3.91408823157012
2026-08-19,"ILI incidence",2026-08-16,1,"SI","quantile","0.01",0
2026-08-19,"ILI incidence",2026-08-16,1,"SI","quantile","0.025",0
2026-08-19,"ILI incidence",2026-08-16,1,"SI","quantile","0.05",0
2026-08-19,"ILI incidence",2026-08-16,1,"SI","quantile","0.1",0
2026-08-19,"ILI incidence",2026-08-16,1,"SI","quantile","0.15",0
2026-08-19,"ILI incidence",2026-08-16,1,"SI","quantile","0.2",0
2026-08-19,"ILI incidence",2026-08-16,1,"SI","quantile","0.25",0
2026-08-19,"ILI incidence",2026-08-16,1,"SI","quantile","0.3",0
2026-08-19,"ILI incidence",2026-08-16,1,"SI","quantile","0.35",0
2026-08-19,"ILI incidence",2026-08-16,1,"SI","quantile","0.4",0
2026-08-19,"ILI incidence",2026-08-16,1,"SI","quantile","0.45",0
2026-08-19,"ILI incidence",2026-08-16,1,"SI","quantile","0.5",3.18408648365935
2026-08-19,"ILI incidence",2026-08-16,1,"SI","quantile","0.55",7.13005713465346
2026-08-19,"ILI incidence",2026-08-16,1,"SI","quantile","0.6",10.6624916092187
2026-08-19,"ILI incidence",2026-08-16,1,"SI","quantile","0.65",14.8470608674727
2026-08-19,"ILI incidence",2026-08-16,1,"SI","quantile","0.7",18.8451542065716
2026-08-19,"ILI incidence",2026-08-16,1,"SI","quantile","0.75",23.1531468413937
2026-08-19,"ILI incidence",2026-08-16,1,"SI","quantile","0.8",28.2597551446953
2026-08-19,"ILI incidence",2026-08-16,1,"SI","quantile","0.85",33.8206340904176
2026-08-19,"ILI incidence",2026-08-16,1,"SI","quantile","0.9",41.4088773123124
2026-08-19,"ILI incidence",2026-08-16,1,"SI","quantile","0.95",52.7167365710315
2026-08-19,"ILI incidence",2026-08-16,1,"SI","quantile","0.975",62.877154156629
2026-08-19,"ILI incidence",2026-08-16,1,"SI","quantile","0.99",73.8059089592373
2026-08-19,"ILI incidence",2026-08-23,2,"SI","median","",8.87244083533735
2026-08-19,"ILI incidence",2026-08-23,2,"SI","quantile","0.01",0
2026-08-19,"ILI incidence",2026-08-23,2,"SI","quantile","0.025",0
2026-08-19,"ILI incidence",2026-08-23,2,"SI","quantile","0.05",0
2026-08-19,"ILI incidence",2026-08-23,2,"SI","quantile","0.1",0
2026-08-19,"ILI incidence",2026-08-23,2,"SI","quantile","0.15",0
2026-08-19,"ILI incidence",2026-08-23,2,"SI","quantile","0.2",0
2026-08-19,"ILI incidence",2026-08-23,2,"SI","quantile","0.25",0
2026-08-19,"ILI incidence",2026-08-23,2,"SI","quantile","0.3",0
2026-08-19,"ILI incidence",2026-08-23,2,"SI","quantile","0.35",0
2026-08-19,"ILI incidence",2026-08-23,2,"SI","quantile","0.4",0
2026-08-19,"ILI incidence",2026-08-23,2,"SI","quantile","0.45",2.41710103792653
2026-08-19,"ILI incidence",2026-08-23,2,"SI","quantile","0.5",8.3546566396256
2026-08-19,"ILI incidence",2026-08-23,2,"SI","quantile","0.55",14.1948516347026
2026-08-19,"ILI incidence",2026-08-23,2,"SI","quantile","0.6",19.7680311851047
2026-08-19,"ILI incidence",2026-08-23,2,"SI","quantile","0.65",26.1255735877831
2026-08-19,"ILI incidence",2026-08-23,2,"SI","quantile","0.7",32.7041817797862
2026-08-19,"ILI incidence",2026-08-23,2,"SI","quantile","0.75",39.9562751005688
2026-08-19,"ILI incidence",2026-08-23,2,"SI","quantile","0.8",47.1582717730551
2026-08-19,"ILI incidence",2026-08-23,2,"SI","quantile","0.85",56.3928532334222
2026-08-19,"ILI incidence",2026-08-23,2,"SI","quantile","0.9",67.2006350340666
2026-08-19,"ILI incidence",2026-08-23,2,"SI","quantile","0.95",83.8212804579657
2026-08-19,"ILI incidence",2026-08-23,2,"SI","quantile","0.975",98.0298303407317
2026-08-19,"ILI incidence",2026-08-23,2,"SI","quantile","0.99",112.88631821252
2026-08-19,"ILI incidence",2026-08-30,3,"SI","median","",14.0745083278457
2026-08-19,"ILI incidence",2026-08-30,3,"SI","quantile","0.01",0
2026-08-19,"ILI incidence",2026-08-30,3,"SI","quantile","0.025",0
2026-08-19,"ILI incidence",2026-08-30,3,"SI","quantile","0.05",0
2026-08-19,"ILI incidence",2026-08-30,3,"SI","quantile","0.1",0
2026-08-19,"ILI incidence",2026-08-30,3,"SI","quantile","0.15",0
2026-08-19,"ILI incidence",2026-08-30,3,"SI","quantile","0.2",0
2026-08-19,"ILI incidence",2026-08-30,3,"SI","quantile","0.25",0
2026-08-19,"ILI incidence",2026-08-30,3,"SI","quantile","0.3",0
2026-08-19,"ILI incidence",2026-08-30,3,"SI","quantile","0.35",0
2026-08-19,"ILI incidence",2026-08-30,3,"SI","quantile","0.4",0
2026-08-19,"ILI incidence",2026-08-30,3,"SI","quantile","0.45",5.53879324954138
2026-08-19,"ILI incidence",2026-08-30,3,"SI","quantile","0.5",13.5347459669924
2026-08-19,"ILI incidence",2026-08-30,3,"SI","quantile","0.55",21.4243736473137
2026-08-19,"ILI incidence",2026-08-30,3,"SI","quantile","0.6",29.0825698988086
2026-08-19,"ILI incidence",2026-08-30,3,"SI","quantile","0.65",36.5147855166558
2026-08-19,"ILI incidence",2026-08-30,3,"SI","quantile","0.7",45.5258181387097
2026-08-19,"ILI incidence",2026-08-30,3,"SI","quantile","0.75",54.4198669465023
2026-08-19,"ILI incidence",2026-08-30,3,"SI","quantile","0.8",64.210973316832
2026-08-19,"ILI incidence",2026-08-30,3,"SI","quantile","0.85",76.5567923700341
2026-08-19,"ILI incidence",2026-08-30,3,"SI","quantile","0.9",91.0263533568245
2026-08-19,"ILI incidence",2026-08-30,3,"SI","quantile","0.95",111.583722386003
2026-08-19,"ILI incidence",2026-08-30,3,"SI","quantile","0.975",130.61165000657
2026-08-19,"ILI incidence",2026-08-30,3,"SI","quantile","0.99",149.307644572651
2026-08-19,"ILI incidence",2026-09-06,4,"SI","median","",17.9722024074271
2026-08-19,"ILI incidence",2026-09-06,4,"SI","quantile","0.01",0
2026-08-19,"ILI incidence",2026-09-06,4,"SI","quantile","0.025",0
2026-08-19,"ILI incidence",2026-09-06,4,"SI","quantile","0.05",0
2026-08-19,"ILI incidence",2026-09-06,4,"SI","quantile","0.1",0
2026-08-19,"ILI incidence",2026-09-06,4,"SI","quantile","0.15",0
2026-08-19,"ILI incidence",2026-09-06,4,"SI","quantile","0.2",0
2026-08-19,"ILI incidence",2026-09-06,4,"SI","quantile","0.25",0
2026-08-19,"ILI incidence",2026-09-06,4,"SI","quantile","0.3",0
2026-08-19,"ILI incidence",2026-09-06,4,"SI","quantile","0.35",0
2026-08-19,"ILI incidence",2026-09-06,4,"SI","quantile","0.4",0.534386538646347
2026-08-19,"ILI incidence",2026-09-06,4,"SI","quantile","0.45",9.26189364807331
2026-08-19,"ILI incidence",2026-09-06,4,"SI","quantile","0.5",17.245030915999
2026-08-19,"ILI incidence",2026-09-06,4,"SI","quantile","0.55",26.1589878427249
2026-08-19,"ILI incidence",2026-09-06,4,"SI","quantile","0.6",35.0352728713924
2026-08-19,"ILI incidence",2026-09-06,4,"SI","quantile","0.65",44.0046669481707
2026-08-19,"ILI incidence",2026-09-06,4,"SI","quantile","0.7",52.9546022387894
2026-08-19,"ILI incidence",2026-09-06,4,"SI","quantile","0.75",62.7913543711235
2026-08-19,"ILI incidence",2026-09-06,4,"SI","quantile","0.8",73.7817576920646
2026-08-19,"ILI incidence",2026-09-06,4,"SI","quantile","0.85",86.4944131576632
2026-08-19,"ILI incidence",2026-09-06,4,"SI","quantile","0.9",102.682079542305
2026-08-19,"ILI incidence",2026-09-06,4,"SI","quantile","0.95",127.266364146492
2026-08-19,"ILI incidence",2026-09-06,4,"SI","quantile","0.975",147.278919154237
2026-08-19,"ILI incidence",2026-09-06,4,"SI","quantile","0.99",165.222815298662
