origin_date,target,target_end_date,horizon,location,output_type,output_type_id,value
2026-09-09,ILI incidence,2026-09-06,1,BE,quantile,0.99,68.64303496257901
2026-09-09,ILI incidence,2026-09-06,1,BE,quantile,0.975,62.45563713185961
2026-09-09,ILI incidence,2026-09-06,1,BE,quantile,0.95,57.22316143340434
2026-09-09,ILI incidence,2026-09-06,1,BE,quantile,0.8,46.81933604774433
2026-09-09,ILI incidence,2026-09-06,1,BE,quantile,0.9,52.40136799273959
2026-09-09,ILI incidence,2026-09-06,1,BE,quantile,0.85,49.03790354680287
2026-09-09,ILI incidence,2026-09-06,1,BE,quantile,0.05,24.682848087081776
2026-09-09,ILI incidence,2026-09-06,1,BE,quantile,0.65,41.65134636418817
2026-09-09,ILI incidence,2026-09-06,1,BE,quantile,0.5,37.70868048899843
2026-09-09,ILI incidence,2026-09-06,1,BE,quantile,0.2,30.383366897113866
2026-09-09,ILI incidence,2026-09-06,1,BE,quantile,0.45,36.51955080616529
2026-09-09,ILI incidence,2026-09-06,1,BE,quantile,0.01,20.863849734507458
2026-09-09,ILI incidence,2026-09-06,1,BE,quantile,0.55,39.00575438176634
2026-09-09,ILI incidence,2026-09-06,1,BE,quantile,0.25,31.67375025157306
2026-09-09,ILI incidence,2026-09-06,1,BE,quantile,0.6,40.23719651674814
2026-09-09,ILI incidence,2026-09-06,1,BE,quantile,0.1,27.01752164075837
2026-09-09,ILI incidence,2026-09-06,1,BE,quantile,0.7,43.15138839560066
2026-09-09,ILI incidence,2026-09-06,1,BE,quantile,0.35,34.17032397802126
2026-09-09,ILI incidence,2026-09-06,1,BE,quantile,0.15,28.91139870254091
2026-09-09,ILI incidence,2026-09-06,1,BE,quantile,0.75,44.895015218622895
2026-09-09,ILI incidence,2026-09-06,1,BE,quantile,0.4,35.37465538120677
2026-09-09,ILI incidence,2026-09-06,1,BE,quantile,0.025,22.816956395537428
2026-09-09,ILI incidence,2026-09-06,1,BE,quantile,0.3,32.94009225245853
2026-09-09,ILI incidence,2026-09-06,1,BE,median,,37.70868048899843
2026-09-09,ILI incidence,2026-09-13,2,BE,quantile,0.975,53.15603981521242
2026-09-09,ILI incidence,2026-09-13,2,BE,quantile,0.99,55.71961591142278
2026-09-09,ILI incidence,2026-09-13,2,BE,quantile,0.95,51.347328403675675
2026-09-09,ILI incidence,2026-09-13,2,BE,quantile,0.8,46.99590967855998
2026-09-09,ILI incidence,2026-09-13,2,BE,quantile,0.85,47.97007903594632
2026-09-09,ILI incidence,2026-09-13,2,BE,quantile,0.9,49.31708743652215
2026-09-09,ILI incidence,2026-09-13,2,BE,quantile,0.01,33.052574698273716
2026-09-09,ILI incidence,2026-09-13,2,BE,quantile,0.025,34.42508037802418
2026-09-09,ILI incidence,2026-09-13,2,BE,quantile,0.75,46.18724429059776
2026-09-09,ILI incidence,2026-09-13,2,BE,quantile,0.45,42.13481013480215
2026-09-09,ILI incidence,2026-09-13,2,BE,quantile,0.5,42.778714865658884
2026-09-09,ILI incidence,2026-09-13,2,BE,quantile,0.15,38.04697169322493
2026-09-09,ILI incidence,2026-09-13,2,BE,quantile,0.25,39.54061888658627
2026-09-09,ILI incidence,2026-09-13,2,BE,quantile,0.05,35.6728811290382
2026-09-09,ILI incidence,2026-09-13,2,BE,quantile,0.1,37.03063065730503
2026-09-09,ILI incidence,2026-09-13,2,BE,quantile,0.3,40.21642130971171
2026-09-09,ILI incidence,2026-09-13,2,BE,quantile,0.35,40.88162579286724
2026-09-09,ILI incidence,2026-09-13,2,BE,quantile,0.4,41.4950024912757
2026-09-09,ILI incidence,2026-09-13,2,BE,quantile,0.65,44.66038766647368
2026-09-09,ILI incidence,2026-09-13,2,BE,quantile,0.2,38.868755245902655
2026-09-09,ILI incidence,2026-09-13,2,BE,quantile,0.7,45.42170245536996
2026-09-09,ILI incidence,2026-09-13,2,BE,quantile,0.55,43.39425117267641
2026-09-09,ILI incidence,2026-09-13,2,BE,quantile,0.6,44.01697731069078
2026-09-09,ILI incidence,2026-09-13,2,BE,median,,42.778714865658884
2026-09-09,ILI incidence,2026-09-20,3,BE,quantile,0.5,53.23107334475863
2026-09-09,ILI incidence,2026-09-20,3,BE,quantile,0.45,52.11533521698669
2026-09-09,ILI incidence,2026-09-20,3,BE,quantile,0.01,36.57432090980079
2026-09-09,ILI incidence,2026-09-20,3,BE,quantile,0.4,50.981841462779514
2026-09-09,ILI incidence,2026-09-20,3,BE,quantile,0.6,55.503383628992246
2026-09-09,ILI incidence,2026-09-20,3,BE,quantile,0.55,54.36081895036752
2026-09-09,ILI incidence,2026-09-20,3,BE,quantile,0.65,56.69219552903686
2026-09-09,ILI incidence,2026-09-20,3,BE,quantile,0.025,38.64335905988018
2026-09-09,ILI incidence,2026-09-20,3,BE,quantile,0.3,48.77276689109627
2026-09-09,ILI incidence,2026-09-20,3,BE,quantile,0.35,49.88532727675521
2026-09-09,ILI incidence,2026-09-20,3,BE,quantile,0.2,46.218410584148984
2026-09-09,ILI incidence,2026-09-20,3,BE,quantile,0.25,47.59843282332682
2026-09-09,ILI incidence,2026-09-20,3,BE,quantile,0.1,43.098447673639185
2026-09-09,ILI incidence,2026-09-20,3,BE,quantile,0.15,44.81694136238727
2026-09-09,ILI incidence,2026-09-20,3,BE,quantile,0.05,40.65048316387137
2026-09-09,ILI incidence,2026-09-20,3,BE,quantile,0.99,77.35618089569697
2026-09-09,ILI incidence,2026-09-20,3,BE,quantile,0.85,63.040963008378995
2026-09-09,ILI incidence,2026-09-20,3,BE,quantile,0.975,72.90478640565875
2026-09-09,ILI incidence,2026-09-20,3,BE,quantile,0.9,65.5831726757231
2026-09-09,ILI incidence,2026-09-20,3,BE,quantile,0.8,60.94130596887269
2026-09-09,ILI incidence,2026-09-20,3,BE,quantile,0.7,57.969264378981705
2026-09-09,ILI incidence,2026-09-20,3,BE,quantile,0.95,69.42349491398343
2026-09-09,ILI incidence,2026-09-20,3,BE,quantile,0.75,59.371916573043706
2026-09-09,ILI incidence,2026-09-20,3,BE,median,,53.23107334475863
2026-09-09,ILI incidence,2026-09-27,4,BE,quantile,0.85,59.03227375626871
2026-09-09,ILI incidence,2026-09-27,4,BE,quantile,0.01,35.26469478684459
2026-09-09,ILI incidence,2026-09-27,4,BE,quantile,0.4,48.72111901008594
2026-09-09,ILI incidence,2026-09-27,4,BE,quantile,0.75,55.84882592262521
2026-09-09,ILI incidence,2026-09-27,4,BE,quantile,0.8,57.34736275636824
2026-09-09,ILI incidence,2026-09-27,4,BE,quantile,0.45,49.667492487822756
2026-09-09,ILI incidence,2026-09-27,4,BE,quantile,0.7,54.660753906593115
2026-09-09,ILI incidence,2026-09-27,4,BE,quantile,0.35,47.729618825012466
2026-09-09,ILI incidence,2026-09-27,4,BE,quantile,0.65,53.53039983892421
2026-09-09,ILI incidence,2026-09-27,4,BE,quantile,0.025,37.522983422555534
2026-09-09,ILI incidence,2026-09-27,4,BE,quantile,0.05,39.36857676517388
2026-09-09,ILI incidence,2026-09-27,4,BE,quantile,0.6,52.481683726783245
2026-09-09,ILI incidence,2026-09-27,4,BE,quantile,0.25,45.54114959579512
2026-09-09,ILI incidence,2026-09-27,4,BE,quantile,0.3,46.6974512447194
2026-09-09,ILI incidence,2026-09-27,4,BE,quantile,0.9,61.28650545994617
2026-09-09,ILI incidence,2026-09-27,4,BE,quantile,0.95,64.55600403572419
2026-09-09,ILI incidence,2026-09-27,4,BE,quantile,0.5,50.60169733267976
2026-09-09,ILI incidence,2026-09-27,4,BE,quantile,0.55,51.588727884443216
2026-09-09,ILI incidence,2026-09-27,4,BE,quantile,0.15,43.08598031697724
2026-09-09,ILI incidence,2026-09-27,4,BE,quantile,0.2,44.44509413201527
2026-09-09,ILI incidence,2026-09-27,4,BE,quantile,0.1,41.598472958814114
2026-09-09,ILI incidence,2026-09-27,4,BE,quantile,0.975,67.29876639190418
2026-09-09,ILI incidence,2026-09-27,4,BE,quantile,0.99,71.81160141518194
2026-09-09,ILI incidence,2026-09-27,4,BE,median,,50.60169733267976
2026-09-09,ILI incidence,2026-09-06,1,CH,quantile,0.9,11.679896267835321
2026-09-09,ILI incidence,2026-09-06,1,CH,quantile,0.975,22.911137595666084
2026-09-09,ILI incidence,2026-09-06,1,CH,quantile,0.85,8.964338302118179
2026-09-09,ILI incidence,2026-09-06,1,CH,quantile,0.95,16.799914996508562
2026-09-09,ILI incidence,2026-09-06,1,CH,quantile,0.99,31.616128466156333
2026-09-09,ILI incidence,2026-09-06,1,CH,quantile,0.8,7.227198770933878
2026-09-09,ILI incidence,2026-09-06,1,CH,quantile,0.7,5.249853328149537
2026-09-09,ILI incidence,2026-09-06,1,CH,quantile,0.75,6.094503277432676
2026-09-09,ILI incidence,2026-09-06,1,CH,quantile,0.6,3.9210552830095384
2026-09-09,ILI incidence,2026-09-06,1,CH,quantile,0.65,4.537640712698686
2026-09-09,ILI incidence,2026-09-06,1,CH,quantile,0.45,2.641389767508345
2026-09-09,ILI incidence,2026-09-06,1,CH,quantile,0.05,0.5561854737515114
2026-09-09,ILI incidence,2026-09-06,1,CH,quantile,0.2,1.2749678631072237
2026-09-09,ILI incidence,2026-09-06,1,CH,quantile,0.4,2.3343015077964617
2026-09-09,ILI incidence,2026-09-06,1,CH,quantile,0.5,3.009850623399819
2026-09-09,ILI incidence,2026-09-06,1,CH,quantile,0.025,0.40593455751106905
2026-09-09,ILI incidence,2026-09-06,1,CH,quantile,0.25,1.5078445070837059
2026-09-09,ILI incidence,2026-09-06,1,CH,quantile,0.55,3.427815656899278
2026-09-09,ILI incidence,2026-09-06,1,CH,quantile,0.1,0.8183687277242498
2026-09-09,ILI incidence,2026-09-06,1,CH,quantile,0.35,2.0275584521447376
2026-09-09,ILI incidence,2026-09-06,1,CH,quantile,0.15,1.0383748899930947
2026-09-09,ILI incidence,2026-09-06,1,CH,quantile,0.01,0.279520178482945
2026-09-09,ILI incidence,2026-09-06,1,CH,quantile,0.3,1.7643909965920437
2026-09-09,ILI incidence,2026-09-06,1,CH,median,,3.009850623399819
2026-09-09,ILI incidence,2026-09-13,2,CH,quantile,0.025,4.936137457064355
2026-09-09,ILI incidence,2026-09-13,2,CH,quantile,0.01,4.164195686748527
2026-09-09,ILI incidence,2026-09-13,2,CH,quantile,0.05,5.765313391964512
2026-09-09,ILI incidence,2026-09-13,2,CH,quantile,0.1,6.741856559667148
2026-09-09,ILI incidence,2026-09-13,2,CH,quantile,0.15,7.604415604151668
2026-09-09,ILI incidence,2026-09-13,2,CH,quantile,0.25,8.984826570740617
2026-09-09,ILI incidence,2026-09-13,2,CH,quantile,0.3,9.57994339370931
2026-09-09,ILI incidence,2026-09-13,2,CH,quantile,0.35,10.179009457640806
2026-09-09,ILI incidence,2026-09-13,2,CH,quantile,0.2,8.334904733965649
2026-09-09,ILI incidence,2026-09-13,2,CH,quantile,0.99,33.28841681242024
2026-09-09,ILI incidence,2026-09-13,2,CH,quantile,0.975,28.501679909915858
2026-09-09,ILI incidence,2026-09-13,2,CH,quantile,0.4,10.800197535153456
2026-09-09,ILI incidence,2026-09-13,2,CH,quantile,0.95,24.880713035232652
2026-09-09,ILI incidence,2026-09-13,2,CH,quantile,0.9,21.420137206882544
2026-09-09,ILI incidence,2026-09-13,2,CH,quantile,0.8,17.54139920478113
2026-09-09,ILI incidence,2026-09-13,2,CH,quantile,0.75,16.294288381434047
2026-09-09,ILI incidence,2026-09-13,2,CH,quantile,0.7,15.2380320150139
2026-09-09,ILI incidence,2026-09-13,2,CH,quantile,0.85,19.204456522976294
2026-09-09,ILI incidence,2026-09-13,2,CH,quantile,0.45,11.394245179406024
2026-09-09,ILI incidence,2026-09-13,2,CH,quantile,0.6,13.478471217022726
2026-09-09,ILI incidence,2026-09-13,2,CH,quantile,0.65,14.270952228926262
2026-09-09,ILI incidence,2026-09-13,2,CH,quantile,0.55,12.717800140598378
2026-09-09,ILI incidence,2026-09-13,2,CH,quantile,0.5,12.037899649329352
2026-09-09,ILI incidence,2026-09-13,2,CH,median,,12.037899649329352
2026-09-09,ILI incidence,2026-09-20,3,CH,quantile,0.55,21.509723871064068
2026-09-09,ILI incidence,2026-09-20,3,CH,quantile,0.35,20.02433854901655
2026-09-09,ILI incidence,2026-09-20,3,CH,quantile,0.5,21.12387203885488
2026-09-09,ILI incidence,2026-09-20,3,CH,quantile,0.6,21.888016312600364
2026-09-09,ILI incidence,2026-09-20,3,CH,quantile,0.975,28.05625336574892
2026-09-09,ILI incidence,2026-09-20,3,CH,quantile,0.95,26.752783254805756
2026-09-09,ILI incidence,2026-09-20,3,CH,quantile,0.99,29.52048759837719
2026-09-09,ILI incidence,2026-09-20,3,CH,quantile,0.9,25.346225617613342
2026-09-09,ILI incidence,2026-09-20,3,CH,quantile,0.85,24.494671284542324
2026-09-09,ILI incidence,2026-09-20,3,CH,quantile,0.7,22.79346034305977
2026-09-09,ILI incidence,2026-09-20,3,CH,quantile,0.65,22.304163102380322
2026-09-09,ILI incidence,2026-09-20,3,CH,quantile,0.8,23.820347245373572
2026-09-09,ILI incidence,2026-09-20,3,CH,quantile,0.75,23.26811823681101
2026-09-09,ILI incidence,2026-09-20,3,CH,quantile,0.45,20.773432400752405
2026-09-09,ILI incidence,2026-09-20,3,CH,quantile,0.4,20.39851054004916
2026-09-09,ILI incidence,2026-09-20,3,CH,quantile,0.3,19.628180291829146
2026-09-09,ILI incidence,2026-09-20,3,CH,quantile,0.1,17.562409573259433
2026-09-09,ILI incidence,2026-09-20,3,CH,quantile,0.15,18.221562857285434
2026-09-09,ILI incidence,2026-09-20,3,CH,quantile,0.25,19.228210577241562
2026-09-09,ILI incidence,2026-09-20,3,CH,quantile,0.2,18.74665190053746
2026-09-09,ILI incidence,2026-09-20,3,CH,quantile,0.05,16.69496094919779
2026-09-09,ILI incidence,2026-09-20,3,CH,quantile,0.01,15.123345687990618
2026-09-09,ILI incidence,2026-09-20,3,CH,quantile,0.025,15.97913925474317
2026-09-09,ILI incidence,2026-09-20,3,CH,median,,21.12387203885488
2026-09-09,ILI incidence,2026-09-27,4,CH,quantile,0.7,9.374601893101072
2026-09-09,ILI incidence,2026-09-27,4,CH,quantile,0.45,7.68730572952515
2026-09-09,ILI incidence,2026-09-27,4,CH,quantile,0.75,9.838779128727804
2026-09-09,ILI incidence,2026-09-27,4,CH,quantile,0.95,13.291562706777713
2026-09-09,ILI incidence,2026-09-27,4,CH,quantile,0.65,9.001249785919557
2026-09-09,ILI incidence,2026-09-27,4,CH,quantile,0.4,7.4005863094076485
2026-09-09,ILI incidence,2026-09-27,4,CH,quantile,0.975,14.708050189458904
2026-09-09,ILI incidence,2026-09-27,4,CH,quantile,0.55,8.314440116810594
2026-09-09,ILI incidence,2026-09-27,4,CH,quantile,0.85,11.06682049246472
2026-09-09,ILI incidence,2026-09-27,4,CH,quantile,0.5,7.990070381617215
2026-09-09,ILI incidence,2026-09-27,4,CH,quantile,0.6,8.651421415352495
2026-09-09,ILI incidence,2026-09-27,4,CH,quantile,0.9,11.970827950110587
2026-09-09,ILI incidence,2026-09-27,4,CH,quantile,0.99,16.419356020252906
2026-09-09,ILI incidence,2026-09-27,4,CH,quantile,0.01,3.9349522742069643
2026-09-09,ILI incidence,2026-09-27,4,CH,quantile,0.8,10.415196967234458
2026-09-09,ILI incidence,2026-09-27,4,CH,quantile,0.025,4.391510979477029
2026-09-09,ILI incidence,2026-09-27,4,CH,quantile,0.35,7.1211703611171036
2026-09-09,ILI incidence,2026-09-27,4,CH,quantile,0.05,4.847582188920586
2026-09-09,ILI incidence,2026-09-27,4,CH,quantile,0.1,5.435836894936131
2026-09-09,ILI incidence,2026-09-27,4,CH,quantile,0.15,5.873073561638947
2026-09-09,ILI incidence,2026-09-27,4,CH,quantile,0.2,6.228653688588485
2026-09-09,ILI incidence,2026-09-27,4,CH,quantile,0.25,6.535601816950232
2026-09-09,ILI incidence,2026-09-27,4,CH,quantile,0.3,6.817143971591538
2026-09-09,ILI incidence,2026-09-27,4,CH,median,,7.990070381617215
2026-09-09,ILI incidence,2026-09-06,1,DK,quantile,0.8,84.07470439519314
2026-09-09,ILI incidence,2026-09-06,1,DK,quantile,0.35,68.39690204762
2026-09-09,ILI incidence,2026-09-06,1,DK,quantile,0.3,66.84094177583067
2026-09-09,ILI incidence,2026-09-06,1,DK,quantile,0.75,81.7541095399943
2026-09-09,ILI incidence,2026-09-06,1,DK,quantile,0.85,86.9748374303766
2026-09-09,ILI incidence,2026-09-06,1,DK,quantile,0.9,90.67338534028916
2026-09-09,ILI incidence,2026-09-06,1,DK,quantile,0.95,96.12918967234617
2026-09-09,ILI incidence,2026-09-06,1,DK,quantile,0.7,79.73889392487425
2026-09-09,ILI incidence,2026-09-06,1,DK,quantile,0.65,77.84170996112488
2026-09-09,ILI incidence,2026-09-06,1,DK,quantile,0.25,65.11398603794616
2026-09-09,ILI incidence,2026-09-06,1,DK,quantile,0.2,63.24203787055786
2026-09-09,ILI incidence,2026-09-06,1,DK,quantile,0.975,101.33806695536083
2026-09-09,ILI incidence,2026-09-06,1,DK,quantile,0.5,73.0343280300049
2026-09-09,ILI incidence,2026-09-06,1,DK,quantile,0.55,74.55957041406367
2026-09-09,ILI incidence,2026-09-06,1,DK,quantile,0.6,76.11877246132468
2026-09-09,ILI incidence,2026-09-06,1,DK,quantile,0.15,61.29700804568198
2026-09-09,ILI incidence,2026-09-06,1,DK,quantile,0.4,70.0555832890424
2026-09-09,ILI incidence,2026-09-06,1,DK,quantile,0.45,71.46545330073167
2026-09-09,ILI incidence,2026-09-06,1,DK,quantile,0.99,107.97272895152312
2026-09-09,ILI incidence,2026-09-06,1,DK,quantile,0.05,54.98339416937696
2026-09-09,ILI incidence,2026-09-06,1,DK,quantile,0.1,58.81886913478633
2026-09-09,ILI incidence,2026-09-06,1,DK,quantile,0.01,49.13957525380174
2026-09-09,ILI incidence,2026-09-06,1,DK,quantile,0.025,52.26844235368418
2026-09-09,ILI incidence,2026-09-06,1,DK,median,,73.0343280300049
2026-09-09,ILI incidence,2026-09-13,2,DK,quantile,0.8,97.09627608002972
2026-09-09,ILI incidence,2026-09-13,2,DK,quantile,0.99,126.34630804275153
2026-09-09,ILI incidence,2026-09-13,2,DK,quantile,0.01,56.71514755558409
2026-09-09,ILI incidence,2026-09-13,2,DK,quantile,0.025,59.969819784117256
2026-09-09,ILI incidence,2026-09-13,2,DK,quantile,0.85,100.55432977502889
2026-09-09,ILI incidence,2026-09-13,2,DK,quantile,0.9,104.52023998364233
2026-09-09,ILI incidence,2026-09-13,2,DK,quantile,0.95,111.46270469618446
2026-09-09,ILI incidence,2026-09-13,2,DK,quantile,0.75,94.60144436278912
2026-09-09,ILI incidence,2026-09-13,2,DK,quantile,0.4,80.35344246739024
2026-09-09,ILI incidence,2026-09-13,2,DK,quantile,0.45,82.21678217700784
2026-09-09,ILI incidence,2026-09-13,2,DK,quantile,0.975,118.7876076650458
2026-09-09,ILI incidence,2026-09-13,2,DK,quantile,0.05,63.05785227718553
2026-09-09,ILI incidence,2026-09-13,2,DK,quantile,0.55,85.89510765677962
2026-09-09,ILI incidence,2026-09-13,2,DK,quantile,0.65,89.86331168653184
2026-09-09,ILI incidence,2026-09-13,2,DK,quantile,0.5,84.06586826656032
2026-09-09,ILI incidence,2026-09-13,2,DK,quantile,0.1,66.98772574501353
2026-09-09,ILI incidence,2026-09-13,2,DK,quantile,0.2,72.53824346524533
2026-09-09,ILI incidence,2026-09-13,2,DK,quantile,0.15,70.06555736199664
2026-09-09,ILI incidence,2026-09-13,2,DK,quantile,0.25,74.75171885954424
2026-09-09,ILI incidence,2026-09-13,2,DK,quantile,0.6,87.75947404058829
2026-09-09,ILI incidence,2026-09-13,2,DK,quantile,0.7,92.11696029896974
2026-09-09,ILI incidence,2026-09-13,2,DK,quantile,0.3,76.69413366554095
2026-09-09,ILI incidence,2026-09-13,2,DK,quantile,0.35,78.57688217248815
2026-09-09,ILI incidence,2026-09-13,2,DK,median,,84.06586826656032
2026-09-09,ILI incidence,2026-09-20,3,DK,quantile,0.9,103.29880306994856
2026-09-09,ILI incidence,2026-09-20,3,DK,quantile,0.95,110.52415352829173
2026-09-09,ILI incidence,2026-09-20,3,DK,quantile,0.975,117.03440290456
2026-09-09,ILI incidence,2026-09-20,3,DK,quantile,0.01,52.25822045779173
2026-09-09,ILI incidence,2026-09-20,3,DK,quantile,0.35,75.19647654933001
2026-09-09,ILI incidence,2026-09-20,3,DK,quantile,0.4,77.198468752477993
2026-09-09,ILI incidence,2026-09-20,3,DK,quantile,0.55,82.74995254750024
2026-09-09,ILI incidence,2026-09-20,3,DK,quantile,0.85,98.75197020595003
2026-09-09,ILI incidence,2026-09-20,3,DK,quantile,0.45,79.07886377209803
2026-09-09,ILI incidence,2026-09-20,3,DK,quantile,0.99,127.3477397698517
2026-09-09,ILI incidence,2026-09-20,3,DK,quantile,0.05,59.339434466036174
2026-09-09,ILI incidence,2026-09-20,3,DK,quantile,0.5,80.82540724445289
2026-09-09,ILI incidence,2026-09-20,3,DK,quantile,0.65,87.05221007064416
2026-09-09,ILI incidence,2026-09-20,3,DK,quantile,0.7,89.40324441981221
2026-09-09,ILI incidence,2026-09-20,3,DK,quantile,0.025,55.79421013896122
2026-09-09,ILI incidence,2026-09-20,3,DK,quantile,0.3,73.1873183564531
2026-09-09,ILI incidence,2026-09-20,3,DK,quantile,0.25,71.22698470407325
2026-09-09,ILI incidence,2026-09-20,3,DK,quantile,0.8,95.00740512936139
2026-09-09,ILI incidence,2026-09-20,3,DK,quantile,0.1,63.48742125181226
2026-09-09,ILI incidence,2026-09-20,3,DK,quantile,0.15,66.62129655497193
2026-09-09,ILI incidence,2026-09-20,3,DK,quantile,0.6,84.73507875291307
2026-09-09,ILI incidence,2026-09-20,3,DK,quantile,0.2,69.08593533075492
2026-09-09,ILI incidence,2026-09-20,3,DK,quantile,0.75,92.04470550024031
2026-09-09,ILI incidence,2026-09-20,3,DK,median,,80.82540724445289
2026-09-09,ILI incidence,2026-09-27,4,DK,quantile,0.95,100.72036806717031
2026-09-09,ILI incidence,2026-09-27,4,DK,quantile,0.99,108.79693929043138
2026-09-09,ILI incidence,2026-09-27,4,DK,quantile,0.975,104.41458465444862
2026-09-09,ILI incidence,2026-09-27,4,DK,quantile,0.9,97.01083191158448
2026-09-09,ILI incidence,2026-09-27,4,DK,quantile,0.5,84.41120640851736
2026-09-09,ILI incidence,2026-09-27,4,DK,quantile,0.85,94.45192073652649
2026-09-09,ILI incidence,2026-09-27,4,DK,quantile,0.45,83.21564830850528
2026-09-09,ILI incidence,2026-09-27,4,DK,quantile,0.8,92.5848163553686
2026-09-09,ILI incidence,2026-09-27,4,DK,quantile,0.35,80.84681710361258
2026-09-09,ILI incidence,2026-09-27,4,DK,quantile,0.4,81.99859383329763
2026-09-09,ILI incidence,2026-09-27,4,DK,quantile,0.55,85.647830516205
2026-09-09,ILI incidence,2026-09-27,4,DK,quantile,0.6,86.90745868725125
2026-09-09,ILI incidence,2026-09-27,4,DK,quantile,0.75,90.83052153722096
2026-09-09,ILI incidence,2026-09-27,4,DK,quantile,0.01,65.0871093994239
2026-09-09,ILI incidence,2026-09-27,4,DK,quantile,0.025,67.8644453311397
2026-09-09,ILI incidence,2026-09-27,4,DK,quantile,0.65,88.06790177770105
2026-09-09,ILI incidence,2026-09-27,4,DK,quantile,0.2,76.72471225644792
2026-09-09,ILI incidence,2026-09-27,4,DK,quantile,0.7,89.36377684621102
2026-09-09,ILI incidence,2026-09-27,4,DK,quantile,0.15,75.02592611364226
2026-09-09,ILI incidence,2026-09-27,4,DK,quantile,0.05,70.09057765065977
2026-09-09,ILI incidence,2026-09-27,4,DK,quantile,0.25,78.1560448296407
2026-09-09,ILI incidence,2026-09-27,4,DK,quantile,0.3,79.53825219894175
2026-09-09,ILI incidence,2026-09-27,4,DK,quantile,0.1,72.9064804301611
2026-09-09,ILI incidence,2026-09-27,4,DK,median,,84.41120640851736
2026-09-09,ILI incidence,2026-09-06,1,ES,quantile,0.95,13.843405182614115
2026-09-09,ILI incidence,2026-09-06,1,ES,quantile,0.975,14.473540961153278
2026-09-09,ILI incidence,2026-09-06,1,ES,quantile,0.99,15.31216202146296
2026-09-09,ILI incidence,2026-09-06,1,ES,quantile,0.85,12.605958123516807
2026-09-09,ILI incidence,2026-09-06,1,ES,quantile,0.9,13.06135648745271
2026-09-09,ILI incidence,2026-09-06,1,ES,quantile,0.8,12.259450642705403
2026-09-09,ILI incidence,2026-09-06,1,ES,quantile,0.75,11.94967051223899
2026-09-09,ILI incidence,2026-09-06,1,ES,quantile,0.7,11.69014392946772
2026-09-09,ILI incidence,2026-09-06,1,ES,quantile,0.55,11.009518148141233
2026-09-09,ILI incidence,2026-09-06,1,ES,quantile,0.6,11.219516216043981
2026-09-09,ILI incidence,2026-09-06,1,ES,quantile,0.05,8.359315743502197
2026-09-09,ILI incidence,2026-09-06,1,ES,quantile,0.1,8.846553938774813
2026-09-09,ILI incidence,2026-09-06,1,ES,quantile,0.65,11.452831778396897
2026-09-09,ILI incidence,2026-09-06,1,ES,quantile,0.4,10.348208313456812
2026-09-09,ILI incidence,2026-09-06,1,ES,quantile,0.45,10.563189621357473
2026-09-09,ILI incidence,2026-09-06,1,ES,quantile,0.5,10.791112132052778
2026-09-09,ILI incidence,2026-09-06,1,ES,quantile,0.25,9.708243380937624
2026-09-09,ILI incidence,2026-09-06,1,ES,quantile,0.3,9.920968155638011
2026-09-09,ILI incidence,2026-09-06,1,ES,quantile,0.15,9.195728220333963
2026-09-09,ILI incidence,2026-09-06,1,ES,quantile,0.2,9.466997560137951
2026-09-09,ILI incidence,2026-09-06,1,ES,quantile,0.35,10.153937997701112
2026-09-09,ILI incidence,2026-09-06,1,ES,quantile,0.025,7.952896795150327
2026-09-09,ILI incidence,2026-09-06,1,ES,quantile,0.01,7.459973289552453
2026-09-09,ILI incidence,2026-09-06,1,ES,median,,10.791112132052778
2026-09-09,ILI incidence,2026-09-13,2,ES,quantile,0.975,13.638511129793248
2026-09-09,ILI incidence,2026-09-13,2,ES,quantile,0.95,13.08760772822836
2026-09-09,ILI incidence,2026-09-13,2,ES,quantile,0.85,12.08347316859304
2026-09-09,ILI incidence,2026-09-13,2,ES,quantile,0.99,14.260728558716744
2026-09-09,ILI incidence,2026-09-13,2,ES,quantile,0.9,12.4715016497545
2026-09-09,ILI incidence,2026-09-13,2,ES,quantile,0.75,11.531370970687977
2026-09-09,ILI incidence,2026-09-13,2,ES,quantile,0.8,11.781517574043598
2026-09-09,ILI incidence,2026-09-13,2,ES,quantile,0.7,11.31824614683743
2026-09-09,ILI incidence,2026-09-13,2,ES,quantile,0.65,11.126658850755998
2026-09-09,ILI incidence,2026-09-13,2,ES,quantile,0.01,7.801736189404615
2026-09-09,ILI incidence,2026-09-13,2,ES,quantile,0.6,10.932802011907164
2026-09-09,ILI incidence,2026-09-13,2,ES,quantile,0.55,10.759081428100975
2026-09-09,ILI incidence,2026-09-13,2,ES,quantile,0.5,10.589346109579795
2026-09-09,ILI incidence,2026-09-13,2,ES,quantile,0.4,10.257388871537406
2026-09-09,ILI incidence,2026-09-13,2,ES,quantile,0.1,8.997237073138896
2026-09-09,ILI incidence,2026-09-13,2,ES,quantile,0.35,10.09479125376964
2026-09-09,ILI incidence,2026-09-13,2,ES,quantile,0.3,9.913791449953749
2026-09-09,ILI incidence,2026-09-13,2,ES,quantile,0.45,10.424833083181705
2026-09-09,ILI incidence,2026-09-13,2,ES,quantile,0.15,9.275275232546663
2026-09-09,ILI incidence,2026-09-13,2,ES,quantile,0.05,8.581651517889389
2026-09-09,ILI incidence,2026-09-13,2,ES,quantile,0.2,9.532519236353405
2026-09-09,ILI incidence,2026-09-13,2,ES,quantile,0.25,9.726598395401203
2026-09-09,ILI incidence,2026-09-13,2,ES,quantile,0.025,8.227993099471787
2026-09-09,ILI incidence,2026-09-13,2,ES,median,,10.589346109579795
2026-09-09,ILI incidence,2026-09-20,3,ES,quantile,0.975,11.01057888553809
2026-09-09,ILI incidence,2026-09-20,3,ES,quantile,0.99,11.321782508148482
2026-09-09,ILI incidence,2026-09-20,3,ES,quantile,0.95,10.775408326647359
2026-09-09,ILI incidence,2026-09-20,3,ES,quantile,0.8,10.198886787475285
2026-09-09,ILI incidence,2026-09-20,3,ES,quantile,0.9,10.509175238124982
2026-09-09,ILI incidence,2026-09-20,3,ES,quantile,0.75,10.080577268298589
2026-09-09,ILI incidence,2026-09-20,3,ES,quantile,0.85,10.336568338586575
2026-09-09,ILI incidence,2026-09-20,3,ES,quantile,0.5,9.617805297237645
2026-09-09,ILI incidence,2026-09-20,3,ES,quantile,0.55,9.69699994824144
2026-09-09,ILI incidence,2026-09-20,3,ES,quantile,0.6,9.783849000011394
2026-09-09,ILI incidence,2026-09-20,3,ES,quantile,0.2,9.048506567742253
2026-09-09,ILI incidence,2026-09-20,3,ES,quantile,0.35,9.357278160916014
2026-09-09,ILI incidence,2026-09-20,3,ES,quantile,0.4,9.447623569517024
2026-09-09,ILI incidence,2026-09-20,3,ES,quantile,0.45,9.525448310549292
2026-09-09,ILI incidence,2026-09-20,3,ES,quantile,0.7,9.969492162612188
2026-09-09,ILI incidence,2026-09-20,3,ES,quantile,0.3,9.2608570822328
2026-09-09,ILI incidence,2026-09-20,3,ES,quantile,0.65,9.870175365609997
2026-09-09,ILI incidence,2026-09-20,3,ES,quantile,0.15,8.924422238991681
2026-09-09,ILI incidence,2026-09-20,3,ES,quantile,0.25,9.161783460173647
2026-09-09,ILI incidence,2026-09-20,3,ES,quantile,0.1,8.768072004983345
2026-09-09,ILI incidence,2026-09-20,3,ES,quantile,0.025,8.363242836422028
2026-09-09,ILI incidence,2026-09-20,3,ES,quantile,0.05,8.556365487570769
2026-09-09,ILI incidence,2026-09-20,3,ES,quantile,0.01,8.19506966868614
2026-09-09,ILI incidence,2026-09-20,3,ES,median,,9.617805297237645
2026-09-09,ILI incidence,2026-09-27,4,ES,quantile,0.025,7.982456566074214
2026-09-09,ILI incidence,2026-09-27,4,ES,quantile,0.01,7.765786231324022
2026-09-09,ILI incidence,2026-09-27,4,ES,quantile,0.05,8.168820207323266
2026-09-09,ILI incidence,2026-09-27,4,ES,quantile,0.9,10.404352388696129
2026-09-09,ILI incidence,2026-09-27,4,ES,quantile,0.975,11.038572608383591
2026-09-09,ILI incidence,2026-09-27,4,ES,quantile,0.95,10.73475991488965
2026-09-09,ILI incidence,2026-09-27,4,ES,quantile,0.99,11.395596086017486
2026-09-09,ILI incidence,2026-09-27,4,ES,quantile,0.45,9.287885708707236
2026-09-09,ILI incidence,2026-09-27,4,ES,quantile,0.75,9.915152835832856
2026-09-09,ILI incidence,2026-09-27,4,ES,quantile,0.85,10.21981483997849
2026-09-09,ILI incidence,2026-09-27,4,ES,quantile,0.1,8.42793550985534
2026-09-09,ILI incidence,2026-09-27,4,ES,quantile,0.15,8.60799957231557
2026-09-09,ILI incidence,2026-09-27,4,ES,quantile,0.8,10.06023760865155
2026-09-09,ILI incidence,2026-09-27,4,ES,quantile,0.2,8.749330845540163
2026-09-09,ILI incidence,2026-09-27,4,ES,quantile,0.25,8.868534698584973
2026-09-09,ILI incidence,2026-09-27,4,ES,quantile,0.4,9.191027117020681
2026-09-09,ILI incidence,2026-09-27,4,ES,quantile,0.3,8.98043161528834
2026-09-09,ILI incidence,2026-09-27,4,ES,quantile,0.5,9.382970701915886
2026-09-09,ILI incidence,2026-09-27,4,ES,quantile,0.35,9.083661139945836
2026-09-09,ILI incidence,2026-09-27,4,ES,quantile,0.55,9.47183674113504
2026-09-09,ILI incidence,2026-09-27,4,ES,quantile,0.6,9.573250215676362
2026-09-09,ILI incidence,2026-09-27,4,ES,quantile,0.65,9.683505482585314
2026-09-09,ILI incidence,2026-09-27,4,ES,quantile,0.7,9.796348520719148
2026-09-09,ILI incidence,2026-09-27,4,ES,median,,9.382970701915886
2026-09-09,ILI incidence,2026-09-06,1,FI,quantile,0.25,9.773724633725788
2026-09-09,ILI incidence,2026-09-06,1,FI,quantile,0.2,8.927671591835722
2026-09-09,ILI incidence,2026-09-06,1,FI,quantile,0.15,8.079533088531969
2026-09-09,ILI incidence,2026-09-06,1,FI,quantile,0.1,7.028149455419012
2026-09-09,ILI incidence,2026-09-06,1,FI,quantile,0.05,5.784842968128916
2026-09-09,ILI incidence,2026-09-06,1,FI,quantile,0.025,4.865290894703989
2026-09-09,ILI incidence,2026-09-06,1,FI,quantile,0.01,3.9414205074505317
2026-09-09,ILI incidence,2026-09-06,1,FI,quantile,0.3,10.550678742905985
2026-09-09,ILI incidence,2026-09-06,1,FI,quantile,0.99,50.379884710992584
2026-09-09,ILI incidence,2026-09-06,1,FI,quantile,0.975,40.0490460645844
2026-09-09,ILI incidence,2026-09-06,1,FI,quantile,0.95,33.903042458300106
2026-09-09,ILI incidence,2026-09-06,1,FI,quantile,0.9,27.6649984457174
2026-09-09,ILI incidence,2026-09-06,1,FI,quantile,0.35,11.307319362412764
2026-09-09,ILI incidence,2026-09-06,1,FI,quantile,0.5,13.91774355472665
2026-09-09,ILI incidence,2026-09-06,1,FI,quantile,0.45,13.04690062602469
2026-09-09,ILI incidence,2026-09-06,1,FI,quantile,0.55,14.840009644624532
2026-09-09,ILI incidence,2026-09-06,1,FI,quantile,0.6,15.867203033164644
2026-09-09,ILI incidence,2026-09-06,1,FI,quantile,0.85,24.262747120839485
2026-09-09,ILI incidence,2026-09-06,1,FI,quantile,0.4,12.12982470223372
2026-09-09,ILI incidence,2026-09-06,1,FI,quantile,0.65,17.045504533069398
2026-09-09,ILI incidence,2026-09-06,1,FI,quantile,0.8,21.978546983207153
2026-09-09,ILI incidence,2026-09-06,1,FI,quantile,0.7,18.438299885226105
2026-09-09,ILI incidence,2026-09-06,1,FI,quantile,0.75,20.021990494999393
2026-09-09,ILI incidence,2026-09-06,1,FI,median,,13.91774355472665
2026-09-09,ILI incidence,2026-09-13,2,FI,quantile,0.975,42.79279154909692
2026-09-09,ILI incidence,2026-09-13,2,FI,quantile,0.8,24.092613637935756
2026-09-09,ILI incidence,2026-09-13,2,FI,quantile,0.85,26.646443350054213
2026-09-09,ILI incidence,2026-09-13,2,FI,quantile,0.95,35.77866822763705
2026-09-09,ILI incidence,2026-09-13,2,FI,quantile,0.99,50.595810425698375
2026-09-09,ILI incidence,2026-09-13,2,FI,quantile,0.05,6.933005329391675
2026-09-09,ILI incidence,2026-09-13,2,FI,quantile,0.1,8.306972357676795
2026-09-09,ILI incidence,2026-09-13,2,FI,quantile,0.9,29.90084772736627
2026-09-09,ILI incidence,2026-09-13,2,FI,quantile,0.01,5.023716913814755
2026-09-09,ILI incidence,2026-09-13,2,FI,quantile,0.025,5.942501334467694
2026-09-09,ILI incidence,2026-09-13,2,FI,quantile,0.15,9.444232372787425
2026-09-09,ILI incidence,2026-09-13,2,FI,quantile,0.2,10.417305198825336
2026-09-09,ILI incidence,2026-09-13,2,FI,quantile,0.25,11.354084236250273
2026-09-09,ILI incidence,2026-09-13,2,FI,quantile,0.3,12.24165450961116
2026-09-09,ILI incidence,2026-09-13,2,FI,quantile,0.7,20.705787439932486
2026-09-09,ILI incidence,2026-09-13,2,FI,quantile,0.45,15.019395188795423
2026-09-09,ILI incidence,2026-09-13,2,FI,quantile,0.5,15.926472109227099
2026-09-09,ILI incidence,2026-09-13,2,FI,quantile,0.55,16.979236596653603
2026-09-09,ILI incidence,2026-09-13,2,FI,quantile,0.6,18.049679078783374
2026-09-09,ILI incidence,2026-09-13,2,FI,quantile,0.65,19.335807480398145
2026-09-09,ILI incidence,2026-09-13,2,FI,quantile,0.35,13.186141556509044
2026-09-09,ILI incidence,2026-09-13,2,FI,quantile,0.4,14.149193883520942
2026-09-09,ILI incidence,2026-09-13,2,FI,quantile,0.75,22.21858245001834
2026-09-09,ILI incidence,2026-09-13,2,FI,median,,15.926472109227099
2026-09-09,ILI incidence,2026-09-20,3,FI,quantile,0.85,27.81572410253402
2026-09-09,ILI incidence,2026-09-20,3,FI,quantile,0.3,11.96751863981821
2026-09-09,ILI incidence,2026-09-20,3,FI,quantile,0.35,12.868746983684481
2026-09-09,ILI incidence,2026-09-20,3,FI,quantile,0.9,31.590580085376722
2026-09-09,ILI incidence,2026-09-20,3,FI,quantile,0.95,38.938948381084174
2026-09-09,ILI incidence,2026-09-20,3,FI,quantile,0.975,46.40823690007629
2026-09-09,ILI incidence,2026-09-20,3,FI,quantile,0.99,58.67777453761852
2026-09-09,ILI incidence,2026-09-20,3,FI,quantile,0.55,16.801544089659448
2026-09-09,ILI incidence,2026-09-20,3,FI,quantile,0.65,19.527784309684026
2026-09-09,ILI incidence,2026-09-20,3,FI,quantile,0.7,21.08601197460655
2026-09-09,ILI incidence,2026-09-20,3,FI,quantile,0.75,22.8505722699282
2026-09-09,ILI incidence,2026-09-20,3,FI,quantile,0.05,6.405696427969771
2026-09-09,ILI incidence,2026-09-20,3,FI,quantile,0.1,7.903176125242778
2026-09-09,ILI incidence,2026-09-20,3,FI,quantile,0.15,9.053253549158404
2026-09-09,ILI incidence,2026-09-20,3,FI,quantile,0.2,10.08826576414536
2026-09-09,ILI incidence,2026-09-20,3,FI,quantile,0.25,11.033016600128635
2026-09-09,ILI incidence,2026-09-20,3,FI,quantile,0.4,13.738163028985642
2026-09-09,ILI incidence,2026-09-20,3,FI,quantile,0.45,14.688201832762989
2026-09-09,ILI incidence,2026-09-20,3,FI,quantile,0.5,15.6761492271232
2026-09-09,ILI incidence,2026-09-20,3,FI,quantile,0.6,18.062467471465535
2026-09-09,ILI incidence,2026-09-20,3,FI,quantile,0.8,24.871585897446465
2026-09-09,ILI incidence,2026-09-20,3,FI,quantile,0.025,5.428034515544716
2026-09-09,ILI incidence,2026-09-20,3,FI,quantile,0.01,4.511103665966903
2026-09-09,ILI incidence,2026-09-20,3,FI,median,,15.6761492271232
2026-09-09,ILI incidence,2026-09-06,1,GB-NIR,quantile,0.65,1.825704256198133
2026-09-09,ILI incidence,2026-09-06,1,GB-NIR,quantile,0.6,1.7514944977217812
2026-09-09,ILI incidence,2026-09-06,1,GB-NIR,quantile,0.7,1.9065017244352487
2026-09-09,ILI incidence,2026-09-06,1,GB-NIR,quantile,0.1,1.0726342664662996
2026-09-09,ILI incidence,2026-09-06,1,GB-NIR,quantile,0.55,1.6756698911953338
2026-09-09,ILI incidence,2026-09-06,1,GB-NIR,quantile,0.05,0.9570818671915834
2026-09-09,ILI incidence,2026-09-06,1,GB-NIR,quantile,0.5,1.6148343409019548
2026-09-09,ILI incidence,2026-09-06,1,GB-NIR,quantile,0.35,1.4277655564192915
2026-09-09,ILI incidence,2026-09-06,1,GB-NIR,quantile,0.4,1.487168595361168
2026-09-09,ILI incidence,2026-09-06,1,GB-NIR,quantile,0.25,1.3016418718766645
2026-09-09,ILI incidence,2026-09-06,1,GB-NIR,quantile,0.15,1.1614364817956704
2026-09-09,ILI incidence,2026-09-06,1,GB-NIR,quantile,0.025,0.8716317502172521
2026-09-09,ILI incidence,2026-09-06,1,GB-NIR,quantile,0.45,1.550713266249781
2026-09-09,ILI incidence,2026-09-06,1,GB-NIR,quantile,0.01,0.7660884255198597
2026-09-09,ILI incidence,2026-09-06,1,GB-NIR,quantile,0.2,1.2354970968601198
2026-09-09,ILI incidence,2026-09-06,1,GB-NIR,quantile,0.3,1.3639402752857341
2026-09-09,ILI incidence,2026-09-06,1,GB-NIR,quantile,0.99,3.424812967463657
2026-09-09,ILI incidence,2026-09-06,1,GB-NIR,quantile,0.75,2.001206406652612
2026-09-09,ILI incidence,2026-09-06,1,GB-NIR,quantile,0.8,2.112318586481055
2026-09-09,ILI incidence,2026-09-06,1,GB-NIR,quantile,0.85,2.2461902299492555
2026-09-09,ILI incidence,2026-09-06,1,GB-NIR,quantile,0.9,2.4313205903908006
2026-09-09,ILI incidence,2026-09-06,1,GB-NIR,quantile,0.95,2.7319862326690196
2026-09-09,ILI incidence,2026-09-06,1,GB-NIR,quantile,0.975,3.0145362346700533
2026-09-09,ILI incidence,2026-09-06,1,GB-NIR,median,,1.6148343409019548
2026-09-09,ILI incidence,2026-09-13,2,GB-NIR,quantile,0.99,4.53269085601139
2026-09-09,ILI incidence,2026-09-13,2,GB-NIR,quantile,0.975,3.8325054526412083
2026-09-09,ILI incidence,2026-09-13,2,GB-NIR,quantile,0.55,1.6666210966566364
2026-09-09,ILI incidence,2026-09-13,2,GB-NIR,quantile,0.7,2.0021226754717323
2026-09-09,ILI incidence,2026-09-13,2,GB-NIR,quantile,0.85,2.5081104163574333
2026-09-09,ILI incidence,2026-09-13,2,GB-NIR,quantile,0.95,3.3294021505538445
2026-09-09,ILI incidence,2026-09-13,2,GB-NIR,quantile,0.9,2.785937967840628
2026-09-09,ILI incidence,2026-09-13,2,GB-NIR,quantile,0.75,2.1399087042944993
2026-09-09,ILI incidence,2026-09-13,2,GB-NIR,quantile,0.8,2.2993746093164353
2026-09-09,ILI incidence,2026-09-13,2,GB-NIR,quantile,0.65,1.8820447432901555
2026-09-09,ILI incidence,2026-09-13,2,GB-NIR,quantile,0.6,1.7706379330761508
2026-09-09,ILI incidence,2026-09-13,2,GB-NIR,quantile,0.35,1.3171424417493505
2026-09-09,ILI incidence,2026-09-13,2,GB-NIR,quantile,0.5,1.5710468779232278
2026-09-09,ILI incidence,2026-09-13,2,GB-NIR,quantile,0.45,1.4799081102485507
2026-09-09,ILI incidence,2026-09-13,2,GB-NIR,quantile,0.3,1.227523452811754
2026-09-09,ILI incidence,2026-09-13,2,GB-NIR,quantile,0.4,1.3966570252942285
2026-09-09,ILI incidence,2026-09-13,2,GB-NIR,quantile,0.01,0.5300640026377179
2026-09-09,ILI incidence,2026-09-13,2,GB-NIR,quantile,0.025,0.6361509490013597
2026-09-09,ILI incidence,2026-09-13,2,GB-NIR,quantile,0.2,1.0594657505754133
2026-09-09,ILI incidence,2026-09-13,2,GB-NIR,quantile,0.05,0.7346649049429625
2026-09-09,ILI incidence,2026-09-13,2,GB-NIR,quantile,0.25,1.1461633103906848
2026-09-09,ILI incidence,2026-09-13,2,GB-NIR,quantile,0.15,0.9668798035293074
2026-09-09,ILI incidence,2026-09-13,2,GB-NIR,quantile,0.1,0.8635477094060023
2026-09-09,ILI incidence,2026-09-13,2,GB-NIR,median,,1.5710468779232278
2026-09-09,ILI incidence,2026-09-20,3,GB-NIR,quantile,0.99,3.957236433874024
2026-09-09,ILI incidence,2026-09-20,3,GB-NIR,quantile,0.975,3.4660826029936214
2026-09-09,ILI incidence,2026-09-20,3,GB-NIR,quantile,0.95,3.079726834890533
2026-09-09,ILI incidence,2026-09-20,3,GB-NIR,quantile,0.8,2.350044250686884
2026-09-09,ILI incidence,2026-09-20,3,GB-NIR,quantile,0.85,2.5123055025761065
2026-09-09,ILI incidence,2026-09-20,3,GB-NIR,quantile,0.9,2.7321720709915924
2026-09-09,ILI incidence,2026-09-20,3,GB-NIR,quantile,0.75,2.222406181356069
2026-09-09,ILI incidence,2026-09-20,3,GB-NIR,quantile,0.7,2.1135774926131927
2026-09-09,ILI incidence,2026-09-20,3,GB-NIR,quantile,0.65,2.021706639007502
2026-09-09,ILI incidence,2026-09-20,3,GB-NIR,quantile,0.6,1.9351121740356305
2026-09-09,ILI incidence,2026-09-20,3,GB-NIR,quantile,0.55,1.8534375973855814
2026-09-09,ILI incidence,2026-09-20,3,GB-NIR,quantile,0.45,1.6945844104509378
2026-09-09,ILI incidence,2026-09-20,3,GB-NIR,quantile,0.3,1.4818453173146695
2026-09-09,ILI incidence,2026-09-20,3,GB-NIR,quantile,0.5,1.769836905293101
2026-09-09,ILI incidence,2026-09-20,3,GB-NIR,quantile,0.1,1.146437055614073
2026-09-09,ILI incidence,2026-09-20,3,GB-NIR,quantile,0.4,1.6215940525059143
2026-09-09,ILI incidence,2026-09-20,3,GB-NIR,quantile,0.2,1.3369604698095898
2026-09-09,ILI incidence,2026-09-20,3,GB-NIR,quantile,0.35,1.550903559154412
2026-09-09,ILI incidence,2026-09-20,3,GB-NIR,quantile,0.25,1.4130852048472031
2026-09-09,ILI incidence,2026-09-20,3,GB-NIR,quantile,0.15,1.2493043650471052
2026-09-09,ILI incidence,2026-09-20,3,GB-NIR,quantile,0.01,0.7839160300976481
2026-09-09,ILI incidence,2026-09-20,3,GB-NIR,quantile,0.05,1.012783125114206
2026-09-09,ILI incidence,2026-09-20,3,GB-NIR,quantile,0.025,0.9143587092722009
2026-09-09,ILI incidence,2026-09-20,3,GB-NIR,median,,1.769836905293101
2026-09-09,ILI incidence,2026-09-27,4,GB-NIR,quantile,0.15,1.4105777549789322
2026-09-09,ILI incidence,2026-09-27,4,GB-NIR,quantile,0.1,1.3546381182560838
2026-09-09,ILI incidence,2026-09-27,4,GB-NIR,quantile,0.025,1.2186388239846697
2026-09-09,ILI incidence,2026-09-27,4,GB-NIR,quantile,0.2,1.451119018517796
2026-09-09,ILI incidence,2026-09-27,4,GB-NIR,quantile,0.01,1.1622809013722928
2026-09-09,ILI incidence,2026-09-27,4,GB-NIR,quantile,0.05,1.277687097770996
2026-09-09,ILI incidence,2026-09-27,4,GB-NIR,quantile,0.3,1.520267362370463
2026-09-09,ILI incidence,2026-09-27,4,GB-NIR,quantile,0.25,1.4867532093468365
2026-09-09,ILI incidence,2026-09-27,4,GB-NIR,quantile,0.85,1.9287999899512849
2026-09-09,ILI incidence,2026-09-27,4,GB-NIR,quantile,0.9,2.0016205648989898
2026-09-09,ILI incidence,2026-09-27,4,GB-NIR,quantile,0.95,2.127408349730051
2026-09-09,ILI incidence,2026-09-27,4,GB-NIR,quantile,0.65,1.7423387953810563
2026-09-09,ILI incidence,2026-09-27,4,GB-NIR,quantile,0.35,1.5527580842297666
2026-09-09,ILI incidence,2026-09-27,4,GB-NIR,quantile,0.6,1.7098741169256089
2026-09-09,ILI incidence,2026-09-27,4,GB-NIR,quantile,0.4,1.583630961993249
2026-09-09,ILI incidence,2026-09-27,4,GB-NIR,quantile,0.45,1.6176817619307415
2026-09-09,ILI incidence,2026-09-27,4,GB-NIR,quantile,0.55,1.6780564803124196
2026-09-09,ILI incidence,2026-09-27,4,GB-NIR,quantile,0.975,2.2308953501438133
2026-09-09,ILI incidence,2026-09-27,4,GB-NIR,quantile,0.5,1.6472919102688017
2026-09-09,ILI incidence,2026-09-27,4,GB-NIR,quantile,0.99,2.3554173595321055
2026-09-09,ILI incidence,2026-09-27,4,GB-NIR,quantile,0.7,1.7793943162113903
2026-09-09,ILI incidence,2026-09-27,4,GB-NIR,quantile,0.75,1.8217098855716165
2026-09-09,ILI incidence,2026-09-27,4,GB-NIR,quantile,0.8,1.869949080674253
2026-09-09,ILI incidence,2026-09-27,4,GB-NIR,median,,1.6472919102688017
2026-09-09,ILI incidence,2026-09-13,2,GB-WLS,quantile,0.01,0.14538752409725025
2026-09-09,ILI incidence,2026-09-13,2,GB-WLS,quantile,0.2,0.4115376381719592
2026-09-09,ILI incidence,2026-09-13,2,GB-WLS,quantile,0.25,0.4635528464076182
2026-09-09,ILI incidence,2026-09-13,2,GB-WLS,quantile,0.3,0.5147394483398233
2026-09-09,ILI incidence,2026-09-13,2,GB-WLS,quantile,0.35,0.5696432045948007
2026-09-09,ILI incidence,2026-09-13,2,GB-WLS,quantile,0.4,0.6275061186406958
2026-09-09,ILI incidence,2026-09-13,2,GB-WLS,quantile,0.45,0.6877864862881093
2026-09-09,ILI incidence,2026-09-13,2,GB-WLS,quantile,0.95,2.430567634063303
2026-09-09,ILI incidence,2026-09-13,2,GB-WLS,quantile,0.975,3.0021536307275487
2026-09-09,ILI incidence,2026-09-13,2,GB-WLS,quantile,0.99,3.9344207347785436
2026-09-09,ILI incidence,2026-09-13,2,GB-WLS,quantile,0.025,0.18798556110221254
2026-09-09,ILI incidence,2026-09-13,2,GB-WLS,quantile,0.05,0.23388172161511317
2026-09-09,ILI incidence,2026-09-13,2,GB-WLS,quantile,0.1,0.3036172766785404
2026-09-09,ILI incidence,2026-09-13,2,GB-WLS,quantile,0.15,0.3647004692541232
2026-09-09,ILI incidence,2026-09-13,2,GB-WLS,quantile,0.5,0.7513639259658491
2026-09-09,ILI incidence,2026-09-13,2,GB-WLS,quantile,0.55,0.8235410107865011
2026-09-09,ILI incidence,2026-09-13,2,GB-WLS,quantile,0.6,0.8983860167825359
2026-09-09,ILI incidence,2026-09-13,2,GB-WLS,quantile,0.65,0.9835339543314423
2026-09-09,ILI incidence,2026-09-13,2,GB-WLS,quantile,0.7,1.0932739781057816
2026-09-09,ILI incidence,2026-09-13,2,GB-WLS,quantile,0.75,1.2130291038932746
2026-09-09,ILI incidence,2026-09-13,2,GB-WLS,quantile,0.8,1.3612099980485066
2026-09-09,ILI incidence,2026-09-13,2,GB-WLS,quantile,0.85,1.5633404598813179
2026-09-09,ILI incidence,2026-09-13,2,GB-WLS,quantile,0.9,1.8824117802221707
2026-09-09,ILI incidence,2026-09-13,2,GB-WLS,median,,0.7513639259658491
2026-09-09,ILI incidence,2026-09-20,3,GB-WLS,quantile,0.2,0.5665669188852102
2026-09-09,ILI incidence,2026-09-20,3,GB-WLS,quantile,0.25,0.6467042712785271
2026-09-09,ILI incidence,2026-09-20,3,GB-WLS,quantile,0.5,1.1140643702283528
2026-09-09,ILI incidence,2026-09-20,3,GB-WLS,quantile,0.7,1.7070999389921644
2026-09-09,ILI incidence,2026-09-20,3,GB-WLS,quantile,0.8,2.1954115505271727
2026-09-09,ILI incidence,2026-09-20,3,GB-WLS,quantile,0.15,0.48846023938594196
2026-09-09,ILI incidence,2026-09-20,3,GB-WLS,quantile,0.6,1.3603980491615506
2026-09-09,ILI incidence,2026-09-20,3,GB-WLS,quantile,0.75,1.9162316627648694
2026-09-09,ILI incidence,2026-09-20,3,GB-WLS,quantile,0.3,0.7294516928795833
2026-09-09,ILI incidence,2026-09-20,3,GB-WLS,quantile,0.65,1.5172476589420332
2026-09-09,ILI incidence,2026-09-20,3,GB-WLS,quantile,0.35,0.8119833929210346
2026-09-09,ILI incidence,2026-09-20,3,GB-WLS,quantile,0.4,0.9047933860371861
2026-09-09,ILI incidence,2026-09-20,3,GB-WLS,quantile,0.45,1.0060008703185892
2026-09-09,ILI incidence,2026-09-20,3,GB-WLS,quantile,0.55,1.2369980373857268
2026-09-09,ILI incidence,2026-09-20,3,GB-WLS,quantile,0.1,0.4015050744284312
2026-09-09,ILI incidence,2026-09-20,3,GB-WLS,quantile,0.85,2.564414335766256
2026-09-09,ILI incidence,2026-09-20,3,GB-WLS,quantile,0.025,0.2339258257019259
2026-09-09,ILI incidence,2026-09-20,3,GB-WLS,quantile,0.05,0.3003479294498023
2026-09-09,ILI incidence,2026-09-20,3,GB-WLS,quantile,0.01,0.17605316774591573
2026-09-09,ILI incidence,2026-09-20,3,GB-WLS,quantile,0.9,3.105026814260721
2026-09-09,ILI incidence,2026-09-20,3,GB-WLS,quantile,0.95,4.174138682287748
2026-09-09,ILI incidence,2026-09-20,3,GB-WLS,quantile,0.975,5.355695391220107
2026-09-09,ILI incidence,2026-09-20,3,GB-WLS,quantile,0.99,7.043078363802027
2026-09-09,ILI incidence,2026-09-20,3,GB-WLS,median,,1.1140643702283528
2026-09-09,ILI incidence,2026-09-27,4,GB-WLS,quantile,0.1,0.3608611104859433
2026-09-09,ILI incidence,2026-09-27,4,GB-WLS,quantile,0.15,0.4274292234820165
2026-09-09,ILI incidence,2026-09-27,4,GB-WLS,quantile,0.2,0.4917045714461776
2026-09-09,ILI incidence,2026-09-27,4,GB-WLS,quantile,0.25,0.5581625464993631
2026-09-09,ILI incidence,2026-09-27,4,GB-WLS,quantile,0.3,0.6200413894018225
2026-09-09,ILI incidence,2026-09-27,4,GB-WLS,quantile,0.35,0.6916236385221254
2026-09-09,ILI incidence,2026-09-27,4,GB-WLS,quantile,0.4,0.7631771116355163
2026-09-09,ILI incidence,2026-09-27,4,GB-WLS,quantile,0.45,0.8427990766550761
2026-09-09,ILI incidence,2026-09-27,4,GB-WLS,quantile,0.5,0.9247352840168817
2026-09-09,ILI incidence,2026-09-27,4,GB-WLS,quantile,0.55,1.0164202806444895
2026-09-09,ILI incidence,2026-09-27,4,GB-WLS,quantile,0.6,1.117816786364479
2026-09-09,ILI incidence,2026-09-27,4,GB-WLS,quantile,0.65,1.2272087220030772
2026-09-09,ILI incidence,2026-09-27,4,GB-WLS,quantile,0.7,1.360770900476632
2026-09-09,ILI incidence,2026-09-27,4,GB-WLS,quantile,0.75,1.520246798885277
2026-09-09,ILI incidence,2026-09-27,4,GB-WLS,quantile,0.8,1.7121593610179655
2026-09-09,ILI incidence,2026-09-27,4,GB-WLS,quantile,0.9,2.4031612678952508
2026-09-09,ILI incidence,2026-09-27,4,GB-WLS,quantile,0.95,3.1011895913126657
2026-09-09,ILI incidence,2026-09-27,4,GB-WLS,quantile,0.975,3.875764936140471
2026-09-09,ILI incidence,2026-09-27,4,GB-WLS,quantile,0.99,5.340877819199031
2026-09-09,ILI incidence,2026-09-27,4,GB-WLS,quantile,0.85,1.9835171010862829
2026-09-09,ILI incidence,2026-09-27,4,GB-WLS,quantile,0.01,0.16267481559451288
2026-09-09,ILI incidence,2026-09-27,4,GB-WLS,quantile,0.025,0.21698230971937438
2026-09-09,ILI incidence,2026-09-27,4,GB-WLS,quantile,0.05,0.271076989686817
2026-09-09,ILI incidence,2026-09-27,4,GB-WLS,median,,0.9247352840168817
2026-09-09,ILI incidence,2026-09-06,1,GR,quantile,0.75,314.0829908315666
2026-09-09,ILI incidence,2026-09-06,1,GR,quantile,0.5,277.57598933631505
2026-09-09,ILI incidence,2026-09-06,1,GR,quantile,0.7,305.0221225726373
2026-09-09,ILI incidence,2026-09-06,1,GR,quantile,0.4,264.85387850458153
2026-09-09,ILI incidence,2026-09-06,1,GR,quantile,0.8,323.19231844065916
2026-09-09,ILI incidence,2026-09-06,1,GR,quantile,0.45,271.0840187863849
2026-09-09,ILI incidence,2026-09-06,1,GR,quantile,0.25,244.8078971137483
2026-09-09,ILI incidence,2026-09-06,1,GR,quantile,0.35,258.6485060663415
2026-09-09,ILI incidence,2026-09-06,1,GR,quantile,0.15,229.70427595383148
2026-09-09,ILI incidence,2026-09-06,1,GR,quantile,0.3,252.04772093020875
2026-09-09,ILI incidence,2026-09-06,1,GR,quantile,0.1,220.461924624685
2026-09-09,ILI incidence,2026-09-06,1,GR,quantile,0.2,237.94815651435155
2026-09-09,ILI incidence,2026-09-06,1,GR,quantile,0.55,284.0014538124767
2026-09-09,ILI incidence,2026-09-06,1,GR,quantile,0.65,297.4522544455372
2026-09-09,ILI incidence,2026-09-06,1,GR,quantile,0.85,334.7246701177416
2026-09-09,ILI incidence,2026-09-06,1,GR,quantile,0.025,195.39745670975427
2026-09-09,ILI incidence,2026-09-06,1,GR,quantile,0.05,206.62359311583597
2026-09-09,ILI incidence,2026-09-06,1,GR,quantile,0.9,350.0845083762494
2026-09-09,ILI incidence,2026-09-06,1,GR,quantile,0.6,290.61694169127765
2026-09-09,ILI incidence,2026-09-06,1,GR,quantile,0.01,182.20795426465287
2026-09-09,ILI incidence,2026-09-06,1,GR,quantile,0.99,420.68284818564155
2026-09-09,ILI incidence,2026-09-06,1,GR,quantile,0.95,372.26541026416214
2026-09-09,ILI incidence,2026-09-06,1,GR,quantile,0.975,393.1456539531117
2026-09-09,ILI incidence,2026-09-06,1,GR,median,,277.57598933631505
2026-09-09,ILI incidence,2026-09-13,2,GR,quantile,0.75,321.8007796447066
2026-09-09,ILI incidence,2026-09-13,2,GR,quantile,0.8,335.08762208440265
2026-09-09,ILI incidence,2026-09-13,2,GR,quantile,0.85,350.7724485106266
2026-09-09,ILI incidence,2026-09-13,2,GR,quantile,0.55,280.6607987168975
2026-09-09,ILI incidence,2026-09-13,2,GR,quantile,0.6,289.8760847162389
2026-09-09,ILI incidence,2026-09-13,2,GR,quantile,0.975,443.7797621949146
2026-09-09,ILI incidence,2026-09-13,2,GR,quantile,0.99,479.73132171934424
2026-09-09,ILI incidence,2026-09-13,2,GR,quantile,0.9,372.8935262265701
2026-09-09,ILI incidence,2026-09-13,2,GR,quantile,0.95,408.8081389273405
2026-09-09,ILI incidence,2026-09-13,2,GR,quantile,0.5,272.40577934079374
2026-09-09,ILI incidence,2026-09-13,2,GR,quantile,0.15,210.31892647946157
2026-09-09,ILI incidence,2026-09-13,2,GR,quantile,0.45,263.61226552408607
2026-09-09,ILI incidence,2026-09-13,2,GR,quantile,0.05,181.1745391415601
2026-09-09,ILI incidence,2026-09-13,2,GR,quantile,0.65,299.59687097250645
2026-09-09,ILI incidence,2026-09-13,2,GR,quantile,0.1,198.26129453594217
2026-09-09,ILI incidence,2026-09-13,2,GR,quantile,0.7,309.47186982326167
2026-09-09,ILI incidence,2026-09-13,2,GR,quantile,0.025,167.9001182515878
2026-09-09,ILI incidence,2026-09-13,2,GR,quantile,0.01,153.32034477763696
2026-09-09,ILI incidence,2026-09-13,2,GR,quantile,0.4,255.38414318070625
2026-09-09,ILI incidence,2026-09-13,2,GR,quantile,0.35,247.00695466896647
2026-09-09,ILI incidence,2026-09-13,2,GR,quantile,0.2,221.0649735806403
2026-09-09,ILI incidence,2026-09-13,2,GR,quantile,0.25,230.33853078040946
2026-09-09,ILI incidence,2026-09-13,2,GR,quantile,0.3,238.56166726887682
2026-09-09,ILI incidence,2026-09-13,2,GR,median,,272.40577934079374
2026-09-09,ILI incidence,2026-09-20,3,GR,quantile,0.1,222.2665395768833
2026-09-09,ILI incidence,2026-09-20,3,GR,quantile,0.025,203.24420841969268
2026-09-09,ILI incidence,2026-09-20,3,GR,quantile,0.05,212.94956848114572
2026-09-09,ILI incidence,2026-09-20,3,GR,quantile,0.15,228.85928850985465
2026-09-09,ILI incidence,2026-09-20,3,GR,quantile,0.4,253.18835897329578
2026-09-09,ILI incidence,2026-09-20,3,GR,quantile,0.3,244.29064503519254
2026-09-09,ILI incidence,2026-09-20,3,GR,quantile,0.35,248.76112799352575
2026-09-09,ILI incidence,2026-09-20,3,GR,quantile,0.25,239.78567569762902
2026-09-09,ILI incidence,2026-09-20,3,GR,quantile,0.99,352.44362336156894
2026-09-09,ILI incidence,2026-09-20,3,GR,quantile,0.45,257.2727768523446
2026-09-09,ILI incidence,2026-09-20,3,GR,quantile,0.975,335.6357480674368
2026-09-09,ILI incidence,2026-09-20,3,GR,quantile,0.01,194.1788955024326
2026-09-09,ILI incidence,2026-09-20,3,GR,quantile,0.2,234.71826140488065
2026-09-09,ILI incidence,2026-09-20,3,GR,quantile,0.95,322.99860284289747
2026-09-09,ILI incidence,2026-09-20,3,GR,quantile,0.5,261.18047277606024
2026-09-09,ILI incidence,2026-09-20,3,GR,quantile,0.85,298.77310712621477
2026-09-09,ILI incidence,2026-09-20,3,GR,quantile,0.9,308.06380997857775
2026-09-09,ILI incidence,2026-09-20,3,GR,quantile,0.8,291.05358209743196
2026-09-09,ILI incidence,2026-09-20,3,GR,quantile,0.75,284.8438627128056
2026-09-09,ILI incidence,2026-09-20,3,GR,quantile,0.7,279.46637485551616
2026-09-09,ILI incidence,2026-09-20,3,GR,quantile,0.6,269.6730108962239
2026-09-09,ILI incidence,2026-09-20,3,GR,quantile,0.65,274.3283369342325
2026-09-09,ILI incidence,2026-09-20,3,GR,quantile,0.55,265.4940521521249
2026-09-09,ILI incidence,2026-09-20,3,GR,median,,261.18047277606024
2026-09-09,ILI incidence,2026-09-27,4,GR,quantile,0.5,288.29949371363773
2026-09-09,ILI incidence,2026-09-27,4,GR,quantile,0.4,275.3961521935014
2026-09-09,ILI incidence,2026-09-27,4,GR,quantile,0.45,281.7311775474591
2026-09-09,ILI incidence,2026-09-27,4,GR,quantile,0.35,268.9945545891469
2026-09-09,ILI incidence,2026-09-27,4,GR,quantile,0.05,212.00951673396506
2026-09-09,ILI incidence,2026-09-27,4,GR,quantile,0.1,227.6088579593252
2026-09-09,ILI incidence,2026-09-27,4,GR,quantile,0.3,262.1332743418229
2026-09-09,ILI incidence,2026-09-27,4,GR,quantile,0.55,295.0310809450899
2026-09-09,ILI incidence,2026-09-27,4,GR,quantile,0.6,302.206164736177
2026-09-09,ILI incidence,2026-09-27,4,GR,quantile,0.2,247.18783190812093
2026-09-09,ILI incidence,2026-09-27,4,GR,quantile,0.025,200.95609449565816
2026-09-09,ILI incidence,2026-09-27,4,GR,quantile,0.01,187.9814118285568
2026-09-09,ILI incidence,2026-09-27,4,GR,quantile,0.25,255.17790934906412
2026-09-09,ILI incidence,2026-09-27,4,GR,quantile,0.75,327.60114146048915
2026-09-09,ILI incidence,2026-09-27,4,GR,quantile,0.15,238.70017041941546
2026-09-09,ILI incidence,2026-09-27,4,GR,quantile,0.7,318.01299678797665
2026-09-09,ILI incidence,2026-09-27,4,GR,quantile,0.8,338.12883984654343
2026-09-09,ILI incidence,2026-09-27,4,GR,quantile,0.975,414.1352541359982
2026-09-09,ILI incidence,2026-09-27,4,GR,quantile,0.95,391.48818992247914
2026-09-09,ILI incidence,2026-09-27,4,GR,quantile,0.65,309.383648491189
2026-09-09,ILI incidence,2026-09-27,4,GR,quantile,0.85,350.211390777041
2026-09-09,ILI incidence,2026-09-27,4,GR,quantile,0.9,366.8416670869019
2026-09-09,ILI incidence,2026-09-27,4,GR,quantile,0.99,441.5157499069037
2026-09-09,ILI incidence,2026-09-27,4,GR,median,,288.29949371363773
2026-09-09,ILI incidence,2026-09-20,3,HR,quantile,0.99,6.786370099351456
2026-09-09,ILI incidence,2026-09-20,3,HR,quantile,0.975,3.4031132492838942
2026-09-09,ILI incidence,2026-09-20,3,HR,quantile,0.01,0.0010422636521710074
2026-09-09,ILI incidence,2026-09-20,3,HR,quantile,0.8,0.44851360354709774
2026-09-09,ILI incidence,2026-09-20,3,HR,quantile,0.95,1.9206392128040015
2026-09-09,ILI incidence,2026-09-20,3,HR,quantile,0.9,1.0035659209772911
2026-09-09,ILI incidence,2026-09-20,3,HR,quantile,0.025,0.0021754313780501275
2026-09-09,ILI incidence,2026-09-20,3,HR,quantile,0.75,0.32483001503762016
2026-09-09,ILI incidence,2026-09-20,3,HR,quantile,0.45,0.06843656145702512
2026-09-09,ILI incidence,2026-09-20,3,HR,quantile,0.05,0.0038007445472118782
2026-09-09,ILI incidence,2026-09-20,3,HR,quantile,0.85,0.6250779066351221
2026-09-09,ILI incidence,2026-09-20,3,HR,quantile,0.1,0.0076047984942803105
2026-09-09,ILI incidence,2026-09-20,3,HR,quantile,0.4,0.05281627655387852
2026-09-09,ILI incidence,2026-09-20,3,HR,quantile,0.7,0.23783271988249363
2026-09-09,ILI incidence,2026-09-20,3,HR,quantile,0.6,0.14321191669186542
2026-09-09,ILI incidence,2026-09-20,3,HR,quantile,0.65,0.1824818211949702
2026-09-09,ILI incidence,2026-09-20,3,HR,quantile,0.15,0.012066745533660066
2026-09-09,ILI incidence,2026-09-20,3,HR,quantile,0.2,0.01746256083127551
2026-09-09,ILI incidence,2026-09-20,3,HR,quantile,0.25,0.024069811737306
2026-09-09,ILI incidence,2026-09-20,3,HR,quantile,0.5,0.08869418456487382
2026-09-09,ILI incidence,2026-09-20,3,HR,quantile,0.55,0.11470654507036845
2026-09-09,ILI incidence,2026-09-20,3,HR,quantile,0.3,0.031686022031365
2026-09-09,ILI incidence,2026-09-20,3,HR,quantile,0.35,0.040826459690661156
2026-09-09,ILI incidence,2026-09-20,3,HR,median,,0.08869418456487382
2026-09-09,ILI incidence,2026-09-27,4,HR,quantile,0.4,0.42517591441789204
2026-09-09,ILI incidence,2026-09-27,4,HR,quantile,0.35,0.3379490839079772
2026-09-09,ILI incidence,2026-09-27,4,HR,quantile,0.3,0.26608439971835285
2026-09-09,ILI incidence,2026-09-27,4,HR,quantile,0.99,36.99810091667468
2026-09-09,ILI incidence,2026-09-27,4,HR,quantile,0.5,0.6557780132243007
2026-09-09,ILI incidence,2026-09-27,4,HR,quantile,0.55,0.8299109800766074
2026-09-09,ILI incidence,2026-09-27,4,HR,quantile,0.6,1.0393631158986925
2026-09-09,ILI incidence,2026-09-27,4,HR,quantile,0.25,0.20140962714526173
2026-09-09,ILI incidence,2026-09-27,4,HR,quantile,0.45,0.5271025546642418
2026-09-09,ILI incidence,2026-09-27,4,HR,quantile,0.95,12.51274421996897
2026-09-09,ILI incidence,2026-09-27,4,HR,quantile,0.025,0.02078210356437208
2026-09-09,ILI incidence,2026-09-27,4,HR,quantile,0.975,20.45855994598585
2026-09-09,ILI incidence,2026-09-27,4,HR,quantile,0.85,4.1340182848076115
2026-09-09,ILI incidence,2026-09-27,4,HR,quantile,0.9,6.361550879842074
2026-09-09,ILI incidence,2026-09-27,4,HR,quantile,0.01,0.010686563614270126
2026-09-09,ILI incidence,2026-09-27,4,HR,quantile,0.7,1.682814958888586
2026-09-09,ILI incidence,2026-09-27,4,HR,quantile,0.75,2.150618127784224
2026-09-09,ILI incidence,2026-09-27,4,HR,quantile,0.8,2.904692033487159
2026-09-09,ILI incidence,2026-09-27,4,HR,quantile,0.65,1.3186667099186735
2026-09-09,ILI incidence,2026-09-27,4,HR,quantile,0.2,0.15220406561548283
2026-09-09,ILI incidence,2026-09-27,4,HR,quantile,0.15,0.10928478364990823
2026-09-09,ILI incidence,2026-09-27,4,HR,quantile,0.05,0.036605267235793035
2026-09-09,ILI incidence,2026-09-27,4,HR,quantile,0.1,0.07082568687409348
2026-09-09,ILI incidence,2026-09-27,4,HR,median,,0.6557780132243007
2026-09-09,ILI incidence,2026-09-06,1,HU,quantile,0.99,55.93814620951952
2026-09-09,ILI incidence,2026-09-06,1,HU,quantile,0.3,34.605985227494514
2026-09-09,ILI incidence,2026-09-06,1,HU,quantile,0.975,52.40287513380602
2026-09-09,ILI incidence,2026-09-06,1,HU,quantile,0.95,49.917488436602994
2026-09-09,ILI incidence,2026-09-06,1,HU,quantile,0.55,38.640125641243074
2026-09-09,ILI incidence,2026-09-06,1,HU,quantile,0.75,42.34019173127041
2026-09-09,ILI incidence,2026-09-06,1,HU,quantile,0.5,37.862271319924766
2026-09-09,ILI incidence,2026-09-06,1,HU,quantile,0.9,46.81837964436345
2026-09-09,ILI incidence,2026-09-06,1,HU,quantile,0.45,37.00288890255172
2026-09-09,ILI incidence,2026-09-06,1,HU,quantile,0.35,35.4375192723067
2026-09-09,ILI incidence,2026-09-06,1,HU,quantile,0.4,36.2251398036124
2026-09-09,ILI incidence,2026-09-06,1,HU,quantile,0.6,39.42619156088353
2026-09-09,ILI incidence,2026-09-06,1,HU,quantile,0.8,43.525925045632114
2026-09-09,ILI incidence,2026-09-06,1,HU,quantile,0.85,44.93793713196535
2026-09-09,ILI incidence,2026-09-06,1,HU,quantile,0.2,32.846421894018896
2026-09-09,ILI incidence,2026-09-06,1,HU,quantile,0.15,31.802522463027923
2026-09-09,ILI incidence,2026-09-06,1,HU,quantile,0.1,30.535678737052564
2026-09-09,ILI incidence,2026-09-06,1,HU,quantile,0.65,40.32505128853331
2026-09-09,ILI incidence,2026-09-06,1,HU,quantile,0.25,33.75031169371981
2026-09-09,ILI incidence,2026-09-06,1,HU,quantile,0.7,41.26417794910782
2026-09-09,ILI incidence,2026-09-06,1,HU,quantile,0.05,28.772082778499268
2026-09-09,ILI incidence,2026-09-06,1,HU,quantile,0.01,25.721007188736042
2026-09-09,ILI incidence,2026-09-06,1,HU,quantile,0.025,27.26072021031529
2026-09-09,ILI incidence,2026-09-06,1,HU,median,,37.862271319924766
2026-09-09,ILI incidence,2026-09-13,2,HU,quantile,0.01,10.286784957054701
2026-09-09,ILI incidence,2026-09-13,2,HU,quantile,0.05,16.703963537214506
2026-09-09,ILI incidence,2026-09-13,2,HU,quantile,0.1,21.46373059974892
2026-09-09,ILI incidence,2026-09-13,2,HU,quantile,0.025,13.41556209603415
2026-09-09,ILI incidence,2026-09-13,2,HU,quantile,0.2,28.71990337491943
2026-09-09,ILI incidence,2026-09-13,2,HU,quantile,0.975,201.3516887697462
2026-09-09,ILI incidence,2026-09-13,2,HU,quantile,0.15,25.314240650177222
2026-09-09,ILI incidence,2026-09-13,2,HU,quantile,0.25,31.768443648397078
2026-09-09,ILI incidence,2026-09-13,2,HU,quantile,0.3,35.16659137936496
2026-09-09,ILI incidence,2026-09-13,2,HU,quantile,0.35,39.18893241079749
2026-09-09,ILI incidence,2026-09-13,2,HU,quantile,0.4,42.905806309021386
2026-09-09,ILI incidence,2026-09-13,2,HU,quantile,0.99,259.55816845834613
2026-09-09,ILI incidence,2026-09-13,2,HU,quantile,0.5,51.13180472612277
2026-09-09,ILI incidence,2026-09-13,2,HU,quantile,0.45,46.85802362621082
2026-09-09,ILI incidence,2026-09-13,2,HU,quantile,0.75,82.19794347190575
2026-09-09,ILI incidence,2026-09-13,2,HU,quantile,0.95,162.93944170091828
2026-09-09,ILI incidence,2026-09-13,2,HU,quantile,0.8,93.3134320774034
2026-09-09,ILI incidence,2026-09-13,2,HU,quantile,0.85,106.98323763858222
2026-09-09,ILI incidence,2026-09-13,2,HU,quantile,0.9,125.98235784190668
2026-09-09,ILI incidence,2026-09-13,2,HU,quantile,0.7,73.71216424542814
2026-09-09,ILI incidence,2026-09-13,2,HU,quantile,0.6,61.1951294098523
2026-09-09,ILI incidence,2026-09-13,2,HU,quantile,0.55,56.18121601331237
2026-09-09,ILI incidence,2026-09-13,2,HU,quantile,0.65,67.037605649225
2026-09-09,ILI incidence,2026-09-13,2,HU,median,,51.13180472612277
2026-09-09,ILI incidence,2026-09-20,3,HU,quantile,0.99,298.9670384331494
2026-09-09,ILI incidence,2026-09-20,3,HU,quantile,0.95,169.10030290064552
2026-09-09,ILI incidence,2026-09-20,3,HU,quantile,0.975,221.55745483639197
2026-09-09,ILI incidence,2026-09-20,3,HU,quantile,0.9,125.18371712304071
2026-09-09,ILI incidence,2026-09-20,3,HU,quantile,0.7,66.41057912376164
2026-09-09,ILI incidence,2026-09-20,3,HU,quantile,0.85,101.06317395765484
2026-09-09,ILI incidence,2026-09-20,3,HU,quantile,0.8,86.66073385946694
2026-09-09,ILI incidence,2026-09-20,3,HU,quantile,0.6,52.89728916358533
2026-09-09,ILI incidence,2026-09-20,3,HU,quantile,0.65,59.21338849612001
2026-09-09,ILI incidence,2026-09-20,3,HU,quantile,0.75,74.99212206912867
2026-09-09,ILI incidence,2026-09-20,3,HU,quantile,0.45,38.57981837108544
2026-09-09,ILI incidence,2026-09-20,3,HU,quantile,0.5,42.613128221051234
2026-09-09,ILI incidence,2026-09-20,3,HU,quantile,0.35,30.733428172319435
2026-09-09,ILI incidence,2026-09-20,3,HU,quantile,0.55,47.59913870602736
2026-09-09,ILI incidence,2026-09-20,3,HU,quantile,0.4,34.676245201944454
2026-09-09,ILI incidence,2026-09-20,3,HU,quantile,0.25,23.890693873601375
2026-09-09,ILI incidence,2026-09-20,3,HU,quantile,0.3,27.15368317297696
2026-09-09,ILI incidence,2026-09-20,3,HU,quantile,0.15,17.679119149538522
2026-09-09,ILI incidence,2026-09-20,3,HU,quantile,0.1,14.35277921588945
2026-09-09,ILI incidence,2026-09-20,3,HU,quantile,0.2,20.755119447085036
2026-09-09,ILI incidence,2026-09-20,3,HU,quantile,0.025,7.92280157675084
2026-09-09,ILI incidence,2026-09-20,3,HU,quantile,0.05,10.579387886752329
2026-09-09,ILI incidence,2026-09-20,3,HU,quantile,0.01,5.8801452233749325
2026-09-09,ILI incidence,2026-09-20,3,HU,median,,42.613128221051234
2026-09-09,ILI incidence,2026-09-27,4,HU,quantile,0.01,2.7444928477687696
2026-09-09,ILI incidence,2026-09-27,4,HU,quantile,0.99,276.362942298983
2026-09-09,ILI incidence,2026-09-27,4,HU,quantile,0.025,4.001253323094441
2026-09-09,ILI incidence,2026-09-27,4,HU,quantile,0.975,195.78006499657732
2026-09-09,ILI incidence,2026-09-27,4,HU,quantile,0.9,102.6901397162678
2026-09-09,ILI incidence,2026-09-27,4,HU,quantile,0.95,146.65660038992172
2026-09-09,ILI incidence,2026-09-27,4,HU,quantile,0.75,55.684502252055594
2026-09-09,ILI incidence,2026-09-27,4,HU,quantile,0.85,79.27191152580369
2026-09-09,ILI incidence,2026-09-27,4,HU,quantile,0.7,47.69354521572868
2026-09-09,ILI incidence,2026-09-27,4,HU,quantile,0.6,36.69547155677352
2026-09-09,ILI incidence,2026-09-27,4,HU,quantile,0.8,65.18658658690919
2026-09-09,ILI incidence,2026-09-27,4,HU,quantile,0.65,41.560154213157325
2026-09-09,ILI incidence,2026-09-27,4,HU,quantile,0.2,12.628740783782387
2026-09-09,ILI incidence,2026-09-27,4,HU,quantile,0.55,32.47762229771468
2026-09-09,ILI incidence,2026-09-27,4,HU,quantile,0.15,10.333627242944674
2026-09-09,ILI incidence,2026-09-27,4,HU,quantile,0.35,19.796496608967463
2026-09-09,ILI incidence,2026-09-27,4,HU,quantile,0.45,25.34383465137093
2026-09-09,ILI incidence,2026-09-27,4,HU,quantile,0.5,28.48486127028545
2026-09-09,ILI incidence,2026-09-27,4,HU,quantile,0.4,22.31519783453966
2026-09-09,ILI incidence,2026-09-27,4,HU,quantile,0.3,17.2917243623796
2026-09-09,ILI incidence,2026-09-27,4,HU,quantile,0.25,14.955217160478853
2026-09-09,ILI incidence,2026-09-27,4,HU,quantile,0.1,8.172371010730453
2026-09-09,ILI incidence,2026-09-27,4,HU,quantile,0.05,5.646819552637718
2026-09-09,ILI incidence,2026-09-27,4,HU,median,,28.48486127028545
2026-09-09,ILI incidence,2026-09-06,1,IE,quantile,0.01,0.3785075952213165
2026-09-09,ILI incidence,2026-09-06,1,IE,quantile,0.025,0.45889326130589975
2026-09-09,ILI incidence,2026-09-06,1,IE,quantile,0.05,0.5292701978842315
2026-09-09,ILI incidence,2026-09-06,1,IE,quantile,0.1,0.6193013579257607
2026-09-09,ILI incidence,2026-09-06,1,IE,quantile,0.15,0.6944526071748356
2026-09-09,ILI incidence,2026-09-06,1,IE,quantile,0.2,0.7639225924680768
2026-09-09,ILI incidence,2026-09-06,1,IE,quantile,0.25,0.8212380958100199
2026-09-09,ILI incidence,2026-09-06,1,IE,quantile,0.65,1.336918698412656
2026-09-09,ILI incidence,2026-09-06,1,IE,quantile,0.6,1.254416082576594
2026-09-09,ILI incidence,2026-09-06,1,IE,quantile,0.99,3.366849985732299
2026-09-09,ILI incidence,2026-09-06,1,IE,quantile,0.5,1.1163208191378402
2026-09-09,ILI incidence,2026-09-06,1,IE,quantile,0.7,1.4257687584277956
2026-09-09,ILI incidence,2026-09-06,1,IE,quantile,0.75,1.518833076793274
2026-09-09,ILI incidence,2026-09-06,1,IE,quantile,0.975,2.860863181634267
2026-09-09,ILI incidence,2026-09-06,1,IE,quantile,0.55,1.1838076858057067
2026-09-09,ILI incidence,2026-09-06,1,IE,quantile,0.95,2.446155382106341
2026-09-09,ILI incidence,2026-09-06,1,IE,quantile,0.4,0.9951210000244893
2026-09-09,ILI incidence,2026-09-06,1,IE,quantile,0.8,1.6399800921458645
2026-09-09,ILI incidence,2026-09-06,1,IE,quantile,0.9,2.0050268353088296
2026-09-09,ILI incidence,2026-09-06,1,IE,quantile,0.45,1.057693980381573
2026-09-09,ILI incidence,2026-09-06,1,IE,quantile,0.3,0.8816992698315027
2026-09-09,ILI incidence,2026-09-06,1,IE,quantile,0.35,0.9377344548796035
2026-09-09,ILI incidence,2026-09-06,1,IE,quantile,0.85,1.7936948781113646
2026-09-09,ILI incidence,2026-09-06,1,IE,median,,1.1163208191378402
2026-09-09,ILI incidence,2026-09-13,2,IE,quantile,0.4,1.1748144677149974
2026-09-09,ILI incidence,2026-09-13,2,IE,quantile,0.35,1.068847066478014
2026-09-09,ILI incidence,2026-09-13,2,IE,quantile,0.25,0.8718043606867611
2026-09-09,ILI incidence,2026-09-13,2,IE,quantile,0.3,0.9694720619761008
2026-09-09,ILI incidence,2026-09-13,2,IE,quantile,0.15,0.6693581532270183
2026-09-09,ILI incidence,2026-09-13,2,IE,quantile,0.1,0.56239577910271
2026-09-09,ILI incidence,2026-09-13,2,IE,quantile,0.2,0.7808889639932258
2026-09-09,ILI incidence,2026-09-13,2,IE,quantile,0.05,0.4307483946814973
2026-09-09,ILI incidence,2026-09-13,2,IE,quantile,0.025,0.3468453127291625
2026-09-09,ILI incidence,2026-09-13,2,IE,quantile,0.01,0.27291666429013706
2026-09-09,ILI incidence,2026-09-13,2,IE,quantile,0.45,1.2867151923145408
2026-09-09,ILI incidence,2026-09-13,2,IE,quantile,0.5,1.4094165335483018
2026-09-09,ILI incidence,2026-09-13,2,IE,quantile,0.55,1.5420513314222704
2026-09-09,ILI incidence,2026-09-13,2,IE,quantile,0.6,1.6919582469972037
2026-09-09,ILI incidence,2026-09-13,2,IE,quantile,0.65,1.8457811996316233
2026-09-09,ILI incidence,2026-09-13,2,IE,quantile,0.7,2.0434720408163676
2026-09-09,ILI incidence,2026-09-13,2,IE,quantile,0.75,2.2760269388029286
2026-09-09,ILI incidence,2026-09-13,2,IE,quantile,0.8,2.5543007991729043
2026-09-09,ILI incidence,2026-09-13,2,IE,quantile,0.85,2.922843854862154
2026-09-09,ILI incidence,2026-09-13,2,IE,quantile,0.9,3.5063319469280394
2026-09-09,ILI incidence,2026-09-13,2,IE,quantile,0.95,4.513310937971939
2026-09-09,ILI incidence,2026-09-13,2,IE,quantile,0.975,5.645977864150882
2026-09-09,ILI incidence,2026-09-13,2,IE,quantile,0.99,7.166355840404238
2026-09-09,ILI incidence,2026-09-13,2,IE,median,,1.4094165335483018
2026-09-09,ILI incidence,2026-09-20,3,IE,quantile,0.01,0.37257726821340603
2026-09-09,ILI incidence,2026-09-20,3,IE,quantile,0.025,0.44633708493893004
2026-09-09,ILI incidence,2026-09-20,3,IE,quantile,0.99,3.8609091170243444
2026-09-09,ILI incidence,2026-09-20,3,IE,quantile,0.05,0.535739686789669
2026-09-09,ILI incidence,2026-09-20,3,IE,quantile,0.1,0.6358196545282523
2026-09-09,ILI incidence,2026-09-20,3,IE,quantile,0.15,0.7184296315331132
2026-09-09,ILI incidence,2026-09-20,3,IE,quantile,0.2,0.7918324517086748
2026-09-09,ILI incidence,2026-09-20,3,IE,quantile,0.25,0.8547970065086179
2026-09-09,ILI incidence,2026-09-20,3,IE,quantile,0.3,0.9276032071218827
2026-09-09,ILI incidence,2026-09-20,3,IE,quantile,0.35,0.9957593575531516
2026-09-09,ILI incidence,2026-09-20,3,IE,quantile,0.4,1.0691710582874987
2026-09-09,ILI incidence,2026-09-20,3,IE,quantile,0.45,1.1419017121660038
2026-09-09,ILI incidence,2026-09-20,3,IE,quantile,0.5,1.218969312635282
2026-09-09,ILI incidence,2026-09-20,3,IE,quantile,0.55,1.3017748898970756
2026-09-09,ILI incidence,2026-09-20,3,IE,quantile,0.6,1.3905086001904878
2026-09-09,ILI incidence,2026-09-20,3,IE,quantile,0.65,1.4897596169589766
2026-09-09,ILI incidence,2026-09-20,3,IE,quantile,0.7,1.5983983391471686
2026-09-09,ILI incidence,2026-09-20,3,IE,quantile,0.75,1.7182180560363136
2026-09-09,ILI incidence,2026-09-20,3,IE,quantile,0.8,1.8724787758766488
2026-09-09,ILI incidence,2026-09-20,3,IE,quantile,0.85,2.070408604159142
2026-09-09,ILI incidence,2026-09-20,3,IE,quantile,0.9,2.3341993870644178
2026-09-09,ILI incidence,2026-09-20,3,IE,quantile,0.975,3.2532461997573923
2026-09-09,ILI incidence,2026-09-20,3,IE,quantile,0.95,2.792778930998265
2026-09-09,ILI incidence,2026-09-20,3,IE,median,,1.218969312635282
2026-09-09,ILI incidence,2026-09-27,4,IE,quantile,0.01,0.42770081398891063
2026-09-09,ILI incidence,2026-09-27,4,IE,quantile,0.025,0.5052401179344403
2026-09-09,ILI incidence,2026-09-27,4,IE,quantile,0.05,0.5775165081383646
2026-09-09,ILI incidence,2026-09-27,4,IE,quantile,0.15,0.7410688268326736
2026-09-09,ILI incidence,2026-09-27,4,IE,quantile,0.2,0.8119454787592899
2026-09-09,ILI incidence,2026-09-27,4,IE,quantile,0.3,0.9301792837684477
2026-09-09,ILI incidence,2026-09-27,4,IE,quantile,0.25,0.8736039247795578
2026-09-09,ILI incidence,2026-09-27,4,IE,quantile,0.35,0.9859752678444482
2026-09-09,ILI incidence,2026-09-27,4,IE,quantile,0.1,0.6694619865430427
2026-09-09,ILI incidence,2026-09-27,4,IE,quantile,0.8,1.6632970282826227
2026-09-09,ILI incidence,2026-09-27,4,IE,quantile,0.85,1.8126446944793522
2026-09-09,ILI incidence,2026-09-27,4,IE,quantile,0.4,1.0389131033990457
2026-09-09,ILI incidence,2026-09-27,4,IE,quantile,0.45,1.093240994343315
2026-09-09,ILI incidence,2026-09-27,4,IE,quantile,0.5,1.1499031892027096
2026-09-09,ILI incidence,2026-09-27,4,IE,quantile,0.7,1.4469845944280642
2026-09-09,ILI incidence,2026-09-27,4,IE,quantile,0.65,1.3585376744158522
2026-09-09,ILI incidence,2026-09-27,4,IE,quantile,0.75,1.5449414524064826
2026-09-09,ILI incidence,2026-09-27,4,IE,quantile,0.6,1.2904067094848448
2026-09-09,ILI incidence,2026-09-27,4,IE,quantile,0.55,1.2141246013294444
2026-09-09,ILI incidence,2026-09-27,4,IE,quantile,0.9,2.014849748251055
2026-09-09,ILI incidence,2026-09-27,4,IE,quantile,0.95,2.3312150036227233
2026-09-09,ILI incidence,2026-09-27,4,IE,quantile,0.99,3.1878467792754432
2026-09-09,ILI incidence,2026-09-27,4,IE,quantile,0.975,2.668374137500836
2026-09-09,ILI incidence,2026-09-27,4,IE,median,,1.1499031892027096
2026-09-09,ILI incidence,2026-09-20,3,IS,quantile,0.025,0.27551980630120393
2026-09-09,ILI incidence,2026-09-20,3,IS,quantile,0.01,0.2475700129427012
2026-09-09,ILI incidence,2026-09-20,3,IS,quantile,0.25,0.40511198061768805
2026-09-09,ILI incidence,2026-09-20,3,IS,quantile,0.3,0.42257380085628027
2026-09-09,ILI incidence,2026-09-20,3,IS,quantile,0.1,0.336170392451226
2026-09-09,ILI incidence,2026-09-20,3,IS,quantile,0.2,0.38583037905205014
2026-09-09,ILI incidence,2026-09-20,3,IS,quantile,0.15,0.36267981394250765
2026-09-09,ILI incidence,2026-09-20,3,IS,quantile,0.05,0.3006025680721974
2026-09-09,ILI incidence,2026-09-20,3,IS,quantile,0.35,0.4391680876759786
2026-09-09,ILI incidence,2026-09-20,3,IS,quantile,0.4,0.4552772123829354
2026-09-09,ILI incidence,2026-09-20,3,IS,quantile,0.9,0.7118083804782996
2026-09-09,ILI incidence,2026-09-20,3,IS,quantile,0.95,0.7903039888061595
2026-09-09,ILI incidence,2026-09-20,3,IS,quantile,0.85,0.6634243809572044
2026-09-09,ILI incidence,2026-09-20,3,IS,quantile,0.8,0.6249880133911385
2026-09-09,ILI incidence,2026-09-20,3,IS,quantile,0.45,0.47226982130566775
2026-09-09,ILI incidence,2026-09-20,3,IS,quantile,0.65,0.5483303503118505
2026-09-09,ILI incidence,2026-09-20,3,IS,quantile,0.6,0.5270953487530871
2026-09-09,ILI incidence,2026-09-20,3,IS,quantile,0.55,0.5081699039508552
2026-09-09,ILI incidence,2026-09-20,3,IS,quantile,0.5,0.49068082768225696
2026-09-09,ILI incidence,2026-09-20,3,IS,quantile,0.75,0.5957545073323501
2026-09-09,ILI incidence,2026-09-20,3,IS,quantile,0.7,0.57151744639908
2026-09-09,ILI incidence,2026-09-20,3,IS,quantile,0.975,0.8680192698506903
2026-09-09,ILI incidence,2026-09-20,3,IS,quantile,0.99,0.9682333731878685
2026-09-09,ILI incidence,2026-09-20,3,IS,median,,0.49068082768225696
2026-09-09,ILI incidence,2026-09-27,4,IS,quantile,0.99,0.16779527410625947
2026-09-09,ILI incidence,2026-09-27,4,IS,quantile,0.05,0.07736173786311125
2026-09-09,ILI incidence,2026-09-27,4,IS,quantile,0.025,0.07317657050176901
2026-09-09,ILI incidence,2026-09-27,4,IS,quantile,0.85,0.13063376831645546
2026-09-09,ILI incidence,2026-09-27,4,IS,quantile,0.95,0.1471426057090352
2026-09-09,ILI incidence,2026-09-27,4,IS,quantile,0.975,0.15648649050244565
2026-09-09,ILI incidence,2026-09-27,4,IS,quantile,0.7,0.11833619419402475
2026-09-09,ILI incidence,2026-09-27,4,IS,quantile,0.01,0.06836203439026453
2026-09-09,ILI incidence,2026-09-27,4,IS,quantile,0.8,0.1258863604635333
2026-09-09,ILI incidence,2026-09-27,4,IS,quantile,0.9,0.1368174157783411
2026-09-09,ILI incidence,2026-09-27,4,IS,quantile,0.75,0.12174518102538778
2026-09-09,ILI incidence,2026-09-27,4,IS,quantile,0.1,0.08298259328160157
2026-09-09,ILI incidence,2026-09-27,4,IS,quantile,0.55,0.10912061092216277
2026-09-09,ILI incidence,2026-09-27,4,IS,quantile,0.65,0.11502811530194332
2026-09-09,ILI incidence,2026-09-27,4,IS,quantile,0.6,0.11195457778861245
2026-09-09,ILI incidence,2026-09-27,4,IS,quantile,0.5,0.1064684359701363
2026-09-09,ILI incidence,2026-09-27,4,IS,quantile,0.15,0.08700358332440933
2026-09-09,ILI incidence,2026-09-27,4,IS,quantile,0.45,0.10393153230673222
2026-09-09,ILI incidence,2026-09-27,4,IS,quantile,0.35,0.09871868725328056
2026-09-09,ILI incidence,2026-09-27,4,IS,quantile,0.4,0.10141448288094414
2026-09-09,ILI incidence,2026-09-27,4,IS,quantile,0.25,0.09332144738823779
2026-09-09,ILI incidence,2026-09-27,4,IS,quantile,0.2,0.09026101682580985
2026-09-09,ILI incidence,2026-09-27,4,IS,quantile,0.3,0.09603784052967908
2026-09-09,ILI incidence,2026-09-27,4,IS,median,,0.1064684359701363
2026-09-09,ILI incidence,2026-09-06,1,LT,quantile,0.4,2.137157641367983
2026-09-09,ILI incidence,2026-09-06,1,LT,quantile,0.35,2.0248811620488976
2026-09-09,ILI incidence,2026-09-06,1,LT,quantile,0.3,1.9139728118827848
2026-09-09,ILI incidence,2026-09-06,1,LT,quantile,0.45,2.2511746448586254
2026-09-09,ILI incidence,2026-09-06,1,LT,quantile,0.5,2.3603218620166584
2026-09-09,ILI incidence,2026-09-06,1,LT,quantile,0.55,2.4825019438373275
2026-09-09,ILI incidence,2026-09-06,1,LT,quantile,0.6,2.614409771432821
2026-09-09,ILI incidence,2026-09-06,1,LT,quantile,0.99,5.991797103701889
2026-09-09,ILI incidence,2026-09-06,1,LT,quantile,0.975,5.2588929918869205
2026-09-09,ILI incidence,2026-09-06,1,LT,quantile,0.95,4.600822299297209
2026-09-09,ILI incidence,2026-09-06,1,LT,quantile,0.7,2.924450459679077
2026-09-09,ILI incidence,2026-09-06,1,LT,quantile,0.9,3.968624250736224
2026-09-09,ILI incidence,2026-09-06,1,LT,quantile,0.85,3.609328068991509
2026-09-09,ILI incidence,2026-09-06,1,LT,quantile,0.25,1.8030222647457814
2026-09-09,ILI incidence,2026-09-06,1,LT,quantile,0.65,2.756948909787403
2026-09-09,ILI incidence,2026-09-06,1,LT,quantile,0.75,3.1054299400873457
2026-09-09,ILI incidence,2026-09-06,1,LT,quantile,0.8,3.327060424204281
2026-09-09,ILI incidence,2026-09-06,1,LT,quantile,0.01,0.926800379034593
2026-09-09,ILI incidence,2026-09-06,1,LT,quantile,0.15,1.557716981884711
2026-09-09,ILI incidence,2026-09-06,1,LT,quantile,0.2,1.684848594320496
2026-09-09,ILI incidence,2026-09-06,1,LT,quantile,0.025,1.0743312286184976
2026-09-09,ILI incidence,2026-09-06,1,LT,quantile,0.05,1.2194211671694344
2026-09-09,ILI incidence,2026-09-06,1,LT,quantile,0.1,1.414863007572159
2026-09-09,ILI incidence,2026-09-06,1,LT,median,,2.3603218620166584
2026-09-09,ILI incidence,2026-09-13,2,LT,quantile,0.9,7.328166484093995
2026-09-09,ILI incidence,2026-09-13,2,LT,quantile,0.7,4.429121309858567
2026-09-09,ILI incidence,2026-09-13,2,LT,quantile,0.75,4.875522152053452
2026-09-09,ILI incidence,2026-09-13,2,LT,quantile,0.8,5.412559161459387
2026-09-09,ILI incidence,2026-09-13,2,LT,quantile,0.99,14.023805261123442
2026-09-09,ILI incidence,2026-09-13,2,LT,quantile,0.975,11.223242712711684
2026-09-09,ILI incidence,2026-09-13,2,LT,quantile,0.85,6.2179647127192466
2026-09-09,ILI incidence,2026-09-13,2,LT,quantile,0.95,9.163862121326263
2026-09-09,ILI incidence,2026-09-13,2,LT,quantile,0.5,3.112377449298016
2026-09-09,ILI incidence,2026-09-13,2,LT,quantile,0.6,3.6904824695813367
2026-09-09,ILI incidence,2026-09-13,2,LT,quantile,0.65,4.048823669836822
2026-09-09,ILI incidence,2026-09-13,2,LT,quantile,0.55,3.37678502569048
2026-09-09,ILI incidence,2026-09-13,2,LT,quantile,0.4,2.6295658520603262
2026-09-09,ILI incidence,2026-09-13,2,LT,quantile,0.2,1.819070662171532
2026-09-09,ILI incidence,2026-09-13,2,LT,quantile,0.15,1.5846132896227232
2026-09-09,ILI incidence,2026-09-13,2,LT,quantile,0.3,2.2340146410072057
2026-09-09,ILI incidence,2026-09-13,2,LT,quantile,0.35,2.443621082147401
2026-09-09,ILI incidence,2026-09-13,2,LT,quantile,0.45,2.87448864982846
2026-09-09,ILI incidence,2026-09-13,2,LT,quantile,0.25,2.0249373751857584
2026-09-09,ILI incidence,2026-09-13,2,LT,quantile,0.1,1.3733553805778733
2026-09-09,ILI incidence,2026-09-13,2,LT,quantile,0.05,1.0796027287624228
2026-09-09,ILI incidence,2026-09-13,2,LT,quantile,0.025,0.8873878467988311
2026-09-09,ILI incidence,2026-09-13,2,LT,quantile,0.01,0.6829492157846612
2026-09-09,ILI incidence,2026-09-13,2,LT,median,,3.112377449298016
2026-09-09,ILI incidence,2026-09-20,3,LT,quantile,0.99,87.18077969506535
2026-09-09,ILI incidence,2026-09-20,3,LT,quantile,0.6,6.941730878890776
2026-09-09,ILI incidence,2026-09-20,3,LT,quantile,0.4,3.7111012854315213
2026-09-09,ILI incidence,2026-09-20,3,LT,quantile,0.5,5.034538885400193
2026-09-09,ILI incidence,2026-09-20,3,LT,quantile,0.55,5.934450318363785
2026-09-09,ILI incidence,2026-09-20,3,LT,quantile,0.3,2.702661827967186
2026-09-09,ILI incidence,2026-09-20,3,LT,quantile,0.45,4.34204132523237
2026-09-09,ILI incidence,2026-09-20,3,LT,quantile,0.75,11.468938361399612
2026-09-09,ILI incidence,2026-09-20,3,LT,quantile,0.25,2.246244835330402
2026-09-09,ILI incidence,2026-09-20,3,LT,quantile,0.35,3.174067504950825
2026-09-09,ILI incidence,2026-09-20,3,LT,quantile,0.025,0.4932647830588333
2026-09-09,ILI incidence,2026-09-20,3,LT,quantile,0.65,8.186588919536613
2026-09-09,ILI incidence,2026-09-20,3,LT,quantile,0.7,9.582487416410704
2026-09-09,ILI incidence,2026-09-20,3,LT,quantile,0.2,1.8702288082307148
2026-09-09,ILI incidence,2026-09-20,3,LT,quantile,0.01,0.31500204209981136
2026-09-09,ILI incidence,2026-09-20,3,LT,quantile,0.05,0.7067103884813594
2026-09-09,ILI incidence,2026-09-20,3,LT,quantile,0.15,1.4888829597546844
2026-09-09,ILI incidence,2026-09-20,3,LT,quantile,0.8,13.822626828199926
2026-09-09,ILI incidence,2026-09-20,3,LT,quantile,0.95,37.99908499979601
2026-09-09,ILI incidence,2026-09-20,3,LT,quantile,0.975,56.04969703439901
2026-09-09,ILI incidence,2026-09-20,3,LT,quantile,0.1,1.1206209952435053
2026-09-09,ILI incidence,2026-09-20,3,LT,quantile,0.85,17.565757716057725
2026-09-09,ILI incidence,2026-09-20,3,LT,quantile,0.9,23.809736339946415
2026-09-09,ILI incidence,2026-09-20,3,LT,median,,5.034538885400193
2026-09-09,ILI incidence,2026-09-27,4,LT,quantile,0.5,8.971051411421545
2026-09-09,ILI incidence,2026-09-27,4,LT,quantile,0.45,7.136587532636219
2026-09-09,ILI incidence,2026-09-27,4,LT,quantile,0.35,4.490343162303704
2026-09-09,ILI incidence,2026-09-27,4,LT,quantile,0.4,5.686413139969476
2026-09-09,ILI incidence,2026-09-27,4,LT,quantile,0.15,1.3745208189163032
2026-09-09,ILI incidence,2026-09-27,4,LT,quantile,0.3,3.426899425404989
2026-09-09,ILI incidence,2026-09-27,4,LT,quantile,0.2,1.9450472900534286
2026-09-09,ILI incidence,2026-09-27,4,LT,quantile,0.25,2.5926017814851754
2026-09-09,ILI incidence,2026-09-27,4,LT,quantile,0.55,11.18210721296775
2026-09-09,ILI incidence,2026-09-27,4,LT,quantile,0.6,14.158166720101782
2026-09-09,ILI incidence,2026-09-27,4,LT,quantile,0.65,18.18470648764939
2026-09-09,ILI incidence,2026-09-27,4,LT,quantile,0.01,0.15257019962493507
2026-09-09,ILI incidence,2026-09-27,4,LT,quantile,0.025,0.2816578428955279
2026-09-09,ILI incidence,2026-09-27,4,LT,quantile,0.1,0.8889025679504646
2026-09-09,ILI incidence,2026-09-27,4,LT,quantile,0.75,31.114200745008503
2026-09-09,ILI incidence,2026-09-27,4,LT,quantile,0.7,23.78377818574019
2026-09-09,ILI incidence,2026-09-27,4,LT,quantile,0.8,41.79612155293623
2026-09-09,ILI incidence,2026-09-27,4,LT,quantile,0.95,168.42340064931082
2026-09-09,ILI incidence,2026-09-27,4,LT,quantile,0.05,0.4735506613243028
2026-09-09,ILI incidence,2026-09-27,4,LT,quantile,0.9,87.72714682425348
2026-09-09,ILI incidence,2026-09-27,4,LT,quantile,0.85,58.12937662349031
2026-09-09,ILI incidence,2026-09-27,4,LT,quantile,0.975,291.1320801876816
2026-09-09,ILI incidence,2026-09-27,4,LT,quantile,0.99,554.8091450012932
2026-09-09,ILI incidence,2026-09-27,4,LT,median,,8.971051411421545
2026-09-09,ILI incidence,2026-09-06,1,LU,quantile,0.75,3804.8948775699396
2026-09-09,ILI incidence,2026-09-06,1,LU,quantile,0.65,3505.5057186971244
2026-09-09,ILI incidence,2026-09-06,1,LU,quantile,0.35,2859.1062272693125
2026-09-09,ILI incidence,2026-09-06,1,LU,quantile,0.7,3641.1130340579575
2026-09-09,ILI incidence,2026-09-06,1,LU,quantile,0.8,3971.936603041745
2026-09-09,ILI incidence,2026-09-06,1,LU,quantile,0.9,4467.716252819935
2026-09-09,ILI incidence,2026-09-06,1,LU,quantile,0.85,4194.136063200609
2026-09-09,ILI incidence,2026-09-06,1,LU,quantile,0.4,2960.1827163937814
2026-09-09,ILI incidence,2026-09-06,1,LU,quantile,0.55,3277.082222367555
2026-09-09,ILI incidence,2026-09-06,1,LU,quantile,0.3,2758.272887616031
2026-09-09,ILI incidence,2026-09-06,1,LU,quantile,0.95,4902.987637405754
2026-09-09,ILI incidence,2026-09-06,1,LU,quantile,0.6,3389.810227806347
2026-09-09,ILI incidence,2026-09-06,1,LU,quantile,0.05,2059.920694205012
2026-09-09,ILI incidence,2026-09-06,1,LU,quantile,0.1,2240.1034507978425
2026-09-09,ILI incidence,2026-09-06,1,LU,quantile,0.45,3068.9642722882027
2026-09-09,ILI incidence,2026-09-06,1,LU,quantile,0.025,1883.5660498612888
2026-09-09,ILI incidence,2026-09-06,1,LU,quantile,0.15,2396.5660402670746
2026-09-09,ILI incidence,2026-09-06,1,LU,quantile,0.25,2641.7313189792603
2026-09-09,ILI incidence,2026-09-06,1,LU,quantile,0.99,5954.403810904332
2026-09-09,ILI incidence,2026-09-06,1,LU,quantile,0.5,3171.551994591531
2026-09-09,ILI incidence,2026-09-06,1,LU,quantile,0.01,1719.3995375546629
2026-09-09,ILI incidence,2026-09-06,1,LU,quantile,0.975,5329.758265109884
2026-09-09,ILI incidence,2026-09-06,1,LU,quantile,0.2,2520.327224894484
2026-09-09,ILI incidence,2026-09-06,1,LU,median,,3171.551994591531
2026-09-09,ILI incidence,2026-09-13,2,LU,quantile,0.6,1837.695466024768
2026-09-09,ILI incidence,2026-09-13,2,LU,quantile,0.45,1435.5462881320502
2026-09-09,ILI incidence,2026-09-13,2,LU,quantile,0.1,707.2759459834988
2026-09-09,ILI incidence,2026-09-13,2,LU,quantile,0.55,1700.6056357420716
2026-09-09,ILI incidence,2026-09-13,2,LU,quantile,0.99,6939.7988389003785
2026-09-09,ILI incidence,2026-09-13,2,LU,quantile,0.5,1563.445961640979
2026-09-09,ILI incidence,2026-09-13,2,LU,quantile,0.975,5414.137785530341
2026-09-09,ILI incidence,2026-09-13,2,LU,quantile,0.4,1324.747705000107
2026-09-09,ILI incidence,2026-09-13,2,LU,quantile,0.35,1224.9272979960183
2026-09-09,ILI incidence,2026-09-13,2,LU,quantile,0.05,560.3436030750133
2026-09-09,ILI incidence,2026-09-13,2,LU,quantile,0.15,824.1360124837756
2026-09-09,ILI incidence,2026-09-13,2,LU,quantile,0.3,1129.0682198728423
2026-09-09,ILI incidence,2026-09-13,2,LU,quantile,0.65,2010.894105779962
2026-09-09,ILI incidence,2026-09-13,2,LU,quantile,0.2,917.9019174950761
2026-09-09,ILI incidence,2026-09-13,2,LU,quantile,0.25,1028.0097111540654
2026-09-09,ILI incidence,2026-09-13,2,LU,quantile,0.01,365.1124252825754
2026-09-09,ILI incidence,2026-09-13,2,LU,quantile,0.025,458.3782729209872
2026-09-09,ILI incidence,2026-09-13,2,LU,quantile,0.7,2194.2101271593774
2026-09-09,ILI incidence,2026-09-13,2,LU,quantile,0.9,3532.5997991453955
2026-09-09,ILI incidence,2026-09-13,2,LU,quantile,0.75,2435.167962880802
2026-09-09,ILI incidence,2026-09-13,2,LU,quantile,0.95,4406.908519083141
2026-09-09,ILI incidence,2026-09-13,2,LU,quantile,0.85,3045.3640455789873
2026-09-09,ILI incidence,2026-09-13,2,LU,quantile,0.8,2708.398526359891
2026-09-09,ILI incidence,2026-09-13,2,LU,median,,1563.445961640979
2026-09-09,ILI incidence,2026-09-20,3,LU,quantile,0.99,15776.847125093445
2026-09-09,ILI incidence,2026-09-20,3,LU,quantile,0.9,6088.602343764314
2026-09-09,ILI incidence,2026-09-20,3,LU,quantile,0.975,11454.822842013687
2026-09-09,ILI incidence,2026-09-20,3,LU,quantile,0.95,8488.628752624478
2026-09-09,ILI incidence,2026-09-20,3,LU,quantile,0.85,4935.433015720477
2026-09-09,ILI incidence,2026-09-20,3,LU,quantile,0.7,3115.4828115385426
2026-09-09,ILI incidence,2026-09-20,3,LU,quantile,0.8,4112.954344788283
2026-09-09,ILI incidence,2026-09-20,3,LU,quantile,0.75,3553.635107784623
2026-09-09,ILI incidence,2026-09-20,3,LU,quantile,0.65,2776.4394510685356
2026-09-09,ILI incidence,2026-09-20,3,LU,quantile,0.55,2202.68594517224
2026-09-09,ILI incidence,2026-09-20,3,LU,quantile,0.6,2461.6195372723923
2026-09-09,ILI incidence,2026-09-20,3,LU,quantile,0.5,1949.8035206225436
2026-09-09,ILI incidence,2026-09-20,3,LU,quantile,0.35,1358.6876541352594
2026-09-09,ILI incidence,2026-09-20,3,LU,quantile,0.4,1530.886572824386
2026-09-09,ILI incidence,2026-09-20,3,LU,quantile,0.25,1038.2831788191288
2026-09-09,ILI incidence,2026-09-20,3,LU,quantile,0.45,1730.2028044580263
2026-09-09,ILI incidence,2026-09-20,3,LU,quantile,0.3,1191.8556851066285
2026-09-09,ILI incidence,2026-09-20,3,LU,quantile,0.2,886.3443893023801
2026-09-09,ILI incidence,2026-09-20,3,LU,quantile,0.05,426.1548354865646
2026-09-09,ILI incidence,2026-09-20,3,LU,quantile,0.025,319.8710751617653
2026-09-09,ILI incidence,2026-09-20,3,LU,quantile,0.15,746.9803191944663
2026-09-09,ILI incidence,2026-09-20,3,LU,quantile,0.1,598.7879241634249
2026-09-09,ILI incidence,2026-09-20,3,LU,quantile,0.01,233.0599984457127
2026-09-09,ILI incidence,2026-09-20,3,LU,median,,1949.8035206225436
2026-09-09,ILI incidence,2026-09-27,4,LU,quantile,0.2,2308.2406811759924
2026-09-09,ILI incidence,2026-09-27,4,LU,quantile,0.25,2364.573396359372
2026-09-09,ILI incidence,2026-09-27,4,LU,quantile,0.15,2236.168807057148
2026-09-09,ILI incidence,2026-09-27,4,LU,quantile,0.4,2534.4484024304934
2026-09-09,ILI incidence,2026-09-27,4,LU,quantile,0.45,2588.153522844902
2026-09-09,ILI incidence,2026-09-27,4,LU,quantile,0.5,2649.6035728456663
2026-09-09,ILI incidence,2026-09-27,4,LU,quantile,0.1,2149.1757157113543
2026-09-09,ILI incidence,2026-09-27,4,LU,quantile,0.55,2704.0536431861387
2026-09-09,ILI incidence,2026-09-27,4,LU,quantile,0.65,2817.0395307450112
2026-09-09,ILI incidence,2026-09-27,4,LU,quantile,0.3,2419.2993581367973
2026-09-09,ILI incidence,2026-09-27,4,LU,quantile,0.35,2482.464914743034
2026-09-09,ILI incidence,2026-09-27,4,LU,quantile,0.7,2877.248562506107
2026-09-09,ILI incidence,2026-09-27,4,LU,quantile,0.8,3029.3245340420785
2026-09-09,ILI incidence,2026-09-27,4,LU,quantile,0.99,3828.494613135672
2026-09-09,ILI incidence,2026-09-27,4,LU,quantile,0.6,2760.3656916655727
2026-09-09,ILI incidence,2026-09-27,4,LU,quantile,0.75,2943.528737318928
2026-09-09,ILI incidence,2026-09-27,4,LU,quantile,0.85,3119.977934592199
2026-09-09,ILI incidence,2026-09-27,4,LU,quantile,0.05,2025.0251493589005
2026-09-09,ILI incidence,2026-09-27,4,LU,quantile,0.025,1914.9934572512318
2026-09-09,ILI incidence,2026-09-27,4,LU,quantile,0.975,3626.101070314743
2026-09-09,ILI incidence,2026-09-27,4,LU,quantile,0.95,3445.920402670332
2026-09-09,ILI incidence,2026-09-27,4,LU,quantile,0.01,1800.0991526723478
2026-09-09,ILI incidence,2026-09-27,4,LU,quantile,0.9,3237.7778018621543
2026-09-09,ILI incidence,2026-09-27,4,LU,median,,2649.6035728456663
2026-09-09,ILI incidence,2026-09-06,1,MT,quantile,0.1,5473.035581786775
2026-09-09,ILI incidence,2026-09-06,1,MT,quantile,0.15,5701.197300022626
2026-09-09,ILI incidence,2026-09-06,1,MT,quantile,0.2,5892.370065922223
2026-09-09,ILI incidence,2026-09-06,1,MT,quantile,0.01,4517.007426316354
2026-09-09,ILI incidence,2026-09-06,1,MT,quantile,0.025,4847.138492937377
2026-09-09,ILI incidence,2026-09-06,1,MT,quantile,0.05,5130.929243217237
2026-09-09,ILI incidence,2026-09-06,1,MT,quantile,0.4,6531.638340639718
2026-09-09,ILI incidence,2026-09-06,1,MT,quantile,0.45,6667.26696035255
2026-09-09,ILI incidence,2026-09-06,1,MT,quantile,0.65,7278.4237414504705
2026-09-09,ILI incidence,2026-09-06,1,MT,quantile,0.3,6220.106163575573
2026-09-09,ILI incidence,2026-09-06,1,MT,quantile,0.35,6382.619714032415
2026-09-09,ILI incidence,2026-09-06,1,MT,quantile,0.25,6073.368204112602
2026-09-09,ILI incidence,2026-09-06,1,MT,quantile,0.5,6805.488034800254
2026-09-09,ILI incidence,2026-09-06,1,MT,quantile,0.75,7671.042951382076
2026-09-09,ILI incidence,2026-09-06,1,MT,quantile,0.99,10297.743996078394
2026-09-09,ILI incidence,2026-09-06,1,MT,quantile,0.55,6950.9165789234885
2026-09-09,ILI incidence,2026-09-06,1,MT,quantile,0.7,7459.389118829546
2026-09-09,ILI incidence,2026-09-06,1,MT,quantile,0.6,7115.557600837469
2026-09-09,ILI incidence,2026-09-06,1,MT,quantile,0.8,7917.044319387295
2026-09-09,ILI incidence,2026-09-06,1,MT,quantile,0.85,8164.903027994624
2026-09-09,ILI incidence,2026-09-06,1,MT,quantile,0.9,8535.723087689306
2026-09-09,ILI incidence,2026-09-06,1,MT,quantile,0.95,9084.19346032296
2026-09-09,ILI incidence,2026-09-06,1,MT,quantile,0.975,9657.521401085356
2026-09-09,ILI incidence,2026-09-06,1,MT,median,,6805.488034800254
2026-09-09,ILI incidence,2026-09-13,2,MT,quantile,0.99,11579.603633811454
2026-09-09,ILI incidence,2026-09-13,2,MT,quantile,0.975,10826.86263084227
2026-09-09,ILI incidence,2026-09-13,2,MT,quantile,0.9,9327.441661307577
2026-09-09,ILI incidence,2026-09-13,2,MT,quantile,0.8,8520.112258825564
2026-09-09,ILI incidence,2026-09-13,2,MT,quantile,0.95,10072.750265324783
2026-09-09,ILI incidence,2026-09-13,2,MT,quantile,0.85,8860.362592187512
2026-09-09,ILI incidence,2026-09-13,2,MT,quantile,0.7,7989.779635121352
2026-09-09,ILI incidence,2026-09-13,2,MT,quantile,0.75,8237.811705918775
2026-09-09,ILI incidence,2026-09-13,2,MT,quantile,0.55,7339.7807056740785
2026-09-09,ILI incidence,2026-09-13,2,MT,quantile,0.6,7526.055201052409
2026-09-09,ILI incidence,2026-09-13,2,MT,quantile,0.65,7748.995018037376
2026-09-09,ILI incidence,2026-09-13,2,MT,quantile,0.4,6804.966697917076
2026-09-09,ILI incidence,2026-09-13,2,MT,quantile,0.5,7159.6857891296495
2026-09-09,ILI incidence,2026-09-13,2,MT,quantile,0.35,6605.773482594675
2026-09-09,ILI incidence,2026-09-13,2,MT,quantile,0.45,6980.113564194233
2026-09-09,ILI incidence,2026-09-13,2,MT,quantile,0.3,6419.461992433679
2026-09-09,ILI incidence,2026-09-13,2,MT,quantile,0.25,6231.6134373496325
2026-09-09,ILI incidence,2026-09-13,2,MT,quantile,0.2,6026.298569750592
2026-09-09,ILI incidence,2026-09-13,2,MT,quantile,0.025,4746.852888373325
2026-09-09,ILI incidence,2026-09-13,2,MT,quantile,0.05,5087.628341574592
2026-09-09,ILI incidence,2026-09-13,2,MT,quantile,0.1,5506.80888855259
2026-09-09,ILI incidence,2026-09-13,2,MT,quantile,0.15,5784.758451562623
2026-09-09,ILI incidence,2026-09-13,2,MT,quantile,0.01,4385.231592942598
2026-09-09,ILI incidence,2026-09-13,2,MT,median,,7159.6857891296495
2026-09-09,ILI incidence,2026-09-20,3,MT,quantile,0.85,8725.872066705342
2026-09-09,ILI incidence,2026-09-20,3,MT,quantile,0.6,7906.488497445866
2026-09-09,ILI incidence,2026-09-20,3,MT,quantile,0.55,7775.683715547249
2026-09-09,ILI incidence,2026-09-20,3,MT,quantile,0.8,8523.72020518779
2026-09-09,ILI incidence,2026-09-20,3,MT,quantile,0.5,7659.700767444996
2026-09-09,ILI incidence,2026-09-20,3,MT,quantile,0.9,9002.240080600412
2026-09-09,ILI incidence,2026-09-20,3,MT,quantile,0.45,7549.66821643633
2026-09-09,ILI incidence,2026-09-20,3,MT,quantile,0.15,6768.405054545599
2026-09-09,ILI incidence,2026-09-20,3,MT,quantile,0.4,7442.807105601154
2026-09-09,ILI incidence,2026-09-20,3,MT,quantile,0.99,10270.251495809658
2026-09-09,ILI incidence,2026-09-20,3,MT,quantile,0.3,7196.926836484096
2026-09-09,ILI incidence,2026-09-20,3,MT,quantile,0.2,6923.1369905787415
2026-09-09,ILI incidence,2026-09-20,3,MT,quantile,0.1,6559.7007840562055
2026-09-09,ILI incidence,2026-09-20,3,MT,quantile,0.35,7324.631029087903
2026-09-09,ILI incidence,2026-09-20,3,MT,quantile,0.25,7069.451030638853
2026-09-09,ILI incidence,2026-09-20,3,MT,quantile,0.75,8331.631604988961
2026-09-09,ILI incidence,2026-09-20,3,MT,quantile,0.05,6276.767717945779
2026-09-09,ILI incidence,2026-09-20,3,MT,quantile,0.65,8046.514351285734
2026-09-09,ILI incidence,2026-09-20,3,MT,quantile,0.95,9451.621161938174
2026-09-09,ILI incidence,2026-09-20,3,MT,quantile,0.025,6033.87422940961
2026-09-09,ILI incidence,2026-09-20,3,MT,quantile,0.01,5771.672681842996
2026-09-09,ILI incidence,2026-09-20,3,MT,quantile,0.7,8181.779429152845
2026-09-09,ILI incidence,2026-09-20,3,MT,quantile,0.975,9862.458958690386
2026-09-09,ILI incidence,2026-09-20,3,MT,median,,7659.700767444996
2026-09-09,ILI incidence,2026-09-27,4,MT,quantile,0.65,6681.940931215864
2026-09-09,ILI incidence,2026-09-27,4,MT,quantile,0.75,6993.505854939994
2026-09-09,ILI incidence,2026-09-27,4,MT,quantile,0.6,6541.10846201792
2026-09-09,ILI incidence,2026-09-27,4,MT,quantile,0.55,6414.511155623623
2026-09-09,ILI incidence,2026-09-27,4,MT,quantile,0.7,6829.671080097893
2026-09-09,ILI incidence,2026-09-27,4,MT,quantile,0.5,6292.407643012208
2026-09-09,ILI incidence,2026-09-27,4,MT,quantile,0.45,6175.12633169408
2026-09-09,ILI incidence,2026-09-27,4,MT,quantile,0.025,4608.269603070878
2026-09-09,ILI incidence,2026-09-27,4,MT,quantile,0.05,4861.8412431809575
2026-09-09,ILI incidence,2026-09-27,4,MT,quantile,0.15,5341.8285661945665
2026-09-09,ILI incidence,2026-09-27,4,MT,quantile,0.1,5138.911827861411
2026-09-09,ILI incidence,2026-09-27,4,MT,quantile,0.99,9019.603879883494
2026-09-09,ILI incidence,2026-09-27,4,MT,quantile,0.95,8119.968820794873
2026-09-09,ILI incidence,2026-09-27,4,MT,quantile,0.25,5669.94767487517
2026-09-09,ILI incidence,2026-09-27,4,MT,quantile,0.35,5934.879039057025
2026-09-09,ILI incidence,2026-09-27,4,MT,quantile,0.975,8526.689831173937
2026-09-09,ILI incidence,2026-09-27,4,MT,quantile,0.4,6055.400944551891
2026-09-09,ILI incidence,2026-09-27,4,MT,quantile,0.8,7181.808385827064
2026-09-09,ILI incidence,2026-09-27,4,MT,quantile,0.9,7687.919386361802
2026-09-09,ILI incidence,2026-09-27,4,MT,quantile,0.2,5513.787946226384
2026-09-09,ILI incidence,2026-09-27,4,MT,quantile,0.01,4336.095142751124
2026-09-09,ILI incidence,2026-09-27,4,MT,quantile,0.3,5807.7349945201995
2026-09-09,ILI incidence,2026-09-27,4,MT,quantile,0.85,7405.069563771055
2026-09-09,ILI incidence,2026-09-27,4,MT,median,,6292.407643012208
2026-09-09,ILI incidence,2026-09-06,1,NO,quantile,0.05,8.610212076765464
2026-09-09,ILI incidence,2026-09-06,1,NO,quantile,0.1,9.289704922185745
2026-09-09,ILI incidence,2026-09-06,1,NO,quantile,0.15,9.845825122624854
2026-09-09,ILI incidence,2026-09-06,1,NO,quantile,0.2,10.306311833694357
2026-09-09,ILI incidence,2026-09-06,1,NO,quantile,0.01,7.4072096052428735
2026-09-09,ILI incidence,2026-09-06,1,NO,quantile,0.025,7.998319417395467
2026-09-09,ILI incidence,2026-09-06,1,NO,quantile,0.25,10.66482787374458
2026-09-09,ILI incidence,2026-09-06,1,NO,quantile,0.4,11.720399982858934
2026-09-09,ILI incidence,2026-09-06,1,NO,quantile,0.45,12.055453590262655
2026-09-09,ILI incidence,2026-09-06,1,NO,quantile,0.55,12.762692016126842
2026-09-09,ILI incidence,2026-09-06,1,NO,quantile,0.5,12.388157357546334
2026-09-09,ILI incidence,2026-09-06,1,NO,quantile,0.3,11.021695308851589
2026-09-09,ILI incidence,2026-09-06,1,NO,quantile,0.35,11.369543011879617
2026-09-09,ILI incidence,2026-09-06,1,NO,quantile,0.75,14.464325187412172
2026-09-09,ILI incidence,2026-09-06,1,NO,quantile,0.8,15.029849441448302
2026-09-09,ILI incidence,2026-09-06,1,NO,quantile,0.65,13.538878459364131
2026-09-09,ILI incidence,2026-09-06,1,NO,quantile,0.6,13.137613695317604
2026-09-09,ILI incidence,2026-09-06,1,NO,quantile,0.7,13.964871469990129
2026-09-09,ILI incidence,2026-09-06,1,NO,quantile,0.85,15.699896586991375
2026-09-09,ILI incidence,2026-09-06,1,NO,quantile,0.9,16.57368654674339
2026-09-09,ILI incidence,2026-09-06,1,NO,quantile,0.99,21.074074141968236
2026-09-09,ILI incidence,2026-09-06,1,NO,quantile,0.975,19.515745397789782
2026-09-09,ILI incidence,2026-09-06,1,NO,quantile,0.95,18.071317485645952
2026-09-09,ILI incidence,2026-09-06,1,NO,median,,12.388157357546334
2026-09-09,ILI incidence,2026-09-13,2,NO,quantile,0.95,21.508344569848223
2026-09-09,ILI incidence,2026-09-13,2,NO,quantile,0.975,23.113566859209524
2026-09-09,ILI incidence,2026-09-13,2,NO,quantile,0.99,25.10207301184338
2026-09-09,ILI incidence,2026-09-13,2,NO,quantile,0.9,19.77587383830017
2026-09-09,ILI incidence,2026-09-13,2,NO,quantile,0.025,9.300416267793516
2026-09-09,ILI incidence,2026-09-13,2,NO,quantile,0.45,14.149266135391489
2026-09-09,ILI incidence,2026-09-13,2,NO,quantile,0.8,17.708477429789177
2026-09-09,ILI incidence,2026-09-13,2,NO,quantile,0.85,18.535839876648353
2026-09-09,ILI incidence,2026-09-13,2,NO,quantile,0.3,12.886655896022548
2026-09-09,ILI incidence,2026-09-13,2,NO,quantile,0.35,13.308002725882993
2026-09-09,ILI incidence,2026-09-13,2,NO,quantile,0.75,17.06864147211731
2026-09-09,ILI incidence,2026-09-13,2,NO,quantile,0.4,13.730736746739105
2026-09-09,ILI incidence,2026-09-13,2,NO,quantile,0.01,8.589365971491006
2026-09-09,ILI incidence,2026-09-13,2,NO,quantile,0.05,10.04126195142806
2026-09-09,ILI incidence,2026-09-13,2,NO,quantile,0.5,14.59399241294389
2026-09-09,ILI incidence,2026-09-13,2,NO,quantile,0.25,12.4363815398915
2026-09-09,ILI incidence,2026-09-13,2,NO,quantile,0.55,14.994702735135085
2026-09-09,ILI incidence,2026-09-13,2,NO,quantile,0.6,15.45490166493953
2026-09-09,ILI incidence,2026-09-13,2,NO,quantile,0.65,15.954645491907057
2026-09-09,ILI incidence,2026-09-13,2,NO,quantile,0.7,16.480634120552153
2026-09-09,ILI incidence,2026-09-13,2,NO,quantile,0.15,11.4695861570129
2026-09-09,ILI incidence,2026-09-13,2,NO,quantile,0.2,11.976117200668671
2026-09-09,ILI incidence,2026-09-13,2,NO,quantile,0.1,10.8606978660333
2026-09-09,ILI incidence,2026-09-13,2,NO,median,,14.59399241294389
2026-09-09,ILI incidence,2026-09-20,3,NO,quantile,0.99,28.01057896838879
2026-09-09,ILI incidence,2026-09-20,3,NO,quantile,0.55,17.598948770107942
2026-09-09,ILI incidence,2026-09-20,3,NO,quantile,0.65,18.62667215839799
2026-09-09,ILI incidence,2026-09-20,3,NO,quantile,0.975,25.94763882324801
2026-09-09,ILI incidence,2026-09-20,3,NO,quantile,0.6,18.097971491719477
2026-09-09,ILI incidence,2026-09-20,3,NO,quantile,0.95,24.231475332418444
2026-09-09,ILI incidence,2026-09-20,3,NO,quantile,0.35,15.838109492555372
2026-09-09,ILI incidence,2026-09-20,3,NO,quantile,0.5,17.15824476522147
2026-09-09,ILI incidence,2026-09-20,3,NO,quantile,0.7,19.15802634892194
2026-09-09,ILI incidence,2026-09-20,3,NO,quantile,0.75,19.737720718090372
2026-09-09,ILI incidence,2026-09-20,3,NO,quantile,0.8,20.474284342642044
2026-09-09,ILI incidence,2026-09-20,3,NO,quantile,0.85,21.293682523863033
2026-09-09,ILI incidence,2026-09-20,3,NO,quantile,0.4,16.27863515354084
2026-09-09,ILI incidence,2026-09-20,3,NO,quantile,0.15,13.798521077009864
2026-09-09,ILI incidence,2026-09-20,3,NO,quantile,0.9,22.404051956186027
2026-09-09,ILI incidence,2026-09-20,3,NO,quantile,0.2,14.382195661473322
2026-09-09,ILI incidence,2026-09-20,3,NO,quantile,0.25,14.839157115729607
2026-09-09,ILI incidence,2026-09-20,3,NO,quantile,0.3,15.355317484893483
2026-09-09,ILI incidence,2026-09-20,3,NO,quantile,0.45,16.714630252217784
2026-09-09,ILI incidence,2026-09-20,3,NO,quantile,0.1,13.030085148913624
2026-09-09,ILI incidence,2026-09-20,3,NO,quantile,0.05,12.072991043714675
2026-09-09,ILI incidence,2026-09-20,3,NO,quantile,0.025,11.229657435727228
2026-09-09,ILI incidence,2026-09-20,3,NO,quantile,0.01,10.338731308650214
2026-09-09,ILI incidence,2026-09-20,3,NO,median,,17.15824476522147
2026-09-09,ILI incidence,2026-09-27,4,NO,quantile,0.8,21.167794616158325
2026-09-09,ILI incidence,2026-09-27,4,NO,quantile,0.75,20.80392203435332
2026-09-09,ILI incidence,2026-09-27,4,NO,quantile,0.01,15.264449804431996
2026-09-09,ILI incidence,2026-09-27,4,NO,quantile,0.025,15.899433211593319
2026-09-09,ILI incidence,2026-09-27,4,NO,quantile,0.05,16.417538641477574
2026-09-09,ILI incidence,2026-09-27,4,NO,quantile,0.1,17.0196847124828
2026-09-09,ILI incidence,2026-09-27,4,NO,quantile,0.15,17.455420478494684
2026-09-09,ILI incidence,2026-09-27,4,NO,quantile,0.2,17.796805856802564
2026-09-09,ILI incidence,2026-09-27,4,NO,quantile,0.25,18.085023121287083
2026-09-09,ILI incidence,2026-09-27,4,NO,quantile,0.3,18.368636408811174
2026-09-09,ILI incidence,2026-09-27,4,NO,quantile,0.35,18.635336466855467
2026-09-09,ILI incidence,2026-09-27,4,NO,quantile,0.45,19.16450408569719
2026-09-09,ILI incidence,2026-09-27,4,NO,quantile,0.5,19.41119243136758
2026-09-09,ILI incidence,2026-09-27,4,NO,quantile,0.55,19.676875099287905
2026-09-09,ILI incidence,2026-09-27,4,NO,quantile,0.7,20.478675135015134
2026-09-09,ILI incidence,2026-09-27,4,NO,quantile,0.6,19.937578936938458
2026-09-09,ILI incidence,2026-09-27,4,NO,quantile,0.65,20.187158758023784
2026-09-09,ILI incidence,2026-09-27,4,NO,quantile,0.85,21.598240312402403
2026-09-09,ILI incidence,2026-09-27,4,NO,quantile,0.9,22.142110484019657
2026-09-09,ILI incidence,2026-09-27,4,NO,quantile,0.975,23.742701467781156
2026-09-09,ILI incidence,2026-09-27,4,NO,quantile,0.99,24.718167996200727
2026-09-09,ILI incidence,2026-09-27,4,NO,quantile,0.4,18.898261872605936
2026-09-09,ILI incidence,2026-09-27,4,NO,quantile,0.95,22.9770371444309
2026-09-09,ILI incidence,2026-09-27,4,NO,median,,19.41119243136758
