origin_date,target,target_end_date,horizon,location,output_type,output_type_id,value
2026-08-26,ILI incidence,2026-08-23,1,BE,quantile,0.85,62.176136732005716
2026-08-26,ILI incidence,2026-08-23,1,BE,quantile,0.9,67.33815029720165
2026-08-26,ILI incidence,2026-08-23,1,BE,quantile,0.95,75.98772771028729
2026-08-26,ILI incidence,2026-08-23,1,BE,quantile,0.975,83.64875965374256
2026-08-26,ILI incidence,2026-08-23,1,BE,quantile,0.8,58.067763671410475
2026-08-26,ILI incidence,2026-08-23,1,BE,quantile,0.99,94.14087380369196
2026-08-26,ILI incidence,2026-08-23,1,BE,quantile,0.75,54.95687028091288
2026-08-26,ILI incidence,2026-08-23,1,BE,quantile,0.6,47.81804547134641
2026-08-26,ILI incidence,2026-08-23,1,BE,quantile,0.65,49.77715243479146
2026-08-26,ILI incidence,2026-08-23,1,BE,quantile,0.3,37.26329902209676
2026-08-26,ILI incidence,2026-08-23,1,BE,quantile,0.7,52.20208656939589
2026-08-26,ILI incidence,2026-08-23,1,BE,quantile,0.45,42.30968525172764
2026-08-26,ILI incidence,2026-08-23,1,BE,quantile,0.5,44.12899817552077
2026-08-26,ILI incidence,2026-08-23,1,BE,quantile,0.55,45.94170197349449
2026-08-26,ILI incidence,2026-08-23,1,BE,quantile,0.25,35.337808133392194
2026-08-26,ILI incidence,2026-08-23,1,BE,quantile,0.35,38.93680646668143
2026-08-26,ILI incidence,2026-08-23,1,BE,quantile,0.4,40.469572746136016
2026-08-26,ILI incidence,2026-08-23,1,BE,quantile,0.2,33.50081736418807
2026-08-26,ILI incidence,2026-08-23,1,BE,quantile,0.1,28.91849091291074
2026-08-26,ILI incidence,2026-08-23,1,BE,quantile,0.025,23.079483960067712
2026-08-26,ILI incidence,2026-08-23,1,BE,quantile,0.15,31.332138761521083
2026-08-26,ILI incidence,2026-08-23,1,BE,quantile,0.05,25.60556930932644
2026-08-26,ILI incidence,2026-08-23,1,BE,quantile,0.01,20.42771938501109
2026-08-26,ILI incidence,2026-08-23,1,BE,median,,44.12899817552077
2026-08-26,ILI incidence,2026-08-30,2,BE,quantile,0.99,90.7342144491427
2026-08-26,ILI incidence,2026-08-30,2,BE,quantile,0.75,40.997606766700315
2026-08-26,ILI incidence,2026-08-30,2,BE,quantile,0.8,44.345044599329135
2026-08-26,ILI incidence,2026-08-30,2,BE,quantile,0.975,74.62597901622296
2026-08-26,ILI incidence,2026-08-30,2,BE,quantile,0.85,48.59619924636768
2026-08-26,ILI incidence,2026-08-30,2,BE,quantile,0.7,38.112563914145895
2026-08-26,ILI incidence,2026-08-30,2,BE,quantile,0.9,54.10031362858296
2026-08-26,ILI incidence,2026-08-30,2,BE,quantile,0.95,64.22244746212628
2026-08-26,ILI incidence,2026-08-30,2,BE,quantile,0.65,35.762270887213845
2026-08-26,ILI incidence,2026-08-30,2,BE,quantile,0.6,33.60575419064432
2026-08-26,ILI incidence,2026-08-30,2,BE,quantile,0.2,19.77747790300757
2026-08-26,ILI incidence,2026-08-30,2,BE,quantile,0.25,21.372810197082515
2026-08-26,ILI incidence,2026-08-30,2,BE,quantile,0.55,31.536171800998243
2026-08-26,ILI incidence,2026-08-30,2,BE,quantile,0.5,29.596077478953333
2026-08-26,ILI incidence,2026-08-30,2,BE,quantile,0.45,27.923227586894626
2026-08-26,ILI incidence,2026-08-30,2,BE,quantile,0.4,26.23955701530398
2026-08-26,ILI incidence,2026-08-30,2,BE,quantile,0.35,24.607552112779317
2026-08-26,ILI incidence,2026-08-30,2,BE,quantile,0.3,22.996516638697678
2026-08-26,ILI incidence,2026-08-30,2,BE,quantile,0.01,9.7260942703824
2026-08-26,ILI incidence,2026-08-30,2,BE,quantile,0.025,11.562490518671392
2026-08-26,ILI incidence,2026-08-30,2,BE,quantile,0.15,18.027619260936266
2026-08-26,ILI incidence,2026-08-30,2,BE,quantile,0.05,13.387855650137091
2026-08-26,ILI incidence,2026-08-30,2,BE,quantile,0.1,15.91300126215457
2026-08-26,ILI incidence,2026-08-30,2,BE,median,,29.596077478953333
2026-08-26,ILI incidence,2026-09-06,3,BE,quantile,0.95,54.07457104469664
2026-08-26,ILI incidence,2026-09-06,3,BE,quantile,0.975,60.59460305610923
2026-08-26,ILI incidence,2026-09-06,3,BE,quantile,0.9,47.44078755516389
2026-08-26,ILI incidence,2026-09-06,3,BE,quantile,0.99,71.3196272026306
2026-08-26,ILI incidence,2026-09-06,3,BE,quantile,0.75,37.66322517634517
2026-08-26,ILI incidence,2026-09-06,3,BE,quantile,0.85,43.044684814517304
2026-08-26,ILI incidence,2026-09-06,3,BE,quantile,0.7,35.609158597901555
2026-08-26,ILI incidence,2026-09-06,3,BE,quantile,0.8,39.9935826202574
2026-08-26,ILI incidence,2026-09-06,3,BE,quantile,0.01,12.426491010870183
2026-08-26,ILI incidence,2026-09-06,3,BE,quantile,0.65,33.781644267321056
2026-08-26,ILI incidence,2026-09-06,3,BE,quantile,0.55,30.771240051242092
2026-08-26,ILI incidence,2026-09-06,3,BE,quantile,0.4,26.952687905549542
2026-08-26,ILI incidence,2026-09-06,3,BE,quantile,0.6,32.29882102718783
2026-08-26,ILI incidence,2026-09-06,3,BE,quantile,0.5,29.471880266811418
2026-08-26,ILI incidence,2026-09-06,3,BE,quantile,0.45,28.161850461472095
2026-08-26,ILI incidence,2026-09-06,3,BE,quantile,0.05,15.893160288203259
2026-08-26,ILI incidence,2026-09-06,3,BE,quantile,0.025,14.227406035137456
2026-08-26,ILI incidence,2026-09-06,3,BE,quantile,0.1,18.22801602931112
2026-08-26,ILI incidence,2026-09-06,3,BE,quantile,0.15,20.015831984285125
2026-08-26,ILI incidence,2026-09-06,3,BE,quantile,0.2,21.624695005909906
2026-08-26,ILI incidence,2026-09-06,3,BE,quantile,0.3,24.319468532867297
2026-08-26,ILI incidence,2026-09-06,3,BE,quantile,0.35,25.63515510559736
2026-08-26,ILI incidence,2026-09-06,3,BE,quantile,0.25,23.065446529113444
2026-08-26,ILI incidence,2026-09-06,3,BE,median,,29.471880266811418
2026-08-26,ILI incidence,2026-09-13,4,BE,quantile,0.4,28.914133324792445
2026-08-26,ILI incidence,2026-09-13,4,BE,quantile,0.45,30.530116123315914
2026-08-26,ILI incidence,2026-09-13,4,BE,quantile,0.5,32.25006558516422
2026-08-26,ILI incidence,2026-09-13,4,BE,quantile,0.975,79.85850124913256
2026-08-26,ILI incidence,2026-09-13,4,BE,quantile,0.35,27.25953779070329
2026-08-26,ILI incidence,2026-09-13,4,BE,quantile,0.2,22.1971416575446
2026-08-26,ILI incidence,2026-09-13,4,BE,quantile,0.55,34.2662558454969
2026-08-26,ILI incidence,2026-09-13,4,BE,quantile,0.95,68.77670554130829
2026-08-26,ILI incidence,2026-09-13,4,BE,quantile,0.99,93.14315645376242
2026-08-26,ILI incidence,2026-09-13,4,BE,quantile,0.25,23.944429608039645
2026-08-26,ILI incidence,2026-09-13,4,BE,quantile,0.3,25.59215880096509
2026-08-26,ILI incidence,2026-09-13,4,BE,quantile,0.75,43.869255153092574
2026-08-26,ILI incidence,2026-09-13,4,BE,quantile,0.8,47.264199484724
2026-08-26,ILI incidence,2026-09-13,4,BE,quantile,0.9,58.08982250567152
2026-08-26,ILI incidence,2026-09-13,4,BE,quantile,0.85,51.856595057835484
2026-08-26,ILI incidence,2026-09-13,4,BE,quantile,0.1,18.169887961794473
2026-08-26,ILI incidence,2026-09-13,4,BE,quantile,0.15,20.363296940826917
2026-08-26,ILI incidence,2026-09-13,4,BE,quantile,0.025,13.43783413529822
2026-08-26,ILI incidence,2026-09-13,4,BE,quantile,0.6,36.20582114661053
2026-08-26,ILI incidence,2026-09-13,4,BE,quantile,0.7,40.885770243037726
2026-08-26,ILI incidence,2026-09-13,4,BE,quantile,0.05,15.460157069981442
2026-08-26,ILI incidence,2026-09-13,4,BE,quantile,0.65,38.33019631231696
2026-08-26,ILI incidence,2026-09-13,4,BE,quantile,0.01,11.101278541814153
2026-08-26,ILI incidence,2026-09-13,4,BE,median,,32.25006558516422
2026-08-26,ILI incidence,2026-08-23,1,CH,quantile,0.2,6.191631501596193
2026-08-26,ILI incidence,2026-08-23,1,CH,quantile,0.15,5.224201638049556
2026-08-26,ILI incidence,2026-08-23,1,CH,quantile,0.25,7.067186623102135
2026-08-26,ILI incidence,2026-08-23,1,CH,quantile,0.3,7.980414736921835
2026-08-26,ILI incidence,2026-08-23,1,CH,quantile,0.1,4.231277841826806
2026-08-26,ILI incidence,2026-08-23,1,CH,quantile,0.05,3.1519849712282992
2026-08-26,ILI incidence,2026-08-23,1,CH,quantile,0.025,2.3966441911217475
2026-08-26,ILI incidence,2026-08-23,1,CH,quantile,0.01,1.8249705486284393
2026-08-26,ILI incidence,2026-08-23,1,CH,quantile,0.99,82.22842619918562
2026-08-26,ILI incidence,2026-08-23,1,CH,quantile,0.6,15.043124613947622
2026-08-26,ILI incidence,2026-08-23,1,CH,quantile,0.975,62.3467684278559
2026-08-26,ILI incidence,2026-08-23,1,CH,quantile,0.95,46.926536215862626
2026-08-26,ILI incidence,2026-08-23,1,CH,quantile,0.55,13.601110983116744
2026-08-26,ILI incidence,2026-08-23,1,CH,quantile,0.9,34.55928849179261
2026-08-26,ILI incidence,2026-08-23,1,CH,quantile,0.75,21.21695885356857
2026-08-26,ILI incidence,2026-08-23,1,CH,quantile,0.35,8.932161566492416
2026-08-26,ILI incidence,2026-08-23,1,CH,quantile,0.85,28.283328832326625
2026-08-26,ILI incidence,2026-08-23,1,CH,quantile,0.45,11.114414113503564
2026-08-26,ILI incidence,2026-08-23,1,CH,quantile,0.5,12.320533766839393
2026-08-26,ILI incidence,2026-08-23,1,CH,quantile,0.65,16.808941114619167
2026-08-26,ILI incidence,2026-08-23,1,CH,quantile,0.8,24.30378473029718
2026-08-26,ILI incidence,2026-08-23,1,CH,quantile,0.7,18.891771685990122
2026-08-26,ILI incidence,2026-08-23,1,CH,quantile,0.4,9.972782792822422
2026-08-26,ILI incidence,2026-08-23,1,CH,median,,12.320533766839393
2026-08-26,ILI incidence,2026-08-30,2,CH,quantile,0.99,21.71821968157896
2026-08-26,ILI incidence,2026-08-30,2,CH,quantile,0.975,18.302291798847023
2026-08-26,ILI incidence,2026-08-30,2,CH,quantile,0.95,15.838565667029464
2026-08-26,ILI incidence,2026-08-30,2,CH,quantile,0.9,13.567140321887516
2026-08-26,ILI incidence,2026-08-30,2,CH,quantile,0.85,12.032454544708347
2026-08-26,ILI incidence,2026-08-30,2,CH,quantile,0.8,10.965065229836796
2026-08-26,ILI incidence,2026-08-30,2,CH,quantile,0.65,8.886475346650698
2026-08-26,ILI incidence,2026-08-30,2,CH,quantile,0.7,9.496685677940167
2026-08-26,ILI incidence,2026-08-30,2,CH,quantile,0.75,10.126296803061944
2026-08-26,ILI incidence,2026-08-30,2,CH,quantile,0.6,8.378340602144544
2026-08-26,ILI incidence,2026-08-30,2,CH,quantile,0.55,7.908086316571436
2026-08-26,ILI incidence,2026-08-30,2,CH,quantile,0.3,5.876108972017282
2026-08-26,ILI incidence,2026-08-30,2,CH,quantile,0.4,6.648175306201101
2026-08-26,ILI incidence,2026-08-30,2,CH,quantile,0.35,6.248852525996458
2026-08-26,ILI incidence,2026-08-30,2,CH,quantile,0.25,5.470380635444052
2026-08-26,ILI incidence,2026-08-30,2,CH,quantile,0.45,7.031406987929117
2026-08-26,ILI incidence,2026-08-30,2,CH,quantile,0.15,4.614292321300006
2026-08-26,ILI incidence,2026-08-30,2,CH,quantile,0.2,5.067453538803019
2026-08-26,ILI incidence,2026-08-30,2,CH,quantile,0.5,7.459192091566044
2026-08-26,ILI incidence,2026-08-30,2,CH,quantile,0.05,3.478300394048161
2026-08-26,ILI incidence,2026-08-30,2,CH,quantile,0.1,4.091176314288925
2026-08-26,ILI incidence,2026-08-30,2,CH,quantile,0.025,3.0111261780610983
2026-08-26,ILI incidence,2026-08-30,2,CH,quantile,0.01,2.528047384915657
2026-08-26,ILI incidence,2026-08-30,2,CH,median,,7.459192091566044
2026-08-26,ILI incidence,2026-09-06,3,CH,quantile,0.99,148.10016426597323
2026-08-26,ILI incidence,2026-09-06,3,CH,quantile,0.95,81.43379427633278
2026-08-26,ILI incidence,2026-09-06,3,CH,quantile,0.85,46.749426585916694
2026-08-26,ILI incidence,2026-09-06,3,CH,quantile,0.9,58.81105809926345
2026-08-26,ILI incidence,2026-09-06,3,CH,quantile,0.1,6.1894003375898645
2026-08-26,ILI incidence,2026-09-06,3,CH,quantile,0.01,2.2771696368269123
2026-08-26,ILI incidence,2026-09-06,3,CH,quantile,0.3,11.89700783096355
2026-08-26,ILI incidence,2026-09-06,3,CH,quantile,0.15,7.627958364713253
2026-08-26,ILI incidence,2026-09-06,3,CH,quantile,0.45,16.987995516221243
2026-08-26,ILI incidence,2026-09-06,3,CH,quantile,0.05,4.438575356438087
2026-08-26,ILI incidence,2026-09-06,3,CH,quantile,0.4,15.078466375790661
2026-08-26,ILI incidence,2026-09-06,3,CH,quantile,0.025,3.3741924429344508
2026-08-26,ILI incidence,2026-09-06,3,CH,quantile,0.975,106.83151171570815
2026-08-26,ILI incidence,2026-09-06,3,CH,quantile,0.2,9.082044017632606
2026-08-26,ILI incidence,2026-09-06,3,CH,quantile,0.35,13.361567902636367
2026-08-26,ILI incidence,2026-09-06,3,CH,quantile,0.55,21.07015226195827
2026-08-26,ILI incidence,2026-09-06,3,CH,quantile,0.5,18.818953752930803
2026-08-26,ILI incidence,2026-09-06,3,CH,quantile,0.25,10.45712416984257
2026-08-26,ILI incidence,2026-09-06,3,CH,quantile,0.6,23.55730909659387
2026-08-26,ILI incidence,2026-09-06,3,CH,quantile,0.65,26.512069392855032
2026-08-26,ILI incidence,2026-09-06,3,CH,quantile,0.7,29.87648241321581
2026-08-26,ILI incidence,2026-09-06,3,CH,quantile,0.8,39.435313101746225
2026-08-26,ILI incidence,2026-09-06,3,CH,quantile,0.75,33.853178161418526
2026-08-26,ILI incidence,2026-09-06,3,CH,median,,18.818953752930803
2026-08-26,ILI incidence,2026-09-13,4,CH,quantile,0.975,19.21691470314056
2026-08-26,ILI incidence,2026-09-13,4,CH,quantile,0.9,13.774986831131915
2026-08-26,ILI incidence,2026-09-13,4,CH,quantile,0.99,23.18564846057482
2026-08-26,ILI incidence,2026-09-13,4,CH,quantile,0.95,16.49718563077019
2026-08-26,ILI incidence,2026-09-13,4,CH,quantile,0.8,10.830458761982388
2026-08-26,ILI incidence,2026-09-13,4,CH,quantile,0.85,11.980885412033494
2026-08-26,ILI incidence,2026-09-13,4,CH,quantile,0.7,9.18297706721107
2026-08-26,ILI incidence,2026-09-13,4,CH,quantile,0.75,9.88296552956077
2026-08-26,ILI incidence,2026-09-13,4,CH,quantile,0.65,8.504544341776395
2026-08-26,ILI incidence,2026-09-13,4,CH,quantile,0.6,7.961416563143923
2026-08-26,ILI incidence,2026-09-13,4,CH,quantile,0.55,7.454696629459711
2026-08-26,ILI incidence,2026-09-13,4,CH,quantile,0.5,6.9501666467012395
2026-08-26,ILI incidence,2026-09-13,4,CH,quantile,0.45,6.522727295770354
2026-08-26,ILI incidence,2026-09-13,4,CH,quantile,0.15,4.124036083974134
2026-08-26,ILI incidence,2026-09-13,4,CH,quantile,0.4,6.100897599478639
2026-08-26,ILI incidence,2026-09-13,4,CH,quantile,0.35,5.708591611653358
2026-08-26,ILI incidence,2026-09-13,4,CH,quantile,0.1,3.6493288741948358
2026-08-26,ILI incidence,2026-09-13,4,CH,quantile,0.025,2.578519027350585
2026-08-26,ILI incidence,2026-09-13,4,CH,quantile,0.25,4.925233109589502
2026-08-26,ILI incidence,2026-09-13,4,CH,quantile,0.01,2.181390713455927
2026-08-26,ILI incidence,2026-09-13,4,CH,quantile,0.05,3.046492959463143
2026-08-26,ILI incidence,2026-09-13,4,CH,quantile,0.3,5.306868685216296
2026-08-26,ILI incidence,2026-09-13,4,CH,quantile,0.2,4.546524293421228
2026-08-26,ILI incidence,2026-09-13,4,CH,median,,6.9501666467012395
2026-08-26,ILI incidence,2026-08-23,1,DK,quantile,0.6,61.323118574348705
2026-08-26,ILI incidence,2026-08-23,1,DK,quantile,0.55,60.65277979085094
2026-08-26,ILI incidence,2026-08-23,1,DK,quantile,0.15,54.615974751018754
2026-08-26,ILI incidence,2026-08-23,1,DK,quantile,0.7,62.948956961741324
2026-08-26,ILI incidence,2026-08-23,1,DK,quantile,0.2,55.63425962090968
2026-08-26,ILI incidence,2026-08-23,1,DK,quantile,0.1,53.428278772955814
2026-08-26,ILI incidence,2026-08-23,1,DK,quantile,0.65,62.07527537495905
2026-08-26,ILI incidence,2026-08-23,1,DK,quantile,0.25,56.49768058709781
2026-08-26,ILI incidence,2026-08-23,1,DK,quantile,0.01,48.54995996442825
2026-08-26,ILI incidence,2026-08-23,1,DK,quantile,0.05,51.70137702726642
2026-08-26,ILI incidence,2026-08-23,1,DK,quantile,0.45,59.31897153961527
2026-08-26,ILI incidence,2026-08-23,1,DK,quantile,0.025,50.274808428100954
2026-08-26,ILI incidence,2026-08-23,1,DK,quantile,0.4,58.669969352149415
2026-08-26,ILI incidence,2026-08-23,1,DK,quantile,0.5,59.977655422686325
2026-08-26,ILI incidence,2026-08-23,1,DK,quantile,0.3,57.242430609579074
2026-08-26,ILI incidence,2026-08-23,1,DK,quantile,0.75,63.79618422081458
2026-08-26,ILI incidence,2026-08-23,1,DK,quantile,0.35,58.00069391895503
2026-08-26,ILI incidence,2026-08-23,1,DK,quantile,0.975,71.65586767024882
2026-08-26,ILI incidence,2026-08-23,1,DK,quantile,0.95,69.72779463562472
2026-08-26,ILI incidence,2026-08-23,1,DK,quantile,0.9,67.41305014488943
2026-08-26,ILI incidence,2026-08-23,1,DK,quantile,0.99,74.13977240995992
2026-08-26,ILI incidence,2026-08-23,1,DK,quantile,0.8,64.78331553365015
2026-08-26,ILI incidence,2026-08-23,1,DK,quantile,0.85,65.87468019249528
2026-08-26,ILI incidence,2026-08-23,1,DK,median,,59.977655422686325
2026-08-26,ILI incidence,2026-08-30,2,DK,quantile,0.05,49.86877927628578
2026-08-26,ILI incidence,2026-08-30,2,DK,quantile,0.1,52.83138687040176
2026-08-26,ILI incidence,2026-08-30,2,DK,quantile,0.025,47.59377620022409
2026-08-26,ILI incidence,2026-08-30,2,DK,quantile,0.01,45.20638526851658
2026-08-26,ILI incidence,2026-08-30,2,DK,quantile,0.25,57.73866392983719
2026-08-26,ILI incidence,2026-08-30,2,DK,quantile,0.15,54.74903980532474
2026-08-26,ILI incidence,2026-08-30,2,DK,quantile,0.45,62.774745582859566
2026-08-26,ILI incidence,2026-08-30,2,DK,quantile,0.2,56.28404438939092
2026-08-26,ILI incidence,2026-08-30,2,DK,quantile,0.85,74.59349910108612
2026-08-26,ILI incidence,2026-08-30,2,DK,quantile,0.5,63.886054131253545
2026-08-26,ILI incidence,2026-08-30,2,DK,quantile,0.3,58.99124349520534
2026-08-26,ILI incidence,2026-08-30,2,DK,quantile,0.55,65.03330446928013
2026-08-26,ILI incidence,2026-08-30,2,DK,quantile,0.9,77.22417076249592
2026-08-26,ILI incidence,2026-08-30,2,DK,quantile,0.95,81.86065127526133
2026-08-26,ILI incidence,2026-08-30,2,DK,quantile,0.975,85.96289087203239
2026-08-26,ILI incidence,2026-08-30,2,DK,quantile,0.35,60.315343878722544
2026-08-26,ILI incidence,2026-08-30,2,DK,quantile,0.99,90.43030371950852
2026-08-26,ILI incidence,2026-08-30,2,DK,quantile,0.8,72.45169991493707
2026-08-26,ILI incidence,2026-08-30,2,DK,quantile,0.4,61.56284944069265
2026-08-26,ILI incidence,2026-08-30,2,DK,quantile,0.7,69.08075636594299
2026-08-26,ILI incidence,2026-08-30,2,DK,quantile,0.75,70.6764811886154
2026-08-26,ILI incidence,2026-08-30,2,DK,quantile,0.65,67.56177594017322
2026-08-26,ILI incidence,2026-08-30,2,DK,quantile,0.6,66.29529490960235
2026-08-26,ILI incidence,2026-08-30,2,DK,median,,63.886054131253545
2026-08-26,ILI incidence,2026-09-06,3,DK,quantile,0.99,112.0075265127148
2026-08-26,ILI incidence,2026-09-06,3,DK,quantile,0.975,104.18899764522341
2026-08-26,ILI incidence,2026-09-06,3,DK,quantile,0.9,90.58873542872863
2026-08-26,ILI incidence,2026-09-06,3,DK,quantile,0.85,86.38644178686262
2026-08-26,ILI incidence,2026-09-06,3,DK,quantile,0.6,73.82788932185282
2026-08-26,ILI incidence,2026-09-06,3,DK,quantile,0.95,97.21472737470773
2026-08-26,ILI incidence,2026-09-06,3,DK,quantile,0.4,66.73814481134022
2026-08-26,ILI incidence,2026-09-06,3,DK,quantile,0.45,68.49036301659478
2026-08-26,ILI incidence,2026-09-06,3,DK,quantile,0.8,82.9769058883957
2026-08-26,ILI incidence,2026-09-06,3,DK,quantile,0.65,75.771526516889125
2026-08-26,ILI incidence,2026-09-06,3,DK,quantile,0.7,77.94493241294403
2026-08-26,ILI incidence,2026-09-06,3,DK,quantile,0.75,80.33428428316716
2026-08-26,ILI incidence,2026-09-06,3,DK,quantile,0.5,70.23103766249369
2026-08-26,ILI incidence,2026-09-06,3,DK,quantile,0.55,71.995442461896
2026-08-26,ILI incidence,2026-09-06,3,DK,quantile,0.3,63.26764975506512
2026-08-26,ILI incidence,2026-09-06,3,DK,quantile,0.35,65.02649041153238
2026-08-26,ILI incidence,2026-09-06,3,DK,quantile,0.05,51.06026367170454
2026-08-26,ILI incidence,2026-09-06,3,DK,quantile,0.2,59.51410358644303
2026-08-26,ILI incidence,2026-09-06,3,DK,quantile,0.01,43.97849170068999
2026-08-26,ILI incidence,2026-09-06,3,DK,quantile,0.025,47.69007093365007
2026-08-26,ILI incidence,2026-09-06,3,DK,quantile,0.25,61.51455530023094
2026-08-26,ILI incidence,2026-09-06,3,DK,quantile,0.15,57.346453725175124
2026-08-26,ILI incidence,2026-09-06,3,DK,quantile,0.1,54.74280265761975
2026-08-26,ILI incidence,2026-09-06,3,DK,median,,70.23103766249369
2026-08-26,ILI incidence,2026-09-13,4,DK,quantile,0.05,71.2876602532948
2026-08-26,ILI incidence,2026-09-13,4,DK,quantile,0.025,69.96437613221731
2026-08-26,ILI incidence,2026-09-13,4,DK,quantile,0.01,68.29526147902473
2026-08-26,ILI incidence,2026-09-13,4,DK,quantile,0.6,79.3444472827686
2026-08-26,ILI incidence,2026-09-13,4,DK,quantile,0.1,72.78940906251081
2026-08-26,ILI incidence,2026-09-13,4,DK,quantile,0.5,78.27948357596277
2026-08-26,ILI incidence,2026-09-13,4,DK,quantile,0.55,78.80693458377503
2026-08-26,ILI incidence,2026-09-13,4,DK,quantile,0.65,79.933389967957865
2026-08-26,ILI incidence,2026-09-13,4,DK,quantile,0.4,77.21247872579542
2026-08-26,ILI incidence,2026-09-13,4,DK,quantile,0.35,76.61766098825308
2026-08-26,ILI incidence,2026-09-13,4,DK,quantile,0.45,77.74411858199404
2026-08-26,ILI incidence,2026-09-13,4,DK,quantile,0.25,75.34520851157453
2026-08-26,ILI incidence,2026-09-13,4,DK,quantile,0.99,89.30332783054902
2026-08-26,ILI incidence,2026-09-13,4,DK,quantile,0.3,75.9821770585505
2026-08-26,ILI incidence,2026-09-13,4,DK,quantile,0.15,73.75917812522859
2026-08-26,ILI incidence,2026-09-13,4,DK,quantile,0.2,74.61469883494463
2026-08-26,ILI incidence,2026-09-13,4,DK,quantile,0.75,81.28713616316463
2026-08-26,ILI incidence,2026-09-13,4,DK,quantile,0.7,80.59540895472466
2026-08-26,ILI incidence,2026-09-13,4,DK,quantile,0.95,85.92187992103453
2026-08-26,ILI incidence,2026-09-13,4,DK,quantile,0.975,87.5065385640666
2026-08-26,ILI incidence,2026-09-13,4,DK,quantile,0.8,82.08294634459148
2026-08-26,ILI incidence,2026-09-13,4,DK,quantile,0.9,84.17453846626773
2026-08-26,ILI incidence,2026-09-13,4,DK,quantile,0.85,82.97605966004902
2026-08-26,ILI incidence,2026-09-13,4,DK,median,,78.27948357596277
2026-08-26,ILI incidence,2026-08-23,1,EE,quantile,0.99,224.981718744762
2026-08-26,ILI incidence,2026-08-23,1,EE,quantile,0.95,120.8434486252695
2026-08-26,ILI incidence,2026-08-23,1,EE,quantile,0.975,160.61457858152792
2026-08-26,ILI incidence,2026-08-23,1,EE,quantile,0.9,85.92523910614449
2026-08-26,ILI incidence,2026-08-23,1,EE,quantile,0.85,69.21018569890083
2026-08-26,ILI incidence,2026-08-23,1,EE,quantile,0.8,57.427727821499175
2026-08-26,ILI incidence,2026-08-23,1,EE,quantile,0.75,48.78427339918183
2026-08-26,ILI incidence,2026-08-23,1,EE,quantile,0.7,42.181032654096306
2026-08-26,ILI incidence,2026-08-23,1,EE,quantile,0.55,28.65648426444183
2026-08-26,ILI incidence,2026-08-23,1,EE,quantile,0.6,32.52188007335569
2026-08-26,ILI incidence,2026-08-23,1,EE,quantile,0.45,22.7492418240821
2026-08-26,ILI incidence,2026-08-23,1,EE,quantile,0.5,25.379694410269522
2026-08-26,ILI incidence,2026-08-23,1,EE,quantile,0.4,20.10377602194946
2026-08-26,ILI incidence,2026-08-23,1,EE,quantile,0.65,36.889875181126946
2026-08-26,ILI incidence,2026-08-23,1,EE,quantile,0.35,17.84302866358833
2026-08-26,ILI incidence,2026-08-23,1,EE,quantile,0.3,15.615671762690791
2026-08-26,ILI incidence,2026-08-23,1,EE,quantile,0.25,13.649841997142712
2026-08-26,ILI incidence,2026-08-23,1,EE,quantile,0.15,9.605950099063234
2026-08-26,ILI incidence,2026-08-23,1,EE,quantile,0.01,2.79121924646584
2026-08-26,ILI incidence,2026-08-23,1,EE,quantile,0.2,11.69686655270911
2026-08-26,ILI incidence,2026-08-23,1,EE,quantile,0.05,5.427341985563198
2026-08-26,ILI incidence,2026-08-23,1,EE,quantile,0.025,3.901276271113525
2026-08-26,ILI incidence,2026-08-23,1,EE,quantile,0.1,7.519727019462527
2026-08-26,ILI incidence,2026-08-23,1,EE,median,,25.379694410269522
2026-08-26,ILI incidence,2026-08-30,2,EE,quantile,0.5,10.223055344562624
2026-08-26,ILI incidence,2026-08-30,2,EE,quantile,0.55,10.303007168993748
2026-08-26,ILI incidence,2026-08-30,2,EE,quantile,0.6,10.394718301043268
2026-08-26,ILI incidence,2026-08-30,2,EE,quantile,0.8,10.845810515023228
2026-08-26,ILI incidence,2026-08-30,2,EE,quantile,0.7,10.605162104356266
2026-08-26,ILI incidence,2026-08-30,2,EE,quantile,0.75,10.717489188860888
2026-08-26,ILI incidence,2026-08-30,2,EE,quantile,0.85,10.996590076858274
2026-08-26,ILI incidence,2026-08-30,2,EE,quantile,0.99,12.058910500677039
2026-08-26,ILI incidence,2026-08-30,2,EE,quantile,0.65,10.492705002222934
2026-08-26,ILI incidence,2026-08-30,2,EE,quantile,0.45,10.130343122685376
2026-08-26,ILI incidence,2026-08-30,2,EE,quantile,0.9,11.186810910726257
2026-08-26,ILI incidence,2026-08-30,2,EE,quantile,0.95,11.46159119910537
2026-08-26,ILI incidence,2026-08-30,2,EE,quantile,0.25,9.742027072864177
2026-08-26,ILI incidence,2026-08-30,2,EE,quantile,0.05,9.121055439991743
2026-08-26,ILI incidence,2026-08-30,2,EE,quantile,0.4,10.033670279757299
2026-08-26,ILI incidence,2026-08-30,2,EE,quantile,0.3,9.847824780351244
2026-08-26,ILI incidence,2026-08-30,2,EE,quantile,0.1,9.352449439166705
2026-08-26,ILI incidence,2026-08-30,2,EE,quantile,0.025,8.921476891651519
2026-08-26,ILI incidence,2026-08-30,2,EE,quantile,0.35,9.949386579753961
2026-08-26,ILI incidence,2026-08-30,2,EE,quantile,0.2,9.636046049698479
2026-08-26,ILI incidence,2026-08-30,2,EE,quantile,0.01,8.689984762017232
2026-08-26,ILI incidence,2026-08-30,2,EE,quantile,0.15,9.514737808551859
2026-08-26,ILI incidence,2026-08-30,2,EE,quantile,0.975,11.720341890134767
2026-08-26,ILI incidence,2026-08-30,2,EE,median,,10.223055344562624
2026-08-26,ILI incidence,2026-09-06,3,EE,quantile,0.9,19.99669408333707
2026-08-26,ILI incidence,2026-09-06,3,EE,quantile,0.85,14.898941739800481
2026-08-26,ILI incidence,2026-09-06,3,EE,quantile,0.65,6.66279446499847
2026-08-26,ILI incidence,2026-09-06,3,EE,quantile,0.8,11.736843865064527
2026-08-26,ILI incidence,2026-09-06,3,EE,quantile,0.7,7.90603408325549
2026-08-26,ILI incidence,2026-09-06,3,EE,quantile,0.99,70.38785558383677
2026-08-26,ILI incidence,2026-09-06,3,EE,quantile,0.95,32.10165732553018
2026-08-26,ILI incidence,2026-09-06,3,EE,quantile,0.75,9.549794534661133
2026-08-26,ILI incidence,2026-09-06,3,EE,quantile,0.6,5.590549196607776
2026-08-26,ILI incidence,2026-09-06,3,EE,quantile,0.975,46.176899756355255
2026-08-26,ILI incidence,2026-09-06,3,EE,quantile,0.25,1.7047393717260761
2026-08-26,ILI incidence,2026-09-06,3,EE,quantile,0.55,4.70567965156987
2026-08-26,ILI incidence,2026-09-06,3,EE,quantile,0.2,1.3750826130574856
2026-08-26,ILI incidence,2026-09-06,3,EE,quantile,0.1,0.7810338197566411
2026-08-26,ILI incidence,2026-09-06,3,EE,quantile,0.5,3.995300389607405
2026-08-26,ILI incidence,2026-09-06,3,EE,quantile,0.35,2.4777728866117776
2026-08-26,ILI incidence,2026-09-06,3,EE,quantile,0.4,2.931791047571905
2026-08-26,ILI incidence,2026-09-06,3,EE,quantile,0.15,1.0635462714373325
2026-08-26,ILI incidence,2026-09-06,3,EE,quantile,0.45,3.4290381888967687
2026-08-26,ILI incidence,2026-09-06,3,EE,quantile,0.3,2.069254600740448
2026-08-26,ILI incidence,2026-09-06,3,EE,quantile,0.05,0.49415057828430625
2026-08-26,ILI incidence,2026-09-06,3,EE,quantile,0.025,0.3330184109100454
2026-08-26,ILI incidence,2026-09-06,3,EE,quantile,0.01,0.20569639074435045
2026-08-26,ILI incidence,2026-09-06,3,EE,median,,3.995300389607405
2026-08-26,ILI incidence,2026-09-13,4,EE,quantile,0.01,1.5145932361320456
2026-08-26,ILI incidence,2026-09-13,4,EE,quantile,0.05,3.189208814474101
2026-08-26,ILI incidence,2026-09-13,4,EE,quantile,0.025,2.2525372044113965
2026-08-26,ILI incidence,2026-09-13,4,EE,quantile,0.1,4.723825516310332
2026-08-26,ILI incidence,2026-09-13,4,EE,quantile,0.15,6.164971819132299
2026-08-26,ILI incidence,2026-09-13,4,EE,quantile,0.25,8.964593503299643
2026-08-26,ILI incidence,2026-09-13,4,EE,quantile,0.3,10.535123097199861
2026-08-26,ILI incidence,2026-09-13,4,EE,quantile,0.2,7.614753177020601
2026-08-26,ILI incidence,2026-09-13,4,EE,quantile,0.35,12.262049897927408
2026-08-26,ILI incidence,2026-09-13,4,EE,quantile,0.4,14.126968653096558
2026-08-26,ILI incidence,2026-09-13,4,EE,quantile,0.85,57.50388388949839
2026-08-26,ILI incidence,2026-09-13,4,EE,quantile,0.45,16.213868912418647
2026-08-26,ILI incidence,2026-09-13,4,EE,quantile,0.8,46.436380316900916
2026-08-26,ILI incidence,2026-09-13,4,EE,quantile,0.5,18.614271051988496
2026-08-26,ILI incidence,2026-09-13,4,EE,quantile,0.75,38.852823326754155
2026-08-26,ILI incidence,2026-09-13,4,EE,quantile,0.9,74.84675071412352
2026-08-26,ILI incidence,2026-09-13,4,EE,quantile,0.7,33.05693475001226
2026-08-26,ILI incidence,2026-09-13,4,EE,quantile,0.55,21.182696413400322
2026-08-26,ILI incidence,2026-09-13,4,EE,quantile,0.65,28.15042631941844
2026-08-26,ILI incidence,2026-09-13,4,EE,quantile,0.6,24.285271842286228
2026-08-26,ILI incidence,2026-09-13,4,EE,quantile,0.95,109.84627445539532
2026-08-26,ILI incidence,2026-09-13,4,EE,quantile,0.975,149.70255532138876
2026-08-26,ILI incidence,2026-09-13,4,EE,quantile,0.99,228.44734494420865
2026-08-26,ILI incidence,2026-09-13,4,EE,median,,18.614271051988496
2026-08-26,ILI incidence,2026-08-23,1,ES,quantile,0.01,5.261121844652459
2026-08-26,ILI incidence,2026-08-23,1,ES,quantile,0.45,7.435060137461823
2026-08-26,ILI incidence,2026-08-23,1,ES,quantile,0.35,7.146593822088834
2026-08-26,ILI incidence,2026-08-23,1,ES,quantile,0.5,7.576506256316371
2026-08-26,ILI incidence,2026-08-23,1,ES,quantile,0.6,7.893885402743047
2026-08-26,ILI incidence,2026-08-23,1,ES,quantile,0.25,6.818498212372812
2026-08-26,ILI incidence,2026-08-23,1,ES,quantile,0.3,6.986489568985904
2026-08-26,ILI incidence,2026-08-23,1,ES,quantile,0.4,7.291335615779346
2026-08-26,ILI incidence,2026-08-23,1,ES,quantile,0.55,7.729197701540106
2026-08-26,ILI incidence,2026-08-23,1,ES,quantile,0.2,6.636375629842892
2026-08-26,ILI incidence,2026-08-23,1,ES,quantile,0.15,6.432041621485041
2026-08-26,ILI incidence,2026-08-23,1,ES,quantile,0.025,5.563540103074278
2026-08-26,ILI incidence,2026-08-23,1,ES,quantile,0.05,5.8447890143071115
2026-08-26,ILI incidence,2026-08-23,1,ES,quantile,0.1,6.184819241351798
2026-08-26,ILI incidence,2026-08-23,1,ES,quantile,0.65,8.070220264177921
2026-08-26,ILI incidence,2026-08-23,1,ES,quantile,0.7,8.2385378829548
2026-08-26,ILI incidence,2026-08-23,1,ES,quantile,0.75,8.425749231190661
2026-08-26,ILI incidence,2026-08-23,1,ES,quantile,0.975,10.257963190956074
2026-08-26,ILI incidence,2026-08-23,1,ES,quantile,0.99,10.807597569925072
2026-08-26,ILI incidence,2026-08-23,1,ES,quantile,0.95,9.747519131301283
2026-08-26,ILI incidence,2026-08-23,1,ES,quantile,0.9,9.221273687923816
2026-08-26,ILI incidence,2026-08-23,1,ES,quantile,0.85,8.895122403759087
2026-08-26,ILI incidence,2026-08-23,1,ES,quantile,0.8,8.64648302426317
2026-08-26,ILI incidence,2026-08-23,1,ES,median,,7.576506256316371
2026-08-26,ILI incidence,2026-08-30,2,ES,quantile,0.15,6.698243284886345
2026-08-26,ILI incidence,2026-08-30,2,ES,quantile,0.025,5.662316265011136
2026-08-26,ILI incidence,2026-08-30,2,ES,quantile,0.01,5.257854435447201
2026-08-26,ILI incidence,2026-08-30,2,ES,quantile,0.2,6.94108728156228
2026-08-26,ILI incidence,2026-08-30,2,ES,quantile,0.05,5.9991843578607025
2026-08-26,ILI incidence,2026-08-30,2,ES,quantile,0.1,6.421828555559656
2026-08-26,ILI incidence,2026-08-30,2,ES,quantile,0.25,7.145395863951695
2026-08-26,ILI incidence,2026-08-30,2,ES,quantile,0.3,7.347164813775174
2026-08-26,ILI incidence,2026-08-30,2,ES,quantile,0.35,7.547283991799384
2026-08-26,ILI incidence,2026-08-30,2,ES,quantile,0.4,7.715368888263736
2026-08-26,ILI incidence,2026-08-30,2,ES,quantile,0.45,7.9039306292162355
2026-08-26,ILI incidence,2026-08-30,2,ES,quantile,0.975,11.64244365182908
2026-08-26,ILI incidence,2026-08-30,2,ES,quantile,0.99,12.577595794279624
2026-08-26,ILI incidence,2026-08-30,2,ES,quantile,0.55,8.269221120873837
2026-08-26,ILI incidence,2026-08-30,2,ES,quantile,0.95,10.959135260558309
2026-08-26,ILI incidence,2026-08-30,2,ES,quantile,0.5,8.087726073687357
2026-08-26,ILI incidence,2026-08-30,2,ES,quantile,0.8,9.44200820397827
2026-08-26,ILI incidence,2026-08-30,2,ES,quantile,0.75,9.155100840902026
2026-08-26,ILI incidence,2026-08-30,2,ES,quantile,0.85,9.781988394125637
2026-08-26,ILI incidence,2026-08-30,2,ES,quantile,0.9,10.246074668885694
2026-08-26,ILI incidence,2026-08-30,2,ES,quantile,0.7,8.921067851502722
2026-08-26,ILI incidence,2026-08-30,2,ES,quantile,0.6,8.472970759552474
2026-08-26,ILI incidence,2026-08-30,2,ES,quantile,0.65,8.67591952843858
2026-08-26,ILI incidence,2026-08-30,2,ES,median,,8.087726073687357
2026-08-26,ILI incidence,2026-09-06,3,ES,quantile,0.15,7.051960891783215
2026-08-26,ILI incidence,2026-09-06,3,ES,quantile,0.25,7.514020800172567
2026-08-26,ILI incidence,2026-09-06,3,ES,quantile,0.1,6.758902192417159
2026-08-26,ILI incidence,2026-09-06,3,ES,quantile,0.3,7.700374847379636
2026-08-26,ILI incidence,2026-09-06,3,ES,quantile,0.45,8.2771596100172
2026-08-26,ILI incidence,2026-09-06,3,ES,quantile,0.35,7.893210226554935
2026-08-26,ILI incidence,2026-09-06,3,ES,quantile,0.4,8.087435904829078
2026-08-26,ILI incidence,2026-09-06,3,ES,quantile,0.2,7.288453615182161
2026-08-26,ILI incidence,2026-09-06,3,ES,quantile,0.99,12.549338214008577
2026-08-26,ILI incidence,2026-09-06,3,ES,quantile,0.05,6.384047401807916
2026-08-26,ILI incidence,2026-09-06,3,ES,quantile,0.025,6.0368714784112
2026-08-26,ILI incidence,2026-09-06,3,ES,quantile,0.5,8.450460045634152
2026-08-26,ILI incidence,2026-09-06,3,ES,quantile,0.8,9.81106862939702
2026-08-26,ILI incidence,2026-09-06,3,ES,quantile,0.6,8.825615266696264
2026-08-26,ILI incidence,2026-09-06,3,ES,quantile,0.75,9.530112773182552
2026-08-26,ILI incidence,2026-09-06,3,ES,quantile,0.85,10.15316262305776
2026-08-26,ILI incidence,2026-09-06,3,ES,quantile,0.9,10.555899319668983
2026-08-26,ILI incidence,2026-09-06,3,ES,quantile,0.975,11.798430075754842
2026-08-26,ILI incidence,2026-09-06,3,ES,quantile,0.95,11.213746518743683
2026-08-26,ILI incidence,2026-09-06,3,ES,quantile,0.55,8.641225819988936
2026-08-26,ILI incidence,2026-09-06,3,ES,quantile,0.7,9.274187906723148
2026-08-26,ILI incidence,2026-09-06,3,ES,quantile,0.01,5.67863471319534
2026-08-26,ILI incidence,2026-09-06,3,ES,quantile,0.65,9.043542402885054
2026-08-26,ILI incidence,2026-09-06,3,ES,median,,8.450460045634152
2026-08-26,ILI incidence,2026-09-13,4,ES,quantile,0.01,4.512070794664687
2026-08-26,ILI incidence,2026-09-13,4,ES,quantile,0.85,11.751777616717613
2026-08-26,ILI incidence,2026-09-13,4,ES,quantile,0.95,13.973926887688922
2026-08-26,ILI incidence,2026-09-13,4,ES,quantile,0.9,12.599091536023131
2026-08-26,ILI incidence,2026-09-13,4,ES,quantile,0.65,9.723886016009935
2026-08-26,ILI incidence,2026-09-13,4,ES,quantile,0.975,15.293349859741621
2026-08-26,ILI incidence,2026-09-13,4,ES,quantile,0.8,11.095569025534687
2026-08-26,ILI incidence,2026-09-13,4,ES,quantile,0.99,16.955400050896703
2026-08-26,ILI incidence,2026-09-13,4,ES,quantile,0.45,8.409780530796995
2026-08-26,ILI incidence,2026-09-13,4,ES,quantile,0.6,9.352834688020213
2026-08-26,ILI incidence,2026-09-13,4,ES,quantile,0.55,9.027809033871776
2026-08-26,ILI incidence,2026-09-13,4,ES,quantile,0.75,10.566828675673937
2026-08-26,ILI incidence,2026-09-13,4,ES,quantile,0.3,7.493344647125461
2026-08-26,ILI incidence,2026-09-13,4,ES,quantile,0.5,8.704546592240735
2026-08-26,ILI incidence,2026-09-13,4,ES,quantile,0.7,10.111781189754645
2026-08-26,ILI incidence,2026-09-13,4,ES,quantile,0.025,5.016771291605644
2026-08-26,ILI incidence,2026-09-13,4,ES,quantile,0.25,7.172317354683954
2026-08-26,ILI incidence,2026-09-13,4,ES,quantile,0.35,7.776808561682844
2026-08-26,ILI incidence,2026-09-13,4,ES,quantile,0.4,8.07157925028481
2026-08-26,ILI incidence,2026-09-13,4,ES,quantile,0.05,5.448919956684474
2026-08-26,ILI incidence,2026-09-13,4,ES,quantile,0.1,6.034075776651103
2026-08-26,ILI incidence,2026-09-13,4,ES,quantile,0.2,6.825797849806772
2026-08-26,ILI incidence,2026-09-13,4,ES,quantile,0.15,6.448101222260711
2026-08-26,ILI incidence,2026-09-13,4,ES,median,,8.704546592240735
2026-08-26,ILI incidence,2026-08-23,1,FI,quantile,0.1,7.99426388527816
2026-08-26,ILI incidence,2026-08-23,1,FI,quantile,0.15,8.769478609430182
2026-08-26,ILI incidence,2026-08-23,1,FI,quantile,0.2,9.486693791389294
2026-08-26,ILI incidence,2026-08-23,1,FI,quantile,0.975,27.58251517257619
2026-08-26,ILI incidence,2026-08-23,1,FI,quantile,0.3,10.6719576371122
2026-08-26,ILI incidence,2026-08-23,1,FI,quantile,0.99,31.9289454325616
2026-08-26,ILI incidence,2026-08-23,1,FI,quantile,0.01,5.409857886095737
2026-08-26,ILI incidence,2026-08-23,1,FI,quantile,0.5,12.93707293899847
2026-08-26,ILI incidence,2026-08-23,1,FI,quantile,0.35,11.234891513952256
2026-08-26,ILI incidence,2026-08-23,1,FI,quantile,0.45,12.3045559121554
2026-08-26,ILI incidence,2026-08-23,1,FI,quantile,0.025,6.144184471998405
2026-08-26,ILI incidence,2026-08-23,1,FI,quantile,0.05,6.9515471143414835
2026-08-26,ILI incidence,2026-08-23,1,FI,quantile,0.25,10.06802616353459
2026-08-26,ILI incidence,2026-08-23,1,FI,quantile,0.55,13.569373806224965
2026-08-26,ILI incidence,2026-08-23,1,FI,quantile,0.6,14.279970990054137
2026-08-26,ILI incidence,2026-08-23,1,FI,quantile,0.4,11.800109254701884
2026-08-26,ILI incidence,2026-08-23,1,FI,quantile,0.9,21.00176754436967
2026-08-26,ILI incidence,2026-08-23,1,FI,quantile,0.95,24.39852154721639
2026-08-26,ILI incidence,2026-08-23,1,FI,quantile,0.65,15.007703352623903
2026-08-26,ILI incidence,2026-08-23,1,FI,quantile,0.7,15.788605343595567
2026-08-26,ILI incidence,2026-08-23,1,FI,quantile,0.75,16.658699629071698
2026-08-26,ILI incidence,2026-08-23,1,FI,quantile,0.8,17.824279440513493
2026-08-26,ILI incidence,2026-08-23,1,FI,quantile,0.85,19.250653852571894
2026-08-26,ILI incidence,2026-08-23,1,FI,median,,12.93707293899847
2026-08-26,ILI incidence,2026-08-30,2,FI,quantile,0.025,6.6315322349386365
2026-08-26,ILI incidence,2026-08-30,2,FI,quantile,0.1,8.755012135039795
2026-08-26,ILI incidence,2026-08-30,2,FI,quantile,0.05,7.577506545862927
2026-08-26,ILI incidence,2026-08-30,2,FI,quantile,0.2,10.702843110676499
2026-08-26,ILI incidence,2026-08-30,2,FI,quantile,0.15,9.80507098905265
2026-08-26,ILI incidence,2026-08-30,2,FI,quantile,0.01,5.589097743229034
2026-08-26,ILI incidence,2026-08-30,2,FI,quantile,0.25,11.426080126089397
2026-08-26,ILI incidence,2026-08-30,2,FI,quantile,0.3,12.24747075004856
2026-08-26,ILI incidence,2026-08-30,2,FI,quantile,0.4,13.765690007111495
2026-08-26,ILI incidence,2026-08-30,2,FI,quantile,0.35,12.996452402789696
2026-08-26,ILI incidence,2026-08-30,2,FI,quantile,0.975,35.655527423913234
2026-08-26,ILI incidence,2026-08-30,2,FI,quantile,0.99,41.66417736474426
2026-08-26,ILI incidence,2026-08-30,2,FI,quantile,0.5,15.337800694027546
2026-08-26,ILI incidence,2026-08-30,2,FI,quantile,0.65,18.04999290239936
2026-08-26,ILI incidence,2026-08-30,2,FI,quantile,0.55,16.217059632554953
2026-08-26,ILI incidence,2026-08-30,2,FI,quantile,0.6,17.092298241088965
2026-08-26,ILI incidence,2026-08-30,2,FI,quantile,0.7,19.15024435185755
2026-08-26,ILI incidence,2026-08-30,2,FI,quantile,0.45,14.527973834239766
2026-08-26,ILI incidence,2026-08-30,2,FI,quantile,0.75,20.374630005044445
2026-08-26,ILI incidence,2026-08-30,2,FI,quantile,0.8,21.734435638018745
2026-08-26,ILI incidence,2026-08-30,2,FI,quantile,0.85,23.766225868095333
2026-08-26,ILI incidence,2026-08-30,2,FI,quantile,0.9,26.600005234450933
2026-08-26,ILI incidence,2026-08-30,2,FI,quantile,0.95,31.013930075495303
2026-08-26,ILI incidence,2026-08-30,2,FI,median,,15.337800694027546
2026-08-26,ILI incidence,2026-09-06,3,FI,quantile,0.9,28.073524099940414
2026-08-26,ILI incidence,2026-09-06,3,FI,quantile,0.95,33.989175987385956
2026-08-26,ILI incidence,2026-09-06,3,FI,quantile,0.85,24.613073132110404
2026-08-26,ILI incidence,2026-09-06,3,FI,quantile,0.25,9.681091889326465
2026-08-26,ILI incidence,2026-09-06,3,FI,quantile,0.3,10.541101201408644
2026-08-26,ILI incidence,2026-09-06,3,FI,quantile,0.35,11.342885057991158
2026-08-26,ILI incidence,2026-09-06,3,FI,quantile,0.2,8.8497860943339
2026-08-26,ILI incidence,2026-09-06,3,FI,quantile,0.4,12.180783827312867
2026-08-26,ILI incidence,2026-09-06,3,FI,quantile,0.45,13.03499533058984
2026-08-26,ILI incidence,2026-09-06,3,FI,quantile,0.5,14.032382997347016
2026-08-26,ILI incidence,2026-09-06,3,FI,quantile,0.8,22.15570903589808
2026-08-26,ILI incidence,2026-09-06,3,FI,quantile,0.975,40.430085681439266
2026-08-26,ILI incidence,2026-09-06,3,FI,quantile,0.15,8.01040134071108
2026-08-26,ILI incidence,2026-09-06,3,FI,quantile,0.99,48.97197854079656
2026-08-26,ILI incidence,2026-09-06,3,FI,quantile,0.1,7.0059412226613995
2026-08-26,ILI incidence,2026-09-06,3,FI,quantile,0.7,18.69361448155265
2026-08-26,ILI incidence,2026-09-06,3,FI,quantile,0.75,20.212342574650012
2026-08-26,ILI incidence,2026-09-06,3,FI,quantile,0.05,5.746391672314994
2026-08-26,ILI incidence,2026-09-06,3,FI,quantile,0.65,17.302256252506112
2026-08-26,ILI incidence,2026-09-06,3,FI,quantile,0.025,4.8102703879341
2026-08-26,ILI incidence,2026-09-06,3,FI,quantile,0.01,3.858814099028967
2026-08-26,ILI incidence,2026-09-06,3,FI,quantile,0.6,16.122530427717493
2026-08-26,ILI incidence,2026-09-06,3,FI,quantile,0.55,15.119140348340988
2026-08-26,ILI incidence,2026-09-06,3,FI,median,,14.032382997347016
2026-08-26,ILI incidence,2026-09-13,4,FI,quantile,0.7,20.45427407375467
2026-08-26,ILI incidence,2026-09-13,4,FI,quantile,0.75,22.1683142768374
2026-08-26,ILI incidence,2026-09-13,4,FI,quantile,0.6,17.93471065455625
2026-08-26,ILI incidence,2026-09-13,4,FI,quantile,0.65,19.086487029047227
2026-08-26,ILI incidence,2026-09-13,4,FI,quantile,0.45,14.790241774958233
2026-08-26,ILI incidence,2026-09-13,4,FI,quantile,0.35,13.028542934543104
2026-08-26,ILI incidence,2026-09-13,4,FI,quantile,0.4,13.886600217115799
2026-08-26,ILI incidence,2026-09-13,4,FI,quantile,0.5,15.79373155692554
2026-08-26,ILI incidence,2026-09-13,4,FI,quantile,0.55,16.82465617170569
2026-08-26,ILI incidence,2026-09-13,4,FI,quantile,0.8,23.999994893176204
2026-08-26,ILI incidence,2026-09-13,4,FI,quantile,0.85,26.526160386126396
2026-08-26,ILI incidence,2026-09-13,4,FI,quantile,0.9,29.88720216717056
2026-08-26,ILI incidence,2026-09-13,4,FI,quantile,0.95,35.75225460530502
2026-08-26,ILI incidence,2026-09-13,4,FI,quantile,0.99,49.9783503428042
2026-08-26,ILI incidence,2026-09-13,4,FI,quantile,0.975,42.30094609711263
2026-08-26,ILI incidence,2026-09-13,4,FI,quantile,0.05,6.9895964977244205
2026-08-26,ILI incidence,2026-09-13,4,FI,quantile,0.025,5.9814977366142745
2026-08-26,ILI incidence,2026-09-13,4,FI,quantile,0.2,10.498127465498108
2026-08-26,ILI incidence,2026-09-13,4,FI,quantile,0.3,12.146033084217386
2026-08-26,ILI incidence,2026-09-13,4,FI,quantile,0.25,11.338152554497517
2026-08-26,ILI incidence,2026-09-13,4,FI,quantile,0.1,8.411009353520496
2026-08-26,ILI incidence,2026-09-13,4,FI,quantile,0.15,9.521688256261294
2026-08-26,ILI incidence,2026-09-13,4,FI,quantile,0.01,4.950825602542536
2026-08-26,ILI incidence,2026-09-13,4,FI,median,,15.79373155692554
2026-08-26,ILI incidence,2026-08-23,1,GB-ENG,quantile,0.975,1.3812807703882695
2026-08-26,ILI incidence,2026-08-23,1,GB-ENG,quantile,0.99,1.5060951520255772
2026-08-26,ILI incidence,2026-08-23,1,GB-ENG,quantile,0.95,1.2748999514795334
2026-08-26,ILI incidence,2026-08-23,1,GB-ENG,quantile,0.9,1.1516971027114808
2026-08-26,ILI incidence,2026-08-23,1,GB-ENG,quantile,0.65,0.9079330942525801
2026-08-26,ILI incidence,2026-08-23,1,GB-ENG,quantile,0.8,1.0281331268987384
2026-08-26,ILI incidence,2026-08-23,1,GB-ENG,quantile,0.85,1.0812866445232734
2026-08-26,ILI incidence,2026-08-23,1,GB-ENG,quantile,0.75,0.9814886319734645
2026-08-26,ILI incidence,2026-08-23,1,GB-ENG,quantile,0.6,0.8732843076010649
2026-08-26,ILI incidence,2026-08-23,1,GB-ENG,quantile,0.1,0.5809423753134833
2026-08-26,ILI incidence,2026-08-23,1,GB-ENG,quantile,0.7,0.9424955176263166
2026-08-26,ILI incidence,2026-08-23,1,GB-ENG,quantile,0.55,0.846007026638702
2026-08-26,ILI incidence,2026-08-23,1,GB-ENG,quantile,0.45,0.790548193206093
2026-08-26,ILI incidence,2026-08-23,1,GB-ENG,quantile,0.5,0.8181699442228053
2026-08-26,ILI incidence,2026-08-23,1,GB-ENG,quantile,0.4,0.7637206760120299
2026-08-26,ILI incidence,2026-08-23,1,GB-ENG,quantile,0.05,0.5245156543766638
2026-08-26,ILI incidence,2026-08-23,1,GB-ENG,quantile,0.35,0.735152846236824
2026-08-26,ILI incidence,2026-08-23,1,GB-ENG,quantile,0.025,0.4840195414180292
2026-08-26,ILI incidence,2026-08-23,1,GB-ENG,quantile,0.3,0.7080340781837428
2026-08-26,ILI incidence,2026-08-23,1,GB-ENG,quantile,0.25,0.6818123943742224
2026-08-26,ILI incidence,2026-08-23,1,GB-ENG,quantile,0.2,0.6510329358931286
2026-08-26,ILI incidence,2026-08-23,1,GB-ENG,quantile,0.01,0.442129405939677
2026-08-26,ILI incidence,2026-08-23,1,GB-ENG,quantile,0.15,0.6188198506206553
2026-08-26,ILI incidence,2026-08-23,1,GB-ENG,median,,0.8181699442228053
2026-08-26,ILI incidence,2026-08-30,2,GB-ENG,quantile,0.1,0.5614222746451968
2026-08-26,ILI incidence,2026-08-30,2,GB-ENG,quantile,0.35,0.7193162661620993
2026-08-26,ILI incidence,2026-08-30,2,GB-ENG,quantile,0.4,0.7445198928692123
2026-08-26,ILI incidence,2026-08-30,2,GB-ENG,quantile,0.025,0.4665213289522245
2026-08-26,ILI incidence,2026-08-30,2,GB-ENG,quantile,0.05,0.5075360542713812
2026-08-26,ILI incidence,2026-08-30,2,GB-ENG,quantile,0.2,0.6340996965058612
2026-08-26,ILI incidence,2026-08-30,2,GB-ENG,quantile,0.65,0.8843132878978026
2026-08-26,ILI incidence,2026-08-30,2,GB-ENG,quantile,0.6,0.853544907115015
2026-08-26,ILI incidence,2026-08-30,2,GB-ENG,quantile,0.25,0.6634882487633676
2026-08-26,ILI incidence,2026-08-30,2,GB-ENG,quantile,0.7,0.919917077920612
2026-08-26,ILI incidence,2026-08-30,2,GB-ENG,quantile,0.55,0.8254141304568489
2026-08-26,ILI incidence,2026-08-30,2,GB-ENG,quantile,0.3,0.6928776605441893
2026-08-26,ILI incidence,2026-08-30,2,GB-ENG,quantile,0.45,0.7711120424681608
2026-08-26,ILI incidence,2026-08-30,2,GB-ENG,quantile,0.5,0.7968922173780069
2026-08-26,ILI incidence,2026-08-30,2,GB-ENG,quantile,0.75,0.961867506076264
2026-08-26,ILI incidence,2026-08-30,2,GB-ENG,quantile,0.15,0.5998038140311034
2026-08-26,ILI incidence,2026-08-30,2,GB-ENG,quantile,0.8,1.0090795384957312
2026-08-26,ILI incidence,2026-08-30,2,GB-ENG,quantile,0.975,1.380410258717173
2026-08-26,ILI incidence,2026-08-30,2,GB-ENG,quantile,0.85,1.0666045099907047
2026-08-26,ILI incidence,2026-08-30,2,GB-ENG,quantile,0.95,1.2639593298585126
2026-08-26,ILI incidence,2026-08-30,2,GB-ENG,quantile,0.99,1.5275800638574228
2026-08-26,ILI incidence,2026-08-30,2,GB-ENG,quantile,0.9,1.142157654776475
2026-08-26,ILI incidence,2026-08-30,2,GB-ENG,quantile,0.01,0.4208358535687978
2026-08-26,ILI incidence,2026-08-30,2,GB-ENG,median,,0.7968922173780069
2026-08-26,ILI incidence,2026-09-06,3,GB-ENG,quantile,0.1,0.6734701598874681
2026-08-26,ILI incidence,2026-09-06,3,GB-ENG,quantile,0.025,0.5841589131414424
2026-08-26,ILI incidence,2026-09-06,3,GB-ENG,quantile,0.01,0.5401890235383587
2026-08-26,ILI incidence,2026-09-06,3,GB-ENG,quantile,0.05,0.6240211219491577
2026-08-26,ILI incidence,2026-09-06,3,GB-ENG,quantile,0.15,0.7073663374229389
2026-08-26,ILI incidence,2026-09-06,3,GB-ENG,quantile,0.2,0.7392307247683584
2026-08-26,ILI incidence,2026-09-06,3,GB-ENG,quantile,0.99,1.4668884044584092
2026-08-26,ILI incidence,2026-09-06,3,GB-ENG,quantile,0.25,0.7672066520335279
2026-08-26,ILI incidence,2026-09-06,3,GB-ENG,quantile,0.95,1.2675066192034525
2026-08-26,ILI incidence,2026-09-06,3,GB-ENG,quantile,0.9,1.171519231615962
2026-08-26,ILI incidence,2026-09-06,3,GB-ENG,quantile,0.975,1.3547866203778918
2026-08-26,ILI incidence,2026-09-06,3,GB-ENG,quantile,0.65,0.9642809660725915
2026-08-26,ILI incidence,2026-09-06,3,GB-ENG,quantile,0.85,1.1112384008413778
2026-08-26,ILI incidence,2026-09-06,3,GB-ENG,quantile,0.6,0.9377622055853465
2026-08-26,ILI incidence,2026-09-06,3,GB-ENG,quantile,0.8,1.063579773470272
2026-08-26,ILI incidence,2026-09-06,3,GB-ENG,quantile,0.3,0.7944086617270287
2026-08-26,ILI incidence,2026-09-06,3,GB-ENG,quantile,0.55,0.9126887856873078
2026-08-26,ILI incidence,2026-09-06,3,GB-ENG,quantile,0.75,1.0276746764128017
2026-08-26,ILI incidence,2026-09-06,3,GB-ENG,quantile,0.7,0.9936064550803136
2026-08-26,ILI incidence,2026-09-06,3,GB-ENG,quantile,0.35,0.8198792599701052
2026-08-26,ILI incidence,2026-09-06,3,GB-ENG,quantile,0.5,0.8876101523385826
2026-08-26,ILI incidence,2026-09-06,3,GB-ENG,quantile,0.4,0.8412825410027542
2026-08-26,ILI incidence,2026-09-06,3,GB-ENG,quantile,0.45,0.8641915620475856
2026-08-26,ILI incidence,2026-09-06,3,GB-ENG,median,,0.8876101523385826
2026-08-26,ILI incidence,2026-09-13,4,GB-ENG,quantile,0.975,1.9521200850855325
2026-08-26,ILI incidence,2026-09-13,4,GB-ENG,quantile,0.99,2.2581886695520628
2026-08-26,ILI incidence,2026-09-13,4,GB-ENG,quantile,0.6,0.9911250465974157
2026-08-26,ILI incidence,2026-09-13,4,GB-ENG,quantile,0.95,1.7287207405956888
2026-08-26,ILI incidence,2026-09-13,4,GB-ENG,quantile,0.85,1.3571976920575013
2026-08-26,ILI incidence,2026-09-13,4,GB-ENG,quantile,0.025,0.4083423671073163
2026-08-26,ILI incidence,2026-09-13,4,GB-ENG,quantile,0.05,0.46658840200167395
2026-08-26,ILI incidence,2026-09-13,4,GB-ENG,quantile,0.01,0.3534364122748061
2026-08-26,ILI incidence,2026-09-13,4,GB-ENG,quantile,0.1,0.536494769712586
2026-08-26,ILI incidence,2026-09-13,4,GB-ENG,quantile,0.4,0.8077416478637094
2026-08-26,ILI incidence,2026-09-13,4,GB-ENG,quantile,0.35,0.7679698552564451
2026-08-26,ILI incidence,2026-09-13,4,GB-ENG,quantile,0.75,1.1771759242467246
2026-08-26,ILI incidence,2026-09-13,4,GB-ENG,quantile,0.65,1.043957594990856
2026-08-26,ILI incidence,2026-09-13,4,GB-ENG,quantile,0.15,0.5919792422658495
2026-08-26,ILI incidence,2026-09-13,4,GB-ENG,quantile,0.9,1.4951529206475331
2026-08-26,ILI incidence,2026-09-13,4,GB-ENG,quantile,0.8,1.2595485176536512
2026-08-26,ILI incidence,2026-09-13,4,GB-ENG,quantile,0.45,0.8487640074931584
2026-08-26,ILI incidence,2026-09-13,4,GB-ENG,quantile,0.5,0.8923579572057245
2026-08-26,ILI incidence,2026-09-13,4,GB-ENG,quantile,0.2,0.6369624126375013
2026-08-26,ILI incidence,2026-09-13,4,GB-ENG,quantile,0.25,0.6820169295719763
2026-08-26,ILI incidence,2026-09-13,4,GB-ENG,quantile,0.7,1.1077876968731233
2026-08-26,ILI incidence,2026-09-13,4,GB-ENG,quantile,0.3,0.7263073978046549
2026-08-26,ILI incidence,2026-09-13,4,GB-ENG,quantile,0.55,0.9417625366456677
2026-08-26,ILI incidence,2026-09-13,4,GB-ENG,median,,0.8923579572057245
2026-08-26,ILI incidence,2026-08-23,1,GB-NIR,quantile,0.25,3.2019385544960532
2026-08-26,ILI incidence,2026-08-23,1,GB-NIR,quantile,0.35,3.309359458456526
2026-08-26,ILI incidence,2026-08-23,1,GB-NIR,quantile,0.3,3.2575051827814963
2026-08-26,ILI incidence,2026-08-23,1,GB-NIR,quantile,0.2,3.136768610550537
2026-08-26,ILI incidence,2026-08-23,1,GB-NIR,quantile,0.9,4.036529385385094
2026-08-26,ILI incidence,2026-08-23,1,GB-NIR,quantile,0.15,3.0657028743662473
2026-08-26,ILI incidence,2026-08-23,1,GB-NIR,quantile,0.99,4.6265485530558905
2026-08-26,ILI incidence,2026-08-23,1,GB-NIR,quantile,0.4,3.3584017390192598
2026-08-26,ILI incidence,2026-08-23,1,GB-NIR,quantile,0.75,3.746075090445801
2026-08-26,ILI incidence,2026-08-23,1,GB-NIR,quantile,0.85,3.9113585317668313
2026-08-26,ILI incidence,2026-08-23,1,GB-NIR,quantile,0.1,2.976267905927539
2026-08-26,ILI incidence,2026-08-23,1,GB-NIR,quantile,0.7,3.678597464463791
2026-08-26,ILI incidence,2026-08-23,1,GB-NIR,quantile,0.6,3.5615466249534613
2026-08-26,ILI incidence,2026-08-23,1,GB-NIR,quantile,0.55,3.5090100334621113
2026-08-26,ILI incidence,2026-08-23,1,GB-NIR,quantile,0.8,3.8227923369394
2026-08-26,ILI incidence,2026-08-23,1,GB-NIR,quantile,0.45,3.407932423302424
2026-08-26,ILI incidence,2026-08-23,1,GB-NIR,quantile,0.95,4.226585677555987
2026-08-26,ILI incidence,2026-08-23,1,GB-NIR,quantile,0.5,3.457977368911849
2026-08-26,ILI incidence,2026-08-23,1,GB-NIR,quantile,0.65,3.619685503783528
2026-08-26,ILI incidence,2026-08-23,1,GB-NIR,quantile,0.975,4.398114801938762
2026-08-26,ILI incidence,2026-08-23,1,GB-NIR,quantile,0.01,2.6370746365810867
2026-08-26,ILI incidence,2026-08-23,1,GB-NIR,quantile,0.05,2.855440631717623
2026-08-26,ILI incidence,2026-08-23,1,GB-NIR,quantile,0.025,2.7455524156108004
2026-08-26,ILI incidence,2026-08-23,1,GB-NIR,median,,3.457977368911849
2026-08-26,ILI incidence,2026-08-30,2,GB-NIR,quantile,0.1,3.2622517785519713
2026-08-26,ILI incidence,2026-08-30,2,GB-NIR,quantile,0.05,3.12254689934014
2026-08-26,ILI incidence,2026-08-30,2,GB-NIR,quantile,0.025,3.026402746148183
2026-08-26,ILI incidence,2026-08-30,2,GB-NIR,quantile,0.15,3.358089161523013
2026-08-26,ILI incidence,2026-08-30,2,GB-NIR,quantile,0.01,2.9052737540702216
2026-08-26,ILI incidence,2026-08-30,2,GB-NIR,quantile,0.8,4.185479035637715
2026-08-26,ILI incidence,2026-08-30,2,GB-NIR,quantile,0.85,4.288357593148159
2026-08-26,ILI incidence,2026-08-30,2,GB-NIR,quantile,0.95,4.6075533472759735
2026-08-26,ILI incidence,2026-08-30,2,GB-NIR,quantile,0.9,4.416036733336787
2026-08-26,ILI incidence,2026-08-30,2,GB-NIR,quantile,0.99,4.965597756422377
2026-08-26,ILI incidence,2026-08-30,2,GB-NIR,quantile,0.975,4.774650720804715
2026-08-26,ILI incidence,2026-08-30,2,GB-NIR,quantile,0.75,4.106434966093896
2026-08-26,ILI incidence,2026-08-30,2,GB-NIR,quantile,0.7,4.032178989629927
2026-08-26,ILI incidence,2026-08-30,2,GB-NIR,quantile,0.65,3.9673545346715136
2026-08-26,ILI incidence,2026-08-30,2,GB-NIR,quantile,0.2,3.43741966069256
2026-08-26,ILI incidence,2026-08-30,2,GB-NIR,quantile,0.5,3.7904658227085735
2026-08-26,ILI incidence,2026-08-30,2,GB-NIR,quantile,0.6,3.904673534846233
2026-08-26,ILI incidence,2026-08-30,2,GB-NIR,quantile,0.55,3.8469276348342607
2026-08-26,ILI incidence,2026-08-30,2,GB-NIR,quantile,0.4,3.679922985421653
2026-08-26,ILI incidence,2026-08-30,2,GB-NIR,quantile,0.45,3.7322739537513927
2026-08-26,ILI incidence,2026-08-30,2,GB-NIR,quantile,0.25,3.5036774013774252
2026-08-26,ILI incidence,2026-08-30,2,GB-NIR,quantile,0.35,3.6268752978079655
2026-08-26,ILI incidence,2026-08-30,2,GB-NIR,quantile,0.3,3.5661425779665414
2026-08-26,ILI incidence,2026-08-30,2,GB-NIR,median,,3.7904658227085735
2026-08-26,ILI incidence,2026-09-06,3,GB-NIR,quantile,0.9,4.110903527600751
2026-08-26,ILI incidence,2026-09-06,3,GB-NIR,quantile,0.55,3.7854865972271403
2026-08-26,ILI incidence,2026-09-06,3,GB-NIR,quantile,0.7,3.8933837581672215
2026-08-26,ILI incidence,2026-09-06,3,GB-NIR,quantile,0.95,4.219739221671508
2026-08-26,ILI incidence,2026-09-06,3,GB-NIR,quantile,0.6,3.820038890545188
2026-08-26,ILI incidence,2026-09-06,3,GB-NIR,quantile,0.75,3.9396034964107187
2026-08-26,ILI incidence,2026-09-06,3,GB-NIR,quantile,0.8,3.984424114923683
2026-08-26,ILI incidence,2026-09-06,3,GB-NIR,quantile,0.85,4.042763234822369
2026-08-26,ILI incidence,2026-09-06,3,GB-NIR,quantile,0.65,3.8535168352705584
2026-08-26,ILI incidence,2026-09-06,3,GB-NIR,quantile,0.35,3.6436171772104946
2026-08-26,ILI incidence,2026-09-06,3,GB-NIR,quantile,0.025,3.2531070369631006
2026-08-26,ILI incidence,2026-09-06,3,GB-NIR,quantile,0.45,3.7180672427843184
2026-08-26,ILI incidence,2026-09-06,3,GB-NIR,quantile,0.5,3.750440984026376
2026-08-26,ILI incidence,2026-09-06,3,GB-NIR,quantile,0.01,3.1719442199531236
2026-08-26,ILI incidence,2026-09-06,3,GB-NIR,quantile,0.975,4.314913434264769
2026-08-26,ILI incidence,2026-09-06,3,GB-NIR,quantile,0.99,4.4419372654483755
2026-08-26,ILI incidence,2026-09-06,3,GB-NIR,quantile,0.2,3.522922583207905
2026-08-26,ILI incidence,2026-09-06,3,GB-NIR,quantile,0.25,3.5646928342921194
2026-08-26,ILI incidence,2026-09-06,3,GB-NIR,quantile,0.4,3.6807573725358393
2026-08-26,ILI incidence,2026-09-06,3,GB-NIR,quantile,0.05,3.3259871460657164
2026-08-26,ILI incidence,2026-09-06,3,GB-NIR,quantile,0.3,3.607970605862884
2026-08-26,ILI incidence,2026-09-06,3,GB-NIR,quantile,0.15,3.4729364236605944
2026-08-26,ILI incidence,2026-09-06,3,GB-NIR,quantile,0.1,3.417353273311908
2026-08-26,ILI incidence,2026-09-06,3,GB-NIR,median,,3.750440984026376
2026-08-26,ILI incidence,2026-09-13,4,GB-NIR,quantile,0.35,4.153846521635437
2026-08-26,ILI incidence,2026-09-13,4,GB-NIR,quantile,0.4,4.232912042289742
2026-08-26,ILI incidence,2026-09-13,4,GB-NIR,quantile,0.2,3.8588339704958594
2026-08-26,ILI incidence,2026-09-13,4,GB-NIR,quantile,0.25,3.9617206883800318
2026-08-26,ILI incidence,2026-09-13,4,GB-NIR,quantile,0.3,4.0571329852397495
2026-08-26,ILI incidence,2026-09-13,4,GB-NIR,quantile,0.025,3.250501708456185
2026-08-26,ILI incidence,2026-09-13,4,GB-NIR,quantile,0.15,3.7390130179433863
2026-08-26,ILI incidence,2026-09-13,4,GB-NIR,quantile,0.01,3.0591309295291067
2026-08-26,ILI incidence,2026-09-13,4,GB-NIR,quantile,0.1,3.6095204149366227
2026-08-26,ILI incidence,2026-09-13,4,GB-NIR,quantile,0.55,4.485250042644145
2026-08-26,ILI incidence,2026-09-13,4,GB-NIR,quantile,0.05,3.410433742493569
2026-08-26,ILI incidence,2026-09-13,4,GB-NIR,quantile,0.5,4.399480009336563
2026-08-26,ILI incidence,2026-09-13,4,GB-NIR,quantile,0.6,4.570021062936179
2026-08-26,ILI incidence,2026-09-13,4,GB-NIR,quantile,0.45,4.318375598869346
2026-08-26,ILI incidence,2026-09-13,4,GB-NIR,quantile,0.65,4.657127956894946
2026-08-26,ILI incidence,2026-09-13,4,GB-NIR,quantile,0.7,4.763126038387198
2026-08-26,ILI incidence,2026-09-13,4,GB-NIR,quantile,0.75,4.884192794498533
2026-08-26,ILI incidence,2026-09-13,4,GB-NIR,quantile,0.975,5.96728162302975
2026-08-26,ILI incidence,2026-09-13,4,GB-NIR,quantile,0.85,5.163275215299555
2026-08-26,ILI incidence,2026-09-13,4,GB-NIR,quantile,0.8,5.0094623566296725
2026-08-26,ILI incidence,2026-09-13,4,GB-NIR,quantile,0.99,6.291828852110891
2026-08-26,ILI incidence,2026-09-13,4,GB-NIR,quantile,0.9,5.359505811254991
2026-08-26,ILI incidence,2026-09-13,4,GB-NIR,quantile,0.95,5.683046017647298
2026-08-26,ILI incidence,2026-09-13,4,GB-NIR,median,,4.399480009336563
2026-08-26,ILI incidence,2026-08-23,1,GB-WLS,quantile,0.1,0.5280170080227605
2026-08-26,ILI incidence,2026-08-23,1,GB-WLS,quantile,0.025,0.39218192693724724
2026-08-26,ILI incidence,2026-08-23,1,GB-WLS,quantile,0.01,0.34027235158891034
2026-08-26,ILI incidence,2026-08-23,1,GB-WLS,quantile,0.3,0.7406389547177126
2026-08-26,ILI incidence,2026-08-23,1,GB-WLS,quantile,0.05,0.45699478667255755
2026-08-26,ILI incidence,2026-08-23,1,GB-WLS,quantile,0.2,0.643437524934992
2026-08-26,ILI incidence,2026-08-23,1,GB-WLS,quantile,0.15,0.5889676069030213
2026-08-26,ILI incidence,2026-08-23,1,GB-WLS,quantile,0.25,0.6933337783293625
2026-08-26,ILI incidence,2026-08-23,1,GB-WLS,quantile,0.35,0.7888121846991735
2026-08-26,ILI incidence,2026-08-23,1,GB-WLS,quantile,0.4,0.8379690062850966
2026-08-26,ILI incidence,2026-08-23,1,GB-WLS,quantile,0.45,0.8895659822083055
2026-08-26,ILI incidence,2026-08-23,1,GB-WLS,quantile,0.5,0.9356614760956166
2026-08-26,ILI incidence,2026-08-23,1,GB-WLS,quantile,0.55,0.9901135048430822
2026-08-26,ILI incidence,2026-08-23,1,GB-WLS,quantile,0.65,1.1084500083254047
2026-08-26,ILI incidence,2026-08-23,1,GB-WLS,quantile,0.7,1.1768079542653997
2026-08-26,ILI incidence,2026-08-23,1,GB-WLS,quantile,0.6,1.048916861715161
2026-08-26,ILI incidence,2026-08-23,1,GB-WLS,quantile,0.8,1.3556192393969213
2026-08-26,ILI incidence,2026-08-23,1,GB-WLS,quantile,0.75,1.2599877133291737
2026-08-26,ILI incidence,2026-08-23,1,GB-WLS,quantile,0.85,1.4804103583228723
2026-08-26,ILI incidence,2026-08-23,1,GB-WLS,quantile,0.9,1.6469211120942846
2026-08-26,ILI incidence,2026-08-23,1,GB-WLS,quantile,0.95,1.9177704447993285
2026-08-26,ILI incidence,2026-08-23,1,GB-WLS,quantile,0.975,2.188700111914904
2026-08-26,ILI incidence,2026-08-23,1,GB-WLS,quantile,0.99,2.5786460406566234
2026-08-26,ILI incidence,2026-08-23,1,GB-WLS,median,,0.9356614760956166
2026-08-26,ILI incidence,2026-09-13,4,GB-WLS,quantile,0.05,0.2374331913344013
2026-08-26,ILI incidence,2026-09-13,4,GB-WLS,quantile,0.01,0.14584691243824846
2026-08-26,ILI incidence,2026-09-13,4,GB-WLS,quantile,0.2,0.4126552886675767
2026-08-26,ILI incidence,2026-09-13,4,GB-WLS,quantile,0.025,0.19129308631211722
2026-08-26,ILI incidence,2026-09-13,4,GB-WLS,quantile,0.25,0.46268568133163845
2026-08-26,ILI incidence,2026-09-13,4,GB-WLS,quantile,0.3,0.5178539470654493
2026-08-26,ILI incidence,2026-09-13,4,GB-WLS,quantile,0.6,0.8925679702605124
2026-08-26,ILI incidence,2026-09-13,4,GB-WLS,quantile,0.65,0.9774936872267466
2026-08-26,ILI incidence,2026-09-13,4,GB-WLS,quantile,0.55,0.8169300686061809
2026-08-26,ILI incidence,2026-09-13,4,GB-WLS,quantile,0.7,1.0725345008245006
2026-08-26,ILI incidence,2026-09-13,4,GB-WLS,quantile,0.1,0.30663711021599804
2026-08-26,ILI incidence,2026-09-13,4,GB-WLS,quantile,0.15,0.3630148453994682
2026-08-26,ILI incidence,2026-09-13,4,GB-WLS,quantile,0.5,0.7458808243872553
2026-08-26,ILI incidence,2026-09-13,4,GB-WLS,quantile,0.35,0.5710771023495438
2026-08-26,ILI incidence,2026-09-13,4,GB-WLS,quantile,0.45,0.6816567327645953
2026-08-26,ILI incidence,2026-09-13,4,GB-WLS,quantile,0.4,0.6244489678362094
2026-08-26,ILI incidence,2026-09-13,4,GB-WLS,quantile,0.75,1.193120206816313
2026-08-26,ILI incidence,2026-09-13,4,GB-WLS,quantile,0.8,1.341141391231698
2026-08-26,ILI incidence,2026-09-13,4,GB-WLS,quantile,0.85,1.5392069182153008
2026-08-26,ILI incidence,2026-09-13,4,GB-WLS,quantile,0.9,1.8528154968298698
2026-08-26,ILI incidence,2026-09-13,4,GB-WLS,quantile,0.95,2.4172728158698122
2026-08-26,ILI incidence,2026-09-13,4,GB-WLS,quantile,0.975,3.072739001532748
2026-08-26,ILI incidence,2026-09-13,4,GB-WLS,quantile,0.99,3.8844726250554733
2026-08-26,ILI incidence,2026-09-13,4,GB-WLS,median,,0.7458808243872553
2026-08-26,ILI incidence,2026-08-23,1,GR,quantile,0.3,304.0095072567683
2026-08-26,ILI incidence,2026-08-23,1,GR,quantile,0.45,324.7794377582052
2026-08-26,ILI incidence,2026-08-23,1,GR,quantile,0.25,297.0092537523564
2026-08-26,ILI incidence,2026-08-23,1,GR,quantile,0.15,279.6062351387743
2026-08-26,ILI incidence,2026-08-23,1,GR,quantile,0.95,432.10936322758323
2026-08-26,ILI incidence,2026-08-23,1,GR,quantile,0.2,288.8497005474334
2026-08-26,ILI incidence,2026-08-23,1,GR,quantile,0.35,310.9978151617695
2026-08-26,ILI incidence,2026-08-23,1,GR,quantile,0.4,317.95405000183735
2026-08-26,ILI incidence,2026-08-23,1,GR,quantile,0.01,226.2684860189701
2026-08-26,ILI incidence,2026-08-23,1,GR,quantile,0.5,331.5916635409794
2026-08-26,ILI incidence,2026-08-23,1,GR,quantile,0.975,456.2883717733204
2026-08-26,ILI incidence,2026-08-23,1,GR,quantile,0.99,484.5841313990944
2026-08-26,ILI incidence,2026-08-23,1,GR,quantile,0.025,239.28160920470097
2026-08-26,ILI incidence,2026-08-23,1,GR,quantile,0.1,268.6023276560598
2026-08-26,ILI incidence,2026-08-23,1,GR,quantile,0.05,252.23338634415677
2026-08-26,ILI incidence,2026-08-23,1,GR,quantile,0.9,409.3624023484562
2026-08-26,ILI incidence,2026-08-23,1,GR,quantile,0.85,393.513539905224
2026-08-26,ILI incidence,2026-08-23,1,GR,quantile,0.8,381.0470128719611
2026-08-26,ILI incidence,2026-08-23,1,GR,quantile,0.65,353.64689339757433
2026-08-26,ILI incidence,2026-08-23,1,GR,quantile,0.7,361.3556688920915
2026-08-26,ILI incidence,2026-08-23,1,GR,quantile,0.75,370.29126519698366
2026-08-26,ILI incidence,2026-08-23,1,GR,quantile,0.55,338.4491605332486
2026-08-26,ILI incidence,2026-08-23,1,GR,quantile,0.6,345.74973402782166
2026-08-26,ILI incidence,2026-08-23,1,GR,median,,331.5916635409794
2026-08-26,ILI incidence,2026-08-30,2,GR,quantile,0.75,376.399439145471
2026-08-26,ILI incidence,2026-08-30,2,GR,quantile,0.85,400.59507871866515
2026-08-26,ILI incidence,2026-08-30,2,GR,quantile,0.9,417.6450155259453
2026-08-26,ILI incidence,2026-08-30,2,GR,quantile,0.8,387.39336246504877
2026-08-26,ILI incidence,2026-08-30,2,GR,quantile,0.95,443.2650705083598
2026-08-26,ILI incidence,2026-08-30,2,GR,quantile,0.7,366.99827945395407
2026-08-26,ILI incidence,2026-08-30,2,GR,quantile,0.55,341.9165388855389
2026-08-26,ILI incidence,2026-08-30,2,GR,quantile,0.4,320.20832094220924
2026-08-26,ILI incidence,2026-08-30,2,GR,quantile,0.45,327.3604850511882
2026-08-26,ILI incidence,2026-08-30,2,GR,quantile,0.35,312.5247420101133
2026-08-26,ILI incidence,2026-08-30,2,GR,quantile,0.975,471.14008087197493
2026-08-26,ILI incidence,2026-08-30,2,GR,quantile,0.6,349.8155902408581
2026-08-26,ILI incidence,2026-08-30,2,GR,quantile,0.99,505.91213145027194
2026-08-26,ILI incidence,2026-08-30,2,GR,quantile,0.25,296.9029957125802
2026-08-26,ILI incidence,2026-08-30,2,GR,quantile,0.3,304.8307196576965
2026-08-26,ILI incidence,2026-08-30,2,GR,quantile,0.65,358.1700687968466
2026-08-26,ILI incidence,2026-08-30,2,GR,quantile,0.01,225.01520325211976
2026-08-26,ILI incidence,2026-08-30,2,GR,quantile,0.2,288.68157747803275
2026-08-26,ILI incidence,2026-08-30,2,GR,quantile,0.5,334.56617116398235
2026-08-26,ILI incidence,2026-08-30,2,GR,quantile,0.025,238.70384404998583
2026-08-26,ILI incidence,2026-08-30,2,GR,quantile,0.05,251.7928096710844
2026-08-26,ILI incidence,2026-08-30,2,GR,quantile,0.15,279.21245074253477
2026-08-26,ILI incidence,2026-08-30,2,GR,quantile,0.1,268.08819339926873
2026-08-26,ILI incidence,2026-08-30,2,GR,median,,334.56617116398235
2026-08-26,ILI incidence,2026-09-06,3,GR,quantile,0.975,439.1071891943517
2026-08-26,ILI incidence,2026-09-06,3,GR,quantile,0.9,398.4688795659163
2026-08-26,ILI incidence,2026-09-06,3,GR,quantile,0.95,420.355157777201
2026-08-26,ILI incidence,2026-09-06,3,GR,quantile,0.85,385.08435135250215
2026-08-26,ILI incidence,2026-09-06,3,GR,quantile,0.3,307.27927185037566
2026-08-26,ILI incidence,2026-09-06,3,GR,quantile,0.8,374.17032364699855
2026-08-26,ILI incidence,2026-09-06,3,GR,quantile,0.7,357.8093242464096
2026-08-26,ILI incidence,2026-09-06,3,GR,quantile,0.75,365.0873348106147
2026-08-26,ILI incidence,2026-09-06,3,GR,quantile,0.99,463.7722799324918
2026-08-26,ILI incidence,2026-09-06,3,GR,quantile,0.25,300.24135394134333
2026-08-26,ILI incidence,2026-09-06,3,GR,quantile,0.6,343.9388682523446
2026-08-26,ILI incidence,2026-09-06,3,GR,quantile,0.5,330.93247063173555
2026-08-26,ILI incidence,2026-09-06,3,GR,quantile,0.55,337.4618261942809
2026-08-26,ILI incidence,2026-09-06,3,GR,quantile,0.65,350.62909941305975
2026-08-26,ILI incidence,2026-09-06,3,GR,quantile,0.45,325.24330776786746
2026-08-26,ILI incidence,2026-09-06,3,GR,quantile,0.35,313.55276043808544
2026-08-26,ILI incidence,2026-09-06,3,GR,quantile,0.4,319.4984469936423
2026-08-26,ILI incidence,2026-09-06,3,GR,quantile,0.1,274.95122589559264
2026-08-26,ILI incidence,2026-09-06,3,GR,quantile,0.2,292.8426823092967
2026-08-26,ILI incidence,2026-09-06,3,GR,quantile,0.05,260.75413461048345
2026-08-26,ILI incidence,2026-09-06,3,GR,quantile,0.025,249.83672990608412
2026-08-26,ILI incidence,2026-09-06,3,GR,quantile,0.15,284.8036517144909
2026-08-26,ILI incidence,2026-09-06,3,GR,quantile,0.01,236.55673219524735
2026-08-26,ILI incidence,2026-09-06,3,GR,median,,330.93247063173555
2026-08-26,ILI incidence,2026-09-13,4,GR,quantile,0.9,407.881735558173
2026-08-26,ILI incidence,2026-09-13,4,GR,quantile,0.75,371.4942917016802
2026-08-26,ILI incidence,2026-09-13,4,GR,quantile,0.85,393.03567895564254
2026-08-26,ILI incidence,2026-09-13,4,GR,quantile,0.7,362.4213328389848
2026-08-26,ILI incidence,2026-09-13,4,GR,quantile,0.65,355.11997174801115
2026-08-26,ILI incidence,2026-09-13,4,GR,quantile,0.8,381.71766540264764
2026-08-26,ILI incidence,2026-09-13,4,GR,quantile,0.6,347.71337314264656
2026-08-26,ILI incidence,2026-09-13,4,GR,quantile,0.55,340.91691271977595
2026-08-26,ILI incidence,2026-09-13,4,GR,quantile,0.3,308.66709205315397
2026-08-26,ILI incidence,2026-09-13,4,GR,quantile,0.25,301.4055687925768
2026-08-26,ILI incidence,2026-09-13,4,GR,quantile,0.95,433.0469062304295
2026-08-26,ILI incidence,2026-09-13,4,GR,quantile,0.5,334.6811397294553
2026-08-26,ILI incidence,2026-09-13,4,GR,quantile,0.45,328.2559653591961
2026-08-26,ILI incidence,2026-09-13,4,GR,quantile,0.2,293.8647201093816
2026-08-26,ILI incidence,2026-09-13,4,GR,quantile,0.4,321.91781353736894
2026-08-26,ILI incidence,2026-09-13,4,GR,quantile,0.99,483.22241912018404
2026-08-26,ILI incidence,2026-09-13,4,GR,quantile,0.35,315.53987240824756
2026-08-26,ILI incidence,2026-09-13,4,GR,quantile,0.01,232.8879966725314
2026-08-26,ILI incidence,2026-09-13,4,GR,quantile,0.15,285.51826790161704
2026-08-26,ILI incidence,2026-09-13,4,GR,quantile,0.975,453.5246585368021
2026-08-26,ILI incidence,2026-09-13,4,GR,quantile,0.1,275.5969402430716
2026-08-26,ILI incidence,2026-09-13,4,GR,quantile,0.05,260.70363534819137
2026-08-26,ILI incidence,2026-09-13,4,GR,quantile,0.025,248.24313048711736
2026-08-26,ILI incidence,2026-09-13,4,GR,median,,334.6811397294553
2026-08-26,ILI incidence,2026-09-06,3,HR,quantile,0.95,2.6047541738950843
2026-08-26,ILI incidence,2026-09-06,3,HR,quantile,0.975,3.2189283130135204
2026-08-26,ILI incidence,2026-09-06,3,HR,quantile,0.99,4.047351579442457
2026-08-26,ILI incidence,2026-09-06,3,HR,quantile,0.55,0.9115936904570003
2026-08-26,ILI incidence,2026-09-06,3,HR,quantile,0.7,1.1898762310448212
2026-08-26,ILI incidence,2026-09-06,3,HR,quantile,0.75,1.324633233302246
2026-08-26,ILI incidence,2026-09-06,3,HR,quantile,0.8,1.488367175443509
2026-08-26,ILI incidence,2026-09-06,3,HR,quantile,0.85,1.6951072442105115
2026-08-26,ILI incidence,2026-09-06,3,HR,quantile,0.9,2.022478032370177
2026-08-26,ILI incidence,2026-09-06,3,HR,quantile,0.6,0.9966762492895158
2026-08-26,ILI incidence,2026-09-06,3,HR,quantile,0.65,1.087806137936485
2026-08-26,ILI incidence,2026-09-06,3,HR,quantile,0.45,0.7653362450166981
2026-08-26,ILI incidence,2026-09-06,3,HR,quantile,0.5,0.8339466520195457
2026-08-26,ILI incidence,2026-09-06,3,HR,quantile,0.05,0.2644191452564786
2026-08-26,ILI incidence,2026-09-06,3,HR,quantile,0.1,0.3465416130377291
2026-08-26,ILI incidence,2026-09-06,3,HR,quantile,0.15,0.40808283186258276
2026-08-26,ILI incidence,2026-09-06,3,HR,quantile,0.35,0.6384468205242636
2026-08-26,ILI incidence,2026-09-06,3,HR,quantile,0.4,0.6988826922305814
2026-08-26,ILI incidence,2026-09-06,3,HR,quantile,0.01,0.16761160479688259
2026-08-26,ILI incidence,2026-09-06,3,HR,quantile,0.025,0.21347542606375253
2026-08-26,ILI incidence,2026-09-06,3,HR,quantile,0.2,0.46815129296230806
2026-08-26,ILI incidence,2026-09-06,3,HR,quantile,0.25,0.5276163529418558
2026-08-26,ILI incidence,2026-09-06,3,HR,quantile,0.3,0.583825895330295
2026-08-26,ILI incidence,2026-09-06,3,HR,median,,0.8339466520195457
2026-08-26,ILI incidence,2026-08-23,1,HU,quantile,0.975,24.072853392379887
2026-08-26,ILI incidence,2026-08-23,1,HU,quantile,0.99,25.649955281568488
2026-08-26,ILI incidence,2026-08-23,1,HU,quantile,0.8,20.261546976265286
2026-08-26,ILI incidence,2026-08-23,1,HU,quantile,0.95,22.905896215330976
2026-08-26,ILI incidence,2026-08-23,1,HU,quantile,0.75,19.76090987938831
2026-08-26,ILI incidence,2026-08-23,1,HU,quantile,0.9,21.673765692522224
2026-08-26,ILI incidence,2026-08-23,1,HU,quantile,0.45,17.48133720631104
2026-08-26,ILI incidence,2026-08-23,1,HU,quantile,0.85,20.88318877597315
2026-08-26,ILI incidence,2026-08-23,1,HU,quantile,0.35,16.80447435822435
2026-08-26,ILI incidence,2026-08-23,1,HU,quantile,0.4,17.157996707463337
2026-08-26,ILI incidence,2026-08-23,1,HU,quantile,0.3,16.44113218888524
2026-08-26,ILI incidence,2026-08-23,1,HU,quantile,0.01,12.559967585827836
2026-08-26,ILI incidence,2026-08-23,1,HU,quantile,0.025,13.164771567323964
2026-08-26,ILI incidence,2026-08-23,1,HU,quantile,0.7,19.30849074399437
2026-08-26,ILI incidence,2026-08-23,1,HU,quantile,0.55,18.176535401562546
2026-08-26,ILI incidence,2026-08-23,1,HU,quantile,0.5,17.844459775422628
2026-08-26,ILI incidence,2026-08-23,1,HU,quantile,0.6,18.51855490595177
2026-08-26,ILI incidence,2026-08-23,1,HU,quantile,0.65,18.911221402873352
2026-08-26,ILI incidence,2026-08-23,1,HU,quantile,0.15,15.219523115595921
2026-08-26,ILI incidence,2026-08-23,1,HU,quantile,0.25,16.077096955656067
2026-08-26,ILI incidence,2026-08-23,1,HU,quantile,0.1,14.66448820453719
2026-08-26,ILI incidence,2026-08-23,1,HU,quantile,0.2,15.67604027722547
2026-08-26,ILI incidence,2026-08-23,1,HU,quantile,0.05,13.839985076301854
2026-08-26,ILI incidence,2026-08-23,1,HU,median,,17.844459775422628
2026-08-26,ILI incidence,2026-08-30,2,HU,quantile,0.6,23.35747768023733
2026-08-26,ILI incidence,2026-08-30,2,HU,quantile,0.65,24.654541683222412
2026-08-26,ILI incidence,2026-08-30,2,HU,quantile,0.55,22.189368108774886
2026-08-26,ILI incidence,2026-08-30,2,HU,quantile,0.4,19.05370989276303
2026-08-26,ILI incidence,2026-08-30,2,HU,quantile,0.5,21.033815362050497
2026-08-26,ILI incidence,2026-08-30,2,HU,quantile,0.01,8.406926847501442
2026-08-26,ILI incidence,2026-08-30,2,HU,quantile,0.025,9.610090116585466
2026-08-26,ILI incidence,2026-08-30,2,HU,quantile,0.45,20.02681523311503
2026-08-26,ILI incidence,2026-08-30,2,HU,quantile,0.35,18.088706577588034
2026-08-26,ILI incidence,2026-08-30,2,HU,quantile,0.3,17.099540113855824
2026-08-26,ILI incidence,2026-08-30,2,HU,quantile,0.05,10.878394650009108
2026-08-26,ILI incidence,2026-08-30,2,HU,quantile,0.1,12.644282058218277
2026-08-26,ILI incidence,2026-08-30,2,HU,quantile,0.2,15.109980613882787
2026-08-26,ILI incidence,2026-08-30,2,HU,quantile,0.25,16.14577943124626
2026-08-26,ILI incidence,2026-08-30,2,HU,quantile,0.15,14.015340202813155
2026-08-26,ILI incidence,2026-08-30,2,HU,quantile,0.975,47.437180980848254
2026-08-26,ILI incidence,2026-08-30,2,HU,quantile,0.9,35.681669955422215
2026-08-26,ILI incidence,2026-08-30,2,HU,quantile,0.99,53.656544487401824
2026-08-26,ILI incidence,2026-08-30,2,HU,quantile,0.8,29.755057309536284
2026-08-26,ILI incidence,2026-08-30,2,HU,quantile,0.85,32.320267556794526
2026-08-26,ILI incidence,2026-08-30,2,HU,quantile,0.95,41.41935306242844
2026-08-26,ILI incidence,2026-08-30,2,HU,quantile,0.75,27.773190416147493
2026-08-26,ILI incidence,2026-08-30,2,HU,quantile,0.7,26.19986386333996
2026-08-26,ILI incidence,2026-08-30,2,HU,median,,21.033815362050497
2026-08-26,ILI incidence,2026-09-06,3,HU,quantile,0.05,14.363808406754304
2026-08-26,ILI incidence,2026-09-06,3,HU,quantile,0.1,15.38145015473117
2026-08-26,ILI incidence,2026-09-06,3,HU,quantile,0.01,12.61893564492951
2026-08-26,ILI incidence,2026-09-06,3,HU,quantile,0.025,13.617502896551315
2026-08-26,ILI incidence,2026-09-06,3,HU,quantile,0.2,16.68316363038208
2026-08-26,ILI incidence,2026-09-06,3,HU,quantile,0.15,16.111061251522845
2026-08-26,ILI incidence,2026-09-06,3,HU,quantile,0.25,17.234365787273404
2026-08-26,ILI incidence,2026-09-06,3,HU,quantile,0.3,17.73397491265279
2026-08-26,ILI incidence,2026-09-06,3,HU,quantile,0.55,19.93515256145646
2026-08-26,ILI incidence,2026-09-06,3,HU,quantile,0.6,20.43174977177562
2026-08-26,ILI incidence,2026-09-06,3,HU,quantile,0.45,19.062988946140578
2026-08-26,ILI incidence,2026-09-06,3,HU,quantile,0.5,19.51657927463708
2026-08-26,ILI incidence,2026-09-06,3,HU,quantile,0.65,20.964889066373765
2026-08-26,ILI incidence,2026-09-06,3,HU,quantile,0.7,21.570396532100375
2026-08-26,ILI incidence,2026-09-06,3,HU,quantile,0.4,18.631307300656786
2026-08-26,ILI incidence,2026-09-06,3,HU,quantile,0.8,22.795245688483355
2026-08-26,ILI incidence,2026-09-06,3,HU,quantile,0.35,18.172419269693762
2026-08-26,ILI incidence,2026-09-06,3,HU,quantile,0.85,23.61645638846744
2026-08-26,ILI incidence,2026-09-06,3,HU,quantile,0.95,26.36848881092181
2026-08-26,ILI incidence,2026-09-06,3,HU,quantile,0.975,27.98655847527646
2026-08-26,ILI incidence,2026-09-06,3,HU,quantile,0.75,22.125661346603437
2026-08-26,ILI incidence,2026-09-06,3,HU,quantile,0.99,29.84091223353829
2026-08-26,ILI incidence,2026-09-06,3,HU,quantile,0.9,24.666708270689437
2026-08-26,ILI incidence,2026-09-06,3,HU,median,,19.51657927463708
2026-08-26,ILI incidence,2026-09-13,4,HU,quantile,0.55,19.92701106934619
2026-08-26,ILI incidence,2026-09-13,4,HU,quantile,0.6,20.22337970284295
2026-08-26,ILI incidence,2026-09-13,4,HU,quantile,0.7,20.87316348830805
2026-08-26,ILI incidence,2026-09-13,4,HU,quantile,0.9,22.733208267212333
2026-08-26,ILI incidence,2026-09-13,4,HU,quantile,0.95,23.659935188953586
2026-08-26,ILI incidence,2026-09-13,4,HU,quantile,0.5,19.65644517601796
2026-08-26,ILI incidence,2026-09-13,4,HU,quantile,0.25,18.20572927433432
2026-08-26,ILI incidence,2026-09-13,4,HU,quantile,0.3,18.52460671347984
2026-08-26,ILI incidence,2026-09-13,4,HU,quantile,0.025,15.740413888690595
2026-08-26,ILI incidence,2026-09-13,4,HU,quantile,0.05,16.334524658260733
2026-08-26,ILI incidence,2026-09-13,4,HU,quantile,0.2,17.876596014735576
2026-08-26,ILI incidence,2026-09-13,4,HU,quantile,0.01,15.164754752107854
2026-08-26,ILI incidence,2026-09-13,4,HU,quantile,0.15,17.484960587475115
2026-08-26,ILI incidence,2026-09-13,4,HU,quantile,0.65,20.536384372837027
2026-08-26,ILI incidence,2026-09-13,4,HU,quantile,0.1,17.014793795814484
2026-08-26,ILI incidence,2026-09-13,4,HU,quantile,0.35,18.809062971433125
2026-08-26,ILI incidence,2026-09-13,4,HU,quantile,0.975,24.42088015217842
2026-08-26,ILI incidence,2026-09-13,4,HU,quantile,0.45,19.37183416852885
2026-08-26,ILI incidence,2026-09-13,4,HU,quantile,0.4,19.091744058296634
2026-08-26,ILI incidence,2026-09-13,4,HU,quantile,0.99,25.36530533798344
2026-08-26,ILI incidence,2026-09-13,4,HU,quantile,0.75,21.23174378557168
2026-08-26,ILI incidence,2026-09-13,4,HU,quantile,0.8,21.65151104684018
2026-08-26,ILI incidence,2026-09-13,4,HU,quantile,0.85,22.130062062579334
2026-08-26,ILI incidence,2026-09-13,4,HU,median,,19.65644517601796
2026-08-26,ILI incidence,2026-08-23,1,IE,quantile,0.01,0.483903083461021
2026-08-26,ILI incidence,2026-08-23,1,IE,quantile,0.025,0.5810347879921104
2026-08-26,ILI incidence,2026-08-23,1,IE,quantile,0.05,0.6761153474860778
2026-08-26,ILI incidence,2026-08-23,1,IE,quantile,0.1,0.8178097281688812
2026-08-26,ILI incidence,2026-08-23,1,IE,quantile,0.15,0.9155609908986535
2026-08-26,ILI incidence,2026-08-23,1,IE,quantile,0.2,1.0144522701576177
2026-08-26,ILI incidence,2026-08-23,1,IE,quantile,0.25,1.1037733137681862
2026-08-26,ILI incidence,2026-08-23,1,IE,quantile,0.3,1.1892161069782403
2026-08-26,ILI incidence,2026-08-23,1,IE,quantile,0.7,2.0247822250685754
2026-08-26,ILI incidence,2026-08-23,1,IE,quantile,0.75,2.184036169169457
2026-08-26,ILI incidence,2026-08-23,1,IE,quantile,0.8,2.3828923018718515
2026-08-26,ILI incidence,2026-08-23,1,IE,quantile,0.85,2.627482303987507
2026-08-26,ILI incidence,2026-08-23,1,IE,quantile,0.65,1.8785145395032166
2026-08-26,ILI incidence,2026-08-23,1,IE,quantile,0.9,2.9364799838348756
2026-08-26,ILI incidence,2026-08-23,1,IE,quantile,0.99,5.057813910999084
2026-08-26,ILI incidence,2026-08-23,1,IE,quantile,0.95,3.5359314602639382
2026-08-26,ILI incidence,2026-08-23,1,IE,quantile,0.975,4.123005516892414
2026-08-26,ILI incidence,2026-08-23,1,IE,quantile,0.6,1.7480754915666092
2026-08-26,ILI incidence,2026-08-23,1,IE,quantile,0.55,1.6467506511842518
2026-08-26,ILI incidence,2026-08-23,1,IE,quantile,0.45,1.4561011309144756
2026-08-26,ILI incidence,2026-08-23,1,IE,quantile,0.5,1.5457462655759906
2026-08-26,ILI incidence,2026-08-23,1,IE,quantile,0.4,1.364281132632252
2026-08-26,ILI incidence,2026-08-23,1,IE,quantile,0.35,1.2759434994037182
2026-08-26,ILI incidence,2026-08-23,1,IE,median,,1.5457462655759906
2026-08-26,ILI incidence,2026-08-30,2,IE,quantile,0.55,2.0991290886804754
2026-08-26,ILI incidence,2026-08-30,2,IE,quantile,0.99,7.757315225666401
2026-08-26,ILI incidence,2026-08-30,2,IE,quantile,0.4,1.6792851688668717
2026-08-26,ILI incidence,2026-08-30,2,IE,quantile,0.45,1.8108595544730042
2026-08-26,ILI incidence,2026-08-30,2,IE,quantile,0.5,1.9490697312417518
2026-08-26,ILI incidence,2026-08-30,2,IE,quantile,0.25,1.3146327996674838
2026-08-26,ILI incidence,2026-08-30,2,IE,quantile,0.35,1.5527807853397295
2026-08-26,ILI incidence,2026-08-30,2,IE,quantile,0.95,5.160117424056143
2026-08-26,ILI incidence,2026-08-30,2,IE,quantile,0.975,6.211528233155769
2026-08-26,ILI incidence,2026-08-30,2,IE,quantile,0.3,1.4317788984224622
2026-08-26,ILI incidence,2026-08-30,2,IE,quantile,0.8,3.2184808748586655
2026-08-26,ILI incidence,2026-08-30,2,IE,quantile,0.025,0.6254627746286306
2026-08-26,ILI incidence,2026-08-30,2,IE,quantile,0.05,0.7309865548302287
2026-08-26,ILI incidence,2026-08-30,2,IE,quantile,0.85,3.603396106948275
2026-08-26,ILI incidence,2026-08-30,2,IE,quantile,0.9,4.169588662128863
2026-08-26,ILI incidence,2026-08-30,2,IE,quantile,0.1,0.9028050358959241
2026-08-26,ILI incidence,2026-08-30,2,IE,quantile,0.15,1.0600730578752728
2026-08-26,ILI incidence,2026-08-30,2,IE,quantile,0.2,1.1893871215436542
2026-08-26,ILI incidence,2026-08-30,2,IE,quantile,0.6,2.2510882054469894
2026-08-26,ILI incidence,2026-08-30,2,IE,quantile,0.65,2.438768670854588
2026-08-26,ILI incidence,2026-08-30,2,IE,quantile,0.7,2.677524549201323
2026-08-26,ILI incidence,2026-08-30,2,IE,quantile,0.75,2.9173096525660123
2026-08-26,ILI incidence,2026-08-30,2,IE,quantile,0.01,0.49612586544644066
2026-08-26,ILI incidence,2026-08-30,2,IE,median,,1.9490697312417518
2026-08-26,ILI incidence,2026-09-06,3,IE,quantile,0.9,4.1186026408409
2026-08-26,ILI incidence,2026-09-06,3,IE,quantile,0.99,7.1701186146452605
2026-08-26,ILI incidence,2026-09-06,3,IE,quantile,0.65,2.5332798378879833
2026-08-26,ILI incidence,2026-09-06,3,IE,quantile,0.7,2.7343481286576203
2026-08-26,ILI incidence,2026-09-06,3,IE,quantile,0.75,2.981516620509261
2026-08-26,ILI incidence,2026-09-06,3,IE,quantile,0.8,3.266641914468991
2026-08-26,ILI incidence,2026-09-06,3,IE,quantile,0.85,3.61708596044233
2026-08-26,ILI incidence,2026-09-06,3,IE,quantile,0.95,5.09041540078614
2026-08-26,ILI incidence,2026-09-06,3,IE,quantile,0.975,6.055181672025957
2026-08-26,ILI incidence,2026-09-06,3,IE,quantile,0.01,0.5634336704231834
2026-08-26,ILI incidence,2026-09-06,3,IE,quantile,0.025,0.6987714948002315
2026-08-26,ILI incidence,2026-09-06,3,IE,quantile,0.05,0.8286073580131036
2026-08-26,ILI incidence,2026-09-06,3,IE,quantile,0.55,2.192334379124914
2026-08-26,ILI incidence,2026-09-06,3,IE,quantile,0.6,2.3548483954991193
2026-08-26,ILI incidence,2026-09-06,3,IE,quantile,0.1,1.0080070497169729
2026-08-26,ILI incidence,2026-09-06,3,IE,quantile,0.45,1.9057061609017731
2026-08-26,ILI incidence,2026-09-06,3,IE,quantile,0.2,1.284596508617385
2026-08-26,ILI incidence,2026-09-06,3,IE,quantile,0.25,1.4103783286414697
2026-08-26,ILI incidence,2026-09-06,3,IE,quantile,0.3,1.5296598724023311
2026-08-26,ILI incidence,2026-09-06,3,IE,quantile,0.35,1.6592760200215413
2026-08-26,ILI incidence,2026-09-06,3,IE,quantile,0.4,1.775157964119809
2026-08-26,ILI incidence,2026-09-06,3,IE,quantile,0.5,2.0461301556107236
2026-08-26,ILI incidence,2026-09-06,3,IE,quantile,0.15,1.1523770111251066
2026-08-26,ILI incidence,2026-09-06,3,IE,median,,2.0461301556107236
2026-08-26,ILI incidence,2026-09-13,4,IE,quantile,0.25,1.0079526978330962
2026-08-26,ILI incidence,2026-09-13,4,IE,quantile,0.3,1.1382362860935706
2026-08-26,ILI incidence,2026-09-13,4,IE,quantile,0.35,1.3065673262959994
2026-08-26,ILI incidence,2026-09-13,4,IE,quantile,0.65,2.6157340486215475
2026-08-26,ILI incidence,2026-09-13,4,IE,quantile,0.99,14.568550683634086
2026-08-26,ILI incidence,2026-09-13,4,IE,quantile,0.975,10.85429951388149
2026-08-26,ILI incidence,2026-09-13,4,IE,quantile,0.95,8.055881351379254
2026-08-26,ILI incidence,2026-09-13,4,IE,quantile,0.01,0.2229474771091423
2026-08-26,ILI incidence,2026-09-13,4,IE,quantile,0.05,0.4119731584529639
2026-08-26,ILI incidence,2026-09-13,4,IE,quantile,0.85,4.7274819150265674
2026-08-26,ILI incidence,2026-09-13,4,IE,quantile,0.9,5.828120585544889
2026-08-26,ILI incidence,2026-09-13,4,IE,quantile,0.1,0.5680209196960087
2026-08-26,ILI incidence,2026-09-13,4,IE,quantile,0.4,1.4596100040687658
2026-08-26,ILI incidence,2026-09-13,4,IE,quantile,0.45,1.6376068860432316
2026-08-26,ILI incidence,2026-09-13,4,IE,quantile,0.025,0.3104281197796495
2026-08-26,ILI incidence,2026-09-13,4,IE,quantile,0.15,0.7061458984376147
2026-08-26,ILI incidence,2026-09-13,4,IE,quantile,0.5,1.8265318246515068
2026-08-26,ILI incidence,2026-09-13,4,IE,quantile,0.55,2.048736750286402
2026-08-26,ILI incidence,2026-09-13,4,IE,quantile,0.6,2.31661712575546
2026-08-26,ILI incidence,2026-09-13,4,IE,quantile,0.2,0.8590707395292468
2026-08-26,ILI incidence,2026-09-13,4,IE,quantile,0.75,3.4141402346451732
2026-08-26,ILI incidence,2026-09-13,4,IE,quantile,0.8,3.963839960705866
2026-08-26,ILI incidence,2026-09-13,4,IE,quantile,0.7,2.9728411225325226
2026-08-26,ILI incidence,2026-09-13,4,IE,median,,1.8265318246515068
2026-08-26,ILI incidence,2026-08-30,2,IS,quantile,0.05,0.24029296374618409
2026-08-26,ILI incidence,2026-08-30,2,IS,quantile,0.15,0.27713688741932174
2026-08-26,ILI incidence,2026-08-30,2,IS,quantile,0.01,0.20339255132784434
2026-08-26,ILI incidence,2026-08-30,2,IS,quantile,0.2,0.2906905373893589
2026-08-26,ILI incidence,2026-08-30,2,IS,quantile,0.025,0.22167895909664068
2026-08-26,ILI incidence,2026-08-30,2,IS,quantile,0.25,0.3019293211157562
2026-08-26,ILI incidence,2026-08-30,2,IS,quantile,0.1,0.26209884763552027
2026-08-26,ILI incidence,2026-08-30,2,IS,quantile,0.45,0.34391491642063854
2026-08-26,ILI incidence,2026-08-30,2,IS,quantile,0.3,0.3129001617246457
2026-08-26,ILI incidence,2026-08-30,2,IS,quantile,0.35,0.3235473510952712
2026-08-26,ILI incidence,2026-08-30,2,IS,quantile,0.4,0.33328298202634854
2026-08-26,ILI incidence,2026-08-30,2,IS,quantile,0.5,0.354592321275434
2026-08-26,ILI incidence,2026-08-30,2,IS,quantile,0.9,0.4829933608000838
2026-08-26,ILI incidence,2026-08-30,2,IS,quantile,0.55,0.365642409104572
2026-08-26,ILI incidence,2026-08-30,2,IS,quantile,0.95,0.5265130720367179
2026-08-26,ILI incidence,2026-08-30,2,IS,quantile,0.7,0.4024605432248629
2026-08-26,ILI incidence,2026-08-30,2,IS,quantile,0.75,0.4168828029291789
2026-08-26,ILI incidence,2026-08-30,2,IS,quantile,0.99,0.6245966536426162
2026-08-26,ILI incidence,2026-08-30,2,IS,quantile,0.975,0.5702629601793425
2026-08-26,ILI incidence,2026-08-30,2,IS,quantile,0.8,0.43489853621986696
2026-08-26,ILI incidence,2026-08-30,2,IS,quantile,0.85,0.45509875673212896
2026-08-26,ILI incidence,2026-08-30,2,IS,quantile,0.6,0.3767565899781381
2026-08-26,ILI incidence,2026-08-30,2,IS,quantile,0.65,0.38892492272629053
2026-08-26,ILI incidence,2026-08-30,2,IS,median,,0.354592321275434
2026-08-26,ILI incidence,2026-09-06,3,IS,quantile,0.7,0.5280264752674516
2026-08-26,ILI incidence,2026-09-06,3,IS,quantile,0.75,0.5632901449574781
2026-08-26,ILI incidence,2026-09-06,3,IS,quantile,0.8,0.6096807339714363
2026-08-26,ILI incidence,2026-09-06,3,IS,quantile,0.99,1.197942670147051
2026-08-26,ILI incidence,2026-09-06,3,IS,quantile,0.65,0.49417697311991055
2026-08-26,ILI incidence,2026-09-06,3,IS,quantile,0.6,0.46528171374274196
2026-08-26,ILI incidence,2026-09-06,3,IS,quantile,0.975,1.0280889274035558
2026-08-26,ILI incidence,2026-09-06,3,IS,quantile,0.5,0.4149537566000928
2026-08-26,ILI incidence,2026-09-06,3,IS,quantile,0.95,0.8929526761938626
2026-08-26,ILI incidence,2026-09-06,3,IS,quantile,0.4,0.3691489568090174
2026-08-26,ILI incidence,2026-09-06,3,IS,quantile,0.55,0.4385879598016405
2026-08-26,ILI incidence,2026-09-06,3,IS,quantile,0.9,0.7542539613224029
2026-08-26,ILI incidence,2026-09-06,3,IS,quantile,0.85,0.6737380477619745
2026-08-26,ILI incidence,2026-09-06,3,IS,quantile,0.45,0.3916442007318399
2026-08-26,ILI incidence,2026-09-06,3,IS,quantile,0.3,0.3242125011487028
2026-08-26,ILI incidence,2026-09-06,3,IS,quantile,0.35,0.3472130761007346
2026-08-26,ILI incidence,2026-09-06,3,IS,quantile,0.15,0.25337140205441083
2026-08-26,ILI incidence,2026-09-06,3,IS,quantile,0.1,0.22746215949269497
2026-08-26,ILI incidence,2026-09-06,3,IS,quantile,0.01,0.13841861369069358
2026-08-26,ILI incidence,2026-09-06,3,IS,quantile,0.2,0.27803574300561673
2026-08-26,ILI incidence,2026-09-06,3,IS,quantile,0.05,0.19247378215062952
2026-08-26,ILI incidence,2026-09-06,3,IS,quantile,0.025,0.1669597914387705
2026-08-26,ILI incidence,2026-09-06,3,IS,quantile,0.25,0.3010072061454798
2026-08-26,ILI incidence,2026-09-06,3,IS,median,,0.4149537566000928
2026-08-26,ILI incidence,2026-08-23,1,LT,quantile,0.2,0.7082083506633067
2026-08-26,ILI incidence,2026-08-23,1,LT,quantile,0.025,0.40438691045124964
2026-08-26,ILI incidence,2026-08-23,1,LT,quantile,0.05,0.47039008512111324
2026-08-26,ILI incidence,2026-08-23,1,LT,quantile,0.01,0.3341075331728076
2026-08-26,ILI incidence,2026-08-23,1,LT,quantile,0.1,0.5683076687016372
2026-08-26,ILI incidence,2026-08-23,1,LT,quantile,0.15,0.6392400093474624
2026-08-26,ILI incidence,2026-08-23,1,LT,quantile,0.25,0.7751853283210162
2026-08-26,ILI incidence,2026-08-23,1,LT,quantile,0.3,0.836524629829726
2026-08-26,ILI incidence,2026-08-23,1,LT,quantile,0.35,0.8994914598682822
2026-08-26,ILI incidence,2026-08-23,1,LT,quantile,0.5,1.1020808728728437
2026-08-26,ILI incidence,2026-08-23,1,LT,quantile,0.55,1.1822549316787703
2026-08-26,ILI incidence,2026-08-23,1,LT,quantile,0.6,1.2636551806468814
2026-08-26,ILI incidence,2026-08-23,1,LT,quantile,0.65,1.3505838854791619
2026-08-26,ILI incidence,2026-08-23,1,LT,quantile,0.45,1.030874568343271
2026-08-26,ILI incidence,2026-08-23,1,LT,quantile,0.4,0.9644980282405946
2026-08-26,ILI incidence,2026-08-23,1,LT,quantile,0.7,1.4512652713595176
2026-08-26,ILI incidence,2026-08-23,1,LT,quantile,0.95,2.5993534222867636
2026-08-26,ILI incidence,2026-08-23,1,LT,quantile,0.9,2.174114921785296
2026-08-26,ILI incidence,2026-08-23,1,LT,quantile,0.975,3.021791540009793
2026-08-26,ILI incidence,2026-08-23,1,LT,quantile,0.85,1.907506925032707
2026-08-26,ILI incidence,2026-08-23,1,LT,quantile,0.99,3.7261759980959224
2026-08-26,ILI incidence,2026-08-23,1,LT,quantile,0.8,1.7181499909237106
2026-08-26,ILI incidence,2026-08-23,1,LT,quantile,0.75,1.5744022820369565
2026-08-26,ILI incidence,2026-08-23,1,LT,median,,1.1020808728728437
2026-08-26,ILI incidence,2026-08-30,2,LT,quantile,0.01,0.36461058006545116
2026-08-26,ILI incidence,2026-08-30,2,LT,quantile,0.025,0.4377526889380147
2026-08-26,ILI incidence,2026-08-30,2,LT,quantile,0.05,0.5044418125624921
2026-08-26,ILI incidence,2026-08-30,2,LT,quantile,0.15,0.6751335216431146
2026-08-26,ILI incidence,2026-08-30,2,LT,quantile,0.1,0.6046781393934592
2026-08-26,ILI incidence,2026-08-30,2,LT,quantile,0.2,0.7397456392169441
2026-08-26,ILI incidence,2026-08-30,2,LT,quantile,0.25,0.7957520532289477
2026-08-26,ILI incidence,2026-08-30,2,LT,quantile,0.75,1.4831527404471414
2026-08-26,ILI incidence,2026-08-30,2,LT,quantile,0.7,1.3809713684207554
2026-08-26,ILI incidence,2026-08-30,2,LT,quantile,0.65,1.2962467260816624
2026-08-26,ILI incidence,2026-08-30,2,LT,quantile,0.55,1.154831019320449
2026-08-26,ILI incidence,2026-08-30,2,LT,quantile,0.8,1.6080623329680312
2026-08-26,ILI incidence,2026-08-30,2,LT,quantile,0.6,1.2242383183484795
2026-08-26,ILI incidence,2026-08-30,2,LT,quantile,0.3,0.8543547490752679
2026-08-26,ILI incidence,2026-08-30,2,LT,quantile,0.5,1.0865098238298612
2026-08-26,ILI incidence,2026-08-30,2,LT,quantile,0.45,1.0248612638311474
2026-08-26,ILI incidence,2026-08-30,2,LT,quantile,0.85,1.7532620488663757
2026-08-26,ILI incidence,2026-08-30,2,LT,quantile,0.35,0.9113603431668484
2026-08-26,ILI incidence,2026-08-30,2,LT,quantile,0.9,1.9760535691237822
2026-08-26,ILI incidence,2026-08-30,2,LT,quantile,0.4,0.9642532158070487
2026-08-26,ILI incidence,2026-08-30,2,LT,quantile,0.99,3.165975112391564
2026-08-26,ILI incidence,2026-08-30,2,LT,quantile,0.95,2.3443639782187407
2026-08-26,ILI incidence,2026-08-30,2,LT,quantile,0.975,2.7169958105173264
2026-08-26,ILI incidence,2026-08-30,2,LT,median,,1.0865098238298612
2026-08-26,ILI incidence,2026-09-06,3,LT,quantile,0.01,0.7269620628475455
2026-08-26,ILI incidence,2026-09-06,3,LT,quantile,0.5,1.240719985382806
2026-08-26,ILI incidence,2026-09-06,3,LT,quantile,0.55,1.278959506148519
2026-08-26,ILI incidence,2026-09-06,3,LT,quantile,0.35,1.1352279325830537
2026-08-26,ILI incidence,2026-09-06,3,LT,quantile,0.4,1.1714867987540902
2026-08-26,ILI incidence,2026-09-06,3,LT,quantile,0.025,0.7800464889260356
2026-08-26,ILI incidence,2026-09-06,3,LT,quantile,0.45,1.204769054341539
2026-08-26,ILI incidence,2026-09-06,3,LT,quantile,0.6,1.3189449384871295
2026-08-26,ILI incidence,2026-09-06,3,LT,quantile,0.1,0.9172575816254318
2026-08-26,ILI incidence,2026-09-06,3,LT,quantile,0.05,0.8427890356164723
2026-08-26,ILI incidence,2026-09-06,3,LT,quantile,0.15,0.9749302578066072
2026-08-26,ILI incidence,2026-09-06,3,LT,quantile,0.3,1.0980180225358835
2026-08-26,ILI incidence,2026-09-06,3,LT,quantile,0.25,1.0626978552156188
2026-08-26,ILI incidence,2026-09-06,3,LT,quantile,0.65,1.3591784939976483
2026-08-26,ILI incidence,2026-09-06,3,LT,quantile,0.2,1.0211275355702756
2026-08-26,ILI incidence,2026-09-06,3,LT,quantile,0.7,1.4059076174962208
2026-08-26,ILI incidence,2026-09-06,3,LT,quantile,0.75,1.452553715612181
2026-08-26,ILI incidence,2026-09-06,3,LT,quantile,0.8,1.509775680230613
2026-08-26,ILI incidence,2026-09-06,3,LT,quantile,0.975,1.9718059464999702
2026-08-26,ILI incidence,2026-09-06,3,LT,quantile,0.9,1.6815800214275034
2026-08-26,ILI incidence,2026-09-06,3,LT,quantile,0.99,2.1349612086786456
2026-08-26,ILI incidence,2026-09-06,3,LT,quantile,0.95,1.8321820430003213
2026-08-26,ILI incidence,2026-09-06,3,LT,quantile,0.85,1.5889599713685152
2026-08-26,ILI incidence,2026-09-06,3,LT,median,,1.240719985382806
2026-08-26,ILI incidence,2026-09-13,4,LT,quantile,0.2,0.9777092059693162
2026-08-26,ILI incidence,2026-09-13,4,LT,quantile,0.15,0.9315607675879884
2026-08-26,ILI incidence,2026-09-13,4,LT,quantile,0.25,1.0145558245219002
2026-08-26,ILI incidence,2026-09-13,4,LT,quantile,0.01,0.6904686629634826
2026-08-26,ILI incidence,2026-09-13,4,LT,quantile,0.1,0.8812524117163602
2026-08-26,ILI incidence,2026-09-13,4,LT,quantile,0.3,1.0505204370533172
2026-08-26,ILI incidence,2026-09-13,4,LT,quantile,0.05,0.8096429010485068
2026-08-26,ILI incidence,2026-09-13,4,LT,quantile,0.4,1.1221296586933
2026-08-26,ILI incidence,2026-09-13,4,LT,quantile,0.5,1.1943469144358523
2026-08-26,ILI incidence,2026-09-13,4,LT,quantile,0.45,1.1572353607197745
2026-08-26,ILI incidence,2026-09-13,4,LT,quantile,0.55,1.232073284264732
2026-08-26,ILI incidence,2026-09-13,4,LT,quantile,0.025,0.7492507163960409
2026-08-26,ILI incidence,2026-09-13,4,LT,quantile,0.65,1.306500024740336
2026-08-26,ILI incidence,2026-09-13,4,LT,quantile,0.35,1.0856068607451461
2026-08-26,ILI incidence,2026-09-13,4,LT,quantile,0.6,1.2660698229155454
2026-08-26,ILI incidence,2026-09-13,4,LT,quantile,0.7,1.350166151797363
2026-08-26,ILI incidence,2026-09-13,4,LT,quantile,0.95,1.751672736316947
2026-08-26,ILI incidence,2026-09-13,4,LT,quantile,0.75,1.3998627365106686
2026-08-26,ILI incidence,2026-09-13,4,LT,quantile,0.8,1.4544899547096986
2026-08-26,ILI incidence,2026-09-13,4,LT,quantile,0.85,1.522806551588502
2026-08-26,ILI incidence,2026-09-13,4,LT,quantile,0.9,1.6079191359129217
2026-08-26,ILI incidence,2026-09-13,4,LT,quantile,0.975,1.8843569066091042
2026-08-26,ILI incidence,2026-09-13,4,LT,quantile,0.99,2.053827544979225
2026-08-26,ILI incidence,2026-09-13,4,LT,median,,1.1943469144358523
2026-08-26,ILI incidence,2026-08-23,1,LU,quantile,0.01,3.342824655444583e-4
2026-08-26,ILI incidence,2026-08-23,1,LU,quantile,0.025,4.1560581065156117e-4
2026-08-26,ILI incidence,2026-08-23,1,LU,quantile,0.05,4.937038603999832e-4
2026-08-26,ILI incidence,2026-08-23,1,LU,quantile,0.1,5.990414019227555e-4
2026-08-26,ILI incidence,2026-08-23,1,LU,quantile,0.15,6.918996886701072e-4
2026-08-26,ILI incidence,2026-08-23,1,LU,quantile,0.2,7.722436087978027e-4
2026-08-26,ILI incidence,2026-08-23,1,LU,quantile,0.25,8.42616700437385e-4
2026-08-26,ILI incidence,2026-08-23,1,LU,quantile,0.3,9.09283325431061e-4
2026-08-26,ILI incidence,2026-08-23,1,LU,quantile,0.85,0.002134165922133156
2026-08-26,ILI incidence,2026-08-23,1,LU,quantile,0.9,0.002456533585152902
2026-08-26,ILI incidence,2026-08-23,1,LU,quantile,0.95,0.0029698794334771846
2026-08-26,ILI incidence,2026-08-23,1,LU,quantile,0.975,0.003481006294895766
2026-08-26,ILI incidence,2026-08-23,1,LU,quantile,0.99,0.004233018050551811
2026-08-26,ILI incidence,2026-08-23,1,LU,quantile,0.35,9.811428717249838e-4
2026-08-26,ILI incidence,2026-08-23,1,LU,quantile,0.4,0.0010527169593667373
2026-08-26,ILI incidence,2026-08-23,1,LU,quantile,0.45,0.0011289584718166064
2026-08-26,ILI incidence,2026-08-23,1,LU,quantile,0.5,0.0012036476083416025
2026-08-26,ILI incidence,2026-08-23,1,LU,quantile,0.55,0.0012959084085785466
2026-08-26,ILI incidence,2026-08-23,1,LU,quantile,0.6,0.0013894250879348358
2026-08-26,ILI incidence,2026-08-23,1,LU,quantile,0.65,0.0014955161818225743
2026-08-26,ILI incidence,2026-08-23,1,LU,quantile,0.7,0.0016086559918476215
2026-08-26,ILI incidence,2026-08-23,1,LU,quantile,0.75,0.0017528483656797471
2026-08-26,ILI incidence,2026-08-23,1,LU,quantile,0.8,0.0019111330851560068
2026-08-26,ILI incidence,2026-08-23,1,LU,median,,0.0012036476083416025
2026-08-26,ILI incidence,2026-08-30,2,LU,quantile,0.01,1.8558274279763528e-4
2026-08-26,ILI incidence,2026-08-30,2,LU,quantile,0.025,2.407363210378183e-4
2026-08-26,ILI incidence,2026-08-30,2,LU,quantile,0.05,2.995371812948653e-4
2026-08-26,ILI incidence,2026-08-30,2,LU,quantile,0.1,3.781099488692422e-4
2026-08-26,ILI incidence,2026-08-30,2,LU,quantile,0.15,4.439073748434139e-4
2026-08-26,ILI incidence,2026-08-30,2,LU,quantile,0.2,5.092291064778364e-4
2026-08-26,ILI incidence,2026-08-30,2,LU,quantile,0.25,5.663946511017063e-4
2026-08-26,ILI incidence,2026-08-30,2,LU,quantile,0.3,6.276110776444703e-4
2026-08-26,ILI incidence,2026-08-30,2,LU,quantile,0.35,6.892975563422827e-4
2026-08-26,ILI incidence,2026-08-30,2,LU,quantile,0.4,7.523003265268711e-4
2026-08-26,ILI incidence,2026-08-30,2,LU,quantile,0.45,8.24462400885517e-4
2026-08-26,ILI incidence,2026-08-30,2,LU,quantile,0.5,8.986503344989975e-4
2026-08-26,ILI incidence,2026-08-30,2,LU,quantile,0.55,9.77441291070409e-4
2026-08-26,ILI incidence,2026-08-30,2,LU,quantile,0.6,0.0010661372140079884
2026-08-26,ILI incidence,2026-08-30,2,LU,quantile,0.75,0.0014139927780694504
2026-08-26,ILI incidence,2026-08-30,2,LU,quantile,0.8,0.0015777210572922979
2026-08-26,ILI incidence,2026-08-30,2,LU,quantile,0.975,0.003339271260478375
2026-08-26,ILI incidence,2026-08-30,2,LU,quantile,0.99,0.004261429443168509
2026-08-26,ILI incidence,2026-08-30,2,LU,quantile,0.65,0.0011625152638380497
2026-08-26,ILI incidence,2026-08-30,2,LU,quantile,0.7,0.001272889418894371
2026-08-26,ILI incidence,2026-08-30,2,LU,quantile,0.85,0.0017941750298974958
2026-08-26,ILI incidence,2026-08-30,2,LU,quantile,0.9,0.0021271771644535
2026-08-26,ILI incidence,2026-08-30,2,LU,quantile,0.95,0.0027546268866294995
2026-08-26,ILI incidence,2026-08-30,2,LU,median,,8.986503344989975e-4
2026-08-26,ILI incidence,2026-09-06,3,LU,quantile,0.7,0.0013432807148531707
2026-08-26,ILI incidence,2026-09-06,3,LU,quantile,0.6,0.0012079561968712175
2026-08-26,ILI incidence,2026-09-06,3,LU,quantile,0.65,0.0012691706666395927
2026-08-26,ILI incidence,2026-09-06,3,LU,quantile,0.55,0.001147900932876817
2026-08-26,ILI incidence,2026-09-06,3,LU,quantile,0.35,9.376927261305697e-4
2026-08-26,ILI incidence,2026-09-06,3,LU,quantile,0.4,9.855623361802676e-4
2026-08-26,ILI incidence,2026-09-06,3,LU,quantile,0.3,8.872530504183554e-4
2026-08-26,ILI incidence,2026-09-06,3,LU,quantile,0.45,0.0010390603032831933
2026-08-26,ILI incidence,2026-09-06,3,LU,quantile,0.5,0.0010901767854490571
2026-08-26,ILI incidence,2026-09-06,3,LU,quantile,0.25,8.36988957506562e-4
2026-08-26,ILI incidence,2026-09-06,3,LU,quantile,0.2,7.837358898580967e-4
2026-08-26,ILI incidence,2026-09-06,3,LU,quantile,0.15,7.2110194595304e-4
2026-08-26,ILI incidence,2026-09-06,3,LU,quantile,0.1,6.526921089055855e-4
2026-08-26,ILI incidence,2026-09-06,3,LU,quantile,0.05,5.624556328874794e-4
2026-08-26,ILI incidence,2026-09-06,3,LU,quantile,0.01,4.3484966514549197e-4
2026-08-26,ILI incidence,2026-09-06,3,LU,quantile,0.025,5.030454142744487e-4
2026-08-26,ILI incidence,2026-09-06,3,LU,quantile,0.75,0.0014263829749459828
2026-08-26,ILI incidence,2026-09-06,3,LU,quantile,0.8,0.0015275808426668325
2026-08-26,ILI incidence,2026-09-06,3,LU,quantile,0.85,0.0016466982319919695
2026-08-26,ILI incidence,2026-09-06,3,LU,quantile,0.9,0.001807237107316006
2026-08-26,ILI incidence,2026-09-06,3,LU,quantile,0.95,0.002095597994810229
2026-08-26,ILI incidence,2026-09-06,3,LU,quantile,0.975,0.0023839402446169085
2026-08-26,ILI incidence,2026-09-06,3,LU,quantile,0.99,0.002774399793451755
2026-08-26,ILI incidence,2026-09-06,3,LU,median,,0.0010901767854490571
2026-08-26,ILI incidence,2026-09-13,4,LU,quantile,0.01,2.3177331728846512e-4
2026-08-26,ILI incidence,2026-09-13,4,LU,quantile,0.025,2.822224993922376e-4
2026-08-26,ILI incidence,2026-09-13,4,LU,quantile,0.05,3.31596036554891e-4
2026-08-26,ILI incidence,2026-09-13,4,LU,quantile,0.1,3.9852005027733343e-4
2026-08-26,ILI incidence,2026-09-13,4,LU,quantile,0.15,4.5315771049053136e-4
2026-08-26,ILI incidence,2026-09-13,4,LU,quantile,0.4,6.869241770664953e-4
2026-08-26,ILI incidence,2026-09-13,4,LU,quantile,0.45,7.338500745867549e-4
2026-08-26,ILI incidence,2026-09-13,4,LU,quantile,0.2,5.028635516797689e-4
2026-08-26,ILI incidence,2026-09-13,4,LU,quantile,0.25,5.448283267417246e-4
2026-08-26,ILI incidence,2026-09-13,4,LU,quantile,0.3,5.921160590870284e-4
2026-08-26,ILI incidence,2026-09-13,4,LU,quantile,0.35,6.395298471873828e-4
2026-08-26,ILI incidence,2026-09-13,4,LU,quantile,0.5,7.828075355930115e-4
2026-08-26,ILI incidence,2026-09-13,4,LU,quantile,0.55,8.357561935400952e-4
2026-08-26,ILI incidence,2026-09-13,4,LU,quantile,0.6,8.931045677214953e-4
2026-08-26,ILI incidence,2026-09-13,4,LU,quantile,0.65,9.540758055194273e-4
2026-08-26,ILI incidence,2026-09-13,4,LU,quantile,0.7,0.0010247376334809703
2026-08-26,ILI incidence,2026-09-13,4,LU,quantile,0.75,0.0011028690468381185
2026-08-26,ILI incidence,2026-09-13,4,LU,quantile,0.8,0.001202926359437192
2026-08-26,ILI incidence,2026-09-13,4,LU,quantile,0.85,0.001328116170179447
2026-08-26,ILI incidence,2026-09-13,4,LU,quantile,0.9,0.0014992042809660227
2026-08-26,ILI incidence,2026-09-13,4,LU,quantile,0.95,0.0018295296464488418
2026-08-26,ILI incidence,2026-09-13,4,LU,quantile,0.975,0.002191202675126948
2026-08-26,ILI incidence,2026-09-13,4,LU,quantile,0.99,0.00261725409118464
2026-08-26,ILI incidence,2026-09-13,4,LU,median,,7.828075355930115e-4
2026-08-26,ILI incidence,2026-08-23,1,MT,quantile,0.3,3594.944762832117
2026-08-26,ILI incidence,2026-08-23,1,MT,quantile,0.2,3353.414364225827
2026-08-26,ILI incidence,2026-08-23,1,MT,quantile,0.25,3478.5735087693047
2026-08-26,ILI incidence,2026-08-23,1,MT,quantile,0.01,2390.9213768996065
2026-08-26,ILI incidence,2026-08-23,1,MT,quantile,0.025,2576.6323571222997
2026-08-26,ILI incidence,2026-08-23,1,MT,quantile,0.05,2776.4585601517892
2026-08-26,ILI incidence,2026-08-23,1,MT,quantile,0.35,3715.1656034143925
2026-08-26,ILI incidence,2026-08-23,1,MT,quantile,0.15,3201.448907116993
2026-08-26,ILI incidence,2026-08-23,1,MT,quantile,0.8,4961.970280251183
2026-08-26,ILI incidence,2026-08-23,1,MT,quantile,0.1,3014.5440137957985
2026-08-26,ILI incidence,2026-08-23,1,MT,quantile,0.4,3832.5847087822885
2026-08-26,ILI incidence,2026-08-23,1,MT,quantile,0.85,5196.554965588215
2026-08-26,ILI incidence,2026-08-23,1,MT,quantile,0.5,4070.3297843066393
2026-08-26,ILI incidence,2026-08-23,1,MT,quantile,0.55,4198.629192457243
2026-08-26,ILI incidence,2026-08-23,1,MT,quantile,0.6,4320.589043077726
2026-08-26,ILI incidence,2026-08-23,1,MT,quantile,0.95,5994.923507796235
2026-08-26,ILI incidence,2026-08-23,1,MT,quantile,0.99,6998.064613841272
2026-08-26,ILI incidence,2026-08-23,1,MT,quantile,0.7,4607.777561687235
2026-08-26,ILI incidence,2026-08-23,1,MT,quantile,0.65,4451.848209312529
2026-08-26,ILI incidence,2026-08-23,1,MT,quantile,0.75,4773.65578161788
2026-08-26,ILI incidence,2026-08-23,1,MT,quantile,0.975,6412.276504032826
2026-08-26,ILI incidence,2026-08-23,1,MT,quantile,0.9,5482.093148807537
2026-08-26,ILI incidence,2026-08-23,1,MT,quantile,0.45,3947.5398634450485
2026-08-26,ILI incidence,2026-08-23,1,MT,median,,4070.3297843066393
2026-08-26,ILI incidence,2026-08-30,2,MT,quantile,0.15,3461.9840611071104
2026-08-26,ILI incidence,2026-08-30,2,MT,quantile,0.6,4485.3751091417125
2026-08-26,ILI incidence,2026-08-30,2,MT,quantile,0.2,3605.6906113364507
2026-08-26,ILI incidence,2026-08-30,2,MT,quantile,0.25,3732.3769075417113
2026-08-26,ILI incidence,2026-08-30,2,MT,quantile,0.1,3293.1699422218076
2026-08-26,ILI incidence,2026-08-30,2,MT,quantile,0.3,3850.2071904137356
2026-08-26,ILI incidence,2026-08-30,2,MT,quantile,0.45,4153.817864411254
2026-08-26,ILI incidence,2026-08-30,2,MT,quantile,0.65,4597.359346033958
2026-08-26,ILI incidence,2026-08-30,2,MT,quantile,0.35,3960.1719910493857
2026-08-26,ILI incidence,2026-08-30,2,MT,quantile,0.5,4257.742766904145
2026-08-26,ILI incidence,2026-08-30,2,MT,quantile,0.55,4361.819225786033
2026-08-26,ILI incidence,2026-08-30,2,MT,quantile,0.4,4056.0701723466264
2026-08-26,ILI incidence,2026-08-30,2,MT,quantile,0.01,2676.896560367096
2026-08-26,ILI incidence,2026-08-30,2,MT,quantile,0.025,2875.2263766362657
2026-08-26,ILI incidence,2026-08-30,2,MT,quantile,0.05,3063.20510057319
2026-08-26,ILI incidence,2026-08-30,2,MT,quantile,0.7,4724.042770284488
2026-08-26,ILI incidence,2026-08-30,2,MT,quantile,0.8,5031.373552482437
2026-08-26,ILI incidence,2026-08-30,2,MT,quantile,0.85,5250.407608999715
2026-08-26,ILI incidence,2026-08-30,2,MT,quantile,0.75,4864.808541198901
2026-08-26,ILI incidence,2026-08-30,2,MT,quantile,0.99,6743.139091849128
2026-08-26,ILI incidence,2026-08-30,2,MT,quantile,0.9,5534.480813252783
2026-08-26,ILI incidence,2026-08-30,2,MT,quantile,0.95,5910.8061863660805
2026-08-26,ILI incidence,2026-08-30,2,MT,quantile,0.975,6292.313362266873
2026-08-26,ILI incidence,2026-08-30,2,MT,median,,4257.742766904145
2026-08-26,ILI incidence,2026-09-06,3,MT,quantile,0.025,3621.651427529502
2026-08-26,ILI incidence,2026-09-06,3,MT,quantile,0.01,3407.0879108315535
2026-08-26,ILI incidence,2026-09-06,3,MT,quantile,0.05,3825.157700946227
2026-08-26,ILI incidence,2026-09-06,3,MT,quantile,0.15,4235.1698252877795
2026-08-26,ILI incidence,2026-09-06,3,MT,quantile,0.2,4379.844076352787
2026-08-26,ILI incidence,2026-09-06,3,MT,quantile,0.1,4059.6726790898347
2026-08-26,ILI incidence,2026-09-06,3,MT,quantile,0.8,5840.468422000275
2026-08-26,ILI incidence,2026-09-06,3,MT,quantile,0.75,5679.647572840424
2026-08-26,ILI incidence,2026-09-06,3,MT,quantile,0.85,6024.511250994137
2026-08-26,ILI incidence,2026-09-06,3,MT,quantile,0.55,5171.335154114577
2026-08-26,ILI incidence,2026-09-06,3,MT,quantile,0.3,4627.895795530079
2026-08-26,ILI incidence,2026-09-06,3,MT,quantile,0.6,5276.651089905528
2026-08-26,ILI incidence,2026-09-06,3,MT,quantile,0.7,5524.4180490680155
2026-08-26,ILI incidence,2026-09-06,3,MT,quantile,0.25,4503.023489042415
2026-08-26,ILI incidence,2026-09-06,3,MT,quantile,0.5,5059.924708928492
2026-08-26,ILI incidence,2026-09-06,3,MT,quantile,0.4,4848.249896917363
2026-08-26,ILI incidence,2026-09-06,3,MT,quantile,0.65,5389.421481556752
2026-08-26,ILI incidence,2026-09-06,3,MT,quantile,0.9,6263.353117313195
2026-08-26,ILI incidence,2026-09-06,3,MT,quantile,0.45,4954.121619132398
2026-08-26,ILI incidence,2026-09-06,3,MT,quantile,0.95,6670.51551080211
2026-08-26,ILI incidence,2026-09-06,3,MT,quantile,0.99,7498.539288043
2026-08-26,ILI incidence,2026-09-06,3,MT,quantile,0.35,4747.5943566839915
2026-08-26,ILI incidence,2026-09-06,3,MT,quantile,0.975,7036.066730397004
2026-08-26,ILI incidence,2026-09-06,3,MT,median,,5059.924708928492
2026-08-26,ILI incidence,2026-09-13,4,MT,quantile,0.99,8534.508402128433
2026-08-26,ILI incidence,2026-09-13,4,MT,quantile,0.9,6229.674754417403
2026-08-26,ILI incidence,2026-09-13,4,MT,quantile,0.975,7681.530707677304
2026-08-26,ILI incidence,2026-09-13,4,MT,quantile,0.95,7014.385944992601
2026-08-26,ILI incidence,2026-09-13,4,MT,quantile,0.8,5479.227218393202
2026-08-26,ILI incidence,2026-09-13,4,MT,quantile,0.85,5787.315569045814
2026-08-26,ILI incidence,2026-09-13,4,MT,quantile,0.75,5218.808888439065
2026-08-26,ILI incidence,2026-09-13,4,MT,quantile,0.6,4604.78694761446
2026-08-26,ILI incidence,2026-09-13,4,MT,quantile,0.65,4790.672440517209
2026-08-26,ILI incidence,2026-09-13,4,MT,quantile,0.45,4118.30400581003
2026-08-26,ILI incidence,2026-09-13,4,MT,quantile,0.7,4990.76397816783
2026-08-26,ILI incidence,2026-09-13,4,MT,quantile,0.55,4427.862846658683
2026-08-26,ILI incidence,2026-09-13,4,MT,quantile,0.4,3955.6515100329707
2026-08-26,ILI incidence,2026-09-13,4,MT,quantile,0.5,4269.6568978409705
2026-08-26,ILI incidence,2026-09-13,4,MT,quantile,0.35,3790.759846824585
2026-08-26,ILI incidence,2026-09-13,4,MT,quantile,0.3,3637.356460625601
2026-08-26,ILI incidence,2026-09-13,4,MT,quantile,0.25,3481.8803776713626
2026-08-26,ILI incidence,2026-09-13,4,MT,quantile,0.15,3107.214176355209
2026-08-26,ILI incidence,2026-09-13,4,MT,quantile,0.2,3310.5130597620623
2026-08-26,ILI incidence,2026-09-13,4,MT,quantile,0.1,2913.9506517983446
2026-08-26,ILI incidence,2026-09-13,4,MT,quantile,0.05,2611.2969357627157
2026-08-26,ILI incidence,2026-09-13,4,MT,quantile,0.025,2374.0477036733996
2026-08-26,ILI incidence,2026-09-13,4,MT,quantile,0.01,2116.271182468767
2026-08-26,ILI incidence,2026-09-13,4,MT,median,,4269.6568978409705
2026-08-26,ILI incidence,2026-08-23,1,NO,quantile,0.85,9.382179789314895
2026-08-26,ILI incidence,2026-08-23,1,NO,quantile,0.75,8.962601294312455
2026-08-26,ILI incidence,2026-08-23,1,NO,quantile,0.8,9.159549066083793
2026-08-26,ILI incidence,2026-08-23,1,NO,quantile,0.9,9.677459107821122
2026-08-26,ILI incidence,2026-08-23,1,NO,quantile,0.95,10.119065532558748
2026-08-26,ILI incidence,2026-08-23,1,NO,quantile,0.975,10.56664898801221
2026-08-26,ILI incidence,2026-08-23,1,NO,quantile,0.65,8.651178352074528
2026-08-26,ILI incidence,2026-08-23,1,NO,quantile,0.99,11.071413215614125
2026-08-26,ILI incidence,2026-08-23,1,NO,quantile,0.6,8.514871790048662
2026-08-26,ILI incidence,2026-08-23,1,NO,quantile,0.7,8.793381014645373
2026-08-26,ILI incidence,2026-08-23,1,NO,quantile,0.4,7.996171119913091
2026-08-26,ILI incidence,2026-08-23,1,NO,quantile,0.45,8.131750824371132
2026-08-26,ILI incidence,2026-08-23,1,NO,quantile,0.55,8.38365059633701
2026-08-26,ILI incidence,2026-08-23,1,NO,quantile,0.5,8.261972575993935
2026-08-26,ILI incidence,2026-08-23,1,NO,quantile,0.35,7.865226508981128
2026-08-26,ILI incidence,2026-08-23,1,NO,quantile,0.05,6.73474460889701
2026-08-26,ILI incidence,2026-08-23,1,NO,quantile,0.1,7.05293504083988
2026-08-26,ILI incidence,2026-08-23,1,NO,quantile,0.15,7.27439073291087
2026-08-26,ILI incidence,2026-08-23,1,NO,quantile,0.2,7.4586955583073005
2026-08-26,ILI incidence,2026-08-23,1,NO,quantile,0.25,7.612564334508627
2026-08-26,ILI incidence,2026-08-23,1,NO,quantile,0.3,7.7457380664062105
2026-08-26,ILI incidence,2026-08-23,1,NO,quantile,0.025,6.482884222569787
2026-08-26,ILI incidence,2026-08-23,1,NO,quantile,0.01,6.1822897238453525
2026-08-26,ILI incidence,2026-08-23,1,NO,median,,8.261972575993935
2026-08-26,ILI incidence,2026-08-30,2,NO,quantile,0.5,7.431039482297628
2026-08-26,ILI incidence,2026-08-30,2,NO,quantile,0.55,7.590069043401073
2026-08-26,ILI incidence,2026-08-30,2,NO,quantile,0.6,7.739085020426167
2026-08-26,ILI incidence,2026-08-30,2,NO,quantile,0.99,10.886550629766193
2026-08-26,ILI incidence,2026-08-30,2,NO,quantile,0.45,7.285639912223221
2026-08-26,ILI incidence,2026-08-30,2,NO,quantile,0.05,5.645870072298343
2026-08-26,ILI incidence,2026-08-30,2,NO,quantile,0.4,7.127355392341745
2026-08-26,ILI incidence,2026-08-30,2,NO,quantile,0.15,6.261327018221705
2026-08-26,ILI incidence,2026-08-30,2,NO,quantile,0.2,6.46883648765945
2026-08-26,ILI incidence,2026-08-30,2,NO,quantile,0.35,6.975236468697073
2026-08-26,ILI incidence,2026-08-30,2,NO,quantile,0.025,5.364655833307097
2026-08-26,ILI incidence,2026-08-30,2,NO,quantile,0.01,5.029196273658838
2026-08-26,ILI incidence,2026-08-30,2,NO,quantile,0.1,6.012435476172372
2026-08-26,ILI incidence,2026-08-30,2,NO,quantile,0.8,8.562074173238653
2026-08-26,ILI incidence,2026-08-30,2,NO,quantile,0.75,8.329339784320315
2026-08-26,ILI incidence,2026-08-30,2,NO,quantile,0.7,8.115562705017819
2026-08-26,ILI incidence,2026-08-30,2,NO,quantile,0.85,8.849564711803977
2026-08-26,ILI incidence,2026-08-30,2,NO,quantile,0.3,6.812953786841598
2026-08-26,ILI incidence,2026-08-30,2,NO,quantile,0.65,7.917879294218396
2026-08-26,ILI incidence,2026-08-30,2,NO,quantile,0.25,6.650592447596594
2026-08-26,ILI incidence,2026-08-30,2,NO,quantile,0.975,10.264592585612155
2026-08-26,ILI incidence,2026-08-30,2,NO,quantile,0.9,9.221413025442347
2026-08-26,ILI incidence,2026-08-30,2,NO,quantile,0.95,9.778860424813738
2026-08-26,ILI incidence,2026-08-30,2,NO,median,,7.431039482297628
2026-08-26,ILI incidence,2026-09-06,3,NO,quantile,0.975,12.951815574580671
2026-08-26,ILI incidence,2026-09-06,3,NO,quantile,0.95,12.02700429344998
2026-08-26,ILI incidence,2026-09-06,3,NO,quantile,0.99,14.16800918532197
2026-08-26,ILI incidence,2026-09-06,3,NO,quantile,0.9,10.998935669671816
2026-08-26,ILI incidence,2026-09-06,3,NO,quantile,0.85,10.277526876003762
2026-08-26,ILI incidence,2026-09-06,3,NO,quantile,0.8,9.790261669770457
2026-08-26,ILI incidence,2026-09-06,3,NO,quantile,0.75,9.374168622244142
2026-08-26,ILI incidence,2026-09-06,3,NO,quantile,0.55,8.093492992206599
2026-08-26,ILI incidence,2026-09-06,3,NO,quantile,0.65,8.662886486251484
2026-08-26,ILI incidence,2026-09-06,3,NO,quantile,0.6,8.382769961757777
2026-08-26,ILI incidence,2026-09-06,3,NO,quantile,0.7,8.994771372821013
2026-08-26,ILI incidence,2026-09-06,3,NO,quantile,0.5,7.824123696774294
2026-08-26,ILI incidence,2026-09-06,3,NO,quantile,0.45,7.577070434336973
2026-08-26,ILI incidence,2026-09-06,3,NO,quantile,0.2,6.269735762506313
2026-08-26,ILI incidence,2026-09-06,3,NO,quantile,0.25,6.571420207319973
2026-08-26,ILI incidence,2026-09-06,3,NO,quantile,0.4,7.351681042751959
2026-08-26,ILI incidence,2026-09-06,3,NO,quantile,0.35,7.0847428399625745
2026-08-26,ILI incidence,2026-09-06,3,NO,quantile,0.3,6.825606876403152
2026-08-26,ILI incidence,2026-09-06,3,NO,quantile,0.15,5.959699995412561
2026-08-26,ILI incidence,2026-09-06,3,NO,quantile,0.1,5.580941063754004
2026-08-26,ILI incidence,2026-09-06,3,NO,quantile,0.05,5.082193684615403
2026-08-26,ILI incidence,2026-09-06,3,NO,quantile,0.01,4.279874156682906
2026-08-26,ILI incidence,2026-09-06,3,NO,quantile,0.025,4.648788296549966
2026-08-26,ILI incidence,2026-09-06,3,NO,median,,7.824123696774294
2026-08-26,ILI incidence,2026-09-13,4,NO,quantile,0.15,8.07496385774768
2026-08-26,ILI incidence,2026-09-13,4,NO,quantile,0.75,9.358581296855347
2026-08-26,ILI incidence,2026-09-13,4,NO,quantile,0.85,9.662692394132641
2026-08-26,ILI incidence,2026-09-13,4,NO,quantile,0.25,8.32546762876178
2026-08-26,ILI incidence,2026-09-13,4,NO,quantile,0.8,9.49033399557367
2026-08-26,ILI incidence,2026-09-13,4,NO,quantile,0.3,8.43069308179453
2026-08-26,ILI incidence,2026-09-13,4,NO,quantile,0.65,9.122291535823729
2026-08-26,ILI incidence,2026-09-13,4,NO,quantile,0.45,8.727831254410516
2026-08-26,ILI incidence,2026-09-13,4,NO,quantile,0.4,8.63706852075864
2026-08-26,ILI incidence,2026-09-13,4,NO,quantile,0.6,9.018104803160597
2026-08-26,ILI incidence,2026-09-13,4,NO,quantile,0.7,9.240177366240523
2026-08-26,ILI incidence,2026-09-13,4,NO,quantile,0.2,8.213880112232296
2026-08-26,ILI incidence,2026-09-13,4,NO,quantile,0.5,8.823479012385166
2026-08-26,ILI incidence,2026-09-13,4,NO,quantile,0.35,8.5334202393791
2026-08-26,ILI incidence,2026-09-13,4,NO,quantile,0.1,7.909233130912194
2026-08-26,ILI incidence,2026-09-13,4,NO,quantile,0.05,7.652648324945257
2026-08-26,ILI incidence,2026-09-13,4,NO,quantile,0.55,8.924479808382202
2026-08-26,ILI incidence,2026-09-13,4,NO,quantile,0.01,7.247009954739535
2026-08-26,ILI incidence,2026-09-13,4,NO,quantile,0.025,7.442192722684121
2026-08-26,ILI incidence,2026-09-13,4,NO,quantile,0.9,9.879719745223936
2026-08-26,ILI incidence,2026-09-13,4,NO,quantile,0.95,10.21506365202939
2026-08-26,ILI incidence,2026-09-13,4,NO,quantile,0.975,10.496229335081475
2026-08-26,ILI incidence,2026-09-13,4,NO,quantile,0.99,10.866862138694062
2026-08-26,ILI incidence,2026-09-13,4,NO,median,,8.823479012385166
